Node,feature,threshold,value,children_left,children_right,impurity,feature_name
0,4,2.0794627666473389e+00,1.0412953804781661e-02,1,2,1.7396594561651735e-03,mixing_ratio:18.4_m:g_kg-1
1,10,9.3741664886474609e+00,9.5479528883903445e-02,3,4,5.0154599006193117e-03,wind_speed:18.4_m:m_s-1
2,12,-5.1002765540033579e-03,2.8881502244932564e-03,5,6,7.5315736038937466e-04,bulk_richardson:18.4_m:none
3,2,2.7571000671386719e+02,5.4812500000000090e-02,15,16,1.7381940104166491e-03,water_sfc_temperature:0_m:K
4,2,2.7543499755859375e+02,1.4291616038882135e-01,11,12,4.6589322175781787e-03,water_sfc_temperature:0_m:K
5,5,6.7350002288818359e+01,1.2140053449139925e-02,7,8,7.6657016288337525e-04,relative_humidity:18.4_m:%
6,10,9.0242590904235840e+00,-1.0650779101741698e-02,17,18,4.2496603743146606e-04,wind_speed:18.4_m:m_s-1
7,4,4.4672598838806152e+00,3.1716250560622411e-02,21,22,1.1151887342747376e-03,mixing_ratio:18.4_m:g_kg-1
8,4,3.7817023992538452e+00,4.5529868474419094e-03,9,10,4.2536799892968003e-04,mixing_ratio:18.4_m:g_kg-1
9,3,1.0003500061035156e+03,2.7290562036055170e-02,27,28,9.7595693107330021e-04,pressure:18.4_m:hPa
10,10,1.0068875312805176e+01,1.7634814284784993e-03,29,30,2.8661237354283105e-04,wind_speed:18.4_m:m_s-1
11,4,1.4202108979225159e+00,7.7466063348416297e-02,79,80,2.1329456808828586e-03,mixing_ratio:18.4_m:g_kg-1
12,7,1.5500000119209290e+00,1.5306666666666632e-01,13,14,4.2832973099415604e-03,wave_height:0_m:m
13,4,9.9580150842666626e-01,1.3365879828326174e-01,19,20,3.5603256414744253e-03,mixing_ratio:18.4_m:g_kg-1
14,2,2.8141000366210938e+02,1.8975659229208933e-01,31,32,3.5918271624242326e-03,water_sfc_temperature:0_m:K
15,10,7.7336988449096680e+00,2.6987012987012914e-02,89,90,6.7767515601282070e-04,wind_speed:18.4_m:m_s-1
16,10,4.7620961666107178e+00,7.3443478260869555e-02,43,44,1.5827511531190420e-03,wind_speed:18.4_m:m_s-1
17,10,6.8828880786895752e+00,-6.4230019493178797e-03,87,88,1.8086980229434690e-04,wind_speed:18.4_m:m_s-1
18,12,3.1664255075156689e-03,-2.3493708364174873e-02,37,38,9.4723145560400253e-04,bulk_richardson:18.4_m:none
19,2,2.7635000610351562e+02,1.9000000000000003e-01,55,56,3.0048309178743807e-03,water_sfc_temperature:0_m:K
20,3,1.0159500122070312e+03,1.1757241379310332e-01,25,26,2.5538309631391084e-03,pressure:18.4_m:hPa
21,2,2.8233499145507812e+02,3.8850053937432794e-02,23,24,1.2019354449808492e-03,water_sfc_temperature:0_m:K
22,10,9.9542212486267090e+00,1.5618305744887987e-02,53,54,5.4545508846345144e-04,wind_speed:18.4_m:m_s-1
23,3,1.0048000183105469e+03,2.3565410199556585e-02,51,52,6.3651179689381968e-04,pressure:18.4_m:hPa
24,6,2.0650000000000000e+02,5.3331932773109311e-02,33,34,1.3065872996256517e-03,wave_direction:0_m:degrees
25,3,1.0003500061035156e+03,1.0158730158730155e-01,59,60,2.0220836482741731e-03,pressure:18.4_m:hPa
26,4,1.3295677900314331e+00,1.5402714932126693e-01,115,116,1.8548227923261378e-03,mixing_ratio:18.4_m:g_kg-1
27,4,3.0573009252548218e+00,6.2654545454545435e-02,61,62,1.5424079338842980e-03,mixing_ratio:18.4_m:g_kg-1
28,2,2.7953498840332031e+02,2.1253879577901872e-02,47,48,6.2934026272665547e-04,water_sfc_temperature:0_m:K
29,12,-3.0260914936661720e-02,5.3533337920594305e-04,65,66,2.0681449847311770e-04,bulk_richardson:18.4_m:none
30,11,2.5485499572753906e+02,2.3011904761904733e-02,57,58,1.1896189058956965e-03,wind_direction:18.4_m:degrees
31,3,1.0108999938964844e+03,1.7485714285714285e-01,41,42,3.3439406307977440e-03,pressure:18.4_m:hPa
32,8,6.5000000000000000e+00,2.4287037037037040e-01,435,436,8.6305727023328754e-04,wave_period:0_m:s
33,10,6.6453816890716553e+00,3.6211031175059895e-02,77,78,7.1801781596305737e-04,wind_speed:18.4_m:m_s-1
34,10,9.5566124916076660e+00,6.2567917205692158e-02,35,36,1.3806632397757755e-03,wind_speed:18.4_m:m_s-1
35,10,6.5603001117706299e+00,4.7850241545893707e-02,95,96,8.5238336950686647e-04,wind_speed:18.4_m:m_s-1
36,2,2.8470999145507812e+02,7.9540389972144854e-02,49,50,1.4520171708785170e-03,water_sfc_temperature:0_m:K
37,10,1.6008433818817139e+01,-1.1439842209072912e-02,63,64,5.7300903718746077e-04,wind_speed:18.4_m:m_s-1
38,10,1.3178766727447510e+01,-3.0734597156398240e-02,39,40,1.0323197667018230e-03,wind_speed:18.4_m:m_s-1
39,10,1.0827608108520508e+01,-2.6967854039965333e-02,119,120,6.9975483110291980e-04,wind_speed:18.4_m:m_s-1
40,11,2.0523500061035156e+02,-6.8434782608695649e-02,107,108,2.7975500945178903e-03,wind_direction:18.4_m:degrees
41,12,-1.1862035840749741e-02,1.5411067193675890e-01,71,72,2.5261853801809078e-03,bulk_richardson:18.4_m:none
42,10,1.2530482769012451e+01,2.1462121212121218e-01,109,110,2.5051595500460017e-03,wind_speed:18.4_m:m_s-1
43,12,-3.6119848489761353e-01,4.7569230769230766e-02,179,180,6.2024520710059206e-04,bulk_richardson:18.4_m:none
44,12,-6.1339808627963066e-02,8.3636363636363648e-02,45,46,1.5942920110192816e-03,bulk_richardson:18.4_m:none
45,4,1.3558363914489746e+00,8.9480000000000004e-02,75,76,1.3094629333333489e-03,mixing_ratio:18.4_m:g_kg-1
46,12,-3.7130951881408691e-02,2.5200000000000004e-02,279,280,6.8629333333322553e-04,bulk_richardson:18.4_m:none
47,3,1.0113500061035156e+03,1.4892638036809788e-02,101,102,4.2698233843953509e-04,pressure:18.4_m:hPa
48,4,2.9699642658233643e+00,4.8273615635179096e-02,239,240,5.8692187715519593e-04,mixing_ratio:18.4_m:g_kg-1
49,4,3.2264901399612427e+00,5.7222222222222237e-02,113,114,7.9718591140159499e-04,mixing_ratio:18.4_m:g_kg-1
50,4,3.4809111356735229e+00,9.6116504854368956e-02,83,84,1.2936563295315433e-03,mixing_ratio:18.4_m:g_kg-1
51,10,1.5690186977386475e+01,5.3486590038314179e-02,69,70,1.3200275979507042e-03,wind_speed:18.4_m:m_s-1
52,2,2.7997500610351562e+02,1.9648946840521632e-02,97,98,4.1452069347460601e-04,water_sfc_temperature:0_m:K
53,12,-4.0293609723448753e-02,1.0349819059107290e-02,269,270,2.5524553977425646e-04,bulk_richardson:18.4_m:none
54,12,-1.7307075671851635e-02,3.7676767676767642e-02,73,74,1.1577339047035722e-03,bulk_richardson:18.4_m:none
55,10,1.4295132160186768e+01,1.3517857142857143e-01,203,204,1.2785395408163210e-03,wind_speed:18.4_m:m_s-1
56,4,7.3809137940406799e-01,2.1033112582781469e-01,93,94,2.1171088987324907e-03,mixing_ratio:18.4_m:g_kg-1
57,3,1.0094499816894531e+03,1.0038461538461536e-02,123,124,6.4230621301775192e-04,pressure:18.4_m:hPa
58,4,5.1725783348083496e+00,4.4093749999999918e-02,91,92,1.3610537109374828e-03,mixing_ratio:18.4_m:g_kg-1
59,2,2.7913999938964844e+02,1.5025974025974034e-01,131,132,2.2466857817506937e-03,water_sfc_temperature:0_m:K
60,4,1.1889317035675049e+00,9.2810304449648662e-02,103,104,1.4773480905396312e-03,mixing_ratio:18.4_m:g_kg-1
61,12,-3.0407139100134373e-02,9.2936507936507942e-02,191,192,9.3344041320230463e-04,bulk_richardson:18.4_m:none
62,11,2.7242001342773438e+02,3.7046979865771795e-02,235,236,6.2617900094590713e-04,wind_direction:18.4_m:degrees
63,11,2.3651499938964844e+02,-1.3919011667810517e-02,169,170,3.7235582935950717e-04,wind_direction:18.4_m:degrees
64,3,9.9819998168945312e+02,4.4999999999999998e-02,157,158,1.8156249999999484e-03,pressure:18.4_m:hPa
65,10,6.6828548908233643e+00,3.5054254711593268e-03,67,68,2.1088732064992392e-04,wind_speed:18.4_m:m_s-1
66,3,1.0064500122070312e+03,-3.9650398061612888e-03,227,228,1.6702335376270674e-04,pressure:18.4_m:hPa
67,12,-6.9414462894201279e-02,1.6358974358974200e-03,175,176,1.3606742932281100e-04,bulk_richardson:18.4_m:none
68,12,-5.4996216669678688e-02,1.8774869109947620e-02,85,86,5.6027915901426975e-04,bulk_richardson:18.4_m:none
69,4,2.9424760341644287e+00,4.8079999999999963e-02,173,174,6.6591359999999995e-04,mixing_ratio:18.4_m:g_kg-1
70,-2,-2.0000000000000000e+00,1.7636363636363636e-01,-1,-1,4.2314049586771388e-04,wind_direction:18.4_m:degrees
71,10,1.6980277061462402e+01,1.6004166666666661e-01,125,126,1.9720815972221993e-03,wind_speed:18.4_m:m_s-1
72,-2,-2.0000000000000000e+00,4.4615384615384619e-02,-1,-1,1.1715976331376455e-04,wind_direction:18.4_m:degrees
73,4,5.1611242294311523e+00,5.7688442211055201e-02,153,154,6.4792303224667181e-04,mixing_ratio:18.4_m:g_kg-1
74,10,1.3359219074249268e+01,1.7461928934010149e-02,111,112,8.5954804297971735e-04,wind_speed:18.4_m:m_s-1
75,2,2.8019500732421875e+02,1.0800711743772250e-01,129,130,1.4323273514773010e-03,water_sfc_temperature:0_m:K
76,10,6.5243411064147949e+00,7.8379530916844367e-02,133,134,9.0696896267975207e-04,wind_speed:18.4_m:m_s-1
77,4,3.2480866909027100e+00,2.7572649572649516e-02,265,266,3.4009087588575100e-04,mixing_ratio:18.4_m:g_kg-1
78,4,3.2557419538497925e+00,5.6506024096385533e-02,117,118,1.0187158271640745e-03,mixing_ratio:18.4_m:g_kg-1
79,10,1.3028016090393066e+01,9.8778625954198507e-02,81,82,2.1801876347532015e-03,wind_speed:18.4_m:m_s-1
80,2,2.7435499572753906e+02,4.6444444444444441e-02,625,626,4.4069135802469322e-04,water_sfc_temperature:0_m:K
81,5,4.9000000000000000e+01,6.4393939393939392e-02,759,760,3.6705693296602317e-04,relative_humidity:18.4_m:%
82,7,1.8999999761581421e+00,1.3369230769230769e-01,151,152,1.6017514792899153e-03,wave_height:0_m:m
83,4,2.6046390533447266e+00,1.1412621359223300e-01,231,232,8.4365397304176151e-04,mixing_ratio:18.4_m:g_kg-1
84,2,2.8677000427246094e+02,7.8106796116504826e-02,145,146,1.0949594683759009e-03,water_sfc_temperature:0_m:K
85,10,8.3589582443237305e+00,4.0233644859813067e-02,149,150,6.6209494278976532e-04,wind_speed:18.4_m:m_s-1
86,4,7.3723657131195068e+00,1.2577597840755681e-02,283,284,3.5948284497187014e-04,mixing_ratio:18.4_m:g_kg-1
87,5,9.8450000762939453e+01,-4.0847711927982323e-03,285,286,1.5296955803091423e-04,relative_humidity:18.4_m:%
88,5,8.9750000000000000e+01,-1.0757997218358878e-02,243,244,2.0366744299861271e-04,relative_humidity:18.4_m:%
89,10,4.3186140060424805e+00,2.1234177215189810e-02,163,164,4.3676794584201556e-04,wind_speed:18.4_m:m_s-1
90,12,-6.6407714039087296e-02,5.3333333333333323e-02,121,122,9.3526570048308973e-04,bulk_richardson:18.4_m:none
91,2,2.8290499877929688e+02,6.9561403508771866e-02,143,144,1.5024392120652590e-03,water_sfc_temperature:0_m:K
92,10,1.3987479209899902e+01,2.9999999999999985e-02,211,212,7.2524271844660502e-04,wind_speed:18.4_m:m_s-1
93,1,1.9492514801025391e+02,2.4222222222222228e-01,197,198,1.6871252204585171e-03,azimuth:0_m:degrees
94,5,4.5750000000000000e+01,1.8750000000000003e-01,219,220,1.1755681818181318e-03,relative_humidity:18.4_m:%
95,12,-1.2285152450203896e-01,3.4958904109588955e-02,193,194,5.8006680427848296e-04,bulk_richardson:18.4_m:none
96,12,-6.9398097693920135e-02,5.8012958963282915e-02,105,106,8.3276873055337583e-04,bulk_richardson:18.4_m:none
97,10,1.0947019577026367e+01,1.1362088535754773e-02,261,262,2.3219692821463674e-04,wind_speed:18.4_m:m_s-1
98,4,3.1920460462570190e+00,2.6208445642407846e-02,99,100,4.6145520270524792e-04,mixing_ratio:18.4_m:g_kg-1
99,10,6.4454090595245361e+00,3.8353140916808047e-02,209,210,4.0187189590715059e-04,wind_speed:18.4_m:m_s-1
100,11,2.6524000549316406e+02,1.2557251908396913e-02,557,558,1.7628489015790444e-04,wind_direction:18.4_m:degrees
101,10,5.6708786487579346e+00,2.6646216768916056e-02,139,140,5.4294436707776072e-04,wind_speed:18.4_m:m_s-1
102,4,2.3990528583526611e+00,7.8404907975459879e-03,155,156,2.2478437276525042e-04,mixing_ratio:18.4_m:g_kg-1
103,5,4.4950000762939453e+01,1.2009433962264150e-01,201,202,9.9150053399786088e-04,relative_humidity:18.4_m:%
104,3,1.0054500122070312e+03,8.3800623052959516e-02,135,136,1.3107889092691455e-03,pressure:18.4_m:hPa
105,10,7.5209591388702393e+00,6.9411764705882284e-02,275,276,6.7197231833910145e-04,wind_speed:18.4_m:m_s-1
106,2,2.8334001159667969e+02,3.9080459770114921e-02,427,428,5.2559122737481077e-04,water_sfc_temperature:0_m:K
107,10,1.6727392196655273e+01,-8.3289473684210497e-02,137,138,3.0457583102492967e-03,wind_speed:18.4_m:m_s-1
108,12,2.5998428463935852e-02,-3.9487179487179502e-02,353,354,1.0458908612754833e-03,bulk_richardson:18.4_m:none
109,4,1.4711706638336182e+00,1.7787234042553193e-01,183,184,2.0720688094160167e-03,mixing_ratio:18.4_m:g_kg-1
110,2,2.7960501098632812e+02,2.3494117647058826e-01,217,218,1.5849965397923549e-03,water_sfc_temperature:0_m:K
111,12,-1.1944804340600967e-02,2.3134328358208958e-03,503,504,3.4017041657384735e-04,bulk_richardson:18.4_m:none
112,4,4.6357111930847168e+00,4.9682539682539696e-02,393,394,4.3799445704207664e-04,mixing_ratio:18.4_m:g_kg-1
113,12,-7.1112625300884247e-02,7.3575757575757572e-02,355,356,4.3994123048666199e-04,bulk_richardson:18.4_m:none
114,5,6.2250000000000000e+01,3.8085106382978712e-02,303,304,5.3604949449223994e-04,relative_humidity:18.4_m:%
115,5,4.4549999237060547e+01,1.7932584269662921e-01,167,168,1.9051634894584127e-03,relative_humidity:18.4_m:%
116,7,1.3499999642372131e+00,1.3696969696969699e-01,171,172,1.0983930211203273e-03,wave_height:0_m:m
117,4,2.7324639558792114e+00,7.5396825396825407e-02,267,268,6.7087427563618240e-04,mixing_ratio:18.4_m:g_kg-1
118,9,9.0527484893798828e+01,3.7154471544715441e-02,301,302,6.3499239870447722e-04,angle_between_wind_wave:0_m:degrees
119,2,2.9381500244140625e+02,-2.2672750977835710e-02,187,188,6.0915366427043561e-04,water_sfc_temperature:0_m:K
120,5,9.9099998474121094e+01,-3.5546874999999929e-02,247,248,7.7027384440104033e-04,relative_humidity:18.4_m:%
121,5,5.9850000381469727e+01,7.7971014492753621e-02,565,566,4.3356437723167471e-04,relative_humidity:18.4_m:%
122,12,-5.7403823360800743e-02,2.8695652173913060e-02,963,964,2.2293635790800734e-04,bulk_richardson:18.4_m:none
123,2,2.8795500183105469e+02,2.8545454545454544e-02,189,190,7.0212672176308590e-04,water_sfc_temperature:0_m:K
124,0,1.1540876007080078e+02,1.4366197183098605e-03,471,472,3.8131640547510356e-04,zenith:0_m:degrees
125,4,1.9816920161247253e+00,1.5281553398058256e-01,127,128,1.5561504383071086e-03,mixing_ratio:18.4_m:g_kg-1
126,11,3.1124499511718750e+02,2.0382352941176468e-01,199,200,2.2589100346020394e-03,wind_direction:18.4_m:degrees
127,5,8.7599998474121094e+01,1.5957219251336902e-01,257,258,1.1698704566901752e-03,relative_humidity:18.4_m:%
128,10,1.4630974292755127e+01,8.6315789473684221e-02,843,844,4.8642659279790612e-04,wind_speed:18.4_m:m_s-1
129,4,9.4716075062751770e-01,9.7373737373737362e-02,207,208,1.3335067850219207e-03,mixing_ratio:18.4_m:g_kg-1
130,10,7.3507578372955322e+00,1.3337349397590362e-01,263,264,7.5488459863549962e-04,wind_speed:18.4_m:m_s-1
131,10,1.5357049942016602e+01,1.3107142857142853e-01,185,186,1.2702806122448680e-03,wind_speed:18.4_m:m_s-1
132,4,1.3053044676780701e+00,2.0142857142857146e-01,567,568,1.2503401360544134e-03,mixing_ratio:18.4_m:g_kg-1
133,2,2.7838500976562500e+02,5.8731343283582059e-02,281,282,6.9167409222544362e-04,water_sfc_temperature:0_m:K
134,5,5.3850000381469727e+01,8.6238805970149213e-02,229,230,7.7689819558921912e-04,relative_humidity:18.4_m:%
135,5,4.3750000000000000e+01,1.0622448979591836e-01,205,206,9.6431695127030884e-04,relative_humidity:18.4_m:%
136,12,-2.6780956424772739e-02,7.3946188340807156e-02,159,160,1.1449657141707915e-03,bulk_richardson:18.4_m:none
137,9,8.9502937316894531e+01,-7.2249999999999953e-02,221,222,2.4407708333333451e-03,angle_between_wind_wave:0_m:degrees
138,4,6.9818615913391113e+00,-1.2468750000000001e-01,141,142,3.1436523437499767e-03,mixing_ratio:18.4_m:g_kg-1
139,7,5.5000001192092896e-01,1.0061349693251540e-02,1333,1334,7.7910346644585613e-05,wave_height:0_m:m
140,12,-2.0784502848982811e-02,3.4938650306748406e-02,313,314,5.6916801535625240e-04,bulk_richardson:18.4_m:none
141,3,9.9850000000000000e+02,-4.7500000000000007e-02,1609,1610,4.9374999999999940e-04,pressure:18.4_m:hPa
142,1,1.7726835632324219e+02,-1.5041666666666667e-01,305,306,1.3789930555555517e-03,azimuth:0_m:degrees
143,10,1.4477050781250000e+01,3.3529411764705884e-02,259,260,1.0698961937716264e-03,wind_speed:18.4_m:m_s-1
144,12,-5.6096790358424187e-02,8.4874999999999992e-02,309,310,8.9998437500001579e-04,bulk_richardson:18.4_m:none
145,2,2.8509500122070312e+02,1.0843137254901958e-01,615,616,3.8185313341023569e-04,water_sfc_temperature:0_m:K
146,5,5.1050001144409180e+01,6.8129032258064492e-02,147,148,9.2746722164412012e-04,relative_humidity:18.4_m:%
147,4,3.6224659681320190e+00,4.1774193548387087e-02,569,570,3.6943288241415243e-04,mixing_ratio:18.4_m:g_kg-1
148,10,1.3271701812744141e+01,8.5698924731182805e-02,675,676,5.2773731067176036e-04,wind_speed:18.4_m:m_s-1
149,12,-8.3106651902198792e-02,3.4345549738219891e-02,367,368,3.6698007181820789e-04,bulk_richardson:18.4_m:none
150,7,6.5000000596046448e-01,8.9130434782608695e-02,755,756,4.3402646502837573e-04,wave_height:0_m:m
151,5,4.6549999237060547e+01,1.1764705882352941e-01,379,380,6.6505190311420478e-04,relative_humidity:18.4_m:%
152,9,8.7172008514404297e+01,1.9214285714285720e-01,1057,1058,6.5969387755092368e-04,angle_between_wind_wave:0_m:degrees
153,3,1.0159500122070312e+03,8.1492537313432867e-02,391,392,5.5299621296502153e-04,pressure:18.4_m:hPa
154,12,-3.2565686851739883e-02,4.5606060606060594e-02,725,726,2.6251147842058483e-04,bulk_richardson:18.4_m:none
155,10,7.4474594593048096e+00,2.5472972972972973e-02,887,888,2.4504656683710727e-04,wind_speed:18.4_m:m_s-1
156,2,2.7823500061035156e+02,3.9280359820089931e-03,369,370,1.3599482118011486e-04,water_sfc_temperature:0_m:K
157,1,2.0277964019775391e+02,5.8490566037735850e-02,511,512,8.0149519401922446e-04,azimuth:0_m:degrees
158,2,2.8205499267578125e+02,-1.9999999999999997e-02,547,548,1.5999999999999938e-03,water_sfc_temperature:0_m:K
159,10,1.1843859195709229e+01,8.0103626943005116e-02,161,162,1.0217509194877681e-03,wind_speed:18.4_m:m_s-1
160,-2,-2.0000000000000000e+00,3.4333333333333341e-02,-1,-1,1.2455555555557630e-04,wind_direction:18.4_m:degrees
161,12,-5.4394435137510300e-02,7.3151515151515176e-02,181,182,7.6097704315887266e-04,bulk_richardson:18.4_m:none
162,3,1.0141499938964844e+03,1.2107142857142859e-01,751,752,5.9528061224483828e-04,pressure:18.4_m:hPa
163,0,9.5116340637207031e+01,1.0198412698412700e-02,745,746,1.4956380700428319e-04,zenith:0_m:degrees
164,12,-6.9587118923664093e-02,2.8552631578947319e-02,165,166,4.9290512465374552e-04,bulk_richardson:18.4_m:none
165,1,2.2634260559082031e+02,3.4847457627118619e-02,407,408,4.1209537489227577e-04,azimuth:0_m:degrees
166,12,-5.6504704058170319e-02,6.7058823529411770e-03,1261,1262,1.5856055363321886e-04,bulk_richardson:18.4_m:none
167,2,2.8080999755859375e+02,1.4120000000000002e-01,645,646,1.0105599999999972e-03,water_sfc_temperature:0_m:K
168,2,2.7755000305175781e+02,1.9421875000000002e-01,289,290,1.4650146484375196e-03,water_sfc_temperature:0_m:K
169,10,1.0926783561706543e+01,-1.7903711133400106e-02,361,362,3.1185431922648940e-04,wind_speed:18.4_m:m_s-1
170,3,9.9200000000000000e+02,-5.2826086956521742e-03,255,256,3.9448534971644019e-04,pressure:18.4_m:hPa
171,8,5.7000000476837158e+00,1.2204819277108432e-01,929,930,4.2351574974596427e-04,wave_period:0_m:s
172,11,2.9720500183105469e+02,1.6224489795918370e-01,215,216,1.2255726780508319e-03,wind_direction:18.4_m:degrees
173,2,2.7611999511718750e+02,5.5175879396984900e-02,357,358,5.3552183025680966e-04,water_sfc_temperature:0_m:K
174,5,6.6950000762939453e+01,2.0392156862745103e-02,1301,1302,2.1161091887736676e-04,relative_humidity:18.4_m:%
175,10,5.1562435626983643e+00,3.7281085814360525e-03,177,178,1.3599174931220153e-04,wind_speed:18.4_m:m_s-1
176,7,1.2500000000000000e+00,-1.3211633663366322e-03,347,348,1.2124338874558385e-04,wave_height:0_m:m
177,4,4.5297338962554932e+00,1.8988596926127750e-03,617,618,9.4510345749772957e-05,mixing_ratio:18.4_m:g_kg-1
178,12,-9.2614434659481049e-02,1.7546816479400686e-02,233,234,2.3312046739328089e-04,bulk_richardson:18.4_m:none
179,10,4.3045814037322998e+00,5.5486725663716811e-02,273,274,5.5396663795128157e-04,wind_speed:18.4_m:m_s-1
180,10,3.8665727376937866e+00,2.9494949494949504e-02,497,498,3.0176512600755970e-04,wind_speed:18.4_m:m_s-1
181,10,1.1056241989135742e+01,9.8235294117647060e-02,987,988,5.6355247981545661e-04,wind_speed:18.4_m:m_s-1
182,12,-3.2554579898715019e-02,6.1929824561403488e-02,487,488,4.4188981224992010e-04,bulk_richardson:18.4_m:none
183,0,5.8573795318603516e+01,1.8744186046511629e-01,359,360,1.1864791779340120e-03,zenith:0_m:degrees
184,-2,-2.0000000000000000e+00,7.5000000000000011e-02,-1,-1,2.4999999999961685e-05,wind_direction:18.4_m:degrees
185,11,3.1218000793457031e+02,8.9999999999999997e-02,841,842,7.5555555555555445e-04,wind_direction:18.4_m:degrees
186,11,3.1941499328613281e+02,1.5052631578947367e-01,1145,1146,3.3656509695292880e-04,wind_direction:18.4_m:degrees
187,4,6.5096876621246338e+00,-2.2367560497056869e-02,253,254,5.6849537671722688e-04,mixing_ratio:18.4_m:g_kg-1
188,12,1.5851133503019810e-02,-1.1600000000000002e-01,387,388,4.3039999999999710e-03,bulk_richardson:18.4_m:none
189,0,6.6111434936523438e+01,1.4948453608247427e-02,325,326,5.3015198214475482e-04,zenith:0_m:degrees
190,10,1.1894601345062256e+01,4.7941176470588244e-02,555,556,3.0752595155709560e-04,wind_speed:18.4_m:m_s-1
191,12,-6.0843877494335175e-02,1.1702127659574470e-01,323,324,9.9538252602987369e-04,bulk_richardson:18.4_m:none
192,4,2.3324079513549805e+00,7.8607594936708824e-02,979,980,3.4616247396250435e-04,mixing_ratio:18.4_m:g_kg-1
193,4,2.4073427915573120e+00,3.9610389610389547e-02,195,196,5.0764041153652335e-04,mixing_ratio:18.4_m:g_kg-1
194,2,2.8293499755859375e+02,9.8245614035087740e-03,799,800,2.2277623884271974e-04,water_sfc_temperature:0_m:K
195,0,1.5753206634521484e+02,6.0759493670886060e-02,577,578,6.7790418202211484e-04,zenith:0_m:degrees
196,0,6.7837814331054688e+01,3.2314410480349318e-02,829,830,2.4136839495815022e-04,zenith:0_m:degrees
197,4,6.8369403481483459e-01,2.7772727272727271e-01,833,834,7.8119834710745073e-04,mixing_ratio:18.4_m:g_kg-1
198,10,1.2272810935974121e+01,2.2317073170731713e-01,433,434,1.1338488994645651e-03,wind_speed:18.4_m:m_s-1
199,2,2.7550999450683594e+02,2.2480000000000000e-01,377,378,1.3049600000000147e-03,water_sfc_temperature:0_m:K
200,-2,-2.0000000000000000e+00,1.4555555555555555e-01,-1,-1,2.9135802469136898e-04,wind_direction:18.4_m:degrees
201,11,3.0741500854492188e+02,1.1208791208791208e-01,397,398,5.5278348025600971e-04,wind_direction:18.4_m:degrees
202,10,1.1736143589019775e+01,1.6866666666666666e-01,771,772,9.0488888888886482e-04,wind_speed:18.4_m:m_s-1
203,6,2.3950000000000000e+02,1.2579999999999997e-01,723,724,5.7236000000000439e-04,wave_direction:0_m:degrees
204,-2,-2.0000000000000000e+00,2.1333333333333335e-01,-1,-1,3.2222222222215435e-04,wind_direction:18.4_m:degrees
205,-2,-2.0000000000000000e+00,7.2307692307692323e-02,-1,-1,1.2544378698224785e-04,wind_direction:18.4_m:degrees
206,12,-2.8787775896489620e-02,1.1847222222222224e-01,505,506,7.0183256172840283e-04,bulk_richardson:18.4_m:none
207,5,4.3250000000000000e+01,1.1822580645161287e-01,241,242,1.2145941727367410e-03,relative_humidity:18.4_m:%
208,5,4.8850000381469727e+01,8.7867647058823536e-02,213,214,1.0991295415224865e-03,relative_humidity:18.4_m:%
209,5,4.6100000381469727e+01,2.9398496240601459e-02,389,390,2.3873593758833554e-04,relative_humidity:18.4_m:%
210,4,2.6190160512924194e+00,4.5727554179566532e-02,363,364,4.1580193426565479e-04,mixing_ratio:18.4_m:g_kg-1
211,4,6.0662844181060791e+00,2.4104046242774554e-02,401,402,5.0049784489959563e-04,mixing_ratio:18.4_m:g_kg-1
212,8,6.5000000000000000e+00,6.0909090909090913e-02,717,718,7.6584022038569391e-04,wave_period:0_m:s
213,7,1.0500000119209290e+00,6.8596491228070183e-02,667,668,6.2960911049553779e-04,wave_height:0_m:m
214,4,1.1311250329017639e+00,1.0177215189873419e-01,543,544,9.7660631309084457e-04,mixing_ratio:18.4_m:g_kg-1
215,2,2.8218499755859375e+02,1.9000000000000003e-01,953,954,4.8333333333332174e-04,water_sfc_temperature:0_m:K
216,10,1.2124248027801514e+01,1.3559999999999997e-01,1173,1174,4.8863999999998464e-04,wind_speed:18.4_m:m_s-1
217,10,1.4857385635375977e+01,2.4552238805970147e-01,335,336,1.2724883047449329e-03,wind_speed:18.4_m:m_s-1
218,12,-3.4794105216860771e-02,1.9555555555555554e-01,601,602,7.8024691358016818e-04,bulk_richardson:18.4_m:none
219,1,2.2961720275878906e+02,1.6405405405405407e-01,975,976,5.1059167275382955e-04,azimuth:0_m:degrees
220,12,-1.1933004856109619e-01,2.0450980392156864e-01,463,464,9.6985774702034594e-04,bulk_richardson:18.4_m:none
221,3,9.9730001831054688e+02,-9.6250000000000002e-02,223,224,4.7584375000000022e-03,pressure:18.4_m:hPa
222,11,2.0455500030517578e+02,-6.0249999999999991e-02,295,296,8.4993750000001431e-04,wind_direction:18.4_m:degrees
223,7,2.3499999046325684e+00,-1.9000000000000000e-01,225,226,2.1599999999999994e-02,wave_height:0_m:m
224,3,1.0090499877929688e+03,-8.2857142857142851e-02,513,514,9.1755102040816383e-04,pressure:18.4_m:hPa
225,-2,-2.0000000000000000e+00,-3.7000000000000000e-01,-1,-1,0.0000000000000000e+00,wind_direction:18.4_m:degrees
226,-2,-2.0000000000000000e+00,-7.0000000000000007e-02,-1,-1,-1.7347234759768071e-18,wind_direction:18.4_m:degrees
227,5,7.3450000762939453e+01,4.6279069767441883e-03,551,552,1.9788480259599797e-04,relative_humidity:18.4_m:%
228,5,9.0750000000000000e+01,-4.6559461480927579e-03,311,312,1.5812770024541437e-04,relative_humidity:18.4_m:%
229,2,2.7940000915527344e+02,7.7817258883248711e-02,237,238,5.8762142801927798e-04,water_sfc_temperature:0_m:K
230,2,2.7648999023437500e+02,9.8260869565217387e-02,321,322,8.0132325141778031e-04,water_sfc_temperature:0_m:K
231,9,8.9761581420898438e+01,1.5421052631578946e-01,1283,1284,3.7174515235457312e-04,angle_between_wind_wave:0_m:degrees
232,1,1.2796802902221680e+02,1.1005347593582884e-01,307,308,7.1176184620663427e-04,azimuth:0_m:degrees
233,3,1.0123500061035156e+03,2.6239669421487567e-02,727,728,2.4908305443617420e-04,pressure:18.4_m:hPa
234,10,6.0909712314605713e+00,1.0342465753424658e-02,629,630,1.0536216926252756e-04,wind_speed:18.4_m:m_s-1
235,1,9.6298969268798828e+01,8.9999999999999997e-02,1601,1602,4.3636363636363577e-04,azimuth:0_m:degrees
236,10,1.1953818798065186e+01,3.2826086956521727e-02,293,294,3.9998424700693285e-04,wind_speed:18.4_m:m_s-1
237,10,7.8108413219451904e+00,5.9047619047619043e-02,1311,1312,2.5623582766439888e-04,wind_speed:18.4_m:m_s-1
238,5,4.5199998855590820e+01,8.6641791044776095e-02,455,456,4.9991646246380639e-04,relative_humidity:18.4_m:%
239,1,2.4034651184082031e+02,7.3111111111111113e-02,341,342,9.5476543209876627e-04,azimuth:0_m:degrees
240,2,2.8100498962402344e+02,4.4007633587786227e-02,333,334,3.9958772798788576e-04,water_sfc_temperature:0_m:K
241,1,2.2067184448242188e+02,1.0125000000000002e-01,649,650,4.9093750000000526e-04,azimuth:0_m:degrees
242,4,8.4161934256553650e-01,1.4909090909090911e-01,509,510,1.0537190082644740e-03,mixing_ratio:18.4_m:g_kg-1
243,9,9.3580047607421875e+01,-7.5952121871598810e-03,591,592,1.4818870395388867e-04,angle_between_wind_wave:0_m:degrees
244,3,1.0269500122070312e+03,-1.3105815831987085e-02,245,246,2.3191287409207677e-04,pressure:18.4_m:hPa
245,9,8.7357124328613281e+01,-1.3302344381568304e-02,501,502,1.8428449733329670e-04,angle_between_wind_wave:0_m:degrees
246,-2,-2.0000000000000000e+00,2.3000000000000001e-01,-1,-1,-2.7755575615628914e-17,wind_direction:18.4_m:degrees
247,3,9.7910000610351562e+02,-3.6454183266932241e-02,251,252,5.5568747586017659e-04,pressure:18.4_m:hPa
248,7,2.0500000715255737e+00,1.0000000000000002e-02,249,250,9.4266666666666856e-03,wave_height:0_m:m
249,6,1.9250000000000000e+02,-4.7272727272727272e-02,1217,1218,4.1983471074380149e-04,wave_direction:0_m:degrees
250,-2,-2.0000000000000000e+00,1.6750000000000001e-01,-1,-1,3.6874999999999408e-04,wind_direction:18.4_m:degrees
251,-2,-2.0000000000000000e+00,2.3000000000000001e-01,-1,-1,0.0000000000000000e+00,wind_direction:18.4_m:degrees
252,12,1.8747194670140743e-02,-3.6808510638297834e-02,327,328,4.6188886373925084e-04,bulk_richardson:18.4_m:none
253,0,6.4169828414916992e+01,-1.3234323432343225e-02,371,372,9.0043024104390741e-04,zenith:0_m:degrees
254,10,9.0398530960083008e+00,-2.4624796084828628e-02,439,440,4.6074829216884790e-04,wind_speed:18.4_m:m_s-1
255,-2,-2.0000000000000000e+00,5.0000000000000003e-02,-1,-1,2.6000000000000025e-04,wind_direction:18.4_m:degrees
256,3,1.0121999816894531e+03,-6.5111111111111012e-03,337,338,3.2804987654320999e-04,pressure:18.4_m:hPa
257,11,2.8611500549316406e+02,1.5668539325842704e-01,287,288,1.0345190001262335e-03,wind_direction:18.4_m:degrees
258,11,2.8907499694824219e+02,2.1666666666666665e-01,2013,2014,4.2222222222212252e-04,wind_direction:18.4_m:degrees
259,0,1.2084076309204102e+02,2.4193548387096784e-02,1351,1352,1.8563995837669086e-04,zenith:0_m:degrees
260,-2,-2.0000000000000000e+00,1.3000000000000000e-01,-1,-1,0.0000000000000000e+00,wind_direction:18.4_m:degrees
261,3,1.0347500000000000e+03,9.5244055068835695e-03,499,500,1.7173876607336173e-04,pressure:18.4_m:hPa
262,12,-1.3858213089406490e-02,2.9268292682926834e-02,291,292,4.6775728732898175e-04,bulk_richardson:18.4_m:none
263,3,1.0301499633789062e+03,1.1523809523809524e-01,761,762,5.3446712018140677e-04,pressure:18.4_m:hPa
264,12,-2.2786808013916016e-01,1.5195121951219512e-01,1721,1722,2.9863176680545653e-04,bulk_richardson:18.4_m:none
265,2,2.8836499023437500e+02,3.4338983050847385e-02,533,534,3.1676644642344184e-04,water_sfc_temperature:0_m:K
266,4,4.2414324283599854e+00,2.0689655172413779e-02,539,540,2.6986920332937488e-04,mixing_ratio:18.4_m:g_kg-1
267,10,7.1990585327148438e+00,9.8108108108108133e-02,741,742,4.5317750182614740e-04,wind_speed:18.4_m:m_s-1
268,5,5.6750000000000000e+01,6.5955056179775290e-02,451,452,4.5779573286201542e-04,relative_humidity:18.4_m:%
269,10,6.2700593471527100e+00,1.3609172482552273e-02,271,272,2.5158005544682243e-04,wind_speed:18.4_m:m_s-1
270,10,8.6672101020812988e+00,5.3587786259541937e-03,383,384,2.1968043820290003e-04,wind_speed:18.4_m:m_s-1
271,4,6.4134099483489990e+00,9.3316195372750380e-03,405,406,1.6047871742851379e-04,mixing_ratio:18.4_m:g_kg-1
272,4,5.8688371181488037e+00,2.8399999999999974e-02,467,468,2.8455111111111940e-04,mixing_ratio:18.4_m:g_kg-1
273,3,1.0186000061035156e+03,4.9999999999999968e-02,403,404,4.2222222222222314e-04,pressure:18.4_m:hPa
274,11,3.1697000122070312e+02,7.6956521739130437e-02,573,574,4.9073724007561281e-04,wind_direction:18.4_m:degrees
275,12,-1.0905000194907188e-01,5.7297297297297302e-02,381,382,5.3503774044314422e-04,bulk_richardson:18.4_m:none
276,12,-1.0632348433136940e-01,7.6966292134831416e-02,277,278,6.0877414467871722e-04,bulk_richardson:18.4_m:none
277,1,1.4518122863769531e+02,9.5172413793103441e-02,949,950,4.5945303210464215e-04,azimuth:0_m:degrees
278,10,8.4908857345581055e+00,6.8166666666666681e-02,449,450,4.4330555555556050e-04,wind_speed:18.4_m:m_s-1
279,10,8.8609623908996582e+00,3.6851851851851865e-02,521,522,4.4749657064471890e-04,wind_speed:18.4_m:m_s-1
280,-2,-2.0000000000000000e+00,-4.7619047619047623e-03,-1,-1,5.3514739229025767e-05,wind_direction:18.4_m:degrees
281,5,6.7250000000000000e+01,4.7976190476190492e-02,773,774,3.1138038548752947e-04,relative_humidity:18.4_m:%
282,5,5.4150001525878906e+01,7.6800000000000021e-02,345,346,8.0976000000001179e-04,relative_humidity:18.4_m:%
283,10,8.8437738418579102e+00,1.8806818181818133e-02,339,340,2.8380358987603496e-04,wind_speed:18.4_m:m_s-1
284,10,9.4325771331787109e+00,6.9408740359897169e-03,535,536,3.6107876633117688e-04,wind_speed:18.4_m:m_s-1
285,10,5.7348277568817139e+00,-3.5159691629956125e-03,421,422,1.2026461282724011e-04,wind_speed:18.4_m:m_s-1
286,4,7.0822212696075439e+00,-9.7138964577656427e-03,297,298,4.4174375784212518e-04,mixing_ratio:18.4_m:g_kg-1
287,9,8.7390991210937500e+01,1.2769230769230766e-01,563,564,6.9467455621302979e-04,angle_between_wind_wave:0_m:degrees
288,12,-1.9493347033858299e-02,1.6164473684210531e-01,417,418,9.2426852493070200e-04,bulk_richardson:18.4_m:none
289,6,2.3800000000000000e+02,1.4799999999999999e-01,1235,1236,5.3600000000000522e-04,wave_direction:0_m:degrees
290,2,2.8058000183105469e+02,2.0277777777777775e-01,343,344,1.1682098765431956e-03,water_sfc_temperature:0_m:K
291,10,1.2130889892578125e+01,4.0877192982456151e-02,1899,1900,1.4133579562942392e-04,wind_speed:18.4_m:m_s-1
292,0,1.3774491882324219e+02,2.7999999999999995e-03,1869,1870,2.0416000000000103e-04,zenith:0_m:degrees
293,12,-1.8444550223648548e-02,2.2808988764044948e-02,669,670,2.3817699785380717e-04,bulk_richardson:18.4_m:none
294,11,3.2458999633789062e+02,5.1020408163265307e-02,1823,1824,1.8059142024156455e-04,wind_direction:18.4_m:degrees
295,2,2.8600000000000000e+02,-5.7435897435897429e-02,319,320,5.5496383957922462e-04,water_sfc_temperature:0_m:K
296,-2,-2.0000000000000000e+00,-1.7000000000000001e-01,-1,-1,-2.0816681711721685e-17,wind_direction:18.4_m:degrees
297,2,2.7702999877929688e+02,-2.9152542372881358e-02,299,300,1.7738580867566790e-03,water_sfc_temperature:0_m:K
298,9,8.7516498565673828e+01,-8.0148148148148010e-03,687,688,2.8939237311385445e-04,angle_between_wind_wave:0_m:degrees
299,9,9.2978137969970703e+01,-8.9743589743589754e-03,331,332,1.0092044707429324e-03,angle_between_wind_wave:0_m:degrees
300,12,-1.5018603153293952e-03,-6.8500000000000005e-02,595,596,9.2274999999999822e-04,bulk_richardson:18.4_m:none
301,8,6.9000000953674316e+00,4.4583333333333343e-02,459,460,4.8732638888888740e-04,wave_period:0_m:s
302,3,1.0130000000000000e+03,1.0740740740740742e-02,1403,1404,2.6611796982167714e-04,pressure:18.4_m:hPa
303,7,1.7500000000000000e+00,3.0476190476190483e-02,445,446,4.2739229024943350e-04,wave_height:0_m:m
304,6,2.2950000000000000e+02,6.0277777777777798e-02,1573,1574,1.9158950617283871e-04,wave_direction:0_m:degrees
305,-2,-2.0000000000000000e+00,-1.8166666666666667e-01,-1,-1,3.6388888888889276e-04,wind_direction:18.4_m:degrees
306,2,2.7919999694824219e+02,-1.1916666666666666e-01,1307,1308,4.4097222222221934e-04,water_sfc_temperature:0_m:K
307,5,3.8149999618530273e+01,1.2788461538461537e-01,757,758,3.9360207100592667e-04,relative_humidity:18.4_m:%
308,5,3.8300001144409180e+01,1.0318518518518514e-01,489,490,6.6466941015089730e-04,relative_humidity:18.4_m:%
309,-2,-2.0000000000000000e+00,1.2500000000000003e-01,-1,-1,1.7499999999999460e-04,wind_direction:18.4_m:degrees
310,10,1.5538609504699707e+01,7.7794117647058819e-02,515,516,6.9366349480969296e-04,wind_speed:18.4_m:m_s-1
311,12,-9.3045290559530258e-03,-2.7620689655172299e-03,469,470,1.1985373365041560e-04,bulk_richardson:18.4_m:none
312,11,3.5302999877929688e+02,-6.8995098039215169e-03,479,480,1.9418598015185981e-04,wind_direction:18.4_m:degrees
313,10,1.0292331218719482e+01,3.8905660377358431e-02,315,316,5.3050053399786800e-04,wind_speed:18.4_m:m_s-1
314,9,9.0319877624511719e+01,1.7704918032786891e-02,1101,1102,3.7178177909164288e-04,angle_between_wind_wave:0_m:degrees
315,4,2.1767762899398804e+00,3.1282051282051269e-02,317,318,3.7322813938199008e-04,mixing_ratio:18.4_m:g_kg-1
316,0,1.1433363723754883e+02,6.0142857142857158e-02,559,560,3.5569387755103035e-04,zenith:0_m:degrees
317,-2,-2.0000000000000000e+00,1.1500000000000000e-01,-1,-1,2.2500000000000124e-04,wind_direction:18.4_m:degrees
318,4,2.3669991493225098e+00,2.9528795811518301e-02,597,598,2.2647953729338646e-04,mixing_ratio:18.4_m:g_kg-1
319,7,2.0499999523162842e+00,-6.8363636363636376e-02,1511,1512,3.1914049586776686e-04,wave_height:0_m:m
320,-2,-2.0000000000000000e+00,-3.1304347826086959e-02,-1,-1,1.5047258979206590e-04,wind_direction:18.4_m:degrees
321,6,2.3050000000000000e+02,6.2000000000000006e-02,477,478,1.2426666666666667e-03,wave_direction:0_m:degrees
322,10,8.8637523651123047e+00,1.0268292682926827e-01,719,720,5.6759865159626902e-04,wind_speed:18.4_m:m_s-1
323,12,-1.4290458709001541e-01,8.5333333333333344e-02,1643,1644,3.5822222222222071e-04,bulk_richardson:18.4_m:none
324,11,3.2192500305175781e+02,1.3187500000000002e-01,763,764,6.0273437499999347e-04,wind_direction:18.4_m:degrees
325,-2,-2.0000000000000000e+00,-1.5909090909090901e-03,-1,-1,2.1792355371900827e-04,wind_direction:18.4_m:degrees
326,1,2.8893437194824219e+02,2.8679245283018878e-02,525,526,3.7372730509077905e-04,azimuth:0_m:degrees
327,11,2.4783999633789062e+02,-3.4864864864864786e-02,329,330,4.2648323999675952e-04,wind_direction:18.4_m:degrees
328,0,4.1507272720336914e+01,-5.1860465116279078e-02,589,590,4.8025959978362578e-04,zenith:0_m:degrees
329,5,9.8750000000000000e+01,-3.7205623901581636e-02,413,414,4.1767476626277528e-04,relative_humidity:18.4_m:%
330,7,1.0500000119209290e+00,-2.1134020618556713e-02,1025,1026,2.5747688383463181e-04,wave_height:0_m:m
331,2,2.7615000915527344e+02,-2.2222222222222218e-03,861,862,5.0061728395061722e-04,water_sfc_temperature:0_m:K
332,-2,-2.0000000000000000e+00,-9.0000000000000011e-02,-1,-1,3.4694469519536142e-18,wind_direction:18.4_m:degrees
333,1,2.2461666870117188e+02,3.4117647058823523e-02,1775,1776,9.8171033119130464e-05,azimuth:0_m:degrees
334,10,8.0056052207946777e+00,5.2237762237762199e-02,481,482,5.0128612646095855e-04,wind_speed:18.4_m:m_s-1
335,4,7.9724708199501038e-01,2.2945945945945947e-01,423,424,9.5646457268078189e-04,mixing_ratio:18.4_m:g_kg-1
336,11,2.8488499450683594e+02,2.6533333333333331e-01,769,770,9.5155555555553883e-04,wind_direction:18.4_m:degrees
337,11,2.9475999450683594e+02,-1.1469534050179211e-03,707,708,3.7574542978635974e-04,wind_direction:18.4_m:degrees
338,4,4.6614475250244141e+00,-1.5263157894736845e-02,1363,1364,1.2668513388734964e-04,mixing_ratio:18.4_m:g_kg-1
339,3,1.0100000000000000e+03,1.5052631578947352e-02,819,820,2.2640073868882891e-04,pressure:18.4_m:hPa
340,2,2.8842500305175781e+02,3.4776119402985077e-02,801,802,2.1300957897082149e-04,water_sfc_temperature:0_m:K
341,10,9.4552106857299805e+00,8.2368421052631591e-02,633,634,5.4965373961218637e-04,wind_speed:18.4_m:m_s-1
342,-2,-2.0000000000000000e+00,2.2857142857142857e-02,-1,-1,1.6326530612245465e-04,wind_direction:18.4_m:degrees
343,0,1.1835243606567383e+02,2.2033333333333335e-01,807,808,8.3655555555559730e-04,zenith:0_m:degrees
344,4,1.2552617788314819e+00,1.8083333333333332e-01,671,672,7.1597222222221507e-04,mixing_ratio:18.4_m:g_kg-1
345,-2,-2.0000000000000000e+00,5.4782608695652164e-02,-1,-1,1.2930056710775155e-04,wind_direction:18.4_m:degrees
346,2,2.8252499389648438e+02,9.5555555555555574e-02,549,550,6.2469135802468295e-04,water_sfc_temperature:0_m:K
347,4,1.0705509662628174e+01,-4.9657534246575375e-04,853,854,7.1020536216925972e-05,mixing_ratio:18.4_m:g_kg-1
348,5,9.8349998474121094e+01,-9.0384615384615386e-03,349,350,5.2535749506902804e-04,relative_humidity:18.4_m:%
349,6,1.8050000000000000e+02,-1.3274336283185845e-03,907,908,1.3629101730754166e-04,wave_direction:0_m:degrees
350,4,7.8192493915557861e+00,-2.9302325581395342e-02,351,352,9.8090859924283456e-04,mixing_ratio:18.4_m:g_kg-1
351,6,1.7650000000000000e+02,-5.0526315789473697e-02,493,494,1.1260387811634341e-03,wave_direction:0_m:degrees
352,2,2.9198500061035156e+02,-1.2500000000000002e-02,1639,1640,2.2708333333333375e-04,water_sfc_temperature:0_m:K
353,12,8.2693146541714668e-03,-4.2105263157894757e-02,395,396,8.0346260387811593e-04,bulk_richardson:18.4_m:none
354,-2,-2.0000000000000000e+00,6.0000000000000005e-02,-1,-1,1.0000000000004276e-04,wind_direction:18.4_m:degrees
355,-2,-2.0000000000000000e+00,1.1699999999999999e-01,-1,-1,2.2100000000000244e-04,wind_direction:18.4_m:degrees
356,8,5.0499999523162842e+00,7.0774193548387127e-02,791,792,3.2456191467221656e-04,wave_period:0_m:s
357,-2,-2.0000000000000000e+00,2.3333333333333331e-02,-1,-1,6.6666666666666697e-05,wind_direction:18.4_m:degrees
358,10,1.5066963195800781e+01,5.8342541436464092e-02,437,438,4.7128598028143382e-04,wind_speed:18.4_m:m_s-1
359,-2,-2.0000000000000000e+00,1.3857142857142857e-01,-1,-1,9.7959183673470424e-05,wind_direction:18.4_m:degrees
360,5,5.8199998855590820e+01,1.9694444444444451e-01,613,614,8.4344135802467968e-04,relative_humidity:18.4_m:%
361,8,5.5499999523162842e+00,-1.3860294117647026e-02,447,448,2.3546577638408508e-04,wave_period:0_m:s
362,0,1.4784640502929688e+02,-2.2759381898454705e-02,485,486,3.6037698151641169e-04,zenith:0_m:degrees
363,5,4.7350000381469727e+01,5.8131868131868110e-02,681,682,3.5365294046612846e-04,relative_humidity:18.4_m:%
364,5,5.1350000381469727e+01,4.0862068965517202e-02,365,366,3.5615338882283363e-04,relative_humidity:18.4_m:%
365,0,1.0541165161132812e+02,2.2115384615384624e-02,1479,1480,1.8975591715976274e-04,zenith:0_m:degrees
366,6,2.2850000000000000e+02,4.6277777777777779e-02,599,600,2.7336728395062349e-04,wave_direction:0_m:degrees
367,4,5.0354182720184326e+00,5.4864864864864873e-02,947,948,3.1146822498173774e-04,mixing_ratio:18.4_m:g_kg-1
368,3,1.0157000122070312e+03,2.9415584415584412e-02,787,788,2.5485326361949828e-04,pressure:18.4_m:hPa
369,12,-1.5898704063147306e-02,2.4637681159420310e-03,1245,1246,8.3301827347196010e-05,bulk_richardson:18.4_m:none
370,8,4.5499999523162842e+00,2.3695652173913052e-02,457,458,4.2764650283554225e-04,wave_period:0_m:s
371,12,2.7593663893640041e-02,1.9999999999999957e-03,373,374,3.4067692307692310e-03,bulk_richardson:18.4_m:none
372,6,1.7400000000000000e+02,-1.7394957983193269e-02,1393,1394,1.3523056281336207e-04,wave_direction:0_m:degrees
373,4,6.3899800777435303e+00,-5.5555555555555549e-03,375,376,1.5040564373897702e-03,mixing_ratio:18.4_m:g_kg-1
374,5,8.8700000762939453e+01,2.3999999999999999e-01,621,622,4.9000000000000155e-03,relative_humidity:18.4_m:%
375,12,2.5332386605441570e-02,-1.0983606557377052e-02,399,400,6.2526202633700616e-04,bulk_richardson:18.4_m:none
376,-2,-2.0000000000000000e+00,1.6000000000000000e-01,-1,-1,-3.4694469519536142e-18,wind_direction:18.4_m:degrees
377,-2,-2.0000000000000000e+00,2.6857142857142857e-01,-1,-1,3.2653061224489910e-04,wind_direction:18.4_m:degrees
378,2,2.7619000244140625e+02,2.0777777777777778e-01,827,828,6.5061728395060525e-04,water_sfc_temperature:0_m:K
379,-2,-2.0000000000000000e+00,7.9000000000000001e-02,-1,-1,3.4900000000000035e-04,wind_direction:18.4_m:degrees
380,12,-3.1535198912024498e-02,1.2707317073170735e-01,1743,1744,2.8899464604402805e-04,bulk_richardson:18.4_m:none
381,5,6.4500000000000000e+01,6.6805555555555521e-02,785,786,4.5229552469135213e-04,relative_humidity:18.4_m:%
382,-2,-2.0000000000000000e+00,3.9743589743589755e-02,-1,-1,2.1275476660092369e-04,wind_direction:18.4_m:degrees
383,10,6.1466684341430664e+00,2.1503131524008359e-03,1157,1158,1.4715068361801108e-04,wind_speed:18.4_m:m_s-1
384,12,-1.8604768440127373e-02,1.4090909090909098e-02,385,386,3.1280991735537010e-04,bulk_richardson:18.4_m:none
385,0,1.0974146270751953e+02,2.6282051282051293e-02,1323,1324,2.1566403681788225e-04,zenith:0_m:degrees
386,1,1.2412838363647461e+02,4.3877551020408178e-03,1313,1314,1.7768638067471908e-04,azimuth:0_m:degrees
387,11,2.1916999816894531e+02,-6.6666666666666666e-02,1555,1556,1.0888888888888858e-03,wind_direction:18.4_m:degrees
388,-2,-2.0000000000000000e+00,-1.9000000000000000e-01,-1,-1,0.0000000000000000e+00,wind_direction:18.4_m:degrees
389,-2,-2.0000000000000000e+00,1.1111111111111112e-02,-1,-1,8.5432098765432144e-05,wind_direction:18.4_m:degrees
390,7,6.5000000596046448e-01,3.3122171945701336e-02,851,852,1.8798959890256660e-04,wave_height:0_m:m
391,9,8.8160549163818359e+01,6.8809523809523807e-02,1169,1170,2.6763038548752345e-04,angle_between_wind_wave:0_m:degrees
392,11,2.8615499877929688e+02,1.0280000000000002e-01,1469,1470,3.0816000000000003e-04,wind_direction:18.4_m:degrees
393,-2,-2.0000000000000000e+00,9.1111111111111101e-02,-1,-1,1.8765432098765550e-04,wind_direction:18.4_m:degrees
394,-2,-2.0000000000000000e+00,4.2777777777777796e-02,-1,-1,1.4598765432098670e-04,wind_direction:18.4_m:degrees
395,10,1.3840853691101074e+01,-1.8181818181818184e-02,805,806,6.1487603305785147e-04,wind_speed:18.4_m:m_s-1
396,12,2.2473077289760113e-02,-5.1851851851851857e-02,523,524,5.5212620027434572e-04,bulk_richardson:18.4_m:none
397,7,1.4499999880790710e+00,1.1000000000000003e-01,873,874,3.6629213483145920e-04,wave_height:0_m:m
398,-2,-2.0000000000000000e+00,2.0500000000000002e-01,-1,-1,2.5000000000115208e-05,wind_direction:18.4_m:degrees
399,-2,-2.0000000000000000e+00,-1.4827586206896556e-02,-1,-1,1.3186682520808547e-04,wind_direction:18.4_m:degrees
400,3,1.0031999816894531e+03,6.3333333333333339e-02,507,508,4.3555555555555578e-03,pressure:18.4_m:hPa
401,3,1.0146999816894531e+03,3.8421052631578953e-02,831,832,2.5189289012003679e-04,pressure:18.4_m:hPa
402,12,-2.9305956326425076e-02,1.7068965517241387e-02,431,432,4.7244351961950098e-04,bulk_richardson:18.4_m:none
403,5,5.4949998855590820e+01,3.3260869565217399e-02,465,466,5.5675803402646445e-04,relative_humidity:18.4_m:%
404,9,8.9931701660156250e+01,5.5746268656716419e-02,877,878,2.4683114279349912e-04,angle_between_wind_wave:0_m:degrees
405,2,2.8884500122070312e+02,1.4153439153439118e-02,425,426,1.8671719716693372e-04,water_sfc_temperature:0_m:K
406,12,-1.5946352481842041e-01,4.7750000000000032e-03,1699,1700,9.2949375000000095e-05,bulk_richardson:18.4_m:none
407,4,1.2704634666442871e+00,3.9806763285024138e-02,409,410,4.2025251464444845e-04,mixing_ratio:18.4_m:g_kg-1
408,2,2.7535499572753906e+02,2.3181818181818189e-02,1009,1010,1.9896694214876641e-04,water_sfc_temperature:0_m:K
409,5,5.0850000381469727e+01,5.3648648648648642e-02,411,412,4.8533601168736359e-04,relative_humidity:18.4_m:%
410,12,-1.3909377157688141e-01,3.2105263157894727e-02,1005,1006,2.1812425801345835e-04,bulk_richardson:18.4_m:none
411,-2,-2.0000000000000000e+00,4.1224489795918383e-02,-1,-1,1.2503123698458978e-04,wind_direction:18.4_m:degrees
412,4,8.8976737856864929e-01,7.8000000000000014e-02,1831,1832,2.9600000000000199e-04,mixing_ratio:18.4_m:g_kg-1
413,5,8.3049999237060547e+01,-3.7530864197530774e-02,529,530,3.4240425022318824e-04,relative_humidity:18.4_m:%
414,3,1.0068000183105469e+03,5.5000000000000007e-02,415,416,1.3224999999999933e-02,pressure:18.4_m:hPa
415,-2,-2.0000000000000000e+00,-5.9999999999999998e-02,-1,-1,0.0000000000000000e+00,wind_direction:18.4_m:degrees
416,-2,-2.0000000000000000e+00,1.7000000000000001e-01,-1,-1,3.4694469519536142e-18,wind_direction:18.4_m:degrees
417,2,2.7981500244140625e+02,1.6563909774436092e-01,419,420,8.7571937362199842e-04,water_sfc_temperature:0_m:K
418,9,8.8809673309326172e+01,1.3368421052631582e-01,1427,1428,3.7063711911358710e-04,angle_between_wind_wave:0_m:degrees
419,11,3.0814999389648438e+02,1.7117117117117123e-01,637,638,8.1214187160133858e-04,wind_direction:18.4_m:degrees
420,3,1.0032500000000000e+03,1.3772727272727273e-01,1715,1716,2.6301652892557134e-04,pressure:18.4_m:hPa
421,7,3.2500000000000000e+00,-2.4326564442602337e-03,541,542,1.1086626882394945e-04,wave_height:0_m:m
422,5,8.6450000762939453e+01,-5.6603773584905041e-03,803,804,1.3194700264676523e-04,relative_humidity:18.4_m:%
423,-2,-2.0000000000000000e+00,2.0499999999999999e-01,-1,-1,2.1250000000001823e-04,wind_direction:18.4_m:degrees
424,9,8.8256374359130859e+01,2.4809523809523809e-01,609,610,7.2018140589566459e-04,angle_between_wind_wave:0_m:degrees
425,10,4.4877772331237793e+00,8.3018867924528356e-03,1075,1076,1.3673905304378836e-04,wind_speed:18.4_m:m_s-1
426,6,1.9650000000000000e+02,2.1626506024096381e-02,1241,1242,1.5096893598490543e-04,wave_direction:0_m:degrees
427,2,2.8274000549316406e+02,6.4545454545454545e-02,429,430,1.2338842975206619e-03,water_sfc_temperature:0_m:K
428,11,3.4347499084472656e+02,3.5394736842105229e-02,673,674,3.1563365650969758e-04,wind_direction:18.4_m:degrees
429,10,7.4359576702117920e+00,2.1428571428571432e-02,1843,1844,4.6938775510204077e-04,wind_speed:18.4_m:m_s-1
430,12,-5.9477787464857101e-02,8.4666666666666668e-02,1343,1344,3.1822222222222234e-04,bulk_richardson:18.4_m:none
431,-2,-2.0000000000000000e+00,5.7777777777777782e-02,-1,-1,3.9506172839505645e-05,wind_direction:18.4_m:degrees
432,6,2.2450000000000000e+02,1.3644859813084118e-02,611,612,3.5774303432614218e-04,wave_direction:0_m:degrees
433,4,7.0129081606864929e-01,2.0888888888888887e-01,1043,1044,6.4691358024691198e-04,mixing_ratio:18.4_m:g_kg-1
434,9,8.9899642944335938e+01,2.5071428571428572e-01,1767,1768,9.2091836734689569e-04,angle_between_wind_wave:0_m:degrees
435,7,1.6999999880790710e+00,2.4774193548387097e-01,461,462,7.5511619840443189e-04,wave_height:0_m:m
436,5,4.9000000000000000e+01,2.1266666666666667e-01,1271,1272,4.7288888888884911e-04,relative_humidity:18.4_m:%
437,5,6.2149999618530273e+01,5.6081871345029261e-02,899,900,3.7938510994835802e-04,relative_humidity:18.4_m:%
438,4,2.4643142223358154e+00,9.7000000000000003e-02,1863,1864,4.6100000000006552e-04,mixing_ratio:18.4_m:g_kg-1
439,1,7.0770393371582031e+01,-5.2500000000000005e-02,441,442,4.4587499999999992e-03,azimuth:0_m:degrees
440,1,2.5190424346923828e+02,-2.4162520729684809e-02,443,444,3.8134672134078037e-04,azimuth:0_m:degrees
441,-2,-2.0000000000000000e+00,-2.0999999999999999e-01,-1,-1,6.9388939039072284e-18,wind_direction:18.4_m:degrees
442,-2,-2.0000000000000000e+00,-2.4705882352941178e-02,-1,-1,9.5501730103805110e-05,wind_direction:18.4_m:degrees
443,5,8.9549999237060547e+01,-2.1518987341772045e-02,453,454,1.6832558884794782e-04,relative_humidity:18.4_m:%
444,3,1.0210000000000000e+03,-2.9182692307692222e-02,517,518,7.4740893121300793e-04,pressure:18.4_m:hPa
445,12,-9.4564910978078842e-03,1.6136363636363640e-02,1687,1688,2.4643595041322315e-04,bulk_richardson:18.4_m:none
446,4,4.1429734230041504e+00,4.0819672131147552e-02,747,748,3.0260682612200996e-04,mixing_ratio:18.4_m:g_kg-1
447,0,8.2367439270019531e+01,-1.6402714932126649e-02,635,636,2.0810026412235763e-04,zenith:0_m:degrees
448,6,1.9750000000000000e+02,-2.8431372549019606e-03,653,654,2.0466166858900610e-04,wave_direction:0_m:degrees
449,11,3.2163999938964844e+02,5.8550724637681170e-02,1357,1358,2.4137786179373975e-04,wind_direction:18.4_m:degrees
450,12,-8.4849014878273010e-02,8.1176470588235308e-02,1125,1126,4.2214532871971602e-04,bulk_richardson:18.4_m:none
451,12,-5.8293843641877174e-02,5.8985507246376800e-02,981,982,2.4969544213400245e-04,bulk_richardson:18.4_m:none
452,12,-1.2292521074414253e-01,9.0000000000000011e-02,1111,1112,4.3000000000000677e-04,bulk_richardson:18.4_m:none
453,0,9.8888103485107422e+01,-1.2631578947368429e-02,1597,1598,1.2596952908587244e-04,zenith:0_m:degrees
454,11,2.0802500152587891e+02,-2.3636363636363518e-02,917,918,1.5511541749787161e-04,wind_direction:18.4_m:degrees
455,10,8.3926620483398438e+00,7.6119402985074622e-02,1385,1386,3.1031410113611328e-04,wind_speed:18.4_m:m_s-1
456,4,2.0292698144912720e+00,9.7164179104477610e-02,871,872,4.6807752283360531e-04,mixing_ratio:18.4_m:g_kg-1
457,-2,-2.0000000000000000e+00,5.0714285714285712e-02,-1,-1,1.6377551020408179e-04,wind_direction:18.4_m:degrees
458,-2,-2.0000000000000000e+00,1.1875000000000004e-02,-1,-1,8.3984375000000779e-05,wind_direction:18.4_m:degrees
459,10,8.0093390941619873e+00,2.8285714285714292e-02,1299,1300,1.9706122448979568e-04,wind_speed:18.4_m:m_s-1
460,1,4.3056730270385742e+01,5.3934426229508205e-02,1197,1198,4.1402848696586638e-04,azimuth:0_m:degrees
461,-2,-2.0000000000000000e+00,1.9999999999999998e-01,-1,-1,4.6666666666667772e-04,wind_direction:18.4_m:degrees
462,9,8.7711139678955078e+01,2.5103448275862067e-01,641,642,6.0697582243364467e-04,angle_between_wind_wave:0_m:degrees
463,10,9.9794549942016602e+00,1.8428571428571430e-01,1013,1014,3.3877551020408680e-04,wind_speed:18.4_m:m_s-1
464,8,3.9999998807907104e+00,2.1866666666666668e-01,575,576,9.2488888888888482e-04,wave_period:0_m:s
465,5,3.5399999618530273e+01,2.0967741935483872e-02,1189,1190,2.4099895941727341e-04,relative_humidity:18.4_m:%
466,-2,-2.0000000000000000e+00,5.8666666666666673e-02,-1,-1,2.5155555555555348e-04,wind_direction:18.4_m:degrees
467,2,2.8725500488281250e+02,3.3132530120481916e-02,683,684,2.4560894179126154e-04,water_sfc_temperature:0_m:K
468,1,2.4425207519531250e+02,1.5084745762711869e-02,1475,1476,1.5380637747774186e-04,azimuth:0_m:degrees
469,1,8.4080253601074219e+01,-1.5891987605134970e-03,1137,1138,1.0482283154039647e-04,azimuth:0_m:degrees
470,10,6.1218132972717285e+00,-6.8954758190327529e-03,739,740,1.5089235082663848e-04,wind_speed:18.4_m:m_s-1
471,12,-8.9420066215097904e-03,-1.9708029197080287e-03,473,474,3.6618892855240054e-04,bulk_richardson:18.4_m:none
472,5,8.7099998474121094e+01,1.2962962962962966e-02,531,532,2.6035665294924632e-04,relative_humidity:18.4_m:%
473,3,1.0136000061035156e+03,8.1294964028776999e-03,1317,1318,1.6628538895502282e-04,pressure:18.4_m:hPa
474,5,9.9299999237060547e+01,-1.2370370370370381e-02,475,476,3.5882578875171526e-04,relative_humidity:18.4_m:%
475,4,4.1579830646514893e+00,-1.4015151515151522e-02,991,992,2.4524219467401281e-04,mixing_ratio:18.4_m:g_kg-1
476,-2,-2.0000000000000000e+00,5.9999999999999998e-02,-1,-1,-7.3725747729014302e-18,wind_direction:18.4_m:degrees
477,-2,-2.0000000000000000e+00,4.3636363636363640e-02,-1,-1,3.3223140495867759e-04,wind_direction:18.4_m:degrees
478,-2,-2.0000000000000000e+00,1.1250000000000000e-01,-1,-1,2.6875000000000163e-04,wind_direction:18.4_m:degrees
479,10,8.5104560852050781e+00,-6.8315617334423059e-03,571,572,1.8869362364438974e-04,wind_speed:18.4_m:m_s-1
480,-2,-2.0000000000000000e+00,-8.9999999999999997e-02,-1,-1,-3.1225022567582528e-16,wind_direction:18.4_m:degrees
481,8,6.5499999523162842e+00,4.5799999999999993e-02,1021,1022,2.9436000000000306e-04,wave_period:0_m:s
482,2,2.8272999572753906e+02,6.7209302325581394e-02,483,484,6.6197944835046704e-04,water_sfc_temperature:0_m:K
483,3,1.0186999816894531e+03,5.8571428571428594e-02,1423,1424,3.0367346938775302e-04,pressure:18.4_m:hPa
484,3,1.0151499938964844e+03,1.0500000000000000e-01,1551,1552,4.7500000000001187e-04,pressure:18.4_m:hPa
485,4,4.4705851078033447e+00,-2.3126385809312575e-02,527,528,3.3146739691545569e-04,mixing_ratio:18.4_m:g_kg-1
486,-2,-2.0000000000000000e+00,5.9999999999999998e-02,-1,-1,-2.0643209364124004e-16,wind_direction:18.4_m:degrees
487,3,1.0128500061035156e+03,6.5142857142857155e-02,945,946,3.2593197278911815e-04,pressure:18.4_m:hPa
488,-2,-2.0000000000000000e+00,2.4444444444444442e-02,-1,-1,2.6913580246913291e-04,wind_direction:18.4_m:degrees
489,6,2.1950000000000000e+02,8.4333333333333343e-02,685,686,5.1122222222221934e-04,wave_direction:0_m:degrees
490,2,2.8757499694824219e+02,1.0857142857142857e-01,491,492,5.7795918367347515e-04,water_sfc_temperature:0_m:K
491,12,-1.5528180170804262e-02,1.0068493150684930e-01,767,768,4.6391443047475757e-04,bulk_richardson:18.4_m:none
492,2,2.8768000793457031e+02,1.2656249999999999e-01,1399,1400,3.7255859374999908e-04,water_sfc_temperature:0_m:K
493,-2,-2.0000000000000000e+00,-6.6666666666666671e-03,-1,-1,2.2222222222222217e-05,wind_direction:18.4_m:degrees
494,0,4.2002296447753906e+01,-5.8749999999999997e-02,495,496,9.0468749999999881e-04,zenith:0_m:degrees
495,-2,-2.0000000000000000e+00,0.0000000000000000e+00,-1,-1,0.0000000000000000e+00,wind_direction:18.4_m:degrees
496,10,4.8590114116668701e+00,-6.7142857142857143e-02,1887,1888,4.7040816326530607e-04,wind_speed:18.4_m:m_s-1
497,12,-2.5438556820154190e-01,8.7499999999999991e-03,1925,1926,1.2760416666666665e-04,bulk_richardson:18.4_m:none
498,-2,-2.0000000000000000e+00,3.6133333333333344e-02,-1,-1,1.7571555555555502e-04,wind_direction:18.4_m:degrees
499,10,6.3866763114929199e+00,9.2327044025156887e-03,603,604,1.5551188639689951e-04,wind_speed:18.4_m:m_s-1
500,-2,-2.0000000000000000e+00,6.7500000000000004e-02,-1,-1,1.8749999999903393e-05,wind_direction:18.4_m:degrees
501,-2,-2.0000000000000000e+00,-8.0000000000000002e-02,-1,-1,-8.6736173798840355e-19,wind_direction:18.4_m:degrees
502,9,9.2995174407958984e+01,-1.3221367867260220e-02,587,588,1.7910073321594457e-04,angle_between_wind_wave:0_m:degrees
503,5,6.0200000762939453e+01,1.4807692307692310e-02,1015,1016,2.8650147928994084e-04,relative_humidity:18.4_m:%
504,11,2.6334500122070312e+02,-5.6097560975609763e-03,915,916,2.1243307555026777e-04,wind_direction:18.4_m:degrees
505,7,9.4999998807907104e-01,1.1565217391304351e-01,837,838,5.3761814744801052e-04,wave_height:0_m:m
506,-2,-2.0000000000000000e+00,1.8333333333333335e-01,-1,-1,8.8888888888756512e-05,wind_direction:18.4_m:degrees
507,-2,-2.0000000000000000e+00,-2.9999999999999999e-02,-1,-1,0.0000000000000000e+00,wind_direction:18.4_m:degrees
508,-2,-2.0000000000000000e+00,1.1000000000000000e-01,-1,-1,0.0000000000000000e+00,wind_direction:18.4_m:degrees
509,-2,-2.0000000000000000e+00,1.9400000000000001e-01,-1,-1,5.4399999999999588e-04,wind_direction:18.4_m:degrees
510,4,8.9145520329475403e-01,1.3588235294117645e-01,1007,1008,4.3598615916953798e-04,mixing_ratio:18.4_m:g_kg-1
511,10,1.8322023391723633e+01,7.9473684210526321e-02,743,744,8.8919667590027767e-04,wind_speed:18.4_m:m_s-1
512,12,-1.3048404071014374e-04,4.6764705882352937e-02,903,904,3.6894463667820057e-04,bulk_richardson:18.4_m:none
513,11,1.6242499542236328e+02,-9.9500000000000019e-02,893,894,7.8475000000000246e-04,wind_direction:18.4_m:degrees
514,-2,-2.0000000000000000e+00,-6.0666666666666674e-02,-1,-1,2.3288888888888231e-04,wind_direction:18.4_m:degrees
515,11,3.2230999755859375e+02,6.8260869565217389e-02,581,582,4.9697542533080983e-04,wind_direction:18.4_m:degrees
516,12,-6.0339444316923618e-03,9.7727272727272746e-02,859,860,5.1756198347108900e-04,bulk_richardson:18.4_m:none
517,4,6.9212210178375244e+00,-2.8640776699029032e-02,691,692,6.8310396832878370e-04,mixing_ratio:18.4_m:g_kg-1
518,9,8.9593299865722656e+01,-8.4999999999999992e-02,519,520,4.2249999999999944e-03,angle_between_wind_wave:0_m:degrees
519,-2,-2.0000000000000000e+00,-2.0000000000000000e-02,-1,-1,0.0000000000000000e+00,wind_direction:18.4_m:degrees
520,-2,-2.0000000000000000e+00,-1.4999999999999999e-01,-1,-1,0.0000000000000000e+00,wind_direction:18.4_m:degrees
521,-2,-2.0000000000000000e+00,2.5714285714285710e-02,-1,-1,1.2734693877551021e-04,wind_direction:18.4_m:degrees
522,9,9.0319988250732422e+01,5.7368421052631582e-02,1113,1114,3.8781163434902779e-04,angle_between_wind_wave:0_m:degrees
523,2,2.7430999755859375e+02,-4.7600000000000003e-02,1337,1338,3.4624000000000026e-04,water_sfc_temperature:0_m:K
524,-2,-2.0000000000000000e+00,-1.0500000000000001e-01,-1,-1,7.5000000000009087e-05,wind_direction:18.4_m:degrees
525,1,2.8481915283203125e+02,2.0487804878048788e-02,1383,1384,1.7537180249851248e-04,azimuth:0_m:degrees
526,-2,-2.0000000000000000e+00,5.6666666666666678e-02,-1,-1,3.8888888888887786e-05,wind_direction:18.4_m:degrees
527,8,6.5000000000000000e+00,-6.4999999999999988e-03,811,812,3.5274999999999998e-04,wave_period:0_m:s
528,5,7.5650001525878906e+01,-2.4744525547445190e-02,795,796,2.9987390555348819e-04,relative_humidity:18.4_m:%
529,1,1.9304446411132812e+02,-2.0975609756097562e-02,593,594,4.5758477096966086e-04,azimuth:0_m:degrees
530,4,1.0936192035675049e+01,-3.8821292775665345e-02,583,584,3.1039772152265739e-04,mixing_ratio:18.4_m:g_kg-1
531,-2,-2.0000000000000000e+00,2.0166666666666673e-02,-1,-1,1.0497222222222185e-04,wind_direction:18.4_m:degrees
532,-2,-2.0000000000000000e+00,-7.6190476190476190e-03,-1,-1,1.3242630385487534e-04,wind_direction:18.4_m:degrees
533,1,2.6416206359863281e+02,3.3275261324041752e-02,711,712,2.7847126953101748e-04,azimuth:0_m:degrees
534,-2,-2.0000000000000000e+00,7.2500000000000009e-02,-1,-1,1.9375000000004805e-04,wind_direction:18.4_m:degrees
535,4,9.4655385017395020e+00,7.7427821522309632e-03,651,652,1.8230654239086283e-04,mixing_ratio:18.4_m:g_kg-1
536,3,1.0046500244140625e+03,-3.1250000000000000e-02,537,538,7.3859374999999863e-03,pressure:18.4_m:hPa
537,-2,-2.0000000000000000e+00,-1.4000000000000001e-01,-1,-1,0.0000000000000000e+00,wind_direction:18.4_m:degrees
538,-2,-2.0000000000000000e+00,3.3999999999999996e-02,-1,-1,4.6400000000000000e-04,wind_direction:18.4_m:degrees
539,2,2.8675000000000000e+02,2.3713080168776365e-02,733,734,2.3431430148302475e-04,water_sfc_temperature:0_m:K
540,2,2.8519499206542969e+02,7.1698113207547196e-03,1575,1576,2.0519757920968632e-04,water_sfc_temperature:0_m:K
541,10,2.6635408401489258e+00,-2.4714907733775393e-03,1375,1376,1.0850919137079302e-04,wind_speed:18.4_m:m_s-1
542,-2,-2.0000000000000000e+00,5.9999999999999998e-02,-1,-1,5.8546917314217239e-17,wind_direction:18.4_m:degrees
543,10,7.9220752716064453e+00,1.1606060606060606e-01,561,562,9.9357208448117885e-04,wind_speed:18.4_m:m_s-1
544,2,2.7861999511718750e+02,9.1521739130434779e-02,545,546,7.1290170132324790e-04,water_sfc_temperature:0_m:K
545,10,6.1114823818206787e+00,8.2499999999999990e-02,847,848,3.4097222222222341e-04,wind_speed:18.4_m:m_s-1
546,6,2.2650000000000000e+02,1.2400000000000000e-01,967,968,7.0399999999998762e-04,wave_direction:0_m:degrees
547,-2,-2.0000000000000000e+00,-6.2500000000000000e-02,-1,-1,1.8750000000000537e-05,wind_direction:18.4_m:degrees
548,4,4.7918970584869385e+00,4.2857142857142833e-03,1431,1432,8.8163265306122405e-04,mixing_ratio:18.4_m:g_kg-1
549,-2,-2.0000000000000000e+00,8.3500000000000005e-02,-1,-1,1.8275000000000149e-04,wind_direction:18.4_m:degrees
550,-2,-2.0000000000000000e+00,1.3000000000000000e-01,-1,-1,2.8571428571425722e-04,wind_direction:18.4_m:degrees
551,12,-1.6947810538113117e-02,1.4606741573033714e-02,1039,1040,1.8664310061860867e-04,bulk_richardson:18.4_m:none
552,3,9.9400000000000000e+02,2.0234604105571854e-03,553,554,1.6804637043025102e-04,pressure:18.4_m:hPa
553,6,1.8900000000000000e+02,2.5000000000000005e-02,951,952,4.4166666666666670e-04,wave_direction:0_m:degrees
554,-2,-2.0000000000000000e+00,2.8391167192429027e-04,-1,-1,1.0433579794803420e-04,wind_direction:18.4_m:degrees
555,5,7.8049999237060547e+01,3.6216216216216221e-02,1875,1876,1.8027757487216935e-04,relative_humidity:18.4_m:%
556,-2,-2.0000000000000000e+00,6.1935483870967770e-02,-1,-1,9.9479708636836250e-05,wind_direction:18.4_m:degrees
557,10,5.7952635288238525e+00,1.6945454545454527e-02,1089,1090,1.4630611570247984e-04,wind_speed:18.4_m:m_s-1
558,5,5.6850000381469727e+01,7.7108433734939807e-03,867,868,1.6463928001161405e-04,relative_humidity:18.4_m:%
559,-2,-2.0000000000000000e+00,7.6538461538461555e-02,-1,-1,1.8417159763313429e-04,wind_direction:18.4_m:degrees
560,9,8.9581176757812500e+01,5.0454545454545460e-02,1237,1238,2.0433884297520405e-04,angle_between_wind_wave:0_m:degrees
561,10,4.7833604812622070e+00,1.0653846153846157e-01,925,926,7.8417159763313066e-04,wind_speed:18.4_m:m_s-1
562,-2,-2.0000000000000000e+00,1.5142857142857144e-01,-1,-1,1.8367346938778437e-04,wind_direction:18.4_m:degrees
563,-2,-2.0000000000000000e+00,1.7000000000000001e-01,-1,-1,-3.4694469519536142e-18,wind_direction:18.4_m:degrees
564,-2,-2.0000000000000000e+00,1.1761904761904765e-01,-1,-1,3.3242630385488942e-04,wind_direction:18.4_m:degrees
565,3,1.0153500061035156e+03,6.6923076923076946e-02,1543,1544,3.1873767258383187e-04,pressure:18.4_m:hPa
566,11,2.8416500854492188e+02,9.2333333333333337e-02,1711,1712,2.1788888888887858e-04,wind_direction:18.4_m:degrees
567,5,5.3500000000000000e+01,1.8166666666666664e-01,1253,1254,6.6388888888887360e-04,relative_humidity:18.4_m:%
568,9,8.9329845428466797e+01,2.2777777777777775e-01,1055,1056,8.1728395061729520e-04,angle_between_wind_wave:0_m:degrees
569,-2,-2.0000000000000000e+00,7.6250000000000012e-02,-1,-1,1.4843749999999926e-04,wind_direction:18.4_m:degrees
570,2,2.8722500610351562e+02,3.6666666666666681e-02,1617,1618,2.0000000000000074e-04,water_sfc_temperature:0_m:K
571,5,9.7450000762939453e+01,-6.1662921348314085e-03,655,656,1.7671841434162261e-04,relative_humidity:18.4_m:%
572,12,-1.6246481798589230e-02,-1.3529411764705884e-02,643,644,2.5994144264041030e-04,bulk_richardson:18.4_m:none
573,-2,-2.0000000000000000e+00,5.7777777777777782e-02,-1,-1,1.0617283950617234e-04,wind_direction:18.4_m:degrees
574,11,3.3230500793457031e+02,8.9285714285714302e-02,1163,1164,3.4948979591836911e-04,wind_direction:18.4_m:degrees
575,-2,-2.0000000000000000e+00,3.2000000000000001e-01,-1,-1,0.0000000000000000e+00,wind_direction:18.4_m:degrees
576,7,9.4999998807907104e-01,2.1517241379310348e-01,857,858,5.9048751486327072e-04,wave_height:0_m:m
577,5,4.8100000381469727e+01,6.4647887323943651e-02,579,580,5.7980559412814953e-04,relative_humidity:18.4_m:%
578,-2,-2.0000000000000000e+00,2.6249999999999999e-02,-1,-1,2.2343750000000965e-04,wind_direction:18.4_m:degrees
579,10,4.7383036613464355e+00,4.6774193548387119e-02,1411,1412,2.3475546305931107e-04,wind_speed:18.4_m:m_s-1
580,2,2.8513499450683594e+02,7.8499999999999986e-02,863,864,4.0775000000000793e-04,water_sfc_temperature:0_m:K
581,-2,-2.0000000000000000e+00,5.5555555555555552e-02,-1,-1,2.3950617283951051e-04,wind_direction:18.4_m:degrees
582,1,1.8681851196289062e+02,8.6315789473684235e-02,1105,1106,3.0747922437672232e-04,azimuth:0_m:degrees
583,3,1.0045000000000000e+03,-4.3534136546184696e-02,765,766,1.8349381461589672e-04,pressure:18.4_m:hPa
584,11,2.4472000122070312e+02,-3.4584837545126312e-02,585,586,3.8656049212162967e-04,wind_direction:18.4_m:degrees
585,2,2.8609999084472656e+02,-3.4036363636363608e-02,689,690,3.4770776859504508e-04,water_sfc_temperature:0_m:K
586,-2,-2.0000000000000000e+00,-1.1000000000000000e-01,-1,-1,-1.2663481374630692e-16,wind_direction:18.4_m:degrees
587,10,8.0968418121337891e+00,-1.3119675456389392e-02,623,624,1.7375646886018631e-04,wind_speed:18.4_m:m_s-1
588,11,2.5864500427246094e+02,-5.5000000000000000e-02,1429,1430,6.2499999999988823e-04,wind_direction:18.4_m:degrees
589,-2,-2.0000000000000000e+00,5.0000000000000003e-02,-1,-1,0.0000000000000000e+00,wind_direction:18.4_m:degrees
590,10,1.1294383525848389e+01,-5.3058823529411762e-02,631,632,3.6240830449826887e-04,wind_speed:18.4_m:m_s-1
591,6,1.6150000000000000e+02,-7.5163398692809670e-03,905,906,1.4263317527446766e-04,wave_direction:0_m:degrees
592,-2,-2.0000000000000000e+00,-8.0000000000000002e-02,-1,-1,-3.5561831257524545e-16,wind_direction:18.4_m:degrees
593,-2,-2.0000000000000000e+00,-5.1111111111111107e-02,-1,-1,2.0987654320987759e-04,wind_direction:18.4_m:degrees
594,8,5.9500000476837158e+00,-1.2499999999999999e-02,1493,1494,1.9999999999999968e-04,wave_period:0_m:s
595,-2,-2.0000000000000000e+00,0.0000000000000000e+00,-1,-1,0.0000000000000000e+00,wind_direction:18.4_m:degrees
596,10,1.7509945034980774e+00,-7.6111111111111115e-02,913,914,4.4598765432098640e-04,wind_speed:18.4_m:m_s-1
597,12,-1.1577295884490013e-01,5.0000000000000003e-02,715,716,5.3636363636363560e-04,bulk_richardson:18.4_m:none
598,12,-1.0382359474897385e-01,2.6863905325443773e-02,1117,1118,1.2448443681944033e-04,bulk_richardson:18.4_m:none
599,11,3.1978500366210938e+02,3.8791208791208794e-02,1291,1292,1.9524212051684519e-04,wind_direction:18.4_m:degrees
600,7,1.4499999880790710e+00,5.3932584269662937e-02,865,866,2.3734376972604646e-04,wave_height:0_m:m
601,-2,-2.0000000000000000e+00,2.1454545454545454e-01,-1,-1,2.7933884297522832e-04,wind_direction:18.4_m:degrees
602,-2,-2.0000000000000000e+00,1.6571428571428570e-01,-1,-1,1.1020408163267201e-04,wind_direction:18.4_m:degrees
603,12,-9.0433519333600998e-02,6.3179916317991592e-03,885,886,9.6066245338842352e-05,bulk_richardson:18.4_m:none
604,4,2.1362444162368774e+00,1.3627760252365916e-02,605,606,2.1302232085103990e-04,mixing_ratio:18.4_m:g_kg-1
605,-2,-2.0000000000000000e+00,3.1081081081081079e-02,-1,-1,1.1234477720964246e-04,wind_direction:18.4_m:degrees
606,12,-5.2607132121920586e-02,1.1321428571428566e-02,607,608,1.8075382653061283e-04,bulk_richardson:18.4_m:none
607,10,7.4849784374237061e+00,2.3333333333333338e-02,789,790,2.2222222222222207e-04,wind_speed:18.4_m:m_s-1
608,3,1.0072500000000000e+03,7.6168224299065458e-03,1345,1346,1.0974102541706727e-04,pressure:18.4_m:hPa
609,-2,-2.0000000000000000e+00,2.1333333333333335e-01,-1,-1,2.2222222222215149e-05,wind_direction:18.4_m:degrees
610,-2,-2.0000000000000000e+00,2.6200000000000001e-01,-1,-1,3.2266666666670718e-04,wind_direction:18.4_m:degrees
611,11,2.5509500122070312e+02,6.1194029850746264e-03,1287,1288,3.5807529516596124e-04,wind_direction:18.4_m:degrees
612,-2,-2.0000000000000000e+00,2.6250000000000006e-02,-1,-1,1.0343750000000001e-04,wind_direction:18.4_m:degrees
613,4,7.4558076262474060e-01,1.8653846153846157e-01,911,912,6.6109467455617577e-04,mixing_ratio:18.4_m:g_kg-1
614,10,1.1286864757537842e+01,2.2399999999999998e-01,1763,1764,3.0400000000001259e-04,wind_speed:18.4_m:m_s-1
615,-2,-2.0000000000000000e+00,8.1818181818181832e-02,-1,-1,6.9421487603303286e-05,wind_direction:18.4_m:degrees
616,7,3.8500000238418579e+00,1.1575000000000002e-01,1003,1004,2.1943750000001649e-04,wave_height:0_m:m
617,2,2.8086000061035156e+02,7.0262390670553943e-03,619,620,1.1535499664255533e-04,water_sfc_temperature:0_m:K
618,10,3.2332637906074524e-01,1.4223787591438563e-03,813,814,8.9903145899347843e-05,wind_speed:18.4_m:m_s-1
619,-2,-2.0000000000000000e+00,2.0098039215686284e-03,-1,-1,3.6646962706651283e-05,wind_direction:18.4_m:degrees
620,3,1.0204499816894531e+03,1.4388489208633099e-02,1001,1002,1.3973396822110644e-04,pressure:18.4_m:hPa
621,-2,-2.0000000000000000e+00,3.1000000000000000e-01,-1,-1,0.0000000000000000e+00,wind_direction:18.4_m:degrees
622,-2,-2.0000000000000000e+00,1.7000000000000001e-01,-1,-1,0.0000000000000000e+00,wind_direction:18.4_m:degrees
623,6,1.9550000000000000e+02,-1.1503708698583857e-02,1231,1232,1.5195329035883981e-04,wave_direction:0_m:degrees
624,4,8.3901190757751465e+00,-1.5560081466394982e-02,1109,1110,1.9678406842513104e-04,mixing_ratio:18.4_m:g_kg-1
625,4,1.6367081999778748e+00,3.5121951219512212e-02,1263,1264,2.2498512790006166e-04,mixing_ratio:18.4_m:g_kg-1
626,0,7.1117355346679688e+01,5.5918367346938780e-02,627,628,4.2415660141607381e-04,zenith:0_m:degrees
627,-2,-2.0000000000000000e+00,3.4117647058823530e-02,-1,-1,1.6539792387543282e-04,wind_direction:18.4_m:degrees
628,2,2.7484500122070312e+02,6.7500000000000004e-02,1865,1866,1.7499999999999807e-04,water_sfc_temperature:0_m:K
629,-2,-2.0000000000000000e+00,7.6050420168067264e-03,-1,-1,6.5272579620083193e-05,wind_direction:18.4_m:degrees
630,-2,-2.0000000000000000e+00,2.2407407407407414e-02,-1,-1,1.0346364883402062e-04,wind_direction:18.4_m:degrees
631,4,1.0882941722869873e+01,-3.9696969696969696e-02,1965,1966,2.6960514233241540e-04,mixing_ratio:18.4_m:g_kg-1
632,3,1.0121499938964844e+03,-6.1538461538461556e-02,1011,1012,2.3609467455621477e-04,pressure:18.4_m:hPa
633,11,3.4551499938964844e+02,7.7714285714285708e-02,1801,1802,3.0906122448979331e-04,wind_direction:18.4_m:degrees
634,-2,-2.0000000000000000e+00,1.3666666666666669e-01,-1,-1,1.5555555555556155e-04,wind_direction:18.4_m:degrees
635,3,1.0016000061035156e+03,-1.1948051948051945e-02,995,996,2.0616180356440139e-04,pressure:18.4_m:hPa
636,6,2.2500000000000000e+02,-2.1279620853080550e-02,1355,1356,1.6471328137283923e-04,wave_direction:0_m:degrees
637,2,2.7944499206542969e+02,1.7392156862745101e-01,639,640,7.6109188773547734e-04,water_sfc_temperature:0_m:K
638,-2,-2.0000000000000000e+00,1.4000000000000001e-01,-1,-1,3.3333333333315091e-04,wind_direction:18.4_m:degrees
639,10,1.5560073375701904e+01,1.6736111111111107e-01,855,856,6.6942515432100169e-04,wind_speed:18.4_m:m_s-1
640,3,9.9800000000000000e+02,1.8966666666666668e-01,835,836,6.2988888888882572e-04,pressure:18.4_m:hPa
641,-2,-2.0000000000000000e+00,2.1571428571428572e-01,-1,-1,2.2448979591837420e-04,wind_direction:18.4_m:degrees
642,4,1.5020424127578735e+00,2.5412500000000005e-01,823,824,5.2173437499997144e-04,mixing_ratio:18.4_m:g_kg-1
643,-2,-2.0000000000000000e+00,-2.4781763942525814e-19,-1,-1,1.0476190476190477e-04,wind_direction:18.4_m:degrees
644,12,-1.5703170560300350e-02,-1.6703910614525135e-02,753,754,2.4332573889703776e-04,bulk_richardson:18.4_m:none
645,-2,-2.0000000000000000e+00,1.0666666666666667e-01,-1,-1,1.8888888888888775e-04,wind_direction:18.4_m:degrees
646,4,1.2551995515823364e+00,1.5210526315789474e-01,647,648,7.7451523545706349e-04,mixing_ratio:18.4_m:g_kg-1
647,-2,-2.0000000000000000e+00,1.6846153846153850e-01,-1,-1,1.9763313609467634e-04,wind_direction:18.4_m:degrees
648,-2,-2.0000000000000000e+00,1.1666666666666668e-01,-1,-1,1.8888888888888081e-04,wind_direction:18.4_m:degrees
649,-2,-2.0000000000000000e+00,1.2214285714285714e-01,-1,-1,4.3112244897959215e-04,wind_direction:18.4_m:degrees
650,-2,-2.0000000000000000e+00,9.0000000000000011e-02,-1,-1,1.6153846153845776e-04,wind_direction:18.4_m:degrees
651,8,9.5000000000000000e+00,1.2642487046632124e-02,1191,1192,1.6141104459180118e-04,wave_period:0_m:s
652,6,1.5750000000000000e+02,2.7127659574468096e-03,1671,1672,1.5381111362607568e-04,wave_direction:0_m:degrees
653,-2,-2.0000000000000000e+00,-1.9230769230769232e-02,-1,-1,1.8402366863905315e-04,wind_direction:18.4_m:degrees
654,-2,-2.0000000000000000e+00,2.7631578947368415e-03,-1,-1,8.8417590027700774e-05,wind_direction:18.4_m:degrees
655,2,2.9229499816894531e+02,-4.6480836236933564e-03,1199,1200,1.0529427333098629e-04,water_sfc_temperature:0_m:K
656,4,8.0778608322143555e+00,-8.9240506329113581e-03,657,658,2.9466511776958597e-04,mixing_ratio:18.4_m:g_kg-1
657,8,5.2500000000000000e+00,-2.8513513513513517e-02,659,660,1.5558984660336010e-03,wave_period:0_m:s
658,6,2.1250000000000000e+02,-6.8994413407820971e-03,1019,1020,1.2055413376611232e-04,wave_direction:0_m:degrees
659,11,1.8672000122070312e+02,-8.0000000000000002e-02,1041,1042,4.3076923076923110e-04,wind_direction:18.4_m:degrees
660,4,8.0592508316040039e+00,-1.7540983606557377e-02,661,662,1.1103466809997313e-03,mixing_ratio:18.4_m:g_kg-1
661,9,9.0407512664794922e+01,-1.3793103448275860e-02,663,664,8.8216409036860882e-04,angle_between_wind_wave:0_m:degrees
662,-2,-2.0000000000000000e+00,-9.0000000000000011e-02,-1,-1,-5.2041704279304213e-18,wind_direction:18.4_m:degrees
663,9,8.9776420593261719e+01,-5.1063829787234031e-03,1825,1826,3.3988229968311454e-04,angle_between_wind_wave:0_m:degrees
664,11,2.4555999755859375e+02,-5.0909090909090904e-02,665,666,1.4991735537190085e-03,wind_direction:18.4_m:degrees
665,-2,-2.0000000000000000e+00,-8.5999999999999993e-02,-1,-1,6.4000000000000688e-05,wind_direction:18.4_m:degrees
666,3,1.0160499877929688e+03,-2.1666666666666667e-02,1297,1298,8.1388888888889025e-04,pressure:18.4_m:hPa
667,10,7.6626133918762207e+00,6.2000000000000000e-02,943,944,3.2711111111111179e-04,wind_speed:18.4_m:m_s-1
668,2,2.7868499755859375e+02,9.3333333333333365e-02,749,750,9.8888888888888637e-04,water_sfc_temperature:0_m:K
669,10,8.0040898323059082e+00,2.8656716417910458e-02,1285,1286,1.4595678324793909e-04,wind_speed:18.4_m:m_s-1
670,-2,-2.0000000000000000e+00,5.0000000000000010e-03,-1,-1,9.7727272727272414e-05,wind_direction:18.4_m:degrees
671,7,1.0500000119209290e+00,1.6823529411764704e-01,1641,1642,3.9100346020762289e-04,wave_height:0_m:m
672,-2,-2.0000000000000000e+00,2.1142857142857144e-01,-1,-1,1.8367346938775314e-04,wind_direction:18.4_m:degrees
673,8,5.5499999523162842e+00,3.6026490066225131e-02,879,880,2.5705890092540189e-04,wave_period:0_m:s
674,-2,-2.0000000000000000e+00,-5.9999999999999998e-02,-1,-1,3.9031278209478160e-17,wind_direction:18.4_m:degrees
675,5,6.5400001525878906e+01,8.3888888888888874e-02,677,678,4.4376543209876523e-04,relative_humidity:18.4_m:%
676,-2,-2.0000000000000000e+00,1.4000000000000001e-01,-1,-1,-6.9388939039072284e-18,wind_direction:18.4_m:degrees
677,8,4.9500000476837158e+00,7.9480519480519471e-02,679,680,3.6336650362624786e-04,wave_period:0_m:s
678,-2,-2.0000000000000000e+00,1.1000000000000001e-01,-1,-1,1.2307692307693407e-04,wind_direction:18.4_m:degrees
679,-2,-2.0000000000000000e+00,6.3928571428571446e-02,-1,-1,1.2385204081632583e-04,wind_direction:18.4_m:degrees
680,0,8.6760410308837891e+01,8.8367346938775515e-02,1477,1478,2.8304872969596266e-04,zenith:0_m:degrees
681,-2,-2.0000000000000000e+00,4.0454545454545458e-02,-1,-1,2.2252066115702488e-04,wind_direction:18.4_m:degrees
682,9,8.9902809143066406e+01,6.3768115942028983e-02,1435,1436,2.6406217181264464e-04,angle_between_wind_wave:0_m:degrees
683,-2,-2.0000000000000000e+00,1.5600000000000001e-02,-1,-1,7.2640000000000009e-05,wind_direction:18.4_m:degrees
684,7,5.5000001192092896e-01,3.6241134751773048e-02,883,884,2.1211206679744602e-04,wave_height:0_m:m
685,11,2.7064999389648438e+02,9.3913043478260877e-02,1269,1270,2.3251417769375865e-04,wind_direction:18.4_m:degrees
686,-2,-2.0000000000000000e+00,5.2857142857142866e-02,-1,-1,1.3469387755102097e-04,wind_direction:18.4_m:degrees
687,-2,-2.0000000000000000e+00,-4.6666666666666669e-02,-1,-1,5.5555555555555566e-04,wind_direction:18.4_m:degrees
688,3,9.9354998779296875e+02,-7.6681614349775641e-03,777,778,2.7348629572281790e-04,pressure:18.4_m:hPa
689,-2,-2.0000000000000000e+00,5.9999999999999998e-02,-1,-1,0.0000000000000000e+00,wind_direction:18.4_m:degrees
690,2,2.9361500549316406e+02,-3.4379562043795539e-02,849,850,3.1658585966221130e-04,water_sfc_temperature:0_m:K
691,-2,-2.0000000000000000e+00,-5.8000000000000010e-02,-1,-1,2.5599999999999928e-04,wind_direction:18.4_m:degrees
692,0,5.5444421768188477e+01,-2.7910447761193957e-02,693,694,6.7175317442638228e-04,zenith:0_m:degrees
693,12,4.8374359030276537e-03,-4.0000000000000008e-02,697,698,1.6222222222222237e-03,bulk_richardson:18.4_m:none
694,1,2.5266751861572266e+02,-2.6034482758620629e-02,695,696,4.9806777645660652e-04,azimuth:0_m:degrees
695,-2,-2.0000000000000000e+00,-1.7999999999999999e-01,-1,-1,0.0000000000000000e+00,wind_direction:18.4_m:degrees
696,9,9.1573299407958984e+01,-2.5590778097982662e-02,703,704,4.3099103887583650e-04,angle_between_wind_wave:0_m:degrees
697,8,4.5000000000000000e+00,-1.0200000000000001e-01,699,700,6.9359999999999995e-03,wave_period:0_m:s
698,12,1.8389046192169189e-02,-3.3673469387755117e-02,701,702,6.4773011245314576e-04,bulk_richardson:18.4_m:none
699,-2,-2.0000000000000000e+00,-1.7000000000000001e-01,-1,-1,0.0000000000000000e+00,wind_direction:18.4_m:degrees
700,-2,-2.0000000000000000e+00,0.0000000000000000e+00,-1,-1,0.0000000000000000e+00,wind_direction:18.4_m:degrees
701,0,5.5415119171142578e+01,-3.1041666666666676e-02,1133,1134,3.2183159722222151e-04,zenith:0_m:degrees
702,-2,-2.0000000000000000e+00,-1.6000000000000000e-01,-1,-1,1.0408340855860843e-17,wind_direction:18.4_m:degrees
703,11,2.0870999908447266e+02,-2.4074074074074029e-02,1213,1214,2.8834019204389911e-04,wind_direction:18.4_m:degrees
704,2,2.8475000000000000e+02,-4.6956521739130445e-02,705,706,1.9516068052930209e-03,water_sfc_temperature:0_m:K
705,-2,-2.0000000000000000e+00,-1.4000000000000001e-01,-1,-1,0.0000000000000000e+00,wind_direction:18.4_m:degrees
706,-2,-2.0000000000000000e+00,-2.7368421052631580e-02,-1,-1,1.5623268698060919e-04,wind_direction:18.4_m:degrees
707,12,-2.9992809286341071e-03,1.5418502202643176e-03,709,710,3.5489142036523153e-04,bulk_richardson:18.4_m:none
708,11,3.0207499694824219e+02,-1.2884615384615385e-02,869,870,2.9744822485207117e-04,wind_direction:18.4_m:degrees
709,6,2.2750000000000000e+02,1.3086419753086420e-02,731,732,4.2627648224356047e-04,wave_direction:0_m:degrees
710,9,8.8229358673095703e+01,-4.8630136986301401e-03,941,942,2.0032370050666220e-04,angle_between_wind_wave:0_m:degrees
711,12,-1.5077418684959412e+00,3.5872340425531869e-02,713,714,2.4977093707560208e-04,bulk_richardson:18.4_m:none
712,5,5.4899999618530273e+01,2.1538461538461545e-02,809,810,2.3994082840237568e-04,relative_humidity:18.4_m:%
713,-2,-2.0000000000000000e+00,1.6086956521739131e-02,-1,-1,1.5425330812854436e-04,wind_direction:18.4_m:degrees
714,7,7.9999998211860657e-01,3.8018867924528271e-02,881,882,2.1305624777501284e-04,wave_height:0_m:m
715,-2,-2.0000000000000000e+00,1.0000000000000002e-01,-1,-1,2.6666666666666332e-04,wind_direction:18.4_m:degrees
716,-2,-2.0000000000000000e+00,4.2105263157894736e-02,-1,-1,1.2188365650969528e-04,wind_direction:18.4_m:degrees
717,5,7.6200000762939453e+01,4.6111111111111117e-02,1087,1088,4.4598765432098900e-04,relative_humidity:18.4_m:%
718,4,6.3730809688568115e+00,7.8666666666666663e-02,1483,1484,5.7155555555555519e-04,mixing_ratio:18.4_m:g_kg-1
719,2,2.8252999877929688e+02,9.9439252336448569e-02,721,722,4.8005939383352625e-04,water_sfc_temperature:0_m:K
720,4,1.4827935099601746e+00,1.2437499999999999e-01,1091,1092,6.1210937499998723e-04,mixing_ratio:18.4_m:g_kg-1
721,3,1.0186000061035156e+03,9.4831460674157278e-02,815,816,4.0474687539452693e-04,pressure:18.4_m:hPa
722,-2,-2.0000000000000000e+00,1.2222222222222223e-01,-1,-1,2.2839506172838211e-04,wind_direction:18.4_m:degrees
723,10,9.4299826622009277e+00,1.3195121951219513e-01,1135,1136,4.3521713265913184e-04,wind_speed:18.4_m:m_s-1
724,-2,-2.0000000000000000e+00,9.7777777777777783e-02,-1,-1,2.3950617283955214e-04,wind_direction:18.4_m:degrees
725,-2,-2.0000000000000000e+00,6.0689655172413801e-02,-1,-1,1.6504161712247280e-04,wind_direction:18.4_m:degrees
726,10,1.2868278980255127e+01,4.1359223300970881e-02,1017,1018,2.0786124988217826e-04,wind_speed:18.4_m:m_s-1
727,7,1.2500000000000000e+00,3.3333333333333333e-02,729,730,2.6868686868686893e-04,wave_height:0_m:m
728,1,8.3166183471679688e+01,2.1328671328671320e-02,1187,1188,1.7655631082204710e-04,azimuth:0_m:degrees
729,11,3.3880999755859375e+02,3.0224719101123600e-02,1545,1546,1.8421916424693930e-04,wind_direction:18.4_m:degrees
730,-2,-2.0000000000000000e+00,6.0999999999999999e-02,-1,-1,1.6899999999999468e-04,wind_direction:18.4_m:degrees
731,5,6.1250000000000000e+01,8.8405797101449284e-03,923,924,3.1749632430161726e-04,relative_humidity:18.4_m:%
732,7,1.5000000000000000e+00,3.7500000000000006e-02,1359,1360,3.5208333333333337e-04,wave_height:0_m:m
733,5,5.7950000762939453e+01,2.0641711229946517e-02,735,736,2.1883954359575665e-04,relative_humidity:18.4_m:%
734,-2,-2.0000000000000000e+00,3.5200000000000009e-02,-1,-1,1.2495999999999970e-04,wind_direction:18.4_m:degrees
735,2,2.8523001098632812e+02,1.4400000000000003e-02,737,738,1.8464000000000005e-04,water_sfc_temperature:0_m:K
736,6,1.8750000000000000e+02,2.7816091954022987e-02,1695,1696,1.6189721231338447e-04,wave_direction:0_m:degrees
737,-2,-2.0000000000000000e+00,3.6363636363636364e-03,-1,-1,8.6776859504132238e-05,wind_direction:18.4_m:degrees
738,-2,-2.0000000000000000e+00,2.2857142857142864e-02,-1,-1,9.8979591836734584e-05,wind_direction:18.4_m:degrees
739,-2,-2.0000000000000000e+00,-7.8787878787878803e-04,-1,-1,3.6348943985307625e-05,wind_direction:18.4_m:degrees
740,11,2.0811499786376953e+02,-9.0126050420167910e-03,821,822,1.7318471506249603e-04,wind_direction:18.4_m:degrees
741,-2,-2.0000000000000000e+00,6.7142857142857143e-02,-1,-1,7.7551020408163363e-05,wind_direction:18.4_m:degrees
742,5,6.0899999618530273e+01,1.0533333333333333e-01,1963,1964,2.6488888888888569e-04,relative_humidity:18.4_m:%
743,11,2.2051499938964844e+02,5.5000000000000000e-02,1553,1554,5.0000000000000044e-04,wind_direction:18.4_m:degrees
744,5,9.4900001525878906e+01,9.7272727272727275e-02,1655,1656,4.1983471074380323e-04,relative_humidity:18.4_m:%
745,-2,-2.0000000000000000e+00,1.8831168831168841e-02,-1,-1,1.0902344408837873e-04,wind_direction:18.4_m:degrees
746,11,3.5782499694824219e+02,6.4000000000000029e-03,959,960,1.2018285714285719e-04,wind_direction:18.4_m:degrees
747,3,1.0055499877929688e+03,5.1515151515151535e-02,1785,1786,1.6437098255280046e-04,pressure:18.4_m:hPa
748,-2,-2.0000000000000000e+00,2.8214285714285720e-02,-1,-1,1.7181122448979385e-04,wind_direction:18.4_m:degrees
749,9,8.8605472564697266e+01,8.5454545454545464e-02,1665,1666,3.3388429752065699e-04,angle_between_wind_wave:0_m:degrees
750,-2,-2.0000000000000000e+00,1.7999999999999999e-01,-1,-1,2.0816681711721685e-17,wind_direction:18.4_m:degrees
751,0,7.9065086364746094e+01,1.0833333333333334e-01,1859,1860,2.8055555555554779e-04,zenith:0_m:degrees
752,-2,-2.0000000000000000e+00,1.4399999999999999e-01,-1,-1,3.4400000000001443e-04,wind_direction:18.4_m:degrees
753,-2,-2.0000000000000000e+00,-8.0000000000000002e-02,-1,-1,0.0000000000000000e+00,wind_direction:18.4_m:degrees
754,11,2.0861500549316406e+02,-1.5988700564971751e-02,1225,1226,2.0029365763350238e-04,wind_direction:18.4_m:degrees
755,-2,-2.0000000000000000e+00,1.3000000000000000e-01,-1,-1,0.0000000000000000e+00,wind_direction:18.4_m:degrees
756,-2,-2.0000000000000000e+00,8.0526315789473696e-02,-1,-1,9.9722991689752891e-05,wind_direction:18.4_m:degrees
757,-2,-2.0000000000000000e+00,1.1000000000000000e-01,-1,-1,8.2352941176470906e-05,wind_direction:18.4_m:degrees
758,8,5.4500000476837158e+00,1.3657142857142857e-01,1995,1996,3.1395918367348175e-04,wave_period:0_m:s
759,5,2.9650000572204590e+01,5.8653846153846154e-02,1581,1582,2.1164940828402460e-04,relative_humidity:18.4_m:%
760,6,2.4250000000000000e+02,8.5714285714285715e-02,1753,1754,3.6734693877550108e-04,wave_direction:0_m:degrees
761,3,1.0207500000000000e+03,1.2555555555555556e-01,939,940,4.1728395061728721e-04,pressure:18.4_m:hPa
762,-2,-2.0000000000000000e+00,9.6666666666666665e-02,-1,-1,2.0888888888889040e-04,wind_direction:18.4_m:degrees
763,-2,-2.0000000000000000e+00,1.3785714285714284e-01,-1,-1,3.8826530612244212e-04,wind_direction:18.4_m:degrees
764,-2,-2.0000000000000000e+00,8.9999999999999997e-02,-1,-1,9.9999999999997660e-05,wind_direction:18.4_m:degrees
765,-2,-2.0000000000000000e+00,-3.3906250000000006e-02,-1,-1,1.2692871093749974e-04,wind_direction:18.4_m:degrees
766,10,1.1862103462219238e+01,-4.6864864864864852e-02,999,1000,1.5990065741417619e-04,wind_speed:18.4_m:m_s-1
767,2,2.8488500976562500e+02,9.5593220338983043e-02,1077,1078,3.8397012352772708e-04,water_sfc_temperature:0_m:K
768,5,3.8450000762939453e+01,1.2214285714285715e-01,2007,2008,2.3112244897958815e-04,relative_humidity:18.4_m:%
769,2,2.7695500183105469e+02,2.1666666666666667e-01,1251,1252,1.4222222222222206e-03,water_sfc_temperature:0_m:K
770,4,7.4114328622817993e-01,2.7074074074074078e-01,1209,1210,6.0685871056241625e-04,mixing_ratio:18.4_m:g_kg-1
771,1,1.1225233650207520e+02,1.5000000000000002e-01,1821,1822,4.8888888888887899e-04,azimuth:0_m:degrees
772,-2,-2.0000000000000000e+00,1.9666666666666666e-01,-1,-1,2.2222222222224863e-04,wind_direction:18.4_m:degrees
773,-2,-2.0000000000000000e+00,3.6571428571428588e-02,-1,-1,1.4253061224489701e-04,wind_direction:18.4_m:degrees
774,11,3.3614500427246094e+02,5.6122448979591844e-02,775,776,2.7271970012494613e-04,wind_direction:18.4_m:degrees
775,-2,-2.0000000000000000e+00,6.1666666666666661e-02,-1,-1,9.9603174603173257e-05,wind_direction:18.4_m:degrees
776,-2,-2.0000000000000000e+00,2.2857142857142857e-02,-1,-1,2.0408163265307712e-05,wind_direction:18.4_m:degrees
777,-2,-2.0000000000000000e+00,-7.0000000000000007e-02,-1,-1,0.0000000000000000e+00,wind_direction:18.4_m:degrees
778,2,2.8920999145507812e+02,-7.4812593703148271e-03,779,780,2.6262146288175283e-04,water_sfc_temperature:0_m:K
779,4,1.3209895610809326e+01,-3.7460317460317480e-03,781,782,1.8787200806248428e-04,mixing_ratio:18.4_m:g_kg-1
780,9,8.9426815032958984e+01,-1.0823863636363628e-02,783,784,3.0585533961776919e-04,angle_between_wind_wave:0_m:degrees
781,10,3.3099138736724854e-01,-4.2172523961661358e-03,817,818,1.5409976625259010e-04,wind_speed:18.4_m:m_s-1
782,-2,-2.0000000000000000e+00,7.0000000000000007e-02,-1,-1,0.0000000000000000e+00,wind_direction:18.4_m:degrees
783,2,2.9077000427246094e+02,-8.1081081081081077e-04,1679,1680,2.3718042366691012e-04,water_sfc_temperature:0_m:K
784,0,6.0997079849243164e+01,-1.3489208633093514e-02,845,846,2.9034340872625649e-04,zenith:0_m:degrees
785,0,1.1822080993652344e+02,6.4637681159420285e-02,973,974,3.4370930476790990e-04,zenith:0_m:degrees
786,-2,-2.0000000000000000e+00,1.1666666666666665e-01,-1,-1,3.5555555555558116e-04,wind_direction:18.4_m:degrees
787,3,1.0010000000000000e+03,3.6250000000000018e-02,1369,1370,2.6343749999999870e-04,pressure:18.4_m:hPa
788,10,7.0972135066986084e+00,2.2027027027027034e-02,1839,1840,1.4048575602629878e-04,wind_speed:18.4_m:m_s-1
789,-2,-2.0000000000000000e+00,1.7450980392156867e-02,-1,-1,1.0134563629373328e-04,wind_direction:18.4_m:degrees
790,-2,-2.0000000000000000e+00,4.3333333333333342e-02,-1,-1,1.1555555555555386e-04,wind_direction:18.4_m:degrees
791,0,6.2006525039672852e+01,6.2343750000000017e-02,1537,1538,1.9606933593749754e-04,zenith:0_m:degrees
792,8,5.7500000000000000e+00,7.6703296703296675e-02,793,794,3.2979108803284172e-04,wave_period:0_m:s
793,11,3.1628500366210938e+02,9.1428571428571428e-02,1281,1282,3.6224489795918385e-04,wind_direction:18.4_m:degrees
794,-2,-2.0000000000000000e+00,7.0158730158730157e-02,-1,-1,1.7616528092718933e-04,wind_direction:18.4_m:degrees
795,7,2.6499999761581421e+00,-1.1904761904761902e-02,1591,1592,2.2494331065759637e-04,wave_height:0_m:m
796,5,7.5950000762939453e+01,-2.6205962059620509e-02,797,798,2.8750229507715642e-04,relative_humidity:18.4_m:%
797,-2,-2.0000000000000000e+00,-8.9999999999999997e-02,-1,-1,0.0000000000000000e+00,wind_direction:18.4_m:degrees
798,10,1.1791696071624756e+01,-2.5858310626702935e-02,931,932,2.6677011485719520e-04,wind_speed:18.4_m:m_s-1
799,-2,-2.0000000000000000e+00,-3.1999999999999997e-03,-1,-1,9.3759999999999997e-05,wind_direction:18.4_m:degrees
800,-2,-2.0000000000000000e+00,2.0000000000000004e-02,-1,-1,8.7499999999999742e-05,wind_direction:18.4_m:degrees
801,-2,-2.0000000000000000e+00,2.9818181818181827e-02,-1,-1,7.8148760330578335e-05,wind_direction:18.4_m:degrees
802,-2,-2.0000000000000000e+00,5.7500000000000002e-02,-1,-1,2.0208333333333146e-04,wind_direction:18.4_m:degrees
803,11,3.3444500732421875e+02,-3.1414267834793440e-03,1309,1310,1.3443681949119798e-04,wind_direction:18.4_m:degrees
804,4,1.1935976505279541e+01,-6.8883465527760273e-03,1447,1448,1.2613213387379922e-04,mixing_ratio:18.4_m:g_kg-1
805,1,1.8672597122192383e+02,-4.8333333333333332e-02,1589,1590,5.4722222222222281e-04,azimuth:0_m:degrees
806,-2,-2.0000000000000000e+00,-6.8750000000000000e-03,-1,-1,1.7148437500000011e-04,wind_direction:18.4_m:degrees
807,-2,-2.0000000000000000e+00,1.9800000000000001e-01,-1,-1,3.5599999999999521e-04,wind_direction:18.4_m:degrees
808,11,3.0714500427246094e+02,2.3149999999999998e-01,1051,1052,7.0274999999998811e-04,wind_direction:18.4_m:degrees
809,-2,-2.0000000000000000e+00,1.4615384615384617e-02,-1,-1,9.6646942800788946e-05,wind_direction:18.4_m:degrees
810,-2,-2.0000000000000000e+00,4.2307692307692310e-02,-1,-1,9.4674556213015853e-05,wind_direction:18.4_m:degrees
811,0,5.0230363845825195e+01,-1.9444444444444446e-03,1635,1636,1.5455246913580249e-04,zenith:0_m:degrees
812,-2,-2.0000000000000000e+00,-4.7500000000000001e-02,-1,-1,2.6874999999999989e-04,wind_direction:18.4_m:degrees
813,0,4.6139965057373047e+01,-7.9518072289156624e-03,971,972,1.3194948468573086e-04,zenith:0_m:degrees
814,3,1.0320999755859375e+03,1.6380266075387909e-03,977,978,8.6867866615699483e-05,pressure:18.4_m:hPa
815,10,7.6277852058410645e+00,1.0199999999999998e-01,895,896,3.9418181818183344e-04,wind_speed:18.4_m:m_s-1
816,1,9.1566356658935547e+01,8.3235294117647074e-02,1389,1390,2.0423875432525485e-04,azimuth:0_m:degrees
817,-2,-2.0000000000000000e+00,-8.9999999999999997e-02,-1,-1,0.0000000000000000e+00,wind_direction:18.4_m:degrees
818,7,6.5000000596046448e-01,-3.9423076923076937e-03,1059,1060,1.3093256903353058e-04,wave_height:0_m:m
819,12,-4.6654857695102692e-02,2.3333333333333341e-02,1649,1650,1.9914529914529867e-04,bulk_richardson:18.4_m:none
820,10,8.4580049514770508e+00,1.1932367149758455e-02,1221,1222,2.0109687507293149e-04,wind_speed:18.4_m:m_s-1
821,9,8.9575164794921875e+01,-1.4101123595505614e-02,839,840,1.9385494255775790e-04,angle_between_wind_wave:0_m:degrees
822,-2,-2.0000000000000000e+00,-5.9731543624161106e-03,-1,-1,1.3613350749966274e-04,wind_direction:18.4_m:degrees
823,2,2.8210499572753906e+02,2.4378378378378382e-01,825,826,5.2081811541270645e-04,water_sfc_temperature:0_m:K
824,0,8.0677230834960938e+01,2.6302325581395347e-01,1177,1178,3.5132504056244185e-04,zenith:0_m:degrees
825,1,2.2958068084716797e+02,2.2083333333333330e-01,1989,1990,3.2430555555557072e-04,azimuth:0_m:degrees
826,6,2.2350000000000000e+02,2.5480000000000003e-01,1919,1920,2.4095999999997064e-04,wave_direction:0_m:degrees
827,-2,-2.0000000000000000e+00,2.1857142857142858e-01,-1,-1,2.2653061224489623e-04,wind_direction:18.4_m:degrees
828,-2,-2.0000000000000000e+00,1.7000000000000001e-01,-1,-1,2.9999999999999125e-04,wind_direction:18.4_m:degrees
829,-2,-2.0000000000000000e+00,5.1666666666666666e-02,-1,-1,2.2500000000000037e-04,wind_direction:18.4_m:degrees
830,10,3.9640693664550781e+00,3.0663507109004725e-02,1257,1258,2.0809056400350760e-04,wind_speed:18.4_m:m_s-1
831,-2,-2.0000000000000000e+00,4.1923076923076938e-02,-1,-1,1.3476331360946607e-04,wind_direction:18.4_m:degrees
832,-2,-2.0000000000000000e+00,2.0000000000000000e-03,-1,-1,1.6000000000003520e-05,wind_direction:18.4_m:degrees
833,-2,-2.0000000000000000e+00,2.5375000000000003e-01,-1,-1,1.7343749999998437e-04,wind_direction:18.4_m:degrees
834,12,-8.6212970316410065e-02,2.9142857142857143e-01,875,876,6.1224489795921877e-04,bulk_richardson:18.4_m:none
835,-2,-2.0000000000000000e+00,1.4333333333333334e-01,-1,-1,8.8888888888888351e-05,wind_direction:18.4_m:degrees
836,2,2.7947499084472656e+02,1.9481481481481483e-01,1219,1220,4.2496570644718484e-04,water_sfc_temperature:0_m:K
837,-2,-2.0000000000000000e+00,1.4375000000000002e-01,-1,-1,1.4843749999999753e-04,wind_direction:18.4_m:degrees
838,6,2.2300000000000000e+02,1.1196721311475412e-01,1155,1156,4.7153990862670338e-04,wave_direction:0_m:degrees
839,-2,-2.0000000000000000e+00,-4.1176470588235297e-03,-1,-1,5.1672433679354082e-05,wind_direction:18.4_m:degrees
840,11,1.0196500015258789e+02,-1.8110236220472451e-02,1029,1030,1.9485398970797946e-04,wind_direction:18.4_m:degrees
841,12,-1.2808105442672968e-02,7.7692307692307699e-02,1373,1374,4.4852071005917465e-04,bulk_richardson:18.4_m:none
842,-2,-2.0000000000000000e+00,1.2200000000000000e-01,-1,-1,1.3599999999999030e-04,wind_direction:18.4_m:degrees
843,-2,-2.0000000000000000e+00,6.7999999999999991e-02,-1,-1,1.1600000000000152e-04,wind_direction:18.4_m:degrees
844,-2,-2.0000000000000000e+00,1.0666666666666666e-01,-1,-1,1.1111111111110870e-04,wind_direction:18.4_m:degrees
845,11,2.2982499694824219e+02,-2.1917808219178086e-02,1049,1050,3.1139050478513783e-04,wind_direction:18.4_m:degrees
846,2,2.9141999816894531e+02,-1.0487804878048779e-02,897,898,2.4854253420583043e-04,water_sfc_temperature:0_m:K
847,-2,-2.0000000000000000e+00,5.9999999999999998e-02,-1,-1,1.4000000000000037e-04,wind_direction:18.4_m:degrees
848,-2,-2.0000000000000000e+00,9.1153846153846155e-02,-1,-1,1.4866863905325586e-04,wind_direction:18.4_m:degrees
849,9,8.9494045257568359e+01,-3.3256704980842849e-02,1035,1036,3.0088812554132237e-04,angle_between_wind_wave:0_m:degrees
850,-2,-2.0000000000000000e+00,-5.6923076923076930e-02,-1,-1,9.8224852070976764e-05,wind_direction:18.4_m:degrees
851,2,2.8197000122070312e+02,3.6104651162790685e-02,1033,1034,1.4936114115738221e-04,water_sfc_temperature:0_m:K
852,0,1.4441106414794922e+02,2.2653061224489804e-02,1249,1250,1.8275718450646520e-04,zenith:0_m:degrees
853,10,5.5151200294494629e+00,7.4957410562180647e-04,927,928,7.0761250528438363e-05,wind_speed:18.4_m:m_s-1
854,3,1.0089500122070312e+03,-2.3899913718723000e-03,1857,1858,6.5469994736766271e-05,pressure:18.4_m:hPa
855,5,5.1600000381469727e+01,1.6390625000000003e-01,1129,1130,6.0817871093751807e-04,relative_humidity:18.4_m:%
856,-2,-2.0000000000000000e+00,1.9499999999999998e-01,-1,-1,3.0000000000005717e-04,wind_direction:18.4_m:degrees
857,2,2.7768499755859375e+02,2.2550000000000003e-01,961,962,4.8474999999999213e-04,water_sfc_temperature:0_m:K
858,-2,-2.0000000000000000e+00,1.9222222222222221e-01,-1,-1,6.1728395061702579e-05,wind_direction:18.4_m:degrees
859,-2,-2.0000000000000000e+00,1.1700000000000002e-01,-1,-1,2.4099999999999643e-04,wind_direction:18.4_m:degrees
860,-2,-2.0000000000000000e+00,8.1666666666666665e-02,-1,-1,1.8055555555555533e-04,wind_direction:18.4_m:degrees
861,6,2.0250000000000000e+02,-1.4500000000000002e-02,1981,1982,2.9475000000000020e-04,wave_direction:0_m:degrees
862,2,2.7616999816894531e+02,1.3125000000000001e-02,1633,1634,3.3398437499999965e-04,water_sfc_temperature:0_m:K
863,-2,-2.0000000000000000e+00,7.4166666666666672e-02,-1,-1,2.1319444444444727e-04,wind_direction:18.4_m:degrees
864,-2,-2.0000000000000000e+00,1.1750000000000001e-01,-1,-1,4.6875000000000562e-04,wind_direction:18.4_m:degrees
865,10,8.6987767219543457e+00,4.8787878787878797e-02,1577,1578,1.8337924701560719e-04,wind_speed:18.4_m:m_s-1
866,-2,-2.0000000000000000e+00,6.8695652173913047e-02,-1,-1,9.8298676748591329e-05,wind_direction:18.4_m:degrees
867,8,5.4500000476837158e+00,9.6774193548387108e-04,1415,1416,9.9063475546305957e-05,wave_period:0_m:s
868,4,3.6901761293411255e+00,1.1730769230769239e-02,1031,1032,1.6046597633136093e-04,mixing_ratio:18.4_m:g_kg-1
869,0,8.0459613800048828e+01,-3.0666666666666672e-02,1305,1306,4.8622222222222198e-04,zenith:0_m:degrees
870,-2,-2.0000000000000000e+00,-5.6756756756756749e-03,-1,-1,4.0759678597516186e-05,wind_direction:18.4_m:degrees
871,10,8.8819694519042969e+00,1.0203703703703705e-01,1027,1028,3.8659122085047889e-04,wind_speed:18.4_m:m_s-1
872,7,9.0000000596046448e-01,7.6923076923076913e-02,1465,1466,2.9822485207100808e-04,wave_height:0_m:m
873,11,2.9850000000000000e+02,1.0644736842105265e-01,1081,1082,2.9658933518005373e-04,wind_direction:18.4_m:degrees
874,9,8.8967666625976562e+01,1.3076923076923078e-01,1841,1842,2.6863905325437767e-04,angle_between_wind_wave:0_m:degrees
875,-2,-2.0000000000000000e+00,2.5000000000000000e-01,-1,-1,1.9999999999999185e-04,wind_direction:18.4_m:degrees
876,-2,-2.0000000000000000e+00,3.0272727272727273e-01,-1,-1,1.2892561983468553e-04,wind_direction:18.4_m:degrees
877,3,1.0227500000000000e+03,4.8437500000000008e-02,1739,1740,9.4433593749999791e-05,pressure:18.4_m:hPa
878,6,1.7050000000000000e+02,6.2428571428571430e-02,1611,1612,2.9267346938775677e-04,wave_direction:0_m:degrees
879,10,9.3942694664001465e+00,4.0380952380952385e-02,1211,1212,2.1890249433106370e-04,wind_speed:18.4_m:m_s-1
880,6,2.1650000000000000e+02,2.6086956521739143e-02,1473,1474,2.0207939508507802e-04,wave_direction:0_m:degrees
881,9,8.8218864440917969e+01,3.9947089947089919e-02,969,970,1.8359508412418716e-04,angle_between_wind_wave:0_m:degrees
882,5,5.3899999618530273e+01,2.2173913043478266e-02,1513,1514,1.7353497164461777e-04,relative_humidity:18.4_m:%
883,-2,-2.0000000000000000e+00,4.8484848484848492e-02,-1,-1,1.6437098255280046e-04,wind_direction:18.4_m:degrees
884,-2,-2.0000000000000000e+00,3.2500000000000001e-02,-1,-1,1.6689814814814996e-04,wind_direction:18.4_m:degrees
885,3,1.0191499938964844e+03,9.2439862542955283e-03,1657,1658,1.0389579716819590e-04,pressure:18.4_m:hPa
886,-2,-2.0000000000000000e+00,1.7647058823529415e-03,-1,-1,4.9826989619377304e-05,wind_direction:18.4_m:degrees
887,2,2.7410499572753906e+02,2.2890624999999994e-02,889,890,1.7680053710937484e-04,water_sfc_temperature:0_m:K
888,1,2.2103338623046875e+02,4.2000000000000016e-02,891,892,3.6600000000000131e-04,azimuth:0_m:degrees
889,-2,-2.0000000000000000e+00,1.3508771929824566e-02,-1,-1,8.5934133579562797e-05,wind_direction:18.4_m:degrees
890,10,4.6775798797607422e+00,3.0422535211267608e-02,1959,1960,1.2235667526284543e-04,wind_speed:18.4_m:m_s-1
891,-2,-2.0000000000000000e+00,6.0000000000000012e-02,-1,-1,3.9999999999998804e-05,wind_direction:18.4_m:degrees
892,-2,-2.0000000000000000e+00,2.4000000000000000e-02,-1,-1,4.3999999999999443e-05,wind_direction:18.4_m:degrees
893,12,9.2287990264594555e-03,-9.0625000000000011e-02,1321,1322,5.3085937499999444e-04,bulk_richardson:18.4_m:none
894,-2,-2.0000000000000000e+00,-1.3500000000000001e-01,-1,-1,2.2499999999999951e-04,wind_direction:18.4_m:degrees
895,9,9.0464839935302734e+01,8.6666666666666670e-02,1685,1686,2.6666666666666679e-04,angle_between_wind_wave:0_m:degrees
896,5,7.3450000762939453e+01,1.0945945945945945e-01,1161,1162,2.8619430241052547e-04,relative_humidity:18.4_m:%
897,10,4.7166457176208496e+00,-1.4692307692307701e-02,983,984,2.7721301775147922e-04,wind_speed:18.4_m:m_s-1
898,-2,-2.0000000000000000e+00,-3.2000000000000002e-03,-1,-1,1.1509333333333384e-04,wind_direction:18.4_m:degrees
899,12,-1.0426516830921173e-01,5.2910447761194024e-02,901,902,3.7585765203831381e-04,bulk_richardson:18.4_m:none
900,-2,-2.0000000000000000e+00,6.7567567567567599e-02,-1,-1,2.2381300219137187e-04,wind_direction:18.4_m:degrees
901,-2,-2.0000000000000000e+00,3.6521739130434779e-02,-1,-1,1.4442344045368662e-04,wind_direction:18.4_m:degrees
902,5,5.6649999618530273e+01,5.6306306306306293e-02,1149,1150,3.5662689716743894e-04,relative_humidity:18.4_m:%
903,10,1.9233467102050781e+01,5.0967741935483889e-02,1829,1830,2.0228928199791940e-04,wind_speed:18.4_m:m_s-1
904,-2,-2.0000000000000000e+00,3.3333333333333335e-03,-1,-1,2.2222222222218530e-05,wind_direction:18.4_m:degrees
905,2,2.9408000183105469e+02,-1.7857142857142860e-02,1871,1872,9.5408163265306011e-05,water_sfc_temperature:0_m:K
906,11,2.6249000549316406e+02,-7.1910112359549879e-03,1095,1096,1.4064890796616650e-04,wind_direction:18.4_m:degrees
907,-2,-2.0000000000000000e+00,8.1132075471698119e-03,-1,-1,7.5685297258810982e-05,wind_direction:18.4_m:degrees
908,10,2.9260457754135132e+00,-4.2196531791907511e-03,909,910,1.1918874670052448e-04,wind_speed:18.4_m:m_s-1
909,-2,-2.0000000000000000e+00,-2.4666666666666663e-02,-1,-1,1.9822222222222257e-04,wind_direction:18.4_m:degrees
910,-2,-2.0000000000000000e+00,-2.2784810126582279e-03,-1,-1,6.8226245793943244e-05,wind_direction:18.4_m:degrees
911,5,4.1900001525878906e+01,2.0600000000000002e-01,1563,1564,6.0399999999999343e-04,relative_humidity:18.4_m:%
912,-2,-2.0000000000000000e+00,1.7437499999999997e-01,-1,-1,3.1210937499998037e-04,wind_direction:18.4_m:degrees
913,-2,-2.0000000000000000e+00,0.0000000000000000e+00,-1,-1,0.0000000000000000e+00,wind_direction:18.4_m:degrees
914,-2,-2.0000000000000000e+00,-8.0588235294117655e-02,-1,-1,1.1141868512110596e-04,wind_direction:18.4_m:degrees
915,-2,-2.0000000000000000e+00,-1.4047619047619052e-02,-1,-1,1.1456916099773218e-04,wind_direction:18.4_m:degrees
916,-2,-2.0000000000000000e+00,3.2499999999999994e-03,-1,-1,1.6193749999999994e-04,wind_direction:18.4_m:degrees
917,10,1.0066873550415039e+01,-2.6783439490445798e-02,919,920,1.6130978944379343e-04,wind_speed:18.4_m:m_s-1
918,3,1.0123000183105469e+03,-2.0586419753086366e-02,921,922,1.3021166742875699e-04,pressure:18.4_m:hPa
919,7,1.4499999880790710e+00,-2.3073170731707296e-02,1985,1986,1.2958001189768142e-04,wave_height:0_m:m
920,-2,-2.0000000000000000e+00,-3.3761467889908262e-02,-1,-1,1.4640181802879661e-04,wind_direction:18.4_m:degrees
921,12,7.3123390320688486e-03,-1.7566371681415921e-02,1579,1580,1.2372347090610199e-04,bulk_richardson:18.4_m:none
922,-2,-2.0000000000000000e+00,-2.7551020408163263e-02,-1,-1,7.5635152019997180e-05,wind_direction:18.4_m:degrees
923,-2,-2.0000000000000000e+00,2.5294117647058825e-02,-1,-1,1.0726643598615903e-04,wind_direction:18.4_m:degrees
924,12,-5.0812952686101198e-03,3.4615384615384612e-03,1749,1750,2.6878698224852061e-04,bulk_richardson:18.4_m:none
925,-2,-2.0000000000000000e+00,2.9999999999999999e-02,-1,-1,0.0000000000000000e+00,wind_direction:18.4_m:degrees
926,11,3.3777000427246094e+02,1.0959999999999999e-01,1115,1116,5.7183999999998840e-04,wind_direction:18.4_m:degrees
927,7,1.1500000357627869e+00,-7.2022160664819950e-04,1583,1584,5.6175648335008777e-05,wave_height:0_m:m
928,2,2.8375999450683594e+02,3.0973451327433654e-03,1501,1502,8.5096718615397602e-05,water_sfc_temperature:0_m:K
929,5,3.9949998855590820e+01,1.2520547945205479e-01,1053,1054,3.6742353161944505e-04,relative_humidity:18.4_m:%
930,-2,-2.0000000000000000e+00,9.9000000000000005e-02,-1,-1,2.2899999999999310e-04,wind_direction:18.4_m:degrees
931,4,5.3583381175994873e+00,-2.1881720430107523e-02,965,966,1.7871719273904689e-04,mixing_ratio:18.4_m:g_kg-1
932,2,2.9046499633789062e+02,-2.9944751381215464e-02,933,934,3.2430633985532325e-04,water_sfc_temperature:0_m:K
933,10,1.4266132354736328e+01,-2.6131386861313870e-02,937,938,2.6021631413500974e-04,wind_speed:18.4_m:m_s-1
934,10,1.3325650691986084e+01,-4.1818181818181831e-02,935,936,3.3760330578512521e-04,wind_speed:18.4_m:m_s-1
935,-2,-2.0000000000000000e+00,-4.9428571428571426e-02,-1,-1,1.3110204081632614e-04,wind_direction:18.4_m:degrees
936,-2,-2.0000000000000000e+00,-1.2222222222222223e-02,-1,-1,3.9506172839506675e-05,wind_direction:18.4_m:degrees
937,3,1.0118000183105469e+03,-2.4503816793893140e-02,1339,1340,2.0795990909620681e-04,pressure:18.4_m:hPa
938,-2,-2.0000000000000000e+00,-6.1666666666666668e-02,-1,-1,8.0555555555549430e-05,wind_direction:18.4_m:degrees
939,-2,-2.0000000000000000e+00,8.9999999999999997e-02,-1,-1,0.0000000000000000e+00,wind_direction:18.4_m:degrees
940,-2,-2.0000000000000000e+00,1.3173913043478261e-01,-1,-1,2.3175803402647119e-04,wind_direction:18.4_m:degrees
941,-2,-2.0000000000000000e+00,2.0000000000000004e-02,-1,-1,2.8888888888888877e-04,wind_direction:18.4_m:degrees
942,4,1.3980615615844727e+01,-6.4963503649635062e-03,1303,1304,1.5122808886994501e-04,mixing_ratio:18.4_m:g_kg-1
943,6,1.8500000000000000e+02,5.4687500000000014e-02,1903,1904,2.3115234375000121e-04,wave_direction:0_m:degrees
944,-2,-2.0000000000000000e+00,8.0000000000000002e-02,-1,-1,1.0769230769230691e-04,wind_direction:18.4_m:degrees
945,7,1.4499999880790710e+00,6.9999999999999993e-02,955,956,3.5135135135134360e-04,wave_height:0_m:m
946,-2,-2.0000000000000000e+00,5.3548387096774196e-02,-1,-1,7.4505723205004447e-05,wind_direction:18.4_m:degrees
947,-2,-2.0000000000000000e+00,6.4166666666666691e-02,-1,-1,1.7430555555555602e-04,wind_direction:18.4_m:degrees
948,-2,-2.0000000000000000e+00,3.7692307692307692e-02,-1,-1,1.1005917159763240e-04,wind_direction:18.4_m:degrees
949,9,8.9317844390869141e+01,9.9199999999999997e-02,1147,1148,4.0736000000000244e-04,angle_between_wind_wave:0_m:degrees
950,-2,-2.0000000000000000e+00,7.0000000000000007e-02,-1,-1,5.0000000000017045e-05,wind_direction:18.4_m:degrees
951,-2,-2.0000000000000000e+00,1.8000000000000006e-02,-1,-1,2.3599999999999988e-04,wind_direction:18.4_m:degrees
952,-2,-2.0000000000000000e+00,5.9999999999999998e-02,-1,-1,4.3368086899420177e-19,wind_direction:18.4_m:degrees
953,-2,-2.0000000000000000e+00,1.8300000000000000e-01,-1,-1,2.3099999999998816e-04,wind_direction:18.4_m:degrees
954,-2,-2.0000000000000000e+00,2.2499999999999998e-01,-1,-1,2.7500000000003910e-04,wind_direction:18.4_m:degrees
955,10,9.9164786338806152e+00,6.8169014084507054e-02,957,958,2.7974608212656335e-04,wind_speed:18.4_m:m_s-1
956,-2,-2.0000000000000000e+00,1.1333333333333333e-01,-1,-1,8.8888888888862330e-05,wind_direction:18.4_m:degrees
957,11,3.1384500122070312e+02,4.7500000000000007e-02,1983,1984,3.6874999999999972e-04,wind_direction:18.4_m:degrees
958,1,2.2578269195556641e+02,7.2372881355932200e-02,2009,2010,1.5708129847744751e-04,azimuth:0_m:degrees
959,4,9.9994581937789917e-01,6.8390804597701169e-03,1529,1530,8.7135024441801961e-05,mixing_ratio:18.4_m:g_kg-1
960,-2,-2.0000000000000000e+00,-7.0000000000000007e-02,-1,-1,-1.0408340855860843e-17,wind_direction:18.4_m:degrees
961,-2,-2.0000000000000000e+00,2.9999999999999999e-01,-1,-1,0.0000000000000000e+00,wind_direction:18.4_m:degrees
962,-2,-2.0000000000000000e+00,2.2157894736842104e-01,-1,-1,2.0277008310248118e-04,wind_direction:18.4_m:degrees
963,12,-6.2485404312610626e-02,5.1000000000000004e-02,1979,1980,3.0899999999999981e-04,bulk_richardson:18.4_m:none
964,-2,-2.0000000000000000e+00,2.4915254237288145e-02,-1,-1,1.0973858086756527e-04,wind_direction:18.4_m:degrees
965,-2,-2.0000000000000000e+00,-4.1428571428571426e-02,-1,-1,1.5510204081632673e-04,wind_direction:18.4_m:degrees
966,4,1.4459376811981201e+01,-2.0290697674418604e-02,1811,1812,1.4700851811790162e-04,mixing_ratio:18.4_m:g_kg-1
967,-2,-2.0000000000000000e+00,1.0000000000000001e-01,-1,-1,1.5999999999999695e-04,wind_direction:18.4_m:degrees
968,-2,-2.0000000000000000e+00,1.4799999999999999e-01,-1,-1,9.6000000000002333e-05,wind_direction:18.4_m:degrees
969,-2,-2.0000000000000000e+00,8.3333333333333329e-02,-1,-1,8.8888888888889218e-05,wind_direction:18.4_m:degrees
970,11,3.4189500427246094e+02,3.9247311827956981e-02,1239,1240,1.5427217019308901e-04,wind_direction:18.4_m:degrees
971,-2,-2.0000000000000000e+00,-1.8181818181818184e-02,-1,-1,1.3002754820936626e-04,wind_direction:18.4_m:degrees
972,-2,-2.0000000000000000e+00,-1.2000000000000001e-03,-1,-1,1.8560000000000022e-05,wind_direction:18.4_m:degrees
973,6,2.1950000000000000e+02,7.3333333333333334e-02,1793,1794,2.7222222222222231e-04,wave_direction:0_m:degrees
974,-2,-2.0000000000000000e+00,5.5151515151515167e-02,-1,-1,2.4921946740128539e-04,wind_direction:18.4_m:degrees
975,11,3.1034999084472656e+02,1.7107142857142854e-01,1331,1332,2.7385204081632752e-04,wind_direction:18.4_m:degrees
976,-2,-2.0000000000000000e+00,1.4222222222222225e-01,-1,-1,6.1728395061726171e-04,wind_direction:18.4_m:degrees
977,10,4.6295623779296875e+00,1.7102335928809657e-03,1063,1064,8.4422153338092331e-05,wind_speed:18.4_m:m_s-1
978,9,8.9765148162841797e+01,-2.0000000000000000e-02,1495,1496,3.5000000000000460e-04,angle_between_wind_wave:0_m:degrees
979,11,2.9772999572753906e+02,1.0375000000000001e-01,1201,1202,6.7343749999999869e-04,wind_direction:18.4_m:degrees
980,6,2.2350000000000000e+02,7.5774647887323951e-02,2003,2004,2.3003372346757159e-04,wave_direction:0_m:degrees
981,11,3.3219500732421875e+02,5.2608695652173909e-02,1407,1408,2.1928166351606890e-04,wind_direction:18.4_m:degrees
982,-2,-2.0000000000000000e+00,7.1739130434782625e-02,-1,-1,6.6540642722116329e-05,wind_direction:18.4_m:degrees
983,0,9.5049041748046875e+01,-9.5000000000000032e-03,1961,1962,1.7224999999999999e-04,zenith:0_m:degrees
984,2,2.9086000061035156e+02,-2.3000000000000010e-02,985,986,3.3299999999999942e-04,water_sfc_temperature:0_m:K
985,-2,-2.0000000000000000e+00,-1.3793103448275864e-02,-1,-1,1.2699167657550495e-04,wind_direction:18.4_m:degrees
986,2,2.9121000671386719e+02,-3.5714285714285726e-02,1243,1244,3.3877551020408117e-04,water_sfc_temperature:0_m:K
987,2,2.7788499450683594e+02,9.4782608695652207e-02,989,990,4.7277882797731527e-04,water_sfc_temperature:0_m:K
988,-2,-2.0000000000000000e+00,1.3000000000000000e-01,-1,-1,2.8000000000003716e-04,wind_direction:18.4_m:degrees
989,12,-5.9981999918818474e-02,1.0818181818181820e-01,2041,2042,3.6942148760330321e-04,bulk_richardson:18.4_m:none
990,-2,-2.0000000000000000e+00,8.2500000000000018e-02,-1,-1,2.5208333333332812e-04,wind_direction:18.4_m:degrees
991,-2,-2.0000000000000000e+00,-5.6666666666666671e-02,-1,-1,8.8888888888889218e-05,wind_direction:18.4_m:degrees
992,6,2.1650000000000000e+02,-1.3023255813953494e-02,993,994,2.0558860645393905e-04,wave_direction:0_m:degrees
993,6,2.1450000000000000e+02,-1.9333333333333341e-02,1519,1520,1.7422222222222210e-04,wave_direction:0_m:degrees
994,0,4.7589782714843750e+01,-4.2592592592592586e-03,1527,1528,1.1704389574759906e-04,zenith:0_m:degrees
995,-2,-2.0000000000000000e+00,2.5000000000000001e-02,-1,-1,2.2499999999999994e-04,wind_direction:18.4_m:degrees
996,4,1.2910335540771484e+01,-1.2599118942731267e-02,997,998,1.8135030759378260e-04,mixing_ratio:18.4_m:g_kg-1
997,12,-6.9080770481377840e-04,-9.8314606741573100e-03,1471,1472,1.3199406640575695e-04,bulk_richardson:18.4_m:none
998,9,9.1080806732177734e+01,-2.2653061224489804e-02,1047,1048,2.3173677634319336e-04,angle_between_wind_wave:0_m:degrees
999,4,1.0644494056701660e+01,-4.1649484536082478e-02,1975,1976,1.1892868530130715e-04,mixing_ratio:18.4_m:g_kg-1
1000,0,7.7415084838867188e+01,-5.2613636363636362e-02,1195,1196,1.4203254132231493e-04,zenith:0_m:degrees
1001,-2,-2.0000000000000000e+00,2.4864864864864871e-02,-1,-1,1.2227903579254936e-04,wind_direction:18.4_m:degrees
1002,3,1.0230000000000000e+03,1.0588235294117652e-02,1409,1410,9.1810841983852150e-05,pressure:18.4_m:hPa
1003,-2,-2.0000000000000000e+00,1.2750000000000000e-01,-1,-1,7.8750000000002429e-05,wind_direction:18.4_m:degrees
1004,-2,-2.0000000000000000e+00,1.0400000000000002e-01,-1,-1,8.3999999999995537e-05,wind_direction:18.4_m:degrees
1005,6,2.2450000000000000e+02,3.6555555555555549e-02,1205,1206,2.0035802469135690e-04,wave_direction:0_m:degrees
1006,-2,-2.0000000000000000e+00,2.2790697674418606e-02,-1,-1,1.2709572742023085e-04,wind_direction:18.4_m:degrees
1007,-2,-2.0000000000000000e+00,1.0800000000000001e-01,-1,-1,1.5999999999996919e-05,wind_direction:18.4_m:degrees
1008,-2,-2.0000000000000000e+00,1.4749999999999999e-01,-1,-1,1.5208333333334434e-04,wind_direction:18.4_m:degrees
1009,10,4.9819881916046143e+00,2.1976744186046525e-02,1549,1550,1.3911573823688475e-04,wind_speed:18.4_m:m_s-1
1010,-2,-2.0000000000000000e+00,7.5000000000000011e-02,-1,-1,2.4999999999998981e-05,wind_direction:18.4_m:degrees
1011,-2,-2.0000000000000000e+00,-5.7826086956521749e-02,-1,-1,1.4744801512287182e-04,wind_direction:18.4_m:degrees
1012,-2,-2.0000000000000000e+00,-9.0000000000000011e-02,-1,-1,-1.3877787807814457e-17,wind_direction:18.4_m:degrees
1013,-2,-2.0000000000000000e+00,1.9571428571428573e-01,-1,-1,6.7346938775511567e-05,wind_direction:18.4_m:degrees
1014,-2,-2.0000000000000000e+00,1.6142857142857142e-01,-1,-1,9.7959183673477362e-05,wind_direction:18.4_m:degrees
1015,-2,-2.0000000000000000e+00,3.7499999999999999e-03,-1,-1,1.9010416666666665e-04,wind_direction:18.4_m:degrees
1016,-2,-2.0000000000000000e+00,2.4285714285714292e-02,-1,-1,1.7448979591836735e-04,wind_direction:18.4_m:degrees
1017,10,1.1112412452697754e+01,4.0099999999999997e-02,2001,2002,1.5899000000000013e-04,wind_speed:18.4_m:m_s-1
1018,-2,-2.0000000000000000e+00,8.3333333333333329e-02,-1,-1,2.2222222222232496e-05,wind_direction:18.4_m:degrees
1019,12,-5.1250767428427935e-03,-8.0592105263157608e-03,1167,1168,1.2452280990304796e-04,bulk_richardson:18.4_m:none
1020,-2,-2.0000000000000000e+00,-3.7037037037037019e-04,-1,-1,4.8010973936900735e-05,wind_direction:18.4_m:degrees
1021,7,3.5000000894069672e-01,3.7499999999999999e-02,1497,1498,2.7784090909090966e-04,wave_height:0_m:m
1022,1,9.7599426269531250e+01,5.2321428571428581e-02,1023,1024,2.1068239795918493e-04,azimuth:0_m:degrees
1023,-2,-2.0000000000000000e+00,6.0937500000000012e-02,-1,-1,1.3349609374999679e-04,wind_direction:18.4_m:degrees
1024,-2,-2.0000000000000000e+00,4.0833333333333346e-02,-1,-1,8.2638888888891641e-05,wind_direction:18.4_m:degrees
1025,9,8.9401466369628906e+01,3.7499999999999999e-03,1867,1868,4.2343749999999993e-04,angle_between_wind_wave:0_m:degrees
1026,12,1.3318937737494707e-02,-2.3370786516853943e-02,1361,1362,1.8189622522408707e-04,bulk_richardson:18.4_m:none
1027,9,8.9875934600830078e+01,9.7272727272727261e-02,1255,1256,3.2438016528925362e-04,angle_between_wind_wave:0_m:degrees
1028,-2,-2.0000000000000000e+00,1.2300000000000000e-01,-1,-1,1.2100000000001346e-04,wind_direction:18.4_m:degrees
1029,-2,-2.0000000000000000e+00,-5.9999999999999998e-02,-1,-1,-4.3368086899420177e-19,wind_direction:18.4_m:degrees
1030,10,7.9839332103729248e+00,-1.7096774193548395e-02,1093,1094,1.5608740894901084e-04,wind_speed:18.4_m:m_s-1
1031,10,8.5790510177612305e+00,1.9166666666666672e-02,1165,1166,2.2430555555555534e-04,wind_speed:18.4_m:m_s-1
1032,-2,-2.0000000000000000e+00,7.0833333333333347e-03,-1,-1,6.4409722222222280e-05,wind_direction:18.4_m:degrees
1033,10,4.5367391109466553e+00,3.3851351351351325e-02,1525,1526,9.9356281957633770e-05,wind_speed:18.4_m:m_s-1
1034,3,1.0284000244140625e+03,4.9999999999999996e-02,1481,1482,2.3333333333333929e-04,pressure:18.4_m:hPa
1035,4,1.1869864940643311e+01,-2.5454545454545462e-02,1037,1038,2.6115702479338808e-04,mixing_ratio:18.4_m:g_kg-1
1036,11,1.9314999389648438e+02,-3.5897435897435860e-02,1083,1084,2.8675871137410179e-04,wind_direction:18.4_m:degrees
1037,2,2.8809500122070312e+02,-2.2222222222222218e-03,1467,1468,4.6172839506172846e-04,water_sfc_temperature:0_m:K
1038,-2,-2.0000000000000000e+00,-2.9122807017543870e-02,-1,-1,1.3080947983995007e-04,wind_direction:18.4_m:degrees
1039,-2,-2.0000000000000000e+00,2.0000000000000007e-02,-1,-1,1.2999999999999958e-04,wind_direction:18.4_m:degrees
1040,-2,-2.0000000000000000e+00,3.4482758620689650e-03,-1,-1,1.1914387633769359e-04,wind_direction:18.4_m:degrees
1041,-2,-2.0000000000000000e+00,-1.0000000000000000e-02,-1,-1,0.0000000000000000e+00,wind_direction:18.4_m:degrees
1042,-2,-2.0000000000000000e+00,-8.5833333333333331e-02,-1,-1,2.4305555555556059e-05,wind_direction:18.4_m:degrees
1043,12,-9.0625509619712830e-02,2.0142857142857140e-01,1045,1046,5.4557823129252475e-04,bulk_richardson:18.4_m:none
1044,-2,-2.0000000000000000e+00,2.3499999999999999e-01,-1,-1,1.2500000000000011e-04,wind_direction:18.4_m:degrees
1045,-2,-2.0000000000000000e+00,1.7571428571428571e-01,-1,-1,1.9591836734694432e-04,wind_direction:18.4_m:degrees
1046,-2,-2.0000000000000000e+00,2.1428571428571427e-01,-1,-1,2.2448979591838114e-04,wind_direction:18.4_m:degrees
1047,-2,-2.0000000000000000e+00,-1.7750000000000002e-02,-1,-1,1.2243749999999988e-04,wind_direction:18.4_m:degrees
1048,-2,-2.0000000000000000e+00,-4.4444444444444446e-02,-1,-1,1.3580246913580049e-04,wind_direction:18.4_m:degrees
1049,5,9.8649997711181641e+01,-1.5434782608695659e-02,1669,1670,1.9002835538752384e-04,relative_humidity:18.4_m:%
1050,5,9.8649997711181641e+01,-3.2962962962962965e-02,1175,1176,3.2455418381344180e-04,relative_humidity:18.4_m:%
1051,-2,-2.0000000000000000e+00,2.8000000000000003e-01,-1,-1,0.0000000000000000e+00,wind_direction:18.4_m:degrees
1052,0,1.2963339614868164e+02,2.2611111111111112e-01,1315,1316,4.9043209876543231e-04,zenith:0_m:degrees
1053,-2,-2.0000000000000000e+00,1.0785714285714286e-01,-1,-1,1.4540816326530717e-04,wind_direction:18.4_m:degrees
1054,11,3.1438999938964844e+02,1.2932203389830510e-01,1625,1626,3.3174375179546509e-04,wind_direction:18.4_m:degrees
1055,-2,-2.0000000000000000e+00,1.6000000000000000e-01,-1,-1,0.0000000000000000e+00,wind_direction:18.4_m:degrees
1056,-2,-2.0000000000000000e+00,2.3624999999999999e-01,-1,-1,2.7343750000000111e-04,wind_direction:18.4_m:degrees
1057,-2,-2.0000000000000000e+00,2.0874999999999999e-01,-1,-1,6.0937499999982880e-05,wind_direction:18.4_m:degrees
1058,1,3.4118876647949219e+02,1.7000000000000001e-01,1691,1692,5.9999999999997555e-04,azimuth:0_m:degrees
1059,6,1.7550000000000000e+02,-2.1999999999999999e-02,1061,1062,9.8933333333333338e-04,wave_direction:0_m:degrees
1060,-2,-2.0000000000000000e+00,-3.0303030303030320e-03,-1,-1,7.0278543005815748e-05,wind_direction:18.4_m:degrees
1061,-2,-2.0000000000000000e+00,-6.6666666666666671e-03,-1,-1,3.8888888888888925e-05,wind_direction:18.4_m:degrees
1062,-2,-2.0000000000000000e+00,-8.3333333333333329e-02,-1,-1,8.8888888888889218e-05,wind_direction:18.4_m:degrees
1063,12,-1.5881980210542679e-01,1.3595166163141901e-03,1065,1066,6.6429660189300807e-05,bulk_richardson:18.4_m:none
1064,4,5.9100496768951416e+00,5.7692307692307739e-03,1069,1070,2.7475793437331406e-04,mixing_ratio:18.4_m:g_kg-1
1065,10,3.0746934413909912e+00,2.7787610619468914e-03,1067,1068,6.3369932388336538e-05,wind_speed:18.4_m:m_s-1
1066,7,1.4499999880790710e+00,-1.3003095975232205e-04,1325,1326,6.5308169348886238e-05,wave_height:0_m:m
1067,10,3.0709117650985718e+00,1.2353401094605172e-03,1923,1924,4.1632652562198949e-05,wind_speed:18.4_m:m_s-1
1068,12,-2.1499988436698914e-01,7.5240384615384553e-03,1203,1204,1.0035999907544475e-04,bulk_richardson:18.4_m:none
1069,12,-8.3462677896022797e-02,1.5909090909090907e-02,1855,1856,1.3326446280991736e-04,bulk_richardson:18.4_m:none
1070,4,5.9330372810363770e+00,3.9256198347107476e-03,1071,1072,2.7839116180588749e-04,mixing_ratio:18.4_m:g_kg-1
1071,-2,-2.0000000000000000e+00,-5.9999999999999998e-02,-1,-1,-4.3368086899420177e-19,wind_direction:18.4_m:degrees
1072,3,9.9925000000000000e+02,4.7280334728033498e-03,1073,1074,2.2994695471017682e-04,pressure:18.4_m:hPa
1073,-2,-2.0000000000000000e+00,-5.9999999999999998e-02,-1,-1,0.0000000000000000e+00,wind_direction:18.4_m:degrees
1074,12,-1.1544223129749298e-01,5.2742616033755307e-03,1119,1120,1.9623279745055103e-04,bulk_richardson:18.4_m:none
1075,-2,-2.0000000000000000e+00,3.7168141592920359e-03,-1,-1,1.0299945179732162e-04,wind_direction:18.4_m:degrees
1076,12,-1.1023509874939919e-01,1.3535353535353543e-02,1107,1108,1.2386491174369948e-04,bulk_richardson:18.4_m:none
1077,-2,-2.0000000000000000e+00,1.3000000000000000e-01,-1,-1,1.4999999999999736e-04,wind_direction:18.4_m:degrees
1078,5,4.3350000381469727e+01,9.3090909090909113e-02,1079,1080,3.0862809917355828e-04,relative_humidity:18.4_m:%
1079,-2,-2.0000000000000000e+00,5.0000000000000003e-02,-1,-1,2.4999999999999979e-04,wind_direction:18.4_m:degrees
1080,8,6.3500001430511475e+00,9.6470588235294155e-02,1931,1932,1.5617070357554913e-04,wave_period:0_m:s
1081,9,8.7354553222656250e+01,1.1015873015873016e-01,1391,1392,2.4283194759384778e-04,angle_between_wind_wave:0_m:degrees
1082,-2,-2.0000000000000000e+00,8.8461538461538453e-02,-1,-1,1.6686390532545323e-04,wind_direction:18.4_m:degrees
1083,11,1.9220499420166016e+02,-4.3928571428571435e-02,1085,1086,3.1670918367346932e-04,wind_direction:18.4_m:degrees
1084,7,2.5000000000000000e+00,-3.2661870503597111e-02,1121,1122,2.3823818642927696e-04,wave_height:0_m:m
1085,-2,-2.0000000000000000e+00,-4.1111111111111112e-02,-1,-1,1.0617283950617169e-04,wind_direction:18.4_m:degrees
1086,-2,-2.0000000000000000e+00,-1.2000000000000000e-01,-1,-1,3.8163916471489756e-17,wind_direction:18.4_m:degrees
1087,-2,-2.0000000000000000e+00,3.2727272727272730e-02,-1,-1,2.5619834710743786e-04,wind_direction:18.4_m:degrees
1088,-2,-2.0000000000000000e+00,6.7142857142857143e-02,-1,-1,2.0408163265307061e-05,wind_direction:18.4_m:degrees
1089,-2,-2.0000000000000000e+00,1.0128205128205132e-02,-1,-1,4.4855358316896665e-05,wind_direction:18.4_m:degrees
1090,4,3.8765944242477417e+00,1.9644670050761408e-02,1265,1266,1.6078744621093123e-04,mixing_ratio:18.4_m:g_kg-1
1091,-2,-2.0000000000000000e+00,1.0428571428571430e-01,-1,-1,5.3061224489793155e-05,wind_direction:18.4_m:degrees
1092,1,2.2889378356933594e+02,1.4000000000000001e-01,1819,1820,4.8888888888889634e-04,azimuth:0_m:degrees
1093,-2,-2.0000000000000000e+00,-9.6153846153846159e-03,-1,-1,8.4467455621301717e-05,wind_direction:18.4_m:degrees
1094,-2,-2.0000000000000000e+00,-2.2500000000000006e-02,-1,-1,1.3819444444444361e-04,wind_direction:18.4_m:degrees
1095,12,2.1636190358549356e-03,-8.4663120567375245e-03,1097,1098,1.1511234029978426e-04,bulk_richardson:18.4_m:none
1096,11,3.3861500549316406e+02,-4.9846625766871121e-03,1293,1294,1.7714700402724995e-04,wind_direction:18.4_m:degrees
1097,7,2.1499999761581421e+00,-5.3333333333333366e-03,1099,1100,8.9955555555555581e-05,wave_height:0_m:m
1098,2,2.8851000976562500e+02,-1.0026560424966757e-02,1347,1348,1.2031801964342859e-04,water_sfc_temperature:0_m:K
1099,-2,-2.0000000000000000e+00,-6.3323782234957033e-03,-1,-1,7.4227633599067289e-05,wind_direction:18.4_m:degrees
1100,-2,-2.0000000000000000e+00,8.0769230769230770e-03,-1,-1,1.0784023668639181e-04,wind_direction:18.4_m:degrees
1101,3,1.0027500000000000e+03,2.4250000000000001e-02,1761,1762,1.9943749999999996e-04,pressure:18.4_m:hPa
1102,10,7.2721159458160400e+00,5.2380952380952379e-03,1103,1104,4.6303854875283460e-04,wind_speed:18.4_m:m_s-1
1103,-2,-2.0000000000000000e+00,-8.0000000000000002e-02,-1,-1,0.0000000000000000e+00,wind_direction:18.4_m:degrees
1104,-2,-2.0000000000000000e+00,9.4999999999999998e-03,-1,-1,1.0475000000000000e-04,wind_direction:18.4_m:degrees
1105,-2,-2.0000000000000000e+00,1.0333333333333333e-01,-1,-1,4.4444444444440706e-05,wind_direction:18.4_m:degrees
1106,-2,-2.0000000000000000e+00,7.1000000000000008e-02,-1,-1,4.9000000000000432e-05,wind_direction:18.4_m:degrees
1107,-2,-2.0000000000000000e+00,2.2307692307692317e-02,-1,-1,4.3392504930966132e-05,wind_direction:18.4_m:degrees
1108,-2,-2.0000000000000000e+00,7.8333333333333362e-03,-1,-1,9.3638888888888602e-05,wind_direction:18.4_m:degrees
1109,-2,-2.0000000000000000e+00,-1.1567796610169490e-02,-1,-1,1.0983014938236146e-04,wind_direction:18.4_m:degrees
1110,6,1.9950000000000000e+02,-1.6823056300267994e-02,1181,1182,2.1765501800488001e-04,wave_direction:0_m:degrees
1111,-2,-2.0000000000000000e+00,7.8461538461538458e-02,-1,-1,1.0532544378697925e-04,wind_direction:18.4_m:degrees
1112,-2,-2.0000000000000000e+00,1.1142857142857143e-01,-1,-1,3.2653061224489216e-04,wind_direction:18.4_m:degrees
1113,-2,-2.0000000000000000e+00,4.3636363636363633e-02,-1,-1,1.1404958677686036e-04,wind_direction:18.4_m:degrees
1114,-2,-2.0000000000000000e+00,7.6250000000000012e-02,-1,-1,1.4843749999999666e-04,wind_direction:18.4_m:degrees
1115,11,3.2683999633789062e+02,1.2307692307692308e-01,1367,1368,4.9822485207100947e-04,wind_direction:18.4_m:degrees
1116,-2,-2.0000000000000000e+00,9.5000000000000015e-02,-1,-1,2.4166666666666434e-04,wind_direction:18.4_m:degrees
1117,-2,-2.0000000000000000e+00,4.0434782608695652e-02,-1,-1,1.3459357277882840e-04,wind_direction:18.4_m:degrees
1118,2,2.7578500366210938e+02,2.4726027397260267e-02,1599,1600,8.9308500656783900e-05,water_sfc_temperature:0_m:K
1119,-2,-2.0000000000000000e+00,1.2575757575757577e-02,-1,-1,1.3124426078971521e-04,wind_direction:18.4_m:degrees
1120,-2,-2.0000000000000000e+00,2.4561403508771931e-03,-1,-1,1.9279778393351818e-04,wind_direction:18.4_m:degrees
1121,5,8.6349998474121094e+01,-3.3805970149253725e-02,1171,1172,1.6685787480508023e-04,relative_humidity:18.4_m:%
1122,6,1.8600000000000000e+02,-1.9999999999999992e-03,1123,1124,1.1760000000000034e-03,wave_direction:0_m:degrees
1123,-2,-2.0000000000000000e+00,-2.9999999999999999e-02,-1,-1,-1.0842021724855044e-19,wind_direction:18.4_m:degrees
1124,-2,-2.0000000000000000e+00,4.0000000000000001e-02,-1,-1,0.0000000000000000e+00,wind_direction:18.4_m:degrees
1125,-2,-2.0000000000000000e+00,9.5625000000000016e-02,-1,-1,1.4960937499999827e-04,wind_direction:18.4_m:degrees
1126,3,1.0159500122070312e+03,7.4571428571428580e-02,1127,1128,4.0767346938775425e-04,pressure:18.4_m:hPa
1127,1,2.2161634826660156e+02,8.1923076923076932e-02,1803,1804,3.1553254437869695e-04,azimuth:0_m:degrees
1128,-2,-2.0000000000000000e+00,5.3333333333333330e-02,-1,-1,6.6666666666670166e-05,wind_direction:18.4_m:degrees
1129,5,3.4450000762939453e+01,1.5370370370370368e-01,1131,1132,6.0109739368996787e-04,relative_humidity:18.4_m:%
1130,1,1.5899164915084839e+01,1.7135135135135132e-01,1433,1434,4.8195763330897631e-04,azimuth:0_m:degrees
1131,-2,-2.0000000000000000e+00,1.7999999999999999e-01,-1,-1,5.7142857142859771e-05,wind_direction:18.4_m:degrees
1132,-2,-2.0000000000000000e+00,1.4449999999999999e-01,-1,-1,4.6475000000000335e-04,wind_direction:18.4_m:degrees
1133,10,9.0595250129699707e+00,-2.8444444444444460e-02,1335,1336,2.3535802469135776e-04,wind_speed:18.4_m:m_s-1
1134,-2,-2.0000000000000000e+00,-7.0000000000000007e-02,-1,-1,-1.7347234759768071e-18,wind_direction:18.4_m:degrees
1135,-2,-2.0000000000000000e+00,1.7999999999999999e-01,-1,-1,0.0000000000000000e+00,wind_direction:18.4_m:degrees
1136,10,1.2788105964660645e+01,1.2948717948717953e-01,1755,1756,3.3307034845496755e-04,wind_speed:18.4_m:m_s-1
1137,1,5.2393478393554688e+01,-4.0940766550522610e-03,1559,1560,1.0362181160388034e-04,azimuth:0_m:degrees
1138,10,8.8015928268432617e+00,-7.3590504451038618e-04,1139,1140,1.0236645563489975e-04,wind_speed:18.4_m:m_s-1
1139,10,8.7566938400268555e+00,-1.3845144356955386e-03,1141,1142,8.9618552848216975e-05,wind_speed:18.4_m:m_s-1
1140,4,1.0417544364929199e+01,5.4037267080745358e-03,1279,1280,1.8135874387561975e-04,mixing_ratio:18.4_m:g_kg-1
1141,12,-1.7621446400880814e-02,-1.2590639419907722e-03,1509,1510,7.4683709868686866e-05,bulk_richardson:18.4_m:none
1142,10,8.7623791694641113e+00,-2.8571428571428571e-02,1143,1144,2.5836734693877421e-03,wind_speed:18.4_m:m_s-1
1143,-2,-2.0000000000000000e+00,-1.4999999999999999e-01,-1,-1,0.0000000000000000e+00,wind_direction:18.4_m:degrees
1144,-2,-2.0000000000000000e+00,-8.3333333333333332e-03,-1,-1,1.4722222222222209e-04,wind_direction:18.4_m:degrees
1145,-2,-2.0000000000000000e+00,1.4333333333333334e-01,-1,-1,1.7037037037038322e-04,wind_direction:18.4_m:degrees
1146,-2,-2.0000000000000000e+00,1.6818181818181818e-01,-1,-1,3.0578512396689170e-04,wind_direction:18.4_m:degrees
1147,-2,-2.0000000000000000e+00,1.3250000000000001e-01,-1,-1,4.1874999999999898e-04,wind_direction:18.4_m:degrees
1148,3,1.0241500244140625e+03,9.6304347826086975e-02,1421,1422,3.0155954631380134e-04,pressure:18.4_m:hPa
1149,1,2.4677613258361816e+01,5.0769230769230768e-02,1153,1154,2.7171597633136174e-04,azimuth:0_m:degrees
1150,12,-7.5157410465180874e-03,6.4130434782608700e-02,1151,1152,3.7206994328922976e-04,bulk_richardson:18.4_m:none
1151,8,6.5499999523162842e+00,6.9268292682926849e-02,1917,1918,1.6287923854848077e-04,wave_period:0_m:s
1152,-2,-2.0000000000000000e+00,2.1999999999999999e-02,-1,-1,9.6000000000002117e-05,wind_direction:18.4_m:degrees
1153,-2,-2.0000000000000000e+00,8.5000000000000006e-02,-1,-1,2.4999999999998114e-05,wind_direction:18.4_m:degrees
1154,11,2.9073500061035156e+02,4.8524590163934442e-02,1653,1654,2.0601988712711785e-04,wind_direction:18.4_m:degrees
1155,-2,-2.0000000000000000e+00,1.6000000000000000e-01,-1,-1,0.0000000000000000e+00,wind_direction:18.4_m:degrees
1156,2,2.7900999450683594e+02,1.1033898305084748e-01,1207,1208,4.0666475150818657e-04,water_sfc_temperature:0_m:K
1157,-2,-2.0000000000000000e+00,-2.3566878980891721e-03,-1,-1,8.6802710049089214e-05,wind_direction:18.4_m:degrees
1158,2,2.9437500000000000e+02,4.3478260869565235e-03,1159,1160,1.6184174993248763e-04,water_sfc_temperature:0_m:K
1159,12,-1.4730127528309822e-02,4.0000000000000018e-03,1227,1228,1.4087500000000005e-04,bulk_richardson:18.4_m:none
1160,-2,-2.0000000000000000e+00,5.9999999999999998e-02,-1,-1,4.0000000000000408e-04,wind_direction:18.4_m:degrees
1161,-2,-2.0000000000000000e+00,1.0500000000000002e-01,-1,-1,1.5000000000000083e-04,wind_direction:18.4_m:degrees
1162,-2,-2.0000000000000000e+00,1.3800000000000001e-01,-1,-1,2.1600000000001479e-04,wind_direction:18.4_m:degrees
1163,5,4.2299999237060547e+01,9.8888888888888901e-02,2021,2022,1.8765432098765550e-04,relative_humidity:18.4_m:%
1164,-2,-2.0000000000000000e+00,7.2000000000000008e-02,-1,-1,1.7599999999999560e-04,wind_direction:18.4_m:degrees
1165,-2,-2.0000000000000000e+00,1.3863636363636366e-02,-1,-1,1.1007231404958678e-04,wind_direction:18.4_m:degrees
1166,9,9.0316738128662109e+01,3.3750000000000002e-02,1861,1862,2.4843749999999801e-04,angle_between_wind_wave:0_m:degrees
1167,10,5.1729769706726074e+00,-8.2178217821781887e-03,1565,1566,1.1728588700454289e-04,wind_speed:18.4_m:m_s-1
1168,-2,-2.0000000000000000e+00,4.0000000000000001e-02,-1,-1,1.3010426069826053e-18,wind_direction:18.4_m:degrees
1169,-2,-2.0000000000000000e+00,1.0666666666666667e-01,-1,-1,2.2222222222220353e-05,wind_direction:18.4_m:degrees
1170,-2,-2.0000000000000000e+00,6.5897435897435908e-02,-1,-1,1.6778435239973594e-04,wind_direction:18.4_m:degrees
1171,-2,-2.0000000000000000e+00,-1.8888888888888889e-02,-1,-1,5.4320987654320966e-05,wind_direction:18.4_m:degrees
1172,6,2.1100000000000000e+02,-3.6120689655172400e-02,1799,1800,1.4443370986920424e-04,wave_direction:0_m:degrees
1173,12,-8.9791316539049149e-02,1.2357142857142857e-01,1921,1922,2.5153061224490562e-04,bulk_richardson:18.4_m:none
1174,1,1.2418014526367188e+02,1.5090909090909091e-01,1523,1524,3.7190082644629127e-04,azimuth:0_m:degrees
1175,-2,-2.0000000000000000e+00,-1.7272727272727276e-02,-1,-1,1.4710743801652886e-04,wind_direction:18.4_m:degrees
1176,-2,-2.0000000000000000e+00,-4.3749999999999997e-02,-1,-1,1.6093750000000027e-04,wind_direction:18.4_m:degrees
1177,6,2.2650000000000000e+02,2.7785714285714286e-01,1179,1180,4.8826530612244845e-04,wave_direction:0_m:degrees
1178,-2,-2.0000000000000000e+00,2.5586206896551722e-01,-1,-1,1.2770511296079923e-04,wind_direction:18.4_m:degrees
1179,-2,-2.0000000000000000e+00,2.6727272727272727e-01,-1,-1,7.4380165289253397e-05,wind_direction:18.4_m:degrees
1180,-2,-2.0000000000000000e+00,3.1666666666666665e-01,-1,-1,8.8888888888874473e-05,wind_direction:18.4_m:degrees
1181,3,1.0009500122070312e+03,-1.8749999999999926e-02,1183,1184,2.1481681034483008e-04,pressure:18.4_m:hPa
1182,-2,-2.0000000000000000e+00,-1.3652482269503535e-02,-1,-1,2.0616291937026026e-04,wind_direction:18.4_m:degrees
1183,6,1.8700000000000000e+02,-8.1578947368421070e-03,1499,1500,2.6239612188365646e-04,wave_direction:0_m:degrees
1184,3,1.0011499938964844e+03,-1.9694835680751106e-02,1185,1186,1.9967213295422404e-04,pressure:18.4_m:hPa
1185,-2,-2.0000000000000000e+00,-1.4000000000000001e-01,-1,-1,0.0000000000000000e+00,wind_direction:18.4_m:degrees
1186,8,4.0499999523162842e+00,-1.9127358490565977e-02,1747,1748,1.3202151566394022e-04,wave_period:0_m:s
1187,-2,-2.0000000000000000e+00,1.1428571428571429e-02,-1,-1,1.5510204081632651e-04,wind_direction:18.4_m:degrees
1188,3,1.0195499877929688e+03,2.4537037037037031e-02,1837,1838,1.4145233196159181e-04,pressure:18.4_m:hPa
1189,-2,-2.0000000000000000e+00,3.7272727272727270e-02,-1,-1,3.8016528925620408e-05,wind_direction:18.4_m:degrees
1190,-2,-2.0000000000000000e+00,1.2000000000000000e-02,-1,-1,1.2600000000000005e-04,wind_direction:18.4_m:degrees
1191,3,1.0038500061035156e+03,1.2146596858638748e-02,1193,1194,1.3937117951810538e-04,pressure:18.4_m:hPa
1192,-2,-2.0000000000000000e+00,5.9999999999999998e-02,-1,-1,-7.3725747729014302e-18,wind_direction:18.4_m:degrees
1193,-2,-2.0000000000000000e+00,2.4814814814814814e-02,-1,-1,1.3607681755829900e-04,wind_direction:18.4_m:degrees
1194,-2,-2.0000000000000000e+00,1.0060975609756103e-02,-1,-1,1.0914262343842944e-04,wind_direction:18.4_m:degrees
1195,-2,-2.0000000000000000e+00,-6.4000000000000001e-02,-1,-1,1.2000000000000118e-04,wind_direction:18.4_m:degrees
1196,-2,-2.0000000000000000e+00,-4.8095238095238114e-02,-1,-1,7.8911564625850934e-05,wind_direction:18.4_m:degrees
1197,-2,-2.0000000000000000e+00,8.0000000000000002e-02,-1,-1,3.0000000000000079e-04,wind_direction:18.4_m:degrees
1198,2,2.9024499511718750e+02,5.1090909090909097e-02,2017,2018,3.4426446280991750e-04,water_sfc_temperature:0_m:K
1199,7,2.2500000000000000e+00,-3.3651804670912890e-03,1229,1230,9.1541802462124063e-05,wave_height:0_m:m
1200,3,1.0131499938964844e+03,-7.0993914807302100e-03,1485,1486,1.2241811321996767e-04,pressure:18.4_m:hPa
1201,-2,-2.0000000000000000e+00,1.2750000000000000e-01,-1,-1,1.6874999999999876e-04,wind_direction:18.4_m:degrees
1202,-2,-2.0000000000000000e+00,8.0000000000000002e-02,-1,-1,4.9999999999997963e-05,wind_direction:18.4_m:degrees
1203,-2,-2.0000000000000000e+00,1.1830065359477131e-02,-1,-1,9.8611645093767163e-05,wind_direction:18.4_m:degrees
1204,10,3.7359821796417236e+00,5.0190114068441091e-03,2035,2036,8.4315227920022382e-05,wind_speed:18.4_m:m_s-1
1205,3,1.0142000122070312e+03,4.4615384615384619e-02,1615,1616,1.8895463510848172e-04,pressure:18.4_m:hPa
1206,-2,-2.0000000000000000e+00,3.0392156862745108e-02,-1,-1,1.2141484044598291e-04,wind_direction:18.4_m:degrees
1207,10,1.1979713916778564e+01,1.0799999999999998e-01,1417,1418,3.5054545454545234e-04,wind_speed:18.4_m:m_s-1
1208,-2,-2.0000000000000000e+00,1.4250000000000002e-01,-1,-1,6.8749999999957734e-05,wind_direction:18.4_m:degrees
1209,-2,-2.0000000000000000e+00,2.3999999999999999e-01,-1,-1,1.4999999999999736e-04,wind_direction:18.4_m:degrees
1210,1,3.0859396362304688e+02,2.7608695652173909e-01,1405,1406,4.9338374291113540e-04,azimuth:0_m:degrees
1211,4,3.3573789596557617e+00,3.7325581395348841e-02,1607,1608,1.8238236884802485e-04,mixing_ratio:18.4_m:g_kg-1
1212,-2,-2.0000000000000000e+00,5.4210526315789473e-02,-1,-1,1.5069252077562836e-04,wind_direction:18.4_m:degrees
1213,9,9.0085433959960938e+01,-2.8108108108108102e-02,1273,1274,2.7074506939371947e-04,angle_between_wind_wave:0_m:degrees
1214,2,2.9314500427246094e+02,-2.0681818181818176e-02,1215,1216,2.7794421487603707e-04,water_sfc_temperature:0_m:K
1215,10,1.0770488739013672e+01,-1.9461077844311375e-02,1703,1704,2.5060776650292224e-04,wind_speed:18.4_m:m_s-1
1216,-2,-2.0000000000000000e+00,-4.3333333333333335e-02,-1,-1,2.4444444444444297e-04,wind_direction:18.4_m:degrees
1217,-2,-2.0000000000000000e+00,-3.4999999999999996e-02,-1,-1,2.4999999999999849e-05,wind_direction:18.4_m:degrees
1218,-2,-2.0000000000000000e+00,-8.0000000000000002e-02,-1,-1,-1.7347234759768071e-18,wind_direction:18.4_m:degrees
1219,-2,-2.0000000000000000e+00,2.3999999999999999e-01,-1,-1,0.0000000000000000e+00,wind_direction:18.4_m:degrees
1220,9,8.7479331970214844e+01,1.9120000000000001e-01,1895,1896,2.8255999999998727e-04,angle_between_wind_wave:0_m:degrees
1221,10,8.4383134841918945e+00,1.0000000000000007e-02,1223,1224,1.9886363636363640e-04,wind_speed:18.4_m:m_s-1
1222,-2,-2.0000000000000000e+00,2.2903225806451620e-02,-1,-1,7.2216441207078523e-05,wind_direction:18.4_m:degrees
1223,-2,-2.0000000000000000e+00,1.1264367816091960e-02,-1,-1,6.0470339542872031e-05,wind_direction:18.4_m:degrees
1224,-2,-2.0000000000000000e+00,-1.0000000000000001e-01,-1,-1,2.0816681711721685e-17,wind_direction:18.4_m:degrees
1225,4,8.5539422035217285e+00,-1.9819819819819822e-02,2023,2024,1.8375131888645371e-04,mixing_ratio:18.4_m:g_kg-1
1226,3,1.0176999816894531e+03,-9.5454545454545462e-03,1505,1506,1.6191460055096484e-04,pressure:18.4_m:hPa
1227,2,2.9303498840332031e+02,6.2393162393162421e-03,1443,1444,1.4483161662648853e-04,water_sfc_temperature:0_m:K
1228,-2,-2.0000000000000000e+00,-2.0930232558139541e-03,-1,-1,7.9340183883179905e-05,wind_direction:18.4_m:degrees
1229,11,2.0446500396728516e+02,-3.2659574468085041e-03,1877,1878,8.7099479402444961e-05,wind_direction:18.4_m:degrees
1230,-2,-2.0000000000000000e+00,-5.0000000000000003e-02,-1,-1,-4.2500725161431774e-17,wind_direction:18.4_m:degrees
1231,2,2.9425000000000000e+02,-1.3020457280384977e-02,1233,1234,1.6043159112663790e-04,water_sfc_temperature:0_m:K
1232,7,1.6500000357627869e+00,-9.5705521472392256e-03,1437,1438,1.3447815122887501e-04,wave_height:0_m:m
1233,0,2.0705887794494629e+01,-1.2939759036144484e-02,1535,1536,1.5521323849615560e-04,zenith:0_m:degrees
1234,-2,-2.0000000000000000e+00,-8.0000000000000002e-02,-1,-1,-5.0306980803327406e-17,wind_direction:18.4_m:degrees
1235,-2,-2.0000000000000000e+00,1.6500000000000001e-01,-1,-1,1.5833333333332977e-04,wind_direction:18.4_m:degrees
1236,-2,-2.0000000000000000e+00,1.2250000000000000e-01,-1,-1,1.8750000000011813e-05,wind_direction:18.4_m:degrees
1237,-2,-2.0000000000000000e+00,4.2592592592592592e-02,-1,-1,1.0068587105624156e-04,wind_direction:18.4_m:degrees
1238,-2,-2.0000000000000000e+00,6.2941176470588237e-02,-1,-1,1.1487889273356210e-04,wind_direction:18.4_m:degrees
1239,-2,-2.0000000000000000e+00,4.1187500000000002e-02,-1,-1,1.2671484374999977e-04,wind_direction:18.4_m:degrees
1240,3,1.0222500000000000e+03,2.7307692307692314e-02,1647,1648,1.5813609467456920e-04,pressure:18.4_m:hPa
1241,-2,-2.0000000000000000e+00,1.9185185185185191e-02,-1,-1,1.0822496570644718e-04,wind_direction:18.4_m:degrees
1242,2,2.8971499633789062e+02,3.2258064516129038e-02,1967,1968,1.9812695109261208e-04,water_sfc_temperature:0_m:K
1243,-2,-2.0000000000000000e+00,-5.8333333333333341e-02,-1,-1,1.8055555555555490e-04,wind_direction:18.4_m:degrees
1244,-2,-2.0000000000000000e+00,-2.6666666666666668e-02,-1,-1,1.1555555555555516e-04,wind_direction:18.4_m:degrees
1245,10,7.1458101272583008e+00,3.1443298969072190e-03,1247,1248,7.4821093279484188e-05,wind_speed:18.4_m:m_s-1
1246,-2,-2.0000000000000000e+00,-7.6923076923076936e-03,-1,-1,9.9802761341223061e-05,wind_direction:18.4_m:degrees
1247,-2,-2.0000000000000000e+00,2.1083172147001944e-03,-1,-1,5.8030820572488917e-05,wind_direction:18.4_m:degrees
1248,12,-4.3367538601160049e-02,1.1384615384615387e-02,1413,1414,1.3192899408284058e-04,bulk_richardson:18.4_m:none
1249,-2,-2.0000000000000000e+00,1.7631578947368425e-02,-1,-1,9.1759002770082625e-05,wind_direction:18.4_m:degrees
1250,-2,-2.0000000000000000e+00,4.0000000000000001e-02,-1,-1,1.0909090909091003e-04,wind_direction:18.4_m:degrees
1251,-2,-2.0000000000000000e+00,2.7000000000000002e-01,-1,-1,0.0000000000000000e+00,wind_direction:18.4_m:degrees
1252,-2,-2.0000000000000000e+00,1.9000000000000000e-01,-1,-1,0.0000000000000000e+00,wind_direction:18.4_m:degrees
1253,-2,-2.0000000000000000e+00,1.5500000000000000e-01,-1,-1,4.7499999999999973e-04,wind_direction:18.4_m:degrees
1254,-2,-2.0000000000000000e+00,1.9500000000000001e-01,-1,-1,2.2500000000002379e-04,wind_direction:18.4_m:degrees
1255,-2,-2.0000000000000000e+00,8.6500000000000021e-02,-1,-1,1.4274999999999358e-04,wind_direction:18.4_m:degrees
1256,-2,-2.0000000000000000e+00,1.0625000000000000e-01,-1,-1,2.9843750000001050e-04,wind_direction:18.4_m:degrees
1257,-2,-2.0000000000000000e+00,2.3214285714285725e-02,-1,-1,1.2538265306122408e-04,wind_direction:18.4_m:degrees
1258,11,3.0662001037597656e+02,3.3354838709677412e-02,1259,1260,2.1068054110302023e-04,wind_direction:18.4_m:degrees
1259,0,1.3756299591064453e+02,2.4565217391304361e-02,1419,1420,1.9002835538752276e-04,zenith:0_m:degrees
1260,1,7.6853351593017578e+00,3.7064220183486221e-02,1521,1522,1.7303257301574211e-04,azimuth:0_m:degrees
1261,-2,-2.0000000000000000e+00,1.7037037037037045e-02,-1,-1,1.3196159122085010e-04,wind_direction:18.4_m:degrees
1262,-2,-2.0000000000000000e+00,1.8965517241379304e-03,-1,-1,9.8127229488703855e-05,wind_direction:18.4_m:degrees
1263,-2,-2.0000000000000000e+00,4.4545454545454555e-02,-1,-1,7.0247933884296995e-05,wind_direction:18.4_m:degrees
1264,-2,-2.0000000000000000e+00,2.4210526315789471e-02,-1,-1,1.8227146814404340e-04,wind_direction:18.4_m:degrees
1265,5,6.6650001525878906e+01,2.3305785123966940e-02,1725,1726,1.2626186735878702e-04,relative_humidity:18.4_m:%
1266,6,2.2550000000000000e+02,1.3815789473684214e-02,1267,1268,1.6043975069252113e-04,wave_direction:0_m:degrees
1267,-2,-2.0000000000000000e+00,3.9285714285714288e-03,-1,-1,7.3852040816326539e-05,wind_direction:18.4_m:degrees
1268,7,1.5000000000000000e+00,1.9583333333333338e-02,1425,1426,1.2065972222222203e-04,wave_height:0_m:m
1269,-2,-2.0000000000000000e+00,8.5882352941176451e-02,-1,-1,4.7750865051904290e-05,wind_direction:18.4_m:degrees
1270,-2,-2.0000000000000000e+00,1.1666666666666665e-01,-1,-1,5.5555555555537872e-05,wind_direction:18.4_m:degrees
1271,-2,-2.0000000000000000e+00,1.7000000000000001e-01,-1,-1,0.0000000000000000e+00,wind_direction:18.4_m:degrees
1272,-2,-2.0000000000000000e+00,2.1923076923076923e-01,-1,-1,2.2248520710059505e-04,wind_direction:18.4_m:degrees
1273,9,9.0054866790771484e+01,-3.0956521739130438e-02,1275,1276,2.7473724007561395e-04,angle_between_wind_wave:0_m:degrees
1274,-2,-2.0000000000000000e+00,-1.8181818181818184e-02,-1,-1,1.3002754820937216e-04,wind_direction:18.4_m:degrees
1275,-2,-2.0000000000000000e+00,-2.9459459459459460e-02,-1,-1,1.4565376186997762e-04,wind_direction:18.4_m:degrees
1276,12,9.9683254957199097e-03,-7.2500000000000009e-02,1277,1278,2.0687500000000072e-03,bulk_richardson:18.4_m:none
1277,-2,-2.0000000000000000e+00,-4.6666666666666669e-02,-1,-1,8.8888888888887484e-05,wind_direction:18.4_m:degrees
1278,-2,-2.0000000000000000e+00,-1.4999999999999999e-01,-1,-1,0.0000000000000000e+00,wind_direction:18.4_m:degrees
1279,12,-2.1813250146806240e-02,2.8682170542635665e-03,1295,1296,1.7084309837149197e-04,bulk_richardson:18.4_m:none
1280,-2,-2.0000000000000000e+00,1.5625000000000000e-02,-1,-1,9.3359374999999584e-05,wind_direction:18.4_m:degrees
1281,-2,-2.0000000000000000e+00,8.7200000000000000e-02,-1,-1,2.2016000000000136e-04,wind_direction:18.4_m:degrees
1282,-2,-2.0000000000000000e+00,1.2666666666666668e-01,-1,-1,1.5555555555555808e-04,wind_direction:18.4_m:degrees
1283,-2,-2.0000000000000000e+00,1.6062500000000002e-01,-1,-1,1.4335937500000243e-04,wind_direction:18.4_m:degrees
1284,-2,-2.0000000000000000e+00,1.2000000000000000e-01,-1,-1,2.0000000000001267e-04,wind_direction:18.4_m:degrees
1285,-2,-2.0000000000000000e+00,1.4000000000000002e-02,-1,-1,5.0666666666666633e-05,wind_direction:18.4_m:degrees
1286,-2,-2.0000000000000000e+00,3.2884615384615401e-02,-1,-1,9.3602071005915912e-05,wind_direction:18.4_m:degrees
1287,-2,-2.0000000000000000e+00,7.0000000000000007e-02,-1,-1,0.0000000000000000e+00,wind_direction:18.4_m:degrees
1288,1,2.4272486114501953e+02,5.1515151515151526e-03,1289,1290,3.0073461891643702e-04,azimuth:0_m:degrees
1289,0,8.8376766204833984e+01,1.9298245614035084e-03,1603,1604,2.4715297014465991e-04,zenith:0_m:degrees
1290,-2,-2.0000000000000000e+00,2.5555555555555554e-02,-1,-1,1.5802469135802334e-04,wind_direction:18.4_m:degrees
1291,5,5.6149999618530273e+01,3.5211267605633818e-02,1943,1944,1.5453283078754160e-04,relative_humidity:18.4_m:%
1292,-2,-2.0000000000000000e+00,5.1500000000000011e-02,-1,-1,1.3275000000000136e-04,wind_direction:18.4_m:degrees
1293,3,1.0116499938964844e+03,-4.5497630331753549e-03,1777,1778,1.6824120452520552e-04,pressure:18.4_m:hPa
1294,3,1.0017999877929688e+03,-1.9473684210526320e-02,1531,1532,2.5761772853187119e-04,pressure:18.4_m:hPa
1295,-2,-2.0000000000000000e+00,1.3571428571428571e-02,-1,-1,1.1581632653061229e-04,wind_direction:18.4_m:degrees
1296,0,2.9257624626159668e+01,-9.9009900990098827e-05,1993,1994,1.4553475149495132e-04,zenith:0_m:degrees
1297,-2,-2.0000000000000000e+00,-1.0000000000000000e-02,-1,-1,1.6000000000000004e-04,wind_direction:18.4_m:degrees
1298,-2,-2.0000000000000000e+00,-8.0000000000000002e-02,-1,-1,8.6736173798840355e-19,wind_direction:18.4_m:degrees
1299,-2,-2.0000000000000000e+00,3.6086956521739134e-02,-1,-1,6.7296786389413983e-05,wind_direction:18.4_m:degrees
1300,-2,-2.0000000000000000e+00,1.3333333333333334e-02,-1,-1,1.0555555555555527e-04,wind_direction:18.4_m:degrees
1301,-2,-2.0000000000000000e+00,2.4523809523809535e-02,-1,-1,1.3905895691609959e-04,wind_direction:18.4_m:degrees
1302,-2,-2.0000000000000000e+00,1.1111111111111109e-03,-1,-1,9.8765432098764830e-05,wind_direction:18.4_m:degrees
1303,12,9.9887995747849345e-04,-6.0294117647058847e-03,1969,1970,1.2246972318339093e-04,bulk_richardson:18.4_m:none
1304,-2,-2.0000000000000000e+00,-7.0000000000000007e-02,-1,-1,-1.0408340855860843e-17,wind_direction:18.4_m:degrees
1305,-2,-2.0000000000000000e+00,-6.3333333333333339e-02,-1,-1,3.5555555555555514e-04,wind_direction:18.4_m:degrees
1306,-2,-2.0000000000000000e+00,-2.2500000000000003e-02,-1,-1,1.8541666666666652e-04,wind_direction:18.4_m:degrees
1307,-2,-2.0000000000000000e+00,-1.6000000000000000e-01,-1,-1,0.0000000000000000e+00,wind_direction:18.4_m:degrees
1308,-2,-2.0000000000000000e+00,-1.1099999999999999e-01,-1,-1,1.2900000000000238e-04,wind_direction:18.4_m:degrees
1309,5,6.6850002288818359e+01,-2.5634178905206964e-03,1459,1460,1.2907641875861223e-04,relative_humidity:18.4_m:%
1310,11,3.3535000610351562e+02,-1.1800000000000001e-02,1977,1978,1.3476000000000121e-04,wind_direction:18.4_m:degrees
1311,-2,-2.0000000000000000e+00,4.8181818181818194e-02,-1,-1,1.6942148760330572e-04,wind_direction:18.4_m:degrees
1312,8,5.5000000000000000e+00,6.4878048780487835e-02,1933,1934,2.0547293277810817e-04,wave_period:0_m:s
1313,-2,-2.0000000000000000e+00,1.3333333333333332e-02,-1,-1,1.4343434343434350e-04,wind_direction:18.4_m:degrees
1314,8,7.5000000000000000e+00,-1.5384615384615355e-04,1539,1540,1.3382248520710051e-04,wave_period:0_m:s
1315,-2,-2.0000000000000000e+00,2.5000000000000000e-01,-1,-1,0.0000000000000000e+00,wind_direction:18.4_m:degrees
1316,-2,-2.0000000000000000e+00,2.1692307692307691e-01,-1,-1,3.7514792899407540e-04,wind_direction:18.4_m:degrees
1317,-2,-2.0000000000000000e+00,1.6500000000000004e-02,-1,-1,1.1774999999999985e-04,wind_direction:18.4_m:degrees
1318,5,6.9750000000000000e+01,4.7474747474747494e-03,1319,1320,1.4614835220895807e-04,relative_humidity:18.4_m:%
1319,-2,-2.0000000000000000e+00,1.7619047619047621e-02,-1,-1,1.1337868480725607e-04,wind_direction:18.4_m:degrees
1320,1,4.6719291687011719e+01,1.2820512820512823e-03,2033,2034,9.8356344510190576e-05,azimuth:0_m:degrees
1321,-2,-2.0000000000000000e+00,-7.2857142857142856e-02,-1,-1,1.9183673469387423e-04,wind_direction:18.4_m:degrees
1322,4,8.5723557472229004e+00,-1.0444444444444445e-01,1667,1668,3.5802469135802657e-04,mixing_ratio:18.4_m:g_kg-1
1323,10,8.8475441932678223e+00,3.0166666666666682e-02,1645,1646,1.7497222222222133e-04,wind_speed:18.4_m:m_s-1
1324,-2,-2.0000000000000000e+00,1.3333333333333332e-02,-1,-1,1.3333333333333299e-04,wind_direction:18.4_m:degrees
1325,11,3.1112500000000000e+02,1.2722646310432613e-04,1329,1330,5.3418927930902889e-05,wind_direction:18.4_m:degrees
1326,1,3.3783460998535156e+02,-9.5348837209302314e-03,1327,1328,4.0908599242834079e-04,azimuth:0_m:degrees
1327,0,6.8401725769042969e+01,-7.8571428571428594e-03,1631,1632,2.9778911564625854e-04,zenith:0_m:degrees
1328,-2,-2.0000000000000000e+00,-8.0000000000000002e-02,-1,-1,-1.7347234759768071e-18,wind_direction:18.4_m:degrees
1329,-2,-2.0000000000000000e+00,6.9734004313443630e-04,-1,-1,4.3007606152523117e-05,wind_direction:18.4_m:degrees
1330,9,9.0126815795898438e+01,-4.2541436464088398e-03,2025,2026,1.1173651597936649e-04,angle_between_wind_wave:0_m:degrees
1331,-2,-2.0000000000000000e+00,2.0000000000000001e-01,-1,-1,2.9999999999999472e-04,wind_direction:18.4_m:degrees
1332,-2,-2.0000000000000000e+00,1.6624999999999995e-01,-1,-1,1.0677083333333892e-04,wind_direction:18.4_m:degrees
1333,-2,-2.0000000000000000e+00,1.7400000000000006e-02,-1,-1,5.9239999999999792e-05,wind_direction:18.4_m:degrees
1334,-2,-2.0000000000000000e+00,6.8141592920354004e-03,-1,-1,5.1797321638342695e-05,wind_direction:18.4_m:degrees
1335,-2,-2.0000000000000000e+00,-8.9999999999999997e-02,-1,-1,0.0000000000000000e+00,wind_direction:18.4_m:degrees
1336,5,9.7000000000000000e+01,-2.7045454545454553e-02,2005,2006,1.5263429752066069e-04,relative_humidity:18.4_m:%
1337,-2,-2.0000000000000000e+00,-7.3999999999999996e-02,-1,-1,1.4400000000000003e-04,wind_direction:18.4_m:degrees
1338,-2,-2.0000000000000000e+00,-4.4666666666666681e-02,-1,-1,2.8266666666666674e-04,wind_direction:18.4_m:degrees
1339,10,1.3385694503784180e+01,-1.8688524590163940e-02,1341,1342,2.4418167159365748e-04,wind_speed:18.4_m:m_s-1
1340,-2,-2.0000000000000000e+00,-2.9571428571428589e-02,-1,-1,1.2124489795918309e-04,wind_direction:18.4_m:degrees
1341,-2,-2.0000000000000000e+00,-2.2777777777777786e-02,-1,-1,1.2746913580246883e-04,wind_direction:18.4_m:degrees
1342,-2,-2.0000000000000000e+00,1.2857142857142857e-02,-1,-1,2.0408163265305191e-05,wind_direction:18.4_m:degrees
1343,-2,-2.0000000000000000e+00,9.6000000000000002e-02,-1,-1,8.3999999999999006e-05,wind_direction:18.4_m:degrees
1344,-2,-2.0000000000000000e+00,6.2000000000000000e-02,-1,-1,1.5999999999998221e-05,wind_direction:18.4_m:degrees
1345,-2,-2.0000000000000000e+00,2.0476190476190478e-02,-1,-1,9.9773242630385559e-05,wind_direction:18.4_m:degrees
1346,12,-2.1567139774560928e-02,6.2176165803108840e-03,1897,1898,9.0874922816719833e-05,bulk_richardson:18.4_m:none
1347,2,2.8699000549316406e+02,-1.2275132275132239e-02,1727,1728,8.3712662019541265e-05,water_sfc_temperature:0_m:K
1348,3,1.0050500183105469e+03,-7.7599999999999900e-03,1349,1350,1.4698240000000050e-04,pressure:18.4_m:hPa
1349,11,2.4014500427246094e+02,-2.1600000000000001e-02,1991,1992,2.4544000000000014e-04,wind_direction:18.4_m:degrees
1350,11,2.3843999481201172e+02,-6.7714285714285732e-03,1353,1354,1.2529061224489835e-04,wind_direction:18.4_m:degrees
1351,-2,-2.0000000000000000e+00,1.4117647058823528e-02,-1,-1,2.4221453287196837e-05,wind_direction:18.4_m:degrees
1352,-2,-2.0000000000000000e+00,3.6428571428571428e-02,-1,-1,1.0867346938775446e-04,wind_direction:18.4_m:degrees
1353,-2,-2.0000000000000000e+00,-3.3918128654970769e-03,-1,-1,8.3232447590711651e-05,wind_direction:18.4_m:degrees
1354,10,8.6796445846557617e+00,-1.0000000000000007e-02,1833,1834,1.4413407821229062e-04,wind_speed:18.4_m:m_s-1
1355,2,2.9270001220703125e+02,-2.1941747572815522e-02,1913,1914,1.4962767461589293e-04,water_sfc_temperature:0_m:K
1356,-2,-2.0000000000000000e+00,6.0000000000000001e-03,-1,-1,2.4000000000011581e-05,wind_direction:18.4_m:degrees
1357,-2,-2.0000000000000000e+00,6.6774193548387109e-02,-1,-1,2.0894901144640800e-04,wind_direction:18.4_m:degrees
1358,1,1.1728459548950195e+02,5.1842105263157905e-02,1533,1534,1.6765927977839285e-04,azimuth:0_m:degrees
1359,-2,-2.0000000000000000e+00,6.6666666666666671e-03,-1,-1,2.2222222222222217e-05,wind_direction:18.4_m:degrees
1360,-2,-2.0000000000000000e+00,4.7777777777777780e-02,-1,-1,3.9506172839506512e-05,wind_direction:18.4_m:degrees
1361,11,2.6101499938964844e+02,-1.9855072463768126e-02,1973,1974,1.4635580760344455e-04,wind_direction:18.4_m:degrees
1362,-2,-2.0000000000000000e+00,-3.5499999999999997e-02,-1,-1,1.1474999999999832e-04,wind_direction:18.4_m:degrees
1363,6,2.0850000000000000e+02,-2.4705882352941185e-02,1853,1854,1.1314878892733512e-04,wave_direction:0_m:degrees
1364,3,1.0208999938964844e+03,-1.2919708029197088e-02,1365,1366,1.0242421013373124e-04,pressure:18.4_m:hPa
1365,-2,-2.0000000000000000e+00,-9.2631578947368464e-03,-1,-1,7.8404432132963924e-05,wind_direction:18.4_m:degrees
1366,-2,-2.0000000000000000e+00,-2.1190476190476197e-02,-1,-1,5.8106575963718060e-05,wind_direction:18.4_m:degrees
1367,-2,-2.0000000000000000e+00,9.7500000000000003e-02,-1,-1,3.1874999999999959e-04,wind_direction:18.4_m:degrees
1368,-2,-2.0000000000000000e+00,1.3444444444444445e-01,-1,-1,1.5802469135801911e-04,wind_direction:18.4_m:degrees
1369,-2,-2.0000000000000000e+00,5.5555555555555552e-02,-1,-1,2.4691358024691353e-04,wind_direction:18.4_m:degrees
1370,2,2.9037500000000000e+02,3.3802816901408461e-02,1371,1372,2.1229914699464280e-04,water_sfc_temperature:0_m:K
1371,-2,-2.0000000000000000e+00,3.0819672131147547e-02,-1,-1,1.6490190808922270e-04,wind_direction:18.4_m:degrees
1372,-2,-2.0000000000000000e+00,5.2000000000000005e-02,-1,-1,1.1600000000000282e-04,wind_direction:18.4_m:degrees
1373,-2,-2.0000000000000000e+00,8.6999999999999994e-02,-1,-1,1.8100000000000234e-04,wind_direction:18.4_m:degrees
1374,-2,-2.0000000000000000e+00,4.6666666666666669e-02,-1,-1,8.8888888888884014e-05,wind_direction:18.4_m:degrees
1375,10,2.6510279178619385e+00,-2.4464831804281342e-04,1997,1998,1.1798296065613634e-04,wind_speed:18.4_m:m_s-1
1376,12,2.7056774497032166e-01,-2.8208203406092313e-03,1377,1378,1.0612308774152807e-04,bulk_richardson:18.4_m:none
1377,8,6.0499999523162842e+00,-2.7334300919206298e-03,1675,1676,1.0176880502208356e-04,wave_period:0_m:s
1378,12,2.8709407150745392e-01,-1.3142857142857142e-02,1379,1380,5.1297959183674215e-04,bulk_richardson:18.4_m:none
1379,3,1.0080000000000000e+03,-4.1666666666666664e-02,1381,1382,1.2805555555555552e-03,pressure:18.4_m:hPa
1380,-2,-2.0000000000000000e+00,-7.2413793103448263e-03,-1,-1,1.5101070154577894e-04,wind_direction:18.4_m:degrees
1381,-2,-2.0000000000000000e+00,-8.9999999999999997e-02,-1,-1,0.0000000000000000e+00,wind_direction:18.4_m:degrees
1382,-2,-2.0000000000000000e+00,-1.7499999999999998e-02,-1,-1,1.6874999999999990e-04,wind_direction:18.4_m:degrees
1383,-2,-2.0000000000000000e+00,2.2000000000000002e-02,-1,-1,8.5999999999999597e-05,wind_direction:18.4_m:degrees
1384,-2,-2.0000000000000000e+00,-4.0000000000000001e-02,-1,-1,4.7704895589362195e-18,wind_direction:18.4_m:degrees
1385,4,1.6467264294624329e+00,6.8064516129032249e-02,1387,1388,2.9947970863683851e-04,mixing_ratio:18.4_m:g_kg-1
1386,11,3.0998500061035156e+02,8.3055555555555577e-02,1439,1440,2.1566358024691784e-04,wind_direction:18.4_m:degrees
1387,-2,-2.0000000000000000e+00,7.8888888888888897e-02,-1,-1,1.9876543209876654e-04,wind_direction:18.4_m:degrees
1388,-2,-2.0000000000000000e+00,5.3076923076923070e-02,-1,-1,5.2071005917160747e-05,wind_direction:18.4_m:degrees
1389,-2,-2.0000000000000000e+00,6.7000000000000004e-02,-1,-1,6.0999999999999423e-05,wind_direction:18.4_m:degrees
1390,-2,-2.0000000000000000e+00,9.0000000000000011e-02,-1,-1,1.0833333333332661e-04,wind_direction:18.4_m:degrees
1391,-2,-2.0000000000000000e+00,8.9999999999999997e-02,-1,-1,0.0000000000000000e+00,wind_direction:18.4_m:degrees
1392,8,4.1499998569488525e+00,1.1309090909090912e-01,1759,1760,2.1044628099173290e-04,wave_period:0_m:s
1393,-2,-2.0000000000000000e+00,-3.3846153846153852e-02,-1,-1,1.1597633136094655e-04,wind_direction:18.4_m:degrees
1394,11,2.7362500000000000e+02,-1.6444444444444442e-02,1395,1396,1.1980246913580287e-04,wind_direction:18.4_m:degrees
1395,-2,-2.0000000000000000e+00,-2.0909090909090915e-02,-1,-1,7.0082644628098958e-05,wind_direction:18.4_m:degrees
1396,5,5.9449998855590820e+01,-1.2173913043478266e-02,1397,1398,1.3005671077504760e-04,relative_humidity:18.4_m:%
1397,-2,-2.0000000000000000e+00,-2.1111111111111112e-02,-1,-1,8.2098765432098576e-05,wind_direction:18.4_m:degrees
1398,-2,-2.0000000000000000e+00,-8.1012658227848124e-03,-1,-1,9.8926454093895144e-05,wind_direction:18.4_m:degrees
1399,2,2.8761499023437500e+02,1.2310344827586209e-01,1401,1402,2.7657550535078144e-04,water_sfc_temperature:0_m:K
1400,-2,-2.0000000000000000e+00,1.6000000000000000e-01,-1,-1,6.6666666666631569e-05,wind_direction:18.4_m:degrees
1401,-2,-2.0000000000000000e+00,1.3692307692307693e-01,-1,-1,1.2899408284024194e-04,wind_direction:18.4_m:degrees
1402,-2,-2.0000000000000000e+00,1.1187499999999999e-01,-1,-1,1.1523437499999685e-04,wind_direction:18.4_m:degrees
1403,-2,-2.0000000000000000e+00,1.7647058823529415e-03,-1,-1,1.6747404844290659e-04,wind_direction:18.4_m:degrees
1404,-2,-2.0000000000000000e+00,2.6000000000000002e-02,-1,-1,6.3999999999999713e-05,wind_direction:18.4_m:degrees
1405,-2,-2.0000000000000000e+00,2.7999999999999997e-01,-1,-1,3.6190476190478549e-04,wind_direction:18.4_m:degrees
1406,-2,-2.0000000000000000e+00,2.3499999999999999e-01,-1,-1,2.4999999999872347e-05,wind_direction:18.4_m:degrees
1407,-2,-2.0000000000000000e+00,4.4400000000000002e-02,-1,-1,2.0064000000000236e-04,wind_direction:18.4_m:degrees
1408,-2,-2.0000000000000000e+00,6.2380952380952384e-02,-1,-1,6.5759637188206148e-05,wind_direction:18.4_m:degrees
1409,5,7.4599998474121094e+01,-1.0000000000000000e-02,1927,1928,3.5000000000000005e-04,relative_humidity:18.4_m:%
1410,-2,-2.0000000000000000e+00,1.2340425531914900e-02,-1,-1,3.0692621095518004e-05,wind_direction:18.4_m:degrees
1411,-2,-2.0000000000000000e+00,3.1000000000000000e-02,-1,-1,8.9000000000000212e-05,wind_direction:18.4_m:degrees
1412,-2,-2.0000000000000000e+00,5.4285714285714305e-02,-1,-1,1.2925170068026938e-04,wind_direction:18.4_m:degrees
1413,-2,-2.0000000000000000e+00,2.5714285714285710e-02,-1,-1,8.1632653061224775e-05,wind_direction:18.4_m:degrees
1414,-2,-2.0000000000000000e+00,7.4509803921568637e-03,-1,-1,7.3894655901576305e-05,wind_direction:18.4_m:degrees
1415,-2,-2.0000000000000000e+00,6.2962962962962955e-03,-1,-1,7.5171467764060358e-05,wind_direction:18.4_m:degrees
1416,-2,-2.0000000000000000e+00,-6.4102564102564100e-03,-1,-1,3.8395792241946139e-05,wind_direction:18.4_m:degrees
1417,9,9.0435642242431641e+01,9.9999999999999992e-02,1441,1442,3.4285714285714475e-04,angle_between_wind_wave:0_m:degrees
1418,-2,-2.0000000000000000e+00,1.1629629629629631e-01,-1,-1,2.2331961591221666e-04,wind_direction:18.4_m:degrees
1419,-2,-2.0000000000000000e+00,3.1379310344827598e-02,-1,-1,1.2223543400713367e-04,wind_direction:18.4_m:degrees
1420,-2,-2.0000000000000000e+00,1.2941176470588235e-02,-1,-1,9.1349480968857090e-05,wind_direction:18.4_m:degrees
1421,-2,-2.0000000000000000e+00,9.9749999999999978e-02,-1,-1,2.0743749999999408e-04,wind_direction:18.4_m:degrees
1422,-2,-2.0000000000000000e+00,7.3333333333333334e-02,-1,-1,3.2222222222223589e-04,wind_direction:18.4_m:degrees
1423,10,1.0389603614807129e+01,5.6060606060606075e-02,1637,1638,2.0569329660238703e-04,wind_speed:18.4_m:m_s-1
1424,-2,-2.0000000000000000e+00,1.0000000000000001e-01,-1,-1,9.9999999999966435e-05,wind_direction:18.4_m:degrees
1425,-2,-2.0000000000000000e+00,6.6666666666666662e-03,-1,-1,4.8888888888888890e-05,wind_direction:18.4_m:degrees
1426,-2,-2.0000000000000000e+00,2.5454545454545462e-02,-1,-1,4.2975206611570085e-05,wind_direction:18.4_m:degrees
1427,-2,-2.0000000000000000e+00,1.1333333333333333e-01,-1,-1,1.2222222222222495e-04,wind_direction:18.4_m:degrees
1428,-2,-2.0000000000000000e+00,1.4307692307692307e-01,-1,-1,2.0591715976329972e-04,wind_direction:18.4_m:degrees
1429,-2,-2.0000000000000000e+00,-6.6000000000000003e-02,-1,-1,2.3999999999999716e-05,wind_direction:18.4_m:degrees
1430,-2,-2.0000000000000000e+00,0.0000000000000000e+00,-1,-1,0.0000000000000000e+00,wind_direction:18.4_m:degrees
1431,-2,-2.0000000000000000e+00,5.9999999999999998e-02,-1,-1,0.0000000000000000e+00,wind_direction:18.4_m:degrees
1432,9,8.7243064880371094e+01,-5.0000000000000001e-03,2037,2038,4.2500000000000003e-04,angle_between_wind_wave:0_m:degrees
1433,-2,-2.0000000000000000e+00,1.3000000000000000e-01,-1,-1,0.0000000000000000e+00,wind_direction:18.4_m:degrees
1434,0,9.5090335845947266e+01,1.7371428571428571e-01,1593,1594,4.0620408163266619e-04,zenith:0_m:degrees
1435,-2,-2.0000000000000000e+00,7.3076923076923095e-02,-1,-1,2.4437869822484855e-04,wind_direction:18.4_m:degrees
1436,-2,-2.0000000000000000e+00,5.8139534883720950e-02,-1,-1,1.9188750676041224e-04,wind_direction:18.4_m:degrees
1437,11,1.1101499938964844e+02,-1.0096618357487876e-02,1571,1572,1.2559452962729707e-04,wind_direction:18.4_m:degrees
1438,1,2.9887252807617188e+02,9.6774193548387129e-04,1541,1542,1.9583766909467940e-04,azimuth:0_m:degrees
1439,-2,-2.0000000000000000e+00,7.1874999999999994e-02,-1,-1,1.0273437500000170e-04,wind_direction:18.4_m:degrees
1440,-2,-2.0000000000000000e+00,9.2000000000000012e-02,-1,-1,1.2599999999999070e-04,wind_direction:18.4_m:degrees
1441,-2,-2.0000000000000000e+00,9.4090909090909086e-02,-1,-1,2.5144628099173574e-04,wind_direction:18.4_m:degrees
1442,-2,-2.0000000000000000e+00,1.2166666666666666e-01,-1,-1,8.0555555555564609e-05,wind_direction:18.4_m:degrees
1443,-2,-2.0000000000000000e+00,7.5000000000000032e-03,-1,-1,1.1591981132075466e-04,wind_direction:18.4_m:degrees
1444,9,8.9755432128906250e+01,-5.9090909090909081e-03,1445,1446,2.6053719008264643e-04,angle_between_wind_wave:0_m:degrees
1445,-2,-2.0000000000000000e+00,-7.0000000000000007e-02,-1,-1,0.0000000000000000e+00,wind_direction:18.4_m:degrees
1446,-2,-2.0000000000000000e+00,-2.8571428571428576e-03,-1,-1,6.8027210884353740e-05,wind_direction:18.4_m:degrees
1447,2,2.8642500305175781e+02,-5.1909476661951741e-03,1451,1452,6.9093666287219134e-05,water_sfc_temperature:0_m:K
1448,5,8.6549999237060547e+01,-8.1759656652360055e-03,1449,1450,1.6555701891727626e-04,relative_humidity:18.4_m:%
1449,-2,-2.0000000000000000e+00,-8.9999999999999997e-02,-1,-1,0.0000000000000000e+00,wind_direction:18.4_m:degrees
1450,2,2.9181500244140625e+02,-7.9999999999999464e-03,1453,1454,1.5148387096774210e-04,water_sfc_temperature:0_m:K
1451,-2,-2.0000000000000000e+00,-7.5844155844155712e-03,-1,-1,7.8580536346770460e-05,wind_direction:18.4_m:degrees
1452,-2,-2.0000000000000000e+00,-2.3291925465838514e-03,-1,-1,4.2711508043671570e-05,wind_direction:18.4_m:degrees
1453,9,8.8331611633300781e+01,-1.0543478260869547e-02,1455,1456,1.3176984877126747e-04,angle_between_wind_wave:0_m:degrees
1454,11,1.0012500000000000e+02,-6.3345195729537273e-03,1773,1774,1.5738275857701860e-04,wind_direction:18.4_m:degrees
1455,2,2.9000500488281250e+02,-5.3333333333333337e-02,1457,1458,2.6888888888888887e-03,water_sfc_temperature:0_m:K
1456,-2,-2.0000000000000000e+00,-1.0191780821917792e-02,-1,-1,9.5579658472509822e-05,wind_direction:18.4_m:degrees
1457,-2,-2.0000000000000000e+00,2.0000000000000000e-02,-1,-1,0.0000000000000000e+00,wind_direction:18.4_m:degrees
1458,-2,-2.0000000000000000e+00,-8.9999999999999997e-02,-1,-1,0.0000000000000000e+00,wind_direction:18.4_m:degrees
1459,8,4.7500000000000000e+00,3.0927835051546386e-03,1461,1462,3.6569242214900622e-04,wave_period:0_m:s
1460,8,1.3500000000000000e+01,-3.4049079754601224e-03,1515,1516,8.8406601678648467e-05,wave_period:0_m:s
1461,-2,-2.0000000000000000e+00,-1.4615384615384615e-02,-1,-1,1.3254437869822483e-04,wind_direction:18.4_m:degrees
1462,1,3.2752499389648438e+02,5.8333333333333336e-03,1463,1464,3.4573412698412693e-04,azimuth:0_m:degrees
1463,-2,-2.0000000000000000e+00,4.1975308641975309e-03,-1,-1,2.8361530254534373e-04,wind_direction:18.4_m:degrees
1464,-2,-2.0000000000000000e+00,5.0000000000000010e-02,-1,-1,-2.1684043449710089e-18,wind_direction:18.4_m:degrees
1465,-2,-2.0000000000000000e+00,9.0000000000000011e-02,-1,-1,2.5000000000000716e-05,wind_direction:18.4_m:degrees
1466,-2,-2.0000000000000000e+00,5.6000000000000008e-02,-1,-1,2.4000000000004053e-05,wind_direction:18.4_m:degrees
1467,-2,-2.0000000000000000e+00,-2.0000000000000000e-02,-1,-1,1.2000000000000004e-04,wind_direction:18.4_m:degrees
1468,-2,-2.0000000000000000e+00,2.0000000000000000e-02,-1,-1,-1.0842021724855044e-19,wind_direction:18.4_m:degrees
1469,-2,-2.0000000000000000e+00,8.1666666666666679e-02,-1,-1,2.8055555555555473e-04,wind_direction:18.4_m:degrees
1470,-2,-2.0000000000000000e+00,1.0947368421052635e-01,-1,-1,1.3130193905817183e-04,wind_direction:18.4_m:degrees
1471,8,4.8500001430511475e+00,-5.1764705882352954e-03,1621,1622,1.3555709342560548e-04,wave_period:0_m:s
1472,-2,-2.0000000000000000e+00,-1.4086021505376353e-02,-1,-1,9.0831309978031834e-05,wind_direction:18.4_m:degrees
1473,-2,-2.0000000000000000e+00,3.8666666666666669e-02,-1,-1,2.1155555555555554e-04,wind_direction:18.4_m:degrees
1474,-2,-2.0000000000000000e+00,2.0000000000000004e-02,-1,-1,8.3870967741934055e-05,wind_direction:18.4_m:degrees
1475,-2,-2.0000000000000000e+00,2.0000000000000004e-02,-1,-1,1.1904761904761867e-04,wind_direction:18.4_m:degrees
1476,-2,-2.0000000000000000e+00,2.9411764705882353e-03,-1,-1,3.2525951557093365e-05,wind_direction:18.4_m:degrees
1477,5,6.3050001144409180e+01,7.4999999999999997e-02,1557,1558,2.9642857142857248e-04,relative_humidity:18.4_m:%
1478,4,4.3346557617187500e+00,9.3714285714285708e-02,1713,1714,1.7763265306122190e-04,mixing_ratio:18.4_m:g_kg-1
1479,5,4.8750000000000000e+01,3.0000000000000009e-02,1729,1730,1.9259259259259251e-04,relative_humidity:18.4_m:%
1480,-2,-2.0000000000000000e+00,1.3599999999999999e-02,-1,-1,4.7039999999999116e-05,wind_direction:18.4_m:degrees
1481,-2,-2.0000000000000000e+00,5.3636363636363642e-02,-1,-1,9.5867768595041692e-05,wind_direction:18.4_m:degrees
1482,-2,-2.0000000000000000e+00,1.0000000000000000e-02,-1,-1,2.6834003769016235e-18,wind_direction:18.4_m:degrees
1483,5,8.1200000762939453e+01,9.1111111111111115e-02,1873,1874,3.8765432098765255e-04,relative_humidity:18.4_m:%
1484,-2,-2.0000000000000000e+00,5.9999999999999998e-02,-1,-1,2.6666666666667373e-04,wind_direction:18.4_m:degrees
1485,-2,-2.0000000000000000e+00,-2.9078014184397176e-03,-1,-1,4.0480861123685920e-05,wind_direction:18.4_m:degrees
1486,7,9.4999998807907104e-01,-8.7784090909090798e-03,1487,1488,1.4538271565082723e-04,wave_height:0_m:m
1487,2,2.9235499572753906e+02,-6.5476190476190512e-03,1491,1492,7.3398526077097403e-05,water_sfc_temperature:0_m:K
1488,4,1.4917818546295166e+01,-1.4400000000000003e-02,1489,1490,2.8264000000000251e-04,mixing_ratio:18.4_m:g_kg-1
1489,6,1.6200000000000000e+02,-1.1847826086956526e-02,1789,1790,2.0854206049149333e-04,wave_direction:0_m:degrees
1490,-2,-2.0000000000000000e+00,-4.3749999999999997e-02,-1,-1,1.9843750000000330e-04,wind_direction:18.4_m:degrees
1491,-2,-2.0000000000000000e+00,-3.0000000000000002e-02,-1,-1,1.9999999999999966e-04,wind_direction:18.4_m:degrees
1492,-2,-2.0000000000000000e+00,-5.6790123456790156e-03,-1,-1,4.7584209724127263e-05,wind_direction:18.4_m:degrees
1493,-2,-2.0000000000000000e+00,-8.5714285714285719e-03,-1,-1,9.0816326530612234e-05,wind_direction:18.4_m:degrees
1494,-2,-2.0000000000000000e+00,-4.0000000000000001e-02,-1,-1,1.0000000000000070e-04,wind_direction:18.4_m:degrees
1495,-2,-2.0000000000000000e+00,-4.0000000000000001e-02,-1,-1,0.0000000000000000e+00,wind_direction:18.4_m:degrees
1496,-2,-2.0000000000000000e+00,-5.7142857142857143e-03,-1,-1,1.1020408163265297e-04,wind_direction:18.4_m:degrees
1497,-2,-2.0000000000000000e+00,7.0000000000000007e-02,-1,-1,1.9999999999999966e-04,wind_direction:18.4_m:degrees
1498,4,3.5814571380615234e+00,3.5121951219512205e-02,2043,2044,2.0059488399762132e-04,mixing_ratio:18.4_m:g_kg-1
1499,-2,-2.0000000000000000e+00,-1.6666666666666666e-02,-1,-1,1.6507936507936506e-04,wind_direction:18.4_m:degrees
1500,-2,-2.0000000000000000e+00,2.3529411764705885e-03,-1,-1,1.8269896193771627e-04,wind_direction:18.4_m:degrees
1501,-2,-2.0000000000000000e+00,7.3793103448275884e-03,-1,-1,4.9683709869203253e-05,wind_direction:18.4_m:degrees
1502,5,1.0085000228881836e+02,1.9324577861163236e-03,1503,1504,8.8385681951782901e-05,relative_humidity:18.4_m:%
1503,11,1.3738999938964844e+02,2.1240601503759414e-03,2029,2030,6.8984609079088694e-05,wind_direction:18.4_m:degrees
1504,-2,-2.0000000000000000e+00,-1.0000000000000001e-01,-1,-1,8.1532003370909933e-17,wind_direction:18.4_m:degrees
1505,4,1.4132922649383545e+01,-3.5897435897435902e-03,1507,1508,1.6147271531886915e-04,mixing_ratio:18.4_m:g_kg-1
1506,-2,-2.0000000000000000e+00,-1.8148148148148146e-02,-1,-1,3.7311385459533265e-05,wind_direction:18.4_m:degrees
1507,-2,-2.0000000000000000e+00,-1.5306383611560064e-19,-1,-1,8.2352941176470581e-05,wind_direction:18.4_m:degrees
1508,-2,-2.0000000000000000e+00,-2.8000000000000004e-02,-1,-1,1.6000000000000172e-05,wind_direction:18.4_m:degrees
1509,10,8.0583910942077637e+00,-1.1198208286674162e-05,1693,1694,6.2373894756906202e-05,wind_speed:18.4_m:m_s-1
1510,-2,-2.0000000000000000e+00,-3.0448717948717971e-03,-1,-1,8.6882601906640739e-05,wind_direction:18.4_m:degrees
1511,-2,-2.0000000000000000e+00,-5.8000000000000017e-02,-1,-1,1.4599999999999856e-04,wind_direction:18.4_m:degrees
1512,11,2.0268999481201172e+02,-7.4285714285714288e-02,1547,1548,3.2163265306121933e-04,wind_direction:18.4_m:degrees
1513,-2,-2.0000000000000000e+00,1.3333333333333334e-02,-1,-1,3.5555555555555275e-05,wind_direction:18.4_m:degrees
1514,-2,-2.0000000000000000e+00,3.8750000000000000e-02,-1,-1,1.0937500000000747e-05,wind_direction:18.4_m:degrees
1515,-2,-2.0000000000000000e+00,-3.5593220338983019e-03,-1,-1,7.5312736674414463e-05,wind_direction:18.4_m:degrees
1516,4,5.9972112178802490e+00,2.9999999999999999e-02,1517,1518,1.8000000000000247e-03,mixing_ratio:18.4_m:g_kg-1
1517,-2,-2.0000000000000000e+00,0.0000000000000000e+00,-1,-1,0.0000000000000000e+00,wind_direction:18.4_m:degrees
1518,-2,-2.0000000000000000e+00,8.9999999999999997e-02,-1,-1,0.0000000000000000e+00,wind_direction:18.4_m:degrees
1519,-2,-2.0000000000000000e+00,-1.6562500000000008e-02,-1,-1,1.1630859374999966e-04,wind_direction:18.4_m:degrees
1520,-2,-2.0000000000000000e+00,-3.5454545454545454e-02,-1,-1,2.0661157024793437e-04,wind_direction:18.4_m:degrees
1521,-2,-2.0000000000000000e+00,7.0000000000000007e-02,-1,-1,0.0000000000000000e+00,wind_direction:18.4_m:degrees
1522,9,8.9282947540283203e+01,3.6132075471698104e-02,1569,1570,1.4635991456034367e-04,angle_between_wind_wave:0_m:degrees
1523,-2,-2.0000000000000000e+00,1.6999999999999998e-01,-1,-1,8.0000000000003679e-05,wind_direction:18.4_m:degrees
1524,-2,-2.0000000000000000e+00,1.3500000000000001e-01,-1,-1,5.8333333333347726e-05,wind_direction:18.4_m:degrees
1525,-2,-2.0000000000000000e+00,2.7200000000000005e-02,-1,-1,4.0159999999999697e-05,wind_direction:18.4_m:degrees
1526,-2,-2.0000000000000000e+00,3.7244897959183683e-02,-1,-1,9.5470637234488327e-05,wind_direction:18.4_m:degrees
1527,-2,-2.0000000000000000e+00,-3.6666666666666667e-02,-1,-1,1.5555555555555570e-04,wind_direction:18.4_m:degrees
1528,-2,-2.0000000000000000e+00,-2.3529411764705876e-03,-1,-1,4.9365628604382942e-05,wind_direction:18.4_m:degrees
1529,-2,-2.0000000000000000e+00,2.5555555555555561e-02,-1,-1,9.1358024691357725e-05,wind_direction:18.4_m:degrees
1530,-2,-2.0000000000000000e+00,5.8181818181818204e-03,-1,-1,6.6754820936639026e-05,wind_direction:18.4_m:degrees
1531,-2,-2.0000000000000000e+00,-5.0000000000000010e-02,-1,-1,1.9999999999999966e-04,wind_direction:18.4_m:degrees
1532,-2,-2.0000000000000000e+00,-1.3750000000000000e-02,-1,-1,6.0937499999999740e-05,wind_direction:18.4_m:degrees
1533,-2,-2.0000000000000000e+00,3.3749999999999995e-02,-1,-1,4.8437500000000520e-05,wind_direction:18.4_m:degrees
1534,-2,-2.0000000000000000e+00,5.6666666666666678e-02,-1,-1,8.8888888888888785e-05,wind_direction:18.4_m:degrees
1535,-2,-2.0000000000000000e+00,-3.4285714285714280e-03,-1,-1,1.0253061224489795e-04,wind_direction:18.4_m:degrees
1536,5,1.0054999923706055e+02,-1.3358490566037643e-02,1783,1784,1.5337462916815224e-04,relative_humidity:18.4_m:%
1537,-2,-2.0000000000000000e+00,2.9999999999999999e-02,-1,-1,-1.0842021724855044e-19,wind_direction:18.4_m:degrees
1538,-2,-2.0000000000000000e+00,6.3934426229508207e-02,-1,-1,1.5173340499865379e-04,wind_direction:18.4_m:degrees
1539,-2,-2.0000000000000000e+00,1.1111111111111111e-03,-1,-1,8.6067019400352745e-05,wind_direction:18.4_m:degrees
1540,-2,-2.0000000000000000e+00,-4.0000000000000001e-02,-1,-1,-6.5052130349130266e-19,wind_direction:18.4_m:degrees
1541,-2,-2.0000000000000000e+00,-4.5833333333333325e-03,-1,-1,1.1649305555555557e-04,wind_direction:18.4_m:degrees
1542,-2,-2.0000000000000000e+00,2.0000000000000000e-02,-1,-1,2.1684043449710089e-19,wind_direction:18.4_m:degrees
1543,-2,-2.0000000000000000e+00,7.4166666666666672e-02,-1,-1,2.6597222222222126e-04,wind_direction:18.4_m:degrees
1544,-2,-2.0000000000000000e+00,5.5333333333333339e-02,-1,-1,1.8488888888888678e-04,wind_direction:18.4_m:degrees
1545,-2,-2.0000000000000000e+00,2.4090909090909097e-02,-1,-1,2.0144628099173550e-04,wind_direction:18.4_m:degrees
1546,-2,-2.0000000000000000e+00,3.6222222222222232e-02,-1,-1,9.4617283950617541e-05,wind_direction:18.4_m:degrees
1547,-2,-2.0000000000000000e+00,-7.6666666666666661e-02,-1,-1,2.4040404040403737e-04,wind_direction:18.4_m:degrees
1548,-2,-2.0000000000000000e+00,-3.5000000000000003e-02,-1,-1,2.5000000000020665e-05,wind_direction:18.4_m:degrees
1549,-2,-2.0000000000000000e+00,6.6666666666666671e-03,-1,-1,2.2222222222222203e-05,wind_direction:18.4_m:degrees
1550,-2,-2.0000000000000000e+00,2.4459459459459473e-02,-1,-1,1.1389700511322068e-04,wind_direction:18.4_m:degrees
1551,-2,-2.0000000000000000e+00,9.3333333333333324e-02,-1,-1,5.5555555555556954e-05,wind_direction:18.4_m:degrees
1552,-2,-2.0000000000000000e+00,1.4000000000000001e-01,-1,-1,9.9999999999999395e-05,wind_direction:18.4_m:degrees
1553,-2,-2.0000000000000000e+00,2.0000000000000000e-02,-1,-1,9.9999999999999991e-05,wind_direction:18.4_m:degrees
1554,-2,-2.0000000000000000e+00,6.6666666666666666e-02,-1,-1,8.8888888888889218e-05,wind_direction:18.4_m:degrees
1555,-2,-2.0000000000000000e+00,-2.0000000000000000e-02,-1,-1,0.0000000000000000e+00,wind_direction:18.4_m:degrees
1556,-2,-2.0000000000000000e+00,-8.9999999999999997e-02,-1,-1,0.0000000000000000e+00,wind_direction:18.4_m:degrees
1557,-2,-2.0000000000000000e+00,7.0769230769230779e-02,-1,-1,6.8639053254436998e-05,wind_direction:18.4_m:degrees
1558,-2,-2.0000000000000000e+00,1.3000000000000000e-01,-1,-1,1.0408340855860843e-17,wind_direction:18.4_m:degrees
1559,-2,-2.0000000000000000e+00,-2.2408963585434181e-03,-1,-1,7.6771100597101532e-05,wind_direction:18.4_m:degrees
1560,9,9.2829498291015625e+01,-7.1428571428571461e-03,1561,1562,1.3285055957867084e-04,angle_between_wind_wave:0_m:degrees
1561,-2,-2.0000000000000000e+00,-6.2019230769230814e-03,-1,-1,1.0720922707100582e-04,wind_direction:18.4_m:degrees
1562,-2,-2.0000000000000000e+00,-2.8888888888888891e-02,-1,-1,2.3209876543210032e-04,wind_direction:18.4_m:degrees
1563,-2,-2.0000000000000000e+00,1.9999999999999998e-01,-1,-1,3.1111111111110229e-04,wind_direction:18.4_m:degrees
1564,-2,-2.0000000000000000e+00,2.6000000000000001e-01,-1,-1,-1.3877787807814457e-17,wind_direction:18.4_m:degrees
1565,0,1.4047013854980469e+02,-4.2948717948717964e-03,1623,1624,1.2834894806048645e-04,zenith:0_m:degrees
1566,11,9.7620002746582031e+01,-9.5777777777777580e-03,1567,1568,1.0626617283950745e-04,wind_direction:18.4_m:degrees
1567,-2,-2.0000000000000000e+00,-8.9999999999999997e-02,-1,-1,0.0000000000000000e+00,wind_direction:18.4_m:degrees
1568,0,9.6116802215576172e+01,-9.3986636971046551e-03,1723,1724,9.2066011577324124e-05,zenith:0_m:degrees
1569,-2,-2.0000000000000000e+00,4.8333333333333339e-02,-1,-1,1.2499999999999968e-04,wind_direction:18.4_m:degrees
1570,-2,-2.0000000000000000e+00,3.3636363636363638e-02,-1,-1,1.1404958677686166e-04,wind_direction:18.4_m:degrees
1571,-2,-2.0000000000000000e+00,2.9999999999999999e-02,-1,-1,0.0000000000000000e+00,wind_direction:18.4_m:degrees
1572,3,1.0132500000000000e+03,-1.0226171243941783e-02,1935,1936,1.2078891118877059e-04,pressure:18.4_m:hPa
1573,-2,-2.0000000000000000e+00,6.7391304347826100e-02,-1,-1,1.1493383742910892e-04,wind_direction:18.4_m:degrees
1574,-2,-2.0000000000000000e+00,4.7692307692307701e-02,-1,-1,7.9289940828401479e-05,wind_direction:18.4_m:degrees
1575,-2,-2.0000000000000000e+00,-7.6923076923076923e-04,-1,-1,3.0177514792899406e-05,wind_direction:18.4_m:degrees
1576,1,3.0788262939453125e+02,1.4814814814814815e-02,1629,1630,2.5459533607681735e-04,azimuth:0_m:degrees
1577,-2,-2.0000000000000000e+00,3.8571428571428576e-02,-1,-1,5.9863945578231444e-05,wind_direction:18.4_m:degrees
1578,-2,-2.0000000000000000e+00,5.3555555555555572e-02,-1,-1,1.6958024691357933e-04,wind_direction:18.4_m:degrees
1579,-2,-2.0000000000000000e+00,-1.0754716981132079e-02,-1,-1,7.1128515485937953e-05,wind_direction:18.4_m:degrees
1580,11,2.5397499847412109e+02,-1.9653179190751435e-02,1787,1788,1.2126699856326661e-04,wind_direction:18.4_m:degrees
1581,-2,-2.0000000000000000e+00,4.5714285714285707e-02,-1,-1,8.1632653061225642e-05,wind_direction:18.4_m:degrees
1582,-2,-2.0000000000000000e+00,6.3421052631578947e-02,-1,-1,1.7513850415512566e-04,wind_direction:18.4_m:degrees
1583,-2,-2.0000000000000000e+00,-4.4507575757575779e-04,-1,-1,3.2093574236685017e-05,wind_direction:18.4_m:degrees
1584,9,9.2189605712890625e+01,-1.1481481481481483e-02,1585,1586,8.7928669410151320e-04,angle_between_wind_wave:0_m:degrees
1585,12,-6.5296515822410583e-02,-5.1999999999999998e-03,1587,1588,4.1696000000000007e-04,bulk_richardson:18.4_m:none
1586,-2,-2.0000000000000000e+00,-8.9999999999999997e-02,-1,-1,0.0000000000000000e+00,wind_direction:18.4_m:degrees
1587,-2,-2.0000000000000000e+00,-1.0000000000000001e-01,-1,-1,0.0000000000000000e+00,wind_direction:18.4_m:degrees
1588,-2,-2.0000000000000000e+00,-1.2500000000000000e-03,-1,-1,4.4270833333333350e-05,wind_direction:18.4_m:degrees
1589,-2,-2.0000000000000000e+00,-1.0000000000000001e-01,-1,-1,0.0000000000000000e+00,wind_direction:18.4_m:degrees
1590,-2,-2.0000000000000000e+00,-3.7999999999999999e-02,-1,-1,1.6000000000000823e-05,wind_direction:18.4_m:degrees
1591,-2,-2.0000000000000000e+00,-1.4736842105263159e-02,-1,-1,1.6177285318559565e-04,wind_direction:18.4_m:degrees
1592,-2,-2.0000000000000000e+00,1.5000000000000001e-02,-1,-1,2.4999999999998954e-05,wind_direction:18.4_m:degrees
1593,1,1.8112364196777344e+02,1.6851851851851851e-01,1595,1596,3.6817558299040085e-04,azimuth:0_m:degrees
1594,-2,-2.0000000000000000e+00,1.9125000000000000e-01,-1,-1,1.3593749999996768e-04,wind_direction:18.4_m:degrees
1595,-2,-2.0000000000000000e+00,1.6391304347826086e-01,-1,-1,2.7599243856332376e-04,wind_direction:18.4_m:degrees
1596,-2,-2.0000000000000000e+00,1.9500000000000001e-01,-1,-1,7.4999999999984801e-05,wind_direction:18.4_m:degrees
1597,11,2.0522000122070312e+02,-1.0697674418604655e-02,1757,1758,1.1346673877771746e-04,wind_direction:18.4_m:degrees
1598,-2,-2.0000000000000000e+00,-2.3478260869565219e-02,-1,-1,5.7466918714555869e-05,wind_direction:18.4_m:degrees
1599,-2,-2.0000000000000000e+00,1.3333333333333338e-02,-1,-1,2.2222222222222061e-05,wind_direction:18.4_m:degrees
1600,-2,-2.0000000000000000e+00,2.6640000000000000e-02,-1,-1,7.5110400000000005e-05,wind_direction:18.4_m:degrees
1601,-2,-2.0000000000000000e+00,7.7142857142857152e-02,-1,-1,1.0612244897959151e-04,wind_direction:18.4_m:degrees
1602,-2,-2.0000000000000000e+00,1.1250000000000000e-01,-1,-1,2.1875000000000019e-04,wind_direction:18.4_m:degrees
1603,-2,-2.0000000000000000e+00,6.5853658536585355e-03,-1,-1,1.0053539559785841e-04,wind_direction:18.4_m:degrees
1604,1,9.5838439941406250e+01,-1.0000000000000000e-02,1605,1606,4.2500000000000003e-04,azimuth:0_m:degrees
1605,-2,-2.0000000000000000e+00,-5.3333333333333323e-03,-1,-1,1.0488888888888890e-04,wind_direction:18.4_m:degrees
1606,-2,-2.0000000000000000e+00,-8.0000000000000002e-02,-1,-1,8.6736173798840355e-19,wind_direction:18.4_m:degrees
1607,-2,-2.0000000000000000e+00,5.0000000000000010e-02,-1,-1,1.4999999999999909e-04,wind_direction:18.4_m:degrees
1608,12,-3.0410587787628174e-02,3.4428571428571440e-02,1987,1988,1.4467346938775447e-04,bulk_richardson:18.4_m:none
1609,-2,-2.0000000000000000e+00,-3.9999999999999994e-02,-1,-1,1.1428571428571434e-04,wind_direction:18.4_m:degrees
1610,-2,-2.0000000000000000e+00,-1.0000000000000001e-01,-1,-1,-5.2041704279304213e-18,wind_direction:18.4_m:degrees
1611,-2,-2.0000000000000000e+00,4.6000000000000006e-02,-1,-1,2.0399999999999932e-04,wind_direction:18.4_m:degrees
1612,7,6.5000000596046448e-01,6.5166666666666678e-02,1613,1614,2.5497222222222241e-04,wave_height:0_m:m
1613,-2,-2.0000000000000000e+00,6.7592592592592593e-02,-1,-1,2.1827846364883084e-04,wind_direction:18.4_m:degrees
1614,-2,-2.0000000000000000e+00,4.3333333333333335e-02,-1,-1,5.5555555555555653e-05,wind_direction:18.4_m:degrees
1615,-2,-2.0000000000000000e+00,1.0000000000000001e-01,-1,-1,0.0000000000000000e+00,wind_direction:18.4_m:degrees
1616,-2,-2.0000000000000000e+00,4.3157894736842103e-02,-1,-1,1.1108033240997276e-04,wind_direction:18.4_m:degrees
1617,-2,-2.0000000000000000e+00,2.6315789473684209e-02,-1,-1,3.3795013850415482e-05,wind_direction:18.4_m:degrees
1618,11,3.2018499755859375e+02,4.2285714285714295e-02,1619,1620,2.0048979591836646e-04,wind_direction:18.4_m:degrees
1619,-2,-2.0000000000000000e+00,3.7142857142857151e-02,-1,-1,1.1326530612244855e-04,wind_direction:18.4_m:degrees
1620,-2,-2.0000000000000000e+00,6.2857142857142861e-02,-1,-1,2.0408163265302724e-05,wind_direction:18.4_m:degrees
1621,-2,-2.0000000000000000e+00,-1.0344827586206895e-03,-1,-1,1.1617122473246134e-04,wind_direction:18.4_m:degrees
1622,-2,-2.0000000000000000e+00,-1.4074074074074074e-02,-1,-1,6.1179698216735098e-05,wind_direction:18.4_m:degrees
1623,1,1.8437350463867188e+02,-4.8051948051948080e-03,1807,1808,1.0937763535166128e-04,azimuth:0_m:degrees
1624,-2,-2.0000000000000000e+00,3.5000000000000003e-02,-1,-1,2.4999999999995512e-05,wind_direction:18.4_m:degrees
1625,12,-8.0897472798824310e-02,1.2488372093023253e-01,1971,1972,1.6917252568956348e-04,bulk_richardson:18.4_m:none
1626,12,-5.2686024457216263e-02,1.4125000000000001e-01,1627,1628,5.7343749999996113e-04,bulk_richardson:18.4_m:none
1627,-2,-2.0000000000000000e+00,1.4714285714285716e-01,-1,-1,3.7755102040816155e-04,wind_direction:18.4_m:degrees
1628,-2,-2.0000000000000000e+00,1.0000000000000001e-01,-1,-1,-8.6736173798840355e-18,wind_direction:18.4_m:degrees
1629,-2,-2.0000000000000000e+00,1.6923076923076926e-02,-1,-1,1.4437869822485209e-04,wind_direction:18.4_m:degrees
1630,-2,-2.0000000000000000e+00,-4.0000000000000001e-02,-1,-1,6.5052130349130266e-19,wind_direction:18.4_m:degrees
1631,-2,-2.0000000000000000e+00,3.1250000000000002e-03,-1,-1,2.1484374999999999e-05,wind_direction:18.4_m:degrees
1632,-2,-2.0000000000000000e+00,-1.4615384615384615e-02,-1,-1,3.4792899408284019e-04,wind_direction:18.4_m:degrees
1633,-2,-2.0000000000000000e+00,5.0000000000000003e-02,-1,-1,0.0000000000000000e+00,wind_direction:18.4_m:degrees
1634,-2,-2.0000000000000000e+00,7.8571428571428577e-03,-1,-1,1.5969387755102043e-04,wind_direction:18.4_m:degrees
1635,-2,-2.0000000000000000e+00,1.2999999999999998e-02,-1,-1,2.1000000000000104e-05,wind_direction:18.4_m:degrees
1636,-2,-2.0000000000000000e+00,-7.6923076923076910e-03,-1,-1,8.6982248520710089e-05,wind_direction:18.4_m:degrees
1637,-2,-2.0000000000000000e+00,5.3000000000000019e-02,-1,-1,8.0999999999999475e-05,wind_direction:18.4_m:degrees
1638,-2,-2.0000000000000000e+00,8.6666666666666670e-02,-1,-1,4.2222222222221880e-04,wind_direction:18.4_m:degrees
1639,-2,-2.0000000000000000e+00,-7.3529411764705881e-03,-1,-1,9.5934256055363321e-05,wind_direction:18.4_m:degrees
1640,0,5.8205783843994141e+01,-2.4999999999999998e-02,1651,1652,3.2499999999999988e-04,zenith:0_m:degrees
1641,-2,-2.0000000000000000e+00,1.7818181818181816e-01,-1,-1,3.2396694214879146e-04,wind_direction:18.4_m:degrees
1642,-2,-2.0000000000000000e+00,1.4999999999999999e-01,-1,-1,-3.4694469519536142e-18,wind_direction:18.4_m:degrees
1643,-2,-2.0000000000000000e+00,5.6666666666666671e-02,-1,-1,1.5555555555555548e-04,wind_direction:18.4_m:degrees
1644,-2,-2.0000000000000000e+00,9.2500000000000013e-02,-1,-1,1.5208333333332873e-04,wind_direction:18.4_m:degrees
1645,-2,-2.0000000000000000e+00,1.5833333333333331e-02,-1,-1,7.4305555555555594e-05,wind_direction:18.4_m:degrees
1646,-2,-2.0000000000000000e+00,3.3750000000000016e-02,-1,-1,1.3593749999999826e-04,wind_direction:18.4_m:degrees
1647,-2,-2.0000000000000000e+00,6.5000000000000002e-02,-1,-1,2.4999999999999849e-05,wind_direction:18.4_m:degrees
1648,-2,-2.0000000000000000e+00,2.4166666666666666e-02,-1,-1,4.0972222222221974e-05,wind_direction:18.4_m:degrees
1649,-2,-2.0000000000000000e+00,3.3043478260869563e-02,-1,-1,7.3345935727788490e-05,wind_direction:18.4_m:degrees
1650,-2,-2.0000000000000000e+00,1.9272727272727282e-02,-1,-1,1.9583471074380109e-04,wind_direction:18.4_m:degrees
1651,-2,-2.0000000000000000e+00,-3.2727272727272730e-02,-1,-1,1.2892561983471090e-04,wind_direction:18.4_m:degrees
1652,-2,-2.0000000000000000e+00,3.3333333333333335e-03,-1,-1,2.2222222222222576e-05,wind_direction:18.4_m:degrees
1653,-2,-2.0000000000000000e+00,5.3846153846153863e-02,-1,-1,1.6725838264299584e-04,wind_direction:18.4_m:degrees
1654,-2,-2.0000000000000000e+00,3.9090909090909093e-02,-1,-1,1.3553719008264518e-04,wind_direction:18.4_m:degrees
1655,-2,-2.0000000000000000e+00,9.1999999999999998e-02,-1,-1,1.5599999999999989e-04,wind_direction:18.4_m:degrees
1656,-2,-2.0000000000000000e+00,1.4999999999999999e-01,-1,-1,0.0000000000000000e+00,wind_direction:18.4_m:degrees
1657,7,1.0500000119209290e+00,1.2035928143712580e-02,1659,1660,1.3597475707268050e-04,wave_height:0_m:m
1658,-2,-2.0000000000000000e+00,5.4838709677419379e-03,-1,-1,3.6056191467221989e-05,wind_direction:18.4_m:degrees
1659,3,1.0184500122070312e+03,1.3819444444444452e-02,1661,1662,1.3193962191358018e-04,pressure:18.4_m:hPa
1660,-2,-2.0000000000000000e+00,8.6956521739130416e-04,-1,-1,1.6635160680529780e-05,wind_direction:18.4_m:degrees
1661,10,5.5410206317901611e+00,1.2348484848484857e-02,1663,1664,1.1039370982552786e-04,wind_speed:18.4_m:m_s-1
1662,-2,-2.0000000000000000e+00,2.9999999999999999e-02,-1,-1,8.3333333333331636e-05,wind_direction:18.4_m:degrees
1663,-2,-2.0000000000000000e+00,9.6078431372549067e-03,-1,-1,6.2591311034217504e-05,wind_direction:18.4_m:degrees
1664,2,2.7796499633789062e+02,2.1666666666666671e-02,1765,1766,1.6055555555555512e-04,water_sfc_temperature:0_m:K
1665,-2,-2.0000000000000000e+00,1.0750000000000001e-01,-1,-1,1.8749999999997935e-05,wind_direction:18.4_m:degrees
1666,-2,-2.0000000000000000e+00,7.2857142857142856e-02,-1,-1,7.7551020408165965e-05,wind_direction:18.4_m:degrees
1667,-2,-2.0000000000000000e+00,-1.1428571428571428e-01,-1,-1,2.4489795918363269e-05,wind_direction:18.4_m:degrees
1668,-2,-2.0000000000000000e+00,-7.0000000000000007e-02,-1,-1,8.6736173798840355e-19,wind_direction:18.4_m:degrees
1669,-2,-2.0000000000000000e+00,0.0000000000000000e+00,-1,-1,0.0000000000000000e+00,wind_direction:18.4_m:degrees
1670,-2,-2.0000000000000000e+00,-1.9722222222222231e-02,-1,-1,1.5825617283950585e-04,wind_direction:18.4_m:degrees
1671,-2,-2.0000000000000000e+00,9.7826086956521747e-03,-1,-1,9.3431001890359133e-05,wind_direction:18.4_m:degrees
1672,8,5.3500001430511475e+00,4.2253521126760576e-04,1673,1674,1.5193414005157694e-04,wave_period:0_m:s
1673,-2,-2.0000000000000000e+00,1.9379844961240314e-03,-1,-1,1.3190313082146499e-04,wind_direction:18.4_m:degrees
1674,-2,-2.0000000000000000e+00,-1.4615384615384615e-02,-1,-1,1.0177514792899348e-04,wind_direction:18.4_m:degrees
1675,4,1.7790107727050781e+01,-3.2715008431702963e-03,1677,1678,1.0322645592622163e-04,mixing_ratio:18.4_m:g_kg-1
1676,2,2.7511000061035156e+02,-1.3686911890504719e-03,1731,1732,9.5474845250228290e-05,water_sfc_temperature:0_m:K
1677,11,3.4851499938964844e+02,-3.2489878542509886e-03,2045,2046,1.0175851786894801e-04,wind_direction:18.4_m:degrees
1678,-2,-2.0000000000000000e+00,-7.0000000000000007e-02,-1,-1,-2.4286128663675299e-17,wind_direction:18.4_m:degrees
1679,3,1.0116499938964844e+03,-1.4615384615384615e-02,1683,1684,3.4792899408284030e-04,pressure:18.4_m:hPa
1680,3,1.0133999938964844e+03,2.1311475409836072e-03,1681,1682,1.6431066917495289e-04,pressure:18.4_m:hPa
1681,-2,-2.0000000000000000e+00,-1.3461538461538463e-03,-1,-1,6.1649408284023674e-05,wind_direction:18.4_m:degrees
1682,-2,-2.0000000000000000e+00,2.2222222222222220e-02,-1,-1,2.8395061728395013e-04,wind_direction:18.4_m:degrees
1683,-2,-2.0000000000000000e+00,-1.0000000000000000e-02,-1,-1,9.9999999999999978e-05,wind_direction:18.4_m:degrees
1684,-2,-2.0000000000000000e+00,-7.0000000000000007e-02,-1,-1,8.6736173798840355e-19,wind_direction:18.4_m:degrees
1685,-2,-2.0000000000000000e+00,9.3571428571428569e-02,-1,-1,1.2295918367346940e-04,wind_direction:18.4_m:degrees
1686,-2,-2.0000000000000000e+00,6.2500000000000000e-02,-1,-1,1.8750000000001404e-05,wind_direction:18.4_m:degrees
1687,8,5.8499999046325684e+00,1.9729729729729729e-02,1689,1690,2.0803506208911594e-04,wave_period:0_m:s
1688,-2,-2.0000000000000000e+00,-2.8571428571428571e-03,-1,-1,2.0408163265306431e-05,wind_direction:18.4_m:degrees
1689,-2,-2.0000000000000000e+00,3.2000000000000001e-02,-1,-1,5.6000000000000277e-05,wind_direction:18.4_m:degrees
1690,-2,-2.0000000000000000e+00,1.1363636363636364e-02,-1,-1,1.3904958677685945e-04,wind_direction:18.4_m:degrees
1691,-2,-2.0000000000000000e+00,1.6000000000000000e-01,-1,-1,1.2000000000000205e-04,wind_direction:18.4_m:degrees
1692,-2,-2.0000000000000000e+00,2.2000000000000000e-01,-1,-1,6.9388939039072284e-18,wind_direction:18.4_m:degrees
1693,3,1.0132500000000000e+03,-5.3268765133171947e-04,1901,1902,5.6374839507765258e-05,pressure:18.4_m:hPa
1694,-2,-2.0000000000000000e+00,6.4179104477611968e-03,-1,-1,9.1646246380040796e-05,wind_direction:18.4_m:degrees
1695,3,1.0199499816894531e+03,2.5949367088607598e-02,1697,1698,1.3549110719435968e-04,pressure:18.4_m:hPa
1696,-2,-2.0000000000000000e+00,4.6249999999999999e-02,-1,-1,4.8437500000007676e-05,wind_direction:18.4_m:degrees
1697,-2,-2.0000000000000000e+00,3.7499999999999999e-02,-1,-1,1.0875000000000012e-04,wind_direction:18.4_m:degrees
1698,-2,-2.0000000000000000e+00,2.2033898305084756e-02,-1,-1,8.3998850904912236e-05,wind_direction:18.4_m:degrees
1699,10,4.3907923698425293e+00,9.0517241379310387e-03,1701,1702,1.1203180737217592e-04,wind_speed:18.4_m:m_s-1
1700,0,6.5434597015380859e+01,3.0281690140845090e-03,1797,1798,7.4633009323546873e-05,zenith:0_m:degrees
1701,-2,-2.0000000000000000e+00,6.7961165048543706e-03,-1,-1,6.8375907248562458e-05,wind_direction:18.4_m:degrees
1702,-2,-2.0000000000000000e+00,2.6923076923076925e-02,-1,-1,9.8224852071005929e-05,wind_direction:18.4_m:degrees
1703,6,2.0350000000000000e+02,-2.0122699386503073e-02,1705,1706,2.2329782829613449e-04,wave_direction:0_m:degrees
1704,-2,-2.0000000000000000e+00,7.4999999999999997e-03,-1,-1,6.1874999999999756e-04,wind_direction:18.4_m:degrees
1705,5,9.6400001525878906e+01,-2.3627450980392168e-02,1709,1710,1.9762591311034113e-04,relative_humidity:18.4_m:%
1706,5,9.6549999237060547e+01,-1.4262295081967215e-02,1707,1708,2.1134103735554995e-04,relative_humidity:18.4_m:%
1707,-2,-2.0000000000000000e+00,-1.6315789473684218e-02,-1,-1,1.6011080332409961e-04,wind_direction:18.4_m:degrees
1708,-2,-2.0000000000000000e+00,1.5000000000000001e-02,-1,-1,2.4999999999998954e-05,wind_direction:18.4_m:degrees
1709,-2,-2.0000000000000000e+00,-2.0131578947368427e-02,-1,-1,8.0245844875345793e-05,wind_direction:18.4_m:degrees
1710,10,9.9692816734313965e+00,-3.3846153846153852e-02,1717,1718,4.0059171597633036e-04,wind_speed:18.4_m:m_s-1
1711,-2,-2.0000000000000000e+00,7.4285714285714288e-02,-1,-1,2.4489795918367606e-05,wind_direction:18.4_m:degrees
1712,-2,-2.0000000000000000e+00,9.7826086956521757e-02,-1,-1,1.4744801512287312e-04,wind_direction:18.4_m:degrees
1713,-2,-2.0000000000000000e+00,9.5294117647058835e-02,-1,-1,9.5501730103806845e-05,wind_direction:18.4_m:degrees
1714,-2,-2.0000000000000000e+00,4.0000000000000001e-02,-1,-1,4.2934406030425976e-17,wind_direction:18.4_m:degrees
1715,-2,-2.0000000000000000e+00,1.2500000000000000e-01,-1,-1,1.0500000000000093e-04,wind_direction:18.4_m:degrees
1716,-2,-2.0000000000000000e+00,1.4833333333333334e-01,-1,-1,1.4722222222222567e-04,wind_direction:18.4_m:degrees
1717,-2,-2.0000000000000000e+00,-2.8000000000000004e-02,-1,-1,8.5999999999999705e-05,wind_direction:18.4_m:degrees
1718,10,1.0136176109313965e+01,-5.3333333333333323e-02,1719,1720,9.5555555555555411e-04,wind_speed:18.4_m:m_s-1
1719,-2,-2.0000000000000000e+00,-1.2000000000000000e-01,-1,-1,0.0000000000000000e+00,wind_direction:18.4_m:degrees
1720,-2,-2.0000000000000000e+00,-4.0000000000000001e-02,-1,-1,8.0000000000000860e-05,wind_direction:18.4_m:degrees
1721,-2,-2.0000000000000000e+00,1.3700000000000001e-01,-1,-1,4.0999999999999370e-05,wind_direction:18.4_m:degrees
1722,8,6.0000000000000000e+00,1.5677419354838712e-01,1741,1742,2.8636836628511894e-04,wave_period:0_m:s
1723,-2,-2.0000000000000000e+00,-7.0491803278688566e-03,-1,-1,6.8341843590432645e-05,wind_direction:18.4_m:degrees
1724,-2,-2.0000000000000000e+00,-1.2195121951219507e-02,-1,-1,1.0591314693634912e-04,wind_direction:18.4_m:degrees
1725,-2,-2.0000000000000000e+00,2.2393162393162396e-02,-1,-1,9.1708671195850767e-05,wind_direction:18.4_m:degrees
1726,-2,-2.0000000000000000e+00,5.0000000000000003e-02,-1,-1,3.9999999999999541e-04,wind_direction:18.4_m:degrees
1727,-2,-2.0000000000000000e+00,-1.0967741935483855e-02,-1,-1,7.1321540062435789e-05,wind_direction:18.4_m:degrees
1728,-2,-2.0000000000000000e+00,-1.8235294117647068e-02,-1,-1,9.6885813148791904e-05,wind_direction:18.4_m:degrees
1729,-2,-2.0000000000000000e+00,1.8333333333333330e-02,-1,-1,6.3888888888889044e-05,wind_direction:18.4_m:degrees
1730,-2,-2.0000000000000000e+00,3.9333333333333338e-02,-1,-1,9.9555555555554554e-05,wind_direction:18.4_m:degrees
1731,6,1.7050000000000000e+02,6.7441860465116271e-03,1733,1734,5.0102758247701456e-04,wave_direction:0_m:degrees
1732,-2,-2.0000000000000000e+00,-1.6785079928952056e-03,-1,-1,7.7377992800558101e-05,wind_direction:18.4_m:degrees
1733,5,7.0849998474121094e+01,5.5000000000000000e-02,1735,1736,1.4250000000000001e-03,relative_humidity:18.4_m:%
1734,12,1.4308667927980423e-01,1.7948717948717951e-03,1737,1738,1.4293228139381986e-04,bulk_richardson:18.4_m:none
1735,-2,-2.0000000000000000e+00,8.9999999999999997e-02,-1,-1,0.0000000000000000e+00,wind_direction:18.4_m:degrees
1736,-2,-2.0000000000000000e+00,2.0000000000000000e-02,-1,-1,4.0000000000000018e-04,wind_direction:18.4_m:degrees
1737,-2,-2.0000000000000000e+00,-8.1081081081081077e-04,-1,-1,1.8261504747991233e-05,wind_direction:18.4_m:degrees
1738,-2,-2.0000000000000000e+00,5.0000000000000003e-02,-1,-1,-4.3368086899420177e-19,wind_direction:18.4_m:degrees
1739,-2,-2.0000000000000000e+00,6.0666666666666660e-02,-1,-1,5.9555555555556618e-05,wind_direction:18.4_m:degrees
1740,-2,-2.0000000000000000e+00,4.4693877551020417e-02,-1,-1,4.5314452311536173e-05,wind_direction:18.4_m:degrees
1741,-2,-2.0000000000000000e+00,1.5500000000000000e-01,-1,-1,1.9833333333333161e-04,wind_direction:18.4_m:degrees
1742,-2,-2.0000000000000000e+00,2.0999999999999999e-01,-1,-1,4.1633363423443370e-17,wind_direction:18.4_m:degrees
1743,11,3.2481500244140625e+02,1.3057142857142856e-01,1745,1746,2.4538775510202226e-04,wind_direction:18.4_m:degrees
1744,-2,-2.0000000000000000e+00,1.0666666666666667e-01,-1,-1,5.5555555555602057e-05,wind_direction:18.4_m:degrees
1745,-2,-2.0000000000000000e+00,1.2500000000000003e-01,-1,-1,1.3928571428572026e-04,wind_direction:18.4_m:degrees
1746,-2,-2.0000000000000000e+00,1.5285714285714283e-01,-1,-1,4.8979591836726538e-05,wind_direction:18.4_m:degrees
1747,-2,-2.0000000000000000e+00,-2.3644859813084115e-02,-1,-1,2.3064023058782428e-04,wind_direction:18.4_m:degrees
1748,2,2.9253498840332031e+02,-1.7602523659305955e-02,1957,1958,8.9520245997077631e-05,water_sfc_temperature:0_m:K
1749,-2,-2.0000000000000000e+00,-2.2499999999999999e-02,-1,-1,4.6874999999999998e-04,wind_direction:18.4_m:degrees
1750,11,2.4668499755859375e+02,5.6250000000000007e-03,1751,1752,1.9127604166666661e-04,wind_direction:18.4_m:degrees
1751,-2,-2.0000000000000000e+00,1.7647058823529412e-02,-1,-1,2.2975778546712800e-04,wind_direction:18.4_m:degrees
1752,-2,-2.0000000000000000e+00,-9.6774193548387097e-04,-1,-1,4.7450572320499411e-05,wind_direction:18.4_m:degrees
1753,-2,-2.0000000000000000e+00,7.8181818181818186e-02,-1,-1,1.7851239669421527e-04,wind_direction:18.4_m:degrees
1754,-2,-2.0000000000000000e+00,1.1333333333333333e-01,-1,-1,8.8888888888890086e-05,wind_direction:18.4_m:degrees
1755,-2,-2.0000000000000000e+00,1.2617647058823531e-01,-1,-1,2.9420415224912580e-04,wind_direction:18.4_m:degrees
1756,-2,-2.0000000000000000e+00,1.5200000000000000e-01,-1,-1,1.5999999999995185e-05,wind_direction:18.4_m:degrees
1757,-2,-2.0000000000000000e+00,-2.2580645161290325e-03,-1,-1,1.7481789802289281e-05,wind_direction:18.4_m:degrees
1758,-2,-2.0000000000000000e+00,-1.3367346938775518e-02,-1,-1,1.1417117867555156e-04,wind_direction:18.4_m:degrees
1759,-2,-2.0000000000000000e+00,1.4333333333333334e-01,-1,-1,2.2222222222222088e-05,wind_direction:18.4_m:degrees
1760,-2,-2.0000000000000000e+00,1.1134615384615384e-01,-1,-1,1.6549556213017215e-04,wind_direction:18.4_m:degrees
1761,-2,-2.0000000000000000e+00,3.9000000000000000e-02,-1,-1,6.9000000000000051e-05,wind_direction:18.4_m:degrees
1762,-2,-2.0000000000000000e+00,1.9333333333333338e-02,-1,-1,1.4622222222222212e-04,wind_direction:18.4_m:degrees
1763,-2,-2.0000000000000000e+00,2.5000000000000000e-01,-1,-1,0.0000000000000000e+00,wind_direction:18.4_m:degrees
1764,-2,-2.0000000000000000e+00,2.1285714285714286e-01,-1,-1,2.0408163265324408e-05,wind_direction:18.4_m:degrees
1765,-2,-2.0000000000000000e+00,1.5238095238095238e-02,-1,-1,4.3990929705215283e-05,wind_direction:18.4_m:degrees
1766,-2,-2.0000000000000000e+00,3.6666666666666667e-02,-1,-1,1.1111111111111131e-04,wind_direction:18.4_m:degrees
1767,5,3.6350000381469727e+01,2.4000000000000002e-01,1771,1772,5.1111111111110108e-04,relative_humidity:18.4_m:%
1768,9,8.9981616973876953e+01,2.7000000000000002e-01,1769,1770,1.0799999999999976e-03,angle_between_wind_wave:0_m:degrees
1769,-2,-2.0000000000000000e+00,3.3000000000000002e-01,-1,-1,0.0000000000000000e+00,wind_direction:18.4_m:degrees
1770,-2,-2.0000000000000000e+00,2.5500000000000000e-01,-1,-1,2.2500000000000298e-04,wind_direction:18.4_m:degrees
1771,-2,-2.0000000000000000e+00,2.7000000000000002e-01,-1,-1,0.0000000000000000e+00,wind_direction:18.4_m:degrees
1772,-2,-2.0000000000000000e+00,2.2500000000000001e-01,-1,-1,9.1666666666663510e-05,wind_direction:18.4_m:degrees
1773,-2,-2.0000000000000000e+00,-5.9999999999999998e-02,-1,-1,0.0000000000000000e+00,wind_direction:18.4_m:degrees
1774,0,8.1514709472656250e+01,-6.2388591800356438e-03,1845,1846,1.5252048639906511e-04,zenith:0_m:degrees
1775,-2,-2.0000000000000000e+00,3.7349397590361447e-02,-1,-1,7.4902017709391850e-05,wind_direction:18.4_m:degrees
1776,-2,-2.0000000000000000e+00,2.6666666666666672e-02,-1,-1,7.2222222222222869e-05,wind_direction:18.4_m:degrees
1777,1,2.4333364486694336e+01,-2.8157894736842125e-03,1817,1818,1.8128185595567875e-04,azimuth:0_m:degrees
1778,1,3.6280668258666992e+01,-7.1541501976284628e-03,1779,1780,1.3735568435688773e-04,azimuth:0_m:degrees
1779,3,1.0166499938964844e+03,-3.5000000000000003e-02,1781,1782,1.2250000000000002e-03,pressure:18.4_m:hPa
1780,10,8.3397626876831055e+00,-6.7068273092369523e-03,1891,1892,1.0722730278543891e-04,wind_speed:18.4_m:m_s-1
1781,-2,-2.0000000000000000e+00,0.0000000000000000e+00,-1,-1,0.0000000000000000e+00,wind_direction:18.4_m:degrees
1782,-2,-2.0000000000000000e+00,-7.0000000000000007e-02,-1,-1,0.0000000000000000e+00,wind_direction:18.4_m:degrees
1783,6,1.9350000000000000e+02,-1.3223767383059339e-02,1905,1906,1.5054284851226326e-04,wave_direction:0_m:degrees
1784,-2,-2.0000000000000000e+00,-4.0000000000000001e-02,-1,-1,6.4618449480136064e-17,wind_direction:18.4_m:degrees
1785,-2,-2.0000000000000000e+00,6.0000000000000005e-02,-1,-1,6.6666666666666263e-05,wind_direction:18.4_m:degrees
1786,-2,-2.0000000000000000e+00,4.1333333333333333e-02,-1,-1,9.1555555555554360e-05,wind_direction:18.4_m:degrees
1787,1,1.9276716232299805e+01,-2.1549295774647884e-02,1929,1930,1.1309264034913686e-04,azimuth:0_m:degrees
1788,-2,-2.0000000000000000e+00,-1.0967741935483874e-02,-1,-1,6.6805411030177025e-05,wind_direction:18.4_m:degrees
1789,0,9.8636577606201172e+01,-2.3529411764705882e-02,1791,1792,5.8754325259515556e-04,zenith:0_m:degrees
1790,-2,-2.0000000000000000e+00,-9.2000000000000016e-03,-1,-1,8.4693333333333263e-05,wind_direction:18.4_m:degrees
1791,-2,-2.0000000000000000e+00,-1.9375000000000003e-02,-1,-1,3.3085937499999983e-04,wind_direction:18.4_m:degrees
1792,-2,-2.0000000000000000e+00,-8.9999999999999997e-02,-1,-1,3.4694469519536142e-18,wind_direction:18.4_m:degrees
1793,-2,-2.0000000000000000e+00,5.9000000000000011e-02,-1,-1,6.8999999999998750e-05,wind_direction:18.4_m:degrees
1794,12,-1.1696620658040047e-01,7.8846153846153857e-02,1795,1796,2.4097633136094775e-04,bulk_richardson:18.4_m:none
1795,-2,-2.0000000000000000e+00,8.5500000000000007e-02,-1,-1,1.1475000000000027e-04,wind_direction:18.4_m:degrees
1796,-2,-2.0000000000000000e+00,5.6666666666666664e-02,-1,-1,2.2222222222225557e-05,wind_direction:18.4_m:degrees
1797,-2,-2.0000000000000000e+00,5.8125000000000026e-03,-1,-1,6.0589843749999934e-05,wind_direction:18.4_m:degrees
1798,-2,-2.0000000000000000e+00,-5.6451612903225823e-04,-1,-1,6.9842611862643003e-05,wind_direction:18.4_m:degrees
1799,-2,-2.0000000000000000e+00,-3.8100000000000002e-02,-1,-1,1.2139000000000008e-04,wind_direction:18.4_m:degrees
1800,-2,-2.0000000000000000e+00,-2.3750000000000000e-02,-1,-1,1.1093750000000274e-04,wind_direction:18.4_m:degrees
1801,-2,-2.0000000000000000e+00,7.3214285714285746e-02,-1,-1,1.8609693877551237e-04,wind_direction:18.4_m:degrees
1802,-2,-2.0000000000000000e+00,9.5714285714285724e-02,-1,-1,3.9591836734692923e-04,wind_direction:18.4_m:degrees
1803,10,9.2548818588256836e+00,8.6363636363636365e-02,1805,1806,2.4132231404958362e-04,wind_speed:18.4_m:m_s-1
1804,-2,-2.0000000000000000e+00,5.7499999999999996e-02,-1,-1,1.8750000000002272e-05,wind_direction:18.4_m:degrees
1805,-2,-2.0000000000000000e+00,8.0555555555555547e-02,-1,-1,9.4135802469135811e-05,wind_direction:18.4_m:degrees
1806,-2,-2.0000000000000000e+00,1.1250000000000000e-01,-1,-1,6.8749999999995898e-05,wind_direction:18.4_m:degrees
1807,-2,-2.0000000000000000e+00,-1.6161616161616162e-03,-1,-1,5.3953678196102416e-05,wind_direction:18.4_m:degrees
1808,5,9.8750000000000000e+01,-1.0545454545454549e-02,1809,1810,1.5788429752066103e-04,relative_humidity:18.4_m:%
1809,-2,-2.0000000000000000e+00,-4.5454545454545452e-03,-1,-1,4.9035812672176272e-05,wind_direction:18.4_m:degrees
1810,-2,-2.0000000000000000e+00,-1.9545454545454546e-02,-1,-1,1.8615702479338837e-04,wind_direction:18.4_m:degrees
1811,1,2.7201766967773438e+02,-2.1296296296296292e-02,1813,1814,1.2609739368998625e-04,azimuth:0_m:degrees
1812,-2,-2.0000000000000000e+00,-4.0000000000000010e-03,-1,-1,2.0399999999999620e-04,wind_direction:18.4_m:degrees
1813,7,1.8499999642372131e+00,-1.8181818181818191e-02,1835,1836,1.0214876033057886e-04,wave_height:0_m:m
1814,11,1.7861999511718750e+02,-2.7884615384615393e-02,1815,1816,1.1283284023668589e-04,wind_direction:18.4_m:degrees
1815,-2,-2.0000000000000000e+00,-1.9090909090909092e-02,-1,-1,2.6446280991735587e-05,wind_direction:18.4_m:degrees
1816,-2,-2.0000000000000000e+00,-3.4333333333333348e-02,-1,-1,7.7888888888888409e-05,wind_direction:18.4_m:degrees
1817,-2,-2.0000000000000000e+00,-1.0750000000000003e-02,-1,-1,1.1193750000000000e-04,wind_direction:18.4_m:degrees
1818,-2,-2.0000000000000000e+00,-1.8823529411764719e-03,-1,-1,1.8116262975778562e-04,wind_direction:18.4_m:degrees
1819,-2,-2.0000000000000000e+00,1.4624999999999999e-01,-1,-1,1.9843750000000590e-04,wind_direction:18.4_m:degrees
1820,-2,-2.0000000000000000e+00,8.9999999999999997e-02,-1,-1,-4.6837533851373792e-17,wind_direction:18.4_m:degrees
1821,-2,-2.0000000000000000e+00,1.0000000000000001e-01,-1,-1,0.0000000000000000e+00,wind_direction:18.4_m:degrees
1822,-2,-2.0000000000000000e+00,1.5625000000000000e-01,-1,-1,1.9843749999999549e-04,wind_direction:18.4_m:degrees
1823,-2,-2.0000000000000000e+00,4.3600000000000000e-02,-1,-1,8.7039999999997866e-05,wind_direction:18.4_m:degrees
1824,-2,-2.0000000000000000e+00,5.8750000000000004e-02,-1,-1,1.6093750000000526e-04,wind_direction:18.4_m:degrees
1825,-2,-2.0000000000000000e+00,-8.3333333333333328e-04,-1,-1,1.3194444444444448e-05,wind_direction:18.4_m:degrees
1826,7,1.9499999284744263e+00,-1.9090909090909092e-02,1827,1828,1.1537190082644628e-03,wave_height:0_m:m
1827,-2,-2.0000000000000000e+00,-3.3333333333333331e-03,-1,-1,4.4444444444444426e-05,wind_direction:18.4_m:degrees
1828,-2,-2.0000000000000000e+00,-8.9999999999999997e-02,-1,-1,-1.7347234759768071e-18,wind_direction:18.4_m:degrees
1829,-2,-2.0000000000000000e+00,4.5833333333333337e-02,-1,-1,1.1597222222222000e-04,wind_direction:18.4_m:degrees
1830,-2,-2.0000000000000000e+00,6.8571428571428575e-02,-1,-1,9.7959183673470424e-05,wind_direction:18.4_m:degrees
1831,-2,-2.0000000000000000e+00,1.0666666666666667e-01,-1,-1,2.2222222222220353e-05,wind_direction:18.4_m:degrees
1832,-2,-2.0000000000000000e+00,7.4090909090909096e-02,-1,-1,2.0599173553719017e-04,wind_direction:18.4_m:degrees
1833,-2,-2.0000000000000000e+00,-8.8484848484848538e-03,-1,-1,1.0715886134067937e-04,wind_direction:18.4_m:degrees
1834,-2,-2.0000000000000000e+00,-2.3571428571428570e-02,-1,-1,3.8010204081632872e-04,wind_direction:18.4_m:degrees
1835,-2,-2.0000000000000000e+00,-2.0555555555555570e-02,-1,-1,7.6358024691357414e-05,wind_direction:18.4_m:degrees
1836,-2,-2.0000000000000000e+00,-7.5000000000000015e-03,-1,-1,7.8750000000000993e-05,wind_direction:18.4_m:degrees
1837,-2,-2.0000000000000000e+00,3.0434782608695660e-02,-1,-1,1.2155009451795802e-04,wind_direction:18.4_m:degrees
1838,-2,-2.0000000000000000e+00,2.0161290322580655e-02,-1,-1,1.1126430801248685e-04,wind_direction:18.4_m:degrees
1839,-2,-2.0000000000000000e+00,1.5000000000000003e-02,-1,-1,4.3749999999999979e-05,wind_direction:18.4_m:degrees
1840,-2,-2.0000000000000000e+00,2.7380952380952388e-02,-1,-1,1.4790249433106566e-04,wind_direction:18.4_m:degrees
1841,-2,-2.0000000000000000e+00,1.1499999999999999e-01,-1,-1,2.5000000000000716e-05,wind_direction:18.4_m:degrees
1842,-2,-2.0000000000000000e+00,1.4428571428571429e-01,-1,-1,8.1632653061210897e-05,wind_direction:18.4_m:degrees
1843,-2,-2.0000000000000000e+00,-1.0000000000000000e-02,-1,-1,0.0000000000000000e+00,wind_direction:18.4_m:degrees
1844,-2,-2.0000000000000000e+00,3.3999999999999996e-02,-1,-1,1.0400000000000014e-04,wind_direction:18.4_m:degrees
1845,-2,-2.0000000000000000e+00,-4.1914191419141940e-03,-1,-1,9.8933655741811772e-05,wind_direction:18.4_m:degrees
1846,0,8.7211582183837891e+01,-8.6434108527131803e-03,1847,1848,2.0474881317228606e-04,zenith:0_m:degrees
1847,0,8.6681037902832031e+01,-3.0000000000000006e-02,1849,1850,1.2705882352941180e-03,zenith:0_m:degrees
1848,-2,-2.0000000000000000e+00,-7.1369294605809182e-03,-1,-1,9.5122329160999701e-05,wind_direction:18.4_m:degrees
1849,9,9.1596050262451172e+01,-1.4999999999999999e-02,1851,1852,2.6785714285714282e-04,angle_between_wind_wave:0_m:degrees
1850,-2,-2.0000000000000000e+00,-1.0000000000000002e-01,-1,-1,-1.7347234759768071e-18,wind_direction:18.4_m:degrees
1851,-2,-2.0000000000000000e+00,-9.1666666666666667e-03,-1,-1,7.4305555555555607e-05,wind_direction:18.4_m:degrees
1852,-2,-2.0000000000000000e+00,-5.0000000000000003e-02,-1,-1,0.0000000000000000e+00,wind_direction:18.4_m:degrees
1853,-2,-2.0000000000000000e+00,-3.6153846153846154e-02,-1,-1,5.4437869822485151e-05,wind_direction:18.4_m:degrees
1854,-2,-2.0000000000000000e+00,-1.7619047619047621e-02,-1,-1,1.8140589569160405e-05,wind_direction:18.4_m:degrees
1855,-2,-2.0000000000000000e+00,1.8048780487804877e-02,-1,-1,5.4729327781082656e-05,wind_direction:18.4_m:degrees
1856,-2,-2.0000000000000000e+00,-1.3333333333333331e-02,-1,-1,2.8888888888888920e-04,wind_direction:18.4_m:degrees
1857,-2,-2.0000000000000000e+00,4.3859649122807015e-03,-1,-1,4.5675592489996930e-05,wind_direction:18.4_m:degrees
1858,-2,-2.0000000000000000e+00,-2.7404718693284894e-03,-1,-1,6.3996166020533735e-05,wind_direction:18.4_m:degrees
1859,-2,-2.0000000000000000e+00,9.2857142857142860e-02,-1,-1,4.8979591836735212e-05,wind_direction:18.4_m:degrees
1860,-2,-2.0000000000000000e+00,1.1818181818181818e-01,-1,-1,1.7851239669421613e-04,wind_direction:18.4_m:degrees
1861,-2,-2.0000000000000000e+00,2.2222222222222223e-02,-1,-1,8.3950617283950579e-05,wind_direction:18.4_m:degrees
1862,-2,-2.0000000000000000e+00,4.8571428571428578e-02,-1,-1,6.9387755102040104e-05,wind_direction:18.4_m:degrees
1863,-2,-2.0000000000000000e+00,8.8749999999999996e-02,-1,-1,2.3593750000000177e-04,wind_direction:18.4_m:degrees
1864,-2,-2.0000000000000000e+00,1.3000000000000000e-01,-1,-1,-3.4694469519536142e-18,wind_direction:18.4_m:degrees
1865,-2,-2.0000000000000000e+00,8.6666666666666670e-02,-1,-1,1.5555555555555635e-04,wind_direction:18.4_m:degrees
1866,-2,-2.0000000000000000e+00,6.3076923076923086e-02,-1,-1,7.5147928994081549e-05,wind_direction:18.4_m:degrees
1867,-2,-2.0000000000000000e+00,-2.0000000000000000e-02,-1,-1,6.6666666666666643e-05,wind_direction:18.4_m:degrees
1868,-2,-2.0000000000000000e+00,1.7999999999999999e-02,-1,-1,9.5999999999999948e-05,wind_direction:18.4_m:degrees
1869,-2,-2.0000000000000000e+00,8.0000000000000002e-03,-1,-1,9.6000000000000016e-05,wind_direction:18.4_m:degrees
1870,-2,-2.0000000000000000e+00,-1.7999999999999999e-02,-1,-1,9.5999999999999731e-05,wind_direction:18.4_m:degrees
1871,-2,-2.0000000000000000e+00,-1.5686274509803928e-02,-1,-1,5.1980007689350052e-05,wind_direction:18.4_m:degrees
1872,-2,-2.0000000000000000e+00,-4.0000000000000001e-02,-1,-1,6.5052130349130266e-19,wind_direction:18.4_m:degrees
1873,-2,-2.0000000000000000e+00,8.4999999999999992e-02,-1,-1,9.9999999999997660e-05,wind_direction:18.4_m:degrees
1874,-2,-2.0000000000000000e+00,1.4000000000000001e-01,-1,-1,-3.4694469519536142e-18,wind_direction:18.4_m:degrees
1875,-2,-2.0000000000000000e+00,4.0333333333333339e-02,-1,-1,1.0322222222222178e-04,wind_direction:18.4_m:degrees
1876,-2,-2.0000000000000000e+00,1.8571428571428572e-02,-1,-1,1.2653061224489787e-04,wind_direction:18.4_m:degrees
1877,11,2.0394000244140625e+02,-5.4366197183098632e-03,1879,1880,1.6114739139059720e-04,wind_direction:18.4_m:degrees
1878,-2,-2.0000000000000000e+00,-1.9487179487179497e-03,-1,-1,3.7570019723866449e-05,wind_direction:18.4_m:degrees
1879,1,6.9229450225830078e+01,-4.9147727272727303e-03,1881,1882,1.2101546358471076e-04,azimuth:0_m:degrees
1880,5,9.3150001525878906e+01,-6.6666666666666666e-02,1885,1886,1.0888888888889014e-03,relative_humidity:18.4_m:%
1881,10,7.2623841762542725e+00,-1.2708333333333334e-02,1883,1884,2.7391493055555557e-04,wind_speed:18.4_m:m_s-1
1882,-2,-2.0000000000000000e+00,-3.6842105263157911e-03,-1,-1,8.5768698060941864e-05,wind_direction:18.4_m:degrees
1883,-2,-2.0000000000000000e+00,-7.0270270270270272e-03,-1,-1,1.9386413440467492e-04,wind_direction:18.4_m:degrees
1884,-2,-2.0000000000000000e+00,-3.1818181818181815e-02,-1,-1,6.9421487603306105e-05,wind_direction:18.4_m:degrees
1885,-2,-2.0000000000000000e+00,-8.9999999999999997e-02,-1,-1,0.0000000000000000e+00,wind_direction:18.4_m:degrees
1886,-2,-2.0000000000000000e+00,-2.0000000000000000e-02,-1,-1,1.4636729328554310e-18,wind_direction:18.4_m:degrees
1887,1,9.3292888641357422e+01,-7.4444444444444438e-02,1889,1890,4.9135802469135910e-04,azimuth:0_m:degrees
1888,-2,-2.0000000000000000e+00,-5.4000000000000006e-02,-1,-1,1.6400000000000138e-04,wind_direction:18.4_m:degrees
1889,-2,-2.0000000000000000e+00,-5.1666666666666673e-02,-1,-1,5.8055555555555464e-04,wind_direction:18.4_m:degrees
1890,-2,-2.0000000000000000e+00,-8.5833333333333331e-02,-1,-1,5.7638888888891793e-05,wind_direction:18.4_m:degrees
1891,10,8.3314394950866699e+00,-4.3636363636363664e-03,1893,1894,1.2398898071625330e-04,wind_speed:18.4_m:m_s-1
1892,-2,-2.0000000000000000e+00,-1.1309523809523813e-02,-1,-1,4.2332766439909572e-05,wind_direction:18.4_m:degrees
1893,-2,-2.0000000000000000e+00,-4.8780487804878075e-03,-1,-1,8.1082688875669216e-05,wind_direction:18.4_m:degrees
1894,-2,-2.0000000000000000e+00,8.0000000000000002e-02,-1,-1,-1.1275702593849246e-17,wind_direction:18.4_m:degrees
1895,-2,-2.0000000000000000e+00,1.6750000000000001e-01,-1,-1,3.1874999999999959e-04,wind_direction:18.4_m:degrees
1896,-2,-2.0000000000000000e+00,1.9571428571428573e-01,-1,-1,1.4829931972788757e-04,wind_direction:18.4_m:degrees
1897,-2,-2.0000000000000000e+00,8.8372093023255834e-03,-1,-1,8.7795204615107161e-05,wind_direction:18.4_m:degrees
1898,-2,-2.0000000000000000e+00,9.3750000000000007e-04,-1,-1,5.5371093749999817e-05,wind_direction:18.4_m:degrees
1899,-2,-2.0000000000000000e+00,3.6976744186046517e-02,-1,-1,1.0016224986479096e-04,wind_direction:18.4_m:degrees
1900,-2,-2.0000000000000000e+00,5.2857142857142866e-02,-1,-1,7.7551020408162061e-05,wind_direction:18.4_m:degrees
1901,-2,-2.0000000000000000e+00,2.5980392156862752e-03,-1,-1,6.3348231449442501e-05,wind_direction:18.4_m:degrees
1902,-2,-2.0000000000000000e+00,-1.5594855305466244e-03,-1,-1,4.9818808738536700e-05,wind_direction:18.4_m:degrees
1903,-2,-2.0000000000000000e+00,6.7272727272727276e-02,-1,-1,1.2892561983471156e-04,wind_direction:18.4_m:degrees
1904,-2,-2.0000000000000000e+00,4.8095238095238108e-02,-1,-1,1.5827664399092802e-04,wind_direction:18.4_m:degrees
1905,7,1.2500000000000000e+00,-1.2743243243243163e-02,1945,1946,1.3477191380569930e-04,wave_height:0_m:m
1906,10,6.9692893028259277e+00,-2.0196078431372555e-02,1907,1908,3.2741253364091267e-04,wind_speed:18.4_m:m_s-1
1907,-2,-2.0000000000000000e+00,-5.9999999999999998e-02,-1,-1,-4.3368086899420177e-19,wind_direction:18.4_m:degrees
1908,3,1.0021499938964844e+03,-1.7708333333333333e-02,1909,1910,2.4266493055555521e-04,pressure:18.4_m:hPa
1909,-2,-2.0000000000000000e+00,-5.9999999999999998e-02,-1,-1,-4.3368086899420177e-19,wind_direction:18.4_m:degrees
1910,7,6.5000000596046448e-01,-1.4888888888888892e-02,1911,1912,1.3165432098765446e-04,wave_height:0_m:m
1911,-2,-2.0000000000000000e+00,-5.0000000000000010e-02,-1,-1,-4.3368086899420177e-19,wind_direction:18.4_m:degrees
1912,-2,-2.0000000000000000e+00,-1.2380952380952381e-02,-1,-1,4.6712018140589450e-05,wind_direction:18.4_m:degrees
1913,3,1.0186499938964844e+03,-2.0348837209302317e-02,2015,2016,1.2313412655489461e-04,pressure:18.4_m:hPa
1914,11,1.9045500183105469e+02,-3.0000000000000006e-02,1915,1916,2.0588235294117748e-04,wind_direction:18.4_m:degrees
1915,-2,-2.0000000000000000e+00,-4.0000000000000001e-03,-1,-1,2.4000000000000004e-05,wind_direction:18.4_m:degrees
1916,-2,-2.0000000000000000e+00,-3.4482758620689669e-02,-1,-1,1.0059453032104583e-04,wind_direction:18.4_m:degrees
1917,-2,-2.0000000000000000e+00,6.8000000000000005e-02,-1,-1,1.0099999999999693e-04,wind_direction:18.4_m:degrees
1918,-2,-2.0000000000000000e+00,1.2000000000000000e-01,-1,-1,2.6020852139652106e-17,wind_direction:18.4_m:degrees
1919,-2,-2.0000000000000000e+00,2.2000000000000000e-01,-1,-1,0.0000000000000000e+00,wind_direction:18.4_m:degrees
1920,-2,-2.0000000000000000e+00,2.5782608695652176e-01,-1,-1,1.4744801512286965e-04,wind_direction:18.4_m:degrees
1921,-2,-2.0000000000000000e+00,8.9999999999999997e-02,-1,-1,0.0000000000000000e+00,wind_direction:18.4_m:degrees
1922,-2,-2.0000000000000000e+00,1.2916666666666665e-01,-1,-1,7.4305555555553154e-05,wind_direction:18.4_m:degrees
1923,-2,-2.0000000000000000e+00,1.2754303599374032e-03,-1,-1,3.9609584126214500e-05,wind_direction:18.4_m:degrees
1924,-2,-2.0000000000000000e+00,-5.0000000000000003e-02,-1,-1,-4.3801767768414379e-17,wind_direction:18.4_m:degrees
1925,-2,-2.0000000000000000e+00,2.2222222222222223e-02,-1,-1,1.7283950617283882e-05,wind_direction:18.4_m:degrees
1926,-2,-2.0000000000000000e+00,6.6666666666666664e-04,-1,-1,1.9555555555555551e-05,wind_direction:18.4_m:degrees
1927,-2,-2.0000000000000000e+00,4.0000000000000001e-03,-1,-1,2.4000000000000004e-05,wind_direction:18.4_m:degrees
1928,-2,-2.0000000000000000e+00,-3.3333333333333333e-02,-1,-1,2.2222222222222305e-05,wind_direction:18.4_m:degrees
1929,-2,-2.0000000000000000e+00,-5.9999999999999993e-03,-1,-1,4.4000000000000026e-05,wind_direction:18.4_m:degrees
1930,-2,-2.0000000000000000e+00,-2.2727272727272735e-02,-1,-1,9.8622589531680233e-05,wind_direction:18.4_m:degrees
1931,-2,-2.0000000000000000e+00,9.9318181818181819e-02,-1,-1,8.8171487603297752e-05,wind_direction:18.4_m:degrees
1932,-2,-2.0000000000000000e+00,7.8571428571428584e-02,-1,-1,2.1224489795920991e-04,wind_direction:18.4_m:degrees
1933,-2,-2.0000000000000000e+00,7.0000000000000007e-02,-1,-1,1.6551724137930761e-04,wind_direction:18.4_m:degrees
1934,-2,-2.0000000000000000e+00,5.2500000000000012e-02,-1,-1,8.5416666666668101e-05,wind_direction:18.4_m:degrees
1935,12,7.1666748262941837e-03,-1.1662650602409610e-02,1937,1938,1.2229583393816361e-04,bulk_richardson:18.4_m:none
1936,-2,-2.0000000000000000e+00,-7.3039215686274556e-03,-1,-1,1.0498606305267246e-04,wind_direction:18.4_m:degrees
1937,-2,-2.0000000000000000e+00,-7.8461538461538499e-03,-1,-1,6.1514792899408112e-05,wind_direction:18.4_m:degrees
1938,12,7.4206741992384195e-03,-1.3403508771929813e-02,1939,1940,1.4034595260080195e-04,bulk_richardson:18.4_m:none
1939,-2,-2.0000000000000000e+00,-5.0000000000000010e-02,-1,-1,-4.3368086899420177e-19,wind_direction:18.4_m:degrees
1940,9,9.2262821197509766e+01,-1.3014184397163099e-02,1941,1942,1.2743951511493437e-04,angle_between_wind_wave:0_m:degrees
1941,-2,-2.0000000000000000e+00,-1.2481751824817505e-02,-1,-1,1.1865842612819076e-04,wind_direction:18.4_m:degrees
1942,-2,-2.0000000000000000e+00,-3.1250000000000000e-02,-1,-1,8.5937500000006148e-05,wind_direction:18.4_m:degrees
1943,-2,-2.0000000000000000e+00,2.7931034482758629e-02,-1,-1,1.4054696789536246e-04,wind_direction:18.4_m:degrees
1944,-2,-2.0000000000000000e+00,4.0238095238095253e-02,-1,-1,1.0232426303854753e-04,wind_direction:18.4_m:degrees
1945,2,2.9258000183105469e+02,-1.3780918727915134e-02,1947,1948,1.4966225074604654e-04,water_sfc_temperature:0_m:K
1946,-2,-2.0000000000000000e+00,-9.3678160919540305e-03,-1,-1,7.1439423966179904e-05,wind_direction:18.4_m:degrees
1947,11,2.8016999816894531e+02,-1.4647887323943612e-02,1949,1950,1.5123416555672204e-04,wind_direction:18.4_m:degrees
1948,-2,-2.0000000000000000e+00,-7.5362318840579709e-03,-1,-1,9.3929846670869429e-05,wind_direction:18.4_m:degrees
1949,2,2.9255000305175781e+02,-1.4182194616977176e-02,1953,1954,1.3489020056668048e-04,water_sfc_temperature:0_m:K
1950,5,9.6099998474121094e+01,-3.0714285714285718e-02,1951,1952,4.4948979591836384e-04,relative_humidity:18.4_m:%
1951,-2,-2.0000000000000000e+00,-2.5000000000000001e-03,-1,-1,1.8750000000000002e-05,wind_direction:18.4_m:degrees
1952,-2,-2.0000000000000000e+00,-4.1999999999999996e-02,-1,-1,1.7600000000000016e-04,wind_direction:18.4_m:degrees
1953,-2,-2.0000000000000000e+00,-1.3912133891213336e-02,-1,-1,1.2172449712014979e-04,wind_direction:18.4_m:degrees
1954,10,7.4906892776489258e+00,-4.0000000000000001e-02,1955,1956,7.2000000000001165e-04,wind_speed:18.4_m:m_s-1
1955,-2,-2.0000000000000000e+00,-7.0000000000000007e-02,-1,-1,0.0000000000000000e+00,wind_direction:18.4_m:degrees
1956,-2,-2.0000000000000000e+00,-2.0000000000000000e-02,-1,-1,1.9999999999999982e-04,wind_direction:18.4_m:degrees
1957,-2,-2.0000000000000000e+00,-1.8401360544217659e-02,-1,-1,8.0777685223750383e-05,wind_direction:18.4_m:degrees
1958,-2,-2.0000000000000000e+00,-7.3913043478260878e-03,-1,-1,8.8846880907371065e-05,wind_direction:18.4_m:degrees
1959,-2,-2.0000000000000000e+00,1.7692307692307691e-02,-1,-1,3.3136094674556243e-05,wind_direction:18.4_m:degrees
1960,-2,-2.0000000000000000e+00,3.3275862068965531e-02,-1,-1,9.7889417360284879e-05,wind_direction:18.4_m:degrees
1961,-2,-2.0000000000000000e+00,-2.7272727272727275e-03,-1,-1,5.0137741046831962e-05,wind_direction:18.4_m:degrees
1962,-2,-2.0000000000000000e+00,-1.4255319148936173e-02,-1,-1,2.0316885468537785e-04,wind_direction:18.4_m:degrees
1963,-2,-2.0000000000000000e+00,1.0285714285714287e-01,-1,-1,1.9183673469387770e-04,wind_direction:18.4_m:degrees
1964,-2,-2.0000000000000000e+00,1.4000000000000001e-01,-1,-1,0.0000000000000000e+00,wind_direction:18.4_m:degrees
1965,-2,-2.0000000000000000e+00,-4.1935483870967752e-02,-1,-1,1.8980228928199808e-04,wind_direction:18.4_m:degrees
1966,-2,-2.0000000000000000e+00,-5.0000000000000001e-03,-1,-1,2.2500000000000018e-04,wind_direction:18.4_m:degrees
1967,-2,-2.0000000000000000e+00,3.9000000000000007e-02,-1,-1,1.3900000000000002e-04,wind_direction:18.4_m:degrees
1968,-2,-2.0000000000000000e+00,2.0000000000000000e-02,-1,-1,7.2727272727271671e-05,wind_direction:18.4_m:degrees
1969,-2,-2.0000000000000000e+00,-2.6190476190476189e-03,-1,-1,1.1456916099773236e-04,wind_direction:18.4_m:degrees
1970,-2,-2.0000000000000000e+00,-1.1538461538461541e-02,-1,-1,8.6094674556212936e-05,wind_direction:18.4_m:degrees
1971,-2,-2.0000000000000000e+00,1.1250000000000000e-01,-1,-1,3.5416666666664501e-05,wind_direction:18.4_m:degrees
1972,-2,-2.0000000000000000e+00,1.2967741935483870e-01,-1,-1,1.3860561914673039e-04,wind_direction:18.4_m:degrees
1973,-2,-2.0000000000000000e+00,-1.2500000000000001e-02,-1,-1,1.2589285714285713e-04,wind_direction:18.4_m:degrees
1974,-2,-2.0000000000000000e+00,-2.4878048780487810e-02,-1,-1,9.8155859607375892e-05,wind_direction:18.4_m:degrees
1975,-2,-2.0000000000000000e+00,-4.0222222222222229e-02,-1,-1,9.9950617283950643e-05,wind_direction:18.4_m:degrees
1976,-2,-2.0000000000000000e+00,-5.9999999999999998e-02,-1,-1,-2.6020852139652106e-18,wind_direction:18.4_m:degrees
1977,-2,-2.0000000000000000e+00,-4.0000000000000001e-02,-1,-1,-2.1684043449710089e-19,wind_direction:18.4_m:degrees
1978,-2,-2.0000000000000000e+00,-1.0000000000000000e-02,-1,-1,8.9361702127659494e-05,wind_direction:18.4_m:degrees
1979,-2,-2.0000000000000000e+00,2.6666666666666668e-02,-1,-1,8.8888888888888785e-05,wind_direction:18.4_m:degrees
1980,-2,-2.0000000000000000e+00,6.1428571428571430e-02,-1,-1,4.0816326530612387e-05,wind_direction:18.4_m:degrees
1981,-2,-2.0000000000000000e+00,-8.0000000000000002e-03,-1,-1,9.6000000000000016e-05,wind_direction:18.4_m:degrees
1982,-2,-2.0000000000000000e+00,-3.4000000000000002e-02,-1,-1,3.8400000000000001e-04,wind_direction:18.4_m:degrees
1983,-2,-2.0000000000000000e+00,5.4000000000000006e-02,-1,-1,1.8400000000000014e-04,wind_direction:18.4_m:degrees
1984,-2,-2.0000000000000000e+00,1.4999999999999999e-02,-1,-1,2.4999999999999822e-05,wind_direction:18.4_m:degrees
1985,-2,-2.0000000000000000e+00,-2.1288343558282203e-02,-1,-1,1.0202115247092515e-04,wind_direction:18.4_m:degrees
1986,-2,-2.0000000000000000e+00,-3.0000000000000009e-02,-1,-1,1.7619047619047779e-04,wind_direction:18.4_m:degrees
1987,-2,-2.0000000000000000e+00,3.5909090909090904e-02,-1,-1,1.1205234159779504e-04,wind_direction:18.4_m:degrees
1988,-2,-2.0000000000000000e+00,1.0000000000000000e-02,-1,-1,4.9999999999993707e-05,wind_direction:18.4_m:degrees
1989,-2,-2.0000000000000000e+00,2.0857142857142857e-01,-1,-1,1.5510204081636142e-04,wind_direction:18.4_m:degrees
1990,-2,-2.0000000000000000e+00,2.3799999999999999e-01,-1,-1,5.5999999999993555e-05,wind_direction:18.4_m:degrees
1991,-2,-2.0000000000000000e+00,-3.6249999999999998e-02,-1,-1,9.8437500000000218e-05,wind_direction:18.4_m:degrees
1992,-2,-2.0000000000000000e+00,-1.4705882352941176e-02,-1,-1,1.6608996539792392e-04,wind_direction:18.4_m:degrees
1993,-2,-2.0000000000000000e+00,-2.2000000000000002e-02,-1,-1,1.5999999999999901e-05,wind_direction:18.4_m:degrees
1994,-2,-2.0000000000000000e+00,1.0416666666666667e-03,-1,-1,1.2599826388888887e-04,wind_direction:18.4_m:degrees
1995,-2,-2.0000000000000000e+00,1.4529411764705880e-01,-1,-1,4.4844290657440611e-04,wind_direction:18.4_m:degrees
1996,-2,-2.0000000000000000e+00,1.2833333333333333e-01,-1,-1,4.7222222222212396e-05,wind_direction:18.4_m:degrees
1997,-2,-2.0000000000000000e+00,-4.4822256568778987e-04,-1,-1,1.0598147674799167e-04,wind_direction:18.4_m:degrees
1998,10,2.6529039144515991e+00,1.8571428571428572e-02,1999,2000,8.6938775510203396e-04,wind_speed:18.4_m:m_s-1
1999,-2,-2.0000000000000000e+00,6.5000000000000002e-02,-1,-1,2.4999999999999849e-05,wind_direction:18.4_m:degrees
2000,-2,-2.0000000000000000e+00,0.0000000000000000e+00,-1,-1,0.0000000000000000e+00,wind_direction:18.4_m:degrees
2001,-2,-2.0000000000000000e+00,3.5932203389830518e-02,-1,-1,9.5317437517955387e-05,wind_direction:18.4_m:degrees
2002,-2,-2.0000000000000000e+00,4.6097560975609769e-02,-1,-1,1.8964901844140342e-04,wind_direction:18.4_m:degrees
2003,-2,-2.0000000000000000e+00,8.0000000000000029e-02,-1,-1,1.7021276595744102e-04,wind_direction:18.4_m:degrees
2004,11,3.0952000427246094e+02,6.7500000000000018e-02,2011,2012,2.4375000000000265e-04,wind_direction:18.4_m:degrees
2005,-2,-2.0000000000000000e+00,-2.3783783783783791e-02,-1,-1,8.8385682980277004e-05,wind_direction:18.4_m:degrees
2006,-2,-2.0000000000000000e+00,-4.4285714285714282e-02,-1,-1,1.3877551020408108e-04,wind_direction:18.4_m:degrees
2007,-2,-2.0000000000000000e+00,1.7000000000000001e-01,-1,-1,0.0000000000000000e+00,wind_direction:18.4_m:degrees
2008,-2,-2.0000000000000000e+00,1.1846153846153848e-01,-1,-1,5.9171597633130707e-05,wind_direction:18.4_m:degrees
2009,-2,-2.0000000000000000e+00,7.6136363636363655e-02,-1,-1,1.0552685950413181e-04,wind_direction:18.4_m:degrees
2010,-2,-2.0000000000000000e+00,6.1333333333333330e-02,-1,-1,1.4488888888888841e-04,wind_direction:18.4_m:degrees
2011,-2,-2.0000000000000000e+00,6.1666666666666675e-02,-1,-1,1.4722222222221830e-04,wind_direction:18.4_m:degrees
2012,-2,-2.0000000000000000e+00,8.5000000000000006e-02,-1,-1,1.2500000000000358e-04,wind_direction:18.4_m:degrees
2013,-2,-2.0000000000000000e+00,1.7000000000000001e-01,-1,-1,0.0000000000000000e+00,wind_direction:18.4_m:degrees
2014,-2,-2.0000000000000000e+00,2.2249999999999998e-01,-1,-1,1.6875000000001611e-04,wind_direction:18.4_m:degrees
2015,-2,-2.0000000000000000e+00,-1.7796610169491533e-02,-1,-1,1.3412812410226906e-04,wind_direction:18.4_m:degrees
2016,-2,-2.0000000000000000e+00,-2.5925925925925936e-02,-1,-1,5.3772290809329958e-05,wind_direction:18.4_m:degrees
2017,-2,-2.0000000000000000e+00,5.2692307692307698e-02,-1,-1,1.6198224852070984e-04,wind_direction:18.4_m:degrees
2018,4,4.3698458671569824e+00,2.3333333333333331e-02,2019,2020,2.6888888888888891e-03,mixing_ratio:18.4_m:g_kg-1
2019,-2,-2.0000000000000000e+00,-5.0000000000000003e-02,-1,-1,0.0000000000000000e+00,wind_direction:18.4_m:degrees
2020,-2,-2.0000000000000000e+00,5.9999999999999998e-02,-1,-1,0.0000000000000000e+00,wind_direction:18.4_m:degrees
2021,-2,-2.0000000000000000e+00,8.4285714285714283e-02,-1,-1,2.4489795918367606e-05,wind_direction:18.4_m:degrees
2022,-2,-2.0000000000000000e+00,1.0818181818181817e-01,-1,-1,6.9421487603299817e-05,wind_direction:18.4_m:degrees
2023,-2,-2.0000000000000000e+00,-2.8750000000000001e-02,-1,-1,6.0937499999999902e-05,wind_direction:18.4_m:degrees
2024,2,2.9278500366210938e+02,-1.7356321839080469e-02,2039,2040,1.8956268991940790e-04,water_sfc_temperature:0_m:K
2025,10,4.5640392303466797e+00,-7.7083333333333344e-03,2027,2028,1.4474826388888881e-04,wind_speed:18.4_m:m_s-1
2026,-2,-2.0000000000000000e+00,-3.5294117647058820e-04,-1,-1,4.5757785467128076e-05,wind_direction:18.4_m:degrees
2027,-2,-2.0000000000000000e+00,-5.8139534883720947e-03,-1,-1,1.0108166576527851e-04,wind_direction:18.4_m:degrees
2028,-2,-2.0000000000000000e+00,-2.4000000000000000e-02,-1,-1,2.2399999999999926e-04,wind_direction:18.4_m:degrees
2029,-2,-2.0000000000000000e+00,6.4150943396226430e-03,-1,-1,7.2054111783552831e-05,wind_direction:18.4_m:degrees
2030,0,1.1019524765014648e+02,1.0563380281690144e-03,2031,2032,6.2499173444422398e-05,zenith:0_m:degrees
2031,-2,-2.0000000000000000e+00,2.8571428571428584e-03,-1,-1,4.8299319727891115e-05,wind_direction:18.4_m:degrees
2032,-2,-2.0000000000000000e+00,-2.9545454545454558e-03,-1,-1,7.0816115702479181e-05,wind_direction:18.4_m:degrees
2033,-2,-2.0000000000000000e+00,-2.6666666666666668e-02,-1,-1,2.2222222222222088e-05,wind_direction:18.4_m:degrees
2034,-2,-2.0000000000000000e+00,2.4000000000000002e-03,-1,-1,6.8906666666666662e-05,wind_direction:18.4_m:degrees
2035,-2,-2.0000000000000000e+00,2.6380368098159507e-03,-1,-1,4.0280025593737071e-05,wind_direction:18.4_m:degrees
2036,-2,-2.0000000000000000e+00,8.9000000000000034e-03,-1,-1,1.3178999999999969e-04,wind_direction:18.4_m:degrees
2037,-2,-2.0000000000000000e+00,-5.0000000000000003e-02,-1,-1,0.0000000000000000e+00,wind_direction:18.4_m:degrees
2038,-2,-2.0000000000000000e+00,4.0000000000000001e-03,-1,-1,2.4000000000000018e-05,wind_direction:18.4_m:degrees
2039,-2,-2.0000000000000000e+00,-1.3620689655172418e-02,-1,-1,2.0240784780023766e-04,wind_direction:18.4_m:degrees
2040,-2,-2.0000000000000000e+00,-2.4827586206896551e-02,-1,-1,8.0142687277050110e-05,wind_direction:18.4_m:degrees
2041,-2,-2.0000000000000000e+00,1.1692307692307696e-01,-1,-1,2.0591715976330319e-04,wind_direction:18.4_m:degrees
2042,-2,-2.0000000000000000e+00,9.5555555555555546e-02,-1,-1,3.3580246913580448e-04,wind_direction:18.4_m:degrees
2043,-2,-2.0000000000000000e+00,4.2272727272727267e-02,-1,-1,2.0847107438016588e-04,wind_direction:18.4_m:degrees
2044,-2,-2.0000000000000000e+00,2.6842105263157896e-02,-1,-1,6.3711911357339354e-05,wind_direction:18.4_m:degrees
2045,-2,-2.0000000000000000e+00,-3.1689901394083399e-03,-1,-1,9.7403948283139596e-05,wind_direction:18.4_m:degrees
2046,-2,-2.0000000000000000e+00,-1.3478260869565217e-02,-1,-1,5.5311909262758293e-04,wind_direction:18.4_m:degrees
