Node,feature,threshold,value,children_left,children_right,impurity,feature_name
0,5,6.4250000000000000e+01,1.0167278196859952e-02,1,2,1.6931828933669615e-03,relative_humidity:18.4_m:%
1,10,1.0203702926635742e+01,5.0055133673150835e-02,3,4,3.4354385497922962e-03,wind_speed:18.4_m:m_s-1
2,4,3.7817023992538452e+00,-1.0228798225646598e-03,7,8,6.3283861735345128e-04,mixing_ratio:18.4_m:g_kg-1
3,4,1.7605321407318115e+00,3.2157345696899903e-02,9,10,1.4712803712797927e-03,mixing_ratio:18.4_m:g_kg-1
4,4,1.7363017797470093e+00,9.5621541866470025e-02,5,6,5.5442005540224937e-03,mixing_ratio:18.4_m:g_kg-1
5,2,2.7615499877929688e+02,1.5141197497765849e-01,25,26,4.4787927431057840e-03,water_sfc_temperature:0_m:K
6,12,-5.0247979816049337e-03,5.6407035175879423e-02,23,24,2.5674926138227797e-03,bulk_richardson:18.4_m:none
7,3,9.8810000610351562e+02,3.4152360515021636e-02,13,14,1.7315776446425396e-03,pressure:18.4_m:hPa
8,12,-3.8708443753421307e-03,-4.1480775341596462e-03,11,12,4.1552303650109858e-04,bulk_richardson:18.4_m:none
9,2,2.7572500610351562e+02,6.3424050632911413e-02,15,16,2.2921366367569130e-03,water_sfc_temperature:0_m:K
10,12,-4.0966387838125229e-02,2.2874859075535624e-02,19,20,8.5118651938068763e-04,bulk_richardson:18.4_m:none
11,10,1.3137322902679443e+01,2.3937786782670853e-03,27,28,3.1341051847292434e-04,wind_speed:18.4_m:m_s-1
12,10,8.8946666717529297e+00,-1.1621621621621860e-02,17,18,4.2743365599919373e-04,wind_speed:18.4_m:m_s-1
13,8,6.5000000000000000e+00,1.4871559633027523e-01,69,70,4.4992677384058655e-03,wave_period:0_m:s
14,2,2.7821501159667969e+02,2.9505024190547183e-02,35,36,1.0652927734177042e-03,water_sfc_temperature:0_m:K
15,10,6.6423146724700928e+00,2.8364779874213750e-02,83,84,6.8034492306475597e-04,wind_speed:18.4_m:m_s-1
16,10,6.0453720092773438e+00,8.7044491525423665e-02,37,38,1.9920064950803961e-03,wind_speed:18.4_m:m_s-1
17,3,1.0271500244140625e+03,-6.6959948675649325e-03,95,96,2.0073234487908781e-04,pressure:18.4_m:hPa
18,10,1.2106052398681641e+01,-2.5847008999470959e-02,53,54,8.0972460857637154e-04,wind_speed:18.4_m:m_s-1
19,10,6.6479544639587402e+00,3.2372364039955692e-02,21,22,8.2014880340130873e-04,wind_speed:18.4_m:m_s-1
20,10,8.2033710479736328e+00,2.9511059371362131e-03,155,156,3.3011518795036775e-04,wind_speed:18.4_m:m_s-1
21,12,-1.0484024509787560e-01,2.1157635467980329e-02,89,90,4.0531012642868239e-04,bulk_richardson:18.4_m:none
22,10,8.4835810661315918e+00,5.5761986301369845e-02,75,76,8.7596047276691487e-04,wind_speed:18.4_m:m_s-1
23,4,3.4999636411666870e+00,6.5810711665443888e-02,33,34,2.2035063562800264e-03,mixing_ratio:18.4_m:g_kg-1
24,3,9.9414999389648438e+02,4.3668122270742354e-04,117,118,1.0749184798153882e-03,pressure:18.4_m:hPa
25,4,1.4658403992652893e+00,1.0894568690095842e-01,61,62,2.4560769222917601e-03,mixing_ratio:18.4_m:g_kg-1
26,7,1.4499999880790710e+00,1.6790322580645162e-01,29,30,4.2920055230930287e-03,wave_height:0_m:m
27,3,1.0063500061035156e+03,1.6572084037671908e-03,55,56,2.5388853111064377e-04,pressure:18.4_m:hPa
28,11,2.7338000488281250e+02,5.8617511520737284e-02,107,108,1.6543099237614559e-03,wind_direction:18.4_m:degrees
29,12,-6.1978453770279884e-02,1.4191037735849063e-01,31,32,4.2937561187254697e-03,bulk_richardson:18.4_m:none
30,3,1.0107500000000000e+03,1.9675392670157085e-01,57,58,2.7077876154711703e-03,pressure:18.4_m:hPa
31,4,8.3250337839126587e-01,1.9034482758620691e-01,59,60,2.6447086801426947e-03,mixing_ratio:18.4_m:g_kg-1
32,12,-2.9298846609890461e-02,9.7420814479637977e-02,81,82,1.6743432771646645e-03,bulk_richardson:18.4_m:none
33,10,1.3744674682617188e+01,8.1682808716707037e-02,43,44,2.2478945470748276e-03,wind_speed:18.4_m:m_s-1
34,10,1.6645678520202637e+01,4.1396648044692667e-02,103,104,1.1516806591554136e-03,wind_speed:18.4_m:m_s-1
35,4,1.9175841808319092e+00,2.0856995353639669e-02,39,40,8.0793876495247518e-04,mixing_ratio:18.4_m:g_kg-1
36,4,2.9747709035873413e+00,5.1839999999999962e-02,51,52,1.0379477333333012e-03,mixing_ratio:18.4_m:g_kg-1
37,2,2.7824499511718750e+02,5.7249070631970260e-02,139,140,7.7161454374594140e-04,water_sfc_temperature:0_m:K
38,4,1.3344000577926636e+00,9.8918518518518531e-02,47,48,1.9835711385459715e-03,mixing_ratio:18.4_m:g_kg-1
39,3,1.0159500122070312e+03,6.7686567164179062e-02,129,130,1.2162898195589274e-03,pressure:18.4_m:hPa
40,10,1.0489419937133789e+01,1.7376594564614500e-02,41,42,6.0249101069917909e-04,wind_speed:18.4_m:m_s-1
41,4,2.5339181423187256e+00,1.0843621399176875e-02,123,124,2.6643507934088573e-04,mixing_ratio:18.4_m:g_kg-1
42,12,-1.1937540024518967e-02,4.4985507246376816e-02,109,110,1.0800722537282004e-03,bulk_richardson:18.4_m:none
43,12,-3.5844473168253899e-02,6.7345794392523334e-02,45,46,1.7006187439951026e-03,bulk_richardson:18.4_m:none
44,12,-2.0415667444467545e-02,1.0804123711340204e-01,49,50,2.1813866156516898e-03,bulk_richardson:18.4_m:none
45,2,2.8501998901367188e+02,1.0552941176470589e-01,115,116,1.5376608996539743e-03,water_sfc_temperature:0_m:K
46,12,-2.2342709824442863e-02,4.9561643835616412e-02,141,142,7.8117770688684515e-04,bulk_richardson:18.4_m:none
47,2,2.7915499877929688e+02,1.2465454545454541e-01,67,68,1.9521533884297639e-03,water_sfc_temperature:0_m:K
48,12,-6.1596112325787544e-02,8.1224999999999936e-02,113,114,1.2367493749999943e-03,bulk_richardson:18.4_m:none
49,7,2.0999999642372131e+00,1.6750000000000001e-01,121,122,2.2187499999999985e-03,wave_height:0_m:m
50,5,5.1050001144409180e+01,9.2597402597402595e-02,213,214,1.0148985213920374e-03,relative_humidity:18.4_m:%
51,8,6.9500000476837158e+00,7.9606986899563290e-02,177,178,1.0299765450696979e-03,wave_period:0_m:s
52,10,7.5515646934509277e+00,3.9635316698656359e-02,125,126,5.5360980839298845e-04,wind_speed:18.4_m:m_s-1
53,11,2.1091999816894531e+02,-2.2269861286254949e-02,135,136,5.6161948257846912e-04,wind_direction:18.4_m:degrees
54,11,2.1967000579833984e+02,-4.4570957095709553e-02,65,66,1.6908225228462566e-03,wind_direction:18.4_m:degrees
55,5,6.9799999237060547e+01,1.5161030595813181e-02,85,86,5.8552157317297640e-04,relative_humidity:18.4_m:%
56,5,8.0850002288818359e+01,5.6258974024278726e-04,63,64,2.1102665947260289e-04,relative_humidity:18.4_m:%
57,8,5.9000000953674316e+00,1.6793939393939386e-01,93,94,2.0915114784205886e-03,wave_period:0_m:s
58,10,1.2897521018981934e+01,2.1866359447004630e-01,73,74,2.0650342967570498e-03,wind_speed:18.4_m:m_s-1
59,10,1.1976106166839600e+01,2.4305084745762720e-01,315,316,1.4483194484343209e-03,wind_speed:18.4_m:m_s-1
60,10,1.0674579620361328e+01,1.6875000000000004e-01,191,192,1.5303819444444679e-03,wind_speed:18.4_m:m_s-1
61,10,1.4242413043975830e+01,1.2394067796610179e-01,87,88,1.9459117351335910e-03,wind_speed:18.4_m:m_s-1
62,0,1.3469193649291992e+02,6.2987012987012980e-02,143,144,1.2183504806881611e-03,zenith:0_m:degrees
63,10,8.3376827239990234e+00,5.4588796185935677e-03,149,150,2.6590981090207129e-04,wind_speed:18.4_m:m_s-1
64,12,-2.2314463742077351e-02,-1.8332037325038755e-03,111,112,1.6670157247328322e-04,bulk_richardson:18.4_m:none
65,10,1.6696052551269531e+01,-5.5990338164251224e-02,181,182,1.3515554622044808e-03,wind_speed:18.4_m:m_s-1
66,6,1.7650000000000000e+02,-1.9947916666666655e-02,101,102,1.5348931206597303e-03,wave_direction:0_m:degrees
67,4,7.5150519609451294e-01,1.0440993788819877e-01,133,134,1.6221673546545478e-03,mixing_ratio:18.4_m:g_kg-1
68,10,7.7585203647613525e+00,1.5324561403508777e-01,239,240,1.0219221298861138e-03,wind_speed:18.4_m:m_s-1
69,1,1.4267199707031250e+02,1.8322033898305087e-01,71,72,4.2184429761562697e-03,azimuth:0_m:degrees
70,4,2.0899475812911987e+00,1.0800000000000003e-01,185,186,1.7680000000000196e-03,mixing_ratio:18.4_m:g_kg-1
71,2,2.7556500244140625e+02,2.4359999999999996e-01,387,388,1.1270399999999750e-03,water_sfc_temperature:0_m:K
72,11,3.0123500061035156e+02,1.3882352941176473e-01,175,176,1.8397923875432334e-03,wind_direction:18.4_m:degrees
73,6,2.2750000000000000e+02,1.7968750000000003e-01,307,308,1.3405273437499879e-03,wave_direction:0_m:degrees
74,4,1.0698028206825256e+00,2.3496732026143793e-01,229,230,1.4668289973940596e-03,mixing_ratio:18.4_m:g_kg-1
75,12,-9.8394937813282013e-02,4.7843915343915307e-02,77,78,6.6664759525209179e-04,bulk_richardson:18.4_m:none
76,12,-6.1451250687241554e-02,7.0291262135922308e-02,79,80,9.3389574889244688e-04,bulk_richardson:18.4_m:none
77,10,7.5489699840545654e+00,6.6426332288401238e-02,263,264,4.8879629720619683e-04,wind_speed:18.4_m:m_s-1
78,12,-6.0791235417127609e-02,3.4279176201372920e-02,241,242,3.6040718650671207e-04,bulk_richardson:18.4_m:none
79,12,-8.7496776133775711e-02,8.8965517241379286e-02,391,392,7.8267368778665337e-04,bulk_richardson:18.4_m:none
80,10,9.4670915603637695e+00,5.2153110047846889e-02,549,550,4.1306746640415101e-04,wind_speed:18.4_m:m_s-1
81,3,1.0159500122070312e+03,1.1088235294117647e-01,137,138,1.2292214532871881e-03,pressure:18.4_m:hPa
82,3,1.0051000061035156e+03,5.2549019607843146e-02,441,442,5.4056132256827608e-04,pressure:18.4_m:hPa
83,4,9.0848365426063538e-01,1.6239782016348760e-02,401,402,2.8286348551106978e-04,mixing_ratio:18.4_m:g_kg-1
84,12,-7.3065459728240967e-02,4.4907063197025976e-02,167,168,7.4841143710009748e-04,bulk_richardson:18.4_m:none
85,12,-3.5750556737184525e-02,4.2214765100671091e-02,119,120,1.3595243457501960e-03,bulk_richardson:18.4_m:none
86,11,2.8907000732421875e+02,1.1473010064043885e-02,227,228,3.6663170521215741e-04,wind_direction:18.4_m:degrees
87,5,2.9099999427795410e+01,1.0903030303030301e-01,131,132,1.2996657483929936e-03,relative_humidity:18.4_m:%
88,7,1.2500000000000000e+00,1.5859154929577468e-01,189,190,1.7304106328109303e-03,wave_height:0_m:m
89,10,3.9407459497451782e+00,2.4825765575501667e-02,91,92,4.1177006475179832e-04,wind_speed:18.4_m:m_s-1
90,3,1.0119500122070312e+03,8.3394833948339398e-03,595,596,1.7141242630137825e-04,pressure:18.4_m:hPa
91,2,2.8182499694824219e+02,1.5792682926829192e-02,279,280,2.7583506841166272e-04,water_sfc_temperature:0_m:K
92,12,-1.5943446755409241e-01,3.1722532588454318e-02,203,204,4.0569209935877970e-04,bulk_richardson:18.4_m:none
93,11,2.8560000610351562e+02,1.4847619047619040e-01,161,162,1.1424399092970737e-03,wind_direction:18.4_m:degrees
94,1,2.6287355041503906e+02,2.0200000000000007e-01,231,232,1.9293333333333385e-03,azimuth:0_m:degrees
95,10,6.8875575065612793e+00,-6.7816197376869662e-03,99,100,1.8031432051686963e-04,wind_speed:18.4_m:m_s-1
96,7,9.4999998807907104e-01,1.1000000000000000e-01,97,98,1.4400000000003035e-02,wave_height:0_m:m
97,-2,-2.0000000000000000e+00,-1.0000000000000000e-02,-1,-1,-1.8973538018496328e-19,wind_direction:18.4_m:degrees
98,-2,-2.0000000000000000e+00,2.3000000000000001e-01,-1,-1,-6.9388939039072284e-18,wind_direction:18.4_m:degrees
99,5,9.8450000762939453e+01,-4.5466995343741963e-03,335,336,1.5484108127345326e-04,relative_humidity:18.4_m:%
100,5,9.1750000000000000e+01,-1.1313524021105291e-02,293,294,2.0130159160793623e-04,relative_humidity:18.4_m:%
101,4,7.6979749202728271e+00,9.2499999999999999e-02,533,534,1.5937499999999997e-03,mixing_ratio:18.4_m:g_kg-1
102,12,2.6518372818827629e-02,-2.4836956521739114e-02,169,170,9.5866906899811017e-04,bulk_richardson:18.4_m:none
103,11,2.7566500854492188e+02,3.8027613412228767e-02,105,106,9.9729312310104521e-04,wind_direction:18.4_m:degrees
104,1,8.7856361389160156e+01,9.8333333333333370e-02,1143,1144,3.2722222222228772e-04,azimuth:0_m:degrees
105,12,-1.7412470653653145e-02,2.1415525114155242e-02,207,208,6.6420633431329762e-04,bulk_richardson:18.4_m:none
106,12,-1.2855050619691610e-02,5.0659722222222182e-02,171,172,8.8116198881172661e-04,bulk_richardson:18.4_m:none
107,12,-1.4169286470860243e-02,4.0476190476190450e-02,265,266,1.0870748299319799e-03,bulk_richardson:18.4_m:none
108,4,6.1536819934844971e+00,8.3736263736263708e-02,197,198,1.3530733003260494e-03,mixing_ratio:18.4_m:g_kg-1
109,12,-4.6549314633011818e-02,5.6234309623430942e-02,195,196,7.3979447138530340e-04,bulk_richardson:18.4_m:none
110,10,1.4782267570495605e+01,1.9622641509433967e-02,187,188,9.1872552509789790e-04,wind_speed:18.4_m:m_s-1
111,4,4.3683075904846191e+00,4.7464940668824222e-04,209,210,1.5024473413890999e-04,mixing_ratio:18.4_m:g_kg-1
112,11,2.1483499908447266e+02,-5.7752040010528999e-03,339,340,1.7017426275779869e-04,wind_direction:18.4_m:degrees
113,2,2.7873500061035156e+02,8.7383720930232500e-02,127,128,1.0367597349918911e-03,water_sfc_temperature:0_m:K
114,12,-3.5514857620000839e-02,4.3392857142857157e-02,475,476,8.0098852040823222e-04,bulk_richardson:18.4_m:none
115,3,1.0030499877929688e+03,9.0252100840336150e-02,257,258,9.3859190735118454e-04,pressure:18.4_m:hPa
116,3,1.0093500061035156e+03,1.4117647058823529e-01,349,350,1.1201845444059437e-03,pressure:18.4_m:hPa
117,12,-8.9785338786896318e-04,5.7600000000000005e-02,631,632,6.7424000000000000e-04,bulk_richardson:18.4_m:none
118,12,1.1648495565168560e-03,-6.5686274509803933e-03,217,218,6.7450019223375644e-04,bulk_richardson:18.4_m:none
119,10,9.2751717567443848e+00,8.2500000000000004e-02,233,234,1.3337500000000007e-03,wind_speed:18.4_m:m_s-1
120,10,1.1482909679412842e+01,2.7431192660550462e-02,275,276,5.5486911876105095e-04,wind_speed:18.4_m:m_s-1
121,11,3.0064500427246094e+02,1.4577777777777776e-01,751,752,8.1106172839507870e-04,wind_direction:18.4_m:degrees
122,12,-2.8802509419620037e-02,2.3266666666666672e-01,1093,1094,7.7955555555547784e-04,bulk_richardson:18.4_m:none
123,2,2.7802999877929688e+02,2.3911845730027498e-02,253,254,3.4723189824617648e-04,water_sfc_temperature:0_m:K
124,3,1.0035499877929688e+03,6.5114155251141323e-03,283,284,1.6426813452596867e-04,pressure:18.4_m:hPa
125,2,2.7966000366210938e+02,2.9999999999999943e-02,333,334,2.5198776758410073e-04,water_sfc_temperature:0_m:K
126,5,7.8299999237060547e+01,5.5876288659793778e-02,193,194,6.4175789138060449e-04,relative_humidity:18.4_m:%
127,5,5.2250000000000000e+01,7.2285714285714300e-02,201,202,7.4334693877550588e-04,relative_humidity:18.4_m:%
128,5,4.4350000381469727e+01,1.0301775147928996e-01,145,146,8.6012394524003812e-04,relative_humidity:18.4_m:%
129,11,3.3945500183105469e+02,1.1555555555555559e-01,1173,1174,3.7283950617283262e-04,wind_direction:18.4_m:degrees
130,5,6.8900001525878906e+01,5.5607476635513998e-02,313,314,7.0500480391301121e-04,relative_humidity:18.4_m:%
131,-2,-2.0000000000000000e+00,4.7647058823529417e-02,-1,-1,1.1211072664359849e-04,wind_direction:18.4_m:degrees
132,12,-3.5114537924528122e-02,1.1608108108108108e-01,267,268,9.5356099342585460e-04,bulk_richardson:18.4_m:none
133,-2,-2.0000000000000000e+00,2.2199999999999998e-01,-1,-1,5.7600000000001400e-04,wind_direction:18.4_m:degrees
134,9,9.0498451232910156e+01,1.0064102564102560e-01,173,174,1.1983070348454937e-03,angle_between_wind_wave:0_m:degrees
135,12,6.2647433951497078e-03,-2.7508999280057577e-02,159,160,3.9998642009286681e-04,bulk_richardson:18.4_m:none
136,10,1.2097208023071289e+01,-1.8188446438586591e-02,147,148,6.4949449354829211e-04,wind_speed:18.4_m:m_s-1
137,7,1.1500000357627869e+00,9.8870967741935462e-02,353,354,7.0840270551510501e-04,wave_height:0_m:m
138,12,-5.5016946047544479e-02,1.4326086956521736e-01,385,386,1.1958884688089942e-03,bulk_richardson:18.4_m:none
139,4,1.1994934678077698e+00,4.1428571428571405e-02,683,684,3.7615467239527560e-04,mixing_ratio:18.4_m:g_kg-1
140,10,4.6222040653228760e+00,7.2720588235294120e-02,245,246,6.7421604671280035e-04,wind_speed:18.4_m:m_s-1
141,2,2.8737998962402344e+02,6.5460526315789483e-02,251,252,7.5899844182825572e-04,water_sfc_temperature:0_m:K
142,10,1.2950489997863770e+01,3.8215962441314512e-02,297,298,4.8789702219577424e-04,wind_speed:18.4_m:m_s-1
143,1,2.7215666198730469e+02,5.3188405797101455e-02,855,856,3.9852972064692354e-04,azimuth:0_m:degrees
144,-2,-2.0000000000000000e+00,1.4750000000000002e-01,-1,-1,3.1874999999999612e-04,wind_direction:18.4_m:degrees
145,0,8.5606197357177734e+01,7.9253731343283576e-02,1237,1238,2.6362218756961590e-04,zenith:0_m:degrees
146,10,8.8903083801269531e+00,1.1862745098039217e-01,569,570,6.3733179546325396e-04,wind_speed:18.4_m:m_s-1
147,5,9.8750000000000000e+01,-1.8327721661054910e-02,163,164,6.1527306989334475e-04,relative_humidity:18.4_m:%
148,-2,-2.0000000000000000e+00,2.3000000000000001e-01,-1,-1,2.0539125955565396e-15,wind_direction:18.4_m:degrees
149,4,5.6707863807678223e+00,3.9313609467455206e-03,317,318,1.5872191589930097e-04,mixing_ratio:18.4_m:g_kg-1
150,12,-2.0323394797742367e-02,1.3436341161928295e-02,151,152,7.4987264718149129e-04,bulk_richardson:18.4_m:none
151,11,3.2688499450683594e+02,3.2814569536423803e-02,153,154,7.9969409236437406e-04,wind_direction:18.4_m:degrees
152,9,8.7815437316894531e+01,1.8934911242603561e-03,521,522,3.6327859668779024e-04,angle_between_wind_wave:0_m:degrees
153,11,2.6752000427246094e+02,2.6022727272727243e-02,287,288,4.4819645316804746e-04,wind_direction:18.4_m:degrees
154,4,5.4204871654510498e+00,8.0000000000000016e-02,563,564,6.9473684210526881e-04,mixing_ratio:18.4_m:g_kg-1
155,12,-1.6604531556367874e-02,-1.2928759894459106e-03,457,458,1.6974447871197416e-04,bulk_richardson:18.4_m:none
156,12,-1.2727770023047924e-02,1.1256454388984496e-02,157,158,5.3972941186925807e-04,bulk_richardson:18.4_m:none
157,12,-2.4255164898931980e-02,2.0941475826971971e-02,399,400,3.2099657492117451e-04,bulk_richardson:18.4_m:none
158,12,2.6893438771367073e-02,-8.9893617021276646e-03,699,700,3.9099988682661816e-04,bulk_richardson:18.4_m:none
159,4,1.5571867465972900e+01,-2.1068376068375951e-02,655,656,2.0213492585287768e-04,mixing_ratio:18.4_m:g_kg-1
160,5,9.7450000762939453e+01,-3.4090247452692783e-02,425,426,5.1645764870148977e-04,relative_humidity:18.4_m:%
161,7,1.9499999880790710e+00,1.0928571428571431e-01,1661,1662,2.9948979591836421e-04,wave_height:0_m:m
162,10,1.5226901054382324e+01,1.6272727272727278e-01,515,516,6.8736717827629773e-04,wind_speed:18.4_m:m_s-1
163,11,2.7767498779296875e+02,-1.8905895691609938e-02,219,220,5.2799794710022691e-04,wind_direction:18.4_m:degrees
164,10,1.1209209918975830e+01,3.8333333333333330e-02,165,166,5.9250000000002929e-03,wind_speed:18.4_m:m_s-1
165,11,2.2476000213623047e+02,-5.0000000000000001e-03,495,496,1.1583333333333333e-03,wind_direction:18.4_m:degrees
166,5,9.9349998474121094e+01,1.2500000000000000e-01,341,342,4.1916666666666699e-03,relative_humidity:18.4_m:%
167,5,5.2549999237060547e+01,6.0639999999999972e-02,215,216,6.7159040000000329e-04,relative_humidity:18.4_m:%
168,12,-2.4615525268018246e-02,3.1249999999999986e-02,417,418,4.1371527777778346e-04,bulk_richardson:18.4_m:none
169,12,3.7450437666848302e-03,-2.6120218579234963e-02,247,248,6.6090358028009341e-04,bulk_richardson:18.4_m:none
170,-2,-2.0000000000000000e+00,2.0999999999999999e-01,-1,-1,-1.5265566588595902e-16,wind_direction:18.4_m:degrees
171,4,5.0348463058471680e+00,5.9849999999999952e-02,255,256,7.6947750000000122e-04,mixing_ratio:18.4_m:g_kg-1
172,10,1.2943860530853271e+01,2.9772727272727281e-02,309,310,5.0676652892562690e-04,wind_speed:18.4_m:m_s-1
173,4,9.4716075062751770e-01,1.1145299145299145e-01,269,270,1.0688289867777125e-03,mixing_ratio:18.4_m:g_kg-1
174,3,1.0102999877929688e+03,6.8205128205128224e-02,1627,1628,1.8395792241945787e-04,pressure:18.4_m:hPa
175,4,1.8379999995231628e+00,1.6076923076923075e-01,1377,1378,2.8402366863903433e-04,mixing_ratio:18.4_m:g_kg-1
176,-2,-2.0000000000000000e+00,6.7500000000000004e-02,-1,-1,2.4374999999999918e-04,wind_direction:18.4_m:degrees
177,4,1.7388235926628113e+00,7.0647058823529410e-02,179,180,7.4605190311418778e-04,mixing_ratio:18.4_m:g_kg-1
178,12,-1.4963685721158981e-01,1.0542372881355928e-01,325,326,9.5024418270612566e-04,bulk_richardson:18.4_m:none
179,11,3.2808999633789062e+02,1.1636363636363639e-01,885,886,4.5950413223140064e-04,wind_direction:18.4_m:degrees
180,10,3.8343231678009033e+00,6.3851351351351338e-02,423,424,4.3178871439006686e-04,wind_speed:18.4_m:m_s-1
181,12,2.5283760391175747e-02,-5.2631578947368404e-02,199,200,1.0467590027700801e-03,bulk_richardson:18.4_m:none
182,6,1.8900000000000000e+02,-9.3529411764705875e-02,183,184,3.2228373702421834e-03,wave_direction:0_m:degrees
183,10,1.7852839469909668e+01,-7.7241379310344832e-02,305,306,1.9027348394768141e-03,wind_speed:18.4_m:m_s-1
184,-2,-2.0000000000000000e+00,-1.8800000000000000e-01,-1,-1,4.1600000000000664e-04,wind_direction:18.4_m:degrees
185,5,7.9549999237060547e+01,1.5733333333333333e-01,679,680,8.3288888888889342e-04,relative_humidity:18.4_m:%
186,7,3.1000000238418579e+00,8.6857142857142855e-02,525,526,6.7869387755101207e-04,wave_height:0_m:m
187,5,8.6349998474121094e+01,7.6829268292682943e-03,517,518,4.1048483045806079e-04,relative_humidity:18.4_m:%
188,0,1.0220500183105469e+02,6.0416666666666674e-02,1149,1150,5.0399305555555440e-04,zenith:0_m:degrees
189,11,3.1490000915527344e+02,1.2481481481481482e-01,527,528,7.6570644718792873e-04,wind_direction:18.4_m:degrees
190,3,1.0055499877929688e+03,1.7931818181818182e-01,407,408,1.1927169421487513e-03,pressure:18.4_m:hPa
191,12,-7.7461645007133484e-02,1.3846153846153847e-01,273,274,1.4745562130177477e-03,bulk_richardson:18.4_m:none
192,12,-6.5560434013605118e-02,1.8000000000000002e-01,447,448,1.0838095238095077e-03,bulk_richardson:18.4_m:none
193,2,2.8197000122070312e+02,5.1123595505617986e-02,329,330,3.9873753313975991e-04,water_sfc_temperature:0_m:K
194,11,3.4235499572753906e+02,1.0875000000000001e-01,1737,1738,2.9843749999999315e-04,wind_direction:18.4_m:degrees
195,-2,-2.0000000000000000e+00,1.6499999999999998e-01,-1,-1,2.2500000000000644e-04,wind_direction:18.4_m:degrees
196,11,2.4086000061035156e+02,5.4382978723404259e-02,285,286,5.4376822091444519e-04,wind_direction:18.4_m:degrees
197,7,1.1500000357627869e+00,9.2531645569620236e-02,477,478,9.1764140362121660e-04,wave_height:0_m:m
198,-2,-2.0000000000000000e+00,2.5833333333333333e-02,-1,-1,3.5763888888888326e-04,wind_direction:18.4_m:degrees
199,10,1.3463108539581299e+01,-5.3893333333333335e-02,235,236,8.8137528888888568e-04,wind_speed:18.4_m:m_s-1
200,8,5.5000000000000000e+00,4.2000000000000010e-02,343,344,4.3760000000002859e-03,wave_period:0_m:s
201,0,1.4707836151123047e+02,5.9238095238095236e-02,795,796,3.3084807256235707e-04,zenith:0_m:degrees
202,11,3.0863000488281250e+02,9.1857142857142859e-02,375,376,7.2369387755101891e-04,wind_direction:18.4_m:degrees
203,0,1.0158477401733398e+02,3.7031249999999939e-02,259,260,4.1274902343751106e-04,zenith:0_m:degrees
204,10,5.4965870380401611e+00,2.3894009216589782e-02,205,206,2.9244037885704257e-04,wind_speed:18.4_m:m_s-1
205,11,3.1434500122070312e+02,1.2777777777777779e-02,1235,1236,1.2713243546576882e-04,wind_direction:18.4_m:degrees
206,10,6.2658329010009766e+00,3.3220338983050809e-02,733,734,2.4047687446137169e-04,wind_speed:18.4_m:m_s-1
207,2,2.8341500854492188e+02,3.9629629629629626e-02,459,460,5.3936899862825857e-04,water_sfc_temperature:0_m:K
208,8,4.1499998569488525e+00,1.0724637681159423e-02,277,278,4.2846040747742260e-04,wave_period:0_m:s
209,2,2.8235499572753906e+02,1.7133333333333334e-02,211,212,1.1524488888888884e-03,water_sfc_temperature:0_m:K
210,7,9.4999998807907104e-01,8.0454330336014008e-05,361,362,1.1980737786583300e-04,wave_height:0_m:m
211,2,2.8050500488281250e+02,4.3750000000000013e-03,1197,1198,7.6171875000000000e-05,water_sfc_temperature:0_m:K
212,12,-8.7059017270803452e-02,9.1363636363636355e-02,497,498,9.5723140495867533e-04,bulk_richardson:18.4_m:none
213,2,2.7900000000000000e+02,9.9829545454545462e-02,271,272,9.8122094524792126e-04,water_sfc_temperature:0_m:K
214,12,-9.1516016982495785e-03,6.9454545454545463e-02,725,726,4.1970247933887338e-04,bulk_richardson:18.4_m:none
215,10,8.9091434478759766e+00,4.3333333333333342e-02,1137,1138,2.5079365079364990e-04,wind_speed:18.4_m:m_s-1
216,6,2.3650000000000000e+02,7.8225806451612895e-02,649,650,4.8556191467222665e-04,wave_direction:0_m:degrees
217,9,8.8639331817626953e+01,5.6637168141592913e-03,405,406,5.2190461273396514e-04,angle_between_wind_wave:0_m:degrees
218,2,2.7430500793457031e+02,-2.1758241758241762e-02,465,466,4.4745803646902525e-04,water_sfc_temperature:0_m:K
219,10,1.0943000316619873e+01,-2.0632666236281381e-02,225,226,3.7403485286536121e-04,wind_speed:18.4_m:m_s-1
220,12,3.6404583603143692e-02,-6.4651162790697716e-03,221,222,1.4609929691724892e-03,bulk_richardson:18.4_m:none
221,11,3.5329000854492188e+02,-7.8873239436619749e-03,355,356,1.0016398862659525e-03,wind_direction:18.4_m:degrees
222,6,2.0300000000000000e+02,1.4499999999999999e-01,223,224,2.7225000000000023e-02,wave_direction:0_m:degrees
223,-2,-2.0000000000000000e+00,3.1000000000000000e-01,-1,-1,0.0000000000000000e+00,wind_direction:18.4_m:degrees
224,-2,-2.0000000000000000e+00,-2.0000000000000000e-02,-1,-1,-3.1441863002079629e-18,wind_direction:18.4_m:degrees
225,12,4.3226594571024179e-03,-1.7717948717948621e-02,311,312,3.3692899408284188e-04,bulk_richardson:18.4_m:none
226,12,9.0914377942681313e-03,-2.9630606860158250e-02,299,300,3.8139389171614835e-04,bulk_richardson:18.4_m:none
227,10,9.6767616271972656e+00,6.9898697539797399e-03,249,250,2.7834866727681295e-04,wind_speed:18.4_m:m_s-1
228,12,-3.0333924107253551e-02,1.9179104477611921e-02,321,322,4.2445050865077850e-04,bulk_richardson:18.4_m:none
229,12,-2.8751979582011700e-02,2.5739999999999996e-01,415,416,1.2872400000000228e-03,bulk_richardson:18.4_m:none
230,7,1.7500000000000000e+00,2.2407766990291261e-01,243,244,1.1911395984541134e-03,wave_height:0_m:m
231,2,2.7771499633789062e+02,2.0771929824561405e-01,389,390,1.3719913819636442e-03,water_sfc_temperature:0_m:K
232,-2,-2.0000000000000000e+00,9.3333333333333338e-02,-1,-1,8.8888888888995904e-05,wind_direction:18.4_m:degrees
233,2,2.8928500366210938e+02,4.3333333333333342e-02,633,634,7.9555555555555499e-04,water_sfc_temperature:0_m:K
234,-2,-2.0000000000000000e+00,1.0600000000000000e-01,-1,-1,1.8399999999999840e-04,wind_direction:18.4_m:degrees
235,2,2.7636999511718750e+02,-4.6514522821576740e-02,861,862,3.1399252767686349e-04,water_sfc_temperature:0_m:K
236,2,2.8203500366210938e+02,-6.7164179104477598e-02,237,238,1.6277790153708940e-03,water_sfc_temperature:0_m:K
237,4,4.5824267864227295e+00,-9.1162790697674412e-02,379,380,2.9172525689561933e-03,mixing_ratio:18.4_m:g_kg-1
238,12,9.9510932341217995e-03,-5.5824175824175815e-02,587,588,6.1772732761743946e-04,bulk_richardson:18.4_m:none
239,12,-3.1790892779827118e-01,1.2951219512195122e-01,579,580,7.9976204640095153e-04,bulk_richardson:18.4_m:none
240,1,3.4975877404212952e+00,1.6657534246575348e-01,841,842,6.5265528241693557e-04,azimuth:0_m:degrees
241,10,7.1394534111022949e+00,4.1914062499999974e-02,331,332,3.3578948974609607e-04,wind_speed:18.4_m:m_s-1
242,10,7.9377515316009521e+00,2.3480662983425403e-02,749,750,1.9617227801349893e-04,wind_speed:18.4_m:m_s-1
243,12,-4.1335381567478180e-02,2.0250000000000001e-01,463,464,8.4602272727272998e-04,bulk_richardson:18.4_m:none
244,9,8.7772640228271484e+01,2.4016949152542372e-01,745,746,8.4234415397877599e-04,angle_between_wind_wave:0_m:degrees
245,5,4.5399999618530273e+01,5.6999999999999995e-02,791,792,3.5528571428570990e-04,relative_humidity:18.4_m:%
246,3,1.0196499938964844e+03,8.9393939393939401e-02,503,504,4.7235996326906553e-04,pressure:18.4_m:hPa
247,10,1.3390136241912842e+01,-1.0853658536585369e-02,839,840,2.7366151100535383e-04,wind_speed:18.4_m:m_s-1
248,6,2.1750000000000000e+02,-3.8514851485148507e-02,585,586,6.3244779923537120e-04,wave_direction:0_m:degrees
249,5,7.5350002288818359e+01,3.0534351145038189e-03,799,800,1.3571470194044636e-04,relative_humidity:18.4_m:%
250,12,-1.6889355145394802e-02,1.9341317365269450e-02,481,482,5.2471583778550789e-04,bulk_richardson:18.4_m:none
251,7,1.5500000119209290e+00,5.9849624060150326e-02,443,444,5.9546610888122327e-04,wave_height:0_m:m
252,-2,-2.0000000000000000e+00,1.0473684210526317e-01,-1,-1,1.4072022160667441e-04,wind_direction:18.4_m:degrees
253,10,8.3917841911315918e+00,2.2478873239436571e-02,371,372,2.5977068042055420e-04,wind_speed:18.4_m:m_s-1
254,-2,-2.0000000000000000e+00,8.7500000000000008e-02,-1,-1,9.3750000000016563e-05,wind_direction:18.4_m:degrees
255,10,1.2984573364257812e+01,6.9230769230769221e-02,291,292,7.7479289940829508e-04,wind_speed:18.4_m:m_s-1
256,7,1.0500000119209290e+00,4.2428571428571434e-02,977,978,2.9267346938775677e-04,wave_height:0_m:m
257,9,8.8811084747314453e+01,1.2391304347826088e-01,1037,1038,5.5425330812854286e-04,angle_between_wind_wave:0_m:degrees
258,12,-5.0268813967704773e-02,8.2187499999999983e-02,351,352,6.9417317708333082e-04,bulk_richardson:18.4_m:none
259,10,5.3839337825775146e+00,4.4426229508196635e-02,261,262,4.6204783660307083e-04,wind_speed:18.4_m:m_s-1
260,10,5.6578307151794434e+00,3.0298507462686527e-02,601,602,2.7274671419024561e-04,wind_speed:18.4_m:m_s-1
261,4,2.2032239437103271e+00,3.8749999999999993e-02,485,486,3.0760416666667802e-04,mixing_ratio:18.4_m:g_kg-1
262,12,-1.8737812340259552e-01,6.5384615384615388e-02,759,760,4.7408284023666564e-04,bulk_richardson:18.4_m:none
263,0,8.9875419616699219e+01,5.9182692307692256e-02,439,440,3.2481277736686777e-04,zenith:0_m:degrees
264,12,-1.2687949091196060e-01,7.9999999999999974e-02,403,404,5.1351351351349925e-04,bulk_richardson:18.4_m:none
265,7,1.9499999880790710e+00,8.5000000000000034e-02,613,614,9.1071428571428206e-04,wave_height:0_m:m
266,3,1.0146499938964844e+03,3.4910714285714281e-02,301,302,8.3034917091836928e-04,pressure:18.4_m:hPa
267,7,8.4999999403953552e-01,1.2319327731092440e-01,421,422,8.5198785396511933e-04,wave_height:0_m:m
268,8,5.1499998569488525e+00,8.6896551724137933e-02,1229,1230,3.1105826397140150e-04,wave_period:0_m:s
269,8,5.9500000476837158e+00,1.3341463414634144e-01,469,470,9.3955978584176619e-04,wave_period:0_m:s
270,3,1.0055499877929688e+03,9.9605263157894738e-02,377,378,7.3800207756232090e-04,pressure:18.4_m:hPa
271,4,2.1321585178375244e+00,5.5714285714285723e-02,1675,1676,3.1020408163265172e-04,mixing_ratio:18.4_m:g_kg-1
272,8,5.1499998569488525e+00,1.0364197530864197e-01,337,338,8.5648910227099050e-04,wave_period:0_m:s
273,4,1.2426620125770569e+00,1.6380952380952382e-01,545,546,1.1759637188208660e-03,mixing_ratio:18.4_m:g_kg-1
274,-2,-2.0000000000000000e+00,1.0888888888888891e-01,-1,-1,1.9876543209875266e-04,wind_direction:18.4_m:degrees
275,11,3.2694000244140625e+02,1.4242424242424247e-02,1325,1326,2.0018365472910914e-04,wind_direction:18.4_m:degrees
276,12,-1.2909287586808205e-02,4.7674418604651166e-02,641,642,4.2249864791779395e-04,bulk_richardson:18.4_m:none
277,12,-1.4725107699632645e-02,-2.0000000000000004e-02,1583,1584,2.0799999999999963e-04,bulk_richardson:18.4_m:none
278,4,4.3036448955535889e+00,1.7522123893805319e-02,773,774,2.2217871407314552e-04,mixing_ratio:18.4_m:g_kg-1
279,3,1.0278500366210938e+03,7.5985663082437250e-03,1153,1154,7.3444585758148241e-05,pressure:18.4_m:hPa
280,4,2.8140962123870850e+00,2.0018484288354833e-02,281,282,3.2772609086343676e-04,mixing_ratio:18.4_m:g_kg-1
281,4,2.0790933370590210e+00,3.2656249999999963e-02,411,412,4.0388183593750241e-04,mixing_ratio:18.4_m:g_kg-1
282,12,-2.6340381801128387e-01,1.3065902578796543e-02,507,508,1.4962602934294781e-04,bulk_richardson:18.4_m:none
283,7,8.4999999403953552e-01,1.7845303867403312e-02,451,452,2.7325783706236056e-04,wave_height:0_m:m
284,12,-2.9311426915228367e-02,4.2669584245076499e-03,535,536,1.1220882072693675e-04,bulk_richardson:18.4_m:none
285,-2,-2.0000000000000000e+00,7.4999999999999989e-03,-1,-1,2.3541666666666665e-04,wind_direction:18.4_m:degrees
286,4,2.8522346019744873e+00,5.6905829596412563e-02,295,296,4.3571758933419079e-04,mixing_ratio:18.4_m:g_kg-1
287,10,8.4580049514770508e+00,1.8870056497175134e-02,1117,1118,1.8742379265217641e-04,wind_speed:18.4_m:m_s-1
288,10,1.2424067497253418e+01,4.0574712643678151e-02,289,290,6.6288809618180095e-04,wind_speed:18.4_m:m_s-1
289,2,2.8396499633789062e+02,3.5249999999999997e-02,1009,1010,3.6743750000000101e-04,water_sfc_temperature:0_m:K
290,-2,-2.0000000000000000e+00,1.0142857142857142e-01,-1,-1,1.2244897959184237e-05,wind_direction:18.4_m:degrees
291,12,-2.8163169510662556e-02,6.1300000000000007e-02,323,324,5.3331000000000038e-04,bulk_richardson:18.4_m:none
292,9,8.8876388549804688e+01,9.5666666666666691e-02,713,714,6.7122222222223103e-04,angle_between_wind_wave:0_m:degrees
293,0,2.9430582046508789e+01,-8.4222873900292421e-03,809,810,1.3704161470919659e-04,zenith:0_m:degrees
294,9,8.7357124328613281e+01,-1.3913502109704634e-02,659,660,2.4481108351580321e-04,angle_between_wind_wave:0_m:degrees
295,5,7.5299999237060547e+01,6.6456692913385809e-02,593,594,3.3311426622853208e-04,relative_humidity:18.4_m:%
296,10,1.1984848976135254e+01,4.4270833333333350e-02,567,568,2.9113498263889058e-04,wind_speed:18.4_m:m_s-1
297,1,2.6553787231445312e+02,3.0281690140845061e-02,657,658,3.6470938305891874e-04,azimuth:0_m:degrees
298,2,2.7598001098632812e+02,5.4084507042253538e-02,893,894,3.5655623884150653e-04,water_sfc_temperature:0_m:K
299,5,8.3399997711181641e+01,-2.4568345323740984e-02,589,590,3.1690000517571744e-04,relative_humidity:18.4_m:%
300,5,8.0600002288818359e+01,-4.3564356435643561e-02,907,908,2.9422605626900711e-04,relative_humidity:18.4_m:%
301,5,8.4299999237060547e+01,4.5324675324675316e-02,303,304,7.1320627424523554e-04,relative_humidity:18.4_m:%
302,12,-5.4074565414339304e-03,1.2000000000000002e-02,871,872,3.2457142857142868e-04,bulk_richardson:18.4_m:none
303,5,7.1700000762939453e+01,5.2352941176470588e-02,519,520,3.6505190311418795e-04,relative_humidity:18.4_m:%
304,-2,-2.0000000000000000e+00,-7.7777777777777767e-03,-1,-1,1.5061728395062514e-04,wind_direction:18.4_m:degrees
305,1,1.3491137695312500e+02,-1.0857142857142858e-01,891,892,1.0979591836734713e-03,azimuth:0_m:degrees
306,1,1.4586567306518555e+02,-4.8000000000000008e-02,783,784,8.8266666666666398e-04,azimuth:0_m:degrees
307,10,1.1061017990112305e+01,1.4842105263157893e-01,843,844,6.2382271468144901e-04,wind_speed:18.4_m:m_s-1
308,7,1.5500000119209290e+00,1.9288888888888889e-01,373,374,1.0560987654320564e-03,wave_height:0_m:m
309,-2,-2.0000000000000000e+00,6.8749999999999992e-03,-1,-1,1.5898437500000003e-04,wind_direction:18.4_m:degrees
310,1,2.5957247924804688e+02,4.2857142857142878e-02,1055,1056,2.3469387755101971e-04,azimuth:0_m:degrees
311,7,1.5500000119209290e+00,-1.1834061135371160e-02,665,666,1.9008600141111014e-04,wave_height:0_m:m
312,8,4.0499999523162842e+00,-2.1502808988763920e-02,551,552,3.9479212694104696e-04,wave_period:0_m:s
313,7,7.9999998211860657e-01,2.8076923076923086e-02,637,638,6.3860946745562081e-04,wave_height:0_m:m
314,12,-1.7880982905626297e-01,6.4444444444444457e-02,455,456,4.0493827160494392e-04,bulk_richardson:18.4_m:none
315,1,2.3933834075927734e+02,2.1523809523809526e-01,499,500,1.0439909297052102e-03,azimuth:0_m:degrees
316,5,4.0299999237060547e+01,2.5842105263157888e-01,653,654,1.0080332409971721e-03,relative_humidity:18.4_m:%
317,2,2.8544999694824219e+02,8.1139122315592640e-03,319,320,2.0895434426493944e-04,water_sfc_temperature:0_m:K
318,3,1.0222500000000000e+03,2.5110970196575650e-03,327,328,1.3370707406604415e-04,pressure:18.4_m:hPa
319,2,2.8129499816894531e+02,5.3729729729729584e-03,413,414,1.5329332359386439e-04,water_sfc_temperature:0_m:K
320,10,5.5700099468231201e+00,2.5479452054794526e-02,663,664,2.1244135860386845e-04,wind_speed:18.4_m:m_s-1
321,9,9.0750473022460938e+01,2.4649446494464912e-02,453,454,4.5365940006263583e-04,angle_between_wind_wave:0_m:degrees
322,10,8.0513024330139160e+00,7.8625954198473322e-03,1005,1006,1.7405745585921716e-04,wind_speed:18.4_m:m_s-1
323,8,4.9500000476837158e+00,7.4655172413793103e-02,953,954,3.8695005945302719e-04,wave_period:0_m:s
324,10,1.2281435966491699e+01,4.2857142857142871e-02,1695,1696,1.4897959183673894e-04,wind_speed:18.4_m:m_s-1
325,5,7.9250000000000000e+01,6.5833333333333341e-02,961,962,5.9097222222222190e-04,relative_humidity:18.4_m:%
326,10,8.8763213157653809e+00,1.1553191489361704e-01,621,622,5.3961068356723520e-04,wind_speed:18.4_m:m_s-1
327,12,-3.9429582655429840e-02,1.3651622528907093e-03,687,688,1.2726725332130480e-04,bulk_richardson:18.4_m:none
328,6,1.5850000000000000e+02,9.0063424947145719e-03,555,556,1.2057712679178670e-04,wave_direction:0_m:degrees
329,8,7.0499999523162842e+00,4.4153846153846148e-02,1155,1156,2.1043786982248677e-04,wave_period:0_m:s
330,1,4.4557305335998535e+01,6.9999999999999993e-02,671,672,4.2083333333332602e-04,azimuth:0_m:degrees
331,7,7.5000000000000000e-01,2.7402597402597411e-02,1841,1842,1.5429246078596656e-04,wave_height:0_m:m
332,12,-7.5268968939781189e-02,4.8156424581005546e-02,969,970,2.8431072688118878e-04,bulk_richardson:18.4_m:none
333,3,1.0118500061035156e+03,1.9268292682926829e-02,735,736,1.4824509220701966e-04,pressure:18.4_m:hPa
334,3,1.0285499877929688e+03,3.6470588235294095e-02,967,968,2.0322952710496696e-04,pressure:18.4_m:hPa
335,8,6.3500001430511475e+00,-3.9818594104308602e-03,581,582,1.2406920984568931e-04,wave_period:0_m:s
336,4,7.0822212696075439e+00,-9.9854439592430618e-03,345,346,4.1848595988294083e-04,mixing_ratio:18.4_m:g_kg-1
337,2,2.8337001037597656e+02,6.3846153846153858e-02,1227,1228,4.2366863905325333e-04,water_sfc_temperature:0_m:K
338,10,1.5110075950622559e+01,1.0711409395973158e-01,395,396,7.4402053961533134e-04,wind_speed:18.4_m:m_s-1
339,10,6.2865211963653564e+00,-8.2796286182413373e-03,435,436,1.9785954677633031e-04,wind_speed:18.4_m:m_s-1
340,5,9.8549999237060547e+01,-3.4451219512194944e-03,557,558,1.3315145994447340e-04,relative_humidity:18.4_m:%
341,1,1.1029221343994141e+02,1.5200000000000000e-01,1835,1836,6.5600000000000380e-04,azimuth:0_m:degrees
342,-2,-2.0000000000000000e+00,-1.0000000000000000e-02,-1,-1,2.6834003769016235e-18,wind_direction:18.4_m:degrees
343,-2,-2.0000000000000000e+00,-8.9999999999999997e-02,-1,-1,0.0000000000000000e+00,wind_direction:18.4_m:degrees
344,-2,-2.0000000000000000e+00,7.5000000000000011e-02,-1,-1,2.4999999999998981e-05,wind_direction:18.4_m:degrees
345,12,1.4405158814042807e-02,-2.9803921568627455e-02,347,348,1.6372164552095345e-03,bulk_richardson:18.4_m:none
346,2,2.8859500122070312e+02,-8.3962264150943180e-03,981,982,2.8673608638898744e-04,water_sfc_temperature:0_m:K
347,-2,-2.0000000000000000e+00,-8.3846153846153834e-02,-1,-1,6.9822485207104296e-05,wind_direction:18.4_m:degrees
348,9,9.0565979003906250e+01,-1.1315789473684210e-02,739,740,8.3247922437673053e-04,angle_between_wind_wave:0_m:degrees
349,7,1.6500000357627869e+00,1.6789473684210529e-01,917,918,6.4819944598337384e-04,wave_height:0_m:m
350,10,1.0934498786926270e+01,1.2531250000000002e-01,467,468,7.2490234375001059e-04,wind_speed:18.4_m:m_s-1
351,6,2.4200000000000000e+02,9.9750000000000019e-02,543,544,7.0243749999999473e-04,wave_direction:0_m:degrees
352,10,1.1438091754913330e+01,6.9642857142857145e-02,609,610,3.1058673469388197e-04,wind_speed:18.4_m:m_s-1
353,10,1.1829180240631104e+01,8.4736842105263166e-02,419,420,6.2843951985225993e-04,wind_speed:18.4_m:m_s-1
354,11,3.0284001159667969e+02,1.1089552238805971e-01,473,474,4.6188460681666904e-04,wind_direction:18.4_m:degrees
355,5,9.8450000762939453e+01,-6.7142857142857169e-03,357,358,9.1825170068027251e-04,relative_humidity:18.4_m:%
356,-2,-2.0000000000000000e+00,-9.0000000000000011e-02,-1,-1,-3.2959746043559335e-17,wind_direction:18.4_m:degrees
357,9,9.2274066925048828e+01,-9.2647058823529457e-03,785,786,4.7936130334486760e-04,angle_between_wind_wave:0_m:degrees
358,8,6.5000000000000000e+00,8.0000000000000002e-02,359,360,8.1000000000000030e-03,wave_period:0_m:s
359,-2,-2.0000000000000000e+00,-1.0000000000000000e-02,-1,-1,-1.7618285302889447e-19,wind_direction:18.4_m:degrees
360,-2,-2.0000000000000000e+00,1.7000000000000001e-01,-1,-1,3.4694469519536142e-18,wind_direction:18.4_m:degrees
361,4,8.7984471321105957e+00,1.1451198630136920e-03,369,370,7.6192981321248658e-05,mixing_ratio:18.4_m:g_kg-1
362,5,9.8250000000000000e+01,-2.9034193161367660e-03,363,364,2.2996247781037067e-04,relative_humidity:18.4_m:%
363,2,2.8652000427246094e+02,-4.2009884678747948e-04,491,492,1.1522714134113557e-04,water_sfc_temperature:0_m:K
364,2,2.8496499633789062e+02,-9.5584988962472243e-03,365,366,4.7662626882836339e-04,water_sfc_temperature:0_m:K
365,1,2.4915463256835938e+02,-2.7499999999999993e-02,367,368,1.1783653846153849e-03,azimuth:0_m:degrees
366,0,1.4100993347167969e+02,-4.2120343839541583e-03,1115,1116,1.4300375202173999e-04,zenith:0_m:degrees
367,1,1.4668876647949219e+02,-1.7368421052631578e-02,501,502,7.5623268698061066e-04,azimuth:0_m:degrees
368,3,1.0141000061035156e+03,-5.5000000000000000e-02,547,548,1.2892857142857077e-03,pressure:18.4_m:hPa
369,2,2.8651499938964844e+02,4.0954151177199256e-03,787,788,8.2422122721109999e-05,water_sfc_temperature:0_m:K
370,12,-5.5899992585182190e-02,-4.1203400915631138e-04,1603,1604,6.5886473887658592e-05,bulk_richardson:18.4_m:none
371,0,1.3182598876953125e+02,2.0031152647975035e-02,623,624,1.9968750303277569e-04,zenith:0_m:degrees
372,2,2.7516500854492188e+02,4.5588235294117659e-02,1067,1068,2.3641868512111214e-04,water_sfc_temperature:0_m:K
373,11,3.0008000183105469e+02,1.6588235294117645e-01,1449,1450,7.8892733564014592e-04,wind_direction:18.4_m:degrees
374,0,1.0886270523071289e+02,2.0928571428571427e-01,1551,1552,5.0663265306123695e-04,zenith:0_m:degrees
375,1,1.8969281005859375e+02,1.0477272727272730e-01,629,630,5.2040289256198059e-04,azimuth:0_m:degrees
376,7,5.9999999403953552e-01,7.0000000000000021e-02,1465,1466,3.0769230769231350e-04,wave_height:0_m:m
377,5,5.1299999237060547e+01,1.3666666666666669e-01,2019,2020,2.8888888888888367e-04,relative_humidity:18.4_m:%
378,11,3.1993499755859375e+02,9.2656250000000009e-02,805,806,5.1638183593750303e-04,wind_direction:18.4_m:degrees
379,-2,-2.0000000000000000e+00,-1.3333333333333334e-02,-1,-1,8.2222222222222245e-04,wind_direction:18.4_m:degrees
380,10,1.3681561946868896e+01,-9.7000000000000003e-02,381,382,2.5860000000000015e-03,wind_speed:18.4_m:m_s-1
381,5,9.6949996948242188e+01,-1.6200000000000001e-01,383,384,1.2095999999999999e-02,relative_humidity:18.4_m:%
382,8,5.7999999523162842e+00,-8.7714285714285731e-02,975,976,5.3763265306122719e-04,wave_period:0_m:s
383,5,9.4699996948242188e+01,-1.1000000000000000e-01,921,922,1.5999999999999973e-03,relative_humidity:18.4_m:%
384,-2,-2.0000000000000000e+00,-3.7000000000000000e-01,-1,-1,-2.7755575615628914e-17,wind_direction:18.4_m:degrees
385,10,1.3473203659057617e+01,1.7999999999999997e-01,681,682,1.4000000000000123e-03,wind_speed:18.4_m:m_s-1
386,6,2.3350000000000000e+02,1.3171428571428576e-01,691,692,5.7420408163266767e-04,wave_direction:0_m:degrees
387,-2,-2.0000000000000000e+00,2.6437499999999997e-01,-1,-1,2.8710937500009415e-04,wind_direction:18.4_m:degrees
388,-2,-2.0000000000000000e+00,2.0666666666666667e-01,-1,-1,4.8888888888883736e-04,wind_direction:18.4_m:degrees
389,1,2.1044866180419922e+02,1.9033333333333335e-01,531,532,8.4988888888883063e-04,azimuth:0_m:degrees
390,11,3.0244999694824219e+02,2.2703703703703704e-01,705,706,1.2430727023320237e-03,wind_direction:18.4_m:degrees
391,10,8.8419022560119629e+00,1.0228571428571433e-01,639,640,4.7477551020407363e-04,wind_speed:18.4_m:m_s-1
392,5,4.8750000000000000e+01,8.1954887218045100e-02,393,394,8.0219345355871975e-04,relative_humidity:18.4_m:%
393,0,1.5483332824707031e+02,5.6000000000000008e-02,487,488,1.0559999999999988e-03,zenith:0_m:degrees
394,5,6.2199998855590820e+01,8.7962962962962910e-02,575,576,5.5140603566529878e-04,relative_humidity:18.4_m:%
395,9,8.8255283355712891e+01,8.7142857142857175e-02,775,776,4.4326530612244161e-04,angle_between_wind_wave:0_m:degrees
396,5,3.8300001144409180e+01,1.1324561403508769e-01,397,398,6.7630809479839356e-04,relative_humidity:18.4_m:%
397,12,-7.6400132384151220e-03,9.2702702702702727e-02,1521,1522,1.9810080350620568e-04,bulk_richardson:18.4_m:none
398,1,2.8082138061523438e+02,1.2311688311688308e-01,409,410,6.0586945522012048e-04,azimuth:0_m:degrees
399,2,2.9136499023437500e+02,2.6538461538461514e-02,489,490,3.3630834976989025e-04,water_sfc_temperature:0_m:K
400,8,4.9500000476837158e+00,1.2704402515723278e-02,1775,1776,1.8451010640402129e-04,wave_period:0_m:s
401,11,3.3146499633789062e+02,5.0000000000000017e-02,979,980,6.3999999999999778e-04,wind_direction:18.4_m:degrees
402,10,4.2274098396301270e+00,1.4801136363636351e-02,529,530,2.1700590779958750e-04,wind_speed:18.4_m:m_s-1
403,4,3.0902489423751831e+00,9.6190476190476215e-02,1343,1344,3.3310657596371217e-04,mixing_ratio:18.4_m:g_kg-1
404,10,8.4269895553588867e+00,7.0144927536231874e-02,1663,1664,3.6664566267591639e-04,wind_speed:18.4_m:m_s-1
405,10,1.3887893199920654e+01,2.5312500000000005e-02,645,646,6.3740234374999951e-04,wind_speed:18.4_m:m_s-1
406,3,1.0121499938964844e+03,-2.0987654320987655e-03,793,794,2.6349641822892865e-04,pressure:18.4_m:hPa
407,-2,-2.0000000000000000e+00,1.5555555555555556e-01,-1,-1,3.4691358024691379e-04,wind_direction:18.4_m:degrees
408,0,1.4412254333496094e+02,1.9576923076923075e-01,505,506,1.1167159763313672e-03,zenith:0_m:degrees
409,5,5.0550001144409180e+01,1.1640624999999999e-01,1359,1360,2.6989746093751196e-04,relative_humidity:18.4_m:%
410,5,4.3400001525878906e+01,1.5615384615384617e-01,647,648,9.4674556213018152e-04,relative_humidity:18.4_m:%
411,5,5.2899999618530273e+01,5.2571428571428588e-02,471,472,6.7053061224489618e-04,relative_humidity:18.4_m:%
412,2,2.8426499938964844e+02,2.8216560509554123e-02,845,846,2.3630978944379362e-04,water_sfc_temperature:0_m:K
413,11,2.0149000549316406e+02,5.4054054054054044e-04,1549,1550,5.4253270469486641e-05,wind_direction:18.4_m:degrees
414,2,2.8480000305175781e+02,9.1698841698841550e-03,615,616,1.9834565674334075e-04,water_sfc_temperature:0_m:K
415,2,2.7694500732421875e+02,2.5276595744680852e-01,611,612,1.0114984155726869e-03,water_sfc_temperature:0_m:K
416,-2,-2.0000000000000000e+00,3.3000000000000002e-01,-1,-1,1.6653345369377348e-16,wind_direction:18.4_m:degrees
417,9,9.0044647216796875e+01,3.4179104477611924e-02,677,678,3.1835598128759392e-04,angle_between_wind_wave:0_m:degrees
418,-2,-2.0000000000000000e+00,-8.0000000000000002e-03,-1,-1,3.5999999999990291e-05,wind_direction:18.4_m:degrees
419,12,-4.1452432051301003e-02,7.4146341463414658e-02,959,960,3.2183224271267220e-04,bulk_richardson:18.4_m:none
420,7,9.4999998807907104e-01,1.1187499999999997e-01,1509,1510,3.9023437499998738e-04,wave_height:0_m:m
421,5,5.0700000762939453e+01,9.6315789473684243e-02,605,606,9.3905817174514718e-04,relative_humidity:18.4_m:%
422,3,1.0171999816894531e+03,1.2830000000000000e-01,445,446,6.7210999999998966e-04,pressure:18.4_m:hPa
423,-2,-2.0000000000000000e+00,3.0000000000000002e-02,-1,-1,2.3076923076923057e-04,wind_direction:18.4_m:degrees
424,2,2.8447500610351562e+02,6.7111111111111107e-02,963,964,3.3017283950617562e-04,water_sfc_temperature:0_m:K
425,10,9.7226777076721191e+00,-3.2105263157894665e-02,427,428,3.8606022696810569e-04,wind_speed:18.4_m:m_s-1
426,10,9.0418543815612793e+00,-4.6020408163265303e-02,431,432,1.1341628488129828e-03,wind_speed:18.4_m:m_s-1
427,1,2.5629682922363281e+02,-2.2067307692307685e-02,1159,1160,1.7697623890532567e-04,azimuth:0_m:degrees
428,10,9.7349781990051270e+00,-3.7585301837270248e-02,429,430,4.1516660811100319e-04,wind_speed:18.4_m:m_s-1
429,-2,-2.0000000000000000e+00,-1.7999999999999999e-01,-1,-1,0.0000000000000000e+00,wind_direction:18.4_m:degrees
430,10,1.0179073810577393e+01,-3.6833773087071156e-02,643,644,3.0976392534165877e-04,wind_speed:18.4_m:m_s-1
431,2,2.8780000305175781e+02,-1.0200000000000001e-01,433,434,7.7759999999999930e-03,water_sfc_temperature:0_m:K
432,2,2.8183000183105469e+02,-4.3010752688172033e-02,803,804,5.9953751878830011e-04,water_sfc_temperature:0_m:K
433,-2,-2.0000000000000000e+00,-2.9999999999999999e-02,-1,-1,-4.3368086899420177e-19,wind_direction:18.4_m:degrees
434,-2,-2.0000000000000000e+00,-2.0999999999999999e-01,-1,-1,0.0000000000000000e+00,wind_direction:18.4_m:degrees
435,9,8.7541759490966797e+01,-4.1346153846153763e-03,1249,1250,1.3002034023668681e-04,angle_between_wind_wave:0_m:degrees
436,12,-1.0265113785862923e-02,-1.0422535211267550e-02,437,438,2.1945692381296935e-04,bulk_richardson:18.4_m:none
437,10,1.0664850711822510e+01,-5.9284497444633674e-03,461,462,1.8495569827813900e-04,wind_speed:18.4_m:m_s-1
438,1,2.8812126159667969e+02,-1.4677419354838661e-02,667,668,2.1489594172736977e-04,azimuth:0_m:degrees
439,12,-1.1774289235472679e-01,7.3000000000000009e-02,1431,1432,2.8766666666666524e-04,bulk_richardson:18.4_m:none
440,4,2.6383887529373169e+00,5.3581081081081075e-02,973,974,2.3109477720964890e-04,mixing_ratio:18.4_m:g_kg-1
441,8,4.9500000476837158e+00,6.7931034482758612e-02,1869,1870,1.8882282996432378e-04,wave_period:0_m:s
442,0,1.2969572830200195e+02,3.2272727272727279e-02,1145,1146,2.8119834710743966e-04,zenith:0_m:degrees
443,10,1.0751669883728027e+01,4.6909090909090928e-02,711,712,4.9771900826446180e-04,wind_speed:18.4_m:m_s-1
444,10,1.2712857723236084e+01,6.8974358974358968e-02,577,578,4.6305062458909616e-04,wind_speed:18.4_m:m_s-1
445,5,2.9599999427795410e+01,1.1999999999999997e-01,627,628,4.5797101449276262e-04,relative_humidity:18.4_m:%
446,3,1.0175499877929688e+03,1.4677419354838711e-01,1059,1060,6.5411030176895299e-04,pressure:18.4_m:hPa
447,1,1.9783934783935547e+02,1.8472527472527475e-01,449,450,9.6338606448496261e-04,azimuth:0_m:degrees
448,0,1.2667190551757812e+02,1.4928571428571430e-01,919,920,7.7806122448981566e-04,zenith:0_m:degrees
449,5,4.4549999237060547e+01,1.9183098591549302e-01,539,540,9.2481650466176568e-04,relative_humidity:18.4_m:%
450,-2,-2.0000000000000000e+00,1.5950000000000000e-01,-1,-1,2.8475000000000028e-04,wind_direction:18.4_m:degrees
451,12,-1.7449489794671535e-02,2.2328767123287671e-02,1085,1086,1.3019328204165795e-04,bulk_richardson:18.4_m:none
452,0,6.6503631591796875e+01,-8.5714285714285775e-04,1101,1102,4.3640816326530671e-04,zenith:0_m:degrees
453,10,7.4500670433044434e+00,2.7468354430379722e-02,603,604,4.5181861881108960e-04,wind_speed:18.4_m:m_s-1
454,-2,-2.0000000000000000e+00,5.0000000000000001e-03,-1,-1,2.5000000000003464e-05,wind_direction:18.4_m:degrees
455,0,7.5101947784423828e+01,5.7692307692307702e-02,1255,1256,1.8082840236686168e-04,zenith:0_m:degrees
456,5,7.1400001525878906e+01,9.1875000000000012e-02,1107,1108,3.7773437499999223e-04,relative_humidity:18.4_m:%
457,10,6.4447565078735352e+00,3.7179487179487200e-03,1217,1218,1.0951019066403678e-04,wind_speed:18.4_m:m_s-1
458,10,7.4578728675842285e+00,-3.9089692101740266e-03,1327,1328,1.8123937069115383e-04,wind_speed:18.4_m:m_s-1
459,-2,-2.0000000000000000e+00,1.6000000000000000e-02,-1,-1,8.3999999999999982e-05,wind_direction:18.4_m:degrees
460,12,-3.0340302735567093e-02,4.7377049180327875e-02,703,704,4.4557914539102407e-04,bulk_richardson:18.4_m:none
461,9,8.9450035095214844e+01,-7.3211009174311819e-03,1065,1066,1.5942900429256828e-04,angle_between_wind_wave:0_m:degrees
462,4,6.4386360645294189e+00,1.2142857142857146e-02,1825,1826,1.6445578231292501e-04,mixing_ratio:18.4_m:g_kg-1
463,3,1.0141499938964844e+03,2.1703703703703697e-01,1295,1296,5.2455418381343322e-04,pressure:18.4_m:hPa
464,9,8.8065315246582031e+01,1.7941176470588235e-01,1023,1024,4.8788927335643301e-04,angle_between_wind_wave:0_m:degrees
465,-2,-2.0000000000000000e+00,-6.5714285714285711e-02,-1,-1,1.3877551020408281e-04,wind_direction:18.4_m:degrees
466,5,5.5299999237060547e+01,-1.8095238095238102e-02,889,890,2.9875283446712024e-04,relative_humidity:18.4_m:%
467,-2,-2.0000000000000000e+00,9.1111111111111115e-02,-1,-1,2.5432098765432003e-04,wind_direction:18.4_m:degrees
468,-2,-2.0000000000000000e+00,1.3869565217391305e-01,-1,-1,2.7221172022684134e-04,wind_direction:18.4_m:degrees
469,5,2.9900000572204590e+01,1.2638888888888888e-01,1221,1222,5.8418209876544974e-04,relative_humidity:18.4_m:%
470,7,5.5000001192092896e-01,1.8400000000000000e-01,1933,1934,5.8399999999994567e-04,wave_height:0_m:m
471,3,1.0222500305175781e+03,4.1481481481481487e-02,1365,1366,2.8669410150891465e-04,pressure:18.4_m:hPa
472,-2,-2.0000000000000000e+00,8.9999999999999997e-02,-1,-1,1.5000000000000083e-04,wind_direction:18.4_m:degrees
473,-2,-2.0000000000000000e+00,1.2186046511627914e-01,-1,-1,1.8258518117901003e-04,wind_direction:18.4_m:degrees
474,0,1.5639717864990234e+02,9.1250000000000012e-02,1195,1196,3.6093750000000362e-04,zenith:0_m:degrees
475,10,8.9741444587707520e+00,5.0869565217391312e-02,727,728,6.2967863894139789e-04,wind_speed:18.4_m:m_s-1
476,-2,-2.0000000000000000e+00,8.9999999999999993e-03,-1,-1,1.4899999999999630e-04,wind_direction:18.4_m:degrees
477,-2,-2.0000000000000000e+00,5.9090909090909090e-02,-1,-1,4.4628099173554033e-05,wind_direction:18.4_m:degrees
478,0,7.1585556030273438e+01,9.7941176470588226e-02,479,480,8.4870242214533063e-04,zenith:0_m:degrees
479,-2,-2.0000000000000000e+00,1.3750000000000001e-01,-1,-1,1.1874999999999733e-04,wind_direction:18.4_m:degrees
480,6,2.3600000000000000e+02,9.2666666666666661e-02,607,608,7.0955555555555876e-04,wave_direction:0_m:degrees
481,5,8.6700000762939453e+01,3.4042553191489376e-02,1511,1512,1.7301946582163751e-04,relative_humidity:18.4_m:%
482,4,8.8567523956298828e+00,1.3583333333333338e-02,483,484,5.4465972222222350e-04,mixing_ratio:18.4_m:g_kg-1
483,2,2.8796499633789062e+02,7.6595744680851086e-03,743,744,4.6899049343594398e-04,water_sfc_temperature:0_m:K
484,10,1.1642644405364990e+01,3.5000000000000010e-02,1253,1254,2.3269230769230897e-04,wind_speed:18.4_m:m_s-1
485,12,-3.3296824991703033e-01,5.2962962962962969e-02,763,764,2.7640603566529351e-04,bulk_richardson:18.4_m:none
486,10,5.0129976272583008e+00,3.4623655913978486e-02,777,778,2.4098739738698249e-04,wind_speed:18.4_m:m_s-1
487,4,1.9872812628746033e+00,6.0833333333333350e-02,721,722,5.1597222222222235e-04,mixing_ratio:18.4_m:g_kg-1
488,-2,-2.0000000000000000e+00,-5.9999999999999998e-02,-1,-1,-4.2067044292437572e-17,wind_direction:18.4_m:degrees
489,10,9.2502346038818359e+00,2.8623853211009152e-02,513,514,2.5315209157478517e-04,wind_speed:18.4_m:m_s-1
490,8,4.5000000000000000e+00,-1.8749999999999995e-03,903,904,6.0273437500000062e-04,wave_period:0_m:s
491,10,5.3654401302337646e+00,4.8169014084507066e-03,493,494,2.1876929180718121e-04,wind_speed:18.4_m:m_s-1
492,-2,-2.0000000000000000e+00,-2.5844004656577404e-03,-1,-1,5.6417498214481903e-05,wind_direction:18.4_m:degrees
493,-2,-2.0000000000000000e+00,-1.0824742268041236e-03,-1,-1,7.7694228929748075e-05,wind_direction:18.4_m:degrees
494,12,-2.6756657287478447e-02,1.1925465838509322e-02,591,592,2.9629258130473382e-04,bulk_richardson:18.4_m:none
495,-2,-2.0000000000000000e+00,7.0000000000000007e-02,-1,-1,0.0000000000000000e+00,wind_direction:18.4_m:degrees
496,-2,-2.0000000000000000e+00,-2.0000000000000000e-02,-1,-1,3.9999999999999942e-05,wind_direction:18.4_m:degrees
497,7,1.5000000000000000e+00,7.0769230769230765e-02,1845,1846,2.3786982248520834e-04,wave_height:0_m:m
498,0,1.2703212356567383e+02,1.2111111111111111e-01,1813,1814,4.9876543209877167e-04,zenith:0_m:degrees
499,3,1.0066499938964844e+03,2.2937500000000000e-01,1893,1894,4.0585937499998392e-04,pressure:18.4_m:hPa
500,-2,-2.0000000000000000e+00,1.7000000000000001e-01,-1,-1,4.0000000000000799e-04,wind_direction:18.4_m:degrees
501,6,1.8750000000000000e+02,-2.4166666666666666e-02,509,510,7.0097222222222219e-04,wave_direction:0_m:degrees
502,-2,-2.0000000000000000e+00,8.1250000000000003e-03,-1,-1,1.4023437500000234e-04,wind_direction:18.4_m:degrees
503,-2,-2.0000000000000000e+00,7.1923076923076923e-02,-1,-1,1.8476331360946750e-04,wind_direction:18.4_m:degrees
504,2,2.7950999450683594e+02,1.0075000000000001e-01,1407,1408,3.3193750000000063e-04,water_sfc_temperature:0_m:K
505,-2,-2.0000000000000000e+00,2.2000000000000000e-01,-1,-1,3.9999999999999064e-04,wind_direction:18.4_m:degrees
506,9,8.9431587219238281e+01,1.7499999999999999e-01,741,742,7.9642857142859028e-04,angle_between_wind_wave:0_m:degrees
507,4,6.3904097080230713e+00,1.7226890756302508e-02,573,574,1.2928465503848593e-04,mixing_ratio:18.4_m:g_kg-1
508,10,3.7937947511672974e+00,4.1441441441441452e-03,1975,1976,7.6519763006250755e-05,wind_speed:18.4_m:m_s-1
509,9,8.9111499786376953e+01,-1.7600000000000005e-02,511,512,4.8624000000000014e-04,angle_between_wind_wave:0_m:degrees
510,4,6.2842135429382324e+00,-5.7000000000000009e-02,1791,1792,4.8099999999999879e-04,mixing_ratio:18.4_m:g_kg-1
511,-2,-2.0000000000000000e+00,-4.5384615384615391e-02,-1,-1,2.4023668639053253e-04,wind_direction:18.4_m:degrees
512,3,1.0077500000000000e+03,-7.8378378378378376e-03,1819,1820,2.0613586559532499e-04,pressure:18.4_m:hPa
513,3,1.0066500244140625e+03,2.1081081081081091e-02,1851,1852,1.5018261504748089e-04,pressure:18.4_m:hPa
514,12,-3.4065302461385727e-02,3.6448598130841121e-02,1515,1516,2.3972399336186874e-04,bulk_richardson:18.4_m:none
515,6,2.2550000000000000e+02,1.5559322033898301e-01,723,724,5.3990232691755388e-04,wave_direction:0_m:degrees
516,0,6.3473453521728516e+01,1.8611111111111109e-01,1645,1646,4.5709876543200550e-04,zenith:0_m:degrees
517,1,6.7846137285232544e+00,6.2962962962962964e-03,835,836,2.5788751714677640e-04,azimuth:0_m:degrees
518,-2,-2.0000000000000000e+00,1.2000000000000000e-01,-1,-1,1.3877787807814457e-17,wind_direction:18.4_m:degrees
519,-2,-2.0000000000000000e+00,3.9142857142857160e-02,-1,-1,1.8497959183673635e-04,wind_direction:18.4_m:degrees
520,-2,-2.0000000000000000e+00,6.6363636363636375e-02,-1,-1,1.7465564738291736e-04,wind_direction:18.4_m:degrees
521,3,1.0116499938964844e+03,2.7777777777777776e-02,831,832,5.0617283950617317e-04,pressure:18.4_m:hPa
522,6,2.3250000000000000e+02,9.4069529652351827e-04,523,524,3.3244842569243182e-04,wave_direction:0_m:degrees
523,11,2.6912998962402344e+02,-7.9908675799086751e-04,731,732,3.1511488501073832e-04,wind_direction:18.4_m:degrees
524,8,4.5499999523162842e+00,1.5882352941176476e-02,1659,1660,2.3206459054209600e-04,wave_period:0_m:s
525,9,9.0996791839599609e+01,7.5769230769230755e-02,1231,1232,3.7056213017751510e-04,angle_between_wind_wave:0_m:degrees
526,-2,-2.0000000000000000e+00,1.1888888888888889e-01,-1,-1,1.8765432098765203e-04,wind_direction:18.4_m:degrees
527,2,2.7607499694824219e+02,9.9090909090909104e-02,1919,1920,3.7190082644627739e-04,water_sfc_temperature:0_m:K
528,6,2.4250000000000000e+02,1.4249999999999999e-01,1879,1880,2.6874999999999816e-04,wave_direction:0_m:degrees
529,0,1.0578881072998047e+02,9.1256830601092950e-03,1689,1690,1.0306070650064200e-04,zenith:0_m:degrees
530,5,4.3649999618530273e+01,2.0946745562130172e-02,673,674,2.6774272609502662e-04,relative_humidity:18.4_m:%
531,12,-3.0860672704875469e-02,1.7818181818181816e-01,1163,1164,5.0578512396693559e-04,bulk_richardson:18.4_m:none
532,-2,-2.0000000000000000e+00,2.2375000000000000e-01,-1,-1,2.7343749999995254e-04,wind_direction:18.4_m:degrees
533,-2,-2.0000000000000000e+00,6.9999999999999993e-02,-1,-1,1.0000000000000113e-04,wind_direction:18.4_m:degrees
534,-2,-2.0000000000000000e+00,1.6000000000000000e-01,-1,-1,-3.4694469519536142e-18,wind_direction:18.4_m:degrees
535,3,1.0123500061035156e+03,6.2535612535612392e-03,537,538,8.8100948855935067e-05,pressure:18.4_m:hPa
536,10,7.8910524845123291e+00,-2.3113207547169811e-03,853,854,1.3569553221787157e-04,wind_speed:18.4_m:m_s-1
537,4,2.9311131238937378e+00,1.4033149171270722e-02,1733,1734,9.5888403894874821e-05,mixing_ratio:18.4_m:g_kg-1
538,10,8.3736596107482910e+00,3.5508637236084475e-03,717,718,5.7065071230949358e-05,wind_speed:18.4_m:m_s-1
539,1,1.5329143524169922e+02,1.5285714285714286e-01,1783,1784,5.0612244897959083e-04,azimuth:0_m:degrees
540,8,5.0499999523162842e+00,1.9609375000000001e-01,541,542,7.8630371093747070e-04,wave_period:0_m:s
541,5,5.5050001144409180e+01,1.9120689655172421e-01,565,566,5.8302615933414348e-04,relative_humidity:18.4_m:%
542,-2,-2.0000000000000000e+00,2.4333333333333332e-01,-1,-1,2.8888888888884551e-04,wind_direction:18.4_m:degrees
543,12,-7.2918500751256943e-02,9.4864864864864867e-02,1017,1018,4.2498173849524895e-04,bulk_richardson:18.4_m:none
544,-2,-2.0000000000000000e+00,1.6000000000000000e-01,-1,-1,1.9999999999998838e-04,wind_direction:18.4_m:degrees
545,0,6.7216686248779297e+01,1.8636363636363640e-01,1247,1248,7.1404958677687147e-04,zenith:0_m:degrees
546,11,2.9471501159667969e+02,1.3900000000000001e-01,1811,1812,5.0899999999996781e-04,wind_direction:18.4_m:degrees
547,-2,-2.0000000000000000e+00,-7.6923076923076927e-02,-1,-1,6.3668639053254383e-04,wind_direction:18.4_m:degrees
548,4,6.7449450492858887e+00,-3.6000000000000004e-02,757,758,1.0773333333333325e-03,mixing_ratio:18.4_m:g_kg-1
549,8,7.7000000476837158e+00,4.5135135135135118e-02,571,572,4.2858534209885705e-04,wave_period:0_m:s
550,12,-4.6630403026938438e-02,6.0102040816326509e-02,857,858,2.7652019991670010e-04,bulk_richardson:18.4_m:none
551,5,7.4949996948242188e+01,-3.0796460176991145e-02,553,554,9.4361343879708877e-04,relative_humidity:18.4_m:%
552,8,4.9500000476837158e+00,-1.9749582637729420e-02,779,780,2.7189054657038731e-04,wave_period:0_m:s
553,-2,-2.0000000000000000e+00,-1.6000000000000000e-01,-1,-1,0.0000000000000000e+00,wind_direction:18.4_m:degrees
554,0,1.3301694488525391e+02,-2.6055045871559639e-02,1395,1396,3.4315293325477836e-04,zenith:0_m:degrees
555,2,2.8408000183105469e+02,1.5864197530864200e-02,1585,1586,1.0820377991159876e-04,water_sfc_temperature:0_m:K
556,11,1.7348999786376953e+02,5.4340836012861755e-03,685,686,8.9763339915841108e-05,wind_direction:18.4_m:degrees
557,11,3.5305000305175781e+02,-2.8097826086956423e-03,765,766,1.0618120864839299e-04,wind_direction:18.4_m:degrees
558,5,9.9149997711181641e+01,-1.2578125000000004e-02,559,560,4.3163452148437778e-04,relative_humidity:18.4_m:%
559,2,2.8251998901367188e+02,-2.5344827586206903e-02,561,562,6.0763971462544518e-04,water_sfc_temperature:0_m:K
560,-2,-2.0000000000000000e+00,-2.0000000000000000e-03,-1,-1,3.8857142857143681e-05,wind_direction:18.4_m:degrees
561,5,9.8950000762939453e+01,-7.1111111111111097e-02,873,874,7.6543209876543412e-04,relative_humidity:18.4_m:%
562,-2,-2.0000000000000000e+00,-1.6938775510204087e-02,-1,-1,1.2328196584756278e-04,wind_direction:18.4_m:degrees
563,6,1.8050000000000000e+02,8.9655172413793102e-02,1097,1098,4.1022592152199604e-04,wave_direction:0_m:degrees
564,-2,-2.0000000000000000e+00,4.8888888888888885e-02,-1,-1,3.4320987654320838e-04,wind_direction:18.4_m:degrees
565,4,9.3596926331520081e-01,1.9499999999999998e-01,1181,1182,4.1759259259258052e-04,mixing_ratio:18.4_m:g_kg-1
566,-2,-2.0000000000000000e+00,1.4000000000000001e-01,-1,-1,-8.3266726846886741e-17,wind_direction:18.4_m:degrees
567,-2,-2.0000000000000000e+00,3.2500000000000008e-02,-1,-1,1.0511363636363604e-04,wind_direction:18.4_m:degrees
568,4,3.1124536991119385e+00,5.4230769230769256e-02,1179,1180,2.3210059171597467e-04,mixing_ratio:18.4_m:g_kg-1
569,5,5.4600000381469727e+01,1.0910714285714289e-01,635,636,5.6884566326531605e-04,relative_humidity:18.4_m:%
570,11,2.9173001098632812e+02,1.3021739130434784e-01,905,906,4.7603969754250047e-04,wind_direction:18.4_m:degrees
571,0,4.9927425384521484e+01,4.7523809523809510e-02,817,818,2.6243990929705535e-04,zenith:0_m:degrees
572,12,-4.8841921612620354e-02,3.3333333333333327e-03,709,710,1.4888888888888896e-03,bulk_richardson:18.4_m:none
573,-2,-2.0000000000000000e+00,1.9807692307692297e-02,-1,-1,9.0347633136094883e-05,wind_direction:18.4_m:degrees
574,-2,-2.0000000000000000e+00,-6.6666666666666664e-04,-1,-1,3.2888888888887972e-05,wind_direction:18.4_m:degrees
575,10,9.0304050445556641e+00,9.1684210526315757e-02,661,662,4.7926869806094903e-04,wind_speed:18.4_m:m_s-1
576,-2,-2.0000000000000000e+00,6.0769230769230770e-02,-1,-1,2.3786982248523523e-04,wind_direction:18.4_m:degrees
577,2,2.8096499633789062e+02,6.4179104477611937e-02,1157,1158,2.8701269770550070e-04,water_sfc_temperature:0_m:K
578,1,9.6433410644531250e+01,9.8181818181818190e-02,1239,1240,5.4214876033059113e-04,azimuth:0_m:degrees
579,-2,-2.0000000000000000e+00,8.0000000000000002e-02,-1,-1,4.0000000000000018e-04,wind_direction:18.4_m:degrees
580,3,1.0177000122070312e+03,1.3486486486486488e-01,1029,1030,5.4930606281957187e-04,pressure:18.4_m:hPa
581,10,5.4988224506378174e+00,-4.6851633215269700e-03,583,584,1.3226018522519321e-04,wind_speed:18.4_m:m_s-1
582,4,3.8527876138687134e+00,-1.6503587736464416e-03,1139,1140,8.9839916701024556e-05,mixing_ratio:18.4_m:g_kg-1
583,7,5.5000001192092896e-01,-3.0874415257286627e-03,1561,1562,1.3426043602347845e-04,wave_height:0_m:m
584,5,9.4049999237060547e+01,-6.6131133304384903e-03,651,652,1.2304918974268778e-04,relative_humidity:18.4_m:%
585,3,1.0045000000000000e+03,-4.0618556701030935e-02,693,694,5.0889573812307426e-04,pressure:18.4_m:hPa
586,0,8.5632690429687500e+01,1.2499999999999999e-02,1503,1504,9.1875000000000073e-04,zenith:0_m:degrees
587,12,-3.4401951124891639e-03,-4.4545454545454548e-02,1109,1110,4.5661157024793394e-04,bulk_richardson:18.4_m:none
588,2,2.8383000183105469e+02,-6.6382978723404248e-02,849,850,5.3798098687188756e-04,water_sfc_temperature:0_m:K
589,1,2.7126518249511719e+02,-1.6122448979591843e-02,737,738,3.1965847563515182e-04,azimuth:0_m:degrees
590,5,9.5950000762939453e+01,-2.9166666666666657e-02,833,834,2.5541666666666931e-04,relative_humidity:18.4_m:%
591,2,2.8407499694824219e+02,1.6923076923076933e-02,811,812,2.8967784352399752e-04,water_sfc_temperature:0_m:K
592,-2,-2.0000000000000000e+00,-1.3636363636363635e-03,-1,-1,7.0867768595040881e-05,wind_direction:18.4_m:degrees
593,12,-2.7660655789077282e-02,5.6610169491525426e-02,909,910,3.4105142200517016e-04,bulk_richardson:18.4_m:none
594,-2,-2.0000000000000000e+00,7.5000000000000011e-02,-1,-1,1.6911764705883001e-04,wind_direction:18.4_m:degrees
595,10,5.9633991718292236e+00,1.6000000000000004e-02,949,950,1.9585185185185168e-04,wind_speed:18.4_m:m_s-1
596,10,5.7559571266174316e+00,5.7985257985258007e-03,597,598,1.3738446957120239e-04,wind_speed:18.4_m:m_s-1
597,-2,-2.0000000000000000e+00,1.3584905660377362e-03,-1,-1,6.1550729797080778e-05,wind_direction:18.4_m:degrees
598,12,-7.4299294501543045e-02,1.4084507042253527e-02,599,600,1.7345764729220390e-04,bulk_richardson:18.4_m:none
599,-2,-2.0000000000000000e+00,2.3283582089552248e-02,-1,-1,1.5041211851191778e-04,wind_direction:18.4_m:degrees
600,-2,-2.0000000000000000e+00,5.8666666666666685e-03,-1,-1,5.0915555555555447e-05,wind_direction:18.4_m:degrees
601,12,-2.5839839875698090e-01,2.6975806451612884e-02,689,690,1.9851554370447621e-04,bulk_richardson:18.4_m:none
602,12,-2.1263339370489120e-01,3.9770114942528731e-02,697,698,3.6316554366495738e-04,bulk_richardson:18.4_m:none
603,3,9.9094998168945312e+02,2.2297297297297288e-02,867,868,2.3796566837107444e-04,pressure:18.4_m:hPa
604,8,8.5000000000000000e+00,3.6067415730337081e-02,1077,1078,6.8902916298447365e-04,wave_period:0_m:s
605,-2,-2.0000000000000000e+00,6.5714285714285725e-02,-1,-1,1.1020408163265206e-04,wind_direction:18.4_m:degrees
606,1,9.8937614440917969e+01,1.1416666666666668e-01,1399,1400,5.5763888888888009e-04,azimuth:0_m:degrees
607,10,1.5740318775177002e+01,8.6800000000000002e-02,719,720,6.0976000000000172e-04,wind_speed:18.4_m:m_s-1
608,-2,-2.0000000000000000e+00,1.2200000000000003e-01,-1,-1,1.7600000000000775e-04,wind_direction:18.4_m:degrees
609,-2,-2.0000000000000000e+00,6.1463414634146354e-02,-1,-1,1.5395597858417756e-04,wind_direction:18.4_m:degrees
610,-2,-2.0000000000000000e+00,9.2000000000000012e-02,-1,-1,5.5999999999986616e-05,wind_direction:18.4_m:degrees
611,0,1.4933483123779297e+02,2.6782608695652177e-01,941,942,8.1701323251416602e-04,zenith:0_m:degrees
612,8,5.0499999523162842e+00,2.3833333333333342e-01,801,802,7.7222222222219500e-04,wave_period:0_m:s
613,-2,-2.0000000000000000e+00,7.0909090909090908e-02,-1,-1,2.0826446280991246e-04,wind_direction:18.4_m:degrees
614,-2,-2.0000000000000000e+00,1.3666666666666669e-01,-1,-1,8.8888888888905698e-05,wind_direction:18.4_m:degrees
615,4,4.3934910297393799e+00,9.8811881188118570e-03,617,618,1.7107499264777985e-04,mixing_ratio:18.4_m:g_kg-1
616,5,6.9049999237060547e+01,-1.8461538461538463e-02,1127,1128,4.7455621301776960e-04,relative_humidity:18.4_m:%
617,3,1.0220000000000000e+03,1.8312499999999999e-02,619,620,1.9402734374999981e-04,pressure:18.4_m:hPa
618,6,1.5350000000000000e+02,5.9710144927536245e-03,1699,1700,1.1217307288384830e-04,wave_direction:0_m:degrees
619,-2,-2.0000000000000000e+00,3.2222222222222235e-02,-1,-1,1.3580246913580179e-04,wind_direction:18.4_m:degrees
620,5,7.9400001525878906e+01,1.1226415094339628e-02,1581,1582,7.4911000355998368e-05,relative_humidity:18.4_m:%
621,-2,-2.0000000000000000e+00,1.0230769230769231e-01,-1,-1,1.5621301775145882e-04,wind_direction:18.4_m:degrees
622,1,1.4216135406494141e+02,1.3190476190476194e-01,1333,1334,5.2970521541952434e-04,azimuth:0_m:degrees
623,11,2.8183500671386719e+02,2.3130081300812965e-02,625,626,1.8166600568444893e-04,wind_direction:18.4_m:degrees
624,10,4.4168360233306885e+00,9.8666666666666694e-03,1969,1970,1.2398222222222388e-04,wind_speed:18.4_m:m_s-1
625,-2,-2.0000000000000000e+00,9.2156862745098045e-03,-1,-1,7.3894655901576264e-05,wind_direction:18.4_m:degrees
626,3,1.0184500122070312e+03,2.6769230769230760e-02,1499,1500,1.4597238658777456e-04,pressure:18.4_m:hPa
627,-2,-2.0000000000000000e+00,1.9000000000000000e-01,-1,-1,0.0000000000000000e+00,wind_direction:18.4_m:degrees
628,12,-4.1262870654463768e-02,1.1791044776119403e-01,1285,1286,3.2100690576966802e-04,bulk_richardson:18.4_m:none
629,10,7.5907351970672607e+00,1.1078947368421052e-01,1911,1912,3.0727146814404048e-04,wind_speed:18.4_m:m_s-1
630,-2,-2.0000000000000000e+00,6.6666666666666666e-02,-1,-1,1.8888888888887127e-04,wind_direction:18.4_m:degrees
631,-2,-2.0000000000000000e+00,6.5000000000000002e-02,-1,-1,3.0681818181818241e-04,wind_direction:18.4_m:degrees
632,-2,-2.0000000000000000e+00,3.3333333333333335e-03,-1,-1,2.2222222222218530e-05,wind_direction:18.4_m:degrees
633,-2,-2.0000000000000000e+00,1.1666666666666667e-02,-1,-1,1.4722222222222217e-04,wind_direction:18.4_m:degrees
634,-2,-2.0000000000000000e+00,6.4444444444444457e-02,-1,-1,1.1358024691357927e-04,wind_direction:18.4_m:degrees
635,3,1.0179500122070312e+03,9.6206896551724139e-02,747,748,4.3733650416171062e-04,pressure:18.4_m:hPa
636,4,1.4092050194740295e+00,1.2296296296296295e-01,1691,1692,3.3936899862824568e-04,mixing_ratio:18.4_m:g_kg-1
637,11,3.1186000061035156e+02,3.2000000000000008e-02,1279,1280,2.6399999999999991e-04,wind_direction:18.4_m:degrees
638,-2,-2.0000000000000000e+00,-7.0000000000000007e-02,-1,-1,-1.3877787807814457e-17,wind_direction:18.4_m:degrees
639,12,-9.8550803959369659e-02,8.9999999999999997e-02,943,944,4.1764705882352954e-04,bulk_richardson:18.4_m:none
640,6,2.1050000000000000e+02,1.1388888888888890e-01,1447,1448,2.5154320987652058e-04,wave_direction:0_m:degrees
641,-2,-2.0000000000000000e+00,5.7666666666666679e-02,-1,-1,1.1788888888888830e-04,wind_direction:18.4_m:degrees
642,3,1.0031999816894531e+03,2.4615384615384619e-02,1427,1428,3.6331360946745630e-04,pressure:18.4_m:hPa
643,3,1.0071000061035156e+03,-2.7999999999999997e-02,1591,1592,2.0336842105263145e-04,pressure:18.4_m:hPa
644,11,1.9982500457763672e+02,-3.9788732394366144e-02,761,762,3.1051874628051186e-04,wind_direction:18.4_m:degrees
645,0,8.0242465972900391e+01,6.6666666666666671e-03,1177,1178,5.2888888888888885e-04,zenith:0_m:degrees
646,-2,-2.0000000000000000e+00,4.1764705882352947e-02,-1,-1,1.5570934256055238e-04,wind_direction:18.4_m:degrees
647,-2,-2.0000000000000000e+00,1.1499999999999999e-01,-1,-1,2.5000000000002451e-05,wind_direction:18.4_m:degrees
648,-2,-2.0000000000000000e+00,1.7444444444444443e-01,-1,-1,2.6913580246912608e-04,wind_direction:18.4_m:degrees
649,3,1.0145000000000000e+03,8.1929824561403533e-02,1375,1376,3.3838104032009840e-04,pressure:18.4_m:hPa
650,-2,-2.0000000000000000e+00,3.5999999999999997e-02,-1,-1,2.2400000000001585e-04,wind_direction:18.4_m:degrees
651,-2,-2.0000000000000000e+00,-5.1600261267145267e-03,-1,-1,8.9507376615908214e-05,wind_direction:18.4_m:degrees
652,12,7.3445938527584076e-02,-9.4948186528496896e-03,1191,1192,1.7707639802410824e-04,bulk_richardson:18.4_m:none
653,5,3.6350000381469727e+01,2.2166666666666668e-01,1871,1872,4.8055555555555352e-04,relative_humidity:18.4_m:%
654,8,3.8500000238418579e+00,2.6531250000000001e-01,1243,1244,8.0615234375004674e-04,wave_period:0_m:s
655,2,2.9154000854492188e+02,-2.0467836257309847e-02,1307,1308,1.8545364385623555e-04,water_sfc_temperature:0_m:K
656,11,1.7502999877929688e+02,-4.3888888888888894e-02,1297,1298,3.0154320987656755e-04,wind_direction:18.4_m:degrees
657,10,1.1848204612731934e+01,3.4953271028037393e-02,937,938,3.3340903135644978e-04,wind_speed:18.4_m:m_s-1
658,3,1.0100000000000000e+03,1.6000000000000000e-02,1443,1444,1.8971428571428584e-04,pressure:18.4_m:hPa
659,1,2.7293933105468750e+02,-6.2500000000000000e-02,1505,1506,9.1874999999999943e-04,azimuth:0_m:degrees
660,10,8.1852736473083496e+00,-1.3810782241014750e-02,819,820,2.3838491545574939e-04,wind_speed:18.4_m:m_s-1
661,8,6.4500000476837158e+00,7.6999999999999999e-02,1133,1134,3.0100000000000092e-04,wave_period:0_m:s
662,3,1.0197500000000000e+03,9.8461538461538475e-02,1035,1036,4.1609467455622218e-04,pressure:18.4_m:hPa
663,3,1.0110000000000000e+03,1.6666666666666670e-02,2021,2022,1.2222222222222213e-04,pressure:18.4_m:hPa
664,5,7.7950000762939453e+01,3.2749999999999987e-02,945,946,1.6993749999999973e-04,relative_humidity:18.4_m:%
665,9,8.9681926727294922e+01,-1.6176470588235292e-02,1105,1106,1.7319574888779012e-04,angle_between_wind_wave:0_m:degrees
666,6,1.7300000000000000e+02,-7.1363636363636395e-03,715,716,1.6589049586776951e-04,wave_direction:0_m:degrees
667,5,9.9350002288818359e+01,-1.2583333333333297e-02,669,670,2.0374305555555646e-04,relative_humidity:18.4_m:%
668,3,1.0202999877929688e+03,-2.1857142857142835e-02,2023,2024,1.8655102040816753e-04,pressure:18.4_m:hPa
669,7,1.0500000119209290e+00,-1.3067226890756267e-02,755,756,1.7672657298213528e-04,wave_height:0_m:m
670,-2,-2.0000000000000000e+00,4.4999999999999998e-02,-1,-1,7.4999999999983066e-05,wind_direction:18.4_m:degrees
671,-2,-2.0000000000000000e+00,1.0666666666666667e-01,-1,-1,2.2222222222220353e-05,wind_direction:18.4_m:degrees
672,11,3.3731999206542969e+02,6.4761904761904757e-02,1983,1984,2.5827664399092915e-04,wind_direction:18.4_m:degrees
673,12,-1.2016319856047630e-01,1.4301075268817210e-02,675,676,2.5461903110186174e-04,bulk_richardson:18.4_m:none
674,-2,-2.0000000000000000e+00,2.9078947368421065e-02,-1,-1,1.6362534626038791e-04,wind_direction:18.4_m:degrees
675,-2,-2.0000000000000000e+00,3.0285714285714294e-02,-1,-1,1.2848979591836677e-04,wind_direction:18.4_m:degrees
676,-2,-2.0000000000000000e+00,4.6551724137931030e-03,-1,-1,8.3501783590963369e-05,wind_direction:18.4_m:degrees
677,10,8.5888795852661133e+00,4.0731707317073172e-02,859,860,3.0678167757287357e-04,wind_speed:18.4_m:m_s-1
678,10,7.6543343067169189e+00,2.3846153846153854e-02,1089,1090,1.6213017751479748e-04,wind_speed:18.4_m:m_s-1
679,-2,-2.0000000000000000e+00,1.4769230769230768e-01,-1,-1,2.6390532544379522e-04,wind_direction:18.4_m:degrees
680,-2,-2.0000000000000000e+00,2.2000000000000000e-01,-1,-1,6.9388939039072284e-18,wind_direction:18.4_m:degrees
681,9,9.0382301330566406e+01,1.6249999999999998e-01,999,1000,7.9375000000000973e-04,angle_between_wind_wave:0_m:degrees
682,-2,-2.0000000000000000e+00,2.2666666666666668e-01,-1,-1,2.2222222222208210e-05,wind_direction:18.4_m:degrees
683,2,2.7757499694824219e+02,5.5937500000000015e-02,965,966,3.5537109374999924e-04,water_sfc_temperature:0_m:K
684,10,4.3403315544128418e+00,3.6831683168316823e-02,1019,1020,2.9491226350358011e-04,wind_speed:18.4_m:m_s-1
685,3,1.0247500000000000e+03,1.2166666666666671e-02,1519,1520,7.3638888888888766e-05,pressure:18.4_m:hPa
686,-2,-2.0000000000000000e+00,1.2041884816753926e-03,-1,-1,5.3523752090129089e-05,wind_direction:18.4_m:degrees
687,0,8.0459514617919922e+01,2.7156919513607282e-03,797,798,1.2331407339207778e-04,zenith:0_m:degrees
688,2,2.8449000549316406e+02,-1.0796645702306077e-03,1273,1274,1.2514459695247423e-04,water_sfc_temperature:0_m:K
689,12,-4.2906323075294495e-01,3.4117647058823523e-02,1635,1636,1.9088811995386428e-04,bulk_richardson:18.4_m:none
690,9,9.0545127868652344e+01,2.1986301369863008e-02,1063,1064,1.4331488084068546e-04,angle_between_wind_wave:0_m:degrees
691,-2,-2.0000000000000000e+00,1.8333333333333335e-01,-1,-1,3.5555555555554647e-04,wind_direction:18.4_m:degrees
692,5,3.9850000381469727e+01,1.2687499999999999e-01,1875,1876,3.2148437499999669e-04,relative_humidity:18.4_m:%
693,12,1.4132565818727016e-02,-3.3166666666666678e-02,695,696,5.6163888888888756e-04,bulk_richardson:18.4_m:none
694,3,1.0088500061035156e+03,-5.2702702702702706e-02,1793,1794,1.8728999269539831e-04,pressure:18.4_m:hPa
695,0,1.1633626937866211e+02,-2.6086956521739136e-02,1049,1050,4.1947069943289205e-04,zenith:0_m:degrees
696,-2,-2.0000000000000000e+00,-5.6428571428571425e-02,-1,-1,3.2295918367346559e-04,wind_direction:18.4_m:degrees
697,-2,-2.0000000000000000e+00,7.1250000000000008e-02,-1,-1,1.8593749999999860e-04,wind_direction:18.4_m:degrees
698,5,4.2299999237060547e+01,3.6582278481012670e-02,1463,1464,2.7059766063130880e-04,relative_humidity:18.4_m:%
699,12,2.5702486746013165e-02,-6.9942196531791933e-03,701,702,3.6668782785926718e-04,bulk_richardson:18.4_m:none
700,-2,-2.0000000000000000e+00,-3.2000000000000001e-02,-1,-1,9.5999999999998647e-05,wind_direction:18.4_m:degrees
701,11,3.3241999816894531e+02,-7.6744186046511674e-03,931,932,2.8877771768523507e-04,wind_direction:18.4_m:degrees
702,-2,-2.0000000000000000e+00,1.1000000000000000e-01,-1,-1,5.3776427755281020e-17,wind_direction:18.4_m:degrees
703,-2,-2.0000000000000000e+00,8.3333333333333329e-02,-1,-1,5.5555555555556087e-05,wind_direction:18.4_m:degrees
704,10,1.2613613605499268e+01,4.3454545454545454e-02,881,882,3.3170247933884196e-04,wind_speed:18.4_m:m_s-1
705,9,8.9689907073974609e+01,2.3333333333333336e-01,707,708,1.0388888888889017e-03,angle_between_wind_wave:0_m:degrees
706,-2,-2.0000000000000000e+00,1.7666666666666667e-01,-1,-1,2.2222222222156168e-05,wind_direction:18.4_m:degrees
707,4,1.3815391063690186e+00,2.1166666666666667e-01,1171,1172,8.4722222222223531e-04,mixing_ratio:18.4_m:g_kg-1
708,-2,-2.0000000000000000e+00,2.5500000000000000e-01,-1,-1,2.9166666666664842e-04,wind_direction:18.4_m:degrees
709,-2,-2.0000000000000000e+00,-5.0000000000000003e-02,-1,-1,0.0000000000000000e+00,wind_direction:18.4_m:degrees
710,-2,-2.0000000000000000e+00,2.9999999999999999e-02,-1,-1,1.0000000000000005e-04,wind_direction:18.4_m:degrees
711,-2,-2.0000000000000000e+00,2.3333333333333334e-02,-1,-1,1.3888888888888892e-04,wind_direction:18.4_m:degrees
712,10,1.2511637210845947e+01,5.3488372093023262e-02,883,884,3.9945916711735989e-04,wind_speed:18.4_m:m_s-1
713,11,2.9413000488281250e+02,1.0320000000000001e-01,1125,1126,4.4575999999999817e-04,wind_direction:18.4_m:degrees
714,-2,-2.0000000000000000e+00,5.8000000000000010e-02,-1,-1,9.5999999999995395e-05,wind_direction:18.4_m:degrees
715,-2,-2.0000000000000000e+00,-6.0000000000000005e-02,-1,-1,2.0000000000000009e-04,wind_direction:18.4_m:degrees
716,3,1.0071499938964844e+03,-6.4055299539170539e-03,1091,1092,1.2625029200025477e-04,pressure:18.4_m:hPa
717,-2,-2.0000000000000000e+00,2.9607843137254919e-03,-1,-1,3.9272971933871526e-05,wind_direction:18.4_m:degrees
718,-2,-2.0000000000000000e+00,3.0909090909090907e-02,-1,-1,1.1735537190082944e-04,wind_direction:18.4_m:degrees
719,8,6.5499999523162842e+00,7.1000000000000021e-02,1977,1978,4.2899999999999796e-04,wave_period:0_m:s
720,12,-1.0521681513637304e-02,9.7333333333333327e-02,915,916,4.5288888888889503e-04,bulk_richardson:18.4_m:none
721,-2,-2.0000000000000000e+00,1.4999999999999999e-01,-1,-1,0.0000000000000000e+00,wind_direction:18.4_m:degrees
722,-2,-2.0000000000000000e+00,5.6956521739130447e-02,-1,-1,1.7769376181474370e-04,wind_direction:18.4_m:degrees
723,6,2.2250000000000000e+02,1.7499999999999999e-01,1877,1878,4.6250000000000457e-04,wave_direction:0_m:degrees
724,5,4.3050001144409180e+01,1.4837209302325582e-01,1047,1048,3.7641968631694014e-04,relative_humidity:18.4_m:%
725,12,-1.9363277591764927e-02,7.6585365853658535e-02,1061,1062,2.8102320047590588e-04,bulk_richardson:18.4_m:none
726,-2,-2.0000000000000000e+00,4.8571428571428564e-02,-1,-1,2.4081632653061942e-04,wind_direction:18.4_m:degrees
727,-2,-2.0000000000000000e+00,3.0714285714285711e-02,-1,-1,7.8061224489796039e-05,wind_direction:18.4_m:degrees
728,11,3.1506500244140625e+02,5.9687500000000018e-02,729,730,6.1552734374999835e-04,wind_direction:18.4_m:degrees
729,0,1.1782771682739258e+02,6.8076923076923090e-02,1367,1368,3.4630177514792873e-04,zenith:0_m:degrees
730,-2,-2.0000000000000000e+00,2.3333333333333334e-02,-1,-1,1.5555555555555602e-04,wind_direction:18.4_m:degrees
731,10,1.1767386913299561e+01,-3.1176470588235288e-03,767,768,3.1851557093425632e-04,wind_speed:18.4_m:m_s-1
732,12,-1.3316264841705561e-02,7.2448979591836753e-03,1271,1272,2.1996043315285381e-04,bulk_richardson:18.4_m:none
733,6,1.7450000000000000e+02,2.9526627218934908e-02,1387,1388,1.8912503063618462e-04,wave_direction:0_m:degrees
734,1,8.3767543792724609e+01,4.2537313432835830e-02,1653,1654,2.4878592114057252e-04,azimuth:0_m:degrees
735,5,7.2149997711181641e+01,2.5657894736842112e-02,1493,1494,9.8251385041550014e-05,relative_humidity:18.4_m:%
736,-2,-2.0000000000000000e+00,8.9361702127659579e-03,-1,-1,5.6315074694432380e-05,wind_direction:18.4_m:degrees
737,7,2.3999999761581421e+00,-1.0694444444444446e-02,1175,1176,1.5923996913580246e-04,wave_height:0_m:m
738,3,1.0036000061035156e+03,-3.1153846153846157e-02,781,782,4.5636094674556113e-04,pressure:18.4_m:hPa
739,-2,-2.0000000000000000e+00,4.7058823529411769e-03,-1,-1,2.2491349480968862e-04,wind_direction:18.4_m:degrees
740,7,1.5500000119209290e+00,-2.4285714285714285e-02,947,948,9.4829931972789097e-04,wave_height:0_m:m
741,-2,-2.0000000000000000e+00,1.6000000000000000e-01,-1,-1,2.6000000000001022e-04,wind_direction:18.4_m:degrees
742,-2,-2.0000000000000000e+00,2.1249999999999999e-01,-1,-1,1.6874999999999529e-04,wind_direction:18.4_m:degrees
743,6,1.7850000000000000e+02,4.3373493975903624e-03,911,912,3.8118740020322246e-04,wave_direction:0_m:degrees
744,1,1.8351445770263672e+02,3.2727272727272723e-02,1721,1722,4.1983471074380236e-04,azimuth:0_m:degrees
745,-2,-2.0000000000000000e+00,1.9750000000000001e-01,-1,-1,3.6874999999998714e-04,wind_direction:18.4_m:degrees
746,2,2.8211000061035156e+02,2.4327272727272725e-01,899,900,7.3474380165289982e-04,water_sfc_temperature:0_m:K
747,-2,-2.0000000000000000e+00,6.7142857142857143e-02,-1,-1,2.2040816326530585e-04,wind_direction:18.4_m:degrees
748,-2,-2.0000000000000000e+00,1.0545454545454547e-01,-1,-1,1.5206611570247469e-04,wind_direction:18.4_m:degrees
749,-2,-2.0000000000000000e+00,1.8165137614678910e-02,-1,-1,1.0672502314620002e-04,wind_direction:18.4_m:degrees
750,1,2.4407371520996094e+02,3.1527777777777787e-02,1121,1122,2.2405478395061797e-04,azimuth:0_m:degrees
751,4,1.9140391945838928e+00,1.3787878787878791e-01,753,754,8.2883379247015651e-04,mixing_ratio:18.4_m:g_kg-1
752,-2,-2.0000000000000000e+00,1.6749999999999998e-01,-1,-1,1.1875000000001121e-04,wind_direction:18.4_m:degrees
753,-2,-2.0000000000000000e+00,1.6699999999999998e-01,-1,-1,3.4100000000000449e-04,wind_direction:18.4_m:degrees
754,5,4.6600000381469727e+01,1.2521739130434781e-01,1131,1132,5.1190926275991935e-04,relative_humidity:18.4_m:%
755,-2,-2.0000000000000000e+00,-9.7153024911031966e-03,-1,-1,1.1166271957042148e-04,wind_direction:18.4_m:degrees
756,6,1.8950000000000000e+02,-1.7897435897435893e-02,1025,1026,2.3096383957922661e-04,wave_direction:0_m:degrees
757,2,2.7751499938964844e+02,-5.4444444444444448e-02,1641,1642,9.1358024691358137e-04,water_sfc_temperature:0_m:K
758,-2,-2.0000000000000000e+00,-8.3333333333333332e-03,-1,-1,4.7222222222221991e-05,wind_direction:18.4_m:degrees
759,2,2.8991999816894531e+02,7.6060606060606079e-02,1683,1684,4.5417814508723255e-04,water_sfc_temperature:0_m:K
760,10,6.2101328372955322e+00,5.4375000000000014e-02,1233,1234,2.5585937499999871e-04,wind_speed:18.4_m:m_s-1
761,1,2.6265260314941406e+02,-4.3149999999999952e-02,895,896,3.3457750000000165e-04,azimuth:0_m:degrees
762,1,3.5303128051757812e+02,-3.1785714285714292e-02,1201,1202,1.6228741496599874e-04,azimuth:0_m:degrees
763,3,1.0276500244140625e+03,6.6250000000000017e-02,1751,1752,2.0677083333333224e-04,pressure:18.4_m:hPa
764,-2,-2.0000000000000000e+00,4.2333333333333348e-02,-1,-1,7.7888888888886891e-05,wind_direction:18.4_m:degrees
765,3,1.0181499938964844e+03,-2.7623708537248349e-03,1031,1032,1.0210285810934074e-04,pressure:18.4_m:hPa
766,-2,-2.0000000000000000e+00,-8.9999999999999997e-02,-1,-1,-2.5673907444456745e-16,wind_direction:18.4_m:degrees
767,2,2.8903999328613281e+02,-1.1111111111111118e-03,1337,1338,2.1334876543209884e-04,water_sfc_temperature:0_m:K
768,12,-6.5510668791830540e-03,-1.4230769230769233e-02,769,770,7.5517751479290058e-04,bulk_richardson:18.4_m:none
769,12,-1.1777674779295921e-02,3.4482758620689659e-03,1215,1216,2.3638525564803815e-04,bulk_richardson:18.4_m:none
770,3,1.0162500000000000e+03,-3.6521739130434785e-02,771,772,5.1833648393194800e-04,pressure:18.4_m:hPa
771,-2,-2.0000000000000000e+00,-4.7222222222222228e-02,-1,-1,1.3117283950617262e-04,wind_direction:18.4_m:degrees
772,-2,-2.0000000000000000e+00,2.0000000000000000e-03,-1,-1,1.5999999999999176e-05,wind_direction:18.4_m:degrees
773,4,3.5523792505264282e+00,2.4687500000000012e-02,1805,1806,1.1552734374999964e-04,mixing_ratio:18.4_m:g_kg-1
774,5,6.0300001144409180e+01,8.1632653061224480e-03,1491,1492,2.0683048729695937e-04,relative_humidity:18.4_m:%
775,-2,-2.0000000000000000e+00,6.5454545454545446e-02,-1,-1,7.9338842975207845e-05,wind_direction:18.4_m:degrees
776,8,5.6499998569488525e+00,9.7083333333333355e-02,1475,1476,2.9565972222221279e-04,wave_period:0_m:s
777,1,2.0455026245117188e+02,3.1241379310344829e-02,1007,1008,2.2604518430440011e-04,azimuth:0_m:degrees
778,-2,-2.0000000000000000e+00,4.6585365853658543e-02,-1,-1,1.1029149315884080e-04,wind_direction:18.4_m:degrees
779,3,1.0111000061035156e+03,-6.5000000000000006e-03,1707,1708,1.6275000000000003e-04,pressure:18.4_m:hPa
780,10,8.9109849929809570e+00,-2.0697674418604529e-02,923,924,2.6623954736448711e-04,wind_speed:18.4_m:m_s-1
781,-2,-2.0000000000000000e+00,-8.9999999999999997e-02,-1,-1,0.0000000000000000e+00,wind_direction:18.4_m:degrees
782,-2,-2.0000000000000000e+00,-2.6249999999999999e-02,-1,-1,1.8177083333333305e-04,wind_direction:18.4_m:degrees
783,6,1.4950000000000000e+02,-3.3333333333333344e-03,1673,1674,1.1555555555555557e-03,wave_direction:0_m:degrees
784,-2,-2.0000000000000000e+00,-5.9166666666666666e-02,-1,-1,1.9097222222222128e-04,wind_direction:18.4_m:degrees
785,4,1.6806822776794434e+01,-8.6633663366336693e-03,955,956,4.1157974708361949e-04,mixing_ratio:18.4_m:g_kg-1
786,3,1.0088500061035156e+03,-7.0000000000000007e-02,815,816,3.6000000000000077e-03,pressure:18.4_m:hPa
787,4,6.4414947032928467e+00,2.6486486486486487e-03,927,928,5.6047723399074970e-05,mixing_ratio:18.4_m:g_kg-1
788,4,7.1510756015777588e+00,7.2817460317460246e-03,789,790,1.2574601599899275e-04,mixing_ratio:18.4_m:g_kg-1
789,1,1.0528962326049805e+02,2.9056603773584919e-02,1225,1226,1.5948736205055093e-04,azimuth:0_m:degrees
790,-2,-2.0000000000000000e+00,4.7228381374722845e-03,-1,-1,5.9512981745419343e-05,wind_direction:18.4_m:degrees
791,2,2.8050999450683594e+02,4.9090909090909102e-02,1765,1766,2.1280991735537352e-04,water_sfc_temperature:0_m:K
792,8,5.7000000476837158e+00,7.0384615384615379e-02,1495,1496,3.1139053254437658e-04,wave_period:0_m:s
793,-2,-2.0000000000000000e+00,4.2857142857142859e-03,-1,-1,1.2091836734693878e-04,wind_direction:18.4_m:degrees
794,4,7.9688456058502197e+00,-1.6400000000000005e-02,1767,1768,2.8703999999999980e-04,mixing_ratio:18.4_m:g_kg-1
795,10,9.5717926025390625e+00,6.2391304347826089e-02,951,952,2.9428166351606888e-04,wind_speed:18.4_m:m_s-1
796,-2,-2.0000000000000000e+00,3.6923076923076920e-02,-1,-1,2.1301775147927879e-05,wind_direction:18.4_m:degrees
797,4,9.1709814071655273e+00,5.6814159292035314e-03,1013,1014,1.1586310595974662e-04,mixing_ratio:18.4_m:g_kg-1
798,11,2.7513999938964844e+02,1.2736660929432023e-03,1083,1084,1.2058087279039938e-04,wind_direction:18.4_m:degrees
799,12,-1.6978734172880650e-02,1.4600000000000000e-02,1601,1602,1.6484000000000003e-04,bulk_richardson:18.4_m:none
800,3,9.9444998168945312e+02,1.8354430379746848e-03,1267,1268,1.1709528387544736e-04,pressure:18.4_m:hPa
801,-2,-2.0000000000000000e+00,2.7750000000000002e-01,-1,-1,2.6874999999998428e-04,wind_direction:18.4_m:degrees
802,9,8.7727100372314453e+01,2.3049999999999998e-01,1075,1076,5.0474999999995662e-04,angle_between_wind_wave:0_m:degrees
803,3,1.0024499816894531e+03,-5.9999999999999998e-02,1045,1046,4.3000000000000069e-04,pressure:18.4_m:hPa
804,6,1.9650000000000000e+02,-3.8356164383561653e-02,1211,1212,5.4524300994558228e-04,wave_direction:0_m:degrees
805,2,2.7647499084472656e+02,1.0303030303030303e-01,807,808,5.5445362718088871e-04,water_sfc_temperature:0_m:K
806,9,8.9611438751220703e+01,8.1612903225806471e-02,1391,1392,2.3933402705516357e-04,angle_between_wind_wave:0_m:degrees
807,-2,-2.0000000000000000e+00,1.1833333333333333e-01,-1,-1,2.5833333333332917e-04,wind_direction:18.4_m:degrees
808,3,1.0141000061035156e+03,8.4666666666666668e-02,1809,1810,2.9155555555556399e-04,pressure:18.4_m:hPa
809,12,4.2209312319755554e-02,-1.8300653594771250e-03,887,888,2.0972275620487839e-04,bulk_richardson:18.4_m:none
810,11,1.9102500152587891e+02,-9.0721649484535264e-03,837,838,1.2517004995217445e-04,wind_direction:18.4_m:degrees
811,-2,-2.0000000000000000e+00,1.0000000000000004e-02,-1,-1,8.4848484848484696e-05,wind_direction:18.4_m:degrees
812,10,7.2192454338073730e+00,2.5882352941176481e-02,813,814,4.1245674740484457e-04,wind_speed:18.4_m:m_s-1
813,5,8.3750000000000000e+01,2.0000000000000004e-02,1555,1556,1.4222222222222175e-04,relative_humidity:18.4_m:%
814,-2,-2.0000000000000000e+00,7.0000000000000007e-02,-1,-1,2.3333333333333192e-04,wind_direction:18.4_m:degrees
815,-2,-2.0000000000000000e+00,-1.0000000000000000e-02,-1,-1,0.0000000000000000e+00,wind_direction:18.4_m:degrees
816,-2,-2.0000000000000000e+00,-1.3000000000000000e-01,-1,-1,0.0000000000000000e+00,wind_direction:18.4_m:degrees
817,-2,-2.0000000000000000e+00,7.3000000000000009e-02,-1,-1,4.0999999999999370e-05,wind_direction:18.4_m:degrees
818,12,-5.0221756100654602e-02,4.4842105263157885e-02,1113,1114,2.1023822714681759e-04,bulk_richardson:18.4_m:none
819,7,3.1499999761581421e+00,-1.2464788732394256e-02,829,830,2.0229727346866884e-04,wave_height:0_m:m
820,6,1.9850000000000000e+02,-1.6612377850162775e-02,821,822,3.0187906502986156e-04,wave_direction:0_m:degrees
821,8,4.0499999523162842e+00,-1.8876146788990765e-02,823,824,3.0676447689588742e-04,wave_period:0_m:s
822,2,2.8868000793457031e+02,-1.1067415730337087e-02,1351,1352,2.4661343264739590e-04,water_sfc_temperature:0_m:K
823,6,1.9150000000000000e+02,-2.7528089887640453e-02,825,826,7.2197954803686348e-04,wave_direction:0_m:degrees
824,5,9.1850002288818359e+01,-1.6657060518731951e-02,1039,1040,1.7614464035080817e-04,relative_humidity:18.4_m:%
825,-2,-2.0000000000000000e+00,-2.4125000000000014e-02,-1,-1,2.0423437499999977e-04,wind_direction:18.4_m:degrees
826,7,7.5000000000000000e-01,-5.7777777777777782e-02,827,828,4.3061728395061716e-03,wave_height:0_m:m
827,-2,-2.0000000000000000e+00,-1.7999999999999999e-01,-1,-1,0.0000000000000000e+00,wind_direction:18.4_m:degrees
828,-2,-2.0000000000000000e+00,-2.2857142857142854e-02,-1,-1,4.8979591836734995e-05,wind_direction:18.4_m:degrees
829,4,1.6501070976257324e+01,-1.2598116169544638e-02,875,876,1.9693896034443499e-04,mixing_ratio:18.4_m:g_kg-1
830,-2,-2.0000000000000000e+00,2.9999999999999999e-02,-1,-1,9.9999999999872760e-05,wind_direction:18.4_m:degrees
831,-2,-2.0000000000000000e+00,6.5000000000000002e-02,-1,-1,7.4999999999999546e-05,wind_direction:18.4_m:degrees
832,-2,-2.0000000000000000e+00,1.7142857142857144e-02,-1,-1,1.2040816326530656e-04,wind_direction:18.4_m:degrees
833,11,2.4526499938964844e+02,-3.0228571428571407e-02,1003,1004,2.2051918367347104e-04,wind_direction:18.4_m:degrees
834,-2,-2.0000000000000000e+00,8.0000000000000002e-03,-1,-1,5.6000000000017258e-05,wind_direction:18.4_m:degrees
835,-2,-2.0000000000000000e+00,8.9999999999999997e-02,-1,-1,0.0000000000000000e+00,wind_direction:18.4_m:degrees
836,-2,-2.0000000000000000e+00,5.2500000000000003e-03,-1,-1,1.7243750000000001e-04,wind_direction:18.4_m:degrees
837,11,1.1702999877929688e+02,-1.5146198830409354e-02,1843,1844,8.9306111282104017e-05,wind_direction:18.4_m:degrees
838,11,2.6491499328613281e+02,-8.3200579290368618e-03,1379,1380,1.2447685329135927e-04,wind_direction:18.4_m:degrees
839,1,3.2923312377929688e+02,-1.5781250000000004e-02,1385,1386,1.8063964843749989e-04,azimuth:0_m:degrees
840,-2,-2.0000000000000000e+00,6.6666666666666662e-03,-1,-1,2.1111111111111092e-04,wind_direction:18.4_m:degrees
841,-2,-2.0000000000000000e+00,2.5000000000000000e-01,-1,-1,0.0000000000000000e+00,wind_direction:18.4_m:degrees
842,11,2.9421499633789062e+02,1.6541666666666674e-01,1095,1096,5.6371527777776195e-04,wind_direction:18.4_m:degrees
843,-2,-2.0000000000000000e+00,2.3000000000000001e-01,-1,-1,0.0000000000000000e+00,wind_direction:18.4_m:degrees
844,-2,-2.0000000000000000e+00,1.4388888888888887e-01,-1,-1,2.6820987654322531e-04,wind_direction:18.4_m:degrees
845,5,5.2649999618530273e+01,2.2688172043010751e-02,847,848,2.3255867730373524e-04,relative_humidity:18.4_m:%
846,9,9.1576366424560547e+01,3.6249999999999998e-02,1477,1478,1.3281250000000315e-04,angle_between_wind_wave:0_m:degrees
847,-2,-2.0000000000000000e+00,1.2653061224489798e-02,-1,-1,8.0716368179925232e-05,wind_direction:18.4_m:degrees
848,4,2.5966385602951050e+00,3.3863636363636374e-02,1881,1882,1.6461776859504128e-04,mixing_ratio:18.4_m:g_kg-1
849,-2,-2.0000000000000000e+00,-4.8666666666666664e-02,-1,-1,1.9822222222222290e-04,wind_direction:18.4_m:degrees
850,0,1.2926249694824219e+02,-7.4687500000000018e-02,851,852,4.8115234375000100e-04,zenith:0_m:degrees
851,11,2.1445500183105469e+02,-7.1612903225806462e-02,1647,1648,1.9417273673256585e-04,wind_direction:18.4_m:degrees
852,-2,-2.0000000000000000e+00,-1.7000000000000001e-01,-1,-1,6.9388939039072284e-18,wind_direction:18.4_m:degrees
853,4,3.7734719514846802e+00,7.2727272727272745e-04,1057,1058,7.5834710743801669e-05,mixing_ratio:18.4_m:g_kg-1
854,12,-1.6597077250480652e-02,-1.2978723404255321e-02,1283,1284,1.9963784517881380e-04,bulk_richardson:18.4_m:none
855,4,1.5952476263046265e+00,4.9838709677419359e-02,1151,1152,2.5965140478667950e-04,mixing_ratio:18.4_m:g_kg-1
856,6,2.3400000000000000e+02,8.2857142857142865e-02,1445,1446,6.4897959183672985e-04,wave_direction:0_m:degrees
857,0,7.5351394653320312e+01,6.7192982456140346e-02,1497,1498,1.8861188057863690e-04,zenith:0_m:degrees
858,9,8.9310787200927734e+01,5.0243902439024400e-02,1135,1136,2.3164782867341393e-04,angle_between_wind_wave:0_m:degrees
859,-2,-2.0000000000000000e+00,2.5238095238095240e-02,-1,-1,1.3922902494331070e-04,wind_direction:18.4_m:degrees
860,4,1.6333217024803162e+00,4.6065573770491801e-02,1087,1088,2.5337274926094970e-04,mixing_ratio:18.4_m:g_kg-1
861,-2,-2.0000000000000000e+00,-6.7857142857142852e-02,-1,-1,2.0255102040816434e-04,wind_direction:18.4_m:degrees
862,3,9.9495001220703125e+02,-4.5198237885462539e-02,863,864,2.9103999689495362e-04,pressure:18.4_m:hPa
863,1,1.8715139770507812e+02,-1.7777777777777778e-02,865,866,8.6172839506172842e-04,azimuth:0_m:degrees
864,12,-1.0367320501245558e-03,-4.6330275229357794e-02,957,958,2.3515697331874443e-04,bulk_richardson:18.4_m:none
865,-2,-2.0000000000000000e+00,5.9999999999999998e-02,-1,-1,0.0000000000000000e+00,wind_direction:18.4_m:degrees
866,-2,-2.0000000000000000e+00,-2.7500000000000000e-02,-1,-1,1.1875000000000004e-04,wind_direction:18.4_m:degrees
867,-2,-2.0000000000000000e+00,8.0000000000000002e-02,-1,-1,0.0000000000000000e+00,wind_direction:18.4_m:degrees
868,4,7.6440801620483398e+00,2.1506849315068476e-02,869,870,1.9498967911428067e-04,mixing_ratio:18.4_m:g_kg-1
869,8,7.1499998569488525e+00,2.4596774193548384e-02,901,902,1.5709547346514090e-04,wave_period:0_m:s
870,-2,-2.0000000000000000e+00,4.0909090909090904e-03,-1,-1,5.1446280991735192e-05,wind_direction:18.4_m:degrees
871,6,2.2850000000000000e+02,1.7666666666666667e-02,1579,1580,1.4455555555555549e-04,wave_direction:0_m:degrees
872,-2,-2.0000000000000000e+00,-2.1999999999999999e-02,-1,-1,5.5999999999999952e-05,wind_direction:18.4_m:degrees
873,-2,-2.0000000000000000e+00,-8.5714285714285715e-02,-1,-1,2.4489795918369341e-05,wind_direction:18.4_m:degrees
874,-2,-2.0000000000000000e+00,-2.0000000000000000e-02,-1,-1,3.2526065174565133e-19,wind_direction:18.4_m:degrees
875,9,9.3350376129150391e+01,-1.2097039473684110e-02,1027,1028,1.7200045176160131e-04,angle_between_wind_wave:0_m:degrees
876,12,2.0485721528530121e-02,-2.3103448275862075e-02,877,878,6.0416171224734138e-04,bulk_richardson:18.4_m:none
877,0,1.0805360031127930e+02,-4.1538461538461552e-02,879,880,6.1301775147928872e-04,zenith:0_m:degrees
878,-2,-2.0000000000000000e+00,-8.1249999999999985e-03,-1,-1,9.6484375000000311e-05,wind_direction:18.4_m:degrees
879,-2,-2.0000000000000000e+00,-6.2727272727272729e-02,-1,-1,2.9256198347107389e-04,wind_direction:18.4_m:degrees
880,-2,-2.0000000000000000e+00,-2.6000000000000002e-02,-1,-1,2.7733333333333202e-04,wind_direction:18.4_m:degrees
881,-2,-2.0000000000000000e+00,3.9591836734693887e-02,-1,-1,1.4269054560599767e-04,wind_direction:18.4_m:degrees
882,2,2.8744000244140625e+02,7.5000000000000011e-02,1471,1472,7.5833333333332961e-04,water_sfc_temperature:0_m:K
883,8,4.7000000476837158e+00,5.0731707317073181e-02,1411,1412,2.3604997025580008e-04,wave_period:0_m:s
884,-2,-2.0000000000000000e+00,1.1000000000000000e-01,-1,-1,4.0000000000001840e-04,wind_direction:18.4_m:degrees
885,-2,-2.0000000000000000e+00,1.6000000000000000e-01,-1,-1,-3.4694469519536142e-18,wind_direction:18.4_m:degrees
886,-2,-2.0000000000000000e+00,1.0947368421052632e-01,-1,-1,1.8393351800553848e-04,wind_direction:18.4_m:degrees
887,7,3.5000000894069672e-01,-3.4722222222222229e-03,1369,1370,1.6016589506172836e-04,wave_height:0_m:m
888,-2,-2.0000000000000000e+00,2.4444444444444442e-02,-1,-1,2.6913580246913529e-04,wind_direction:18.4_m:degrees
889,11,2.9638499450683594e+02,-2.9677419354838707e-02,1535,1536,2.8054110301769023e-04,wind_direction:18.4_m:degrees
890,2,2.7434500122070312e+02,-1.1320754716981133e-02,1417,1418,1.8504805980776049e-04,water_sfc_temperature:0_m:K
891,12,7.9407566227018833e-03,-1.4999999999999999e-01,1469,1470,1.4000000000000054e-03,bulk_richardson:18.4_m:none
892,12,1.4653273392468691e-02,-9.7272727272727275e-02,1625,1626,4.1983471074379455e-04,bulk_richardson:18.4_m:none
893,-2,-2.0000000000000000e+00,2.8888888888888891e-02,-1,-1,1.4320987654320991e-04,wind_direction:18.4_m:degrees
894,12,-8.1908889114856720e-03,5.7741935483870986e-02,1409,1410,2.8199791883454662e-04,bulk_richardson:18.4_m:none
895,7,2.8500000238418579e+00,-4.0251572327044023e-02,897,898,2.9679205727621799e-04,wave_height:0_m:m
896,5,9.4100002288818359e+01,-5.4390243902439045e-02,1099,1100,3.2218917311125890e-04,relative_humidity:18.4_m:%
897,4,1.3443288326263428e+01,-3.9490445859872596e-02,1401,1402,2.5451742464197447e-04,mixing_ratio:18.4_m:g_kg-1
898,-2,-2.0000000000000000e+00,-1.0000000000000001e-01,-1,-1,-3.6429192995512949e-17,wind_direction:18.4_m:degrees
899,4,1.5821263194084167e+00,2.3043478260869565e-01,1335,1336,7.6937618147447651e-04,mixing_ratio:18.4_m:g_kg-1
900,4,1.5466680526733398e+00,2.5250000000000006e-01,1451,1452,5.0625000000005527e-04,mixing_ratio:18.4_m:g_kg-1
901,-2,-2.0000000000000000e+00,2.9876543209876559e-02,-1,-1,1.0245389422344016e-04,wind_direction:18.4_m:degrees
902,-2,-2.0000000000000000e+00,1.4651162790697676e-02,-1,-1,1.0859924283396449e-04,wind_direction:18.4_m:degrees
903,-2,-2.0000000000000000e+00,-8.0000000000000002e-02,-1,-1,0.0000000000000000e+00,wind_direction:18.4_m:degrees
904,-2,-2.0000000000000000e+00,3.3333333333333335e-03,-1,-1,2.0888888888888875e-04,wind_direction:18.4_m:degrees
905,-2,-2.0000000000000000e+00,2.0999999999999999e-01,-1,-1,0.0000000000000000e+00,wind_direction:18.4_m:degrees
906,1,2.7630393981933594e+02,1.2844444444444442e-01,1165,1166,3.4202469135802965e-04,azimuth:0_m:degrees
907,-2,-2.0000000000000000e+00,-6.3571428571428570e-02,-1,-1,1.0867346938775533e-04,wind_direction:18.4_m:degrees
908,9,8.9536155700683594e+01,-4.0344827586206895e-02,1753,1754,2.4930638129211304e-04,angle_between_wind_wave:0_m:degrees
909,-2,-2.0000000000000000e+00,6.5000000000000002e-02,-1,-1,2.1944444444443531e-04,wind_direction:18.4_m:degrees
910,1,9.4270248413085938e+01,4.3478260869565230e-02,1455,1456,2.4877126654065007e-04,azimuth:0_m:degrees
911,-2,-2.0000000000000000e+00,2.5833333333333330e-02,-1,-1,1.9097222222222237e-04,wind_direction:18.4_m:degrees
912,0,1.5513632202148438e+02,7.0422535211267794e-04,913,914,3.2203927792104733e-04,zenith:0_m:degrees
913,4,5.6427187919616699e+00,-2.3076923076923070e-03,1669,1670,2.4236686390532552e-04,mixing_ratio:18.4_m:g_kg-1
914,-2,-2.0000000000000000e+00,3.3333333333333333e-02,-1,-1,2.2222222222222305e-05,wind_direction:18.4_m:degrees
915,-2,-2.0000000000000000e+00,1.2666666666666668e-01,-1,-1,1.5555555555555461e-04,wind_direction:18.4_m:degrees
916,5,8.0700000762939453e+01,9.0000000000000011e-02,1577,1578,2.5833333333332917e-04,relative_humidity:18.4_m:%
917,2,2.8518000793457031e+02,1.5538461538461540e-01,1693,1694,3.4792899408283423e-04,water_sfc_temperature:0_m:K
918,-2,-2.0000000000000000e+00,1.9499999999999998e-01,-1,-1,2.2500000000000991e-04,wind_direction:18.4_m:degrees
919,-2,-2.0000000000000000e+00,1.7799999999999999e-01,-1,-1,7.3600000000000054e-04,wind_direction:18.4_m:degrees
920,-2,-2.0000000000000000e+00,1.3333333333333336e-01,-1,-1,8.8888888888891820e-05,wind_direction:18.4_m:degrees
921,-2,-2.0000000000000000e+00,-7.0000000000000007e-02,-1,-1,0.0000000000000000e+00,wind_direction:18.4_m:degrees
922,-2,-2.0000000000000000e+00,-1.4999999999999999e-01,-1,-1,0.0000000000000000e+00,wind_direction:18.4_m:degrees
923,10,8.9095172882080078e+00,-4.8750000000000009e-02,925,926,1.5859375000000001e-03,wind_speed:18.4_m:m_s-1
924,10,9.1627774238586426e+00,-2.0290381125226773e-02,1305,1306,2.3548736664240940e-04,wind_speed:18.4_m:m_s-1
925,-2,-2.0000000000000000e+00,-1.7999999999999999e-02,-1,-1,1.5999999999999793e-05,wind_direction:18.4_m:degrees
926,-2,-2.0000000000000000e+00,-1.0000000000000002e-01,-1,-1,-1.7347234759768071e-18,wind_direction:18.4_m:degrees
927,6,1.5350000000000000e+02,5.0729927007299265e-03,929,930,6.5505620970749692e-05,wave_direction:0_m:degrees
928,-2,-2.0000000000000000e+00,2.8469750889679703e-04,-1,-1,3.5506135940527845e-05,wind_direction:18.4_m:degrees
929,-2,-2.0000000000000000e+00,1.0849673202614386e-02,-1,-1,6.7905506429150888e-05,wind_direction:18.4_m:degrees
930,10,5.9125030040740967e+00,2.8354430379746850e-03,1995,1996,4.6643807082198504e-05,wind_speed:18.4_m:m_s-1
931,11,3.2738999938964844e+02,-5.7961783439490471e-03,933,934,2.5493934845226978e-04,wind_direction:18.4_m:degrees
932,-2,-2.0000000000000000e+00,-2.7333333333333334e-02,-1,-1,2.1955555555555357e-04,wind_direction:18.4_m:degrees
933,2,2.8444500732421875e+02,-6.8627450980392191e-03,1913,1914,1.6401384083044972e-04,water_sfc_temperature:0_m:K
934,10,8.5435309410095215e+00,3.5000000000000003e-02,935,936,2.0250000000000047e-03,wind_speed:18.4_m:m_s-1
935,-2,-2.0000000000000000e+00,8.0000000000000002e-02,-1,-1,0.0000000000000000e+00,wind_direction:18.4_m:degrees
936,-2,-2.0000000000000000e+00,-1.0000000000000000e-02,-1,-1,3.6591823321385775e-19,wind_direction:18.4_m:degrees
937,12,-8.4258457645773888e-03,2.6086956521739129e-02,1905,1906,2.5425330812854456e-04,bulk_richardson:18.4_m:none
938,12,-1.8233956769108772e-02,4.1639344262295090e-02,939,940,2.8911582907820404e-04,bulk_richardson:18.4_m:none
939,-2,-2.0000000000000000e+00,5.4230769230769256e-02,-1,-1,7.8254437869820087e-05,wind_direction:18.4_m:degrees
940,0,5.1039247512817383e+01,3.2285714285714293e-02,1621,1622,2.4048979591836809e-04,zenith:0_m:degrees
941,4,7.3415929079055786e-01,2.7136363636363631e-01,1167,1168,5.6632231404958600e-04,mixing_ratio:18.4_m:g_kg-1
942,-2,-2.0000000000000000e+00,1.9000000000000000e-01,-1,-1,-1.2490009027033011e-16,wind_direction:18.4_m:degrees
943,-2,-2.0000000000000000e+00,1.0210526315789475e-01,-1,-1,2.1662049861496079e-04,wind_direction:18.4_m:degrees
944,11,3.2207000732421875e+02,7.4666666666666673e-02,1885,1886,2.5155555555554914e-04,wind_direction:18.4_m:degrees
945,-2,-2.0000000000000000e+00,3.0000000000000016e-02,-1,-1,9.3150684931506871e-05,wind_direction:18.4_m:degrees
946,-2,-2.0000000000000000e+00,6.1428571428571430e-02,-1,-1,6.9387755102043140e-05,wind_direction:18.4_m:degrees
947,0,6.5751770019531250e+01,-1.7222222222222222e-02,1051,1052,7.4228395061728372e-04,zenith:0_m:degrees
948,-2,-2.0000000000000000e+00,-6.6666666666666666e-02,-1,-1,8.8888888888892688e-05,wind_direction:18.4_m:degrees
949,-2,-2.0000000000000000e+00,1.0000000000000004e-02,-1,-1,7.3684210526315830e-05,wind_direction:18.4_m:degrees
950,12,-8.8274333626031876e-02,2.3728813559322048e-02,1861,1862,2.4711289859235782e-04,bulk_richardson:18.4_m:none
951,-2,-2.0000000000000000e+00,5.9512195121951238e-02,-1,-1,1.7049375371802362e-04,wind_direction:18.4_m:degrees
952,5,5.1049999237060547e+01,8.6000000000000007e-02,1169,1170,6.8400000000001879e-04,relative_humidity:18.4_m:%
953,4,3.9748389720916748e+00,6.3928571428571446e-02,1967,1968,1.6670918367346719e-04,mixing_ratio:18.4_m:g_kg-1
954,12,-3.6454528570175171e-02,8.4666666666666682e-02,1457,1458,3.8488888888888861e-04,bulk_richardson:18.4_m:none
955,12,1.0460618417710066e-02,-9.0547263681592105e-03,1041,1042,3.8268854731318539e-04,bulk_richardson:18.4_m:none
956,-2,-2.0000000000000000e+00,7.0000000000000007e-02,-1,-1,2.0816681711721685e-17,wind_direction:18.4_m:degrees
957,6,1.9600000000000000e+02,-3.3000000000000008e-02,1713,1714,1.4099999999999920e-04,wave_direction:0_m:degrees
958,2,2.9361999511718750e+02,-4.8457446808510628e-02,1413,1414,2.1730138071525624e-04,water_sfc_temperature:0_m:K
959,-2,-2.0000000000000000e+00,8.2500000000000004e-02,-1,-1,2.1160714285713839e-04,wind_direction:18.4_m:degrees
960,-2,-2.0000000000000000e+00,5.6153846153846151e-02,-1,-1,8.5207100591709779e-05,wind_direction:18.4_m:degrees
961,-2,-2.0000000000000000e+00,7.8888888888888883e-02,-1,-1,7.6543209876544192e-05,wind_direction:18.4_m:degrees
962,-2,-2.0000000000000000e+00,2.6666666666666668e-02,-1,-1,8.8888888888889761e-05,wind_direction:18.4_m:degrees
963,2,2.7899499511718750e+02,6.5658914728682141e-02,971,972,2.6952707169040652e-04,water_sfc_temperature:0_m:K
964,-2,-2.0000000000000000e+00,9.8333333333333342e-02,-1,-1,6.1388888888886869e-04,wind_direction:18.4_m:degrees
965,-2,-2.0000000000000000e+00,5.0000000000000010e-02,-1,-1,1.7777777777777627e-04,wind_direction:18.4_m:degrees
966,-2,-2.0000000000000000e+00,8.7999999999999995e-02,-1,-1,9.6000000000005803e-05,wind_direction:18.4_m:degrees
967,1,1.8297933959960938e+02,3.8735632183908020e-02,1277,1278,1.8690712115206954e-04,azimuth:0_m:degrees
968,-2,-2.0000000000000000e+00,2.3333333333333338e-02,-1,-1,9.5555555555563456e-05,wind_direction:18.4_m:degrees
969,10,7.9148423671722412e+00,5.2870370370370345e-02,1321,1322,2.5564986282578884e-04,wind_speed:18.4_m:m_s-1
970,5,4.5200000762939453e+01,4.0985915492957763e-02,1373,1374,2.4268994247174077e-04,relative_humidity:18.4_m:%
971,-2,-2.0000000000000000e+00,9.6666666666666679e-02,-1,-1,3.2222222222222201e-04,wind_direction:18.4_m:degrees
972,3,1.0242999877929688e+03,6.4146341463414622e-02,1987,1988,2.1776720206226775e-04,pressure:18.4_m:hPa
973,-2,-2.0000000000000000e+00,6.3409090909090915e-02,-1,-1,1.9519628099173413e-04,wind_direction:18.4_m:degrees
974,12,-1.1999069154262543e-01,4.9423076923076938e-02,1849,1850,1.8812869822485345e-04,bulk_richardson:18.4_m:none
975,-2,-2.0000000000000000e+00,-6.1428571428571430e-02,-1,-1,2.1224489795918389e-04,wind_direction:18.4_m:degrees
976,7,2.5499999523162842e+00,-9.4285714285714278e-02,1281,1282,4.0306122448979104e-04,wave_height:0_m:m
977,10,1.0424191951751709e+01,3.1379310344827598e-02,1219,1220,2.6016646848989232e-04,wind_speed:18.4_m:m_s-1
978,-2,-2.0000000000000000e+00,5.0243902439024414e-02,-1,-1,1.6823319452706834e-04,wind_direction:18.4_m:degrees
979,-2,-2.0000000000000000e+00,2.8571428571428571e-02,-1,-1,1.8367346938775498e-04,wind_direction:18.4_m:degrees
980,-2,-2.0000000000000000e+00,6.8750000000000006e-02,-1,-1,2.8593749999999540e-04,wind_direction:18.4_m:degrees
981,4,1.3209257125854492e+01,-4.9285714285714306e-03,985,986,2.3142346938775530e-04,mixing_ratio:18.4_m:g_kg-1
982,9,9.2260467529296875e+01,-1.1123595505617968e-02,983,984,3.1334427471278877e-04,angle_between_wind_wave:0_m:degrees
983,4,1.4146646022796631e+01,-1.0028901734104041e-02,991,992,2.6098182364930363e-04,mixing_ratio:18.4_m:g_kg-1
984,3,1.0087999877929688e+03,-4.9000000000000002e-02,1001,1002,6.4899999999999507e-04,pressure:18.4_m:hPa
985,0,1.1526950454711914e+02,-5.4676258992805782e-03,987,988,1.9240722529889756e-04,zenith:0_m:degrees
986,-2,-2.0000000000000000e+00,7.0000000000000007e-02,-1,-1,3.6429192995512949e-17,wind_direction:18.4_m:degrees
987,-2,-2.0000000000000000e+00,-2.9914529914529921e-03,-1,-1,5.7717875666593574e-05,wind_direction:18.4_m:degrees
988,0,1.1572574615478516e+02,-1.8636363636363638e-02,989,990,7.0268595041322304e-04,zenith:0_m:degrees
989,-2,-2.0000000000000000e+00,-9.0000000000000011e-02,-1,-1,0.0000000000000000e+00,wind_direction:18.4_m:degrees
990,12,1.8031527101993561e-01,-1.3414634146341465e-02,997,998,3.5419393218322432e-04,bulk_richardson:18.4_m:none
991,9,8.9007125854492188e+01,-1.5859375000000002e-02,993,994,3.2426147460937508e-04,angle_between_wind_wave:0_m:degrees
992,2,2.8989500427246094e+02,-6.6055045871559652e-03,995,996,1.9214712566282313e-04,water_sfc_temperature:0_m:K
993,9,8.8404285430908203e+01,-3.6000000000000004e-02,1129,1130,5.4399999999999978e-04,angle_between_wind_wave:0_m:degrees
994,4,1.4114623069763184e+01,-1.3185840707964608e-02,1261,1262,2.3409820659409515e-04,mixing_ratio:18.4_m:g_kg-1
995,-2,-2.0000000000000000e+00,-3.0000000000000002e-02,-1,-1,1.9999999999999987e-04,wind_direction:18.4_m:degrees
996,-2,-2.0000000000000000e+00,-5.3623188405797113e-03,-1,-1,1.6110060911573210e-04,wind_direction:18.4_m:degrees
997,7,1.8500000238418579e+00,-1.0000000000000002e-02,1489,1490,1.7894736842105261e-04,wave_height:0_m:m
998,-2,-2.0000000000000000e+00,-5.6666666666666664e-02,-1,-1,5.5555555555555523e-04,wind_direction:18.4_m:degrees
999,-2,-2.0000000000000000e+00,1.7285714285714285e-01,-1,-1,4.8979591836750824e-05,wind_direction:18.4_m:degrees
1000,-2,-2.0000000000000000e+00,8.9999999999999997e-02,-1,-1,-1.9081958235744878e-17,wind_direction:18.4_m:degrees
1001,-2,-2.0000000000000000e+00,-6.1250000000000006e-02,-1,-1,6.0937500000001095e-05,wind_direction:18.4_m:degrees
1002,-2,-2.0000000000000000e+00,0.0000000000000000e+00,-1,-1,-1.7347234759768071e-18,wind_direction:18.4_m:degrees
1003,10,1.1438244342803955e+01,-3.2499999999999994e-02,1299,1300,1.9506578947368469e-04,wind_speed:18.4_m:m_s-1
1004,-2,-2.0000000000000000e+00,-1.5217391304347830e-02,-1,-1,1.2930056710775819e-04,wind_direction:18.4_m:degrees
1005,-2,-2.0000000000000000e+00,-1.8518518518518518e-04,-1,-1,7.2187928669410162e-05,wind_direction:18.4_m:degrees
1006,0,1.4333458709716797e+02,1.3506493506493510e-02,1769,1770,1.6822398380839923e-04,zenith:0_m:degrees
1007,12,-2.7968694269657135e-01,2.5555555555555571e-02,1147,1148,1.7530864197530755e-04,bulk_richardson:18.4_m:none
1008,12,-2.6645605266094208e-01,3.8437499999999999e-02,1265,1266,1.9755859375000318e-04,bulk_richardson:18.4_m:none
1009,-2,-2.0000000000000000e+00,1.1111111111111110e-02,-1,-1,1.2098765432098772e-04,wind_direction:18.4_m:degrees
1010,12,-3.8821296766400337e-02,3.8309859154929571e-02,1011,1012,3.1545328307875493e-04,bulk_richardson:18.4_m:none
1011,-2,-2.0000000000000000e+00,6.8888888888888902e-02,-1,-1,7.6543209876541590e-05,wind_direction:18.4_m:degrees
1012,6,2.1650000000000000e+02,3.3870967741935494e-02,1073,1074,1.9469302809573420e-04,wave_direction:0_m:degrees
1013,2,2.9153500366210938e+02,8.3582089552238729e-03,1015,1016,1.2894631321006949e-04,water_sfc_temperature:0_m:K
1014,11,3.2220999145507812e+02,1.7826086956521745e-03,1817,1818,7.1170132325142012e-05,wind_direction:18.4_m:degrees
1015,6,1.6100000000000000e+02,5.6302521008403383e-03,1459,1460,1.1535908481039481e-04,wave_direction:0_m:degrees
1016,-2,-2.0000000000000000e+00,1.5051546391752584e-02,-1,-1,9.9224147093209924e-05,wind_direction:18.4_m:degrees
1017,-2,-2.0000000000000000e+00,1.7000000000000001e-01,-1,-1,0.0000000000000000e+00,wind_direction:18.4_m:degrees
1018,-2,-2.0000000000000000e+00,9.2777777777777792e-02,-1,-1,2.7561728395061533e-04,wind_direction:18.4_m:degrees
1019,11,3.1066500854492188e+02,2.7857142857142862e-02,1203,1204,1.8826530612244896e-04,wind_direction:18.4_m:degrees
1020,11,3.2401499938964844e+02,4.3220338983050846e-02,1021,1022,2.7268026429187221e-04,wind_direction:18.4_m:degrees
1021,9,8.9226818084716797e+01,5.4444444444444455e-02,1613,1614,2.6913580246913562e-04,angle_between_wind_wave:0_m:degrees
1022,-2,-2.0000000000000000e+00,3.3750000000000002e-02,-1,-1,7.9687500000000982e-05,wind_direction:18.4_m:degrees
1023,-2,-2.0000000000000000e+00,2.0800000000000002e-01,-1,-1,2.5599999999999234e-04,wind_direction:18.4_m:degrees
1024,-2,-2.0000000000000000e+00,1.6750000000000001e-01,-1,-1,1.0208333333334638e-04,wind_direction:18.4_m:degrees
1025,1,6.6271312713623047e+01,-2.3200000000000009e-02,1241,1242,2.2975999999999921e-04,azimuth:0_m:degrees
1026,2,2.9104499816894531e+02,-1.2315789473684214e-02,1123,1124,1.7147922437673208e-04,water_sfc_temperature:0_m:K
1027,11,2.3398000335693359e+02,-1.1957060280759607e-02,1205,1206,1.6437800754302414e-04,wind_direction:18.4_m:degrees
1028,5,9.7099998474121094e+01,-4.5999999999999999e-02,1303,1304,8.6399999999983062e-04,relative_humidity:18.4_m:%
1029,-2,-2.0000000000000000e+00,5.9999999999999998e-02,-1,-1,0.0000000000000000e+00,wind_direction:18.4_m:degrees
1030,5,5.5799999237060547e+01,1.3694444444444442e-01,1513,1514,4.0455246913580212e-04,relative_humidity:18.4_m:%
1031,6,2.2450000000000000e+02,-1.6729182295573887e-03,1033,1034,1.0455318255670451e-04,wave_direction:0_m:degrees
1032,10,7.6105399131774902e+00,-5.6324110671936703e-03,1347,1348,8.4283850708493944e-05,wind_speed:18.4_m:m_s-1
1033,1,8.0806976318359375e+01,-2.1316614420062675e-03,1183,1184,9.8904295358732996e-05,azimuth:0_m:degrees
1034,5,8.6599998474121094e+01,8.5964912280701751e-03,1595,1596,1.2083718067097100e-04,relative_humidity:18.4_m:%
1035,-2,-2.0000000000000000e+00,1.0172413793103451e-01,-1,-1,3.2461355529131604e-04,wind_direction:18.4_m:degrees
1036,-2,-2.0000000000000000e+00,7.1428571428571425e-02,-1,-1,3.5510204081631250e-04,wind_direction:18.4_m:degrees
1037,-2,-2.0000000000000000e+00,5.0000000000000003e-02,-1,-1,0.0000000000000000e+00,wind_direction:18.4_m:degrees
1038,6,2.2300000000000000e+02,1.2727272727272729e-01,1973,1974,3.1983471074379863e-04,wave_direction:0_m:degrees
1039,-2,-2.0000000000000000e+00,-5.9999999999999998e-02,-1,-1,8.0000000000000036e-04,wind_direction:18.4_m:degrees
1040,3,1.0011500244140625e+03,-1.6279069767441822e-02,1207,1208,1.5417793401838967e-04,pressure:18.4_m:hPa
1041,12,1.0175411123782396e-02,-5.6028368794326273e-03,1043,1044,3.7357275790956190e-04,bulk_richardson:18.4_m:none
1042,2,2.8940000915527344e+02,-1.7166666666666670e-02,1069,1070,3.1030555555555580e-04,water_sfc_temperature:0_m:K
1043,-2,-2.0000000000000000e+00,-7.0000000000000036e-03,-1,-1,1.0099999999999989e-04,wind_direction:18.4_m:degrees
1044,-2,-2.0000000000000000e+00,1.9000000000000000e-01,-1,-1,3.4694469519536142e-17,wind_direction:18.4_m:degrees
1045,-2,-2.0000000000000000e+00,-8.2857142857142865e-02,-1,-1,2.2040816326530412e-04,wind_direction:18.4_m:degrees
1046,-2,-2.0000000000000000e+00,-4.7692307692307694e-02,-1,-1,1.1005917159763413e-04,wind_direction:18.4_m:degrees
1047,-2,-2.0000000000000000e+00,1.6400000000000001e-01,-1,-1,2.2400000000000544e-04,wind_direction:18.4_m:degrees
1048,10,1.2611057758331299e+01,1.3999999999999996e-01,1599,1600,2.5714285714286203e-04,wind_speed:18.4_m:m_s-1
1049,12,5.6759633589535952e-03,-3.0769230769230774e-02,1745,1746,2.0197238658777061e-04,bulk_richardson:18.4_m:none
1050,2,2.8809500122070312e+02,0.0000000000000000e+00,1251,1252,8.2857142857143047e-04,water_sfc_temperature:0_m:K
1051,-2,-2.0000000000000000e+00,-8.9999999999999997e-02,-1,-1,0.0000000000000000e+00,wind_direction:18.4_m:degrees
1052,1,8.6891086101531982e+00,-1.2941176470588235e-02,1053,1054,4.5605536332179921e-04,azimuth:0_m:degrees
1053,-2,-2.0000000000000000e+00,-8.9999999999999997e-02,-1,-1,0.0000000000000000e+00,wind_direction:18.4_m:degrees
1054,-2,-2.0000000000000000e+00,-8.1250000000000003e-03,-1,-1,9.0234374999999915e-05,wind_direction:18.4_m:degrees
1055,-2,-2.0000000000000000e+00,3.6829268292682946e-02,-1,-1,1.7287328970850592e-04,wind_direction:18.4_m:degrees
1056,-2,-2.0000000000000000e+00,5.9333333333333335e-02,-1,-1,3.2888888888883520e-05,wind_direction:18.4_m:degrees
1057,-2,-2.0000000000000000e+00,-1.8633540372670805e-04,-1,-1,3.1642297750858386e-05,wind_direction:18.4_m:degrees
1058,-2,-2.0000000000000000e+00,3.7500000000000006e-02,-1,-1,4.6874999999999977e-04,wind_direction:18.4_m:degrees
1059,-2,-2.0000000000000000e+00,2.2000000000000000e-01,-1,-1,0.0000000000000000e+00,wind_direction:18.4_m:degrees
1060,5,5.3799999237060547e+01,1.4433333333333334e-01,1199,1200,4.9122222222221582e-04,relative_humidity:18.4_m:%
1061,-2,-2.0000000000000000e+00,1.4999999999999999e-01,-1,-1,0.0000000000000000e+00,wind_direction:18.4_m:degrees
1062,-2,-2.0000000000000000e+00,7.4750000000000011e-02,-1,-1,1.4993749999999903e-04,wind_direction:18.4_m:degrees
1063,-2,-2.0000000000000000e+00,1.7628865979381455e-02,-1,-1,1.2530555850781170e-04,wind_direction:18.4_m:degrees
1064,-2,-2.0000000000000000e+00,3.0612244897959193e-02,-1,-1,6.6972094960433175e-05,wind_direction:18.4_m:degrees
1065,-2,-2.0000000000000000e+00,-2.5301204819277111e-03,-1,-1,9.7212948178255167e-05,wind_direction:18.4_m:degrees
1066,3,1.0112500000000000e+03,-9.4195250659630421e-03,1523,1524,1.7222241560557278e-04,pressure:18.4_m:hPa
1067,-2,-2.0000000000000000e+00,2.4444444444444449e-02,-1,-1,2.4691358024691136e-05,wind_direction:18.4_m:degrees
1068,-2,-2.0000000000000000e+00,5.3200000000000011e-02,-1,-1,9.3759999999999157e-05,wind_direction:18.4_m:degrees
1069,4,6.6062247753143311e+00,-2.1176470588235297e-02,1071,1072,2.3783160322952686e-04,mixing_ratio:18.4_m:g_kg-1
1070,-2,-2.0000000000000000e+00,5.5555555555555566e-03,-1,-1,1.1358024691358049e-04,wind_direction:18.4_m:degrees
1071,-2,-2.0000000000000000e+00,-1.3428571428571430e-02,-1,-1,4.5387755102040714e-05,wind_direction:18.4_m:degrees
1072,-2,-2.0000000000000000e+00,-3.8124999999999999e-02,-1,-1,2.4023437500000065e-04,wind_direction:18.4_m:degrees
1073,-2,-2.0000000000000000e+00,1.1111111111111110e-02,-1,-1,9.8765432098765467e-05,wind_direction:18.4_m:degrees
1074,-2,-2.0000000000000000e+00,3.7735849056603793e-02,-1,-1,1.0808116767532902e-04,wind_direction:18.4_m:degrees
1075,6,2.2950000000000000e+02,2.4699999999999997e-01,1907,1908,3.2100000000000878e-04,wave_direction:0_m:degrees
1076,-2,-2.0000000000000000e+00,2.1400000000000002e-01,-1,-1,1.4400000000003299e-04,wind_direction:18.4_m:degrees
1077,3,1.0053500061035156e+03,3.1999999999999994e-02,1079,1080,7.3600000000000119e-04,pressure:18.4_m:hPa
1078,-2,-2.0000000000000000e+00,5.1052631578947370e-02,-1,-1,2.3047091412742391e-04,wind_direction:18.4_m:degrees
1079,6,1.9950000000000000e+02,2.6415094339622650e-02,1081,1082,8.1167675329298734e-04,wave_direction:0_m:degrees
1080,-2,-2.0000000000000000e+00,4.9411764705882363e-02,-1,-1,9.9653979238757250e-05,wind_direction:18.4_m:degrees
1081,0,9.9688556671142578e+01,2.9615384615384620e-02,1985,1986,2.8446745562130148e-04,zenith:0_m:degrees
1082,-2,-2.0000000000000000e+00,-1.4000000000000001e-01,-1,-1,-2.7755575615628914e-17,wind_direction:18.4_m:degrees
1083,4,8.9901981353759766e+00,3.4369602763385169e-03,1697,1698,6.0208029447472147e-05,mixing_ratio:18.4_m:g_kg-1
1084,10,1.4295310378074646e+00,-8.7478559176672405e-04,2033,2034,1.7127591654922671e-04,wind_speed:18.4_m:m_s-1
1085,10,7.6516842842102051e+00,2.4609374999999999e-02,1807,1808,9.2034912109374418e-05,wind_speed:18.4_m:m_s-1
1086,-2,-2.0000000000000000e+00,6.1111111111111106e-03,-1,-1,1.0154320987654187e-04,wind_direction:18.4_m:degrees
1087,12,-5.4550770670175552e-02,4.9444444444444451e-02,1717,1718,1.7561728395061680e-04,bulk_richardson:18.4_m:none
1088,-2,-2.0000000000000000e+00,2.0000000000000000e-02,-1,-1,8.5714285714281579e-05,wind_direction:18.4_m:degrees
1089,-2,-2.0000000000000000e+00,7.1428571428571426e-03,-1,-1,7.7551020408163281e-05,wind_direction:18.4_m:degrees
1090,-2,-2.0000000000000000e+00,3.0000000000000009e-02,-1,-1,5.2631578947367943e-05,wind_direction:18.4_m:degrees
1091,3,1.0054499816894531e+03,7.0422535211267609e-04,1823,1824,1.2485617932949812e-04,pressure:18.4_m:hPa
1092,6,2.0150000000000000e+02,-9.8630136986301419e-03,1853,1854,9.0392193657346477e-05,wave_direction:0_m:degrees
1093,4,1.7731000781059265e+00,2.4600000000000000e-01,1685,1686,4.6399999999996444e-04,mixing_ratio:18.4_m:g_kg-1
1094,-2,-2.0000000000000000e+00,2.0600000000000002e-01,-1,-1,3.4399999999998321e-04,wind_direction:18.4_m:degrees
1095,-2,-2.0000000000000000e+00,2.0666666666666669e-01,-1,-1,2.8888888888888020e-04,wind_direction:18.4_m:degrees
1096,12,-9.1436792165040970e-02,1.6362318840579712e-01,1419,1420,4.9846670867462195e-04,bulk_richardson:18.4_m:none
1097,6,1.7050000000000000e+02,9.3333333333333351e-02,1639,1640,2.3703703703703560e-04,wave_direction:0_m:degrees
1098,-2,-2.0000000000000000e+00,4.0000000000000001e-02,-1,-1,1.0000000000000807e-04,wind_direction:18.4_m:degrees
1099,-2,-2.0000000000000000e+00,-4.5769230769230784e-02,-1,-1,1.7825443786982078e-04,wind_direction:18.4_m:degrees
1100,-2,-2.0000000000000000e+00,-6.9333333333333330e-02,-1,-1,2.1955555555556051e-04,wind_direction:18.4_m:degrees
1101,9,9.0436698913574219e+01,-3.4999999999999996e-02,1103,1104,2.0249999999999999e-03,angle_between_wind_wave:0_m:degrees
1102,-2,-2.0000000000000000e+00,3.5483870967741933e-03,-1,-1,6.1602497398543141e-05,wind_direction:18.4_m:degrees
1103,-2,-2.0000000000000000e+00,-8.0000000000000002e-02,-1,-1,0.0000000000000000e+00,wind_direction:18.4_m:degrees
1104,-2,-2.0000000000000000e+00,1.0000000000000000e-02,-1,-1,-7.8604657505199071e-19,wind_direction:18.4_m:degrees
1105,-2,-2.0000000000000000e+00,-1.0606060606060610e-02,-1,-1,7.4380165289256094e-05,wind_direction:18.4_m:degrees
1106,8,3.9500000476837158e+00,-2.0143884892086333e-02,1473,1474,2.0573469282128266e-04,wave_period:0_m:s
1107,-2,-2.0000000000000000e+00,7.3750000000000010e-02,-1,-1,4.8437499999997267e-05,wind_direction:18.4_m:degrees
1108,-2,-2.0000000000000000e+00,1.0999999999999999e-01,-1,-1,4.9999999999999697e-05,wind_direction:18.4_m:degrees
1109,-2,-2.0000000000000000e+00,-1.0000000000000000e-02,-1,-1,0.0000000000000000e+00,wind_direction:18.4_m:degrees
1110,6,1.8000000000000000e+02,-4.8000000000000001e-02,1111,1112,3.7100000000000024e-04,wave_direction:0_m:degrees
1111,-2,-2.0000000000000000e+00,-6.1111111111111116e-02,-1,-1,1.8765432098765420e-04,wind_direction:18.4_m:degrees
1112,11,1.9702999877929688e+02,-3.7272727272727270e-02,1821,1822,2.6528925619834611e-04,wind_direction:18.4_m:degrees
1113,-2,-2.0000000000000000e+00,5.2666666666666688e-02,-1,-1,1.5733333333333094e-04,wind_direction:18.4_m:degrees
1114,-2,-2.0000000000000000e+00,3.7800000000000021e-02,-1,-1,1.5316000000000591e-04,wind_direction:18.4_m:degrees
1115,4,1.3910713195800781e+01,-4.7660818713450319e-03,1615,1616,1.2611487295236153e-04,mixing_ratio:18.4_m:g_kg-1
1116,-2,-2.0000000000000000e+00,2.2857142857142857e-02,-1,-1,2.2040816326529913e-04,wind_direction:18.4_m:degrees
1117,10,8.4503736495971680e+00,5.7692307692307687e-03,1119,1120,5.0133136094674562e-04,wind_speed:18.4_m:m_s-1
1118,12,-3.3728260546922684e-02,2.1125827814569537e-02,1915,1916,9.8732511731942061e-05,bulk_richardson:18.4_m:none
1119,-2,-2.0000000000000000e+00,1.0000000000000000e-02,-1,-1,5.5999999999999992e-05,wind_direction:18.4_m:degrees
1120,-2,-2.0000000000000000e+00,-1.0000000000000001e-01,-1,-1,0.0000000000000000e+00,wind_direction:18.4_m:degrees
1121,-2,-2.0000000000000000e+00,3.6071428571428588e-02,-1,-1,1.5599489795918272e-04,wind_direction:18.4_m:degrees
1122,-2,-2.0000000000000000e+00,1.5625000000000000e-02,-1,-1,1.3710937499999964e-04,wind_direction:18.4_m:degrees
1123,8,4.1499998569488525e+00,-5.0000000000000001e-03,1723,1724,1.4583333333333335e-04,wave_period:0_m:s
1124,-2,-2.0000000000000000e+00,-1.9787234042553198e-02,-1,-1,8.7188773200542796e-05,wind_direction:18.4_m:degrees
1125,1,1.6466135406494141e+02,9.6000000000000016e-02,1729,1730,2.6399999999999688e-04,azimuth:0_m:degrees
1126,-2,-2.0000000000000000e+00,1.3200000000000001e-01,-1,-1,1.3599999999999376e-04,wind_direction:18.4_m:degrees
1127,-2,-2.0000000000000000e+00,0.0000000000000000e+00,-1,-1,1.4285714285714287e-04,wind_direction:18.4_m:degrees
1128,-2,-2.0000000000000000e+00,-4.0000000000000001e-02,-1,-1,0.0000000000000000e+00,wind_direction:18.4_m:degrees
1129,-2,-2.0000000000000000e+00,-1.3333333333333334e-02,-1,-1,5.5555555555555355e-05,wind_direction:18.4_m:degrees
1130,-2,-2.0000000000000000e+00,-5.1111111111111114e-02,-1,-1,2.9876543209876594e-04,wind_direction:18.4_m:degrees
1131,-2,-2.0000000000000000e+00,1.0666666666666666e-01,-1,-1,8.8888888888891820e-05,wind_direction:18.4_m:degrees
1132,2,2.8756999206542969e+02,1.3714285714285715e-01,1287,1288,4.2040816326531158e-04,water_sfc_temperature:0_m:K
1133,-2,-2.0000000000000000e+00,8.2800000000000012e-02,-1,-1,1.4815999999999874e-04,wind_direction:18.4_m:degrees
1134,-2,-2.0000000000000000e+00,4.8000000000000001e-02,-1,-1,5.6000000000008300e-05,wind_direction:18.4_m:degrees
1135,-2,-2.0000000000000000e+00,6.2777777777777780e-02,-1,-1,1.3117283950617436e-04,wind_direction:18.4_m:degrees
1136,-2,-2.0000000000000000e+00,4.0434782608695652e-02,-1,-1,9.1115311909261126e-05,wind_direction:18.4_m:degrees
1137,-2,-2.0000000000000000e+00,4.1333333333333347e-02,-1,-1,1.7822222222222241e-04,wind_direction:18.4_m:degrees
1138,-2,-2.0000000000000000e+00,8.3333333333333329e-02,-1,-1,2.2222222222209077e-05,wind_direction:18.4_m:degrees
1139,12,5.4129378870129585e-02,2.9999999999999999e-02,1141,1142,1.4399999999999997e-03,bulk_richardson:18.4_m:none
1140,7,3.2500000000000000e+00,-1.7539267015706762e-03,1747,1748,8.2133165209287136e-05,wave_height:0_m:m
1141,-2,-2.0000000000000000e+00,0.0000000000000000e+00,-1,-1,0.0000000000000000e+00,wind_direction:18.4_m:degrees
1142,-2,-2.0000000000000000e+00,7.4999999999999997e-02,-1,-1,2.2499999999999951e-04,wind_direction:18.4_m:degrees
1143,-2,-2.0000000000000000e+00,8.2500000000000004e-02,-1,-1,1.0208333333333250e-04,wind_direction:18.4_m:degrees
1144,-2,-2.0000000000000000e+00,1.0888888888888891e-01,-1,-1,1.9876543209875787e-04,wind_direction:18.4_m:degrees
1145,-2,-2.0000000000000000e+00,2.7500000000000004e-02,-1,-1,5.8749999999999775e-05,wind_direction:18.4_m:degrees
1146,-2,-2.0000000000000000e+00,8.0000000000000002e-02,-1,-1,1.7347234759768071e-18,wind_direction:18.4_m:degrees
1147,-2,-2.0000000000000000e+00,3.4571428571428586e-02,-1,-1,5.9102040816325909e-05,wind_direction:18.4_m:degrees
1148,-2,-2.0000000000000000e+00,1.8695652173913051e-02,-1,-1,1.5482041587901586e-04,wind_direction:18.4_m:degrees
1149,3,9.9025000000000000e+02,5.1176470588235302e-02,1393,1394,3.6332179930795641e-04,pressure:18.4_m:hPa
1150,-2,-2.0000000000000000e+00,8.2857142857142865e-02,-1,-1,1.3469387755102140e-04,wind_direction:18.4_m:degrees
1151,-2,-2.0000000000000000e+00,5.4893617021276604e-02,-1,-1,1.9945676776822029e-04,wind_direction:18.4_m:degrees
1152,-2,-2.0000000000000000e+00,3.4000000000000002e-02,-1,-1,1.1733333333333257e-04,wind_direction:18.4_m:degrees
1153,-2,-2.0000000000000000e+00,5.1904761904761933e-03,-1,-1,4.5916099773242672e-05,wind_direction:18.4_m:degrees
1154,-2,-2.0000000000000000e+00,1.4927536231884062e-02,-1,-1,8.5864314219702344e-05,wind_direction:18.4_m:degrees
1155,11,1.5941999816894531e+02,4.1226415094339622e-02,1761,1762,1.5604307582769701e-04,wind_direction:18.4_m:degrees
1156,-2,-2.0000000000000000e+00,5.7083333333333347e-02,-1,-1,2.4565972222222654e-04,wind_direction:18.4_m:degrees
1157,-2,-2.0000000000000000e+00,4.5833333333333337e-02,-1,-1,2.9097222222222198e-04,wind_direction:18.4_m:degrees
1158,0,1.0905162811279297e+02,6.8181818181818205e-02,1461,1462,1.9669421487603176e-04,zenith:0_m:degrees
1159,8,4.9500000476837158e+00,-1.9299363057324832e-02,1161,1162,1.5046452188729786e-04,wave_period:0_m:s
1160,6,2.2200000000000000e+02,-3.0588235294117652e-02,1537,1538,1.6239907727797094e-04,wave_direction:0_m:degrees
1161,11,1.7909500122070312e+02,-9.3181818181818175e-03,1589,1590,1.2453512396694215e-04,wind_direction:18.4_m:degrees
1162,-2,-2.0000000000000000e+00,-2.3185840707964603e-02,-1,-1,1.0666457827551148e-04,wind_direction:18.4_m:degrees
1163,-2,-2.0000000000000000e+00,1.9999999999999998e-01,-1,-1,5.7142857142859771e-05,wind_direction:18.4_m:degrees
1164,5,6.0800001144409180e+01,1.6800000000000001e-01,1831,1832,3.8933333333333875e-04,relative_humidity:18.4_m:%
1165,-2,-2.0000000000000000e+00,1.3399999999999998e-01,-1,-1,2.3542857142858087e-04,wind_direction:18.4_m:degrees
1166,-2,-2.0000000000000000e+00,1.0900000000000001e-01,-1,-1,2.2900000000001218e-04,wind_direction:18.4_m:degrees
1167,-2,-2.0000000000000000e+00,2.4400000000000005e-01,-1,-1,4.6399999999998526e-04,wind_direction:18.4_m:degrees
1168,10,1.6192830085754395e+01,2.7941176470588236e-01,1425,1426,3.1141868512116200e-04,wind_speed:18.4_m:m_s-1
1169,-2,-2.0000000000000000e+00,7.4999999999999997e-02,-1,-1,2.4999999999999849e-04,wind_direction:18.4_m:degrees
1170,-2,-2.0000000000000000e+00,1.3000000000000000e-01,-1,-1,1.0408340855860843e-17,wind_direction:18.4_m:degrees
1171,-2,-2.0000000000000000e+00,2.3999999999999999e-01,-1,-1,1.0000000000000286e-04,wind_direction:18.4_m:degrees
1172,0,9.8910408020019531e+01,1.9750000000000001e-01,1863,1864,6.1875000000000124e-04,zenith:0_m:degrees
1173,-2,-2.0000000000000000e+00,1.2500000000000000e-01,-1,-1,2.4722222222221119e-04,wind_direction:18.4_m:degrees
1174,-2,-2.0000000000000000e+00,9.6666666666666651e-02,-1,-1,8.8888888888884882e-05,wind_direction:18.4_m:degrees
1175,-2,-2.0000000000000000e+00,-7.8125000000000017e-03,-1,-1,7.0214843749999965e-05,wind_direction:18.4_m:degrees
1176,-2,-2.0000000000000000e+00,-3.3750000000000002e-02,-1,-1,2.7343749999999981e-04,wind_direction:18.4_m:degrees
1177,-2,-2.0000000000000000e+00,-9.9999999999999985e-03,-1,-1,2.2500000000000002e-04,wind_direction:18.4_m:degrees
1178,-2,-2.0000000000000000e+00,2.5714285714285714e-02,-1,-1,1.9591836734693890e-04,wind_direction:18.4_m:degrees
1179,-2,-2.0000000000000000e+00,6.6842105263157897e-02,-1,-1,1.7950138504155191e-04,wind_direction:18.4_m:degrees
1180,-2,-2.0000000000000000e+00,4.6969696969696988e-02,-1,-1,1.1808999081726031e-04,wind_direction:18.4_m:degrees
1181,-2,-2.0000000000000000e+00,2.1750000000000000e-01,-1,-1,3.6875000000000102e-04,wind_direction:18.4_m:degrees
1182,5,4.9899999618530273e+01,1.9108695652173915e-01,1363,1364,3.2273156899813998e-04,relative_humidity:18.4_m:%
1183,7,2.3500000238418579e+00,-5.2722063037249321e-03,1545,1546,1.1890871175113507e-04,wave_height:0_m:m
1184,10,1.1232235908508301e+01,-9.4929881337648401e-04,1185,1186,8.6261722809308534e-05,wind_speed:18.4_m:m_s-1
1185,4,1.2983157634735107e+01,-5.0335570469798706e-04,1189,1190,7.1446856748194626e-05,mixing_ratio:18.4_m:g_kg-1
1186,9,8.9530918121337891e+01,-1.3030303030303029e-02,1187,1188,3.3627180899908394e-04,angle_between_wind_wave:0_m:degrees
1187,-2,-2.0000000000000000e+00,2.5000000000000005e-03,-1,-1,1.4375000000000000e-04,wind_direction:18.4_m:degrees
1188,-2,-2.0000000000000000e+00,-2.7647058823529410e-02,-1,-1,7.6816608996539671e-05,wind_direction:18.4_m:degrees
1189,10,7.8206655979156494e+00,1.0264385692068431e-03,1289,1290,6.9863997736117445e-05,wind_speed:18.4_m:m_s-1
1190,-2,-2.0000000000000000e+00,-4.4223107569721139e-03,-1,-1,5.4148346851637483e-05,wind_direction:18.4_m:degrees
1191,4,1.7925687789916992e+01,-9.6488946684004755e-03,1193,1194,1.7165825950646134e-04,mixing_ratio:18.4_m:g_kg-1
1192,-2,-2.0000000000000000e+00,2.9999999999999999e-02,-1,-1,5.4210108624275222e-18,wind_direction:18.4_m:degrees
1193,-2,-2.0000000000000000e+00,-9.4516971279372947e-03,-1,-1,1.6236254933907866e-04,wind_direction:18.4_m:degrees
1194,-2,-2.0000000000000000e+00,-5.9999999999999998e-02,-1,-1,-2.4719809532669501e-17,wind_direction:18.4_m:degrees
1195,-2,-2.0000000000000000e+00,9.8421052631578951e-02,-1,-1,1.7119113573406571e-04,wind_direction:18.4_m:degrees
1196,-2,-2.0000000000000000e+00,6.4000000000000001e-02,-1,-1,1.4400000000000263e-04,wind_direction:18.4_m:degrees
1197,-2,-2.0000000000000000e+00,3.0327868852459022e-03,-1,-1,4.0802203708680451e-05,wind_direction:18.4_m:degrees
1198,-2,-2.0000000000000000e+00,3.1666666666666669e-02,-1,-1,1.3888888888887937e-05,wind_direction:18.4_m:degrees
1199,0,1.4284249877929688e+02,1.3681818181818184e-01,1725,1726,4.1260330578511695e-04,zenith:0_m:degrees
1200,-2,-2.0000000000000000e+00,1.6499999999999998e-01,-1,-1,1.2500000000000358e-04,wind_direction:18.4_m:degrees
1201,-2,-2.0000000000000000e+00,-3.4025974025974036e-02,-1,-1,1.1236296171361041e-04,wind_direction:18.4_m:degrees
1202,-2,-2.0000000000000000e+00,-7.1428571428571435e-03,-1,-1,4.8979591836733951e-05,wind_direction:18.4_m:degrees
1203,-2,-2.0000000000000000e+00,4.5454545454545456e-02,-1,-1,1.8842975206611635e-04,wind_direction:18.4_m:degrees
1204,-2,-2.0000000000000000e+00,2.1612903225806446e-02,-1,-1,3.9334027055150790e-05,wind_direction:18.4_m:degrees
1205,10,6.9012062549591064e+00,-1.3141242937853022e-02,1531,1532,1.8764671709917553e-04,wind_speed:18.4_m:m_s-1
1206,12,3.3417154103517532e-02,-8.7423312883435408e-03,1799,1800,8.7068576160188028e-05,bulk_richardson:18.4_m:none
1207,12,1.6280991490930319e-02,-8.3333333333333350e-03,1257,1258,3.0055555555555554e-04,bulk_richardson:18.4_m:none
1208,11,2.5372499847412109e+02,-1.7957746478873205e-02,1209,1210,1.0709680618924995e-04,wind_direction:18.4_m:degrees
1209,-2,-2.0000000000000000e+00,-1.9518072289156616e-02,-1,-1,9.6956500701602451e-05,wind_direction:18.4_m:degrees
1210,-2,-2.0000000000000000e+00,-6.8571428571428577e-03,-1,-1,3.8693877551023029e-05,wind_direction:18.4_m:degrees
1211,0,3.2575368881225586e+01,-3.4666666666666672e-02,1815,1816,1.6155555555555411e-04,zenith:0_m:degrees
1212,10,9.1992177963256836e+00,-5.5384615384615379e-02,1213,1214,1.9633136094674617e-03,wind_speed:18.4_m:m_s-1
1213,-2,-2.0000000000000000e+00,-1.4999999999999999e-01,-1,-1,0.0000000000000000e+00,wind_direction:18.4_m:degrees
1214,-2,-2.0000000000000000e+00,-3.8181818181818185e-02,-1,-1,3.9669421487603337e-04,wind_direction:18.4_m:degrees
1215,-2,-2.0000000000000000e+00,2.5714285714285714e-02,-1,-1,2.5306122448979617e-04,wind_direction:18.4_m:degrees
1216,-2,-2.0000000000000000e+00,-3.6363636363636364e-03,-1,-1,2.3140495867768611e-05,wind_direction:18.4_m:degrees
1217,-2,-2.0000000000000000e+00,-1.7647058823529416e-04,-1,-1,8.2910034602076105e-05,wind_direction:18.4_m:degrees
1218,-2,-2.0000000000000000e+00,6.7272727272727310e-03,-1,-1,1.0928925619834703e-04,wind_direction:18.4_m:degrees
1219,-2,-2.0000000000000000e+00,0.0000000000000000e+00,-1,-1,0.0000000000000000e+00,wind_direction:18.4_m:degrees
1220,-2,-2.0000000000000000e+00,3.6400000000000009e-02,-1,-1,1.1903999999999929e-04,wind_direction:18.4_m:degrees
1221,-2,-2.0000000000000000e+00,8.0000000000000002e-02,-1,-1,0.0000000000000000e+00,wind_direction:18.4_m:degrees
1222,4,7.7943712472915649e-01,1.2911764705882356e-01,1223,1224,4.8451557093425607e-04,mixing_ratio:18.4_m:g_kg-1
1223,-2,-2.0000000000000000e+00,1.0000000000000001e-01,-1,-1,-1.7347234759768071e-18,wind_direction:18.4_m:degrees
1224,1,4.5633884429931641e+01,1.3413793103448277e-01,1687,1688,3.9667063020213875e-04,azimuth:0_m:degrees
1225,-2,-2.0000000000000000e+00,1.9615384615384621e-02,-1,-1,7.2928994082839906e-05,wind_direction:18.4_m:degrees
1226,-2,-2.0000000000000000e+00,3.8148148148148160e-02,-1,-1,7.4348422496568886e-05,wind_direction:18.4_m:degrees
1227,-2,-2.0000000000000000e+00,7.1818181818181823e-02,-1,-1,8.7603305785123251e-05,wind_direction:18.4_m:degrees
1228,-2,-2.0000000000000000e+00,2.0000000000000000e-02,-1,-1,3.7947076036992655e-18,wind_direction:18.4_m:degrees
1229,-2,-2.0000000000000000e+00,1.0555555555555556e-01,-1,-1,6.9135802469134228e-05,wind_direction:18.4_m:degrees
1230,-2,-2.0000000000000000e+00,7.8499999999999986e-02,-1,-1,1.9275000000000195e-04,wind_direction:18.4_m:degrees
1231,-2,-2.0000000000000000e+00,7.9583333333333339e-02,-1,-1,2.1232638888889297e-04,wind_direction:18.4_m:degrees
1232,-2,-2.0000000000000000e+00,2.9999999999999999e-02,-1,-1,-3.5778671692021646e-18,wind_direction:18.4_m:degrees
1233,-2,-2.0000000000000000e+00,4.7499999999999994e-02,-1,-1,1.3541666666666476e-04,wind_direction:18.4_m:degrees
1234,-2,-2.0000000000000000e+00,7.4999999999999997e-02,-1,-1,5.0000000000002300e-05,wind_direction:18.4_m:degrees
1235,10,4.3140413761138916e+00,1.5857142857142861e-02,1945,1946,8.7122448979591485e-05,wind_speed:18.4_m:m_s-1
1236,-2,-2.0000000000000000e+00,5.3448275862068954e-03,-1,-1,1.4557074910820467e-04,wind_direction:18.4_m:degrees
1237,-2,-2.0000000000000000e+00,8.9259259259259260e-02,-1,-1,1.3278463648833984e-04,wind_direction:18.4_m:degrees
1238,11,3.0697500610351562e+02,7.2500000000000023e-02,1903,1904,2.3875000000000372e-04,wind_direction:18.4_m:degrees
1239,-2,-2.0000000000000000e+00,1.2500000000000000e-01,-1,-1,2.2500000000000298e-04,wind_direction:18.4_m:degrees
1240,-2,-2.0000000000000000e+00,8.2857142857142865e-02,-1,-1,7.7551020408159893e-05,wind_direction:18.4_m:degrees
1241,4,8.2396087646484375e+00,-3.3225806451612903e-02,2009,2010,1.5088449531737783e-04,mixing_ratio:18.4_m:g_kg-1
1242,10,6.3668673038482666e+00,-1.8695652173913051e-02,1569,1570,1.9974795211090049e-04,wind_speed:18.4_m:m_s-1
1243,-2,-2.0000000000000000e+00,2.8999999999999998e-01,-1,-1,5.3333333333333011e-04,wind_direction:18.4_m:degrees
1244,2,2.7751499938964844e+02,2.5961538461538464e-01,1245,1246,6.9600591715975046e-04,water_sfc_temperature:0_m:K
1245,5,5.7049999237060547e+01,2.5679999999999997e-01,1507,1508,5.1775999999999212e-04,relative_humidity:18.4_m:%
1246,-2,-2.0000000000000000e+00,3.3000000000000002e-01,-1,-1,-2.7755575615628914e-16,wind_direction:18.4_m:degrees
1247,-2,-2.0000000000000000e+00,1.5333333333333335e-01,-1,-1,8.8888888888884882e-05,wind_direction:18.4_m:degrees
1248,-2,-2.0000000000000000e+00,1.9875000000000001e-01,-1,-1,3.8593749999998872e-04,wind_direction:18.4_m:degrees
1249,-2,-2.0000000000000000e+00,-3.4000000000000002e-02,-1,-1,2.6399999999999969e-04,wind_direction:18.4_m:degrees
1250,2,2.9016500854492188e+02,-3.8933764135702757e-03,1573,1574,1.2167522268706929e-04,water_sfc_temperature:0_m:K
1251,-2,-2.0000000000000000e+00,-1.6000000000000000e-02,-1,-1,2.6399999999999997e-04,wind_direction:18.4_m:degrees
1252,-2,-2.0000000000000000e+00,4.0000000000000001e-02,-1,-1,-2.1684043449710089e-19,wind_direction:18.4_m:degrees
1253,-2,-2.0000000000000000e+00,2.2857142857142857e-02,-1,-1,6.3265306122448203e-05,wind_direction:18.4_m:degrees
1254,-2,-2.0000000000000000e+00,4.9166666666666671e-02,-1,-1,5.7638888888888757e-05,wind_direction:18.4_m:degrees
1255,-2,-2.0000000000000000e+00,2.0000000000000000e-02,-1,-1,0.0000000000000000e+00,wind_direction:18.4_m:degrees
1256,-2,-2.0000000000000000e+00,5.9516129032258072e-02,-1,-1,1.1750780437044589e-04,wind_direction:18.4_m:degrees
1257,5,9.7149997711181641e+01,2.6086956521739145e-03,1259,1260,4.2797731568998117e-04,relative_humidity:18.4_m:%
1258,-2,-2.0000000000000000e+00,-1.5135135135135137e-02,-1,-1,1.0065741417092754e-04,wind_direction:18.4_m:degrees
1259,-2,-2.0000000000000000e+00,-5.5555555555555558e-03,-1,-1,8.0246913580246925e-05,wind_direction:18.4_m:degrees
1260,-2,-2.0000000000000000e+00,3.2000000000000001e-02,-1,-1,5.7599999999999991e-04,wind_direction:18.4_m:degrees
1261,2,2.9116500854492188e+02,-1.2342342342342348e-02,1263,1264,1.9631523415307184e-04,water_sfc_temperature:0_m:K
1262,-2,-2.0000000000000000e+00,-6.0000000000000005e-02,-1,-1,9.9999999999998961e-05,wind_direction:18.4_m:degrees
1263,4,1.1863450527191162e+01,-1.0101010101010105e-02,1293,1294,1.5655545352515033e-04,mixing_ratio:18.4_m:g_kg-1
1264,-2,-2.0000000000000000e+00,-3.0833333333333334e-02,-1,-1,1.4097222222222104e-04,wind_direction:18.4_m:degrees
1265,-2,-2.0000000000000000e+00,4.7586206896551735e-02,-1,-1,1.2865636147443502e-04,wind_direction:18.4_m:degrees
1266,1,2.4800299072265625e+02,3.0857142857142864e-02,1575,1576,1.2783673469387820e-04,azimuth:0_m:degrees
1267,-2,-2.0000000000000000e+00,3.5000000000000003e-02,-1,-1,3.2499999999999977e-04,wind_direction:18.4_m:degrees
1268,10,9.5186753273010254e+00,1.5531914893617026e-03,1269,1270,1.0588546853780001e-04,wind_speed:18.4_m:m_s-1
1269,8,4.9500000476837158e+00,1.8201284796573883e-03,1935,1936,8.7265290775784228e-05,wave_period:0_m:s
1270,6,1.6800000000000000e+02,-4.0000000000000001e-02,1467,1468,1.2666666666666748e-03,wave_direction:0_m:degrees
1271,2,2.8442500305175781e+02,1.6470588235294119e-02,1415,1416,2.8166089965397939e-04,water_sfc_temperature:0_m:K
1272,-2,-2.0000000000000000e+00,2.3437499999999999e-03,-1,-1,1.1794433593749984e-04,wind_direction:18.4_m:degrees
1273,2,2.8403500366210938e+02,-7.1698113207547196e-03,1275,1276,1.7123531505873962e-04,water_sfc_temperature:0_m:K
1274,10,6.5397832393646240e+00,-3.1839622641509444e-04,1481,1482,1.1416749176753337e-04,wind_speed:18.4_m:m_s-1
1275,-2,-2.0000000000000000e+00,-1.6883116883116887e-03,-1,-1,7.8967785461291946e-05,wind_direction:18.4_m:degrees
1276,10,5.8470928668975830e+00,-2.1724137931034487e-02,2031,2032,1.2461355529131920e-04,wind_speed:18.4_m:m_s-1
1277,-2,-2.0000000000000000e+00,4.1935483870967752e-02,-1,-1,1.8818938605619142e-04,wind_direction:18.4_m:degrees
1278,-2,-2.0000000000000000e+00,3.0800000000000015e-02,-1,-1,9.5360000000006568e-05,wind_direction:18.4_m:degrees
1279,-2,-2.0000000000000000e+00,1.9230769230769232e-02,-1,-1,2.2485207100591707e-05,wind_direction:18.4_m:degrees
1280,-2,-2.0000000000000000e+00,4.5833333333333337e-02,-1,-1,1.5763888888888728e-04,wind_direction:18.4_m:degrees
1281,-2,-2.0000000000000000e+00,-1.1833333333333333e-01,-1,-1,1.3888888888887937e-05,wind_direction:18.4_m:degrees
1282,1,1.8410930633544922e+02,-8.7727272727272737e-02,1597,1598,3.0847107438016722e-04,azimuth:0_m:degrees
1283,-2,-2.0000000000000000e+00,4.5454545454545461e-03,-1,-1,2.4793388429752065e-05,wind_direction:18.4_m:degrees
1284,-2,-2.0000000000000000e+00,-1.8333333333333337e-02,-1,-1,1.3055555555555520e-04,wind_direction:18.4_m:degrees
1285,-2,-2.0000000000000000e+00,1.1204545454545457e-01,-1,-1,2.2536157024793078e-04,wind_direction:18.4_m:degrees
1286,-2,-2.0000000000000000e+00,1.2913043478260869e-01,-1,-1,3.1228733459359725e-04,wind_direction:18.4_m:degrees
1287,-2,-2.0000000000000000e+00,1.1666666666666665e-01,-1,-1,1.5555555555555982e-04,wind_direction:18.4_m:degrees
1288,-2,-2.0000000000000000e+00,1.5250000000000000e-01,-1,-1,6.8749999999992428e-05,wind_direction:18.4_m:degrees
1289,-2,-2.0000000000000000e+00,-5.0104384133611683e-04,-1,-1,4.5260437323756395e-05,wind_direction:18.4_m:degrees
1290,7,1.3499999642372131e+00,5.4878048780487810e-03,1291,1292,1.1500594883997649e-04,wave_height:0_m:m
1291,-2,-2.0000000000000000e+00,1.0853658536585370e-02,-1,-1,8.3417608566329482e-05,wind_direction:18.4_m:degrees
1292,-2,-2.0000000000000000e+00,1.2195121951219553e-04,-1,-1,8.9009518143961941e-05,wind_direction:18.4_m:degrees
1293,-2,-2.0000000000000000e+00,-4.2499999999999996e-02,-1,-1,1.6875000000000050e-04,wind_direction:18.4_m:degrees
1294,-2,-2.0000000000000000e+00,-8.7368421052631609e-03,-1,-1,1.0998337950138485e-04,wind_direction:18.4_m:degrees
1295,-2,-2.0000000000000000e+00,1.9333333333333333e-01,-1,-1,2.8888888888888714e-04,wind_direction:18.4_m:degrees
1296,2,2.8235499572753906e+02,2.2380952380952382e-01,1833,1834,3.8548752834469124e-04,water_sfc_temperature:0_m:K
1297,-2,-2.0000000000000000e+00,0.0000000000000000e+00,-1,-1,0.0000000000000000e+00,wind_direction:18.4_m:degrees
1298,-2,-2.0000000000000000e+00,-4.9375000000000009e-02,-1,-1,6.8359374999999410e-05,wind_direction:18.4_m:degrees
1299,3,9.9819998168945312e+02,-2.8131868131868142e-02,1651,1652,1.3826832508151280e-04,pressure:18.4_m:hPa
1300,2,2.7848500061035156e+02,-3.9016393442622956e-02,1301,1302,2.0886858371405568e-04,water_sfc_temperature:0_m:K
1301,-2,-2.0000000000000000e+00,-6.8000000000000005e-02,-1,-1,1.5999999999999522e-05,wind_direction:18.4_m:degrees
1302,7,1.7500000000000000e+00,-3.6428571428571435e-02,1891,1892,1.4438775510204052e-04,wave_height:0_m:m
1303,-2,-2.0000000000000000e+00,-1.0000000000000000e-02,-1,-1,0.0000000000000000e+00,wind_direction:18.4_m:degrees
1304,-2,-2.0000000000000000e+00,-7.0000000000000007e-02,-1,-1,0.0000000000000000e+00,wind_direction:18.4_m:degrees
1305,-2,-2.0000000000000000e+00,-1.4285714285714292e-02,-1,-1,1.0204081632653045e-04,wind_direction:18.4_m:degrees
1306,0,7.6151840209960938e+01,-2.1589403973509867e-02,1433,1434,2.5486893849685537e-04,zenith:0_m:degrees
1307,3,1.0116999816894531e+03,-1.8792372881355872e-02,1313,1314,1.5468570453892763e-04,pressure:18.4_m:hPa
1308,2,2.9314999389648438e+02,-2.4198113207547174e-02,1309,1310,2.3379093983625406e-04,water_sfc_temperature:0_m:K
1309,0,3.3357421875000000e+01,-2.7499999999999990e-02,1311,1312,1.8303571428571262e-04,zenith:0_m:degrees
1310,-2,-2.0000000000000000e+00,-1.1590909090909091e-02,-1,-1,2.2701446280991988e-04,wind_direction:18.4_m:degrees
1311,-2,-2.0000000000000000e+00,-9.0000000000000011e-02,-1,-1,0.0000000000000000e+00,wind_direction:18.4_m:degrees
1312,4,1.3636815071105957e+01,-2.6363636363636350e-02,1319,1320,1.1404958677686003e-04,mixing_ratio:18.4_m:g_kg-1
1313,12,1.3729814672842622e-03,-1.5169082125603859e-02,1315,1316,2.3076851268407660e-04,bulk_richardson:18.4_m:none
1314,-2,-2.0000000000000000e+00,-2.1622641509433944e-02,-1,-1,7.6989676041301408e-05,wind_direction:18.4_m:degrees
1315,4,7.7990734577178955e+00,-2.4137931034482760e-03,1317,1318,2.3555291319857306e-04,mixing_ratio:18.4_m:g_kg-1
1316,6,2.1150000000000000e+02,-2.0134228187919455e-02,1847,1848,1.4092158010900409e-04,wave_direction:0_m:degrees
1317,-2,-2.0000000000000000e+00,1.6666666666666666e-02,-1,-1,2.2222222222222196e-05,wind_direction:18.4_m:degrees
1318,-2,-2.0000000000000000e+00,-7.3913043478260861e-03,-1,-1,1.7145557655954622e-04,wind_direction:18.4_m:degrees
1319,-2,-2.0000000000000000e+00,-3.5500000000000011e-02,-1,-1,8.9749999999999336e-05,wind_direction:18.4_m:degrees
1320,-2,-2.0000000000000000e+00,-2.3439999999999999e-02,-1,-1,8.6566400000001056e-05,wind_direction:18.4_m:degrees
1321,0,1.5623928070068359e+02,4.7656250000000011e-02,1323,1324,2.0231933593750336e-04,zenith:0_m:degrees
1322,10,8.2896680831909180e+00,6.0454545454545455e-02,1657,1658,2.3615702479339072e-04,wind_speed:18.4_m:m_s-1
1323,-2,-2.0000000000000000e+00,4.3703703703703717e-02,-1,-1,1.1591220850480080e-04,wind_direction:18.4_m:degrees
1324,-2,-2.0000000000000000e+00,6.8999999999999992e-02,-1,-1,1.2899999999999631e-04,wind_direction:18.4_m:degrees
1325,-2,-2.0000000000000000e+00,1.1052631578947371e-02,-1,-1,1.3573407202216046e-04,wind_direction:18.4_m:degrees
1326,-2,-2.0000000000000000e+00,3.4444444444444451e-02,-1,-1,1.3580246913580309e-04,wind_direction:18.4_m:degrees
1327,2,2.9441000366210938e+02,-2.9022082018927463e-03,1329,1330,1.7958980584939670e-04,water_sfc_temperature:0_m:K
1328,11,3.3517500305175781e+02,-9.5575221238938055e-03,1331,1332,1.5290155846189957e-04,wind_direction:18.4_m:degrees
1329,8,5.6499998569488525e+00,-3.1012658227848123e-03,1649,1650,1.6633151738503459e-04,wave_period:0_m:s
1330,-2,-2.0000000000000000e+00,5.9999999999999998e-02,-1,-1,4.0000000000002490e-04,wind_direction:18.4_m:degrees
1331,-2,-2.0000000000000000e+00,-6.9387755102040842e-03,-1,-1,1.1715951686797163e-04,wind_direction:18.4_m:degrees
1332,-2,-2.0000000000000000e+00,-2.6666666666666668e-02,-1,-1,4.8888888888888571e-05,wind_direction:18.4_m:degrees
1333,10,1.0025180816650391e+01,1.4545454545454548e-01,1715,1716,3.1570247933884049e-04,wind_speed:18.4_m:m_s-1
1334,-2,-2.0000000000000000e+00,1.1699999999999999e-01,-1,-1,3.4099999999998715e-04,wind_direction:18.4_m:degrees
1335,5,5.4399999618530273e+01,2.2421052631578950e-01,1895,1896,6.8753462603877297e-04,relative_humidity:18.4_m:%
1336,-2,-2.0000000000000000e+00,2.6000000000000001e-01,-1,-1,1.0000000000000286e-04,wind_direction:18.4_m:degrees
1337,10,9.9367733001708984e+00,1.2440191387559810e-03,1539,1540,1.6783040681303072e-04,wind_speed:18.4_m:m_s-1
1338,2,2.8994999694824219e+02,-7.3417721518987339e-03,1339,1340,2.8027559685947826e-04,water_sfc_temperature:0_m:K
1339,-2,-2.0000000000000000e+00,-1.7857142857142863e-02,-1,-1,5.9693877551020335e-05,wind_direction:18.4_m:degrees
1340,1,1.9904706573486328e+02,4.5945945945945954e-03,1341,1342,2.6267348429510548e-04,azimuth:0_m:degrees
1341,-2,-2.0000000000000000e+00,-2.1666666666666664e-02,-1,-1,3.8055555555555575e-04,wind_direction:18.4_m:degrees
1342,-2,-2.0000000000000000e+00,9.6774193548387118e-03,-1,-1,8.0541103017689702e-05,wind_direction:18.4_m:degrees
1343,3,1.0226499938964844e+03,1.0027777777777779e-01,1345,1346,2.5825617283949977e-04,pressure:18.4_m:hPa
1344,-2,-2.0000000000000000e+00,7.1666666666666670e-02,-1,-1,8.0555555555553333e-05,wind_direction:18.4_m:degrees
1345,-2,-2.0000000000000000e+00,1.1000000000000001e-01,-1,-1,1.8999999999999573e-04,wind_direction:18.4_m:degrees
1346,-2,-2.0000000000000000e+00,8.8124999999999995e-02,-1,-1,7.7734375000000112e-05,wind_direction:18.4_m:degrees
1347,-2,-2.0000000000000000e+00,-3.7640449438202266e-03,-1,-1,6.5607246559777827e-05,wind_direction:18.4_m:degrees
1348,8,4.0499999523162842e+00,-1.0066666666666673e-02,1349,1350,1.0066222222222260e-04,wave_period:0_m:s
1349,-2,-2.0000000000000000e+00,-2.4000000000000002e-03,-1,-1,7.8239999999999996e-05,wind_direction:18.4_m:degrees
1350,-2,-2.0000000000000000e+00,-1.3900000000000008e-02,-1,-1,6.7789999999999729e-05,wind_direction:18.4_m:degrees
1351,8,5.5000000000000000e+00,-1.7313432835820902e-02,1353,1354,3.1815549120071268e-04,wave_period:0_m:s
1352,4,1.4227635383605957e+01,-7.2972972972973000e-03,1357,1358,1.6566837107377631e-04,mixing_ratio:18.4_m:g_kg-1
1353,-2,-2.0000000000000000e+00,-1.4426229508196723e-02,-1,-1,8.0408492340768543e-05,wind_direction:18.4_m:degrees
1354,11,2.1739499664306641e+02,-4.6666666666666669e-02,1355,1356,1.7888888888888863e-03,wind_direction:18.4_m:degrees
1355,-2,-2.0000000000000000e+00,-1.4000000000000001e-01,-1,-1,0.0000000000000000e+00,wind_direction:18.4_m:degrees
1356,-2,-2.0000000000000000e+00,-2.8000000000000004e-02,-1,-1,5.5999999999999626e-05,wind_direction:18.4_m:degrees
1357,-2,-2.0000000000000000e+00,-8.3333333333333350e-04,-1,-1,1.5097222222222224e-04,wind_direction:18.4_m:degrees
1358,-2,-2.0000000000000000e+00,-1.4901960784313731e-02,-1,-1,7.5970780469050085e-05,wind_direction:18.4_m:degrees
1359,2,2.8340000915527344e+02,1.1539682539682539e-01,1361,1362,2.0896951373142701e-04,water_sfc_temperature:0_m:K
1360,-2,-2.0000000000000000e+00,1.7999999999999999e-01,-1,-1,1.9428902930940239e-16,wind_direction:18.4_m:degrees
1361,-2,-2.0000000000000000e+00,1.0535714285714286e-01,-1,-1,1.1772959183673631e-04,wind_direction:18.4_m:degrees
1362,-2,-2.0000000000000000e+00,1.2342857142857144e-01,-1,-1,1.3681632653062339e-04,wind_direction:18.4_m:degrees
1363,11,3.1966500854492188e+02,1.8451612903225803e-01,1731,1732,3.0218522372529172e-04,wind_direction:18.4_m:degrees
1364,-2,-2.0000000000000000e+00,2.0466666666666669e-01,-1,-1,9.1555555555559998e-05,wind_direction:18.4_m:degrees
1365,-2,-2.0000000000000000e+00,2.2499999999999999e-02,-1,-1,1.8750000000000103e-05,wind_direction:18.4_m:degrees
1366,-2,-2.0000000000000000e+00,4.9473684210526316e-02,-1,-1,1.8393351800553934e-04,wind_direction:18.4_m:degrees
1367,-2,-2.0000000000000000e+00,8.2727272727272719e-02,-1,-1,2.0165289256198534e-04,wind_direction:18.4_m:degrees
1368,-2,-2.0000000000000000e+00,5.7333333333333340e-02,-1,-1,1.7955555555555520e-04,wind_direction:18.4_m:degrees
1369,-2,-2.0000000000000000e+00,-3.4999999999999996e-02,-1,-1,7.5000000000000197e-05,wind_direction:18.4_m:degrees
1370,8,6.7500000000000000e+00,-2.5714285714285730e-03,1371,1372,1.3338775510204077e-04,wave_period:0_m:s
1371,-2,-2.0000000000000000e+00,-3.9849624060150392e-03,-1,-1,9.6150149810616704e-05,wind_direction:18.4_m:degrees
1372,-2,-2.0000000000000000e+00,2.4285714285714282e-02,-1,-1,8.1632653061223582e-05,wind_direction:18.4_m:degrees
1373,-2,-2.0000000000000000e+00,5.2272727272727290e-02,-1,-1,2.1756198347107260e-04,wind_direction:18.4_m:degrees
1374,3,1.0130000000000000e+03,3.5918367346938797e-02,1925,1926,1.7109537692627927e-04,pressure:18.4_m:hPa
1375,-2,-2.0000000000000000e+00,9.2173913043478300e-02,-1,-1,1.2136105860112607e-04,wind_direction:18.4_m:degrees
1376,5,5.3399999618530273e+01,7.4999999999999997e-02,1623,1624,3.6617647058823435e-04,relative_humidity:18.4_m:%
1377,-2,-2.0000000000000000e+00,1.9000000000000000e-01,-1,-1,0.0000000000000000e+00,wind_direction:18.4_m:degrees
1378,-2,-2.0000000000000000e+00,1.5545454545454546e-01,-1,-1,1.5206611570247816e-04,wind_direction:18.4_m:degrees
1379,3,1.0028500061035156e+03,-9.3564356435642936e-03,1383,1384,1.1453631996863154e-04,pressure:18.4_m:hPa
1380,3,1.0208000183105469e+03,-5.4986522911051241e-03,1381,1382,1.4065431085214392e-04,pressure:18.4_m:hPa
1381,11,3.1619000244140625e+02,-5.1490514905149090e-03,2011,2012,1.1874472132255212e-04,wind_direction:18.4_m:degrees
1382,-2,-2.0000000000000000e+00,-7.0000000000000007e-02,-1,-1,-1.0408340855860843e-17,wind_direction:18.4_m:degrees
1383,9,9.3580047607421875e+01,-1.8051948051948062e-02,1429,1430,1.8971158711418411e-04,angle_between_wind_wave:0_m:degrees
1384,7,2.1499999761581421e+00,-8.6387995712753976e-03,1567,1568,1.0157692974868264e-04,wave_height:0_m:m
1385,-2,-2.0000000000000000e+00,-1.4354838709677423e-02,-1,-1,1.2135796045785626e-04,wind_direction:18.4_m:degrees
1386,-2,-2.0000000000000000e+00,-5.9999999999999998e-02,-1,-1,-3.9031278209478160e-18,wind_direction:18.4_m:degrees
1387,-2,-2.0000000000000000e+00,2.1162790697674426e-02,-1,-1,8.4694429421308692e-05,wind_direction:18.4_m:degrees
1388,3,9.9970001220703125e+02,3.2380952380952371e-02,1389,1390,1.9274376417233695e-04,pressure:18.4_m:hPa
1389,-2,-2.0000000000000000e+00,6.0000000000000005e-02,-1,-1,1.7142857142857064e-04,wind_direction:18.4_m:degrees
1390,-2,-2.0000000000000000e+00,3.0756302521008409e-02,-1,-1,1.4648683002612848e-04,wind_direction:18.4_m:degrees
1391,-2,-2.0000000000000000e+00,5.8333333333333327e-02,-1,-1,4.7222222222223238e-05,wind_direction:18.4_m:degrees
1392,-2,-2.0000000000000000e+00,8.7200000000000000e-02,-1,-1,1.2415999999999556e-04,wind_direction:18.4_m:degrees
1393,-2,-2.0000000000000000e+00,6.7500000000000004e-02,-1,-1,9.3749999999999216e-05,wind_direction:18.4_m:degrees
1394,-2,-2.0000000000000000e+00,3.6666666666666674e-02,-1,-1,1.5555555555555483e-04,wind_direction:18.4_m:degrees
1395,10,9.5846042633056641e+00,-2.7647058823529410e-02,1397,1398,3.2583621683967624e-04,wind_speed:18.4_m:m_s-1
1396,-2,-2.0000000000000000e+00,-2.8571428571428571e-03,-1,-1,2.0408163265312875e-05,wind_direction:18.4_m:degrees
1397,-2,-2.0000000000000000e+00,-1.9777777777777786e-02,-1,-1,7.7728395061728067e-05,wind_direction:18.4_m:degrees
1398,7,9.4999998807907104e-01,-3.3859649122807027e-02,1709,1710,4.3422591566635881e-04,wave_height:0_m:m
1399,-2,-2.0000000000000000e+00,1.5500000000000003e-01,-1,-1,2.2499999999999604e-04,wind_direction:18.4_m:degrees
1400,-2,-2.0000000000000000e+00,1.0600000000000001e-01,-1,-1,2.2399999999999851e-04,wind_direction:18.4_m:degrees
1401,3,1.0098499755859375e+03,-3.6638655462184887e-02,1405,1406,1.3828119483087569e-04,pressure:18.4_m:hPa
1402,4,1.3447102069854736e+01,-4.8421052631578955e-02,1403,1404,5.1329639889196969e-04,mixing_ratio:18.4_m:g_kg-1
1403,-2,-2.0000000000000000e+00,-1.2000000000000000e-01,-1,-1,-1.7347234759768071e-18,wind_direction:18.4_m:degrees
1404,-2,-2.0000000000000000e+00,-4.2285714285714295e-02,-1,-1,8.0489795918366799e-05,wind_direction:18.4_m:degrees
1405,11,1.8284000396728516e+02,-3.0000000000000006e-02,1883,1884,1.2452830188679220e-04,wind_direction:18.4_m:degrees
1406,-2,-2.0000000000000000e+00,-4.1969696969696983e-02,-1,-1,8.5514233241505829e-05,wind_direction:18.4_m:degrees
1407,-2,-2.0000000000000000e+00,8.4545454545454535e-02,-1,-1,6.1157024793391350e-05,wind_direction:18.4_m:degrees
1408,12,-3.8803535699844360e-01,1.0689655172413794e-01,1759,1760,2.9726516052318123e-04,bulk_richardson:18.4_m:none
1409,-2,-2.0000000000000000e+00,6.0357142857142873e-02,-1,-1,2.3558673469387548e-04,wind_direction:18.4_m:degrees
1410,-2,-2.0000000000000000e+00,3.3333333333333333e-02,-1,-1,5.5555555555559556e-05,wind_direction:18.4_m:degrees
1411,-2,-2.0000000000000000e+00,3.2222222222222222e-02,-1,-1,1.9506172839506221e-04,wind_direction:18.4_m:degrees
1412,-2,-2.0000000000000000e+00,5.5937500000000022e-02,-1,-1,1.2412109374999956e-04,wind_direction:18.4_m:degrees
1413,12,6.2876862939447165e-03,-4.7430167597765346e-02,1739,1740,2.0568646421772379e-04,bulk_richardson:18.4_m:none
1414,-2,-2.0000000000000000e+00,-6.8888888888888902e-02,-1,-1,9.8765432098354283e-06,wind_direction:18.4_m:degrees
1415,1,9.8605705261230469e+01,2.3913043478260870e-02,1763,1764,1.8903591682419669e-04,azimuth:0_m:degrees
1416,-2,-2.0000000000000000e+00,9.0909090909090931e-04,-1,-1,1.1735537190082668e-04,wind_direction:18.4_m:degrees
1417,-2,-2.0000000000000000e+00,-3.7999999999999999e-02,-1,-1,1.6000000000000172e-05,wind_direction:18.4_m:degrees
1418,-2,-2.0000000000000000e+00,-8.5416666666666662e-03,-1,-1,1.2078993055555537e-04,wind_direction:18.4_m:degrees
1419,5,3.6050001144409180e+01,1.6492537313432842e-01,1421,1422,4.5484517709957692e-04,relative_humidity:18.4_m:%
1420,-2,-2.0000000000000000e+00,1.2000000000000000e-01,-1,-1,-5.7245874707234634e-17,wind_direction:18.4_m:degrees
1421,1,2.4050837707519531e+02,1.4999999999999999e-01,1909,1910,3.4285714285714475e-04,azimuth:0_m:degrees
1422,3,1.0206000061035156e+03,1.6886792452830190e-01,1423,1424,4.1003915984333741e-04,pressure:18.4_m:hPa
1423,-2,-2.0000000000000000e+00,1.5839999999999999e-01,-1,-1,2.2944000000001130e-04,wind_direction:18.4_m:degrees
1424,-2,-2.0000000000000000e+00,1.7821428571428571e-01,-1,-1,3.8609693877549034e-04,wind_direction:18.4_m:degrees
1425,-2,-2.0000000000000000e+00,2.8642857142857142e-01,-1,-1,9.4387755102037785e-05,wind_direction:18.4_m:degrees
1426,-2,-2.0000000000000000e+00,2.4666666666666667e-01,-1,-1,2.2222222222298416e-05,wind_direction:18.4_m:degrees
1427,-2,-2.0000000000000000e+00,8.5714285714285719e-03,-1,-1,6.9387755102040755e-05,wind_direction:18.4_m:degrees
1428,-2,-2.0000000000000000e+00,4.3333333333333335e-02,-1,-1,5.5555555555555870e-05,wind_direction:18.4_m:degrees
1429,3,1.0002999877929688e+03,-1.7236842105263165e-02,1929,1930,1.4104916897506877e-04,pressure:18.4_m:hPa
1430,-2,-2.0000000000000000e+00,-8.0000000000000002e-02,-1,-1,-1.7347234759768071e-18,wind_direction:18.4_m:degrees
1431,-2,-2.0000000000000000e+00,7.6600000000000001e-02,-1,-1,2.6243999999999833e-04,wind_direction:18.4_m:degrees
1432,-2,-2.0000000000000000e+00,5.5000000000000007e-02,-1,-1,2.4999999999988573e-05,wind_direction:18.4_m:degrees
1433,4,6.9087564945220947e+00,-1.8603603603603604e-02,1437,1438,2.5525728431133809e-04,mixing_ratio:18.4_m:g_kg-1
1434,10,9.1730432510375977e+00,-2.4458874458874427e-02,1435,1436,2.3769419613576420e-04,wind_speed:18.4_m:m_s-1
1435,-2,-2.0000000000000000e+00,-1.4999999999999999e-01,-1,-1,0.0000000000000000e+00,wind_direction:18.4_m:degrees
1436,-2,-2.0000000000000000e+00,-2.3913043478260853e-02,-1,-1,1.6990548204159016e-04,wind_direction:18.4_m:degrees
1437,11,2.3215499877929688e+02,-7.9999999999999984e-03,1439,1440,9.0171428571428553e-04,wind_direction:18.4_m:degrees
1438,1,2.8407981872558594e+02,-2.0588235294117640e-02,1571,1572,1.0927964768795199e-04,azimuth:0_m:degrees
1439,10,1.0538956642150879e+01,6.5000000000000002e-02,1441,1442,9.0250000000000018e-03,wind_speed:18.4_m:m_s-1
1440,-2,-2.0000000000000000e+00,-1.2424242424242428e-02,-1,-1,6.6850321395775579e-05,wind_direction:18.4_m:degrees
1441,-2,-2.0000000000000000e+00,1.6000000000000000e-01,-1,-1,0.0000000000000000e+00,wind_direction:18.4_m:degrees
1442,-2,-2.0000000000000000e+00,-2.9999999999999999e-02,-1,-1,1.5178830414797062e-18,wind_direction:18.4_m:degrees
1443,-2,-2.0000000000000000e+00,2.4090909090909093e-02,-1,-1,6.9628099173553557e-05,wind_direction:18.4_m:degrees
1444,-2,-2.0000000000000000e+00,2.3076923076923083e-03,-1,-1,9.4674556213017412e-05,wind_direction:18.4_m:degrees
1445,-2,-2.0000000000000000e+00,6.2500000000000000e-02,-1,-1,1.8749999999998802e-05,wind_direction:18.4_m:degrees
1446,-2,-2.0000000000000000e+00,1.1000000000000000e-01,-1,-1,2.0000000000000052e-04,wind_direction:18.4_m:degrees
1447,-2,-2.0000000000000000e+00,1.2368421052631577e-01,-1,-1,1.3905817174513987e-04,wind_direction:18.4_m:degrees
1448,-2,-2.0000000000000000e+00,1.0294117647058826e-01,-1,-1,1.5017301038063383e-04,wind_direction:18.4_m:degrees
1449,11,2.8075000000000000e+02,1.7285714285714288e-01,1887,1888,6.6326530612245346e-04,wind_direction:18.4_m:degrees
1450,-2,-2.0000000000000000e+00,1.3333333333333333e-01,-1,-1,8.8888888888888351e-05,wind_direction:18.4_m:degrees
1451,4,1.5328209400177002e+00,2.4565217391304350e-01,1453,1454,5.0283553875232062e-04,mixing_ratio:18.4_m:g_kg-1
1452,-2,-2.0000000000000000e+00,2.7000000000000002e-01,-1,-1,8.8888888888916107e-05,wind_direction:18.4_m:degrees
1453,-2,-2.0000000000000000e+00,2.5095238095238098e-01,-1,-1,2.2766439909295555e-04,wind_direction:18.4_m:degrees
1454,-2,-2.0000000000000000e+00,1.9000000000000000e-01,-1,-1,4.1633363423443370e-17,wind_direction:18.4_m:degrees
1455,-2,-2.0000000000000000e+00,3.0000000000000006e-02,-1,-1,5.4545454545454146e-05,wind_direction:18.4_m:degrees
1456,-2,-2.0000000000000000e+00,5.5833333333333346e-02,-1,-1,1.0763888888888845e-04,wind_direction:18.4_m:degrees
1457,-2,-2.0000000000000000e+00,9.3888888888888897e-02,-1,-1,1.4598765432098648e-04,wind_direction:18.4_m:degrees
1458,5,6.1899999618530273e+01,7.0833333333333331e-02,1479,1480,4.2430555555555364e-04,relative_humidity:18.4_m:%
1459,-2,-2.0000000000000000e+00,1.3469387755102046e-02,-1,-1,1.0428987921699259e-04,wind_direction:18.4_m:degrees
1460,4,7.1425254344940186e+00,3.5978835978835986e-03,1559,1560,9.8166344727191300e-05,mixing_ratio:18.4_m:g_kg-1
1461,-2,-2.0000000000000000e+00,5.8750000000000017e-02,-1,-1,1.8593749999999860e-04,wind_direction:18.4_m:degrees
1462,-2,-2.0000000000000000e+00,7.5483870967741937e-02,-1,-1,8.2830385015600881e-05,wind_direction:18.4_m:degrees
1463,-2,-2.0000000000000000e+00,1.0000000000000000e-02,-1,-1,0.0000000000000000e+00,wind_direction:18.4_m:degrees
1464,3,1.0137500000000000e+03,3.8378378378378375e-02,1557,1558,2.3791088385682847e-04,pressure:18.4_m:hPa
1465,-2,-2.0000000000000000e+00,3.6666666666666667e-02,-1,-1,8.8888888888888785e-05,wind_direction:18.4_m:degrees
1466,-2,-2.0000000000000000e+00,7.4347826086956545e-02,-1,-1,1.7240075614366294e-04,wind_direction:18.4_m:degrees
1467,-2,-2.0000000000000000e+00,-8.9999999999999997e-02,-1,-1,0.0000000000000000e+00,wind_direction:18.4_m:degrees
1468,-2,-2.0000000000000000e+00,-1.4999999999999999e-02,-1,-1,2.5000000000000228e-05,wind_direction:18.4_m:degrees
1469,-2,-2.0000000000000000e+00,-1.2500000000000000e-01,-1,-1,2.2500000000000298e-04,wind_direction:18.4_m:degrees
1470,-2,-2.0000000000000000e+00,-2.0000000000000001e-01,-1,-1,0.0000000000000000e+00,wind_direction:18.4_m:degrees
1471,-2,-2.0000000000000000e+00,5.0000000000000010e-02,-1,-1,-4.3368086899420177e-19,wind_direction:18.4_m:degrees
1472,-2,-2.0000000000000000e+00,9.9999999999999992e-02,-1,-1,2.6666666666666332e-04,wind_direction:18.4_m:degrees
1473,-2,-2.0000000000000000e+00,1.0000000000000000e-02,-1,-1,0.0000000000000000e+00,wind_direction:18.4_m:degrees
1474,12,-2.8624392580240965e-03,-2.1037037037037035e-02,1677,1678,1.8410973936899833e-04,bulk_richardson:18.4_m:none
1475,-2,-2.0000000000000000e+00,1.2500000000000000e-01,-1,-1,7.4999999999998679e-05,wind_direction:18.4_m:degrees
1476,-2,-2.0000000000000000e+00,9.1500000000000012e-02,-1,-1,1.5274999999999664e-04,wind_direction:18.4_m:degrees
1477,-2,-2.0000000000000000e+00,3.3793103448275873e-02,-1,-1,8.2164090368609752e-05,wind_direction:18.4_m:degrees
1478,-2,-2.0000000000000000e+00,5.9999999999999998e-02,-1,-1,-7.3725747729014302e-18,wind_direction:18.4_m:degrees
1479,-2,-2.0000000000000000e+00,5.0000000000000003e-02,-1,-1,1.1999999999999988e-04,wind_direction:18.4_m:degrees
1480,-2,-2.0000000000000000e+00,8.5714285714285715e-02,-1,-1,1.1020408163265206e-04,wind_direction:18.4_m:degrees
1481,10,6.5280661582946777e+00,-1.9731800766283531e-03,1483,1484,1.2771575578749604e-04,wind_speed:18.4_m:m_s-1
1482,-2,-2.0000000000000000e+00,2.3312883435582829e-03,-1,-1,8.1068162143851938e-05,wind_direction:18.4_m:degrees
1483,7,1.6500000357627869e+00,-1.5799614643545290e-03,1485,1486,9.1145340268264664e-05,wave_height:0_m:m
1484,9,9.0624481201171875e+01,-7.0000000000000007e-02,1487,1488,1.8000000000000221e-03,angle_between_wind_wave:0_m:degrees
1485,-2,-2.0000000000000000e+00,-1.2403100775193803e-03,-1,-1,7.1717444865092238e-05,wind_direction:18.4_m:degrees
1486,-2,-2.0000000000000000e+00,-5.9999999999999998e-02,-1,-1,2.7321894746634712e-17,wind_direction:18.4_m:degrees
1487,-2,-2.0000000000000000e+00,-1.0000000000000000e-02,-1,-1,0.0000000000000000e+00,wind_direction:18.4_m:degrees
1488,-2,-2.0000000000000000e+00,-1.0000000000000001e-01,-1,-1,0.0000000000000000e+00,wind_direction:18.4_m:degrees
1489,-2,-2.0000000000000000e+00,-8.3783783783783778e-03,-1,-1,8.3856829802775705e-05,wind_direction:18.4_m:degrees
1490,-2,-2.0000000000000000e+00,-7.0000000000000007e-02,-1,-1,1.7347234759768071e-18,wind_direction:18.4_m:degrees
1491,-2,-2.0000000000000000e+00,-1.3344026738283132e-19,-1,-1,1.3076923076923077e-04,wind_direction:18.4_m:degrees
1492,-2,-2.0000000000000000e+00,1.7391304347826087e-02,-1,-1,1.3232514177693750e-04,wind_direction:18.4_m:degrees
1493,-2,-2.0000000000000000e+00,1.4000000000000002e-02,-1,-1,2.3999999999999960e-05,wind_direction:18.4_m:degrees
1494,-2,-2.0000000000000000e+00,2.9821428571428586e-02,-1,-1,5.8896683673468763e-05,wind_direction:18.4_m:degrees
1495,-2,-2.0000000000000000e+00,8.9999999999999997e-02,-1,-1,1.1428571428571607e-04,wind_direction:18.4_m:degrees
1496,-2,-2.0000000000000000e+00,6.3157894736842107e-02,-1,-1,1.9002770083102662e-04,wind_direction:18.4_m:degrees
1497,-2,-2.0000000000000000e+00,8.3636363636363634e-02,-1,-1,1.3223140495867945e-04,wind_direction:18.4_m:degrees
1498,-2,-2.0000000000000000e+00,6.3260869565217398e-02,-1,-1,1.2197542533081036e-04,wind_direction:18.4_m:degrees
1499,-2,-2.0000000000000000e+00,2.3520000000000003e-02,-1,-1,9.4809599999999723e-05,wind_direction:18.4_m:degrees
1500,10,6.9466052055358887e+00,3.2571428571428584e-02,1501,1502,1.8481632653061437e-04,wind_speed:18.4_m:m_s-1
1501,-2,-2.0000000000000000e+00,3.0447761194029865e-02,-1,-1,7.8903987525060925e-05,wind_direction:18.4_m:degrees
1502,-2,-2.0000000000000000e+00,8.0000000000000002e-02,-1,-1,1.9999999999999272e-04,wind_direction:18.4_m:degrees
1503,-2,-2.0000000000000000e+00,2.9999999999999999e-02,-1,-1,-1.0842021724855044e-19,wind_direction:18.4_m:degrees
1504,-2,-2.0000000000000000e+00,-4.0000000000000001e-02,-1,-1,2.1684043449710089e-19,wind_direction:18.4_m:degrees
1505,-2,-2.0000000000000000e+00,-8.0000000000000002e-02,-1,-1,-8.6736173798840355e-19,wind_direction:18.4_m:degrees
1506,-2,-2.0000000000000000e+00,-1.0000000000000000e-02,-1,-1,-7.8604657505199071e-19,wind_direction:18.4_m:degrees
1507,5,4.3199998855590820e+01,2.5000000000000000e-01,2045,2046,4.7368421052632059e-04,relative_humidity:18.4_m:%
1508,-2,-2.0000000000000000e+00,2.7833333333333338e-01,-1,-1,4.7222222222240151e-05,wind_direction:18.4_m:degrees
1509,-2,-2.0000000000000000e+00,1.4333333333333334e-01,-1,-1,1.5555555555555461e-04,wind_direction:18.4_m:degrees
1510,-2,-2.0000000000000000e+00,1.0461538461538461e-01,-1,-1,1.6331360946746434e-04,wind_direction:18.4_m:degrees
1511,-2,-2.0000000000000000e+00,2.9459459459459467e-02,-1,-1,9.7005113221328198e-05,wind_direction:18.4_m:degrees
1512,-2,-2.0000000000000000e+00,5.1000000000000011e-02,-1,-1,8.9000000000001404e-05,wind_direction:18.4_m:degrees
1513,6,2.3250000000000000e+02,1.3290322580645161e-01,1827,1828,3.4318418314257387e-04,wave_direction:0_m:degrees
1514,-2,-2.0000000000000000e+00,1.6200000000000001e-01,-1,-1,5.5999999999962330e-05,wind_direction:18.4_m:degrees
1515,7,1.3499999642372131e+00,4.2916666666666665e-02,1517,1518,2.2482638888888943e-04,wave_height:0_m:m
1516,10,1.0187050342559814e+01,3.1186440677966113e-02,1719,1720,1.9011778224648152e-04,wind_speed:18.4_m:m_s-1
1517,-2,-2.0000000000000000e+00,3.7222222222222233e-02,-1,-1,1.1450617283950606e-04,wind_direction:18.4_m:degrees
1518,-2,-2.0000000000000000e+00,6.0000000000000005e-02,-1,-1,1.6666666666666826e-04,wind_direction:18.4_m:degrees
1519,-2,-2.0000000000000000e+00,8.0519480519480532e-03,-1,-1,2.8672626075223429e-05,wind_direction:18.4_m:degrees
1520,-2,-2.0000000000000000e+00,1.9534883720930235e-02,-1,-1,6.9551108707409121e-05,wind_direction:18.4_m:degrees
1521,-2,-2.0000000000000000e+00,1.0000000000000003e-01,-1,-1,1.1666666666666249e-04,wind_direction:18.4_m:degrees
1522,-2,-2.0000000000000000e+00,7.9230769230769230e-02,-1,-1,6.8639053254432661e-05,wind_direction:18.4_m:degrees
1523,-2,-2.0000000000000000e+00,6.0606060606060606e-04,-1,-1,2.3875114784205697e-05,wind_direction:18.4_m:degrees
1524,0,3.4092168807983398e+01,-1.0375722543352593e-02,1525,1526,1.7587039326405897e-04,zenith:0_m:degrees
1525,-2,-2.0000000000000000e+00,-5.9999999999999995e-04,-1,-1,4.1640000000000001e-05,wind_direction:18.4_m:degrees
1526,2,2.9264500427246094e+02,-1.2027027027027012e-02,1527,1528,1.7967494521548615e-04,water_sfc_temperature:0_m:K
1527,-2,-2.0000000000000000e+00,-9.8654708520179348e-03,-1,-1,8.2941543163948841e-05,wind_direction:18.4_m:degrees
1528,4,1.3102313518524170e+01,-1.8630136986301376e-02,1529,1530,4.1730155751548329e-04,mixing_ratio:18.4_m:g_kg-1
1529,-2,-2.0000000000000000e+00,-8.0000000000000002e-02,-1,-1,-8.6736173798840355e-19,wind_direction:18.4_m:degrees
1530,3,1.0162500000000000e+03,-1.6000000000000007e-02,1565,1566,2.6685714285714247e-04,pressure:18.4_m:hPa
1531,12,-1.8698375788517296e-03,-4.0000000000000001e-02,1533,1534,1.0799999999999996e-03,bulk_richardson:18.4_m:none
1532,4,1.6143534660339355e+01,-1.2988636363636267e-02,1947,1948,1.7845441632231637e-04,mixing_ratio:18.4_m:g_kg-1
1533,-2,-2.0000000000000000e+00,-8.0000000000000002e-02,-1,-1,0.0000000000000000e+00,wind_direction:18.4_m:degrees
1534,-2,-2.0000000000000000e+00,-1.3333333333333334e-02,-1,-1,2.2222222222221519e-05,wind_direction:18.4_m:degrees
1535,-2,-2.0000000000000000e+00,3.3333333333333335e-03,-1,-1,8.8888888888888893e-05,wind_direction:18.4_m:degrees
1536,-2,-2.0000000000000000e+00,-3.3214285714285717e-02,-1,-1,1.7181122448979634e-04,wind_direction:18.4_m:degrees
1537,-2,-2.0000000000000000e+00,-2.9400000000000009e-02,-1,-1,9.3639999999999869e-05,wind_direction:18.4_m:degrees
1538,-2,-2.0000000000000000e+00,-8.9999999999999997e-02,-1,-1,-1.2143064331837650e-17,wind_direction:18.4_m:degrees
1539,6,2.1200000000000000e+02,-2.8037383177570096e-03,1543,1544,1.1176521966984011e-04,wave_direction:0_m:degrees
1540,9,9.0881034851074219e+01,5.4901960784313726e-03,1541,1542,1.9142637447135697e-04,angle_between_wind_wave:0_m:degrees
1541,-2,-2.0000000000000000e+00,6.8000000000000040e-03,-1,-1,1.0775999999999992e-04,wind_direction:18.4_m:degrees
1542,-2,-2.0000000000000000e+00,-5.9999999999999998e-02,-1,-1,3.4694469519536142e-18,wind_direction:18.4_m:degrees
1543,12,-6.0813964810222387e-03,2.9090909090909093e-03,1971,1972,1.0426446280991736e-04,bulk_richardson:18.4_m:none
1544,-2,-2.0000000000000000e+00,-8.8461538461538491e-03,-1,-1,4.8668639053254354e-05,wind_direction:18.4_m:degrees
1545,7,2.2500000000000000e+00,-5.7309941520467872e-03,1547,1548,1.1043055983037533e-04,wave_height:0_m:m
1546,-2,-2.0000000000000000e+00,1.7142857142857144e-02,-1,-1,2.0408163265298767e-05,wind_direction:18.4_m:degrees
1547,11,2.2209999847412109e+02,-5.0447761194029866e-03,1703,1704,8.2908442860325221e-05,wind_direction:18.4_m:degrees
1548,-2,-2.0000000000000000e+00,-3.8571428571428576e-02,-1,-1,3.2653061224490691e-04,wind_direction:18.4_m:degrees
1549,-2,-2.0000000000000000e+00,4.4897959183673487e-03,-1,-1,5.4671664584200957e-05,wind_direction:18.4_m:degrees
1550,-2,-2.0000000000000000e+00,-1.6923076923076926e-03,-1,-1,4.0213017751479238e-05,wind_direction:18.4_m:degrees
1551,11,3.0158499145507812e+02,2.1320000000000000e-01,1553,1554,4.1376000000002688e-04,wind_direction:18.4_m:degrees
1552,-2,-2.0000000000000000e+00,1.7666666666666667e-01,-1,-1,8.8888888888818962e-05,wind_direction:18.4_m:degrees
1553,-2,-2.0000000000000000e+00,2.1695652173913044e-01,-1,-1,2.7334593572778815e-04,wind_direction:18.4_m:degrees
1554,-2,-2.0000000000000000e+00,1.7000000000000001e-01,-1,-1,1.7347234759768071e-16,wind_direction:18.4_m:degrees
1555,-2,-2.0000000000000000e+00,5.3333333333333337e-02,-1,-1,1.5555555555555548e-04,wind_direction:18.4_m:degrees
1556,-2,-2.0000000000000000e+00,1.7619047619047624e-02,-1,-1,5.6235827664398680e-05,wind_direction:18.4_m:degrees
1557,-2,-2.0000000000000000e+00,1.5000000000000001e-02,-1,-1,2.5000000000000011e-05,wind_direction:18.4_m:degrees
1558,1,3.0549571228027344e+02,4.0441176470588237e-02,1705,1706,2.0421712802768180e-04,azimuth:0_m:degrees
1559,3,1.0102999877929688e+03,8.4523809523809577e-03,1797,1798,9.6414399092970370e-05,pressure:18.4_m:hPa
1560,-2,-2.0000000000000000e+00,-2.8571428571428563e-04,-1,-1,6.5632653061224454e-05,wind_direction:18.4_m:degrees
1561,12,-3.6833038320764899e-03,-5.9071729957805923e-04,1563,1564,5.1127846320924285e-05,bulk_richardson:18.4_m:none
1562,3,9.9889999389648438e+02,-3.6008676789587657e-03,1629,1630,1.4981032462674227e-04,pressure:18.4_m:hPa
1563,-2,-2.0000000000000000e+00,-5.9999999999999998e-02,-1,-1,0.0000000000000000e+00,wind_direction:18.4_m:degrees
1564,-2,-2.0000000000000000e+00,-4.6511627906976768e-04,-1,-1,4.3758296868085876e-05,wind_direction:18.4_m:degrees
1565,-2,-2.0000000000000000e+00,-1.0869565217391308e-02,-1,-1,7.7504725897920449e-05,wind_direction:18.4_m:degrees
1566,8,5.5000000000000000e+00,-2.5833333333333337e-02,1771,1772,4.8263888888888933e-04,wave_period:0_m:s
1567,-2,-2.0000000000000000e+00,-8.9548954895488989e-03,-1,-1,9.7807646551234908e-05,wind_direction:18.4_m:degrees
1568,-2,-2.0000000000000000e+00,3.3333333333333335e-03,-1,-1,9.7222222222228112e-05,wind_direction:18.4_m:degrees
1569,-2,-2.0000000000000000e+00,-5.9999999999999998e-02,-1,-1,0.0000000000000000e+00,wind_direction:18.4_m:degrees
1570,-2,-2.0000000000000000e+00,-1.7462686567164189e-02,-1,-1,1.5326353308086396e-04,wind_direction:18.4_m:degrees
1571,-2,-2.0000000000000000e+00,-2.1141304347826077e-02,-1,-1,8.2936554820415773e-05,wind_direction:18.4_m:degrees
1572,-2,-2.0000000000000000e+00,1.3333333333333331e-02,-1,-1,5.5555555555556694e-04,wind_direction:18.4_m:degrees
1573,-2,-2.0000000000000000e+00,-1.5937500000000010e-03,-1,-1,6.0897460937499977e-05,wind_direction:18.4_m:degrees
1574,-2,-2.0000000000000000e+00,-6.3545150501672278e-03,-1,-1,1.7500475386181410e-04,wind_direction:18.4_m:degrees
1575,-2,-2.0000000000000000e+00,3.6296296296296299e-02,-1,-1,3.0727023319615260e-05,wind_direction:18.4_m:degrees
1576,-2,-2.0000000000000000e+00,1.2500000000000001e-02,-1,-1,1.8750000000000402e-05,wind_direction:18.4_m:degrees
1577,-2,-2.0000000000000000e+00,8.6363636363636365e-02,-1,-1,1.2314049586776774e-04,wind_direction:18.4_m:degrees
1578,-2,-2.0000000000000000e+00,1.3000000000000000e-01,-1,-1,-1.7347234759768071e-17,wind_direction:18.4_m:degrees
1579,-2,-2.0000000000000000e+00,8.2352941176470594e-03,-1,-1,4.9826989619377216e-05,wind_direction:18.4_m:degrees
1580,-2,-2.0000000000000000e+00,3.0000000000000002e-02,-1,-1,-4.3368086899420177e-19,wind_direction:18.4_m:degrees
1581,-2,-2.0000000000000000e+00,1.0666666666666672e-02,-1,-1,4.2412698412698226e-05,wind_direction:18.4_m:degrees
1582,-2,-2.0000000000000000e+00,7.0000000000000007e-02,-1,-1,-6.9388939039072284e-18,wind_direction:18.4_m:degrees
1583,-2,-2.0000000000000000e+00,2.0000000000000000e-02,-1,-1,0.0000000000000000e+00,wind_direction:18.4_m:degrees
1584,-2,-2.0000000000000000e+00,-2.3478260869565219e-02,-1,-1,7.4858223062381412e-05,wind_direction:18.4_m:degrees
1585,-2,-2.0000000000000000e+00,1.8749999999999999e-03,-1,-1,1.5234375000000003e-05,wind_direction:18.4_m:degrees
1586,4,9.0668129920959473e+00,1.7397260273972589e-02,1587,1588,9.4595608932257318e-05,mixing_ratio:18.4_m:g_kg-1
1587,-2,-2.0000000000000000e+00,2.2073170731707330e-02,-1,-1,8.9604402141582693e-05,wind_direction:18.4_m:degrees
1588,-2,-2.0000000000000000e+00,1.1406250000000003e-02,-1,-1,3.7084960937501093e-05,wind_direction:18.4_m:degrees
1589,-2,-2.0000000000000000e+00,-3.1666666666666669e-02,-1,-1,4.7222222222221936e-05,wind_direction:18.4_m:degrees
1590,-2,-2.0000000000000000e+00,-5.7894736842105258e-03,-1,-1,4.5429362880886406e-05,wind_direction:18.4_m:degrees
1591,1,2.7012503051757812e+02,-1.6666666666666670e-02,1781,1782,2.4126984126984118e-04,azimuth:0_m:degrees
1592,4,1.1968960762023926e+01,-3.1216216216216210e-02,1593,1594,1.4581811541271013e-04,mixing_ratio:18.4_m:g_kg-1
1593,-2,-2.0000000000000000e+00,-3.8048780487804891e-02,-1,-1,1.2790005948839990e-04,wind_direction:18.4_m:degrees
1594,-2,-2.0000000000000000e+00,-2.2727272727272728e-02,-1,-1,3.8016528925620408e-05,wind_direction:18.4_m:degrees
1595,-2,-2.0000000000000000e+00,1.4999999999999999e-02,-1,-1,7.2058823529411826e-05,wind_direction:18.4_m:degrees
1596,-2,-2.0000000000000000e+00,-8.6956521739130416e-04,-1,-1,4.2722117202268468e-05,wind_direction:18.4_m:degrees
1597,-2,-2.0000000000000000e+00,-9.9166666666666667e-02,-1,-1,7.4305555555558359e-05,wind_direction:18.4_m:degrees
1598,-2,-2.0000000000000000e+00,-7.3999999999999996e-02,-1,-1,2.4399999999999422e-04,wind_direction:18.4_m:degrees
1599,-2,-2.0000000000000000e+00,1.0000000000000001e-01,-1,-1,0.0000000000000000e+00,wind_direction:18.4_m:degrees
1600,-2,-2.0000000000000000e+00,1.4307692307692307e-01,-1,-1,1.4437869822486044e-04,wind_direction:18.4_m:degrees
1601,-2,-2.0000000000000000e+00,1.8750000000000010e-02,-1,-1,1.1093749999999982e-04,wind_direction:18.4_m:degrees
1602,-2,-2.0000000000000000e+00,-2.0000000000000000e-03,-1,-1,3.6000000000000787e-05,wind_direction:18.4_m:degrees
1603,10,1.6892770677804947e-01,6.8105192178017564e-04,1785,1786,4.3029088037088406e-05,wind_speed:18.4_m:m_s-1
1604,12,-5.5874139070510864e-02,-1.4412698412698435e-03,1605,1606,8.5224328546233130e-05,bulk_richardson:18.4_m:none
1605,-2,-2.0000000000000000e+00,-5.9999999999999998e-02,-1,-1,0.0000000000000000e+00,wind_direction:18.4_m:degrees
1606,2,2.8985499572753906e+02,-1.3668150031786379e-03,1607,1608,8.0967163218796144e-05,water_sfc_temperature:0_m:K
1607,10,5.4317998886108398e+00,1.0074626865671646e-03,1899,1900,5.6074571173980792e-05,wind_speed:18.4_m:m_s-1
1608,10,7.9001901149749756e+00,-2.5940212150433904e-03,1609,1610,8.9413773318740525e-05,wind_speed:18.4_m:m_s-1
1609,8,5.8500001430511475e+00,-2.9080118694361952e-03,1611,1612,8.6696780518158282e-05,wave_period:0_m:s
1610,-2,-2.0000000000000000e+00,9.6153846153846159e-03,-1,-1,4.2159763313613245e-05,wind_direction:18.4_m:degrees
1611,-2,-2.0000000000000000e+00,-4.3589743589743527e-03,-1,-1,7.5267819159222099e-05,wind_direction:18.4_m:degrees
1612,9,8.9770221710205078e+01,-1.4367816091954028e-04,1757,1758,9.6818437045845864e-05,angle_between_wind_wave:0_m:degrees
1613,-2,-2.0000000000000000e+00,3.3333333333333333e-02,-1,-1,8.8888888888888785e-05,wind_direction:18.4_m:degrees
1614,-2,-2.0000000000000000e+00,6.0476190476190489e-02,-1,-1,1.5691609977324219e-04,wind_direction:18.4_m:degrees
1615,12,-3.3058281987905502e-02,-3.8019169329073497e-03,1617,1618,1.1685533178862707e-04,bulk_richardson:18.4_m:none
1616,-2,-2.0000000000000000e+00,-1.5172413793103448e-02,-1,-1,1.0772889417360375e-04,wind_direction:18.4_m:degrees
1617,10,8.0194671154022217e+00,-2.1739130434782613e-03,1619,1620,1.0476026808730020e-04,wind_speed:18.4_m:m_s-1
1618,6,1.8250000000000000e+02,-1.0666666666666668e-02,1927,1928,1.0955555555555577e-04,wave_direction:0_m:degrees
1619,-2,-2.0000000000000000e+00,-2.5099601593625504e-03,-1,-1,9.1309661751400682e-05,wind_direction:18.4_m:degrees
1620,-2,-2.0000000000000000e+00,4.0000000000000001e-02,-1,-1,7.5894152073985310e-18,wind_direction:18.4_m:degrees
1621,-2,-2.0000000000000000e+00,0.0000000000000000e+00,-1,-1,0.0000000000000000e+00,wind_direction:18.4_m:degrees
1622,-2,-2.0000000000000000e+00,3.5312500000000004e-02,-1,-1,1.5615234374999928e-04,wind_direction:18.4_m:degrees
1623,-2,-2.0000000000000000e+00,1.1500000000000000e-01,-1,-1,2.2500000000000124e-04,wind_direction:18.4_m:degrees
1624,-2,-2.0000000000000000e+00,7.2500000000000009e-02,-1,-1,2.6875000000000163e-04,wind_direction:18.4_m:degrees
1625,-2,-2.0000000000000000e+00,-1.0555555555555556e-01,-1,-1,1.3580246913580049e-04,wind_direction:18.4_m:degrees
1626,-2,-2.0000000000000000e+00,-5.9999999999999998e-02,-1,-1,-7.8062556418956319e-18,wind_direction:18.4_m:degrees
1627,-2,-2.0000000000000000e+00,9.0000000000000011e-02,-1,-1,3.3333333333333132e-05,wind_direction:18.4_m:degrees
1628,-2,-2.0000000000000000e+00,6.4242424242424254e-02,-1,-1,1.0927456382001620e-04,wind_direction:18.4_m:degrees
1629,3,9.9854998779296875e+02,-1.5909090909090914e-02,1631,1632,8.9690082644628072e-04,pressure:18.4_m:hPa
1630,4,1.1854342460632324e+01,-3.4822601839684443e-03,1997,1998,1.4113711412065238e-04,mixing_ratio:18.4_m:g_kg-1
1631,-2,-2.0000000000000000e+00,-3.3333333333333331e-03,-1,-1,2.2222222222222200e-05,wind_direction:18.4_m:degrees
1632,6,1.8450000000000000e+02,-7.2500000000000009e-02,1633,1634,9.1874999999999856e-04,wave_direction:0_m:degrees
1633,-2,-2.0000000000000000e+00,-9.0000000000000011e-02,-1,-1,0.0000000000000000e+00,wind_direction:18.4_m:degrees
1634,-2,-2.0000000000000000e+00,-2.0000000000000000e-02,-1,-1,3.2526065174565133e-19,wind_direction:18.4_m:degrees
1635,-2,-2.0000000000000000e+00,5.3749999999999999e-02,-1,-1,7.3437500000000152e-05,wind_direction:18.4_m:degrees
1636,9,8.8651699066162109e+01,3.2446808510638303e-02,1637,1638,1.6528972385694953e-04,angle_between_wind_wave:0_m:degrees
1637,-2,-2.0000000000000000e+00,6.6666666666666666e-02,-1,-1,2.2222222222222955e-05,wind_direction:18.4_m:degrees
1638,-2,-2.0000000000000000e+00,3.1318681318681318e-02,-1,-1,1.3012921144789249e-04,wind_direction:18.4_m:degrees
1639,-2,-2.0000000000000000e+00,8.8695652173913064e-02,-1,-1,1.1568998109640592e-04,wind_direction:18.4_m:degrees
1640,-2,-2.0000000000000000e+00,1.2000000000000000e-01,-1,-1,9.9999999999987252e-05,wind_direction:18.4_m:degrees
1641,-2,-2.0000000000000000e+00,0.0000000000000000e+00,-1,-1,0.0000000000000000e+00,wind_direction:18.4_m:degrees
1642,3,1.0145000000000000e+03,-6.1250000000000006e-02,1643,1644,6.1093750000000037e-04,pressure:18.4_m:hPa
1643,-2,-2.0000000000000000e+00,-2.5000000000000001e-02,-1,-1,6.2500000000000012e-04,wind_direction:18.4_m:degrees
1644,-2,-2.0000000000000000e+00,-7.3333333333333348e-02,-1,-1,2.2222222222221220e-05,wind_direction:18.4_m:degrees
1645,-2,-2.0000000000000000e+00,1.3000000000000000e-01,-1,-1,0.0000000000000000e+00,wind_direction:18.4_m:degrees
1646,-2,-2.0000000000000000e+00,1.8941176470588234e-01,-1,-1,2.8788927335640646e-04,wind_direction:18.4_m:degrees
1647,-2,-2.0000000000000000e+00,-7.4999999999999997e-02,-1,-1,9.6428571428571960e-05,wind_direction:18.4_m:degrees
1648,-2,-2.0000000000000000e+00,-4.0000000000000001e-02,-1,-1,-1.2576745200831851e-17,wind_direction:18.4_m:degrees
1649,3,1.0125499877929688e+03,-5.7620817843866204e-03,1857,1858,1.4932629455093217e-04,pressure:18.4_m:hPa
1650,0,3.8594388961791992e+01,-1.1294765840220385e-03,1795,1796,1.6979866281143541e-04,zenith:0_m:degrees
1651,-2,-2.0000000000000000e+00,0.0000000000000000e+00,-1,-1,0.0000000000000000e+00,wind_direction:18.4_m:degrees
1652,-2,-2.0000000000000000e+00,-2.9425287356321845e-02,-1,-1,1.0656625710133382e-04,wind_direction:18.4_m:degrees
1653,-2,-2.0000000000000000e+00,3.0000000000000006e-02,-1,-1,8.7499999999999796e-05,wind_direction:18.4_m:degrees
1654,5,3.8150001525878906e+01,4.6470588235294111e-02,1655,1656,2.3460207612456671e-04,relative_humidity:18.4_m:%
1655,-2,-2.0000000000000000e+00,1.4999999999999999e-02,-1,-1,7.5000000000000034e-05,wind_direction:18.4_m:degrees
1656,4,2.4260929822921753e+00,4.9148936170212765e-02,1873,1874,1.5672249886826677e-04,mixing_ratio:18.4_m:g_kg-1
1657,-2,-2.0000000000000000e+00,6.5454545454545474e-02,-1,-1,1.6418732782369147e-04,wind_direction:18.4_m:degrees
1658,-2,-2.0000000000000000e+00,4.5454545454545463e-02,-1,-1,1.5206611570247729e-04,wind_direction:18.4_m:degrees
1659,-2,-2.0000000000000000e+00,9.6874999999999999e-03,-1,-1,1.4677734374999983e-04,wind_direction:18.4_m:degrees
1660,-2,-2.0000000000000000e+00,2.6315789473684209e-02,-1,-1,2.0221606648199468e-04,wind_direction:18.4_m:degrees
1661,6,2.2850000000000000e+02,1.0363636363636365e-01,1901,1902,2.1404958677685541e-04,wave_direction:0_m:degrees
1662,-2,-2.0000000000000000e+00,1.3000000000000000e-01,-1,-1,6.6666666666673202e-05,wind_direction:18.4_m:degrees
1663,8,5.8499999046325684e+00,6.8955223880597008e-02,1665,1666,3.2577411450211789e-04,wave_period:0_m:s
1664,-2,-2.0000000000000000e+00,1.1000000000000000e-01,-1,-1,9.9999999999988987e-05,wind_direction:18.4_m:degrees
1665,-2,-2.0000000000000000e+00,7.6363636363636370e-02,-1,-1,2.4738292011019548e-04,wind_direction:18.4_m:degrees
1666,9,9.0010028839111328e+01,6.1764705882352944e-02,1667,1668,2.9688581314879026e-04,angle_between_wind_wave:0_m:degrees
1667,-2,-2.0000000000000000e+00,5.5416666666666670e-02,-1,-1,1.6649305555555688e-04,wind_direction:18.4_m:degrees
1668,-2,-2.0000000000000000e+00,7.6999999999999999e-02,-1,-1,2.8099999999999480e-04,wind_direction:18.4_m:degrees
1669,6,1.9250000000000000e+02,-2.0000000000000000e-02,1671,1672,5.7777777777777797e-04,wave_direction:0_m:degrees
1670,-2,-2.0000000000000000e+00,5.3571428571428585e-04,-1,-1,1.3007015306122454e-04,wind_direction:18.4_m:degrees
1671,-2,-2.0000000000000000e+00,0.0000000000000000e+00,-1,-1,1.2000000000000002e-04,wind_direction:18.4_m:degrees
1672,-2,-2.0000000000000000e+00,-4.4999999999999998e-02,-1,-1,2.5000000000000282e-05,wind_direction:18.4_m:degrees
1673,-2,-2.0000000000000000e+00,-5.0000000000000003e-02,-1,-1,0.0000000000000000e+00,wind_direction:18.4_m:degrees
1674,-2,-2.0000000000000000e+00,2.0000000000000000e-02,-1,-1,9.9999999999999774e-05,wind_direction:18.4_m:degrees
1675,-2,-2.0000000000000000e+00,4.2499999999999996e-02,-1,-1,1.1874999999999928e-04,wind_direction:18.4_m:degrees
1676,-2,-2.0000000000000000e+00,7.3333333333333348e-02,-1,-1,2.2222222222219486e-05,wind_direction:18.4_m:degrees
1677,-2,-2.0000000000000000e+00,-4.5454545454545461e-03,-1,-1,1.3388429752066115e-04,wind_direction:18.4_m:degrees
1678,2,2.9239500427246094e+02,-2.2500000000000003e-02,1679,1680,1.6229838709677440e-04,water_sfc_temperature:0_m:K
1679,-2,-2.0000000000000000e+00,-1.9900000000000011e-02,-1,-1,8.8989999999999566e-05,wind_direction:18.4_m:degrees
1680,8,4.1500000953674316e+00,-3.3333333333333333e-02,1681,1682,3.2222222222222179e-04,wave_period:0_m:s
1681,-2,-2.0000000000000000e+00,-4.6363636363636364e-02,-1,-1,2.2314049586776843e-04,wind_direction:18.4_m:degrees
1682,-2,-2.0000000000000000e+00,-2.2307692307692306e-02,-1,-1,1.4082840236686396e-04,wind_direction:18.4_m:degrees
1683,-2,-2.0000000000000000e+00,7.7812500000000021e-02,-1,-1,3.6708984374999535e-04,wind_direction:18.4_m:degrees
1684,-2,-2.0000000000000000e+00,2.0000000000000000e-02,-1,-1,1.0733601507606494e-17,wind_direction:18.4_m:degrees
1685,-2,-2.0000000000000000e+00,2.9999999999999999e-01,-1,-1,0.0000000000000000e+00,wind_direction:18.4_m:degrees
1686,-2,-2.0000000000000000e+00,2.4000000000000002e-01,-1,-1,1.5555555555553380e-04,wind_direction:18.4_m:degrees
1687,-2,-2.0000000000000000e+00,1.9000000000000000e-01,-1,-1,0.0000000000000000e+00,wind_direction:18.4_m:degrees
1688,-2,-2.0000000000000000e+00,1.3214285714285717e-01,-1,-1,2.9540816326530453e-04,wind_direction:18.4_m:degrees
1689,-2,-2.0000000000000000e+00,1.4920634920634928e-02,-1,-1,7.8961955152431084e-05,wind_direction:18.4_m:degrees
1690,-2,-2.0000000000000000e+00,6.0833333333333356e-03,-1,-1,8.8826388888888953e-05,wind_direction:18.4_m:degrees
1691,-2,-2.0000000000000000e+00,1.4142857142857143e-01,-1,-1,4.0816326530610653e-05,wind_direction:18.4_m:degrees
1692,-2,-2.0000000000000000e+00,1.1650000000000001e-01,-1,-1,2.8275000000001042e-04,wind_direction:18.4_m:degrees
1693,-2,-2.0000000000000000e+00,1.2666666666666668e-01,-1,-1,2.2222222222222088e-05,wind_direction:18.4_m:degrees
1694,-2,-2.0000000000000000e+00,1.6399999999999998e-01,-1,-1,1.2400000000000258e-04,wind_direction:18.4_m:degrees
1695,-2,-2.0000000000000000e+00,3.7333333333333336e-02,-1,-1,7.9555555555554502e-05,wind_direction:18.4_m:degrees
1696,-2,-2.0000000000000000e+00,5.6666666666666664e-02,-1,-1,5.5555555555554786e-05,wind_direction:18.4_m:degrees
1697,12,-6.0277378186583519e-02,5.5451713395638655e-03,1941,1942,7.1431760173134876e-05,bulk_richardson:18.4_m:none
1698,-2,-2.0000000000000000e+00,8.1395348837209295e-04,-1,-1,3.3833603749774756e-05,wind_direction:18.4_m:degrees
1699,3,1.0182500000000000e+03,1.2807017543859652e-02,1701,1702,9.3875038473376250e-05,pressure:18.4_m:hPa
1700,-2,-2.0000000000000000e+00,4.6180555555555584e-03,-1,-1,1.0471522955246923e-04,wind_direction:18.4_m:degrees
1701,-2,-2.0000000000000000e+00,3.7999999999999999e-02,-1,-1,1.5999999999999955e-05,wind_direction:18.4_m:degrees
1702,-2,-2.0000000000000000e+00,1.0384615384615388e-02,-1,-1,3.4467455621301559e-05,wind_direction:18.4_m:degrees
1703,-2,-2.0000000000000000e+00,-1.3783783783783784e-02,-1,-1,1.1541271000730464e-04,wind_direction:18.4_m:degrees
1704,-2,-2.0000000000000000e+00,-3.9597315436241632e-03,-1,-1,6.8213143552092257e-05,wind_direction:18.4_m:degrees
1705,-2,-2.0000000000000000e+00,4.4230769230769233e-02,-1,-1,1.7825443786982252e-04,wind_direction:18.4_m:degrees
1706,-2,-2.0000000000000000e+00,2.8124999999999997e-02,-1,-1,9.0234375000001013e-05,wind_direction:18.4_m:degrees
1707,-2,-2.0000000000000000e+00,-1.4545454545454545e-02,-1,-1,7.9338842975206679e-05,wind_direction:18.4_m:degrees
1708,-2,-2.0000000000000000e+00,3.3333333333333322e-03,-1,-1,8.8888888888888866e-05,wind_direction:18.4_m:degrees
1709,2,2.9199501037597656e+02,-5.0000000000000003e-02,1711,1712,1.7200000000000002e-03,water_sfc_temperature:0_m:K
1710,-2,-2.0000000000000000e+00,-3.0425531914893625e-02,-1,-1,9.3435943866002503e-05,wind_direction:18.4_m:degrees
1711,-2,-2.0000000000000000e+00,-3.6666666666666667e-02,-1,-1,1.3333333333333404e-04,wind_direction:18.4_m:degrees
1712,-2,-2.0000000000000000e+00,-1.7000000000000001e-01,-1,-1,-3.4694469519536142e-18,wind_direction:18.4_m:degrees
1713,-2,-2.0000000000000000e+00,-2.6818181818181810e-02,-1,-1,3.9876033057851265e-05,wind_direction:18.4_m:degrees
1714,-2,-2.0000000000000000e+00,-5.0000000000000003e-02,-1,-1,2.4999999999996379e-05,wind_direction:18.4_m:degrees
1715,-2,-2.0000000000000000e+00,1.6400000000000001e-01,-1,-1,2.3999999999996247e-05,wind_direction:18.4_m:degrees
1716,-2,-2.0000000000000000e+00,1.3000000000000000e-01,-1,-1,3.3333333333336601e-05,wind_direction:18.4_m:degrees
1717,-2,-2.0000000000000000e+00,5.6785714285714294e-02,-1,-1,1.5038265306122414e-04,wind_direction:18.4_m:degrees
1718,-2,-2.0000000000000000e+00,4.1538461538461538e-02,-1,-1,8.2248520710058665e-05,wind_direction:18.4_m:degrees
1719,-2,-2.0000000000000000e+00,2.9824561403508781e-02,-1,-1,1.4207448445675505e-04,wind_direction:18.4_m:degrees
1720,-2,-2.0000000000000000e+00,7.0000000000000007e-02,-1,-1,-1.0408340855860843e-17,wind_direction:18.4_m:degrees
1721,-2,-2.0000000000000000e+00,5.5000000000000007e-02,-1,-1,7.4999999999999546e-05,wind_direction:18.4_m:degrees
1722,-2,-2.0000000000000000e+00,1.9999999999999997e-02,-1,-1,1.7142857142857172e-04,wind_direction:18.4_m:degrees
1723,-2,-2.0000000000000000e+00,-1.5882352941176469e-02,-1,-1,7.1280276816609086e-05,wind_direction:18.4_m:degrees
1724,-2,-2.0000000000000000e+00,9.6774193548387118e-04,-1,-1,8.6160249739854273e-05,wind_direction:18.4_m:degrees
1725,5,5.1850000381469727e+01,1.2692307692307694e-01,1727,1728,3.5976331360945690e-04,relative_humidity:18.4_m:%
1726,-2,-2.0000000000000000e+00,1.5111111111111108e-01,-1,-1,1.4320987654321826e-04,wind_direction:18.4_m:degrees
1727,-2,-2.0000000000000000e+00,1.1000000000000000e-01,-1,-1,3.3333333333334866e-05,wind_direction:18.4_m:degrees
1728,-2,-2.0000000000000000e+00,1.4142857142857143e-01,-1,-1,1.8367346938775314e-04,wind_direction:18.4_m:degrees
1729,-2,-2.0000000000000000e+00,1.1125000000000000e-01,-1,-1,2.1093750000000105e-04,wind_direction:18.4_m:degrees
1730,-2,-2.0000000000000000e+00,8.5833333333333331e-02,-1,-1,4.0972222222218288e-05,wind_direction:18.4_m:degrees
1731,11,3.1900000000000000e+02,1.9090909090909092e-01,1855,1856,2.8099173553719492e-04,wind_direction:18.4_m:degrees
1732,-2,-2.0000000000000000e+00,1.6888888888888889e-01,-1,-1,9.8765432098857353e-06,wind_direction:18.4_m:degrees
1733,1,1.4340367126464844e+02,1.8831168831168841e-02,1735,1736,9.6036431101365896e-05,azimuth:0_m:degrees
1734,0,6.5691810607910156e+01,1.0480769230769234e-02,1803,1804,6.6115014792899151e-05,zenith:0_m:degrees
1735,-2,-2.0000000000000000e+00,2.6153846153846159e-02,-1,-1,5.9566074950690015e-05,wind_direction:18.4_m:degrees
1736,-2,-2.0000000000000000e+00,1.1315789473684211e-02,-1,-1,2.1952908587257591e-05,wind_direction:18.4_m:degrees
1737,-2,-2.0000000000000000e+00,9.8000000000000004e-02,-1,-1,9.5999999999995395e-05,wind_direction:18.4_m:degrees
1738,-2,-2.0000000000000000e+00,1.2666666666666668e-01,-1,-1,1.2222222222221801e-04,wind_direction:18.4_m:degrees
1739,2,2.7790000915527344e+02,-4.3440860215053764e-02,1743,1744,1.7525725517400612e-04,water_sfc_temperature:0_m:K
1740,6,1.8550000000000000e+02,-5.1744186046511632e-02,1741,1742,2.0277176852353303e-04,wave_direction:0_m:degrees
1741,-2,-2.0000000000000000e+00,-5.9302325581395365e-02,-1,-1,1.8788534342887913e-04,wind_direction:18.4_m:degrees
1742,-2,-2.0000000000000000e+00,-4.4186046511627913e-02,-1,-1,1.0340724716062987e-04,wind_direction:18.4_m:degrees
1743,-2,-2.0000000000000000e+00,-6.3750000000000001e-02,-1,-1,1.4843750000000100e-04,wind_direction:18.4_m:degrees
1744,-2,-2.0000000000000000e+00,-4.1529411764705884e-02,-1,-1,1.3530795847750839e-04,wind_direction:18.4_m:degrees
1745,-2,-2.0000000000000000e+00,0.0000000000000000e+00,-1,-1,0.0000000000000000e+00,wind_direction:18.4_m:degrees
1746,-2,-2.0000000000000000e+00,-3.3333333333333347e-02,-1,-1,1.3333333333333274e-04,wind_direction:18.4_m:degrees
1747,-2,-2.0000000000000000e+00,-1.8630678077682639e-03,-1,-1,7.4935824953269392e-05,wind_direction:18.4_m:degrees
1748,11,1.9034999847412109e+02,1.6666666666666666e-02,1749,1750,9.5555555555553405e-04,wind_direction:18.4_m:degrees
1749,-2,-2.0000000000000000e+00,5.9999999999999998e-02,-1,-1,-4.3368086899420177e-19,wind_direction:18.4_m:degrees
1750,-2,-2.0000000000000000e+00,-5.0000000000000001e-03,-1,-1,2.4999999999999988e-05,wind_direction:18.4_m:degrees
1751,-2,-2.0000000000000000e+00,7.2777777777777775e-02,-1,-1,6.4506172839507228e-05,wind_direction:18.4_m:degrees
1752,-2,-2.0000000000000000e+00,4.6666666666666669e-02,-1,-1,1.2222222222221931e-04,wind_direction:18.4_m:degrees
1753,1,1.8525259399414062e+02,-3.5818181818181832e-02,1837,1838,1.8796694214875910e-04,azimuth:0_m:degrees
1754,9,8.9568801879882812e+01,-4.8125000000000022e-02,1755,1756,2.5898437500000574e-04,angle_between_wind_wave:0_m:degrees
1755,-2,-2.0000000000000000e+00,-1.1000000000000000e-01,-1,-1,0.0000000000000000e+00,wind_direction:18.4_m:degrees
1756,-2,-2.0000000000000000e+00,-4.6129032258064528e-02,-1,-1,1.3985431841831344e-04,wind_direction:18.4_m:degrees
1757,-2,-2.0000000000000000e+00,2.9696969696969703e-03,-1,-1,6.0877869605142358e-05,wind_direction:18.4_m:degrees
1758,-2,-2.0000000000000000e+00,-2.9508196721311475e-03,-1,-1,1.1260413867239988e-04,wind_direction:18.4_m:degrees
1759,-2,-2.0000000000000000e+00,9.9473684210526325e-02,-1,-1,2.3656509695291553e-04,wind_direction:18.4_m:degrees
1760,-2,-2.0000000000000000e+00,1.2100000000000000e-01,-1,-1,1.0899999999998758e-04,wind_direction:18.4_m:degrees
1761,-2,-2.0000000000000000e+00,2.6923076923076921e-02,-1,-1,3.6686390532544529e-05,wind_direction:18.4_m:degrees
1762,-2,-2.0000000000000000e+00,4.3225806451612905e-02,-1,-1,1.4013180714533488e-04,wind_direction:18.4_m:degrees
1763,-2,-2.0000000000000000e+00,3.6999999999999998e-02,-1,-1,4.1000000000000454e-05,wind_direction:18.4_m:degrees
1764,-2,-2.0000000000000000e+00,1.3846153846153845e-02,-1,-1,6.9822485207100501e-05,wind_direction:18.4_m:degrees
1765,-2,-2.0000000000000000e+00,5.5357142857142876e-02,-1,-1,1.8201530612244792e-04,wind_direction:18.4_m:degrees
1766,-2,-2.0000000000000000e+00,3.8125000000000006e-02,-1,-1,7.7734375000000980e-05,wind_direction:18.4_m:degrees
1767,-2,-2.0000000000000000e+00,-2.0454545454545458e-02,-1,-1,1.4070247933884269e-04,wind_direction:18.4_m:degrees
1768,-2,-2.0000000000000000e+00,1.3333333333333334e-02,-1,-1,3.5555555555555595e-04,wind_direction:18.4_m:degrees
1769,-2,-2.0000000000000000e+00,1.6060606060606063e-02,-1,-1,1.4811753902662994e-04,wind_direction:18.4_m:degrees
1770,-2,-2.0000000000000000e+00,-1.8181818181818182e-03,-1,-1,1.4876033057850807e-05,wind_direction:18.4_m:degrees
1771,-2,-2.0000000000000000e+00,-1.0000000000000000e-02,-1,-1,5.0000000000000009e-05,wind_direction:18.4_m:degrees
1772,10,6.8178491592407227e+00,-3.3750000000000002e-02,1773,1774,5.1093749999999924e-04,wind_speed:18.4_m:m_s-1
1773,-2,-2.0000000000000000e+00,-2.3636363636363636e-02,-1,-1,1.1404958677685960e-04,wind_direction:18.4_m:degrees
1774,4,1.4294035911560059e+01,-5.6000000000000008e-02,1931,1932,6.6399999999999966e-04,mixing_ratio:18.4_m:g_kg-1
1775,-2,-2.0000000000000000e+00,5.5555555555555556e-04,-1,-1,3.8580246913580253e-05,wind_direction:18.4_m:degrees
1776,11,2.8297500610351562e+02,1.4255319148936178e-02,1777,1778,1.8189225894069667e-04,wind_direction:18.4_m:degrees
1777,-2,-2.0000000000000000e+00,2.0151515151515156e-02,-1,-1,1.2573461891643710e-04,wind_direction:18.4_m:degrees
1778,0,1.6117555999755859e+02,9.0666666666666691e-03,1779,1780,1.7379555555555520e-04,zenith:0_m:degrees
1779,-2,-2.0000000000000000e+00,7.9452054794520565e-03,-1,-1,1.3139425783449048e-04,wind_direction:18.4_m:degrees
1780,-2,-2.0000000000000000e+00,5.0000000000000003e-02,-1,-1,-8.6736173798840355e-19,wind_direction:18.4_m:degrees
1781,-2,-2.0000000000000000e+00,-1.4000000000000002e-02,-1,-1,1.0399999999999998e-04,wind_direction:18.4_m:degrees
1782,-2,-2.0000000000000000e+00,-7.0000000000000007e-02,-1,-1,-8.6736173798840355e-19,wind_direction:18.4_m:degrees
1783,-2,-2.0000000000000000e+00,1.7666666666666667e-01,-1,-1,8.8888888888891820e-05,wind_direction:18.4_m:degrees
1784,-2,-2.0000000000000000e+00,1.3500000000000001e-01,-1,-1,7.4999999999995209e-05,wind_direction:18.4_m:degrees
1785,-2,-2.0000000000000000e+00,-1.4999999999999999e-02,-1,-1,5.8333333333333306e-05,wind_direction:18.4_m:degrees
1786,5,9.7350002288818359e+01,8.0897348742352195e-04,1787,1788,4.0881931713097276e-05,relative_humidity:18.4_m:%
1787,-2,-2.0000000000000000e+00,-8.8261253309797008e-05,-1,-1,3.4590621248604595e-05,wind_direction:18.4_m:degrees
1788,7,4.5000000298023224e-01,3.8165680473372801e-03,1789,1790,5.0226707748328683e-05,wave_height:0_m:m
1789,-2,-2.0000000000000000e+00,1.2444444444444445e-02,-1,-1,6.7358024691357955e-05,wind_direction:18.4_m:degrees
1790,-2,-2.0000000000000000e+00,2.4914675767918099e-03,-1,-1,3.4406923784784842e-05,wind_direction:18.4_m:degrees
1791,-2,-2.0000000000000000e+00,-4.5714285714285714e-02,-1,-1,2.5306122448979541e-04,wind_direction:18.4_m:degrees
1792,-2,-2.0000000000000000e+00,-8.3333333333333329e-02,-1,-1,2.2222222222222088e-05,wind_direction:18.4_m:degrees
1793,-2,-2.0000000000000000e+00,-5.8148148148148157e-02,-1,-1,8.9163237311386864e-05,wind_direction:18.4_m:degrees
1794,-2,-2.0000000000000000e+00,-3.7999999999999999e-02,-1,-1,1.5599999999999880e-04,wind_direction:18.4_m:degrees
1795,-2,-2.0000000000000000e+00,4.7142857142857143e-03,-1,-1,2.5920408163265297e-04,wind_direction:18.4_m:degrees
1796,9,8.9148593902587891e+01,-2.5255972696245736e-03,1839,1840,1.3833125604258657e-04,angle_between_wind_wave:0_m:degrees
1797,-2,-2.0000000000000000e+00,3.5000000000000003e-02,-1,-1,2.4999999999999849e-05,wind_direction:18.4_m:degrees
1798,-2,-2.0000000000000000e+00,7.1250000000000020e-03,-1,-1,6.2984374999999862e-05,wind_direction:18.4_m:degrees
1799,10,7.1719515323638916e+00,-8.4520123839009198e-03,1801,1802,7.6860700284676865e-05,wind_speed:18.4_m:m_s-1
1800,-2,-2.0000000000000000e+00,-4.0000000000000001e-02,-1,-1,2.0000000000000942e-04,wind_direction:18.4_m:degrees
1801,-2,-2.0000000000000000e+00,-1.9672131147540979e-03,-1,-1,6.8261220102123067e-05,wind_direction:18.4_m:degrees
1802,-2,-2.0000000000000000e+00,-9.9618320610686938e-03,-1,-1,6.6792436338209196e-05,wind_direction:18.4_m:degrees
1803,-2,-2.0000000000000000e+00,2.7777777777777776e-02,-1,-1,1.7283950617283991e-05,wind_direction:18.4_m:degrees
1804,-2,-2.0000000000000000e+00,8.8421052631578977e-03,-1,-1,3.9711911357340519e-05,wind_direction:18.4_m:degrees
1805,-2,-2.0000000000000000e+00,4.8000000000000001e-02,-1,-1,9.6000000000000165e-05,wind_direction:18.4_m:degrees
1806,-2,-2.0000000000000000e+00,2.2711864406779667e-02,-1,-1,6.7222062625681579e-05,wind_direction:18.4_m:degrees
1807,-2,-2.0000000000000000e+00,1.2352941176470587e-02,-1,-1,4.1522491349480986e-05,wind_direction:18.4_m:degrees
1808,-2,-2.0000000000000000e+00,2.6486486486486487e-02,-1,-1,7.3240808375943140e-05,wind_direction:18.4_m:degrees
1809,-2,-2.0000000000000000e+00,9.1666666666666674e-02,-1,-1,1.1388888888889080e-04,wind_direction:18.4_m:degrees
1810,-2,-2.0000000000000000e+00,5.6666666666666664e-02,-1,-1,2.2222222222220787e-05,wind_direction:18.4_m:degrees
1811,-2,-2.0000000000000000e+00,1.6000000000000000e-01,-1,-1,-3.4694469519536142e-18,wind_direction:18.4_m:degrees
1812,-2,-2.0000000000000000e+00,1.2500000000000000e-01,-1,-1,3.5833333333332856e-04,wind_direction:18.4_m:degrees
1813,-2,-2.0000000000000000e+00,1.2750000000000000e-01,-1,-1,1.9375000000000295e-04,wind_direction:18.4_m:degrees
1814,-2,-2.0000000000000000e+00,7.0000000000000007e-02,-1,-1,6.9388939039072284e-18,wind_direction:18.4_m:degrees
1815,-2,-2.0000000000000000e+00,-5.2500000000000005e-02,-1,-1,1.8750000000000103e-05,wind_direction:18.4_m:degrees
1816,-2,-2.0000000000000000e+00,-3.1923076923076929e-02,-1,-1,1.2707100591715943e-04,wind_direction:18.4_m:degrees
1817,-2,-2.0000000000000000e+00,7.1090047393364926e-04,-1,-1,4.3570449900047160e-05,wind_direction:18.4_m:degrees
1818,-2,-2.0000000000000000e+00,1.3684210526315790e-02,-1,-1,2.2326869806094126e-04,wind_direction:18.4_m:degrees
1819,-2,-2.0000000000000000e+00,-4.4999999999999998e-02,-1,-1,1.2250000000000004e-03,wind_direction:18.4_m:degrees
1820,-2,-2.0000000000000000e+00,-5.7142857142857143e-03,-1,-1,6.4489795918367304e-05,wind_direction:18.4_m:degrees
1821,-2,-2.0000000000000000e+00,-3.4761904761904765e-02,-1,-1,1.3922902494331113e-04,wind_direction:18.4_m:degrees
1822,-2,-2.0000000000000000e+00,-8.9999999999999997e-02,-1,-1,5.2041704279304213e-18,wind_direction:18.4_m:degrees
1823,-2,-2.0000000000000000e+00,-5.2631578947368420e-03,-1,-1,1.1440443213296399e-04,wind_direction:18.4_m:degrees
1824,-2,-2.0000000000000000e+00,7.5757575757575760e-03,-1,-1,4.8668503213957797e-05,wind_direction:18.4_m:degrees
1825,-2,-2.0000000000000000e+00,-1.8181818181818182e-03,-1,-1,5.1239669421487611e-05,wind_direction:18.4_m:degrees
1826,-2,-2.0000000000000000e+00,1.7096774193548384e-02,-1,-1,1.1092611862643058e-04,wind_direction:18.4_m:degrees
1827,8,5.7500000000000000e+00,1.3909090909090910e-01,1829,1830,3.3553719008263747e-04,wave_period:0_m:s
1828,-2,-2.0000000000000000e+00,1.1777777777777779e-01,-1,-1,3.9506172839527329e-05,wind_direction:18.4_m:degrees
1829,-2,-2.0000000000000000e+00,1.6599999999999998e-01,-1,-1,1.4400000000000177e-04,wind_direction:18.4_m:degrees
1830,-2,-2.0000000000000000e+00,1.3117647058823528e-01,-1,-1,1.1626297577855410e-04,wind_direction:18.4_m:degrees
1831,-2,-2.0000000000000000e+00,1.6428571428571428e-01,-1,-1,2.1020408163265406e-04,wind_direction:18.4_m:degrees
1832,-2,-2.0000000000000000e+00,2.2000000000000000e-01,-1,-1,-3.4694469519536142e-17,wind_direction:18.4_m:degrees
1833,-2,-2.0000000000000000e+00,2.1999999999999997e-01,-1,-1,2.7368421052632180e-04,wind_direction:18.4_m:degrees
1834,-2,-2.0000000000000000e+00,2.6000000000000001e-01,-1,-1,-1.8041124150158794e-16,wind_direction:18.4_m:degrees
1835,-2,-2.0000000000000000e+00,2.0000000000000001e-01,-1,-1,0.0000000000000000e+00,wind_direction:18.4_m:degrees
1836,-2,-2.0000000000000000e+00,1.4000000000000001e-01,-1,-1,9.9999999999999395e-05,wind_direction:18.4_m:degrees
1837,-2,-2.0000000000000000e+00,-4.4347826086956525e-02,-1,-1,7.6748582230622836e-05,wind_direction:18.4_m:degrees
1838,6,2.1350000000000000e+02,-2.9687499999999999e-02,1981,1982,1.7802734374999948e-04,wave_direction:0_m:degrees
1839,-2,-2.0000000000000000e+00,-9.7826086956521747e-03,-1,-1,1.3690926275992433e-04,wind_direction:18.4_m:degrees
1840,-2,-2.0000000000000000e+00,-1.1740890688259110e-03,-1,-1,1.2696159583012347e-04,wind_direction:18.4_m:degrees
1841,-2,-2.0000000000000000e+00,3.4838709677419359e-02,-1,-1,7.0135275754421933e-05,wind_direction:18.4_m:degrees
1842,-2,-2.0000000000000000e+00,2.2391304347826099e-02,-1,-1,1.4862948960302365e-04,wind_direction:18.4_m:degrees
1843,-2,-2.0000000000000000e+00,2.2222222222222218e-03,-1,-1,1.0617283950617284e-04,wind_direction:18.4_m:degrees
1844,-2,-2.0000000000000000e+00,-1.6111111111111097e-02,-1,-1,7.0679012345679199e-05,wind_direction:18.4_m:degrees
1845,-2,-2.0000000000000000e+00,8.2499999999999990e-02,-1,-1,1.8750000000002272e-05,wind_direction:18.4_m:degrees
1846,-2,-2.0000000000000000e+00,5.2000000000000005e-02,-1,-1,1.6000000000000823e-05,wind_direction:18.4_m:degrees
1847,11,1.9158999633789062e+02,-2.1654135338345867e-02,1865,1866,1.3260218214709716e-04,wind_direction:18.4_m:degrees
1848,-2,-2.0000000000000000e+00,-7.4999999999999997e-03,-1,-1,3.1250000000002372e-05,wind_direction:18.4_m:degrees
1849,-2,-2.0000000000000000e+00,5.2916666666666674e-02,-1,-1,2.0121527777777586e-04,wind_direction:18.4_m:degrees
1850,-2,-2.0000000000000000e+00,4.1562500000000002e-02,-1,-1,6.9433593749999075e-05,wind_direction:18.4_m:degrees
1851,-2,-2.0000000000000000e+00,3.6363636363636369e-02,-1,-1,2.3140495867768340e-05,wind_direction:18.4_m:degrees
1852,-2,-2.0000000000000000e+00,1.9400000000000011e-02,-1,-1,1.3563999999999932e-04,wind_direction:18.4_m:degrees
1853,-2,-2.0000000000000000e+00,-1.7179487179487179e-02,-1,-1,7.6660092044707510e-05,wind_direction:18.4_m:degrees
1854,-2,-2.0000000000000000e+00,-7.1962616822429928e-03,-1,-1,6.8774565464232502e-05,wind_direction:18.4_m:degrees
1855,-2,-2.0000000000000000e+00,1.8555555555555558e-01,-1,-1,1.8024691358024120e-04,wind_direction:18.4_m:degrees
1856,-2,-2.0000000000000000e+00,2.1500000000000000e-01,-1,-1,2.5000000000025002e-05,wind_direction:18.4_m:degrees
1857,-2,-2.0000000000000000e+00,1.6129032258064522e-04,-1,-1,1.9513527575442245e-04,wind_direction:18.4_m:degrees
1858,11,3.4261000061035156e+02,-7.5362318840579744e-03,1859,1860,1.2194917034236507e-04,wind_direction:18.4_m:degrees
1859,-2,-2.0000000000000000e+00,-7.1707317073170761e-03,-1,-1,9.7361094586555566e-05,wind_direction:18.4_m:degrees
1860,-2,-2.0000000000000000e+00,-4.4999999999999998e-02,-1,-1,1.2249999999999974e-03,wind_direction:18.4_m:degrees
1861,-2,-2.0000000000000000e+00,3.8181818181818185e-02,-1,-1,5.1239669421487659e-05,wind_direction:18.4_m:degrees
1862,0,7.5694198608398438e+01,2.0416666666666677e-02,1921,1922,2.3315972222222152e-04,zenith:0_m:degrees
1863,-2,-2.0000000000000000e+00,2.3000000000000001e-01,-1,-1,9.0000000000000496e-04,wind_direction:18.4_m:degrees
1864,-2,-2.0000000000000000e+00,1.8666666666666668e-01,-1,-1,5.5555555555537872e-05,wind_direction:18.4_m:degrees
1865,7,1.5500000119209290e+00,-1.6181818181818190e-02,1867,1868,1.4360330578512353e-04,wave_height:0_m:m
1866,-2,-2.0000000000000000e+00,-2.5512820512820528e-02,-1,-1,8.8839579224194603e-05,wind_direction:18.4_m:degrees
1867,-2,-2.0000000000000000e+00,-1.9361702127659582e-02,-1,-1,9.1081937528293027e-05,wind_direction:18.4_m:degrees
1868,-2,-2.0000000000000000e+00,2.4999999999999996e-03,-1,-1,4.3749999999998820e-05,wind_direction:18.4_m:degrees
1869,-2,-2.0000000000000000e+00,1.2000000000000000e-01,-1,-1,0.0000000000000000e+00,wind_direction:18.4_m:degrees
1870,-2,-2.0000000000000000e+00,6.6071428571428573e-02,-1,-1,9.5280612244899414e-05,wind_direction:18.4_m:degrees
1871,-2,-2.0000000000000000e+00,2.7000000000000002e-01,-1,-1,0.0000000000000000e+00,wind_direction:18.4_m:degrees
1872,-2,-2.0000000000000000e+00,2.1200000000000002e-01,-1,-1,1.5999999999988246e-05,wind_direction:18.4_m:degrees
1873,-2,-2.0000000000000000e+00,6.4000000000000001e-02,-1,-1,1.0400000000000079e-04,wind_direction:18.4_m:degrees
1874,-2,-2.0000000000000000e+00,4.5135135135135146e-02,-1,-1,9.5252008765522693e-05,wind_direction:18.4_m:degrees
1875,-2,-2.0000000000000000e+00,1.1299999999999999e-01,-1,-1,1.4100000000000397e-04,wind_direction:18.4_m:degrees
1876,-2,-2.0000000000000000e+00,1.3318181818181818e-01,-1,-1,2.7623966942149150e-04,wind_direction:18.4_m:degrees
1877,-2,-2.0000000000000000e+00,1.4000000000000001e-01,-1,-1,0.0000000000000000e+00,wind_direction:18.4_m:degrees
1878,-2,-2.0000000000000000e+00,1.7999999999999997e-01,-1,-1,3.2857142857144195e-04,wind_direction:18.4_m:degrees
1879,-2,-2.0000000000000000e+00,1.3615384615384618e-01,-1,-1,1.1597633136095631e-04,wind_direction:18.4_m:degrees
1880,-2,-2.0000000000000000e+00,1.7000000000000001e-01,-1,-1,3.4694469519536142e-18,wind_direction:18.4_m:degrees
1881,-2,-2.0000000000000000e+00,4.6153846153846163e-02,-1,-1,6.9822485207100826e-05,wind_direction:18.4_m:degrees
1882,-2,-2.0000000000000000e+00,2.8709677419354842e-02,-1,-1,1.1446409989594091e-04,wind_direction:18.4_m:degrees
1883,-2,-2.0000000000000000e+00,-3.2826086956521755e-02,-1,-1,7.2448015122873353e-05,wind_direction:18.4_m:degrees
1884,-2,-2.0000000000000000e+00,-1.1428571428571429e-02,-1,-1,6.9387755102039373e-05,wind_direction:18.4_m:degrees
1885,-2,-2.0000000000000000e+00,4.0000000000000001e-02,-1,-1,0.0000000000000000e+00,wind_direction:18.4_m:degrees
1886,-2,-2.0000000000000000e+00,7.9999999999999988e-02,-1,-1,7.6923076923077725e-05,wind_direction:18.4_m:degrees
1887,4,9.4750934839248657e-01,1.5400000000000000e-01,1889,1890,9.0399999999999509e-04,mixing_ratio:18.4_m:g_kg-1
1888,-2,-2.0000000000000000e+00,1.8333333333333335e-01,-1,-1,2.2222222222221394e-04,wind_direction:18.4_m:degrees
1889,-2,-2.0000000000000000e+00,2.0999999999999999e-01,-1,-1,0.0000000000000000e+00,wind_direction:18.4_m:degrees
1890,-2,-2.0000000000000000e+00,1.4000000000000001e-01,-1,-1,1.4999999999999389e-04,wind_direction:18.4_m:degrees
1891,-2,-2.0000000000000000e+00,-4.1666666666666678e-02,-1,-1,6.9444444444444241e-05,wind_direction:18.4_m:degrees
1892,-2,-2.0000000000000000e+00,-2.7000000000000003e-02,-1,-1,1.4099999999999790e-04,wind_direction:18.4_m:degrees
1893,-2,-2.0000000000000000e+00,2.1625000000000000e-01,-1,-1,1.7343749999999825e-04,wind_direction:18.4_m:degrees
1894,-2,-2.0000000000000000e+00,2.4249999999999999e-01,-1,-1,2.9374999999999540e-04,wind_direction:18.4_m:degrees
1895,12,-3.7734564393758774e-02,2.1800000000000003e-01,1897,1898,6.0266666666664720e-04,bulk_richardson:18.4_m:none
1896,-2,-2.0000000000000000e+00,2.4750000000000000e-01,-1,-1,3.1874999999996489e-04,wind_direction:18.4_m:degrees
1897,-2,-2.0000000000000000e+00,2.0818181818181819e-01,-1,-1,3.7851239669417502e-04,wind_direction:18.4_m:degrees
1898,-2,-2.0000000000000000e+00,2.4500000000000000e-01,-1,-1,2.2500000000002379e-04,wind_direction:18.4_m:degrees
1899,-2,-2.0000000000000000e+00,-7.4626865671641781e-04,-1,-1,3.6756515927823560e-05,wind_direction:18.4_m:degrees
1900,-2,-2.0000000000000000e+00,3.9303482587064687e-03,-1,-1,7.4602113809064022e-05,wind_direction:18.4_m:degrees
1901,-2,-2.0000000000000000e+00,8.0000000000000002e-02,-1,-1,-8.6736173798840355e-19,wind_direction:18.4_m:degrees
1902,-2,-2.0000000000000000e+00,1.0888888888888888e-01,-1,-1,1.0987654320987299e-04,wind_direction:18.4_m:degrees
1903,-2,-2.0000000000000000e+00,5.9090909090909104e-02,-1,-1,1.3553719008264301e-04,wind_direction:18.4_m:degrees
1904,-2,-2.0000000000000000e+00,7.7586206896551740e-02,-1,-1,1.8382877526753293e-04,wind_direction:18.4_m:degrees
1905,-2,-2.0000000000000000e+00,2.7727272727272736e-02,-1,-1,2.0392561983471121e-04,wind_direction:18.4_m:degrees
1906,-2,-2.0000000000000000e+00,-1.0000000000000000e-02,-1,-1,-7.7249404789592191e-18,wind_direction:18.4_m:degrees
1907,-2,-2.0000000000000000e+00,2.8000000000000003e-01,-1,-1,0.0000000000000000e+00,wind_direction:18.4_m:degrees
1908,-2,-2.0000000000000000e+00,2.3875000000000002e-01,-1,-1,6.0937500000003697e-05,wind_direction:18.4_m:degrees
1909,-2,-2.0000000000000000e+00,1.2333333333333334e-01,-1,-1,8.8888888888888351e-05,wind_direction:18.4_m:degrees
1910,-2,-2.0000000000000000e+00,1.5727272727272726e-01,-1,-1,1.6528925619835322e-04,wind_direction:18.4_m:degrees
1911,-2,-2.0000000000000000e+00,7.4999999999999997e-02,-1,-1,2.2499999999999951e-04,wind_direction:18.4_m:degrees
1912,-2,-2.0000000000000000e+00,1.1277777777777777e-01,-1,-1,2.3672839506173361e-04,wind_direction:18.4_m:degrees
1913,-2,-2.0000000000000000e+00,-1.0329670329670334e-02,-1,-1,1.2846274604516345e-04,wind_direction:18.4_m:degrees
1914,-2,-2.0000000000000000e+00,-1.7741935483870971e-03,-1,-1,1.7265868886576482e-04,wind_direction:18.4_m:degrees
1915,3,1.0250499877929688e+03,2.4939759036144586e-02,1917,1918,7.5598780664826799e-05,pressure:18.4_m:hPa
1916,-2,-2.0000000000000000e+00,1.6470588235294122e-02,-1,-1,8.7543252595156582e-05,wind_direction:18.4_m:degrees
1917,-2,-2.0000000000000000e+00,2.9795918367346946e-02,-1,-1,4.6897126197417379e-05,wind_direction:18.4_m:degrees
1918,-2,-2.0000000000000000e+00,1.7941176470588238e-02,-1,-1,3.3996539792387334e-05,wind_direction:18.4_m:degrees
1919,-2,-2.0000000000000000e+00,1.1333333333333333e-01,-1,-1,5.5555555555556954e-05,wind_direction:18.4_m:degrees
1920,-2,-2.0000000000000000e+00,8.2000000000000003e-02,-1,-1,2.1599999999999658e-04,wind_direction:18.4_m:degrees
1921,-2,-2.0000000000000000e+00,2.4722222222222229e-02,-1,-1,6.9367283950616900e-05,wind_direction:18.4_m:degrees
1922,3,1.0115000000000000e+03,7.4999999999999997e-03,1923,1924,5.0208333333333279e-04,pressure:18.4_m:hPa
1923,-2,-2.0000000000000000e+00,1.3636363636363636e-02,-1,-1,9.5867768595041313e-05,wind_direction:18.4_m:degrees
1924,-2,-2.0000000000000000e+00,-5.9999999999999998e-02,-1,-1,-4.3368086899420177e-19,wind_direction:18.4_m:degrees
1925,-2,-2.0000000000000000e+00,4.4090909090909090e-02,-1,-1,1.1508264462809946e-04,wind_direction:18.4_m:degrees
1926,-2,-2.0000000000000000e+00,2.9259259259259270e-02,-1,-1,1.1796982167352316e-04,wind_direction:18.4_m:degrees
1927,-2,-2.0000000000000000e+00,-1.7096774193548384e-02,-1,-1,1.0447450572320487e-04,wind_direction:18.4_m:degrees
1928,-2,-2.0000000000000000e+00,-3.7931034482758621e-03,-1,-1,2.3543400713436365e-05,wind_direction:18.4_m:degrees
1929,-2,-2.0000000000000000e+00,-5.3333333333333332e-03,-1,-1,9.1555555555555552e-05,wind_direction:18.4_m:degrees
1930,-2,-2.0000000000000000e+00,-2.0163934426229515e-02,-1,-1,1.0980919107766686e-04,wind_direction:18.4_m:degrees
1931,-2,-2.0000000000000000e+00,-1.0000000000000000e-02,-1,-1,0.0000000000000000e+00,wind_direction:18.4_m:degrees
1932,-2,-2.0000000000000000e+00,-6.7500000000000004e-02,-1,-1,1.6874999999999963e-04,wind_direction:18.4_m:degrees
1933,-2,-2.0000000000000000e+00,2.3000000000000001e-01,-1,-1,0.0000000000000000e+00,wind_direction:18.4_m:degrees
1934,-2,-2.0000000000000000e+00,1.7250000000000001e-01,-1,-1,6.8749999999992428e-05,wind_direction:18.4_m:degrees
1935,-2,-2.0000000000000000e+00,-5.2083333333333348e-03,-1,-1,6.2456597222222197e-05,wind_direction:18.4_m:degrees
1936,7,7.5000000000000000e-01,2.6252983293556099e-03,1937,1938,8.3799932786894602e-05,wave_height:0_m:m
1937,2,2.8684500122070312e+02,7.4747474747474769e-03,1939,1940,1.0776451382511976e-04,water_sfc_temperature:0_m:K
1938,-2,-2.0000000000000000e+00,1.1249999999999997e-03,-1,-1,6.6859375000000065e-05,wind_direction:18.4_m:degrees
1939,-2,-2.0000000000000000e+00,-1.5151515151515152e-03,-1,-1,3.1037649219467405e-05,wind_direction:18.4_m:degrees
1940,4,1.2300789356231689e+01,1.1969696969696974e-02,1993,1994,8.5514233241505748e-05,mixing_ratio:18.4_m:g_kg-1
1941,2,2.9150500488281250e+02,7.1428571428571461e-03,1943,1944,7.1836734693877413e-05,water_sfc_temperature:0_m:K
1942,-2,-2.0000000000000000e+00,3.9473684210526304e-04,-1,-1,3.5370498614958595e-05,wind_direction:18.4_m:degrees
1943,-2,-2.0000000000000000e+00,4.3113772455089837e-03,-1,-1,5.0873104091218757e-05,wind_direction:18.4_m:degrees
1944,-2,-2.0000000000000000e+00,1.3205128205128211e-02,-1,-1,6.2804076265614203e-05,wind_direction:18.4_m:degrees
1945,-2,-2.0000000000000000e+00,3.3333333333333335e-03,-1,-1,2.2222222222222223e-05,wind_direction:18.4_m:degrees
1946,-2,-2.0000000000000000e+00,1.7360000000000007e-02,-1,-1,7.3830399999999855e-05,wind_direction:18.4_m:degrees
1947,2,2.9003500366210938e+02,-1.3290398126463614e-02,1949,1950,1.7594143005227029e-04,water_sfc_temperature:0_m:K
1948,-2,-2.0000000000000000e+00,-3.0769230769230765e-03,-1,-1,1.5976331360947695e-04,wind_direction:18.4_m:degrees
1949,-2,-2.0000000000000000e+00,-1.1255411255411223e-02,-1,-1,7.8943423099268694e-05,wind_direction:18.4_m:degrees
1950,3,1.0192999877929688e+03,-1.5688775510204044e-02,1951,1952,2.7962762911287211e-04,pressure:18.4_m:hPa
1951,12,1.5674143098294735e-02,-1.4806201550387570e-02,1953,1954,2.0894177032630348e-04,bulk_richardson:18.4_m:none
1952,0,1.0454104614257812e+02,-8.4000000000000005e-02,1961,1962,1.0240000000000049e-03,zenith:0_m:degrees
1953,-2,-2.0000000000000000e+00,-1.1195219123505974e-02,-1,-1,1.0215710861732360e-04,wind_direction:18.4_m:degrees
1954,9,9.0511100769042969e+01,-2.1470588235294116e-02,1955,1956,3.3754325259515816e-04,angle_between_wind_wave:0_m:degrees
1955,-2,-2.0000000000000000e+00,-1.6125000000000007e-02,-1,-1,1.6873437500000010e-04,wind_direction:18.4_m:degrees
1956,0,6.1113183975219727e+01,-2.9107142857142866e-02,1957,1958,4.7955994897959180e-04,zenith:0_m:degrees
1957,6,1.9900000000000000e+02,-4.1304347826086961e-02,1959,1960,6.8960302457466934e-04,wave_direction:0_m:degrees
1958,-2,-2.0000000000000000e+00,-2.0606060606060610e-02,-1,-1,1.5720844811753835e-04,wind_direction:18.4_m:degrees
1959,12,2.7203680016100407e-02,-2.6666666666666668e-02,1965,1966,2.2222222222222174e-04,bulk_richardson:18.4_m:none
1960,3,1.0104500122070312e+03,-6.8750000000000006e-02,1963,1964,4.1093750000000071e-04,pressure:18.4_m:hPa
1961,-2,-2.0000000000000000e+00,-1.0000000000000001e-01,-1,-1,0.0000000000000000e+00,wind_direction:18.4_m:degrees
1962,-2,-2.0000000000000000e+00,-2.0000000000000000e-02,-1,-1,-3.1441863002079629e-18,wind_direction:18.4_m:degrees
1963,-2,-2.0000000000000000e+00,-2.0000000000000000e-02,-1,-1,0.0000000000000000e+00,wind_direction:18.4_m:degrees
1964,-2,-2.0000000000000000e+00,-7.5714285714285720e-02,-1,-1,8.1632653061224775e-05,wind_direction:18.4_m:degrees
1965,-2,-2.0000000000000000e+00,-2.0000000000000000e-02,-1,-1,3.3333333333333132e-05,wind_direction:18.4_m:degrees
1966,-2,-2.0000000000000000e+00,-5.3333333333333337e-02,-1,-1,8.8888888888890086e-05,wind_direction:18.4_m:degrees
1967,-2,-2.0000000000000000e+00,4.7142857142857153e-02,-1,-1,4.8979591836734344e-05,wind_direction:18.4_m:degrees
1968,-2,-2.0000000000000000e+00,6.9523809523809529e-02,-1,-1,8.0725623582764659e-05,wind_direction:18.4_m:degrees
1969,-2,-2.0000000000000000e+00,2.4137931034482751e-03,-1,-1,1.4934601664684901e-04,wind_direction:18.4_m:degrees
1970,-2,-2.0000000000000000e+00,1.4565217391304352e-02,-1,-1,5.0897920604914835e-05,wind_direction:18.4_m:degrees
1971,-2,-2.0000000000000000e+00,6.3636363636363630e-03,-1,-1,3.6776859504132229e-05,wind_direction:18.4_m:degrees
1972,-2,-2.0000000000000000e+00,-1.0909090909090908e-02,-1,-1,1.3553719008264458e-04,wind_direction:18.4_m:degrees
1973,-2,-2.0000000000000000e+00,1.3818181818181818e-01,-1,-1,5.1239669421488526e-05,wind_direction:18.4_m:degrees
1974,-2,-2.0000000000000000e+00,1.1636363636363635e-01,-1,-1,3.5041322314049300e-04,wind_direction:18.4_m:degrees
1975,-2,-2.0000000000000000e+00,1.8681318681318679e-03,-1,-1,5.9147445960632776e-05,wind_direction:18.4_m:degrees
1976,-2,-2.0000000000000000e+00,1.4499999999999999e-02,-1,-1,2.4749999999999951e-05,wind_direction:18.4_m:degrees
1977,12,-2.3435560986399651e-02,6.1666666666666675e-02,1979,1980,4.1388888888888248e-04,bulk_richardson:18.4_m:none
1978,-2,-2.0000000000000000e+00,8.5000000000000006e-02,-1,-1,1.2500000000000878e-04,wind_direction:18.4_m:degrees
1979,-2,-2.0000000000000000e+00,1.2000000000000000e-01,-1,-1,0.0000000000000000e+00,wind_direction:18.4_m:degrees
1980,-2,-2.0000000000000000e+00,5.6363636363636373e-02,-1,-1,1.1404958677685949e-04,wind_direction:18.4_m:degrees
1981,-2,-2.0000000000000000e+00,-2.8064516129032265e-02,-1,-1,9.9479708636836684e-05,wind_direction:18.4_m:degrees
1982,-2,-2.0000000000000000e+00,-8.0000000000000002e-02,-1,-1,6.0715321659188248e-18,wind_direction:18.4_m:degrees
1983,-2,-2.0000000000000000e+00,6.3000000000000000e-02,-1,-1,2.0099999999999979e-04,wind_direction:18.4_m:degrees
1984,-2,-2.0000000000000000e+00,1.0000000000000001e-01,-1,-1,1.0000000000002368e-04,wind_direction:18.4_m:degrees
1985,-2,-2.0000000000000000e+00,2.4242424242424242e-02,-1,-1,2.7897153351698822e-04,wind_direction:18.4_m:degrees
1986,-2,-2.0000000000000000e+00,3.8947368421052633e-02,-1,-1,1.5678670360110719e-04,wind_direction:18.4_m:degrees
1987,3,1.0210500183105469e+03,6.6702127659574464e-02,1989,1990,2.0082616568583081e-04,pressure:18.4_m:hPa
1988,3,1.0337000122070312e+03,5.5862068965517257e-02,1991,1992,1.8287752675386895e-04,pressure:18.4_m:hPa
1989,-2,-2.0000000000000000e+00,6.2727272727272729e-02,-1,-1,1.5316804407713297e-04,wind_direction:18.4_m:degrees
1990,-2,-2.0000000000000000e+00,7.6071428571428581e-02,-1,-1,1.8813775510204567e-04,wind_direction:18.4_m:degrees
1991,-2,-2.0000000000000000e+00,4.7894736842105268e-02,-1,-1,7.9778393351799884e-05,wind_direction:18.4_m:degrees
1992,-2,-2.0000000000000000e+00,7.1000000000000021e-02,-1,-1,2.8999999999997778e-05,wind_direction:18.4_m:degrees
1993,-2,-2.0000000000000000e+00,1.5957446808510644e-02,-1,-1,3.6849253055681050e-05,wind_direction:18.4_m:degrees
1994,-2,-2.0000000000000000e+00,2.1052631578947368e-03,-1,-1,6.9252077562326686e-05,wind_direction:18.4_m:degrees
1995,-2,-2.0000000000000000e+00,1.6564417177914114e-03,-1,-1,2.9771538258873118e-05,wind_direction:18.4_m:degrees
1996,-2,-2.0000000000000000e+00,8.4057971014492756e-03,-1,-1,8.8762864944339257e-05,wind_direction:18.4_m:degrees
1997,4,9.1224436759948730e+00,-2.4168126094570911e-03,2007,2008,9.9763219963133699e-05,mixing_ratio:18.4_m:g_kg-1
1998,5,7.8400001525878906e+01,-4.5486415425065665e-03,1999,2000,1.8027392672602071e-04,relative_humidity:18.4_m:%
1999,2,2.9104499816894531e+02,-1.2686567164179105e-02,2001,2002,7.0920026732011591e-04,water_sfc_temperature:0_m:K
2000,-2,-2.0000000000000000e+00,-4.0409683426443077e-03,-1,-1,1.4288845194871853e-04,wind_direction:18.4_m:degrees
2001,4,1.3609045982360840e+01,-5.7500000000000002e-02,2003,2004,2.2437500000000010e-03,mixing_ratio:18.4_m:g_kg-1
2002,0,2.2308093070983887e+01,-6.6101694915254236e-03,2005,2006,1.9189887963228961e-04,zenith:0_m:degrees
2003,-2,-2.0000000000000000e+00,3.3333333333333335e-03,-1,-1,2.2222222222222203e-05,wind_direction:18.4_m:degrees
2004,-2,-2.0000000000000000e+00,-9.4000000000000000e-02,-1,-1,2.4000000000001451e-05,wind_direction:18.4_m:degrees
2005,-2,-2.0000000000000000e+00,-3.3999999999999996e-02,-1,-1,5.0400000000000032e-04,wind_direction:18.4_m:degrees
2006,-2,-2.0000000000000000e+00,-4.0740740740740746e-03,-1,-1,8.7105624142661193e-05,wind_direction:18.4_m:degrees
2007,-2,-2.0000000000000000e+00,-4.0407470288624774e-03,-1,-1,1.3749239740459653e-04,wind_direction:18.4_m:degrees
2008,-2,-2.0000000000000000e+00,-6.8716094032549762e-04,-1,-1,5.3777357762525283e-05,wind_direction:18.4_m:degrees
2009,-2,-2.0000000000000000e+00,-2.4375000000000001e-02,-1,-1,6.2109374999999882e-05,wind_direction:18.4_m:degrees
2010,-2,-2.0000000000000000e+00,-4.2666666666666665e-02,-1,-1,7.2888888888889263e-05,wind_direction:18.4_m:degrees
2011,12,2.3006847128272057e-02,-4.0880503144654114e-03,2013,2014,1.0907400814841182e-04,bulk_richardson:18.4_m:none
2012,-2,-2.0000000000000000e+00,-1.1764705882352944e-02,-1,-1,1.2825836216839780e-04,wind_direction:18.4_m:degrees
2013,-2,-2.0000000000000000e+00,-5.9003831417624554e-03,-1,-1,5.4840651194198421e-05,wind_direction:18.4_m:degrees
2014,0,6.7503314971923828e+01,4.2105263157894727e-03,2015,2016,2.7349953831948319e-04,zenith:0_m:degrees
2015,12,3.0834955163300037e-02,1.6428571428571428e-02,2017,2018,2.5153061224489798e-04,bulk_richardson:18.4_m:none
2016,-2,-2.0000000000000000e+00,2.3255813953488360e-04,-1,-1,2.1622498647917775e-04,wind_direction:18.4_m:degrees
2017,-2,-2.0000000000000000e+00,4.3333333333333335e-02,-1,-1,2.2222222222222088e-05,wind_direction:18.4_m:degrees
2018,-2,-2.0000000000000000e+00,9.0909090909090922e-03,-1,-1,6.2809917355371992e-05,wind_direction:18.4_m:degrees
2019,-2,-2.0000000000000000e+00,1.2428571428571429e-01,-1,-1,1.1020408163264772e-04,wind_direction:18.4_m:degrees
2020,-2,-2.0000000000000000e+00,1.5400000000000000e-01,-1,-1,2.3999999999999716e-05,wind_direction:18.4_m:degrees
2021,-2,-2.0000000000000000e+00,2.7272727272727271e-03,-1,-1,1.9834710743801656e-05,wind_direction:18.4_m:degrees
2022,-2,-2.0000000000000000e+00,1.9454545454545457e-02,-1,-1,9.6066115702479076e-05,wind_direction:18.4_m:degrees
2023,11,9.5985000610351562e+01,-2.0546874999999992e-02,2025,2026,1.7860717773437583e-04,wind_direction:18.4_m:degrees
2024,-2,-2.0000000000000000e+00,-3.5833333333333335e-02,-1,-1,5.7638888888893527e-05,wind_direction:18.4_m:degrees
2025,-2,-2.0000000000000000e+00,-5.9999999999999998e-02,-1,-1,0.0000000000000000e+00,wind_direction:18.4_m:degrees
2026,4,1.2389990329742432e+01,-1.9920634920634919e-02,2027,2028,1.5634290753338418e-04,mixing_ratio:18.4_m:g_kg-1
2027,-2,-2.0000000000000000e+00,-1.4038461538461543e-02,-1,-1,8.9460059171597364e-05,wind_direction:18.4_m:degrees
2028,4,1.3640496730804443e+01,-2.4054054054054065e-02,2029,2030,1.6194302410518703e-04,mixing_ratio:18.4_m:g_kg-1
2029,-2,-2.0000000000000000e+00,-3.8181818181818178e-02,-1,-1,8.7603305785124552e-05,wind_direction:18.4_m:degrees
2030,-2,-2.0000000000000000e+00,-2.1587301587301592e-02,-1,-1,1.3398841017888574e-04,wind_direction:18.4_m:degrees
2031,-2,-2.0000000000000000e+00,-3.3333333333333335e-03,-1,-1,2.2222222222222223e-05,wind_direction:18.4_m:degrees
2032,-2,-2.0000000000000000e+00,-2.6521739130434784e-02,-1,-1,4.0075614366729350e-05,wind_direction:18.4_m:degrees
2033,12,-3.1549781560897827e-01,7.8125000000000000e-03,2035,2036,3.4208984375000000e-04,bulk_richardson:18.4_m:none
2034,4,6.9398307800292969e+00,-1.3793103448275863e-03,2037,2038,1.5671819262782431e-04,mixing_ratio:18.4_m:g_kg-1
2035,-2,-2.0000000000000000e+00,0.0000000000000000e+00,-1,-1,1.4814814814814815e-05,wind_direction:18.4_m:degrees
2036,-2,-2.0000000000000000e+00,5.0000000000000003e-02,-1,-1,-4.3368086899420177e-19,wind_direction:18.4_m:degrees
2037,-2,-2.0000000000000000e+00,2.2435897435897430e-03,-1,-1,1.6612015121630506e-04,wind_direction:18.4_m:degrees
2038,9,9.0184604644775391e+01,-2.8101265822784820e-03,2039,2040,1.4577407466752151e-04,angle_between_wind_wave:0_m:degrees
2039,9,9.0177547454833984e+01,-6.0736196319018422e-03,2041,2042,2.4961421205163921e-04,angle_between_wind_wave:0_m:degrees
2040,-2,-2.0000000000000000e+00,-5.1724137931034473e-04,-1,-1,6.0077288941735902e-05,wind_direction:18.4_m:degrees
2041,10,6.3051776885986328e+00,-5.1552795031055915e-03,2043,2044,1.8398209945603931e-04,wind_speed:18.4_m:m_s-1
2042,-2,-2.0000000000000000e+00,-8.0000000000000002e-02,-1,-1,1.7347234759768071e-17,wind_direction:18.4_m:degrees
2043,-2,-2.0000000000000000e+00,-4.4230769230769245e-03,-1,-1,1.6569280078895457e-04,wind_direction:18.4_m:degrees
2044,-2,-2.0000000000000000e+00,-2.7999999999999997e-02,-1,-1,2.1599999999999506e-04,wind_direction:18.4_m:degrees
2045,-2,-2.0000000000000000e+00,2.6222222222222225e-01,-1,-1,6.3950617283949074e-04,wind_direction:18.4_m:degrees
2046,-2,-2.0000000000000000e+00,2.3900000000000002e-01,-1,-1,6.9000000000020434e-05,wind_direction:18.4_m:degrees
