Node,feature,threshold,value,children_left,children_right,impurity,feature_name
0,10,1.2034203529357910e+01,-6.1512796554160830e-02,1,2,8.9336990488566095e-03,wind_speed:18.4_m:m_s-1
1,6,2.2450000000000000e+02,-4.2737788888064010e-02,5,6,2.7240512120025769e-03,wave_direction:0_m:degrees
2,10,1.4668381214141846e+01,-3.1056241872561791e-01,3,4,2.4602772111710136e-02,wind_speed:18.4_m:m_s-1
3,11,2.5850500488281250e+02,-2.4379120879120830e-01,15,16,9.8283007285751151e-03,wind_direction:18.4_m:degrees
4,10,1.7220717430114746e+01,-4.7404708520179334e-01,11,12,2.3133733208993701e-02,wind_speed:18.4_m:m_s-1
5,10,8.5981192588806152e+00,-3.5541206790290901e-02,7,8,1.9311444306358652e-03,wind_speed:18.4_m:m_s-1
6,10,9.1557464599609375e+00,-9.3061704211557211e-02,9,10,5.3739952131643832e-03,wind_speed:18.4_m:m_s-1
7,10,6.3914043903350830e+00,-2.3505766507045382e-02,13,14,9.0696501362166329e-04,wind_speed:18.4_m:m_s-1
8,10,1.0063759326934814e+01,-9.4591330244871180e-02,17,18,2.7585192894965041e-03,wind_speed:18.4_m:m_s-1
9,10,6.6307690143585205e+00,-5.7495356037152126e-02,25,26,2.1553057059877667e-03,wind_speed:18.4_m:m_s-1
10,11,2.7375999450683594e+02,-1.5433066666666664e-01,35,36,4.9857253262223233e-03,wind_direction:18.4_m:degrees
11,11,2.6009500122070312e+02,-4.2170769230769201e-01,21,22,1.4283391479290114e-02,wind_direction:18.4_m:degrees
12,11,2.5300499725341797e+02,-6.1462809917355354e-01,45,46,1.9784365822008598e-02,wind_direction:18.4_m:degrees
13,10,4.3749458789825439e+00,-1.5092343114681607e-02,33,34,6.1586983457744893e-04,wind_speed:18.4_m:m_s-1
14,12,-2.9861740767955780e-02,-4.2090682826533742e-02,23,24,1.0482207561732240e-03,bulk_richardson:18.4_m:none
15,10,1.3428845882415771e+01,-1.8627594627594624e-01,41,42,5.4736772114062429e-03,wind_speed:18.4_m:m_s-1
16,10,1.3191758632659912e+01,-2.7830036630036653e-01,19,20,9.2653896335656710e-03,wind_speed:18.4_m:m_s-1
17,12,-2.3378367535769939e-02,-7.5946258306848105e-02,27,28,1.7177769442486860e-03,bulk_richardson:18.4_m:none
18,12,-1.0932456701993942e-02,-1.1957413859852914e-01,31,32,3.0630784175212662e-03,bulk_richardson:18.4_m:none
19,12,-2.9919503256678581e-02,-2.4758666666666673e-01,39,40,7.6799091555555532e-03,bulk_richardson:18.4_m:none
20,6,1.9450000000000000e+02,-3.1575609756097567e-01,43,44,8.6455665278605126e-03,wave_direction:0_m:degrees
21,11,1.0104500198364258e+02,-3.2392307692307698e-01,29,30,1.5326917159763337e-02,wind_direction:18.4_m:degrees
22,7,1.5500000119209290e+00,-4.4615384615384601e-01,75,76,1.1034437869822944e-02,wave_height:0_m:m
23,3,1.0095499877929688e+03,-6.2838574423480259e-02,99,100,1.5318586377999609e-03,pressure:18.4_m:hPa
24,10,7.7628087997436523e+00,-3.4873103850642434e-02,67,68,6.7813442245479808e-04,wind_speed:18.4_m:m_s-1
25,10,5.4133999347686768e+00,-3.5307076101468701e-02,135,136,1.0450659178860579e-03,wind_speed:18.4_m:m_s-1
26,11,2.7005499267578125e+02,-7.6685912240184798e-02,53,54,2.3214648592716006e-03,wind_direction:18.4_m:degrees
27,6,1.6550000000000000e+02,-1.1579341317365265e-01,133,134,2.5525142081107288e-03,wave_direction:0_m:degrees
28,10,9.3819985389709473e+00,-6.6416040100250942e-02,141,142,1.0475562339431251e-03,wind_speed:18.4_m:m_s-1
29,-2,-2.0000000000000000e+00,-8.5999999999999999e-01,-1,-1,0.0000000000000000e+00,wind_direction:18.4_m:degrees
30,5,9.8799999237060547e+01,-3.0690476190476185e-01,115,116,6.4007369614512838e-03,relative_humidity:18.4_m:%
31,11,2.3436499786376953e+02,-1.5681592039800993e-01,63,64,4.1971584861760919e-03,wind_direction:18.4_m:degrees
32,10,1.1260048866271973e+01,-1.0823232323232340e-01,51,52,2.1666732986427399e-03,wind_speed:18.4_m:m_s-1
33,12,-7.7335734367370605e+00,-7.4216555003242526e-03,231,232,5.2512218502676891e-04,bulk_richardson:18.4_m:none
34,12,-3.4044789150357246e-02,-2.1453535263016875e-02,49,50,6.0186608639068036e-04,bulk_richardson:18.4_m:none
35,10,1.0930938243865967e+01,-1.1888689407540390e-01,91,92,2.1829620723999178e-03,wind_speed:18.4_m:m_s-1
36,10,1.0743867874145508e+01,-1.6930955993930197e-01,37,38,5.4149254169535005e-03,wind_speed:18.4_m:m_s-1
37,7,6.5000000596046448e-01,-1.4327909887359208e-01,89,90,3.7154052076986341e-03,wave_height:0_m:m
38,12,-3.8075981661677361e-02,-2.0938342967244691e-01,65,66,5.3822788005686573e-03,bulk_richardson:18.4_m:none
39,11,3.1495500183105469e+02,-2.8960714285714273e-01,71,72,6.9380599489796274e-03,wind_direction:18.4_m:degrees
40,11,3.0880499267578125e+02,-2.2255319148936173e-01,55,56,6.4432684472612856e-03,wind_direction:18.4_m:degrees
41,5,7.6900001525878906e+01,-1.6715008431703191e-01,147,148,3.3465154173623161e-03,relative_humidity:18.4_m:%
42,6,1.5800000000000000e+02,-2.3646017699115052e-01,181,182,7.5768501840394256e-03,wave_direction:0_m:degrees
43,2,2.8427999877929688e+02,-1.9243902439024391e-01,167,168,6.0281975014872050e-03,water_sfc_temperature:0_m:K
44,4,5.3452031612396240e+00,-3.2456445993031369e-01,59,60,7.6687127438721803e-03,mixing_ratio:18.4_m:g_kg-1
45,1,2.3395530700683594e+02,-5.5010869565217413e-01,69,70,1.3935857750472347e-02,azimuth:0_m:degrees
46,10,1.8817430496215820e+01,-6.5419999999999978e-01,47,48,1.9252360000000246e-02,wind_speed:18.4_m:m_s-1
47,9,8.9963253021240234e+01,-6.1633928571428576e-01,175,176,1.1748206313775655e-02,angle_between_wind_wave:0_m:degrees
48,5,9.5500000000000000e+01,-7.6578947368421069e-01,61,62,2.4692797783934961e-02,relative_humidity:18.4_m:%
49,11,2.8220999145507812e+02,-3.0173511970129921e-02,73,74,7.4938785977233223e-04,wind_direction:18.4_m:degrees
50,10,5.7537596225738525e+00,-1.5443536179231268e-02,229,230,4.1166370556988078e-04,wind_speed:18.4_m:m_s-1
51,12,9.9765178747475147e-03,-9.6829819277108306e-02,109,110,1.4626156168347712e-03,bulk_richardson:18.4_m:none
52,3,9.9885000610351562e+02,-1.3145705521472395e-01,125,126,2.7964966220030765e-03,pressure:18.4_m:hPa
53,10,8.2862143516540527e+00,-4.8722943722943640e-02,269,270,8.2455960345571497e-04,wind_speed:18.4_m:m_s-1
54,12,-1.9581981934607029e-02,-8.6858267716535473e-02,57,58,2.4780822741645205e-03,bulk_richardson:18.4_m:none
55,12,-2.1005002781748772e-03,-2.4166172106824929e-01,83,84,5.3283959531209082e-03,bulk_richardson:18.4_m:none
56,11,3.0919499206542969e+02,-1.7413533834586464e-01,111,112,5.9986884504495408e-03,wind_direction:18.4_m:degrees
57,10,7.6185367107391357e+00,-9.4441366574330596e-02,95,96,2.2444478548268535e-03,wind_speed:18.4_m:m_s-1
58,10,6.6619179248809814e+00,-4.2941176470588212e-02,313,314,1.5694243472789205e-03,wind_speed:18.4_m:m_s-1
59,11,3.1886500549316406e+02,-3.3308285163776497e-01,87,88,6.6309584535251542e-03,wind_direction:18.4_m:degrees
60,11,2.9617500305175781e+02,-2.4418181818181825e-01,85,86,1.0315239669420759e-02,wind_direction:18.4_m:degrees
61,4,4.9505860805511475e+00,-7.3657142857142854e-01,113,114,1.3679673469387588e-02,mixing_ratio:18.4_m:g_kg-1
62,3,9.8745001220703125e+02,-1.1066666666666667e+00,321,322,2.7022222222218728e-02,pressure:18.4_m:hPa
63,9,8.8137977600097656e+01,-1.1453947368421055e-01,189,190,3.3787352839335146e-03,angle_between_wind_wave:0_m:degrees
64,0,6.6037891387939453e+01,-1.7106430155210631e-01,129,130,3.6676034041130748e-03,zenith:0_m:degrees
65,11,3.1160499572753906e+02,-2.3227891156462602e-01,117,118,5.1699766301079517e-03,wind_direction:18.4_m:degrees
66,3,9.9764999389648438e+02,-1.7946666666666669e-01,347,348,4.0797155555555367e-03,pressure:18.4_m:hPa
67,12,1.6718744300305843e-02,-2.9805464480874705e-02,187,188,5.3545942369132536e-04,bulk_richardson:18.4_m:none
68,12,-3.3358125947415829e-03,-4.5037264357737909e-02,149,150,8.0947910238018473e-04,bulk_richardson:18.4_m:none
69,6,1.5900000000000000e+02,-5.8194444444444438e-01,97,98,9.3906635802467053e-03,wave_direction:0_m:degrees
70,2,2.8284999084472656e+02,-4.3549999999999994e-01,105,106,1.3514749999999714e-02,water_sfc_temperature:0_m:K
71,4,7.3497423529624939e-01,-3.0942583732057410e-01,221,222,6.4054119640119256e-03,mixing_ratio:18.4_m:g_kg-1
72,0,8.3567886352539062e+01,-2.3126760563380283e-01,357,358,3.9462804999006035e-03,zenith:0_m:degrees
73,1,3.5495663452148438e+02,-2.3625000000000184e-02,461,462,5.4332996323527827e-04,azimuth:0_m:degrees
74,10,5.3031170368194580e+00,-3.9890889252591447e-02,159,160,8.9709666003839937e-04,wind_speed:18.4_m:m_s-1
75,5,5.9250000000000000e+01,-3.9277108433734942e-01,79,80,1.4526056031354345e-02,relative_humidity:18.4_m:%
76,10,1.5325204849243164e+01,-4.5629290617848939e-01,77,78,9.7272185537967959e-03,wind_speed:18.4_m:m_s-1
77,12,-2.0036251284182072e-02,-4.1317880794701989e-01,81,82,8.4296302793737121e-03,bulk_richardson:18.4_m:none
78,11,3.0994000244140625e+02,-4.7905594405594415e-01,93,94,8.9127451220114007e-03,wind_direction:18.4_m:degrees
79,6,2.3150000000000000e+02,-3.6916666666666670e-01,119,120,9.0187500000000198e-03,wave_direction:0_m:degrees
80,9,8.8155506134033203e+01,-5.4727272727272736e-01,165,166,2.3056198347107593e-02,angle_between_wind_wave:0_m:degrees
81,4,1.5164384245872498e+00,-4.6042857142857141e-01,215,216,7.7212448979592507e-03,mixing_ratio:18.4_m:g_kg-1
82,9,8.8738117218017578e+01,-3.7234567901234572e-01,455,456,5.4451150739216470e-03,angle_between_wind_wave:0_m:degrees
83,10,1.2857594966888428e+01,-2.5194630872483209e-01,219,220,4.5049367145623409e-03,wind_speed:18.4_m:m_s-1
84,4,5.9842822551727295e+00,-1.6307692307692309e-01,271,272,4.6366863905327321e-03,mixing_ratio:18.4_m:g_kg-1
85,1,2.1930556488037109e+02,-3.0516129032258066e-01,197,198,7.1088449531736680e-03,azimuth:0_m:degrees
86,1,1.7818630981445312e+02,-1.6541666666666668e-01,453,454,3.4498263888888929e-03,azimuth:0_m:degrees
87,12,-2.4031677283346653e-02,-3.4100217864923743e-01,101,102,6.2508474898067962e-03,bulk_richardson:18.4_m:none
88,5,5.5350000381469727e+01,-2.7250000000000002e-01,233,234,5.3887500000006916e-03,relative_humidity:18.4_m:%
89,1,2.4254534149169922e+02,-9.2380952380952383e-02,315,316,3.2205215419501138e-03,azimuth:0_m:degrees
90,0,5.8944812774658203e+01,-1.4925874125874133e-01,151,152,3.4334365494645101e-03,zenith:0_m:degrees
91,11,2.5526000213623047e+02,-1.0513020833333335e-01,237,238,1.6046705457899539e-03,wind_direction:18.4_m:degrees
92,2,2.7800000000000000e+02,-1.4942196531791907e-01,439,440,2.1141167429582948e-03,water_sfc_temperature:0_m:K
93,3,1.0158500061035156e+03,-4.8983935742971907e-01,139,140,8.2923436718763122e-03,pressure:18.4_m:hPa
94,9,8.8320556640625000e+01,-4.0648648648648650e-01,207,208,7.0390065741426366e-03,angle_between_wind_wave:0_m:degrees
95,0,1.3164741516113281e+02,-7.6210268948655208e-02,625,626,1.2538530974826904e-03,zenith:0_m:degrees
96,11,3.1846998596191406e+02,-1.0550445103857563e-01,169,170,2.5214814341941762e-03,wind_direction:18.4_m:degrees
97,12,3.4161723451688886e-03,-9.0500000000000003e-01,881,882,1.3225000000000042e-02,bulk_richardson:18.4_m:none
98,10,1.8125327110290527e+01,-5.7271428571428562e-01,123,124,6.2140612244899751e-03,wind_speed:18.4_m:m_s-1
99,10,7.8059284687042236e+00,-7.9857904085257503e-02,161,162,1.6252018336178073e-03,wind_speed:18.4_m:m_s-1
100,11,2.7666999816894531e+02,-5.7579582875960530e-02,121,122,1.3858539848972842e-03,wind_direction:18.4_m:degrees
101,2,2.7593000793457031e+02,-3.6542288557213920e-01,257,258,5.4128808692854857e-03,water_sfc_temperature:0_m:K
102,10,1.4173814296722412e+01,-3.2197674418604633e-01,103,104,6.0771002343608521e-03,wind_speed:18.4_m:m_s-1
103,5,8.3150001525878906e+01,-2.9892857142857143e-01,107,108,4.2833758503403319e-03,relative_humidity:18.4_m:%
104,11,3.0952000427246094e+02,-3.6499999999999999e-01,191,192,6.5827777777776597e-03,wind_direction:18.4_m:degrees
105,11,1.2163999938964844e+02,-2.9714285714285715e-01,1147,1148,3.2775510204081509e-03,wind_direction:18.4_m:degrees
106,2,2.8668000793457031e+02,-5.1000000000000001e-01,1093,1094,3.1692307692308130e-03,water_sfc_temperature:0_m:K
107,3,9.8639999389648438e+02,-2.9112499999999997e-01,329,330,3.1999843750000201e-03,pressure:18.4_m:hPa
108,-2,-2.0000000000000000e+00,-4.5499999999999996e-01,-1,-1,3.7500000000040279e-04,wind_direction:18.4_m:degrees
109,11,2.0035499572753906e+02,-1.0370149253731327e-01,273,274,1.1827168634439868e-03,wind_direction:18.4_m:degrees
110,1,3.5361824035644531e+02,-7.5448916408668742e-02,427,428,1.7294424369064289e-03,azimuth:0_m:degrees
111,-2,-2.0000000000000000e+00,1.3000000000000000e-01,-1,-1,0.0000000000000000e+00,wind_direction:18.4_m:degrees
112,4,7.9294114112854004e+00,-1.7877862595419852e-01,225,226,4.6565235126157997e-03,mixing_ratio:18.4_m:g_kg-1
113,0,6.3195611953735352e+01,-7.7923076923076917e-01,267,268,8.1917159763313929e-03,zenith:0_m:degrees
114,1,9.3988212585449219e+01,-6.1333333333333329e-01,661,662,9.0888888888890906e-03,azimuth:0_m:degrees
115,11,1.2530499649047852e+02,-3.1377049180327876e-01,155,156,4.6775866702499502e-03,wind_direction:18.4_m:degrees
116,0,1.3274040985107422e+02,-9.7500000000000003e-02,401,402,1.3668750000001027e-02,zenith:0_m:degrees
117,4,1.1010775566101074e+00,-2.4872549019607840e-01,195,196,4.8483756247596488e-03,mixing_ratio:18.4_m:g_kg-1
118,4,1.1457634568214417e+00,-1.9500000000000003e-01,739,740,3.8961111111109545e-03,mixing_ratio:18.4_m:g_kg-1
119,10,1.5243097782135010e+01,-2.6928571428571429e-01,1003,1004,2.4923469387755082e-03,wind_speed:18.4_m:m_s-1
120,10,1.6178133010864258e+01,-3.9327586206896542e-01,193,194,7.6047859690844266e-03,wind_speed:18.4_m:m_s-1
121,10,7.0665614604949951e+00,-4.8509968520461681e-02,217,218,1.0485667946474745e-03,wind_speed:18.4_m:m_s-1
122,0,6.6446449279785156e+01,-6.7525891829689294e-02,145,146,1.5666060614888608e-03,zenith:0_m:degrees
123,-2,-2.0000000000000000e+00,-4.4666666666666671e-01,-1,-1,4.4444444444441400e-04,wind_direction:18.4_m:degrees
124,9,8.8888282775878906e+01,-5.9131147540983597e-01,359,360,4.3753292125773835e-03,angle_between_wind_wave:0_m:degrees
125,5,9.7650001525878906e+01,-1.8065573770491808e-01,127,128,1.0406127385111513e-02,relative_humidity:18.4_m:%
126,11,1.9448999786376953e+02,-1.2637901861252107e-01,259,260,1.7354502535208219e-03,wind_direction:18.4_m:degrees
127,11,2.6226998901367188e+02,-1.6155172413793101e-01,277,278,3.5234542211652654e-03,wind_direction:18.4_m:degrees
128,-2,-2.0000000000000000e+00,-5.5000000000000004e-01,-1,-1,-1.1102230246251565e-16,wind_direction:18.4_m:degrees
129,11,2.4797999572753906e+02,-1.3049382716049382e-01,819,820,3.1306203322664233e-03,wind_direction:18.4_m:degrees
130,10,1.0902782917022705e+01,-1.7994594594594598e-01,131,132,3.3459430241052565e-03,wind_speed:18.4_m:m_s-1
131,8,9.5000000000000000e+00,-1.5931216931216932e-01,501,502,2.8571988466167993e-03,wave_period:0_m:s
132,7,8.4999999403953552e-01,-2.0149171270718239e-01,381,382,2.9474985501053777e-03,wave_height:0_m:m
133,12,-6.6811863332986832e-02,-8.4776119402985059e-02,919,920,1.9607707730006719e-03,bulk_richardson:18.4_m:none
134,0,6.6066589355468750e+01,-1.2357677902621725e-01,261,262,2.3990044046066101e-03,zenith:0_m:degrees
135,12,-7.4524056166410446e-02,-2.5353925353925329e-02,281,282,7.8163149360059862e-04,bulk_richardson:18.4_m:none
136,12,-4.9702696502208710e-02,-4.6033287101248183e-02,137,138,1.1071500708870565e-03,bulk_richardson:18.4_m:none
137,0,1.0358179092407227e+02,-5.7914798206277970e-02,539,540,1.1528268213718434e-03,zenith:0_m:degrees
138,3,1.0091500244140625e+03,-2.6763636363636347e-02,1961,1962,4.3279867768595940e-04,pressure:18.4_m:hPa
139,3,9.8944998168945312e+02,-4.8426160337552743e-01,153,154,7.9274083569228493e-03,pressure:18.4_m:hPa
140,7,2.1499999761581421e+00,-6.0000000000000009e-01,1787,1788,2.7499999999966440e-03,wave_height:0_m:m
141,12,1.2787553481757641e-02,-6.0501179245282991e-02,143,144,9.2539740426973932e-04,bulk_richardson:18.4_m:none
142,12,-5.1922825150541030e-05,-7.5560619872379317e-02,199,200,1.0987057600531603e-03,bulk_richardson:18.4_m:none
143,12,-9.8473415710031986e-03,-6.5481263776634699e-02,319,320,7.8788374153294753e-04,bulk_richardson:18.4_m:none
144,11,2.8477499389648438e+02,-4.0268656716417897e-02,545,546,9.7395767431493843e-04,wind_direction:18.4_m:degrees
145,7,1.3499999642372131e+00,-2.8876404494382016e-02,613,614,1.7425577578588569e-03,wave_height:0_m:m
146,10,7.9748659133911133e+00,-7.1935897435897428e-02,305,306,1.3566369165022981e-03,wind_speed:18.4_m:m_s-1
147,10,1.2624376773834229e+01,-1.9130681818181819e-01,1025,1026,1.9602240444214908e-03,wind_speed:18.4_m:m_s-1
148,10,1.2372380733489990e+01,-1.5695443645083923e-01,255,256,3.5813720246825678e-03,wind_speed:18.4_m:m_s-1
149,11,2.7507499694824219e+02,-5.5427872860635621e-02,205,206,8.3801985880046885e-04,wind_direction:18.4_m:degrees
150,11,3.4651499938964844e+02,-3.9227614490772389e-02,285,286,6.9940342062511213e-04,wind_direction:18.4_m:degrees
151,5,3.3700000762939453e+01,-9.7446808510638319e-02,541,542,3.7934812132186489e-03,relative_humidity:18.4_m:%
152,11,3.0246499633789062e+02,-1.5290419161676647e-01,249,250,3.2059369285381174e-03,wind_direction:18.4_m:degrees
153,9,8.8770290374755859e+01,-5.6047619047619057e-01,707,708,2.8997732426302991e-03,angle_between_wind_wave:0_m:degrees
154,5,5.1700000762939453e+01,-4.7685185185185186e-01,163,164,7.7965706447188921e-03,relative_humidity:18.4_m:%
155,-2,-2.0000000000000000e+00,-2.2285714285714289e-01,-1,-1,4.2040816326529423e-04,wind_direction:18.4_m:degrees
156,10,1.6413284301757812e+01,-3.2555555555555554e-01,157,158,4.0191358024690704e-03,wind_speed:18.4_m:m_s-1
157,4,1.0662062168121338e+01,-3.0772727272727268e-01,423,424,2.4880165289256351e-03,mixing_ratio:18.4_m:g_kg-1
158,7,1.8999999761581421e+00,-4.0400000000000003e-01,765,766,3.2040000000000679e-03,wave_height:0_m:m
159,12,-1.5858171880245209e-01,-3.1010452961672406e-02,581,582,6.3138316599691577e-04,bulk_richardson:18.4_m:none
160,0,8.0962390899658203e+01,-4.7757201646090458e-02,531,532,1.0007311724161043e-03,zenith:0_m:degrees
161,0,1.3446080780029297e+02,-7.0563725490196044e-02,477,478,1.3151233900423063e-03,zenith:0_m:degrees
162,0,1.4729130554199219e+02,-1.0432258064516130e-01,945,946,1.6155088449531629e-03,zenith:0_m:degrees
163,7,2.2500000000000000e+00,-4.9372413793103448e-01,201,202,8.2150963139120958e-03,wave_height:0_m:m
164,6,2.2950000000000000e+02,-4.4239436619718309e-01,565,566,5.1731402499503032e-03,wave_direction:0_m:degrees
165,4,1.9484676718711853e+00,-3.2499999999999996e-01,1687,1688,7.2250000000000092e-03,mixing_ratio:18.4_m:g_kg-1
166,4,1.5550829768180847e+00,-5.9666666666666668e-01,283,284,1.3155555555555420e-02,mixing_ratio:18.4_m:g_kg-1
167,5,8.8950000762939453e+01,-1.7028571428571426e-01,651,652,2.6942040816326611e-03,relative_humidity:18.4_m:%
168,0,1.2262200164794922e+02,-3.2166666666666666e-01,801,802,5.9138888888888158e-03,zenith:0_m:degrees
169,0,7.3419609069824219e+01,-1.1461368653421636e-01,171,172,2.2385372961225124e-03,zenith:0_m:degrees
170,0,7.5288578033447266e+01,-8.6832579185520370e-02,173,174,2.5827276263794543e-03,zenith:0_m:degrees
171,11,2.9580500793457031e+02,-8.3300970873786420e-02,811,812,2.5036666980865303e-03,wind_direction:18.4_m:degrees
172,12,-9.8997596651315689e-02,-1.2382857142857144e-01,379,380,1.7870563265306137e-03,bulk_richardson:18.4_m:none
173,7,6.5000000596046448e-01,-4.1458333333333340e-02,771,772,2.7124565972222211e-03,wave_height:0_m:m
174,2,2.8524000549316406e+02,-9.9421965317919067e-02,413,414,1.8170069163687391e-03,water_sfc_temperature:0_m:K
175,2,2.7594999694824219e+02,-6.0943925233644858e-01,177,178,1.0547349113459781e-02,water_sfc_temperature:0_m:K
176,12,-1.7183491960167885e-02,-7.6400000000000001e-01,307,308,1.4624000000001636e-02,bulk_richardson:18.4_m:none
177,11,3.1919500732421875e+02,-5.5037037037037040e-01,235,236,9.7961591220850908e-03,wind_direction:18.4_m:degrees
178,9,8.7826583862304688e+01,-6.2937500000000002e-01,179,180,9.2258593750004225e-03,angle_between_wind_wave:0_m:degrees
179,11,2.7347000122070312e+02,-7.3454545454545450e-01,297,298,8.7702479338842565e-03,wind_direction:18.4_m:degrees
180,12,-3.0623586848378181e-02,-6.1260869565217391e-01,247,248,7.2540642722118132e-03,bulk_richardson:18.4_m:none
181,9,8.9705051422119141e+01,-1.4928571428571430e-01,901,902,2.3209183673469358e-03,angle_between_wind_wave:0_m:degrees
182,6,1.5950000000000000e+02,-2.4221698113207549e-01,183,184,7.3889529191883060e-03,wave_direction:0_m:degrees
183,2,2.8135499572753906e+02,-5.7999999999999996e-01,185,186,8.8200000000000112e-02,water_sfc_temperature:0_m:K
184,11,1.3753500366210938e+02,-2.3736842105263170e-01,209,210,4.5677159405691295e-03,wind_direction:18.4_m:degrees
185,-2,-2.0000000000000000e+00,-7.9000000000000004e-01,-1,-1,0.0000000000000000e+00,wind_direction:18.4_m:degrees
186,-2,-2.0000000000000000e+00,-1.6000000000000000e-01,-1,-1,9.3675067702747583e-17,wind_direction:18.4_m:degrees
187,11,3.0032499694824219e+02,-3.2617604617604948e-02,397,398,4.9591870883641765e-04,wind_direction:18.4_m:degrees
188,11,3.5335000610351562e+02,-2.1027027027026989e-02,449,450,5.5714341368392226e-04,wind_direction:18.4_m:degrees
189,11,1.0163500213623047e+02,-5.8965517241379321e-02,917,918,1.9816884661117713e-03,wind_direction:18.4_m:degrees
190,4,9.7119102478027344e+00,-1.2764227642276418e-01,309,310,2.8082622777447254e-03,mixing_ratio:18.4_m:g_kg-1
191,10,1.4226703166961670e+01,-3.5506024096385536e-01,511,512,4.7334301059660244e-03,wind_speed:18.4_m:m_s-1
192,10,1.4308691501617432e+01,-4.8285714285714282e-01,245,246,1.3448979591836718e-02,wind_speed:18.4_m:m_s-1
193,4,9.2845743894577026e-01,-3.7884615384615383e-01,265,266,6.3832840236687227e-03,mixing_ratio:18.4_m:g_kg-1
194,-2,-2.0000000000000000e+00,-5.1833333333333342e-01,-1,-1,7.4722222222167733e-04,wind_direction:18.4_m:degrees
195,3,1.0190000000000000e+03,-2.8222222222222232e-01,467,468,5.1474426807759655e-03,pressure:18.4_m:hPa
196,1,3.1819758605957031e+02,-2.3375886524822689e-01,295,296,3.9894170313365118e-03,azimuth:0_m:degrees
197,1,1.3033547973632812e+02,-2.0874999999999999e-01,1139,1140,2.8609375000000006e-03,azimuth:0_m:degrees
198,10,1.4047649383544922e+01,-3.3869565217391306e-01,527,528,4.2287334593572590e-03,wind_speed:18.4_m:m_s-1
199,4,4.8437404632568359e+00,-8.7465116279069721e-02,419,420,1.0082255273120800e-03,mixing_ratio:18.4_m:g_kg-1
200,11,2.3470500183105469e+02,-6.7886056971514286e-02,227,228,1.0067756226833872e-03,wind_direction:18.4_m:degrees
201,12,-3.7800824269652367e-02,-4.7561224489795922e-01,239,240,7.5797271970011182e-03,bulk_richardson:18.4_m:none
202,6,2.2650000000000000e+02,-5.3148936170212757e-01,203,204,7.4296966953376620e-03,wave_direction:0_m:degrees
203,12,-1.0626578703522682e-02,-5.1390243902439026e-01,429,430,5.3262343842950255e-03,bulk_richardson:18.4_m:none
204,9,8.8732597351074219e+01,-6.5166666666666673e-01,705,706,5.2472222222229026e-03,angle_between_wind_wave:0_m:degrees
205,2,2.9090501403808594e+02,-5.0427728613569277e-02,1049,1050,5.4067250546027765e-04,water_sfc_temperature:0_m:K
206,12,-1.7026064917445183e-02,-7.9642857142857126e-02,727,728,1.5705867346938983e-03,bulk_richardson:18.4_m:none
207,-2,-2.0000000000000000e+00,-5.5499999999999994e-01,-1,-1,1.4250000000000651e-03,wind_direction:18.4_m:degrees
208,10,1.6527959823608398e+01,-3.8848484848484843e-01,487,488,4.7219467401284909e-03,wind_speed:18.4_m:m_s-1
209,-2,-2.0000000000000000e+00,-1.1166666666666668e-01,-1,-1,9.8055555555555222e-04,wind_direction:18.4_m:degrees
210,6,1.8000000000000000e+02,-2.4108374384236464e-01,211,212,4.1929141692348126e-03,wave_direction:0_m:degrees
211,6,1.6350000000000000e+02,-3.0750000000000000e-01,561,562,6.2087500000000267e-03,wave_direction:0_m:degrees
212,12,1.4938768465071917e-02,-2.3382513661202189e-01,213,214,3.4378273462927350e-03,bulk_richardson:18.4_m:none
213,2,2.8387500000000000e+02,-2.4296296296296299e-01,243,244,2.8554183813443226e-03,water_sfc_temperature:0_m:K
214,5,9.8899997711181641e+01,-1.6333333333333333e-01,479,480,2.3174603174601349e-03,relative_humidity:18.4_m:%
215,2,2.7836499023437500e+02,-4.2314285714285710e-01,299,300,7.2672653061224279e-03,water_sfc_temperature:0_m:K
216,5,5.3349998474121094e+01,-4.9771428571428566e-01,279,280,5.3947755102042583e-03,relative_humidity:18.4_m:%
217,4,2.4180423021316528e+00,-3.8683127572016383e-02,327,328,8.4312181408660678e-04,mixing_ratio:18.4_m:g_kg-1
218,11,1.4298999786376953e+02,-5.8736616702355415e-02,291,292,1.0572903722792060e-03,wind_direction:18.4_m:degrees
219,9,8.8405441284179688e+01,-2.4033653846153841e-01,345,346,3.9119059726333005e-03,angle_between_wind_wave:0_m:degrees
220,0,1.0658798599243164e+02,-2.7877777777777779e-01,337,338,4.8440617283947163e-03,zenith:0_m:degrees
221,9,8.8452262878417969e+01,-3.7400000000000000e-01,499,500,4.8539999999999972e-03,angle_between_wind_wave:0_m:degrees
222,9,9.0141506195068359e+01,-3.0259259259259264e-01,223,224,6.0816382520087198e-03,angle_between_wind_wave:0_m:degrees
223,1,2.6479246520996094e+02,-2.8836477987421383e-01,331,332,5.5168229104861077e-03,azimuth:0_m:degrees
224,3,1.0148500061035156e+03,-3.7800000000000006e-01,451,452,2.3159999999999015e-03,pressure:18.4_m:hPa
225,3,1.0193000183105469e+03,-1.8281250000000002e-01,287,288,4.0217773437499632e-03,pressure:18.4_m:hPa
226,-2,-2.0000000000000000e+00,-6.6666666666666654e-03,-1,-1,1.4222222222226547e-03,wind_direction:18.4_m:degrees
227,2,2.9105000305175781e+02,-7.5273109243697470e-02,577,578,6.2744641974436365e-04,water_sfc_temperature:0_m:K
228,12,2.9485919512808323e-02,-4.9476439790575887e-02,721,722,1.4772127957018814e-03,bulk_richardson:18.4_m:none
229,12,3.2213417813181877e-02,-1.2609850313858148e-02,611,612,4.1358945391288087e-04,bulk_richardson:18.4_m:none
230,12,8.9862518943846226e-03,-2.0206980519480645e-02,425,426,3.7223800322038159e-04,bulk_richardson:18.4_m:none
231,-2,-2.0000000000000000e+00,-1.4000000000000001e-01,-1,-1,0.0000000000000000e+00,wind_direction:18.4_m:degrees
232,10,3.5975407361984253e+00,-7.3499837820305766e-03,301,302,5.1589881095227082e-04,wind_speed:18.4_m:m_s-1
233,3,1.0154500122070312e+03,-3.1481481481481477e-01,877,878,3.6323731138546561e-03,pressure:18.4_m:hPa
234,9,8.9813213348388672e+01,-2.3787878787878783e-01,569,570,4.1621671258034176e-03,angle_between_wind_wave:0_m:degrees
235,4,2.9923617839813232e+00,-5.7391304347826089e-01,293,294,7.7455576559546380e-03,mixing_ratio:18.4_m:g_kg-1
236,-2,-2.0000000000000000e+00,-4.1499999999999998e-01,-1,-1,7.5000000000324807e-05,wind_direction:18.4_m:degrees
237,0,6.1581832885742188e+01,-9.4262948207171335e-02,493,494,1.3025444040570700e-03,zenith:0_m:degrees
238,4,1.5250910520553589e+00,-1.2563909774436088e-01,795,796,1.5313584713663835e-03,mixing_ratio:18.4_m:g_kg-1
239,-2,-2.0000000000000000e+00,-3.3250000000000002e-01,-1,-1,3.1874999999999265e-04,wind_direction:18.4_m:degrees
240,11,3.0681500244140625e+02,-4.8170212765957465e-01,241,242,6.9800814848348380e-03,wind_direction:18.4_m:degrees
241,8,6.3499999046325684e+00,-4.7325842696629228e-01,471,472,5.8309556874130697e-03,wave_period:0_m:s
242,6,2.3150000000000000e+02,-6.3200000000000001e-01,1891,1892,3.5760000000002456e-03,wave_direction:0_m:degrees
243,11,2.0331999969482422e+02,-2.2244444444444453e-01,571,572,2.0495802469136307e-03,wind_direction:18.4_m:degrees
244,2,2.9105000305175781e+02,-2.6861111111111113e-01,495,496,2.6786265432097861e-03,water_sfc_temperature:0_m:K
245,-2,-2.0000000000000000e+00,-3.8750000000000001e-01,-1,-1,1.6874999999996754e-04,wind_direction:18.4_m:degrees
246,-2,-2.0000000000000000e+00,-6.0999999999999999e-01,-1,-1,2.8666666666667395e-03,wind_direction:18.4_m:degrees
247,-2,-2.0000000000000000e+00,-4.0999999999999998e-01,-1,-1,0.0000000000000000e+00,wind_direction:18.4_m:degrees
248,10,1.8581321716308594e+01,-6.1865671641791053e-01,389,390,6.2086433504119354e-03,wind_speed:18.4_m:m_s-1
249,12,-2.0189523696899414e-02,-1.6579861111111105e-01,251,252,3.1320011091821032e-03,bulk_richardson:18.4_m:none
250,4,1.2585344314575195e+00,-1.4313157894736839e-01,253,254,3.0404563711911962e-03,mixing_ratio:18.4_m:g_kg-1
251,0,6.3901924133300781e+01,-1.7360000000000014e-01,325,326,2.8910400000000183e-03,zenith:0_m:degrees
252,1,1.5840117645263672e+02,-1.1447368421052632e-01,1129,1130,1.6826177285317861e-03,azimuth:0_m:degrees
253,5,4.2399999618530273e+01,-1.7129411764705885e-01,415,416,3.7359723183390744e-03,relative_humidity:18.4_m:%
254,10,1.0607595920562744e+01,-1.3501694915254248e-01,341,342,2.5456776788279518e-03,wind_speed:18.4_m:m_s-1
255,12,2.2663805633783340e-02,-1.3830065359477126e-01,443,444,4.7918834636250934e-03,bulk_richardson:18.4_m:none
256,12,-1.8446137197315693e-02,-1.6776515151515148e-01,353,354,2.5612933310377416e-03,bulk_richardson:18.4_m:none
257,11,2.9741000366210938e+02,-3.1939393939393934e-01,311,312,5.2359963269054399e-03,wind_direction:18.4_m:degrees
258,11,2.8250999450683594e+02,-3.7446428571428558e-01,365,366,4.9497130102041653e-03,wind_direction:18.4_m:degrees
259,5,9.6399997711181641e+01,-1.4700680272108854e-01,619,620,2.3175713822943776e-03,relative_humidity:18.4_m:%
260,5,8.6400001525878906e+01,-1.1954954954954965e-01,405,406,1.3552024997971705e-03,relative_humidity:18.4_m:%
261,3,1.0104500122070312e+03,-9.3875000000000014e-02,1671,1672,1.5337343749999965e-03,pressure:18.4_m:hPa
262,10,9.3814392089843750e+00,-1.2881057268722471e-01,263,264,2.3686293155310706e-03,wind_speed:18.4_m:m_s-1
263,11,1.5810500335693359e+02,-1.1653846153846156e-01,555,556,1.8857100591715917e-03,wind_direction:18.4_m:degrees
264,11,3.4672500610351562e+02,-1.4525773195876296e-01,403,404,2.5434902752683765e-03,wind_direction:18.4_m:degrees
265,-2,-2.0000000000000000e+00,-1.7999999999999999e-01,-1,-1,0.0000000000000000e+00,wind_direction:18.4_m:degrees
266,9,9.0272220611572266e+01,-3.8680000000000009e-01,375,376,4.9937600000000137e-03,angle_between_wind_wave:0_m:degrees
267,5,4.2849998474121094e+01,-6.7666666666666664e-01,1815,1816,2.6222222222222480e-03,relative_humidity:18.4_m:%
268,2,2.8711499023437500e+02,-8.0999999999999994e-01,871,872,5.7600000000000984e-03,water_sfc_temperature:0_m:K
269,12,-2.1469864062964916e-02,-3.9315960912052049e-02,1023,1024,4.9366889834375296e-04,bulk_richardson:18.4_m:none
270,12,-2.7247550897300243e-02,-6.7354838709677414e-02,491,492,9.5751925078045239e-04,bulk_richardson:18.4_m:none
271,9,8.9563816070556641e+01,-2.1222222222222226e-01,395,396,3.7061728395061666e-03,angle_between_wind_wave:0_m:degrees
272,11,2.7094000244140625e+02,-1.2095238095238095e-01,1317,1318,1.5895691609977333e-03,wind_direction:18.4_m:degrees
273,11,1.1558000183105469e+02,-1.1653374233128831e-01,385,386,1.1478010086943442e-03,wind_direction:18.4_m:degrees
274,7,3.5000000000000000e+00,-9.7540500736376989e-02,275,276,1.0824633817817075e-03,wave_height:0_m:m
275,5,8.1649997711181641e+01,-9.6912850812407719e-02,323,324,9.5191707267052068e-04,relative_humidity:18.4_m:%
276,-2,-2.0000000000000000e+00,-3.1000000000000000e-01,-1,-1,-2.4424906541753444e-15,wind_direction:18.4_m:degrees
277,4,9.5802726745605469e+00,-1.3378378378378378e-01,529,530,2.0073046018992020e-03,mixing_ratio:18.4_m:g_kg-1
278,10,1.1468406677246094e+01,-2.1047619047619051e-01,1011,1012,2.4426303854875459e-03,wind_speed:18.4_m:m_s-1
279,1,2.3812565803527832e+01,-5.2333333333333332e-01,637,638,3.5999999999999921e-03,azimuth:0_m:degrees
280,-2,-2.0000000000000000e+00,-4.1125000000000000e-01,-1,-1,1.7609375000003646e-03,wind_direction:18.4_m:degrees
281,10,3.1401728391647339e+00,-3.1289198606271738e-02,361,362,8.4746688681421826e-04,wind_speed:18.4_m:m_s-1
282,-2,-2.0000000000000000e+00,-8.5714285714285771e-03,-1,-1,2.1421534130893028e-04,wind_direction:18.4_m:degrees
283,-2,-2.0000000000000000e+00,-7.7000000000000002e-01,-1,-1,0.0000000000000000e+00,wind_direction:18.4_m:degrees
284,3,9.8450000000000000e+02,-5.4714285714285715e-01,559,560,5.8775510204081005e-03,pressure:18.4_m:hPa
285,12,2.6225866749882698e-02,-3.8848526387936885e-02,317,318,6.3390371784216907e-04,bulk_richardson:18.4_m:none
286,11,3.5149499511718750e+02,-1.7750000000000002e-01,1075,1076,5.4187500000010963e-03,wind_direction:18.4_m:degrees
287,4,3.0442291498184204e+00,-1.7788617886178865e-01,289,290,3.3093528984070239e-03,mixing_ratio:18.4_m:g_kg-1
288,10,1.2519571781158447e+01,-3.0399999999999999e-01,731,732,6.2639999999995616e-03,wind_speed:18.4_m:m_s-1
289,9,8.9823791503906250e+01,-2.0242424242424245e-01,431,432,2.8153351698806395e-03,angle_between_wind_wave:0_m:degrees
290,3,1.0083500061035156e+03,-1.4947368421052631e-01,777,778,2.3769159741458649e-03,pressure:18.4_m:hPa
291,7,8.4999999403953552e-01,-4.6153846153846129e-02,1083,1084,7.4503616042077836e-04,wave_height:0_m:m
292,11,1.9844999694824219e+02,-7.1373390557939870e-02,437,438,1.0521910515942489e-03,wind_direction:18.4_m:degrees
293,2,2.7583499145507812e+02,-5.9142857142857141e-01,377,378,4.9455782312926022e-03,water_sfc_temperature:0_m:K
294,-2,-2.0000000000000000e+00,-3.9000000000000001e-01,-1,-1,9.9999999998767741e-05,wind_direction:18.4_m:degrees
295,1,1.2324292755126953e+02,-2.2985401459854027e-01,433,434,3.5678618999414116e-03,azimuth:0_m:degrees
296,-2,-2.0000000000000000e+00,-3.6749999999999994e-01,-1,-1,1.8749999999817524e-05,wind_direction:18.4_m:degrees
297,-2,-2.0000000000000000e+00,-6.6000000000000003e-01,-1,-1,8.6666666666668224e-04,wind_direction:18.4_m:degrees
298,0,1.3065543365478516e+02,-8.2400000000000007e-01,1765,1766,3.5839999999996985e-03,zenith:0_m:degrees
299,1,3.1949292182922363e+01,-4.6047619047619048e-01,483,484,7.4331065759637438e-03,azimuth:0_m:degrees
300,-2,-2.0000000000000000e+00,-3.6714285714285716e-01,-1,-1,1.7918367346937691e-03,wind_direction:18.4_m:degrees
301,3,1.0348499755859375e+03,-5.2951998661983713e-03,791,792,5.2101588430109036e-04,pressure:18.4_m:hPa
302,12,-1.0847283527255058e-01,-1.1107033639143719e-02,303,304,4.8470719823431191e-04,bulk_richardson:18.4_m:none
303,12,-6.0631266236305237e-01,-1.8630573248407559e-02,465,466,6.2859176166714164e-04,bulk_richardson:18.4_m:none
304,12,1.7862283857539296e-03,-8.0627147766322467e-03,793,794,3.9431393627259253e-04,bulk_richardson:18.4_m:none
305,11,3.4588999938964844e+02,-6.7350157728706631e-02,675,676,1.2674262854640815e-03,wind_direction:18.4_m:degrees
306,7,7.5000000000000000e-01,-9.1849315068493115e-02,665,666,1.2561690748733503e-03,wave_height:0_m:m
307,-2,-2.0000000000000000e+00,-9.1000000000000003e-01,-1,-1,0.0000000000000000e+00,wind_direction:18.4_m:degrees
308,-2,-2.0000000000000000e+00,-6.6666666666666663e-01,-1,-1,6.8888888888890554e-04,wind_direction:18.4_m:degrees
309,6,1.8250000000000000e+02,-1.2222222222222223e-01,689,690,1.7779677113010459e-03,wave_direction:0_m:degrees
310,12,-1.3504266273230314e-02,-2.3333333333333331e-01,387,388,1.1155555555555731e-02,bulk_richardson:18.4_m:none
311,7,1.6999999880790710e+00,-3.8899999999999996e-01,667,668,3.7290000000000378e-03,wave_height:0_m:m
312,12,-3.8679467514157295e-02,-2.8913043478260869e-01,593,594,2.8688090737239991e-03,bulk_richardson:18.4_m:none
313,-2,-2.0000000000000000e+00,-1.9333333333333336e-01,-1,-1,8.8888888888881412e-05,wind_direction:18.4_m:degrees
314,7,7.5000000000000000e-01,-4.0489130434782597e-02,725,726,1.2187824905482056e-03,wave_height:0_m:m
315,5,7.0200000762939453e+01,-8.0694444444444458e-02,863,864,2.1036844135802497e-03,relative_humidity:18.4_m:%
316,11,3.1647500610351562e+02,-1.6250000000000001e-01,557,558,4.1854166666666602e-03,wind_direction:18.4_m:degrees
317,11,2.6143501281738281e+02,-4.0721649484536090e-02,653,654,5.4351456811867226e-04,wind_direction:18.4_m:degrees
318,12,2.6611986570060253e-02,-1.3663366336633670e-02,1211,1212,1.1677678658954835e-03,bulk_richardson:18.4_m:none
319,5,6.7900001525878906e+01,-7.9233449477351975e-02,587,588,1.0697956755575406e-03,relative_humidity:18.4_m:%
320,11,1.9804999542236328e+02,-6.1806331471135886e-02,411,412,6.4850625413969678e-04,wind_direction:18.4_m:degrees
321,9,8.9597274780273438e+01,-1.0000000000000000e+00,1893,1894,6.4000000000001833e-03,angle_between_wind_wave:0_m:degrees
322,-2,-2.0000000000000000e+00,-1.3200000000000001e+00,-1,-1,-8.8817841970012523e-16,wind_direction:18.4_m:degrees
323,5,4.8299999237060547e+01,-1.1086956521739127e-01,671,672,1.3505482041587958e-03,relative_humidity:18.4_m:%
324,11,2.1895500183105469e+02,-8.9731543624161039e-02,1561,1562,5.9500623095055244e-04,wind_direction:18.4_m:degrees
325,6,2.3450000000000000e+02,-2.7000000000000002e-01,767,768,5.3428571428571353e-03,wave_direction:0_m:degrees
326,6,2.2850000000000000e+02,-1.7082304526748973e-01,457,458,2.5450016088332979e-03,wave_direction:0_m:degrees
327,11,1.0593999862670898e+02,-1.3571428571428573e-01,421,422,7.7387755102040733e-03,wind_direction:18.4_m:degrees
328,12,-2.9923127964138985e-02,-3.7265135699373633e-02,1163,1164,6.0275016235110997e-04,bulk_richardson:18.4_m:none
329,-2,-2.0000000000000000e+00,-4.6999999999999997e-01,-1,-1,0.0000000000000000e+00,wind_direction:18.4_m:degrees
330,10,1.3238400936126709e+01,-2.8886075949367074e-01,905,906,2.8303477006889760e-03,wind_speed:18.4_m:m_s-1
331,5,5.3750000000000000e+01,-2.7375000000000005e-01,333,334,4.9888221153845530e-03,relative_humidity:18.4_m:%
332,3,1.0081999816894531e+03,-3.1600000000000006e-01,363,364,5.3476363636364710e-03,pressure:18.4_m:hPa
333,10,1.2780047416687012e+01,-2.5818181818181823e-01,335,336,4.7577331759149910e-03,wind_speed:18.4_m:m_s-1
334,12,-5.9085858985781670e-02,-3.1814814814814812e-01,861,862,2.9854595336075984e-03,bulk_richardson:18.4_m:none
335,8,4.8500001430511475e+00,-2.3877192982456136e-01,711,712,3.6493690366266943e-03,wave_period:0_m:s
336,2,2.8090000915527344e+02,-3.1350000000000000e-01,787,788,3.7827499999997516e-03,water_sfc_temperature:0_m:K
337,3,1.0183999938964844e+03,-3.0478260869565216e-01,391,392,3.8771266540642835e-03,pressure:18.4_m:hPa
338,12,-2.5624799542129040e-02,-2.5159090909090909e-01,339,340,4.4088326446281162e-03,bulk_richardson:18.4_m:none
339,-2,-2.0000000000000000e+00,-3.9333333333333337e-01,-1,-1,2.2222222222229027e-05,wind_direction:18.4_m:degrees
340,10,1.3187226772308350e+01,-2.4121951219512197e-01,733,734,3.1521713265913187e-03,wind_speed:18.4_m:m_s-1
341,3,1.0104500122070312e+03,-1.3055555555555567e-01,343,344,2.3859876543209473e-03,pressure:18.4_m:hPa
342,10,1.0675583362579346e+01,-1.8319999999999997e-01,1389,1390,1.7337599999999384e-03,wind_speed:18.4_m:m_s-1
343,1,4.8915058135986328e+01,-1.1213675213675212e-01,735,736,2.2715026663744677e-03,azimuth:0_m:degrees
344,4,1.3048586845397949e+00,-1.4464052287581702e-01,969,970,2.0157204493997105e-03,mixing_ratio:18.4_m:g_kg-1
345,8,4.7999999523162842e+00,-2.0711111111111111e-01,967,968,2.7183209876543227e-03,wave_period:0_m:s
346,12,-2.8595611453056335e-02,-2.4950920245398769e-01,447,448,3.8525198539652236e-03,bulk_richardson:18.4_m:none
347,9,9.1308334350585938e+01,-2.4916666666666668e-01,2037,2038,1.7243055555555623e-03,angle_between_wind_wave:0_m:degrees
348,2,2.8761999511718750e+02,-1.7553990610328649e-01,349,350,3.9233000506954177e-03,water_sfc_temperature:0_m:K
349,10,1.1466309547424316e+01,-1.8461077844311388e-01,351,352,3.8607766502921984e-03,wind_speed:18.4_m:m_s-1
350,10,1.1240933895111084e+01,-1.4260869565217391e-01,827,828,2.7671077504725639e-03,wind_speed:18.4_m:m_s-1
351,11,3.0003500366210938e+02,-1.6280000000000000e-01,475,476,2.9134933333333397e-03,wind_direction:18.4_m:degrees
352,11,3.1803500366210938e+02,-2.0239130434782610e-01,407,408,3.9290642722116589e-03,wind_direction:18.4_m:degrees
353,-2,-2.0000000000000000e+00,-3.1000000000000000e-01,-1,-1,0.0000000000000000e+00,wind_direction:18.4_m:degrees
354,5,1.0150000000000000e+02,-1.6613026819923390e-01,355,356,2.3555232600813401e-03,relative_humidity:18.4_m:%
355,9,8.7645420074462891e+01,-1.6447876447876444e-01,445,446,2.0177785065815315e-03,angle_between_wind_wave:0_m:degrees
356,-2,-2.0000000000000000e+00,-3.8000000000000000e-01,-1,-1,1.2767564783189300e-15,wind_direction:18.4_m:degrees
357,11,3.2371499633789062e+02,-1.8263157894736842e-01,1199,1200,3.9772853185595508e-03,wind_direction:18.4_m:degrees
358,6,2.6350000000000000e+02,-2.4903846153846160e-01,609,610,2.7548446745561950e-03,wave_direction:0_m:degrees
359,-2,-2.0000000000000000e+00,-5.5714285714285705e-01,-1,-1,1.5704081632655353e-03,wind_direction:18.4_m:degrees
360,12,-5.9006451629102230e-03,-6.2030303030303025e-01,399,400,4.9241505968780075e-03,bulk_richardson:18.4_m:none
361,-2,-2.0000000000000000e+00,-1.3333333333333338e-02,-1,-1,6.8321513002364087e-04,wind_direction:18.4_m:degrees
362,11,2.4699000549316406e+02,-3.7136258660508029e-02,949,950,7.6177589085226730e-04,wind_direction:18.4_m:degrees
363,3,1.0080000000000000e+03,-3.7833333333333335e-01,373,374,6.3472222222221986e-03,pressure:18.4_m:hPa
364,9,8.8505447387695312e+01,-2.9860465116279072e-01,393,394,3.6817739318549952e-03,angle_between_wind_wave:0_m:degrees
365,9,8.9832267761230469e+01,-3.2739130434782610e-01,497,498,3.5149338374291100e-03,angle_between_wind_wave:0_m:degrees
366,2,2.7686999511718750e+02,-3.8193103448275834e-01,367,368,4.7700642092748380e-03,water_sfc_temperature:0_m:K
367,12,-3.2600140199065208e-02,-4.1195652173913050e-01,369,370,5.5070415879016621e-03,bulk_richardson:18.4_m:none
368,5,4.5299999237060547e+01,-3.6797979797979785e-01,925,926,3.8141006019796475e-03,relative_humidity:18.4_m:%
369,8,5.9000000953674316e+00,-4.7555555555555556e-01,371,372,5.1246913580246523e-03,wave_period:0_m:s
370,10,1.4572049140930176e+01,-3.7107142857142844e-01,1969,1970,1.4809948979591647e-03,wind_speed:18.4_m:m_s-1
371,-2,-2.0000000000000000e+00,-4.5941176470588241e-01,-1,-1,7.3494809688573470e-04,wind_direction:18.4_m:degrees
372,-2,-2.0000000000000000e+00,-7.5000000000000000e-01,-1,-1,0.0000000000000000e+00,wind_direction:18.4_m:degrees
373,6,2.3250000000000000e+02,-3.5727272727272724e-01,1755,1756,1.6016528925619777e-03,wave_direction:0_m:degrees
374,-2,-2.0000000000000000e+00,-6.0999999999999999e-01,-1,-1,0.0000000000000000e+00,wind_direction:18.4_m:degrees
375,6,2.4400000000000000e+02,-3.9375000000000004e-01,595,596,3.9942708333332855e-03,wave_direction:0_m:degrees
376,-2,-2.0000000000000000e+00,-2.2000000000000000e-01,-1,-1,1.5959455978986625e-16,wind_direction:18.4_m:degrees
377,2,2.7428498840332031e+02,-6.2857142857142867e-01,1367,1368,2.9122448979593818e-03,water_sfc_temperature:0_m:K
378,-2,-2.0000000000000000e+00,-5.1714285714285713e-01,-1,-1,7.3469387755109583e-04,wind_direction:18.4_m:degrees
379,5,5.8350000381469727e+01,-1.4707317073170731e-01,481,482,2.5914336704342712e-03,relative_humidity:18.4_m:%
380,6,2.3250000000000000e+02,-1.1671641791044769e-01,867,868,1.3250389841835530e-03,wave_direction:0_m:degrees
381,12,-3.7906860932707787e-02,-1.5583333333333335e-01,1157,1158,2.8576388888888887e-03,bulk_richardson:18.4_m:none
382,2,2.8346499633789062e+02,-2.0847133757961778e-01,383,384,2.5938415351535321e-03,water_sfc_temperature:0_m:K
383,12,-2.2875573486089706e-02,-2.2560439560439566e-01,601,602,2.2619973433160440e-03,bulk_richardson:18.4_m:none
384,2,2.9295999145507812e+02,-1.8484848484848487e-01,635,636,2.0886134067952117e-03,water_sfc_temperature:0_m:K
385,-2,-2.0000000000000000e+00,-6.3157894736842107e-02,-1,-1,8.5318559556786695e-04,wind_direction:18.4_m:degrees
386,3,1.0223500061035156e+03,-1.1983713355048856e-01,911,912,9.7880083608314558e-04,pressure:18.4_m:hPa
387,-2,-2.0000000000000000e+00,-9.5000000000000001e-02,-1,-1,2.5000000000000716e-05,wind_direction:18.4_m:degrees
388,-2,-2.0000000000000000e+00,-3.0249999999999999e-01,-1,-1,2.3687499999999889e-03,wind_direction:18.4_m:degrees
389,11,3.2009999084472656e+02,-6.3087719298245626e-01,753,754,6.2255463219452190e-03,wind_direction:18.4_m:degrees
390,-2,-2.0000000000000000e+00,-5.4900000000000004e-01,-1,-1,4.0899999999949310e-04,wind_direction:18.4_m:degrees
391,12,-1.0306819342076778e-02,-3.1227272727272726e-01,831,832,2.7630165289256325e-03,bulk_richardson:18.4_m:none
392,-2,-2.0000000000000000e+00,-1.4000000000000001e-01,-1,-1,-2.9143354396410359e-16,wind_direction:18.4_m:degrees
393,9,8.8349594116210938e+01,-3.2379310344827594e-01,585,586,2.8580261593341150e-03,angle_between_wind_wave:0_m:degrees
394,11,3.0715499877929688e+02,-2.4642857142857144e-01,1915,1916,1.3515306122448972e-03,wind_direction:18.4_m:degrees
395,-2,-2.0000000000000000e+00,-2.6777777777777778e-01,-1,-1,5.0617283950617209e-04,wind_direction:18.4_m:degrees
396,-2,-2.0000000000000000e+00,-1.5666666666666665e-01,-1,-1,7.3333333333331502e-04,wind_direction:18.4_m:degrees
397,12,-1.9005727954208851e-02,-3.1670222493142587e-02,1099,1100,4.3597902491236988e-04,bulk_richardson:18.4_m:none
398,2,2.7225000000000000e+02,-4.9510869565217351e-02,775,776,1.2633477079393063e-03,water_sfc_temperature:0_m:K
399,7,3.7500000000000000e+00,-7.0666666666666667e-01,1039,1040,3.9555555555555455e-03,wave_height:0_m:m
400,2,2.8656999206542969e+02,-6.0111111111111115e-01,441,442,3.1135802469137164e-03,water_sfc_temperature:0_m:K
401,-2,-2.0000000000000000e+00,-2.9999999999999999e-02,-1,-1,-1.0842021724855044e-19,wind_direction:18.4_m:degrees
402,-2,-2.0000000000000000e+00,-2.9999999999999999e-01,-1,-1,-2.7755575615628914e-17,wind_direction:18.4_m:degrees
403,7,1.5500000119209290e+00,-1.4114754098360657e-01,809,810,2.2877541879422932e-03,wave_height:0_m:m
404,8,6.5000000000000000e+00,-2.1363636363636365e-01,1441,1442,1.8413223140494733e-03,wave_period:0_m:s
405,12,2.2131728008389473e-02,-1.3094339622641515e-01,543,544,1.5962798148807210e-03,bulk_richardson:18.4_m:none
406,10,1.1637273788452148e+01,-1.0913793103448273e-01,1399,1400,9.0787752675384158e-04,wind_speed:18.4_m:m_s-1
407,2,2.7383500671386719e+02,-2.1983333333333330e-01,409,410,3.4183055555555841e-03,water_sfc_temperature:0_m:K
408,10,1.1977320671081543e+01,-1.6968749999999999e-01,509,510,3.2467773437499757e-03,wind_speed:18.4_m:m_s-1
409,-2,-2.0000000000000000e+00,-5.9999999999999998e-02,-1,-1,0.0000000000000000e+00,wind_direction:18.4_m:degrees
410,0,8.3582279205322266e+01,-2.2534482758620697e-01,537,538,2.6248810939357992e-03,zenith:0_m:degrees
411,0,1.0107501602172852e+02,-7.3264604810996559e-02,1319,1320,5.6906744133866909e-04,zenith:0_m:degrees
412,11,3.1469999694824219e+02,-5.7547892720306498e-02,1251,1252,6.1110083527841051e-04,wind_direction:18.4_m:degrees
413,11,3.5032499694824219e+02,-9.1986301369863022e-02,633,634,1.5501641959091809e-03,wind_direction:18.4_m:degrees
414,12,-5.8594066649675369e-02,-1.3962962962962963e-01,1733,1734,1.3443072702331582e-03,bulk_richardson:18.4_m:none
415,8,4.2999999523162842e+00,-1.4461538461538462e-01,1293,1294,1.5684418145956620e-03,wave_period:0_m:s
416,4,9.7278642654418945e-01,-1.9391304347826091e-01,417,418,4.4586011342154439e-03,mixing_ratio:18.4_m:g_kg-1
417,0,1.3741835021972656e+02,-1.5500000000000000e-01,1221,1222,2.5250000000000029e-03,zenith:0_m:degrees
418,1,1.1590885543823242e+02,-2.2958333333333333e-01,579,580,3.5706597222221956e-03,azimuth:0_m:degrees
419,7,2.1499999761581421e+00,-1.1106666666666665e-01,687,688,1.9161955555555572e-03,wave_height:0_m:m
420,11,2.0134500122070312e+02,-8.2478873239436520e-02,979,980,6.7385518746282836e-04,wind_direction:18.4_m:degrees
421,-2,-2.0000000000000000e+00,-2.7000000000000002e-01,-1,-1,0.0000000000000000e+00,wind_direction:18.4_m:degrees
422,-2,-2.0000000000000000e+00,-8.1999999999999990e-02,-1,-1,7.3599999999998927e-04,wind_direction:18.4_m:degrees
423,3,1.0030000000000000e+03,-3.1943661971830983e-01,649,650,2.0334854195596802e-03,pressure:18.4_m:hPa
424,5,9.5549999237060547e+01,-2.5882352941176467e-01,1227,1228,1.4221453287196345e-03,relative_humidity:18.4_m:%
425,3,1.0081499938964844e+03,-2.3705882352941191e-02,1497,1498,3.4227950788157709e-04,pressure:18.4_m:hPa
426,10,5.7541897296905518e+00,-1.4475374732333974e-02,1417,1418,3.6840785184028224e-04,wind_speed:18.4_m:m_s-1
427,4,2.6765968799591064e+00,-7.6833855799372963e-02,749,750,1.4830789791766994e-03,mixing_ratio:18.4_m:g_kg-1
428,2,2.8615998840332031e+02,3.5000000000000003e-02,607,608,9.0249999999987493e-03,water_sfc_temperature:0_m:K
429,1,1.7573720932006836e+01,-4.9419354838709678e-01,631,632,5.0695109261186533e-03,azimuth:0_m:degrees
430,-2,-2.0000000000000000e+00,-5.7499999999999996e-01,-1,-1,1.1849999999999916e-03,wind_direction:18.4_m:degrees
431,0,1.3178016662597656e+02,-2.2232558139534880e-01,883,884,2.2131963223364012e-03,zenith:0_m:degrees
432,11,3.3028500366210938e+02,-1.6521739130434784e-01,1067,1068,1.8162570888468552e-03,wind_direction:18.4_m:degrees
433,3,1.0153500061035156e+03,-2.5314814814814812e-01,435,436,3.3697187928669603e-03,pressure:18.4_m:hPa
434,6,2.4700000000000000e+02,-2.1469879518072291e-01,835,836,3.1140659021627951e-03,wave_direction:0_m:degrees
435,12,-5.7643182575702667e-02,-2.7400000000000002e-01,995,996,2.1890000000000243e-03,bulk_richardson:18.4_m:none
436,-2,-2.0000000000000000e+00,-1.9357142857142856e-01,-1,-1,1.9515306122449214e-03,wind_direction:18.4_m:degrees
437,6,2.2000000000000000e+02,-8.2797202797202790e-02,1529,1530,1.0019658663015379e-03,wave_direction:0_m:degrees
438,11,2.5602499389648438e+02,-5.3222222222222219e-02,1089,1090,5.9517283950617740e-04,wind_direction:18.4_m:degrees
439,-2,-2.0000000000000000e+00,-9.8823529411764727e-02,-1,-1,1.1280276816608946e-03,wind_direction:18.4_m:degrees
440,4,8.3234367370605469e+00,-1.5493589743589747e-01,459,460,1.9121753780407570e-03,mixing_ratio:18.4_m:g_kg-1
441,-2,-2.0000000000000000e+00,-5.7368421052631569e-01,-1,-1,9.1800554016630009e-04,wind_direction:18.4_m:degrees
442,3,9.8950000000000000e+02,-6.6625000000000001e-01,2011,2012,2.2984374999996393e-03,pressure:18.4_m:hPa
443,1,1.5128276824951172e+02,-1.4120805369127518e-01,503,504,4.5891446331246324e-03,azimuth:0_m:degrees
444,-2,-2.0000000000000000e+00,-2.9999999999999999e-02,-1,-1,2.9999999999974188e-04,wind_direction:18.4_m:degrees
445,-2,-2.0000000000000000e+00,-1.2280000000000001e-01,-1,-1,6.1215999999999875e-04,wind_direction:18.4_m:degrees
446,2,2.8253999328613281e+02,-1.6893162393162398e-01,659,660,1.9625337862517363e-03,water_sfc_temperature:0_m:K
447,-2,-2.0000000000000000e+00,-3.4599999999999997e-01,-1,-1,2.4000000000010124e-05,wind_direction:18.4_m:degrees
448,1,2.5655281829833984e+02,-2.4645569620253169e-01,681,682,3.6697163916039194e-03,azimuth:0_m:degrees
449,5,8.6850002288818359e+01,-2.0829576194770019e-02,719,720,5.1437041469865833e-04,relative_humidity:18.4_m:%
450,-2,-2.0000000000000000e+00,-2.3999999999999999e-01,-1,-1,-1.1518563880485999e-15,wind_direction:18.4_m:degrees
451,-2,-2.0000000000000000e+00,-4.1294117647058826e-01,-1,-1,7.3840830449828365e-04,wind_direction:18.4_m:degrees
452,-2,-2.0000000000000000e+00,-3.3230769230769230e-01,-1,-1,6.9467455621297081e-04,wind_direction:18.4_m:degrees
453,11,3.0588000488281250e+02,-1.0777777777777779e-01,769,770,3.3061728395061725e-03,wind_direction:18.4_m:degrees
454,-2,-2.0000000000000000e+00,-2.0000000000000004e-01,-1,-1,3.4666666666665485e-04,wind_direction:18.4_m:degrees
455,1,1.0571609878540039e+02,-3.4382352941176464e-01,473,474,4.5177335640138871e-03,azimuth:0_m:degrees
456,2,2.7490499877929688e+02,-3.9297872340425538e-01,489,490,5.1017655047532473e-03,water_sfc_temperature:0_m:K
457,0,1.3745899200439453e+02,-1.4820895522388056e-01,1245,1246,1.9221652929383021e-03,zenith:0_m:degrees
458,5,6.6750000000000000e+01,-1.7943181818181830e-01,627,628,2.5133135330578371e-03,relative_humidity:18.4_m:%
459,8,5.4500000476837158e+00,-1.6234848484848491e-01,657,658,1.7694846189164129e-03,wave_period:0_m:s
460,-2,-2.0000000000000000e+00,-1.1416666666666671e-01,-1,-1,7.3263888888890592e-04,wind_direction:18.4_m:degrees
461,4,2.6670932769775391e+00,-2.3306213017751598e-02,939,940,4.7471984305520309e-04,mixing_ratio:18.4_m:g_kg-1
462,0,1.5720718383789062e+02,-7.7500000000000013e-02,463,464,9.2187500000001348e-03,zenith:0_m:degrees
463,11,2.6099500274658203e+02,-3.5384615384615396e-02,1233,1234,1.8863905325443777e-03,wind_direction:18.4_m:degrees
464,-2,-2.0000000000000000e+00,-2.6000000000000001e-01,-1,-1,1.3877787807814457e-17,wind_direction:18.4_m:degrees
465,-2,-2.0000000000000000e+00,2.6818181818181821e-02,-1,-1,8.4896694214876064e-04,wind_direction:18.4_m:degrees
466,12,-5.6618258357048035e-01,-1.9717391304347746e-02,535,536,5.7274621928166537e-04,bulk_richardson:18.4_m:none
467,4,1.0340013504028320e+00,-2.9178571428571426e-01,469,470,4.6182397959183275e-03,mixing_ratio:18.4_m:g_kg-1
468,12,-8.2712762057781219e-02,-2.0571428571428571e-01,1801,1802,2.7959183673467725e-03,bulk_richardson:18.4_m:none
469,8,5.8500001430511475e+00,-2.8120000000000006e-01,639,640,3.9785600000000060e-03,wave_period:0_m:s
470,-2,-2.0000000000000000e+00,-3.8000000000000006e-01,-1,-1,1.2333333333334473e-03,wind_direction:18.4_m:degrees
471,3,9.9414999389648438e+02,-4.7568181818181809e-01,517,518,5.3745351239667949e-03,pressure:18.4_m:hPa
472,-2,-2.0000000000000000e+00,-2.6000000000000001e-01,-1,-1,6.9111383282915995e-15,wind_direction:18.4_m:degrees
473,5,5.7500000000000000e+01,-3.8058823529411756e-01,783,784,3.4996539792388204e-03,relative_humidity:18.4_m:%
474,1,1.4474796295166016e+02,-3.0705882352941183e-01,1091,1092,2.8325259515571410e-03,azimuth:0_m:degrees
475,1,2.8292852783203125e+02,-1.8914285714285714e-01,605,606,2.8821224489795974e-03,azimuth:0_m:degrees
476,11,3.0052999877929688e+02,-1.3974999999999999e-01,1217,1218,1.8024375000000072e-03,wind_direction:18.4_m:degrees
477,7,9.4999998807907104e-01,-6.6440677966101633e-02,957,958,1.2393086277889499e-03,wave_height:0_m:m
478,9,9.0462219238281250e+01,-9.7592592592592578e-02,915,916,9.7013031550077268e-04,angle_between_wind_wave:0_m:degrees
479,-2,-2.0000000000000000e+00,-1.7842105263157890e-01,-1,-1,1.7119113573407091e-04,wind_direction:18.4_m:degrees
480,-2,-2.0000000000000000e+00,-2.0000000000000000e-02,-1,-1,-4.4777549723651333e-17,wind_direction:18.4_m:degrees
481,12,-1.7520181834697723e-01,-1.3157894736842105e-01,1235,1236,1.5641735918744265e-03,bulk_richardson:18.4_m:none
482,3,1.0208000183105469e+03,-1.8239999999999998e-01,553,554,3.1382400000000352e-03,pressure:18.4_m:hPa
483,-2,-2.0000000000000000e+00,-3.7800000000000000e-01,-1,-1,2.1599999999999397e-04,wind_direction:18.4_m:degrees
484,0,6.5610282897949219e+01,-4.8625000000000002e-01,485,486,6.8984374999999931e-03,zenith:0_m:degrees
485,-2,-2.0000000000000000e+00,-3.6999999999999994e-01,-1,-1,2.6666666666672056e-04,wind_direction:18.4_m:degrees
486,4,7.2550863027572632e-01,-5.1307692307692299e-01,953,954,4.5905325443787448e-03,mixing_ratio:18.4_m:g_kg-1
487,12,-1.8918652087450027e-02,-3.4571428571428575e-01,525,526,4.7673469387754935e-03,bulk_richardson:18.4_m:none
488,2,2.7573500061035156e+02,-4.1999999999999998e-01,965,966,2.3473684210527090e-03,water_sfc_temperature:0_m:K
489,-2,-2.0000000000000000e+00,-5.9999999999999998e-01,-1,-1,0.0000000000000000e+00,wind_direction:18.4_m:degrees
490,4,1.5576123595237732e+00,-3.8847826086956533e-01,643,644,4.2607277882797667e-03,mixing_ratio:18.4_m:g_kg-1
491,-2,-2.0000000000000000e+00,-8.7903225806451643e-02,-1,-1,9.0689386056191056e-04,wind_direction:18.4_m:degrees
492,-2,-2.0000000000000000e+00,-5.3655913978494632e-02,-1,-1,5.2211816394959112e-04,wind_direction:18.4_m:degrees
493,3,1.0071000061035156e+03,-7.7234042553191495e-02,1421,1422,7.2426437301946565e-04,pressure:18.4_m:hPa
494,0,6.2124498367309570e+01,-1.0445859872611464e-01,641,642,1.3712036999472526e-03,zenith:0_m:degrees
495,11,2.4145999908447266e+02,-2.7455882352941174e-01,909,910,2.0042171280277021e-03,wind_direction:18.4_m:degrees
496,9,9.1298938751220703e+01,-1.6749999999999998e-01,1907,1908,3.3187499999993431e-03,angle_between_wind_wave:0_m:degrees
497,9,8.8762710571289062e+01,-3.1818181818181818e-01,1487,1488,1.7239669421487691e-03,angle_between_wind_wave:0_m:degrees
498,-2,-2.0000000000000000e+00,-5.3000000000000003e-01,-1,-1,-3.3306690738754696e-16,wind_direction:18.4_m:degrees
499,-2,-2.0000000000000000e+00,-3.0333333333333340e-01,-1,-1,2.1222222222221920e-03,wind_direction:18.4_m:degrees
500,6,2.4350000000000000e+02,-4.0428571428571430e-01,993,994,2.9673469387755391e-03,wave_direction:0_m:degrees
501,3,1.0116000061035156e+03,-1.6202185792349733e-01,551,552,2.7166771178595943e-03,pressure:18.4_m:hPa
502,-2,-2.0000000000000000e+00,-7.6666666666666661e-02,-1,-1,8.8888888889171111e-05,wind_direction:18.4_m:degrees
503,1,1.3957047271728516e+02,-1.6166666666666668e-01,505,506,8.6172222222222136e-03,azimuth:0_m:degrees
504,6,1.3500000000000000e+02,-1.2741573033707862e-01,1033,1034,1.4011867188486252e-03,wave_direction:0_m:degrees
505,3,1.0048999938964844e+03,-1.4982758620689657e-01,1315,1316,1.2879013079666983e-03,pressure:18.4_m:hPa
506,9,9.0026287078857422e+01,-5.0500000000000000e-01,507,508,9.9225000000000174e-02,angle_between_wind_wave:0_m:degrees
507,-2,-2.0000000000000000e+00,-1.9000000000000000e-01,-1,-1,0.0000000000000000e+00,wind_direction:18.4_m:degrees
508,-2,-2.0000000000000000e+00,-8.1999999999999995e-01,-1,-1,-2.2204460492503131e-16,wind_direction:18.4_m:degrees
509,9,8.9029819488525391e+01,-1.6033333333333336e-01,1043,1044,2.0632222222222232e-03,angle_between_wind_wave:0_m:degrees
510,-2,-2.0000000000000000e+00,-3.1000000000000000e-01,-1,-1,4.1633363423443370e-17,wind_direction:18.4_m:degrees
511,3,1.0022999877929688e+03,-3.9777777777777779e-01,513,514,8.5283950617283943e-03,pressure:18.4_m:hPa
512,4,1.4040915369987488e+00,-3.4323076923076923e-01,847,848,3.0372544378698407e-03,mixing_ratio:18.4_m:g_kg-1
513,5,4.6800001144409180e+01,-3.5999999999999993e-01,1819,1820,1.7230769230769105e-03,relative_humidity:18.4_m:%
514,11,2.8946499633789062e+02,-4.9600000000000000e-01,515,516,1.2864000000000014e-02,wind_direction:18.4_m:degrees
515,9,8.8002365112304688e+01,-4.1333333333333333e-01,1853,1854,4.3555555555555847e-03,angle_between_wind_wave:0_m:degrees
516,-2,-2.0000000000000000e+00,-6.2000000000000000e-01,-1,-1,-5.5511151231257827e-17,wind_direction:18.4_m:degrees
517,-2,-2.0000000000000000e+00,-3.6000000000000004e-01,-1,-1,0.0000000000000000e+00,wind_direction:18.4_m:degrees
518,8,5.2500000000000000e+00,-4.7976470588235298e-01,519,520,5.0752387543253064e-03,wave_period:0_m:s
519,1,2.3912374877929688e+02,-4.4136363636363635e-01,603,604,3.9845041322314201e-03,azimuth:0_m:degrees
520,4,1.1228752732276917e+00,-4.9317460317460315e-01,521,522,4.7613504661124517e-03,mixing_ratio:18.4_m:g_kg-1
521,3,1.0136999816894531e+03,-5.5142857142857149e-01,1155,1156,2.9265306122448487e-03,pressure:18.4_m:hPa
522,4,1.9118552803993225e+00,-4.7653061224489790e-01,523,524,4.0389837567680054e-03,mixing_ratio:18.4_m:g_kg-1
523,11,3.0066000366210938e+02,-4.4857142857142857e-01,1009,1010,3.2765306122449767e-03,wind_direction:18.4_m:degrees
524,10,1.5910439014434814e+01,-5.1380952380952372e-01,647,648,2.6235827664399247e-03,wind_speed:18.4_m:m_s-1
525,-2,-2.0000000000000000e+00,-4.5000000000000001e-01,-1,-1,1.7999999999999960e-03,wind_direction:18.4_m:degrees
526,6,1.9000000000000000e+02,-3.1727272727272732e-01,1599,1600,1.8016528925619557e-03,wave_direction:0_m:degrees
527,0,1.1294331741333008e+02,-3.1062500000000004e-01,747,748,2.1808593749999688e-03,zenith:0_m:degrees
528,0,1.0558423995971680e+02,-4.0285714285714291e-01,1281,1282,2.9918367346938868e-03,zenith:0_m:degrees
529,-2,-2.0000000000000000e+00,-1.0916666666666665e-01,-1,-1,8.3263888888888624e-04,wind_direction:18.4_m:degrees
530,-2,-2.0000000000000000e+00,-1.7923076923076925e-01,-1,-1,9.9171597633138098e-04,wind_direction:18.4_m:degrees
531,12,-1.3287491351366043e-01,-3.4022346368715060e-02,533,534,1.6854967073437165e-03,bulk_richardson:18.4_m:none
532,12,-6.5619871020317078e-02,-5.0857503152585082e-02,629,630,7.9396834534205523e-04,bulk_richardson:18.4_m:none
533,4,1.0602362155914307e+00,-7.6666666666666680e-03,1151,1152,1.8345555555555559e-03,mixing_ratio:18.4_m:g_kg-1
534,7,2.0000000000000000e+00,-4.7310924369747889e-02,575,576,1.0835251747757942e-03,wave_height:0_m:m
535,9,9.0226181030273438e+01,-9.1249999999999998e-02,781,782,4.1109375000000017e-03,angle_between_wind_wave:0_m:degrees
536,4,1.6939345598220825e+00,-1.9089912280701667e-02,1403,1404,4.9643051227300956e-04,mixing_ratio:18.4_m:g_kg-1
537,5,3.9599998474121094e+01,-2.6500000000000001e-01,709,710,2.4694444444444408e-03,relative_humidity:18.4_m:%
538,0,1.5313278198242188e+02,-2.0750000000000007e-01,1071,1072,1.6687499999999689e-03,zenith:0_m:degrees
539,11,3.0195500183105469e+02,-4.5094339622641484e-02,763,764,1.4300225465764815e-03,wind_direction:18.4_m:degrees
540,12,-1.1195601895451546e-01,-6.5017421602787381e-02,971,972,8.5775230972817609e-04,bulk_richardson:18.4_m:none
541,-2,-2.0000000000000000e+00,-2.0999999999999999e-01,-1,-1,6.9388939039072284e-18,wind_direction:18.4_m:degrees
542,1,9.3361980438232422e+01,-8.9772727272727296e-02,895,896,3.1294938016528905e-03,azimuth:0_m:degrees
543,9,9.0920509338378906e+01,-1.3189573459715642e-01,1021,1022,1.4115720671143833e-03,angle_between_wind_wave:0_m:degrees
544,-2,-2.0000000000000000e+00,7.0000000000000007e-02,-1,-1,-1.6896206656014101e-15,wind_direction:18.4_m:degrees
545,8,4.9500000476837158e+00,-4.4486301369862993e-02,1547,1548,5.5418816851191596e-04,wave_period:0_m:s
546,10,9.2689967155456543e+00,-1.1627906976744189e-02,547,548,2.8833964305029791e-03,wind_speed:18.4_m:m_s-1
547,-2,-2.0000000000000000e+00,-3.3000000000000008e-02,-1,-1,1.0076666666666671e-03,wind_direction:18.4_m:degrees
548,5,6.5200000762939453e+01,3.7692307692307699e-02,549,550,3.7254437869822504e-03,relative_humidity:18.4_m:%
549,-2,-2.0000000000000000e+00,-3.4000000000000002e-02,-1,-1,4.6399999999999979e-04,wind_direction:18.4_m:degrees
550,-2,-2.0000000000000000e+00,8.2500000000000004e-02,-1,-1,5.4374999999999996e-04,wind_direction:18.4_m:degrees
551,12,-3.7619186565279961e-02,-1.7043478260869568e-01,693,694,2.8563327032135738e-03,bulk_richardson:18.4_m:none
552,8,6.0499999523162842e+00,-1.3622222222222227e-01,1491,1492,1.4057283950617699e-03,wave_period:0_m:s
553,12,-1.2780370563268661e-01,-1.6772727272727272e-01,1223,1224,1.7721074380165451e-03,bulk_richardson:18.4_m:none
554,-2,-2.0000000000000000e+00,-2.8999999999999998e-01,-1,-1,-6.9388939039072284e-17,wind_direction:18.4_m:degrees
555,-2,-2.0000000000000000e+00,-2.3000000000000001e-01,-1,-1,0.0000000000000000e+00,wind_direction:18.4_m:degrees
556,0,1.6084957885742188e+02,-1.1521400778210109e-01,617,618,1.7556935002800960e-03,zenith:0_m:degrees
557,-2,-2.0000000000000000e+00,-2.8999999999999998e-01,-1,-1,0.0000000000000000e+00,wind_direction:18.4_m:degrees
558,-2,-2.0000000000000000e+00,-1.3700000000000001e-01,-1,-1,1.1209999999999935e-03,wind_direction:18.4_m:degrees
559,-2,-2.0000000000000000e+00,-7.2999999999999998e-01,-1,-1,0.0000000000000000e+00,wind_direction:18.4_m:degrees
560,-2,-2.0000000000000000e+00,-5.1666666666666661e-01,-1,-1,3.5555555555549789e-04,wind_direction:18.4_m:degrees
561,-2,-2.0000000000000000e+00,-5.0000000000000000e-01,-1,-1,0.0000000000000000e+00,wind_direction:18.4_m:degrees
562,11,1.3948500061035156e+02,-2.9736842105263162e-01,563,564,4.4825484764542817e-03,wind_direction:18.4_m:degrees
563,-2,-2.0000000000000000e+00,-4.8999999999999999e-01,-1,-1,0.0000000000000000e+00,wind_direction:18.4_m:degrees
564,12,1.6850051470100880e-02,-2.8666666666666668e-01,1471,1472,2.5555555555555748e-03,bulk_richardson:18.4_m:none
565,11,2.6451501464843750e+02,-4.3840579710144922e-01,567,568,4.7583280823356999e-03,wind_direction:18.4_m:degrees
566,-2,-2.0000000000000000e+00,-5.7999999999999996e-01,-1,-1,-7.2164496600635175e-16,wind_direction:18.4_m:degrees
567,12,-6.1685377731919289e-03,-4.9799999999999994e-01,1225,1226,2.7960000000000762e-03,bulk_richardson:18.4_m:none
568,10,1.5399025440216064e+01,-4.2830508474576284e-01,589,590,4.3869577707556784e-03,wind_speed:18.4_m:m_s-1
569,-2,-2.0000000000000000e+00,-2.0249999999999999e-01,-1,-1,2.3687500000000097e-03,wind_direction:18.4_m:degrees
570,9,8.9885368347167969e+01,-2.7117647058823530e-01,1095,1096,3.5633217993079752e-03,angle_between_wind_wave:0_m:degrees
571,-2,-2.0000000000000000e+00,-2.5666666666666665e-01,-1,-1,9.3888888888890576e-04,wind_direction:18.4_m:degrees
572,10,1.3992279052734375e+01,-2.1000000000000002e-01,573,574,1.8727272727272481e-03,wind_speed:18.4_m:m_s-1
573,-2,-2.0000000000000000e+00,-1.8594594594594593e-01,-1,-1,1.0132943754565873e-03,wind_direction:18.4_m:degrees
574,9,9.0589561462402344e+01,-2.4068965517241381e-01,1239,1240,1.2891795481568200e-03,angle_between_wind_wave:0_m:degrees
575,6,2.2250000000000000e+02,-4.2522522522522511e-02,1669,1670,7.9724048372697065e-04,wave_direction:0_m:degrees
576,-2,-2.0000000000000000e+00,-1.1374999999999999e-01,-1,-1,3.2343749999999907e-04,wind_direction:18.4_m:degrees
577,-2,-2.0000000000000000e+00,-6.9166666666666696e-02,-1,-1,4.3788580246913525e-04,wind_direction:18.4_m:degrees
578,2,2.9236999511718750e+02,-8.8289473684210515e-02,857,858,7.8260041551245305e-04,water_sfc_temperature:0_m:K
579,-2,-2.0000000000000000e+00,-2.9833333333333334e-01,-1,-1,8.1388888888889177e-04,wind_direction:18.4_m:degrees
580,1,2.4462476348876953e+02,-2.0666666666666667e-01,1325,1326,2.3888888888888918e-03,azimuth:0_m:degrees
581,0,7.0517147064208984e+01,-3.8879551820728275e-02,583,584,8.7437484797840779e-04,zenith:0_m:degrees
582,-2,-2.0000000000000000e+00,-2.5436507936507848e-02,-1,-1,3.8433327034517251e-04,wind_direction:18.4_m:degrees
583,0,7.0299526214599609e+01,-1.6515151515151517e-02,789,790,1.5136134067952251e-03,zenith:0_m:degrees
584,11,2.9994499206542969e+02,-4.3951890034364186e-02,1387,1388,5.9022448955491926e-04,wind_direction:18.4_m:degrees
585,-2,-2.0000000000000000e+00,-3.1153846153846154e-01,-1,-1,1.3668639053253662e-03,wind_direction:18.4_m:degrees
586,-2,-2.0000000000000000e+00,-4.2999999999999999e-01,-1,-1,3.2000000000003137e-03,wind_direction:18.4_m:degrees
587,7,1.0500000119209290e+00,-9.8648648648648640e-02,1621,1622,7.2790357925493071e-04,wave_height:0_m:m
588,3,1.0081499938964844e+03,-7.2488262910798115e-02,981,982,1.0121184068416630e-03,pressure:18.4_m:hPa
589,-2,-2.0000000000000000e+00,-3.5333333333333333e-01,-1,-1,2.2222222222222088e-04,wind_direction:18.4_m:degrees
590,2,2.7624499511718750e+02,-4.3679245283018864e-01,591,592,4.1500889996439749e-03,water_sfc_temperature:0_m:K
591,8,6.5000000000000000e+00,-4.8066666666666669e-01,845,846,5.1928888888888858e-03,wave_period:0_m:s
592,10,1.6126269340515137e+01,-4.1947368421052622e-01,655,656,2.6786703601108797e-03,wind_speed:18.4_m:m_s-1
593,5,4.9500000000000000e+01,-2.3888888888888887e-01,1743,1744,1.6098765432098899e-03,relative_humidity:18.4_m:%
594,-2,-2.0000000000000000e+00,-3.2142857142857145e-01,-1,-1,1.0122448979591608e-03,wind_direction:18.4_m:degrees
595,11,3.1404499816894531e+02,-4.0428571428571430e-01,597,598,3.3911564625850044e-03,wind_direction:18.4_m:degrees
596,9,8.9779647827148438e+01,-3.2000000000000001e-01,2019,2020,1.9999999999997103e-03,angle_between_wind_wave:0_m:degrees
597,6,2.3300000000000000e+02,-4.2960000000000009e-01,599,600,3.0038400000000076e-03,wave_direction:0_m:degrees
598,1,1.3367810821533203e+02,-3.6705882352941177e-01,1557,1558,1.6325259515570789e-03,azimuth:0_m:degrees
599,-2,-2.0000000000000000e+00,-3.5200000000000004e-01,-1,-1,5.7599999999997931e-04,wind_direction:18.4_m:degrees
600,11,3.1074499511718750e+02,-4.4900000000000001e-01,1335,1336,1.7289999999998973e-03,wind_direction:18.4_m:degrees
601,11,2.7281500244140625e+02,-2.3904761904761909e-01,933,934,1.9451247165533161e-03,wind_direction:18.4_m:degrees
602,10,1.1461122035980225e+01,-1.9535714285714281e-01,1679,1680,1.6534438775508559e-03,wind_speed:18.4_m:m_s-1
603,-2,-2.0000000000000000e+00,-4.6625000000000005e-01,-1,-1,1.6859375000001231e-03,wind_direction:18.4_m:degrees
604,4,1.1075029969215393e+00,-3.7500000000000000e-01,1249,1250,4.0583333333332194e-03,mixing_ratio:18.4_m:g_kg-1
605,10,1.0824801445007324e+01,-1.8121212121212116e-01,937,938,1.9561065197428867e-03,wind_speed:18.4_m:m_s-1
606,-2,-2.0000000000000000e+00,-3.2000000000000001e-01,-1,-1,1.5265566588595902e-16,wind_direction:18.4_m:degrees
607,-2,-2.0000000000000000e+00,1.3000000000000000e-01,-1,-1,0.0000000000000000e+00,wind_direction:18.4_m:degrees
608,-2,-2.0000000000000000e+00,-5.9999999999999998e-02,-1,-1,-8.6736173798840355e-19,wind_direction:18.4_m:degrees
609,8,4.2500000000000000e+00,-2.4379999999999999e-01,991,992,2.1515599999999691e-03,wave_period:0_m:s
610,-2,-2.0000000000000000e+00,-3.8000000000000000e-01,-1,-1,1.6653345369377348e-16,wind_direction:18.4_m:degrees
611,5,9.8450000762939453e+01,-1.4183514774494650e-02,1141,1142,3.1428669557792023e-04,relative_humidity:18.4_m:%
612,5,7.1099998474121094e+01,-7.1521035598705327e-03,807,808,7.1961332621149675e-04,relative_humidity:18.4_m:%
613,9,8.8895973205566406e+01,-2.1772151898734181e-02,615,616,1.2500240346098388e-03,angle_between_wind_wave:0_m:degrees
614,4,2.4583789110183716e+00,-8.5000000000000006e-02,1615,1616,2.0850000000000053e-03,mixing_ratio:18.4_m:g_kg-1
615,-2,-2.0000000000000000e+00,7.0000000000000007e-02,-1,-1,0.0000000000000000e+00,wind_direction:18.4_m:degrees
616,12,-1.8514429032802582e-01,-2.6666666666666672e-02,1213,1214,8.4355555555555583e-04,bulk_richardson:18.4_m:none
617,8,8.8499999046325684e+00,-1.1393700787401573e-01,1125,1126,1.6356810713621765e-03,wave_period:0_m:s
618,-2,-2.0000000000000000e+00,-2.2333333333333336e-01,-1,-1,8.8888888888825901e-05,wind_direction:18.4_m:degrees
619,11,1.3158000183105469e+02,-1.4032258064516134e-01,623,624,1.0208636836628072e-03,wind_direction:18.4_m:degrees
620,3,1.0073999938964844e+03,-1.8304347826086961e-01,621,622,7.7689981096408373e-03,pressure:18.4_m:hPa
621,12,1.3245726469904184e-02,-4.2000000000000004e-01,645,646,1.6899999999999998e-02,bulk_richardson:18.4_m:none
622,3,1.0128999938964844e+03,-1.6047619047619049e-01,1905,1906,1.0426303854875058e-03,pressure:18.4_m:hPa
623,-2,-2.0000000000000000e+00,-9.5000000000000015e-02,-1,-1,3.9772727272726661e-04,wind_direction:18.4_m:degrees
624,0,1.1980654144287109e+02,-1.5009803921568632e-01,1935,1936,6.1665705497884055e-04,zenith:0_m:degrees
625,2,2.8058999633789062e+02,-6.8844621513944201e-02,1329,1330,1.2731670925858335e-03,water_sfc_temperature:0_m:K
626,1,2.7985331726074219e+02,-8.7911392405063293e-02,1509,1510,1.0000680980612377e-03,azimuth:0_m:degrees
627,5,3.5099998474121094e+01,-1.7409090909090918e-01,977,978,2.3410566706021027e-03,relative_humidity:18.4_m:%
628,12,-3.6346595734357834e-02,-2.1681818181818180e-01,825,826,2.1216942148758050e-03,bulk_richardson:18.4_m:none
629,10,5.3071649074554443e+00,-5.4491803278688467e-02,697,698,8.0375812953507398e-04,wind_speed:18.4_m:m_s-1
630,7,2.0499999523162842e+00,-3.8743169398907082e-02,1321,1322,5.7055152438112108e-04,wave_height:0_m:m
631,-2,-2.0000000000000000e+00,-5.9666666666666668e-01,-1,-1,1.7555555555555102e-03,wind_direction:18.4_m:degrees
632,11,2.7745500183105469e+02,-4.8321428571428571e-01,669,670,4.1789540816326576e-03,wind_direction:18.4_m:degrees
633,8,4.8500001430511475e+00,-9.4893617021276577e-02,1175,1176,1.3583220159951725e-03,wave_period:0_m:s
634,-2,-2.0000000000000000e+00,-1.0000000000000000e-02,-1,-1,-1.3864235280658388e-17,wind_direction:18.4_m:degrees
635,8,6.4500000476837158e+00,-1.7984126984126983e-01,785,786,1.6364827412446437e-03,wave_period:0_m:s
636,-2,-2.0000000000000000e+00,-2.8999999999999998e-01,-1,-1,-1.6653345369377348e-16,wind_direction:18.4_m:degrees
637,5,4.9000000000000000e+01,-6.4999999999999991e-01,1895,1896,6.4000000000000723e-03,relative_humidity:18.4_m:%
638,5,5.0699998855590820e+01,-5.1319999999999988e-01,1583,1584,1.9897599999998961e-03,relative_humidity:18.4_m:%
639,1,2.1534030151367188e+02,-2.7583333333333332e-01,737,738,3.4243055555555346e-03,azimuth:0_m:degrees
640,-2,-2.0000000000000000e+00,-4.0999999999999998e-01,-1,-1,2.4980018054066022e-16,wind_direction:18.4_m:degrees
641,11,2.3405500030517578e+02,-2.3500000000000001e-01,1337,1338,9.0249999999999914e-03,wind_direction:18.4_m:degrees
642,12,-1.0676400735974312e-02,-1.0277419354838709e-01,855,856,1.0497232049948013e-03,bulk_richardson:18.4_m:none
643,-2,-2.0000000000000000e+00,-2.6000000000000001e-01,-1,-1,0.0000000000000000e+00,wind_direction:18.4_m:degrees
644,12,-5.7374036405235529e-03,-3.9431818181818185e-01,701,702,3.6699896694213918e-03,bulk_richardson:18.4_m:none
645,-2,-2.0000000000000000e+00,-5.5000000000000004e-01,-1,-1,0.0000000000000000e+00,wind_direction:18.4_m:degrees
646,-2,-2.0000000000000000e+00,-2.8999999999999998e-01,-1,-1,-1.3877787807814457e-17,wind_direction:18.4_m:degrees
647,-2,-2.0000000000000000e+00,-4.7916666666666669e-01,-1,-1,8.2430555555568219e-04,wind_direction:18.4_m:degrees
648,-2,-2.0000000000000000e+00,-5.6000000000000005e-01,-1,-1,1.2888888888888395e-03,wind_direction:18.4_m:degrees
649,3,9.9300000000000000e+02,-3.4343750000000001e-01,1131,1132,2.3725585937499627e-03,pressure:18.4_m:hPa
650,-2,-2.0000000000000000e+00,-2.9974358974358972e-01,-1,-1,8.9480604865228852e-04,wind_direction:18.4_m:degrees
651,1,3.3982179260253906e+02,-2.0600000000000002e-01,1459,1460,1.8773333333333281e-03,azimuth:0_m:degrees
652,9,9.0184795379638672e+01,-1.4350000000000002e-01,935,936,1.6327500000000127e-03,angle_between_wind_wave:0_m:degrees
653,1,3.4374642944335938e+02,-4.3095022624434300e-02,987,988,4.5738916074608994e-04,azimuth:0_m:degrees
654,0,1.1460921096801758e+02,-3.0355731225296435e-02,891,892,7.8762049086846279e-04,zenith:0_m:degrees
655,-2,-2.0000000000000000e+00,-4.4208333333333322e-01,-1,-1,8.5815972222230696e-04,wind_direction:18.4_m:degrees
656,1,2.0989533233642578e+02,-3.8071428571428567e-01,779,780,3.4209183673470644e-03,azimuth:0_m:degrees
657,11,2.6383500671386719e+02,-1.5733333333333341e-01,1377,1378,1.5262222222221927e-03,wind_direction:18.4_m:degrees
658,7,1.5499999523162842e+00,-2.1249999999999999e-01,1633,1634,1.4354166666667167e-03,wave_height:0_m:m
659,10,1.3316401958465576e+01,-1.5317647058823525e-01,859,860,1.7346159169550415e-03,wind_speed:18.4_m:m_s-1
660,12,1.7553759738802910e-02,-1.7791946308724843e-01,1117,1118,1.8701680104499518e-03,bulk_richardson:18.4_m:none
661,-2,-2.0000000000000000e+00,-5.0000000000000000e-01,-1,-1,0.0000000000000000e+00,wind_direction:18.4_m:degrees
662,0,1.0943466186523438e+02,-6.4571428571428569e-01,663,664,6.9673469387754872e-03,zenith:0_m:degrees
663,-2,-2.0000000000000000e+00,-5.6000000000000005e-01,-1,-1,1.8000000000000238e-03,wind_direction:18.4_m:degrees
664,-2,-2.0000000000000000e+00,-7.0999999999999996e-01,-1,-1,1.2000000000000899e-03,wind_direction:18.4_m:degrees
665,-2,-2.0000000000000000e+00,-7.4354838709677420e-02,-1,-1,1.1181321540062444e-03,wind_direction:18.4_m:degrees
666,12,-1.2270252034068108e-01,-1.0476190476190475e-01,1711,1712,9.6541950113380147e-04,bulk_richardson:18.4_m:none
667,-2,-2.0000000000000000e+00,-4.4600000000000001e-01,-1,-1,8.6399999999997590e-04,wind_direction:18.4_m:degrees
668,-2,-2.0000000000000000e+00,-3.3200000000000002e-01,-1,-1,9.6000000000040497e-05,wind_direction:18.4_m:degrees
669,4,2.8533848524093628e+00,-4.4090909090909086e-01,985,986,3.8264462809917688e-03,mixing_ratio:18.4_m:g_kg-1
670,-2,-2.0000000000000000e+00,-5.1058823529411779e-01,-1,-1,2.4996539792386807e-03,wind_direction:18.4_m:degrees
671,-2,-2.0000000000000000e+00,-2.0000000000000001e-01,-1,-1,4.4999999999999207e-04,wind_direction:18.4_m:degrees
672,3,1.0013499755859375e+03,-1.0929203539823000e-01,673,674,1.2233925914323825e-03,pressure:18.4_m:hPa
673,1,9.8839855194091797e+01,-1.4178571428571429e-01,1967,1968,1.1075255102040819e-03,azimuth:0_m:degrees
674,6,1.7950000000000000e+02,-1.0469696969696968e-01,2023,2024,1.0693526170799036e-03,wave_direction:0_m:degrees
675,12,-2.8199280798435211e-01,-6.4629294755876962e-02,799,800,1.0574123063742374e-03,bulk_richardson:18.4_m:none
676,1,1.3371667480468750e+02,-8.5925925925925961e-02,677,678,2.3056241426612049e-03,azimuth:0_m:degrees
677,0,8.1549114227294922e+01,-9.8281250000000028e-02,679,680,1.8298583984374915e-03,zenith:0_m:degrees
678,3,1.0202500000000000e+03,-3.9411764705882361e-02,1581,1582,1.3584775086505189e-03,pressure:18.4_m:hPa
679,9,9.0112163543701172e+01,-1.7000000000000001e-01,2017,2018,2.1749999999999964e-03,angle_between_wind_wave:0_m:degrees
680,1,8.4622699737548828e+01,-8.8035714285714314e-02,2045,2046,9.4078443877550297e-04,azimuth:0_m:degrees
681,3,1.0058500061035156e+03,-2.3650943396226418e-01,717,718,3.5246084015663481e-03,pressure:18.4_m:hPa
682,3,9.9425000000000000e+02,-2.6673076923076922e-01,683,684,3.3527736686390641e-03,pressure:18.4_m:hPa
683,-2,-2.0000000000000000e+00,-3.7666666666666665e-01,-1,-1,2.2222222222229027e-05,wind_direction:18.4_m:degrees
684,7,2.1499999761581421e+00,-2.6000000000000001e-01,685,686,2.7714285714285913e-03,wave_height:0_m:m
685,0,1.2724890518188477e+02,-2.6553191489361705e-01,1203,1204,2.1225894069714646e-03,zenith:0_m:degrees
686,-2,-2.0000000000000000e+00,-1.3000000000000000e-01,-1,-1,3.9999999999990044e-04,wind_direction:18.4_m:degrees
687,8,4.8500001430511475e+00,-1.0033898305084744e-01,869,870,1.5286986498132711e-03,wave_period:0_m:s
688,8,9.5000000000000000e+00,-1.5062499999999998e-01,1851,1852,1.3558593750000111e-03,wave_period:0_m:s
689,7,1.3499999642372131e+00,-1.3746031746031748e-01,691,692,1.6189468379944581e-03,wave_height:0_m:m
690,1,3.5011457824707031e+02,-1.0444444444444445e-01,1593,1594,1.3765432098765407e-03,azimuth:0_m:degrees
691,-2,-2.0000000000000000e+00,-1.2777777777777780e-01,-1,-1,7.1358024691356783e-04,wind_direction:18.4_m:degrees
692,12,-2.7894438244402409e-02,-1.9555555555555554e-01,1975,1976,3.1135802469135568e-03,bulk_richardson:18.4_m:none
693,9,9.0174098968505859e+01,-1.9333333333333336e-01,695,696,3.7174603174603138e-03,angle_between_wind_wave:0_m:degrees
694,10,1.0102180004119873e+01,-1.6041666666666668e-01,1097,1098,2.1498263888888765e-03,wind_speed:18.4_m:m_s-1
695,11,2.9611000061035156e+02,-2.1866666666666662e-01,1705,1706,2.2382222222222178e-03,wind_direction:18.4_m:degrees
696,0,9.2856273651123047e+01,-1.3000000000000003e-01,1385,1386,1.8000000000000030e-03,zenith:0_m:degrees
697,9,9.0708000183105469e+01,-1.2666666666666668e-01,699,700,7.4888888888888852e-03,angle_between_wind_wave:0_m:degrees
698,11,3.1366500854492188e+02,-5.3774834437086014e-02,1341,1342,6.8508837331696321e-04,wind_direction:18.4_m:degrees
699,-2,-2.0000000000000000e+00,-4.3333333333333335e-02,-1,-1,1.0888888888888895e-03,wind_direction:18.4_m:degrees
700,-2,-2.0000000000000000e+00,-2.0999999999999999e-01,-1,-1,6.9388939039072284e-18,wind_direction:18.4_m:degrees
701,0,1.5069615173339844e+02,-4.0694444444444450e-01,703,704,3.3545524691359352e-03,zenith:0_m:degrees
702,-2,-2.0000000000000000e+00,-3.3749999999999997e-01,-1,-1,1.1437499999994855e-03,wind_direction:18.4_m:degrees
703,3,1.0106499938964844e+03,-4.1228571428571442e-01,1309,1310,2.4233469387755224e-03,pressure:18.4_m:hPa
704,-2,-2.0000000000000000e+00,-2.2000000000000000e-01,-1,-1,6.0368376963992887e-16,wind_direction:18.4_m:degrees
705,-2,-2.0000000000000000e+00,-4.8999999999999999e-01,-1,-1,0.0000000000000000e+00,wind_direction:18.4_m:degrees
706,-2,-2.0000000000000000e+00,-6.8399999999999994e-01,-1,-1,2.4000000000024002e-05,wind_direction:18.4_m:degrees
707,-2,-2.0000000000000000e+00,-5.2363636363636357e-01,-1,-1,1.0231404958678247e-03,wind_direction:18.4_m:degrees
708,3,9.8644998168945312e+02,-6.0099999999999998e-01,1757,1758,1.8289999999996365e-03,pressure:18.4_m:hPa
709,-2,-2.0000000000000000e+00,-3.1714285714285717e-01,-1,-1,3.6326530612243446e-04,wind_direction:18.4_m:degrees
710,-2,-2.0000000000000000e+00,-2.3181818181818190e-01,-1,-1,9.7851239669422690e-04,wind_direction:18.4_m:degrees
711,-2,-2.0000000000000000e+00,-2.0578947368421052e-01,-1,-1,4.0332409972299033e-04,wind_direction:18.4_m:degrees
712,2,2.7691999816894531e+02,-2.5526315789473686e-01,713,714,4.4565096952908917e-03,water_sfc_temperature:0_m:K
713,4,1.3465886712074280e+00,-2.2809523809523805e-01,833,834,3.3773242630385156e-03,mixing_ratio:18.4_m:g_kg-1
714,5,5.1100000381469727e+01,-2.8882352941176470e-01,715,716,3.7515570934256309e-03,relative_humidity:18.4_m:%
715,3,1.0025499877929688e+03,-3.2900000000000001e-01,1307,1308,2.2890000000000132e-03,pressure:18.4_m:hPa
716,-2,-2.0000000000000000e+00,-2.3142857142857140e-01,-1,-1,2.4081632653060597e-04,wind_direction:18.4_m:degrees
717,4,2.8851417303085327e+00,-2.2035714285714286e-01,885,886,3.3891581632653420e-03,mixing_ratio:18.4_m:g_kg-1
718,11,2.9282499694824219e+02,-2.5459999999999999e-01,1349,1350,3.0568399999999080e-03,wind_direction:18.4_m:degrees
719,7,3.8500000238418579e+00,-1.3830845771144257e-02,1149,1150,7.0771268037919904e-04,wave_height:0_m:m
720,10,7.0734643936157227e+00,-2.4809052333804711e-02,1955,1956,3.6074854606091148e-04,wind_speed:18.4_m:m_s-1
721,0,4.9650339126586914e+01,-5.1559139784946237e-02,1301,1302,1.1411174702277761e-03,zenith:0_m:degrees
722,0,6.9244512557983398e+01,2.7999999999999997e-02,723,724,7.8160000000000226e-03,zenith:0_m:degrees
723,-2,-2.0000000000000000e+00,1.9000000000000000e-01,-1,-1,0.0000000000000000e+00,wind_direction:18.4_m:degrees
724,-2,-2.0000000000000000e+00,-1.2500000000000001e-02,-1,-1,1.5687500000000007e-03,wind_direction:18.4_m:degrees
725,12,-1.3580455910414457e-02,-2.5569620253164563e-02,841,842,1.4272071783368047e-03,bulk_richardson:18.4_m:none
726,3,1.0157500000000000e+03,-5.1714285714285706e-02,853,854,7.6848979591837008e-04,pressure:18.4_m:hPa
727,2,2.7530499267578125e+02,-9.3835616438356168e-02,729,730,1.7852880465378130e-03,water_sfc_temperature:0_m:K
728,3,1.0038499755859375e+03,-6.4179104477611951e-02,1811,1812,8.7805747382490879e-04,pressure:18.4_m:hPa
729,-2,-2.0000000000000000e+00,-1.6666666666666666e-01,-1,-1,5.8888888888888880e-04,wind_direction:18.4_m:degrees
730,0,1.4103348541259766e+02,-8.7313432835820909e-02,1485,1486,1.3748719091111567e-03,zenith:0_m:degrees
731,-2,-2.0000000000000000e+00,-4.0000000000000002e-01,-1,-1,0.0000000000000000e+00,wind_direction:18.4_m:degrees
732,-2,-2.0000000000000000e+00,-2.3999999999999999e-01,-1,-1,1.9999999999999879e-04,wind_direction:18.4_m:degrees
733,0,1.1545709609985352e+02,-2.5138888888888888e-01,1747,1748,2.6397376543210033e-03,zenith:0_m:degrees
734,-2,-2.0000000000000000e+00,-1.6799999999999998e-01,-1,-1,7.3600000000001095e-04,wind_direction:18.4_m:degrees
735,11,3.0527000427246094e+02,-1.5000000000000002e-01,1411,1412,1.4777777777777758e-03,wind_direction:18.4_m:degrees
736,3,9.9989999389648438e+02,-1.0525252525252526e-01,865,866,2.1077645138251246e-03,pressure:18.4_m:hPa
737,1,2.1118357086181641e+02,-2.4333333333333332e-01,1283,1284,2.9444444444444648e-03,azimuth:0_m:degrees
738,3,1.0115000000000000e+03,-2.9533333333333328e-01,805,806,2.6982222222222130e-03,pressure:18.4_m:hPa
739,6,2.4550000000000000e+02,-2.2100000000000000e-01,743,744,2.7823333333333380e-03,wave_direction:0_m:degrees
740,9,8.8667015075683594e+01,-1.8200000000000000e-01,741,742,3.9460000000000051e-03,angle_between_wind_wave:0_m:degrees
741,6,2.4050000000000000e+02,-1.2416666666666666e-01,1137,1138,2.6909722222222248e-03,wave_direction:0_m:degrees
742,11,3.1528500366210938e+02,-1.9645833333333329e-01,745,746,3.2145399305555794e-03,wind_direction:18.4_m:degrees
743,11,3.4661000061035156e+02,-2.3423076923076930e-01,1077,1078,1.7705621301774971e-03,wind_direction:18.4_m:degrees
744,-2,-2.0000000000000000e+00,-1.3500000000000001e-01,-1,-1,8.2500000000006873e-04,wind_direction:18.4_m:degrees
745,2,2.8096499633789062e+02,-2.5111111111111112e-01,1287,1288,3.2987654320987686e-03,water_sfc_temperature:0_m:K
746,8,5.7999999523162842e+00,-1.8384615384615391e-01,1419,1420,2.3467455621302077e-03,wave_period:0_m:s
747,-2,-2.0000000000000000e+00,-2.7222222222222225e-01,-1,-1,5.0617283950610270e-04,wind_direction:18.4_m:degrees
748,-2,-2.0000000000000000e+00,-3.5999999999999993e-01,-1,-1,5.5511151231257827e-17,wind_direction:18.4_m:degrees
749,-2,-2.0000000000000000e+00,-1.3750000000000001e-01,-1,-1,1.0937500000000010e-03,wind_direction:18.4_m:degrees
750,11,1.9873500061035156e+02,-7.5273311897106093e-02,751,752,1.3959863938545055e-03,wind_direction:18.4_m:degrees
751,-2,-2.0000000000000000e+00,-9.2597402597402595e-02,-1,-1,5.1013661663012327e-04,wind_direction:18.4_m:degrees
752,12,2.9071773402392864e-02,-6.9572649572649595e-02,1381,1382,1.5562276280224946e-03,bulk_richardson:18.4_m:none
753,11,3.0707499694824219e+02,-6.3629629629629647e-01,755,756,5.9529492455416833e-03,wind_direction:18.4_m:degrees
754,-2,-2.0000000000000000e+00,-5.3333333333333333e-01,-1,-1,1.0888888888873627e-03,wind_direction:18.4_m:degrees
755,3,1.0075499877929688e+03,-6.2119047619047618e-01,757,758,6.0723922902490846e-03,pressure:18.4_m:hPa
756,0,9.7308090209960938e+01,-6.8916666666666659e-01,2001,2002,1.9409722222231696e-03,zenith:0_m:degrees
757,12,-1.6069674864411354e-02,-6.3342857142857123e-01,759,760,5.5825306122446738e-03,bulk_richardson:18.4_m:none
758,4,3.0856629610061646e+00,-5.5999999999999994e-01,1229,1230,4.0285714285719365e-03,mixing_ratio:18.4_m:g_kg-1
759,-2,-2.0000000000000000e+00,-3.9000000000000001e-01,-1,-1,0.0000000000000000e+00,wind_direction:18.4_m:degrees
760,12,-1.4790973160415888e-02,-6.4058823529411779e-01,761,762,3.9525951557095040e-03,bulk_richardson:18.4_m:none
761,-2,-2.0000000000000000e+00,-7.9000000000000004e-01,-1,-1,0.0000000000000000e+00,wind_direction:18.4_m:degrees
762,1,7.5320358276367188e+01,-6.3124999999999987e-01,1511,1512,2.7171874999998846e-03,azimuth:0_m:degrees
763,11,2.8890499877929688e+02,-5.8750000000000004e-02,1803,1804,8.0843750000000100e-04,wind_direction:18.4_m:degrees
764,1,1.2234377288818359e+02,-3.1265822784810139e-02,1515,1516,1.6794103509053041e-03,azimuth:0_m:degrees
765,-2,-2.0000000000000000e+00,-5.2000000000000002e-01,-1,-1,0.0000000000000000e+00,wind_direction:18.4_m:degrees
766,10,1.6483254432678223e+01,-3.9111111111111113e-01,1623,1624,1.8987654320987701e-03,wind_speed:18.4_m:m_s-1
767,-2,-2.0000000000000000e+00,-2.9666666666666669e-01,-1,-1,1.2555555555555514e-03,wind_direction:18.4_m:degrees
768,-2,-2.0000000000000000e+00,-1.1000000000000000e-01,-1,-1,-1.3357370765021415e-16,wind_direction:18.4_m:degrees
769,-2,-2.0000000000000000e+00,-8.7499999999999994e-02,-1,-1,1.8749999999997935e-05,wind_direction:18.4_m:degrees
770,-2,-2.0000000000000000e+00,-2.7000000000000002e-01,-1,-1,2.7755575615628914e-17,wind_direction:18.4_m:degrees
771,10,7.8142518997192383e+00,-3.1219512195121948e-02,1467,1468,1.4985127900059491e-03,wind_speed:18.4_m:m_s-1
772,5,3.9500000000000000e+01,-1.0142857142857144e-01,773,774,5.6122448979591729e-03,relative_humidity:18.4_m:%
773,-2,-2.0000000000000000e+00,-2.1500000000000000e-01,-1,-1,6.2500000000000749e-04,wind_direction:18.4_m:degrees
774,-2,-2.0000000000000000e+00,-5.6000000000000008e-02,-1,-1,3.8399999999999936e-04,wind_direction:18.4_m:degrees
775,-2,-2.0000000000000000e+00,-1.7000000000000001e-01,-1,-1,0.0000000000000000e+00,wind_direction:18.4_m:degrees
776,4,1.3437494754791260e+01,-4.8186813186813178e-02,1007,1008,1.1159431228112593e-03,mixing_ratio:18.4_m:g_kg-1
777,5,6.8000000000000000e+01,-1.3777777777777780e-01,963,964,2.0261728395061865e-03,relative_humidity:18.4_m:%
778,-2,-2.0000000000000000e+00,-1.9333333333333333e-01,-1,-1,1.2555555555555445e-03,wind_direction:18.4_m:degrees
779,-2,-2.0000000000000000e+00,-4.0454545454545454e-01,-1,-1,1.6247933884298016e-03,wind_direction:18.4_m:degrees
780,-2,-2.0000000000000000e+00,-2.9333333333333333e-01,-1,-1,2.8888888888896347e-04,wind_direction:18.4_m:degrees
781,-2,-2.0000000000000000e+00,-1.3333333333333331e-02,-1,-1,1.0888888888888888e-03,wind_direction:18.4_m:degrees
782,-2,-2.0000000000000000e+00,-1.3799999999999998e-01,-1,-1,9.6000000000005803e-05,wind_direction:18.4_m:degrees
783,-2,-2.0000000000000000e+00,-3.6142857142857138e-01,-1,-1,6.2653061224496320e-04,wind_direction:18.4_m:degrees
784,6,2.1850000000000000e+02,-4.7000000000000003e-01,1087,1088,7.2000000000000119e-03,wave_direction:0_m:degrees
785,-2,-2.0000000000000000e+00,-1.9666666666666671e-01,-1,-1,1.4735042735042891e-03,wind_direction:18.4_m:degrees
786,-2,-2.0000000000000000e+00,-1.5250000000000000e-01,-1,-1,6.9374999999999298e-04,wind_direction:18.4_m:degrees
787,2,2.7640000915527344e+02,-3.3250000000000002e-01,875,876,2.6437500000000280e-03,water_sfc_temperature:0_m:K
788,-2,-2.0000000000000000e+00,-2.3749999999999999e-01,-1,-1,1.1187499999998629e-03,wind_direction:18.4_m:degrees
789,5,3.6450000762939453e+01,-2.1774193548387100e-02,1401,1402,1.1533038501560873e-03,relative_humidity:18.4_m:%
790,-2,-2.0000000000000000e+00,6.5000000000000002e-02,-1,-1,2.5000000000006788e-05,wind_direction:18.4_m:degrees
791,4,8.0658431053161621e+00,-5.4496554042696268e-03,803,804,5.1614089288848548e-04,mixing_ratio:18.4_m:g_kg-1
792,-2,-2.0000000000000000e+00,2.5333333333333333e-02,-1,-1,5.4488888889016470e-04,wind_direction:18.4_m:degrees
793,-2,-2.0000000000000000e+00,-1.0890313390313299e-02,-1,-1,2.5939252725221601e-04,wind_direction:18.4_m:degrees
794,11,9.9790000915527344e+01,-3.7662337662337647e-03,1573,1574,5.6871591611850768e-04,wind_direction:18.4_m:degrees
795,-2,-2.0000000000000000e+00,-5.2000000000000005e-02,-1,-1,9.5999999999999731e-05,wind_direction:18.4_m:degrees
796,1,8.1626998901367188e+01,-1.2851562499999999e-01,797,798,1.3673278808593835e-03,azimuth:0_m:degrees
797,-2,-2.0000000000000000e+00,-1.9111111111111109e-01,-1,-1,4.0987654320989025e-04,wind_direction:18.4_m:degrees
798,5,5.9199998855590820e+01,-1.2378151260504200e-01,1539,1540,1.1209942800649627e-03,relative_humidity:18.4_m:%
799,1,1.1604123306274414e+02,1.0000000000000004e-02,2015,2016,2.4000000000000002e-03,azimuth:0_m:degrees
800,12,-2.3781554400920868e-01,-6.5310218978102103e-02,1165,1166,9.9388186637541440e-04,bulk_richardson:18.4_m:none
801,-2,-2.0000000000000000e+00,-2.2500000000000001e-01,-1,-1,2.0249999999999990e-03,wind_direction:18.4_m:degrees
802,-2,-2.0000000000000000e+00,-3.7000000000000000e-01,-1,-1,8.4999999999998965e-04,wind_direction:18.4_m:degrees
803,5,6.5250000000000000e+01,-7.9801587301587124e-03,1057,1058,7.0508690791130728e-04,relative_humidity:18.4_m:%
804,7,1.7500000000000000e+00,-3.5899679206765605e-03,1501,1502,3.6911854619320729e-04,wave_height:0_m:m
805,6,2.3450000000000000e+02,-3.1217391304347830e-01,1693,1694,2.1996219281663898e-03,wave_direction:0_m:degrees
806,-2,-2.0000000000000000e+00,-2.4000000000000002e-01,-1,-1,3.4285714285724883e-04,wind_direction:18.4_m:degrees
807,10,5.3868844509124756e+00,8.1904761904761942e-03,817,818,1.4338684807256245e-03,wind_speed:18.4_m:m_s-1
808,9,8.8754730224609375e+01,-9.1119221411191959e-03,1035,1036,5.9446679216911859e-04,angle_between_wind_wave:0_m:degrees
809,12,-2.7381863445043564e-02,-1.3285714285714287e-01,1051,1052,1.9219954648526071e-03,bulk_richardson:18.4_m:none
810,4,1.5226448774337769e+00,-1.5947368421052632e-01,1183,1184,2.6084949215143330e-03,mixing_ratio:18.4_m:g_kg-1
811,12,-1.1027713492512703e-01,-1.0020000000000001e-01,813,814,2.2539600000000010e-03,bulk_richardson:18.4_m:none
812,4,1.5341596007347107e+00,-6.7358490566037738e-02,815,816,2.2156639373442505e-03,mixing_ratio:18.4_m:g_kg-1
813,-2,-2.0000000000000000e+00,-1.8200000000000000e-01,-1,-1,5.7600000000000706e-04,wind_direction:18.4_m:degrees
814,5,4.1399999618530273e+01,-9.1111111111111129e-02,1145,1146,1.6143209876543201e-03,relative_humidity:18.4_m:%
815,-2,-2.0000000000000000e+00,-2.5384615384615387e-02,-1,-1,9.1715976331360966e-04,wind_direction:18.4_m:degrees
816,4,5.5932226181030273e+00,-8.1000000000000016e-02,1055,1056,1.8790000000000013e-03,mixing_ratio:18.4_m:g_kg-1
817,-2,-2.0000000000000000e+00,-8.7500000000000013e-04,-1,-1,5.2298437499999979e-04,wind_direction:18.4_m:degrees
818,7,9.4999998807907104e-01,3.7200000000000004e-02,973,974,3.2441600000000042e-03,wave_height:0_m:m
819,0,4.9476284027099609e+01,-1.8625000000000003e-01,1785,1786,1.9984374999999846e-03,zenith:0_m:degrees
820,0,6.1907728195190430e+01,-1.2438356164383561e-01,821,822,2.8766747982735957e-03,zenith:0_m:degrees
821,11,2.5341500091552734e+02,-1.3937500000000000e-01,823,824,2.8350260416666676e-03,wind_direction:18.4_m:degrees
822,5,3.8750000000000000e+01,-9.5599999999999991e-02,1241,1242,1.6966399999999836e-03,relative_humidity:18.4_m:%
823,-2,-2.0000000000000000e+00,-9.0909090909090912e-02,-1,-1,2.9917355371900795e-04,wind_direction:18.4_m:degrees
824,9,8.9882907867431641e+01,-1.5378378378378374e-01,1197,1198,2.6829802775748673e-03,angle_between_wind_wave:0_m:degrees
825,-2,-2.0000000000000000e+00,-2.4357142857142858e-01,-1,-1,8.5153061224491067e-04,wind_direction:18.4_m:degrees
826,-2,-2.0000000000000000e+00,-1.7000000000000001e-01,-1,-1,9.0000000000002578e-04,wind_direction:18.4_m:degrees
827,6,2.3350000000000000e+02,-1.9222222222222221e-01,1885,1886,1.9061728395061844e-03,wave_direction:0_m:degrees
828,7,1.6999999880790710e+00,-1.3054054054054054e-01,829,830,2.2321402483564644e-03,wave_height:0_m:m
829,5,6.2800001144409180e+01,-1.2371428571428572e-01,1703,1704,1.4976326530612202e-03,relative_humidity:18.4_m:%
830,-2,-2.0000000000000000e+00,-2.5000000000000000e-01,-1,-1,5.5511151231257827e-17,wind_direction:18.4_m:degrees
831,5,4.4750000000000000e+01,-3.3307692307692299e-01,1189,1190,2.6751479289940927e-03,relative_humidity:18.4_m:%
832,6,2.2150000000000000e+02,-2.8222222222222221e-01,1901,1902,1.3617283950617398e-03,wave_direction:0_m:degrees
833,1,2.3347122955322266e+02,-2.1058823529411766e-01,1327,1328,2.1702422145328942e-03,azimuth:0_m:degrees
834,-2,-2.0000000000000000e+00,-3.0249999999999999e-01,-1,-1,1.6687500000000383e-03,wind_direction:18.4_m:degrees
835,5,3.9899999618530273e+01,-2.1185185185185190e-01,837,838,2.8323731138546124e-03,relative_humidity:18.4_m:%
836,-2,-2.0000000000000000e+00,-3.2999999999999996e-01,-1,-1,8.9999999999962332e-04,wind_direction:18.4_m:degrees
837,-2,-2.0000000000000000e+00,-1.2750000000000000e-01,-1,-1,4.6875000000000389e-04,wind_direction:18.4_m:degrees
838,2,2.8091500854492188e+02,-2.1623376623376631e-01,839,840,2.5663349637375654e-03,water_sfc_temperature:0_m:K
839,5,4.3699998855590820e+01,-2.0540983606557373e-01,1831,1832,2.2510615425960362e-03,relative_humidity:18.4_m:%
840,-2,-2.0000000000000000e+00,-2.5750000000000001e-01,-1,-1,1.6187500000000715e-03,wind_direction:18.4_m:degrees
841,0,9.4534469604492188e+01,-5.5454545454545465e-02,2013,2014,7.7024793388429623e-04,zenith:0_m:degrees
842,12,-1.3117597438395023e-02,-1.4035087719298248e-02,843,844,1.2030163127116039e-03,bulk_richardson:18.4_m:none
843,-2,-2.0000000000000000e+00,1.2000000000000000e-01,-1,-1,0.0000000000000000e+00,wind_direction:18.4_m:degrees
844,12,1.2152006849646568e-02,-1.8909090909090917e-02,1627,1628,5.6971900826446290e-04,bulk_richardson:18.4_m:none
845,0,7.8092376708984375e+01,-4.6928571428571425e-01,903,904,3.6209183673468759e-03,zenith:0_m:degrees
846,-2,-2.0000000000000000e+00,-6.4000000000000001e-01,-1,-1,1.0547118733938987e-15,wind_direction:18.4_m:degrees
847,-2,-2.0000000000000000e+00,-1.7999999999999999e-01,-1,-1,0.0000000000000000e+00,wind_direction:18.4_m:degrees
848,6,2.2550000000000000e+02,-3.4578124999999998e-01,849,850,2.6618896484375265e-03,wave_direction:0_m:degrees
849,12,-1.5003629960119724e-02,-3.6862068965517247e-01,851,852,2.5429250891794986e-03,bulk_richardson:18.4_m:none
850,4,2.4403396844863892e+00,-3.2685714285714290e-01,1391,1392,1.9701224489796776e-03,mixing_ratio:18.4_m:g_kg-1
851,-2,-2.0000000000000000e+00,-4.5400000000000001e-01,-1,-1,1.0239999999999971e-03,wind_direction:18.4_m:degrees
852,2,2.7489999389648438e+02,-3.5083333333333333e-01,1937,1938,1.0243055555554936e-03,water_sfc_temperature:0_m:K
853,-2,-2.0000000000000000e+00,-6.4307692307692316e-02,-1,-1,7.5682840236686831e-04,wind_direction:18.4_m:degrees
854,-2,-2.0000000000000000e+00,-3.1250000000000007e-02,-1,-1,1.1093749999999971e-04,wind_direction:18.4_m:degrees
855,1,2.9287155151367188e+02,-1.1016949152542375e-01,1767,1768,8.3217466245331939e-04,azimuth:0_m:degrees
856,4,1.2179897308349609e+01,-7.9189189189189213e-02,1237,1238,1.0128560993425823e-03,mixing_ratio:18.4_m:g_kg-1
857,-2,-2.0000000000000000e+00,-9.9659090909090864e-02,-1,-1,6.5102014462811199e-04,wind_direction:18.4_m:degrees
858,1,2.8168994140625000e+02,-7.2656250000000019e-02,1291,1292,5.4138183593749421e-04,azimuth:0_m:degrees
859,4,5.0455582141876221e+00,-1.5658536585365856e-01,1357,1358,1.4029744199881185e-03,mixing_ratio:18.4_m:g_kg-1
860,-2,-2.0000000000000000e+00,-5.9999999999999998e-02,-1,-1,1.8000000000003044e-03,wind_direction:18.4_m:degrees
861,-2,-2.0000000000000000e+00,-2.4249999999999999e-01,-1,-1,6.1875000000000818e-04,wind_direction:18.4_m:degrees
862,12,-5.4263908416032791e-02,-3.3130434782608692e-01,1173,1174,2.2287334593572711e-03,bulk_richardson:18.4_m:none
863,9,8.8949081420898438e+01,-8.9333333333333348e-02,1393,1394,2.0628888888888901e-03,angle_between_wind_wave:0_m:degrees
864,-2,-2.0000000000000000e+00,-3.7499999999999999e-02,-1,-1,6.8750000000012378e-05,wind_direction:18.4_m:degrees
865,-2,-2.0000000000000000e+00,-2.5000000000000001e-02,-1,-1,6.7500000000000004e-04,wind_direction:18.4_m:degrees
866,12,1.0336713865399361e-02,-1.0863157894736843e-01,1047,1048,1.8854958448753407e-03,bulk_richardson:18.4_m:none
867,3,1.0230499877929688e+03,-1.0671641791044774e-01,1133,1134,1.3832479394074431e-03,pressure:18.4_m:hPa
868,2,2.8780000305175781e+02,-1.2671641791044769e-01,1597,1598,1.0668300289597178e-03,water_sfc_temperature:0_m:K
869,-2,-2.0000000000000000e+00,-1.3666666666666669e-01,-1,-1,1.0755555555555553e-03,wind_direction:18.4_m:degrees
870,1,1.6350739288330078e+02,-8.7954545454545466e-02,1737,1738,1.0799070247933928e-03,azimuth:0_m:degrees
871,11,2.9178498840332031e+02,-7.9470588235294126e-01,1611,1612,3.3190311418684892e-03,wind_direction:18.4_m:degrees
872,10,1.9070940017700195e+01,-8.9666666666666661e-01,873,874,1.0755555555555296e-02,wind_speed:18.4_m:m_s-1
873,-2,-2.0000000000000000e+00,-7.5000000000000000e-01,-1,-1,0.0000000000000000e+00,wind_direction:18.4_m:degrees
874,-2,-2.0000000000000000e+00,-9.6999999999999997e-01,-1,-1,1.1102230246251565e-16,wind_direction:18.4_m:degrees
875,-2,-2.0000000000000000e+00,-2.8000000000000003e-01,-1,-1,5.9999999999998943e-04,wind_direction:18.4_m:degrees
876,-2,-2.0000000000000000e+00,-3.6399999999999999e-01,-1,-1,1.2240000000000029e-03,wind_direction:18.4_m:degrees
877,3,1.0153000183105469e+03,-3.3882352941176469e-01,879,880,3.9044982698962921e-03,pressure:18.4_m:hPa
878,-2,-2.0000000000000000e+00,-2.7400000000000002e-01,-1,-1,5.2400000000005220e-04,wind_direction:18.4_m:degrees
879,0,1.1422839736938477e+02,-3.2687499999999997e-01,1857,1858,1.7214843750000125e-03,zenith:0_m:degrees
880,-2,-2.0000000000000000e+00,-5.3000000000000003e-01,-1,-1,1.1102230246251565e-16,wind_direction:18.4_m:degrees
881,-2,-2.0000000000000000e+00,-7.9000000000000004e-01,-1,-1,0.0000000000000000e+00,wind_direction:18.4_m:degrees
882,-2,-2.0000000000000000e+00,-1.0200000000000000e+00,-1,-1,0.0000000000000000e+00,wind_direction:18.4_m:degrees
883,-2,-2.0000000000000000e+00,-2.0600000000000002e-01,-1,-1,1.4906666666666957e-03,wind_direction:18.4_m:degrees
884,12,-9.5869074575603008e-03,-2.6000000000000001e-01,1601,1602,1.8461538461538446e-03,bulk_richardson:18.4_m:none
885,9,9.0903781890869141e+01,-1.9434782608695650e-01,889,890,3.0854442344045441e-03,angle_between_wind_wave:0_m:degrees
886,12,-9.1921491548418999e-03,-2.3848484848484849e-01,887,888,2.8007346189164173e-03,bulk_richardson:18.4_m:none
887,3,1.0050499877929688e+03,-2.5679999999999997e-01,1677,1678,1.7657600000000190e-03,pressure:18.4_m:hPa
888,-2,-2.0000000000000000e+00,-1.8124999999999999e-01,-1,-1,1.7109374999999608e-03,wind_direction:18.4_m:degrees
889,-2,-2.0000000000000000e+00,-1.7842105263157892e-01,-1,-1,1.0343490304709144e-03,wind_direction:18.4_m:degrees
890,0,9.6716125488281250e+01,-2.7000000000000002e-01,1041,1042,5.8999999999999747e-03,zenith:0_m:degrees
891,0,1.1443627166748047e+02,-2.4663212435233159e-02,893,894,5.9483476066471625e-04,zenith:0_m:degrees
892,2,2.8156500244140625e+02,-4.8666666666666678e-02,1609,1610,9.6822222222222795e-04,water_sfc_temperature:0_m:K
893,-2,-2.0000000000000000e+00,-2.5520833333333322e-02,-1,-1,4.5597873263888923e-04,wind_direction:18.4_m:degrees
894,-2,-2.0000000000000000e+00,1.4000000000000001e-01,-1,-1,1.5265566588595902e-16,wind_direction:18.4_m:degrees
895,-2,-2.0000000000000000e+00,-2.5000000000000000e-01,-1,-1,0.0000000000000000e+00,wind_direction:18.4_m:degrees
896,1,1.0288158416748047e+02,-8.6046511627906969e-02,897,898,2.5913466738777691e-03,azimuth:0_m:degrees
897,-2,-2.0000000000000000e+00,2.3333333333333331e-02,-1,-1,8.8888888888889002e-05,wind_direction:18.4_m:degrees
898,2,2.7788999938964844e+02,-9.4250000000000014e-02,899,900,1.8144375000000053e-03,water_sfc_temperature:0_m:K
899,-2,-2.0000000000000000e+00,-1.4999999999999999e-02,-1,-1,7.4999999999999980e-05,wind_direction:18.4_m:degrees
900,-2,-2.0000000000000000e+00,-1.0305555555555557e-01,-1,-1,1.2323302469135801e-03,wind_direction:18.4_m:degrees
901,-2,-2.0000000000000000e+00,-1.3166666666666668e-01,-1,-1,5.3055555555555148e-04,wind_direction:18.4_m:degrees
902,-2,-2.0000000000000000e+00,-2.5500000000000000e-01,-1,-1,2.5000000000011124e-05,wind_direction:18.4_m:degrees
903,-2,-2.0000000000000000e+00,-5.7499999999999996e-01,-1,-1,6.2500000000009770e-04,wind_direction:18.4_m:degrees
904,6,2.2150000000000000e+02,-4.5166666666666666e-01,1589,1590,1.9472222222221836e-03,wave_direction:0_m:degrees
905,10,1.3205688953399658e+01,-2.1800000000000003e-01,1187,1188,4.2159999999999836e-03,wind_speed:18.4_m:m_s-1
906,2,2.8803999328613281e+02,-2.9117647058823531e-01,907,908,2.6156093810074110e-03,water_sfc_temperature:0_m:K
907,5,4.1200000762939453e+01,-2.9298013245033117e-01,1013,1014,2.3984035787903701e-03,relative_humidity:18.4_m:%
908,-2,-2.0000000000000000e+00,-1.5500000000000003e-01,-1,-1,2.2499999999997522e-04,wind_direction:18.4_m:degrees
909,10,1.4372332572937012e+01,-2.6694915254237295e-01,955,956,1.4652686009767601e-03,wind_speed:18.4_m:m_s-1
910,1,2.3776467895507812e+02,-3.2444444444444442e-01,1657,1658,2.6691358024690109e-03,azimuth:0_m:degrees
911,9,8.9587417602539062e+01,-1.1762068965517236e-01,913,914,8.7537336504162760e-04,angle_between_wind_wave:0_m:degrees
912,-2,-2.0000000000000000e+00,-1.5764705882352939e-01,-1,-1,1.2297577854672136e-03,wind_direction:18.4_m:degrees
913,10,1.0982547283172607e+01,-1.0450000000000000e-01,1849,1850,6.8075000000000253e-04,wind_speed:18.4_m:m_s-1
914,11,1.5663500213623047e+02,-1.2452631578947361e-01,1569,1570,8.3951246537397606e-04,wind_direction:18.4_m:degrees
915,-2,-2.0000000000000000e+00,-8.0882352941176489e-02,-1,-1,5.9039792387543914e-04,wind_direction:18.4_m:degrees
916,-2,-2.0000000000000000e+00,-1.2600000000000003e-01,-1,-1,3.3399999999999055e-04,wind_direction:18.4_m:degrees
917,9,8.6838417053222656e+01,-1.7999999999999999e-02,1867,1868,1.3760000000000001e-03,angle_between_wind_wave:0_m:degrees
918,12,-1.5059867873787880e-02,-8.0526315789473696e-02,1913,1914,9.5235457063711729e-04,bulk_richardson:18.4_m:none
919,9,8.9631305694580078e+01,-1.2692307692307692e-01,947,948,2.5905325443786979e-03,angle_between_wind_wave:0_m:degrees
920,10,9.0402803421020508e+00,-8.0247933884297518e-02,921,922,1.6817567106072037e-03,wind_speed:18.4_m:m_s-1
921,11,1.0311999893188477e+02,-6.0000000000000005e-02,923,924,1.5209302325581387e-03,wind_direction:18.4_m:degrees
922,12,-2.6834207586944103e-02,-9.1410256410256394e-02,1649,1650,1.4198060486522064e-03,bulk_richardson:18.4_m:none
923,-2,-2.0000000000000000e+00,-1.0000000000000000e-02,-1,-1,5.9999999999999995e-04,wind_direction:18.4_m:degrees
924,2,2.8448500061035156e+02,-7.3235294117647065e-02,1247,1248,9.2776816608996539e-04,water_sfc_temperature:0_m:K
925,5,3.9000000000000000e+01,-3.4115384615384614e-01,1567,1568,1.7102071005917069e-03,relative_humidity:18.4_m:%
926,11,3.0527000427246094e+02,-3.7753424657534235e-01,927,928,4.2158378682680964e-03,wind_direction:18.4_m:degrees
927,10,1.3720602989196777e+01,-3.6830769230769222e-01,931,932,3.1740591715977429e-03,wind_speed:18.4_m:m_s-1
928,7,1.5500000119209290e+00,-4.5250000000000001e-01,929,930,6.3687499999998953e-03,wave_height:0_m:m
929,3,1.0211000061035156e+03,-3.8500000000000001e-01,2005,2006,3.2250000000000056e-03,pressure:18.4_m:hPa
930,-2,-2.0000000000000000e+00,-5.2000000000000002e-01,-1,-1,4.0000000000001146e-04,wind_direction:18.4_m:degrees
931,9,8.9087333679199219e+01,-3.4206896551724142e-01,1069,1070,2.0784780023780786e-03,angle_between_wind_wave:0_m:degrees
932,10,1.3877946376800537e+01,-3.8944444444444448e-01,1191,1192,3.0552469135803895e-03,wind_speed:18.4_m:m_s-1
933,-2,-2.0000000000000000e+00,-1.9545454545454544e-01,-1,-1,2.2793388429752162e-03,wind_direction:18.4_m:degrees
934,0,1.3224362945556641e+02,-2.4826923076923080e-01,1723,1724,1.3873890532544383e-03,zenith:0_m:degrees
935,-2,-2.0000000000000000e+00,-1.6400000000000001e-01,-1,-1,3.4399999999999015e-04,wind_direction:18.4_m:degrees
936,-2,-2.0000000000000000e+00,-8.2000000000000003e-02,-1,-1,4.5600000000000328e-04,wind_direction:18.4_m:degrees
937,-2,-2.0000000000000000e+00,-1.3250000000000001e-01,-1,-1,1.3937499999999957e-03,wind_direction:18.4_m:degrees
938,2,2.8733000183105469e+02,-1.9680000000000000e-01,1731,1732,1.1337600000000322e-03,water_sfc_temperature:0_m:K
939,10,4.3986980915069580e+00,-3.9072164948453614e-02,943,944,1.0475927303645442e-03,wind_speed:18.4_m:m_s-1
940,10,5.2133483886718750e+00,-2.2719601074031592e-02,941,942,4.4381205538361872e-04,wind_speed:18.4_m:m_s-1
941,11,1.2936999511718750e+02,-1.7933177933177884e-02,1161,1162,3.1740656822241904e-04,wind_direction:18.4_m:degrees
942,10,5.2251648902893066e+00,-2.7386363636363605e-02,1111,1112,5.2294163223137724e-04,wind_speed:18.4_m:m_s-1
943,-2,-2.0000000000000000e+00,-1.1599999999999999e-01,-1,-1,2.3999999999999716e-05,wind_direction:18.4_m:degrees
944,9,9.0382987976074219e+01,-3.4891304347826099e-02,1619,1620,7.6411862003780673e-04,angle_between_wind_wave:0_m:degrees
945,3,9.9330001831054688e+02,-1.0136054421768710e-01,1207,1208,1.4797815724929362e-03,pressure:18.4_m:hPa
946,-2,-2.0000000000000000e+00,-1.5875000000000000e-01,-1,-1,9.8593749999996427e-04,wind_direction:18.4_m:degrees
947,-2,-2.0000000000000000e+00,-9.7777777777777797e-02,-1,-1,7.9506172839506097e-04,wind_direction:18.4_m:degrees
948,-2,-2.0000000000000000e+00,-1.9250000000000000e-01,-1,-1,4.1875000000000245e-04,wind_direction:18.4_m:degrees
949,-2,-2.0000000000000000e+00,-1.3076923076923078e-02,-1,-1,3.1873767258382640e-04,wind_direction:18.4_m:degrees
950,8,5.9500000476837158e+00,-3.9517766497461873e-02,951,952,7.4266085186426123e-04,wave_period:0_m:s
951,8,5.4500000476837158e+00,-4.2743362831858374e-02,1065,1066,6.8362440285065721e-04,wave_period:0_m:s
952,-2,-2.0000000000000000e+00,-1.9636363636363639e-02,-1,-1,6.4714049586777895e-04,wind_direction:18.4_m:degrees
953,-2,-2.0000000000000000e+00,-4.3333333333333335e-01,-1,-1,1.3555555555555543e-03,wind_direction:18.4_m:degrees
954,-2,-2.0000000000000000e+00,-5.3700000000000003e-01,-1,-1,3.0810000000000004e-03,wind_direction:18.4_m:degrees
955,-2,-2.0000000000000000e+00,-2.5659574468085106e-01,-1,-1,9.4585785423265123e-04,wind_direction:18.4_m:degrees
956,-2,-2.0000000000000000e+00,-3.0750000000000000e-01,-1,-1,1.4354166666666751e-03,wind_direction:18.4_m:degrees
957,3,9.9730001831054688e+02,-5.7692307692307647e-02,1783,1784,1.0023668639053351e-03,pressure:18.4_m:hPa
958,11,2.7812500000000000e+02,-7.4432432432432444e-02,959,960,1.3219751643535416e-03,wind_direction:18.4_m:degrees
959,-2,-2.0000000000000000e+00,-4.5749999999999999e-02,-1,-1,7.2443750000000069e-04,wind_direction:18.4_m:degrees
960,11,3.5324499511718750e+02,-8.2344827586206926e-02,961,962,1.1972604042806128e-03,wind_direction:18.4_m:degrees
961,3,1.0067500000000000e+03,-8.1180555555555561e-02,1005,1006,1.0090229552469085e-03,pressure:18.4_m:hPa
962,-2,-2.0000000000000000e+00,-2.5000000000000000e-01,-1,-1,2.2204460492503131e-16,wind_direction:18.4_m:degrees
963,-2,-2.0000000000000000e+00,-1.0466666666666667e-01,-1,-1,9.3155555555555700e-04,wind_direction:18.4_m:degrees
964,2,2.8631001281738281e+02,-1.5433333333333332e-01,1481,1482,1.7512222222222235e-03,water_sfc_temperature:0_m:K
965,-2,-2.0000000000000000e+00,-5.2500000000000002e-01,-1,-1,2.2500000000003073e-04,wind_direction:18.4_m:degrees
966,-2,-2.0000000000000000e+00,-4.0764705882352942e-01,-1,-1,1.1474048442906559e-03,wind_direction:18.4_m:degrees
967,-2,-2.0000000000000000e+00,-3.1500000000000000e-01,-1,-1,2.0249999999999990e-03,wind_direction:18.4_m:degrees
968,0,5.7038484573364258e+01,-2.0209302325581399e-01,997,998,2.1839913466738872e-03,zenith:0_m:degrees
969,-2,-2.0000000000000000e+00,-7.5999999999999998e-02,-1,-1,2.2400000000000024e-04,wind_direction:18.4_m:degrees
970,5,6.1050001144409180e+01,-1.4695945945945951e-01,1277,1278,1.9117010591672666e-03,relative_humidity:18.4_m:%
971,6,2.3750000000000000e+02,-7.2485549132947927e-02,1345,1346,9.7705903972736177e-04,wave_direction:0_m:degrees
972,-2,-2.0000000000000000e+00,-5.3684210526315772e-02,-1,-1,4.6361957525393408e-04,wind_direction:18.4_m:degrees
973,-2,-2.0000000000000000e+00,1.5882352941176472e-02,-1,-1,4.4775086505190306e-04,wind_direction:18.4_m:degrees
974,5,6.4450000762939453e+01,8.2499999999999990e-02,975,976,6.1687500000000015e-03,relative_humidity:18.4_m:%
975,-2,-2.0000000000000000e+00,1.5500000000000000e-01,-1,-1,1.2250000000000004e-03,wind_direction:18.4_m:degrees
976,-2,-2.0000000000000000e+00,1.0000000000000000e-02,-1,-1,5.9999999999999962e-04,wind_direction:18.4_m:degrees
977,-2,-2.0000000000000000e+00,-2.2749999999999998e-01,-1,-1,6.1875000000002206e-04,wind_direction:18.4_m:degrees
978,10,9.2891473770141602e+00,-1.7116438356164393e-01,1443,1444,2.2705620191405262e-03,wind_speed:18.4_m:m_s-1
979,11,1.1600000000000000e+02,-9.3599999999999989e-02,1215,1216,6.8224000000000236e-04,wind_direction:18.4_m:degrees
980,5,6.1399999618530273e+01,-7.6434782608695628e-02,1719,1720,5.6555009451799039e-04,relative_humidity:18.4_m:%
981,10,8.7254900932312012e+00,-9.4500000000000015e-02,983,984,1.5147499999999987e-03,wind_speed:18.4_m:m_s-1
982,11,9.8940002441406250e+01,-6.7398843930635832e-02,999,1000,7.5797387149587059e-04,wind_direction:18.4_m:degrees
983,-2,-2.0000000000000000e+00,-1.4555555555555555e-01,-1,-1,8.4691358024691771e-04,wind_direction:18.4_m:degrees
984,-2,-2.0000000000000000e+00,-7.9677419354838713e-02,-1,-1,7.3215400624349405e-04,wind_direction:18.4_m:degrees
985,-2,-2.0000000000000000e+00,-3.8999999999999996e-01,-1,-1,8.8000000000001966e-04,wind_direction:18.4_m:degrees
986,-2,-2.0000000000000000e+00,-4.8333333333333334e-01,-1,-1,2.3222222222222255e-03,wind_direction:18.4_m:degrees
987,11,1.1108499908447266e+02,-4.2405180388529050e-02,1493,1494,3.4278124975932315e-04,wind_direction:18.4_m:degrees
988,5,9.8049999237060547e+01,-7.4166666666666686e-02,989,990,4.6326388888887409e-03,relative_humidity:18.4_m:%
989,-2,-2.0000000000000000e+00,-5.4545454545454557e-02,-1,-1,4.3388429752065942e-04,wind_direction:18.4_m:degrees
990,-2,-2.0000000000000000e+00,-2.8999999999999998e-01,-1,-1,0.0000000000000000e+00,wind_direction:18.4_m:degrees
991,5,5.9000000000000000e+01,-1.6999999999999998e-01,1691,1692,3.8500000000000062e-03,relative_humidity:18.4_m:%
992,-2,-2.0000000000000000e+00,-2.5021739130434784e-01,-1,-1,1.4890831758034018e-03,wind_direction:18.4_m:degrees
993,-2,-2.0000000000000000e+00,-3.6875000000000002e-01,-1,-1,3.8593750000001648e-04,wind_direction:18.4_m:degrees
994,0,1.0865799331665039e+02,-4.5166666666666666e-01,1717,1718,2.4805555555555414e-03,zenith:0_m:degrees
995,-2,-2.0000000000000000e+00,-3.3166666666666672e-01,-1,-1,5.1388888888885542e-04,wind_direction:18.4_m:degrees
996,-2,-2.0000000000000000e+00,-2.6382352941176473e-01,-1,-1,1.7942041522491237e-03,wind_direction:18.4_m:degrees
997,-2,-2.0000000000000000e+00,-2.7500000000000002e-01,-1,-1,6.2499999999998668e-04,wind_direction:18.4_m:degrees
998,2,2.8563999938964844e+02,-1.9461538461538463e-01,1275,1276,1.7428007889546265e-03,water_sfc_temperature:0_m:K
999,-2,-2.0000000000000000e+00,-2.2000000000000000e-01,-1,-1,0.0000000000000000e+00,wind_direction:18.4_m:degrees
1000,1,5.5523937225341797e+01,-6.6511627906976747e-02,1001,1002,6.2620335316387454e-04,azimuth:0_m:degrees
1001,-2,-2.0000000000000000e+00,-1.0111111111111111e-01,-1,-1,7.3209876543209838e-04,wind_direction:18.4_m:degrees
1002,3,1.0228999938964844e+03,-6.2467532467532463e-02,1413,1414,4.5754764715803288e-04,pressure:18.4_m:hPa
1003,-2,-2.0000000000000000e+00,-2.0500000000000002e-01,-1,-1,2.4999999999997247e-05,wind_direction:18.4_m:degrees
1004,-2,-2.0000000000000000e+00,-2.9499999999999998e-01,-1,-1,1.1649999999999855e-03,wind_direction:18.4_m:degrees
1005,-2,-2.0000000000000000e+00,-7.0919540229885072e-02,-1,-1,7.2099352622539362e-04,wind_direction:18.4_m:degrees
1006,6,1.6850000000000000e+02,-9.6842105263157896e-02,1339,1340,1.0426592797783876e-03,wave_direction:0_m:degrees
1007,4,1.0151366710662842e+01,-4.5942857142857098e-02,1475,1476,1.0286824489795943e-03,mixing_ratio:18.4_m:g_kg-1
1008,-2,-2.0000000000000000e+00,-1.0428571428571429e-01,-1,-1,2.4489795918328575e-05,wind_direction:18.4_m:degrees
1009,4,1.5448212623596191e+00,-4.5407407407407407e-01,1695,1696,2.5500685871056583e-03,mixing_ratio:18.4_m:g_kg-1
1010,-2,-2.0000000000000000e+00,-2.9999999999999999e-01,-1,-1,-1.4571677198205180e-15,wind_direction:18.4_m:degrees
1011,-2,-2.0000000000000000e+00,-1.5833333333333333e-01,-1,-1,7.4722222222222204e-04,wind_direction:18.4_m:degrees
1012,-2,-2.0000000000000000e+00,-2.3133333333333331e-01,-1,-1,1.5982222222222092e-03,wind_direction:18.4_m:degrees
1013,-2,-2.0000000000000000e+00,-2.0666666666666667e-01,-1,-1,6.8888888888889166e-04,wind_direction:18.4_m:degrees
1014,12,-8.0986134707927704e-03,-2.9472972972972972e-01,1015,1016,2.2789810080350303e-03,bulk_richardson:18.4_m:none
1015,9,8.8695804595947266e+01,-3.0165217391304339e-01,1019,1020,2.1424877126653974e-03,angle_between_wind_wave:0_m:degrees
1016,6,1.9750000000000000e+02,-2.7060606060606052e-01,1017,1018,2.0056932966023844e-03,wave_direction:0_m:degrees
1017,-2,-2.0000000000000000e+00,-3.6333333333333329e-01,-1,-1,2.2222222222256782e-05,wind_direction:18.4_m:degrees
1018,-2,-2.0000000000000000e+00,-2.6133333333333336e-01,-1,-1,1.2582222222222578e-03,wind_direction:18.4_m:degrees
1019,9,8.7653842926025391e+01,-2.8268292682926827e-01,1073,1074,2.4049970255800440e-03,angle_between_wind_wave:0_m:degrees
1020,0,1.0995150756835938e+02,-3.1216216216216214e-01,1219,1220,1.6872169466764092e-03,zenith:0_m:degrees
1021,1,3.4137965393066406e+02,-1.2853403141361261e-01,1603,1604,1.3475891559990051e-03,azimuth:0_m:degrees
1022,12,-2.6996416272595525e-03,-1.6400000000000001e-01,1863,1864,8.8400000000002713e-04,bulk_richardson:18.4_m:none
1023,-2,-2.0000000000000000e+00,-5.0344827586206890e-02,-1,-1,5.8781212841854972e-04,wind_direction:18.4_m:degrees
1024,-2,-2.0000000000000000e+00,-3.2617801047120400e-02,-1,-1,3.1775444752063292e-04,wind_direction:18.4_m:degrees
1025,1,2.3843984985351562e+02,-1.8022222222222217e-01,1027,1028,1.7821728395062061e-03,azimuth:0_m:degrees
1026,3,1.0228499755859375e+03,-2.0290697674418604e-01,1031,1032,1.8834099513250074e-03,pressure:18.4_m:hPa
1027,2,2.8734999084472656e+02,-1.9309090909090904e-01,1029,1030,1.7231735537190304e-03,water_sfc_temperature:0_m:K
1028,-2,-2.0000000000000000e+00,-1.6000000000000003e-01,-1,-1,1.2057142857143377e-03,wind_direction:18.4_m:degrees
1029,5,7.6700000762939453e+01,-1.8048780487804883e-01,1821,1822,1.0729327781082987e-03,relative_humidity:18.4_m:%
1030,10,1.2367720603942871e+01,-2.2999999999999998e-01,1949,1950,1.8000000000000307e-03,wind_speed:18.4_m:m_s-1
1031,3,1.0098500061035156e+03,-2.1344262295081973e-01,1431,1432,2.0619188390217508e-03,pressure:18.4_m:hPa
1032,-2,-2.0000000000000000e+00,-1.7720000000000002e-01,-1,-1,5.1616000000002937e-04,wind_direction:18.4_m:degrees
1033,-2,-2.0000000000000000e+00,-7.2857142857142856e-02,-1,-1,3.9183673469387736e-04,wind_direction:18.4_m:degrees
1034,6,2.2450000000000000e+02,-1.3207317073170732e-01,1521,1522,1.2115556216537766e-03,wave_direction:0_m:degrees
1035,2,2.7491999816894531e+02,-3.3243243243243244e-02,1037,1038,2.3840759678597509e-03,water_sfc_temperature:0_m:K
1036,-2,-2.0000000000000000e+00,-7.9745222929936115e-03,-1,-1,4.8137514706478904e-04,wind_direction:18.4_m:degrees
1037,-2,-2.0000000000000000e+00,-2.2000000000000000e-01,-1,-1,0.0000000000000000e+00,wind_direction:18.4_m:degrees
1038,-2,-2.0000000000000000e+00,-2.2571428571428569e-02,-1,-1,4.1338775510204066e-04,wind_direction:18.4_m:degrees
1039,-2,-2.0000000000000000e+00,-6.2000000000000000e-01,-1,-1,0.0000000000000000e+00,wind_direction:18.4_m:degrees
1040,-2,-2.0000000000000000e+00,-7.5000000000000000e-01,-1,-1,2.9999999999996696e-04,wind_direction:18.4_m:degrees
1041,-2,-2.0000000000000000e+00,-2.2666666666666666e-01,-1,-1,3.5555555555554647e-04,wind_direction:18.4_m:degrees
1042,-2,-2.0000000000000000e+00,-4.0000000000000002e-01,-1,-1,0.0000000000000000e+00,wind_direction:18.4_m:degrees
1043,-2,-2.0000000000000000e+00,-2.1500000000000000e-01,-1,-1,3.2500000000000584e-04,wind_direction:18.4_m:degrees
1044,9,9.0407032012939453e+01,-1.4666666666666667e-01,1045,1046,1.5638888888888786e-03,angle_between_wind_wave:0_m:degrees
1045,-2,-2.0000000000000000e+00,-1.3999999999999996e-01,-1,-1,5.6521739130434290e-04,wind_direction:18.4_m:degrees
1046,-2,-2.0000000000000000e+00,-2.9999999999999999e-01,-1,-1,6.9388939039072284e-17,wind_direction:18.4_m:degrees
1047,4,5.3716230392456055e+00,-1.1021276595744681e-01,1079,1080,1.6680398370303301e-03,mixing_ratio:18.4_m:g_kg-1
1048,-2,-2.0000000000000000e+00,4.0000000000000001e-02,-1,-1,3.3610267347050637e-16,wind_direction:18.4_m:degrees
1049,10,7.9484488964080811e+00,-5.5456919060052186e-02,1489,1490,5.8458234768795974e-04,wind_speed:18.4_m:m_s-1
1050,7,6.5000000596046448e-01,-4.3898305084745723e-02,1761,1762,4.0819304797472754e-04,wave_height:0_m:m
1051,8,8.5000000000000000e+00,-1.3912621359223307e-01,1053,1054,1.9749646526533958e-03,wave_period:0_m:s
1052,-2,-2.0000000000000000e+00,-1.0478260869565217e-01,-1,-1,7.2060491493385233e-04,wind_direction:18.4_m:degrees
1053,9,9.0022056579589844e+01,-1.4368421052631583e-01,1435,1436,1.7159002770082872e-03,angle_between_wind_wave:0_m:degrees
1054,0,7.2621616363525391e+01,-8.5000000000000006e-02,1681,1682,1.8750000000000034e-03,zenith:0_m:degrees
1055,8,4.7000000476837158e+00,-9.0882352941176484e-02,1985,1986,1.5374567474048424e-03,wave_period:0_m:s
1056,-2,-2.0000000000000000e+00,-2.5000000000000005e-02,-1,-1,1.2499999999998287e-04,wind_direction:18.4_m:degrees
1057,12,5.7907542586326599e-01,-1.2093023255813913e-02,1059,1060,1.4839913466738737e-03,bulk_richardson:18.4_m:none
1058,-2,-2.0000000000000000e+00,-5.8493975903614161e-03,-1,-1,2.8825442734794007e-04,wind_direction:18.4_m:degrees
1059,4,9.1597604751586914e-01,-1.1168224299065390e-02,1063,1064,1.0895231024543601e-03,mixing_ratio:18.4_m:g_kg-1
1060,9,9.0601894378662109e+01,-2.0999999999999999e-01,1061,1062,4.6549999999999633e-02,angle_between_wind_wave:0_m:degrees
1061,-2,-2.0000000000000000e+00,-4.1999999999999998e-01,-1,-1,4.9000000000000155e-03,wind_direction:18.4_m:degrees
1062,-2,-2.0000000000000000e+00,0.0000000000000000e+00,-1,-1,0.0000000000000000e+00,wind_direction:18.4_m:degrees
1063,-2,-2.0000000000000000e+00,1.4000000000000001e-01,-1,-1,0.0000000000000000e+00,wind_direction:18.4_m:degrees
1064,0,5.9093994140625000e+01,-1.1345029239766042e-02,1261,1262,1.0640388495605456e-03,zenith:0_m:degrees
1065,10,4.5784108638763428e+00,-4.0569620253164525e-02,1289,1290,5.7689072264060495e-04,wind_speed:18.4_m:m_s-1
1066,12,-5.1246924698352814e-01,-7.2608695652173913e-02,1887,1888,1.1931947069943336e-03,bulk_richardson:18.4_m:none
1067,-2,-2.0000000000000000e+00,-2.0749999999999999e-01,-1,-1,1.5437500000000035e-03,wind_direction:18.4_m:degrees
1068,-2,-2.0000000000000000e+00,-1.4266666666666664e-01,-1,-1,4.9955555555554476e-04,wind_direction:18.4_m:degrees
1069,10,1.3583796977996826e+01,-3.6049999999999999e-01,1689,1690,1.7047499999999216e-03,wind_speed:18.4_m:m_s-1
1070,-2,-2.0000000000000000e+00,-3.0111111111111111e-01,-1,-1,4.7654320987650101e-04,wind_direction:18.4_m:degrees
1071,-2,-2.0000000000000000e+00,-1.9972222222222227e-01,-1,-1,1.0138117283950282e-03,wind_direction:18.4_m:degrees
1072,-2,-2.0000000000000000e+00,-2.7749999999999997e-01,-1,-1,2.1187500000001414e-03,wind_direction:18.4_m:degrees
1073,-2,-2.0000000000000000e+00,-3.3833333333333337e-01,-1,-1,1.5472222222221998e-03,wind_direction:18.4_m:degrees
1074,11,2.6355999755859375e+02,-2.7314285714285713e-01,1665,1666,1.9301224489796098e-03,wind_direction:18.4_m:degrees
1075,-2,-2.0000000000000000e+00,-2.2000000000000000e-01,-1,-1,0.0000000000000000e+00,wind_direction:18.4_m:degrees
1076,-2,-2.0000000000000000e+00,-5.0000000000000003e-02,-1,-1,-2.1684043449710089e-18,wind_direction:18.4_m:degrees
1077,5,5.1850000381469727e+01,-2.3999999999999999e-01,2031,2032,9.7599999999996995e-04,relative_humidity:18.4_m:%
1078,-2,-2.0000000000000000e+00,-8.9999999999999997e-02,-1,-1,2.0816681711721685e-17,wind_direction:18.4_m:degrees
1079,9,9.0550075531005859e+01,-1.1296703296703293e-01,1081,1082,1.4824055065813281e-03,angle_between_wind_wave:0_m:degrees
1080,-2,-2.0000000000000000e+00,-2.6666666666666668e-02,-1,-1,8.8888888888905048e-05,wind_direction:18.4_m:degrees
1081,10,1.0604247093200684e+01,-1.0918604651162793e-01,1883,1884,1.2446863169280845e-03,wind_speed:18.4_m:m_s-1
1082,-2,-2.0000000000000000e+00,-1.7799999999999999e-01,-1,-1,1.0959999999998263e-03,wind_direction:18.4_m:degrees
1083,12,-6.5126024186611176e-02,-5.0252525252525222e-02,1085,1086,7.1458269564330474e-04,bulk_richardson:18.4_m:none
1084,-2,-2.0000000000000000e+00,-2.3611111111111114e-02,-1,-1,3.1195987654320954e-04,wind_direction:18.4_m:degrees
1085,-2,-2.0000000000000000e+00,-1.0769230769230771e-02,-1,-1,9.9171597633136081e-04,wind_direction:18.4_m:degrees
1086,10,7.6812720298767090e+00,-5.3027027027027010e-02,2033,2034,5.7786413440468008e-04,wind_speed:18.4_m:m_s-1
1087,-2,-2.0000000000000000e+00,-5.3000000000000003e-01,-1,-1,0.0000000000000000e+00,wind_direction:18.4_m:degrees
1088,-2,-2.0000000000000000e+00,-3.4999999999999998e-01,-1,-1,-1.2490009027033011e-16,wind_direction:18.4_m:degrees
1089,-2,-2.0000000000000000e+00,-4.4179104477611954e-02,-1,-1,2.7507239919803868e-04,wind_direction:18.4_m:degrees
1090,-2,-2.0000000000000000e+00,-7.9565217391304358e-02,-1,-1,5.9546313799622649e-04,wind_direction:18.4_m:degrees
1091,-2,-2.0000000000000000e+00,-2.1000000000000002e-01,-1,-1,3.9999999999999064e-04,wind_direction:18.4_m:degrees
1092,9,8.7948436737060547e+01,-3.2000000000000006e-01,1979,1980,1.7333333333332951e-03,angle_between_wind_wave:0_m:degrees
1093,-2,-2.0000000000000000e+00,-4.1500000000000004e-01,-1,-1,1.2249999999999761e-03,wind_direction:18.4_m:degrees
1094,10,1.8818563461303711e+01,-5.2727272727272734e-01,1865,1866,1.5834710743802827e-03,wind_speed:18.4_m:m_s-1
1095,4,2.1078605055809021e+00,-3.3500000000000002e-01,1429,1430,4.2250000000000065e-03,mixing_ratio:18.4_m:g_kg-1
1096,-2,-2.0000000000000000e+00,-2.5153846153846154e-01,-1,-1,1.7207100591715707e-03,wind_direction:18.4_m:degrees
1097,9,8.9678203582763672e+01,-2.0181818181818184e-01,1409,1410,1.7239669421487483e-03,angle_between_wind_wave:0_m:degrees
1098,2,2.9369999694824219e+02,-1.5505882352941180e-01,1231,1232,1.9544083044982750e-03,water_sfc_temperature:0_m:K
1099,3,1.0081499938964844e+03,-3.6982055464926514e-02,1107,1108,5.3428515923347082e-04,pressure:18.4_m:hPa
1100,9,8.7202877044677734e+01,-3.0449775112444059e-02,1101,1102,4.0541989125374362e-04,angle_between_wind_wave:0_m:degrees
1101,6,1.9500000000000000e+02,-1.2000000000000000e-01,1103,1104,9.9999999999999985e-03,wave_direction:0_m:degrees
1102,10,7.2702715396881104e+00,-3.0315315315315516e-02,1105,1106,3.7895463030595915e-04,wind_speed:18.4_m:m_s-1
1103,-2,-2.0000000000000000e+00,-2.2000000000000000e-01,-1,-1,0.0000000000000000e+00,wind_direction:18.4_m:degrees
1104,-2,-2.0000000000000000e+00,-2.0000000000000000e-02,-1,-1,-2.0057740190981832e-18,wind_direction:18.4_m:degrees
1105,8,4.5499999523162842e+00,-2.7675931401537610e-02,1661,1662,3.5728350704199619e-04,wave_period:0_m:s
1106,4,5.7698237895965576e+00,-3.4902363823227089e-02,1841,1842,3.8346939831776223e-04,mixing_ratio:18.4_m:g_kg-1
1107,-2,-2.0000000000000000e+00,-6.3225806451612923e-02,-1,-1,5.9604578563995664e-04,wind_direction:18.4_m:degrees
1108,5,7.5200000762939453e+01,-3.5584192439862453e-02,1109,1110,4.9235631369493136e-04,relative_humidity:18.4_m:%
1109,3,1.0129500122070312e+03,-5.3103448275862060e-02,1181,1182,5.8692033293697996e-04,pressure:18.4_m:hPa
1110,3,1.0176499938964844e+03,-3.2505050505050419e-02,1313,1314,4.1231058055301250e-04,pressure:18.4_m:hPa
1111,10,5.2238442897796631e+00,-6.9166666666666668e-02,1113,1114,6.1909722222222210e-03,wind_speed:18.4_m:m_s-1
1112,12,-1.5619087219238281e-01,-2.7003058103975519e-02,1115,1116,4.5477980716175930e-04,bulk_richardson:18.4_m:none
1113,-2,-2.0000000000000000e+00,-3.4999999999999996e-02,-1,-1,4.2499999999999938e-04,wind_direction:18.4_m:degrees
1114,-2,-2.0000000000000000e+00,-2.3999999999999999e-01,-1,-1,-6.9388939039072284e-18,wind_direction:18.4_m:degrees
1115,-2,-2.0000000000000000e+00,1.8333333333333333e-02,-1,-1,8.0277777777777780e-04,wind_direction:18.4_m:degrees
1116,8,4.7500000000000000e+00,-2.7635658914728644e-02,1791,1792,4.2084399975962302e-04,wave_period:0_m:s
1117,4,1.1313477993011475e+01,-1.8056338028169022e-01,1119,1120,1.8123586589961632e-03,mixing_ratio:18.4_m:g_kg-1
1118,-2,-2.0000000000000000e+00,-1.2428571428571429e-01,-1,-1,2.4489795918942667e-05,wind_direction:18.4_m:degrees
1119,-2,-2.0000000000000000e+00,-1.9220779220779227e-01,-1,-1,1.3470737055152823e-03,wind_direction:18.4_m:degrees
1120,11,1.9062999725341797e+02,-1.6676923076923078e-01,1121,1122,2.0126390532543108e-03,wind_direction:18.4_m:degrees
1121,9,9.0161018371582031e+01,-2.0761904761904759e-01,1123,1124,2.7229024943310753e-03,angle_between_wind_wave:0_m:degrees
1122,-2,-2.0000000000000000e+00,-1.4727272727272725e-01,-1,-1,4.9710743801650165e-04,wind_direction:18.4_m:degrees
1123,-2,-2.0000000000000000e+00,-2.2444444444444445e-01,-1,-1,1.0135802469135799e-03,wind_direction:18.4_m:degrees
1124,-2,-2.0000000000000000e+00,-1.0666666666666667e-01,-1,-1,1.0888888888889274e-03,wind_direction:18.4_m:degrees
1125,12,-1.0158887878060341e-01,-1.1079295154185022e-01,1453,1454,1.5200760736672741e-03,bulk_richardson:18.4_m:none
1126,7,2.2500000000000000e+00,-1.4037037037037037e-01,1127,1128,1.8257887517146854e-03,wave_height:0_m:m
1127,-2,-2.0000000000000000e+00,-1.1842105263157894e-01,-1,-1,7.8171745152355067e-04,wind_direction:18.4_m:degrees
1128,-2,-2.0000000000000000e+00,-1.9250000000000000e-01,-1,-1,4.4374999999998582e-04,wind_direction:18.4_m:degrees
1129,9,8.9294914245605469e+01,-1.4916666666666670e-01,2003,2004,1.4909722222222095e-03,angle_between_wind_wave:0_m:degrees
1130,12,-5.2289791638031602e-03,-9.8461538461538461e-02,1769,1770,9.5917159763313567e-04,bulk_richardson:18.4_m:none
1131,-2,-2.0000000000000000e+00,-2.8999999999999998e-01,-1,-1,6.3333333333333297e-04,wind_direction:18.4_m:degrees
1132,11,2.5933000183105469e+02,-3.5576923076923078e-01,1781,1782,1.9628698224851970e-03,wind_direction:18.4_m:degrees
1133,11,3.0110499572753906e+02,-1.1082644628099174e-01,1135,1136,1.3497302096851377e-03,wind_direction:18.4_m:degrees
1134,-2,-2.0000000000000000e+00,-6.8461538461538476e-02,-1,-1,7.4556213017715374e-05,wind_direction:18.4_m:degrees
1135,9,8.8528438568115234e+01,-1.2705882352941178e-01,1999,2000,9.5801614763552090e-04,angle_between_wind_wave:0_m:degrees
1136,9,8.8476448059082031e+01,-9.9000000000000005e-02,1295,1296,1.3032857142857169e-03,angle_between_wind_wave:0_m:degrees
1137,-2,-2.0000000000000000e+00,-9.9999999999999992e-02,-1,-1,9.3333333333332942e-04,wind_direction:18.4_m:degrees
1138,-2,-2.0000000000000000e+00,-1.9666666666666666e-01,-1,-1,9.5555555555557059e-04,wind_direction:18.4_m:degrees
1139,-2,-2.0000000000000000e+00,-1.2000000000000000e-01,-1,-1,0.0000000000000000e+00,wind_direction:18.4_m:degrees
1140,-2,-2.0000000000000000e+00,-2.3833333333333331e-01,-1,-1,3.1388888888889827e-04,wind_direction:18.4_m:degrees
1141,10,4.8771095275878906e+00,-1.3436866981769158e-02,1799,1800,2.5489962664603872e-04,wind_speed:18.4_m:m_s-1
1142,9,8.8180194854736328e+01,-2.2924901185770726e-02,1143,1144,9.2662281866609324e-04,angle_between_wind_wave:0_m:degrees
1143,4,1.3032373905181885e+01,-1.0100000000000002e-01,1591,1592,2.6089999999999950e-03,mixing_ratio:18.4_m:g_kg-1
1144,0,1.3079897308349609e+02,-1.9711934156378574e-02,1185,1186,5.9621331436603565e-04,zenith:0_m:degrees
1145,-2,-2.0000000000000000e+00,-1.5200000000000000e-01,-1,-1,3.7600000000000133e-04,wind_direction:18.4_m:degrees
1146,0,4.2714706420898438e+01,-8.3500000000000005e-02,1735,1736,1.2477499999999989e-03,zenith:0_m:degrees
1147,-2,-2.0000000000000000e+00,-3.6000000000000004e-01,-1,-1,1.9999999999997797e-04,wind_direction:18.4_m:degrees
1148,-2,-2.0000000000000000e+00,-2.5000000000000000e-01,-1,-1,4.0000000000001146e-04,wind_direction:18.4_m:degrees
1149,5,8.6750000000000000e+01,-1.4189526184538630e-02,1243,1244,6.5775959104732041e-04,relative_humidity:18.4_m:%
1150,-2,-2.0000000000000000e+00,1.3000000000000000e-01,-1,-1,-1.6653345369377348e-16,wind_direction:18.4_m:degrees
1151,-2,-2.0000000000000000e+00,7.3333333333333334e-02,-1,-1,5.5555555555555480e-04,wind_direction:18.4_m:degrees
1152,2,2.8966999816894531e+02,-1.1929824561403511e-02,1153,1154,1.5383810403200989e-03,water_sfc_temperature:0_m:K
1153,-2,-2.0000000000000000e+00,-1.7884615384615384e-02,-1,-1,1.1282174556213019e-03,wind_direction:18.4_m:degrees
1154,-2,-2.0000000000000000e+00,5.0000000000000003e-02,-1,-1,1.5999999999999947e-03,wind_direction:18.4_m:degrees
1155,11,2.8625000000000000e+02,-5.4076923076923078e-01,1873,1874,1.5609467455620085e-03,wind_direction:18.4_m:degrees
1156,-2,-2.0000000000000000e+00,-6.8999999999999995e-01,-1,-1,4.4408920985006262e-16,wind_direction:18.4_m:degrees
1157,-2,-2.0000000000000000e+00,-2.0666666666666667e-01,-1,-1,2.2222222222215149e-05,wind_direction:18.4_m:degrees
1158,10,1.1562620639801025e+01,-1.3888888888888890e-01,1159,1160,2.6543209876543246e-03,wind_speed:18.4_m:m_s-1
1159,-2,-2.0000000000000000e+00,-1.2000000000000001e-01,-1,-1,5.8571428571428663e-04,wind_direction:18.4_m:degrees
1160,9,8.9329044342041016e+01,-2.0500000000000002e-01,1663,1664,4.2750000000000010e-03,angle_between_wind_wave:0_m:degrees
1161,3,1.0323500366210938e+03,-8.5353535353535400e-03,1451,1452,4.4381440669319470e-04,pressure:18.4_m:hPa
1162,3,1.0321499633789062e+03,-1.9641873278236851e-02,1625,1626,2.7544566627962579e-04,pressure:18.4_m:hPa
1163,5,8.4649997711181641e+01,-3.6743697478991540e-02,1643,1644,5.6313598968999921e-04,relative_humidity:18.4_m:%
1164,-2,-2.0000000000000000e+00,-1.2000000000000000e-01,-1,-1,8.6736173798840355e-17,wind_direction:18.4_m:degrees
1165,-2,-2.0000000000000000e+00,-1.0818181818181820e-01,-1,-1,7.7851239669421250e-04,wind_direction:18.4_m:degrees
1166,6,2.0750000000000000e+02,-6.4432029795158233e-02,1167,1168,9.5987294057268014e-04,wave_direction:0_m:degrees
1167,4,1.2182850837707520e+00,-5.9022082018927412e-02,1423,1424,8.1639383415100381e-04,mixing_ratio:18.4_m:g_kg-1
1168,11,3.0688499450683594e+02,-7.2227272727272737e-02,1169,1170,1.0636756198347270e-03,wind_direction:18.4_m:degrees
1169,12,-9.1917067766189575e-02,-9.0833333333333321e-02,1331,1332,1.2159722222222277e-03,bulk_richardson:18.4_m:none
1170,11,3.4033000183105469e+02,-6.7034883720930236e-02,1171,1172,8.9760343428879792e-04,wind_direction:18.4_m:degrees
1171,7,1.9499999880790710e+00,-6.3734177215189855e-02,1323,1324,7.4997997115846919e-04,wave_height:0_m:m
1172,-2,-2.0000000000000000e+00,-1.0428571428571429e-01,-1,-1,1.0530612244898062e-03,wind_direction:18.4_m:degrees
1173,-2,-2.0000000000000000e+00,-3.8800000000000001e-01,-1,-1,1.3599999999999723e-04,wind_direction:18.4_m:degrees
1174,-2,-2.0000000000000000e+00,-3.1555555555555548e-01,-1,-1,1.6691358024691766e-03,wind_direction:18.4_m:degrees
1175,-2,-2.0000000000000000e+00,-6.2352941176470590e-02,-1,-1,1.5916955017300982e-04,wind_direction:18.4_m:degrees
1176,6,2.3850000000000000e+02,-9.9354838709677415e-02,1177,1178,1.3576482830385105e-03,wave_direction:0_m:degrees
1177,0,1.0950542068481445e+02,-9.2884615384615385e-02,1179,1180,1.2186020710059087e-03,zenith:0_m:degrees
1178,-2,-2.0000000000000000e+00,-1.3300000000000001e-01,-1,-1,7.3100000000005452e-04,wind_direction:18.4_m:degrees
1179,-2,-2.0000000000000000e+00,-1.1769230769230773e-01,-1,-1,6.1005917159762287e-04,wind_direction:18.4_m:degrees
1180,12,-4.1151138022542000e-02,-8.4615384615384606e-02,1817,1818,1.1479289940828398e-03,bulk_richardson:18.4_m:none
1181,-2,-2.0000000000000000e+00,-7.5925925925925938e-02,-1,-1,2.6117969821673383e-04,wind_direction:18.4_m:degrees
1182,-2,-2.0000000000000000e+00,-4.2833333333333341e-02,-1,-1,3.9363888888888933e-04,wind_direction:18.4_m:degrees
1183,-2,-2.0000000000000000e+00,-2.0999999999999999e-01,-1,-1,1.9142857142857295e-03,wind_direction:18.4_m:degrees
1184,10,9.5177121162414551e+00,-1.5240000000000004e-01,1577,1578,2.2982399999999896e-03,wind_speed:18.4_m:m_s-1
1185,-2,-2.0000000000000000e+00,-1.8135593220338964e-02,-1,-1,4.5923585176673451e-04,wind_direction:18.4_m:degrees
1186,6,1.7700000000000000e+02,-7.2857142857142856e-02,1917,1918,2.3061224489796198e-03,wave_direction:0_m:degrees
1187,-2,-2.0000000000000000e+00,-2.7000000000000002e-01,-1,-1,1.9999999999999185e-04,wind_direction:18.4_m:degrees
1188,-2,-2.0000000000000000e+00,-1.4000000000000001e-01,-1,-1,9.9999999999992456e-05,wind_direction:18.4_m:degrees
1189,7,1.2500000000000000e+00,-2.9125000000000001e-01,1273,1274,2.4859374999999934e-03,wave_height:0_m:m
1190,-2,-2.0000000000000000e+00,-3.5166666666666657e-01,-1,-1,1.6361111111112131e-03,wind_direction:18.4_m:degrees
1191,6,2.2450000000000000e+02,-4.3375000000000002e-01,1193,1194,3.3984374999999623e-03,wave_direction:0_m:degrees
1192,7,2.0500000119209290e+00,-3.7678571428571433e-01,1195,1196,2.2360969387754948e-03,wave_height:0_m:m
1193,-2,-2.0000000000000000e+00,-2.8999999999999998e-01,-1,-1,0.0000000000000000e+00,wind_direction:18.4_m:degrees
1194,-2,-2.0000000000000000e+00,-4.5428571428571424e-01,-1,-1,5.1020408163260367e-04,wind_direction:18.4_m:degrees
1195,-2,-2.0000000000000000e+00,-3.7148148148148152e-01,-1,-1,1.5311385459533533e-03,wind_direction:18.4_m:degrees
1196,-2,-2.0000000000000000e+00,-5.2000000000000002e-01,-1,-1,0.0000000000000000e+00,wind_direction:18.4_m:degrees
1197,9,8.8866806030273438e+01,-1.8750000000000000e-01,1371,1372,1.7687500000000064e-03,angle_between_wind_wave:0_m:degrees
1198,12,-1.8948131240904331e-02,-1.3760000000000003e-01,1463,1464,2.3142400000000125e-03,bulk_richardson:18.4_m:none
1199,2,2.7817500305175781e+02,-2.0749999999999999e-01,1201,1202,2.9520833333333413e-03,water_sfc_temperature:0_m:K
1200,5,9.2150001525878906e+01,-1.4000000000000001e-01,1355,1356,2.8571428571428220e-03,relative_humidity:18.4_m:%
1201,-2,-2.0000000000000000e+00,-1.8700000000000000e-01,-1,-1,1.0210000000000080e-03,wind_direction:18.4_m:degrees
1202,-2,-2.0000000000000000e+00,-3.1000000000000000e-01,-1,-1,1.3877787807814457e-17,wind_direction:18.4_m:degrees
1203,0,1.1526826858520508e+02,-2.4149999999999999e-01,1369,1370,1.3527499999999998e-03,zenith:0_m:degrees
1204,3,1.0087500000000000e+03,-2.8333333333333333e-01,1205,1206,1.9481481481481433e-03,pressure:18.4_m:hPa
1205,-2,-2.0000000000000000e+00,-3.1230769230769229e-01,-1,-1,1.1254437869822470e-03,wind_direction:18.4_m:degrees
1206,-2,-2.0000000000000000e+00,-2.5642857142857139e-01,-1,-1,1.2086734693877443e-03,wind_direction:18.4_m:degrees
1207,-2,-2.0000000000000000e+00,-1.5000000000000002e-01,-1,-1,1.8749999999999947e-03,wind_direction:18.4_m:degrees
1208,2,2.9034500122070312e+02,-9.8561151079136697e-02,1209,1210,1.3130376274519857e-03,water_sfc_temperature:0_m:K
1209,6,1.9150000000000000e+02,-9.1559633027522902e-02,1363,1364,1.1104115815167032e-03,wave_direction:0_m:degrees
1210,1,1.2044539642333984e+02,-1.2399999999999999e-01,1415,1416,1.2240000000000029e-03,azimuth:0_m:degrees
1211,-2,-2.0000000000000000e+00,4.8000000000000001e-02,-1,-1,1.6000000000000389e-05,wind_direction:18.4_m:degrees
1212,3,1.0053999938964844e+03,-1.6875000000000008e-02,1777,1778,1.0194010416666665e-03,pressure:18.4_m:hPa
1213,-2,-2.0000000000000000e+00,-1.0666666666666667e-01,-1,-1,2.2222222222220353e-05,wind_direction:18.4_m:degrees
1214,12,-1.1092578619718552e-01,-2.3333333333333338e-02,1889,1890,6.0000000000000027e-04,bulk_richardson:18.4_m:none
1215,-2,-2.0000000000000000e+00,-6.0625000000000012e-02,-1,-1,8.4335937499999862e-04,wind_direction:18.4_m:degrees
1216,-2,-2.0000000000000000e+00,-9.8440366972477031e-02,-1,-1,4.7554919619560883e-04,wind_direction:18.4_m:degrees
1217,-2,-2.0000000000000000e+00,-8.6666666666666670e-02,-1,-1,5.5555555555555480e-04,wind_direction:18.4_m:degrees
1218,4,4.4460486173629761e+00,-1.4911764705882355e-01,1285,1286,1.4374567474048326e-03,mixing_ratio:18.4_m:g_kg-1
1219,5,7.0299999237060547e+01,-3.3093750000000000e-01,1813,1814,1.8334960937499978e-03,relative_humidity:18.4_m:%
1220,11,2.7706500244140625e+02,-2.9785714285714282e-01,1271,1272,1.1025510204081407e-03,wind_direction:18.4_m:degrees
1221,-2,-2.0000000000000000e+00,-1.9111111111111112e-01,-1,-1,4.5432098765431361e-04,wind_direction:18.4_m:degrees
1222,5,4.6699998855590820e+01,-1.3000000000000000e-01,1545,1546,2.4307692307692363e-03,relative_humidity:18.4_m:%
1223,-2,-2.0000000000000000e+00,-2.4333333333333332e-01,-1,-1,5.5555555555556607e-04,wind_direction:18.4_m:degrees
1224,-2,-2.0000000000000000e+00,-1.5578947368421051e-01,-1,-1,9.1911357340720631e-04,wind_direction:18.4_m:degrees
1225,-2,-2.0000000000000000e+00,-4.2999999999999999e-01,-1,-1,0.0000000000000000e+00,wind_direction:18.4_m:degrees
1226,-2,-2.0000000000000000e+00,-5.2714285714285725e-01,-1,-1,1.1632653061225962e-03,wind_direction:18.4_m:degrees
1227,-2,-2.0000000000000000e+00,-2.2666666666666668e-01,-1,-1,2.8888888888888020e-04,wind_direction:18.4_m:degrees
1228,-2,-2.0000000000000000e+00,-2.9500000000000004e-01,-1,-1,2.2500000000004461e-04,wind_direction:18.4_m:degrees
1229,-2,-2.0000000000000000e+00,-5.8166666666666667e-01,-1,-1,1.4138888888889367e-03,wind_direction:18.4_m:degrees
1230,-2,-2.0000000000000000e+00,-4.2999999999999999e-01,-1,-1,-3.0531133177191805e-16,wind_direction:18.4_m:degrees
1231,8,4.7500000000000000e+00,-1.4918918918918919e-01,1635,1636,1.8858290723155653e-03,wave_period:0_m:s
1232,-2,-2.0000000000000000e+00,-1.9454545454545455e-01,-1,-1,6.2479338842958559e-04,wind_direction:18.4_m:degrees
1233,-2,-2.0000000000000000e+00,-2.4166666666666666e-02,-1,-1,4.0763888888888805e-04,wind_direction:18.4_m:degrees
1234,-2,-2.0000000000000000e+00,-1.7000000000000001e-01,-1,-1,3.4694469519536142e-18,wind_direction:18.4_m:degrees
1235,-2,-2.0000000000000000e+00,-1.7750000000000002e-01,-1,-1,1.8749999999997935e-05,wind_direction:18.4_m:degrees
1236,-2,-2.0000000000000000e+00,-1.2408163265306123e-01,-1,-1,1.4159933361099601e-03,wind_direction:18.4_m:degrees
1237,-2,-2.0000000000000000e+00,-6.4230769230769230e-02,-1,-1,5.2440828402366794e-04,wind_direction:18.4_m:degrees
1238,-2,-2.0000000000000000e+00,-1.1454545454545455e-01,-1,-1,3.8842975206610647e-04,wind_direction:18.4_m:degrees
1239,-2,-2.0000000000000000e+00,-2.5391304347826088e-01,-1,-1,6.7599243856331093e-04,wind_direction:18.4_m:degrees
1240,-2,-2.0000000000000000e+00,-1.9000000000000003e-01,-1,-1,3.9999999999999758e-04,wind_direction:18.4_m:degrees
1241,-2,-2.0000000000000000e+00,-1.9000000000000000e-01,-1,-1,0.0000000000000000e+00,wind_direction:18.4_m:degrees
1242,-2,-2.0000000000000000e+00,-8.7391304347826090e-02,-1,-1,1.0018903591682464e-03,wind_direction:18.4_m:degrees
1243,-2,-2.0000000000000000e+00,-1.4886649874055394e-02,-1,-1,5.9677556484718586e-04,wind_direction:18.4_m:degrees
1244,-2,-2.0000000000000000e+00,5.5000000000000000e-02,-1,-1,1.8750000000000116e-03,wind_direction:18.4_m:degrees
1245,-2,-2.0000000000000000e+00,-1.3673913043478261e-01,-1,-1,1.8784971644612604e-03,wind_direction:18.4_m:degrees
1246,-2,-2.0000000000000000e+00,-1.7333333333333331e-01,-1,-1,1.0984126984126819e-03,wind_direction:18.4_m:degrees
1247,-2,-2.0000000000000000e+00,-4.9411764705882356e-02,-1,-1,2.5259515570934254e-04,wind_direction:18.4_m:degrees
1248,-2,-2.0000000000000000e+00,-9.7058823529411781e-02,-1,-1,4.6782006920415009e-04,wind_direction:18.4_m:degrees
1249,-2,-2.0000000000000000e+00,-3.3499999999999996e-01,-1,-1,6.7500000000002280e-04,wind_direction:18.4_m:degrees
1250,-2,-2.0000000000000000e+00,-4.5499999999999996e-01,-1,-1,1.2249999999998651e-03,wind_direction:18.4_m:degrees
1251,5,5.7500000000000000e+01,-5.6767015706806215e-02,1255,1256,5.3313419999451422e-04,relative_humidity:18.4_m:%
1252,11,3.1644499206542969e+02,-8.8947368421052622e-02,1253,1254,2.7357340720220290e-03,wind_direction:18.4_m:degrees
1253,-2,-2.0000000000000000e+00,-2.3000000000000001e-01,-1,-1,0.0000000000000000e+00,wind_direction:18.4_m:degrees
1254,-2,-2.0000000000000000e+00,-7.2352941176470592e-02,-1,-1,4.4152249134948082e-04,wind_direction:18.4_m:degrees
1255,-2,-2.0000000000000000e+00,-1.0874999999999999e-01,-1,-1,1.0359375000000039e-03,wind_direction:18.4_m:degrees
1256,12,-5.5578530009370297e-04,-5.6216931216931158e-02,1257,1258,4.9891590381008488e-04,bulk_richardson:18.4_m:none
1257,0,4.8228424072265625e+01,-6.2877697841726643e-02,1425,1426,5.1114331556337354e-04,zenith:0_m:degrees
1258,11,2.6727499389648438e+02,-5.2343096234309633e-02,1259,1260,4.5099525568530457e-04,wind_direction:18.4_m:degrees
1259,5,8.0700000762939453e+01,-5.6289473684210556e-02,1447,1448,3.3544252077562318e-04,relative_humidity:18.4_m:%
1260,-2,-2.0000000000000000e+00,-3.7040816326530612e-02,-1,-1,6.0450853810910515e-04,wind_direction:18.4_m:degrees
1261,9,9.1485733032226562e+01,-2.2205882352941179e-02,1263,1264,2.8068987889273362e-03,angle_between_wind_wave:0_m:degrees
1262,11,1.2017499923706055e+02,-9.2906815020862114e-03,1297,1298,7.0784179077338207e-04,wind_direction:18.4_m:degrees
1263,10,1.2368606328964233e+00,-1.6744186046511633e-02,1267,1268,1.8281593654227515e-03,wind_speed:18.4_m:m_s-1
1264,0,5.2285453796386719e+01,-1.2285714285714286e-01,1265,1266,1.0163265306122455e-02,zenith:0_m:degrees
1265,-2,-2.0000000000000000e+00,-2.0999999999999999e-01,-1,-1,0.0000000000000000e+00,wind_direction:18.4_m:degrees
1266,-2,-2.0000000000000000e+00,-6.6666666666666671e-03,-1,-1,8.8888888888892634e-05,wind_direction:18.4_m:degrees
1267,11,2.2080500030517578e+02,-1.1666666666666665e-01,1269,1270,1.8788888888888897e-02,wind_direction:18.4_m:degrees
1268,-2,-2.0000000000000000e+00,-1.1869918699186993e-02,-1,-1,4.8999933901778072e-04,wind_direction:18.4_m:degrees
1269,-2,-2.0000000000000000e+00,-3.1000000000000000e-01,-1,-1,0.0000000000000000e+00,wind_direction:18.4_m:degrees
1270,-2,-2.0000000000000000e+00,-2.0000000000000000e-02,-1,-1,1.5000000000000229e-04,wind_direction:18.4_m:degrees
1271,-2,-2.0000000000000000e+00,-3.5000000000000003e-01,-1,-1,8.9999999999998415e-04,wind_direction:18.4_m:degrees
1272,-2,-2.0000000000000000e+00,-2.8916666666666668e-01,-1,-1,6.0763888888892836e-04,wind_direction:18.4_m:degrees
1273,-2,-2.0000000000000000e+00,-4.1999999999999998e-01,-1,-1,0.0000000000000000e+00,wind_direction:18.4_m:degrees
1274,-2,-2.0000000000000000e+00,-2.7285714285714285e-01,-1,-1,1.3469387755102313e-04,wind_direction:18.4_m:degrees
1275,11,3.0499000549316406e+02,-2.0580645161290323e-01,1483,1484,1.5211238293444326e-03,wind_direction:18.4_m:degrees
1276,-2,-2.0000000000000000e+00,-1.5125000000000000e-01,-1,-1,2.3593749999998095e-04,wind_direction:18.4_m:degrees
1277,3,1.0106000061035156e+03,-1.5241666666666662e-01,1279,1280,1.8566597222222092e-03,pressure:18.4_m:hPa
1278,6,2.4150000000000000e+02,-1.2357142857142857e-01,1523,1524,1.4729591836734248e-03,wave_direction:0_m:degrees
1279,-2,-2.0000000000000000e+00,-2.2000000000000003e-01,-1,-1,-6.9388939039072284e-18,wind_direction:18.4_m:degrees
1280,8,4.9500000476837158e+00,-1.4947826086956523e-01,1789,1790,1.7301625708884827e-03,wave_period:0_m:s
1281,-2,-2.0000000000000000e+00,-3.8166666666666665e-01,-1,-1,3.4722222222224874e-04,wind_direction:18.4_m:degrees
1282,-2,-2.0000000000000000e+00,-5.3000000000000003e-01,-1,-1,-3.3306690738754696e-16,wind_direction:18.4_m:degrees
1283,-2,-2.0000000000000000e+00,-2.5117647058823533e-01,-1,-1,2.0103806228373988e-03,wind_direction:18.4_m:degrees
1284,-2,-2.0000000000000000e+00,-1.1000000000000000e-01,-1,-1,-7.1123662515049091e-17,wind_direction:18.4_m:degrees
1285,-2,-2.0000000000000000e+00,-1.5500000000000000e-01,-1,-1,8.9999999999999455e-04,wind_direction:18.4_m:degrees
1286,-2,-2.0000000000000000e+00,-5.5000000000000000e-02,-1,-1,6.2500000000007992e-04,wind_direction:18.4_m:degrees
1287,-2,-2.0000000000000000e+00,-2.9199999999999998e-01,-1,-1,1.2160000000000226e-03,wind_direction:18.4_m:degrees
1288,-2,-2.0000000000000000e+00,-2.0000000000000001e-01,-1,-1,1.1999999999999442e-03,wind_direction:18.4_m:degrees
1289,-2,-2.0000000000000000e+00,-3.3956043956043930e-02,-1,-1,4.1731674918488496e-04,wind_direction:18.4_m:degrees
1290,-2,-2.0000000000000000e+00,-4.9552238805970122e-02,-1,-1,6.5353085319670408e-04,wind_direction:18.4_m:degrees
1291,-2,-2.0000000000000000e+00,-8.3777777777777784e-02,-1,-1,2.9906172839505672e-04,wind_direction:18.4_m:degrees
1292,-2,-2.0000000000000000e+00,-4.6315789473684206e-02,-1,-1,1.2853185595568381e-04,wind_direction:18.4_m:degrees
1293,-2,-2.0000000000000000e+00,-1.9142857142857145e-01,-1,-1,1.2244897959187706e-05,wind_direction:18.4_m:degrees
1294,5,2.7199999809265137e+01,-1.3437499999999999e-01,1877,1878,1.3246093749999972e-03,relative_humidity:18.4_m:%
1295,-2,-2.0000000000000000e+00,-6.6428571428571434e-02,-1,-1,1.2372448979591838e-03,wind_direction:18.4_m:degrees
1296,-2,-2.0000000000000000e+00,-1.0714285714285716e-01,-1,-1,9.8826530612244716e-04,wind_direction:18.4_m:degrees
1297,8,1.1500000000000000e+01,2.4375000000000001e-02,1299,1300,1.6121093749999998e-03,wave_period:0_m:s
1298,-2,-2.0000000000000000e+00,-1.0056899004267414e-02,-1,-1,6.6087869706945874e-04,wind_direction:18.4_m:degrees
1299,-2,-2.0000000000000000e+00,1.0714285714285714e-02,-1,-1,3.4948979591836737e-04,wind_direction:18.4_m:degrees
1300,-2,-2.0000000000000000e+00,1.2000000000000000e-01,-1,-1,0.0000000000000000e+00,wind_direction:18.4_m:degrees
1301,11,2.7259500122070312e+02,-3.3095238095238101e-02,1303,1304,1.4547052154195014e-03,wind_direction:18.4_m:degrees
1302,4,3.5547623634338379e+00,-5.6944444444444436e-02,1305,1306,9.2121913580247086e-04,mixing_ratio:18.4_m:g_kg-1
1303,-2,-2.0000000000000000e+00,-6.0434782608695656e-02,-1,-1,2.6502835538752458e-04,wind_direction:18.4_m:degrees
1304,-2,-2.0000000000000000e+00,9.1301235577726684e-19,-1,-1,8.9473684210526327e-04,wind_direction:18.4_m:degrees
1305,-2,-2.0000000000000000e+00,-9.9166666666666667e-02,-1,-1,2.2430555555555572e-04,wind_direction:18.4_m:degrees
1306,8,1.0500000000000000e+01,-5.3106060606060601e-02,1879,1880,8.0777662993572041e-04,wave_period:0_m:s
1307,-2,-2.0000000000000000e+00,-2.0000000000000001e-01,-1,-1,0.0000000000000000e+00,wind_direction:18.4_m:degrees
1308,-2,-2.0000000000000000e+00,-3.4333333333333332e-01,-1,-1,4.8888888888888593e-04,wind_direction:18.4_m:degrees
1309,3,1.0062500000000000e+03,-4.2166666666666675e-01,1311,1312,2.0672222222221370e-03,pressure:18.4_m:hPa
1310,-2,-2.0000000000000000e+00,-3.5600000000000004e-01,-1,-1,8.6399999999983712e-04,wind_direction:18.4_m:degrees
1311,3,9.9609997558593750e+02,-4.1296296296296303e-01,1647,1648,1.3986282578875298e-03,pressure:18.4_m:hPa
1312,-2,-2.0000000000000000e+00,-5.0000000000000000e-01,-1,-1,1.2666666666661386e-03,wind_direction:18.4_m:degrees
1313,-2,-2.0000000000000000e+00,-2.5822222222222194e-02,-1,-1,3.3099061728395244e-04,wind_direction:18.4_m:degrees
1314,-2,-2.0000000000000000e+00,-3.8074074074074031e-02,-1,-1,4.1184636488341233e-04,wind_direction:18.4_m:degrees
1315,5,9.1750000000000000e+01,-1.7999999999999999e-01,1709,1710,1.5333333333333449e-03,relative_humidity:18.4_m:%
1316,-2,-2.0000000000000000e+00,-1.3930232558139535e-01,-1,-1,7.7393185505676351e-04,wind_direction:18.4_m:degrees
1317,-2,-2.0000000000000000e+00,-1.5200000000000000e-01,-1,-1,9.1599999999999668e-04,wind_direction:18.4_m:degrees
1318,-2,-2.0000000000000000e+00,-9.2727272727272728e-02,-1,-1,5.2892561983471954e-04,wind_direction:18.4_m:degrees
1319,-2,-2.0000000000000000e+00,-7.9148936170212736e-02,-1,-1,5.2055228610230469e-04,wind_direction:18.4_m:degrees
1320,-2,-2.0000000000000000e+00,-6.2524271844660181e-02,-1,-1,4.7906494485813831e-04,wind_direction:18.4_m:degrees
1321,-2,-2.0000000000000000e+00,-3.5857988165680449e-02,-1,-1,4.5621651902944720e-04,wind_direction:18.4_m:degrees
1322,-2,-2.0000000000000000e+00,-7.3571428571428579e-02,-1,-1,6.3724489795920301e-04,wind_direction:18.4_m:degrees
1323,-2,-2.0000000000000000e+00,-6.6375838926174491e-02,-1,-1,6.0431512094050090e-04,wind_direction:18.4_m:degrees
1324,-2,-2.0000000000000000e+00,-2.0000000000000004e-02,-1,-1,1.1333333333333382e-03,wind_direction:18.4_m:degrees
1325,9,9.1116577148437500e+01,-1.8692307692307691e-01,1957,1958,1.6828402366863976e-03,angle_between_wind_wave:0_m:degrees
1326,-2,-2.0000000000000000e+00,-2.5800000000000001e-01,-1,-1,5.7599999999999318e-04,wind_direction:18.4_m:degrees
1327,-2,-2.0000000000000000e+00,-2.2571428571428576e-01,-1,-1,1.3387755102040808e-03,wind_direction:18.4_m:degrees
1328,-2,-2.0000000000000000e+00,-1.4000000000000001e-01,-1,-1,-6.9388939039072284e-18,wind_direction:18.4_m:degrees
1329,1,7.4749305725097656e+01,-6.1029411764705874e-02,1869,1870,9.0188148788928214e-04,azimuth:0_m:degrees
1330,3,1.0282000122070312e+03,-7.8086956521739137e-02,1549,1550,1.5546011342154869e-03,pressure:18.4_m:hPa
1331,1,1.2411134719848633e+02,-1.1705882352941177e-01,1333,1334,1.7148788927335620e-03,azimuth:0_m:degrees
1332,-2,-2.0000000000000000e+00,-7.6451612903225830e-02,-1,-1,3.5837669094693735e-04,wind_direction:18.4_m:degrees
1333,-2,-2.0000000000000000e+00,-1.6500000000000001e-01,-1,-1,1.2500000000000011e-04,wind_direction:18.4_m:degrees
1334,-2,-2.0000000000000000e+00,-9.0909090909090912e-02,-1,-1,6.4462809917355257e-04,wind_direction:18.4_m:degrees
1335,-2,-2.0000000000000000e+00,-4.4210526315789478e-01,-1,-1,8.6925207756230471e-04,wind_direction:18.4_m:degrees
1336,-2,-2.0000000000000000e+00,-5.7999999999999996e-01,-1,-1,-2.7755575615628914e-16,wind_direction:18.4_m:degrees
1337,-2,-2.0000000000000000e+00,-1.4000000000000001e-01,-1,-1,0.0000000000000000e+00,wind_direction:18.4_m:degrees
1338,-2,-2.0000000000000000e+00,-3.3000000000000002e-01,-1,-1,-1.3877787807814457e-17,wind_direction:18.4_m:degrees
1339,-2,-2.0000000000000000e+00,-2.3000000000000001e-01,-1,-1,0.0000000000000000e+00,wind_direction:18.4_m:degrees
1340,1,2.5059416770935059e+01,-9.4464285714285695e-02,1827,1828,7.3899872448979914e-04,azimuth:0_m:degrees
1341,10,6.1629722118377686e+00,-6.6421052631578936e-02,1343,1344,7.4087534626038950e-04,wind_speed:18.4_m:m_s-1
1342,2,2.7588500976562500e+02,-5.1414538310412511e-02,1373,1374,6.3925644875541645e-04,water_sfc_temperature:0_m:K
1343,-2,-2.0000000000000000e+00,-6.0126582278481000e-02,-1,-1,4.5947764781285351e-04,wind_direction:18.4_m:degrees
1344,-2,-2.0000000000000000e+00,-9.7500000000000003e-02,-1,-1,9.6874999999998872e-04,wind_direction:18.4_m:degrees
1345,-2,-2.0000000000000000e+00,-6.7916666666666653e-02,-1,-1,8.0538194444445058e-04,wind_direction:18.4_m:degrees
1346,10,6.1848649978637695e+00,-9.5172413793103469e-02,1347,1348,1.2111771700356894e-03,wind_speed:18.4_m:m_s-1
1347,-2,-2.0000000000000000e+00,-7.6315789473684212e-02,-1,-1,3.7063711911356888e-04,wind_direction:18.4_m:degrees
1348,-2,-2.0000000000000000e+00,-1.3100000000000001e-01,-1,-1,8.4899999999999906e-04,wind_direction:18.4_m:degrees
1349,10,1.2507866382598877e+01,-2.6159090909090910e-01,1351,1352,2.9497417355371786e-03,wind_speed:18.4_m:m_s-1
1350,-2,-2.0000000000000000e+00,-2.0333333333333337e-01,-1,-1,8.5555555555560242e-04,wind_direction:18.4_m:degrees
1351,6,2.2200000000000000e+02,-2.4181818181818188e-01,1353,1354,1.8088154269972623e-03,wave_direction:0_m:degrees
1352,10,1.2765347003936768e+01,-3.2090909090909092e-01,1829,1830,1.6809917355371656e-03,wind_speed:18.4_m:m_s-1
1353,3,1.0156499938964844e+03,-2.6190476190476192e-01,1899,1900,1.2154195011337687e-03,pressure:18.4_m:hPa
1354,-2,-2.0000000000000000e+00,-2.0666666666666667e-01,-1,-1,9.0555555555553446e-04,wind_direction:18.4_m:degrees
1355,-2,-2.0000000000000000e+00,-1.0800000000000001e-01,-1,-1,4.1599999999999970e-04,wind_direction:18.4_m:degrees
1356,-2,-2.0000000000000000e+00,-2.2000000000000000e-01,-1,-1,-2.7755575615628914e-17,wind_direction:18.4_m:degrees
1357,10,1.2586516857147217e+01,-1.7411764705882357e-01,1861,1862,7.7128027681659314e-04,wind_speed:18.4_m:m_s-1
1358,11,2.0116499328613281e+02,-1.4416666666666669e-01,1359,1360,1.4784722222222144e-03,wind_direction:18.4_m:degrees
1359,12,-2.9669750074390322e-04,-1.6842105263157897e-01,1361,1362,2.1290858725761738e-03,bulk_richardson:18.4_m:none
1360,-2,-2.0000000000000000e+00,-1.2827586206896549e-01,-1,-1,4.1426872770510687e-04,wind_direction:18.4_m:degrees
1361,-2,-2.0000000000000000e+00,-2.3000000000000001e-01,-1,-1,2.9999999999999472e-04,wind_direction:18.4_m:degrees
1362,-2,-2.0000000000000000e+00,-1.5200000000000002e-01,-1,-1,1.3359999999999934e-03,wind_direction:18.4_m:degrees
1363,6,1.6250000000000000e+02,-8.0634920634920629e-02,1365,1366,9.1070798689847198e-04,wave_direction:0_m:degrees
1364,3,1.0089499816894531e+03,-1.0652173913043476e-01,1721,1722,9.9659735349717088e-04,pressure:18.4_m:hPa
1365,-2,-2.0000000000000000e+00,-1.2444444444444445e-01,-1,-1,1.4024691358024647e-03,wind_direction:18.4_m:degrees
1366,-2,-2.0000000000000000e+00,-7.3333333333333348e-02,-1,-1,4.5555555555555887e-04,wind_direction:18.4_m:degrees
1367,-2,-2.0000000000000000e+00,-5.0000000000000000e-01,-1,-1,0.0000000000000000e+00,wind_direction:18.4_m:degrees
1368,-2,-2.0000000000000000e+00,-6.3846153846153852e-01,-1,-1,1.7668639053253776e-03,wind_direction:18.4_m:degrees
1369,-2,-2.0000000000000000e+00,-2.7444444444444449e-01,-1,-1,4.4691358024689931e-04,wind_direction:18.4_m:degrees
1370,-2,-2.0000000000000000e+00,-2.1454545454545454e-01,-1,-1,4.7933884297520629e-04,wind_direction:18.4_m:degrees
1371,-2,-2.0000000000000000e+00,-1.4199999999999999e-01,-1,-1,3.3600000000000296e-04,wind_direction:18.4_m:degrees
1372,-2,-2.0000000000000000e+00,-2.2000000000000000e-01,-1,-1,2.5714285714285856e-04,wind_direction:18.4_m:degrees
1373,12,-2.6630456745624542e-01,-6.6567164179104507e-02,1375,1376,7.2702160837602794e-04,bulk_richardson:18.4_m:none
1374,0,1.4348130035400391e+02,-4.9117647058823509e-02,1565,1566,5.8587303699761048e-04,zenith:0_m:degrees
1375,-2,-2.0000000000000000e+00,-1.1249999999999999e-01,-1,-1,9.3750000000003553e-05,wind_direction:18.4_m:degrees
1376,-2,-2.0000000000000000e+00,-6.0338983050847457e-02,-1,-1,4.8802068371157437e-04,wind_direction:18.4_m:degrees
1377,11,2.5955999755859375e+02,-1.6035398230088499e-01,1379,1380,1.3981047850262114e-03,wind_direction:18.4_m:degrees
1378,-2,-2.0000000000000000e+00,-1.0857142857142857e-01,-1,-1,1.0693877551020362e-03,wind_direction:18.4_m:degrees
1379,0,1.4103569030761719e+02,-1.5685185185185185e-01,1875,1876,1.0437928669409964e-03,zenith:0_m:degrees
1380,7,1.0500000119209290e+00,-2.3600000000000004e-01,1683,1684,3.0639999999998654e-03,wave_height:0_m:m
1381,2,2.7381001281738281e+02,-7.2644230769230753e-02,1383,1384,1.6079118897928896e-03,water_sfc_temperature:0_m:K
1382,-2,-2.0000000000000000e+00,-4.5000000000000012e-02,-1,-1,4.6346153846156361e-04,wind_direction:18.4_m:degrees
1383,-2,-2.0000000000000000e+00,-2.6249999999999999e-02,-1,-1,4.8437499999999978e-05,wind_direction:18.4_m:degrees
1384,6,2.2250000000000000e+02,-7.4499999999999983e-02,1527,1528,1.5807499999999971e-03,wave_direction:0_m:degrees
1385,-2,-2.0000000000000000e+00,-9.1666666666666674e-02,-1,-1,3.4722222222222099e-04,wind_direction:18.4_m:degrees
1386,-2,-2.0000000000000000e+00,-1.6833333333333336e-01,-1,-1,3.1388888888887745e-04,wind_direction:18.4_m:degrees
1387,-2,-2.0000000000000000e+00,-7.8571428571428584e-02,-1,-1,2.9795918367346835e-04,wind_direction:18.4_m:degrees
1388,-2,-2.0000000000000000e+00,-4.2202166064981887e-02,-1,-1,5.4135985090383735e-04,wind_direction:18.4_m:degrees
1389,-2,-2.0000000000000000e+00,-2.1083333333333334e-01,-1,-1,8.5763888888888695e-04,wind_direction:18.4_m:degrees
1390,-2,-2.0000000000000000e+00,-1.5769230769230769e-01,-1,-1,1.1869822485207314e-03,wind_direction:18.4_m:degrees
1391,-2,-2.0000000000000000e+00,-3.5999999999999999e-01,-1,-1,8.1818181818182900e-04,wind_direction:18.4_m:degrees
1392,9,8.8763465881347656e+01,-3.1166666666666670e-01,1715,1716,1.7638888888888704e-03,angle_between_wind_wave:0_m:degrees
1393,9,8.8850063323974609e+01,-1.4599999999999999e-01,1395,1396,6.0639999999999999e-03,angle_between_wind_wave:0_m:degrees
1394,4,7.8764149546623230e-01,-8.4181818181818191e-02,1397,1398,1.3806942148760337e-03,mixing_ratio:18.4_m:g_kg-1
1395,-2,-2.0000000000000000e+00,-1.0000000000000000e-02,-1,-1,0.0000000000000000e+00,wind_direction:18.4_m:degrees
1396,-2,-2.0000000000000000e+00,-1.7999999999999999e-01,-1,-1,1.8000000000000030e-03,wind_direction:18.4_m:degrees
1397,-2,-2.0000000000000000e+00,1.0000000000000000e-02,-1,-1,0.0000000000000000e+00,wind_direction:18.4_m:degrees
1398,-2,-2.0000000000000000e+00,-8.7735849056603782e-02,-1,-1,1.0854396582413665e-03,wind_direction:18.4_m:degrees
1399,7,8.4999999403953552e-01,-1.0104838709677420e-01,1641,1642,6.5938475546304873e-04,wave_height:0_m:m
1400,4,1.3308578491210938e+01,-1.1842592592592592e-01,1505,1506,1.0317815500686094e-03,mixing_ratio:18.4_m:g_kg-1
1401,-2,-2.0000000000000000e+00,-5.9999999999999998e-02,-1,-1,5.5999999999999973e-04,wind_direction:18.4_m:degrees
1402,-2,-2.0000000000000000e+00,-1.4423076923076924e-02,-1,-1,9.3235946745562088e-04,wind_direction:18.4_m:degrees
1403,12,-4.7539260983467102e-01,-3.6481481481481490e-02,1405,1406,1.3487311385459531e-03,bulk_richardson:18.4_m:none
1404,11,8.8850002288818359e+01,-1.7995337995337892e-02,1407,1408,4.2255475682049257e-04,wind_direction:18.4_m:degrees
1405,-2,-2.0000000000000000e+00,1.8571428571428572e-02,-1,-1,2.6938775510204074e-04,wind_direction:18.4_m:degrees
1406,-2,-2.0000000000000000e+00,-4.4680851063829796e-02,-1,-1,9.9085559076505158e-04,wind_direction:18.4_m:degrees
1407,-2,-2.0000000000000000e+00,-1.4999999999999999e-01,-1,-1,0.0000000000000000e+00,wind_direction:18.4_m:degrees
1408,5,5.9399999618530273e+01,-1.7841306884480650e-02,1543,1544,4.0269126923721401e-04,relative_humidity:18.4_m:%
1409,-2,-2.0000000000000000e+00,-1.7749999999999999e-01,-1,-1,1.6874999999999529e-04,wind_direction:18.4_m:degrees
1410,-2,-2.0000000000000000e+00,-2.6666666666666666e-01,-1,-1,8.8888888888874473e-05,wind_direction:18.4_m:degrees
1411,-2,-2.0000000000000000e+00,-2.0000000000000001e-01,-1,-1,2.3999999999999716e-04,wind_direction:18.4_m:degrees
1412,-2,-2.0000000000000000e+00,-1.3076923076923078e-01,-1,-1,6.2248520710059610e-04,wind_direction:18.4_m:degrees
1413,-2,-2.0000000000000000e+00,-5.7049180327868834e-02,-1,-1,3.7489922063961654e-04,wind_direction:18.4_m:degrees
1414,-2,-2.0000000000000000e+00,-8.3125000000000004e-02,-1,-1,2.3398437499997943e-04,wind_direction:18.4_m:degrees
1415,-2,-2.0000000000000000e+00,-1.0954545454545456e-01,-1,-1,7.4070247933884052e-04,wind_direction:18.4_m:degrees
1416,-2,-2.0000000000000000e+00,-1.6375000000000001e-01,-1,-1,3.9843750000002204e-04,wind_direction:18.4_m:degrees
1417,-2,-2.0000000000000000e+00,-9.0000000000000011e-02,-1,-1,0.0000000000000000e+00,wind_direction:18.4_m:degrees
1418,12,8.3214621990919113e-02,-1.4232008592910770e-02,1449,1450,3.5115562421475098e-04,bulk_richardson:18.4_m:none
1419,9,8.8675106048583984e+01,-1.7071428571428576e-01,1645,1646,1.7209183673469290e-03,angle_between_wind_wave:0_m:degrees
1420,1,2.0007659912109375e+02,-2.1727272727272726e-01,1871,1872,2.3834710743800766e-03,azimuth:0_m:degrees
1421,-2,-2.0000000000000000e+00,-1.0238095238095238e-01,-1,-1,1.5147392290249494e-04,wind_direction:18.4_m:degrees
1422,-2,-2.0000000000000000e+00,-6.9999999999999979e-02,-1,-1,6.5479452054794350e-04,wind_direction:18.4_m:degrees
1423,6,1.9600000000000000e+02,-2.8235294117647056e-02,1461,1462,1.4262975778546716e-03,wave_direction:0_m:degrees
1424,0,8.4781448364257812e+01,-6.0766666666666636e-02,1991,1992,7.2507888888889054e-04,zenith:0_m:degrees
1425,9,9.1555377960205078e+01,-5.0259740259740275e-02,1427,1428,4.5188058694552126e-04,angle_between_wind_wave:0_m:degrees
1426,7,2.8500000238418579e+00,-6.7711442786069664e-02,1617,1618,4.4948887403776713e-04,wave_height:0_m:m
1427,-2,-2.0000000000000000e+00,-5.5882352941176480e-02,-1,-1,2.2422145328719481e-04,wind_direction:18.4_m:degrees
1428,-2,-2.0000000000000000e+00,-7.7777777777777784e-03,-1,-1,1.2839506172840229e-04,wind_direction:18.4_m:degrees
1429,-2,-2.0000000000000000e+00,-2.7000000000000002e-01,-1,-1,0.0000000000000000e+00,wind_direction:18.4_m:degrees
1430,-2,-2.0000000000000000e+00,-4.0000000000000002e-01,-1,-1,0.0000000000000000e+00,wind_direction:18.4_m:degrees
1431,6,2.2900000000000000e+02,-1.9047619047619047e-01,1433,1434,1.8331065759637222e-03,wave_direction:0_m:degrees
1432,10,1.3287267208099365e+01,-2.2549999999999995e-01,1537,1538,1.7597499999999350e-03,wind_speed:18.4_m:m_s-1
1433,-2,-2.0000000000000000e+00,-2.1200000000000005e-01,-1,-1,8.8266666666667742e-04,wind_direction:18.4_m:degrees
1434,-2,-2.0000000000000000e+00,-1.3666666666666669e-01,-1,-1,1.5555555555552339e-04,wind_direction:18.4_m:degrees
1435,-2,-2.0000000000000000e+00,-1.5431034482758624e-01,-1,-1,9.6590368608797522e-04,wind_direction:18.4_m:degrees
1436,7,1.3499999642372131e+00,-1.2702702702702709e-01,1437,1438,2.4371073776479034e-03,wave_height:0_m:m
1437,10,9.8507442474365234e+00,-1.3624999999999998e-01,1855,1856,1.4734374999999869e-03,wind_speed:18.4_m:m_s-1
1438,11,3.0689500427246094e+02,-6.8000000000000005e-02,1439,1440,4.5760000000000340e-03,wind_direction:18.4_m:degrees
1439,-2,-2.0000000000000000e+00,5.0000000000000003e-02,-1,-1,0.0000000000000000e+00,wind_direction:18.4_m:degrees
1440,-2,-2.0000000000000000e+00,-9.7500000000000003e-02,-1,-1,1.3687499999999984e-03,wind_direction:18.4_m:degrees
1441,-2,-2.0000000000000000e+00,-8.9999999999999997e-02,-1,-1,0.0000000000000000e+00,wind_direction:18.4_m:degrees
1442,-2,-2.0000000000000000e+00,-2.2600000000000003e-01,-1,-1,3.4399999999998321e-04,wind_direction:18.4_m:degrees
1443,5,3.7399999618530273e+01,-1.3363636363636366e-01,1445,1446,4.4776859504132155e-03,relative_humidity:18.4_m:%
1444,9,9.0953102111816406e+01,-1.7422222222222231e-01,1531,1532,1.9666172839505926e-03,angle_between_wind_wave:0_m:degrees
1445,-2,-2.0000000000000000e+00,-6.7500000000000004e-02,-1,-1,9.1875000000000030e-04,wind_direction:18.4_m:degrees
1446,8,4.8499999046325684e+00,-1.7142857142857146e-01,1745,1746,2.5836734693877490e-03,wave_period:0_m:s
1447,-2,-2.0000000000000000e+00,-4.0181818181818187e-02,-1,-1,4.6360330578512393e-04,wind_direction:18.4_m:degrees
1448,-2,-2.0000000000000000e+00,-5.9015384615384622e-02,-1,-1,2.6241514792898872e-04,wind_direction:18.4_m:degrees
1449,-2,-2.0000000000000000e+00,-1.4754634678298724e-02,-1,-1,3.2788417971932424e-04,wind_direction:18.4_m:degrees
1450,-2,-2.0000000000000000e+00,2.0000000000000000e-02,-1,-1,6.8571428571424721e-04,wind_direction:18.4_m:degrees
1451,-2,-2.0000000000000000e+00,-1.0156250000000006e-02,-1,-1,3.6924641927083322e-04,wind_direction:18.4_m:degrees
1452,-2,-2.0000000000000000e+00,4.3333333333333335e-02,-1,-1,5.5555555555559123e-05,wind_direction:18.4_m:degrees
1453,11,3.3385000610351562e+02,-1.3681818181818181e-01,1629,1630,2.6762396694214909e-03,wind_direction:18.4_m:degrees
1454,10,8.8826231956481934e+00,-1.0799999999999997e-01,1455,1456,1.3155121951219633e-03,wind_speed:18.4_m:m_s-1
1455,5,7.7649997711181641e+01,-9.8316831683168321e-02,1559,1560,1.3130085285756286e-03,relative_humidity:18.4_m:%
1456,3,1.0240999755859375e+03,-1.1740384615384615e-01,1457,1458,1.1384522928994216e-03,pressure:18.4_m:hPa
1457,-2,-2.0000000000000000e+00,-1.2147368421052629e-01,-1,-1,9.6414404432132970e-04,wind_direction:18.4_m:degrees
1458,-2,-2.0000000000000000e+00,-7.4444444444444452e-02,-1,-1,9.5802469135800039e-04,wind_direction:18.4_m:degrees
1459,-2,-2.0000000000000000e+00,-1.9714285714285712e-01,-1,-1,8.3469387755102237e-04,wind_direction:18.4_m:degrees
1460,-2,-2.0000000000000000e+00,-3.3000000000000002e-01,-1,-1,-5.5511151231257827e-17,wind_direction:18.4_m:degrees
1461,-2,-2.0000000000000000e+00,-6.1249999999999999e-02,-1,-1,4.8593750000000026e-04,wind_direction:18.4_m:degrees
1462,-2,-2.0000000000000000e+00,1.1111111111111105e-03,-1,-1,4.3209876543209960e-04,wind_direction:18.4_m:degrees
1463,12,-5.6160671636462212e-02,-1.1666666666666668e-01,1465,1466,2.6888888888888674e-03,bulk_richardson:18.4_m:none
1464,-2,-2.0000000000000000e+00,-1.6900000000000001e-01,-1,-1,1.0900000000001533e-04,wind_direction:18.4_m:degrees
1465,-2,-2.0000000000000000e+00,-1.8666666666666668e-01,-1,-1,1.0888888888888823e-03,wind_direction:18.4_m:degrees
1466,6,2.2250000000000000e+02,-9.9166666666666667e-02,1507,1508,1.5576388888888862e-03,wave_direction:0_m:degrees
1467,-2,-2.0000000000000000e+00,1.8181818181818186e-03,-1,-1,9.6033057851239653e-04,wind_direction:18.4_m:degrees
1468,4,2.9958442449569702e+00,-4.3333333333333335e-02,1469,1470,1.1488888888888903e-03,mixing_ratio:18.4_m:g_kg-1
1469,-2,-2.0000000000000000e+00,-6.0000000000000012e-02,-1,-1,3.7142857142857203e-04,wind_direction:18.4_m:degrees
1470,-2,-2.0000000000000000e+00,-4.4444444444444453e-03,-1,-1,8.0246913580246800e-04,wind_direction:18.4_m:degrees
1471,9,9.0219657897949219e+01,-3.0538461538461542e-01,1473,1474,2.0248520710058893e-03,angle_between_wind_wave:0_m:degrees
1472,-2,-2.0000000000000000e+00,-2.3799999999999999e-01,-1,-1,6.5600000000009401e-04,wind_direction:18.4_m:degrees
1473,-2,-2.0000000000000000e+00,-3.1583333333333335e-01,-1,-1,7.7430555555556280e-04,wind_direction:18.4_m:degrees
1474,-2,-2.0000000000000000e+00,-1.7999999999999999e-01,-1,-1,-2.9837243786801082e-16,wind_direction:18.4_m:degrees
1475,10,7.2359273433685303e+00,-5.0344827586206876e-02,1477,1478,1.0116052318668313e-03,wind_speed:18.4_m:m_s-1
1476,-2,-2.0000000000000000e+00,-2.4666666666666667e-02,-1,-1,5.6488888888888799e-04,wind_direction:18.4_m:degrees
1477,-2,-2.0000000000000000e+00,-4.1123595505617977e-02,-1,-1,5.8525438707233935e-04,wind_direction:18.4_m:degrees
1478,4,1.6839074492454529e+00,-6.5000000000000002e-02,1479,1480,1.3392857142857251e-03,mixing_ratio:18.4_m:g_kg-1
1479,-2,-2.0000000000000000e+00,-1.5333333333333335e-01,-1,-1,1.0888888888888858e-03,wind_direction:18.4_m:degrees
1480,-2,-2.0000000000000000e+00,-6.0000000000000012e-02,-1,-1,8.8679245283018824e-04,wind_direction:18.4_m:degrees
1481,-2,-2.0000000000000000e+00,-1.5000000000000002e-01,-1,-1,1.2482758620689684e-03,wind_direction:18.4_m:degrees
1482,-2,-2.0000000000000000e+00,-2.8000000000000003e-01,-1,-1,-2.2204460492503131e-16,wind_direction:18.4_m:degrees
1483,9,8.7292804718017578e+01,-1.9576923076923081e-01,1951,1952,1.1474852071005973e-03,angle_between_wind_wave:0_m:degrees
1484,-2,-2.0000000000000000e+00,-2.5800000000000001e-01,-1,-1,2.1600000000006336e-04,wind_direction:18.4_m:degrees
1485,5,8.7549999237060547e+01,-8.2000000000000003e-02,1525,1526,1.0093333333333308e-03,relative_humidity:18.4_m:%
1486,0,1.4556066894531250e+02,-1.3285714285714287e-01,1805,1806,2.1918367346939020e-03,zenith:0_m:degrees
1487,-2,-2.0000000000000000e+00,-3.4076923076923077e-01,-1,-1,1.1763313609467613e-03,wind_direction:18.4_m:degrees
1488,-2,-2.0000000000000000e+00,-2.8555555555555556e-01,-1,-1,7.1358024691357824e-04,wind_direction:18.4_m:degrees
1489,-2,-2.0000000000000000e+00,-4.4807692307692298e-02,-1,-1,5.7111686390532660e-04,wind_direction:18.4_m:degrees
1490,9,9.1799213409423828e+01,-5.9426523297491006e-02,1977,1978,5.3157076604874298e-04,angle_between_wind_wave:0_m:degrees
1491,-2,-2.0000000000000000e+00,-1.2074074074074073e-01,-1,-1,1.1105624142661152e-03,wind_direction:18.4_m:degrees
1492,-2,-2.0000000000000000e+00,-1.5944444444444442e-01,-1,-1,9.4969135802466104e-04,wind_direction:18.4_m:degrees
1493,-2,-2.0000000000000000e+00,-2.0606060606060603e-02,-1,-1,2.1781450872359974e-04,wind_direction:18.4_m:degrees
1494,11,1.9387500000000000e+02,-4.3091603053435019e-02,1495,1496,3.3128168521648197e-04,wind_direction:18.4_m:degrees
1495,3,1.0137500000000000e+03,-4.9440993788819845e-02,1707,1708,4.4813471702481213e-04,pressure:18.4_m:hPa
1496,-2,-2.0000000000000000e+00,-4.0275482093663835e-02,-1,-1,2.5364311788053694e-04,wind_direction:18.4_m:degrees
1497,9,8.7680450439453125e+01,-3.3012048192771058e-02,1499,1500,8.3550587893743851e-04,angle_between_wind_wave:0_m:degrees
1498,-2,-2.0000000000000000e+00,-2.2573313782991128e-02,-1,-1,2.7043084209801480e-04,wind_direction:18.4_m:degrees
1499,-2,-2.0000000000000000e+00,-1.9000000000000000e-01,-1,-1,0.0000000000000000e+00,wind_direction:18.4_m:degrees
1500,3,9.9619998168945312e+02,-3.1097560975609732e-02,1919,1920,5.4147828673408881e-04,pressure:18.4_m:hPa
1501,10,2.5451718568801880e+00,-3.3706540954625544e-03,1701,1702,3.1686497264227985e-04,wind_speed:18.4_m:m_s-1
1502,4,1.4113059043884277e+01,-2.4857142857142855e-02,1503,1504,4.9792653061224382e-03,mixing_ratio:18.4_m:g_kg-1
1503,-2,-2.0000000000000000e+00,-3.7500000000000007e-03,-1,-1,2.4843749999999996e-04,wind_direction:18.4_m:degrees
1504,-2,-2.0000000000000000e+00,-2.5000000000000000e-01,-1,-1,-6.9388939039072284e-18,wind_direction:18.4_m:degrees
1505,5,9.8700000762939453e+01,-1.1432989690721646e-01,1653,1654,9.5444786906153690e-04,relative_humidity:18.4_m:%
1506,-2,-2.0000000000000000e+00,-1.5454545454545454e-01,-1,-1,2.6115702479333897e-04,wind_direction:18.4_m:degrees
1507,-2,-2.0000000000000000e+00,-8.8181818181818181e-02,-1,-1,2.5123966942148905e-04,wind_direction:18.4_m:degrees
1508,-2,-2.0000000000000000e+00,-2.2000000000000000e-01,-1,-1,2.0816681711721685e-17,wind_direction:18.4_m:degrees
1509,9,8.9416782379150391e+01,-9.7560975609756101e-02,1945,1946,9.8429506246282099e-04,angle_between_wind_wave:0_m:degrees
1510,11,3.1896000671386719e+02,-7.7499999999999999e-02,1939,1940,8.0822368421052358e-04,wind_direction:18.4_m:degrees
1511,-2,-2.0000000000000000e+00,-5.4500000000000004e-01,-1,-1,2.4999999999997247e-05,wind_direction:18.4_m:degrees
1512,11,2.6701499938964844e+02,-6.3700000000000023e-01,1513,1514,2.3676666666667678e-03,wind_direction:18.4_m:degrees
1513,-2,-2.0000000000000000e+00,-5.8400000000000007e-01,-1,-1,1.8639999999999213e-03,wind_direction:18.4_m:degrees
1514,-2,-2.0000000000000000e+00,-6.4760000000000006e-01,-1,-1,1.7942399999997249e-03,wind_direction:18.4_m:degrees
1515,1,1.1757295989990234e+02,-5.9374999999999997e-02,1685,1686,1.2433593749999997e-03,azimuth:0_m:degrees
1516,12,-1.8347526341676712e-01,-2.4126984126984139e-02,1517,1518,1.5385235575711763e-03,bulk_richardson:18.4_m:none
1517,3,1.0235499877929688e+03,8.5714285714285719e-03,1519,1520,1.8693877551020414e-03,pressure:18.4_m:hPa
1518,-2,-2.0000000000000000e+00,-4.0476190476190485e-02,-1,-1,5.7120181405895536e-04,wind_direction:18.4_m:degrees
1519,-2,-2.0000000000000000e+00,5.4285714285714284e-02,-1,-1,2.1102040816326534e-03,wind_direction:18.4_m:degrees
1520,-2,-2.0000000000000000e+00,-1.4285714285714287e-02,-1,-1,1.8163265306122512e-04,wind_direction:18.4_m:degrees
1521,-2,-2.0000000000000000e+00,-1.2987499999999999e-01,-1,-1,1.0437343749999904e-03,wind_direction:18.4_m:degrees
1522,-2,-2.0000000000000000e+00,-2.2000000000000000e-01,-1,-1,1.1102230246251565e-16,wind_direction:18.4_m:degrees
1523,-2,-2.0000000000000000e+00,-1.2814814814814812e-01,-1,-1,9.4101508916323920e-04,wind_direction:18.4_m:degrees
1524,-2,-2.0000000000000000e+00,0.0000000000000000e+00,-1,-1,5.5511151231257827e-17,wind_direction:18.4_m:degrees
1525,-2,-2.0000000000000000e+00,-8.8823529411764704e-02,-1,-1,7.5155709342560918e-04,wind_direction:18.4_m:degrees
1526,-2,-2.0000000000000000e+00,-4.3333333333333335e-02,-1,-1,7.1111111111110421e-04,wind_direction:18.4_m:degrees
1527,10,1.0868319034576416e+01,-7.3869346733668365e-02,1713,1714,1.5091487588697267e-03,wind_speed:18.4_m:m_s-1
1528,-2,-2.0000000000000000e+00,-2.0000000000000001e-01,-1,-1,-3.4694469519536142e-16,wind_direction:18.4_m:degrees
1529,1,7.2192829132080078e+01,-8.0797101449275377e-02,2035,2036,8.9719071623608777e-04,azimuth:0_m:degrees
1530,-2,-2.0000000000000000e+00,-1.3799999999999998e-01,-1,-1,7.3599999999997973e-04,wind_direction:18.4_m:degrees
1531,9,8.9462322235107422e+01,-1.7885964912280702e-01,1533,1534,1.8820329332102023e-03,angle_between_wind_wave:0_m:degrees
1532,0,7.9878543853759766e+01,-1.4904761904761907e-01,1607,1608,1.6752834467120385e-03,zenith:0_m:degrees
1533,-2,-2.0000000000000000e+00,-1.6433962264150945e-01,-1,-1,1.3679601281594775e-03,wind_direction:18.4_m:degrees
1534,12,-7.1082916110754013e-02,-1.9147540983606562e-01,1535,1536,1.9863477559795770e-03,bulk_richardson:18.4_m:none
1535,-2,-2.0000000000000000e+00,-2.2625000000000001e-01,-1,-1,1.4984375000000119e-03,wind_direction:18.4_m:degrees
1536,3,1.0178999938964844e+03,-1.7911111111111108e-01,1845,1846,1.5769876543209674e-03,pressure:18.4_m:hPa
1537,1,2.7308662414550781e+02,-2.1888888888888888e-01,1971,1972,1.5098765432099218e-03,azimuth:0_m:degrees
1538,-2,-2.0000000000000000e+00,-2.8500000000000003e-01,-1,-1,7.4999999999908473e-05,wind_direction:18.4_m:degrees
1539,12,-8.9654116891324520e-03,-1.3516666666666668e-01,1541,1542,1.0183055555555501e-03,bulk_richardson:18.4_m:none
1540,-2,-2.0000000000000000e+00,-1.1220338983050848e-01,-1,-1,9.5955185291583811e-04,wind_direction:18.4_m:degrees
1541,-2,-2.0000000000000000e+00,-1.3155172413793104e-01,-1,-1,6.6138525564803791e-04,wind_direction:18.4_m:degrees
1542,-2,-2.0000000000000000e+00,-2.3999999999999999e-01,-1,-1,-1.1796119636642288e-16,wind_direction:18.4_m:degrees
1543,-2,-2.0000000000000000e+00,-2.6285714285714280e-02,-1,-1,7.2277551020408259e-04,wind_direction:18.4_m:degrees
1544,-2,-2.0000000000000000e+00,-1.5674486803518992e-02,-1,-1,2.9756559541111967e-04,wind_direction:18.4_m:degrees
1545,-2,-2.0000000000000000e+00,-6.6666666666666666e-02,-1,-1,2.2222222222222955e-05,wind_direction:18.4_m:degrees
1546,-2,-2.0000000000000000e+00,-1.4900000000000002e-01,-1,-1,1.5889999999999932e-03,wind_direction:18.4_m:degrees
1547,-2,-2.0000000000000000e+00,-5.6296296296296289e-02,-1,-1,3.0727023319615954e-04,wind_direction:18.4_m:degrees
1548,-2,-2.0000000000000000e+00,-3.9952606635071067e-02,-1,-1,5.7487927045664225e-04,wind_direction:18.4_m:degrees
1549,12,-4.3447524309158325e-02,-8.2599999999999993e-02,1553,1554,1.2972399999999955e-03,bulk_richardson:18.4_m:none
1550,3,1.0307500000000000e+03,-4.8000000000000001e-02,1551,1552,2.2293333333333592e-03,pressure:18.4_m:hPa
1551,-2,-2.0000000000000000e+00,-1.7000000000000001e-02,-1,-1,3.2100000000000005e-04,wind_direction:18.4_m:degrees
1552,-2,-2.0000000000000000e+00,-1.1000000000000001e-01,-1,-1,2.8000000000000073e-04,wind_direction:18.4_m:degrees
1553,0,5.3112617492675781e+01,-9.0000000000000011e-02,1843,1844,1.1093333333333354e-03,zenith:0_m:degrees
1554,11,3.0773001098632812e+02,-6.0400000000000002e-02,1555,1556,1.2038399999999955e-03,wind_direction:18.4_m:degrees
1555,-2,-2.0000000000000000e+00,-7.0000000000000021e-02,-1,-1,1.5652173913043629e-04,wind_direction:18.4_m:degrees
1556,-2,-2.0000000000000000e+00,5.0000000000000003e-02,-1,-1,-1.6046192152785466e-17,wind_direction:18.4_m:degrees
1557,-2,-2.0000000000000000e+00,-4.1400000000000003e-01,-1,-1,1.2639999999999596e-03,wind_direction:18.4_m:degrees
1558,-2,-2.0000000000000000e+00,-3.4749999999999998e-01,-1,-1,4.8541666666669647e-04,wind_direction:18.4_m:degrees
1559,7,1.8499999642372131e+00,-9.2530120481927727e-02,1587,1588,1.1538394542023548e-03,wave_height:0_m:m
1560,0,7.4961952209472656e+01,-1.2500000000000000e-01,1911,1912,1.1805555555555354e-03,zenith:0_m:degrees
1561,3,1.0146499938964844e+03,-9.5650224215246618e-02,1563,1564,5.5462205151924314e-04,pressure:18.4_m:hPa
1562,3,1.0195000000000000e+03,-8.3839285714285658e-02,1959,1960,5.6561702806124346e-04,pressure:18.4_m:hPa
1563,-2,-2.0000000000000000e+00,-1.0243243243243240e-01,-1,-1,4.5354273192108746e-04,wind_direction:18.4_m:degrees
1564,-2,-2.0000000000000000e+00,-8.2266666666666682e-02,-1,-1,4.8419555555560562e-04,wind_direction:18.4_m:degrees
1565,-2,-2.0000000000000000e+00,-4.5273311897106067e-02,-1,-1,4.9502176362941188e-04,wind_direction:18.4_m:degrees
1566,3,1.0140500183105469e+03,-5.8244274809160293e-02,1727,1728,6.8317697103897380e-04,pressure:18.4_m:hPa
1567,-2,-2.0000000000000000e+00,-3.7200000000000000e-01,-1,-1,8.5599999999996790e-04,wind_direction:18.4_m:degrees
1568,-2,-2.0000000000000000e+00,-3.2187500000000002e-01,-1,-1,1.2777343750000336e-03,wind_direction:18.4_m:degrees
1569,-2,-2.0000000000000000e+00,-1.3979591836734698e-01,-1,-1,5.4077467721781736e-04,wind_direction:18.4_m:degrees
1570,11,1.5984500122070312e+02,-1.1921985815602841e-01,1571,1572,8.3414315175294601e-04,wind_direction:18.4_m:degrees
1571,6,1.8150000000000000e+02,-8.8666666666666671e-02,1859,1860,1.2648888888888900e-03,wave_direction:0_m:degrees
1572,9,8.9592033386230469e+01,-1.2285714285714291e-01,1753,1754,6.5850340136053634e-04,angle_between_wind_wave:0_m:degrees
1573,9,9.0723453521728516e+01,4.2857142857142858e-02,1575,1576,3.5632653061224481e-03,angle_between_wind_wave:0_m:degrees
1574,11,2.6363999938964844e+02,-4.1221374045801494e-03,1897,1898,5.2913666369758575e-04,wind_direction:18.4_m:degrees
1575,-2,-2.0000000000000000e+00,2.0000000000000000e-02,-1,-1,4.9999999999999979e-04,wind_direction:18.4_m:degrees
1576,-2,-2.0000000000000000e+00,1.7999999999999999e-01,-1,-1,-6.9388939039072284e-18,wind_direction:18.4_m:degrees
1577,11,3.2445500183105469e+02,-1.2687499999999999e-01,1579,1580,2.3214843750000054e-03,wind_direction:18.4_m:degrees
1578,11,2.9425000000000000e+02,-1.6441176470588240e-01,1995,1996,1.8364186851210808e-03,wind_direction:18.4_m:degrees
1579,12,-6.5182369202375412e-02,-1.1153846153846153e-01,1739,1740,1.5207100591716032e-03,bulk_richardson:18.4_m:none
1580,-2,-2.0000000000000000e+00,-1.9333333333333333e-01,-1,-1,3.5555555555554647e-04,wind_direction:18.4_m:degrees
1581,-2,-2.0000000000000000e+00,-8.0000000000000002e-02,-1,-1,1.1000000000000020e-03,wind_direction:18.4_m:degrees
1582,-2,-2.0000000000000000e+00,-1.7272727272727276e-02,-1,-1,1.1074380165289192e-04,wind_direction:18.4_m:degrees
1583,11,2.9224000549316406e+02,-4.8749999999999999e-01,1585,1586,1.6187500000000299e-03,wind_direction:18.4_m:degrees
1584,-2,-2.0000000000000000e+00,-5.3692307692307684e-01,-1,-1,1.1597633136095631e-03,wind_direction:18.4_m:degrees
1585,-2,-2.0000000000000000e+00,-4.2333333333333334e-01,-1,-1,8.8888888888860595e-05,wind_direction:18.4_m:degrees
1586,-2,-2.0000000000000000e+00,-5.0888888888888895e-01,-1,-1,2.9876543209872430e-04,wind_direction:18.4_m:degrees
1587,-2,-2.0000000000000000e+00,-8.8421052631578956e-02,-1,-1,8.2908587257617822e-04,wind_direction:18.4_m:degrees
1588,10,8.7527790069580078e+00,-1.3714285714285715e-01,1807,1808,2.5061224489795579e-03,wind_speed:18.4_m:m_s-1
1589,-2,-2.0000000000000000e+00,-3.8999999999999996e-01,-1,-1,2.0000000000003348e-04,wind_direction:18.4_m:degrees
1590,-2,-2.0000000000000000e+00,-4.7222222222222221e-01,-1,-1,8.3950617283951035e-04,wind_direction:18.4_m:degrees
1591,-2,-2.0000000000000000e+00,-6.2000000000000000e-02,-1,-1,2.0559999999999966e-03,wind_direction:18.4_m:degrees
1592,-2,-2.0000000000000000e+00,-1.4000000000000001e-01,-1,-1,1.1999999999999511e-04,wind_direction:18.4_m:degrees
1593,10,1.0308425426483154e+01,-1.0115384615384615e-01,1595,1596,1.1371301775147929e-03,wind_speed:18.4_m:m_s-1
1594,-2,-2.0000000000000000e+00,-1.9000000000000000e-01,-1,-1,-1.3877787807814457e-17,wind_direction:18.4_m:degrees
1595,-2,-2.0000000000000000e+00,-1.3125000000000001e-01,-1,-1,7.6093749999999946e-04,wind_direction:18.4_m:degrees
1596,6,2.1150000000000000e+02,-8.7777777777777788e-02,1675,1676,7.2283950617284091e-04,wave_direction:0_m:degrees
1597,5,6.3850000381469727e+01,-1.3205607476635509e-01,2039,2040,1.0967071359944298e-03,relative_humidity:18.4_m:%
1598,-2,-2.0000000000000000e+00,-1.0555555555555556e-01,-1,-1,3.8765432098768551e-04,wind_direction:18.4_m:degrees
1599,-2,-2.0000000000000000e+00,-2.0000000000000001e-01,-1,-1,0.0000000000000000e+00,wind_direction:18.4_m:degrees
1600,-2,-2.0000000000000000e+00,-3.2900000000000001e-01,-1,-1,4.6900000000001107e-04,wind_direction:18.4_m:degrees
1601,-2,-2.0000000000000000e+00,-2.7454545454545459e-01,-1,-1,7.3388429752067885e-04,wind_direction:18.4_m:degrees
1602,-2,-2.0000000000000000e+00,-1.7999999999999999e-01,-1,-1,3.9999999999993513e-04,wind_direction:18.4_m:degrees
1603,11,3.4233999633789062e+02,-1.2761904761904758e-01,1921,1922,1.1863945578231214e-03,wind_direction:18.4_m:degrees
1604,11,2.8751499176025391e+02,-2.1500000000000000e-01,1605,1606,9.0249999999996375e-03,wind_direction:18.4_m:degrees
1605,-2,-2.0000000000000000e+00,-1.2000000000000000e-01,-1,-1,0.0000000000000000e+00,wind_direction:18.4_m:degrees
1606,-2,-2.0000000000000000e+00,-3.1000000000000000e-01,-1,-1,0.0000000000000000e+00,wind_direction:18.4_m:degrees
1607,-2,-2.0000000000000000e+00,-1.0666666666666667e-01,-1,-1,1.8888888888888948e-04,wind_direction:18.4_m:degrees
1608,-2,-2.0000000000000000e+00,-1.6600000000000001e-01,-1,-1,1.2640000000000047e-03,wind_direction:18.4_m:degrees
1609,-2,-2.0000000000000000e+00,-2.4444444444444442e-02,-1,-1,8.0246913580246941e-04,wind_direction:18.4_m:degrees
1610,3,1.0137000122070312e+03,-5.9047619047619036e-02,1881,1882,6.8004535147392180e-04,pressure:18.4_m:hPa
1611,0,9.9463401794433594e+01,-7.7272727272727271e-01,1613,1614,3.6925619834707879e-03,zenith:0_m:degrees
1612,-2,-2.0000000000000000e+00,-8.3499999999999996e-01,-1,-1,1.2499999999981970e-04,wind_direction:18.4_m:degrees
1613,-2,-2.0000000000000000e+00,-8.4499999999999997e-01,-1,-1,5.2499999999999769e-04,wind_direction:18.4_m:degrees
1614,-2,-2.0000000000000000e+00,-7.3142857142857143e-01,-1,-1,8.1224489795939103e-04,wind_direction:18.4_m:degrees
1615,-2,-2.0000000000000000e+00,-1.3250000000000001e-01,-1,-1,2.6874999999999816e-04,wind_direction:18.4_m:degrees
1616,-2,-2.0000000000000000e+00,-5.3333333333333344e-02,-1,-1,7.8888888888888802e-04,wind_direction:18.4_m:degrees
1617,-2,-2.0000000000000000e+00,-6.7100000000000021e-02,-1,-1,3.7658999999999696e-04,wind_direction:18.4_m:degrees
1618,-2,-2.0000000000000000e+00,-1.9000000000000000e-01,-1,-1,7.6327832942979512e-16,wind_direction:18.4_m:degrees
1619,9,8.9288696289062500e+01,-4.6599999999999996e-02,1759,1760,8.1443999999999874e-04,angle_between_wind_wave:0_m:degrees
1620,-2,-2.0000000000000000e+00,-2.0952380952380951e-02,-1,-1,3.4671201814058961e-04,wind_direction:18.4_m:degrees
1621,-2,-2.0000000000000000e+00,-1.3272727272727275e-01,-1,-1,2.9256198347106868e-04,wind_direction:18.4_m:degrees
1622,-2,-2.0000000000000000e+00,-9.2698412698412724e-02,-1,-1,5.6573444192491683e-04,wind_direction:18.4_m:degrees
1623,-2,-2.0000000000000000e+00,-5.1000000000000001e-01,-1,-1,0.0000000000000000e+00,wind_direction:18.4_m:degrees
1624,-2,-2.0000000000000000e+00,-3.8411764705882356e-01,-1,-1,1.1301038062283553e-03,wind_direction:18.4_m:degrees
1625,-2,-2.0000000000000000e+00,-1.9343807763401066e-02,-1,-1,2.5751765574123472e-04,wind_direction:18.4_m:degrees
1626,-2,-2.0000000000000000e+00,-6.5714285714285725e-02,-1,-1,9.1020408163266456e-04,wind_direction:18.4_m:degrees
1627,-2,-2.0000000000000000e+00,-4.3529411764705886e-02,-1,-1,7.0519031141868518e-04,wind_direction:18.4_m:degrees
1628,-2,-2.0000000000000000e+00,-7.8947368421052651e-03,-1,-1,1.1662049861495848e-04,wind_direction:18.4_m:degrees
1629,0,1.0994412231445312e+02,-1.5846153846153846e-01,1741,1742,1.4899408284023662e-03,zenith:0_m:degrees
1630,11,3.3550000000000000e+02,-1.0555555555555556e-01,1631,1632,2.7358024691358090e-03,wind_direction:18.4_m:degrees
1631,-2,-2.0000000000000000e+00,-8.1428571428571420e-02,-1,-1,1.8367346938775748e-04,wind_direction:18.4_m:degrees
1632,-2,-2.0000000000000000e+00,-1.9000000000000000e-01,-1,-1,2.4999999999999953e-03,wind_direction:18.4_m:degrees
1633,-2,-2.0000000000000000e+00,-2.7333333333333337e-01,-1,-1,8.8888888888888351e-05,wind_direction:18.4_m:degrees
1634,-2,-2.0000000000000000e+00,-1.9222222222222221e-01,-1,-1,2.3950617283952091e-04,wind_direction:18.4_m:degrees
1635,-2,-2.0000000000000000e+00,-2.7000000000000002e-01,-1,-1,0.0000000000000000e+00,wind_direction:18.4_m:degrees
1636,3,1.0054499816894531e+03,-1.4753424657534248e-01,1637,1638,1.7089885531994774e-03,pressure:18.4_m:hPa
1637,5,7.8250000000000000e+01,-1.6000000000000006e-01,1639,1640,1.6772727272727286e-03,relative_humidity:18.4_m:%
1638,4,2.4504122734069824e+00,-1.2862068965517243e-01,1659,1660,1.1636147443519450e-03,mixing_ratio:18.4_m:g_kg-1
1639,-2,-2.0000000000000000e+00,-1.7999999999999999e-01,-1,-1,8.8799999999995827e-04,wind_direction:18.4_m:degrees
1640,-2,-2.0000000000000000e+00,-1.3368421052631582e-01,-1,-1,1.4969529085872742e-03,wind_direction:18.4_m:degrees
1641,-2,-2.0000000000000000e+00,2.0000000000000000e-02,-1,-1,0.0000000000000000e+00,wind_direction:18.4_m:degrees
1642,11,2.7640499877929688e+02,-1.0203252032520324e-01,2007,2008,5.4464934893251257e-04,wind_direction:18.4_m:degrees
1643,-2,-2.0000000000000000e+00,-4.1691729323308231e-02,-1,-1,6.1706286392673596e-04,wind_direction:18.4_m:degrees
1644,-2,-2.0000000000000000e+00,-3.0476190476190455e-02,-1,-1,4.2453514739229788e-04,wind_direction:18.4_m:degrees
1645,-2,-2.0000000000000000e+00,-2.8999999999999998e-01,-1,-1,0.0000000000000000e+00,wind_direction:18.4_m:degrees
1646,-2,-2.0000000000000000e+00,-1.6629629629629630e-01,-1,-1,1.2381344307270149e-03,wind_direction:18.4_m:degrees
1647,-2,-2.0000000000000000e+00,-4.6200000000000002e-01,-1,-1,5.7599999999999318e-04,wind_direction:18.4_m:degrees
1648,-2,-2.0000000000000000e+00,-4.0181818181818196e-01,-1,-1,9.1487603305781540e-04,wind_direction:18.4_m:degrees
1649,0,3.1419525146484375e+01,-9.6376811594202916e-02,1651,1652,1.2694812014282710e-03,zenith:0_m:degrees
1650,-2,-2.0000000000000000e+00,-5.3333333333333337e-02,-1,-1,9.3333333333334200e-04,wind_direction:18.4_m:degrees
1651,-2,-2.0000000000000000e+00,-1.4000000000000001e-01,-1,-1,1.2599999999999972e-03,wind_direction:18.4_m:degrees
1652,5,8.8250000000000000e+01,-8.8983050847457640e-02,1775,1776,8.9388106865842705e-04,relative_humidity:18.4_m:%
1653,5,9.4799999237060547e+01,-1.1212765957446812e-01,1655,1656,8.1674966047986380e-04,relative_humidity:18.4_m:%
1654,-2,-2.0000000000000000e+00,-1.8333333333333335e-01,-1,-1,3.5555555555535912e-04,wind_direction:18.4_m:degrees
1655,-2,-2.0000000000000000e+00,-1.2171875000000000e-01,-1,-1,4.5173339843748543e-04,wind_direction:18.4_m:degrees
1656,-2,-2.0000000000000000e+00,-9.1666666666666688e-02,-1,-1,9.8055555555555396e-04,wind_direction:18.4_m:degrees
1657,-2,-2.0000000000000000e+00,-3.3875000000000000e-01,-1,-1,1.1609375000000005e-03,wind_direction:18.4_m:degrees
1658,-2,-2.0000000000000000e+00,-2.0999999999999999e-01,-1,-1,4.1633363423443370e-17,wind_direction:18.4_m:degrees
1659,-2,-2.0000000000000000e+00,-1.6857142857142857e-01,-1,-1,7.2653061224489668e-04,wind_direction:18.4_m:degrees
1660,-2,-2.0000000000000000e+00,-1.1590909090909096e-01,-1,-1,6.3326446280991336e-04,wind_direction:18.4_m:degrees
1661,-2,-2.0000000000000000e+00,-3.3199999999999903e-02,-1,-1,2.8309333333334150e-04,wind_direction:18.4_m:degrees
1662,10,7.2476305961608887e+00,-2.6101823708206667e-02,1771,1772,3.6725103010872191e-04,wind_speed:18.4_m:m_s-1
1663,-2,-2.0000000000000000e+00,-1.0000000000000001e-01,-1,-1,0.0000000000000000e+00,wind_direction:18.4_m:degrees
1664,-2,-2.0000000000000000e+00,-2.3999999999999999e-01,-1,-1,7.9999999999999516e-04,wind_direction:18.4_m:degrees
1665,-2,-2.0000000000000000e+00,-3.4000000000000002e-01,-1,-1,0.0000000000000000e+00,wind_direction:18.4_m:degrees
1666,4,2.8721451759338379e+00,-2.6687499999999997e-01,1667,1668,1.6527343750000340e-03,mixing_ratio:18.4_m:g_kg-1
1667,-2,-2.0000000000000000e+00,-2.4950000000000000e-01,-1,-1,1.2247499999999897e-03,wind_direction:18.4_m:degrees
1668,-2,-2.0000000000000000e+00,-2.9583333333333334e-01,-1,-1,1.0243055555556463e-03,wind_direction:18.4_m:degrees
1669,-2,-2.0000000000000000e+00,-3.9320388349514568e-02,-1,-1,5.7720803091714673e-04,wind_direction:18.4_m:degrees
1670,5,6.5350000381469727e+01,-8.3750000000000005e-02,2009,2010,1.7984374999999919e-03,relative_humidity:18.4_m:%
1671,3,1.0077999877929688e+03,-1.0707317073170732e-01,1943,1944,9.2314098750743805e-04,pressure:18.4_m:hPa
1672,10,8.8495726585388184e+00,-8.0000000000000016e-02,1673,1674,1.7999999999999943e-03,wind_speed:18.4_m:m_s-1
1673,-2,-2.0000000000000000e+00,-5.2307692307692305e-02,-1,-1,5.2544378698224847e-04,wind_direction:18.4_m:degrees
1674,-2,-2.0000000000000000e+00,-9.3846153846153857e-02,-1,-1,1.8621301775147928e-03,wind_direction:18.4_m:degrees
1675,-2,-2.0000000000000000e+00,-7.4400000000000036e-02,-1,-1,3.2863999999999810e-04,wind_direction:18.4_m:degrees
1676,-2,-2.0000000000000000e+00,-1.1818181818181818e-01,-1,-1,2.8760330578512031e-04,wind_direction:18.4_m:degrees
1677,2,2.7917500305175781e+02,-2.6391304347826089e-01,2021,2022,1.2672967863894269e-03,water_sfc_temperature:0_m:K
1678,-2,-2.0000000000000000e+00,-1.7499999999999999e-01,-1,-1,2.2499999999995093e-04,wind_direction:18.4_m:degrees
1679,-2,-2.0000000000000000e+00,-1.7562500000000000e-01,-1,-1,7.7460937500003699e-04,wind_direction:18.4_m:degrees
1680,-2,-2.0000000000000000e+00,-2.2166666666666668e-01,-1,-1,1.6138888888888939e-03,wind_direction:18.4_m:degrees
1681,-2,-2.0000000000000000e+00,-1.4000000000000001e-01,-1,-1,0.0000000000000000e+00,wind_direction:18.4_m:degrees
1682,-2,-2.0000000000000000e+00,-5.2000000000000005e-02,-1,-1,9.5999999999997563e-05,wind_direction:18.4_m:degrees
1683,-2,-2.0000000000000000e+00,-2.8000000000000003e-01,-1,-1,0.0000000000000000e+00,wind_direction:18.4_m:degrees
1684,-2,-2.0000000000000000e+00,-1.6999999999999998e-01,-1,-1,3.9999999999999411e-04,wind_direction:18.4_m:degrees
1685,-2,-2.0000000000000000e+00,-3.9090909090909093e-02,-1,-1,2.9917355371900881e-04,wind_direction:18.4_m:degrees
1686,-2,-2.0000000000000000e+00,-1.0400000000000001e-01,-1,-1,4.2399999999999383e-04,wind_direction:18.4_m:degrees
1687,-2,-2.0000000000000000e+00,-4.0999999999999998e-01,-1,-1,0.0000000000000000e+00,wind_direction:18.4_m:degrees
1688,-2,-2.0000000000000000e+00,-2.3999999999999999e-01,-1,-1,1.3877787807814457e-17,wind_direction:18.4_m:degrees
1689,-2,-2.0000000000000000e+00,-3.6944444444444446e-01,-1,-1,1.0496913580246570e-03,wind_direction:18.4_m:degrees
1690,-2,-2.0000000000000000e+00,-2.8000000000000003e-01,-1,-1,4.0000000000031677e-04,wind_direction:18.4_m:degrees
1691,-2,-2.0000000000000000e+00,-2.2999999999999998e-01,-1,-1,1.0000000000000980e-04,wind_direction:18.4_m:degrees
1692,-2,-2.0000000000000000e+00,-1.1000000000000000e-01,-1,-1,4.0000000000000625e-04,wind_direction:18.4_m:degrees
1693,-2,-2.0000000000000000e+00,-3.7666666666666665e-01,-1,-1,1.4222222222222136e-03,wind_direction:18.4_m:degrees
1694,-2,-2.0000000000000000e+00,-3.0249999999999999e-01,-1,-1,1.5987499999999683e-03,wind_direction:18.4_m:degrees
1695,-2,-2.0000000000000000e+00,-4.7466666666666663e-01,-1,-1,9.9822222222223367e-04,wind_direction:18.4_m:degrees
1696,11,2.9400000000000000e+02,-4.2833333333333329e-01,1697,1698,3.2972222222222569e-03,wind_direction:18.4_m:degrees
1697,0,7.3793201446533203e+01,-4.5374999999999999e-01,1699,1700,2.4484375000000669e-03,zenith:0_m:degrees
1698,-2,-2.0000000000000000e+00,-3.7750000000000000e-01,-1,-1,1.1187499999998352e-03,wind_direction:18.4_m:degrees
1699,-2,-2.0000000000000000e+00,-5.3000000000000003e-01,-1,-1,9.9999999999988987e-05,wind_direction:18.4_m:degrees
1700,-2,-2.0000000000000000e+00,-4.2833333333333340e-01,-1,-1,6.4722222222227122e-04,wind_direction:18.4_m:degrees
1701,-2,-2.0000000000000000e+00,-9.2208720514653424e-04,-1,-1,4.1251644567931293e-04,wind_direction:18.4_m:degrees
1702,-2,-2.0000000000000000e+00,-5.0877192982455802e-03,-1,-1,2.4263641560040068e-04,wind_direction:18.4_m:degrees
1703,-2,-2.0000000000000000e+00,-1.5166666666666667e-01,-1,-1,2.6388888888888989e-04,wind_direction:18.4_m:degrees
1704,3,1.0103000183105469e+03,-1.0913043478260868e-01,1909,1910,1.5209829867674860e-03,pressure:18.4_m:hPa
1705,-2,-2.0000000000000000e+00,-1.6999999999999998e-01,-1,-1,4.0000000000000452e-04,wind_direction:18.4_m:degrees
1706,5,6.6550003051757812e+01,-2.2840000000000005e-01,1823,1824,2.0374400000000153e-03,relative_humidity:18.4_m:%
1707,-2,-2.0000000000000000e+00,-5.5303867403314916e-02,-1,-1,5.8623363145202979e-04,wind_direction:18.4_m:degrees
1708,-2,-2.0000000000000000e+00,-4.1914893617021262e-02,-1,-1,1.7009204768373342e-04,wind_direction:18.4_m:degrees
1709,-2,-2.0000000000000000e+00,-1.4714285714285716e-01,-1,-1,4.4897959183673453e-04,wind_direction:18.4_m:degrees
1710,-2,-2.0000000000000000e+00,-2.0874999999999999e-01,-1,-1,7.1093750000002232e-04,wind_direction:18.4_m:degrees
1711,-2,-2.0000000000000000e+00,-1.4222222222222222e-01,-1,-1,1.0395061728395091e-03,wind_direction:18.4_m:degrees
1712,-2,-2.0000000000000000e+00,-1.0026666666666664e-01,-1,-1,7.6792888888889237e-04,wind_direction:18.4_m:degrees
1713,3,1.0010499877929688e+03,-6.8993288590604024e-02,1929,1930,1.5875771361650356e-03,pressure:18.4_m:hPa
1714,-2,-2.0000000000000000e+00,-8.8400000000000034e-02,-1,-1,9.9343999999999127e-04,wind_direction:18.4_m:degrees
1715,-2,-2.0000000000000000e+00,-2.8299999999999997e-01,-1,-1,1.3810000000000072e-03,wind_direction:18.4_m:degrees
1716,-2,-2.0000000000000000e+00,-3.3214285714285713e-01,-1,-1,1.0311224489795989e-03,wind_direction:18.4_m:degrees
1717,-2,-2.0000000000000000e+00,-4.2999999999999999e-01,-1,-1,1.5999999999999348e-04,wind_direction:18.4_m:degrees
1718,-2,-2.0000000000000000e+00,-5.6000000000000005e-01,-1,-1,-5.5511151231257827e-17,wind_direction:18.4_m:degrees
1719,-2,-2.0000000000000000e+00,-1.0411764705882354e-01,-1,-1,7.8892733564013551e-04,wind_direction:18.4_m:degrees
1720,-2,-2.0000000000000000e+00,-7.4225352112676030e-02,-1,-1,4.8167691595582800e-04,wind_direction:18.4_m:degrees
1721,-2,-2.0000000000000000e+00,-1.1628571428571433e-01,-1,-1,6.4048979591838258e-04,wind_direction:18.4_m:degrees
1722,-2,-2.0000000000000000e+00,-7.5454545454545455e-02,-1,-1,8.6115702479337090e-04,wind_direction:18.4_m:degrees
1723,9,8.9522567749023438e+01,-2.4354166666666666e-01,1725,1726,1.0603732638888586e-03,angle_between_wind_wave:0_m:degrees
1724,-2,-2.0000000000000000e+00,-3.0499999999999999e-01,-1,-1,1.8250000000002709e-03,wind_direction:18.4_m:degrees
1725,-2,-2.0000000000000000e+00,-2.1181818181818182e-01,-1,-1,7.2396694214875434e-04,wind_direction:18.4_m:degrees
1726,-2,-2.0000000000000000e+00,-2.5297297297297300e-01,-1,-1,7.7224251278307232e-04,wind_direction:18.4_m:degrees
1727,5,9.2049999237060547e+01,-7.0555555555555566e-02,1729,1730,7.4228395061728177e-04,relative_humidity:18.4_m:%
1728,-2,-2.0000000000000000e+00,-4.9610389610389612e-02,-1,-1,4.6088716478327610e-04,wind_direction:18.4_m:degrees
1729,-2,-2.0000000000000000e+00,-7.9090909090909114e-02,-1,-1,4.4008264462809619e-04,wind_direction:18.4_m:degrees
1730,-2,-2.0000000000000000e+00,-3.3000000000000002e-02,-1,-1,3.4099999999999517e-04,wind_direction:18.4_m:degrees
1731,-2,-2.0000000000000000e+00,-1.8499999999999997e-01,-1,-1,6.2499999999999362e-04,wind_direction:18.4_m:degrees
1732,-2,-2.0000000000000000e+00,-2.4399999999999999e-01,-1,-1,3.8400000000006485e-04,wind_direction:18.4_m:degrees
1733,-2,-2.0000000000000000e+00,-1.5045454545454545e-01,-1,-1,9.9524793388430788e-04,wind_direction:18.4_m:degrees
1734,-2,-2.0000000000000000e+00,-9.2000000000000012e-02,-1,-1,9.5999999999997129e-05,wind_direction:18.4_m:degrees
1735,-2,-2.0000000000000000e+00,-4.8888888888888898e-02,-1,-1,4.3209876543209760e-04,wind_direction:18.4_m:degrees
1736,-2,-2.0000000000000000e+00,-9.3548387096774224e-02,-1,-1,1.0357960457856343e-03,wind_direction:18.4_m:degrees
1737,-2,-2.0000000000000000e+00,-1.1266666666666666e-01,-1,-1,3.2622222222222427e-04,wind_direction:18.4_m:degrees
1738,1,1.9956729125976562e+02,-7.5172413793103465e-02,1763,1764,9.9048751486325529e-04,azimuth:0_m:degrees
1739,-2,-2.0000000000000000e+00,-6.2500000000000000e-02,-1,-1,3.1875000000000046e-04,wind_direction:18.4_m:degrees
1740,-2,-2.0000000000000000e+00,-1.3333333333333336e-01,-1,-1,5.1111111111111496e-04,wind_direction:18.4_m:degrees
1741,-2,-2.0000000000000000e+00,-1.3666666666666666e-01,-1,-1,1.5555555555555808e-04,wind_direction:18.4_m:degrees
1742,-2,-2.0000000000000000e+00,-2.0750000000000002e-01,-1,-1,1.0187499999999919e-03,wind_direction:18.4_m:degrees
1743,-2,-2.0000000000000000e+00,-2.6666666666666666e-01,-1,-1,8.8888888888888351e-05,wind_direction:18.4_m:degrees
1744,-2,-2.0000000000000000e+00,-1.8333333333333335e-01,-1,-1,2.2222222222242904e-05,wind_direction:18.4_m:degrees
1745,-2,-2.0000000000000000e+00,-1.2000000000000000e-01,-1,-1,2.6666666666666852e-04,wind_direction:18.4_m:degrees
1746,-2,-2.0000000000000000e+00,-2.1000000000000002e-01,-1,-1,8.4999999999998271e-04,wind_direction:18.4_m:degrees
1747,-2,-2.0000000000000000e+00,-2.1142857142857144e-01,-1,-1,1.3551020408163264e-03,wind_direction:18.4_m:degrees
1748,0,1.1818481445312500e+02,-2.6103448275862073e-01,1749,1750,2.4713436385255805e-03,zenith:0_m:degrees
1749,-2,-2.0000000000000000e+00,-3.4999999999999998e-01,-1,-1,1.0000000000003062e-04,wind_direction:18.4_m:degrees
1750,9,8.8548915863037109e+01,-2.5444444444444447e-01,1751,1752,2.0172839506172602e-03,angle_between_wind_wave:0_m:degrees
1751,-2,-2.0000000000000000e+00,-2.1249999999999999e-01,-1,-1,3.4375000000000377e-04,wind_direction:18.4_m:degrees
1752,2,2.8397999572753906e+02,-2.7210526315789474e-01,1809,1810,1.6692520775623138e-03,water_sfc_temperature:0_m:K
1753,-2,-2.0000000000000000e+00,-1.9000000000000003e-01,-1,-1,-1.3877787807814457e-17,wind_direction:18.4_m:degrees
1754,-2,-2.0000000000000000e+00,-1.2121951219512199e-01,-1,-1,5.6192742415227259e-04,wind_direction:18.4_m:degrees
1755,-2,-2.0000000000000000e+00,-3.9600000000000002e-01,-1,-1,2.4000000000024002e-05,wind_direction:18.4_m:degrees
1756,-2,-2.0000000000000000e+00,-3.2499999999999996e-01,-1,-1,6.2500000000006994e-04,wind_direction:18.4_m:degrees
1757,-2,-2.0000000000000000e+00,-6.3800000000000001e-01,-1,-1,5.5999999999944983e-05,wind_direction:18.4_m:degrees
1758,-2,-2.0000000000000000e+00,-5.6400000000000006e-01,-1,-1,8.6400000000008692e-04,wind_direction:18.4_m:degrees
1759,-2,-2.0000000000000000e+00,-1.5454545454545455e-02,-1,-1,3.7024793388429757e-04,wind_direction:18.4_m:degrees
1760,-2,-2.0000000000000000e+00,-5.5384615384615386e-02,-1,-1,5.8895463510848190e-04,wind_direction:18.4_m:degrees
1761,-2,-2.0000000000000000e+00,-1.0833333333333332e-02,-1,-1,2.2430555555555553e-04,wind_direction:18.4_m:degrees
1762,-2,-2.0000000000000000e+00,-4.5300353356890428e-02,-1,-1,3.6766597160659041e-04,wind_direction:18.4_m:degrees
1763,-2,-2.0000000000000000e+00,-4.0000000000000001e-02,-1,-1,2.5000000000000001e-04,wind_direction:18.4_m:degrees
1764,-2,-2.0000000000000000e+00,-8.8571428571428579e-02,-1,-1,6.2176870748298710e-04,wind_direction:18.4_m:degrees
1765,-2,-2.0000000000000000e+00,-8.6666666666666670e-01,-1,-1,1.4222222222222136e-03,wind_direction:18.4_m:degrees
1766,-2,-2.0000000000000000e+00,-7.6000000000000001e-01,-1,-1,-1.1102230246251565e-16,wind_direction:18.4_m:degrees
1767,10,1.0516331195831299e+01,-1.1427184466019422e-01,1953,1954,7.8951833349042572e-04,wind_speed:18.4_m:m_s-1
1768,-2,-2.0000000000000000e+00,-8.2000000000000017e-02,-1,-1,2.1599999999998530e-04,wind_direction:18.4_m:degrees
1769,-2,-2.0000000000000000e+00,-1.1100000000000002e-01,-1,-1,5.3900000000000302e-04,wind_direction:18.4_m:degrees
1770,-2,-2.0000000000000000e+00,-5.6666666666666671e-02,-1,-1,8.8888888888889218e-05,wind_direction:18.4_m:degrees
1771,-2,-2.0000000000000000e+00,-2.6617303195635208e-02,-1,-1,3.0437965383402492e-04,wind_direction:18.4_m:degrees
1772,3,1.0212999877929688e+03,-6.0606060606060606e-03,1773,1774,2.3996326905417584e-03,pressure:18.4_m:hPa
1773,-2,-2.0000000000000000e+00,-2.3928571428571434e-02,-1,-1,2.3813775510204103e-04,wind_direction:18.4_m:degrees
1774,9,8.9399616241455078e+01,9.4000000000000000e-02,1797,1798,2.7040000000000015e-03,angle_between_wind_wave:0_m:degrees
1775,-2,-2.0000000000000000e+00,-8.6140350877192989e-02,-1,-1,6.8685749461372403e-04,wind_direction:18.4_m:degrees
1776,-2,-2.0000000000000000e+00,-1.7000000000000001e-01,-1,-1,3.4694469519536142e-17,wind_direction:18.4_m:degrees
1777,-2,-2.0000000000000000e+00,-3.2571428571428578e-02,-1,-1,1.0819591836734688e-03,wind_direction:18.4_m:degrees
1778,7,2.2500000000000000e+00,-7.8688524590163952e-03,1779,1780,7.6103198065036344e-04,wave_height:0_m:m
1779,-2,-2.0000000000000000e+00,-1.1864406779661017e-02,-1,-1,2.9991381786842865e-04,wind_direction:18.4_m:degrees
1780,-2,-2.0000000000000000e+00,1.1000000000000000e-01,-1,-1,5.2041704279304213e-18,wind_direction:18.4_m:degrees
1781,-2,-2.0000000000000000e+00,-3.5119999999999996e-01,-1,-1,1.4985600000000515e-03,wind_direction:18.4_m:degrees
1782,-2,-2.0000000000000000e+00,-4.6999999999999997e-01,-1,-1,-7.2164496600635175e-16,wind_direction:18.4_m:degrees
1783,-2,-2.0000000000000000e+00,-1.7500000000000002e-02,-1,-1,5.6875000000000003e-04,wind_direction:18.4_m:degrees
1784,-2,-2.0000000000000000e+00,-5.9689440993788763e-02,-1,-1,9.3965510589869884e-04,wind_direction:18.4_m:degrees
1785,-2,-2.0000000000000000e+00,-1.1499999999999999e-01,-1,-1,2.5000000000002451e-05,wind_direction:18.4_m:degrees
1786,-2,-2.0000000000000000e+00,-2.1000000000000005e-01,-1,-1,3.9999999999996982e-04,wind_direction:18.4_m:degrees
1787,-2,-2.0000000000000000e+00,-5.7625000000000004e-01,-1,-1,1.9734374999998416e-03,wind_direction:18.4_m:degrees
1788,-2,-2.0000000000000000e+00,-6.4749999999999996e-01,-1,-1,9.1874999999991269e-04,wind_direction:18.4_m:degrees
1789,-2,-2.0000000000000000e+00,-1.3035714285714287e-01,-1,-1,8.6058673469387864e-04,wind_direction:18.4_m:degrees
1790,-2,-2.0000000000000000e+00,-1.5563218390804601e-01,-1,-1,1.8544854009776637e-03,wind_direction:18.4_m:degrees
1791,4,3.4967185258865356e+00,-3.2590673575129479e-02,1793,1794,4.7359929125614540e-04,mixing_ratio:18.4_m:g_kg-1
1792,-2,-2.0000000000000000e+00,-2.5519911504424685e-02,-1,-1,3.8335801061162951e-04,wind_direction:18.4_m:degrees
1793,2,2.8197000122070312e+02,-6.8571428571428589e-02,1795,1796,1.6836734693877536e-03,water_sfc_temperature:0_m:K
1794,-2,-2.0000000000000000e+00,-3.1236559139784834e-02,-1,-1,3.7750317955833495e-04,wind_direction:18.4_m:degrees
1795,-2,-2.0000000000000000e+00,-5.1818181818181812e-02,-1,-1,8.3305785123966893e-04,wind_direction:18.4_m:degrees
1796,-2,-2.0000000000000000e+00,-1.3000000000000000e-01,-1,-1,-3.4694469519536142e-18,wind_direction:18.4_m:degrees
1797,-2,-2.0000000000000000e+00,-1.0000000000000000e-02,-1,-1,0.0000000000000000e+00,wind_direction:18.4_m:degrees
1798,-2,-2.0000000000000000e+00,1.2000000000000000e-01,-1,-1,0.0000000000000000e+00,wind_direction:18.4_m:degrees
1799,-2,-2.0000000000000000e+00,-1.0169491525423681e-02,-1,-1,2.1974528392224474e-04,wind_direction:18.4_m:degrees
1800,-2,-2.0000000000000000e+00,-1.4829080404429439e-02,-1,-1,2.6339158572149602e-04,wind_direction:18.4_m:degrees
1801,-2,-2.0000000000000000e+00,-2.7500000000000002e-01,-1,-1,2.4999999999997247e-05,wind_direction:18.4_m:degrees
1802,-2,-2.0000000000000000e+00,-1.7799999999999999e-01,-1,-1,1.2159999999999949e-03,wind_direction:18.4_m:degrees
1803,-2,-2.0000000000000000e+00,-4.7333333333333352e-02,-1,-1,5.9288888888888976e-04,wind_direction:18.4_m:degrees
1804,-2,-2.0000000000000000e+00,-7.3428571428571440e-02,-1,-1,7.0253061224489696e-04,wind_direction:18.4_m:degrees
1805,-2,-2.0000000000000000e+00,-1.8333333333333335e-01,-1,-1,8.8888888888881412e-05,wind_direction:18.4_m:degrees
1806,-2,-2.0000000000000000e+00,-9.5000000000000001e-02,-1,-1,4.2500000000000350e-04,wind_direction:18.4_m:degrees
1807,-2,-2.0000000000000000e+00,-8.6666666666666670e-02,-1,-1,2.8888888888888888e-04,wind_direction:18.4_m:degrees
1808,-2,-2.0000000000000000e+00,-1.7500000000000002e-01,-1,-1,8.2500000000000281e-04,wind_direction:18.4_m:degrees
1809,-2,-2.0000000000000000e+00,-2.6062500000000000e-01,-1,-1,1.0808593750000067e-03,wind_direction:18.4_m:degrees
1810,-2,-2.0000000000000000e+00,-3.3333333333333331e-01,-1,-1,3.5555555555556728e-04,wind_direction:18.4_m:degrees
1811,-2,-2.0000000000000000e+00,-1.0000000000000001e-01,-1,-1,6.0000000000000157e-04,wind_direction:18.4_m:degrees
1812,-2,-2.0000000000000000e+00,-5.8620689655172406e-02,-1,-1,6.9120095124851214e-04,wind_direction:18.4_m:degrees
1813,-2,-2.0000000000000000e+00,-3.4571428571428575e-01,-1,-1,1.8054421768707030e-03,wind_direction:18.4_m:degrees
1814,-2,-2.0000000000000000e+00,-3.0272727272727273e-01,-1,-1,6.7438016528931222e-04,wind_direction:18.4_m:degrees
1815,-2,-2.0000000000000000e+00,-6.0999999999999999e-01,-1,-1,0.0000000000000000e+00,wind_direction:18.4_m:degrees
1816,-2,-2.0000000000000000e+00,-7.0999999999999996e-01,-1,-1,5.9999999999993392e-04,wind_direction:18.4_m:degrees
1817,-2,-2.0000000000000000e+00,-8.6103896103896127e-02,-1,-1,9.9001517962557517e-04,wind_direction:18.4_m:degrees
1818,-2,-2.0000000000000000e+00,2.9999999999999999e-02,-1,-1,-2.2508037100799072e-16,wind_direction:18.4_m:degrees
1819,-2,-2.0000000000000000e+00,-2.8500000000000003e-01,-1,-1,6.2499999999998668e-04,wind_direction:18.4_m:degrees
1820,-2,-2.0000000000000000e+00,-3.7363636363636366e-01,-1,-1,7.1404958677695474e-04,wind_direction:18.4_m:degrees
1821,-2,-2.0000000000000000e+00,-1.7641025641025643e-01,-1,-1,7.8711374095987233e-04,wind_direction:18.4_m:degrees
1822,-2,-2.0000000000000000e+00,-2.6000000000000001e-01,-1,-1,1.1102230246251565e-16,wind_direction:18.4_m:degrees
1823,-2,-2.0000000000000000e+00,-2.4277777777777779e-01,-1,-1,1.2200617283950263e-03,wind_direction:18.4_m:degrees
1824,0,1.2523966979980469e+02,-1.9142857142857142e-01,1825,1826,2.2408163265306147e-03,zenith:0_m:degrees
1825,-2,-2.0000000000000000e+00,-2.0999999999999999e-01,-1,-1,2.0000000000001267e-04,wind_direction:18.4_m:degrees
1826,-2,-2.0000000000000000e+00,-8.0000000000000002e-02,-1,-1,5.2041704279304213e-18,wind_direction:18.4_m:degrees
1827,-2,-2.0000000000000000e+00,-1.4999999999999999e-01,-1,-1,0.0000000000000000e+00,wind_direction:18.4_m:degrees
1828,-2,-2.0000000000000000e+00,-9.0192307692307697e-02,-1,-1,5.4034763313609742e-04,wind_direction:18.4_m:degrees
1829,-2,-2.0000000000000000e+00,-3.4714285714285709e-01,-1,-1,7.3469387755104032e-04,wind_direction:18.4_m:degrees
1830,-2,-2.0000000000000000e+00,-2.7500000000000002e-01,-1,-1,2.4999999999955613e-05,wind_direction:18.4_m:degrees
1831,-2,-2.0000000000000000e+00,-2.5000000000000000e-01,-1,-1,6.0000000000000331e-04,wind_direction:18.4_m:degrees
1832,4,1.1558014750480652e+00,-2.0054545454545453e-01,1833,1834,2.1906115702479620e-03,mixing_ratio:18.4_m:g_kg-1
1833,-2,-2.0000000000000000e+00,-1.4500000000000002e-01,-1,-1,2.0249999999999956e-03,wind_direction:18.4_m:degrees
1834,11,2.8289500427246094e+02,-2.0490196078431372e-01,1835,1836,1.9426374471357213e-03,wind_direction:18.4_m:degrees
1835,11,2.8127999877929688e+02,-2.4222222222222220e-01,1837,1838,2.4172839506172994e-03,wind_direction:18.4_m:degrees
1836,11,3.0669999694824219e+02,-1.9690476190476194e-01,1839,1840,1.4785147392290254e-03,wind_direction:18.4_m:degrees
1837,-2,-2.0000000000000000e+00,-2.0999999999999999e-01,-1,-1,5.0000000000002820e-04,wind_direction:18.4_m:degrees
1838,-2,-2.0000000000000000e+00,-3.0666666666666664e-01,-1,-1,2.2222222222229027e-05,wind_direction:18.4_m:degrees
1839,-2,-2.0000000000000000e+00,-1.9179487179487184e-01,-1,-1,1.2249835634450881e-03,wind_direction:18.4_m:degrees
1840,-2,-2.0000000000000000e+00,-2.6333333333333336e-01,-1,-1,2.2222222222451071e-05,wind_direction:18.4_m:degrees
1841,-2,-2.0000000000000000e+00,-2.5000000000000008e-02,-1,-1,3.1144067796610151e-04,wind_direction:18.4_m:degrees
1842,-2,-2.0000000000000000e+00,-3.6269005847953173e-02,-1,-1,3.7800950719879653e-04,wind_direction:18.4_m:degrees
1843,-2,-2.0000000000000000e+00,-1.7000000000000001e-01,-1,-1,0.0000000000000000e+00,wind_direction:18.4_m:degrees
1844,-2,-2.0000000000000000e+00,-8.7808219178082209e-02,-1,-1,9.5957965847250862e-04,wind_direction:18.4_m:degrees
1845,8,4.7500000000000000e+00,-1.8279069767441863e-01,1847,1848,1.3457003785830243e-03,wave_period:0_m:s
1846,-2,-2.0000000000000000e+00,-1.0000000000000001e-01,-1,-1,-8.6736173798840355e-18,wind_direction:18.4_m:degrees
1847,-2,-2.0000000000000000e+00,-2.7000000000000002e-01,-1,-1,8.9999999999999802e-04,wind_direction:18.4_m:degrees
1848,-2,-2.0000000000000000e+00,-1.7853658536585362e-01,-1,-1,9.7834622248661046e-04,wind_direction:18.4_m:degrees
1849,-2,-2.0000000000000000e+00,-9.9883720930232539e-02,-1,-1,5.5463764196863989e-04,wind_direction:18.4_m:degrees
1850,-2,-2.0000000000000000e+00,-1.3285714285714284e-01,-1,-1,5.2040816326526934e-04,wind_direction:18.4_m:degrees
1851,-2,-2.0000000000000000e+00,-1.6142857142857142e-01,-1,-1,5.8367346938775766e-04,wind_direction:18.4_m:degrees
1852,-2,-2.0000000000000000e+00,-7.4999999999999997e-02,-1,-1,2.2500000000002813e-04,wind_direction:18.4_m:degrees
1853,-2,-2.0000000000000000e+00,-4.6000000000000002e-01,-1,-1,0.0000000000000000e+00,wind_direction:18.4_m:degrees
1854,-2,-2.0000000000000000e+00,-3.2000000000000001e-01,-1,-1,8.3266726846886741e-17,wind_direction:18.4_m:degrees
1855,10,9.4277348518371582e+00,-1.2458333333333334e-01,1983,1984,1.2914930555555700e-03,wind_speed:18.4_m:m_s-1
1856,-2,-2.0000000000000000e+00,-1.7125000000000001e-01,-1,-1,3.8593749999998525e-04,wind_direction:18.4_m:degrees
1857,-2,-2.0000000000000000e+00,-3.4900000000000003e-01,-1,-1,1.2900000000000411e-04,wind_direction:18.4_m:degrees
1858,-2,-2.0000000000000000e+00,-2.8999999999999998e-01,-1,-1,2.2000000000000075e-03,wind_direction:18.4_m:degrees
1859,-2,-2.0000000000000000e+00,-1.1625000000000001e-01,-1,-1,5.9843749999999828e-04,wind_direction:18.4_m:degrees
1860,-2,-2.0000000000000000e+00,-5.7142857142857148e-02,-1,-1,1.6326530612245128e-04,wind_direction:18.4_m:degrees
1861,-2,-2.0000000000000000e+00,-1.5071428571428572e-01,-1,-1,2.0663265306122489e-04,wind_direction:18.4_m:degrees
1862,-2,-2.0000000000000000e+00,-1.9050000000000003e-01,-1,-1,5.1474999999996662e-04,wind_direction:18.4_m:degrees
1863,-2,-2.0000000000000000e+00,-2.1500000000000002e-01,-1,-1,7.4999999999991740e-05,wind_direction:18.4_m:degrees
1864,-2,-2.0000000000000000e+00,-1.5125000000000002e-01,-1,-1,2.7343749999999764e-04,wind_direction:18.4_m:degrees
1865,-2,-2.0000000000000000e+00,-5.0624999999999998e-01,-1,-1,1.4843749999987610e-04,wind_direction:18.4_m:degrees
1866,-2,-2.0000000000000000e+00,-5.8333333333333337e-01,-1,-1,1.0888888888889170e-03,wind_direction:18.4_m:degrees
1867,-2,-2.0000000000000000e+00,-8.9999999999999997e-02,-1,-1,0.0000000000000000e+00,wind_direction:18.4_m:degrees
1868,-2,-2.0000000000000000e+00,0.0000000000000000e+00,-1,-1,1.0000000000000026e-04,wind_direction:18.4_m:degrees
1869,-2,-2.0000000000000000e+00,-5.0000000000000001e-03,-1,-1,7.5000000000000007e-05,wind_direction:18.4_m:degrees
1870,-2,-2.0000000000000000e+00,-6.2727272727272687e-02,-1,-1,8.2892561983471079e-04,wind_direction:18.4_m:degrees
1871,-2,-2.0000000000000000e+00,-2.0111111111111113e-01,-1,-1,1.3876543209876691e-03,wind_direction:18.4_m:degrees
1872,-2,-2.0000000000000000e+00,-2.9000000000000004e-01,-1,-1,4.0000000000002534e-04,wind_direction:18.4_m:degrees
1873,-2,-2.0000000000000000e+00,-6.5000000000000002e-01,-1,-1,0.0000000000000000e+00,wind_direction:18.4_m:degrees
1874,-2,-2.0000000000000000e+00,-5.3166666666666673e-01,-1,-1,6.1388888888896931e-04,wind_direction:18.4_m:degrees
1875,4,5.7637042999267578e+00,-1.5579439252336449e-01,1981,1982,9.3278015547208770e-04,mixing_ratio:18.4_m:g_kg-1
1876,-2,-2.0000000000000000e+00,-2.7000000000000002e-01,-1,-1,4.1633363423443370e-16,wind_direction:18.4_m:degrees
1877,-2,-2.0000000000000000e+00,-1.8750000000000000e-01,-1,-1,6.8749999999999367e-05,wind_direction:18.4_m:degrees
1878,-2,-2.0000000000000000e+00,-1.2678571428571433e-01,-1,-1,1.0432397959183673e-03,wind_direction:18.4_m:degrees
1879,9,9.0846935272216797e+01,-5.3969465648854971e-02,1903,1904,7.1554105238622739e-04,angle_between_wind_wave:0_m:degrees
1880,-2,-2.0000000000000000e+00,5.9999999999999998e-02,-1,-1,-7.1991024253037494e-17,wind_direction:18.4_m:degrees
1881,-2,-2.0000000000000000e+00,-6.8181818181818177e-02,-1,-1,4.3305785123967135e-04,wind_direction:18.4_m:degrees
1882,-2,-2.0000000000000000e+00,-2.5555555555555554e-02,-1,-1,1.5802469135802800e-04,wind_direction:18.4_m:degrees
1883,-2,-2.0000000000000000e+00,-1.1107142857142857e-01,-1,-1,1.1214710884353708e-03,wind_direction:18.4_m:degrees
1884,-2,-2.0000000000000000e+00,-2.9999999999999999e-02,-1,-1,-1.1405806854547507e-16,wind_direction:18.4_m:degrees
1885,-2,-2.0000000000000000e+00,-1.5000000000000002e-01,-1,-1,8.9999999999999802e-04,wind_direction:18.4_m:degrees
1886,-2,-2.0000000000000000e+00,-2.2599999999999998e-01,-1,-1,1.4400000000001217e-04,wind_direction:18.4_m:degrees
1887,-2,-2.0000000000000000e+00,-9.7272727272727275e-02,-1,-1,7.1074380165289143e-04,wind_direction:18.4_m:degrees
1888,-2,-2.0000000000000000e+00,-4.9999999999999996e-02,-1,-1,5.6666666666666584e-04,wind_direction:18.4_m:degrees
1889,-2,-2.0000000000000000e+00,-1.0526315789473688e-03,-1,-1,4.1994459833795021e-04,wind_direction:18.4_m:degrees
1890,-2,-2.0000000000000000e+00,-3.1320754716981140e-02,-1,-1,4.2278390886436390e-04,wind_direction:18.4_m:degrees
1891,-2,-2.0000000000000000e+00,-6.7333333333333334e-01,-1,-1,1.0888888888888615e-03,wind_direction:18.4_m:degrees
1892,-2,-2.0000000000000000e+00,-5.7000000000000006e-01,-1,-1,9.0000000000001190e-04,wind_direction:18.4_m:degrees
1893,-2,-2.0000000000000000e+00,-9.2000000000000004e-01,-1,-1,0.0000000000000000e+00,wind_direction:18.4_m:degrees
1894,-2,-2.0000000000000000e+00,-1.0800000000000001e+00,-1,-1,2.2204460492503131e-16,wind_direction:18.4_m:degrees
1895,-2,-2.0000000000000000e+00,-5.6999999999999995e-01,-1,-1,0.0000000000000000e+00,wind_direction:18.4_m:degrees
1896,-2,-2.0000000000000000e+00,-7.2999999999999998e-01,-1,-1,1.1102230246251565e-16,wind_direction:18.4_m:degrees
1897,-2,-2.0000000000000000e+00,-6.5030674846625726e-03,-1,-1,3.7642176973164186e-04,wind_direction:18.4_m:degrees
1898,-2,-2.0000000000000000e+00,1.7358490566037736e-03,-1,-1,8.5660946956211980e-04,wind_direction:18.4_m:degrees
1899,-2,-2.0000000000000000e+00,-2.4812500000000001e-01,-1,-1,6.7773437500000949e-04,wind_direction:18.4_m:degrees
1900,-2,-2.0000000000000000e+00,-3.0599999999999994e-01,-1,-1,3.8400000000000933e-04,wind_direction:18.4_m:degrees
1901,-2,-2.0000000000000000e+00,-3.0599999999999999e-01,-1,-1,3.6400000000000321e-04,wind_direction:18.4_m:degrees
1902,-2,-2.0000000000000000e+00,-2.5250000000000000e-01,-1,-1,1.0187499999999572e-03,wind_direction:18.4_m:degrees
1903,-2,-2.0000000000000000e+00,-4.8020833333333346e-02,-1,-1,5.9295789930555219e-04,wind_direction:18.4_m:degrees
1904,-2,-2.0000000000000000e+00,-7.0285714285714299e-02,-1,-1,6.8848979591838201e-04,wind_direction:18.4_m:degrees
1905,-2,-2.0000000000000000e+00,-1.3916666666666666e-01,-1,-1,5.9097222222223231e-04,wind_direction:18.4_m:degrees
1906,-2,-2.0000000000000000e+00,-1.8888888888888888e-01,-1,-1,2.3209876543208580e-04,wind_direction:18.4_m:degrees
1907,-2,-2.0000000000000000e+00,-1.9999999999999998e-01,-1,-1,2.0000000000001267e-04,wind_direction:18.4_m:degrees
1908,-2,-2.0000000000000000e+00,-7.0000000000000007e-02,-1,-1,6.9388939039072284e-18,wind_direction:18.4_m:degrees
1909,-2,-2.0000000000000000e+00,-1.3363636363636366e-01,-1,-1,1.4958677685950571e-03,wind_direction:18.4_m:degrees
1910,-2,-2.0000000000000000e+00,-8.6666666666666670e-02,-1,-1,4.8888888888888159e-04,wind_direction:18.4_m:degrees
1911,-2,-2.0000000000000000e+00,-2.0000000000000001e-01,-1,-1,0.0000000000000000e+00,wind_direction:18.4_m:degrees
1912,-2,-2.0000000000000000e+00,-1.1562500000000002e-01,-1,-1,5.3710937499999722e-04,wind_direction:18.4_m:degrees
1913,-2,-2.0000000000000000e+00,-1.0500000000000001e-01,-1,-1,2.8499999999999880e-04,wind_direction:18.4_m:degrees
1914,-2,-2.0000000000000000e+00,-5.3333333333333344e-02,-1,-1,2.8888888888888627e-04,wind_direction:18.4_m:degrees
1915,-2,-2.0000000000000000e+00,-2.3416666666666666e-01,-1,-1,5.2430555555556951e-04,wind_direction:18.4_m:degrees
1916,-2,-2.0000000000000000e+00,-3.2000000000000001e-01,-1,-1,-5.5511151231257827e-17,wind_direction:18.4_m:degrees
1917,-2,-2.0000000000000000e+00,-4.5999999999999999e-02,-1,-1,6.6400000000000053e-04,wind_direction:18.4_m:degrees
1918,-2,-2.0000000000000000e+00,-1.4000000000000001e-01,-1,-1,9.9999999999992456e-05,wind_direction:18.4_m:degrees
1919,-2,-2.0000000000000000e+00,-1.1000000000000000e-01,-1,-1,0.0000000000000000e+00,wind_direction:18.4_m:degrees
1920,5,9.8899997711181641e+01,-3.0123456790123446e-02,1941,1942,4.7035512879134466e-04,relative_humidity:18.4_m:%
1921,3,9.9914999389648438e+02,-1.2865591397849463e-01,1923,1924,1.1148600994334741e-03,pressure:18.4_m:hPa
1922,-2,-2.0000000000000000e+00,-6.3333333333333339e-02,-1,-1,1.4222222222222362e-03,wind_direction:18.4_m:degrees
1923,-2,-2.0000000000000000e+00,-2.5000000000000000e-01,-1,-1,0.0000000000000000e+00,wind_direction:18.4_m:degrees
1924,2,2.8981500244140625e+02,-1.2799999999999997e-01,1925,1926,1.0408648648648593e-03,water_sfc_temperature:0_m:K
1925,2,2.7757998657226562e+02,-1.3345864661654139e-01,1927,1928,1.0406693425292560e-03,water_sfc_temperature:0_m:K
1926,-2,-2.0000000000000000e+00,-1.1403846153846153e-01,-1,-1,7.7022928994083945e-04,wind_direction:18.4_m:degrees
1927,-2,-2.0000000000000000e+00,-1.0960000000000003e-01,-1,-1,3.6383999999999375e-04,wind_direction:18.4_m:degrees
1928,-2,-2.0000000000000000e+00,-1.3898148148148148e-01,-1,-1,1.0350737311385222e-03,wind_direction:18.4_m:degrees
1929,10,1.0798223972320557e+01,-8.0338983050847468e-02,1931,1932,2.5863257684573373e-03,wind_speed:18.4_m:m_s-1
1930,-2,-2.0000000000000000e+00,-6.1555555555555565e-02,-1,-1,7.9313580246913968e-04,wind_direction:18.4_m:degrees
1931,-2,-2.0000000000000000e+00,-8.6851851851851847e-02,-1,-1,4.8082990397805246e-04,wind_direction:18.4_m:degrees
1932,9,8.9638759613037109e+01,-9.9999999999999985e-03,1933,1934,1.9919999999999983e-02,angle_between_wind_wave:0_m:degrees
1933,-2,-2.0000000000000000e+00,2.7000000000000002e-01,-1,-1,0.0000000000000000e+00,wind_direction:18.4_m:degrees
1934,-2,-2.0000000000000000e+00,-8.0000000000000002e-02,-1,-1,4.0000000000000018e-04,wind_direction:18.4_m:degrees
1935,-2,-2.0000000000000000e+00,-1.5354838709677418e-01,-1,-1,5.1751647589315386e-04,wind_direction:18.4_m:degrees
1936,-2,-2.0000000000000000e+00,-1.1444444444444445e-01,-1,-1,2.4691358024691440e-04,wind_direction:18.4_m:degrees
1937,-2,-2.0000000000000000e+00,-2.7500000000000002e-01,-1,-1,2.2499999999998910e-04,wind_direction:18.4_m:degrees
1938,-2,-2.0000000000000000e+00,-3.5772727272727273e-01,-1,-1,5.2665289256195735e-04,wind_direction:18.4_m:degrees
1939,10,6.7596926689147949e+00,-8.5178571428571423e-02,1965,1966,7.5711096938775417e-04,wind_speed:18.4_m:m_s-1
1940,-2,-2.0000000000000000e+00,-5.6000000000000008e-02,-1,-1,3.2400000000000657e-04,wind_direction:18.4_m:degrees
1941,-2,-2.0000000000000000e+00,-2.8258064516129024e-02,-1,-1,3.3696566077003217e-04,wind_direction:18.4_m:degrees
1942,-2,-2.0000000000000000e+00,-7.1428571428571425e-02,-1,-1,1.6408163265306261e-03,wind_direction:18.4_m:degrees
1943,-2,-2.0000000000000000e+00,-9.5862068965517272e-02,-1,-1,5.6218787158145329e-04,wind_direction:18.4_m:degrees
1944,-2,-2.0000000000000000e+00,-1.3416666666666666e-01,-1,-1,7.5763888888889450e-04,wind_direction:18.4_m:degrees
1945,11,3.3666999816894531e+02,-1.2000000000000001e-01,1947,1948,1.0421052631578911e-03,wind_direction:18.4_m:degrees
1946,-2,-2.0000000000000000e+00,-9.0793650793650774e-02,-1,-1,7.6921138825900882e-04,wind_direction:18.4_m:degrees
1947,-2,-2.0000000000000000e+00,-1.1058823529411767e-01,-1,-1,3.2318339100345476e-04,wind_direction:18.4_m:degrees
1948,-2,-2.0000000000000000e+00,-2.0000000000000001e-01,-1,-1,1.3877787807814457e-17,wind_direction:18.4_m:degrees
1949,-2,-2.0000000000000000e+00,-2.6999999999999996e-01,-1,-1,1.4400000000000107e-03,wind_direction:18.4_m:degrees
1950,-2,-2.0000000000000000e+00,-2.0777777777777773e-01,-1,-1,6.1728395061728947e-04,wind_direction:18.4_m:degrees
1951,-2,-2.0000000000000000e+00,-1.2000000000000000e-01,-1,-1,0.0000000000000000e+00,wind_direction:18.4_m:degrees
1952,-2,-2.0000000000000000e+00,-2.0208333333333331e-01,-1,-1,7.2482638888887035e-04,wind_direction:18.4_m:degrees
1953,-2,-2.0000000000000000e+00,-1.0904761904761905e-01,-1,-1,7.0385487528343976e-04,wind_direction:18.4_m:degrees
1954,-2,-2.0000000000000000e+00,-1.3736842105263158e-01,-1,-1,5.1412742382267798e-04,wind_direction:18.4_m:degrees
1955,-2,-2.0000000000000000e+00,-2.1088607594936661e-02,-1,-1,3.2159974363083225e-04,wind_direction:18.4_m:degrees
1956,-2,-2.0000000000000000e+00,-2.9519230769230711e-02,-1,-1,3.7060219428008663e-04,wind_direction:18.4_m:degrees
1957,-2,-2.0000000000000000e+00,-1.9583333333333330e-01,-1,-1,7.9097222222223457e-04,wind_direction:18.4_m:degrees
1958,-2,-2.0000000000000000e+00,-8.0000000000000002e-02,-1,-1,5.2041704279304213e-18,wind_direction:18.4_m:degrees
1959,-2,-2.0000000000000000e+00,-8.0111731843575423e-02,-1,-1,5.1395399644207224e-04,wind_direction:18.4_m:degrees
1960,-2,-2.0000000000000000e+00,-9.8666666666666653e-02,-1,-1,4.9599999999998777e-04,wind_direction:18.4_m:degrees
1961,10,6.5507900714874268e+00,-5.3749999999999999e-02,1963,1964,1.7359375000000001e-03,wind_speed:18.4_m:m_s-1
1962,-2,-2.0000000000000000e+00,-2.5096525096525064e-02,-1,-1,3.0452736244242218e-04,wind_direction:18.4_m:degrees
1963,-2,-2.0000000000000000e+00,-4.0000000000000001e-02,-1,-1,4.7142857142857121e-04,wind_direction:18.4_m:degrees
1964,-2,-2.0000000000000000e+00,-1.4999999999999999e-01,-1,-1,1.0408340855860843e-17,wind_direction:18.4_m:degrees
1965,-2,-2.0000000000000000e+00,-1.1699999999999999e-01,-1,-1,3.2100000000000010e-04,wind_direction:18.4_m:degrees
1966,-2,-2.0000000000000000e+00,-7.8260869565217411e-02,-1,-1,5.8393194706994438e-04,wind_direction:18.4_m:degrees
1967,-2,-2.0000000000000000e+00,-1.0166666666666668e-01,-1,-1,2.1388888888888846e-04,wind_direction:18.4_m:degrees
1968,-2,-2.0000000000000000e+00,-1.5272727272727271e-01,-1,-1,7.9256198347107260e-04,wind_direction:18.4_m:degrees
1969,5,4.5600000381469727e+01,-3.6130434782608700e-01,2029,2030,1.2548204158791265e-03,relative_humidity:18.4_m:%
1970,-2,-2.0000000000000000e+00,-4.1600000000000004e-01,-1,-1,6.3999999999814206e-05,wind_direction:18.4_m:degrees
1971,5,7.2250000000000000e+01,-2.0583333333333331e-01,1973,1974,1.4743055555555620e-03,relative_humidity:18.4_m:%
1972,-2,-2.0000000000000000e+00,-2.4500000000000002e-01,-1,-1,5.5833333333333429e-04,wind_direction:18.4_m:degrees
1973,-2,-2.0000000000000000e+00,-2.1944444444444441e-01,-1,-1,1.1385802469135800e-03,wind_direction:18.4_m:degrees
1974,-2,-2.0000000000000000e+00,-1.6500000000000001e-01,-1,-1,2.5833333333335692e-04,wind_direction:18.4_m:degrees
1975,-2,-2.0000000000000000e+00,-2.9999999999999999e-01,-1,-1,0.0000000000000000e+00,wind_direction:18.4_m:degrees
1976,-2,-2.0000000000000000e+00,-1.8250000000000000e-01,-1,-1,1.9687500000000122e-03,wind_direction:18.4_m:degrees
1977,-2,-2.0000000000000000e+00,-6.1317829457364324e-02,-1,-1,5.1764317048254120e-04,wind_direction:18.4_m:degrees
1978,-2,-2.0000000000000000e+00,-3.6190476190476190e-02,-1,-1,1.1882086167804592e-04,wind_direction:18.4_m:degrees
1979,-2,-2.0000000000000000e+00,-3.5499999999999998e-01,-1,-1,7.9166666666666274e-04,wind_direction:18.4_m:degrees
1980,-2,-2.0000000000000000e+00,-2.9666666666666669e-01,-1,-1,9.9999999999995925e-04,wind_direction:18.4_m:degrees
1981,-2,-2.0000000000000000e+00,-1.4633333333333334e-01,-1,-1,8.3655555555554872e-04,wind_direction:18.4_m:degrees
1982,-2,-2.0000000000000000e+00,-1.6787234042553192e-01,-1,-1,7.9547306473517349e-04,wind_direction:18.4_m:degrees
1983,-2,-2.0000000000000000e+00,-1.7499999999999999e-01,-1,-1,2.2500000000000644e-04,wind_direction:18.4_m:degrees
1984,-2,-2.0000000000000000e+00,-1.1450000000000002e-01,-1,-1,8.9474999999999971e-04,wind_direction:18.4_m:degrees
1985,-2,-2.0000000000000000e+00,-3.0000000000000002e-02,-1,-1,8.0000000000000015e-04,wind_direction:18.4_m:degrees
1986,0,6.5940925598144531e+01,-9.6774193548387122e-02,1987,1988,1.2154006243496364e-03,zenith:0_m:degrees
1987,-2,-2.0000000000000000e+00,-7.8888888888888911e-02,-1,-1,2.2098765432097735e-04,wind_direction:18.4_m:degrees
1988,5,5.6099998474121094e+01,-1.2153846153846157e-01,1989,1990,1.5360946745562268e-03,relative_humidity:18.4_m:%
1989,-2,-2.0000000000000000e+00,-1.4333333333333334e-01,-1,-1,5.1111111111111149e-04,wind_direction:18.4_m:degrees
1990,-2,-2.0000000000000000e+00,-7.2500000000000009e-02,-1,-1,3.6874999999998888e-04,wind_direction:18.4_m:degrees
1991,10,7.3600101470947266e+00,-4.9733333333333338e-02,1993,1994,6.6659555555555541e-04,wind_speed:18.4_m:m_s-1
1992,-2,-2.0000000000000000e+00,-6.4444444444444415e-02,-1,-1,6.9046913580247081e-04,wind_direction:18.4_m:degrees
1993,-2,-2.0000000000000000e+00,-4.0200000000000007e-02,-1,-1,2.6195999999999750e-04,wind_direction:18.4_m:degrees
1994,-2,-2.0000000000000000e+00,-6.8800000000000014e-02,-1,-1,9.3056000000000735e-04,wind_direction:18.4_m:degrees
1995,-2,-2.0000000000000000e+00,-1.8999999999999997e-01,-1,-1,7.3333333333333584e-04,wind_direction:18.4_m:degrees
1996,7,2.3999999761581421e+00,-1.5045454545454548e-01,1997,1998,1.8861570247933647e-03,wave_height:0_m:m
1997,-2,-2.0000000000000000e+00,-1.6000000000000000e-01,-1,-1,1.5157894736841995e-03,wind_direction:18.4_m:degrees
1998,-2,-2.0000000000000000e+00,-9.0000000000000011e-02,-1,-1,-5.2041704279304213e-18,wind_direction:18.4_m:degrees
1999,-2,-2.0000000000000000e+00,-1.5636363636363634e-01,-1,-1,1.0595041322314126e-03,wind_direction:18.4_m:degrees
2000,-2,-2.0000000000000000e+00,-1.1900000000000002e-01,-1,-1,6.2899999999998894e-04,wind_direction:18.4_m:degrees
2001,-2,-2.0000000000000000e+00,-7.6000000000000001e-01,-1,-1,0.0000000000000000e+00,wind_direction:18.4_m:degrees
2002,-2,-2.0000000000000000e+00,-6.7500000000000004e-01,-1,-1,1.1250000000000426e-03,wind_direction:18.4_m:degrees
2003,-2,-2.0000000000000000e+00,-2.2000000000000000e-01,-1,-1,4.0000000000000452e-04,wind_direction:18.4_m:degrees
2004,-2,-2.0000000000000000e+00,-1.3500000000000004e-01,-1,-1,5.0499999999998810e-04,wind_direction:18.4_m:degrees
2005,-2,-2.0000000000000000e+00,-4.1666666666666669e-01,-1,-1,2.8888888888889408e-04,wind_direction:18.4_m:degrees
2006,-2,-2.0000000000000000e+00,-2.8999999999999998e-01,-1,-1,-6.9388939039072284e-17,wind_direction:18.4_m:degrees
2007,-2,-2.0000000000000000e+00,-1.0406779661016949e-01,-1,-1,4.6311404768744485e-04,wind_direction:18.4_m:degrees
2008,-2,-2.0000000000000000e+00,-5.4000000000000006e-02,-1,-1,6.4000000000035816e-05,wind_direction:18.4_m:degrees
2009,-2,-2.0000000000000000e+00,-1.2250000000000000e-01,-1,-1,4.6875000000000042e-04,wind_direction:18.4_m:degrees
2010,-2,-2.0000000000000000e+00,-4.4999999999999998e-02,-1,-1,1.2499999999999794e-04,wind_direction:18.4_m:degrees
2011,-2,-2.0000000000000000e+00,-6.2749999999999995e-01,-1,-1,1.5687500000000631e-03,wind_direction:18.4_m:degrees
2012,-2,-2.0000000000000000e+00,-7.0499999999999996e-01,-1,-1,2.4999999999830713e-05,wind_direction:18.4_m:degrees
2013,-2,-2.0000000000000000e+00,-4.4444444444444446e-02,-1,-1,2.5802469135802327e-04,wind_direction:18.4_m:degrees
2014,-2,-2.0000000000000000e+00,-1.0500000000000001e-01,-1,-1,7.4999999999998679e-05,wind_direction:18.4_m:degrees
2015,-2,-2.0000000000000000e+00,-5.0000000000000003e-02,-1,-1,0.0000000000000000e+00,wind_direction:18.4_m:degrees
2016,-2,-2.0000000000000000e+00,5.0000000000000010e-02,-1,-1,-4.3368086899420177e-19,wind_direction:18.4_m:degrees
2017,-2,-2.0000000000000000e+00,-1.2000000000000001e-01,-1,-1,8.0000000000000036e-04,wind_direction:18.4_m:degrees
2018,-2,-2.0000000000000000e+00,-2.0000000000000001e-01,-1,-1,5.9999999999999637e-04,wind_direction:18.4_m:degrees
2019,-2,-2.0000000000000000e+00,-4.1999999999999998e-01,-1,-1,0.0000000000000000e+00,wind_direction:18.4_m:degrees
2020,-2,-2.0000000000000000e+00,-2.9999999999999999e-01,-1,-1,0.0000000000000000e+00,wind_direction:18.4_m:degrees
2021,-2,-2.0000000000000000e+00,-1.9000000000000000e-01,-1,-1,0.0000000000000000e+00,wind_direction:18.4_m:degrees
2022,-2,-2.0000000000000000e+00,-2.7095238095238094e-01,-1,-1,8.1814058956916624e-04,wind_direction:18.4_m:degrees
2023,-2,-2.0000000000000000e+00,-7.0999999999999994e-02,-1,-1,9.2900000000000014e-04,wind_direction:18.4_m:degrees
2024,10,1.0758395195007324e+01,-1.0648936170212769e-01,2025,2026,1.0132073336351303e-03,wind_speed:18.4_m:m_s-1
2025,-2,-2.0000000000000000e+00,-9.9259259259259255e-02,-1,-1,8.9945130315498105e-04,wind_direction:18.4_m:degrees
2026,12,3.0024804873391986e-03,-1.1624999999999999e-01,2027,2028,1.0009375000000018e-03,bulk_richardson:18.4_m:none
2027,-2,-2.0000000000000000e+00,-1.2406249999999999e-01,-1,-1,7.4912109375000445e-04,wind_direction:18.4_m:degrees
2028,-2,-2.0000000000000000e+00,-8.5000000000000006e-02,-1,-1,7.8749999999998439e-04,wind_direction:18.4_m:degrees
2029,-2,-2.0000000000000000e+00,-3.4625000000000000e-01,-1,-1,9.2343749999998503e-04,wind_direction:18.4_m:degrees
2030,-2,-2.0000000000000000e+00,-3.9571428571428574e-01,-1,-1,3.1020408163265345e-04,wind_direction:18.4_m:degrees
2031,-2,-2.0000000000000000e+00,-2.3047619047619050e-01,-1,-1,5.7596371882086966e-04,wind_direction:18.4_m:degrees
2032,-2,-2.0000000000000000e+00,-2.9000000000000004e-01,-1,-1,9.9999999999975109e-05,wind_direction:18.4_m:degrees
2033,-2,-2.0000000000000000e+00,-4.5961538461538463e-02,-1,-1,3.9138313609467495e-04,wind_direction:18.4_m:degrees
2034,-2,-2.0000000000000000e+00,-6.2098765432098760e-02,-1,-1,6.7090382563634058e-04,wind_direction:18.4_m:degrees
2035,-2,-2.0000000000000000e+00,-1.0733333333333334e-01,-1,-1,1.1395555555555551e-03,wind_direction:18.4_m:degrees
2036,-2,-2.0000000000000000e+00,-7.7560975609756097e-02,-1,-1,7.7128693238151871e-04,wind_direction:18.4_m:degrees
2037,-2,-2.0000000000000000e+00,-2.7571428571428575e-01,-1,-1,1.0816326530612291e-03,wind_direction:18.4_m:degrees
2038,-2,-2.0000000000000000e+00,-2.1200000000000002e-01,-1,-1,2.5599999999998541e-04,wind_direction:18.4_m:degrees
2039,5,5.6550001144409180e+01,-1.3578947368421052e-01,2041,2042,1.0643767313019449e-03,relative_humidity:18.4_m:%
2040,-2,-2.0000000000000000e+00,-1.0250000000000002e-01,-1,-1,3.6875000000004786e-04,wind_direction:18.4_m:degrees
2041,4,1.0893383622169495e+00,-1.3063291139240510e-01,2043,2044,9.0466271430860584e-04,mixing_ratio:18.4_m:g_kg-1
2042,-2,-2.0000000000000000e+00,-1.6124999999999998e-01,-1,-1,1.0734374999999720e-03,wind_direction:18.4_m:degrees
2043,-2,-2.0000000000000000e+00,-2.3999999999999999e-01,-1,-1,0.0000000000000000e+00,wind_direction:18.4_m:degrees
2044,-2,-2.0000000000000000e+00,-1.2923076923076923e-01,-1,-1,7.6094674556211744e-04,wind_direction:18.4_m:degrees
2045,-2,-2.0000000000000000e+00,-7.7222222222222234e-02,-1,-1,4.8117283950616443e-04,wind_direction:18.4_m:degrees
2046,-2,-2.0000000000000000e+00,-1.0750000000000000e-01,-1,-1,1.1787500000000079e-03,wind_direction:18.4_m:degrees
