Node,feature,threshold,value,children_left,children_right,impurity,feature_name
0,10,1.2167413711547852e+01,-6.0615784315960416e-02,1,2,8.8880138906497798e-03,wind_speed:18.4_m:m_s-1
1,10,8.8572964668273926e+00,-4.2777534219878448e-02,3,4,2.7726399239508389e-03,wind_speed:18.4_m:m_s-1
2,10,1.4668381214141846e+01,-3.2024104927330749e-01,5,6,2.5857155649245664e-02,wind_speed:18.4_m:m_s-1
3,10,6.3863213062286377e+00,-2.7114444082160332e-02,9,10,1.0726914405968483e-03,wind_speed:18.4_m:m_s-1
4,12,-1.3199318666011095e-02,-1.1495697309110799e-01,11,12,4.2660034758280393e-03,bulk_richardson:18.4_m:none
5,5,5.7450000762939453e+01,-2.4906330416881092e-01,13,14,1.0003548746056093e-02,relative_humidity:18.4_m:%
6,10,1.7220717430114746e+01,-4.7775626423690215e-01,7,8,2.4918314169187716e-02,wind_speed:18.4_m:m_s-1
7,11,2.5986499023437500e+02,-4.1637223974763393e-01,19,20,1.3950561753027779e-02,wind_direction:18.4_m:degrees
8,10,1.9857803344726562e+01,-6.3725409836065550e-01,27,28,1.8186312483203071e-02,wind_speed:18.4_m:m_s-1
9,10,4.3065648078918457e+00,-1.6381709741550048e-02,25,26,6.3313967631058610e-04,wind_speed:18.4_m:m_s-1
10,12,-2.9998856596648693e-02,-4.7582938388625089e-02,17,18,1.2723223973989100e-03,bulk_richardson:18.4_m:none
11,10,1.0430026531219482e+01,-1.4929051782111599e-01,15,16,5.1110299235381552e-03,wind_speed:18.4_m:m_s-1
12,10,1.1027488708496094e+01,-9.1467678858983242e-02,21,22,2.3296609636251873e-03,wind_speed:18.4_m:m_s-1
13,2,2.8090000915527344e+02,-3.0583102493074821e-01,61,62,8.1902373754036972e-03,water_sfc_temperature:0_m:K
14,10,1.3099406242370605e+01,-2.1549549549549540e-01,23,24,8.0434277028875178e-03,wind_speed:18.4_m:m_s-1
15,12,-4.0380513295531273e-02,-1.2465422612513732e-01,45,46,3.3769111758830753e-03,bulk_richardson:18.4_m:none
16,4,2.6050521135330200e+00,-1.8825520833333290e-01,33,34,5.3755147298175238e-03,mixing_ratio:18.4_m:g_kg-1
17,10,7.7288129329681396e+00,-7.0562571756602022e-02,31,32,1.8083517104927590e-03,wind_speed:18.4_m:m_s-1
18,10,7.9268593788146973e+00,-3.7724418175101700e-02,39,40,7.1862421473666851e-04,wind_speed:18.4_m:m_s-1
19,10,1.6440568923950195e+01,-3.0458333333333321e-01,55,56,7.8998263888890030e-03,wind_speed:18.4_m:m_s-1
20,2,2.8866500854492188e+02,-4.4922448979591839e-01,35,36,1.0976949604331904e-02,water_sfc_temperature:0_m:K
21,10,1.0003211975097656e+01,-7.8668494820232054e-02,43,44,1.6910058873748357e-03,wind_speed:18.4_m:m_s-1
22,5,7.1150001525878906e+01,-1.3091079812206585e-01,73,74,2.2371986157943696e-03,relative_humidity:18.4_m:%
23,6,2.1650000000000000e+02,-1.8673590504451026e-01,53,54,4.9469124497002540e-03,wave_direction:0_m:degrees
24,3,9.9695001220703125e+02,-2.5093235831809879e-01,37,38,9.5839570333780266e-03,pressure:18.4_m:hPa
25,4,3.1754466295242310e+00,-7.9247852503667102e-03,179,180,4.9036140748059747e-04,mixing_ratio:18.4_m:g_kg-1
26,12,-6.0479525476694107e-02,-2.2795963769267687e-02,29,30,6.4604401993958462e-04,bulk_richardson:18.4_m:none
27,4,2.9892709255218506e+00,-6.0801980198019800e-01,41,42,1.3185187726693692e-02,mixing_ratio:18.4_m:g_kg-1
28,5,9.1299999237060547e+01,-7.7785714285714291e-01,59,60,1.8359693877550098e-02,relative_humidity:18.4_m:%
29,11,2.7166500854492188e+02,-3.6077690855139115e-02,49,50,8.9721327894082335e-04,wind_direction:18.4_m:degrees
30,12,9.9252881482243538e-03,-1.7250816533393679e-02,75,76,4.3678256916093494e-04,bulk_richardson:18.4_m:none
31,0,8.3801300048828125e+01,-5.9922077922078043e-02,93,94,1.3212926294484313e-03,zenith:0_m:degrees
32,11,1.4533999633789062e+02,-9.1499148211243692e-02,71,72,2.1055890111993207e-03,wind_direction:18.4_m:degrees
33,11,2.6261000061035156e+02,-2.1435606060606049e-01,77,78,5.7564035238751657e-03,wind_direction:18.4_m:degrees
34,11,2.4758499908447266e+02,-1.6616987179487186e-01,69,70,3.9890160153684233e-03,wind_direction:18.4_m:degrees
35,10,1.5774326324462891e+01,-4.5769892473118284e-01,47,48,9.6215867730373994e-03,wind_speed:18.4_m:m_s-1
36,12,-6.2582413665950298e-03,-2.9160000000000003e-01,105,106,1.0005439999998533e-02,bulk_richardson:18.4_m:none
37,6,1.6050000000000000e+02,-3.3575342465753433e-01,51,52,1.6928541940326475e-02,wave_direction:0_m:degrees
38,6,1.9250000000000000e+02,-2.3786919831223635e-01,67,68,7.1741516672897063e-03,wave_direction:0_m:degrees
39,11,3.5388999938964844e+02,-3.1713286713287110e-02,143,144,5.8398036450114043e-04,wind_direction:18.4_m:degrees
40,12,-1.5998010523617268e-02,-4.9880908075921236e-02,89,90,7.7006397118875016e-04,bulk_richardson:18.4_m:none
41,10,1.8587219238281250e+01,-6.7144578313253001e-01,91,92,1.1961765132820545e-02,wind_speed:18.4_m:m_s-1
42,2,2.8369999694824219e+02,-5.6378151260504206e-01,97,98,9.2756161288045647e-03,water_sfc_temperature:0_m:K
43,5,6.7549999237060547e+01,-6.8011133603238849e-02,161,162,1.5439695116703546e-03,relative_humidity:18.4_m:%
44,11,1.9865499877929688e+02,-9.4793261868300158e-02,151,152,1.4816188213660434e-03,wind_direction:18.4_m:degrees
45,11,2.6858000183105469e+02,-1.4160183066361551e-01,125,126,3.9445737266258080e-03,wind_direction:18.4_m:degrees
46,11,2.5877499389648438e+02,-1.0902953586497889e-01,81,82,2.3446278196157366e-03,wind_direction:18.4_m:degrees
47,4,2.1097030639648438e+00,-4.3011406844106487e-01,99,100,8.7965649351586517e-03,mixing_ratio:18.4_m:g_kg-1
48,0,7.3478713989257812e+01,-4.9361386138613850e-01,115,116,8.4151578276643324e-03,zenith:0_m:degrees
49,10,5.3994345664978027e+00,-2.2479838709677399e-02,601,602,4.6770792685570236e-04,wind_speed:18.4_m:m_s-1
50,10,5.5333805084228516e+00,-4.5196034249662023e-02,103,104,9.7809361203303252e-04,wind_speed:18.4_m:m_s-1
51,-2,-2.0000000000000000e+00,-7.9000000000000004e-01,-1,-1,0.0000000000000000e+00,wind_direction:18.4_m:degrees
52,11,2.8677000427246094e+02,-3.2295774647887332e-01,57,58,1.1429279904780751e-02,wind_direction:18.4_m:degrees
53,4,2.8213062286376953e+00,-1.6528947368421051e-01,171,172,3.9722846260388765e-03,mixing_ratio:18.4_m:g_kg-1
54,3,9.9179998779296875e+02,-2.1445578231292517e-01,83,84,4.8437514461568201e-03,pressure:18.4_m:hPa
55,11,1.4990999603271484e+02,-2.8249999999999997e-01,191,192,3.9870833333334604e-03,wind_direction:18.4_m:degrees
56,11,1.0273000335693359e+02,-4.1499999999999987e-01,79,80,1.2833333333333530e-02,wind_direction:18.4_m:degrees
57,12,1.4029201585799456e-02,-2.4322580645161287e-01,209,210,5.3315296566077142e-03,bulk_richardson:18.4_m:none
58,10,1.4163463115692139e+01,-3.8474999999999998e-01,245,246,7.4099374999998247e-03,wind_speed:18.4_m:m_s-1
59,1,1.6130929565429688e+02,-7.2419354838709682e-01,137,138,1.1882414151925147e-02,azimuth:0_m:degrees
60,12,-4.6995400916785002e-03,-9.2909090909090919e-01,421,422,5.6264462809911819e-03,bulk_richardson:18.4_m:none
61,10,1.3037906169891357e+01,-3.2570694087403612e-01,65,66,7.6815696433406300e-03,wind_speed:18.4_m:m_s-1
62,10,1.3237603664398193e+01,-2.8261261261261267e-01,63,64,7.7838649460272580e-03,wind_speed:18.4_m:m_s-1
63,12,-2.9832993168383837e-03,-2.4317365269461069e-01,159,160,5.5162752339632456e-03,bulk_richardson:18.4_m:none
64,7,1.2500000000000000e+00,-3.2228915662650603e-01,133,134,6.9260850631440163e-03,wave_height:0_m:m
65,2,2.8088000488281250e+02,-2.7720000000000000e-01,123,124,7.9305600000000032e-03,water_sfc_temperature:0_m:K
66,2,2.7592500305175781e+02,-3.4867424242424250e-01,109,110,5.9221060032137868e-03,water_sfc_temperature:0_m:K
67,5,1.0025000000000000e+02,-2.0105590062111803e-01,85,86,7.5063384900273811e-03,relative_humidity:18.4_m:%
68,3,1.0219500122070312e+03,-2.5680511182108623e-01,111,112,5.9476201655625782e-03,pressure:18.4_m:hPa
69,0,6.3348094940185547e+01,-1.3032467532467532e-01,139,140,2.9576867937257563e-03,zenith:0_m:degrees
70,11,3.1369999694824219e+02,-1.7791489361702131e-01,113,114,3.7679927569036348e-03,wind_direction:18.4_m:degrees
71,11,1.0274499893188477e+02,-5.0875912408759119e-02,641,642,1.0561670840215248e-03,wind_direction:18.4_m:degrees
72,0,7.1498073577880859e+01,-9.6865959498553464e-02,237,238,1.9974101912924591e-03,zenith:0_m:degrees
73,10,1.1403965473175049e+01,-1.6419540229885055e-01,201,202,4.2140077949531056e-03,wind_speed:18.4_m:m_s-1
74,12,-3.8660258287563920e-03,-1.2441077441077432e-01,175,176,1.5925540477728789e-03,bulk_richardson:18.4_m:none
75,10,5.4083869457244873e+00,-2.0758436351487174e-02,211,212,4.1546219494890328e-04,wind_speed:18.4_m:m_s-1
76,10,5.4289085865020752e+00,-9.9930867611475911e-03,667,668,4.0276524774807300e-04,wind_speed:18.4_m:m_s-1
77,10,1.1586771011352539e+01,-1.2423076923076923e-01,643,644,3.3167159763313643e-03,wind_speed:18.4_m:m_s-1
78,10,1.1145023345947266e+01,-2.1902390438247007e-01,87,88,5.4402822971064621e-03,wind_speed:18.4_m:m_s-1
79,-2,-2.0000000000000000e+00,-8.5999999999999999e-01,-1,-1,0.0000000000000000e+00,wind_direction:18.4_m:degrees
80,11,1.2929999542236328e+02,-3.9565217391304347e-01,427,428,4.4071833648394176e-03,wind_direction:18.4_m:degrees
81,3,1.0223500061035156e+03,-8.9625360230547541e-02,595,596,1.4139806825071346e-03,pressure:18.4_m:hPa
82,10,9.3696417808532715e+00,-1.2023294509151405e-01,155,156,2.5390472340884734e-03,wind_speed:18.4_m:m_s-1
83,-2,-2.0000000000000000e+00,-3.7250000000000000e-01,-1,-1,6.4374999999999849e-04,wind_direction:18.4_m:degrees
84,2,2.8783499145507812e+02,-2.1003496503496499e-01,121,122,4.2430057704533203e-03,water_sfc_temperature:0_m:K
85,1,3.4252075195312500e+02,-1.9363636363636363e-01,135,136,5.8789846517119035e-03,azimuth:0_m:degrees
86,9,8.8562843322753906e+01,-3.6428571428571427e-01,243,244,1.5453061224489695e-02,angle_between_wind_wave:0_m:degrees
87,11,3.1006498718261719e+02,-1.9553398058252436e-01,183,184,5.2761711754170798e-03,wind_direction:18.4_m:degrees
88,3,1.0113999938964844e+03,-2.3537162162162159e-01,157,158,4.9032402757488575e-03,pressure:18.4_m:hPa
89,11,2.7037500000000000e+02,-7.3028391167192383e-02,389,390,1.2299455661813792e-03,wind_direction:18.4_m:degrees
90,12,1.8728491850197315e-02,-4.6784810126582435e-02,325,326,6.2729968487953156e-04,bulk_richardson:18.4_m:none
91,0,1.1793362045288086e+02,-6.4531250000000018e-01,199,200,9.8124023437503038e-03,zenith:0_m:degrees
92,7,1.8499999642372131e+00,-7.5947368421052630e-01,343,344,9.1523545706364562e-03,wave_height:0_m:m
93,12,-1.3069473952054977e-01,-4.8690344062153113e-02,569,570,1.1188175427229098e-03,bulk_richardson:18.4_m:none
94,4,3.1484965085983276e+00,-6.7104329311568470e-02,95,96,1.3185136008453807e-03,mixing_ratio:18.4_m:g_kg-1
95,11,1.0290000152587891e+02,-8.1827411167512673e-02,323,324,1.2934456784079321e-03,wind_direction:18.4_m:degrees
96,11,2.6944499206542969e+02,-5.6466992665036637e-02,107,108,1.0668577124718151e-03,wind_direction:18.4_m:degrees
97,12,2.6530382456257939e-04,-4.9285714285714288e-01,189,190,7.9704081632652468e-03,bulk_richardson:18.4_m:none
98,9,9.0101047515869141e+01,-5.8560439560439559e-01,131,132,7.6532061345246927e-03,angle_between_wind_wave:0_m:degrees
99,7,1.7500000000000000e+00,-4.4994011976047915e-01,101,102,9.1275413245362480e-03,wave_height:0_m:m
100,9,8.8212741851806641e+01,-3.9562500000000006e-01,141,142,6.3475260416662738e-03,angle_between_wind_wave:0_m:degrees
101,4,9.2845743894577026e-01,-4.0730158730158733e-01,419,420,5.5149407911312398e-03,mixing_ratio:18.4_m:g_kg-1
102,4,1.0242508649826050e+00,-4.7576923076923089e-01,295,296,9.5474852071003591e-03,mixing_ratio:18.4_m:g_kg-1
103,0,7.6742801666259766e+01,-3.7858752817430501e-02,287,288,8.0165097335061723e-04,zenith:0_m:degrees
104,8,5.2500000000000000e+00,-5.6193693693693661e-02,623,624,1.0409174377079612e-03,wave_period:0_m:s
105,0,6.1698272705078125e+01,-2.3888888888888882e-01,433,434,3.6987654320987454e-03,zenith:0_m:degrees
106,-2,-2.0000000000000000e+00,-4.2714285714285716e-01,-1,-1,7.0612244897960696e-04,wind_direction:18.4_m:degrees
107,9,8.8754425048828125e+01,-4.0505319148936118e-02,1477,1478,6.0373401425985033e-04,angle_between_wind_wave:0_m:degrees
108,3,1.0169500122070312e+03,-7.0045248868778193e-02,811,812,1.0597264593272121e-03,pressure:18.4_m:hPa
109,10,1.3760229587554932e+01,-3.0149999999999999e-01,319,320,7.3327499999999851e-03,wind_speed:18.4_m:m_s-1
110,1,9.3680610656738281e+01,-3.6254901960784308e-01,279,280,4.6601691657054412e-03,azimuth:0_m:degrees
111,0,1.4530039215087891e+02,-2.6498207885304664e-01,117,118,5.9898742308037711e-03,zenith:0_m:degrees
112,-2,-2.0000000000000000e+00,-1.8970588235294122e-01,-1,-1,5.4991349480997681e-04,wind_direction:18.4_m:degrees
113,12,-4.1281633079051971e-02,-1.8925072046109515e-01,147,148,3.1354616349276859e-03,bulk_richardson:18.4_m:none
114,11,3.3813999938964844e+02,-1.4593495934959350e-01,247,248,4.1672152819088801e-03,wind_direction:18.4_m:degrees
115,4,1.6576161980628967e+00,-4.2499999999999999e-01,333,334,6.0449999999999948e-03,mixing_ratio:18.4_m:g_kg-1
116,10,1.6886751174926758e+01,-5.0558139534883706e-01,233,234,7.8641968631695258e-03,wind_speed:18.4_m:m_s-1
117,11,2.9917500305175781e+02,-2.5478813559322033e-01,203,204,4.4435991812697972e-03,wind_direction:18.4_m:degrees
118,0,1.4608118438720703e+02,-3.2093023255813952e-01,119,120,1.0775878853433660e-02,zenith:0_m:degrees
119,-2,-2.0000000000000000e+00,-6.7000000000000004e-01,-1,-1,0.0000000000000000e+00,wind_direction:18.4_m:degrees
120,10,1.3984575271606445e+01,-3.0390243902439024e-01,193,194,5.0676977989291966e-03,wind_speed:18.4_m:m_s-1
121,6,2.3750000000000000e+02,-2.2347417840375589e-01,181,182,3.9860521501465865e-03,wave_direction:0_m:degrees
122,3,1.0053500061035156e+03,-1.7082191780821920e-01,275,276,2.9280915744044345e-03,pressure:18.4_m:hPa
123,1,3.2539267539978027e+01,-2.7099173553719014e-01,309,310,6.9213305102110850e-03,azimuth:0_m:degrees
124,-2,-2.0000000000000000e+00,-4.6499999999999997e-01,-1,-1,2.0249999999983059e-03,wind_direction:18.4_m:degrees
125,0,1.0586658096313477e+02,-1.0255813953488373e-01,599,600,2.0957815035154096e-03,zenith:0_m:degrees
126,11,3.0130500793457031e+02,-1.4586294416243667e-01,127,128,3.9618187791491920e-03,wind_direction:18.4_m:degrees
127,0,5.6361202239990234e+01,-1.7280788177339898e-01,129,130,4.6793079181732186e-03,zenith:0_m:degrees
128,10,9.4063425064086914e+00,-1.3651282051282060e-01,149,150,3.3734806048651943e-03,wind_speed:18.4_m:m_s-1
129,12,-4.0717395022511482e-02,-6.6875000000000018e-02,931,932,2.2339843749999986e-03,bulk_richardson:18.4_m:none
130,10,9.0351057052612305e+00,-1.8187165775401073e-01,371,372,3.8462295175727135e-03,wind_speed:18.4_m:m_s-1
131,5,7.2000000000000000e+01,-5.9413793103448287e-01,251,252,6.3300039635353356e-03,relative_humidity:18.4_m:%
132,-2,-2.0000000000000000e+00,-4.0000000000000002e-01,-1,-1,4.0000000000248170e-04,wind_direction:18.4_m:degrees
133,5,4.4500000000000000e+01,-2.5555555555555548e-01,291,292,5.0395061728395474e-03,relative_humidity:18.4_m:%
134,10,1.3256350994110107e+01,-3.3525179856115112e-01,255,256,6.2594689715852747e-03,wind_speed:18.4_m:m_s-1
135,1,1.6204596710205078e+02,-1.8818791946308727e-01,169,170,5.1249042835908379e-03,azimuth:0_m:degrees
136,-2,-2.0000000000000000e+00,-3.5599999999999998e-01,-1,-1,1.1039999999990779e-03,wind_direction:18.4_m:degrees
137,12,-5.7094139046967030e-03,-5.9166666666666667e-01,617,618,6.8805555555555009e-03,bulk_richardson:18.4_m:none
138,10,1.9995940208435059e+01,-7.5599999999999989e-01,241,242,7.8559999999998631e-03,wind_speed:18.4_m:m_s-1
139,10,1.1092161655426025e+01,-8.6521739130434788e-02,857,858,2.5052930056710795e-03,wind_speed:18.4_m:m_s-1
140,3,1.0265499877929688e+03,-1.4898148148148155e-01,585,586,1.9850737311385598e-03,pressure:18.4_m:hPa
141,9,8.8036197662353516e+01,-3.4387096774193537e-01,409,410,6.0688865764828709e-03,angle_between_wind_wave:0_m:degrees
142,9,8.8640083312988281e+01,-4.2030769230769233e-01,467,468,4.5937514792899203e-03,angle_between_wind_wave:0_m:degrees
143,12,1.3644723687320948e-02,-3.1556742815033609e-02,145,146,5.5997522535237792e-04,bulk_richardson:18.4_m:none
144,4,5.4448080062866211e+00,-1.7333333333333334e-01,1735,1736,2.2222222222244570e-03,mixing_ratio:18.4_m:g_kg-1
145,5,7.2950000762939453e+01,-3.4587912087912454e-02,221,222,5.2952548824796689e-04,relative_humidity:18.4_m:%
146,12,3.9230704307556152e-02,-2.3033707865168507e-02,851,852,5.4711684130786067e-04,bulk_richardson:18.4_m:none
147,0,8.0583591461181641e+01,-2.4236842105263151e-01,553,554,3.4601800554016904e-03,zenith:0_m:degrees
148,10,1.1471586227416992e+01,-1.8271844660194175e-01,269,270,2.7058786564866447e-03,wind_speed:18.4_m:m_s-1
149,6,2.4750000000000000e+02,-1.1946280991735533e-01,373,374,3.0654139061539673e-03,wave_direction:0_m:degrees
150,11,3.4913000488281250e+02,-1.4854227405247825e-01,195,196,3.2410237231085201e-03,wind_direction:18.4_m:degrees
151,11,1.1667499923706055e+02,-1.1008152173913045e-01,669,670,1.2551563976843094e-03,wind_direction:18.4_m:degrees
152,12,6.3000041991472244e-03,-8.8795309168443456e-02,153,154,1.4427917903628538e-03,bulk_richardson:18.4_m:none
153,5,6.7849998474121094e+01,-9.7171052631578977e-02,327,328,1.2712733725761642e-03,relative_humidity:18.4_m:%
154,10,1.1004387855529785e+01,-7.3363636363636339e-02,391,392,1.3914132231405418e-03,wind_speed:18.4_m:m_s-1
155,1,7.3793807983398438e+01,-9.9016393442622960e-02,685,686,1.3990325181402752e-03,azimuth:0_m:degrees
156,0,8.4811599731445312e+01,-1.2952153110047843e-01,253,254,2.7547949909572135e-03,zenith:0_m:degrees
157,4,1.3162356615066528e+00,-2.5719696969696965e-01,177,178,3.8489612029384973e-03,mixing_ratio:18.4_m:g_kg-1
158,12,-6.8423572927713394e-02,-2.1780487804878065e-01,173,174,5.0598155859607127e-03,bulk_richardson:18.4_m:none
159,12,-6.4246116206049919e-02,-2.4974522292993623e-01,197,198,5.0114000567974687e-03,bulk_richardson:18.4_m:none
160,12,8.3913055714219809e-03,-1.3999999999999999e-01,1395,1396,2.1200000000000489e-03,bulk_richardson:18.4_m:none
161,11,3.4786000061035156e+02,-9.2951807228915606e-02,163,164,8.1569494846857379e-03,wind_direction:18.4_m:degrees
162,12,6.6721765324473381e-03,-6.5723756906077291e-02,249,250,8.7519440798506428e-04,bulk_richardson:18.4_m:none
163,5,6.6750000000000000e+01,-8.7378048780487785e-02,165,166,5.6778814693634822e-03,relative_humidity:18.4_m:%
164,-2,-2.0000000000000000e+00,-5.5000000000000004e-01,-1,-1,-5.5511151231257827e-17,wind_direction:18.4_m:degrees
165,12,1.0614213068038225e-02,-7.8692810457516318e-02,329,330,2.6728010594215942e-03,bulk_richardson:18.4_m:none
166,12,9.9605722352862358e-03,-2.0818181818181819e-01,167,168,3.1833057851239584e-02,bulk_richardson:18.4_m:none
167,3,1.0011999816894531e+03,-1.0249999999999999e-01,1255,1256,2.8187500000000001e-03,pressure:18.4_m:hPa
168,-2,-2.0000000000000000e+00,-4.8999999999999999e-01,-1,-1,0.0000000000000000e+00,wind_direction:18.4_m:degrees
169,11,2.1398500061035156e+02,-2.1984374999999995e-01,259,260,6.0734130859375207e-03,wind_direction:18.4_m:degrees
170,6,1.7950000000000000e+02,-1.6435294117647062e-01,349,350,3.0881107266435871e-03,wave_direction:0_m:degrees
171,12,-2.7905995957553387e-02,-2.2399999999999995e-01,263,264,5.7173333333333451e-03,bulk_richardson:18.4_m:none
172,11,3.0291999816894531e+02,-1.6025714285714285e-01,213,214,3.5019338775510514e-03,wind_direction:18.4_m:degrees
173,4,1.5664536356925964e+00,-2.5350877192982468e-01,227,228,4.6227762388426630e-03,mixing_ratio:18.4_m:g_kg-1
174,9,8.8913269042968750e+01,-1.9878504672897201e-01,273,274,4.2517949165865598e-03,angle_between_wind_wave:0_m:degrees
175,3,9.9704998779296875e+02,-1.4571428571428574e-01,365,366,2.4572940287225890e-03,pressure:18.4_m:hPa
176,11,1.9500499725341797e+02,-1.1867521367521368e-01,217,218,1.2046551976039772e-03,wind_direction:18.4_m:degrees
177,6,2.4350000000000000e+02,-3.0128205128205121e-01,915,916,3.3650230111768875e-03,wave_direction:0_m:degrees
178,12,-4.8544807359576225e-02,-2.3870967741935478e-01,693,694,2.8951092611863016e-03,bulk_richardson:18.4_m:none
179,10,3.3110270500183105e+00,-1.6680294358135690e-02,367,368,8.1072935003599861e-04,wind_speed:18.4_m:m_s-1
180,10,3.0170845985412598e+00,-6.6382314069446434e-03,413,414,4.3036617983495596e-04,wind_speed:18.4_m:m_s-1
181,12,-3.9262494072318077e-02,-2.3046391752577319e-01,231,232,3.7198878733128160e-03,bulk_richardson:18.4_m:none
182,0,1.1427328872680664e+02,-1.5210526315789472e-01,1689,1690,1.1113573407201538e-03,zenith:0_m:degrees
183,12,-4.5769011601805687e-02,-2.1077464788732397e-01,185,186,5.6944703431858548e-03,bulk_richardson:18.4_m:none
184,2,2.8375500488281250e+02,-1.6171875000000005e-01,621,622,2.6892333984375009e-03,water_sfc_temperature:0_m:K
185,11,3.0802499389648438e+02,-2.2910891089108917e-01,187,188,5.6061366532693391e-03,wind_direction:18.4_m:degrees
186,4,2.0341166257858276e+00,-1.6560975609756096e-01,425,426,3.0441403926232853e-03,mixing_ratio:18.4_m:g_kg-1
187,6,2.4850000000000000e+02,-2.1402298850574719e-01,503,504,3.9297925749768522e-03,wave_direction:0_m:degrees
188,6,2.3500000000000000e+02,-3.2285714285714284e-01,307,308,5.8204081632652338e-03,wave_direction:0_m:degrees
189,-2,-2.0000000000000000e+00,-3.9625000000000005e-01,-1,-1,4.9843749999997633e-04,wind_direction:18.4_m:degrees
190,10,1.8546473503112793e+01,-5.3149999999999997e-01,393,394,5.7327499999998976e-03,wind_speed:18.4_m:m_s-1
191,4,8.3059434890747070e+00,-2.2777777777777780e-01,1225,1226,2.0987654320987550e-03,mixing_ratio:18.4_m:g_kg-1
192,11,2.4512999725341797e+02,-2.9838709677419345e-01,401,402,3.4135275754422489e-03,wind_direction:18.4_m:degrees
193,0,1.4934498596191406e+02,-2.5476190476190474e-01,765,766,2.5678004535147486e-03,zenith:0_m:degrees
194,1,2.9577838134765625e+02,-3.5550000000000004e-01,511,512,2.4947500000000178e-03,azimuth:0_m:degrees
195,0,9.4815303802490234e+01,-1.4427244582043347e-01,335,336,3.0504768568662237e-03,zenith:0_m:degrees
196,12,-6.0709465295076370e-02,-2.1750000000000003e-01,1435,1436,1.2687499999997631e-03,bulk_richardson:18.4_m:none
197,-2,-2.0000000000000000e+00,-1.1000000000000001e-01,-1,-1,3.9999999999999758e-04,wind_direction:18.4_m:degrees
198,11,2.6952499389648438e+02,-2.5434210526315804e-01,229,230,4.4995671745152593e-03,wind_direction:18.4_m:degrees
199,2,2.7616499328613281e+02,-6.0562499999999986e-01,293,294,6.9933593749998413e-03,water_sfc_temperature:0_m:K
200,10,1.7711048126220703e+01,-6.8500000000000005e-01,223,224,9.4812499999998856e-03,wind_speed:18.4_m:m_s-1
201,4,5.1869218349456787e+00,-1.2489361702127662e-01,437,438,2.6717971933001312e-03,mixing_ratio:18.4_m:g_kg-1
202,0,1.2613130569458008e+02,-1.7874015748031488e-01,271,272,4.0015624031248115e-03,zenith:0_m:degrees
203,11,2.3808999633789062e+02,-2.6532258064516140e-01,207,208,3.3281217481790359e-03,wind_direction:18.4_m:degrees
204,9,8.8957313537597656e+01,-2.1559999999999996e-01,205,206,6.6446400000000697e-03,angle_between_wind_wave:0_m:degrees
205,0,7.1582046508789062e+01,-1.3687500000000002e-01,879,880,1.7714843749999931e-03,zenith:0_m:degrees
206,0,6.6824672698974609e+01,-2.5264705882352934e-01,535,536,4.6488754325260395e-03,zenith:0_m:degrees
207,12,-1.1989216320216656e-02,-2.3671232876712336e-01,781,782,2.5453556014261025e-03,bulk_richardson:18.4_m:none
208,2,2.8429499816894531e+02,-2.8380530973451329e-01,455,456,2.9633957240191161e-03,water_sfc_temperature:0_m:K
209,11,1.7704499816894531e+02,-2.8449999999999998e-01,939,940,2.9447500000000654e-03,wind_direction:18.4_m:degrees
210,-2,-2.0000000000000000e+00,-1.6818181818181821e-01,-1,-1,9.4214876033053147e-04,wind_direction:18.4_m:degrees
211,2,2.7256999206542969e+02,-1.6369685767097995e-02,555,556,4.0434392393082436e-04,water_sfc_temperature:0_m:K
212,12,-3.3939823508262634e-02,-2.4376714416336709e-02,475,476,3.9565692806500861e-04,bulk_richardson:18.4_m:none
213,5,7.5349998474121094e+01,-1.6528124999999991e-01,219,220,2.7330458984375187e-03,relative_humidity:18.4_m:%
214,5,6.2950000762939453e+01,-1.0666666666666667e-01,215,216,8.5622222222223980e-03,relative_humidity:18.4_m:%
215,-2,-2.0000000000000000e+00,1.3000000000000000e-01,-1,-1,0.0000000000000000e+00,wind_direction:18.4_m:degrees
216,11,3.2270999145507812e+02,-1.2357142857142860e-01,353,354,4.8872448979591903e-03,wind_direction:18.4_m:degrees
217,11,1.2760499954223633e+02,-1.3537444933920709e-01,443,444,1.1526130916571231e-03,wind_direction:18.4_m:degrees
218,12,2.7547795325517654e-02,-1.1069473684210525e-01,379,380,1.0325699722991896e-03,bulk_richardson:18.4_m:none
219,12,9.1621346655301750e-04,-2.2818181818181821e-01,721,722,3.0057851239669239e-03,bulk_richardson:18.4_m:none
220,11,1.2760499954223633e+02,-1.6063758389261729e-01,277,278,2.3992579163101165e-03,wind_direction:18.4_m:degrees
221,12,-1.8274466507136822e-02,-4.7551440329218056e-02,377,378,1.1131403580077583e-03,bulk_richardson:18.4_m:none
222,9,8.7202877044677734e+01,-3.2797043774872359e-02,355,356,4.2247785368251106e-04,angle_between_wind_wave:0_m:degrees
223,3,9.9680001831054688e+02,-7.5000000000000000e-01,541,542,5.3692307692307928e-03,pressure:18.4_m:hPa
224,7,1.4499999880790710e+00,-6.4052631578947372e-01,225,226,7.4260387811634354e-03,wave_height:0_m:m
225,-2,-2.0000000000000000e+00,-5.0000000000000000e-01,-1,-1,2.7000000000000357e-03,wind_direction:18.4_m:degrees
226,9,8.9831504821777344e+01,-6.7800000000000005e-01,2017,2018,2.0159999999997402e-03,angle_between_wind_wave:0_m:degrees
227,8,5.5499999523162842e+00,-2.4245283018867930e-01,537,538,3.2298326806692035e-03,wave_period:0_m:s
228,-2,-2.0000000000000000e+00,-4.0000000000000002e-01,-1,-1,2.2204460492503131e-16,wind_direction:18.4_m:degrees
229,3,1.0123499755859375e+03,-1.9750000000000001e-01,843,844,2.0604166666666618e-03,pressure:18.4_m:hPa
230,5,4.3200000762939453e+01,-2.6500000000000001e-01,265,266,4.2374999999999358e-03,relative_humidity:18.4_m:%
231,11,3.1371000671386719e+02,-3.0312499999999998e-01,441,442,4.4464843750000038e-03,wind_direction:18.4_m:degrees
232,11,2.4654000091552734e+02,-2.2393258426966303e-01,331,332,3.1373437697260545e-03,wind_direction:18.4_m:degrees
233,11,2.9976499938964844e+02,-4.9565517241379303e-01,235,236,7.0576741973844281e-03,wind_direction:18.4_m:degrees
234,0,1.5378311157226562e+02,-5.5888888888888899e-01,281,282,8.8246913580244390e-03,zenith:0_m:degrees
235,12,-1.6230845823884010e-02,-5.1250000000000007e-01,267,268,6.6594907407410142e-03,bulk_richardson:18.4_m:none
236,6,2.2750000000000000e+02,-4.4648648648648648e-01,523,524,4.9741417092771800e-03,wave_direction:0_m:degrees
237,11,3.2572500610351562e+02,-8.1654929577464785e-02,347,348,2.0666274052767311e-03,wind_direction:18.4_m:degrees
238,11,3.1730000305175781e+02,-1.0260292164674624e-01,239,240,1.8511265253285461e-03,wind_direction:18.4_m:degrees
239,12,-1.0124958679080009e-01,-1.1355437665782482e-01,285,286,1.9077908097573856e-03,bulk_richardson:18.4_m:none
240,2,2.7502999877929688e+02,-9.1622340425531884e-02,699,700,1.5534850328202988e-03,water_sfc_temperature:0_m:K
241,5,5.5100000381469727e+01,-8.2363636363636350e-01,725,726,4.5685950413225651e-03,relative_humidity:18.4_m:%
242,8,5.5000000000000000e+00,-7.0285714285714285e-01,539,540,4.0204081632653210e-03,wave_period:0_m:s
243,-2,-2.0000000000000000e+00,-8.9999999999999997e-02,-1,-1,0.0000000000000000e+00,wind_direction:18.4_m:degrees
244,6,1.7550000000000000e+02,-4.0999999999999998e-01,1227,1228,3.4000000000000141e-03,wave_direction:0_m:degrees
245,7,1.6500000357627869e+00,-3.5038461538461552e-01,497,498,4.2806213017751726e-03,wave_height:0_m:m
246,3,9.8755001831054688e+02,-4.4857142857142868e-01,429,430,6.9551020408163133e-03,pressure:18.4_m:hPa
247,4,6.5345110893249512e+00,-1.2823529411764700e-01,483,484,2.8380622837370466e-03,mixing_ratio:18.4_m:g_kg-1
248,7,1.7500000000000000e+00,-1.8552631578947373e-01,487,488,4.8720914127423492e-03,wave_height:0_m:m
249,7,2.9500000476837158e+00,-7.1145926589077826e-02,341,342,7.3315417543958535e-04,wave_height:0_m:m
250,5,7.9049999237060547e+01,-5.6984126984126957e-02,283,284,9.8037059941817476e-04,relative_humidity:18.4_m:%
251,1,3.3267898559570312e+02,-5.7600000000000007e-01,445,446,5.9870769230767618e-03,azimuth:0_m:degrees
252,4,5.1587877273559570e+00,-6.4772727272727282e-01,1457,1458,3.4993801652888901e-03,mixing_ratio:18.4_m:g_kg-1
253,4,2.9114822149276733e+00,-1.1199999999999997e-01,521,522,2.2838787878787965e-03,mixing_ratio:18.4_m:g_kg-1
254,5,7.0750000000000000e+01,-1.4094861660079044e-01,383,384,2.7311159368213940e-03,relative_humidity:18.4_m:%
255,-2,-2.0000000000000000e+00,-5.0000000000000000e-01,-1,-1,0.0000000000000000e+00,wind_direction:18.4_m:degrees
256,10,1.3755181312561035e+01,-3.3161764705882352e-01,257,258,5.7856185121107490e-03,wind_speed:18.4_m:m_s-1
257,0,8.3854213714599609e+01,-3.0383333333333329e-01,529,530,3.0636388888889282e-03,zenith:0_m:degrees
258,4,3.5030695199966431e+00,-3.5355263157894740e-01,289,290,6.8439577562326298e-03,mixing_ratio:18.4_m:g_kg-1
259,11,1.6103499603271484e+02,-2.5054054054054048e-01,261,262,7.2537618699781842e-03,wind_direction:18.4_m:degrees
260,10,1.3201134681701660e+01,-1.7777777777777778e-01,885,886,1.3950617283950278e-03,wind_speed:18.4_m:m_s-1
261,2,2.8715499877929688e+02,-1.9555555555555554e-01,531,532,5.1358024691358084e-03,water_sfc_temperature:0_m:K
262,4,8.6266446113586426e+00,-3.0263157894736842e-01,1287,1288,3.6825484764543559e-03,mixing_ratio:18.4_m:g_kg-1
263,2,2.7694500732421875e+02,-1.5545454545454548e-01,837,838,2.7520661157024728e-03,water_sfc_temperature:0_m:K
264,6,2.1200000000000000e+02,-2.6368421052631580e-01,1039,1040,3.1390581717451599e-03,wave_direction:0_m:degrees
265,0,7.5249946594238281e+01,-2.1500000000000000e-01,1805,1806,1.2942307692307767e-03,zenith:0_m:degrees
266,11,2.9881500244140625e+02,-2.7774509803921571e-01,357,358,4.1880526720491501e-03,wind_direction:18.4_m:degrees
267,3,1.0136499938964844e+03,-5.4096153846153860e-01,507,508,5.2394600591714746e-03,pressure:18.4_m:hPa
268,3,9.9839999389648438e+02,-4.8607142857142860e-01,351,352,6.5274234693879774e-03,pressure:18.4_m:hPa
269,0,5.2897724151611328e+01,-1.7070351758793970e-01,345,346,2.3703593343602294e-03,zenith:0_m:degrees
270,2,2.8858000183105469e+02,-2.0445454545454547e-01,479,480,2.5792479338843655e-03,water_sfc_temperature:0_m:K
271,11,3.0041999816894531e+02,-1.7060869565217396e-01,465,466,3.0996294896030833e-03,wind_direction:18.4_m:degrees
272,5,6.0049999237060547e+01,-2.5666666666666671e-01,411,412,5.9388888888885216e-03,relative_humidity:18.4_m:%
273,11,2.8165998840332031e+02,-1.6349999999999995e-01,369,370,3.4877500000000186e-03,wind_direction:18.4_m:degrees
274,11,2.9344000244140625e+02,-2.1985074626865678e-01,435,436,3.5208732457116601e-03,wind_direction:18.4_m:degrees
275,4,8.4659938812255859e+00,-2.0236842105263159e-01,551,552,2.3286011080332347e-03,mixing_ratio:18.4_m:g_kg-1
276,9,8.8307960510253906e+01,-1.3657142857142857e-01,1617,1618,1.3253877551020025e-03,angle_between_wind_wave:0_m:degrees
277,12,-2.0019114017486572e-02,-1.2654545454545454e-01,631,632,2.4444297520661122e-03,bulk_richardson:18.4_m:none
278,11,1.8452500152587891e+02,-1.6835390946502057e-01,305,306,2.0664261884198488e-03,wind_direction:18.4_m:degrees
279,2,2.7677000427246094e+02,-3.2108108108108108e-01,417,418,4.0204528853177712e-03,water_sfc_temperature:0_m:K
280,4,8.9779424667358398e-01,-3.7173652694610787e-01,381,382,4.3365054322492824e-03,mixing_ratio:18.4_m:g_kg-1
281,5,4.1199998855590820e+01,-5.9999999999999998e-01,363,364,7.2705882352940288e-03,relative_humidity:18.4_m:%
282,6,2.2800000000000000e+02,-4.8900000000000005e-01,727,728,3.7090000000000456e-03,wave_direction:0_m:degrees
283,9,8.8793964385986328e+01,-2.8571428571428574e-02,1067,1068,1.0955782312925180e-03,angle_between_wind_wave:0_m:degrees
284,10,9.3316502571105957e+00,-6.0903119868637057e-02,789,790,8.3777222343555009e-04,wind_speed:18.4_m:m_s-1
285,11,3.0766000366210938e+02,-1.4661016949152542e-01,751,752,2.2224073542085575e-03,wind_direction:18.4_m:degrees
286,10,8.0774531364440918e+00,-1.0742138364779871e-01,517,518,1.6090740081484509e-03,wind_speed:18.4_m:m_s-1
287,5,3.2450000762939453e+01,-2.2480620155038763e-02,743,744,9.0159846163091208e-04,relative_humidity:18.4_m:%
288,1,3.5849063110351562e+02,-4.1556383970177045e-02,339,340,7.0708372671929158e-04,azimuth:0_m:degrees
289,1,2.5528939819335938e+02,-3.7175438596491228e-01,473,474,6.4144659895351841e-03,azimuth:0_m:degrees
290,8,5.4500000476837158e+00,-2.9894736842105263e-01,1093,1094,4.1567867036012007e-03,wave_period:0_m:s
291,11,3.1483000183105469e+02,-1.8700000000000000e-01,1573,1574,1.6410000000000036e-03,wind_direction:18.4_m:degrees
292,11,2.9049501037597656e+02,-2.9588235294117649e-01,947,948,2.6477508650519788e-03,wind_direction:18.4_m:degrees
293,2,2.7584498596191406e+02,-5.7791666666666652e-01,659,660,4.8331597222224243e-03,water_sfc_temperature:0_m:K
294,11,3.0036999511718750e+02,-6.8874999999999997e-01,833,834,4.2609375000002836e-03,wind_direction:18.4_m:degrees
295,5,3.6000000000000000e+01,-5.4285714285714293e-01,591,592,5.6918367346938115e-03,relative_humidity:18.4_m:%
296,6,2.1950000000000000e+02,-4.6533333333333343e-01,297,298,9.3382222222220534e-03,wave_direction:0_m:degrees
297,6,2.1850000000000000e+02,-5.9400000000000008e-01,1715,1716,3.6639999999998896e-03,wave_direction:0_m:degrees
298,10,1.5205657958984375e+01,-4.5776470588235296e-01,299,300,8.6408858131487021e-03,wind_speed:18.4_m:m_s-1
299,5,4.8500000000000000e+01,-4.8790697674418615e-01,301,302,8.5002704164412191e-03,relative_humidity:18.4_m:%
300,11,2.9403500366210938e+02,-4.2690476190476190e-01,395,396,6.9023242630385784e-03,wind_direction:18.4_m:degrees
301,2,2.7625500488281250e+02,-4.1363636363636364e-01,303,304,1.0423140495867789e-02,water_sfc_temperature:0_m:K
302,9,8.8121131896972656e+01,-5.1343749999999999e-01,361,362,5.2913085937498217e-03,angle_between_wind_wave:0_m:degrees
303,-2,-2.0000000000000000e+00,-6.8000000000000005e-01,-1,-1,0.0000000000000000e+00,wind_direction:18.4_m:degrees
304,6,2.2350000000000000e+02,-3.8700000000000001e-01,1019,1020,3.6610000000000531e-03,wave_direction:0_m:degrees
305,9,8.8890769958496094e+01,-1.9065934065934070e-01,543,544,1.9512136215432685e-03,angle_between_wind_wave:0_m:degrees
306,3,1.0195500183105469e+03,-1.5500000000000003e-01,451,452,1.6592105263157804e-03,pressure:18.4_m:hPa
307,-2,-2.0000000000000000e+00,-3.8500000000000001e-01,-1,-1,7.5000000000000067e-04,wind_direction:18.4_m:degrees
308,-2,-2.0000000000000000e+00,-2.3999999999999999e-01,-1,-1,5.6666666666670834e-04,wind_direction:18.4_m:degrees
309,-2,-2.0000000000000000e+00,-4.0250000000000002e-01,-1,-1,2.8187499999999810e-03,wind_direction:18.4_m:degrees
310,11,2.9902999877929688e+02,-2.6649572649572650e-01,311,312,6.4501132296004016e-03,wind_direction:18.4_m:degrees
311,11,2.7149000549316406e+02,-2.3792452830188676e-01,579,580,3.5409754360982704e-03,wind_direction:18.4_m:degrees
312,11,3.0064500427246094e+02,-2.9015624999999995e-01,313,314,7.6234130859374749e-03,wind_direction:18.4_m:degrees
313,1,2.5587532043457031e+02,-3.7700000000000006e-01,315,316,1.4720999999999956e-02,azimuth:0_m:degrees
314,4,9.6243372559547424e-01,-2.7407407407407414e-01,317,318,4.6537722908093632e-03,mixing_ratio:18.4_m:g_kg-1
315,-2,-2.0000000000000000e+00,-3.1875000000000003e-01,-1,-1,1.4359374999999286e-03,wind_direction:18.4_m:degrees
316,-2,-2.0000000000000000e+00,-6.0999999999999999e-01,-1,-1,5.5511151231257827e-17,wind_direction:18.4_m:degrees
317,0,8.4317192077636719e+01,-3.0800000000000000e-01,469,470,4.1093333333332011e-03,zenith:0_m:degrees
318,10,1.2437101364135742e+01,-2.3166666666666669e-01,1389,1390,2.0972222222223197e-03,wind_speed:18.4_m:m_s-1
319,2,2.7416999816894531e+02,-2.6464285714285718e-01,629,630,4.2605867346938303e-03,water_sfc_temperature:0_m:K
320,10,1.3840603351593018e+01,-3.3374999999999999e-01,321,322,7.7921874999999918e-03,wind_speed:18.4_m:m_s-1
321,-2,-2.0000000000000000e+00,-5.0000000000000000e-01,-1,-1,9.0000000000001190e-04,wind_direction:18.4_m:degrees
322,1,2.5851202392578125e+02,-3.1000000000000000e-01,387,388,4.2642857142856927e-03,azimuth:0_m:degrees
323,-2,-2.0000000000000000e+00,-2.7000000000000002e-01,-1,-1,0.0000000000000000e+00,wind_direction:18.4_m:degrees
324,11,3.1780499267578125e+02,-8.1188455008488980e-02,559,560,1.1771953845399986e-03,wind_direction:18.4_m:degrees
325,10,8.5955629348754883e+00,-4.8946341463414714e-02,605,606,5.6942638905411579e-04,wind_speed:18.4_m:m_s-1
326,9,8.8058692932128906e+01,-3.2937499999999967e-02,825,826,7.7637109374994193e-04,angle_between_wind_wave:0_m:degrees
327,8,5.2999999523162842e+00,-1.2274725274725276e-01,431,432,2.5473976572877605e-03,wave_period:0_m:s
328,2,2.9152499389648438e+02,-9.2669245647969037e-02,571,572,9.1125036945028867e-04,water_sfc_temperature:0_m:K
329,2,2.8934500122070312e+02,-9.1415929203539803e-02,1101,1102,1.3236588613047186e-03,water_sfc_temperature:0_m:K
330,4,3.8932482004165649e+00,-4.2749999999999996e-02,493,494,4.7349375000000030e-03,mixing_ratio:18.4_m:g_kg-1
331,2,2.8641000366210938e+02,-1.9280000000000005e-01,1337,1338,1.4401599999999820e-03,water_sfc_temperature:0_m:K
332,6,2.2750000000000000e+02,-2.3609375000000005e-01,471,472,3.2738037109374743e-03,wave_direction:0_m:degrees
333,1,2.1619852447509766e+02,-3.6272727272727273e-01,1007,1008,3.0925619834710760e-03,azimuth:0_m:degrees
334,12,-1.8286233302205801e-02,-4.6105263157894738e-01,1035,1036,4.2094182825484217e-03,bulk_richardson:18.4_m:none
335,2,2.7473500061035156e+02,-1.2593495934959351e-01,831,832,2.4224998347544303e-03,water_sfc_temperature:0_m:K
336,0,1.3888674926757812e+02,-1.5555000000000002e-01,337,338,3.1026974999999873e-03,zenith:0_m:degrees
337,8,4.2500000000000000e+00,-1.7543689320388356e-01,457,458,2.5762654350079926e-03,wave_period:0_m:s
338,6,2.3650000000000000e+02,-1.3443298969072165e-01,405,406,2.7958125199277588e-03,wave_direction:0_m:degrees
339,4,2.9550360441207886e+00,-4.1075771749298329e-02,463,464,6.4776694339411384e-04,mixing_ratio:18.4_m:g_kg-1
340,-2,-2.0000000000000000e+00,-1.7000000000000001e-01,-1,-1,-6.0368376963992887e-16,wind_direction:18.4_m:degrees
341,11,1.9791000366210938e+02,-7.0254083484573418e-02,439,440,6.4421856317997857e-04,wind_direction:18.4_m:degrees
342,4,4.2041349411010742e+00,-1.3666666666666669e-01,609,610,2.9155555555556989e-03,mixing_ratio:18.4_m:g_kg-1
343,-2,-2.0000000000000000e+00,-8.9333333333333342e-01,-1,-1,1.4222222222221026e-03,wind_direction:18.4_m:degrees
344,5,3.4649999618530273e+01,-7.3437500000000000e-01,485,486,6.6121093750000082e-03,relative_humidity:18.4_m:%
345,1,2.0001734161376953e+02,-1.1857142857142854e-01,1361,1362,1.4503401360544330e-03,azimuth:0_m:degrees
346,9,9.1764205932617188e+01,-1.7685393258426974e-01,453,454,2.1204393384673670e-03,angle_between_wind_wave:0_m:degrees
347,11,3.2513999938964844e+02,-9.1515151515151466e-02,501,502,1.7694214876032999e-03,wind_direction:18.4_m:degrees
348,4,3.0440645217895508e+00,-5.8953488372093028e-02,565,566,2.0116955110870915e-03,mixing_ratio:18.4_m:g_kg-1
349,1,2.3067073059082031e+02,-1.3609756097560977e-01,779,780,1.5847709696609168e-03,azimuth:0_m:degrees
350,11,1.9824500274658203e+02,-1.9068181818181820e-01,491,492,3.0518078512396102e-03,wind_direction:18.4_m:degrees
351,10,1.6821068763732910e+01,-5.2772727272727271e-01,449,450,5.1811983471074519e-03,wind_speed:18.4_m:m_s-1
352,7,2.0499999523162842e+00,-4.5911764705882357e-01,407,408,5.5492214532872897e-03,wave_height:0_m:m
353,-2,-2.0000000000000000e+00,-7.4999999999999980e-03,-1,-1,2.2687499999999999e-03,wind_direction:18.4_m:degrees
354,1,2.0845768737792969e+02,-1.4291666666666669e-01,761,762,2.7039930555555480e-03,azimuth:0_m:degrees
355,9,8.6990955352783203e+01,-1.4400000000000002e-01,513,514,8.7039999999999965e-03,angle_between_wind_wave:0_m:degrees
356,11,2.9919500732421875e+02,-3.2638770281810683e-02,1053,1054,3.9306535709863468e-04,wind_direction:18.4_m:degrees
357,12,-2.7432049624621868e-02,-2.9786885245901634e-01,359,360,3.9774254232733536e-03,bulk_richardson:18.4_m:none
358,3,1.0110000000000000e+03,-2.4780487804878049e-01,1111,1112,3.0024985127898654e-03,pressure:18.4_m:hPa
359,0,8.9144752502441406e+01,-3.3249999999999996e-01,665,666,2.8258928571428948e-03,zenith:0_m:degrees
360,9,8.9693145751953125e+01,-2.6848484848484855e-01,965,966,3.0734618916436474e-03,angle_between_wind_wave:0_m:degrees
361,10,1.5058938503265381e+01,-4.6428571428571430e-01,1301,1302,3.7102040816326398e-03,wind_speed:18.4_m:m_s-1
362,0,6.6841110229492188e+01,-5.5166666666666664e-01,835,836,3.1805555555555753e-03,zenith:0_m:degrees
363,8,7.0000000000000000e+00,-5.0800000000000001e-01,1253,1254,4.2159999999999420e-03,wave_period:0_m:s
364,7,1.6500000357627869e+00,-6.3833333333333331e-01,941,942,3.5472222222222016e-03,wave_height:0_m:m
365,12,-8.6888023652136326e-03,-2.2100000000000003e-01,647,648,3.4689999999999929e-03,bulk_richardson:18.4_m:none
366,4,1.1094004154205322e+01,-1.4150837988826812e-01,499,500,2.0664398739115436e-03,mixing_ratio:18.4_m:g_kg-1
367,2,2.8227499389648438e+02,-1.0256797583081553e-02,759,760,6.5295520303757643e-04,water_sfc_temperature:0_m:K
368,0,4.4360891342163086e+01,-2.4260249554367147e-02,527,528,8.9076292970598767e-04,zenith:0_m:degrees
369,10,1.1575755119323730e+01,-2.5500000000000000e-01,1127,1128,3.4916666666666568e-03,wind_speed:18.4_m:m_s-1
370,1,2.7854527282714844e+02,-1.4735294117647063e-01,1099,1100,1.7488754325259738e-03,azimuth:0_m:degrees
371,-2,-2.0000000000000000e+00,-1.2588235294117647e-01,-1,-1,1.0006920415224912e-03,wind_direction:18.4_m:degrees
372,10,1.0427600383758545e+01,-1.8747058823529408e-01,683,684,3.7859550173010084e-03,wind_speed:18.4_m:m_s-1
373,7,5.5000001192092896e-01,-1.2147058823529404e-01,375,376,2.8713667820069316e-03,wave_height:0_m:m
374,-2,-2.0000000000000000e+00,0.0000000000000000e+00,-1,-1,1.0000000000043308e-04,wind_direction:18.4_m:degrees
375,4,2.9737179279327393e+00,-8.5897435897435911e-02,561,562,2.9421433267587116e-03,mixing_ratio:18.4_m:g_kg-1
376,1,3.1956100463867188e+02,-1.2844221105527631e-01,563,564,2.5608898765182957e-03,azimuth:0_m:degrees
377,3,1.0144500122070312e+03,-5.9813953488372075e-02,985,986,8.6694213088156155e-04,pressure:18.4_m:hPa
378,10,7.3160858154296875e+00,-3.7822878228782213e-02,1177,1178,1.0945221334132159e-03,wind_speed:18.4_m:m_s-1
379,2,2.7574499511718750e+02,-1.1182978723404258e-01,753,754,8.9367315527389725e-04,water_sfc_temperature:0_m:K
380,-2,-2.0000000000000000e+00,-3.9999999999999983e-03,-1,-1,2.5840000000001526e-03,wind_direction:18.4_m:degrees
381,5,3.4000000000000000e+01,-4.0771428571428570e-01,849,850,2.4290612244898258e-03,relative_humidity:18.4_m:%
382,12,-5.0747251138091087e-02,-3.6219696969696963e-01,547,548,4.4080521120292981e-03,bulk_richardson:18.4_m:none
383,4,3.7159763574600220e+00,-1.5193939393939399e-01,385,386,2.4847235996327231e-03,mixing_ratio:18.4_m:g_kg-1
384,12,-2.9585535638034344e-02,-1.2034090909090910e-01,423,424,2.5419292355372443e-03,bulk_richardson:18.4_m:none
385,11,2.8373500061035156e+02,-1.6717171717171717e-01,567,568,2.1879604122028093e-03,wind_direction:18.4_m:degrees
386,10,1.0211456298828125e+01,-1.2909090909090909e-01,757,758,2.0597796143250607e-03,wind_speed:18.4_m:m_s-1
387,9,8.9218570709228516e+01,-2.7894736842105261e-01,1315,1316,1.6304709141274215e-03,angle_between_wind_wave:0_m:degrees
388,8,5.5000000000000000e+00,-3.7555555555555553e-01,749,750,3.4913580246914155e-03,wave_period:0_m:s
389,12,-1.6431690193712711e-02,-6.1333333333333288e-02,1885,1886,6.0933333333332718e-04,bulk_richardson:18.4_m:none
390,0,1.1545244216918945e+02,-8.8394160583941631e-02,573,574,1.6295380680910326e-03,zenith:0_m:degrees
391,0,1.8975296974182129e+01,-7.4617737003057974e-02,515,516,1.2107865967137194e-03,zenith:0_m:degrees
392,-2,-2.0000000000000000e+00,6.3333333333333339e-02,-1,-1,2.2222222222214099e-03,wind_direction:18.4_m:degrees
393,2,2.7483999633789062e+02,-5.0941176470588245e-01,913,914,2.8525951557094587e-03,water_sfc_temperature:0_m:K
394,-2,-2.0000000000000000e+00,-6.5666666666666673e-01,-1,-1,3.6222222222216938e-03,wind_direction:18.4_m:degrees
395,9,9.0060489654541016e+01,-4.4166666666666665e-01,397,398,6.3027777777777683e-03,angle_between_wind_wave:0_m:degrees
396,-2,-2.0000000000000000e+00,-3.3833333333333337e-01,-1,-1,1.3472222222221664e-03,wind_direction:18.4_m:degrees
397,9,8.7852375030517578e+01,-4.3457142857142866e-01,399,400,4.6705306122449552e-03,angle_between_wind_wave:0_m:degrees
398,-2,-2.0000000000000000e+00,-6.8999999999999995e-01,-1,-1,-1.3322676295501878e-15,wind_direction:18.4_m:degrees
399,-2,-2.0000000000000000e+00,-5.2428571428571424e-01,-1,-1,1.5102040816327156e-03,wind_direction:18.4_m:degrees
400,11,2.9002500915527344e+02,-4.1214285714285726e-01,767,768,2.9454081632652729e-03,wind_direction:18.4_m:degrees
401,11,1.8877999877929688e+02,-2.8405797101449276e-01,403,404,3.1023734509557366e-03,wind_direction:18.4_m:degrees
402,12,1.5787927986821160e-03,-3.3958333333333335e-01,633,634,2.0206597222222344e-03,bulk_richardson:18.4_m:none
403,-2,-2.0000000000000000e+00,-3.6222222222222222e-01,-1,-1,1.4395061728395275e-03,wind_direction:18.4_m:degrees
404,12,8.2240286283195019e-03,-2.7233333333333337e-01,519,520,2.2978888888888632e-03,bulk_richardson:18.4_m:none
405,11,3.0255999755859375e+02,-1.2041666666666667e-01,927,928,1.9706597222222313e-03,wind_direction:18.4_m:degrees
406,12,-9.4437688589096069e-02,-1.7480000000000004e-01,687,688,2.9769599999999695e-03,bulk_richardson:18.4_m:none
407,-2,-2.0000000000000000e+00,-3.3000000000000002e-01,-1,-1,1.7999999999999960e-03,wind_direction:18.4_m:degrees
408,11,2.6336000061035156e+02,-4.7161290322580657e-01,1247,1248,4.1425598335067815e-03,wind_direction:18.4_m:degrees
409,12,-8.2717172335833311e-03,-3.8999999999999996e-01,1083,1084,2.8428571428573413e-03,bulk_richardson:18.4_m:none
410,6,2.2700000000000000e+02,-3.0588235294117649e-01,461,462,5.5301038062282870e-03,wave_direction:0_m:degrees
411,3,1.0097000122070312e+03,-3.0375000000000002e-01,1829,1830,1.7984374999999997e-03,pressure:18.4_m:hPa
412,-2,-2.0000000000000000e+00,-1.6249999999999998e-01,-1,-1,9.1874999999998555e-04,wind_direction:18.4_m:degrees
413,8,4.5499999523162842e+00,-3.7346711259754525e-03,1375,1376,4.5896193057745572e-04,wave_period:0_m:s
414,12,-5.2957888692617416e-02,-8.8384371700105779e-03,415,416,3.9746808963783030e-04,bulk_richardson:18.4_m:none
415,12,-1.4919579774141312e-01,-1.2218487394957995e-02,1555,1556,3.3768335569521647e-04,bulk_richardson:18.4_m:none
416,12,4.1020205244421959e-02,-5.4225053078555841e-03,1273,1274,4.3467286930729156e-04,bulk_richardson:18.4_m:none
417,2,2.7646000671386719e+02,-2.7533333333333332e-01,1453,1454,2.0515555555555703e-03,water_sfc_temperature:0_m:K
418,11,3.0724000549316406e+02,-3.5227272727272729e-01,607,608,2.9630165289256244e-03,wind_direction:18.4_m:degrees
419,-2,-2.0000000000000000e+00,-1.7999999999999999e-01,-1,-1,0.0000000000000000e+00,wind_direction:18.4_m:degrees
420,7,1.1500000357627869e+00,-4.1096774193548391e-01,637,638,4.7571279916753251e-03,wave_height:0_m:m
421,-2,-2.0000000000000000e+00,-8.9666666666666672e-01,-1,-1,1.0888888888888060e-03,wind_direction:18.4_m:degrees
422,-2,-2.0000000000000000e+00,-1.0750000000000002e+00,-1,-1,2.4999999999275602e-05,wind_direction:18.4_m:degrees
423,11,2.6988000488281250e+02,-1.4634146341463417e-01,979,980,2.5939321832242762e-03,wind_direction:18.4_m:degrees
424,6,1.7850000000000000e+02,-9.7659574468085139e-02,1171,1172,1.3923947487550891e-03,wave_direction:0_m:degrees
425,6,2.2750000000000000e+02,-1.3999999999999999e-01,1283,1284,2.1851851851851997e-03,wave_direction:0_m:degrees
426,11,2.9252999877929688e+02,-2.1500000000000000e-01,1959,1960,9.9642857142856478e-04,wind_direction:18.4_m:degrees
427,-2,-2.0000000000000000e+00,-2.7333333333333337e-01,-1,-1,2.7555555555555389e-03,wind_direction:18.4_m:degrees
428,9,9.0148025512695312e+01,-4.1399999999999998e-01,1783,1784,2.0739999999999925e-03,angle_between_wind_wave:0_m:degrees
429,-2,-2.0000000000000000e+00,-5.3000000000000003e-01,-1,-1,0.0000000000000000e+00,wind_direction:18.4_m:degrees
430,2,2.8509500122070312e+02,-4.0333333333333332e-01,777,778,5.0888888888888650e-03,water_sfc_temperature:0_m:K
431,3,1.0021000061035156e+03,-9.3333333333333338e-02,961,962,1.9277777777777800e-03,pressure:18.4_m:hPa
432,0,3.5759683609008789e+01,-1.4200000000000004e-01,1211,1212,2.0159999999999866e-03,zenith:0_m:degrees
433,-2,-2.0000000000000000e+00,-1.8555555555555556e-01,-1,-1,1.3358024691358314e-03,wind_direction:18.4_m:degrees
434,-2,-2.0000000000000000e+00,-2.9222222222222222e-01,-1,-1,3.7283950617283956e-04,wind_direction:18.4_m:degrees
435,8,4.9500000476837158e+00,-2.8181818181818180e-01,983,984,2.7966942148760360e-03,wave_period:0_m:s
436,0,5.4571701049804688e+01,-2.0767857142857146e-01,797,798,2.7606823979591452e-03,zenith:0_m:degrees
437,-2,-2.0000000000000000e+00,-1.5296296296296297e-01,-1,-1,1.2504801097393721e-03,wind_direction:18.4_m:degrees
438,7,2.0499999523162842e+00,-8.6999999999999994e-02,1025,1026,2.0909999999999878e-03,wave_height:0_m:m
439,7,5.5000001192092896e-01,-8.0000000000000002e-02,1045,1046,6.9548022598869656e-04,wave_height:0_m:m
440,8,1.0500000000000000e+01,-6.5641711229946498e-02,1133,1134,5.5373259172413012e-04,wave_period:0_m:s
441,5,5.8399999618530273e+01,-3.5874999999999996e-01,1775,1776,2.1109375000000208e-03,relative_humidity:18.4_m:%
442,-2,-2.0000000000000000e+00,-2.4750000000000000e-01,-1,-1,5.9374999999999012e-04,wind_direction:18.4_m:degrees
443,-2,-2.0000000000000000e+00,-9.7241379310344850e-02,-1,-1,4.2687277051129020e-04,wind_direction:18.4_m:degrees
444,12,1.9894654862582684e-02,-1.4095959595959603e-01,1041,1042,1.0147357412508898e-03,bulk_richardson:18.4_m:none
445,9,8.9759628295898438e+01,-5.6901639344262289e-01,447,448,5.1760816984679492e-03,angle_between_wind_wave:0_m:degrees
446,0,1.5942743682861328e+02,-6.8250000000000000e-01,1091,1092,6.2687499999995455e-03,zenith:0_m:degrees
447,12,-5.5444028694182634e-03,-5.6258620689655170e-01,705,706,4.5743460166468575e-03,bulk_richardson:18.4_m:none
448,-2,-2.0000000000000000e+00,-6.9333333333333336e-01,-1,-1,5.5555555555730773e-04,wind_direction:18.4_m:degrees
449,12,-1.0443885810673237e-02,-5.4631578947368420e-01,769,770,3.4653739612188206e-03,bulk_richardson:18.4_m:none
450,-2,-2.0000000000000000e+00,-4.0999999999999998e-01,-1,-1,1.1102230246251565e-16,wind_direction:18.4_m:degrees
451,10,1.2603000640869141e+01,-1.5248322147651011e-01,881,882,1.3716859600918715e-03,wind_speed:18.4_m:m_s-1
452,-2,-2.0000000000000000e+00,-2.8000000000000003e-01,-1,-1,-2.7755575615628914e-17,wind_direction:18.4_m:degrees
453,0,5.7234857559204102e+01,-1.7511363636363633e-01,821,822,1.8749870867768269e-03,zenith:0_m:degrees
454,-2,-2.0000000000000000e+00,-3.3000000000000002e-01,-1,-1,-1.1657341758564144e-15,wind_direction:18.4_m:degrees
455,4,2.0589505434036255e+00,-2.6651515151515159e-01,971,972,2.4317952249769820e-03,mixing_ratio:18.4_m:g_kg-1
456,5,7.2549999237060547e+01,-3.0808510638297870e-01,793,794,2.7005885015845138e-03,relative_humidity:18.4_m:%
457,-2,-2.0000000000000000e+00,-2.6166666666666666e-01,-1,-1,6.4722222222222958e-04,wind_direction:18.4_m:degrees
458,7,1.2500000000000000e+00,-1.7010309278350516e-01,459,460,2.2072058667233357e-03,wave_height:0_m:m
459,10,1.0237254619598389e+01,-1.5359375000000003e-01,1423,1424,1.5823974609374993e-03,wind_speed:18.4_m:m_s-1
460,6,2.2850000000000000e+02,-2.0212121212121215e-01,827,828,1.8651974288337800e-03,wave_direction:0_m:degrees
461,-2,-2.0000000000000000e+00,-2.6200000000000001e-01,-1,-1,1.0559999999999875e-03,wind_direction:18.4_m:degrees
462,12,-9.3799564056098461e-03,-3.6857142857142861e-01,993,994,5.2408163265305341e-03,bulk_richardson:18.4_m:none
463,12,-1.7939239740371704e-01,-4.8244897959183623e-02,1769,1770,6.7732778009163119e-04,bulk_richardson:18.4_m:none
464,6,1.8350000000000000e+02,-3.5008635578583677e-02,817,818,5.4244379416599434e-04,wave_direction:0_m:degrees
465,10,1.1856873035430908e+01,-1.8146067415730344e-01,545,546,2.5989900265117744e-03,wind_speed:18.4_m:m_s-1
466,10,1.1551059722900391e+01,-1.3346153846153846e-01,603,604,3.0303254437870804e-03,wind_speed:18.4_m:m_s-1
467,10,1.4846212863922119e+01,-4.9714285714285716e-01,1113,1114,3.5346938775510095e-03,wind_speed:18.4_m:m_s-1
468,10,1.5552487373352051e+01,-4.1103448275862076e-01,533,534,3.9230677764566235e-03,wind_speed:18.4_m:m_s-1
469,8,3.9500000476837158e+00,-2.5636363636363640e-01,589,590,4.9322314049586452e-03,wave_period:0_m:s
470,9,9.0147132873535156e+01,-3.3789473684210525e-01,2025,2026,1.1955678670360348e-03,angle_between_wind_wave:0_m:degrees
471,10,1.2986401557922363e+01,-2.5833333333333330e-01,823,824,2.7620370370370628e-03,wind_speed:18.4_m:m_s-1
472,12,-2.2510040551424026e-02,-2.1986486486486487e-01,581,582,3.0229547114681496e-03,bulk_richardson:18.4_m:none
473,4,3.4912873506546021e+00,-3.8239999999999996e-01,611,612,6.0462400000000083e-03,mixing_ratio:18.4_m:g_kg-1
474,11,2.9247000122070312e+02,-2.9571428571428576e-01,1969,1970,2.4530612244896832e-03,wind_direction:18.4_m:degrees
475,7,2.0499999523162842e+00,-3.0334412081984813e-02,477,478,4.3473175000495034e-04,wave_height:0_m:m
476,10,5.9687685966491699e+00,-2.2030586236193830e-02,1081,1082,3.6078750968179530e-04,wind_speed:18.4_m:m_s-1
477,4,8.6664400100708008e+00,-2.9441401971522344e-02,1611,1612,3.8161567908595834e-04,mixing_ratio:18.4_m:g_kg-1
478,-2,-2.0000000000000000e+00,-8.8571428571428565e-02,-1,-1,4.5510204081638563e-04,wind_direction:18.4_m:degrees
479,12,-2.9305764473974705e-02,-2.1373626373626370e-01,481,482,2.0563700036227636e-03,bulk_richardson:18.4_m:none
480,7,1.2500000000000000e+00,-1.6000000000000000e-01,525,526,2.6947368421052012e-03,wave_height:0_m:m
481,12,-2.9543595388531685e-02,-2.6857142857142857e-01,995,996,2.2551020408163175e-03,bulk_richardson:18.4_m:none
482,2,2.7808000183105469e+02,-2.0376623376623382e-01,1261,1262,1.3741271715298140e-03,water_sfc_temperature:0_m:K
483,6,1.9850000000000000e+02,-1.3618421052631577e-01,701,702,2.4657029085872750e-03,wave_direction:0_m:degrees
484,-2,-2.0000000000000000e+00,-6.1111111111111116e-02,-1,-1,9.4320987654325245e-04,wind_direction:18.4_m:degrees
485,-2,-2.0000000000000000e+00,-9.3999999999999995e-01,-1,-1,0.0000000000000000e+00,wind_direction:18.4_m:degrees
486,10,1.9467940330505371e+01,-7.2066666666666668e-01,1117,1118,4.0462222222221733e-03,wind_speed:18.4_m:m_s-1
487,6,1.6500000000000000e+02,-1.7212121212121217e-01,489,490,4.1864095500458998e-03,wave_direction:0_m:degrees
488,-2,-2.0000000000000000e+00,-2.7400000000000002e-01,-1,-1,3.8399999999998158e-04,wind_direction:18.4_m:degrees
489,-2,-2.0000000000000000e+00,-8.1666666666666665e-02,-1,-1,3.1388888888888959e-04,wind_direction:18.4_m:degrees
490,1,3.1492355346679688e+02,-1.9222222222222224e-01,575,576,2.8246913580246766e-03,azimuth:0_m:degrees
491,12,1.2172524351626635e-02,-2.3999999999999996e-01,1951,1952,1.2000000000000136e-03,bulk_richardson:18.4_m:none
492,5,9.7699996948242188e+01,-1.6999999999999998e-01,997,998,2.3806451612903186e-03,relative_humidity:18.4_m:%
493,-2,-2.0000000000000000e+00,-7.7894736842105267e-02,-1,-1,8.4819944598337870e-04,wind_direction:18.4_m:degrees
494,2,2.7789498901367188e+02,-1.0952380952380951e-02,495,496,6.1229024943310643e-03,water_sfc_temperature:0_m:K
495,-2,-2.0000000000000000e+00,3.3000000000000002e-01,-1,-1,0.0000000000000000e+00,wind_direction:18.4_m:degrees
496,-2,-2.0000000000000000e+00,-2.8000000000000004e-02,-1,-1,3.2600000000000033e-04,wind_direction:18.4_m:degrees
497,11,3.0222000122070312e+02,-2.9799999999999999e-01,1493,1494,3.0560000000000170e-03,wind_direction:18.4_m:degrees
498,2,2.7552000427246094e+02,-3.8312499999999994e-01,1085,1086,2.2589843749998562e-03,water_sfc_temperature:0_m:K
499,4,3.9932856559753418e+00,-1.4859060402684562e-01,557,558,2.0241880996351713e-03,mixing_ratio:18.4_m:g_kg-1
500,-2,-2.0000000000000000e+00,-1.0633333333333335e-01,-1,-1,7.8988888888884869e-04,wind_direction:18.4_m:degrees
501,3,1.0003500061035156e+03,-9.0000000000000024e-02,949,950,1.5602040816326528e-03,pressure:18.4_m:hPa
502,-2,-2.0000000000000000e+00,-2.3999999999999999e-01,-1,-1,-1.1796119636642288e-16,wind_direction:18.4_m:degrees
503,9,9.0817462921142578e+01,-2.1058823529411763e-01,505,506,3.5090657439445991e-03,angle_between_wind_wave:0_m:degrees
504,-2,-2.0000000000000000e+00,-3.5999999999999999e-01,-1,-1,7.7715611723760958e-16,wind_direction:18.4_m:degrees
505,11,3.0360000610351562e+02,-2.0213333333333330e-01,845,846,2.8141155555555381e-03,wind_direction:18.4_m:degrees
506,0,9.6678417205810547e+01,-2.7400000000000008e-01,731,732,4.1640000000001121e-03,zenith:0_m:degrees
507,10,1.6783317565917969e+01,-5.2342105263157901e-01,509,510,4.6435595567866361e-03,wind_speed:18.4_m:m_s-1
508,9,8.9244930267333984e+01,-5.8857142857142863e-01,663,664,3.7551020408158609e-03,angle_between_wind_wave:0_m:degrees
509,11,2.9066999816894531e+02,-5.1416666666666666e-01,801,802,3.1354166666667238e-03,wind_direction:18.4_m:degrees
510,-2,-2.0000000000000000e+00,-6.8999999999999995e-01,-1,-1,2.5000000000008349e-03,wind_direction:18.4_m:degrees
511,-2,-2.0000000000000000e+00,-4.1250000000000003e-01,-1,-1,1.1874999999997304e-04,wind_direction:18.4_m:degrees
512,-2,-2.0000000000000000e+00,-3.1750000000000000e-01,-1,-1,4.6875000000000389e-04,wind_direction:18.4_m:degrees
513,-2,-2.0000000000000000e+00,-2.9999999999999999e-02,-1,-1,9.9999999999998419e-05,wind_direction:18.4_m:degrees
514,-2,-2.0000000000000000e+00,-2.2000000000000000e-01,-1,-1,0.0000000000000000e+00,wind_direction:18.4_m:degrees
515,3,1.0078999938964844e+03,-1.7749999999999999e-01,1823,1824,3.1687499999999980e-03,pressure:18.4_m:hPa
516,4,7.3780498504638672e+00,-7.3343653250773883e-02,625,626,1.0538354628147747e-03,mixing_ratio:18.4_m:g_kg-1
517,-2,-2.0000000000000000e+00,-9.2222222222222219e-02,-1,-1,8.1728395061728479e-04,wind_direction:18.4_m:degrees
518,11,2.7030999755859375e+02,-1.1626865671641787e-01,613,614,1.8572213559070409e-03,wind_direction:18.4_m:degrees
519,1,2.2506489753723145e+01,-2.8976190476190478e-01,847,848,1.5689909297052079e-03,azimuth:0_m:degrees
520,5,7.8450000762939453e+01,-2.3166666666666666e-01,1517,1518,1.6361111111110327e-03,relative_humidity:18.4_m:%
521,4,2.8731802701950073e+00,-1.4468750000000000e-01,803,804,2.4061523437500024e-03,mixing_ratio:18.4_m:g_kg-1
522,4,3.0178754329681396e+00,-1.0413533834586468e-01,799,800,1.9355305557125953e-03,mixing_ratio:18.4_m:g_kg-1
523,2,2.7569000244140625e+02,-4.1000000000000003e-01,729,730,3.0705882352940750e-03,water_sfc_temperature:0_m:K
524,12,-3.5182746127247810e-02,-4.7750000000000004e-01,805,806,4.4987500000001623e-03,bulk_richardson:18.4_m:none
525,-2,-2.0000000000000000e+00,-1.2416666666666666e-01,-1,-1,6.9097222222221956e-04,wind_direction:18.4_m:degrees
526,-2,-2.0000000000000000e+00,-2.2142857142857139e-01,-1,-1,1.5510204081633366e-04,wind_direction:18.4_m:degrees
527,2,2.7550000000000000e+02,9.3333333333333338e-02,1767,1768,4.3555555555555570e-03,water_sfc_temperature:0_m:K
528,3,1.0356499633789062e+03,-2.4892473118279516e-02,577,578,7.9738987166146601e-04,pressure:18.4_m:hPa
529,9,8.8574893951416016e+01,-2.7838709677419354e-01,593,594,2.6135275754422538e-03,angle_between_wind_wave:0_m:degrees
530,0,8.5711498260498047e+01,-3.3103448275862069e-01,867,868,2.1127229488704380e-03,zenith:0_m:degrees
531,3,1.0115000000000000e+03,-1.6999999999999998e-01,763,764,3.4714285714285871e-03,pressure:18.4_m:hPa
532,-2,-2.0000000000000000e+00,-2.8499999999999998e-01,-1,-1,6.7499999999999505e-04,wind_direction:18.4_m:degrees
533,1,2.6410191345214844e+02,-4.0117647058823525e-01,887,888,3.5476355247980873e-03,azimuth:0_m:degrees
534,-2,-2.0000000000000000e+00,-4.8285714285714282e-01,-1,-1,7.9183673469437887e-04,wind_direction:18.4_m:degrees
535,11,3.0655999755859375e+02,-1.9000000000000000e-01,677,678,6.6000000000000017e-03,wind_direction:18.4_m:degrees
536,5,8.4400001525878906e+01,-2.7192307692307693e-01,1595,1596,2.4693786982248750e-03,relative_humidity:18.4_m:%
537,11,3.1387500000000000e+02,-2.5500000000000000e-01,723,724,2.4249999999999688e-03,wind_direction:18.4_m:degrees
538,6,2.2650000000000000e+02,-1.8111111111111111e-01,1549,1550,2.6320987654320366e-03,wave_direction:0_m:degrees
539,-2,-2.0000000000000000e+00,-5.9999999999999998e-01,-1,-1,-5.5511151231257827e-17,wind_direction:18.4_m:degrees
540,11,2.8224499511718750e+02,-7.3090909090909084e-01,2001,2002,1.4446280991735616e-03,wind_direction:18.4_m:degrees
541,0,1.4219235229492188e+02,-8.0142857142857149e-01,1691,1692,1.9836734693876590e-03,zenith:0_m:degrees
542,7,2.4500000476837158e+00,-6.9000000000000006e-01,1821,1822,2.6333333333335429e-03,wave_height:0_m:m
543,-2,-2.0000000000000000e+00,-1.3100000000000001e-01,-1,-1,2.6899999999999841e-04,wind_direction:18.4_m:degrees
544,8,5.6499998569488525e+00,-1.9802469135802467e-01,587,588,1.6652339582380327e-03,wave_period:0_m:s
545,7,3.1499999761581421e+00,-1.6970588235294123e-01,901,902,2.0116782006920145e-03,wave_height:0_m:m
546,5,6.6450000762939453e+01,-2.1952380952380951e-01,839,840,2.6045351473922562e-03,relative_humidity:18.4_m:%
547,-2,-2.0000000000000000e+00,-3.1705882352941178e-01,-1,-1,1.6678200692041428e-03,wind_direction:18.4_m:degrees
548,12,-4.9619246274232864e-02,-3.6886956521739134e-01,549,550,4.4674177693763140e-03,bulk_richardson:18.4_m:none
549,-2,-2.0000000000000000e+00,-5.3249999999999997e-01,-1,-1,1.8750000000067324e-05,wind_direction:18.4_m:degrees
550,10,1.4638762950897217e+01,-3.6297297297297298e-01,651,652,3.6280983686389490e-03,wind_speed:18.4_m:m_s-1
551,-2,-2.0000000000000000e+00,-1.8566666666666670e-01,-1,-1,1.0045555555555502e-03,wind_direction:18.4_m:degrees
552,9,8.8890666961669922e+01,-2.6499999999999996e-01,1831,1832,2.3250000000000215e-03,angle_between_wind_wave:0_m:degrees
553,12,-4.4488806277513504e-02,-1.7999999999999999e-01,1345,1346,2.7999999999999969e-03,bulk_richardson:18.4_m:none
554,11,2.9165998840332031e+02,-2.5900000000000001e-01,1097,1098,2.3223333333333429e-03,wind_direction:18.4_m:degrees
555,1,4.5861566543579102e+01,-8.6249999999999993e-02,795,796,3.8484375000000020e-03,azimuth:0_m:degrees
556,5,9.8350002288818359e+01,-1.6162402669632991e-02,635,636,3.7959987676332172e-04,relative_humidity:18.4_m:%
557,-2,-2.0000000000000000e+00,-9.6153846153846159e-02,-1,-1,5.0059171597633192e-04,wind_direction:18.4_m:degrees
558,2,2.7721000671386719e+02,-1.5360294117647066e-01,1001,1002,1.8818717560553748e-03,water_sfc_temperature:0_m:K
559,2,2.7630499267578125e+02,-9.1244635193133056e-02,703,704,1.2452319991158398e-03,water_sfc_temperature:0_m:K
560,1,2.9535192871093750e+02,-7.4606741573033666e-02,1207,1208,1.0231599545511951e-03,azimuth:0_m:degrees
561,10,8.9294261932373047e+00,-7.2424242424242433e-02,991,992,2.0062442607897127e-03,wind_speed:18.4_m:m_s-1
562,-2,-2.0000000000000000e+00,-1.6000000000000000e-01,-1,-1,1.6000000000000111e-03,wind_direction:18.4_m:degrees
563,0,5.4227806091308594e+01,-1.2340909090909086e-01,711,712,2.4258780991735923e-03,zenith:0_m:degrees
564,10,8.8761401176452637e+00,-1.6695652173913042e-01,977,978,1.9168241965972187e-03,wind_speed:18.4_m:m_s-1
565,2,2.7872999572753906e+02,-3.2121212121212120e-02,1709,1710,1.1197428833792473e-03,water_sfc_temperature:0_m:K
566,3,1.0175500183105469e+03,-7.5660377358490558e-02,1257,1258,1.8396582413670367e-03,pressure:18.4_m:hPa
567,11,2.6649000549316406e+02,-1.2555555555555556e-01,1609,1610,1.0691358024691386e-03,wind_direction:18.4_m:degrees
568,12,-4.0213866159319878e-02,-1.7641975308641977e-01,921,922,1.9661941777168075e-03,bulk_richardson:18.4_m:none
569,12,-2.6958365738391876e-01,-2.9789473684210532e-02,1195,1196,1.6062714681440442e-03,bulk_richardson:18.4_m:none
570,10,6.9349653720855713e+00,-5.0918114143920543e-02,675,676,1.0142935428455332e-03,wind_speed:18.4_m:m_s-1
571,2,2.8904499816894531e+02,-8.7526315789473605e-02,615,616,9.5335457063713304e-04,water_sfc_temperature:0_m:K
572,10,1.0406216621398926e+01,-1.0693430656934308e-01,1815,1816,5.1760882305929012e-04,wind_speed:18.4_m:m_s-1
573,6,2.3250000000000000e+02,-7.6593406593406604e-02,989,990,1.6070764400434668e-03,wave_direction:0_m:degrees
574,-2,-2.0000000000000000e+00,-1.1173913043478260e-01,-1,-1,8.5349716446126399e-04,wind_direction:18.4_m:degrees
575,-2,-2.0000000000000000e+00,-2.1000000000000005e-01,-1,-1,1.5818181818181634e-03,wind_direction:18.4_m:degrees
576,-2,-2.0000000000000000e+00,-1.1400000000000002e-01,-1,-1,7.8400000000006416e-04,wind_direction:18.4_m:degrees
577,12,-1.9322687387466431e-01,-2.6388888888888819e-02,645,646,7.0603395061728466e-04,bulk_richardson:18.4_m:none
578,5,4.4550001144409180e+01,2.0000000000000000e-02,1441,1442,1.4555555555556361e-03,relative_humidity:18.4_m:%
579,-2,-2.0000000000000000e+00,-1.4500000000000002e-01,-1,-1,6.2499999999999709e-04,wind_direction:18.4_m:degrees
580,10,1.2203746318817139e+01,-2.4551020408163274e-01,1071,1072,3.0165764264889899e-03,wind_speed:18.4_m:m_s-1
581,3,1.0165000000000000e+03,-2.5038461538461532e-01,583,584,3.0883136094674996e-03,pressure:18.4_m:hPa
582,1,1.8129524993896484e+02,-2.0333333333333334e-01,841,842,2.2097222222221893e-03,azimuth:0_m:degrees
583,10,1.2237177371978760e+01,-2.3652173913043481e-01,1129,1130,1.6748582230624032e-03,wind_speed:18.4_m:m_s-1
584,-2,-2.0000000000000000e+00,-3.5666666666666669e-01,-1,-1,1.1555555555556873e-03,wind_direction:18.4_m:degrees
585,6,2.1450000000000000e+02,-1.4210526315789476e-01,905,906,1.5787257617728249e-03,wave_direction:0_m:degrees
586,10,1.1622678756713867e+01,-1.9923076923076921e-01,1719,1720,2.0840236686390581e-03,wind_speed:18.4_m:m_s-1
587,7,1.7500000000000000e+00,-2.1358490566037741e-01,815,816,1.7701673193307316e-03,wave_height:0_m:m
588,-2,-2.0000000000000000e+00,-1.6857142857142859e-01,-1,-1,1.4081632653060311e-04,wind_direction:18.4_m:degrees
589,-2,-2.0000000000000000e+00,-4.4000000000000000e-01,-1,-1,0.0000000000000000e+00,wind_direction:18.4_m:degrees
590,-2,-2.0000000000000000e+00,-2.3800000000000004e-01,-1,-1,1.7159999999999676e-03,wind_direction:18.4_m:degrees
591,11,2.8298500061035156e+02,-4.9142857142857149e-01,1917,1918,2.1551020408162591e-03,wind_direction:18.4_m:degrees
592,11,2.9050999450683594e+02,-5.9428571428571431e-01,899,900,3.9387755102040511e-03,wind_direction:18.4_m:degrees
593,-2,-2.0000000000000000e+00,-2.3181818181818181e-01,-1,-1,1.0148760330578599e-03,wind_direction:18.4_m:degrees
594,3,1.0097500000000000e+03,-3.0399999999999999e-01,1065,1066,1.6440000000000482e-03,pressure:18.4_m:hPa
595,3,1.0039000244140625e+03,-8.1495327102803730e-02,1223,1224,1.0846798847060895e-03,pressure:18.4_m:hPa
596,10,9.7832884788513184e+00,-1.0270676691729325e-01,597,598,1.6663576233817944e-03,wind_speed:18.4_m:m_s-1
597,3,1.0284500122070312e+03,-8.7659574468085102e-02,619,620,1.2945224083295440e-03,pressure:18.4_m:hPa
598,-2,-2.0000000000000000e+00,-1.3897435897435897e-01,-1,-1,7.0151216305065073e-04,wind_direction:18.4_m:degrees
599,2,2.7602000427246094e+02,-1.1616666666666667e-01,713,714,1.6903055555555491e-03,water_sfc_temperature:0_m:K
600,3,1.0324000244140625e+03,-7.1153846153846165e-02,937,938,1.6178994082840202e-03,pressure:18.4_m:hPa
601,11,1.3901499938964844e+02,-1.9220404234841108e-02,923,924,3.7658183583274613e-04,wind_direction:18.4_m:degrees
602,11,1.4496500396728516e+02,-3.0022271714921972e-02,895,896,5.9710418103083094e-04,wind_direction:18.4_m:degrees
603,4,3.3406258821487427e+00,-2.0166666666666669e-01,1649,1650,3.1472222222222179e-03,mixing_ratio:18.4_m:g_kg-1
604,-2,-2.0000000000000000e+00,-1.1299999999999999e-01,-1,-1,1.1810000000000032e-03,wind_direction:18.4_m:degrees
605,3,9.9935000610351562e+02,-4.6510110893672595e-02,911,912,5.4548538374502194e-04,pressure:18.4_m:hPa
606,12,-5.2271010354161263e-03,-5.6170212765957392e-02,1241,1242,5.7063253631836446e-04,bulk_richardson:18.4_m:none
607,-2,-2.0000000000000000e+00,-3.9272727272727276e-01,-1,-1,1.3289256198346922e-03,wind_direction:18.4_m:degrees
608,-2,-2.0000000000000000e+00,-3.1181818181818183e-01,-1,-1,1.3239669421487993e-03,wind_direction:18.4_m:degrees
609,-2,-2.0000000000000000e+00,-1.9666666666666666e-01,-1,-1,6.2222222222222540e-04,wind_direction:18.4_m:degrees
610,-2,-2.0000000000000000e+00,-9.6666666666666665e-02,-1,-1,4.4444444444443829e-04,wind_direction:18.4_m:degrees
611,10,1.4632846355438232e+01,-3.7857142857142856e-01,877,878,5.4367346938776206e-03,wind_speed:18.4_m:m_s-1
612,-2,-2.0000000000000000e+00,-5.6999999999999995e-01,-1,-1,-1.6653345369377348e-15,wind_direction:18.4_m:degrees
613,0,1.3833509826660156e+02,-8.9499999999999996e-02,943,944,2.7697500000000014e-03,zenith:0_m:degrees
614,12,-3.0149543657898903e-02,-1.2291925465838502e-01,791,792,1.4082481385749128e-03,bulk_richardson:18.4_m:none
615,12,-5.2791053894907236e-03,-9.4674796747967443e-02,679,680,1.0736747306497579e-03,bulk_richardson:18.4_m:none
616,2,2.8983999633789062e+02,-7.4402985074626865e-02,1191,1192,4.6643461795503778e-04,water_sfc_temperature:0_m:K
617,-2,-2.0000000000000000e+00,-5.3749999999999998e-01,-1,-1,1.5187500000000131e-03,wind_direction:18.4_m:degrees
618,-2,-2.0000000000000000e+00,-6.9999999999999996e-01,-1,-1,-5.5511151231257827e-17,wind_direction:18.4_m:degrees
619,0,3.4368649482727051e+01,-9.9275362318840543e-02,1939,1940,7.7773576979625961e-04,zenith:0_m:degrees
620,9,8.6968067169189453e+01,-5.5600000000000004e-02,959,960,1.3206399999999853e-03,angle_between_wind_wave:0_m:degrees
621,1,8.4544738769531250e+01,-1.5655737704918027e-01,1193,1194,2.1832303144315793e-03,azimuth:0_m:degrees
622,-2,-2.0000000000000000e+00,-2.6666666666666666e-01,-1,-1,1.4222222222221165e-03,wind_direction:18.4_m:degrees
623,-2,-2.0000000000000000e+00,-6.5773584905660390e-02,-1,-1,9.0817515129939293e-04,wind_direction:18.4_m:degrees
624,1,1.1961183166503906e+02,-5.2118780096308173e-02,859,860,1.0417387002774913e-03,azimuth:0_m:degrees
625,4,7.3512589931488037e+00,-6.2094594594594592e-02,627,628,1.1895315924032156e-03,mixing_ratio:18.4_m:g_kg-1
626,11,2.9089001464843750e+02,-8.2857142857142838e-02,649,650,7.4155102040820119e-04,wind_direction:18.4_m:degrees
627,6,2.2900000000000000e+02,-6.3904109589041094e-02,1049,1050,9.6352505160442713e-04,wave_direction:0_m:degrees
628,-2,-2.0000000000000000e+00,7.0000000000000007e-02,-1,-1,1.4224732503009818e-16,wind_direction:18.4_m:degrees
629,-2,-2.0000000000000000e+00,-1.6333333333333333e-01,-1,-1,5.5555555555555566e-04,wind_direction:18.4_m:degrees
630,2,2.7420500183105469e+02,-2.7679999999999993e-01,953,954,3.3257599999999554e-03,water_sfc_temperature:0_m:K
631,-2,-2.0000000000000000e+00,-3.1000000000000000e-01,-1,-1,0.0000000000000000e+00,wind_direction:18.4_m:degrees
632,7,1.4499999880790710e+00,-1.2314814814814816e-01,689,690,1.8549039780521234e-03,wave_height:0_m:m
633,-2,-2.0000000000000000e+00,-3.1777777777777783e-01,-1,-1,4.3950617283948501e-04,wind_direction:18.4_m:degrees
634,-2,-2.0000000000000000e+00,-4.0499999999999997e-01,-1,-1,1.0583333333333556e-03,wind_direction:18.4_m:degrees
635,5,6.0950000762939453e+01,-1.4899833055091844e-02,771,772,2.9402168611569388e-04,relative_humidity:18.4_m:%
636,4,1.3185620307922363e+01,-2.6212624584717570e-02,715,716,9.4711758148362127e-04,mixing_ratio:18.4_m:g_kg-1
637,-2,-2.0000000000000000e+00,-3.4999999999999998e-01,-1,-1,4.7500000000000320e-04,wind_direction:18.4_m:degrees
638,5,5.2750000000000000e+01,-4.2000000000000015e-01,639,640,4.7592592592592409e-03,relative_humidity:18.4_m:%
639,2,2.7585000610351562e+02,-4.0804347826086962e-01,745,746,4.4722589792059175e-03,water_sfc_temperature:0_m:K
640,-2,-2.0000000000000000e+00,-4.8875000000000002e-01,-1,-1,8.6093750000001967e-04,wind_direction:18.4_m:degrees
641,-2,-2.0000000000000000e+00,-1.1578947368421053e-02,-1,-1,9.2908587257617718e-04,wind_direction:18.4_m:degrees
642,8,3.9500000476837158e+00,-5.7203389830508454e-02,1521,1522,7.8794168342430403e-04,wave_period:0_m:s
643,-2,-2.0000000000000000e+00,-9.5625000000000016e-02,-1,-1,1.6121093750000003e-03,wind_direction:18.4_m:degrees
644,4,2.1704741716384888e+00,-1.6999999999999998e-01,1095,1096,2.6400000000000035e-03,mixing_ratio:18.4_m:g_kg-1
645,7,1.0500000119209290e+00,-3.1130653266331597e-02,1297,1298,8.1555579404560686e-04,wave_height:0_m:m
646,-2,-2.0000000000000000e+00,-1.3098591549295784e-02,-1,-1,1.5941281491767067e-04,wind_direction:18.4_m:degrees
647,-2,-2.0000000000000000e+00,-1.8285714285714288e-01,-1,-1,1.0612244897958284e-04,wind_direction:18.4_m:degrees
648,-2,-2.0000000000000000e+00,-3.1000000000000000e-01,-1,-1,0.0000000000000000e+00,wind_direction:18.4_m:degrees
649,-2,-2.0000000000000000e+00,-8.0236686390532511e-02,-1,-1,5.4195581387206804e-04,wind_direction:18.4_m:degrees
650,-2,-2.0000000000000000e+00,-1.5666666666666668e-01,-1,-1,7.2222222222215193e-04,wind_direction:18.4_m:degrees
651,10,1.3706584930419922e+01,-3.6463636363636365e-01,653,654,3.3539586776859254e-03,wind_speed:18.4_m:m_s-1
652,-2,-2.0000000000000000e+00,-1.7999999999999999e-01,-1,-1,9.7144514654701197e-16,wind_direction:18.4_m:degrees
653,0,1.1955273818969727e+02,-3.4238095238095234e-01,691,692,2.9895691609978098e-03,zenith:0_m:degrees
654,8,5.3500001430511475e+00,-3.7838235294117650e-01,655,656,3.0841479238753189e-03,wave_period:0_m:s
655,0,1.3211745452880859e+02,-4.0592592592592580e-01,1307,1308,2.7574759945131477e-03,zenith:0_m:degrees
656,6,2.3000000000000000e+02,-3.6024390243902438e-01,657,658,2.4706722189170860e-03,wave_direction:0_m:degrees
657,10,1.3754584789276123e+01,-3.8384615384615384e-01,1919,1920,1.1082840236687208e-03,wind_speed:18.4_m:m_s-1
658,5,4.7750000000000000e+01,-3.1933333333333336e-01,1433,1434,2.1928888888887998e-03,relative_humidity:18.4_m:%
659,5,7.2349998474121094e+01,-6.1230769230769233e-01,1977,1978,2.1408284023669566e-03,relative_humidity:18.4_m:%
660,2,2.7598500061035156e+02,-5.3727272727272724e-01,661,662,4.9652892561984352e-03,water_sfc_temperature:0_m:K
661,-2,-2.0000000000000000e+00,-4.9285714285714288e-01,-1,-1,4.7755102040814013e-04,wind_direction:18.4_m:degrees
662,5,4.6750000000000000e+01,-6.1499999999999999e-01,1901,1902,3.3250000000002444e-03,relative_humidity:18.4_m:%
663,-2,-2.0000000000000000e+00,-6.4500000000000002e-01,-1,-1,8.9166666666662397e-04,wind_direction:18.4_m:degrees
664,-2,-2.0000000000000000e+00,-5.4625000000000001e-01,-1,-1,1.7234374999999802e-03,wind_direction:18.4_m:degrees
665,-2,-2.0000000000000000e+00,-3.7545454545454543e-01,-1,-1,1.2066115702479563e-03,wind_direction:18.4_m:degrees
666,9,9.0394695281982422e+01,-3.0470588235294122e-01,1633,1634,1.9072664359862240e-03,angle_between_wind_wave:0_m:degrees
667,11,1.3923500061035156e+02,-6.8444730077120404e-03,1365,1366,4.2841025865543979e-04,wind_direction:18.4_m:degrees
668,5,9.1049999237060547e+01,-1.3657442034405314e-02,1645,1646,3.4795445658320623e-04,relative_humidity:18.4_m:%
669,12,-1.1437102220952511e-02,-6.4000000000000001e-02,1373,1374,1.5173333333333332e-03,bulk_richardson:18.4_m:none
670,12,8.0077417078427970e-04,-1.1203966005665728e-01,671,672,1.1499474355784901e-03,bulk_richardson:18.4_m:none
671,9,8.9619453430175781e+01,-1.2947368421052632e-01,1271,1272,1.3965650969528995e-03,angle_between_wind_wave:0_m:degrees
672,2,2.9161999511718750e+02,-1.0562015503875964e-01,673,674,9.0601075656509406e-04,water_sfc_temperature:0_m:K
673,4,1.3029856204986572e+01,-9.8507462686567168e-02,1285,1286,7.2314546669637741e-04,mixing_ratio:18.4_m:g_kg-1
674,2,2.9319999694824219e+02,-1.3070175438596493e-01,1383,1384,7.4336718990461806e-04,water_sfc_temperature:0_m:K
675,9,8.9888397216796875e+01,-4.4131578947368383e-02,999,1000,7.9371952908587626e-04,angle_between_wind_wave:0_m:degrees
676,6,3.3900000000000000e+02,-5.6971830985915406e-02,1245,1246,1.1333184553329336e-03,wave_direction:0_m:degrees
677,-2,-2.0000000000000000e+00,-3.5999999999999999e-01,-1,-1,0.0000000000000000e+00,wind_direction:18.4_m:degrees
678,11,3.3390499877929688e+02,-1.6571428571428573e-01,1817,1818,2.8244897959183619e-03,wind_direction:18.4_m:degrees
679,2,2.8841500854492188e+02,-1.1648148148148148e-01,681,682,1.8561385459533626e-03,water_sfc_temperature:0_m:K
680,11,3.0233000183105469e+02,-8.8541666666666644e-02,933,934,6.8224826388889499e-04,wind_direction:18.4_m:degrees
681,-2,-2.0000000000000000e+00,-1.0980769230769233e-01,-1,-1,7.2496301775147771e-04,wind_direction:18.4_m:degrees
682,-2,-2.0000000000000000e+00,-2.8999999999999998e-01,-1,-1,4.1633363423443370e-17,wind_direction:18.4_m:degrees
683,10,1.0161331176757812e+01,-1.8898809523809526e-01,733,734,3.6352855725623537e-03,wind_speed:18.4_m:m_s-1
684,-2,-2.0000000000000000e+00,-5.9999999999999998e-02,-1,-1,-9.0032148403196288e-16,wind_direction:18.4_m:degrees
685,1,6.9245990753173828e+01,-1.2657142857142861e-01,1043,1044,1.8111020408163141e-03,azimuth:0_m:degrees
686,0,8.9548141479492188e+01,-9.2499999999999985e-02,1175,1176,1.0795608108108024e-03,zenith:0_m:degrees
687,-2,-2.0000000000000000e+00,-2.3285714285714287e-01,-1,-1,1.9918367346938790e-03,wind_direction:18.4_m:degrees
688,4,4.1564137935638428e+00,-1.5222222222222220e-01,1313,1314,1.5395061728394853e-03,mixing_ratio:18.4_m:g_kg-1
689,9,8.7291545867919922e+01,-1.1069767441860465e-01,1143,1144,1.1878853434288822e-03,angle_between_wind_wave:0_m:degrees
690,4,4.7982146739959717e+00,-1.7181818181818181e-01,1953,1954,1.4876033057851235e-03,mixing_ratio:18.4_m:g_kg-1
691,5,4.5399999618530273e+01,-3.6103448275862066e-01,1027,1028,2.8920332936979987e-03,relative_humidity:18.4_m:%
692,-2,-2.0000000000000000e+00,-3.0076923076923073e-01,-1,-1,6.9940828402395572e-04,wind_direction:18.4_m:degrees
693,11,2.9899000549316406e+02,-2.0055555555555557e-01,1833,1834,1.9830246913580193e-03,wind_direction:18.4_m:degrees
694,1,2.6174177551269531e+02,-2.4786666666666657e-01,695,696,2.6807822222222194e-03,azimuth:0_m:degrees
695,11,3.2011500549316406e+02,-2.6129629629629630e-01,697,698,2.5112825788752013e-03,wind_direction:18.4_m:degrees
696,12,-3.9084803313016891e-02,-2.1333333333333335e-01,1627,1628,1.4603174603176131e-03,bulk_richardson:18.4_m:none
697,3,1.0031499938964844e+03,-2.6725490196078427e-01,919,920,1.9101114955786397e-03,pressure:18.4_m:hPa
698,-2,-2.0000000000000000e+00,-1.6000000000000000e-01,-1,-1,1.8666666666665964e-03,wind_direction:18.4_m:degrees
699,6,2.3050000000000000e+02,-6.3513513513513531e-02,1455,1456,1.0876552227903563e-03,wave_direction:0_m:degrees
700,0,1.5850103759765625e+02,-9.4690265486725642e-02,1165,1166,1.5086798757407288e-03,zenith:0_m:degrees
701,0,7.8632385253906250e+01,-2.1399999999999997e-01,1849,1850,2.8240000000000140e-03,zenith:0_m:degrees
702,12,-1.5263310633599758e-02,-1.3070422535211268e-01,787,788,1.9840111089069676e-03,bulk_richardson:18.4_m:none
703,4,1.8381282687187195e+00,-7.6292134831460690e-02,1427,1428,7.4692589319530142e-04,mixing_ratio:18.4_m:g_kg-1
704,4,1.5773155093193054e+00,-1.0048611111111110e-01,775,776,1.3296248070987626e-03,mixing_ratio:18.4_m:g_kg-1
705,9,8.8893268585205078e+01,-5.8235294117647052e-01,707,708,5.6179930795847710e-03,angle_between_wind_wave:0_m:degrees
706,2,2.8672500610351562e+02,-5.3458333333333341e-01,1987,1988,1.7581597222223189e-03,water_sfc_temperature:0_m:K
707,6,2.1450000000000000e+02,-5.5960000000000010e-01,1215,1216,3.2598400000002914e-03,wave_direction:0_m:degrees
708,10,1.7997496604919434e+01,-6.4555555555555566e-01,709,710,6.7358024691351326e-03,wind_speed:18.4_m:m_s-1
709,-2,-2.0000000000000000e+00,-5.5000000000000004e-01,-1,-1,0.0000000000000000e+00,wind_direction:18.4_m:degrees
710,2,2.8721501159667969e+02,-6.9333333333333336e-01,1429,1430,3.2555555555555116e-03,water_sfc_temperature:0_m:K
711,-2,-2.0000000000000000e+00,-3.5000000000000003e-02,-1,-1,2.4999999999999849e-05,wind_direction:18.4_m:degrees
712,1,3.0344075012207031e+02,-1.2546511627906973e-01,873,874,2.2957138994051107e-03,azimuth:0_m:degrees
713,-2,-2.0000000000000000e+00,-7.0000000000000007e-02,-1,-1,6.1666666666666814e-04,wind_direction:18.4_m:degrees
714,10,9.4786958694458008e+00,-1.2770833333333328e-01,909,910,1.2926649305555551e-03,wind_speed:18.4_m:m_s-1
715,2,2.8140499877929688e+02,-1.9908675799086742e-02,1135,1136,5.9268572381726949e-04,water_sfc_temperature:0_m:K
716,2,2.9122500610351562e+02,-4.3048780487804875e-02,717,718,1.5041195716835249e-03,water_sfc_temperature:0_m:K
717,-2,-2.0000000000000000e+00,-1.1625000000000001e-01,-1,-1,5.4843750000000031e-04,wind_direction:18.4_m:degrees
718,1,5.2852090835571289e+01,-3.5135135135135137e-02,719,720,9.6552227903579394e-04,azimuth:0_m:degrees
719,3,1.0143999938964844e+03,-1.0428571428571429e-01,1927,1928,1.9102040816326524e-03,pressure:18.4_m:hPa
720,-2,-2.0000000000000000e+00,-2.7910447761194040e-02,-1,-1,3.1503675651592844e-04,wind_direction:18.4_m:degrees
721,11,2.5521499633789062e+02,-2.4611111111111114e-01,1013,1014,1.7348765432098692e-03,wind_direction:18.4_m:degrees
722,-2,-2.0000000000000000e+00,-1.4749999999999999e-01,-1,-1,7.6874999999991533e-04,wind_direction:18.4_m:degrees
723,4,8.7004303932189941e-01,-2.7730769230769231e-01,1845,1846,1.6196745562130493e-03,mixing_ratio:18.4_m:g_kg-1
724,1,2.7968281555175781e+02,-2.2277777777777777e-01,1949,1950,1.8311728395061094e-03,azimuth:0_m:degrees
725,6,2.1400000000000000e+02,-8.4888888888888880e-01,1947,1948,2.0765432098766023e-03,wave_direction:0_m:degrees
726,-2,-2.0000000000000000e+00,-7.0999999999999996e-01,-1,-1,2.2204460492503131e-16,wind_direction:18.4_m:degrees
727,-2,-2.0000000000000000e+00,-4.0333333333333332e-01,-1,-1,6.8888888888890554e-04,wind_direction:18.4_m:degrees
728,-2,-2.0000000000000000e+00,-5.2571428571428569e-01,-1,-1,5.1020408163254816e-04,wind_direction:18.4_m:degrees
729,-2,-2.0000000000000000e+00,-3.3250000000000002e-01,-1,-1,4.1874999999998164e-04,wind_direction:18.4_m:degrees
730,0,1.3449295425415039e+02,-4.3384615384615383e-01,1863,1864,1.4698224852071062e-03,zenith:0_m:degrees
731,-2,-2.0000000000000000e+00,-2.1800000000000003e-01,-1,-1,2.0559999999999537e-03,wind_direction:18.4_m:degrees
732,-2,-2.0000000000000000e+00,-3.2999999999999996e-01,-1,-1,-1.3877787807814457e-17,wind_direction:18.4_m:degrees
733,12,-8.4527403116226196e-02,-1.8161538461538471e-01,735,736,3.6520059171597508e-03,bulk_richardson:18.4_m:none
734,2,2.7588999938964844e+02,-2.1421052631578955e-01,809,810,2.7559556786702979e-03,water_sfc_temperature:0_m:K
735,7,1.3499999642372131e+00,-2.1344827586206891e-01,737,738,5.8984542211653057e-03,wave_height:0_m:m
736,12,-7.7250801026821136e-02,-1.7247524752475252e-01,739,740,2.6324870110773016e-03,bulk_richardson:18.4_m:none
737,6,2.3850000000000000e+02,-2.4349999999999999e-01,755,756,3.7427500000000377e-03,wave_direction:0_m:degrees
738,9,8.9461032867431641e+01,-1.4666666666666664e-01,951,952,4.2222222222222418e-03,angle_between_wind_wave:0_m:degrees
739,6,2.3950000000000000e+02,-1.1750000000000001e-01,741,742,3.6354166666666618e-03,wave_direction:0_m:degrees
740,6,2.3450000000000000e+02,-1.7988764044943822e-01,883,884,2.0348188360055433e-03,wave_direction:0_m:degrees
741,-2,-2.0000000000000000e+00,-9.3000000000000013e-02,-1,-1,7.6099999999999779e-04,wind_direction:18.4_m:degrees
742,-2,-2.0000000000000000e+00,-2.3999999999999999e-01,-1,-1,-6.9388939039072284e-18,wind_direction:18.4_m:degrees
743,-2,-2.0000000000000000e+00,-8.3750000000000005e-02,-1,-1,8.7343749999999921e-04,wind_direction:18.4_m:degrees
744,-2,-2.0000000000000000e+00,-2.0519999999999986e-02,-1,-1,7.7852960000000066e-04,wind_direction:18.4_m:degrees
745,-2,-2.0000000000000000e+00,-3.5555555555555551e-01,-1,-1,1.8913580246913975e-03,wind_direction:18.4_m:degrees
746,2,2.7969500732421875e+02,-4.2081081081081084e-01,747,748,4.2669101533965859e-03,water_sfc_temperature:0_m:K
747,7,1.6500000357627869e+00,-4.4904761904761903e-01,869,870,4.0467120181405802e-03,wave_height:0_m:m
748,10,1.4723701000213623e+01,-3.8374999999999998e-01,1621,1622,2.1359375000000458e-03,wind_speed:18.4_m:m_s-1
749,-2,-2.0000000000000000e+00,-3.5499999999999998e-01,-1,-1,1.2499999999998623e-04,wind_direction:18.4_m:degrees
750,-2,-2.0000000000000000e+00,-5.4000000000000004e-01,-1,-1,2.7755575615628914e-16,wind_direction:18.4_m:degrees
751,6,2.2450000000000000e+02,-1.6472222222222219e-01,1379,1380,1.9860339506172706e-03,wave_direction:0_m:degrees
752,-2,-2.0000000000000000e+00,-1.1826086956521741e-01,-1,-1,1.2752362948960320e-03,wind_direction:18.4_m:degrees
753,-2,-2.0000000000000000e+00,-8.0000000000000043e-02,-1,-1,7.1428571428570724e-04,wind_direction:18.4_m:degrees
754,10,1.1824960708618164e+01,-1.1384615384615393e-01,813,814,8.3679081099896288e-04,wind_speed:18.4_m:m_s-1
755,12,-1.0172025486826897e-01,-2.3055555555555557e-01,1115,1116,2.4830246913580059e-03,bulk_richardson:18.4_m:none
756,-2,-2.0000000000000000e+00,-3.5999999999999999e-01,-1,-1,1.3877787807814457e-16,wind_direction:18.4_m:degrees
757,10,1.0188333988189697e+01,-1.1653061224489798e-01,1665,1666,1.5165347771761810e-03,wind_speed:18.4_m:m_s-1
758,1,2.7063575744628906e+02,-1.6529411764705884e-01,1109,1110,1.8602076124567303e-03,azimuth:0_m:degrees
759,-2,-2.0000000000000000e+00,-6.4880952380952355e-03,-1,-1,4.2873795351473939e-04,wind_direction:18.4_m:degrees
760,9,9.0923633575439453e+01,-2.2278481012658231e-02,1403,1404,1.1783528280724230e-03,angle_between_wind_wave:0_m:degrees
761,5,7.0750000000000000e+01,-1.3227272727272729e-01,1415,1416,1.4448347107437996e-03,relative_humidity:18.4_m:%
762,-2,-2.0000000000000000e+00,-2.6000000000000001e-01,-1,-1,1.6000000000000320e-03,wind_direction:18.4_m:degrees
763,11,1.3525000000000000e+02,-2.2333333333333330e-01,1737,1738,2.2222222222222435e-03,wind_direction:18.4_m:degrees
764,-2,-2.0000000000000000e+00,-1.3000000000000000e-01,-1,-1,6.7499999999999158e-04,wind_direction:18.4_m:degrees
765,-2,-2.0000000000000000e+00,-2.0142857142857146e-01,-1,-1,2.1224489795917956e-04,wind_direction:18.4_m:degrees
766,0,1.5649874114990234e+02,-2.8142857142857147e-01,1583,1584,1.6122448979591919e-03,zenith:0_m:degrees
767,11,2.7761499023437500e+02,-3.9149999999999996e-01,1871,1872,2.2027499999999756e-03,wind_direction:18.4_m:degrees
768,-2,-2.0000000000000000e+00,-4.6375000000000000e-01,-1,-1,1.0734374999998020e-03,wind_direction:18.4_m:degrees
769,-2,-2.0000000000000000e+00,-4.8833333333333334e-01,-1,-1,6.8055555555554537e-04,wind_direction:18.4_m:degrees
770,10,1.6270054817199707e+01,-5.7307692307692304e-01,1077,1078,2.4828402366862679e-03,wind_speed:18.4_m:m_s-1
771,10,4.3841760158538818e+00,-3.0521739130434773e-02,773,774,9.0929300567107769e-04,wind_speed:18.4_m:m_s-1
772,12,-3.2675737515091896e-02,-1.4112231477422188e-02,1075,1076,2.5007771536245647e-04,bulk_richardson:18.4_m:none
773,11,2.4137500762939453e+02,-8.9999999999999997e-02,1411,1412,2.0888888888888884e-03,wind_direction:18.4_m:degrees
774,7,1.6000000238418579e+00,-2.5471698113207552e-02,2007,2008,4.8326806692773258e-04,wave_height:0_m:m
775,10,7.7118468284606934e+00,-1.3160000000000005e-01,1363,1364,1.7974399999999870e-03,wind_speed:18.4_m:m_s-1
776,0,1.5513375091552734e+02,-9.3949579831932764e-02,963,964,9.8524115528565194e-04,zenith:0_m:degrees
777,11,3.0891999816894531e+02,-3.7285714285714289e-01,1559,1560,2.3632653061224917e-03,wind_direction:18.4_m:degrees
778,-2,-2.0000000000000000e+00,-5.1000000000000001e-01,-1,-1,-5.5511151231257827e-17,wind_direction:18.4_m:degrees
779,4,7.2723786830902100e+00,-1.0736842105263159e-01,1653,1654,1.2404432132963987e-03,mixing_ratio:18.4_m:g_kg-1
780,-2,-2.0000000000000000e+00,-1.6090909090909086e-01,-1,-1,5.5371900826446316e-04,wind_direction:18.4_m:degrees
781,-2,-2.0000000000000000e+00,-3.3333333333333331e-01,-1,-1,2.8888888888889408e-04,wind_direction:18.4_m:degrees
782,11,2.1884000396728516e+02,-2.3257142857142860e-01,783,784,2.2248163265305501e-03,wind_direction:18.4_m:degrees
783,4,9.6615858078002930e+00,-2.6148148148148148e-01,785,786,1.8866941015089483e-03,mixing_ratio:18.4_m:g_kg-1
784,10,1.3848720550537109e+01,-2.1441860465116280e-01,829,830,1.5828015143320301e-03,wind_speed:18.4_m:m_s-1
785,-2,-2.0000000000000000e+00,-2.8777777777777774e-01,-1,-1,6.7283950617286203e-04,wind_direction:18.4_m:degrees
786,-2,-2.0000000000000000e+00,-2.0888888888888887e-01,-1,-1,1.6543209876545423e-04,wind_direction:18.4_m:degrees
787,5,4.2400001525878906e+01,-1.2647058823529408e-01,1505,1506,1.5993079584775173e-03,relative_humidity:18.4_m:%
788,-2,-2.0000000000000000e+00,-2.2666666666666666e-01,-1,-1,1.0888888888887782e-03,wind_direction:18.4_m:degrees
789,2,2.8305999755859375e+02,-5.4013157894736798e-02,1599,1600,5.3915772160665655e-04,water_sfc_temperature:0_m:K
790,0,1.5935627746582031e+02,-6.7770491803278682e-02,1495,1496,1.0409309325450219e-03,zenith:0_m:degrees
791,11,2.7246499633789062e+02,-1.2107594936708853e-01,1231,1232,1.2526398013139126e-03,wind_direction:18.4_m:degrees
792,-2,-2.0000000000000000e+00,-2.2000000000000000e-01,-1,-1,-3.2612801348363973e-16,wind_direction:18.4_m:degrees
793,4,4.7088072299957275e+00,-3.1454545454545457e-01,1469,1470,2.2247933884297494e-03,mixing_ratio:18.4_m:g_kg-1
794,-2,-2.0000000000000000e+00,-2.1333333333333335e-01,-1,-1,8.8888888889665507e-05,wind_direction:18.4_m:degrees
795,-2,-2.0000000000000000e+00,-1.9000000000000000e-01,-1,-1,0.0000000000000000e+00,wind_direction:18.4_m:degrees
796,-2,-2.0000000000000000e+00,-5.1666666666666666e-02,-1,-1,3.4722222222222359e-04,wind_direction:18.4_m:degrees
797,-2,-2.0000000000000000e+00,-4.0000000000000001e-02,-1,-1,0.0000000000000000e+00,wind_direction:18.4_m:degrees
798,9,9.0267845153808594e+01,-2.1072727272727276e-01,1021,1022,2.2903801652892214e-03,angle_between_wind_wave:0_m:degrees
799,-2,-2.0000000000000000e+00,-2.9999999999999999e-02,-1,-1,0.0000000000000000e+00,wind_direction:18.4_m:degrees
800,11,2.7218000793457031e+02,-1.0703124999999995e-01,987,988,1.7880615234374935e-03,wind_direction:18.4_m:degrees
801,4,1.8932048678398132e+00,-4.9304347826086942e-01,1139,1140,3.2211720226844320e-03,mixing_ratio:18.4_m:g_kg-1
802,-2,-2.0000000000000000e+00,-5.5153846153846164e-01,-1,-1,7.9763313609465536e-04,wind_direction:18.4_m:degrees
803,2,2.7624499511718750e+02,-1.3700000000000001e-01,1061,1062,1.6210000000000044e-03,water_sfc_temperature:0_m:K
804,-2,-2.0000000000000000e+00,-2.6000000000000001e-01,-1,-1,-6.9388939039072284e-17,wind_direction:18.4_m:degrees
805,-2,-2.0000000000000000e+00,-4.0250000000000002e-01,-1,-1,2.2687499999999861e-03,wind_direction:18.4_m:degrees
806,12,-2.5841211900115013e-02,-4.9625000000000008e-01,807,808,3.2984374999999455e-03,bulk_richardson:18.4_m:none
807,-2,-2.0000000000000000e+00,-5.5333333333333334e-01,-1,-1,2.0555555555555327e-03,wind_direction:18.4_m:degrees
808,-2,-2.0000000000000000e+00,-4.6200000000000002e-01,-1,-1,9.1599999999994464e-04,wind_direction:18.4_m:degrees
809,-2,-2.0000000000000000e+00,-1.5166666666666667e-01,-1,-1,1.2138888888888894e-03,wind_direction:18.4_m:degrees
810,3,1.0087000122070312e+03,-2.2593750000000004e-01,1009,1010,2.1741210937499672e-03,pressure:18.4_m:hPa
811,6,2.3350000000000000e+02,-7.5225806451612878e-02,1087,1088,1.0197877211238294e-03,wave_direction:0_m:degrees
812,10,7.0569350719451904e+00,-5.7878787878787870e-02,1201,1202,9.4247015610656598e-04,wind_speed:18.4_m:m_s-1
813,5,8.3649997711181641e+01,-1.0927710843373496e-01,865,866,8.3020031934967833e-04,relative_humidity:18.4_m:%
814,5,9.8700000762939453e+01,-1.2763636363636360e-01,1683,1684,6.0350413223138680e-04,relative_humidity:18.4_m:%
815,5,9.4250000000000000e+01,-1.9275862068965516e-01,1525,1526,7.6480380499402423e-04,relative_humidity:18.4_m:%
816,5,9.4799999237060547e+01,-2.3875000000000005e-01,1339,1340,1.8276041666666840e-03,relative_humidity:18.4_m:%
817,-2,-2.0000000000000000e+00,-2.7079999999999969e-02,-1,-1,3.7747360000000229e-04,wind_direction:18.4_m:degrees
818,5,1.0075000000000000e+02,-4.1033434650455898e-02,819,820,5.8373444443418979e-04,relative_humidity:18.4_m:%
819,10,4.7981550693511963e+00,-4.0518292682926803e-02,1729,1730,4.9820698245092395e-04,wind_speed:18.4_m:m_s-1
820,-2,-2.0000000000000000e+00,-2.0999999999999999e-01,-1,-1,-6.6613381477509392e-16,wind_direction:18.4_m:degrees
821,-2,-2.0000000000000000e+00,-2.2363636363636366e-01,-1,-1,8.5950413223140343e-04,wind_direction:18.4_m:degrees
822,2,2.8791499328613281e+02,-1.7187878787878791e-01,903,904,1.7752580348944121e-03,water_sfc_temperature:0_m:K
823,5,7.1250000000000000e+01,-2.6844444444444443e-01,1319,1320,2.5020246913580318e-03,relative_humidity:18.4_m:%
824,-2,-2.0000000000000000e+00,-2.0777777777777776e-01,-1,-1,9.9506172839514129e-04,wind_direction:18.4_m:degrees
825,-2,-2.0000000000000000e+00,-1.4999999999999999e-01,-1,-1,0.0000000000000000e+00,wind_direction:18.4_m:degrees
826,11,2.5728498840332031e+02,-3.2201257861635191e-02,1169,1170,6.9452553300898101e-04,wind_direction:18.4_m:degrees
827,-2,-2.0000000000000000e+00,-1.9300000000000006e-01,-1,-1,1.1276666666666518e-03,wind_direction:18.4_m:degrees
828,-2,-2.0000000000000000e+00,-2.9333333333333333e-01,-1,-1,8.8888888888832840e-05,wind_direction:18.4_m:degrees
829,6,2.2200000000000000e+02,-1.9086956521739129e-01,1509,1510,1.3296786389414006e-03,wave_direction:0_m:degrees
830,-2,-2.0000000000000000e+00,-2.4149999999999996e-01,-1,-1,5.0274999999997544e-04,wind_direction:18.4_m:degrees
831,-2,-2.0000000000000000e+00,-5.9999999999999998e-02,-1,-1,2.1000000000000003e-03,wind_direction:18.4_m:degrees
832,3,1.0073500061035156e+03,-1.2931623931623940e-01,1181,1182,2.2046606764555311e-03,pressure:18.4_m:hPa
833,-2,-2.0000000000000000e+00,-6.5499999999999992e-01,-1,-1,8.2499999999996465e-04,wind_direction:18.4_m:degrees
834,-2,-2.0000000000000000e+00,-7.9000000000000004e-01,-1,-1,9.0000000000012292e-04,wind_direction:18.4_m:degrees
835,-2,-2.0000000000000000e+00,-5.0285714285714289e-01,-1,-1,2.4897959183672880e-04,wind_direction:18.4_m:degrees
836,7,2.0499999523162842e+00,-5.8272727272727276e-01,975,976,2.5652892561983109e-03,wave_height:0_m:m
837,-2,-2.0000000000000000e+00,-5.0000000000000003e-02,-1,-1,0.0000000000000000e+00,wind_direction:18.4_m:degrees
838,-2,-2.0000000000000000e+00,-1.7888888888888893e-01,-1,-1,3.4320987654321011e-04,wind_direction:18.4_m:degrees
839,12,-4.1130449390038848e-03,-2.4769230769230768e-01,1711,1712,1.7562130177514873e-03,bulk_richardson:18.4_m:none
840,-2,-2.0000000000000000e+00,-1.7375000000000002e-01,-1,-1,5.9843750000003818e-04,wind_direction:18.4_m:degrees
841,-2,-2.0000000000000000e+00,-1.8656249999999999e-01,-1,-1,1.0288085937500066e-03,wind_direction:18.4_m:degrees
842,12,-1.0499594267457724e-02,-2.3687500000000000e-01,1325,1326,2.8839843750000094e-03,bulk_richardson:18.4_m:none
843,2,2.8694499206542969e+02,-1.8250000000000000e-01,1523,1524,1.0887499999999925e-03,water_sfc_temperature:0_m:K
844,-2,-2.0000000000000000e+00,-2.7250000000000002e-01,-1,-1,1.6875000000000917e-04,wind_direction:18.4_m:degrees
845,10,1.0954778194427490e+01,-2.1509803921568629e-01,935,936,3.0759707804690894e-03,wind_speed:18.4_m:m_s-1
846,-2,-2.0000000000000000e+00,-1.7458333333333334e-01,-1,-1,1.1414930555555015e-03,wind_direction:18.4_m:degrees
847,-2,-2.0000000000000000e+00,-3.6750000000000005e-01,-1,-1,1.6874999999996754e-04,wind_direction:18.4_m:degrees
848,8,6.0499999523162842e+00,-2.8157894736842110e-01,1149,1150,1.0132963988919441e-03,wave_period:0_m:s
849,-2,-2.0000000000000000e+00,-3.5285714285714281e-01,-1,-1,1.0612244897961753e-04,wind_direction:18.4_m:degrees
850,1,2.7172007751464844e+02,-4.2142857142857143e-01,1047,1048,2.0693877551020423e-03,azimuth:0_m:degrees
851,4,5.6432943344116211e+00,-2.4735987002436961e-02,1447,1448,4.8780600794133999e-04,mixing_ratio:18.4_m:g_kg-1
852,11,3.3422500610351562e+02,-1.2176165803108810e-02,853,854,7.8904668581705252e-04,wind_direction:18.4_m:degrees
853,-2,-2.0000000000000000e+00,-9.0163934426229532e-03,-1,-1,4.1324016841350904e-04,wind_direction:18.4_m:degrees
854,11,3.3607000732421875e+02,-7.0000000000000007e-02,855,856,4.1399999999999987e-03,wind_direction:18.4_m:degrees
855,-2,-2.0000000000000000e+00,-1.7999999999999999e-01,-1,-1,0.0000000000000000e+00,wind_direction:18.4_m:degrees
856,-2,-2.0000000000000000e+00,-4.2499999999999996e-02,-1,-1,1.3937500000000007e-03,wind_direction:18.4_m:degrees
857,5,8.4900001525878906e+01,-7.1515151515151518e-02,1131,1132,1.9340679522497697e-03,relative_humidity:18.4_m:%
858,1,2.3526342773437500e+02,-1.2461538461538463e-01,1503,1504,1.9325443786982373e-03,azimuth:0_m:degrees
859,7,1.8499999642372131e+00,-5.8100890207715084e-02,1017,1018,8.2428655707102822e-04,wave_height:0_m:m
860,1,2.3889382171630859e+02,-4.5069930069930042e-02,861,862,1.2061139909042020e-03,azimuth:0_m:degrees
861,10,5.5498480796813965e+00,-3.0654205607476639e-02,863,864,1.7743383701633313e-03,wind_speed:18.4_m:m_s-1
862,5,7.9650001525878906e+01,-5.3687150837988792e-02,2003,2004,6.6796916450798192e-04,relative_humidity:18.4_m:%
863,-2,-2.0000000000000000e+00,-1.6000000000000000e-01,-1,-1,0.0000000000000000e+00,wind_direction:18.4_m:degrees
864,4,2.9705774784088135e+00,-2.8190476190476193e-02,1031,1032,1.4833922902494315e-03,mixing_ratio:18.4_m:g_kg-1
865,5,7.9049999237060547e+01,-1.2252427184466021e-01,1795,1796,6.5964746912998418e-04,relative_humidity:18.4_m:%
866,7,8.4999999403953552e-01,-1.0331877729257642e-01,1507,1508,7.9247916706394472e-04,wave_height:0_m:m
867,-2,-2.0000000000000000e+00,-4.8999999999999999e-01,-1,-1,0.0000000000000000e+00,wind_direction:18.4_m:degrees
868,4,3.6195080280303955e+00,-3.2535714285714290e-01,1151,1152,1.2534438775510387e-03,mixing_ratio:18.4_m:g_kg-1
869,6,2.3450000000000000e+02,-4.6875000000000006e-01,871,872,3.6734375000000152e-03,wave_direction:0_m:degrees
870,-2,-2.0000000000000000e+00,-3.8600000000000001e-01,-1,-1,2.4000000000273802e-05,wind_direction:18.4_m:degrees
871,-2,-2.0000000000000000e+00,-5.4749999999999999e-01,-1,-1,7.6874999999998472e-04,wind_direction:18.4_m:degrees
872,0,6.4664730072021484e+01,-4.4250000000000006e-01,1623,1624,1.8854166666666394e-03,zenith:0_m:degrees
873,10,9.0299372673034668e+00,-1.2800000000000003e-01,875,876,2.1747878787878837e-03,wind_speed:18.4_m:m_s-1
874,-2,-2.0000000000000000e+00,-6.5714285714285711e-02,-1,-1,1.4244897959187373e-03,wind_direction:18.4_m:degrees
875,5,4.6799999237060547e+01,-1.0928571428571432e-01,1311,1312,1.8066326530612187e-03,relative_humidity:18.4_m:%
876,0,9.8775341033935547e+01,-1.3761467889908255e-01,1473,1474,2.0915579496675225e-03,zenith:0_m:degrees
877,5,4.2950000762939453e+01,-3.7382978723404253e-01,1155,1156,5.1172476233589947e-03,relative_humidity:18.4_m:%
878,-2,-2.0000000000000000e+00,-4.8999999999999999e-01,-1,-1,2.2204460492503131e-16,wind_direction:18.4_m:degrees
879,-2,-2.0000000000000000e+00,-8.5000000000000006e-02,-1,-1,2.4999999999998114e-05,wind_direction:18.4_m:degrees
880,-2,-2.0000000000000000e+00,-1.6799999999999998e-01,-1,-1,2.3599999999998969e-04,wind_direction:18.4_m:degrees
881,10,1.2205838680267334e+01,-1.4105882352941176e-01,1153,1154,1.0447612456747427e-03,wind_speed:18.4_m:m_s-1
882,4,1.3435959339141846e+01,-1.6765625000000001e-01,969,970,1.4023193359374610e-03,mixing_ratio:18.4_m:g_kg-1
883,9,8.8803508758544922e+01,-1.6584905660377361e-01,1589,1590,1.4733357066571834e-03,angle_between_wind_wave:0_m:degrees
884,3,1.0112500000000000e+03,-2.0055555555555554e-01,1233,1234,2.1441358024690757e-03,pressure:18.4_m:hPa
885,-2,-2.0000000000000000e+00,-1.2000000000000000e-01,-1,-1,2.0000000000000052e-04,wind_direction:18.4_m:degrees
886,-2,-2.0000000000000000e+00,-1.9428571428571428e-01,-1,-1,5.1020408163265224e-04,wind_direction:18.4_m:degrees
887,7,3.1499999761581421e+00,-3.8000000000000000e-01,891,892,3.5629629629629900e-03,wave_height:0_m:m
888,0,1.2243470382690430e+02,-4.2499999999999988e-01,889,890,2.4583333333333679e-03,zenith:0_m:degrees
889,-2,-2.0000000000000000e+00,-4.7624999999999995e-01,-1,-1,8.4843750000004881e-04,wind_direction:18.4_m:degrees
890,-2,-2.0000000000000000e+00,-3.9937499999999998e-01,-1,-1,1.2933593750001082e-03,wind_direction:18.4_m:degrees
891,9,9.0368297576904297e+01,-3.7384615384615394e-01,893,894,2.6775147928994325e-03,angle_between_wind_wave:0_m:degrees
892,-2,-2.0000000000000000e+00,-5.4000000000000004e-01,-1,-1,-2.7755575615628914e-16,wind_direction:18.4_m:degrees
893,11,2.7316000366210938e+02,-3.5956521739130431e-01,1883,1884,1.1085066162569990e-03,wind_direction:18.4_m:degrees
894,-2,-2.0000000000000000e+00,-4.8333333333333334e-01,-1,-1,1.1555555555557429e-03,wind_direction:18.4_m:degrees
895,-2,-2.0000000000000000e+00,-2.0726256983240217e-02,-1,-1,4.4137199213507725e-04,wind_direction:18.4_m:degrees
896,8,4.0499999523162842e+00,-3.6185185185185126e-02,897,898,6.0507681755830661e-04,wave_period:0_m:s
897,4,3.5522565841674805e+00,-5.5441176470588258e-02,2009,2010,9.6598183391003291e-04,mixing_ratio:18.4_m:g_kg-1
898,-2,-2.0000000000000000e+00,-2.9702970297029684e-02,-1,-1,3.1674345652387803e-04,wind_direction:18.4_m:degrees
899,-2,-2.0000000000000000e+00,-5.5600000000000005e-01,-1,-1,3.8399999999993994e-04,wind_direction:18.4_m:degrees
900,-2,-2.0000000000000000e+00,-6.8999999999999995e-01,-1,-1,-1.6653345369377348e-16,wind_direction:18.4_m:degrees
901,8,5.9000000953674316e+00,-1.6553846153846155e-01,1123,1124,1.7108639053254257e-03,wave_period:0_m:s
902,-2,-2.0000000000000000e+00,-2.6000000000000001e-01,-1,-1,1.5265566588595902e-16,wind_direction:18.4_m:degrees
903,0,8.6197170257568359e+01,-1.6637681159420287e-01,1669,1670,1.7231043898340848e-03,zenith:0_m:degrees
904,-2,-2.0000000000000000e+00,-2.0000000000000001e-01,-1,-1,1.0962962962961370e-03,wind_direction:18.4_m:degrees
905,-2,-2.0000000000000000e+00,-1.1227272727272725e-01,-1,-1,8.7210743801653667e-04,wind_direction:18.4_m:degrees
906,6,2.1750000000000000e+02,-1.5109589041095894e-01,907,908,1.4426346406455071e-03,wave_direction:0_m:degrees
907,-2,-2.0000000000000000e+00,-2.3000000000000001e-01,-1,-1,2.7000000000000010e-03,wind_direction:18.4_m:degrees
908,-2,-2.0000000000000000e+00,-1.4652173913043481e-01,-1,-1,9.8790170132324537e-04,wind_direction:18.4_m:degrees
909,-2,-2.0000000000000000e+00,-1.0740740740740741e-01,-1,-1,5.7475994513033098e-04,wind_direction:18.4_m:degrees
910,5,6.1500000000000000e+01,-1.5380952380952381e-01,1465,1466,1.0045351473922902e-03,relative_humidity:18.4_m:%
911,-2,-2.0000000000000000e+00,-7.8750000000000014e-02,-1,-1,7.0260416666666475e-04,wind_direction:18.4_m:degrees
912,11,2.1134500122070312e+02,-4.5997349237905903e-02,1217,1218,5.2619217322526874e-04,wind_direction:18.4_m:degrees
913,-2,-2.0000000000000000e+00,-6.1499999999999999e-01,-1,-1,2.4999999999997247e-05,wind_direction:18.4_m:degrees
914,-2,-2.0000000000000000e+00,-4.9533333333333329e-01,-1,-1,1.5448888888887624e-03,wind_direction:18.4_m:degrees
915,1,3.2465296936035156e+02,-3.1212121212121213e-01,917,918,2.8712580348943806e-03,azimuth:0_m:degrees
916,-2,-2.0000000000000000e+00,-2.4166666666666667e-01,-1,-1,1.8805555555557463e-03,wind_direction:18.4_m:degrees
917,0,1.3953408050537109e+02,-3.0322580645161290e-01,1385,1386,1.7508844953173924e-03,zenith:0_m:degrees
918,-2,-2.0000000000000000e+00,-4.5000000000000001e-01,-1,-1,-4.7184478546569153e-16,wind_direction:18.4_m:degrees
919,-2,-2.0000000000000000e+00,-2.9173913043478256e-01,-1,-1,1.5013232514178021e-03,wind_direction:18.4_m:degrees
920,5,4.5950000762939453e+01,-2.4714285714285714e-01,1529,1530,1.3489795918367603e-03,relative_humidity:18.4_m:%
921,-2,-2.0000000000000000e+00,-8.6666666666666670e-02,-1,-1,2.2222222222221220e-05,wind_direction:18.4_m:degrees
922,2,2.8069499206542969e+02,-1.7987179487179486e-01,1511,1512,1.7192143326758558e-03,water_sfc_temperature:0_m:K
923,3,1.0347999877929688e+03,-1.0443548387096767e-02,1537,1538,3.0504520031217515e-04,pressure:18.4_m:hPa
924,3,1.0321499633789062e+03,-2.1972187104930378e-02,925,926,3.6728620495108977e-04,pressure:18.4_m:hPa
925,-2,-2.0000000000000000e+00,-2.0730117340286736e-02,-1,-1,2.9281764574894695e-04,wind_direction:18.4_m:degrees
926,11,1.8291000366210938e+02,-6.1666666666666675e-02,1779,1780,1.1222222222222189e-03,wind_direction:18.4_m:degrees
927,-2,-2.0000000000000000e+00,-1.0000000000000000e-02,-1,-1,0.0000000000000000e+00,wind_direction:18.4_m:degrees
928,5,6.1700000762939453e+01,-1.2357142857142858e-01,929,930,1.6686734693877551e-03,relative_humidity:18.4_m:%
929,3,1.0149500122070312e+03,-1.3423728813559321e-01,1239,1240,1.0922148807813864e-03,pressure:18.4_m:hPa
930,-2,-2.0000000000000000e+00,-6.6363636363636361e-02,-1,-1,8.7768595041319043e-04,wind_direction:18.4_m:degrees
931,-2,-2.0000000000000000e+00,-5.6666666666666664e-02,-1,-1,7.1555555555555391e-04,wind_direction:18.4_m:degrees
932,-2,-2.0000000000000000e+00,-2.2000000000000000e-01,-1,-1,2.7755575615628914e-17,wind_direction:18.4_m:degrees
933,4,8.5196695327758789e+00,-9.0591397849462379e-02,1585,1586,5.4965024858365241e-04,mixing_ratio:18.4_m:g_kg-1
934,-2,-2.0000000000000000e+00,-2.5000000000000005e-02,-1,-1,6.2500000000006658e-04,wind_direction:18.4_m:degrees
935,12,-8.6064185947179794e-02,-2.0350000000000001e-01,1107,1108,2.4427500000000282e-03,bulk_richardson:18.4_m:none
936,3,1.0136499938964844e+03,-2.5727272727272726e-01,1329,1330,3.1107438016527850e-03,pressure:18.4_m:hPa
937,-2,-2.0000000000000000e+00,-4.4666666666666667e-02,-1,-1,6.2488888888888620e-04,wind_direction:18.4_m:degrees
938,-2,-2.0000000000000000e+00,-1.0727272727272727e-01,-1,-1,7.1074380165289663e-04,wind_direction:18.4_m:degrees
939,-2,-2.0000000000000000e+00,-3.5499999999999998e-01,-1,-1,2.7499999999999747e-04,wind_direction:18.4_m:degrees
940,11,2.5825500488281250e+02,-2.6687500000000003e-01,1701,1702,2.0589843750000308e-03,wind_direction:18.4_m:degrees
941,-2,-2.0000000000000000e+00,-7.3999999999999999e-01,-1,-1,9.0000000000001190e-04,wind_direction:18.4_m:degrees
942,8,6.5000000000000000e+00,-6.1800000000000010e-01,1619,1620,1.5959999999999863e-03,wave_period:0_m:s
943,-2,-2.0000000000000000e+00,-7.2222222222222229e-02,-1,-1,9.2098765432098786e-04,wind_direction:18.4_m:degrees
944,4,4.2735421657562256e+00,-1.2538461538461540e-01,945,946,4.7017751479289972e-03,mixing_ratio:18.4_m:g_kg-1
945,-2,-2.0000000000000000e+00,-1.0750000000000000e-01,-1,-1,9.3541666666666079e-04,wind_direction:18.4_m:degrees
946,-2,-2.0000000000000000e+00,-3.4000000000000002e-01,-1,-1,-4.1633363423443370e-17,wind_direction:18.4_m:degrees
947,-2,-2.0000000000000000e+00,-4.0000000000000002e-01,-1,-1,0.0000000000000000e+00,wind_direction:18.4_m:degrees
948,-2,-2.0000000000000000e+00,-2.8200000000000003e-01,-1,-1,1.3626666666666648e-03,wind_direction:18.4_m:degrees
949,-2,-2.0000000000000000e+00,-1.6749999999999998e-01,-1,-1,1.6875000000000570e-04,wind_direction:18.4_m:degrees
950,10,8.4914951324462891e+00,-8.8385416666666675e-02,957,958,1.4614556206597098e-03,wind_speed:18.4_m:m_s-1
951,-2,-2.0000000000000000e+00,-1.0000000000000001e-01,-1,-1,2.7999999999999900e-04,wind_direction:18.4_m:degrees
952,5,5.4399999618530273e+01,-2.0499999999999999e-01,1903,1904,3.0250000000000138e-03,relative_humidity:18.4_m:%
953,-2,-2.0000000000000000e+00,-4.2999999999999999e-01,-1,-1,0.0000000000000000e+00,wind_direction:18.4_m:degrees
954,9,8.8034980773925781e+01,-2.7041666666666669e-01,955,956,2.4456597222222431e-03,angle_between_wind_wave:0_m:degrees
955,-2,-2.0000000000000000e+00,-3.6000000000000004e-01,-1,-1,1.9999999999997797e-04,wind_direction:18.4_m:degrees
956,12,-2.3051923140883446e-02,-2.5761904761904764e-01,1693,1694,1.4562358276644094e-03,bulk_richardson:18.4_m:none
957,5,4.1950000762939453e+01,-8.0687022900763350e-02,1643,1644,1.1926577705261929e-03,relative_humidity:18.4_m:%
958,5,6.6600002288818359e+01,-1.0491803278688525e-01,967,968,1.6381080354743085e-03,relative_humidity:18.4_m:%
959,-2,-2.0000000000000000e+00,-1.4000000000000001e-01,-1,-1,0.0000000000000000e+00,wind_direction:18.4_m:degrees
960,-2,-2.0000000000000000e+00,-4.4090909090909097e-02,-1,-1,3.9690082644628093e-04,wind_direction:18.4_m:degrees
961,-2,-2.0000000000000000e+00,-2.0000000000000000e-02,-1,-1,2.9999999999999987e-04,wind_direction:18.4_m:degrees
962,-2,-2.0000000000000000e+00,-1.0250000000000001e-01,-1,-1,1.3750000000000012e-03,wind_direction:18.4_m:degrees
963,10,7.4475800991058350e+00,-8.8962264150943410e-02,1727,1728,7.8288536845852810e-04,wind_speed:18.4_m:m_s-1
964,-2,-2.0000000000000000e+00,-1.3461538461538461e-01,-1,-1,7.7869822485205839e-04,wind_direction:18.4_m:degrees
965,-2,-2.0000000000000000e+00,-2.9470588235294115e-01,-1,-1,1.1072664359861734e-03,wind_direction:18.4_m:degrees
966,1,2.4060400390625000e+02,-2.4062500000000001e-01,1011,1012,3.6558593749999799e-03,azimuth:0_m:degrees
967,6,2.3800000000000000e+02,-9.7777777777777811e-02,1631,1632,1.0802469135802462e-03,wave_direction:0_m:degrees
968,11,1.7038500213623047e+02,-1.5999999999999998e-01,1695,1696,2.5142857142857085e-03,wind_direction:18.4_m:degrees
969,0,6.5280105590820312e+01,-1.7112903225806453e-01,1147,1148,1.0616285119666967e-03,zenith:0_m:degrees
970,-2,-2.0000000000000000e+00,-5.9999999999999998e-02,-1,-1,9.4542429440735987e-17,wind_direction:18.4_m:degrees
971,-2,-2.0000000000000000e+00,-3.2666666666666666e-01,-1,-1,3.5555555555555340e-04,wind_direction:18.4_m:degrees
972,6,2.0650000000000000e+02,-2.6050000000000006e-01,973,974,2.2414166666666069e-03,wave_direction:0_m:degrees
973,11,2.8036499023437500e+02,-3.0583333333333335e-01,1347,1348,2.1576388888888826e-03,wind_direction:18.4_m:degrees
974,9,8.7599170684814453e+01,-2.4916666666666676e-01,1407,1408,1.6201388888888654e-03,angle_between_wind_wave:0_m:degrees
975,-2,-2.0000000000000000e+00,-5.6799999999999995e-01,-1,-1,4.3600000000004746e-04,wind_direction:18.4_m:degrees
976,-2,-2.0000000000000000e+00,-7.2999999999999998e-01,-1,-1,-4.4408920985006262e-16,wind_direction:18.4_m:degrees
977,-2,-2.0000000000000000e+00,-2.5000000000000000e-01,-1,-1,0.0000000000000000e+00,wind_direction:18.4_m:degrees
978,2,2.7722000122070312e+02,-1.5450000000000000e-01,1827,1828,1.0147499999999983e-03,water_sfc_temperature:0_m:K
979,-2,-2.0000000000000000e+00,-4.0000000000000001e-02,-1,-1,0.0000000000000000e+00,wind_direction:18.4_m:degrees
980,3,1.0098000183105469e+03,-1.5179487179487181e-01,981,982,2.1172912557527943e-03,pressure:18.4_m:hPa
981,-2,-2.0000000000000000e+00,-1.4117647058823529e-01,-1,-1,1.2397923875432544e-03,wind_direction:18.4_m:degrees
982,-2,-2.0000000000000000e+00,-2.2400000000000003e-01,-1,-1,2.1040000000000017e-03,wind_direction:18.4_m:degrees
983,-2,-2.0000000000000000e+00,-3.8000000000000000e-01,-1,-1,0.0000000000000000e+00,wind_direction:18.4_m:degrees
984,-2,-2.0000000000000000e+00,-2.6000000000000001e-01,-1,-1,7.9999999999998128e-04,wind_direction:18.4_m:degrees
985,-2,-2.0000000000000000e+00,-6.9482758620689658e-02,-1,-1,8.8766349583827876e-04,wind_direction:18.4_m:degrees
986,10,7.0862016677856445e+00,-4.8484848484848499e-02,1341,1342,6.0477502295685484e-04,wind_speed:18.4_m:m_s-1
987,-2,-2.0000000000000000e+00,-1.3761904761904761e-01,-1,-1,7.8956916099773289e-04,wind_direction:18.4_m:degrees
988,0,6.4189945220947266e+01,-1.0102803738317755e-01,1119,1120,1.7643636998864627e-03,zenith:0_m:degrees
989,9,9.0431915283203125e+01,-8.7031249999999963e-02,1267,1268,1.5614990234374976e-03,angle_between_wind_wave:0_m:degrees
990,9,9.0100955963134766e+01,-5.1851851851851864e-02,1861,1862,8.4471879286694956e-04,angle_between_wind_wave:0_m:degrees
991,-2,-2.0000000000000000e+00,-1.5666666666666668e-01,-1,-1,5.5555555555555219e-04,wind_direction:18.4_m:degrees
992,2,2.7365000915527344e+02,-6.4000000000000015e-02,1721,1722,1.3706666666666667e-03,water_sfc_temperature:0_m:K
993,11,3.0111500549316406e+02,-3.4499999999999997e-01,1747,1748,2.2249999999999631e-03,wind_direction:18.4_m:degrees
994,-2,-2.0000000000000000e+00,-5.1000000000000001e-01,-1,-1,2.2204460492503131e-16,wind_direction:18.4_m:degrees
995,-2,-2.0000000000000000e+00,-2.4727272727272726e-01,-1,-1,7.4710743801655044e-04,wind_direction:18.4_m:degrees
996,-2,-2.0000000000000000e+00,-3.4666666666666668e-01,-1,-1,2.2222222222145760e-05,wind_direction:18.4_m:degrees
997,4,4.3529281616210938e+00,-1.7499999999999996e-01,1265,1266,1.6849999999999955e-03,mixing_ratio:18.4_m:g_kg-1
998,-2,-2.0000000000000000e+00,-2.0000000000000000e-02,-1,-1,8.4025668367626594e-17,wind_direction:18.4_m:degrees
999,5,4.1649999618530273e+01,-3.7019230769230763e-02,1079,1080,7.0938424556212963e-04,relative_humidity:18.4_m:%
1000,11,2.7821000671386719e+02,-5.2732558139534855e-02,1305,1306,7.6055638182802657e-04,wind_direction:18.4_m:degrees
1001,-2,-2.0000000000000000e+00,-1.1166666666666668e-01,-1,-1,4.9722222222222182e-04,wind_direction:18.4_m:degrees
1002,2,2.8554499816894531e+02,-1.5766129032258067e-01,1003,1004,1.8292078563995479e-03,water_sfc_temperature:0_m:K
1003,11,2.8200498962402344e+02,-1.7171875000000000e-01,1005,1006,2.0548583984374980e-03,wind_direction:18.4_m:degrees
1004,5,8.8100002288818359e+01,-1.4266666666666666e-01,1063,1064,1.1528888888888804e-03,relative_humidity:18.4_m:%
1005,12,-8.2752578891813755e-03,-1.6725806451612904e-01,1015,1016,1.4844172736732594e-03,bulk_richardson:18.4_m:none
1006,-2,-2.0000000000000000e+00,-3.1000000000000000e-01,-1,-1,9.7144514654701197e-17,wind_direction:18.4_m:degrees
1007,-2,-2.0000000000000000e+00,-3.4111111111111114e-01,-1,-1,1.1209876543209762e-03,wind_direction:18.4_m:degrees
1008,-2,-2.0000000000000000e+00,-4.5999999999999996e-01,-1,-1,4.0000000000001146e-04,wind_direction:18.4_m:degrees
1009,-2,-2.0000000000000000e+00,-2.6888888888888896e-01,-1,-1,1.0765432098765043e-03,wind_direction:18.4_m:degrees
1010,5,4.2649999618530273e+01,-2.0913043478260870e-01,1801,1802,1.5992438563327133e-03,relative_humidity:18.4_m:%
1011,-2,-2.0000000000000000e+00,-1.9166666666666668e-01,-1,-1,1.6138888888888869e-03,wind_direction:18.4_m:degrees
1012,5,5.3250000000000000e+01,-2.7000000000000002e-01,1145,1146,2.5799999999999851e-03,relative_humidity:18.4_m:%
1013,-2,-2.0000000000000000e+00,-2.0142857142857143e-01,-1,-1,4.4081632653061170e-04,wind_direction:18.4_m:degrees
1014,-2,-2.0000000000000000e+00,-2.7454545454545459e-01,-1,-1,4.7933884297519935e-04,wind_direction:18.4_m:degrees
1015,-2,-2.0000000000000000e+00,-1.3000000000000000e-01,-1,-1,9.2307692307691883e-04,wind_direction:18.4_m:degrees
1016,9,8.9208766937255859e+01,-1.7714285714285713e-01,1467,1468,1.1673469387755014e-03,angle_between_wind_wave:0_m:degrees
1017,6,2.2950000000000000e+02,-5.6523076923076912e-02,1437,1438,7.7098792899408467e-04,wave_direction:0_m:degrees
1018,-2,-2.0000000000000000e+00,-1.0083333333333333e-01,-1,-1,3.7430555555564154e-04,wind_direction:18.4_m:degrees
1019,-2,-2.0000000000000000e+00,-5.3000000000000003e-01,-1,-1,0.0000000000000000e+00,wind_direction:18.4_m:degrees
1020,2,2.7980999755859375e+02,-3.7111111111111111e-01,1777,1778,1.5432098765432167e-03,water_sfc_temperature:0_m:K
1021,10,1.1917642116546631e+01,-2.0000000000000004e-01,1023,1024,1.9953488372093098e-03,wind_speed:18.4_m:m_s-1
1022,-2,-2.0000000000000000e+00,-2.4916666666666668e-01,-1,-1,1.4576388888887862e-03,wind_direction:18.4_m:degrees
1023,5,3.6949998855590820e+01,-1.8321428571428575e-01,1413,1414,1.3289540816326384e-03,relative_humidity:18.4_m:%
1024,10,1.2048069000244141e+01,-2.3133333333333331e-01,1263,1264,1.7315555555555417e-03,wind_speed:18.4_m:m_s-1
1025,6,2.0850000000000000e+02,-1.0375000000000001e-01,1755,1756,1.2109375000000002e-03,wave_direction:0_m:degrees
1026,-2,-2.0000000000000000e+00,-2.0000000000000000e-02,-1,-1,-3.1441863002079629e-18,wind_direction:18.4_m:degrees
1027,4,1.2649824023246765e+00,-3.2545454545454544e-01,1881,1882,1.3157024793388483e-03,mixing_ratio:18.4_m:g_kg-1
1028,2,2.7966000366210938e+02,-3.8277777777777777e-01,1029,1030,2.6089506172839727e-03,water_sfc_temperature:0_m:K
1029,-2,-2.0000000000000000e+00,-3.9866666666666667e-01,-1,-1,1.2648888888889265e-03,wind_direction:18.4_m:degrees
1030,-2,-2.0000000000000000e+00,-3.0333333333333329e-01,-1,-1,1.7555555555553298e-03,wind_direction:18.4_m:degrees
1031,2,2.8505499267578125e+02,-1.7681159420289857e-02,1741,1742,1.0641881957571936e-03,water_sfc_temperature:0_m:K
1032,9,9.0572536468505859e+01,-4.8333333333333346e-02,1033,1034,1.6694444444444439e-03,angle_between_wind_wave:0_m:degrees
1033,-2,-2.0000000000000000e+00,-4.3142857142857156e-02,-1,-1,7.4726530612244813e-04,wind_direction:18.4_m:degrees
1034,-2,-2.0000000000000000e+00,-2.3000000000000001e-01,-1,-1,-2.7755575615628914e-17,wind_direction:18.4_m:degrees
1035,-2,-2.0000000000000000e+00,-5.4000000000000004e-01,-1,-1,0.0000000000000000e+00,wind_direction:18.4_m:degrees
1036,4,4.5424256324768066e+00,-4.4624999999999998e-01,1037,1038,3.6109374999999666e-03,mixing_ratio:18.4_m:g_kg-1
1037,1,1.9657023620605469e+02,-4.3333333333333335e-01,1791,1792,1.1822222222221679e-03,azimuth:0_m:degrees
1038,-2,-2.0000000000000000e+00,-6.4000000000000001e-01,-1,-1,1.4988010832439613e-15,wind_direction:18.4_m:degrees
1039,-2,-2.0000000000000000e+00,-2.8133333333333332e-01,-1,-1,2.4515555555555540e-03,wind_direction:18.4_m:degrees
1040,-2,-2.0000000000000000e+00,-1.9750000000000001e-01,-1,-1,1.6875000000000917e-04,wind_direction:18.4_m:degrees
1041,10,1.1278257846832275e+01,-1.4298429319371728e-01,1417,1418,9.3507305172553512e-04,wind_speed:18.4_m:m_s-1
1042,-2,-2.0000000000000000e+00,-8.5714285714285715e-02,-1,-1,2.4489795918495975e-05,wind_direction:18.4_m:degrees
1043,3,1.0026499938964844e+03,-1.1633333333333334e-01,1957,1958,1.3232222222222100e-03,pressure:18.4_m:hPa
1044,-2,-2.0000000000000000e+00,-1.8800000000000000e-01,-1,-1,3.3599999999998909e-04,wind_direction:18.4_m:degrees
1045,-2,-2.0000000000000000e+00,-2.0000000000000000e-02,-1,-1,3.9999999999999991e-04,wind_direction:18.4_m:degrees
1046,11,1.3630500030517578e+02,-8.1034482758620671e-02,1397,1398,6.3743559254855059e-04,wind_direction:18.4_m:degrees
1047,-2,-2.0000000000000000e+00,-4.0999999999999998e-01,-1,-1,1.0833333333333528e-03,wind_direction:18.4_m:degrees
1048,-2,-2.0000000000000000e+00,-4.8999999999999999e-01,-1,-1,2.4999999999999467e-03,wind_direction:18.4_m:degrees
1049,4,3.4741263389587402e+00,-6.5347222222222195e-02,1051,1052,8.2487943672839535e-04,mixing_ratio:18.4_m:g_kg-1
1050,-2,-2.0000000000000000e+00,4.0000000000000001e-02,-1,-1,-1.7911019889460533e-16,wind_direction:18.4_m:degrees
1051,-2,-2.0000000000000000e+00,-1.2083333333333335e-01,-1,-1,3.2430555555555511e-04,wind_direction:18.4_m:degrees
1052,2,2.7409498596191406e+02,-6.0303030303030289e-02,1799,1800,5.6505968778696467e-04,water_sfc_temperature:0_m:K
1053,10,7.2528407573699951e+00,-3.2202992079789050e-02,1055,1056,3.5991655308908240e-04,wind_speed:18.4_m:m_s-1
1054,4,5.6697125434875488e+00,-4.6923076923076908e-02,1057,1058,1.2693786982248237e-03,mixing_ratio:18.4_m:g_kg-1
1055,-2,-2.0000000000000000e+00,-2.8915603532875488e-02,-1,-1,3.3017835319313564e-04,wind_direction:18.4_m:degrees
1056,2,2.7322000122070312e+02,-3.7089715536105045e-02,1421,1422,3.6417794674617129e-04,water_sfc_temperature:0_m:K
1057,3,1.0031499938964844e+03,-8.2608695652173922e-02,1807,1808,1.2279773156899819e-03,pressure:18.4_m:hPa
1058,2,2.9327999877929688e+02,-3.6790123456790121e-02,1059,1060,8.1685718640451578e-04,water_sfc_temperature:0_m:K
1059,12,-2.8312177397310734e-02,-3.1486486486486484e-02,1699,1700,5.3157414170927663e-04,bulk_richardson:18.4_m:none
1060,-2,-2.0000000000000000e+00,-9.2857142857142860e-02,-1,-1,3.9183673469387822e-04,wind_direction:18.4_m:degrees
1061,-2,-2.0000000000000000e+00,-1.6571428571428570e-01,-1,-1,8.5306122448979699e-04,wind_direction:18.4_m:degrees
1062,8,8.5000000000000000e+00,-1.1187500000000000e-01,1943,1944,9.4023437499998926e-04,wave_period:0_m:s
1063,-2,-2.0000000000000000e+00,-1.3419999999999999e-01,-1,-1,5.1236000000000684e-04,wind_direction:18.4_m:degrees
1064,4,9.5971035957336426e+00,-1.8500000000000000e-01,1299,1300,2.2049999999999084e-03,mixing_ratio:18.4_m:g_kg-1
1065,-2,-2.0000000000000000e+00,-3.3363636363636362e-01,-1,-1,4.2314049586782143e-04,wind_direction:18.4_m:degrees
1066,-2,-2.0000000000000000e+00,-2.6777777777777778e-01,-1,-1,7.5061728395056648e-04,wind_direction:18.4_m:degrees
1067,2,2.8172500610351562e+02,-1.9081958235744880e-18,1069,1070,2.0200000000000001e-03,water_sfc_temperature:0_m:K
1068,-2,-2.0000000000000000e+00,-3.7499999999999999e-02,-1,-1,4.7187500000000094e-04,wind_direction:18.4_m:degrees
1069,-2,-2.0000000000000000e+00,8.3333333333333329e-02,-1,-1,5.5555555555555827e-04,wind_direction:18.4_m:degrees
1070,1,2.4451053619384766e+02,-1.4705882352941183e-02,2039,2040,8.3667820069204110e-04,azimuth:0_m:degrees
1071,-2,-2.0000000000000000e+00,-3.9000000000000001e-01,-1,-1,0.0000000000000000e+00,wind_direction:18.4_m:degrees
1072,6,2.3150000000000000e+02,-2.4250000000000005e-01,1073,1074,2.6354166666666123e-03,wave_direction:0_m:degrees
1073,11,2.9050498962402344e+02,-2.6178571428571429e-01,1291,1292,2.4146683673468977e-03,wind_direction:18.4_m:degrees
1074,10,1.2482416629791260e+01,-2.1550000000000002e-01,1515,1516,1.6947499999999602e-03,wind_speed:18.4_m:m_s-1
1075,10,5.0143344402313232e+00,-1.7977142857142751e-02,1753,1754,2.3327947755102501e-04,wind_speed:18.4_m:m_s-1
1076,-2,-2.0000000000000000e+00,-1.1706970128022675e-02,-1,-1,2.4545040660934160e-04,wind_direction:18.4_m:degrees
1077,-2,-2.0000000000000000e+00,-5.2200000000000002e-01,-1,-1,1.6160000000000618e-03,wind_direction:18.4_m:degrees
1078,-2,-2.0000000000000000e+00,-6.0499999999999998e-01,-1,-1,3.7500000000001421e-04,wind_direction:18.4_m:degrees
1079,-2,-2.0000000000000000e+00,3.5000000000000003e-02,-1,-1,2.2500000000000016e-04,wind_direction:18.4_m:degrees
1080,6,2.1250000000000000e+02,-3.8431372549019606e-02,1547,1548,6.1518646674356154e-04,wave_direction:0_m:degrees
1081,-2,-2.0000000000000000e+00,-1.8910540301151385e-02,-1,-1,4.0581042034580812e-04,wind_direction:18.4_m:degrees
1082,5,5.8199998855590820e+01,-2.4906122448979533e-02,1757,1758,3.0205241149518160e-04,relative_humidity:18.4_m:%
1083,1,2.0245016479492188e+02,-3.7923076923076920e-01,1935,1936,1.4378698224852549e-03,azimuth:0_m:degrees
1084,-2,-2.0000000000000000e+00,-5.3000000000000003e-01,-1,-1,-3.3306690738754696e-16,wind_direction:18.4_m:degrees
1085,-2,-2.0000000000000000e+00,-4.2999999999999999e-01,-1,-1,1.3000000000000234e-03,wind_direction:18.4_m:degrees
1086,-2,-2.0000000000000000e+00,-3.5499999999999998e-01,-1,-1,7.2500000000014220e-04,wind_direction:18.4_m:degrees
1087,11,3.5320999145507812e+02,-7.2382671480144392e-02,1089,1090,9.8782468167185698e-04,wind_direction:18.4_m:degrees
1088,-2,-2.0000000000000000e+00,-9.9090909090909091e-02,-1,-1,6.5068870523413494e-04,wind_direction:18.4_m:degrees
1089,11,3.4575000000000000e+02,-7.1739130434782541e-02,1443,1444,8.7668557025834606e-04,wind_direction:18.4_m:degrees
1090,-2,-2.0000000000000000e+00,-2.5000000000000000e-01,-1,-1,4.4408920985006262e-16,wind_direction:18.4_m:degrees
1091,-2,-2.0000000000000000e+00,-7.5500000000000000e-01,-1,-1,2.0250000000000545e-03,wind_direction:18.4_m:degrees
1092,-2,-2.0000000000000000e+00,-6.0999999999999999e-01,-1,-1,0.0000000000000000e+00,wind_direction:18.4_m:degrees
1093,-2,-2.0000000000000000e+00,-4.4000000000000000e-01,-1,-1,0.0000000000000000e+00,wind_direction:18.4_m:degrees
1094,5,5.6549999237060547e+01,-2.9111111111111110e-01,1567,1568,3.2209876543210086e-03,relative_humidity:18.4_m:%
1095,-2,-2.0000000000000000e+00,-2.3999999999999999e-01,-1,-1,8.0000000000000904e-04,wind_direction:18.4_m:degrees
1096,-2,-2.0000000000000000e+00,-1.3999999999999999e-01,-1,-1,4.2857142857143093e-04,wind_direction:18.4_m:degrees
1097,-2,-2.0000000000000000e+00,-2.8714285714285709e-01,-1,-1,1.7061224489796217e-03,wind_direction:18.4_m:degrees
1098,-2,-2.0000000000000000e+00,-2.3437499999999997e-01,-1,-1,1.5621093749999954e-03,wind_direction:18.4_m:degrees
1099,5,5.0950000762939453e+01,-1.3833333333333331e-01,1545,1546,1.2872222222222139e-03,relative_humidity:18.4_m:%
1100,-2,-2.0000000000000000e+00,-2.1500000000000000e-01,-1,-1,2.5000000000004186e-05,wind_direction:18.4_m:degrees
1101,0,3.3807746887207031e+01,-8.4382022471910137e-02,1103,1104,1.0291124857972527e-03,zenith:0_m:degrees
1102,8,6.5999999046325684e+00,-1.1750000000000003e-01,1105,1106,1.5520833333333272e-03,wave_period:0_m:s
1103,-2,-2.0000000000000000e+00,-1.4000000000000002e-02,-1,-1,4.2400000000000006e-04,wind_direction:18.4_m:degrees
1104,10,9.5683221817016602e+00,-8.8571428571428551e-02,1409,1410,7.5272108843537321e-04,wind_speed:18.4_m:m_s-1
1105,-2,-2.0000000000000000e+00,-1.4133333333333331e-01,-1,-1,9.3155555555554312e-04,wind_direction:18.4_m:degrees
1106,-2,-2.0000000000000000e+00,-7.7777777777777779e-02,-1,-1,6.1728395061732069e-05,wind_direction:18.4_m:degrees
1107,-2,-2.0000000000000000e+00,-2.5285714285714284e-01,-1,-1,1.0775510204081851e-03,wind_direction:18.4_m:degrees
1108,3,1.0118499755859375e+03,-1.9303030303030305e-01,1335,1336,2.1059687786960518e-03,pressure:18.4_m:hPa
1109,-2,-2.0000000000000000e+00,-1.8142857142857144e-01,-1,-1,7.4081632653060642e-04,wind_direction:18.4_m:degrees
1110,-2,-2.0000000000000000e+00,-9.0000000000000011e-02,-1,-1,1.9999999999997277e-04,wind_direction:18.4_m:degrees
1111,2,2.8755499267578125e+02,-3.0800000000000000e-01,1789,1790,2.9760000000000064e-03,water_sfc_temperature:0_m:K
1112,7,1.6500000357627869e+00,-2.3944444444444438e-01,1251,1252,2.4330246913580461e-03,wave_height:0_m:m
1113,-2,-2.0000000000000000e+00,-6.3000000000000000e-01,-1,-1,0.0000000000000000e+00,wind_direction:18.4_m:degrees
1114,-2,-2.0000000000000000e+00,-4.7500000000000003e-01,-1,-1,6.9166666666661825e-04,wind_direction:18.4_m:degrees
1115,-2,-2.0000000000000000e+00,-3.7000000000000000e-01,-1,-1,0.0000000000000000e+00,wind_direction:18.4_m:degrees
1116,-2,-2.0000000000000000e+00,-2.2235294117647059e-01,-1,-1,1.4179930795847548e-03,wind_direction:18.4_m:degrees
1117,12,-1.6359907574951649e-02,-7.3916666666666675e-01,1541,1542,3.3409722222222937e-03,bulk_richardson:18.4_m:none
1118,-2,-2.0000000000000000e+00,-6.4666666666666661e-01,-1,-1,2.2222222221701671e-05,wind_direction:18.4_m:degrees
1119,4,3.7551443576812744e+00,-8.2368421052631549e-02,1975,1976,1.1864958448753521e-03,mixing_ratio:18.4_m:g_kg-1
1120,1,2.4252511596679688e+02,-1.1130434782608693e-01,1121,1122,1.7852551984877084e-03,azimuth:0_m:degrees
1121,3,1.0190000000000000e+03,-1.1545454545454548e-01,1533,1534,1.4611570247933942e-03,pressure:18.4_m:hPa
1122,-2,-2.0000000000000000e+00,-2.0000000000000000e-02,-1,-1,2.0000000000001321e-04,wind_direction:18.4_m:degrees
1123,11,2.8615000915527344e+02,-1.7695652173913046e-01,1125,1126,1.2907372400756054e-03,wind_direction:18.4_m:degrees
1124,6,2.2550000000000000e+02,-1.3789473684210524e-01,1733,1734,1.6481994459833678e-03,wave_direction:0_m:degrees
1125,-2,-2.0000000000000000e+00,-1.6034482758620694e-01,-1,-1,6.9988109393578218e-04,wind_direction:18.4_m:degrees
1126,-2,-2.0000000000000000e+00,-2.0529411764705882e-01,-1,-1,1.0249134948096886e-03,wind_direction:18.4_m:degrees
1127,-2,-2.0000000000000000e+00,-3.1333333333333330e-01,-1,-1,8.8888888888916107e-05,wind_direction:18.4_m:degrees
1128,-2,-2.0000000000000000e+00,-1.9666666666666666e-01,-1,-1,8.8888888888867534e-05,wind_direction:18.4_m:degrees
1129,-2,-2.0000000000000000e+00,-1.4000000000000001e-01,-1,-1,0.0000000000000000e+00,wind_direction:18.4_m:degrees
1130,-2,-2.0000000000000000e+00,-2.4571428571428569e-01,-1,-1,8.6258503401361736e-04,wind_direction:18.4_m:degrees
1131,11,2.3595500183105469e+02,-8.9090909090909109e-02,1463,1464,1.7446280991735529e-03,wind_direction:18.4_m:degrees
1132,-2,-2.0000000000000000e+00,-3.6363636363636369e-02,-1,-1,4.5950413223140346e-04,wind_direction:18.4_m:degrees
1133,10,9.3403935432434082e+00,-6.6069986541049730e-02,1203,1204,5.1241502113038000e-04,wind_speed:18.4_m:m_s-1
1134,5,8.9899997711181641e+01,-2.0000000000000018e-03,1793,1794,2.6159999999998407e-03,relative_humidity:18.4_m:%
1135,9,9.0666240692138672e+01,-4.2000000000000003e-02,1137,1138,1.1588571428571427e-03,angle_between_wind_wave:0_m:degrees
1136,-2,-2.0000000000000000e+00,-1.5706521739130421e-02,-1,-1,3.7450082703213705e-04,wind_direction:18.4_m:degrees
1137,-2,-2.0000000000000000e+00,-2.9642857142857144e-02,-1,-1,5.7487244897959160e-04,wind_direction:18.4_m:degrees
1138,-2,-2.0000000000000000e+00,-9.1428571428571428e-02,-1,-1,4.4081632653061344e-04,wind_direction:18.4_m:degrees
1139,10,1.6711519241333008e+01,-4.7133333333333333e-01,1141,1142,2.7582222222223285e-03,wind_speed:18.4_m:m_s-1
1140,-2,-2.0000000000000000e+00,-5.3375000000000006e-01,-1,-1,1.5484375000002215e-03,wind_direction:18.4_m:degrees
1141,-2,-2.0000000000000000e+00,-4.8214285714285715e-01,-1,-1,1.2025510204081158e-03,wind_direction:18.4_m:degrees
1142,-2,-2.0000000000000000e+00,-3.2000000000000001e-01,-1,-1,-8.0491169285323849e-16,wind_direction:18.4_m:degrees
1143,-2,-2.0000000000000000e+00,-1.6000000000000000e-01,-1,-1,3.1428571428571486e-04,wind_direction:18.4_m:degrees
1144,0,1.0019144821166992e+02,-1.0111111111111112e-01,1925,1926,7.9320987654321433e-04,zenith:0_m:degrees
1145,-2,-2.0000000000000000e+00,-2.9249999999999998e-01,-1,-1,6.9374999999996523e-04,wind_direction:18.4_m:degrees
1146,-2,-2.0000000000000000e+00,-1.7999999999999999e-01,-1,-1,6.9388939039072284e-18,wind_direction:18.4_m:degrees
1147,-2,-2.0000000000000000e+00,-1.4681818181818179e-01,-1,-1,4.5805785123968074e-04,wind_direction:18.4_m:degrees
1148,-2,-2.0000000000000000e+00,-1.8450000000000003e-01,-1,-1,8.8974999999997390e-04,wind_direction:18.4_m:degrees
1149,-2,-2.0000000000000000e+00,-2.7064516129032262e-01,-1,-1,5.8022892819976912e-04,wind_direction:18.4_m:degrees
1150,-2,-2.0000000000000000e+00,-3.3000000000000002e-01,-1,-1,5.7142857142894465e-05,wind_direction:18.4_m:degrees
1151,-2,-2.0000000000000000e+00,-3.1136363636363640e-01,-1,-1,6.6632231404960274e-04,wind_direction:18.4_m:degrees
1152,-2,-2.0000000000000000e+00,-3.7666666666666665e-01,-1,-1,5.5555555555364400e-05,wind_direction:18.4_m:degrees
1153,-2,-2.0000000000000000e+00,-1.8875000000000003e-01,-1,-1,1.0859374999999880e-03,wind_direction:18.4_m:degrees
1154,-2,-2.0000000000000000e+00,-1.3610389610389612e-01,-1,-1,7.7962556923594911e-04,wind_direction:18.4_m:degrees
1155,-2,-2.0000000000000000e+00,-3.1400000000000000e-01,-1,-1,9.8399999999997101e-04,wind_direction:18.4_m:degrees
1156,8,5.7999999523162842e+00,-3.8095238095238104e-01,1157,1158,5.1324263038548812e-03,wave_period:0_m:s
1157,7,1.6500000357627869e+00,-4.2166666666666658e-01,2033,2034,3.2138888888889883e-03,wave_height:0_m:m
1158,0,6.4738903045654297e+01,-3.6466666666666664e-01,1159,1160,4.9715555555555069e-03,zenith:0_m:degrees
1159,-2,-2.0000000000000000e+00,-2.9333333333333333e-01,-1,-1,1.2222222222221801e-04,wind_direction:18.4_m:degrees
1160,2,2.8205499267578125e+02,-3.8250000000000001e-01,1161,1162,4.5937499999999798e-03,water_sfc_temperature:0_m:K
1161,-2,-2.0000000000000000e+00,-5.3000000000000003e-01,-1,-1,0.0000000000000000e+00,wind_direction:18.4_m:degrees
1162,2,2.8210499572753906e+02,-3.7608695652173912e-01,1163,1164,3.8064272211720540e-03,water_sfc_temperature:0_m:K
1163,-2,-2.0000000000000000e+00,-2.9333333333333339e-01,-1,-1,1.0888888888888615e-03,wind_direction:18.4_m:degrees
1164,5,4.6450000762939453e+01,-3.8849999999999996e-01,1295,1296,3.0327500000000007e-03,relative_humidity:18.4_m:%
1165,8,7.5999999046325684e+00,-9.6097560975609730e-02,1167,1168,1.4390392623438528e-03,wave_period:0_m:s
1166,0,1.6095500183105469e+02,-5.2727272727272734e-02,1713,1714,1.7652892561982260e-03,zenith:0_m:degrees
1167,10,8.2616038322448730e+00,-1.0060240963855423e-01,1197,1198,1.4771471427880312e-03,wind_speed:18.4_m:m_s-1
1168,4,4.6169791221618652e+00,-8.1898734177215202e-02,1569,1570,1.0533568338407474e-03,mixing_ratio:18.4_m:g_kg-1
1169,3,1.0050000000000000e+03,-3.7534246575342434e-02,1527,1528,5.4734471758303787e-04,pressure:18.4_m:hPa
1170,-2,-2.0000000000000000e+00,-2.0404040404040407e-02,-1,-1,8.1801856953372292e-04,wind_direction:18.4_m:degrees
1171,-2,-2.0000000000000000e+00,-3.7999999999999999e-02,-1,-1,2.5600000000000015e-04,wind_direction:18.4_m:degrees
1172,4,6.4312717914581299e+00,-1.0476190476190476e-01,1173,1174,1.0535147392290202e-03,mixing_ratio:18.4_m:g_kg-1
1173,6,1.8000000000000000e+02,-9.6756756756756754e-02,1581,1582,6.3813002191380128e-04,wave_direction:0_m:degrees
1174,-2,-2.0000000000000000e+00,-1.6400000000000001e-01,-1,-1,1.4400000000006075e-04,wind_direction:18.4_m:degrees
1175,12,-3.1564613804221153e-02,-8.2380952380952360e-02,1387,1388,6.8242630385487776e-04,bulk_richardson:18.4_m:none
1176,10,8.8901214599609375e+00,-1.0578125000000001e-01,1873,1874,1.2900146484374903e-03,wind_speed:18.4_m:m_s-1
1177,5,2.6750000000000000e+01,-3.0198675496688733e-02,1593,1594,7.4896715056357920e-04,relative_humidity:18.4_m:%
1178,1,1.6537007808685303e+01,-4.7416666666666642e-02,1179,1180,1.3641597222222280e-03,azimuth:0_m:degrees
1179,-2,-2.0000000000000000e+00,1.4000000000000001e-01,-1,-1,0.0000000000000000e+00,wind_direction:18.4_m:degrees
1180,4,1.6198747158050537e+00,-5.0593220338983030e-02,1209,1210,7.8185147945992973e-04,mixing_ratio:18.4_m:g_kg-1
1181,-2,-2.0000000000000000e+00,-9.0833333333333335e-02,-1,-1,6.7430555555555646e-04,wind_direction:18.4_m:degrees
1182,9,8.8795528411865234e+01,-1.3371428571428570e-01,1183,1184,2.1909659863945351e-03,angle_between_wind_wave:0_m:degrees
1183,-2,-2.0000000000000000e+00,-1.6947368421052630e-01,-1,-1,1.2891966759002761e-03,wind_direction:18.4_m:degrees
1184,1,1.3157307434082031e+02,-1.2581395348837210e-01,1185,1186,2.0452677122769075e-03,azimuth:0_m:degrees
1185,12,-6.6289402544498444e-02,-1.5761904761904763e-01,1229,1230,1.8562358276643931e-03,bulk_richardson:18.4_m:none
1186,10,1.0150068759918213e+01,-1.1553846153846151e-01,1187,1188,1.6739408284023663e-03,wind_speed:18.4_m:m_s-1
1187,10,9.5130939483642578e+00,-1.0428571428571429e-01,1189,1190,1.2163265306122575e-03,wind_speed:18.4_m:m_s-1
1188,2,2.7591000366210938e+02,-1.4999999999999999e-01,1931,1932,1.5000000000000083e-03,water_sfc_temperature:0_m:K
1189,-2,-2.0000000000000000e+00,-1.4181818181818182e-01,-1,-1,5.0578512396694253e-04,wind_direction:18.4_m:degrees
1190,-2,-2.0000000000000000e+00,-9.3421052631578960e-02,-1,-1,8.9619113573407086e-04,wind_direction:18.4_m:degrees
1191,-2,-2.0000000000000000e+00,-5.6428571428571432e-02,-1,-1,1.2772108843537439e-04,wind_direction:18.4_m:degrees
1192,9,9.1448890686035156e+01,-8.2608695652173936e-02,1663,1664,4.0623818525520067e-04,angle_between_wind_wave:0_m:degrees
1193,-2,-2.0000000000000000e+00,-1.1333333333333334e-01,-1,-1,1.2444444444444421e-03,wind_direction:18.4_m:degrees
1194,8,4.8499999046325684e+00,-1.6403846153846152e-01,1483,1484,1.9663831360946758e-03,wave_period:0_m:s
1195,-2,-2.0000000000000000e+00,5.0000000000000010e-02,-1,-1,-4.3368086899420177e-19,wind_direction:18.4_m:degrees
1196,0,5.9731061935424805e+01,-3.2391304347826104e-02,1809,1810,1.4442816635160676e-03,zenith:0_m:degrees
1197,10,8.2450981140136719e+00,-9.2887323943661976e-02,1199,1200,1.3768746280499733e-03,wind_speed:18.4_m:m_s-1
1198,0,7.6460880279541016e+01,-1.1084112149532709e-01,1487,1488,1.4263953183684362e-03,zenith:0_m:degrees
1199,11,3.3880499267578125e+02,-9.6929133858267721e-02,1331,1332,1.3519871039742032e-03,wind_direction:18.4_m:degrees
1200,-2,-2.0000000000000000e+00,-5.8666666666666659e-02,-1,-1,2.7822222222220489e-04,wind_direction:18.4_m:degrees
1201,5,9.3049999237060547e+01,-4.8823529411764696e-02,1731,1732,7.3743944636678327e-04,relative_humidity:18.4_m:%
1202,-2,-2.0000000000000000e+00,-7.4255319148936169e-02,-1,-1,8.9678587596198154e-04,wind_direction:18.4_m:degrees
1203,3,1.0073000183105469e+03,-6.0803324099723027e-02,1343,1344,4.4616907482293057e-04,pressure:18.4_m:hPa
1204,11,2.7209500122070312e+02,-7.1047120418848114e-02,1205,1206,5.2403442888081849e-04,wind_direction:18.4_m:degrees
1205,-2,-2.0000000000000000e+00,-7.3809523809523797e-02,-1,-1,4.2953514739229627e-04,wind_direction:18.4_m:degrees
1206,-2,-2.0000000000000000e+00,-5.0869565217391312e-02,-1,-1,7.5141776937620542e-04,wind_direction:18.4_m:degrees
1207,11,3.4560000610351562e+02,-7.7664473684210436e-02,1317,1318,1.0475058431440431e-03,wind_direction:18.4_m:degrees
1208,-2,-2.0000000000000000e+00,-5.6730769230769244e-02,-1,-1,5.0661982248526114e-04,wind_direction:18.4_m:degrees
1209,-2,-2.0000000000000000e+00,-1.3000000000000000e-01,-1,-1,0.0000000000000000e+00,wind_direction:18.4_m:degrees
1210,3,1.0106999816894531e+03,-4.8521739130434748e-02,1855,1856,6.3346691871455718e-04,pressure:18.4_m:hPa
1211,-2,-2.0000000000000000e+00,-2.8000000000000003e-01,-1,-1,0.0000000000000000e+00,wind_direction:18.4_m:degrees
1212,1,2.5420935058593750e+02,-1.3944444444444448e-01,1213,1214,1.6941358024691357e-03,azimuth:0_m:degrees
1213,-2,-2.0000000000000000e+00,-1.2137931034482760e-01,-1,-1,1.1567181926278383e-03,wind_direction:18.4_m:degrees
1214,1,2.8746726989746094e+02,-1.6039999999999999e-01,2021,2022,1.4998399999999433e-03,azimuth:0_m:degrees
1215,1,2.1226725006103516e+02,-5.2818181818181820e-01,1235,1236,4.8694214876032760e-03,azimuth:0_m:degrees
1216,-2,-2.0000000000000000e+00,-5.8428571428571430e-01,-1,-1,6.1020408163253714e-04,wind_direction:18.4_m:degrees
1217,11,1.2125000000000000e+02,-5.0620567375886501e-02,1221,1222,4.6078510889794103e-04,wind_direction:18.4_m:degrees
1218,7,1.7500000000000000e+00,-4.3238095238095180e-02,1219,1220,5.4485865457293173e-04,wave_height:0_m:m
1219,2,2.8005000305175781e+02,-4.1554770318021135e-02,1635,1636,5.2856030998847409e-04,water_sfc_temperature:0_m:K
1220,12,5.0777902652043849e-04,-5.8124999999999982e-02,1981,1982,4.4231770833333493e-04,bulk_richardson:18.4_m:none
1221,-2,-2.0000000000000000e+00,-3.0833333333333341e-02,-1,-1,4.5347222222222176e-04,wind_direction:18.4_m:degrees
1222,12,-5.3008019458502531e-03,-5.2461240310077512e-02,1865,1866,4.2165547443062191e-04,bulk_richardson:18.4_m:none
1223,-2,-2.0000000000000000e+00,-1.1277777777777780e-01,-1,-1,6.8672839506172222e-04,wind_direction:18.4_m:degrees
1224,11,1.0202999877929688e+02,-7.8622448979591877e-02,1451,1452,1.0231023531861675e-03,wind_direction:18.4_m:degrees
1225,-2,-2.0000000000000000e+00,-2.4823529411764711e-01,-1,-1,1.5557093425605656e-03,wind_direction:18.4_m:degrees
1226,-2,-2.0000000000000000e+00,-1.9300000000000000e-01,-1,-1,1.1009999999999631e-03,wind_direction:18.4_m:degrees
1227,-2,-2.0000000000000000e+00,-3.7000000000000005e-01,-1,-1,3.0000000000002247e-04,wind_direction:18.4_m:degrees
1228,-2,-2.0000000000000000e+00,-4.8999999999999999e-01,-1,-1,-5.5511151231257827e-17,wind_direction:18.4_m:degrees
1229,-2,-2.0000000000000000e+00,-1.8636363636363640e-01,-1,-1,1.2049586776859342e-03,wind_direction:18.4_m:degrees
1230,-2,-2.0000000000000000e+00,-1.2600000000000003e-01,-1,-1,6.6400000000000486e-04,wind_direction:18.4_m:degrees
1231,-2,-2.0000000000000000e+00,-2.0000000000000004e-01,-1,-1,-6.9388939039072284e-18,wind_direction:18.4_m:degrees
1232,4,1.4017681479454041e+00,-1.1954838709677415e-01,1419,1420,1.1539895941727607e-03,mixing_ratio:18.4_m:g_kg-1
1233,-2,-2.0000000000000000e+00,-2.2624999999999995e-01,-1,-1,1.2234375000000214e-03,wind_direction:18.4_m:degrees
1234,8,4.7999999523162842e+00,-1.7999999999999999e-01,1921,1922,1.9300000000000012e-03,wave_period:0_m:s
1235,4,3.6214634180068970e+00,-5.4777777777777770e-01,1237,1238,3.8395061728394020e-03,mixing_ratio:18.4_m:g_kg-1
1236,-2,-2.0000000000000000e+00,-4.4000000000000000e-01,-1,-1,2.7755575615628914e-17,wind_direction:18.4_m:degrees
1237,-2,-2.0000000000000000e+00,-6.8999999999999995e-01,-1,-1,0.0000000000000000e+00,wind_direction:18.4_m:degrees
1238,-2,-2.0000000000000000e+00,-5.3000000000000003e-01,-1,-1,1.4749999999999486e-03,wind_direction:18.4_m:degrees
1239,-2,-2.0000000000000000e+00,-1.1535714285714285e-01,-1,-1,1.0748724489795924e-03,wind_direction:18.4_m:degrees
1240,-2,-2.0000000000000000e+00,-1.5129032258064515e-01,-1,-1,4.9510926118626411e-04,wind_direction:18.4_m:degrees
1241,4,9.6869215965270996e+00,-6.7478260869565196e-02,1759,1760,6.2233648393195031e-04,mixing_ratio:18.4_m:g_kg-1
1242,9,8.9375228881835938e+01,-5.2935323383084557e-02,1243,1244,5.0879681196010088e-04,angle_between_wind_wave:0_m:degrees
1243,-2,-2.0000000000000000e+00,-4.1057692307692309e-02,-1,-1,4.6522744082840256e-04,wind_direction:18.4_m:degrees
1244,9,9.1892578125000000e+01,-5.7080536912751674e-02,1439,1440,4.5758411783253109e-04,angle_between_wind_wave:0_m:degrees
1245,3,1.0332999877929688e+03,-5.7429245283018820e-02,1349,1350,1.0940987673549352e-03,pressure:18.4_m:hPa
1246,-2,-2.0000000000000000e+00,4.0000000000000001e-02,-1,-1,4.4712497593302203e-16,wind_direction:18.4_m:degrees
1247,9,8.7088966369628906e+01,-4.2999999999999999e-01,1765,1766,3.1500000000000139e-03,angle_between_wind_wave:0_m:degrees
1248,8,6.9500000476837158e+00,-4.8608695652173906e-01,1249,1250,3.6759924385631748e-03,wave_period:0_m:s
1249,-2,-2.0000000000000000e+00,-5.0823529411764712e-01,-1,-1,2.6615916955018970e-03,wind_direction:18.4_m:degrees
1250,-2,-2.0000000000000000e+00,-4.2333333333333334e-01,-1,-1,1.2222222222220969e-03,wind_direction:18.4_m:degrees
1251,9,9.0302783966064453e+01,-2.2629629629629630e-01,1391,1392,2.2973936899863337e-03,angle_between_wind_wave:0_m:degrees
1252,-2,-2.0000000000000000e+00,-2.7888888888888891e-01,-1,-1,7.6543209876538121e-04,wind_direction:18.4_m:degrees
1253,-2,-2.0000000000000000e+00,-4.7749999999999998e-01,-1,-1,6.1874999999997349e-04,wind_direction:18.4_m:degrees
1254,-2,-2.0000000000000000e+00,-6.3000000000000000e-01,-1,-1,5.5511151231257827e-17,wind_direction:18.4_m:degrees
1255,-2,-2.0000000000000000e+00,-2.3000000000000001e-01,-1,-1,0.0000000000000000e+00,wind_direction:18.4_m:degrees
1256,-2,-2.0000000000000000e+00,-8.4285714285714283e-02,-1,-1,5.6734693877551201e-04,wind_direction:18.4_m:degrees
1257,10,8.5843005180358887e+00,-8.5238095238095252e-02,1259,1260,1.7630385487528311e-03,wind_speed:18.4_m:m_s-1
1258,-2,-2.0000000000000000e+00,-3.9090909090909093e-02,-1,-1,4.4462809917356376e-04,wind_direction:18.4_m:degrees
1259,-2,-2.0000000000000000e+00,-7.7105263157894732e-02,-1,-1,9.1530470914127394e-04,wind_direction:18.4_m:degrees
1260,9,8.9799243927001953e+01,-1.6250000000000001e-01,1825,1826,3.2187499999999543e-03,angle_between_wind_wave:0_m:degrees
1261,-2,-2.0000000000000000e+00,-2.7000000000000002e-01,-1,-1,0.0000000000000000e+00,wind_direction:18.4_m:degrees
1262,5,4.7399999618530273e+01,-2.0013698630136989e-01,1591,1592,1.1958716457121238e-03,relative_humidity:18.4_m:%
1263,-2,-2.0000000000000000e+00,-2.6000000000000001e-01,-1,-1,8.2222222222225194e-04,wind_direction:18.4_m:degrees
1264,-2,-2.0000000000000000e+00,-1.8833333333333335e-01,-1,-1,1.3888888888848039e-05,wind_direction:18.4_m:degrees
1265,-2,-2.0000000000000000e+00,-2.2000000000000000e-01,-1,-1,2.0000000000000018e-03,wind_direction:18.4_m:degrees
1266,4,6.0626001358032227e+00,-1.6130434782608696e-01,1973,1974,7.8525519848772138e-04,mixing_ratio:18.4_m:g_kg-1
1267,1,7.6194465637207031e+01,-7.5999999999999998e-02,1269,1270,1.3173333333333405e-03,azimuth:0_m:degrees
1268,12,-2.3941959254443645e-02,-1.1315789473684212e-01,1659,1660,1.1689750692520755e-03,bulk_richardson:18.4_m:none
1269,-2,-2.0000000000000000e+00,-1.3000000000000000e-01,-1,-1,1.0000000000000009e-03,wind_direction:18.4_m:degrees
1270,-2,-2.0000000000000000e+00,-6.7692307692307704e-02,-1,-1,8.4852071005917309e-04,wind_direction:18.4_m:degrees
1271,-2,-2.0000000000000000e+00,-1.0740740740740745e-01,-1,-1,6.2661179698215996e-04,wind_direction:18.4_m:degrees
1272,12,-1.2656189035624266e-02,-1.3823529411764710e-01,1685,1686,1.4321799307958454e-03,bulk_richardson:18.4_m:none
1273,5,9.5750000000000000e+01,-7.4787164374590324e-03,1717,1718,2.8028360071003118e-04,relative_humidity:18.4_m:%
1274,10,4.2920739650726318e+00,-1.6304347826086979e-03,1275,1276,6.9722090947278909e-04,wind_speed:18.4_m:m_s-1
1275,2,2.9366000366210938e+02,-2.4847001223990204e-03,1279,1280,5.1022773408999922e-04,water_sfc_temperature:0_m:K
1276,9,9.0987365722656250e+01,6.1818181818181814e-02,1277,1278,1.0505785123966977e-02,angle_between_wind_wave:0_m:degrees
1277,-2,-2.0000000000000000e+00,0.0000000000000000e+00,-1,-1,2.5000000000000001e-05,wind_direction:18.4_m:degrees
1278,-2,-2.0000000000000000e+00,2.2666666666666666e-01,-1,-1,1.0888888888888962e-03,wind_direction:18.4_m:degrees
1279,9,8.9395896911621094e+01,-3.0807453416149063e-03,1857,1858,4.1833509509663937e-04,angle_between_wind_wave:0_m:degrees
1280,2,2.9375500488281250e+02,3.7499999999999999e-02,1281,1282,5.0520833333333078e-03,water_sfc_temperature:0_m:K
1281,-2,-2.0000000000000000e+00,1.6000000000000000e-01,-1,-1,-3.4694469519536142e-18,wind_direction:18.4_m:degrees
1282,-2,-2.0000000000000000e+00,-3.3333333333333331e-03,-1,-1,6.6666666666668879e-05,wind_direction:18.4_m:degrees
1283,-2,-2.0000000000000000e+00,-7.7499999999999999e-02,-1,-1,1.5687499999999998e-03,wind_direction:18.4_m:degrees
1284,3,1.0056500244140625e+03,-1.5086956521739128e-01,1697,1698,1.4948960302457563e-03,pressure:18.4_m:hPa
1285,10,1.0568657875061035e+01,-1.0289156626506023e-01,1551,1552,6.5067498911306615e-04,wind_speed:18.4_m:m_s-1
1286,0,8.8104148864746094e+01,-7.7714285714285708e-02,2035,2036,5.4334693877551403e-04,zenith:0_m:degrees
1287,12,8.4823734359815717e-03,-3.4833333333333333e-01,1289,1290,5.0138888888888872e-03,bulk_richardson:18.4_m:none
1288,4,1.0160948276519775e+01,-2.8153846153846157e-01,1327,1328,1.6591715976331245e-03,mixing_ratio:18.4_m:g_kg-1
1289,-2,-2.0000000000000000e+00,-3.1799999999999995e-01,-1,-1,4.9600000000003808e-04,wind_direction:18.4_m:degrees
1290,-2,-2.0000000000000000e+00,-5.0000000000000000e-01,-1,-1,-1.1102230246251565e-16,wind_direction:18.4_m:degrees
1291,-2,-2.0000000000000000e+00,-2.3799999999999999e-01,-1,-1,7.2266666666666313e-04,wind_direction:18.4_m:degrees
1292,3,1.0127500000000000e+03,-2.8923076923076924e-01,1293,1294,2.9609467455621458e-03,pressure:18.4_m:hPa
1293,-2,-2.0000000000000000e+00,-3.2374999999999998e-01,-1,-1,1.0234374999999601e-03,wind_direction:18.4_m:degrees
1294,-2,-2.0000000000000000e+00,-2.3399999999999999e-01,-1,-1,1.1040000000000494e-03,wind_direction:18.4_m:degrees
1295,-2,-2.0000000000000000e+00,-5.2000000000000002e-01,-1,-1,0.0000000000000000e+00,wind_direction:18.4_m:degrees
1296,-2,-2.0000000000000000e+00,-3.8157894736842107e-01,-1,-1,2.2343490304709834e-03,wind_direction:18.4_m:degrees
1297,12,-7.4761778116226196e-01,-3.0102827763496074e-02,1889,1890,7.6451384804489004e-04,bulk_richardson:18.4_m:none
1298,-2,-2.0000000000000000e+00,-7.5555555555555542e-02,-1,-1,1.0024691358024125e-03,wind_direction:18.4_m:degrees
1299,-2,-2.0000000000000000e+00,-1.5714285714285717e-01,-1,-1,4.7755102040815747e-04,wind_direction:18.4_m:degrees
1300,-2,-2.0000000000000000e+00,-2.5000000000000000e-01,-1,-1,1.9999999999999185e-04,wind_direction:18.4_m:degrees
1301,12,-3.8195518776774406e-02,-4.8700000000000010e-01,1303,1304,2.7009999999999812e-03,bulk_richardson:18.4_m:none
1302,-2,-2.0000000000000000e+00,-4.0749999999999997e-01,-1,-1,1.7187500000000189e-03,wind_direction:18.4_m:degrees
1303,-2,-2.0000000000000000e+00,-4.1666666666666669e-01,-1,-1,3.5555555555555340e-04,wind_direction:18.4_m:degrees
1304,-2,-2.0000000000000000e+00,-5.1714285714285713e-01,-1,-1,6.7755102040806259e-04,wind_direction:18.4_m:degrees
1305,-2,-2.0000000000000000e+00,-4.3939393939393917e-02,-1,-1,3.7134986225895368e-04,wind_direction:18.4_m:degrees
1306,11,3.3010499572753906e+02,-6.4657534246575346e-02,1577,1578,1.0413210733721274e-03,wind_direction:18.4_m:degrees
1307,12,-2.3985727690160275e-02,-3.9363636363636362e-01,1309,1310,2.3231404958678481e-03,bulk_richardson:18.4_m:none
1308,-2,-2.0000000000000000e+00,-4.5999999999999996e-01,-1,-1,1.0799999999999976e-03,wind_direction:18.4_m:degrees
1309,5,4.9449998855590820e+01,-3.8399999999999995e-01,1937,1938,1.5340000000000076e-03,relative_humidity:18.4_m:%
1310,-2,-2.0000000000000000e+00,-4.8999999999999999e-01,-1,-1,-2.2204460492503131e-16,wind_direction:18.4_m:degrees
1311,-2,-2.0000000000000000e+00,-7.1000000000000008e-02,-1,-1,4.0899999999999964e-04,wind_direction:18.4_m:degrees
1312,12,-5.2014173939824104e-02,-1.1760869565217391e-01,1945,1946,1.7225425330812776e-03,bulk_richardson:18.4_m:none
1313,-2,-2.0000000000000000e+00,-1.2999999999999998e-01,-1,-1,8.1666666666667387e-04,wind_direction:18.4_m:degrees
1314,-2,-2.0000000000000000e+00,-1.9666666666666668e-01,-1,-1,2.2222222222222088e-05,wind_direction:18.4_m:degrees
1315,-2,-2.0000000000000000e+00,-2.6071428571428573e-01,-1,-1,7.6377551020406775e-04,wind_direction:18.4_m:degrees
1316,-2,-2.0000000000000000e+00,-3.3000000000000002e-01,-1,-1,5.2000000000010371e-04,wind_direction:18.4_m:degrees
1317,9,8.9488849639892578e+01,-7.5145985401459850e-02,1655,1656,9.6950423570782516e-04,angle_between_wind_wave:0_m:degrees
1318,-2,-2.0000000000000000e+00,-1.0066666666666667e-01,-1,-1,1.1728888888889212e-03,wind_direction:18.4_m:degrees
1319,0,8.0858531951904297e+01,-2.7833333333333327e-01,1321,1322,2.5472222222222562e-03,zenith:0_m:degrees
1320,-2,-2.0000000000000000e+00,-2.2888888888888889e-01,-1,-1,3.6543209876546690e-04,wind_direction:18.4_m:degrees
1321,-2,-2.0000000000000000e+00,-1.9000000000000000e-01,-1,-1,1.1000000000000038e-03,wind_direction:18.4_m:degrees
1322,4,1.8594763278961182e+00,-2.8937499999999994e-01,1323,1324,1.6308593750000294e-03,mixing_ratio:18.4_m:g_kg-1
1323,-2,-2.0000000000000000e+00,-1.7999999999999999e-01,-1,-1,0.0000000000000000e+00,wind_direction:18.4_m:degrees
1324,9,8.8975528717041016e+01,-2.9666666666666663e-01,1843,1844,8.8888888888892514e-04,angle_between_wind_wave:0_m:degrees
1325,11,2.9036000061035156e+02,-2.7000000000000002e-01,1703,1704,2.7749999999999858e-03,wind_direction:18.4_m:degrees
1326,-2,-2.0000000000000000e+00,-2.0374999999999999e-01,-1,-1,7.9843750000000574e-04,wind_direction:18.4_m:degrees
1327,-2,-2.0000000000000000e+00,-2.5250000000000000e-01,-1,-1,3.6875000000000102e-04,wind_direction:18.4_m:degrees
1328,-2,-2.0000000000000000e+00,-3.2800000000000001e-01,-1,-1,2.1599999999999397e-04,wind_direction:18.4_m:degrees
1329,-2,-2.0000000000000000e+00,-2.2714285714285712e-01,-1,-1,2.4897959183674961e-04,wind_direction:18.4_m:degrees
1330,2,2.7684500122070312e+02,-3.0999999999999994e-01,1891,1892,3.7499999999999478e-03,water_sfc_temperature:0_m:K
1331,10,8.0632934570312500e+00,-9.0412371134020592e-02,1739,1740,1.0802423211818436e-03,wind_speed:18.4_m:m_s-1
1332,3,1.0270000000000000e+03,-1.1800000000000001e-01,1333,1334,1.6493333333333429e-03,pressure:18.4_m:hPa
1333,6,2.1750000000000000e+02,-1.3208333333333330e-01,1681,1682,8.9982638888889271e-04,wave_direction:0_m:degrees
1334,-2,-2.0000000000000000e+00,-6.1666666666666668e-02,-1,-1,6.8055555555555014e-04,wind_direction:18.4_m:degrees
1335,10,1.0664472103118896e+01,-1.7449999999999996e-01,1819,1820,1.2047500000000148e-03,wind_speed:18.4_m:m_s-1
1336,5,3.8450000762939453e+01,-2.2153846153846152e-01,1519,1520,2.1514792899407845e-03,relative_humidity:18.4_m:%
1337,-2,-2.0000000000000000e+00,-1.8808510638297876e-01,-1,-1,1.1388863739248342e-03,wind_direction:18.4_m:degrees
1338,-2,-2.0000000000000000e+00,-2.6666666666666666e-01,-1,-1,3.5555555555549789e-04,wind_direction:18.4_m:degrees
1339,1,3.0506875610351562e+02,-2.2857142857142856e-01,1851,1852,1.2598639455781990e-03,azimuth:0_m:degrees
1340,-2,-2.0000000000000000e+00,-3.1000000000000000e-01,-1,-1,6.9388939039072284e-17,wind_direction:18.4_m:degrees
1341,-2,-2.0000000000000000e+00,-3.5102040816326542e-02,-1,-1,3.4743856726363802e-04,wind_direction:18.4_m:degrees
1342,-2,-2.0000000000000000e+00,-6.1600000000000009e-02,-1,-1,5.0944000000000119e-04,wind_direction:18.4_m:degrees
1343,-2,-2.0000000000000000e+00,-7.5454545454545455e-02,-1,-1,5.0964187327823696e-04,wind_direction:18.4_m:degrees
1344,-2,-2.0000000000000000e+00,-5.7525423728813592e-02,-1,-1,3.7319850617637809e-04,wind_direction:18.4_m:degrees
1345,-2,-2.0000000000000000e+00,-1.4399999999999999e-01,-1,-1,5.4400000000000281e-04,wind_direction:18.4_m:degrees
1346,-2,-2.0000000000000000e+00,-2.3999999999999999e-01,-1,-1,7.9999999999998822e-04,wind_direction:18.4_m:degrees
1347,-2,-2.0000000000000000e+00,-3.1727272727272726e-01,-1,-1,7.8347107438016261e-04,wind_direction:18.4_m:degrees
1348,-2,-2.0000000000000000e+00,-1.7999999999999999e-01,-1,-1,1.4571677198205180e-16,wind_direction:18.4_m:degrees
1349,12,-6.7112978547811508e-02,-5.6990521327014168e-02,1351,1352,1.0584785831405448e-03,bulk_richardson:18.4_m:none
1350,-2,-2.0000000000000000e+00,-1.4999999999999999e-01,-1,-1,-9.1940344226770776e-16,wind_direction:18.4_m:degrees
1351,10,6.9495487213134766e+00,-6.8230088495575214e-02,1353,1354,1.7402302451249132e-03,wind_speed:18.4_m:m_s-1
1352,3,1.0109500122070312e+03,-5.2880258899676354e-02,1355,1356,7.4607304070967509e-04,pressure:18.4_m:hPa
1353,-2,-2.0000000000000000e+00,-2.3000000000000001e-01,-1,-1,0.0000000000000000e+00,wind_direction:18.4_m:degrees
1354,9,8.9052009582519531e+01,-6.6785714285714295e-02,1357,1358,1.5200255102040816e-03,angle_between_wind_wave:0_m:degrees
1355,0,4.5792331695556641e+01,-6.5247524752475250e-02,1359,1360,8.7642388001176168e-04,zenith:0_m:degrees
1356,12,-6.4149133861064911e-02,-4.6874999999999965e-02,1651,1652,5.7244591346154120e-04,bulk_richardson:18.4_m:none
1357,-2,-2.0000000000000000e+00,-9.7894736842105257e-02,-1,-1,9.3240997229917036e-04,wind_direction:18.4_m:degrees
1358,7,1.3499999642372131e+00,-6.0430107526881709e-02,1431,1432,1.4019655451497294e-03,wave_height:0_m:m
1359,-2,-2.0000000000000000e+00,-4.4137931034482769e-02,-1,-1,3.0011890606420873e-04,wind_direction:18.4_m:degrees
1360,0,5.3588924407958984e+01,-7.3750000000000010e-02,1997,1998,8.5677083333332918e-04,zenith:0_m:degrees
1361,-2,-2.0000000000000000e+00,-1.3666666666666666e-01,-1,-1,8.7555555555556691e-04,wind_direction:18.4_m:degrees
1362,-2,-2.0000000000000000e+00,-7.3333333333333334e-02,-1,-1,2.2222222222222088e-05,wind_direction:18.4_m:degrees
1363,-2,-2.0000000000000000e+00,-1.2625000000000000e-01,-1,-1,1.1567708333333204e-03,wind_direction:18.4_m:degrees
1364,-2,-2.0000000000000000e+00,-2.6000000000000001e-01,-1,-1,1.1102230246251565e-16,wind_direction:18.4_m:degrees
1365,2,2.7532499694824219e+02,8.4285714285714294e-03,1367,1368,2.1189591836734689e-03,water_sfc_temperature:0_m:K
1366,-2,-2.0000000000000000e+00,-7.5639300134588945e-03,-1,-1,3.3726879316872156e-04,wind_direction:18.4_m:degrees
1367,-2,-2.0000000000000000e+00,-2.2000000000000000e-01,-1,-1,0.0000000000000000e+00,wind_direction:18.4_m:degrees
1368,10,5.4132444858551025e+00,1.1739130434782610e-02,1369,1370,1.3824826717076244e-03,wind_speed:18.4_m:m_s-1
1369,6,2.0650000000000000e+02,6.8181818181818187e-03,1371,1372,8.8836088154269977e-04,wave_direction:0_m:degrees
1370,-2,-2.0000000000000000e+00,1.2000000000000000e-01,-1,-1,-3.4694469519536142e-18,wind_direction:18.4_m:degrees
1371,-2,-2.0000000000000000e+00,2.9687500000000000e-03,-1,-1,4.2712402343750001e-04,wind_direction:18.4_m:degrees
1372,-2,-2.0000000000000000e+00,1.3000000000000000e-01,-1,-1,0.0000000000000000e+00,wind_direction:18.4_m:degrees
1373,-2,-2.0000000000000000e+00,-1.4999999999999999e-01,-1,-1,0.0000000000000000e+00,wind_direction:18.4_m:degrees
1374,-2,-2.0000000000000000e+00,-5.0769230769230775e-02,-1,-1,4.3786982248520756e-04,wind_direction:18.4_m:degrees
1375,12,6.4295428991317749e-01,-2.6363636363636367e-02,1377,1378,3.6110192837465549e-03,bulk_richardson:18.4_m:none
1376,-2,-2.0000000000000000e+00,-3.5246132208157357e-03,-1,-1,4.2490480909793561e-04,wind_direction:18.4_m:degrees
1377,-2,-2.0000000000000000e+00,-1.6250000000000004e-02,-1,-1,3.4843749999999984e-04,wind_direction:18.4_m:degrees
1378,-2,-2.0000000000000000e+00,-3.4999999999999998e-01,-1,-1,-1.3877787807814457e-17,wind_direction:18.4_m:degrees
1379,-2,-2.0000000000000000e+00,-2.3666666666666666e-01,-1,-1,3.5555555555556034e-04,wind_direction:18.4_m:degrees
1380,5,6.0600000381469727e+01,-1.5818181818181817e-01,1381,1382,1.6209366391184594e-03,relative_humidity:18.4_m:%
1381,-2,-2.0000000000000000e+00,-1.4740740740740743e-01,-1,-1,9.6735253772291946e-04,wind_direction:18.4_m:degrees
1382,-2,-2.0000000000000000e+00,-2.0666666666666667e-01,-1,-1,1.6888888888888162e-03,wind_direction:18.4_m:degrees
1383,-2,-2.0000000000000000e+00,-1.3913043478260867e-01,-1,-1,3.7750472589791195e-04,wind_direction:18.4_m:degrees
1384,-2,-2.0000000000000000e+00,-9.5454545454545445e-02,-1,-1,7.3388429752065804e-04,wind_direction:18.4_m:degrees
1385,-2,-2.0000000000000000e+00,-3.1346153846153846e-01,-1,-1,1.3841715976331409e-03,wind_direction:18.4_m:degrees
1386,-2,-2.0000000000000000e+00,-2.5000000000000000e-01,-1,-1,2.8000000000005798e-04,wind_direction:18.4_m:degrees
1387,-2,-2.0000000000000000e+00,-1.0296296296296299e-01,-1,-1,4.2085048010973361e-04,wind_direction:18.4_m:degrees
1388,-2,-2.0000000000000000e+00,-7.2631578947368436e-02,-1,-1,5.1061865189289731e-04,wind_direction:18.4_m:degrees
1389,12,-5.3131610155105591e-02,-2.6300000000000001e-01,1575,1576,2.2009999999999946e-03,bulk_richardson:18.4_m:none
1390,-2,-2.0000000000000000e+00,-2.0928571428571427e-01,-1,-1,8.2091836734690671e-04,wind_direction:18.4_m:degrees
1391,5,5.3949998855590820e+01,-2.4100000000000002e-01,1393,1394,1.9189999999999902e-03,relative_humidity:18.4_m:%
1392,-2,-2.0000000000000000e+00,-1.8428571428571430e-01,-1,-1,9.9591836734698458e-04,wind_direction:18.4_m:degrees
1393,-2,-2.0000000000000000e+00,-2.3210526315789473e-01,-1,-1,4.3767313019389686e-04,wind_direction:18.4_m:degrees
1394,-2,-2.0000000000000000e+00,-4.0999999999999998e-01,-1,-1,2.7755575615628914e-17,wind_direction:18.4_m:degrees
1395,-2,-2.0000000000000000e+00,-1.7333333333333334e-01,-1,-1,5.5555555555556607e-04,wind_direction:18.4_m:degrees
1396,-2,-2.0000000000000000e+00,-9.0000000000000011e-02,-1,-1,2.9999999999999298e-04,wind_direction:18.4_m:degrees
1397,4,8.5911374092102051e+00,-6.4200000000000007e-02,1399,1400,1.4523599999999998e-03,mixing_ratio:18.4_m:g_kg-1
1398,2,2.9344500732421875e+02,-8.3859060402684538e-02,1929,1930,4.4517476690240053e-04,water_sfc_temperature:0_m:K
1399,0,6.8818439483642578e+01,-1.0583333333333333e-01,1955,1956,1.2076388888888883e-03,zenith:0_m:degrees
1400,11,1.3174500274658203e+02,-5.1052631578947384e-02,1401,1402,8.0941828254847692e-04,wind_direction:18.4_m:degrees
1401,-2,-2.0000000000000000e+00,-5.8235294117647080e-02,-1,-1,4.1453287197231554e-04,wind_direction:18.4_m:degrees
1402,-2,-2.0000000000000000e+00,1.0000000000000000e-02,-1,-1,2.6834003769016235e-18,wind_direction:18.4_m:degrees
1403,3,1.0282999877929688e+03,-1.6120689655172424e-02,1995,1996,1.0047785374554105e-03,pressure:18.4_m:hPa
1404,10,1.5953415632247925e+00,-3.9285714285714292e-02,1405,1406,1.2637755102040797e-03,wind_speed:18.4_m:m_s-1
1405,-2,-2.0000000000000000e+00,-1.9000000000000000e-01,-1,-1,0.0000000000000000e+00,wind_direction:18.4_m:degrees
1406,-2,-2.0000000000000000e+00,-3.5609756097560986e-02,-1,-1,7.2706722189173141e-04,wind_direction:18.4_m:degrees
1407,-2,-2.0000000000000000e+00,-2.8777777777777780e-01,-1,-1,1.1728395061728347e-03,wind_direction:18.4_m:degrees
1408,5,7.8200000762939453e+01,-2.4025641025641023e-01,1853,1854,1.2999342537803535e-03,relative_humidity:18.4_m:%
1409,-2,-2.0000000000000000e+00,-7.6734693877551038e-02,-1,-1,5.7709287796752027e-04,wind_direction:18.4_m:degrees
1410,-2,-2.0000000000000000e+00,-1.0514285714285715e-01,-1,-1,5.2783673469387893e-04,wind_direction:18.4_m:degrees
1411,-2,-2.0000000000000000e+00,-1.1285714285714286e-01,-1,-1,3.0612244897959030e-04,wind_direction:18.4_m:degrees
1412,-2,-2.0000000000000000e+00,-1.0000000000000000e-02,-1,-1,9.9999999999999720e-05,wind_direction:18.4_m:degrees
1413,-2,-2.0000000000000000e+00,-1.1333333333333334e-01,-1,-1,3.5555555555555687e-04,wind_direction:18.4_m:degrees
1414,-2,-2.0000000000000000e+00,-1.9159999999999999e-01,-1,-1,7.8943999999998848e-04,wind_direction:18.4_m:degrees
1415,-2,-2.0000000000000000e+00,-8.2000000000000003e-02,-1,-1,8.5599999999999999e-04,wind_direction:18.4_m:degrees
1416,-2,-2.0000000000000000e+00,-1.4705882352941177e-01,-1,-1,6.5605536332179540e-04,wind_direction:18.4_m:degrees
1417,-2,-2.0000000000000000e+00,-1.2680851063829790e-01,-1,-1,7.0683567224988017e-04,wind_direction:18.4_m:degrees
1418,9,9.0362125396728516e+01,-1.4826388888888886e-01,1837,1838,8.9629147376544399e-04,angle_between_wind_wave:0_m:degrees
1419,-2,-2.0000000000000000e+00,-1.8250000000000000e-01,-1,-1,1.8750000000004874e-05,wind_direction:18.4_m:degrees
1420,8,8.5999999046325684e+00,-1.1788079470198669e-01,1543,1544,1.0763036708916346e-03,wave_period:0_m:s
1421,-2,-2.0000000000000000e+00,8.9999999999999997e-02,-1,-1,0.0000000000000000e+00,wind_direction:18.4_m:degrees
1422,-2,-2.0000000000000000e+00,-3.7182481751824814e-02,-1,-1,3.5264553252703197e-04,wind_direction:18.4_m:degrees
1423,10,1.0139647960662842e+01,-1.4404255319148934e-01,1425,1426,1.6155726573110034e-03,wind_speed:18.4_m:m_s-1
1424,-2,-2.0000000000000000e+00,-1.7999999999999997e-01,-1,-1,5.4117647058816998e-04,wind_direction:18.4_m:degrees
1425,3,1.0311499633789062e+03,-1.5292682926829265e-01,1803,1804,1.2011897679952456e-03,pressure:18.4_m:hPa
1426,-2,-2.0000000000000000e+00,-8.3333333333333329e-02,-1,-1,2.2222222222221047e-04,wind_direction:18.4_m:degrees
1427,-2,-2.0000000000000000e+00,-9.1538461538461541e-02,-1,-1,3.6173570019723891e-04,wind_direction:18.4_m:degrees
1428,7,1.0500000119209290e+00,-6.4400000000000013e-02,1579,1580,7.2463999999999775e-04,wave_height:0_m:m
1429,-2,-2.0000000000000000e+00,-7.2999999999999998e-01,-1,-1,8.5000000000001741e-04,wind_direction:18.4_m:degrees
1430,-2,-2.0000000000000000e+00,-6.2000000000000000e-01,-1,-1,1.6653345369377348e-16,wind_direction:18.4_m:degrees
1431,8,5.2999999523162842e+00,-5.7640449438202263e-02,1705,1706,1.1753313975508164e-03,wave_period:0_m:s
1432,-2,-2.0000000000000000e+00,-1.2250000000000001e-01,-1,-1,2.4187499999999695e-03,wind_direction:18.4_m:degrees
1433,11,2.9193499755859375e+02,-3.3909090909090911e-01,1745,1746,1.2991735537190019e-03,wind_direction:18.4_m:degrees
1434,-2,-2.0000000000000000e+00,-2.6500000000000001e-01,-1,-1,6.2499999999995892e-04,wind_direction:18.4_m:degrees
1435,-2,-2.0000000000000000e+00,-2.2941176470588234e-01,-1,-1,5.1141868512109140e-04,wind_direction:18.4_m:degrees
1436,-2,-2.0000000000000000e+00,-1.5000000000000002e-01,-1,-1,2.0000000000003695e-04,wind_direction:18.4_m:degrees
1437,3,1.0070499877929688e+03,-5.4324324324324318e-02,1961,1962,7.4954346238129826e-04,pressure:18.4_m:hPa
1438,-2,-2.0000000000000000e+00,-7.8965517241379318e-02,-1,-1,4.3686087990488058e-04,wind_direction:18.4_m:degrees
1439,-2,-2.0000000000000000e+00,-5.8373702422145346e-02,-1,-1,4.0323750912943900e-04,wind_direction:18.4_m:degrees
1440,-2,-2.0000000000000000e+00,-1.5555555555555553e-02,-1,-1,4.2469135802477621e-04,wind_direction:18.4_m:degrees
1441,-2,-2.0000000000000000e+00,8.6666666666666670e-02,-1,-1,2.2222222222221220e-05,wind_direction:18.4_m:degrees
1442,-2,-2.0000000000000000e+00,6.6666666666666671e-03,-1,-1,6.7555555555555522e-04,wind_direction:18.4_m:degrees
1443,10,7.3486344814300537e+00,-6.9728682170542636e-02,1445,1446,7.8015894477495573e-04,wind_speed:18.4_m:m_s-1
1444,1,8.6348091125488281e+01,-1.0055555555555556e-01,1587,1588,1.3719135802469484e-03,azimuth:0_m:degrees
1445,-2,-2.0000000000000000e+00,-6.4336734693877559e-02,-1,-1,7.6843763015410366e-04,wind_direction:18.4_m:degrees
1446,-2,-2.0000000000000000e+00,-8.6774193548387099e-02,-1,-1,4.3475546305929338e-04,wind_direction:18.4_m:degrees
1447,-2,-2.0000000000000000e+00,-1.5885714285714281e-02,-1,-1,3.7964408163265327e-04,wind_direction:18.4_m:degrees
1448,10,6.9111142158508301e+00,-2.6202651515151477e-02,1449,1450,4.9059908387855870e-04,wind_speed:18.4_m:m_s-1
1449,6,2.1950000000000000e+02,-2.1706783369803008e-02,1605,1606,4.8680242663359959e-04,wave_direction:0_m:degrees
1450,-2,-2.0000000000000000e+00,-2.9632721202003248e-02,-1,-1,4.6630917974029625e-04,wind_direction:18.4_m:degrees
1451,-2,-2.0000000000000000e+00,-3.5000000000000003e-02,-1,-1,7.5000000000000002e-04,wind_direction:18.4_m:degrees
1452,11,1.9661499786376953e+02,-8.0478723404255326e-02,1561,1562,9.5030273879582669e-04,wind_direction:18.4_m:degrees
1453,-2,-2.0000000000000000e+00,-3.1500000000000000e-01,-1,-1,9.2500000000003690e-04,wind_direction:18.4_m:degrees
1454,-2,-2.0000000000000000e+00,-2.4888888888888891e-01,-1,-1,1.0543209876543239e-03,wind_direction:18.4_m:degrees
1455,-2,-2.0000000000000000e+00,-7.6923076923076941e-02,-1,-1,4.3668639053254243e-04,wind_direction:18.4_m:degrees
1456,-2,-2.0000000000000000e+00,-3.1818181818181815e-02,-1,-1,1.1966942148760311e-03,wind_direction:18.4_m:degrees
1457,10,1.8317119598388672e+01,-6.7699999999999994e-01,1461,1462,2.1810000000000995e-03,wind_speed:18.4_m:m_s-1
1458,6,1.6950000000000000e+02,-6.2333333333333341e-01,1459,1460,3.2888888888886192e-03,wave_direction:0_m:degrees
1459,5,9.3700000762939453e+01,-6.6333333333333344e-01,1905,1906,2.1555555555555217e-03,relative_humidity:18.4_m:%
1460,-2,-2.0000000000000000e+00,-5.8333333333333337e-01,-1,-1,1.2222222222220691e-03,wind_direction:18.4_m:degrees
1461,-2,-2.0000000000000000e+00,-6.1333333333333329e-01,-1,-1,8.8888888888971618e-05,wind_direction:18.4_m:degrees
1462,-2,-2.0000000000000000e+00,-7.0428571428571429e-01,-1,-1,5.9591836734695924e-04,wind_direction:18.4_m:degrees
1463,3,1.0141499938964844e+03,-1.0928571428571431e-01,1625,1626,1.5352040816326556e-03,pressure:18.4_m:hPa
1464,-2,-2.0000000000000000e+00,-5.3750000000000006e-02,-1,-1,1.4843749999999319e-04,wind_direction:18.4_m:degrees
1465,-2,-2.0000000000000000e+00,-1.4058823529411765e-01,-1,-1,3.2318339100345997e-04,wind_direction:18.4_m:degrees
1466,-2,-2.0000000000000000e+00,-2.0999999999999999e-01,-1,-1,-1.3877787807814457e-17,wind_direction:18.4_m:degrees
1467,-2,-2.0000000000000000e+00,-1.4583333333333334e-01,-1,-1,1.2430555555555112e-04,wind_direction:18.4_m:degrees
1468,-2,-2.0000000000000000e+00,-1.8729729729729733e-01,-1,-1,1.0845872899927014e-03,wind_direction:18.4_m:degrees
1469,-2,-2.0000000000000000e+00,-3.6166666666666664e-01,-1,-1,9.1388888888890851e-04,wind_direction:18.4_m:degrees
1470,10,1.4485395908355713e+01,-3.0710526315789477e-01,1471,1472,2.0258310249307021e-03,wind_speed:18.4_m:m_s-1
1471,3,1.0127500000000000e+03,-2.9970588235294121e-01,1749,1750,1.6087370242214294e-03,pressure:18.4_m:hPa
1472,-2,-2.0000000000000000e+00,-3.7000000000000000e-01,-1,-1,1.1499999999998178e-03,wind_direction:18.4_m:degrees
1473,4,1.1229663491249084e+00,-1.2725806451612903e-01,1475,1476,2.0134495317377862e-03,mixing_ratio:18.4_m:g_kg-1
1474,-2,-2.0000000000000000e+00,-1.5127659574468086e-01,-1,-1,1.8664554096876167e-03,wind_direction:18.4_m:degrees
1475,-2,-2.0000000000000000e+00,-1.6615384615384615e-01,-1,-1,1.5005917159763363e-03,wind_direction:18.4_m:degrees
1476,4,1.2310988903045654e+00,-1.1693877551020412e-01,1661,1662,1.6416493127863405e-03,mixing_ratio:18.4_m:g_kg-1
1477,-2,-2.0000000000000000e+00,-2.7567567567567581e-02,-1,-1,5.1570489408327158e-04,wind_direction:18.4_m:degrees
1478,10,7.0751509666442871e+00,-4.3675496688741690e-02,1479,1480,5.7423906846191543e-04,wind_speed:18.4_m:m_s-1
1479,-2,-2.0000000000000000e+00,-3.8457711442786049e-02,-1,-1,3.3344224152867638e-04,wind_direction:18.4_m:degrees
1480,12,-9.4117280095815659e-02,-5.4059405940594052e-02,1481,1482,8.9144201548868769e-04,bulk_richardson:18.4_m:none
1481,-2,-2.0000000000000000e+00,3.5000000000000003e-02,-1,-1,2.4999999999999849e-05,wind_direction:18.4_m:degrees
1482,-2,-2.0000000000000000e+00,-5.5858585858585844e-02,-1,-1,7.4547495153555942e-04,wind_direction:18.4_m:degrees
1483,-2,-2.0000000000000000e+00,-2.1166666666666667e-01,-1,-1,2.1388888888888846e-04,wind_direction:18.4_m:degrees
1484,10,1.0993438720703125e+01,-1.5782608695652173e-01,1485,1486,1.8604914933837424e-03,wind_speed:18.4_m:m_s-1
1485,-2,-2.0000000000000000e+00,-1.4974358974358973e-01,-1,-1,1.4486522024983670e-03,wind_direction:18.4_m:degrees
1486,-2,-2.0000000000000000e+00,-2.0285714285714285e-01,-1,-1,1.7632653061223288e-03,wind_direction:18.4_m:degrees
1487,-2,-2.0000000000000000e+00,-5.0000000000000003e-02,-1,-1,8.5000000000000006e-04,wind_direction:18.4_m:degrees
1488,4,4.1656441688537598e+00,-1.1320388349514565e-01,1489,1490,1.2994438684136144e-03,mixing_ratio:18.4_m:g_kg-1
1489,10,8.3560533523559570e+00,-1.1560000000000002e-01,1491,1492,1.1246399999999910e-03,wind_speed:18.4_m:m_s-1
1490,-2,-2.0000000000000000e+00,-3.3333333333333333e-02,-1,-1,5.5555555555567579e-04,wind_direction:18.4_m:degrees
1491,3,1.0160500183105469e+03,-1.4999999999999999e-01,1571,1572,1.2588235294117671e-03,pressure:18.4_m:hPa
1492,6,1.9200000000000000e+02,-1.0855421686746981e-01,1797,1798,8.0513862679633570e-04,wave_direction:0_m:degrees
1493,-2,-2.0000000000000000e+00,-3.3000000000000002e-01,-1,-1,1.7333333333332951e-03,wind_direction:18.4_m:degrees
1494,-2,-2.0000000000000000e+00,-2.5000000000000000e-01,-1,-1,1.2000000000000621e-03,wind_direction:18.4_m:degrees
1495,5,8.9700000762939453e+01,-6.8476821192052936e-02,1497,1498,9.9503091969650476e-04,relative_humidity:18.4_m:%
1496,-2,-2.0000000000000000e+00,3.3333333333333340e-03,-1,-1,5.5555555555579365e-04,wind_direction:18.4_m:degrees
1497,3,9.9850000000000000e+02,-8.4428571428571422e-02,1499,1500,1.8332448979591831e-03,pressure:18.4_m:hPa
1498,9,8.8524356842041016e+01,-6.3663793103448260e-02,1869,1870,6.4218006837099290e-04,angle_between_wind_wave:0_m:degrees
1499,1,2.8291282653808594e+02,-1.2818181818181820e-01,1501,1502,2.9603305785123914e-03,azimuth:0_m:degrees
1500,-2,-2.0000000000000000e+00,-7.6271186440677957e-02,-1,-1,1.1996552714737142e-03,wind_direction:18.4_m:degrees
1501,-2,-2.0000000000000000e+00,-9.7500000000000003e-02,-1,-1,6.1874999999999951e-04,wind_direction:18.4_m:degrees
1502,-2,-2.0000000000000000e+00,-2.0999999999999999e-01,-1,-1,0.0000000000000000e+00,wind_direction:18.4_m:degrees
1503,-2,-2.0000000000000000e+00,-9.7500000000000003e-02,-1,-1,7.1875000000000064e-04,wind_direction:18.4_m:degrees
1504,-2,-2.0000000000000000e+00,-1.6800000000000001e-01,-1,-1,8.1599999999999034e-04,wind_direction:18.4_m:degrees
1505,-2,-2.0000000000000000e+00,-5.6666666666666664e-02,-1,-1,1.4222222222222223e-03,wind_direction:18.4_m:degrees
1506,9,8.8986492156982422e+01,-1.2969230769230772e-01,1781,1782,1.3722130177514918e-03,angle_between_wind_wave:0_m:degrees
1507,-2,-2.0000000000000000e+00,2.0000000000000000e-02,-1,-1,0.0000000000000000e+00,wind_direction:18.4_m:degrees
1508,4,1.3285295009613037e+01,-1.0385964912280701e-01,1877,1878,7.2896275777163157e-04,mixing_ratio:18.4_m:g_kg-1
1509,-2,-2.0000000000000000e+00,-1.9636363636363638e-01,-1,-1,6.9586776859505844e-04,wind_direction:18.4_m:degrees
1510,-2,-2.0000000000000000e+00,-7.0000000000000007e-02,-1,-1,-1.3530843112619095e-16,wind_direction:18.4_m:degrees
1511,4,1.2301110625267029e+00,-1.6552631578947374e-01,1539,1540,1.4405124653739769e-03,mixing_ratio:18.4_m:g_kg-1
1512,3,1.0201499938964844e+03,-1.9350000000000001e-01,1513,1514,1.6027499999999792e-03,pressure:18.4_m:hPa
1513,7,1.6500000357627869e+00,-1.8529411764705880e-01,1603,1604,1.4366782006920362e-03,wave_height:0_m:m
1514,-2,-2.0000000000000000e+00,-2.3999999999999999e-01,-1,-1,6.2450045135165055e-17,wind_direction:18.4_m:degrees
1515,-2,-2.0000000000000000e+00,-1.7333333333333334e-01,-1,-1,5.8888888888888880e-04,wind_direction:18.4_m:degrees
1516,-2,-2.0000000000000000e+00,-2.3357142857142860e-01,-1,-1,1.0801020408163081e-03,wind_direction:18.4_m:degrees
1517,-2,-2.0000000000000000e+00,-2.9666666666666663e-01,-1,-1,2.2222222222242904e-05,wind_direction:18.4_m:degrees
1518,-2,-2.0000000000000000e+00,-2.1866666666666665e-01,-1,-1,9.4488888888888400e-04,wind_direction:18.4_m:degrees
1519,-2,-2.0000000000000000e+00,-3.4000000000000002e-01,-1,-1,0.0000000000000000e+00,wind_direction:18.4_m:degrees
1520,-2,-2.0000000000000000e+00,-2.1166666666666667e-01,-1,-1,1.0638888888888851e-03,wind_direction:18.4_m:degrees
1521,-2,-2.0000000000000000e+00,-2.1818181818181823e-02,-1,-1,6.9421487603305563e-05,wind_direction:18.4_m:degrees
1522,6,1.2450000000000000e+02,-6.0841121495327118e-02,1893,1894,7.1985326229365111e-04,wave_direction:0_m:degrees
1523,-2,-2.0000000000000000e+00,-2.0499999999999999e-01,-1,-1,2.7500000000001135e-04,wind_direction:18.4_m:degrees
1524,-2,-2.0000000000000000e+00,-1.4875000000000005e-01,-1,-1,4.1093750000000331e-04,wind_direction:18.4_m:degrees
1525,-2,-2.0000000000000000e+00,-1.7066666666666666e-01,-1,-1,3.1288888888889380e-04,wind_direction:18.4_m:degrees
1526,-2,-2.0000000000000000e+00,-2.1642857142857141e-01,-1,-1,1.6581632653061423e-04,wind_direction:18.4_m:degrees
1527,-2,-2.0000000000000000e+00,-4.8717948717948718e-02,-1,-1,4.9835634451019135e-04,wind_direction:18.4_m:degrees
1528,-2,-2.0000000000000000e+00,-3.1347517730496446e-02,-1,-1,4.6697852220713523e-04,wind_direction:18.4_m:degrees
1529,-2,-2.0000000000000000e+00,-1.8000000000000002e-01,-1,-1,6.6666666666666263e-05,wind_direction:18.4_m:degrees
1530,12,-3.2331959344446659e-02,-2.5520000000000004e-01,1531,1532,8.9696000000001608e-04,bulk_richardson:18.4_m:none
1531,-2,-2.0000000000000000e+00,-2.9571428571428571e-01,-1,-1,5.3061224489808767e-05,wind_direction:18.4_m:degrees
1532,-2,-2.0000000000000000e+00,-2.3944444444444443e-01,-1,-1,3.3858024691355709e-04,wind_direction:18.4_m:degrees
1533,12,-2.4664901196956635e-02,-1.1066666666666670e-01,1535,1536,1.3462222222222226e-03,bulk_richardson:18.4_m:none
1534,-2,-2.0000000000000000e+00,-1.6333333333333333e-01,-1,-1,8.8888888888912637e-05,wind_direction:18.4_m:degrees
1535,-2,-2.0000000000000000e+00,-1.2400000000000003e-01,-1,-1,8.9399999999998335e-04,wind_direction:18.4_m:degrees
1536,11,3.3870999145507812e+02,-8.4000000000000005e-02,1629,1630,1.1840000000000158e-03,wind_direction:18.4_m:degrees
1537,-2,-2.0000000000000000e+00,-1.1306122448979590e-02,-1,-1,2.4727363598500658e-04,wind_direction:18.4_m:degrees
1538,-2,-2.0000000000000000e+00,5.9999999999999998e-02,-1,-1,-5.2041704279304213e-18,wind_direction:18.4_m:degrees
1539,-2,-2.0000000000000000e+00,-2.5000000000000000e-01,-1,-1,0.0000000000000000e+00,wind_direction:18.4_m:degrees
1540,-2,-2.0000000000000000e+00,-1.6083333333333333e-01,-1,-1,1.1020833333332987e-03,wind_direction:18.4_m:degrees
1541,-2,-2.0000000000000000e+00,-6.6000000000000003e-01,-1,-1,4.0000000000001146e-04,wind_direction:18.4_m:degrees
1542,-2,-2.0000000000000000e+00,-7.5500000000000012e-01,-1,-1,2.4249999999997884e-03,wind_direction:18.4_m:degrees
1543,0,1.4898461151123047e+02,-1.1552447552447548e-01,1725,1726,9.8136828206758786e-04,zenith:0_m:degrees
1544,-2,-2.0000000000000000e+00,-1.6000000000000000e-01,-1,-1,9.0000000000017497e-04,wind_direction:18.4_m:degrees
1545,-2,-2.0000000000000000e+00,-1.1882352941176470e-01,-1,-1,9.2802768166090274e-04,wind_direction:18.4_m:degrees
1546,-2,-2.0000000000000000e+00,-1.6384615384615384e-01,-1,-1,6.0828402366865444e-04,wind_direction:18.4_m:degrees
1547,-2,-2.0000000000000000e+00,-3.4207317073170714e-02,-1,-1,4.6705458060678070e-04,wind_direction:18.4_m:degrees
1548,-2,-2.0000000000000000e+00,-5.5750000000000001e-02,-1,-1,8.4943750000000644e-04,wind_direction:18.4_m:degrees
1549,-2,-2.0000000000000000e+00,-1.0500000000000001e-01,-1,-1,2.4999999999998981e-05,wind_direction:18.4_m:degrees
1550,-2,-2.0000000000000000e+00,-2.0285714285714285e-01,-1,-1,1.2489795918367297e-03,wind_direction:18.4_m:degrees
1551,-2,-2.0000000000000000e+00,-9.5392156862745103e-02,-1,-1,4.1112072279893275e-04,wind_direction:18.4_m:degrees
1552,1,5.8320545196533203e+01,-1.1484375000000001e-01,1553,1554,7.9997558593749088e-04,azimuth:0_m:degrees
1553,-2,-2.0000000000000000e+00,-1.5444444444444447e-01,-1,-1,2.0246913580246328e-04,wind_direction:18.4_m:degrees
1554,-2,-2.0000000000000000e+00,-1.0836363636363636e-01,-1,-1,5.9914049586776499e-04,wind_direction:18.4_m:degrees
1555,11,8.8100002288818359e+01,-1.5504587155963227e-02,1557,1558,4.7107566703139664e-04,wind_direction:18.4_m:degrees
1556,-2,-2.0000000000000000e+00,-1.0318302387267832e-02,-1,-1,2.5069443955842122e-04,wind_direction:18.4_m:degrees
1557,-2,-2.0000000000000000e+00,-1.4999999999999999e-01,-1,-1,0.0000000000000000e+00,wind_direction:18.4_m:degrees
1558,-2,-2.0000000000000000e+00,-1.5195402298850509e-02,-1,-1,4.3047905932091612e-04,wind_direction:18.4_m:degrees
1559,-2,-2.0000000000000000e+00,-3.9166666666666666e-01,-1,-1,2.8055555555550615e-04,wind_direction:18.4_m:degrees
1560,-2,-2.0000000000000000e+00,-2.6000000000000001e-01,-1,-1,1.1102230246251565e-16,wind_direction:18.4_m:degrees
1561,11,1.1741499710083008e+02,-9.4107142857142848e-02,1565,1566,1.0063456632653095e-03,wind_direction:18.4_m:degrees
1562,9,8.8672805786132812e+01,-7.4696969696969706e-02,1563,1564,8.1430211202937995e-04,angle_between_wind_wave:0_m:degrees
1563,-2,-2.0000000000000000e+00,-1.0354838709677421e-01,-1,-1,7.2611862643080088e-04,wind_direction:18.4_m:degrees
1564,-2,-2.0000000000000000e+00,-6.5841584158415858e-02,-1,-1,5.0746005293598496e-04,wind_direction:18.4_m:degrees
1565,-2,-2.0000000000000000e+00,-6.9130434782608718e-02,-1,-1,3.7315689981096134e-04,wind_direction:18.4_m:degrees
1566,-2,-2.0000000000000000e+00,-1.1151515151515153e-01,-1,-1,7.0982552800735385e-04,wind_direction:18.4_m:degrees
1567,4,3.7292164564132690e+00,-3.0125000000000007e-01,1991,1992,2.6859374999999991e-03,mixing_ratio:18.4_m:g_kg-1
1568,-2,-2.0000000000000000e+00,-2.1000000000000002e-01,-1,-1,9.9999999999919598e-05,wind_direction:18.4_m:degrees
1569,-2,-2.0000000000000000e+00,-7.2592592592592611e-02,-1,-1,6.3772290809327795e-04,wind_direction:18.4_m:degrees
1570,-2,-2.0000000000000000e+00,-1.0199999999999999e-01,-1,-1,1.3600000000000053e-03,wind_direction:18.4_m:degrees
1571,-2,-2.0000000000000000e+00,-1.8125000000000002e-01,-1,-1,8.5937499999994005e-05,wind_direction:18.4_m:degrees
1572,-2,-2.0000000000000000e+00,-1.2222222222222223e-01,-1,-1,6.6172839506174232e-04,wind_direction:18.4_m:degrees
1573,-2,-2.0000000000000000e+00,-2.1833333333333335e-01,-1,-1,2.8055555555554779e-04,wind_direction:18.4_m:degrees
1574,-2,-2.0000000000000000e+00,-1.4000000000000001e-01,-1,-1,3.4694469519536142e-18,wind_direction:18.4_m:degrees
1575,-2,-2.0000000000000000e+00,-3.1000000000000000e-01,-1,-1,4.5000000000000595e-04,wind_direction:18.4_m:degrees
1576,-2,-2.0000000000000000e+00,-2.3166666666666666e-01,-1,-1,9.1388888888888076e-04,wind_direction:18.4_m:degrees
1577,-2,-2.0000000000000000e+00,-7.8648648648648650e-02,-1,-1,9.3601168736302982e-04,wind_direction:18.4_m:degrees
1578,9,9.0222450256347656e+01,-5.0277777777777796e-02,1723,1724,7.4158950617284232e-04,angle_between_wind_wave:0_m:degrees
1579,-2,-2.0000000000000000e+00,-5.9347826086956532e-02,-1,-1,3.9305293005670880e-04,wind_direction:18.4_m:degrees
1580,-2,-2.0000000000000000e+00,-1.2250000000000000e-01,-1,-1,8.6875000000000667e-04,wind_direction:18.4_m:degrees
1581,-2,-2.0000000000000000e+00,-1.7999999999999999e-01,-1,-1,0.0000000000000000e+00,wind_direction:18.4_m:degrees
1582,-2,-2.0000000000000000e+00,-9.2000000000000012e-02,-1,-1,2.5599999999999755e-04,wind_direction:18.4_m:degrees
1583,-2,-2.0000000000000000e+00,-2.6454545454545458e-01,-1,-1,6.2479338842971743e-04,wind_direction:18.4_m:degrees
1584,-2,-2.0000000000000000e+00,-3.4333333333333332e-01,-1,-1,3.5555555555556728e-04,wind_direction:18.4_m:degrees
1585,-2,-2.0000000000000000e+00,-8.3055555555555549e-02,-1,-1,4.3233024691357973e-04,wind_direction:18.4_m:degrees
1586,-2,-2.0000000000000000e+00,-1.0102564102564102e-01,-1,-1,5.2458908612753284e-04,wind_direction:18.4_m:degrees
1587,-2,-2.0000000000000000e+00,-6.8750000000000006e-02,-1,-1,2.3593749999999917e-04,wind_direction:18.4_m:degrees
1588,-2,-2.0000000000000000e+00,-1.2599999999999997e-01,-1,-1,8.2399999999999834e-04,wind_direction:18.4_m:degrees
1589,-2,-2.0000000000000000e+00,-1.8478260869565222e-01,-1,-1,3.4669187145555669e-04,wind_direction:18.4_m:degrees
1590,0,6.7025497436523438e+01,-1.5133333333333335e-01,1787,1788,1.8515555555555438e-03,zenith:0_m:degrees
1591,-2,-2.0000000000000000e+00,-2.3777777777777775e-01,-1,-1,1.4395061728395206e-03,wind_direction:18.4_m:degrees
1592,10,1.1914557933807373e+01,-1.9484375000000001e-01,1933,1934,9.3435058593749343e-04,wind_speed:18.4_m:m_s-1
1593,-2,-2.0000000000000000e+00,8.9999999999999997e-02,-1,-1,0.0000000000000000e+00,wind_direction:18.4_m:degrees
1594,1,3.5477291870117188e+02,-3.0999999999999996e-02,1983,1984,6.5700000000000079e-04,azimuth:0_m:degrees
1595,10,1.4123077392578125e+01,-2.7875000000000005e-01,1597,1598,2.0359375000000013e-03,wind_speed:18.4_m:m_s-1
1596,-2,-2.0000000000000000e+00,-1.9000000000000000e-01,-1,-1,4.0000000000010860e-04,wind_direction:18.4_m:degrees
1597,1,2.7123559570312500e+02,-2.8391304347826091e-01,1647,1648,1.4846880907372351e-03,azimuth:0_m:degrees
1598,-2,-2.0000000000000000e+00,-1.6000000000000000e-01,-1,-1,-4.2327252813834093e-16,wind_direction:18.4_m:degrees
1599,-2,-2.0000000000000000e+00,-4.3917525773195881e-02,-1,-1,4.9805505367201525e-04,wind_direction:18.4_m:degrees
1600,11,2.0226999664306641e+02,-5.8743961352657012e-02,1601,1602,4.8827743938016253e-04,wind_direction:18.4_m:degrees
1601,-2,-2.0000000000000000e+00,-7.0512820512820512e-02,-1,-1,6.8178829717291389e-04,wind_direction:18.4_m:degrees
1602,-2,-2.0000000000000000e+00,-5.1627906976744166e-02,-1,-1,2.3688480259599545e-04,wind_direction:18.4_m:degrees
1603,-2,-2.0000000000000000e+00,-1.6904761904761903e-01,-1,-1,4.7528344671204231e-04,wind_direction:18.4_m:degrees
1604,-2,-2.0000000000000000e+00,-2.1153846153846154e-01,-1,-1,1.8745562130177348e-03,wind_direction:18.4_m:degrees
1605,-2,-2.0000000000000000e+00,-2.0187793427230000e-02,-1,-1,3.8400229231413767e-04,wind_direction:18.4_m:degrees
1606,3,1.0025499877929688e+03,-4.2580645161290322e-02,1607,1608,1.4320499479708781e-03,pressure:18.4_m:hPa
1607,-2,-2.0000000000000000e+00,-2.0000000000000001e-01,-1,-1,0.0000000000000000e+00,wind_direction:18.4_m:degrees
1608,-2,-2.0000000000000000e+00,-3.7333333333333336e-02,-1,-1,6.2622222222222246e-04,wind_direction:18.4_m:degrees
1609,-2,-2.0000000000000000e+00,-1.4818181818181816e-01,-1,-1,3.7851239669422360e-04,wind_direction:18.4_m:degrees
1610,-2,-2.0000000000000000e+00,-8.9999999999999997e-02,-1,-1,8.5714285714277513e-05,wind_direction:18.4_m:degrees
1611,4,8.6604094505310059e+00,-3.3552036199094928e-02,1613,1614,5.3331064065028169e-04,mixing_ratio:18.4_m:g_kg-1
1612,-2,-2.0000000000000000e+00,-2.5583864118895860e-02,-1,-1,2.0852322158663409e-04,wind_direction:18.4_m:degrees
1613,3,1.0199500122070312e+03,-3.2892938496583049e-02,1615,1616,4.7295209136524589e-04,pressure:18.4_m:hPa
1614,-2,-2.0000000000000000e+00,-1.3000000000000000e-01,-1,-1,4.8572257327350599e-17,wind_direction:18.4_m:degrees
1615,-2,-2.0000000000000000e+00,-3.7123745819397924e-02,-1,-1,5.4222883412937848e-04,wind_direction:18.4_m:degrees
1616,-2,-2.0000000000000000e+00,-2.3857142857142851e-02,-1,-1,2.0512244897960108e-04,wind_direction:18.4_m:degrees
1617,-2,-2.0000000000000000e+00,-8.0000000000000002e-02,-1,-1,4.0000000000000018e-04,wind_direction:18.4_m:degrees
1618,-2,-2.0000000000000000e+00,-1.4387096774193550e-01,-1,-1,9.7856399583767448e-04,wind_direction:18.4_m:degrees
1619,-2,-2.0000000000000000e+00,-6.4285714285714290e-01,-1,-1,1.3469387755088436e-04,wind_direction:18.4_m:degrees
1620,-2,-2.0000000000000000e+00,-5.5999999999999994e-01,-1,-1,2.0000000000014451e-04,wind_direction:18.4_m:degrees
1621,-2,-2.0000000000000000e+00,-5.0000000000000000e-01,-1,-1,0.0000000000000000e+00,wind_direction:18.4_m:degrees
1622,-2,-2.0000000000000000e+00,-3.7600000000000000e-01,-1,-1,1.3173333333333370e-03,wind_direction:18.4_m:degrees
1623,-2,-2.0000000000000000e+00,-5.2000000000000002e-01,-1,-1,0.0000000000000000e+00,wind_direction:18.4_m:degrees
1624,-2,-2.0000000000000000e+00,-4.2700000000000005e-01,-1,-1,8.2100000000001616e-04,wind_direction:18.4_m:degrees
1625,-2,-2.0000000000000000e+00,-1.6000000000000000e-01,-1,-1,4.0000000000000105e-04,wind_direction:18.4_m:degrees
1626,-2,-2.0000000000000000e+00,-8.8999999999999996e-02,-1,-1,5.4899999999999741e-04,wind_direction:18.4_m:degrees
1627,-2,-2.0000000000000000e+00,-2.4333333333333332e-01,-1,-1,8.6666666666668224e-04,wind_direction:18.4_m:degrees
1628,-2,-2.0000000000000000e+00,-1.9083333333333333e-01,-1,-1,7.2430555555553361e-04,wind_direction:18.4_m:degrees
1629,-2,-2.0000000000000000e+00,-7.7894736842105267e-02,-1,-1,5.0083102493074429e-04,wind_direction:18.4_m:degrees
1630,-2,-2.0000000000000000e+00,-2.0000000000000001e-01,-1,-1,2.7755575615628914e-17,wind_direction:18.4_m:degrees
1631,7,5.5000001192092896e-01,-9.3200000000000019e-02,1763,1764,8.6175999999999441e-04,wave_height:0_m:m
1632,-2,-2.0000000000000000e+00,-1.5500000000000003e-01,-1,-1,2.7499999999998012e-04,wind_direction:18.4_m:degrees
1633,-2,-2.0000000000000000e+00,-2.9749999999999999e-01,-1,-1,1.1437499999999851e-03,wind_direction:18.4_m:degrees
1634,-2,-2.0000000000000000e+00,-4.1999999999999998e-01,-1,-1,-5.5511151231257827e-17,wind_direction:18.4_m:degrees
1635,-2,-2.0000000000000000e+00,-3.1693548387096773e-02,-1,-1,3.4793834547346483e-04,wind_direction:18.4_m:degrees
1636,3,1.0008999938964844e+03,-4.3241379310344753e-02,1637,1638,5.3997621878716239e-04,pressure:18.4_m:hPa
1637,3,1.0007500000000000e+03,1.4999999999999999e-02,1887,1888,2.0249999999999999e-03,pressure:18.4_m:hPa
1638,11,3.3865499877929688e+02,-4.3727399165507580e-02,1639,1640,4.9904112689352150e-04,wind_direction:18.4_m:degrees
1639,-2,-2.0000000000000000e+00,-4.3125884016973030e-02,-1,-1,4.0734341771215469e-04,wind_direction:18.4_m:degrees
1640,12,9.6835226286202669e-03,-7.9166666666666677e-02,1641,1642,4.6243055555555308e-03,bulk_richardson:18.4_m:none
1641,-2,-2.0000000000000000e+00,-5.1000000000000004e-02,-1,-1,7.8899999999999804e-04,wind_direction:18.4_m:degrees
1642,-2,-2.0000000000000000e+00,-2.2000000000000000e-01,-1,-1,-6.9388939039072284e-18,wind_direction:18.4_m:degrees
1643,-2,-2.0000000000000000e+00,-4.0000000000000001e-02,-1,-1,1.5749999999999998e-03,wind_direction:18.4_m:degrees
1644,-2,-2.0000000000000000e+00,-8.3333333333333343e-02,-1,-1,1.0531165311653155e-03,wind_direction:18.4_m:degrees
1645,-2,-2.0000000000000000e+00,-1.0417910447761166e-02,-1,-1,3.4848206727556311e-04,wind_direction:18.4_m:degrees
1646,-2,-2.0000000000000000e+00,-1.6911544227885964e-02,-1,-1,3.2629352490171803e-04,wind_direction:18.4_m:degrees
1647,0,1.3775814819335938e+02,-2.9349999999999998e-01,1915,1916,1.0027500000000106e-03,zenith:0_m:degrees
1648,-2,-2.0000000000000000e+00,-2.2000000000000000e-01,-1,-1,4.8572257327350599e-17,wind_direction:18.4_m:degrees
1649,-2,-2.0000000000000000e+00,-1.7999999999999999e-01,-1,-1,9.6000000000000252e-04,wind_direction:18.4_m:degrees
1650,-2,-2.0000000000000000e+00,-3.1000000000000000e-01,-1,-1,-4.1633363423443370e-17,wind_direction:18.4_m:degrees
1651,-2,-2.0000000000000000e+00,-2.8571428571428576e-03,-1,-1,1.0204081632653062e-03,wind_direction:18.4_m:degrees
1652,-2,-2.0000000000000000e+00,-4.8407960199004951e-02,-1,-1,4.8701764807802372e-04,wind_direction:18.4_m:degrees
1653,-2,-2.0000000000000000e+00,-9.3333333333333338e-02,-1,-1,5.8222222222222009e-04,wind_direction:18.4_m:degrees
1654,-2,-2.0000000000000000e+00,-1.6000000000000000e-01,-1,-1,2.0000000000001267e-04,wind_direction:18.4_m:degrees
1655,6,2.2950000000000000e+02,-8.6800000000000002e-02,1657,1658,1.1390933333333330e-03,wave_direction:0_m:degrees
1656,-2,-2.0000000000000000e+00,-7.0753768844221077e-02,-1,-1,8.3511022448927962e-04,wind_direction:18.4_m:degrees
1657,-2,-2.0000000000000000e+00,-9.3770491803278691e-02,-1,-1,8.3332437516795907e-04,wind_direction:18.4_m:degrees
1658,-2,-2.0000000000000000e+00,-5.6428571428571432e-02,-1,-1,1.3372448979591918e-03,wind_direction:18.4_m:degrees
1659,-2,-2.0000000000000000e+00,-1.4500000000000002e-01,-1,-1,1.2499999999999664e-04,wind_direction:18.4_m:degrees
1660,-2,-2.0000000000000000e+00,-8.9999999999999983e-02,-1,-1,6.5454545454544932e-04,wind_direction:18.4_m:degrees
1661,-2,-2.0000000000000000e+00,0.0000000000000000e+00,-1,-1,0.0000000000000000e+00,wind_direction:18.4_m:degrees
1662,-2,-2.0000000000000000e+00,-1.1937500000000002e-01,-1,-1,1.3850260416666572e-03,wind_direction:18.4_m:degrees
1663,-2,-2.0000000000000000e+00,-8.1318681318681321e-02,-1,-1,2.5760173892041670e-04,wind_direction:18.4_m:degrees
1664,-2,-2.0000000000000000e+00,-2.0000000000000001e-01,-1,-1,-1.4571677198205180e-16,wind_direction:18.4_m:degrees
1665,3,1.0024500122070312e+03,-1.2155555555555561e-01,1667,1668,1.3064691358024676e-03,pressure:18.4_m:hPa
1666,-2,-2.0000000000000000e+00,-5.9999999999999998e-02,-1,-1,3.9999999999996939e-04,wind_direction:18.4_m:degrees
1667,-2,-2.0000000000000000e+00,-5.3333333333333337e-02,-1,-1,8.8888888888888351e-05,wind_direction:18.4_m:degrees
1668,-2,-2.0000000000000000e+00,-1.2642857142857147e-01,-1,-1,1.0372448979591720e-03,wind_direction:18.4_m:degrees
1669,3,1.0142000122070312e+03,-1.5285714285714286e-01,1673,1674,2.2938775510204096e-03,pressure:18.4_m:hPa
1670,3,1.0023000183105469e+03,-1.7382022471910116e-01,1671,1672,1.2528216134326739e-03,pressure:18.4_m:hPa
1671,-2,-2.0000000000000000e+00,-1.9818181818181815e-01,-1,-1,8.9669421487604400e-04,wind_direction:18.4_m:degrees
1672,10,1.0989842891693115e+01,-1.6582089552238810e-01,1751,1752,1.1108932947204199e-03,wind_speed:18.4_m:m_s-1
1673,9,8.8703998565673828e+01,-1.4523809523809525e-01,1677,1678,1.6582766439909372e-03,angle_between_wind_wave:0_m:degrees
1674,1,2.1316110992431641e+02,-1.9857142857142859e-01,1675,1676,3.6693877551020049e-03,azimuth:0_m:degrees
1675,-2,-2.0000000000000000e+00,-2.6333333333333336e-01,-1,-1,8.2222222222221031e-04,wind_direction:18.4_m:degrees
1676,-2,-2.0000000000000000e+00,-1.4999999999999999e-01,-1,-1,2.9999999999999472e-04,wind_direction:18.4_m:degrees
1677,-2,-2.0000000000000000e+00,-1.7214285714285715e-01,-1,-1,1.0739795918367351e-03,wind_direction:18.4_m:degrees
1678,10,1.0982633113861084e+01,-1.3178571428571428e-01,1679,1680,1.4075255102040767e-03,wind_speed:18.4_m:m_s-1
1679,-2,-2.0000000000000000e+00,-1.6181818181818183e-01,-1,-1,1.4330578512396670e-03,wind_direction:18.4_m:degrees
1680,-2,-2.0000000000000000e+00,-1.1235294117647060e-01,-1,-1,4.2975778546712994e-04,wind_direction:18.4_m:degrees
1681,-2,-2.0000000000000000e+00,-1.1000000000000000e-01,-1,-1,2.7692307692307565e-04,wind_direction:18.4_m:degrees
1682,-2,-2.0000000000000000e+00,-1.5818181818181820e-01,-1,-1,3.7851239669423400e-04,wind_direction:18.4_m:degrees
1683,-2,-2.0000000000000000e+00,-1.2611111111111109e-01,-1,-1,4.8672839506172516e-04,wind_direction:18.4_m:degrees
1684,-2,-2.0000000000000000e+00,-2.0999999999999999e-01,-1,-1,-6.9388939039072284e-17,wind_direction:18.4_m:degrees
1685,5,8.1550003051757812e+01,-2.1999999999999997e-01,1687,1688,1.6900000000000005e-02,relative_humidity:18.4_m:%
1686,-2,-2.0000000000000000e+00,-1.3575757575757577e-01,-1,-1,7.5472910927455727e-04,wind_direction:18.4_m:degrees
1687,-2,-2.0000000000000000e+00,-8.9999999999999997e-02,-1,-1,0.0000000000000000e+00,wind_direction:18.4_m:degrees
1688,-2,-2.0000000000000000e+00,-3.4999999999999998e-01,-1,-1,1.3877787807814457e-17,wind_direction:18.4_m:degrees
1689,-2,-2.0000000000000000e+00,-1.6600000000000001e-01,-1,-1,4.1066666666667723e-04,wind_direction:18.4_m:degrees
1690,-2,-2.0000000000000000e+00,-1.0000000000000001e-01,-1,-1,2.9999999999999472e-04,wind_direction:18.4_m:degrees
1691,-2,-2.0000000000000000e+00,-7.8333333333333333e-01,-1,-1,2.2222222222256782e-05,wind_direction:18.4_m:degrees
1692,-2,-2.0000000000000000e+00,-9.1000000000000003e-01,-1,-1,-6.6613381477509392e-16,wind_direction:18.4_m:degrees
1693,-2,-2.0000000000000000e+00,-2.2500000000000001e-01,-1,-1,4.7499999999999626e-04,wind_direction:18.4_m:degrees
1694,-2,-2.0000000000000000e+00,-2.7769230769230774e-01,-1,-1,1.0023668639052991e-03,wind_direction:18.4_m:degrees
1695,-2,-2.0000000000000000e+00,-8.9999999999999997e-02,-1,-1,0.0000000000000000e+00,wind_direction:18.4_m:degrees
1696,-2,-2.0000000000000000e+00,-1.8800000000000000e-01,-1,-1,7.7599999999999891e-04,wind_direction:18.4_m:degrees
1697,-2,-2.0000000000000000e+00,-2.2999999999999998e-01,-1,-1,4.0000000000001146e-04,wind_direction:18.4_m:degrees
1698,-2,-2.0000000000000000e+00,-1.4333333333333331e-01,-1,-1,9.4603174603175022e-04,wind_direction:18.4_m:degrees
1699,-2,-2.0000000000000000e+00,-8.2000000000000003e-02,-1,-1,8.5599999999999999e-04,wind_direction:18.4_m:degrees
1700,-2,-2.0000000000000000e+00,-2.7826086956521758e-02,-1,-1,3.0976685570258339e-04,wind_direction:18.4_m:degrees
1701,-2,-2.0000000000000000e+00,-2.4111111111111111e-01,-1,-1,1.3654320987654053e-03,wind_direction:18.4_m:degrees
1702,-2,-2.0000000000000000e+00,-2.9999999999999993e-01,-1,-1,1.0000000000000564e-03,wind_direction:18.4_m:degrees
1703,-2,-2.0000000000000000e+00,-2.3799999999999999e-01,-1,-1,9.6000000000005803e-05,wind_direction:18.4_m:degrees
1704,-2,-2.0000000000000000e+00,-3.2333333333333331e-01,-1,-1,2.6888888888888102e-03,wind_direction:18.4_m:degrees
1705,10,7.3045146465301514e+00,-6.8076923076923104e-02,1707,1708,1.2539940828402299e-03,wind_speed:18.4_m:m_s-1
1706,-2,-2.0000000000000000e+00,-4.2972972972972985e-02,-1,-1,6.9656683710737975e-04,wind_direction:18.4_m:degrees
1707,-2,-2.0000000000000000e+00,-9.1764705882352943e-02,-1,-1,4.1453287197231771e-04,wind_direction:18.4_m:degrees
1708,0,6.0078844070434570e+01,-5.6571428571428578e-02,1897,1898,1.2568163265306077e-03,zenith:0_m:degrees
1709,-2,-2.0000000000000000e+00,-4.8500000000000008e-02,-1,-1,7.4274999999999949e-04,wind_direction:18.4_m:degrees
1710,-2,-2.0000000000000000e+00,-6.9230769230769224e-03,-1,-1,6.5207100591716059e-04,wind_direction:18.4_m:degrees
1711,-2,-2.0000000000000000e+00,-2.2999999999999998e-01,-1,-1,9.0000000000001190e-04,wind_direction:18.4_m:degrees
1712,-2,-2.0000000000000000e+00,-3.0666666666666664e-01,-1,-1,8.8888888888902229e-05,wind_direction:18.4_m:degrees
1713,-2,-2.0000000000000000e+00,-3.1250000000000000e-02,-1,-1,7.3593750000000005e-04,wind_direction:18.4_m:degrees
1714,-2,-2.0000000000000000e+00,-1.1000000000000000e-01,-1,-1,0.0000000000000000e+00,wind_direction:18.4_m:degrees
1715,-2,-2.0000000000000000e+00,-4.8999999999999999e-01,-1,-1,0.0000000000000000e+00,wind_direction:18.4_m:degrees
1716,-2,-2.0000000000000000e+00,-6.2000000000000000e-01,-1,-1,1.1999999999998678e-03,wind_direction:18.4_m:degrees
1717,-2,-2.0000000000000000e+00,-5.3778213935230454e-03,-1,-1,2.3506333539106351e-04,wind_direction:18.4_m:degrees
1718,4,1.3152625560760498e+01,-1.1692913385826752e-02,2013,2014,3.4437813875627790e-04,mixing_ratio:18.4_m:g_kg-1
1719,-2,-2.0000000000000000e+00,-1.7374999999999999e-01,-1,-1,1.3234375000000138e-03,wind_direction:18.4_m:degrees
1720,-2,-2.0000000000000000e+00,-2.3999999999999999e-01,-1,-1,5.9999999999998943e-04,wind_direction:18.4_m:degrees
1721,-2,-2.0000000000000000e+00,-1.0000000000000000e-02,-1,-1,0.0000000000000000e+00,wind_direction:18.4_m:degrees
1722,6,2.4200000000000000e+02,-7.2307692307692309e-02,2045,2046,1.0639053254437852e-03,wave_direction:0_m:degrees
1723,-2,-2.0000000000000000e+00,-7.1875000000000022e-02,-1,-1,3.2773437499999687e-04,wind_direction:18.4_m:degrees
1724,-2,-2.0000000000000000e+00,-3.3000000000000002e-02,-1,-1,4.0099999999999945e-04,wind_direction:18.4_m:degrees
1725,1,1.1207162475585938e+02,-1.1272727272727272e-01,1899,1900,8.5013774104684275e-04,azimuth:0_m:degrees
1726,-2,-2.0000000000000000e+00,-1.4909090909090908e-01,-1,-1,1.3355371900825794e-03,wind_direction:18.4_m:degrees
1727,-2,-2.0000000000000000e+00,-8.3214285714285713e-02,-1,-1,6.5276360544217187e-04,wind_direction:18.4_m:degrees
1728,-2,-2.0000000000000000e+00,-1.1090909090909093e-01,-1,-1,6.7190082644629466e-04,wind_direction:18.4_m:degrees
1729,-2,-2.0000000000000000e+00,-3.2835820895522394e-02,-1,-1,3.0688349298284702e-04,wind_direction:18.4_m:degrees
1730,-2,-2.0000000000000000e+00,-4.5824742268041223e-02,-1,-1,5.6143320225316611e-04,wind_direction:18.4_m:degrees
1731,-2,-2.0000000000000000e+00,-5.2278481012658216e-02,-1,-1,6.2265662554077984e-04,wind_direction:18.4_m:degrees
1732,-2,-2.0000000000000000e+00,-3.3333333333333335e-03,-1,-1,2.2222222222209775e-05,wind_direction:18.4_m:degrees
1733,-2,-2.0000000000000000e+00,-1.4937500000000001e-01,-1,-1,8.5585937500000722e-04,wind_direction:18.4_m:degrees
1734,-2,-2.0000000000000000e+00,-7.6666666666666675e-02,-1,-1,1.4222222222222336e-03,wind_direction:18.4_m:degrees
1735,-2,-2.0000000000000000e+00,-1.4000000000000001e-01,-1,-1,0.0000000000000000e+00,wind_direction:18.4_m:degrees
1736,-2,-2.0000000000000000e+00,-2.3999999999999999e-01,-1,-1,-6.9388939039072284e-18,wind_direction:18.4_m:degrees
1737,-2,-2.0000000000000000e+00,-2.8999999999999998e-01,-1,-1,0.0000000000000000e+00,wind_direction:18.4_m:degrees
1738,-2,-2.0000000000000000e+00,-1.9000000000000000e-01,-1,-1,2.0816681711721685e-17,wind_direction:18.4_m:degrees
1739,-2,-2.0000000000000000e+00,-8.1612903225806471e-02,-1,-1,9.7481789802290452e-04,wind_direction:18.4_m:degrees
1740,10,8.1146130561828613e+00,-1.0600000000000004e-01,2043,2044,8.8685714285713368e-04,wind_speed:18.4_m:m_s-1
1741,-2,-2.0000000000000000e+00,-2.3389830508474586e-02,-1,-1,5.8850904912381480e-04,wind_direction:18.4_m:degrees
1742,4,2.3200221061706543e+00,1.6000000000000000e-02,1743,1744,2.5439999999999998e-03,mixing_ratio:18.4_m:g_kg-1
1743,-2,-2.0000000000000000e+00,4.0000000000000001e-02,-1,-1,1.7142857142857144e-03,wind_direction:18.4_m:degrees
1744,-2,-2.0000000000000000e+00,-4.0000000000000001e-02,-1,-1,0.0000000000000000e+00,wind_direction:18.4_m:degrees
1745,-2,-2.0000000000000000e+00,-3.8500000000000001e-01,-1,-1,2.2500000000003073e-04,wind_direction:18.4_m:degrees
1746,-2,-2.0000000000000000e+00,-3.1285714285714283e-01,-1,-1,2.0408163265289714e-05,wind_direction:18.4_m:degrees
1747,-2,-2.0000000000000000e+00,-3.6599999999999999e-01,-1,-1,2.3999999999996247e-05,wind_direction:18.4_m:degrees
1748,-2,-2.0000000000000000e+00,-2.3999999999999999e-01,-1,-1,-1.3877787807814457e-17,wind_direction:18.4_m:degrees
1749,-2,-2.0000000000000000e+00,-2.8111111111111109e-01,-1,-1,1.3987654320986864e-03,wind_direction:18.4_m:degrees
1750,-2,-2.0000000000000000e+00,-3.2062499999999999e-01,-1,-1,1.0183593750000275e-03,wind_direction:18.4_m:degrees
1751,-2,-2.0000000000000000e+00,-1.5463414634146341e-01,-1,-1,7.9559785841758907e-04,wind_direction:18.4_m:degrees
1752,-2,-2.0000000000000000e+00,-1.8346153846153848e-01,-1,-1,1.0995562130177647e-03,wind_direction:18.4_m:degrees
1753,-2,-2.0000000000000000e+00,-1.4717348927875195e-02,-1,-1,2.0971543000885604e-04,wind_direction:18.4_m:degrees
1754,-2,-2.0000000000000000e+00,-2.2596685082872884e-02,-1,-1,2.3027380116602872e-04,wind_direction:18.4_m:degrees
1755,-2,-2.0000000000000000e+00,-1.6333333333333333e-01,-1,-1,8.8888888888895290e-05,wind_direction:18.4_m:degrees
1756,-2,-2.0000000000000000e+00,-9.0000000000000011e-02,-1,-1,4.6153846153845941e-04,wind_direction:18.4_m:degrees
1757,-2,-2.0000000000000000e+00,-4.9090909090909095e-02,-1,-1,6.2644628099173564e-04,wind_direction:18.4_m:degrees
1758,-2,-2.0000000000000000e+00,-2.4463840399002401e-02,-1,-1,2.8522791110337318e-04,wind_direction:18.4_m:degrees
1759,11,2.9544000244140625e+02,-7.8245614035087716e-02,1761,1762,6.7060634041243329e-04,wind_direction:18.4_m:degrees
1760,-2,-2.0000000000000000e+00,-5.6896551724137948e-02,-1,-1,3.4898929845422798e-04,wind_direction:18.4_m:degrees
1761,-2,-2.0000000000000000e+00,-7.2400000000000020e-02,-1,-1,3.5823999999999839e-04,wind_direction:18.4_m:degrees
1762,-2,-2.0000000000000000e+00,-1.2000000000000000e-01,-1,-1,9.1428571428570429e-04,wind_direction:18.4_m:degrees
1763,-2,-2.0000000000000000e+00,2.0000000000000000e-02,-1,-1,0.0000000000000000e+00,wind_direction:18.4_m:degrees
1764,-2,-2.0000000000000000e+00,-9.5510204081632660e-02,-1,-1,6.1249479383589968e-04,wind_direction:18.4_m:degrees
1765,-2,-2.0000000000000000e+00,-5.0000000000000000e-01,-1,-1,9.0000000000001190e-04,wind_direction:18.4_m:degrees
1766,-2,-2.0000000000000000e+00,-4.0666666666666673e-01,-1,-1,1.7222222222222083e-03,wind_direction:18.4_m:degrees
1767,-2,-2.0000000000000000e+00,0.0000000000000000e+00,-1,-1,0.0000000000000000e+00,wind_direction:18.4_m:degrees
1768,-2,-2.0000000000000000e+00,1.4000000000000001e-01,-1,-1,0.0000000000000000e+00,wind_direction:18.4_m:degrees
1769,8,5.0499999523162842e+00,-5.1637426900584787e-02,1771,1772,7.0609076296980055e-04,wave_period:0_m:s
1770,-2,-2.0000000000000000e+00,-4.0405405405405381e-02,-1,-1,5.2280861943024997e-04,wind_direction:18.4_m:degrees
1771,4,9.1604027152061462e-01,-6.2156862745098011e-02,1773,1774,8.2868127643214492e-04,mixing_ratio:18.4_m:g_kg-1
1772,-2,-2.0000000000000000e+00,-4.7166666666666628e-02,-1,-1,5.8697222222222137e-04,wind_direction:18.4_m:degrees
1773,-2,-2.0000000000000000e+00,-1.1000000000000000e-01,-1,-1,9.0000000000000323e-04,wind_direction:18.4_m:degrees
1774,-2,-2.0000000000000000e+00,-5.9166666666666645e-02,-1,-1,6.7222222222222466e-04,wind_direction:18.4_m:degrees
1775,-2,-2.0000000000000000e+00,-3.0666666666666664e-01,-1,-1,2.2222222222242904e-05,wind_direction:18.4_m:degrees
1776,-2,-2.0000000000000000e+00,-3.9000000000000001e-01,-1,-1,7.6000000000003842e-04,wind_direction:18.4_m:degrees
1777,-2,-2.0000000000000000e+00,-3.9142857142857140e-01,-1,-1,1.2244897959201584e-05,wind_direction:18.4_m:degrees
1778,-2,-2.0000000000000000e+00,-3.0000000000000004e-01,-1,-1,4.0000000000001146e-04,wind_direction:18.4_m:degrees
1779,-2,-2.0000000000000000e+00,-7.8125000000000000e-02,-1,-1,7.9023437499999797e-04,wind_direction:18.4_m:degrees
1780,-2,-2.0000000000000000e+00,-2.8750000000000001e-02,-1,-1,1.6093750000000418e-04,wind_direction:18.4_m:degrees
1781,-2,-2.0000000000000000e+00,-9.4444444444444456e-02,-1,-1,1.5580246913580210e-03,wind_direction:18.4_m:degrees
1782,-2,-2.0000000000000000e+00,-1.3535714285714287e-01,-1,-1,1.1105867346938685e-03,wind_direction:18.4_m:degrees
1783,1,2.7399288940429688e+02,-3.9933333333333326e-01,1785,1786,1.5395555555555440e-03,azimuth:0_m:degrees
1784,-2,-2.0000000000000000e+00,-4.5800000000000002e-01,-1,-1,1.0960000000000414e-03,wind_direction:18.4_m:degrees
1785,-2,-2.0000000000000000e+00,-3.7800000000000000e-01,-1,-1,3.3600000000005847e-04,wind_direction:18.4_m:degrees
1786,-2,-2.0000000000000000e+00,-4.4200000000000000e-01,-1,-1,1.2160000000000226e-03,wind_direction:18.4_m:degrees
1787,-2,-2.0000000000000000e+00,-4.0000000000000001e-02,-1,-1,0.0000000000000000e+00,wind_direction:18.4_m:degrees
1788,12,-7.3130197823047638e-02,-1.5517241379310345e-01,1979,1980,1.4732461355529067e-03,bulk_richardson:18.4_m:none
1789,-2,-2.0000000000000000e+00,-2.6666666666666666e-01,-1,-1,6.8888888888890554e-04,wind_direction:18.4_m:degrees
1790,-2,-2.0000000000000000e+00,-3.7000000000000000e-01,-1,-1,0.0000000000000000e+00,wind_direction:18.4_m:degrees
1791,-2,-2.0000000000000000e+00,-4.5400000000000001e-01,-1,-1,1.8399999999996197e-04,wind_direction:18.4_m:degrees
1792,-2,-2.0000000000000000e+00,-3.9200000000000002e-01,-1,-1,6.1599999999994992e-04,wind_direction:18.4_m:degrees
1793,-2,-2.0000000000000000e+00,-4.3333333333333335e-02,-1,-1,8.8888888888889002e-05,wind_direction:18.4_m:degrees
1794,-2,-2.0000000000000000e+00,5.9999999999999998e-02,-1,-1,0.0000000000000000e+00,wind_direction:18.4_m:degrees
1795,-2,-2.0000000000000000e+00,-1.1081632653061226e-01,-1,-1,2.8912952936276451e-04,wind_direction:18.4_m:degrees
1796,-2,-2.0000000000000000e+00,-1.3314814814814813e-01,-1,-1,7.5860768175583376e-04,wind_direction:18.4_m:degrees
1797,-2,-2.0000000000000000e+00,-7.4999999999999997e-02,-1,-1,2.5000000000000716e-05,wind_direction:18.4_m:degrees
1798,-2,-2.0000000000000000e+00,-1.1315068493150682e-01,-1,-1,7.3664852692814642e-04,wind_direction:18.4_m:degrees
1799,-2,-2.0000000000000000e+00,-2.9166666666666664e-02,-1,-1,2.0763888888888893e-04,wind_direction:18.4_m:degrees
1800,-2,-2.0000000000000000e+00,-6.3416666666666677e-02,-1,-1,4.9415972222222309e-04,wind_direction:18.4_m:degrees
1801,-2,-2.0000000000000000e+00,-2.3599999999999999e-01,-1,-1,8.4000000000014619e-05,wind_direction:18.4_m:degrees
1802,4,1.6188057661056519e+00,-1.8846153846153849e-01,1813,1814,1.7822485207100308e-03,mixing_ratio:18.4_m:g_kg-1
1803,-2,-2.0000000000000000e+00,-1.5692307692307692e-01,-1,-1,9.2386587771203788e-04,wind_direction:18.4_m:degrees
1804,-2,-2.0000000000000000e+00,-7.4999999999999997e-02,-1,-1,2.2500000000006196e-04,wind_direction:18.4_m:degrees
1805,-2,-2.0000000000000000e+00,-1.8699999999999997e-01,-1,-1,6.2100000000001043e-04,wind_direction:18.4_m:degrees
1806,-2,-2.0000000000000000e+00,-2.3250000000000001e-01,-1,-1,9.1874999999999596e-04,wind_direction:18.4_m:degrees
1807,-2,-2.0000000000000000e+00,-1.4333333333333334e-01,-1,-1,3.5555555555555687e-04,wind_direction:18.4_m:degrees
1808,-2,-2.0000000000000000e+00,-7.3500000000000010e-02,-1,-1,7.2274999999999943e-04,wind_direction:18.4_m:degrees
1809,-2,-2.0000000000000000e+00,8.5714285714285736e-03,-1,-1,7.2653061224489809e-04,wind_direction:18.4_m:degrees
1810,3,1.0262000122070312e+03,-3.5764705882352955e-02,1811,1812,1.3538269896193763e-03,pressure:18.4_m:hPa
1811,-2,-2.0000000000000000e+00,-4.9111111111111119e-02,-1,-1,1.2658765432098759e-03,wind_direction:18.4_m:degrees
1812,-2,-2.0000000000000000e+00,-2.0749999999999998e-02,-1,-1,1.0269374999999994e-03,wind_direction:18.4_m:degrees
1813,-2,-2.0000000000000000e+00,-1.6375000000000001e-01,-1,-1,2.4843749999999346e-04,wind_direction:18.4_m:degrees
1814,-2,-2.0000000000000000e+00,-2.2800000000000004e-01,-1,-1,1.6959999999999892e-03,wind_direction:18.4_m:degrees
1815,-2,-2.0000000000000000e+00,-9.3617021276595755e-02,-1,-1,3.5074694431869689e-04,wind_direction:18.4_m:degrees
1816,-2,-2.0000000000000000e+00,-1.1388888888888891e-01,-1,-1,4.6376543209875054e-04,wind_direction:18.4_m:degrees
1817,-2,-2.0000000000000000e+00,-1.4833333333333332e-01,-1,-1,1.1805555555555527e-03,wind_direction:18.4_m:degrees
1818,-2,-2.0000000000000000e+00,-2.7000000000000002e-01,-1,-1,1.3877787807814457e-17,wind_direction:18.4_m:degrees
1819,-2,-2.0000000000000000e+00,-1.4666666666666667e-01,-1,-1,2.8888888888888714e-04,wind_direction:18.4_m:degrees
1820,-2,-2.0000000000000000e+00,-1.9727272727272727e-01,-1,-1,8.0165289256201727e-04,wind_direction:18.4_m:degrees
1821,-2,-2.0000000000000000e+00,-6.5750000000000008e-01,-1,-1,1.6874999999977325e-04,wind_direction:18.4_m:degrees
1822,-2,-2.0000000000000000e+00,-7.5500000000000000e-01,-1,-1,1.2250000000001426e-03,wind_direction:18.4_m:degrees
1823,-2,-2.0000000000000000e+00,-8.0000000000000002e-02,-1,-1,0.0000000000000000e+00,wind_direction:18.4_m:degrees
1824,-2,-2.0000000000000000e+00,-2.0999999999999999e-01,-1,-1,6.9388939039072284e-18,wind_direction:18.4_m:degrees
1825,-2,-2.0000000000000000e+00,-1.3000000000000000e-01,-1,-1,6.6666666666666263e-05,wind_direction:18.4_m:degrees
1826,-2,-2.0000000000000000e+00,-2.6000000000000001e-01,-1,-1,0.0000000000000000e+00,wind_direction:18.4_m:degrees
1827,-2,-2.0000000000000000e+00,-1.9800000000000001e-01,-1,-1,9.5999999999998864e-05,wind_direction:18.4_m:degrees
1828,-2,-2.0000000000000000e+00,-1.4000000000000001e-01,-1,-1,4.8000000000000126e-04,wind_direction:18.4_m:degrees
1829,-2,-2.0000000000000000e+00,-3.2666666666666666e-01,-1,-1,8.8888888888902229e-05,wind_direction:18.4_m:degrees
1830,-2,-2.0000000000000000e+00,-2.3499999999999999e-01,-1,-1,6.2499999999996586e-04,wind_direction:18.4_m:degrees
1831,-2,-2.0000000000000000e+00,-1.6000000000000000e-01,-1,-1,0.0000000000000000e+00,wind_direction:18.4_m:degrees
1832,-2,-2.0000000000000000e+00,-2.8000000000000003e-01,-1,-1,8.5714285714288962e-04,wind_direction:18.4_m:degrees
1833,-2,-2.0000000000000000e+00,-2.5000000000000000e-01,-1,-1,1.4999999999999736e-04,wind_direction:18.4_m:degrees
1834,6,2.2050000000000000e+02,-1.8642857142857144e-01,1835,1836,1.6086734693877558e-03,wave_direction:0_m:degrees
1835,-2,-2.0000000000000000e+00,-2.6500000000000001e-01,-1,-1,2.4999999999997247e-05,wind_direction:18.4_m:degrees
1836,-2,-2.0000000000000000e+00,-1.7333333333333334e-01,-1,-1,6.7222222222221989e-04,wind_direction:18.4_m:degrees
1837,5,9.9599998474121094e+01,-1.5201612903225808e-01,1841,1842,6.8545135275752470e-04,relative_humidity:18.4_m:%
1838,7,1.8500000238418579e+00,-1.2500000000000000e-01,1839,1840,1.5750000000001284e-03,wave_height:0_m:m
1839,-2,-2.0000000000000000e+00,-1.0714285714285716e-01,-1,-1,9.4897959183673671e-04,wind_direction:18.4_m:degrees
1840,-2,-2.0000000000000000e+00,-1.6666666666666666e-01,-1,-1,5.5555555555555913e-04,wind_direction:18.4_m:degrees
1841,9,8.9417926788330078e+01,-1.5336065573770502e-01,2041,2042,5.8460763235688648e-04,angle_between_wind_wave:0_m:degrees
1842,-2,-2.0000000000000000e+00,-7.0000000000000007e-02,-1,-1,-1.3530843112619095e-16,wind_direction:18.4_m:degrees
1843,-2,-2.0000000000000000e+00,-2.7882352941176469e-01,-1,-1,2.9273356401388062e-04,wind_direction:18.4_m:degrees
1844,-2,-2.0000000000000000e+00,-3.2000000000000001e-01,-1,-1,7.0769230769228419e-04,wind_direction:18.4_m:degrees
1845,-2,-2.0000000000000000e+00,-2.1666666666666667e-01,-1,-1,8.8888888888888351e-05,wind_direction:18.4_m:degrees
1846,7,1.0500000119209290e+00,-2.8521739130434787e-01,1847,1848,1.2771266540642784e-03,wave_height:0_m:m
1847,-2,-2.0000000000000000e+00,-2.5000000000000000e-01,-1,-1,6.8571428571428950e-04,wind_direction:18.4_m:degrees
1848,-2,-2.0000000000000000e+00,-3.0062499999999998e-01,-1,-1,7.5585937499997313e-04,wind_direction:18.4_m:degrees
1849,-2,-2.0000000000000000e+00,-2.7500000000000002e-01,-1,-1,2.2499999999998910e-04,wind_direction:18.4_m:degrees
1850,-2,-2.0000000000000000e+00,-1.7333333333333334e-01,-1,-1,4.2222222222225089e-04,wind_direction:18.4_m:degrees
1851,-2,-2.0000000000000000e+00,-2.3400000000000004e-01,-1,-1,7.0400000000001711e-04,wind_direction:18.4_m:degrees
1852,-2,-2.0000000000000000e+00,-1.2000000000000000e-01,-1,-1,-5.7245874707234634e-17,wind_direction:18.4_m:degrees
1853,-2,-2.0000000000000000e+00,-2.3736842105263162e-01,-1,-1,1.0088642659279931e-03,wind_direction:18.4_m:degrees
1854,-2,-2.0000000000000000e+00,-3.4999999999999998e-01,-1,-1,7.4940054162198066e-16,wind_direction:18.4_m:degrees
1855,-2,-2.0000000000000000e+00,-6.6785714285714309e-02,-1,-1,5.2895408163265104e-04,wind_direction:18.4_m:degrees
1856,-2,-2.0000000000000000e+00,-4.2643678160919532e-02,-1,-1,5.2519487382745905e-04,wind_direction:18.4_m:degrees
1857,7,1.6999999880790710e+00,6.4102564102564109e-03,1859,1860,6.1788297172912570e-04,wave_height:0_m:m
1858,-2,-2.0000000000000000e+00,-4.6947674418604621e-03,-1,-1,3.6647660052731155e-04,wind_direction:18.4_m:degrees
1859,-2,-2.0000000000000000e+00,3.7837837837837846e-03,-1,-1,5.0460189919649388e-04,wind_direction:18.4_m:degrees
1860,-2,-2.0000000000000000e+00,5.5000000000000000e-02,-1,-1,2.2499999999999994e-04,wind_direction:18.4_m:degrees
1861,-2,-2.0000000000000000e+00,-2.4000000000000000e-02,-1,-1,5.2400000000000005e-04,wind_direction:18.4_m:degrees
1862,-2,-2.0000000000000000e+00,-6.8235294117647061e-02,-1,-1,3.0865051903113897e-04,wind_direction:18.4_m:degrees
1863,-2,-2.0000000000000000e+00,-4.1333333333333333e-01,-1,-1,2.2222222222223476e-04,wind_direction:18.4_m:degrees
1864,-2,-2.0000000000000000e+00,-4.7999999999999998e-01,-1,-1,1.2000000000000344e-03,wind_direction:18.4_m:degrees
1865,4,1.2391281127929688e+01,-6.0583941605839409e-02,1867,1868,5.7484149395279488e-04,mixing_ratio:18.4_m:g_kg-1
1866,-2,-2.0000000000000000e+00,-4.9525065963060666e-02,-1,-1,3.3381137697453909e-04,wind_direction:18.4_m:degrees
1867,-2,-2.0000000000000000e+00,-7.5499999999999998e-02,-1,-1,4.3808333333333286e-04,wind_direction:18.4_m:degrees
1868,-2,-2.0000000000000000e+00,-4.8961038961038955e-02,-1,-1,3.7294653398549631e-04,wind_direction:18.4_m:degrees
1869,-2,-2.0000000000000000e+00,-3.2500000000000001e-02,-1,-1,2.1874999999999998e-04,wind_direction:18.4_m:degrees
1870,-2,-2.0000000000000000e+00,-6.5363636363636360e-02,-1,-1,6.0941322314049876e-04,wind_direction:18.4_m:degrees
1871,-2,-2.0000000000000000e+00,-4.1888888888888887e-01,-1,-1,1.2098765432099201e-03,wind_direction:18.4_m:degrees
1872,11,2.8577999877929688e+02,-3.6909090909090914e-01,2019,2020,1.8991735537190468e-03,wind_direction:18.4_m:degrees
1873,-2,-2.0000000000000000e+00,-4.3333333333333335e-02,-1,-1,3.5555555555555579e-04,wind_direction:18.4_m:degrees
1874,3,1.0148999938964844e+03,-1.0885245901639345e-01,1875,1876,1.1347487234614380e-03,pressure:18.4_m:hPa
1875,2,2.8970500183105469e+02,-1.1659574468085109e-01,1895,1896,1.0522408329560889e-03,water_sfc_temperature:0_m:K
1876,-2,-2.0000000000000000e+00,-8.2857142857142865e-02,-1,-1,5.3469387755102071e-04,wind_direction:18.4_m:degrees
1877,5,9.6549999237060547e+01,-1.0052910052910051e-01,1879,1880,7.1506396797401880e-04,relative_humidity:18.4_m:%
1878,-2,-2.0000000000000000e+00,-1.2000000000000000e-01,-1,-1,4.8205128205133264e-04,wind_direction:18.4_m:degrees
1879,2,2.8824000549316406e+02,-1.0369318181818175e-01,1907,1908,5.1761040805785655e-04,water_sfc_temperature:0_m:K
1880,-2,-2.0000000000000000e+00,-5.7692307692307696e-02,-1,-1,1.4177514792898136e-03,wind_direction:18.4_m:degrees
1881,-2,-2.0000000000000000e+00,-3.6199999999999999e-01,-1,-1,9.5999999999984986e-05,wind_direction:18.4_m:degrees
1882,-2,-2.0000000000000000e+00,-2.9499999999999998e-01,-1,-1,2.9166666666664842e-04,wind_direction:18.4_m:degrees
1883,-2,-2.0000000000000000e+00,-2.9999999999999999e-01,-1,-1,8.0000000000000904e-04,wind_direction:18.4_m:degrees
1884,-2,-2.0000000000000000e+00,-3.6849999999999994e-01,-1,-1,5.4275000000003626e-04,wind_direction:18.4_m:degrees
1885,3,1.0086499938964844e+03,-5.9942857142857082e-02,1971,1972,5.4913959183673991e-04,pressure:18.4_m:hPa
1886,-2,-2.0000000000000000e+00,-1.1000000000000001e-01,-1,-1,2.8000000000001461e-04,wind_direction:18.4_m:degrees
1887,-2,-2.0000000000000000e+00,-2.9999999999999999e-02,-1,-1,1.0842021724855044e-19,wind_direction:18.4_m:degrees
1888,-2,-2.0000000000000000e+00,5.9999999999999998e-02,-1,-1,-8.6736173798840355e-19,wind_direction:18.4_m:degrees
1889,-2,-2.0000000000000000e+00,-1.4000000000000001e-01,-1,-1,0.0000000000000000e+00,wind_direction:18.4_m:degrees
1890,0,5.7764026641845703e+01,-2.9819587628865940e-02,1909,1910,7.3527672972686345e-04,zenith:0_m:degrees
1891,-2,-2.0000000000000000e+00,-3.6499999999999999e-01,-1,-1,2.2500000000000298e-04,wind_direction:18.4_m:degrees
1892,-2,-2.0000000000000000e+00,-2.5500000000000000e-01,-1,-1,1.2250000000000594e-03,wind_direction:18.4_m:degrees
1893,-2,-2.0000000000000000e+00,-1.2333333333333334e-01,-1,-1,1.4222222222222206e-03,wind_direction:18.4_m:degrees
1894,-2,-2.0000000000000000e+00,-5.9038461538461526e-02,-1,-1,5.8369082840236449e-04,wind_direction:18.4_m:degrees
1895,-2,-2.0000000000000000e+00,-1.2384615384615383e-01,-1,-1,9.1597633136094106e-04,wind_direction:18.4_m:degrees
1896,-2,-2.0000000000000000e+00,-8.1250000000000003e-02,-1,-1,2.1093750000000539e-04,wind_direction:18.4_m:degrees
1897,-2,-2.0000000000000000e+00,-2.2499999999999999e-02,-1,-1,2.1874999999999998e-04,wind_direction:18.4_m:degrees
1898,1,2.0680939483642578e+02,-6.6666666666666666e-02,1999,2000,1.1185185185185170e-03,azimuth:0_m:degrees
1899,0,1.0349232864379883e+02,-1.2171428571428573e-01,1985,1986,8.1991836734694214e-04,zenith:0_m:degrees
1900,-2,-2.0000000000000000e+00,-1.0258064516129033e-01,-1,-1,6.9011446409989081e-04,wind_direction:18.4_m:degrees
1901,-2,-2.0000000000000000e+00,-5.2000000000000002e-01,-1,-1,0.0000000000000000e+00,wind_direction:18.4_m:degrees
1902,-2,-2.0000000000000000e+00,-6.4666666666666661e-01,-1,-1,4.2222222222237926e-04,wind_direction:18.4_m:degrees
1903,-2,-2.0000000000000000e+00,-1.1000000000000000e-01,-1,-1,0.0000000000000000e+00,wind_direction:18.4_m:degrees
1904,-2,-2.0000000000000000e+00,-2.3666666666666666e-01,-1,-1,2.2222222222222088e-05,wind_direction:18.4_m:degrees
1905,-2,-2.0000000000000000e+00,-6.9500000000000006e-01,-1,-1,2.2499999999997522e-04,wind_direction:18.4_m:degrees
1906,-2,-2.0000000000000000e+00,-5.9999999999999998e-01,-1,-1,0.0000000000000000e+00,wind_direction:18.4_m:degrees
1907,-2,-2.0000000000000000e+00,-1.0941176470588232e-01,-1,-1,4.7276322293625210e-04,wind_direction:18.4_m:degrees
1908,-2,-2.0000000000000000e+00,-9.1754385964912283e-02,-1,-1,4.0043090181594160e-04,wind_direction:18.4_m:degrees
1909,-2,-2.0000000000000000e+00,-5.8571428571428573e-02,-1,-1,6.6938775510204081e-04,wind_direction:18.4_m:degrees
1910,8,5.7500000000000000e+00,-2.8743315508021332e-02,1911,1912,7.0563999542452133e-04,wave_period:0_m:s
1911,11,3.4836999511718750e+02,-3.7445255474452557e-02,1913,1914,9.0077255048217741e-04,wind_direction:18.4_m:degrees
1912,-2,-2.0000000000000000e+00,-2.3713080168776362e-02,-1,-1,5.2376577827628124e-04,wind_direction:18.4_m:degrees
1913,-2,-2.0000000000000000e+00,-3.4961832061068697e-02,-1,-1,7.1965503175805542e-04,wind_direction:18.4_m:degrees
1914,-2,-2.0000000000000000e+00,-9.1666666666666674e-02,-1,-1,1.7805555555555665e-03,wind_direction:18.4_m:degrees
1915,-2,-2.0000000000000000e+00,-3.0166666666666664e-01,-1,-1,4.4722222222227936e-04,wind_direction:18.4_m:degrees
1916,-2,-2.0000000000000000e+00,-2.2000000000000000e-01,-1,-1,-9.0205620750793969e-17,wind_direction:18.4_m:degrees
1917,-2,-2.0000000000000000e+00,-3.9000000000000001e-01,-1,-1,0.0000000000000000e+00,wind_direction:18.4_m:degrees
1918,-2,-2.0000000000000000e+00,-5.0833333333333330e-01,-1,-1,5.1388888888881379e-04,wind_direction:18.4_m:degrees
1919,-2,-2.0000000000000000e+00,-4.4333333333333336e-01,-1,-1,1.0888888888888615e-03,wind_direction:18.4_m:degrees
1920,-2,-2.0000000000000000e+00,-3.7608695652173912e-01,-1,-1,5.8903591682421541e-04,wind_direction:18.4_m:degrees
1921,12,-6.4827812835574150e-02,-1.5000000000000002e-01,1923,1924,1.9749999999999976e-03,bulk_richardson:18.4_m:none
1922,-2,-2.0000000000000000e+00,-1.9999999999999998e-01,-1,-1,9.0000000000001884e-04,wind_direction:18.4_m:degrees
1923,-2,-2.0000000000000000e+00,-2.6000000000000001e-01,-1,-1,0.0000000000000000e+00,wind_direction:18.4_m:degrees
1924,-2,-2.0000000000000000e+00,-1.3428571428571429e-01,-1,-1,2.8163265306122356e-04,wind_direction:18.4_m:degrees
1925,-2,-2.0000000000000000e+00,-8.5714285714285701e-02,-1,-1,2.5306122448979888e-04,wind_direction:18.4_m:degrees
1926,-2,-2.0000000000000000e+00,-1.2266666666666666e-01,-1,-1,7.5288888888887413e-04,wind_direction:18.4_m:degrees
1927,-2,-2.0000000000000000e+00,-1.4000000000000001e-01,-1,-1,9.9999999999999395e-05,wind_direction:18.4_m:degrees
1928,-2,-2.0000000000000000e+00,-5.6666666666666671e-02,-1,-1,3.5555555555555384e-04,wind_direction:18.4_m:degrees
1929,-2,-2.0000000000000000e+00,-8.5034722222222178e-02,-1,-1,4.1319323881173434e-04,wind_direction:18.4_m:degrees
1930,-2,-2.0000000000000000e+00,-4.9999999999999996e-02,-1,-1,1.7999999999997098e-04,wind_direction:18.4_m:degrees
1931,-2,-2.0000000000000000e+00,-9.3333333333333338e-02,-1,-1,2.2222222222222088e-05,wind_direction:18.4_m:degrees
1932,-2,-2.0000000000000000e+00,-1.6307692307692309e-01,-1,-1,9.2899408284023710e-04,wind_direction:18.4_m:degrees
1933,-2,-2.0000000000000000e+00,-1.8600000000000003e-01,-1,-1,8.9511111111112429e-04,wind_direction:18.4_m:degrees
1934,-2,-2.0000000000000000e+00,-2.1578947368421056e-01,-1,-1,4.0332409972295563e-04,wind_direction:18.4_m:degrees
1935,-2,-2.0000000000000000e+00,-3.6636363636363639e-01,-1,-1,5.5041322314047791e-04,wind_direction:18.4_m:degrees
1936,-2,-2.0000000000000000e+00,-4.4999999999999996e-01,-1,-1,4.0000000000031677e-04,wind_direction:18.4_m:degrees
1937,-2,-2.0000000000000000e+00,-3.7842105263157899e-01,-1,-1,9.9224376731310571e-04,wind_direction:18.4_m:degrees
1938,-2,-2.0000000000000000e+00,-4.8999999999999999e-01,-1,-1,-6.6613381477509392e-16,wind_direction:18.4_m:degrees
1939,-2,-2.0000000000000000e+00,-1.7499999999999999e-01,-1,-1,2.5000000000007655e-05,wind_direction:18.4_m:degrees
1940,0,7.3943103790283203e+01,-9.7014925373134345e-02,1941,1942,6.2392515036757169e-04,zenith:0_m:degrees
1941,-2,-2.0000000000000000e+00,-7.9230769230769243e-02,-1,-1,2.2248520710058898e-04,wind_direction:18.4_m:degrees
1942,-2,-2.0000000000000000e+00,-1.0829268292682925e-01,-1,-1,5.5074360499702407e-04,wind_direction:18.4_m:degrees
1943,-2,-2.0000000000000000e+00,-1.2214285714285714e-01,-1,-1,2.3112244897959162e-04,wind_direction:18.4_m:degrees
1944,-2,-2.0000000000000000e+00,-4.0000000000000001e-02,-1,-1,1.3010426069826053e-18,wind_direction:18.4_m:degrees
1945,-2,-2.0000000000000000e+00,-1.1026315789473685e-01,-1,-1,1.5499307479224372e-03,wind_direction:18.4_m:degrees
1946,-2,-2.0000000000000000e+00,-1.5250000000000000e-01,-1,-1,1.0687499999999933e-03,wind_direction:18.4_m:degrees
1947,-2,-2.0000000000000000e+00,-9.0000000000000002e-01,-1,-1,0.0000000000000000e+00,wind_direction:18.4_m:degrees
1948,-2,-2.0000000000000000e+00,-8.2333333333333325e-01,-1,-1,1.1555555555555763e-03,wind_direction:18.4_m:degrees
1949,-2,-2.0000000000000000e+00,-2.1375000000000000e-01,-1,-1,1.3234375000000034e-03,wind_direction:18.4_m:degrees
1950,-2,-2.0000000000000000e+00,-2.9499999999999998e-01,-1,-1,2.5000000000108269e-05,wind_direction:18.4_m:degrees
1951,-2,-2.0000000000000000e+00,-2.6374999999999998e-01,-1,-1,4.2343749999999847e-04,wind_direction:18.4_m:degrees
1952,-2,-2.0000000000000000e+00,-2.0200000000000001e-01,-1,-1,9.6000000000019681e-05,wind_direction:18.4_m:degrees
1953,-2,-2.0000000000000000e+00,-2.1500000000000002e-01,-1,-1,2.2499999999999604e-04,wind_direction:18.4_m:degrees
1954,-2,-2.0000000000000000e+00,-1.4714285714285716e-01,-1,-1,5.3469387755103112e-04,wind_direction:18.4_m:degrees
1955,-2,-2.0000000000000000e+00,-1.5000000000000002e-01,-1,-1,3.9999999999999758e-04,wind_direction:18.4_m:degrees
1956,-2,-2.0000000000000000e+00,-8.3750000000000005e-02,-1,-1,1.4843750000000013e-04,wind_direction:18.4_m:degrees
1957,-2,-2.0000000000000000e+00,-1.0000000000000000e-02,-1,-1,0.0000000000000000e+00,wind_direction:18.4_m:degrees
1958,-2,-2.0000000000000000e+00,-1.2000000000000001e-01,-1,-1,9.6551724137930971e-04,wind_direction:18.4_m:degrees
1959,-2,-2.0000000000000000e+00,-2.3999999999999999e-01,-1,-1,7.5000000000005618e-05,wind_direction:18.4_m:degrees
1960,-2,-2.0000000000000000e+00,-1.8166666666666667e-01,-1,-1,2.8055555555556166e-04,wind_direction:18.4_m:degrees
1961,3,1.0068500061035156e+03,-6.8199999999999997e-02,1965,1966,1.2867600000000022e-03,pressure:18.4_m:hPa
1962,1,1.0662078857421875e+02,-5.1504065040650381e-02,1963,1964,5.9326624363804361e-04,azimuth:0_m:degrees
1963,-2,-2.0000000000000000e+00,-4.9041095890410925e-02,-1,-1,5.5844123350222603e-04,wind_direction:18.4_m:degrees
1964,-2,-2.0000000000000000e+00,-7.1481481481481493e-02,-1,-1,4.2743484224963286e-04,wind_direction:18.4_m:degrees
1965,-2,-2.0000000000000000e+00,-6.3695652173913042e-02,-1,-1,5.8851606805293034e-04,wind_direction:18.4_m:degrees
1966,4,5.0328962802886963e+00,-1.2000000000000001e-01,1967,1968,6.4000000000000133e-03,mixing_ratio:18.4_m:g_kg-1
1967,-2,-2.0000000000000000e+00,-2.0000000000000001e-01,-1,-1,0.0000000000000000e+00,wind_direction:18.4_m:degrees
1968,-2,-2.0000000000000000e+00,-4.0000000000000001e-02,-1,-1,-3.4694469519536142e-18,wind_direction:18.4_m:degrees
1969,-2,-2.0000000000000000e+00,-3.5999999999999999e-01,-1,-1,0.0000000000000000e+00,wind_direction:18.4_m:degrees
1970,-2,-2.0000000000000000e+00,-2.6999999999999996e-01,-1,-1,1.1199999999999682e-03,wind_direction:18.4_m:degrees
1971,-2,-2.0000000000000000e+00,-8.4705882352941173e-02,-1,-1,4.7197231833910180e-04,wind_direction:18.4_m:degrees
1972,-2,-2.0000000000000000e+00,-5.7278481012658179e-02,-1,-1,4.8436548630028005e-04,wind_direction:18.4_m:degrees
1973,-2,-2.0000000000000000e+00,-1.1249999999999999e-01,-1,-1,3.1875000000000479e-04,wind_direction:18.4_m:degrees
1974,-2,-2.0000000000000000e+00,-1.7157894736842103e-01,-1,-1,2.7645429362881460e-04,wind_direction:18.4_m:degrees
1975,-2,-2.0000000000000000e+00,-4.5714285714285714e-02,-1,-1,3.3877551020408160e-04,wind_direction:18.4_m:degrees
1976,-2,-2.0000000000000000e+00,-9.0645161290322629e-02,-1,-1,1.0060353798127010e-03,wind_direction:18.4_m:degrees
1977,-2,-2.0000000000000000e+00,-6.6666666666666663e-01,-1,-1,2.2222222222312293e-05,wind_direction:18.4_m:degrees
1978,-2,-2.0000000000000000e+00,-5.9599999999999997e-01,-1,-1,1.6239999999999588e-03,wind_direction:18.4_m:degrees
1979,-2,-2.0000000000000000e+00,-5.0000000000000003e-02,-1,-1,0.0000000000000000e+00,wind_direction:18.4_m:degrees
1980,-2,-2.0000000000000000e+00,-1.5892857142857147e-01,-1,-1,1.1167091836734658e-03,wind_direction:18.4_m:degrees
1981,-2,-2.0000000000000000e+00,-6.8599999999999994e-02,-1,-1,3.7204000000000143e-04,wind_direction:18.4_m:degrees
1982,-2,-2.0000000000000000e+00,-4.6739130434782616e-02,-1,-1,2.6980151228733675e-04,wind_direction:18.4_m:degrees
1983,4,1.1119132995605469e+01,-3.2620689655172397e-02,2037,2038,5.7382164090368686e-04,mixing_ratio:18.4_m:g_kg-1
1984,-2,-2.0000000000000000e+00,1.5999999999999997e-02,-1,-1,7.8399999999999054e-04,wind_direction:18.4_m:degrees
1985,-2,-2.0000000000000000e+00,-1.0607142857142857e-01,-1,-1,5.7385204081632744e-04,wind_direction:18.4_m:degrees
1986,-2,-2.0000000000000000e+00,-1.3214285714285717e-01,-1,-1,7.1207482993196694e-04,wind_direction:18.4_m:degrees
1987,6,2.2850000000000000e+02,-5.2058823529411757e-01,1989,1990,1.7702422145328134e-03,wave_direction:0_m:degrees
1988,-2,-2.0000000000000000e+00,-5.6857142857142862e-01,-1,-1,9.7959183673612671e-05,wind_direction:18.4_m:degrees
1989,-2,-2.0000000000000000e+00,-4.9800000000000005e-01,-1,-1,8.9600000000014668e-04,wind_direction:18.4_m:degrees
1990,-2,-2.0000000000000000e+00,-5.5285714285714282e-01,-1,-1,1.2489795918363966e-03,wind_direction:18.4_m:degrees
1991,-2,-2.0000000000000000e+00,-2.5500000000000000e-01,-1,-1,2.0249999999999990e-03,wind_direction:18.4_m:degrees
1992,10,1.4139153957366943e+01,-3.1666666666666660e-01,1993,1994,1.9555555555555021e-03,wind_speed:18.4_m:m_s-1
1993,-2,-2.0000000000000000e+00,-2.5000000000000000e-01,-1,-1,2.0000000000000573e-04,wind_direction:18.4_m:degrees
1994,-2,-2.0000000000000000e+00,-3.3888888888888891e-01,-1,-1,5.6543209876551426e-04,wind_direction:18.4_m:degrees
1995,8,6.7999999523162842e+00,-2.1573033707865171e-02,2027,2028,9.5707612675167248e-04,wave_period:0_m:s
1996,-2,-2.0000000000000000e+00,1.8518518518518504e-03,-1,-1,7.4101508916323857e-04,wind_direction:18.4_m:degrees
1997,-2,-2.0000000000000000e+00,-9.4000000000000014e-02,-1,-1,8.4399999999999753e-04,wind_direction:18.4_m:degrees
1998,-2,-2.0000000000000000e+00,-6.5961538461538446e-02,-1,-1,6.4330621301775075e-04,wind_direction:18.4_m:degrees
1999,-2,-2.0000000000000000e+00,-7.5217391304347819e-02,-1,-1,7.2060491493383932e-04,wind_direction:18.4_m:degrees
2000,-2,-2.0000000000000000e+00,-1.7500000000000002e-02,-1,-1,5.6874999999999331e-04,wind_direction:18.4_m:degrees
2001,-2,-2.0000000000000000e+00,-7.1124999999999994e-01,-1,-1,3.1093749999999698e-04,wind_direction:18.4_m:degrees
2002,-2,-2.0000000000000000e+00,-7.8333333333333321e-01,-1,-1,6.8888888888918309e-04,wind_direction:18.4_m:degrees
2003,-2,-2.0000000000000000e+00,-5.8161764705882302e-02,-1,-1,6.0912089100346144e-04,wind_direction:18.4_m:degrees
2004,9,8.9598041534423828e+01,-3.9534883720930239e-02,2005,2006,5.9048134126554958e-04,angle_between_wind_wave:0_m:degrees
2005,-2,-2.0000000000000000e+00,-1.5333333333333336e-02,-1,-1,2.9155555555555553e-04,wind_direction:18.4_m:degrees
2006,-2,-2.0000000000000000e+00,-5.2500000000000005e-02,-1,-1,2.6874999999999989e-04,wind_direction:18.4_m:degrees
2007,-2,-2.0000000000000000e+00,-2.4038461538461533e-02,-1,-1,3.8369082840236679e-04,wind_direction:18.4_m:degrees
2008,-2,-2.0000000000000000e+00,-1.0000000000000001e-01,-1,-1,-2.9490299091605721e-17,wind_direction:18.4_m:degrees
2009,-2,-2.0000000000000000e+00,-7.4090909090909110e-02,-1,-1,6.1508264462809600e-04,wind_direction:18.4_m:degrees
2010,12,-1.5242317318916321e-01,-4.6521739130434794e-02,2011,2012,8.8790170132325074e-04,bulk_richardson:18.4_m:none
2011,-2,-2.0000000000000000e+00,7.0000000000000007e-02,-1,-1,0.0000000000000000e+00,wind_direction:18.4_m:degrees
2012,-2,-2.0000000000000000e+00,-4.9111111111111119e-02,-1,-1,5.9920987654320853e-04,wind_direction:18.4_m:degrees
2013,-2,-2.0000000000000000e+00,-7.5694444444444481e-03,-1,-1,2.1839795524691369e-04,wind_direction:18.4_m:degrees
2014,7,9.4999998807907104e-01,-1.7090909090909087e-02,2015,2016,4.5790082644628182e-04,wave_height:0_m:m
2015,-2,-2.0000000000000000e+00,-1.0827067669172935e-02,-1,-1,2.0909039516083422e-04,wind_direction:18.4_m:degrees
2016,-2,-2.0000000000000000e+00,-2.6666666666666665e-02,-1,-1,6.8659003831417827e-04,wind_direction:18.4_m:degrees
2017,-2,-2.0000000000000000e+00,-6.9454545454545458e-01,-1,-1,1.7157024793389430e-03,wind_direction:18.4_m:degrees
2018,-2,-2.0000000000000000e+00,-6.3250000000000006e-01,-1,-1,1.8749999999900790e-05,wind_direction:18.4_m:degrees
2019,-2,-2.0000000000000000e+00,-3.3399999999999996e-01,-1,-1,6.6400000000003956e-04,wind_direction:18.4_m:degrees
2020,-2,-2.0000000000000000e+00,-3.9833333333333337e-01,-1,-1,1.0472222222221161e-03,wind_direction:18.4_m:degrees
2021,4,2.9700908660888672e+00,-1.8250000000000002e-01,2023,2024,1.6187499999999952e-03,mixing_ratio:18.4_m:g_kg-1
2022,-2,-2.0000000000000000e+00,-1.4000000000000001e-01,-1,-1,5.2307692307692819e-04,wind_direction:18.4_m:degrees
2023,-2,-2.0000000000000000e+00,-1.2333333333333334e-01,-1,-1,1.4222222222222206e-03,wind_direction:18.4_m:degrees
2024,-2,-2.0000000000000000e+00,-2.0222222222222222e-01,-1,-1,1.2839506172838966e-04,wind_direction:18.4_m:degrees
2025,-2,-2.0000000000000000e+00,-3.2533333333333331e-01,-1,-1,7.0488888888893542e-04,wind_direction:18.4_m:degrees
2026,-2,-2.0000000000000000e+00,-3.8500000000000001e-01,-1,-1,2.2499999999997522e-04,wind_direction:18.4_m:degrees
2027,-2,-2.0000000000000000e+00,-1.3559322033898306e-02,-1,-1,3.7546681987934484e-04,wind_direction:18.4_m:degrees
2028,4,3.0755981206893921e+00,-3.7333333333333336e-02,2029,2030,1.7262222222222223e-03,mixing_ratio:18.4_m:g_kg-1
2029,11,2.3306000518798828e+02,-3.2758620689655168e-02,2031,2032,1.1579072532699169e-03,wind_direction:18.4_m:degrees
2030,-2,-2.0000000000000000e+00,-1.7000000000000001e-01,-1,-1,2.4286128663675299e-17,wind_direction:18.4_m:degrees
2031,-2,-2.0000000000000000e+00,-8.2500000000000004e-02,-1,-1,1.6874999999999963e-04,wind_direction:18.4_m:degrees
2032,-2,-2.0000000000000000e+00,-2.4800000000000003e-02,-1,-1,8.5696000000000047e-04,wind_direction:18.4_m:degrees
2033,-2,-2.0000000000000000e+00,-4.0800000000000003e-01,-1,-1,1.7560000000001463e-03,wind_direction:18.4_m:degrees
2034,-2,-2.0000000000000000e+00,-4.8999999999999999e-01,-1,-1,4.8999999999999044e-03,wind_direction:18.4_m:degrees
2035,-2,-2.0000000000000000e+00,-1.0600000000000001e-01,-1,-1,8.3999999999997271e-05,wind_direction:18.4_m:degrees
2036,-2,-2.0000000000000000e+00,-6.6400000000000001e-02,-1,-1,2.7904000000000210e-04,wind_direction:18.4_m:degrees
2037,-2,-2.0000000000000000e+00,-3.4744525547445226e-02,-1,-1,5.0668655762161219e-04,wind_direction:18.4_m:degrees
2038,-2,-2.0000000000000000e+00,3.7499999999999999e-03,-1,-1,3.2343749999999381e-04,wind_direction:18.4_m:degrees
2039,-2,-2.0000000000000000e+00,2.0000000000000000e-02,-1,-1,-5.4210108624275222e-20,wind_direction:18.4_m:degrees
2040,-2,-2.0000000000000000e+00,-3.3636363636363638e-02,-1,-1,2.7768595041322269e-04,wind_direction:18.4_m:degrees
2041,-2,-2.0000000000000000e+00,-1.4127659574468085e-01,-1,-1,3.1326392032594505e-04,wind_direction:18.4_m:degrees
2042,-2,-2.0000000000000000e+00,-1.6093333333333332e-01,-1,-1,6.0579555555550363e-04,wind_direction:18.4_m:degrees
2043,-2,-2.0000000000000000e+00,-1.2923076923076923e-01,-1,-1,9.3017751479290006e-04,wind_direction:18.4_m:degrees
2044,-2,-2.0000000000000000e+00,-9.2272727272727298e-02,-1,-1,3.5392561983470065e-04,wind_direction:18.4_m:degrees
2045,-2,-2.0000000000000000e+00,-8.6111111111111097e-02,-1,-1,5.5709876543209684e-04,wind_direction:18.4_m:degrees
2046,-2,-2.0000000000000000e+00,-4.1249999999999995e-02,-1,-1,8.1093749999999547e-04,wind_direction:18.4_m:degrees
