Node,feature,threshold,value,children_left,children_right,impurity,feature_name
0,10,1.2005086421966553e+01,-6.1044235283393401e-02,1,2,9.1163279276958997e-03,wind_speed:18.4_m:m_s-1
1,6,2.2250000000000000e+02,-4.2092254176661931e-02,5,6,2.6545490316691365e-03,wave_direction:0_m:degrees
2,10,1.4655768394470215e+01,-3.1412168792934220e-01,3,4,2.6559917151494500e-02,wind_speed:18.4_m:m_s-1
3,5,6.0850000381469727e+01,-2.4222636236609252e-01,13,14,1.0269565900275175e-02,relative_humidity:18.4_m:%
4,10,1.7220717430114746e+01,-4.8374725274725272e-01,11,12,2.4026287767177551e-02,wind_speed:18.4_m:m_s-1
5,10,7.9819672107696533e+00,-3.4274075979757263e-02,7,8,1.7776788771554277e-03,wind_speed:18.4_m:m_s-1
6,10,9.2130804061889648e+00,-8.8933036478848912e-02,9,10,5.3478425787458969e-03,wind_speed:18.4_m:m_s-1
7,10,5.5851724147796631e+00,-2.0668909775809340e-02,17,18,7.2969555791991463e-04,wind_speed:18.4_m:m_s-1
8,10,9.9983673095703125e+00,-8.2965968586387107e-02,15,16,2.4949726638541616e-03,wind_speed:18.4_m:m_s-1
9,10,7.2853720188140869e+00,-5.5927648578811717e-02,25,26,2.1012454112666811e-03,wind_speed:18.4_m:m_s-1
10,10,1.0817876338958740e+01,-1.5380396140172672e-01,23,24,5.3795877750640875e-03,wind_speed:18.4_m:m_s-1
11,11,2.6133500671386719e+02,-4.2574730354391344e-01,19,20,1.4217661876396642e-02,wind_direction:18.4_m:degrees
12,10,2.1104976654052734e+01,-6.2796934865900378e-01,39,40,1.9251432010686242e-02,wind_speed:18.4_m:m_s-1
13,10,1.3117295265197754e+01,-2.9759049773755675e-01,33,34,9.5112757468109738e-03,wind_speed:18.4_m:m_s-1
14,10,1.3178766727447510e+01,-2.0347585114806005e-01,21,22,7.1533183004435230e-03,wind_speed:18.4_m:m_s-1
15,12,-1.6080594621598721e-02,-6.6711067580803488e-02,27,28,1.6380957541002553e-03,bulk_richardson:18.4_m:none
16,12,-9.4135277904570103e-03,-1.1570019723865888e-01,29,30,2.6169357593296711e-03,bulk_richardson:18.4_m:none
17,10,3.8487789630889893e+00,-1.1788459115535044e-02,49,50,4.9156643856055650e-04,wind_speed:18.4_m:m_s-1
18,11,2.8675999450683594e+02,-3.2960153457145563e-02,31,32,7.9905857442941382e-04,wind_direction:18.4_m:degrees
19,11,1.0022000122070312e+02,-3.0874999999999997e-01,79,80,7.6081597222222436e-03,wind_direction:18.4_m:degrees
20,10,1.5977657794952393e+01,-4.5910891089108896e-01,43,44,1.1086136653269824e-02,wind_speed:18.4_m:m_s-1
21,6,2.1550000000000000e+02,-1.7611638954869355e-01,91,92,3.6969128192687849e-03,wave_direction:0_m:degrees
22,6,2.2150000000000000e+02,-2.5819477434679339e-01,61,62,9.5748884287495395e-03,wave_direction:0_m:degrees
23,11,2.8204499816894531e+02,-1.3133223684210529e-01,41,42,3.8353961976281860e-03,wind_direction:18.4_m:degrees
24,12,-3.7166947498917580e-02,-1.9009296148738375e-01,35,36,5.7408944126103242e-03,bulk_richardson:18.4_m:none
25,10,5.6809594631195068e+00,-4.0245730945439526e-02,63,64,1.3848209157609889e-03,wind_speed:18.4_m:m_s-1
26,12,-2.9451041482388973e-02,-8.1558883594282011e-02,37,38,2.2132948649209580e-03,bulk_richardson:18.4_m:none
27,4,4.4849081039428711e+00,-9.5870069605568278e-02,89,90,2.5933071706834947e-03,mixing_ratio:18.4_m:g_kg-1
28,10,8.9604492187500000e+00,-5.6820566631689697e-02,57,58,9.2787651300512862e-04,wind_speed:18.4_m:m_s-1
29,11,2.4538999938964844e+02,-1.5310996563573892e-01,73,74,3.4726305192427920e-03,wind_direction:18.4_m:degrees
30,10,1.1057070255279541e+01,-1.0455197132616512e-01,51,52,1.8206006015925539e-03,wind_speed:18.4_m:m_s-1
31,10,6.7650647163391113e+00,-2.8375545851528964e-02,67,68,5.0742665090286920e-04,wind_speed:18.4_m:m_s-1
32,12,-6.3991204369813204e-03,-5.1147682979644900e-02,45,46,1.5418183802962653e-03,bulk_richardson:18.4_m:none
33,2,2.8771499633789062e+02,-2.6424942263279438e-01,59,60,8.0794019915835374e-03,water_sfc_temperature:0_m:K
34,4,4.7389349937438965e+00,-3.2960088691796069e-01,53,54,8.7940757420068988e-03,mixing_ratio:18.4_m:g_kg-1
35,11,3.2401499938964844e+02,-2.3401360544217681e-01,107,108,6.3920542366606853e-03,wind_direction:18.4_m:degrees
36,10,1.1426044464111328e+01,-1.6196078431372543e-01,105,106,3.2968089196463539e-03,wind_speed:18.4_m:m_s-1
37,0,7.6898296356201172e+01,-9.9688506981740213e-02,127,128,2.0754131761811876e-03,zenith:0_m:degrees
38,12,-1.5116046182811260e-02,-5.0185873605947846e-02,307,308,8.9885020936690411e-04,bulk_richardson:18.4_m:none
39,4,5.4553194046020508e+00,-6.1794466403162018e-01,47,48,1.6217119467574925e-02,mixing_ratio:18.4_m:g_kg-1
40,4,3.4232494831085205e+00,-9.4499999999999995e-01,413,414,1.1525000000003005e-02,mixing_ratio:18.4_m:g_kg-1
41,12,-1.5418329741805792e-02,-1.0363440860215047e-01,221,222,1.7728125794889762e-03,bulk_richardson:18.4_m:none
42,11,3.1319500732421875e+02,-1.4848202396804255e-01,81,82,4.3433681855174003e-03,wind_direction:18.4_m:degrees
43,2,2.8816999816894531e+02,-4.3260450160771718e-01,55,56,1.0666850011889883e-02,water_sfc_temperature:0_m:K
44,12,-2.5381020270287991e-02,-5.0159793814432985e-01,97,98,8.8268280369861452e-03,bulk_richardson:18.4_m:none
45,4,7.6441047191619873e+00,-5.8473486877343363e-02,217,218,1.2483928428497102e-03,mixing_ratio:18.4_m:g_kg-1
46,11,3.5352999877929688e+02,-2.0203619909502247e-02,483,484,1.5970173624618572e-03,wind_direction:18.4_m:degrees
47,3,9.9575000000000000e+02,-6.3679069767441843e-01,85,86,1.3967839913467173e-02,pressure:18.4_m:hPa
48,1,2.9977285766601562e+02,-5.1131578947368417e-01,65,66,1.5564058171745110e-02,azimuth:0_m:degrees
49,3,1.0356499633789062e+03,-5.7311117494972816e-03,585,586,4.1484180425095169e-04,pressure:18.4_m:hPa
50,12,-3.8127802312374115e-02,-1.6520421903052359e-02,71,72,5.0044864039645908e-04,bulk_richardson:18.4_m:none
51,11,1.9612999725341797e+02,-9.2724999999999919e-02,111,112,1.3764910416666273e-03,wind_direction:18.4_m:degrees
52,3,9.8684997558593750e+02,-1.2339973439575033e-01,191,192,1.9501947940860406e-03,pressure:18.4_m:hPa
53,2,2.7566500854492188e+02,-3.3739952718676147e-01,75,76,7.8811808035584713e-03,water_sfc_temperature:0_m:K
54,1,1.9163085174560547e+02,-2.1178571428571430e-01,305,306,7.7860969387765419e-03,azimuth:0_m:degrees
55,4,8.9994761347770691e-01,-4.4184931506849318e-01,95,96,9.4705526365171933e-03,mixing_ratio:18.4_m:g_kg-1
56,2,2.8891000366210938e+02,-2.9052631578947369e-01,187,188,7.5523545706356332e-03,water_sfc_temperature:0_m:K
57,12,8.1470711156725883e-03,-4.7574327512977882e-02,239,240,6.0676358820984646e-04,bulk_richardson:18.4_m:none
58,12,9.7918538376688957e-03,-6.8393384524512671e-02,171,172,1.0888541086275455e-03,bulk_richardson:18.4_m:none
59,11,2.6889500427246094e+02,-2.6917061611374427e-01,69,70,7.0720609375351934e-03,wind_direction:18.4_m:degrees
60,10,1.2804198741912842e+01,-7.5454545454545455e-02,411,412,1.0152066115700777e-02,wind_speed:18.4_m:m_s-1
61,4,2.3880385160446167e+00,-2.3257028112449793e-01,99,100,9.3443976710053459e-03,mixing_ratio:18.4_m:g_kg-1
62,11,2.5847500610351562e+02,-2.9529069767441851e-01,87,88,7.5818922390481491e-03,wind_direction:18.4_m:degrees
63,12,2.3690135031938553e-01,-2.7344827586206846e-02,179,180,1.1293293697978582e-03,bulk_richardson:18.4_m:none
64,11,2.8081500244140625e+02,-5.2304593070104800e-02,83,84,1.3226501722960961e-03,wind_direction:18.4_m:degrees
65,7,2.2500000000000000e+00,-5.6750000000000000e-01,281,282,7.5544642857144906e-03,wave_height:0_m:m
66,2,2.7969999694824219e+02,-3.5400000000000004e-01,629,630,4.4039999999996582e-03,water_sfc_temperature:0_m:K
67,12,7.3359924135729671e-04,-2.3067628142662604e-02,163,164,4.2454015455747017e-04,bulk_richardson:18.4_m:none
68,12,-2.9994798824191093e-02,-3.5135269297592843e-02,113,114,5.3141009635949846e-04,bulk_richardson:18.4_m:none
69,2,2.8692999267578125e+02,-1.8463414634146341e-01,963,964,1.8199881023200568e-03,water_sfc_temperature:0_m:K
70,12,-6.9198054261505604e-03,-2.7826771653543314e-01,121,122,6.7854506375678719e-03,bulk_richardson:18.4_m:none
71,11,2.8194999694824219e+02,-2.3054536561506699e-02,167,168,5.1987009986469591e-04,wind_direction:18.4_m:degrees
72,10,4.9777402877807617e+00,-1.0980717395811806e-02,661,662,4.1709749258091281e-04,wind_speed:18.4_m:m_s-1
73,5,9.1449996948242188e+01,-1.1612121212121218e-01,701,702,1.8298034894398459e-03,relative_humidity:18.4_m:%
74,0,6.7414375305175781e+01,-1.6774580335731415e-01,193,194,3.3671008516927246e-03,zenith:0_m:degrees
75,4,1.0395203828811646e+00,-2.7558823529411758e-01,173,174,6.9423010380623013e-03,mixing_ratio:18.4_m:g_kg-1
76,12,-2.3797986097633839e-02,-3.4923943661971818e-01,77,78,7.1889990081330929e-03,bulk_richardson:18.4_m:none
77,2,2.7688000488281250e+02,-3.7429951690821256e-01,129,130,7.3800648789937584e-03,water_sfc_temperature:0_m:K
78,8,5.6499998569488525e+00,-3.1418918918918909e-01,185,186,4.8148831263696151e-03,wave_period:0_m:s
79,-2,-2.0000000000000000e+00,-8.5999999999999999e-01,-1,-1,0.0000000000000000e+00,wind_direction:18.4_m:degrees
80,10,1.6240009307861328e+01,-3.0489510489510491e-01,109,110,5.5214924935205051e-03,wind_speed:18.4_m:m_s-1
81,12,-4.0469137951731682e-02,-1.6386892177589843e-01,93,94,4.5108242561313697e-03,bulk_richardson:18.4_m:none
82,9,8.8726482391357422e+01,-1.2230215827338134e-01,315,316,2.9702396356297133e-03,angle_between_wind_wave:0_m:degrees
83,12,-3.5307986661791801e-02,-3.3820662768031105e-02,617,618,5.7994444634437204e-04,bulk_richardson:18.4_m:none
84,0,1.3161330413818359e+02,-6.5329670329670325e-02,169,170,1.4356056031879869e-03,zenith:0_m:degrees
85,3,9.9025000000000000e+02,-6.0898550724637679e-01,139,140,1.1884478050829594e-02,pressure:18.4_m:hPa
86,10,1.8817430496215820e+01,-6.8662337662337647e-01,103,104,1.3832754258729651e-02,wind_speed:18.4_m:m_s-1
87,0,1.1678736877441406e+02,-2.3672727272727276e-01,227,228,5.1601983471074170e-03,zenith:0_m:degrees
88,3,9.9839999389648438e+02,-3.2282051282051272e-01,119,120,6.3501643655491102e-03,pressure:18.4_m:hPa
89,10,9.4793429374694824e+00,-1.1016666666666672e-01,133,134,3.0901237373737751e-03,wind_speed:18.4_m:m_s-1
90,11,1.0199499893188477e+02,-8.0963665086887807e-02,189,190,1.6399876213222687e-03,wind_direction:18.4_m:degrees
91,12,8.6921849288046360e-03,-1.6183266932270909e-01,223,224,2.9133743908827774e-03,bulk_richardson:18.4_m:none
92,12,-2.6635604910552502e-02,-1.9720588235294126e-01,115,116,4.1077811418684940e-03,bulk_richardson:18.4_m:none
93,4,1.0838226079940796e+00,-1.8091803278688531e-01,165,166,3.7991572158021999e-03,mixing_ratio:18.4_m:g_kg-1
94,4,3.4453023672103882e+00,-1.3291666666666671e-01,201,202,4.3170882936509440e-03,mixing_ratio:18.4_m:g_kg-1
95,5,3.6000000000000000e+01,-5.6500000000000006e-01,391,392,6.4964285714284586e-03,relative_humidity:18.4_m:%
96,12,-1.3506219256669283e-02,-4.3564748201438858e-01,159,160,8.8181059468973033e-03,bulk_richardson:18.4_m:none
97,10,1.6672890663146973e+01,-5.7612903225806444e-01,473,474,4.7463059313216927e-03,wind_speed:18.4_m:m_s-1
98,0,6.9903797149658203e+01,-4.8742331288343549e-01,131,132,8.3455079227672535e-03,zenith:0_m:degrees
99,-2,-2.0000000000000000e+00,-6.7000000000000004e-01,-1,-1,0.0000000000000000e+00,wind_direction:18.4_m:degrees
100,10,1.3757383346557617e+01,-2.3080645161290322e-01,101,102,8.6074141519251815e-03,wind_speed:18.4_m:m_s-1
101,5,9.6649997711181641e+01,-1.9754237288135598e-01,149,150,9.8897227808100591e-03,relative_humidity:18.4_m:%
102,10,1.3760255813598633e+01,-2.6100000000000007e-01,117,118,5.5274615384616477e-03,wind_speed:18.4_m:m_s-1
103,5,4.3049999237060547e+01,-6.5249999999999986e-01,433,434,8.3649038461537928e-03,relative_humidity:18.4_m:%
104,5,3.5500000000000000e+01,-7.5760000000000016e-01,135,136,1.7746240000001023e-02,relative_humidity:18.4_m:%
105,8,5.2500000000000000e+00,-1.4091743119266062e-01,311,312,2.5725528154195570e-03,wave_period:0_m:s
106,4,2.8651412725448608e+00,-1.8099585062240664e-01,157,158,3.1890497753138888e-03,mixing_ratio:18.4_m:g_kg-1
107,0,7.5474426269531250e+01,-2.4238636363636365e-01,145,146,6.0507446625344824e-03,zenith:0_m:degrees
108,10,1.1025516986846924e+01,-1.6033333333333333e-01,667,668,3.3498888888888814e-03,wind_speed:18.4_m:m_s-1
109,11,1.2588499832153320e+02,-2.9057377049180322e-01,231,232,4.0955724267669608e-03,wind_direction:18.4_m:degrees
110,11,1.2889500045776367e+02,-3.8809523809523805e-01,299,300,5.6916099773241524e-03,wind_direction:18.4_m:degrees
111,10,1.0833838462829590e+01,-1.1096590909090903e-01,675,676,9.7804429235538379e-04,wind_speed:18.4_m:m_s-1
112,12,1.1493275407701731e-02,-8.5153301886792418e-02,155,156,1.3464387626824729e-03,bulk_richardson:18.4_m:none
113,3,1.0341000366210938e+03,-5.1227106227106148e-02,697,698,7.8988615169934369e-04,pressure:18.4_m:hPa
114,12,1.8592106178402901e-02,-3.2612690209589776e-02,297,298,4.4393468822640034e-04,bulk_richardson:18.4_m:none
115,2,2.8144000244140625e+02,-2.5104166666666666e-01,241,242,5.4801649305555589e-03,water_sfc_temperature:0_m:K
116,2,2.8826000976562500e+02,-1.8835616438356165e-01,203,204,3.3274347907674695e-03,water_sfc_temperature:0_m:K
117,-2,-2.0000000000000000e+00,-4.8999999999999999e-01,-1,-1,0.0000000000000000e+00,wind_direction:18.4_m:degrees
118,11,1.4511499786376953e+02,-2.5559055118110247e-01,137,138,4.3900055800111804e-03,wind_direction:18.4_m:degrees
119,10,1.4422119140625000e+01,-3.7317073170731718e-01,291,292,5.6655562165376927e-03,wind_speed:18.4_m:m_s-1
120,4,5.5306532382965088e+00,-2.9565789473684212e-01,205,206,4.6140408587258541e-03,mixing_ratio:18.4_m:g_kg-1
121,11,3.1630000305175781e+02,-2.8365168539325858e-01,123,124,6.5422831713168039e-03,wind_direction:18.4_m:degrees
122,11,2.9614999389648438e+02,-2.0159999999999997e-01,651,652,3.9574399999989449e-03,wind_direction:18.4_m:degrees
123,4,9.6126008033752441e-01,-2.9399999999999998e-01,125,126,5.9787540983605031e-03,mixing_ratio:18.4_m:g_kg-1
124,7,1.4499999880790710e+00,-2.2176470588235292e-01,521,522,5.4419838523649192e-03,wave_height:0_m:m
125,3,1.0070000000000000e+03,-3.5000000000000014e-01,337,338,3.9454545454544604e-03,pressure:18.4_m:hPa
126,10,1.2264952182769775e+01,-2.8455938697318006e-01,275,276,5.7037330632257327e-03,wind_speed:18.4_m:m_s-1
127,10,8.4853930473327637e+00,-7.9198473282442686e-02,477,478,1.8539377075928055e-03,wind_speed:18.4_m:m_s-1
128,11,2.5523499298095703e+02,-1.0771300448430504e-01,365,366,1.9333346739326528e-03,wind_direction:18.4_m:degrees
129,12,-3.2664958387613297e-02,-4.1453124999999996e-01,147,148,8.3841552734374714e-03,bulk_richardson:18.4_m:none
130,0,5.3778654098510742e+01,-3.5629370629370627e-01,267,268,5.8820675827668256e-03,zenith:0_m:degrees
131,9,8.8970340728759766e+01,-3.8538461538461549e-01,235,236,1.0486390532544271e-02,angle_between_wind_wave:0_m:degrees
132,3,9.9204998779296875e+02,-4.9626666666666663e-01,211,212,7.1793955555556066e-03,pressure:18.4_m:hPa
133,4,4.4593873023986816e+00,-1.0283018867924534e-01,175,176,2.5112353150587036e-03,mixing_ratio:18.4_m:g_kg-1
134,3,1.0006499938964844e+03,-1.4007692307692313e-01,463,464,4.3361479289942273e-03,pressure:18.4_m:hPa
135,0,1.0571384811401367e+02,-8.9166666666666661e-01,351,352,1.0147222222222418e-02,zenith:0_m:degrees
136,9,8.8422760009765625e+01,-7.1526315789473682e-01,243,244,1.2677562326869340e-02,angle_between_wind_wave:0_m:degrees
137,-2,-2.0000000000000000e+00,-1.4299999999999999e-01,-1,-1,1.2210000000000033e-03,wind_direction:18.4_m:degrees
138,8,9.3499999046325684e+00,-2.6521367521367523e-01,345,346,3.4847834027320335e-03,wave_period:0_m:s
139,3,9.8425000000000000e+02,-6.3086021505376333e-01,143,144,9.4852815354375952e-03,pressure:18.4_m:hPa
140,6,2.0800000000000000e+02,-5.6377777777777793e-01,141,142,1.3810172839506918e-02,wave_direction:0_m:degrees
141,1,9.7649932861328125e+01,-7.7666666666666673e-01,443,444,1.7422222222222006e-02,azimuth:0_m:degrees
142,9,8.9194171905517578e+01,-5.4857142857142860e-01,177,178,1.0083673469387600e-02,angle_between_wind_wave:0_m:degrees
143,5,7.2150001525878906e+01,-5.6217391304347830e-01,327,328,8.0170132325141363e-03,relative_humidity:18.4_m:%
144,11,3.1802000427246094e+02,-6.5342857142857125e-01,197,198,7.9082448979594933e-03,wind_direction:18.4_m:degrees
145,1,2.1597569274902344e+02,-2.0916666666666667e-01,255,256,5.9457341269840980e-03,azimuth:0_m:degrees
146,5,4.1349998474121094e+01,-2.5788888888888878e-01,229,230,5.3444320987654503e-03,relative_humidity:18.4_m:%
147,3,1.0041000061035156e+03,-4.6678571428571430e-01,293,294,8.9789540816326285e-03,pressure:18.4_m:hPa
148,1,6.4289695739746094e+01,-3.7388888888888894e-01,955,956,4.1459876543209206e-03,azimuth:0_m:degrees
149,2,2.8330499267578125e+02,-1.8682242990654210e-01,153,154,4.9637348240020793e-03,water_sfc_temperature:0_m:K
150,10,1.3556263923645020e+01,-3.0181818181818182e-01,151,152,4.5814876033057700e-02,wind_speed:18.4_m:m_s-1
151,2,2.7652499389648438e+02,-1.9125000000000000e-01,383,384,1.1160937499999989e-02,water_sfc_temperature:0_m:K
152,4,8.0229291915893555e+00,-5.9666666666666668e-01,399,400,1.8688888888888977e-02,mixing_ratio:18.4_m:g_kg-1
153,3,1.0004500122070312e+03,-1.5423728813559318e-01,319,320,3.9362826773915033e-03,pressure:18.4_m:hPa
154,4,6.4999833106994629e+00,-2.2687500000000002e-01,655,656,3.3173177083333574e-03,mixing_ratio:18.4_m:g_kg-1
155,5,6.8000000000000000e+01,-9.2112676056338036e-02,401,402,9.4373691287004402e-04,relative_humidity:18.4_m:%
156,0,1.6104051971435547e+02,-6.3875598086124391e-02,1363,1364,1.9768457681829657e-03,zenith:0_m:degrees
157,3,1.0044500122070312e+03,-2.1935483870967745e-01,375,376,3.9866805411029882e-03,pressure:18.4_m:hPa
158,5,6.9750000000000000e+01,-1.6770949720670400e-01,341,342,2.2265971723729010e-03,relative_humidity:18.4_m:%
159,8,5.6499998569488525e+00,-4.5005291005291020e-01,161,162,9.3412670417961918e-03,wave_period:0_m:s
160,6,2.3300000000000000e+02,-4.0505617977528086e-01,199,200,6.3306148213609081e-03,wave_direction:0_m:degrees
161,2,2.7607998657226562e+02,-4.0649999999999997e-01,329,330,5.9927500000000189e-03,water_sfc_temperature:0_m:K
162,5,4.6299999237060547e+01,-4.8201834862385329e-01,207,208,9.3849170945206895e-03,relative_humidity:18.4_m:%
163,10,6.2472593784332275e+00,-2.6913305811368898e-02,643,644,3.4899883534024651e-04,wind_speed:18.4_m:m_s-1
164,12,9.0303152683191001e-04,-1.6957618567103903e-02,247,248,4.8373079715417430e-04,bulk_richardson:18.4_m:none
165,5,3.7250000000000000e+01,-2.2189655172413800e-01,285,286,5.2084720570748852e-03,relative_humidity:18.4_m:%
166,11,3.0204499816894531e+02,-1.7129554655870455e-01,325,326,2.9813175105311909e-03,wind_direction:18.4_m:degrees
167,11,9.4299999237060547e+01,-1.8778838504375589e-02,385,386,3.7587551082274854e-04,wind_direction:18.4_m:degrees
168,10,4.4448058605194092e+00,-2.9879365079365099e-02,393,394,6.7395370118417586e-04,wind_speed:18.4_m:m_s-1
169,0,5.0313112258911133e+01,-5.6075949367088561e-02,887,888,1.4310153287400438e-03,zenith:0_m:degrees
170,10,6.0234577655792236e+00,-8.2598425196850359e-02,495,496,9.8616157232316731e-04,wind_speed:18.4_m:m_s-1
171,7,3.0499999523162842e+00,-7.3376309427880593e-02,263,264,8.1349980942563467e-04,wave_height:0_m:m
172,7,6.5000000596046448e-01,-5.4712389380530954e-02,379,380,1.5895190500430085e-03,wave_height:0_m:m
173,5,2.9049999237060547e+01,-1.7111111111111110e-01,1419,1420,2.4987654320987630e-03,relative_humidity:18.4_m:%
174,10,1.4426115512847900e+01,-2.9152542372881368e-01,343,344,5.7010629129560925e-03,wind_speed:18.4_m:m_s-1
175,3,1.0210499877929688e+03,-1.0193181818181815e-01,237,238,2.3068741391184481e-03,pressure:18.4_m:hPa
176,-2,-2.0000000000000000e+00,-3.4000000000000002e-01,-1,-1,-2.4147350785597155e-15,wind_direction:18.4_m:degrees
177,12,-1.9632694311439991e-02,-5.2352941176470591e-01,287,288,7.1993079584776187e-03,bulk_richardson:18.4_m:none
178,2,2.7598500061035156e+02,-6.5500000000000003e-01,355,356,8.3499999999993024e-03,water_sfc_temperature:0_m:K
179,12,-6.3233006745576859e-02,-2.6701298701298656e-02,183,184,8.3682419744757273e-04,bulk_richardson:18.4_m:none
180,5,7.3849998474121094e+01,-1.7599999999999999e-01,181,182,4.6504000000000024e-02,relative_humidity:18.4_m:%
181,-2,-2.0000000000000000e+00,0.0000000000000000e+00,-1,-1,6.6666666666666670e-05,wind_direction:18.4_m:degrees
182,-2,-2.0000000000000000e+00,-4.4000000000000000e-01,-1,-1,0.0000000000000000e+00,wind_direction:18.4_m:degrees
183,10,4.8326747417449951e+00,-3.3706030150753748e-02,395,396,9.3814976263225476e-04,wind_speed:18.4_m:m_s-1
184,-2,-2.0000000000000000e+00,-1.1169916434540387e-02,-1,-1,2.6214104483981532e-04,wind_direction:18.4_m:degrees
185,10,1.4001830101013184e+01,-2.6411764705882357e-01,475,476,3.3477508650518878e-03,wind_speed:18.4_m:m_s-1
186,10,1.3734948158264160e+01,-3.2912280701754387e-01,273,274,4.2816866728224712e-03,wind_speed:18.4_m:m_s-1
187,10,1.5352474689483643e+01,-2.3999999999999996e-01,1177,1178,2.6769230769230698e-03,wind_speed:18.4_m:m_s-1
188,-2,-2.0000000000000000e+00,-4.0000000000000008e-01,-1,-1,5.9999999999993392e-04,wind_direction:18.4_m:degrees
189,4,6.9156672954559326e+00,-1.1428571428571429e-02,649,650,2.4884353741496607e-03,mixing_ratio:18.4_m:g_kg-1
190,10,8.7494173049926758e+00,-8.3349673202614355e-02,321,322,1.4392698855141264e-03,wind_speed:18.4_m:m_s-1
191,-2,-2.0000000000000000e+00,-3.1000000000000000e-01,-1,-1,0.0000000000000000e+00,wind_direction:18.4_m:degrees
192,12,9.4325589016079903e-03,-1.2265333333333341e-01,265,266,1.8181598222222449e-03,bulk_richardson:18.4_m:none
193,1,1.8568896484375000e+02,-1.2967213114754100e-01,415,416,3.3966138134909965e-03,azimuth:0_m:degrees
194,10,1.0877984523773193e+01,-1.7426966292134832e-01,195,196,3.0710958212346873e-03,wind_speed:18.4_m:m_s-1
195,4,1.5188577771186829e+00,-1.5620192307692310e-01,551,552,2.3283630732247942e-03,mixing_ratio:18.4_m:g_kg-1
196,7,7.5000000000000000e-01,-1.9966216216216223e-01,215,216,3.0113723520819174e-03,wave_height:0_m:m
197,8,8.0999999046325684e+00,-6.6000000000000014e-01,233,234,6.6294117647059392e-03,wave_period:0_m:s
198,-2,-2.0000000000000000e+00,-4.2999999999999999e-01,-1,-1,2.7478019859472624e-15,wind_direction:18.4_m:degrees
199,9,9.0256927490234375e+01,-3.9303797468354429e-01,279,280,5.6084922288096029e-03,angle_between_wind_wave:0_m:degrees
200,0,1.0231687164306641e+02,-5.0000000000000000e-01,1749,1750,1.8799999999992156e-03,zenith:0_m:degrees
201,12,5.9912260621786118e-04,-1.6200000000000006e-01,553,554,2.0188571428571174e-03,bulk_richardson:18.4_m:none
202,12,8.2664259243756533e-03,-1.1214285714285717e-01,425,426,4.9229591836734525e-03,bulk_richardson:18.4_m:none
203,3,1.0223999938964844e+03,-1.9939814814814824e-01,261,262,2.8260266632372799e-03,pressure:18.4_m:hPa
204,3,1.0002000122070312e+03,-1.5697368421052635e-01,209,210,3.4211045706372262e-03,pressure:18.4_m:hPa
205,3,1.0098000183105469e+03,-3.0794117647058822e-01,449,450,3.5987024221453001e-03,pressure:18.4_m:hPa
206,-2,-2.0000000000000000e+00,-1.9124999999999998e-01,-1,-1,1.0609374999997132e-03,wind_direction:18.4_m:degrees
207,2,2.7924000549316406e+02,-5.4090909090909089e-01,333,334,9.1537190082645048e-03,water_sfc_temperature:0_m:K
208,6,2.1950000000000000e+02,-4.6712643678160903e-01,251,252,8.3446161976481192e-03,wave_direction:0_m:degrees
209,3,9.9855001831054688e+02,-2.4800000000000000e-01,1167,1168,3.0960000000000223e-03,pressure:18.4_m:hPa
210,1,3.2049740600585938e+02,-1.4318181818181824e-01,939,940,2.0247245179063206e-03,azimuth:0_m:degrees
211,11,2.9347000122070312e+02,-5.3522727272727277e-01,389,390,5.5158574380165248e-03,wind_direction:18.4_m:degrees
212,4,3.9400866031646729e+00,-4.8009433962264159e-01,213,214,6.9782929868278665e-03,mixing_ratio:18.4_m:g_kg-1
213,11,2.9709001159667969e+02,-4.9236559139784936e-01,245,246,5.8524684934674054e-03,wind_direction:18.4_m:degrees
214,5,5.7500000000000000e+01,-3.9230769230769230e-01,599,600,6.2485207100586027e-03,relative_humidity:18.4_m:%
215,4,1.0868521332740784e+00,-1.4250000000000002e-01,1451,1452,1.6687500000000001e-03,mixing_ratio:18.4_m:g_kg-1
216,2,2.7864500427246094e+02,-2.1072580645161293e-01,583,584,2.5164086888657400e-03,water_sfc_temperature:0_m:K
217,10,6.4622519016265869e+00,-6.1111789859499034e-02,219,220,1.2846527443223696e-03,wind_speed:18.4_m:m_s-1
218,3,1.0042500000000000e+03,-3.9695652173912986e-02,973,974,5.8816824196581915e-04,pressure:18.4_m:hPa
219,0,7.0937946319580078e+01,-4.9901547116736944e-02,657,658,9.3374558129138280e-04,zenith:0_m:degrees
220,11,3.3936500549316406e+02,-6.9719222462203079e-02,405,406,1.3835064771492165e-03,wind_direction:18.4_m:degrees
221,1,1.2400042724609375e+02,-1.1468749999999993e-01,397,398,1.9283745659722882e-03,azimuth:0_m:degrees
222,1,2.7159831237792969e+02,-8.5649717514124271e-02,1209,1210,9.9745922308399227e-04,azimuth:0_m:degrees
223,10,1.2529329776763916e+01,-1.7008196721311469e-01,225,226,3.2543648660755785e-03,wind_speed:18.4_m:m_s-1
224,10,1.2886631488800049e+01,-1.3963235294117643e-01,631,632,1.3197177768164634e-03,wind_speed:18.4_m:m_s-1
225,5,6.5950000762939453e+01,-1.5646511627906981e-01,347,348,2.6079697133585787e-03,relative_humidity:18.4_m:%
226,1,2.1763630676269531e+02,-1.8947019867549669e-01,419,420,3.5348186483050090e-03,azimuth:0_m:degrees
227,10,1.4546626567840576e+01,-2.7517241379310342e-01,699,700,2.9353151010701739e-03,wind_speed:18.4_m:m_s-1
228,12,-8.6531885899603367e-03,-1.9384615384615389e-01,441,442,4.1544378698224402e-03,bulk_richardson:18.4_m:none
229,7,9.4999998807907104e-01,-2.9790697674418604e-01,323,324,4.9979448350459810e-03,wave_height:0_m:m
230,8,5.4500000476837158e+00,-2.4532846715328460e-01,303,304,4.7927753210081567e-03,wave_period:0_m:s
231,9,8.9295280456542969e+01,-2.1571428571428572e-01,2025,2026,1.2673469387755112e-03,angle_between_wind_wave:0_m:degrees
232,4,9.8884463310241699e+00,-3.0027777777777775e-01,361,362,3.6415895061728820e-03,mixing_ratio:18.4_m:g_kg-1
233,8,6.5000000000000000e+00,-6.7833333333333323e-01,269,270,5.7361111111109975e-03,wave_period:0_m:s
234,10,1.9235663414001465e+01,-5.8928571428571419e-01,795,796,3.7780612244887601e-03,wind_speed:18.4_m:m_s-1
235,5,5.2299999237060547e+01,-3.1000000000000000e-01,1585,1586,2.2857142857142798e-03,relative_humidity:18.4_m:%
236,10,1.6657807350158691e+01,-4.7333333333333338e-01,1549,1550,5.6888888888886324e-03,wind_speed:18.4_m:m_s-1
237,11,3.1670001220703125e+02,-1.0948849104859337e-01,455,456,2.1889966706130914e-03,wind_direction:18.4_m:degrees
238,0,1.0803511047363281e+02,-8.0364963503649661e-02,751,752,2.0151952687943149e-03,zenith:0_m:degrees
239,10,8.6065239906311035e+00,-5.2596006144393137e-02,689,690,5.1369085962515515e-04,wind_speed:18.4_m:m_s-1
240,12,2.6176190003752708e-02,-3.9571603427172579e-02,625,626,6.5085686805321265e-04,bulk_richardson:18.4_m:none
241,3,1.0092999877929688e+03,-2.2571428571428578e-01,357,358,4.0644897959183843e-03,pressure:18.4_m:hPa
242,1,2.2821683502197266e+02,-3.1923076923076921e-01,1107,1108,2.9147928994082833e-03,azimuth:0_m:degrees
243,1,3.1519798278808594e+02,-7.4375000000000002e-01,371,372,8.4109374999998820e-03,azimuth:0_m:degrees
244,12,-7.3432414792478085e-03,-5.6333333333333335e-01,1087,1088,8.0222222222220974e-03,bulk_richardson:18.4_m:none
245,0,1.6129303741455078e+02,-5.0887323943661966e-01,417,418,5.0832374528864688e-03,zenith:0_m:degrees
246,12,-2.1092860959470272e-02,-4.3909090909090903e-01,597,598,4.6173553719007776e-03,bulk_richardson:18.4_m:none
247,3,1.0181499938964844e+03,8.3749999999999991e-02,249,250,2.7348437499999999e-02,pressure:18.4_m:hPa
248,8,4.9500000476837158e+00,-1.7365754812563305e-02,1581,1582,3.3358760132994872e-04,wave_period:0_m:s
249,-2,-2.0000000000000000e+00,-1.1666666666666665e-02,-1,-1,4.7222222222221964e-05,wind_direction:18.4_m:degrees
250,-2,-2.0000000000000000e+00,3.7000000000000000e-01,-1,-1,0.0000000000000000e+00,wind_direction:18.4_m:degrees
251,9,8.8904541015625000e+01,-5.5200000000000016e-01,271,272,1.1695999999999873e-02,angle_between_wind_wave:0_m:degrees
252,4,1.5202232599258423e+00,-4.5610389610389618e-01,253,254,6.8523528419634494e-03,mixing_ratio:18.4_m:g_kg-1
253,0,6.9676464080810547e+01,-3.9449999999999996e-01,403,404,5.7947500000000152e-03,zenith:0_m:degrees
254,4,1.6786608099937439e+00,-4.7771929824561399e-01,485,486,5.4246229609110908e-03,mixing_ratio:18.4_m:g_kg-1
255,3,1.0058999938964844e+03,-2.0225000000000004e-01,257,258,4.9674374999999910e-03,pressure:18.4_m:hPa
256,9,8.9821731567382812e+01,-3.4749999999999998e-01,1307,1308,5.4187499999996114e-03,angle_between_wind_wave:0_m:degrees
257,-2,-2.0000000000000000e+00,-2.8700000000000003e-01,-1,-1,1.0209999999999803e-03,wind_direction:18.4_m:degrees
258,12,-6.3149189576506615e-02,-1.9014285714285717e-01,259,260,4.3585510204081357e-03,bulk_richardson:18.4_m:none
259,5,4.2899999618530273e+01,-2.2236842105263166e-01,373,374,3.9128116343490060e-03,relative_humidity:18.4_m:%
260,2,2.7665000915527344e+02,-1.5187500000000007e-01,1699,1700,2.1902343749999990e-03,water_sfc_temperature:0_m:K
261,10,1.2796563625335693e+01,-2.0788888888888890e-01,369,370,2.7799876543209492e-03,wind_speed:18.4_m:m_s-1
262,7,1.4499999880790710e+00,-1.5694444444444444e-01,1215,1216,8.9344135802467070e-04,wave_height:0_m:m
263,11,2.0317499542236328e+02,-7.2565146579804382e-02,469,470,7.4366432269841552e-04,wind_direction:18.4_m:degrees
264,11,2.4834999847412109e+02,-1.5000000000000002e-01,1975,1976,1.4769230769234830e-03,wind_direction:18.4_m:degrees
265,3,9.9829998779296875e+02,-1.2803418803418798e-01,407,408,1.5798962670757442e-03,pressure:18.4_m:hPa
266,4,2.6765968799591064e+00,-1.0357575757575756e-01,289,290,2.1963048668503897e-03,mixing_ratio:18.4_m:g_kg-1
267,10,1.3759169101715088e+01,-2.5428571428571434e-01,1075,1076,4.0244897959183373e-03,wind_speed:18.4_m:m_s-1
268,12,-2.5009642355144024e-02,-3.6154411764705885e-01,313,314,5.4145274653979447e-03,bulk_richardson:18.4_m:none
269,5,8.4199996948242188e+01,-6.5930232558139512e-01,503,504,4.4762574364523577e-03,relative_humidity:18.4_m:%
270,4,4.7255268096923828e+00,-7.5272727272727269e-01,1175,1176,3.7107438016521499e-03,mixing_ratio:18.4_m:g_kg-1
271,10,1.5449378967285156e+01,-6.2333333333333341e-01,1159,1160,4.0555555555555345e-03,wind_speed:18.4_m:m_s-1
272,2,2.8533499145507812e+02,-4.4500000000000001e-01,1911,1912,4.0749999999998010e-03,water_sfc_temperature:0_m:K
273,11,2.7230000305175781e+02,-2.9189189189189191e-01,575,576,3.1558802045288242e-03,wind_direction:18.4_m:degrees
274,5,4.5949998855590820e+01,-3.4701298701298705e-01,447,448,3.8365322988698769e-03,relative_humidity:18.4_m:%
275,5,5.5950000762939453e+01,-2.5468750000000001e-01,309,310,4.1280273437499931e-03,relative_humidity:18.4_m:%
276,11,3.0117500305175781e+02,-2.9426395939086292e-01,277,278,5.8315648432065020e-03,wind_direction:18.4_m:degrees
277,8,4.4500000476837158e+00,-3.0506410256410266e-01,563,564,5.6775599934253407e-03,wave_period:0_m:s
278,5,5.4949998855590820e+01,-2.5317073170731713e-01,445,446,4.2850684116598065e-03,relative_humidity:18.4_m:%
279,1,1.1449758768081665e+01,-3.8000000000000000e-01,591,592,5.1402985074626983e-03,azimuth:0_m:degrees
280,5,5.4849998474121094e+01,-4.6583333333333332e-01,1383,1384,1.9743055555558053e-03,relative_humidity:18.4_m:%
281,-2,-2.0000000000000000e+00,-7.1666666666666679e-01,-1,-1,2.6888888888888518e-03,wind_direction:18.4_m:degrees
282,10,1.8005599975585938e+01,-5.4959999999999998e-01,283,284,5.1478400000001256e-03,wind_speed:18.4_m:m_s-1
283,-2,-2.0000000000000000e+00,-4.6999999999999997e-01,-1,-1,1.7250000000000321e-03,wind_direction:18.4_m:degrees
284,6,1.9500000000000000e+02,-5.8705882352941174e-01,927,928,2.3737024221454628e-03,wave_direction:0_m:degrees
285,3,1.0130000000000000e+03,-1.6647058823529409e-01,603,604,3.2228373702422250e-03,pressure:18.4_m:hPa
286,5,4.7549999237060547e+01,-2.4487804878048777e-01,789,790,4.2298631766804970e-03,relative_humidity:18.4_m:%
287,-2,-2.0000000000000000e+00,-7.9000000000000004e-01,-1,-1,0.0000000000000000e+00,wind_direction:18.4_m:degrees
288,1,2.1853918457031250e+02,-5.1545454545454539e-01,301,302,5.2005509641873116e-03,azimuth:0_m:degrees
289,-2,-2.0000000000000000e+00,-1.9111111111111112e-01,-1,-1,1.2098765432098715e-03,wind_direction:18.4_m:degrees
290,11,2.8625498962402344e+02,-9.8525641025641028e-02,453,454,1.7856467784352435e-03,wind_direction:18.4_m:degrees
291,6,2.2350000000000000e+02,-3.5571428571428576e-01,833,834,2.7444897959183201e-03,wave_direction:0_m:degrees
292,7,1.2500000000000000e+00,-4.7500000000000003e-01,339,340,1.0558333333333031e-02,wave_height:0_m:m
293,3,1.0032000122070312e+03,-5.7599999999999996e-01,295,296,2.2104000000000068e-02,pressure:18.4_m:hPa
294,9,8.8464794158935547e+01,-4.4304347826086959e-01,783,784,2.9689981096408247e-03,angle_between_wind_wave:0_m:degrees
295,-2,-2.0000000000000000e+00,-4.5999999999999996e-01,-1,-1,3.2000000000000361e-03,wind_direction:18.4_m:degrees
296,-2,-2.0000000000000000e+00,-7.5000000000000000e-01,-1,-1,0.0000000000000000e+00,wind_direction:18.4_m:degrees
297,10,7.5695903301239014e+00,-3.4721254355401007e-02,487,488,4.3377247508161556e-04,wind_speed:18.4_m:m_s-1
298,12,2.7548232115805149e-02,-2.2740619902120607e-02,1769,1770,3.7323941038236712e-04,bulk_richardson:18.4_m:none
299,-2,-2.0000000000000000e+00,-2.6750000000000002e-01,-1,-1,2.4687499999999918e-03,wind_direction:18.4_m:degrees
300,6,1.9800000000000000e+02,-4.1647058823529415e-01,975,976,2.2228373702422310e-03,wave_direction:0_m:degrees
301,4,1.3452740907669067e+00,-5.3275862068965518e-01,517,518,3.4337693222354915e-03,mixing_ratio:18.4_m:g_kg-1
302,-2,-2.0000000000000000e+00,-3.9000000000000001e-01,-1,-1,1.0000000000010001e-04,wind_direction:18.4_m:degrees
303,3,1.0087500000000000e+03,-2.6042105263157894e-01,489,490,4.5345595567867492e-03,pressure:18.4_m:hPa
304,11,3.0422000122070312e+02,-2.1119047619047621e-01,573,574,3.6962018140588929e-03,wind_direction:18.4_m:degrees
305,8,5.5000000000000000e+00,-1.3888888888888887e-01,601,602,5.8543209876543295e-03,wave_period:0_m:s
306,0,5.5953996658325195e+01,-2.4631578947368424e-01,715,716,4.9916897506925018e-03,zenith:0_m:degrees
307,11,2.6922999572753906e+02,-6.6590909090909076e-02,1301,1302,8.3951446280992100e-04,wind_direction:18.4_m:degrees
308,10,8.4292283058166504e+00,-4.2209944751381179e-02,863,864,7.3323769115717649e-04,wind_speed:18.4_m:m_s-1
309,9,8.8388950347900391e+01,-2.3720000000000002e-01,915,916,2.8841600000000106e-03,angle_between_wind_wave:0_m:degrees
310,11,3.1043499755859375e+02,-3.1714285714285712e-01,817,818,3.5775510204080624e-03,wind_direction:18.4_m:degrees
311,5,8.1549999237060547e+01,-1.3018749999999996e-01,589,590,2.1568398437499872e-03,relative_humidity:18.4_m:%
312,4,1.8060125112533569e+00,-1.7051724137931035e-01,627,628,2.5255945303210049e-03,mixing_ratio:18.4_m:g_kg-1
313,10,1.4046260833740234e+01,-3.5819548872180440e-01,359,360,4.5771948668663909e-03,wind_speed:18.4_m:m_s-1
314,7,1.5999999642372131e+00,-5.1000000000000001e-01,353,354,2.0000000000002960e-02,wave_height:0_m:m
315,12,-4.7938000410795212e-02,-1.7545454545454542e-01,933,934,2.0247933884297679e-03,bulk_richardson:18.4_m:none
316,8,4.3500001430511475e+00,-1.1773437500000006e-01,317,318,2.7878356933593688e-03,wave_period:0_m:s
317,11,3.3280000305175781e+02,-5.6315789473684215e-02,1603,1604,1.3495844875346255e-03,wind_direction:18.4_m:degrees
318,0,7.9479801177978516e+01,-1.2265822784810129e-01,557,558,2.5764781285050314e-03,zenith:0_m:degrees
319,5,8.7750000000000000e+01,-2.1199999999999999e-01,1507,1508,2.5359999999999966e-03,relative_humidity:18.4_m:%
320,7,9.0000000596046448e-01,-1.3454545454545452e-01,777,778,2.8884297520661399e-03,wave_height:0_m:m
321,11,2.5645999908447266e+02,-7.3952802359881969e-02,421,422,1.1519269759225912e-03,wind_direction:18.4_m:degrees
322,11,3.4730999755859375e+02,-9.5018315018314994e-02,505,506,1.5502743898348562e-03,wind_direction:18.4_m:degrees
323,-2,-2.0000000000000000e+00,-1.7499999999999999e-01,-1,-1,1.2250000000000004e-03,wind_direction:18.4_m:degrees
324,12,-4.0251780301332474e-02,-3.1051282051282048e-01,451,452,3.6766600920447035e-03,bulk_richardson:18.4_m:none
325,5,6.6750000000000000e+01,-1.8786885245901649e-01,501,502,2.7725073904863867e-03,relative_humidity:18.4_m:%
326,10,1.0416810512542725e+01,-1.5512000000000001e-01,377,378,2.6553855999999626e-03,wind_speed:18.4_m:m_s-1
327,-2,-2.0000000000000000e+00,-4.8142857142857143e-01,-1,-1,1.0122448979592025e-03,wind_direction:18.4_m:degrees
328,0,1.2441376876831055e+02,-5.9749999999999992e-01,423,424,6.9812500000001054e-03,zenith:0_m:degrees
329,9,8.9373283386230469e+01,-3.4500000000000008e-01,709,710,4.9535714285713628e-03,angle_between_wind_wave:0_m:degrees
330,10,1.5623233795166016e+01,-4.1954545454545455e-01,331,332,5.2407024793389434e-03,wind_speed:18.4_m:m_s-1
331,9,8.7547718048095703e+01,-4.0610169491525427e-01,841,842,3.8475150818729764e-03,angle_between_wind_wave:0_m:degrees
332,10,1.5908242225646973e+01,-5.3285714285714281e-01,1867,1868,2.6204081632655862e-03,wind_speed:18.4_m:m_s-1
333,3,1.0018999938964844e+03,-6.4000000000000001e-01,1917,1918,2.4000000000000132e-03,pressure:18.4_m:hPa
334,9,8.8304042816162109e+01,-5.1176470588235301e-01,335,336,7.4027681660900346e-03,angle_between_wind_wave:0_m:degrees
335,9,8.7896129608154297e+01,-5.6000000000000005e-01,2013,2014,2.7818181818181076e-03,angle_between_wind_wave:0_m:degrees
336,4,3.2787833213806152e+00,-4.2333333333333334e-01,1385,1386,3.7888888888890082e-03,mixing_ratio:18.4_m:g_kg-1
337,2,2.7708999633789062e+02,-2.6285714285714284e-01,1295,1296,3.2775510204081926e-03,water_sfc_temperature:0_m:K
338,3,1.0106499938964844e+03,-3.6648648648648657e-01,1199,1200,2.3633308984659374e-03,pressure:18.4_m:hPa
339,-2,-2.0000000000000000e+00,-6.2000000000000000e-01,-1,-1,0.0000000000000000e+00,wind_direction:18.4_m:degrees
340,-2,-2.0000000000000000e+00,-4.0249999999999997e-01,-1,-1,6.8749999999978550e-05,wind_direction:18.4_m:degrees
341,4,8.0436167716979980e+00,-1.8083333333333343e-01,757,758,1.9693055555555297e-03,mixing_ratio:18.4_m:g_kg-1
342,11,2.2537500000000000e+02,-1.4101694915254243e-01,1115,1116,1.6871014076414691e-03,wind_direction:18.4_m:degrees
343,0,1.2197201919555664e+02,-2.7961538461538454e-01,349,350,4.4460059171597122e-03,zenith:0_m:degrees
344,4,1.6203278899192810e+00,-3.8000000000000000e-01,811,812,6.1428571428570056e-03,mixing_ratio:18.4_m:g_kg-1
345,5,9.7500000000000000e+01,-2.6149122807017544e-01,461,462,3.0074253616497043e-03,relative_humidity:18.4_m:%
346,-2,-2.0000000000000000e+00,-4.0666666666666668e-01,-1,-1,1.0888888888878900e-03,wind_direction:18.4_m:degrees
347,-2,-2.0000000000000000e+00,-2.3300000000000001e-01,-1,-1,7.4099999999999860e-04,wind_direction:18.4_m:degrees
348,4,3.0993274450302124e+00,-1.5273170731707325e-01,511,512,2.3993670434265119e-03,mixing_ratio:18.4_m:g_kg-1
349,4,1.5700819492340088e+00,-3.0545454545454548e-01,1129,1130,1.6550964187328210e-03,mixing_ratio:18.4_m:g_kg-1
350,4,1.0603874921798706e+00,-2.3473684210526316e-01,593,594,6.1196675900277095e-03,mixing_ratio:18.4_m:g_kg-1
351,-2,-2.0000000000000000e+00,-7.5000000000000000e-01,-1,-1,0.0000000000000000e+00,wind_direction:18.4_m:degrees
352,-2,-2.0000000000000000e+00,-9.6250000000000002e-01,-1,-1,1.6875000000027285e-04,wind_direction:18.4_m:degrees
353,-2,-2.0000000000000000e+00,-6.0999999999999999e-01,-1,-1,0.0000000000000000e+00,wind_direction:18.4_m:degrees
354,-2,-2.0000000000000000e+00,-3.1000000000000000e-01,-1,-1,-6.9388939039072284e-17,wind_direction:18.4_m:degrees
355,-2,-2.0000000000000000e+00,-5.0500000000000000e-01,-1,-1,2.4999999999997247e-05,wind_direction:18.4_m:degrees
356,-2,-2.0000000000000000e+00,-7.0499999999999996e-01,-1,-1,1.1249999999999316e-03,wind_direction:18.4_m:degrees
357,4,2.0462316274642944e+00,-2.6368421052631580e-01,923,924,3.2653739612187732e-03,mixing_ratio:18.4_m:g_kg-1
358,0,1.5847850799560547e+02,-1.8062500000000001e-01,1593,1594,1.2683593750000208e-03,zenith:0_m:degrees
359,0,1.2928258514404297e+02,-3.4585858585858581e-01,439,440,4.1878991939600235e-03,zenith:0_m:degrees
360,3,1.0098500061035156e+03,-3.9411764705882352e-01,883,884,3.9771626297573082e-03,pressure:18.4_m:hPa
361,5,4.7950000762939453e+01,-3.1209302325581395e-01,363,364,3.1630611141156700e-03,relative_humidity:18.4_m:%
362,12,1.3334276620298624e-02,-2.5409090909090909e-01,707,708,2.8332644628099035e-03,bulk_richardson:18.4_m:none
363,-2,-2.0000000000000000e+00,-4.8999999999999999e-01,-1,-1,0.0000000000000000e+00,wind_direction:18.4_m:degrees
364,4,8.7624869346618652e+00,-3.0785714285714288e-01,645,646,2.4668367346939030e-03,mixing_ratio:18.4_m:g_kg-1
365,-2,-2.0000000000000000e+00,-6.9999999999999993e-02,-1,-1,1.0051282051282062e-03,wind_direction:18.4_m:degrees
366,10,8.4963221549987793e+00,-1.1004761904761912e-01,367,368,1.8972993197278742e-03,wind_speed:18.4_m:m_s-1
367,11,3.2027499389648438e+02,-1.0080684596577018e-01,497,498,1.6489822514212105e-03,wind_direction:18.4_m:degrees
368,9,9.0676994323730469e+01,-1.2714932126696832e-01,663,664,1.9063532687701480e-03,angle_between_wind_wave:0_m:degrees
369,7,9.5000001788139343e-01,-1.9448275862068964e-01,805,806,2.2954221165279245e-03,wave_height:0_m:m
370,0,9.6982498168945312e+01,-2.3218749999999999e-01,541,542,2.7420898437500590e-03,zenith:0_m:degrees
371,1,2.1690696716308594e+02,-7.5933333333333342e-01,527,528,5.0862222222219922e-03,azimuth:0_m:degrees
372,-2,-2.0000000000000000e+00,-5.1000000000000001e-01,-1,-1,-2.2204460492503131e-16,wind_direction:18.4_m:degrees
373,6,2.4600000000000000e+02,-1.2200000000000000e-01,1393,1394,4.3360000000000013e-03,wave_direction:0_m:degrees
374,1,1.6501195526123047e+02,-2.3757575757575761e-01,1601,1602,2.0910927456381651e-03,azimuth:0_m:degrees
375,7,1.2500000000000000e+00,-2.7333333333333337e-01,1543,1544,2.0622222222222153e-03,wave_height:0_m:m
376,9,9.0081611633300781e+01,-2.0212765957446813e-01,607,608,3.3741964689904744e-03,angle_between_wind_wave:0_m:degrees
377,10,9.2449493408203125e+00,-1.4465346534653467e-01,861,862,2.1139888246250391e-03,wind_speed:18.4_m:m_s-1
378,7,1.2500000000000000e+00,-1.9916666666666663e-01,635,636,2.5326388888889176e-03,wave_height:0_m:m
379,10,9.6152954101562500e+00,1.3333333333333334e-02,381,382,6.6722222222222235e-03,wind_speed:18.4_m:m_s-1
380,4,3.5548970699310303e+00,-5.6568181818181733e-02,543,544,1.3211771694214849e-03,mixing_ratio:18.4_m:g_kg-1
381,-2,-2.0000000000000000e+00,-2.1999999999999999e-02,-1,-1,5.1600000000000007e-04,wind_direction:18.4_m:degrees
382,-2,-2.0000000000000000e+00,1.9000000000000000e-01,-1,-1,6.9388939039072284e-18,wind_direction:18.4_m:degrees
383,-2,-2.0000000000000000e+00,-4.4999999999999998e-02,-1,-1,2.0249999999999999e-03,wind_direction:18.4_m:degrees
384,11,1.3084000396728516e+02,-2.3999999999999999e-01,1037,1038,4.7000000000000028e-03,wind_direction:18.4_m:degrees
385,6,1.7850000000000000e+02,-8.7500000000000008e-02,387,388,9.0854166666666600e-03,wave_direction:0_m:degrees
386,3,1.0321499633789062e+03,-1.8449240607514121e-02,713,714,3.1134414610596285e-04,pressure:18.4_m:hPa
387,-2,-2.0000000000000000e+00,-2.2499999999999999e-02,-1,-1,1.9374999999999970e-04,wind_direction:18.4_m:degrees
388,-2,-2.0000000000000000e+00,-2.1750000000000000e-01,-1,-1,1.5187499999999854e-03,wind_direction:18.4_m:degrees
389,1,2.3212435150146484e+02,-5.7285714285714284e-01,731,732,5.4870748299319927e-03,azimuth:0_m:degrees
390,6,2.2650000000000000e+02,-5.0086956521739123e-01,647,648,3.0688090737239770e-03,wave_direction:0_m:degrees
391,-2,-2.0000000000000000e+00,-4.9166666666666670e-01,-1,-1,4.8055555555551188e-04,wind_direction:18.4_m:degrees
392,9,8.7312034606933594e+01,-6.1999999999999988e-01,1257,1258,3.9499999999998980e-03,angle_between_wind_wave:0_m:degrees
393,5,6.7900001525878906e+01,-2.2227805695142312e-02,1163,1164,5.4997825531903307e-04,relative_humidity:18.4_m:%
394,0,7.3060020446777344e+01,-3.4550102249488714e-02,519,520,6.9207775561325484e-04,zenith:0_m:degrees
395,10,2.9489150047302246e+00,-2.7600767754318568e-02,1059,1060,8.2284253299980570e-04,wind_speed:18.4_m:m_s-1
396,0,5.7664030075073242e+01,-4.5272727272727228e-02,905,906,9.5219834710742138e-04,zenith:0_m:degrees
397,10,9.3556299209594727e+00,-1.4220338983050848e-01,533,534,2.1798908359666781e-03,wind_speed:18.4_m:m_s-1
398,0,5.8643884658813477e+01,-1.0759825327510918e-01,529,530,1.6182490799184195e-03,zenith:0_m:degrees
399,-2,-2.0000000000000000e+00,-7.9000000000000004e-01,-1,-1,0.0000000000000000e+00,wind_direction:18.4_m:degrees
400,-2,-2.0000000000000000e+00,-5.0000000000000000e-01,-1,-1,0.0000000000000000e+00,wind_direction:18.4_m:degrees
401,0,8.3608554840087891e+01,-1.2738095238095234e-01,703,704,2.6050453514739301e-03,zenith:0_m:degrees
402,10,1.0456639289855957e+01,-8.9631490787269633e-02,637,638,7.3319753429346678e-04,wind_speed:18.4_m:m_s-1
403,4,1.3920322656631470e+00,-4.7500000000000003e-01,899,900,5.6583333333332930e-03,mixing_ratio:18.4_m:g_kg-1
404,10,1.5331720829010010e+01,-3.5999999999999999e-01,1355,1356,1.8857142857143516e-03,wind_speed:18.4_m:m_s-1
405,3,1.0174500122070312e+03,-6.5116959064327545e-02,493,494,1.2343430457234716e-03,pressure:18.4_m:hPa
406,4,7.5791976451873779e+00,-8.2727272727272677e-02,851,852,1.5760330578512005e-03,mixing_ratio:18.4_m:g_kg-1
407,5,9.7450000762939453e+01,-1.6657142857142856e-01,409,410,6.0168163265306163e-03,relative_humidity:18.4_m:%
408,11,1.0677999877929688e+02,-1.2558181818181818e-01,679,680,1.1970251239669764e-03,wind_direction:18.4_m:degrees
409,0,9.5071228027343750e+01,-1.5529411764705880e-01,685,686,1.7425605536332198e-03,zenith:0_m:degrees
410,-2,-2.0000000000000000e+00,-5.5000000000000004e-01,-1,-1,-5.5511151231257827e-17,wind_direction:18.4_m:degrees
411,-2,-2.0000000000000000e+00,-1.1875000000000002e-01,-1,-1,1.0109375000000014e-03,wind_direction:18.4_m:degrees
412,12,-9.6847019158303738e-03,4.0000000000000001e-02,479,480,1.6199999999999996e-02,bulk_richardson:18.4_m:none
413,6,2.1200000000000000e+02,-1.0275000000000001e+00,953,954,6.3187499999999286e-03,wave_direction:0_m:degrees
414,8,8.7500000000000000e+00,-8.6250000000000004e-01,1995,1996,3.1187500000003920e-03,wave_period:0_m:s
415,1,1.7257997894287109e+02,-1.5289473684210531e-01,931,932,3.5258310249307485e-03,azimuth:0_m:degrees
416,-2,-2.0000000000000000e+00,-9.1304347826086957e-02,-1,-1,8.2003780718335924e-04,wind_direction:18.4_m:degrees
417,0,1.5944004058837891e+02,-5.0308823529411750e-01,481,482,4.5154628027683774e-03,zenith:0_m:degrees
418,-2,-2.0000000000000000e+00,-6.4000000000000001e-01,-1,-1,-8.3266726846886741e-16,wind_direction:18.4_m:degrees
419,9,8.8894996643066406e+01,-1.7078947368421057e-01,669,670,2.9835872576177112e-03,angle_between_wind_wave:0_m:degrees
420,9,8.7679721832275391e+01,-2.0840000000000011e-01,619,620,3.3814400000000688e-03,angle_between_wind_wave:0_m:degrees
421,2,2.8212998962402344e+02,-6.3299492385786776e-02,2005,2006,6.7591538045299552e-04,water_sfc_temperature:0_m:K
422,0,1.3058856201171875e+02,-8.8732394366197190e-02,985,986,1.4364213449712428e-03,zenith:0_m:degrees
423,0,8.1068965911865234e+01,-5.4666666666666663e-01,867,868,5.4888888888889320e-03,zenith:0_m:degrees
424,-2,-2.0000000000000000e+00,-6.6285714285714281e-01,-1,-1,1.3061224489797629e-03,wind_direction:18.4_m:degrees
425,12,-3.6746847908943892e-03,-1.0734042553191493e-01,427,428,3.2280330466274328e-03,bulk_richardson:18.4_m:none
426,11,2.9680000305175781e+02,-2.2499999999999998e-01,429,430,3.1474999999999802e-02,wind_direction:18.4_m:degrees
427,1,1.2419532775878906e+02,-1.2024691358024692e-01,431,432,2.3135192805974567e-03,azimuth:0_m:degrees
428,11,3.0233999633789062e+02,-2.6923076923076925e-02,1753,1754,1.4213017751479504e-03,wind_direction:18.4_m:degrees
429,-2,-2.0000000000000000e+00,-4.8999999999999999e-01,-1,-1,0.0000000000000000e+00,wind_direction:18.4_m:degrees
430,5,5.4349998474121094e+01,-1.3666666666666666e-01,763,764,1.0755555555555560e-02,relative_humidity:18.4_m:%
431,6,2.3450000000000000e+02,-1.6142857142857145e-01,941,942,1.4765306122448869e-03,wave_direction:0_m:degrees
432,7,8.4999999403953552e-01,-9.8490566037735858e-02,1921,1922,1.3864008543965807e-03,wave_height:0_m:m
433,3,1.0077000122070312e+03,-6.2413793103448267e-01,437,438,6.9139120095129125e-03,pressure:18.4_m:hPa
434,12,-3.0623586848378181e-02,-6.8826086956521737e-01,435,436,7.9013232514178466e-03,bulk_richardson:18.4_m:none
435,-2,-2.0000000000000000e+00,-4.0999999999999998e-01,-1,-1,0.0000000000000000e+00,wind_direction:18.4_m:degrees
436,9,8.8365482330322266e+01,-7.0090909090909104e-01,507,508,4.5809917355372765e-03,angle_between_wind_wave:0_m:degrees
437,2,2.8720500183105469e+02,-6.4280000000000004e-01,743,744,4.4841599999999038e-03,water_sfc_temperature:0_m:K
438,0,1.0391462707519531e+02,-5.0749999999999995e-01,1015,1016,6.3187500000011498e-03,zenith:0_m:degrees
439,4,1.6551910638809204e+00,-3.6071428571428571e-01,577,578,4.6523469387755589e-03,mixing_ratio:18.4_m:g_kg-1
440,-2,-2.0000000000000000e+00,-3.0999999999999994e-01,-1,-1,1.2482758620691453e-03,wind_direction:18.4_m:degrees
441,9,9.1081531524658203e+01,-1.7190476190476189e-01,671,672,2.6058956916099676e-03,angle_between_wind_wave:0_m:degrees
442,-2,-2.0000000000000000e+00,-2.8600000000000003e-01,-1,-1,1.4399999999999136e-04,wind_direction:18.4_m:degrees
443,-2,-2.0000000000000000e+00,-5.8999999999999997e-01,-1,-1,0.0000000000000000e+00,wind_direction:18.4_m:degrees
444,-2,-2.0000000000000000e+00,-8.7000000000000000e-01,-1,-1,-3.3306690738754696e-16,wind_direction:18.4_m:degrees
445,4,1.2471757531166077e+00,-2.4512820512820513e-01,745,746,3.1788297172912136e-03,mixing_ratio:18.4_m:g_kg-1
446,-2,-2.0000000000000000e+00,-4.0999999999999998e-01,-1,-1,2.4980018054066022e-16,wind_direction:18.4_m:degrees
447,-2,-2.0000000000000000e+00,-2.8000000000000003e-01,-1,-1,7.7999999999998904e-04,wind_direction:18.4_m:degrees
448,4,3.4956133365631104e+00,-3.5701492537313423e-01,555,556,3.5224326130541272e-03,mixing_ratio:18.4_m:g_kg-1
449,12,-1.9138420000672340e-02,-2.7407407407407408e-01,459,460,2.7500685871056085e-03,bulk_richardson:18.4_m:none
450,12,-1.9547075964510441e-02,-3.3024390243902435e-01,641,642,2.9048185603807591e-03,bulk_richardson:18.4_m:none
451,10,1.1297935962677002e+01,-2.9828571428571427e-01,605,606,2.3456326530612304e-03,wind_speed:18.4_m:m_s-1
452,-2,-2.0000000000000000e+00,-4.1750000000000004e-01,-1,-1,2.5687499999998975e-03,wind_direction:18.4_m:degrees
453,1,3.5041395568847656e+02,-1.0299319727891156e-01,687,688,1.3828775047433906e-03,azimuth:0_m:degrees
454,7,2.5500000715255737e+00,-2.5555555555555557e-02,1045,1046,2.7135802469135622e-03,wave_height:0_m:m
455,3,1.0066999816894531e+03,-1.2255952380952383e-01,711,712,1.4011869331065786e-03,pressure:18.4_m:hPa
456,2,2.9028500366210938e+02,-9.9641255605381146e-02,457,458,2.5568219751050478e-03,water_sfc_temperature:0_m:K
457,5,6.3250000000000000e+01,-9.8190045248868721e-02,539,540,2.3451403533916223e-03,relative_humidity:18.4_m:%
458,-2,-2.0000000000000000e+00,-2.6000000000000001e-01,-1,-1,2.2204460492503131e-16,wind_direction:18.4_m:degrees
459,-2,-2.0000000000000000e+00,-1.9333333333333336e-01,-1,-1,1.6888888888888787e-03,wind_direction:18.4_m:degrees
460,-2,-2.0000000000000000e+00,-2.9714285714285710e-01,-1,-1,6.5850340136053287e-04,wind_direction:18.4_m:degrees
461,9,8.9194190979003906e+01,-2.6900990099009903e-01,491,492,2.6287226742476022e-03,angle_between_wind_wave:0_m:degrees
462,4,7.4048354625701904e+00,-2.0307692307692304e-01,1217,1218,2.0982248520710969e-03,mixing_ratio:18.4_m:g_kg-1
463,3,1.0005499877929688e+03,-1.8124999999999999e-01,467,468,6.3609374999999899e-03,pressure:18.4_m:hPa
464,7,1.7500000000000000e+00,-1.3075471698113206e-01,465,466,3.4069775720896971e-03,wave_height:0_m:m
465,12,-7.1122013032436371e-02,-1.2065934065934063e-01,749,750,2.8962685665982375e-03,bulk_richardson:18.4_m:none
466,3,1.0093500061035156e+03,-1.9200000000000003e-01,1767,1768,2.1360000000000337e-03,pressure:18.4_m:hPa
467,2,2.7961000061035156e+02,-1.6590909090909092e-01,793,794,4.1150826446281000e-03,water_sfc_temperature:0_m:K
468,-2,-2.0000000000000000e+00,-3.4999999999999998e-01,-1,-1,-1.2490009027033011e-16,wind_direction:18.4_m:degrees
469,7,7.5000000000000000e-01,-8.1532846715328400e-02,1133,1134,7.2441437121496029e-04,wave_height:0_m:m
470,4,4.3172605037689209e+00,-6.8053855569155455e-02,471,472,6.9254055123010427e-04,mixing_ratio:18.4_m:g_kg-1
471,8,4.9000000953674316e+00,-1.0342105263157896e-01,1241,1242,1.4856648199445977e-03,wave_period:0_m:s
472,12,-1.3337429612874985e-02,-6.6328626444159197e-02,773,774,5.8985862853696506e-04,bulk_richardson:18.4_m:none
473,3,1.0124499816894531e+03,-5.3214285714285714e-01,1145,1146,1.7882653061224163e-03,pressure:18.4_m:hPa
474,4,9.9268740415573120e-01,-6.1235294117647066e-01,705,706,4.2768166089967030e-03,mixing_ratio:18.4_m:g_kg-1
475,1,1.9925102233886719e+02,-2.2375000000000000e-01,1421,1422,2.2234374999999876e-03,azimuth:0_m:degrees
476,6,2.2550000000000000e+02,-2.9999999999999999e-01,1313,1314,1.6111111111111048e-03,wave_direction:0_m:degrees
477,5,4.1950000762939453e+01,-6.6805555555555535e-02,1127,1128,1.4995177469135958e-03,relative_humidity:18.4_m:%
478,7,5.5000001192092896e-01,-9.4322033898305083e-02,1157,1158,1.8703030738293543e-03,wave_height:0_m:m
479,-2,-2.0000000000000000e+00,-1.4000000000000001e-01,-1,-1,0.0000000000000000e+00,wind_direction:18.4_m:degrees
480,-2,-2.0000000000000000e+00,1.3000000000000000e-01,-1,-1,-3.4694469519536142e-18,wind_direction:18.4_m:degrees
481,5,4.2149999618530273e+01,-5.1213114754098354e-01,987,988,4.1872614888472381e-03,relative_humidity:18.4_m:%
482,-2,-2.0000000000000000e+00,-4.2428571428571432e-01,-1,-1,4.5306122448970920e-04,wind_direction:18.4_m:degrees
483,10,5.7787470817565918e+00,-1.9705215419501085e-02,691,692,1.4908428072665197e-03,wind_speed:18.4_m:m_s-1
484,-2,-2.0000000000000000e+00,-2.3999999999999999e-01,-1,-1,1.0408340855860843e-16,wind_direction:18.4_m:degrees
485,0,1.4994503021240234e+02,-5.2235294117647058e-01,2017,2018,2.6885813148789794e-03,zenith:0_m:degrees
486,2,2.7571000671386719e+02,-4.5875000000000005e-01,611,612,5.3809375000001547e-03,water_sfc_temperature:0_m:K
487,5,7.2149997711181641e+01,-3.1935648621042000e-02,1411,1412,3.9395500088161453e-04,relative_humidity:18.4_m:%
488,7,1.5500000119209290e+00,-4.0701754385964864e-02,1607,1608,4.6683210218524413e-04,wave_height:0_m:m
489,12,-4.6630466356873512e-02,-3.0526315789473690e-01,1619,1620,1.8038781163434714e-03,bulk_richardson:18.4_m:none
490,1,3.6198480606079102e+01,-2.4921052631578949e-01,613,614,4.5888504155124701e-03,azimuth:0_m:degrees
491,5,6.5899997711181641e+01,-2.2818181818181815e-01,847,848,2.7876033057851468e-03,relative_humidity:18.4_m:%
492,0,4.6631284713745117e+01,-2.8037974683544314e-01,1339,1340,1.9909950328472620e-03,zenith:0_m:degrees
493,0,7.8914653778076172e+01,-7.0059642147117296e-02,615,616,1.2009904785995748e-03,zenith:0_m:degrees
494,12,-3.4403562545776367e-02,-5.1381215469613252e-02,865,866,1.0704679344342299e-03,bulk_richardson:18.4_m:none
495,-2,-2.0000000000000000e+00,-6.0985915492957760e-02,-1,-1,4.9902797064074571e-04,wind_direction:18.4_m:degrees
496,12,-8.8418465107679367e-02,-9.0983606557377042e-02,1223,1224,9.2362268207471510e-04,bulk_richardson:18.4_m:none
497,12,-1.1550252884626389e-01,-1.0860377358490565e-01,499,500,1.5516354574581902e-03,bulk_richardson:18.4_m:none
498,2,2.8524000549316406e+02,-8.6458333333333304e-02,857,858,1.5103732638888610e-03,water_sfc_temperature:0_m:K
499,3,1.0180000000000000e+03,-1.4277777777777778e-01,535,536,2.0311728395061707e-03,pressure:18.4_m:hPa
500,10,8.4828352928161621e+00,-9.9857819905213294e-02,1555,1556,1.0535342871903254e-03,wind_speed:18.4_m:m_s-1
501,3,1.0279500122070312e+03,-1.8119266055045871e-01,531,532,2.6196784782425361e-03,pressure:18.4_m:hPa
502,-2,-2.0000000000000000e+00,-2.4384615384615388e-01,-1,-1,5.4674556213007292e-04,wind_direction:18.4_m:degrees
503,10,1.8303414344787598e+01,-6.4499999999999991e-01,729,730,3.0250000000001664e-03,wind_speed:18.4_m:m_s-1
504,5,8.4799999237060547e+01,-7.3285714285714287e-01,659,660,5.4775510204082556e-03,relative_humidity:18.4_m:%
505,4,5.7741038799285889e+00,-9.2932330827067589e-02,1183,1184,1.3981683532138696e-03,mixing_ratio:18.4_m:g_kg-1
506,-2,-2.0000000000000000e+00,-1.7428571428571432e-01,-1,-1,8.8163265306127891e-04,wind_direction:18.4_m:degrees
507,-2,-2.0000000000000000e+00,-6.4125000000000010e-01,-1,-1,1.1093749999985247e-04,wind_direction:18.4_m:degrees
508,6,2.2350000000000000e+02,-7.3499999999999999e-01,509,510,3.9392857142855897e-03,wave_direction:0_m:degrees
509,-2,-2.0000000000000000e+00,-6.6833333333333345e-01,-1,-1,7.1388888888879176e-04,wind_direction:18.4_m:degrees
510,-2,-2.0000000000000000e+00,-7.8499999999999992e-01,-1,-1,5.2500000000021974e-04,wind_direction:18.4_m:degrees
511,9,8.9681121826171875e+01,-2.0714285714285716e-01,513,514,6.8061224489795805e-03,angle_between_wind_wave:0_m:degrees
512,9,8.9391532897949219e+01,-1.4874345549738227e-01,515,516,1.8434472739233716e-03,angle_between_wind_wave:0_m:degrees
513,-2,-2.0000000000000000e+00,-2.6500000000000001e-01,-1,-1,7.4999999999998679e-04,wind_direction:18.4_m:degrees
514,0,1.3115289306640625e+02,-1.2999999999999998e-01,1013,1014,4.4666666666666535e-03,zenith:0_m:degrees
515,11,2.5940499877929688e+02,-1.3282608695652173e-01,829,830,1.1528827977315657e-03,wind_direction:18.4_m:degrees
516,9,8.9410171508789062e+01,-1.6353535353535356e-01,827,828,2.0309356188143689e-03,angle_between_wind_wave:0_m:degrees
517,-2,-2.0000000000000000e+00,-7.3999999999999999e-01,-1,-1,0.0000000000000000e+00,wind_direction:18.4_m:degrees
518,4,1.4399132728576660e+00,-5.2535714285714286e-01,1253,1254,1.9677295918367199e-03,mixing_ratio:18.4_m:g_kg-1
519,11,3.3004499816894531e+02,-1.9638554216867467e-02,1423,1424,8.2637538104224156e-04,wind_direction:18.4_m:degrees
520,12,-1.3848040997982025e-01,-3.7598522167487623e-02,537,538,6.0987329830862122e-04,bulk_richardson:18.4_m:none
521,2,2.7443501281738281e+02,-2.0999999999999999e-01,523,524,4.7227272727272812e-03,water_sfc_temperature:0_m:K
522,0,9.6223800659179688e+01,-2.9571428571428576e-01,977,978,3.6244897959183675e-03,zenith:0_m:degrees
523,-2,-2.0000000000000000e+00,-1.3714285714285715e-01,-1,-1,1.8204081632653066e-03,wind_direction:18.4_m:degrees
524,10,1.2723758697509766e+01,-2.2378378378378380e-01,525,526,4.0775748721694483e-03,wind_speed:18.4_m:m_s-1
525,5,3.1549999237060547e+01,-2.0285714285714287e-01,721,722,2.6775510204081476e-03,relative_humidity:18.4_m:%
526,2,2.7955000305175781e+02,-2.8888888888888892e-01,1179,1180,2.8320987654321117e-03,water_sfc_temperature:0_m:K
527,-2,-2.0000000000000000e+00,-7.0874999999999999e-01,-1,-1,1.5859375000000231e-03,wind_direction:18.4_m:degrees
528,11,2.9763999938964844e+02,-8.1714285714285695e-01,1617,1618,2.8204081632650091e-03,wind_direction:18.4_m:degrees
529,3,1.0093499755859375e+03,-8.3090909090909118e-02,1577,1578,1.2722644628099140e-03,pressure:18.4_m:hPa
530,1,2.8585742187500000e+02,-1.1534482758620694e-01,767,768,1.4777546571541848e-03,azimuth:0_m:degrees
531,0,4.5287620544433594e+01,-1.7484848484848486e-01,869,870,2.4168962350780629e-03,zenith:0_m:degrees
532,-2,-2.0000000000000000e+00,-2.4399999999999999e-01,-1,-1,2.8399999999995790e-04,wind_direction:18.4_m:degrees
533,-2,-2.0000000000000000e+00,-7.3749999999999996e-02,-1,-1,3.7343750000000051e-04,wind_direction:18.4_m:degrees
534,0,1.1710950088500977e+02,-1.5294117647058822e-01,1417,1418,1.6129181084198370e-03,zenith:0_m:degrees
535,1,1.0038203048706055e+02,-1.7565217391304347e-01,1561,1562,1.4941398865784515e-03,azimuth:0_m:degrees
536,12,-1.2316845357418060e-01,-1.1838709677419355e-01,1965,1966,1.0328824141519147e-03,bulk_richardson:18.4_m:none
537,11,3.3724499511718750e+02,-4.5025125628140671e-02,1333,1334,6.4911997171788983e-04,wind_direction:18.4_m:degrees
538,10,5.2370550632476807e+00,-3.0458937198067568e-02,2015,2016,4.6814686457093363e-04,wind_speed:18.4_m:m_s-1
539,10,8.2897582054138184e+00,-1.1323529411764706e-01,653,654,2.7414936562860683e-03,wind_speed:18.4_m:m_s-1
540,3,1.0140499877929688e+03,-8.5294117647058798e-02,695,696,1.6450815620365836e-03,pressure:18.4_m:hPa
541,10,1.3104801177978516e+01,-2.0000000000000001e-01,909,910,2.1519999999999942e-03,wind_speed:18.4_m:m_s-1
542,5,6.2700000762939453e+01,-2.5282051282051288e-01,1007,1008,2.0305062458908091e-03,relative_humidity:18.4_m:%
543,-2,-2.0000000000000000e+00,-1.0000000000000001e-01,-1,-1,2.6666666666666332e-04,wind_direction:18.4_m:degrees
544,5,8.7799999237060547e+01,-5.4391408114558427e-02,545,546,1.2747489476592259e-03,relative_humidity:18.4_m:%
545,10,9.0222420692443848e+00,-3.3163265306122451e-02,547,548,1.9869325281132869e-03,wind_speed:18.4_m:m_s-1
546,11,2.0065000152587891e+02,-6.0872274143302145e-02,935,936,8.7774381071612645e-04,wind_direction:18.4_m:degrees
547,9,9.0696105957031250e+01,5.6000000000000008e-02,549,550,1.9624000000000003e-02,angle_between_wind_wave:0_m:degrees
548,4,3.8074959516525269e+00,-3.7956989247311834e-02,1947,1948,5.8829922534397159e-04,mixing_ratio:18.4_m:g_kg-1
549,-2,-2.0000000000000000e+00,-1.2499999999999999e-02,-1,-1,1.0687500000000003e-03,wind_direction:18.4_m:degrees
550,-2,-2.0000000000000000e+00,3.3000000000000002e-01,-1,-1,0.0000000000000000e+00,wind_direction:18.4_m:degrees
551,10,1.0299904346466064e+01,-2.1333333333333329e-01,639,640,4.2555555555555680e-03,wind_speed:18.4_m:m_s-1
552,4,9.3186850547790527e+00,-1.5270408163265303e-01,797,798,1.9983001874219024e-03,mixing_ratio:18.4_m:g_kg-1
553,12,-3.3781401813030243e-02,-1.6492753623188405e-01,979,980,1.4481831547993908e-03,bulk_richardson:18.4_m:none
554,-2,-2.0000000000000000e+00,4.0000000000000001e-02,-1,-1,1.1405806854547507e-16,wind_direction:18.4_m:degrees
555,3,1.0031499938964844e+03,-3.7558139534883728e-01,609,610,3.2153596538669893e-03,pressure:18.4_m:hPa
556,10,1.4385225772857666e+01,-3.2374999999999998e-01,1801,1802,2.3484375000001056e-03,wind_speed:18.4_m:m_s-1
557,1,1.0689473724365234e+02,-1.0363636363636364e-01,925,926,2.2906729634002369e-03,azimuth:0_m:degrees
558,3,1.0113000183105469e+03,-1.3181250000000008e-01,559,560,2.4560898437499847e-03,pressure:18.4_m:hPa
559,0,1.3558961486816406e+02,-1.0758620689655171e-01,581,582,2.4217598097502988e-03,zenith:0_m:degrees
560,11,3.4032499694824219e+02,-1.4558823529411768e-01,561,562,1.9521049596308744e-03,wind_direction:18.4_m:degrees
561,5,4.7250000000000000e+01,-1.5511627906976744e-01,1207,1208,1.5087074094104654e-03,relative_humidity:18.4_m:%
562,2,2.8296000671386719e+02,-9.4375000000000001e-02,1517,1518,1.2246093750000256e-03,water_sfc_temperature:0_m:K
563,-2,-2.0000000000000000e+00,-2.1599999999999997e-01,-1,-1,1.9440000000000082e-03,wind_direction:18.4_m:degrees
564,12,-3.2485380768775940e-02,-3.0801324503311256e-01,565,566,5.5298276391386042e-03,bulk_richardson:18.4_m:none
565,5,4.2250000000000000e+01,-3.3267857142857149e-01,567,568,7.1410395408162824e-03,relative_humidity:18.4_m:%
566,10,1.2481287956237793e+01,-2.9347368421052622e-01,571,572,4.0100387811634886e-03,wind_speed:18.4_m:m_s-1
567,9,8.8718429565429688e+01,-5.4666666666666663e-01,1011,1012,8.0222222222222639e-03,angle_between_wind_wave:0_m:degrees
568,10,1.2337130546569824e+01,-3.2056603773584902e-01,569,570,4.3525097899608234e-03,wind_speed:18.4_m:m_s-1
569,3,1.0045500183105469e+03,-3.9285714285714285e-01,1275,1276,1.8918367346938969e-03,pressure:18.4_m:hPa
570,0,1.1300884246826172e+02,-2.9461538461538461e-01,1089,1090,2.6863905325443804e-03,zenith:0_m:degrees
571,4,3.0179483890533447e+00,-2.5000000000000000e-01,693,694,4.4888888888888895e-03,mixing_ratio:18.4_m:g_kg-1
572,12,-1.2238763738423586e-02,-3.0363636363636365e-01,871,872,3.3530106257379649e-03,bulk_richardson:18.4_m:none
573,4,1.3168527483940125e+00,-2.3956521739130435e-01,1359,1360,2.7258979206049028e-03,mixing_ratio:18.4_m:g_kg-1
574,4,1.4711039066314697e+00,-1.7684210526315791e-01,1449,1450,2.7163434903047026e-03,mixing_ratio:18.4_m:g_kg-1
575,6,2.2600000000000000e+02,-2.0800000000000002e-01,2031,2032,2.8159999999999852e-03,wave_direction:0_m:degrees
576,10,1.3361240386962891e+01,-3.0500000000000005e-01,1437,1438,1.9374999999999531e-03,wind_speed:18.4_m:m_s-1
577,10,1.3199676036834717e+01,-3.4759259259259256e-01,579,580,4.2256858710563311e-03,wind_speed:18.4_m:m_s-1
578,0,6.0998487472534180e+01,-4.0499999999999997e-01,949,950,3.5499999999996923e-03,zenith:0_m:degrees
579,1,2.1249256134033203e+02,-4.2272727272727278e-01,849,850,4.3289256198346671e-03,azimuth:0_m:degrees
580,7,1.5500000119209290e+00,-3.2837209302325576e-01,771,772,2.3857220118983224e-03,wave_height:0_m:m
581,0,9.3520519256591797e+01,-1.3800000000000001e-01,1505,1506,2.0799999999999985e-03,zenith:0_m:degrees
582,7,6.5000000596046448e-01,-8.4545454545454576e-02,1267,1268,1.4490358126721782e-03,wave_height:0_m:m
583,2,2.7432000732421875e+02,-2.5200000000000000e-01,1983,1984,8.6599999999999178e-04,water_sfc_temperature:0_m:K
584,2,2.9298500061035156e+02,-2.0278846153846167e-01,1041,1042,2.4431860207100586e-03,water_sfc_temperature:0_m:K
585,5,6.0649999618530273e+01,-5.8817591925018342e-03,587,588,4.0772646611938166e-04,relative_humidity:18.4_m:%
586,10,3.5757007598876953e+00,3.2962962962962972e-02,2011,2012,7.3936899862845728e-04,wind_speed:18.4_m:m_s-1
587,4,9.0965649485588074e-01,-1.2589838909541495e-02,633,634,1.0286087195527350e-03,mixing_ratio:18.4_m:g_kg-1
588,4,1.1128614902496338e+01,-4.9983681462140925e-03,1165,1166,3.1925587201069239e-04,mixing_ratio:18.4_m:g_kg-1
589,11,2.6229501342773438e+02,-1.3548611111111111e-01,813,814,2.0080970293210078e-03,wind_direction:18.4_m:degrees
590,-2,-2.0000000000000000e+00,-8.2500000000000004e-02,-1,-1,9.6875000000000086e-04,wind_direction:18.4_m:degrees
591,-2,-2.0000000000000000e+00,-5.2000000000000002e-01,-1,-1,0.0000000000000000e+00,wind_direction:18.4_m:degrees
592,12,-8.4886583499610424e-03,-3.7569230769230777e-01,723,724,4.6768284023668283e-03,bulk_richardson:18.4_m:none
593,-2,-2.0000000000000000e+00,-4.2999999999999999e-01,-1,-1,0.0000000000000000e+00,wind_direction:18.4_m:degrees
594,3,1.0089499816894531e+03,-2.2388888888888892e-01,595,596,4.2237654320987569e-03,pressure:18.4_m:hPa
595,10,1.3471841335296631e+01,-2.7444444444444444e-01,1309,1310,2.9802469135802173e-03,wind_speed:18.4_m:m_s-1
596,-2,-2.0000000000000000e+00,-1.7333333333333334e-01,-1,-1,3.5555555555557422e-04,wind_direction:18.4_m:degrees
597,6,2.2300000000000000e+02,-4.8181818181818187e-01,1475,1476,2.6512396694214624e-03,wave_direction:0_m:degrees
598,10,1.7067192077636719e+01,-3.9636363636363631e-01,1665,1666,2.9322314049588516e-03,wind_speed:18.4_m:m_s-1
599,-2,-2.0000000000000000e+00,-3.2199999999999995e-01,-1,-1,9.7600000000003240e-04,wind_direction:18.4_m:degrees
600,3,9.9294998168945312e+02,-4.3625000000000003e-01,1315,1316,4.5234375000000326e-03,pressure:18.4_m:hPa
601,-2,-2.0000000000000000e+00,-2.3333333333333336e-01,-1,-1,8.2222222222220337e-04,wind_direction:18.4_m:degrees
602,-2,-2.0000000000000000e+00,-9.1666666666666674e-02,-1,-1,1.6805555555555688e-03,wind_direction:18.4_m:degrees
603,-2,-2.0000000000000000e+00,-2.1222222222222220e-01,-1,-1,6.1728395061729641e-04,wind_direction:18.4_m:degrees
604,-2,-2.0000000000000000e+00,-1.1499999999999999e-01,-1,-1,1.1500000000000069e-03,wind_direction:18.4_m:degrees
605,10,1.0914786338806152e+01,-3.3733333333333332e-01,1387,1388,2.1528888888888847e-03,wind_speed:18.4_m:m_s-1
606,-2,-2.0000000000000000e+00,-2.6900000000000002e-01,-1,-1,4.8900000000000332e-04,wind_direction:18.4_m:degrees
607,0,1.5119701385498047e+02,-1.8218750000000003e-01,1033,1034,3.0795898437500080e-03,zenith:0_m:degrees
608,1,2.9246853637695312e+02,-2.4466666666666667e-01,1527,1528,1.3448888888888122e-03,azimuth:0_m:degrees
609,11,2.7538500976562500e+02,-3.6725000000000008e-01,1509,1510,1.7949374999999546e-03,wind_direction:18.4_m:degrees
610,0,8.3340515136718750e+01,-4.8666666666666664e-01,921,922,8.8888888888893625e-03,zenith:0_m:degrees
611,-2,-2.0000000000000000e+00,-5.2714285714285725e-01,-1,-1,4.2040816326521790e-04,wind_direction:18.4_m:degrees
612,6,2.2950000000000000e+02,-4.4424242424242416e-01,677,678,5.2304866850321208e-03,wave_direction:0_m:degrees
613,-2,-2.0000000000000000e+00,-1.3666666666666669e-01,-1,-1,3.5555555555554993e-04,wind_direction:18.4_m:degrees
614,3,1.0094500122070312e+03,-2.5383561643835623e-01,673,674,4.2209044848939697e-03,pressure:18.4_m:hPa
615,2,2.8917999267578125e+02,-5.4803149606299215e-02,825,826,1.5477958955917898e-03,water_sfc_temperature:0_m:K
616,5,7.7500000000000000e+01,-7.5212765957446803e-02,1019,1020,9.7867813490267516e-04,relative_humidity:18.4_m:%
617,10,6.7094588279724121e+00,-4.5999999999999992e-02,1537,1538,7.8514285714285795e-04,wind_speed:18.4_m:m_s-1
618,-2,-2.0000000000000000e+00,-2.7514792899408228e-02,-1,-1,3.5713735513463382e-04,wind_direction:18.4_m:degrees
619,-2,-2.0000000000000000e+00,-1.3714285714285715e-01,-1,-1,1.9183673469387597e-04,wind_direction:18.4_m:degrees
620,11,2.6632499694824219e+02,-2.1573529411764711e-01,621,622,3.1332828719722802e-03,wind_direction:18.4_m:degrees
621,11,2.1625499725341797e+02,-2.0218181818181827e-01,623,624,2.4025123966941869e-03,wind_direction:18.4_m:degrees
622,4,2.8406165838241577e+00,-2.7307692307692311e-01,1097,1098,2.1597633136094946e-03,mixing_ratio:18.4_m:g_kg-1
623,3,1.0185000000000000e+03,-2.2277777777777782e-01,1047,1048,1.7589506172839275e-03,pressure:18.4_m:hPa
624,8,7.6500000953674316e+00,-1.6315789473684211e-01,1809,1810,1.2952908587257166e-03,wave_period:0_m:s
625,11,2.4935499572753906e+02,-4.2270803949224195e-02,819,820,5.0245981049611621e-04,wind_direction:18.4_m:degrees
626,9,8.8498264312744141e+01,-2.1851851851851858e-02,719,720,1.2632373113854313e-03,angle_between_wind_wave:0_m:degrees
627,-2,-2.0000000000000000e+00,-6.0000000000000005e-02,-1,-1,1.4000000000000002e-03,wind_direction:18.4_m:degrees
628,3,1.0148499755859375e+03,-1.7654545454545456e-01,823,824,1.8844297520661073e-03,pressure:18.4_m:hPa
629,-2,-2.0000000000000000e+00,-2.3000000000000001e-01,-1,-1,0.0000000000000000e+00,wind_direction:18.4_m:degrees
630,-2,-2.0000000000000000e+00,-3.8500000000000001e-01,-1,-1,6.9999999999997842e-04,wind_direction:18.4_m:degrees
631,3,9.9845001220703125e+02,-1.3128440366972471e-01,1105,1106,8.8458883932330049e-04,pressure:18.4_m:hPa
632,11,1.9943000030517578e+02,-1.7333333333333337e-01,1147,1148,1.6592592592593186e-03,wind_direction:18.4_m:degrees
633,-2,-2.0000000000000000e+00,1.0000000000000002e-01,-1,-1,7.9999999999999863e-04,wind_direction:18.4_m:degrees
634,12,-7.0275115966796875e+00,-1.3009950248756192e-02,755,756,9.8198497561941401e-04,bulk_richardson:18.4_m:none
635,-2,-2.0000000000000000e+00,-2.2470588235294120e-01,-1,-1,5.3079584775088395e-04,wind_direction:18.4_m:degrees
636,7,1.3499999642372131e+00,-1.3714285714285715e-01,1763,1764,1.9632653061224595e-03,wave_height:0_m:m
637,-2,-2.0000000000000000e+00,-8.0278884462151312e-02,-1,-1,5.5490230313805147e-04,wind_direction:18.4_m:degrees
638,3,9.9575000000000000e+02,-9.6416184971098218e-02,1269,1270,7.5305222359588024e-04,pressure:18.4_m:hPa
639,-2,-2.0000000000000000e+00,-2.9249999999999998e-01,-1,-1,1.6875000000000917e-04,wind_direction:18.4_m:degrees
640,-2,-2.0000000000000000e+00,-1.7374999999999999e-01,-1,-1,1.5984375000000113e-03,wind_direction:18.4_m:degrees
641,10,1.3725028991699219e+01,-3.7214285714285705e-01,1091,1092,2.1882653061225388e-03,wind_speed:18.4_m:m_s-1
642,3,1.0133500061035156e+03,-3.0851851851851847e-01,1125,1126,1.8941015089162933e-03,pressure:18.4_m:hPa
643,12,-3.6228662356734276e-02,-2.3946784922394718e-02,1415,1416,3.0504373134840931e-04,bulk_richardson:18.4_m:none
644,12,-2.8768884949386120e-02,-3.0892193308550236e-02,1329,1330,3.8031923273583652e-04,bulk_richardson:18.4_m:none
645,12,1.4299377799034119e-02,-2.9887323943661975e-01,901,902,2.2719698472524891e-03,bulk_richardson:18.4_m:none
646,-2,-2.0000000000000000e+00,-3.5692307692307690e-01,-1,-1,6.8284023668643834e-04,wind_direction:18.4_m:degrees
647,-2,-2.0000000000000000e+00,-4.3333333333333329e-01,-1,-1,5.5555555555558689e-04,wind_direction:18.4_m:degrees
648,-2,-2.0000000000000000e+00,-5.2470588235294124e-01,-1,-1,1.7778546712802767e-03,wind_direction:18.4_m:degrees
649,-2,-2.0000000000000000e+00,7.5000000000000011e-02,-1,-1,6.2499999999999969e-04,wind_direction:18.4_m:degrees
650,-2,-2.0000000000000000e+00,-3.1764705882352945e-02,-1,-1,7.5570934256055395e-04,wind_direction:18.4_m:degrees
651,7,2.1499999761581421e+00,-2.3846153846153847e-01,859,860,3.4130177514793414e-03,wave_height:0_m:m
652,9,9.0274169921875000e+01,-1.6166666666666665e-01,1891,1892,1.4805555555555371e-03,angle_between_wind_wave:0_m:degrees
653,5,5.0149999618530273e+01,-8.0769230769230774e-02,1317,1318,1.8686390532544365e-03,relative_humidity:18.4_m:%
654,4,1.0967466831207275e+00,-1.2434210526315791e-01,1073,1074,2.5561461218836564e-03,mixing_ratio:18.4_m:g_kg-1
655,-2,-2.0000000000000000e+00,-3.0800000000000000e-01,-1,-1,2.1360000000000129e-03,wind_direction:18.4_m:degrees
656,11,1.9059999847412109e+02,-2.1744186046511632e-01,765,766,2.6004326663060864e-03,wind_direction:18.4_m:degrees
657,3,1.0185000000000000e+03,-3.0000000000000009e-02,781,782,1.4804878048780483e-03,pressure:18.4_m:hPa
658,12,-1.0671257227659225e-01,-5.2496025437201846e-02,1021,1022,8.0410372029188389e-04,bulk_richardson:18.4_m:none
659,-2,-2.0000000000000000e+00,-9.1000000000000003e-01,-1,-1,0.0000000000000000e+00,wind_direction:18.4_m:degrees
660,-2,-2.0000000000000000e+00,-7.0333333333333325e-01,-1,-1,2.8888888888906061e-04,wind_direction:18.4_m:degrees
661,12,1.1910355184227228e-02,-8.5724743777452171e-03,1099,1100,3.8617593340893022e-04,bulk_richardson:18.4_m:none
662,12,-1.2762618716806173e-03,-1.4127211860353856e-02,1055,1056,4.4002016338839716e-04,bulk_richardson:18.4_m:none
663,9,8.7666797637939453e+01,-1.2110497237569059e-01,1247,1248,1.7159061078721692e-03,angle_between_wind_wave:0_m:degrees
664,0,7.7751312255859375e+01,-1.5450000000000003e-01,665,666,1.8547499999999710e-03,zenith:0_m:degrees
665,-2,-2.0000000000000000e+00,-3.5999999999999999e-01,-1,-1,0.0000000000000000e+00,wind_direction:18.4_m:degrees
666,12,-6.7304266616702080e-02,-1.4923076923076922e-01,1783,1784,7.9171597633136137e-04,bulk_richardson:18.4_m:none
667,-2,-2.0000000000000000e+00,-1.0250000000000001e-01,-1,-1,2.6874999999999816e-04,wind_direction:18.4_m:degrees
668,9,8.8683425903320312e+01,-1.8136363636363637e-01,727,728,2.8117768595041503e-03,angle_between_wind_wave:0_m:degrees
669,-2,-2.0000000000000000e+00,-1.2666666666666665e-01,-1,-1,6.4888888888889329e-04,wind_direction:18.4_m:degrees
670,10,1.2542183399200439e+01,-1.8163934426229517e-01,775,776,2.9612469766191751e-03,wind_speed:18.4_m:m_s-1
671,3,1.0233500061035156e+03,-1.8888888888888886e-01,1831,1832,1.0209876543209873e-03,pressure:18.4_m:hPa
672,-2,-2.0000000000000000e+00,-7.0000000000000007e-02,-1,-1,5.3776427755281020e-17,wind_direction:18.4_m:degrees
673,-2,-2.0000000000000000e+00,-1.9444444444444445e-01,-1,-1,2.3358024691358045e-03,wind_direction:18.4_m:degrees
674,2,2.8055499267578125e+02,-2.6218750000000002e-01,735,736,3.9202148437499779e-03,water_sfc_temperature:0_m:K
675,11,1.1107500076293945e+02,-1.0632302405498276e-01,1027,1028,8.7067228776233074e-04,wind_direction:18.4_m:degrees
676,-2,-2.0000000000000000e+00,-1.3311475409836068e-01,-1,-1,8.9685568395586265e-04,wind_direction:18.4_m:degrees
677,4,4.3827047348022461e+00,-4.5821428571428563e-01,895,896,4.7860969387755470e-03,mixing_ratio:18.4_m:g_kg-1
678,-2,-2.0000000000000000e+00,-3.6599999999999999e-01,-1,-1,5.0400000000042078e-04,wind_direction:18.4_m:degrees
679,-2,-2.0000000000000000e+00,-7.3846153846153853e-02,-1,-1,1.6213017751479271e-04,wind_direction:18.4_m:degrees
680,11,1.9236499786376953e+02,-1.2683426443202980e-01,681,682,1.1557136862838935e-03,wind_direction:18.4_m:degrees
681,9,8.9082912445068359e+01,-1.4347222222222222e-01,683,684,1.0990547839506044e-03,angle_between_wind_wave:0_m:degrees
682,4,1.0257416248321533e+01,-1.2073791348600507e-01,911,912,1.0378778755446953e-03,mixing_ratio:18.4_m:g_kg-1
683,-2,-2.0000000000000000e+00,-1.1314285714285717e-01,-1,-1,6.3297959183673293e-04,wind_direction:18.4_m:degrees
684,8,4.5499999523162842e+00,-1.5321100917431196e-01,717,718,8.5849675953201740e-04,wave_period:0_m:s
685,-2,-2.0000000000000000e+00,-1.8764705882352939e-01,-1,-1,8.2975778546713619e-04,wind_direction:18.4_m:degrees
686,-2,-2.0000000000000000e+00,-1.2294117647058822e-01,-1,-1,5.6193771626299009e-04,wind_direction:18.4_m:degrees
687,12,3.0082020908594131e-02,-1.0559440559440560e-01,1101,1102,1.1728984302410844e-03,bulk_richardson:18.4_m:none
688,-2,-2.0000000000000000e+00,-1.0000000000000000e-02,-1,-1,4.8761992707535562e-17,wind_direction:18.4_m:degrees
689,-2,-2.0000000000000000e+00,-4.8818713450292303e-02,-1,-1,4.8246421121028510e-04,wind_direction:18.4_m:degrees
690,11,3.2480000305175781e+02,-5.9821029082774070e-02,1477,1478,4.9392770095443069e-04,wind_direction:18.4_m:degrees
691,6,1.9950000000000000e+02,3.5087719298245597e-03,1349,1350,1.6824253616497388e-03,wave_direction:0_m:degrees
692,3,9.9594998168945312e+02,-2.3151041666666636e-02,799,800,1.3705396864149325e-03,pressure:18.4_m:hPa
693,5,5.4500000000000000e+01,-2.2642857142857142e-01,1213,1214,2.8658163265306152e-03,relative_humidity:18.4_m:%
694,-2,-2.0000000000000000e+00,-3.3250000000000002e-01,-1,-1,1.4187499999999825e-03,wind_direction:18.4_m:degrees
695,1,2.5381755828857422e+02,-9.2038834951456303e-02,1353,1354,1.2259402394193698e-03,azimuth:0_m:degrees
696,9,8.9782997131347656e+01,-4.1874999999999996e-02,831,832,2.1652343749999992e-03,angle_between_wind_wave:0_m:degrees
697,10,7.7391018867492676e+00,-5.0388888888888830e-02,961,962,7.3151543209877112e-04,wind_speed:18.4_m:m_s-1
698,-2,-2.0000000000000000e+00,-1.2666666666666668e-01,-1,-1,2.8888888888891143e-04,wind_direction:18.4_m:degrees
699,5,7.1950000762939453e+01,-2.6346153846153847e-01,1575,1576,1.8841715976331552e-03,relative_humidity:18.4_m:%
700,-2,-2.0000000000000000e+00,-3.7666666666666665e-01,-1,-1,5.5555555555542036e-04,wind_direction:18.4_m:degrees
701,11,1.9870999908447266e+02,-1.1936305732484070e-01,1193,1194,1.6747535396973330e-03,wind_direction:18.4_m:degrees
702,-2,-2.0000000000000000e+00,-5.2499999999999998e-02,-1,-1,6.1875000000009665e-04,wind_direction:18.4_m:degrees
703,0,5.0187770843505859e+01,-8.7142857142857161e-02,1119,1120,2.8204081632653031e-03,zenith:0_m:degrees
704,1,3.0719795227050781e+02,-1.4749999999999999e-01,1705,1706,1.2830357142857192e-03,azimuth:0_m:degrees
705,-2,-2.0000000000000000e+00,-5.6500000000000006e-01,-1,-1,1.0749999999999371e-03,wind_direction:18.4_m:degrees
706,4,1.4218038320541382e+00,-6.5444444444444438e-01,1079,1080,3.3580246913578193e-03,mixing_ratio:18.4_m:g_kg-1
707,6,1.8750000000000000e+02,-2.6649999999999996e-01,1399,1400,1.4227500000000004e-03,wave_direction:0_m:degrees
708,-2,-2.0000000000000000e+00,-1.3000000000000000e-01,-1,-1,5.5511151231257827e-17,wind_direction:18.4_m:degrees
709,6,2.4200000000000000e+02,-3.0249999999999999e-01,1405,1406,3.3437499999999926e-03,wave_direction:0_m:degrees
710,-2,-2.0000000000000000e+00,-4.0166666666666667e-01,-1,-1,1.4805555555554573e-03,wind_direction:18.4_m:degrees
711,4,2.6052548885345459e+00,-1.4015151515151514e-01,809,810,1.9469467401285606e-03,mixing_ratio:18.4_m:g_kg-1
712,11,2.6462500000000000e+02,-1.1117647058823528e-01,1829,1830,7.1822376009227605e-04,wind_direction:18.4_m:degrees
713,10,3.8498182296752930e+00,-1.7869725522327042e-02,965,966,2.7166021004345416e-04,wind_speed:18.4_m:m_s-1
714,8,6.0499999523162842e+00,-4.1639344262295104e-02,1225,1226,1.3481322225206884e-03,wave_period:0_m:s
715,9,8.9738731384277344e+01,-1.7599999999999999e-01,1985,1986,2.5440000000000046e-03,angle_between_wind_wave:0_m:degrees
716,4,5.3040158748626709e+00,-2.7142857142857146e-01,999,1000,3.4693877551020269e-03,mixing_ratio:18.4_m:g_kg-1
717,10,1.1193553447723389e+01,-1.7625000000000005e-01,1595,1596,6.4343749999999644e-04,wind_speed:18.4_m:m_s-1
718,-2,-2.0000000000000000e+00,-1.3985507246376813e-01,-1,-1,4.9708044528458048e-04,wind_direction:18.4_m:degrees
719,-2,-2.0000000000000000e+00,-1.4999999999999999e-01,-1,-1,0.0000000000000000e+00,wind_direction:18.4_m:degrees
720,9,9.1539127349853516e+01,-1.9433962264150954e-02,1741,1742,9.7137771448914227e-04,angle_between_wind_wave:0_m:degrees
721,-2,-2.0000000000000000e+00,-2.8750000000000003e-01,-1,-1,1.6874999999999529e-04,wind_direction:18.4_m:degrees
722,10,1.2507521629333496e+01,-1.8875000000000000e-01,1837,1838,1.7026041666666700e-03,wind_speed:18.4_m:m_s-1
723,0,1.0947651290893555e+02,-3.5717948717948711e-01,725,726,4.3228139381984443e-03,zenith:0_m:degrees
724,9,8.8864257812500000e+01,-4.0346153846153848e-01,969,970,3.9226331360946165e-03,angle_between_wind_wave:0_m:degrees
725,4,1.5324227213859558e+00,-3.1250000000000006e-01,1641,1642,2.7520833333332939e-03,mixing_ratio:18.4_m:g_kg-1
726,11,2.8514500427246094e+02,-3.7703703703703711e-01,785,786,3.7393689986283118e-03,wind_direction:18.4_m:degrees
727,10,1.1771603107452393e+01,-1.3000000000000000e-01,1485,1486,2.0499999999999997e-03,wind_speed:18.4_m:m_s-1
728,-2,-2.0000000000000000e+00,-2.1071428571428572e-01,-1,-1,8.7806122448980811e-04,wind_direction:18.4_m:degrees
729,-2,-2.0000000000000000e+00,-6.1294117647058821e-01,-1,-1,1.1972318339100729e-03,wind_direction:18.4_m:degrees
730,0,1.0943466186523438e+02,-6.7368421052631577e-01,903,904,2.9180055401663019e-03,zenith:0_m:degrees
731,2,2.7514500427246094e+02,-5.5666666666666675e-01,733,734,4.2666666666666964e-03,water_sfc_temperature:0_m:K
732,-2,-2.0000000000000000e+00,-6.6999999999999993e-01,-1,-1,1.8000000000001348e-03,wind_direction:18.4_m:degrees
733,-2,-2.0000000000000000e+00,-3.8000000000000000e-01,-1,-1,0.0000000000000000e+00,wind_direction:18.4_m:degrees
734,9,8.9962619781494141e+01,-5.6705882352941184e-01,1535,1536,2.5737024221452742e-03,angle_between_wind_wave:0_m:degrees
735,7,1.2500000000000000e+00,-2.7857142857142858e-01,737,738,3.7027210884353484e-03,wave_height:0_m:m
736,4,2.8702659606933594e+00,-2.3090909090909092e-01,741,742,2.8446280991736156e-03,mixing_ratio:18.4_m:g_kg-1
737,4,1.2524318695068359e+00,-2.6264705882352940e-01,739,740,2.9724048442906770e-03,mixing_ratio:18.4_m:g_kg-1
738,-2,-2.0000000000000000e+00,-3.4625000000000000e-01,-1,-1,1.1484374999999047e-03,wind_direction:18.4_m:degrees
739,7,1.0500000119209290e+00,-2.3727272727272727e-01,1651,1652,1.9289256198347440e-03,wave_height:0_m:m
740,4,1.3345386385917664e+00,-3.0916666666666665e-01,1807,1808,1.5409722222221867e-03,mixing_ratio:18.4_m:g_kg-1
741,5,5.1750000000000000e+01,-2.0266666666666666e-01,1963,1964,1.4862222222222360e-03,relative_humidity:18.4_m:%
742,-2,-2.0000000000000000e+00,-2.9142857142857143e-01,-1,-1,3.8367346938776581e-04,wind_direction:18.4_m:degrees
743,9,8.9358448028564453e+01,-6.5347826086956529e-01,1151,1152,2.5792060491492408e-03,angle_between_wind_wave:0_m:degrees
744,12,-7.2244356852024794e-03,-5.2000000000000002e-01,1231,1232,9.9999999999997868e-03,bulk_richardson:18.4_m:none
745,-2,-2.0000000000000000e+00,-1.9222222222222221e-01,-1,-1,3.2839506172840233e-04,wind_direction:18.4_m:degrees
746,4,2.4034062623977661e+00,-2.6100000000000007e-01,747,748,2.9423333333333107e-03,mixing_ratio:18.4_m:g_kg-1
747,9,8.9557636260986328e+01,-2.8947368421052633e-01,897,898,2.0681440443213045e-03,angle_between_wind_wave:0_m:degrees
748,-2,-2.0000000000000000e+00,-2.1181818181818182e-01,-1,-1,6.3305785123964758e-04,wind_direction:18.4_m:degrees
749,2,2.8024501037597656e+02,-1.6692307692307695e-01,1259,1260,1.8674556213017605e-03,water_sfc_temperature:0_m:K
750,10,9.9253387451171875e+00,-1.1294871794871798e-01,761,762,2.6515614727153237e-03,wind_speed:18.4_m:m_s-1
751,6,2.1350000000000000e+02,-6.6578947368421057e-02,837,838,1.7988227146814393e-03,wave_direction:0_m:degrees
752,0,1.0900872802734375e+02,-9.7540983606557358e-02,753,754,1.7529696318193903e-03,zenith:0_m:degrees
753,-2,-2.0000000000000000e+00,-2.3000000000000001e-01,-1,-1,0.0000000000000000e+00,wind_direction:18.4_m:degrees
754,11,1.4727000427246094e+02,-9.3050847457627137e-02,967,968,1.1974719908072456e-03,wind_direction:18.4_m:degrees
755,-2,-2.0000000000000000e+00,-1.4000000000000001e-01,-1,-1,0.0000000000000000e+00,wind_direction:18.4_m:degrees
756,11,3.5136500549316406e+02,-1.2693266832917679e-02,1131,1132,9.4411788483902200e-04,wind_direction:18.4_m:degrees
757,4,4.5869646072387695e+00,-1.7820512820512821e-01,759,760,1.7292570677185856e-03,mixing_ratio:18.4_m:g_kg-1
758,-2,-2.0000000000000000e+00,-2.8333333333333333e-01,-1,-1,5.5555555555547587e-04,wind_direction:18.4_m:degrees
759,9,8.8893848419189453e+01,-1.9491525423728820e-01,983,984,1.7741453605285631e-03,angle_between_wind_wave:0_m:degrees
760,12,-2.3240432143211365e-02,-1.6120689655172413e-01,929,930,1.1106123662306955e-03,bulk_richardson:18.4_m:none
761,9,9.0221160888671875e+01,-1.0514705882352944e-01,1143,1144,2.4779195501730064e-03,angle_between_wind_wave:0_m:degrees
762,-2,-2.0000000000000000e+00,-1.6600000000000001e-01,-1,-1,6.0399999999997955e-04,wind_direction:18.4_m:degrees
763,-2,-2.0000000000000000e+00,-2.0999999999999999e-01,-1,-1,0.0000000000000000e+00,wind_direction:18.4_m:degrees
764,-2,-2.0000000000000000e+00,1.0000000000000000e-02,-1,-1,2.6834003769016235e-18,wind_direction:18.4_m:degrees
765,5,9.5399997711181641e+01,-2.5466666666666665e-01,1243,1244,2.4915555555555663e-03,relative_humidity:18.4_m:%
766,8,6.5000000000000000e+00,-1.9750000000000004e-01,1711,1712,1.5187499999999646e-03,wave_period:0_m:s
767,2,2.7691500854492188e+02,-1.1993589743589742e-01,769,770,1.4288420447074058e-03,water_sfc_temperature:0_m:K
768,-2,-2.0000000000000000e+00,-7.5555555555555570e-02,-1,-1,1.3580246913583519e-04,wind_direction:18.4_m:degrees
769,-2,-2.0000000000000000e+00,-8.0499999999999988e-02,-1,-1,8.5475000000000134e-04,wind_direction:18.4_m:degrees
770,4,5.4423892498016357e+00,-1.2573529411764706e-01,1683,1684,1.2509299307958445e-03,mixing_ratio:18.4_m:g_kg-1
771,-2,-2.0000000000000000e+00,-2.9133333333333333e-01,-1,-1,8.7822222222222468e-04,wind_direction:18.4_m:degrees
772,0,1.0609154510498047e+02,-3.4821428571428570e-01,821,822,2.0646683673470195e-03,zenith:0_m:degrees
773,-2,-2.0000000000000000e+00,-9.9285714285714297e-02,-1,-1,6.2806122448979575e-04,wind_direction:18.4_m:degrees
774,8,1.0000000000000000e+01,-6.5099866844207696e-02,943,944,5.4642810917001922e-04,wave_period:0_m:s
775,4,8.3166015148162842e+00,-3.0499999999999999e-01,1335,1336,9.0250000000000191e-03,mixing_ratio:18.4_m:g_kg-1
776,4,2.5324720144271851e+00,-1.7745762711864416e-01,787,788,2.2223498994541624e-03,mixing_ratio:18.4_m:g_kg-1
777,-2,-2.0000000000000000e+00,-5.0000000000000003e-02,-1,-1,2.8500000000000001e-03,wind_direction:18.4_m:degrees
778,4,2.6712931394577026e+00,-1.4299999999999999e-01,779,780,2.1060000000000106e-03,mixing_ratio:18.4_m:g_kg-1
779,-2,-2.0000000000000000e+00,-4.0000000000000001e-02,-1,-1,-2.1684043449710089e-19,wind_direction:18.4_m:degrees
780,2,2.8106500244140625e+02,-1.5135135135135136e-01,1141,1142,1.3468224981738539e-03,water_sfc_temperature:0_m:K
781,5,8.8750000000000000e+01,-4.2586206896551723e-02,1943,1944,1.1053804994054686e-03,relative_humidity:18.4_m:%
782,-2,-2.0000000000000000e+00,4.1666666666666734e-04,-1,-1,1.0789930555555546e-03,wind_direction:18.4_m:degrees
783,-2,-2.0000000000000000e+00,-2.7000000000000002e-01,-1,-1,0.0000000000000000e+00,wind_direction:18.4_m:degrees
784,7,1.1500000357627869e+00,-4.5090909090909093e-01,1501,1502,1.6809917355371795e-03,wave_height:0_m:m
785,8,6.0499999523162842e+00,-3.4666666666666662e-01,919,920,3.7022222222221068e-03,wave_period:0_m:s
786,-2,-2.0000000000000000e+00,-4.1500000000000004e-01,-1,-1,1.1916666666667575e-03,wind_direction:18.4_m:degrees
787,-2,-2.0000000000000000e+00,-2.7666666666666667e-01,-1,-1,1.0888888888888892e-03,wind_direction:18.4_m:degrees
788,5,9.2049999237060547e+01,-1.7214285714285713e-01,1219,1220,1.7275510204081343e-03,relative_humidity:18.4_m:%
789,5,4.3700000762939453e+01,-2.6357142857142857e-01,791,792,4.0515306122449746e-03,relative_humidity:18.4_m:%
790,10,1.0579181194305420e+01,-2.0461538461538459e-01,1235,1236,2.2402366863904649e-03,wind_speed:18.4_m:m_s-1
791,9,8.8059791564941406e+01,-2.2999999999999998e-01,1483,1484,2.0000000000000087e-03,angle_between_wind_wave:0_m:degrees
792,12,-1.0518305376172066e-01,-3.2400000000000001e-01,1255,1256,2.0640000000000241e-03,bulk_richardson:18.4_m:none
793,10,9.8085336685180664e+00,-1.8875000000000000e-01,875,876,3.1734375000000009e-03,wind_speed:18.4_m:m_s-1
794,-2,-2.0000000000000000e+00,-1.0500000000000000e-01,-1,-1,1.5249999999999760e-03,wind_direction:18.4_m:degrees
795,-2,-2.0000000000000000e+00,-5.5444444444444452e-01,-1,-1,1.7580246913582176e-03,wind_direction:18.4_m:degrees
796,-2,-2.0000000000000000e+00,-6.5199999999999991e-01,-1,-1,1.2959999999999638e-03,wind_direction:18.4_m:degrees
797,1,3.5136253356933594e+02,-1.5396907216494848e-01,1203,1204,1.8620815176958287e-03,azimuth:0_m:degrees
798,-2,-2.0000000000000000e+00,-2.9999999999999999e-02,-1,-1,-1.6150275561344074e-15,wind_direction:18.4_m:degrees
799,-2,-2.0000000000000000e+00,-1.2333333333333334e-01,-1,-1,8.8888888888888351e-05,wind_direction:18.4_m:degrees
800,12,1.0928865987807512e-02,-2.2362204724409421e-02,801,802,1.3009816686300030e-03,bulk_richardson:18.4_m:none
801,5,5.3200000762939453e+01,-3.4154929577464771e-02,803,804,1.2778069827415227e-03,relative_humidity:18.4_m:%
802,12,8.9512273669242859e-02,-1.5355648535564849e-02,1067,1068,1.1830325099350502e-03,bulk_richardson:18.4_m:none
803,-2,-2.0000000000000000e+00,-6.0294117647058831e-02,-1,-1,8.8520761245674704e-04,wind_direction:18.4_m:degrees
804,3,9.9939999389648438e+02,-2.5925925925925915e-02,1093,1094,1.1185871056241460e-03,pressure:18.4_m:hPa
805,1,2.7179235839843750e+02,-1.6655172413793104e-01,1751,1752,1.7812128418549338e-03,azimuth:0_m:degrees
806,4,2.1659369468688965e+00,-2.0379310344827586e-01,807,808,2.1200951248513608e-03,mixing_ratio:18.4_m:g_kg-1
807,-2,-2.0000000000000000e+00,-2.9999999999999999e-02,-1,-1,0.0000000000000000e+00,wind_direction:18.4_m:degrees
808,9,9.1274971008300781e+01,-2.0581395348837211e-01,997,998,1.7894537587885354e-03,angle_between_wind_wave:0_m:degrees
809,2,2.7930500793457031e+02,-1.6833333333333333e-01,1425,1426,2.2222222222222261e-03,water_sfc_temperature:0_m:K
810,-2,-2.0000000000000000e+00,-1.2404761904761907e-01,-1,-1,1.0764739229024971e-03,wind_direction:18.4_m:degrees
811,-2,-2.0000000000000000e+00,-5.4000000000000004e-01,-1,-1,0.0000000000000000e+00,wind_direction:18.4_m:degrees
812,-2,-2.0000000000000000e+00,-3.5333333333333333e-01,-1,-1,2.1888888888889207e-03,wind_direction:18.4_m:degrees
813,12,-3.2752020284533501e-02,-1.2333333333333332e-01,1645,1646,1.0984126984127027e-03,bulk_richardson:18.4_m:none
814,11,3.1626998901367188e+02,-1.5250000000000002e-01,815,816,2.7854166666666513e-03,wind_direction:18.4_m:degrees
815,11,3.1175000000000000e+02,-1.6666666666666671e-01,937,938,2.1763888888888770e-03,wind_direction:18.4_m:degrees
816,5,5.4000000000000000e+01,-9.5833333333333326e-02,1743,1744,1.2076388888888484e-03,relative_humidity:18.4_m:%
817,6,2.2100000000000000e+02,-2.9833333333333339e-01,2033,2034,1.6972222222222527e-03,wave_direction:0_m:degrees
818,-2,-2.0000000000000000e+00,-4.2999999999999999e-01,-1,-1,1.1102230246251565e-16,wind_direction:18.4_m:degrees
819,11,1.4162000274658203e+02,-4.6184971098265838e-02,1735,1736,4.2051299185851291e-04,wind_direction:18.4_m:degrees
820,3,1.0170000000000000e+03,-3.1578947368421047e-02,2001,2002,5.7013850415512496e-04,pressure:18.4_m:hPa
821,-2,-2.0000000000000000e+00,-3.8307692307692309e-01,-1,-1,1.4059171597633202e-03,wind_direction:18.4_m:degrees
822,-2,-2.0000000000000000e+00,-3.1799999999999995e-01,-1,-1,6.6933333333334122e-04,wind_direction:18.4_m:degrees
823,12,-3.4542791545391083e-02,-1.6770833333333335e-01,1853,1854,1.3801649305555629e-03,bulk_richardson:18.4_m:none
824,-2,-2.0000000000000000e+00,-2.3714285714285716e-01,-1,-1,1.1346938775509199e-03,wind_direction:18.4_m:degrees
825,7,1.3499999642372131e+00,-4.8224299065420563e-02,1009,1010,1.2015197833871944e-03,wave_height:0_m:m
826,6,1.6800000000000000e+02,-9.0000000000000011e-02,1201,1202,1.9300000000000046e-03,wave_direction:0_m:degrees
827,-2,-2.0000000000000000e+00,-2.4750000000000000e-01,-1,-1,3.1875000000000653e-04,wind_direction:18.4_m:degrees
828,6,1.6400000000000000e+02,-1.6000000000000006e-01,877,878,1.7936842105263119e-03,wave_direction:0_m:degrees
829,7,1.3499999642372131e+00,-1.3833333333333334e-01,1533,1534,7.4722222222222551e-04,wave_height:0_m:m
830,-2,-2.0000000000000000e+00,-7.5000000000000011e-02,-1,-1,1.7499999999999105e-03,wind_direction:18.4_m:degrees
831,-2,-2.0000000000000000e+00,-8.9999999999999993e-03,-1,-1,8.9000000000000022e-05,wind_direction:18.4_m:degrees
832,-2,-2.0000000000000000e+00,-9.6666666666666679e-02,-1,-1,8.2222222222222419e-04,wind_direction:18.4_m:degrees
833,-2,-2.0000000000000000e+00,-4.2599999999999999e-01,-1,-1,6.3999999999980739e-05,wind_direction:18.4_m:degrees
834,12,-1.5877105295658112e-02,-3.4400000000000003e-01,835,836,2.2306666666666725e-03,bulk_richardson:18.4_m:none
835,-2,-2.0000000000000000e+00,-3.7687500000000002e-01,-1,-1,5.3398437500001839e-04,wind_direction:18.4_m:degrees
836,4,2.5401133298873901e+00,-3.0642857142857149e-01,1761,1762,1.5229591836735112e-03,mixing_ratio:18.4_m:g_kg-1
837,4,2.9694129228591919e+00,-7.4999999999999997e-02,839,840,1.5968749999999985e-03,mixing_ratio:18.4_m:g_kg-1
838,-2,-2.0000000000000000e+00,-2.1666666666666667e-02,-1,-1,4.8055555555555346e-04,wind_direction:18.4_m:degrees
839,8,4.5000000000000000e+00,-9.8928571428571435e-02,1031,1032,1.6595663265306110e-03,wave_period:0_m:s
840,-2,-2.0000000000000000e+00,-5.6388888888888898e-02,-1,-1,7.5640432098765444e-04,wind_direction:18.4_m:degrees
841,3,1.0031499938964844e+03,-4.8750000000000004e-01,845,846,7.8687499999999522e-03,pressure:18.4_m:hPa
842,8,5.2500000000000000e+00,-4.0018181818181836e-01,843,844,3.0381487603305113e-03,wave_period:0_m:s
843,1,2.5853266906738281e+02,-4.1823529411764715e-01,1135,1136,3.1792387543250478e-03,azimuth:0_m:degrees
844,-2,-2.0000000000000000e+00,-3.7095238095238098e-01,-1,-1,1.4276643990928095e-03,wind_direction:18.4_m:degrees
845,-2,-2.0000000000000000e+00,-3.4000000000000002e-01,-1,-1,0.0000000000000000e+00,wind_direction:18.4_m:degrees
846,-2,-2.0000000000000000e+00,-5.3666666666666663e-01,-1,-1,8.2222222222216867e-04,wind_direction:18.4_m:degrees
847,-2,-2.0000000000000000e+00,-2.8666666666666668e-01,-1,-1,1.4222222222222275e-03,wind_direction:18.4_m:degrees
848,8,5.0999999046325684e+00,-2.0624999999999999e-01,1765,1766,1.5359375000000217e-03,wave_period:0_m:s
849,12,-6.7988485097885132e-02,-3.9888888888888890e-01,1273,1274,2.1654320987654074e-03,bulk_richardson:18.4_m:none
850,-2,-2.0000000000000000e+00,-5.3000000000000003e-01,-1,-1,0.0000000000000000e+00,wind_direction:18.4_m:degrees
851,12,-1.1192255839705467e-01,-8.2033195020746866e-02,853,854,1.4659905993354141e-03,bulk_richardson:18.4_m:none
852,-2,-2.0000000000000000e+00,-2.5000000000000000e-01,-1,-1,0.0000000000000000e+00,wind_direction:18.4_m:degrees
853,3,1.0244499511718750e+03,-9.6666666666666665e-02,855,856,2.0038314176245211e-03,pressure:18.4_m:hPa
854,12,-9.4453468918800354e-03,-7.3766233766233785e-02,1291,1292,9.7282847023106439e-04,bulk_richardson:18.4_m:none
855,8,6.9000000953674316e+00,-1.1296296296296295e-01,913,914,1.7838134430727022e-03,wave_period:0_m:s
856,2,2.8643499755859375e+02,-7.0000000000000007e-02,1181,1182,1.2181818181818118e-03,water_sfc_temperature:0_m:K
857,3,1.0107500000000000e+03,-8.1039999999999987e-02,1407,1408,1.2701184000000103e-03,pressure:18.4_m:hPa
858,0,1.3974240875244141e+02,-1.2210526315789473e-01,1637,1638,1.6271468144043993e-03,zenith:0_m:degrees
859,-2,-2.0000000000000000e+00,-2.5818181818181823e-01,-1,-1,1.4330578512396497e-03,wind_direction:18.4_m:degrees
860,-2,-2.0000000000000000e+00,-1.3000000000000000e-01,-1,-1,4.0000000000001146e-04,wind_direction:18.4_m:degrees
861,-2,-2.0000000000000000e+00,-4.9999999999999996e-02,-1,-1,2.0000000000000009e-04,wind_direction:18.4_m:degrees
862,2,2.7444499206542969e+02,-1.4755102040816329e-01,1043,1044,1.8899208663056832e-03,water_sfc_temperature:0_m:K
863,-2,-2.0000000000000000e+00,-3.6016597510373408e-02,-1,-1,5.4097897763468621e-04,wind_direction:18.4_m:degrees
864,-2,-2.0000000000000000e+00,-5.4545454545454529e-02,-1,-1,8.8760330578512578e-04,wind_direction:18.4_m:degrees
865,9,8.8810207366943359e+01,-5.6999999999999967e-02,1153,1154,1.0889999999999949e-03,angle_between_wind_wave:0_m:degrees
866,-2,-2.0000000000000000e+00,-2.4193548387096774e-02,-1,-1,8.8865764828327445e-05,wind_direction:18.4_m:degrees
867,1,1.3527249145507812e+02,-6.5000000000000002e-01,1487,1488,8.0999999999999406e-03,azimuth:0_m:degrees
868,-2,-2.0000000000000000e+00,-5.1714285714285713e-01,-1,-1,8.2040816326534038e-04,wind_direction:18.4_m:degrees
869,-2,-2.0000000000000000e+00,-1.0000000000000000e-02,-1,-1,0.0000000000000000e+00,wind_direction:18.4_m:degrees
870,8,6.5000000000000000e+00,-1.7653061224489794e-01,1719,1720,2.1614327363598529e-03,wave_period:0_m:s
871,9,9.0958751678466797e+01,-3.1327868852459023e-01,873,874,3.4351518409029280e-03,angle_between_wind_wave:0_m:degrees
872,9,9.0240882873535156e+01,-2.6687500000000003e-01,1835,1836,1.3339843750000552e-03,angle_between_wind_wave:0_m:degrees
873,5,4.1649999618530273e+01,-3.0578947368421050e-01,1109,1110,2.7927977839334595e-03,relative_humidity:18.4_m:%
874,-2,-2.0000000000000000e+00,-4.2000000000000004e-01,-1,-1,3.9999999999990044e-04,wind_direction:18.4_m:degrees
875,-2,-2.0000000000000000e+00,-2.2999999999999998e-01,-1,-1,1.0500000000000231e-03,wind_direction:18.4_m:degrees
876,0,1.0309396743774414e+02,-1.4749999999999999e-01,1895,1896,1.8937499999999857e-03,zenith:0_m:degrees
877,-2,-2.0000000000000000e+00,-1.0000000000000001e-01,-1,-1,4.8571428571428550e-04,wind_direction:18.4_m:degrees
878,11,1.9374499511718750e+02,-1.6477272727272735e-01,879,880,1.5885847107437803e-03,wind_direction:18.4_m:degrees
879,2,2.8202499389648438e+02,-1.8279069767441858e-01,881,882,2.0991887506760371e-03,water_sfc_temperature:0_m:K
880,-2,-2.0000000000000000e+00,-1.4755555555555555e-01,-1,-1,4.9402469135798044e-04,wind_direction:18.4_m:degrees
881,0,1.2328855895996094e+02,-2.4571428571428575e-01,1305,1306,3.0530612244897837e-03,zenith:0_m:degrees
882,8,4.5499999523162842e+00,-1.7055555555555552e-01,1667,1668,9.9413580246915378e-04,wave_period:0_m:s
883,-2,-2.0000000000000000e+00,-3.3857142857142858e-01,-1,-1,2.5265306122448927e-03,wind_direction:18.4_m:degrees
884,5,4.9950000762939453e+01,-4.0851851851851850e-01,885,886,3.3459533607680392e-03,relative_humidity:18.4_m:%
885,10,1.4160228729248047e+01,-3.9095238095238088e-01,951,952,2.7990929705215550e-03,wind_speed:18.4_m:m_s-1
886,-2,-2.0000000000000000e+00,-4.7000000000000003e-01,-1,-1,4.0000000000009472e-04,wind_direction:18.4_m:degrees
887,5,5.1450000762939453e+01,-2.4000000000000000e-02,889,890,4.4640000000000010e-03,relative_humidity:18.4_m:%
888,12,-1.6864799894392490e-02,-5.7861915367483210e-02,891,892,1.2016646742823702e-03,bulk_richardson:18.4_m:none
889,2,2.8687500000000000e+02,1.6666666666666666e-02,981,982,2.5955555555555554e-03,water_sfc_temperature:0_m:K
890,-2,-2.0000000000000000e+00,-8.4999999999999992e-02,-1,-1,1.0650000000000034e-03,wind_direction:18.4_m:degrees
891,0,8.5728847503662109e+01,-6.1321695760598469e-02,1297,1298,1.0997493796680385e-03,zenith:0_m:degrees
892,7,1.4499999880790710e+00,-2.8958333333333346e-02,893,894,1.1176649305555749e-03,wave_height:0_m:m
893,-2,-2.0000000000000000e+00,-2.5319148936170221e-02,-1,-1,5.0574920778632862e-04,wind_direction:18.4_m:degrees
894,-2,-2.0000000000000000e+00,-2.0000000000000001e-01,-1,-1,6.9388939039072284e-18,wind_direction:18.4_m:degrees
895,11,2.7813499450683594e+02,-4.5222222222222219e-01,1083,1084,3.9580246913580586e-03,wind_direction:18.4_m:degrees
896,-2,-2.0000000000000000e+00,-6.2000000000000000e-01,-1,-1,3.8857805861880479e-16,wind_direction:18.4_m:degrees
897,-2,-2.0000000000000000e+00,-3.1833333333333336e-01,-1,-1,8.1388888888894728e-04,wind_direction:18.4_m:degrees
898,-2,-2.0000000000000000e+00,-2.3999999999999999e-01,-1,-1,3.4285714285709618e-04,wind_direction:18.4_m:degrees
899,-2,-2.0000000000000000e+00,-3.8000000000000000e-01,-1,-1,1.0000000000001674e-04,wind_direction:18.4_m:degrees
900,-2,-2.0000000000000000e+00,-5.2249999999999996e-01,-1,-1,1.6687500000000521e-03,wind_direction:18.4_m:degrees
901,9,8.7958446502685547e+01,-3.0424242424242420e-01,1433,1434,1.8820018365473118e-03,angle_between_wind_wave:0_m:degrees
902,-2,-2.0000000000000000e+00,-2.2800000000000004e-01,-1,-1,2.0159999999995459e-03,wind_direction:18.4_m:degrees
903,-2,-2.0000000000000000e+00,-5.8666666666666678e-01,-1,-1,6.2222222222207968e-04,wind_direction:18.4_m:degrees
904,2,2.8387500000000000e+02,-6.8999999999999995e-01,1337,1338,1.6624999999999002e-03,water_sfc_temperature:0_m:K
905,-2,-2.0000000000000000e+00,-1.1800000000000002e-01,-1,-1,1.1759999999999965e-03,wind_direction:18.4_m:degrees
906,0,8.1864631652832031e+01,-4.3925925925925917e-02,907,908,8.4829080932785107e-04,zenith:0_m:degrees
907,8,5.5000000000000000e+00,-2.0666666666666673e-02,1017,1018,1.2762222222222220e-03,wave_period:0_m:s
908,11,2.7095999145507812e+02,-5.0571428571428545e-02,1999,2000,5.2729251700680581e-04,wind_direction:18.4_m:degrees
909,-2,-2.0000000000000000e+00,-1.8157894736842106e-01,-1,-1,7.8171745152357669e-04,wind_direction:18.4_m:degrees
910,-2,-2.0000000000000000e+00,-2.5833333333333330e-01,-1,-1,2.0138888888888012e-03,wind_direction:18.4_m:degrees
911,11,2.0599500274658203e+02,-1.2783185840707961e-01,1049,1050,1.2214053567233089e-03,wind_direction:18.4_m:degrees
912,4,1.3158404827117920e+01,-1.1113772455089824e-01,1327,1328,6.2924450500200652e-04,mixing_ratio:18.4_m:g_kg-1
913,10,6.8436734676361084e+00,-1.4444444444444449e-01,1499,1500,1.5135802469135699e-03,wind_speed:18.4_m:m_s-1
914,5,8.8450000762939453e+01,-9.7222222222222224e-02,1833,1834,1.1756172839506342e-03,relative_humidity:18.4_m:%
915,12,-2.1847043186426163e-02,-2.6941176470588241e-01,1077,1078,2.0408304498269747e-03,bulk_richardson:18.4_m:none
916,4,1.3465886712074280e+00,-2.2060606060606067e-01,917,918,2.5087235996327159e-03,mixing_ratio:18.4_m:g_kg-1
917,4,1.2797629833221436e+00,-1.7916666666666670e-01,1777,1778,1.2409722222222128e-03,mixing_ratio:18.4_m:g_kg-1
918,9,8.9373683929443359e+01,-2.4428571428571427e-01,1155,1156,1.6911564625850181e-03,angle_between_wind_wave:0_m:degrees
919,-2,-2.0000000000000000e+00,-3.9833333333333337e-01,-1,-1,5.1388888888884154e-04,wind_direction:18.4_m:degrees
920,5,5.1099998474121094e+01,-3.1222222222222223e-01,1149,1150,2.8617283950618105e-03,relative_humidity:18.4_m:%
921,-2,-2.0000000000000000e+00,-4.1999999999999998e-01,-1,-1,0.0000000000000000e+00,wind_direction:18.4_m:degrees
922,-2,-2.0000000000000000e+00,-6.2000000000000000e-01,-1,-1,0.0000000000000000e+00,wind_direction:18.4_m:degrees
923,6,2.2250000000000000e+02,-2.4750000000000000e-01,1065,1066,2.2187499999999777e-03,wave_direction:0_m:degrees
924,-2,-2.0000000000000000e+00,-3.4999999999999992e-01,-1,-1,4.1633363423443370e-17,wind_direction:18.4_m:degrees
925,-2,-2.0000000000000000e+00,1.0000000000000000e-02,-1,-1,0.0000000000000000e+00,wind_direction:18.4_m:degrees
926,7,1.3499999642372131e+00,-1.0666666666666666e-01,1139,1140,1.9982222222222207e-03,wave_height:0_m:m
927,-2,-2.0000000000000000e+00,-6.1249999999999993e-01,-1,-1,1.1520833333332203e-03,wind_direction:18.4_m:degrees
928,-2,-2.0000000000000000e+00,-5.2600000000000002e-01,-1,-1,2.4000000000079513e-05,wind_direction:18.4_m:degrees
929,-2,-2.0000000000000000e+00,-1.1727272727272728e-01,-1,-1,4.1983471074380149e-04,wind_direction:18.4_m:degrees
930,-2,-2.0000000000000000e+00,-1.7148936170212767e-01,-1,-1,7.1480307831598561e-04,wind_direction:18.4_m:degrees
931,12,-1.9719645380973816e-02,-1.3827586206896550e-01,945,946,3.4142687277050922e-03,bulk_richardson:18.4_m:none
932,-2,-2.0000000000000000e+00,-1.9999999999999998e-01,-1,-1,9.7777777777781349e-04,wind_direction:18.4_m:degrees
933,-2,-2.0000000000000000e+00,-1.9166666666666665e-01,-1,-1,8.8055555555555803e-04,wind_direction:18.4_m:degrees
934,-2,-2.0000000000000000e+00,-1.0250000000000001e-01,-1,-1,6.6875000000003390e-04,wind_direction:18.4_m:degrees
935,7,9.4999998807907104e-01,-7.4343434343434336e-02,1311,1312,1.0185083154780157e-03,wave_height:0_m:m
936,12,1.9992748275399208e-02,-5.4864864864864846e-02,1821,1822,6.9795471146822828e-04,bulk_richardson:18.4_m:none
937,6,2.3050000000000000e+02,-1.5473684210526314e-01,1229,1230,1.8722991689750570e-03,wave_direction:0_m:degrees
938,-2,-2.0000000000000000e+00,-2.1200000000000002e-01,-1,-1,7.3600000000000054e-04,wind_direction:18.4_m:degrees
939,5,8.8400001525878906e+01,-1.4999999999999999e-01,1003,1004,1.7661016949152217e-03,relative_humidity:18.4_m:%
940,-2,-2.0000000000000000e+00,-8.5714285714285729e-02,-1,-1,5.1020408163268520e-04,wind_direction:18.4_m:degrees
941,-2,-2.0000000000000000e+00,-1.4052631578947369e-01,-1,-1,5.1024930747922692e-04,wind_direction:18.4_m:degrees
942,-2,-2.0000000000000000e+00,-2.0555555555555557e-01,-1,-1,6.4691358024687728e-04,wind_direction:18.4_m:degrees
943,7,1.4499999880790710e+00,-6.5624161073825488e-02,1489,1490,5.0192585919553879e-04,wave_height:0_m:m
944,-2,-2.0000000000000000e+00,0.0000000000000000e+00,-1,-1,1.8000000000000238e-03,wind_direction:18.4_m:degrees
945,0,6.4473640441894531e+01,-1.0538461538461538e-01,947,948,3.3633136094674571e-03,zenith:0_m:degrees
946,2,2.7888999938964844e+02,-1.6500000000000004e-01,1285,1286,1.8625000000000030e-03,water_sfc_temperature:0_m:K
947,-2,-2.0000000000000000e+00,-7.4999999999999997e-02,-1,-1,3.4499999999999982e-04,wind_direction:18.4_m:degrees
948,-2,-2.0000000000000000e+00,-2.0666666666666667e-01,-1,-1,8.8888888888902229e-05,wind_direction:18.4_m:degrees
949,-2,-2.0000000000000000e+00,-3.4599999999999997e-01,-1,-1,2.4639999999999940e-03,wind_direction:18.4_m:degrees
950,-2,-2.0000000000000000e+00,-4.3181818181818182e-01,-1,-1,1.7421487603305752e-03,wind_direction:18.4_m:degrees
951,-2,-2.0000000000000000e+00,-4.6249999999999997e-01,-1,-1,5.1875000000001226e-04,wind_direction:18.4_m:degrees
952,6,2.3850000000000000e+02,-3.7411764705882350e-01,1515,1516,1.8477508650519003e-03,wave_direction:0_m:degrees
953,-2,-2.0000000000000000e+00,-1.0733333333333335e+00,-1,-1,2.2222222221923715e-05,wind_direction:18.4_m:degrees
954,-2,-2.0000000000000000e+00,-8.9000000000000001e-01,-1,-1,2.2204460492503131e-16,wind_direction:18.4_m:degrees
955,-2,-2.0000000000000000e+00,-3.0800000000000000e-01,-1,-1,9.5999999999998864e-05,wind_direction:18.4_m:degrees
956,12,-2.5636126287281513e-02,-3.8451612903225812e-01,957,958,3.9860561914672188e-03,bulk_richardson:18.4_m:none
957,12,-2.7597920969128609e-02,-3.6719999999999997e-01,959,960,3.0841600000000302e-03,bulk_richardson:18.4_m:none
958,-2,-2.0000000000000000e+00,-4.5666666666666672e-01,-1,-1,1.2888888888883399e-03,wind_direction:18.4_m:degrees
959,7,1.3999999761581421e+00,-3.9599999999999996e-01,1907,1908,1.4640000000000764e-03,wave_height:0_m:m
960,4,1.2741615772247314e+00,-3.2400000000000001e-01,1525,1526,2.4039999999999478e-03,mixing_ratio:18.4_m:g_kg-1
961,11,1.4298999786376953e+02,-4.7928870292886991e-02,1453,1454,6.4822088198736262e-04,wind_direction:18.4_m:degrees
962,11,1.3013500213623047e+02,-6.9354838709677416e-02,1479,1480,9.6732570239335160e-04,wind_direction:18.4_m:degrees
963,2,2.7701499938964844e+02,-1.9870967741935483e-01,1289,1290,1.4757544224766120e-03,water_sfc_temperature:0_m:K
964,-2,-2.0000000000000000e+00,-1.4100000000000001e-01,-1,-1,3.6899999999998739e-04,wind_direction:18.4_m:degrees
965,-2,-2.0000000000000000e+00,-1.3000000000000000e-01,-1,-1,0.0000000000000000e+00,wind_direction:18.4_m:degrees
966,10,4.4663853645324707e+00,-1.7777777777777819e-02,1001,1002,2.6156439342170010e-04,wind_speed:18.4_m:m_s-1
967,-2,-2.0000000000000000e+00,-4.4444444444444439e-02,-1,-1,4.0246913580246945e-04,wind_direction:18.4_m:degrees
968,-2,-2.0000000000000000e+00,-1.0180000000000002e-01,-1,-1,8.3876000000000089e-04,wind_direction:18.4_m:degrees
969,11,2.8797000122070312e+02,-4.4999999999999996e-01,1113,1114,4.5000000000000595e-03,wind_direction:18.4_m:degrees
970,6,1.9650000000000000e+02,-3.8277777777777777e-01,971,972,2.2756172839506206e-03,wave_direction:0_m:degrees
971,-2,-2.0000000000000000e+00,-5.4000000000000004e-01,-1,-1,0.0000000000000000e+00,wind_direction:18.4_m:degrees
972,-2,-2.0000000000000000e+00,-3.7352941176470589e-01,-1,-1,8.6989619377164651e-04,wind_direction:18.4_m:degrees
973,-2,-2.0000000000000000e+00,-8.2307692307692318e-02,-1,-1,6.7928994082840175e-04,wind_direction:18.4_m:degrees
974,0,2.4931845664978027e+01,-3.7142857142857109e-02,1599,1600,4.6741277156024229e-04,zenith:0_m:degrees
975,-2,-2.0000000000000000e+00,-3.8818181818181824e-01,-1,-1,7.9669421487593706e-04,wind_direction:18.4_m:degrees
976,-2,-2.0000000000000000e+00,-4.6833333333333327e-01,-1,-1,6.8055555555565639e-04,wind_direction:18.4_m:degrees
977,-2,-2.0000000000000000e+00,-3.9000000000000001e-01,-1,-1,0.0000000000000000e+00,wind_direction:18.4_m:degrees
978,-2,-2.0000000000000000e+00,-2.5800000000000001e-01,-1,-1,9.5999999999984986e-05,wind_direction:18.4_m:degrees
979,-2,-2.0000000000000000e+00,-1.3727272727272730e-01,-1,-1,1.2471074380165197e-03,wind_direction:18.4_m:degrees
980,9,8.9882705688476562e+01,-1.7787234042553191e-01,1567,1568,1.0167496604798557e-03,angle_between_wind_wave:0_m:degrees
981,-2,-2.0000000000000000e+00,7.6923076923076912e-04,-1,-1,1.0994082840236688e-03,wind_direction:18.4_m:degrees
982,-2,-2.0000000000000000e+00,1.2000000000000000e-01,-1,-1,0.0000000000000000e+00,wind_direction:18.4_m:degrees
983,7,1.9499999880790710e+00,-1.7413793103448277e-01,1123,1124,1.9346016646848881e-03,wave_height:0_m:m
984,-2,-2.0000000000000000e+00,-2.1500000000000000e-01,-1,-1,7.9833333333329676e-04,wind_direction:18.4_m:degrees
985,10,7.9843811988830566e+00,-8.2499999999999990e-02,1039,1040,1.4325431034482757e-03,wind_speed:18.4_m:m_s-1
986,-2,-2.0000000000000000e+00,-1.1653846153846156e-01,-1,-1,5.0724852071007409e-04,wind_direction:18.4_m:degrees
987,7,2.9500000476837158e+00,-4.8962962962962969e-01,993,994,3.1665294924553833e-03,wave_height:0_m:m
988,0,7.3862541198730469e+01,-5.2999999999999992e-01,989,990,4.2764705882354925e-03,zenith:0_m:degrees
989,-2,-2.0000000000000000e+00,-6.0399999999999998e-01,-1,-1,1.3440000000000674e-03,wind_direction:18.4_m:degrees
990,10,1.6470961570739746e+01,-5.1724137931034497e-01,991,992,3.6751486325804494e-03,wind_speed:18.4_m:m_s-1
991,-2,-2.0000000000000000e+00,-4.7749999999999998e-01,-1,-1,1.3354166666666445e-03,wind_direction:18.4_m:degrees
992,7,2.2500000000000000e+00,-5.4529411764705882e-01,995,996,3.4249134948094451e-03,wave_height:0_m:m
993,8,6.9500000476837158e+00,-4.7999999999999998e-01,1697,1698,2.1679999999999477e-03,wave_period:0_m:s
994,-2,-2.0000000000000000e+00,-6.0999999999999999e-01,-1,-1,-2.7755575615628914e-16,wind_direction:18.4_m:degrees
995,7,2.1499999761581421e+00,-5.0666666666666671e-01,1817,1818,1.9777777777777450e-03,wave_height:0_m:m
996,-2,-2.0000000000000000e+00,-5.8875000000000000e-01,-1,-1,1.4859375000001451e-03,wind_direction:18.4_m:degrees
997,7,2.3500000238418579e+00,-2.0321428571428576e-01,1503,1504,1.4932397959183524e-03,wave_height:0_m:m
998,-2,-2.0000000000000000e+00,-3.1500000000000000e-01,-1,-1,2.0250000000003737e-03,wind_direction:18.4_m:degrees
999,4,4.9510278701782227e+00,-2.2333333333333336e-01,2023,2024,1.9888888888888873e-03,mixing_ratio:18.4_m:g_kg-1
1000,-2,-2.0000000000000000e+00,-3.0750000000000000e-01,-1,-1,1.5437500000000104e-03,wind_direction:18.4_m:degrees
1001,5,4.2549999237060547e+01,-1.3617977528089810e-02,2021,2022,2.4286529478601419e-04,relative_humidity:18.4_m:%
1002,11,1.3562000274658203e+02,-2.0167850225952202e-02,1523,1524,2.5665355645011669e-04,wind_direction:18.4_m:degrees
1003,-2,-2.0000000000000000e+00,-1.4454545454545456e-01,-1,-1,9.3024793388428798e-04,wind_direction:18.4_m:degrees
1004,3,1.0095500183105469e+03,-2.2500000000000001e-01,1005,1006,7.2250000000000161e-03,pressure:18.4_m:hPa
1005,-2,-2.0000000000000000e+00,-3.1000000000000000e-01,-1,-1,0.0000000000000000e+00,wind_direction:18.4_m:degrees
1006,-2,-2.0000000000000000e+00,-1.4000000000000001e-01,-1,-1,3.4694469519536142e-18,wind_direction:18.4_m:degrees
1007,-2,-2.0000000000000000e+00,-1.6666666666666666e-01,-1,-1,2.2222222222229027e-05,wind_direction:18.4_m:degrees
1008,4,4.3391821384429932e+00,-2.6000000000000001e-01,1345,1346,1.5277777777777390e-03,mixing_ratio:18.4_m:g_kg-1
1009,4,1.2390177845954895e+00,-4.1250000000000016e-02,1935,1936,9.2457386363636309e-04,mixing_ratio:18.4_m:g_kg-1
1010,5,6.2650001525878906e+01,-8.0526315789473682e-02,1961,1962,1.2155124653739705e-03,relative_humidity:18.4_m:%
1011,-2,-2.0000000000000000e+00,-4.1999999999999998e-01,-1,-1,0.0000000000000000e+00,wind_direction:18.4_m:degrees
1012,-2,-2.0000000000000000e+00,-6.0999999999999999e-01,-1,-1,0.0000000000000000e+00,wind_direction:18.4_m:degrees
1013,-2,-2.0000000000000000e+00,-1.9333333333333333e-01,-1,-1,3.5555555555556034e-04,wind_direction:18.4_m:degrees
1014,-2,-2.0000000000000000e+00,-6.6666666666666666e-02,-1,-1,5.5555555555556174e-04,wind_direction:18.4_m:degrees
1015,-2,-2.0000000000000000e+00,-4.2999999999999999e-01,-1,-1,0.0000000000000000e+00,wind_direction:18.4_m:degrees
1016,-2,-2.0000000000000000e+00,-5.8499999999999996e-01,-1,-1,6.2500000000004219e-04,wind_direction:18.4_m:degrees
1017,1,1.3682039642333984e+02,-3.2727272727272737e-02,1649,1650,9.6074380165289122e-04,azimuth:0_m:degrees
1018,-2,-2.0000000000000000e+00,1.2500000000000001e-02,-1,-1,6.4375000000000012e-04,wind_direction:18.4_m:degrees
1019,12,-7.9531534574925900e-03,-7.9963898916967494e-02,1409,1410,9.8519725266847831e-04,bulk_richardson:18.4_m:none
1020,7,7.5000000000000000e-01,-6.1919191919191895e-02,1221,1222,7.2055912661971901e-04,wave_height:0_m:m
1021,0,7.4480747222900391e+01,-5.7805555555555513e-02,1023,1024,9.1546219135802418e-04,zenith:0_m:degrees
1022,10,5.9779162406921387e+00,-4.5390334572490663e-02,1785,1786,5.6685507386575965e-04,wind_speed:18.4_m:m_s-1
1023,2,2.8305000305175781e+02,-1.3285714285714287e-01,1025,1026,4.8204081632653092e-03,water_sfc_temperature:0_m:K
1024,0,8.3012233734130859e+01,-5.6317280453257727e-02,1511,1512,7.2411463056440591e-04,zenith:0_m:degrees
1025,-2,-2.0000000000000000e+00,-2.3000000000000001e-01,-1,-1,0.0000000000000000e+00,wind_direction:18.4_m:degrees
1026,-2,-2.0000000000000000e+00,-9.4000000000000000e-02,-1,-1,1.4640000000000035e-03,wind_direction:18.4_m:degrees
1027,-2,-2.0000000000000000e+00,-2.9999999999999999e-02,-1,-1,4.9999999999999914e-05,wind_direction:18.4_m:degrees
1028,12,8.4069470176473260e-04,-1.0738675958188149e-01,1029,1030,7.9979118357636526e-04,bulk_richardson:18.4_m:none
1029,9,8.9219360351562500e+01,-1.2160919540229879e-01,1497,1498,7.6982428326068109e-04,angle_between_wind_wave:0_m:degrees
1030,2,2.9032000732421875e+02,-1.0120000000000003e-01,1081,1082,6.8656000000001313e-04,water_sfc_temperature:0_m:K
1031,-2,-2.0000000000000000e+00,-1.4111111111111110e-01,-1,-1,1.1654320987654343e-03,wind_direction:18.4_m:degrees
1032,-2,-2.0000000000000000e+00,-7.8947368421052613e-02,-1,-1,6.5152354570637179e-04,wind_direction:18.4_m:degrees
1033,12,-2.0765908062458038e-02,-1.6521739130434782e-01,1035,1036,3.0684310018903593e-03,bulk_richardson:18.4_m:none
1034,-2,-2.0000000000000000e+00,-2.2555555555555554e-01,-1,-1,4.9135802469132267e-04,wind_direction:18.4_m:degrees
1035,6,2.3150000000000000e+02,-1.8866666666666665e-01,1557,1558,2.5448888888888882e-03,wave_direction:0_m:degrees
1036,-2,-2.0000000000000000e+00,-1.2125000000000000e-01,-1,-1,1.0859375000000174e-03,wind_direction:18.4_m:degrees
1037,-2,-2.0000000000000000e+00,-3.8000000000000000e-01,-1,-1,0.0000000000000000e+00,wind_direction:18.4_m:degrees
1038,-2,-2.0000000000000000e+00,-2.1199999999999997e-01,-1,-1,9.3599999999999239e-04,wind_direction:18.4_m:degrees
1039,-2,-2.0000000000000000e+00,-1.9000000000000000e-01,-1,-1,0.0000000000000000e+00,wind_direction:18.4_m:degrees
1040,1,3.1323599815368652e+01,-8.0614035087719291e-02,1245,1246,1.2513773468759678e-03,azimuth:0_m:degrees
1041,9,8.9895378112792969e+01,-2.0019801980198029e-01,1171,1172,2.2831291049896577e-03,angle_between_wind_wave:0_m:degrees
1042,-2,-2.0000000000000000e+00,-2.8999999999999998e-01,-1,-1,9.7144514654701197e-17,wind_direction:18.4_m:degrees
1043,-2,-2.0000000000000000e+00,-2.9999999999999999e-01,-1,-1,0.0000000000000000e+00,wind_direction:18.4_m:degrees
1044,4,1.7669492959976196e+00,-1.4597938144329897e-01,1261,1262,1.6673397810606887e-03,mixing_ratio:18.4_m:g_kg-1
1045,-2,-2.0000000000000000e+00,-5.2857142857142866e-02,-1,-1,1.3469387755102097e-04,wind_direction:18.4_m:degrees
1046,-2,-2.0000000000000000e+00,7.0000000000000007e-02,-1,-1,8.6736173798840355e-19,wind_direction:18.4_m:degrees
1047,-2,-2.0000000000000000e+00,-2.4083333333333337e-01,-1,-1,1.0909722222222085e-03,wind_direction:18.4_m:degrees
1048,10,1.2692682743072510e+01,-1.8666666666666668e-01,2009,2010,1.1388888888888907e-03,wind_speed:18.4_m:m_s-1
1049,-2,-2.0000000000000000e+00,-1.7083333333333331e-01,-1,-1,6.2430555555556891e-04,wind_direction:18.4_m:degrees
1050,9,9.0308208465576172e+01,-1.2542056074766353e-01,1051,1052,1.1453838763210815e-03,angle_between_wind_wave:0_m:degrees
1051,5,5.4750000000000000e+01,-1.1699999999999999e-01,1053,1054,1.1625384615384943e-03,relative_humidity:18.4_m:%
1052,0,1.5371730041503906e+02,-1.3845238095238091e-01,1403,1404,8.3927154195006376e-04,zenith:0_m:degrees
1053,-2,-2.0000000000000000e+00,-2.3999999999999999e-01,-1,-1,0.0000000000000000e+00,wind_direction:18.4_m:degrees
1054,9,9.0143478393554688e+01,-1.1507812499999998e-01,1529,1530,9.4061889648437355e-04,angle_between_wind_wave:0_m:degrees
1055,4,2.9237692356109619e+00,-1.7823779193205835e-02,1057,1058,3.3273752372194824e-04,mixing_ratio:18.4_m:g_kg-1
1056,7,3.5000000894069672e-01,-1.1096605744125252e-02,1627,1628,5.0758770823532736e-04,wave_height:0_m:m
1057,-2,-2.0000000000000000e+00,-7.8750000000000001e-02,-1,-1,9.6093749999999999e-04,wind_direction:18.4_m:degrees
1058,-2,-2.0000000000000000e+00,-1.7301927194860713e-02,-1,-1,2.9528999628592318e-04,wind_direction:18.4_m:degrees
1059,9,9.1388862609863281e+01,-1.6423357664233581e-02,1161,1162,7.3392295806915648e-04,angle_between_wind_wave:0_m:degrees
1060,0,7.9691459655761719e+01,-3.1588541666666629e-02,1061,1062,7.9409111870659991e-04,zenith:0_m:degrees
1061,11,3.4397999572753906e+02,-1.3164556962025320e-02,1191,1192,9.6087165518346409e-04,wind_direction:18.4_m:degrees
1062,12,-7.0146751403808594e-01,-3.6360655737704889e-02,1063,1064,6.4019779629132141e-04,bulk_richardson:18.4_m:none
1063,-2,-2.0000000000000000e+00,-1.2200000000000003e-01,-1,-1,1.2959999999999968e-03,wind_direction:18.4_m:degrees
1064,-2,-2.0000000000000000e+00,-3.4933333333333268e-02,-1,-1,5.0499555555555864e-04,wind_direction:18.4_m:degrees
1065,-2,-2.0000000000000000e+00,-3.0399999999999999e-01,-1,-1,9.8400000000001264e-04,wind_direction:18.4_m:degrees
1066,-2,-2.0000000000000000e+00,-2.2181818181818186e-01,-1,-1,6.6942148760330833e-04,wind_direction:18.4_m:degrees
1067,11,3.3378500366210938e+02,-1.6794871794871789e-02,1069,1070,1.0841715976331366e-03,wind_direction:18.4_m:degrees
1068,-2,-2.0000000000000000e+00,5.2000000000000005e-02,-1,-1,1.1760000000000104e-03,wind_direction:18.4_m:degrees
1069,2,2.7511000061035156e+02,-1.1483516483516492e-02,1429,1430,8.8735961840357422e-04,water_sfc_temperature:0_m:K
1070,0,1.1936513900756836e+02,-3.5384615384615396e-02,1071,1072,1.3286982248520757e-03,zenith:0_m:degrees
1071,-2,-2.0000000000000000e+00,-2.6086956521739143e-02,-1,-1,5.9338374291115247e-04,wind_direction:18.4_m:degrees
1072,-2,-2.0000000000000000e+00,-1.0666666666666667e-01,-1,-1,1.2222222222222148e-03,wind_direction:18.4_m:degrees
1073,1,1.6296916151046753e+02,-1.9000000000000000e-01,1919,1920,2.3999999999999994e-03,azimuth:0_m:degrees
1074,1,2.3817032623291016e+02,-1.1971830985915492e-01,1121,1122,2.2421741717913082e-03,azimuth:0_m:degrees
1075,-2,-2.0000000000000000e+00,-2.1800000000000003e-01,-1,-1,2.1599999999999397e-04,wind_direction:18.4_m:degrees
1076,-2,-2.0000000000000000e+00,-3.4499999999999997e-01,-1,-1,2.0249999999999296e-03,wind_direction:18.4_m:degrees
1077,-2,-2.0000000000000000e+00,-2.8642857142857148e-01,-1,-1,8.3724489795915236e-04,wind_direction:18.4_m:degrees
1078,-2,-2.0000000000000000e+00,-1.9000000000000003e-01,-1,-1,6.2450045135165055e-17,wind_direction:18.4_m:degrees
1079,-2,-2.0000000000000000e+00,-6.8142857142857138e-01,-1,-1,7.8367346938779114e-04,wind_direction:18.4_m:degrees
1080,-2,-2.0000000000000000e+00,-5.6000000000000005e-01,-1,-1,8.9999999999995639e-04,wind_direction:18.4_m:degrees
1081,-2,-2.0000000000000000e+00,-9.5605095541401217e-02,-1,-1,5.3546188486347512e-04,wind_direction:18.4_m:degrees
1082,2,2.9280999755859375e+02,-1.2162790697674415e-01,1795,1796,7.0665224445646234e-04,water_sfc_temperature:0_m:K
1083,-2,-2.0000000000000000e+00,-3.6999999999999994e-01,-1,-1,7.9999999999999516e-04,wind_direction:18.4_m:degrees
1084,11,2.8827499389648438e+02,-4.6249999999999997e-01,1085,1086,3.4020833333333611e-03,wind_direction:18.4_m:degrees
1085,-2,-2.0000000000000000e+00,-5.0454545454545463e-01,-1,-1,1.8066115702478069e-03,wind_direction:18.4_m:degrees
1086,-2,-2.0000000000000000e+00,-4.2692307692307691e-01,-1,-1,1.9905325443787258e-03,wind_direction:18.4_m:degrees
1087,-2,-2.0000000000000000e+00,-4.4000000000000000e-01,-1,-1,0.0000000000000000e+00,wind_direction:18.4_m:degrees
1088,-2,-2.0000000000000000e+00,-6.2500000000000000e-01,-1,-1,6.2499999999998668e-04,wind_direction:18.4_m:degrees
1089,6,2.3900000000000000e+02,-3.1478260869565217e-01,1513,1514,1.6684310018903609e-03,wave_direction:0_m:degrees
1090,8,5.5499999523162842e+00,-2.6562500000000000e-01,1401,1402,2.7246093750000200e-03,wave_period:0_m:s
1091,-2,-2.0000000000000000e+00,-3.1799999999999995e-01,-1,-1,1.5360000000000651e-03,wind_direction:18.4_m:degrees
1092,-2,-2.0000000000000000e+00,-4.0222222222222226e-01,-1,-1,1.7283950617341670e-05,wind_direction:18.4_m:degrees
1093,1,4.2480426311492920e+01,4.0000000000000001e-02,1095,1096,7.0000000000000001e-03,azimuth:0_m:degrees
1094,-2,-2.0000000000000000e+00,-2.9126213592233014e-02,-1,-1,6.1185785653690308e-04,wind_direction:18.4_m:degrees
1095,-2,-2.0000000000000000e+00,1.4000000000000001e-01,-1,-1,0.0000000000000000e+00,wind_direction:18.4_m:degrees
1096,-2,-2.0000000000000000e+00,-2.6666666666666668e-02,-1,-1,5.5555555555555458e-04,wind_direction:18.4_m:degrees
1097,-2,-2.0000000000000000e+00,-1.7499999999999999e-01,-1,-1,1.2250000000000004e-03,wind_direction:18.4_m:degrees
1098,-2,-2.0000000000000000e+00,-2.9090909090909095e-01,-1,-1,2.6280991735537496e-04,wind_direction:18.4_m:degrees
1099,5,9.8350002288818359e+01,-1.1374643874643793e-02,1357,1358,3.4732687843443057e-04,relative_humidity:18.4_m:%
1100,-2,-2.0000000000000000e+00,-5.6099397590361191e-03,-1,-1,4.1017014216503551e-04,wind_direction:18.4_m:degrees
1101,11,1.9497499847412109e+02,-1.0709219858156026e-01,1103,1104,1.0291333433931887e-03,wind_direction:18.4_m:degrees
1102,-2,-2.0000000000000000e+00,0.0000000000000000e+00,-1,-1,-1.1102230246251565e-16,wind_direction:18.4_m:degrees
1103,12,1.7926949076354504e-02,-1.3379310344827589e-01,1455,1456,1.7476813317479148e-03,bulk_richardson:18.4_m:none
1104,2,2.7383499145507812e+02,-1.0017857142857144e-01,2043,2044,6.1068239795919292e-04,water_sfc_temperature:0_m:K
1105,-2,-2.0000000000000000e+00,-1.6263157894736840e-01,-1,-1,4.5096952908587826e-04,wind_direction:18.4_m:degrees
1106,11,2.0263999938964844e+02,-1.2466666666666668e-01,1987,1988,7.2488888888889644e-04,wind_direction:18.4_m:degrees
1107,-2,-2.0000000000000000e+00,-3.4199999999999997e-01,-1,-1,1.5160000000000173e-03,wind_direction:18.4_m:degrees
1108,-2,-2.0000000000000000e+00,-2.4333333333333332e-01,-1,-1,8.8888888888881412e-05,wind_direction:18.4_m:degrees
1109,-2,-2.0000000000000000e+00,-2.6000000000000001e-01,-1,-1,4.6666666666667078e-04,wind_direction:18.4_m:degrees
1110,2,2.8155000305175781e+02,-3.1437499999999990e-01,1111,1112,2.7621093749999742e-03,water_sfc_temperature:0_m:K
1111,2,2.7961500549316406e+02,-3.5111111111111110e-01,1293,1294,1.7098765432098789e-03,water_sfc_temperature:0_m:K
1112,2,2.8755999755859375e+02,-2.9233333333333333e-01,1169,1170,2.0978888888889824e-03,water_sfc_temperature:0_m:K
1113,11,2.8442500305175781e+02,-4.6999999999999992e-01,1993,1994,1.9428571428572461e-03,wind_direction:18.4_m:degrees
1114,-2,-2.0000000000000000e+00,-3.1000000000000000e-01,-1,-1,-1.8041124150158794e-16,wind_direction:18.4_m:degrees
1115,-2,-2.0000000000000000e+00,-1.0249999999999999e-01,-1,-1,4.5208333333333559e-04,wind_direction:18.4_m:degrees
1116,10,1.1983027935028076e+01,-1.5085106382978725e-01,1117,1118,1.5269352648256858e-03,wind_speed:18.4_m:m_s-1
1117,5,7.6750000000000000e+01,-1.4739130434782607e-01,1733,1734,9.9754253308128454e-04,relative_humidity:18.4_m:%
1118,-2,-2.0000000000000000e+00,-3.1000000000000000e-01,-1,-1,-1.2490009027033011e-16,wind_direction:18.4_m:degrees
1119,-2,-2.0000000000000000e+00,-1.4999999999999999e-01,-1,-1,0.0000000000000000e+00,wind_direction:18.4_m:degrees
1120,-2,-2.0000000000000000e+00,-6.2000000000000000e-02,-1,-1,1.7359999999999993e-03,wind_direction:18.4_m:degrees
1121,7,1.7500000000000000e+00,-1.3311111111111112e-01,1325,1326,2.2036543209876525e-03,wave_height:0_m:m
1122,-2,-2.0000000000000000e+00,-9.6538461538461559e-02,-1,-1,1.4610946745562056e-03,wind_direction:18.4_m:degrees
1123,9,8.8689407348632812e+01,-1.6892857142857146e-01,1571,1572,1.2167091836734617e-03,angle_between_wind_wave:0_m:degrees
1124,-2,-2.0000000000000000e+00,-3.2000000000000001e-01,-1,-1,-3.6082248300317588e-16,wind_direction:18.4_m:degrees
1125,7,1.9499999880790710e+00,-3.5250000000000004e-01,1893,1894,1.8937499999999857e-03,wave_height:0_m:m
1126,-2,-2.0000000000000000e+00,-2.9000000000000004e-01,-1,-1,7.3684210526325788e-04,wind_direction:18.4_m:degrees
1127,3,1.0128500061035156e+03,-4.3750000000000004e-02,1679,1680,1.5609374999999994e-03,pressure:18.4_m:hPa
1128,11,3.4219000244140625e+02,-7.3392857142857121e-02,1377,1378,1.2867028061224533e-03,wind_direction:18.4_m:degrees
1129,12,-3.6576479673385620e-02,-3.2363636363636361e-01,1559,1560,1.3958677685950299e-03,bulk_richardson:18.4_m:none
1130,-2,-2.0000000000000000e+00,-2.6909090909090910e-01,-1,-1,1.9008264462810898e-04,wind_direction:18.4_m:degrees
1131,11,2.6661999511718750e+02,-1.3388324873096416e-02,1459,1460,9.1225021902135821e-04,wind_direction:18.4_m:degrees
1132,-2,-2.0000000000000000e+00,2.6428571428571430e-02,-1,-1,1.1801020408163934e-03,wind_direction:18.4_m:degrees
1133,-2,-2.0000000000000000e+00,-5.8378378378378379e-02,-1,-1,7.7034331628926186e-04,wind_direction:18.4_m:degrees
1134,10,9.3129291534423828e+00,-8.3823529411764658e-02,1731,1732,6.6158383139353679e-04,wind_speed:18.4_m:m_s-1
1135,4,1.3820382952690125e+00,-3.9294117647058824e-01,1137,1138,2.8795847750864578e-03,mixing_ratio:18.4_m:g_kg-1
1136,6,2.3250000000000000e+02,-4.4352941176470595e-01,1949,1950,2.1993079584773090e-03,wave_direction:0_m:degrees
1137,-2,-2.0000000000000000e+00,-4.2899999999999999e-01,-1,-1,1.5090000000000381e-03,wind_direction:18.4_m:degrees
1138,-2,-2.0000000000000000e+00,-3.4142857142857136e-01,-1,-1,3.2653061224492685e-04,wind_direction:18.4_m:degrees
1139,2,2.8327500915527344e+02,-1.0319444444444442e-01,1249,1250,1.7467399691358070e-03,water_sfc_temperature:0_m:K
1140,-2,-2.0000000000000000e+00,-1.9000000000000003e-01,-1,-1,8.0000000000000904e-04,wind_direction:18.4_m:degrees
1141,-2,-2.0000000000000000e+00,-1.6916666666666672e-01,-1,-1,9.2430555555553587e-04,wind_direction:18.4_m:degrees
1142,-2,-2.0000000000000000e+00,-1.1846153846153845e-01,-1,-1,4.5917159763315257e-04,wind_direction:18.4_m:degrees
1143,10,9.8439521789550781e+00,-1.1666666666666668e-01,1389,1390,2.0472222222222124e-03,wind_speed:18.4_m:m_s-1
1144,1,2.6376536560058594e+02,-7.7499999999999999e-02,1237,1238,2.4287500000000056e-03,azimuth:0_m:degrees
1145,-2,-2.0000000000000000e+00,-4.6999999999999997e-01,-1,-1,0.0000000000000000e+00,wind_direction:18.4_m:degrees
1146,-2,-2.0000000000000000e+00,-5.5700000000000005e-01,-1,-1,3.4100000000003572e-04,wind_direction:18.4_m:degrees
1147,-2,-2.0000000000000000e+00,-2.1333333333333332e-01,-1,-1,8.2222222222222419e-04,wind_direction:18.4_m:degrees
1148,-2,-2.0000000000000000e+00,-1.5333333333333332e-01,-1,-1,8.7777777777775859e-04,wind_direction:18.4_m:degrees
1149,-2,-2.0000000000000000e+00,-2.5750000000000001e-01,-1,-1,6.1875000000001512e-04,wind_direction:18.4_m:degrees
1150,-2,-2.0000000000000000e+00,-3.5599999999999998e-01,-1,-1,3.4400000000001096e-04,wind_direction:18.4_m:degrees
1151,12,-9.3849464319646358e-03,-6.3529411764705890e-01,1541,1542,2.1778546712801217e-03,bulk_richardson:18.4_m:none
1152,-2,-2.0000000000000000e+00,-7.0499999999999996e-01,-1,-1,1.2500000000020828e-04,wind_direction:18.4_m:degrees
1153,-2,-2.0000000000000000e+00,-1.4545454545454544e-02,-1,-1,1.8429752066115705e-03,wind_direction:18.4_m:degrees
1154,0,8.9654739379882812e+01,-6.0359712230215794e-02,1481,1482,8.7541017545675901e-04,zenith:0_m:degrees
1155,-2,-2.0000000000000000e+00,-2.1666666666666667e-01,-1,-1,5.0555555555558546e-04,wind_direction:18.4_m:degrees
1156,-2,-2.0000000000000000e+00,-2.8111111111111114e-01,-1,-1,8.9876543209868598e-04,wind_direction:18.4_m:degrees
1157,-2,-2.0000000000000000e+00,-2.2500000000000003e-02,-1,-1,3.0687500000000003e-03,wind_direction:18.4_m:degrees
1158,5,6.0850000381469727e+01,-9.6842105263157854e-02,1281,1282,1.6409048938134836e-03,relative_humidity:18.4_m:%
1159,-2,-2.0000000000000000e+00,-6.5000000000000002e-01,-1,-1,6.0000000000004494e-04,wind_direction:18.4_m:degrees
1160,-2,-2.0000000000000000e+00,-4.8999999999999999e-01,-1,-1,-2.2204460492503131e-16,wind_direction:18.4_m:degrees
1161,-2,-2.0000000000000000e+00,-1.0535714285714289e-02,-1,-1,5.3899872448979612e-04,wind_direction:18.4_m:degrees
1162,-2,-2.0000000000000000e+00,-4.2799999999999991e-02,-1,-1,7.5615999999999704e-04,wind_direction:18.4_m:degrees
1163,12,-5.1292183995246887e-01,-2.9034749034748997e-02,1227,1228,6.3343122493701959e-04,bulk_richardson:18.4_m:none
1164,4,1.8795468807220459e+00,-1.7011834319526596e-02,1381,1382,4.2331938657610350e-04,mixing_ratio:18.4_m:g_kg-1
1165,12,-5.5377772450447083e-01,-6.3862770012706443e-03,1277,1278,3.2879615221297233e-04,bulk_richardson:18.4_m:none
1166,0,4.8185525894165039e+01,-2.5079799361605024e-03,1669,1670,2.9247884648933814e-04,zenith:0_m:degrees
1167,-2,-2.0000000000000000e+00,-3.4000000000000002e-01,-1,-1,0.0000000000000000e+00,wind_direction:18.4_m:degrees
1168,-2,-2.0000000000000000e+00,-2.2500000000000001e-01,-1,-1,1.2250000000000177e-03,wind_direction:18.4_m:degrees
1169,10,1.2524980545043945e+01,-2.8192307692307694e-01,1547,1548,1.4232248520709839e-03,wind_speed:18.4_m:m_s-1
1170,-2,-2.0000000000000000e+00,-3.5999999999999999e-01,-1,-1,1.2000000000001176e-03,wind_direction:18.4_m:degrees
1171,12,-4.3256036937236786e-02,-1.8921875000000005e-01,1173,1174,2.2884521484374809e-03,bulk_richardson:18.4_m:none
1172,8,5.2999999523162842e+00,-2.1918918918918928e-01,1347,1348,1.7047479912344135e-03,wave_period:0_m:s
1173,-2,-2.0000000000000000e+00,-2.5200000000000000e-01,-1,-1,1.3599999999999723e-04,wind_direction:18.4_m:degrees
1174,11,3.0579000854492188e+02,-1.8389830508474575e-01,1439,1440,2.1085320310255534e-03,wind_direction:18.4_m:degrees
1175,10,1.9704879760742188e+01,-7.7333333333333321e-01,1361,1362,2.2000000000000908e-03,wind_speed:18.4_m:m_s-1
1176,-2,-2.0000000000000000e+00,-6.6000000000000003e-01,-1,-1,-2.2204460492503131e-16,wind_direction:18.4_m:degrees
1177,-2,-2.0000000000000000e+00,-2.0285714285714285e-01,-1,-1,1.3632653061224700e-03,wind_direction:18.4_m:degrees
1178,-2,-2.0000000000000000e+00,-2.8333333333333333e-01,-1,-1,7.2222222222223520e-04,wind_direction:18.4_m:degrees
1179,-2,-2.0000000000000000e+00,-3.3200000000000002e-01,-1,-1,8.9600000000000790e-04,wind_direction:18.4_m:degrees
1180,-2,-2.0000000000000000e+00,-2.3499999999999999e-01,-1,-1,2.4999999999997247e-05,wind_direction:18.4_m:degrees
1181,-2,-2.0000000000000000e+00,-4.8421052631578955e-02,-1,-1,6.5540166204986362e-04,wind_direction:18.4_m:degrees
1182,-2,-2.0000000000000000e+00,-9.9285714285714297e-02,-1,-1,4.9234693877550466e-04,wind_direction:18.4_m:degrees
1183,2,2.8275000000000000e+02,-1.0595238095238095e-01,1265,1266,1.0669501133786872e-03,water_sfc_temperature:0_m:K
1184,8,9.5000000000000000e+00,-8.6923076923076895e-02,1185,1186,1.4366863905325711e-03,wave_period:0_m:s
1185,2,2.9225500488281250e+02,-8.4171428571428536e-02,1187,1188,1.2414563265306204e-03,water_sfc_temperature:0_m:K
1186,-2,-2.0000000000000000e+00,-1.5571428571428569e-01,-1,-1,1.3959183673467705e-03,wind_direction:18.4_m:degrees
1187,3,9.9514999389648438e+02,-7.8926174496644269e-02,1189,1190,1.0619341471104996e-03,pressure:18.4_m:hPa
1188,0,8.3119087219238281e+01,-1.1423076923076926e-01,1939,1940,1.2090236686390556e-03,zenith:0_m:degrees
1189,-2,-2.0000000000000000e+00,-1.7000000000000001e-01,-1,-1,0.0000000000000000e+00,wind_direction:18.4_m:degrees
1190,11,2.7725500488281250e+02,-7.7054794520547920e-02,1519,1520,9.0981891536874148e-04,wind_direction:18.4_m:degrees
1191,-2,-2.0000000000000000e+00,-1.7808219178082195e-02,-1,-1,7.2944267217113891e-04,wind_direction:18.4_m:degrees
1192,-2,-2.0000000000000000e+00,4.3333333333333335e-02,-1,-1,3.2222222222222266e-04,wind_direction:18.4_m:degrees
1193,11,1.4529000091552734e+02,-1.2863157894736840e-01,1195,1196,2.0286537396122066e-03,wind_direction:18.4_m:degrees
1194,2,2.9168499755859375e+02,-1.0516129032258065e-01,1323,1324,7.9916753381895772e-04,water_sfc_temperature:0_m:K
1195,4,5.6901078224182129e+00,-1.1390624999999999e-01,1239,1240,1.2019287109375082e-03,mixing_ratio:18.4_m:g_kg-1
1196,1,1.1896267700195312e+02,-1.5903225806451612e-01,1197,1198,2.3635796045785445e-03,azimuth:0_m:degrees
1197,-2,-2.0000000000000000e+00,-1.3333333333333333e-01,-1,-1,7.9999999999999516e-04,wind_direction:18.4_m:degrees
1198,-2,-2.0000000000000000e+00,-1.9461538461538461e-01,-1,-1,2.3479289940828499e-03,wind_direction:18.4_m:degrees
1199,11,3.1300999450683594e+02,-3.8947368421052631e-01,1691,1692,1.2681440443213232e-03,wind_direction:18.4_m:degrees
1200,1,1.1952629470825195e+02,-3.4222222222222221e-01,1205,1206,2.3728395061726193e-03,azimuth:0_m:degrees
1201,-2,-2.0000000000000000e+00,-2.3000000000000001e-01,-1,-1,0.0000000000000000e+00,wind_direction:18.4_m:degrees
1202,-2,-2.0000000000000000e+00,-8.2631578947368431e-02,-1,-1,9.4570637119113354e-04,wind_direction:18.4_m:degrees
1203,11,3.4005499267578125e+02,-1.5247368421052629e-01,1367,1368,1.7880914127423667e-03,wind_direction:18.4_m:degrees
1204,-2,-2.0000000000000000e+00,-2.2499999999999998e-01,-1,-1,2.2500000000048870e-04,wind_direction:18.4_m:degrees
1205,10,1.2799935817718506e+01,-3.8000000000000000e-01,1793,1794,2.2000000000000075e-03,wind_speed:18.4_m:m_s-1
1206,-2,-2.0000000000000000e+00,-3.1199999999999994e-01,-1,-1,4.5600000000002583e-04,wind_direction:18.4_m:degrees
1207,0,1.5521600341796875e+02,-1.7919999999999997e-01,1849,1850,1.9193600000000088e-03,zenith:0_m:degrees
1208,-2,-2.0000000000000000e+00,-1.4524590163934425e-01,-1,-1,1.0052674012362255e-03,wind_direction:18.4_m:degrees
1209,12,-9.0986993163824081e-03,-7.8719999999999984e-02,1957,1958,7.7436160000000920e-04,bulk_richardson:18.4_m:none
1210,5,5.6250000000000000e+01,-1.0230769230769227e-01,1211,1212,1.1408284023668430e-03,relative_humidity:18.4_m:%
1211,-2,-2.0000000000000000e+00,-2.3999999999999999e-01,-1,-1,0.0000000000000000e+00,wind_direction:18.4_m:degrees
1212,-2,-2.0000000000000000e+00,-9.6799999999999997e-02,-1,-1,3.9776000000001262e-04,wind_direction:18.4_m:degrees
1213,12,-2.1496978588402271e-02,-2.1083333333333332e-01,1775,1776,1.6409722222222242e-03,bulk_richardson:18.4_m:none
1214,-2,-2.0000000000000000e+00,-3.2000000000000001e-01,-1,-1,0.0000000000000000e+00,wind_direction:18.4_m:degrees
1215,-2,-2.0000000000000000e+00,-1.0857142857142857e-01,-1,-1,1.8367346938775835e-04,wind_direction:18.4_m:degrees
1216,-2,-2.0000000000000000e+00,-1.6862068965517243e-01,-1,-1,3.6361474435195329e-04,wind_direction:18.4_m:degrees
1217,-2,-2.0000000000000000e+00,-3.4000000000000002e-01,-1,-1,0.0000000000000000e+00,wind_direction:18.4_m:degrees
1218,-2,-2.0000000000000000e+00,-1.9166666666666665e-01,-1,-1,5.8055555555555638e-04,wind_direction:18.4_m:degrees
1219,2,2.8064500427246094e+02,-1.8365853658536585e-01,1233,1234,1.3256395002974389e-03,water_sfc_temperature:0_m:K
1220,-2,-2.0000000000000000e+00,-1.4066666666666666e-01,-1,-1,1.4728888888889090e-03,wind_direction:18.4_m:degrees
1221,-2,-2.0000000000000000e+00,-4.5581395348837220e-02,-1,-1,3.4094104921579159e-04,wind_direction:18.4_m:degrees
1222,-2,-2.0000000000000000e+00,-7.4464285714285719e-02,-1,-1,6.4971301020408639e-04,wind_direction:18.4_m:degrees
1223,4,9.7099083662033081e-01,-9.7080291970802896e-02,1621,1622,8.8490596195855628e-04,mixing_ratio:18.4_m:g_kg-1
1224,-2,-2.0000000000000000e+00,-7.2826086956521749e-02,-1,-1,5.9853497164459070e-04,wind_direction:18.4_m:degrees
1225,-2,-2.0000000000000000e+00,-3.1702127659574475e-02,-1,-1,6.8646446355816963e-04,wind_direction:18.4_m:degrees
1226,8,6.7500000000000000e+00,-7.4999999999999997e-02,1647,1648,2.1250000000000010e-03,wave_period:0_m:s
1227,-2,-2.0000000000000000e+00,1.4999999999999999e-02,-1,-1,3.8500000000000009e-04,wind_direction:18.4_m:degrees
1228,-2,-2.0000000000000000e+00,-3.0803212851405585e-02,-1,-1,5.6240705795068137e-04,wind_direction:18.4_m:degrees
1229,11,2.6822500610351562e+02,-1.2083333333333331e-01,1799,1800,1.9909722222222256e-03,wind_direction:18.4_m:degrees
1230,-2,-2.0000000000000000e+00,-1.7038461538461538e-01,-1,-1,1.0421597633136145e-03,wind_direction:18.4_m:degrees
1231,-2,-2.0000000000000000e+00,-4.1999999999999998e-01,-1,-1,0.0000000000000000e+00,wind_direction:18.4_m:degrees
1232,-2,-2.0000000000000000e+00,-6.2000000000000000e-01,-1,-1,-1.6653345369377348e-16,wind_direction:18.4_m:degrees
1233,-2,-2.0000000000000000e+00,-1.6600000000000001e-01,-1,-1,8.7200000000001165e-04,wind_direction:18.4_m:degrees
1234,-2,-2.0000000000000000e+00,-2.1124999999999999e-01,-1,-1,7.8593749999997242e-04,wind_direction:18.4_m:degrees
1235,-2,-2.0000000000000000e+00,-1.7375000000000002e-01,-1,-1,8.9843750000001901e-04,wind_direction:18.4_m:degrees
1236,-2,-2.0000000000000000e+00,-2.5400000000000000e-01,-1,-1,4.2399999999999383e-04,wind_direction:18.4_m:degrees
1237,12,-3.8297062739729881e-02,-5.9333333333333335e-02,1815,1816,1.5528888888888897e-03,bulk_richardson:18.4_m:none
1238,-2,-2.0000000000000000e+00,-1.3199999999999998e-01,-1,-1,1.0959999999999928e-03,wind_direction:18.4_m:degrees
1239,-2,-2.0000000000000000e+00,-8.4705882352941173e-02,-1,-1,9.5432525951557289e-04,wind_direction:18.4_m:degrees
1240,-2,-2.0000000000000000e+00,-1.2446808510638298e-01,-1,-1,8.7152557718424631e-04,wind_direction:18.4_m:degrees
1241,-2,-2.0000000000000000e+00,-2.0000000000000001e-01,-1,-1,0.0000000000000000e+00,wind_direction:18.4_m:degrees
1242,2,2.7649499511718750e+02,-9.8055555555555576e-02,1991,1992,1.0212191358024685e-03,water_sfc_temperature:0_m:K
1243,-2,-2.0000000000000000e+00,-2.3666666666666666e-01,-1,-1,1.3555555555555474e-03,wind_direction:18.4_m:degrees
1244,-2,-2.0000000000000000e+00,-3.2666666666666666e-01,-1,-1,5.5555555555558689e-04,wind_direction:18.4_m:degrees
1245,-2,-2.0000000000000000e+00,-1.6000000000000000e-01,-1,-1,-3.4694469519536142e-18,wind_direction:18.4_m:degrees
1246,5,7.8750000000000000e+01,-7.8468468468468472e-02,1659,1660,1.1102670237805425e-03,relative_humidity:18.4_m:%
1247,-2,-2.0000000000000000e+00,-1.9000000000000000e-01,-1,-1,1.1999999999999997e-03,wind_direction:18.4_m:degrees
1248,11,3.1844999694824219e+02,-1.1954802259887001e-01,1587,1588,1.6178748124740672e-03,wind_direction:18.4_m:degrees
1249,7,6.5000000596046448e-01,-1.1372549019607844e-01,1251,1252,1.8312187620146119e-03,wave_height:0_m:m
1250,-2,-2.0000000000000000e+00,-7.7619047619047615e-02,-1,-1,6.1814058956916138e-04,wind_direction:18.4_m:degrees
1251,-2,-2.0000000000000000e+00,-7.7142857142857152e-02,-1,-1,1.0775510204081616e-03,wind_direction:18.4_m:degrees
1252,10,9.6766076087951660e+00,-1.2756756756756760e-01,1887,1888,1.4184075967859748e-03,wind_speed:18.4_m:m_s-1
1253,-2,-2.0000000000000000e+00,-4.7499999999999992e-01,-1,-1,1.0250000000000536e-03,wind_direction:18.4_m:degrees
1254,-2,-2.0000000000000000e+00,-5.3909090909090918e-01,-1,-1,1.3446280991735726e-03,wind_direction:18.4_m:degrees
1255,-2,-2.0000000000000000e+00,-2.8000000000000003e-01,-1,-1,0.0000000000000000e+00,wind_direction:18.4_m:degrees
1256,-2,-2.0000000000000000e+00,-3.6799999999999999e-01,-1,-1,2.5600000000003398e-04,wind_direction:18.4_m:degrees
1257,-2,-2.0000000000000000e+00,-4.8999999999999999e-01,-1,-1,0.0000000000000000e+00,wind_direction:18.4_m:degrees
1258,-2,-2.0000000000000000e+00,-6.3857142857142857e-01,-1,-1,1.7551020408164697e-03,wind_direction:18.4_m:degrees
1259,-2,-2.0000000000000000e+00,-9.6666666666666679e-02,-1,-1,3.5555555555555340e-04,wind_direction:18.4_m:degrees
1260,-2,-2.0000000000000000e+00,-1.8799999999999997e-01,-1,-1,3.9599999999998664e-04,wind_direction:18.4_m:degrees
1261,11,3.0256999206542969e+02,-1.3392857142857145e-01,1913,1914,1.4952806122449092e-03,wind_direction:18.4_m:degrees
1262,4,2.5550404787063599e+00,-1.6243902439024388e-01,1263,1264,1.4330755502676776e-03,mixing_ratio:18.4_m:g_kg-1
1263,-2,-2.0000000000000000e+00,-1.9466666666666665e-01,-1,-1,7.0488888888888684e-04,wind_direction:18.4_m:degrees
1264,-2,-2.0000000000000000e+00,-1.4384615384615385e-01,-1,-1,9.0828402366864222e-04,wind_direction:18.4_m:degrees
1265,-2,-2.0000000000000000e+00,-8.2800000000000026e-02,-1,-1,8.1215999999999493e-04,wind_direction:18.4_m:degrees
1266,-2,-2.0000000000000000e+00,-1.1576271186440679e-01,-1,-1,8.5153691467969132e-04,wind_direction:18.4_m:degrees
1267,-2,-2.0000000000000000e+00,-1.2100000000000000e-01,-1,-1,5.4900000000000435e-04,wind_direction:18.4_m:degrees
1268,-2,-2.0000000000000000e+00,-6.8695652173913047e-02,-1,-1,1.0113421550094473e-03,wind_direction:18.4_m:degrees
1269,-2,-2.0000000000000000e+00,-1.6499999999999998e-01,-1,-1,2.2500000000000644e-04,wind_direction:18.4_m:degrees
1270,2,2.9209999084472656e+02,-9.5614035087719249e-02,1271,1272,7.0357032933210904e-04,water_sfc_temperature:0_m:K
1271,7,7.5000000000000000e-01,-9.2408026755852815e-02,1971,1972,6.3500408272838468e-04,wave_height:0_m:m
1272,-2,-2.0000000000000000e+00,-1.1790697674418603e-01,-1,-1,6.1189832341809747e-04,wind_direction:18.4_m:degrees
1273,-2,-2.0000000000000000e+00,-4.4000000000000006e-01,-1,-1,-5.5511151231257827e-17,wind_direction:18.4_m:degrees
1274,-2,-2.0000000000000000e+00,-3.4750000000000003e-01,-1,-1,1.1874999999998692e-04,wind_direction:18.4_m:degrees
1275,-2,-2.0000000000000000e+00,-2.6000000000000001e-01,-1,-1,0.0000000000000000e+00,wind_direction:18.4_m:degrees
1276,-2,-2.0000000000000000e+00,-4.0307692307692311e-01,-1,-1,5.7514792899407419e-04,wind_direction:18.4_m:degrees
1277,-2,-2.0000000000000000e+00,-9.0073529411764750e-04,-1,-1,2.7731367592993090e-04,wind_direction:18.4_m:degrees
1278,12,-7.7195920050144196e-02,-7.2662931288705272e-03,1279,1280,3.3145341707596773e-04,bulk_richardson:18.4_m:none
1279,10,2.9220454692840576e+00,-9.1710589362721182e-03,1287,1288,2.7267174506935668e-04,wind_speed:18.4_m:m_s-1
1280,-2,-2.0000000000000000e+00,-4.2177914110429369e-03,-1,-1,4.1043109450863177e-04,wind_direction:18.4_m:degrees
1281,2,2.7533999633789062e+02,-8.8780487804878072e-02,1563,1564,1.5253420582986392e-03,water_sfc_temperature:0_m:K
1282,4,1.5914721488952637e+00,-1.1750000000000001e-01,1283,1284,1.3437500000000081e-03,mixing_ratio:18.4_m:g_kg-1
1283,-2,-2.0000000000000000e+00,-1.7000000000000001e-01,-1,-1,9.9999999999992456e-05,wind_direction:18.4_m:degrees
1284,-2,-2.0000000000000000e+00,-1.0538461538461541e-01,-1,-1,8.4792899408283988e-04,wind_direction:18.4_m:degrees
1285,-2,-2.0000000000000000e+00,-9.3333333333333338e-02,-1,-1,8.8888888888888351e-05,wind_direction:18.4_m:degrees
1286,-2,-2.0000000000000000e+00,-1.8153846153846154e-01,-1,-1,8.1301775147928079e-04,wind_direction:18.4_m:degrees
1287,-2,-2.0000000000000000e+00,-6.1809523809523556e-03,-1,-1,2.1217678004535121e-04,wind_direction:18.4_m:degrees
1288,-2,-2.0000000000000000e+00,-1.2198649951783913e-02,-1,-1,3.1570595767592001e-04,wind_direction:18.4_m:degrees
1289,-2,-2.0000000000000000e+00,-1.0500000000000001e-01,-1,-1,2.4999999999998981e-05,wind_direction:18.4_m:degrees
1290,-2,-2.0000000000000000e+00,-2.0517241379310344e-01,-1,-1,9.2841854934602730e-04,wind_direction:18.4_m:degrees
1291,5,9.5500000000000000e+01,-7.2499999999999967e-02,1771,1772,8.5032894736841898e-04,relative_humidity:18.4_m:%
1292,-2,-2.0000000000000000e+00,-1.7000000000000001e-01,-1,-1,9.0000000000007435e-04,wind_direction:18.4_m:degrees
1293,-2,-2.0000000000000000e+00,-3.2545454545454544e-01,-1,-1,6.9752066115706668e-04,wind_direction:18.4_m:degrees
1294,-2,-2.0000000000000000e+00,-3.9142857142857140e-01,-1,-1,6.4081632653059661e-04,wind_direction:18.4_m:degrees
1295,-2,-2.0000000000000000e+00,-2.0333333333333334e-01,-1,-1,2.2222222222222088e-05,wind_direction:18.4_m:degrees
1296,-2,-2.0000000000000000e+00,-3.0750000000000000e-01,-1,-1,1.0687500000000488e-03,wind_direction:18.4_m:degrees
1297,12,-1.8098440021276474e-01,-5.3563218390804558e-02,1299,1300,1.1758092218258718e-03,bulk_richardson:18.4_m:none
1298,12,-4.3488260358572006e-02,-6.7268722466960265e-02,1319,1320,9.5994100409477374e-04,bulk_richardson:18.4_m:none
1299,-2,-2.0000000000000000e+00,-2.3043478260869565e-02,-1,-1,8.8204158790170135e-04,wind_direction:18.4_m:degrees
1300,11,3.2877499389648438e+02,-5.8211920529801307e-02,1655,1656,1.0570676724705086e-03,wind_direction:18.4_m:degrees
1301,-2,-2.0000000000000000e+00,-5.7021276595744692e-02,-1,-1,4.2304210049795956e-04,wind_direction:18.4_m:degrees
1302,2,2.8075000000000000e+02,-7.7560975609756097e-02,1303,1304,1.0916121356335656e-03,water_sfc_temperature:0_m:K
1303,-2,-2.0000000000000000e+00,-5.7500000000000002e-02,-1,-1,3.9375000000000000e-04,wind_direction:18.4_m:degrees
1304,2,2.8128500366210938e+02,-9.0399999999999953e-02,1615,1616,1.1158399999999999e-03,water_sfc_temperature:0_m:K
1305,-2,-2.0000000000000000e+00,-2.6666666666666666e-01,-1,-1,4.8888888888889981e-04,wind_direction:18.4_m:degrees
1306,-2,-2.0000000000000000e+00,-1.2000000000000000e-01,-1,-1,-1.7347234759768071e-18,wind_direction:18.4_m:degrees
1307,-2,-2.0000000000000000e+00,-3.8666666666666671e-01,-1,-1,1.0888888888888892e-03,wind_direction:18.4_m:degrees
1308,-2,-2.0000000000000000e+00,-2.3000000000000001e-01,-1,-1,-4.1633363423443370e-17,wind_direction:18.4_m:degrees
1309,-2,-2.0000000000000000e+00,-1.9000000000000000e-01,-1,-1,0.0000000000000000e+00,wind_direction:18.4_m:degrees
1310,-2,-2.0000000000000000e+00,-2.9857142857142860e-01,-1,-1,1.2122448979591943e-03,wind_direction:18.4_m:degrees
1311,-2,-2.0000000000000000e+00,-5.6756756756756774e-02,-1,-1,2.0569758948137118e-04,wind_direction:18.4_m:degrees
1312,-2,-2.0000000000000000e+00,-8.4838709677419341e-02,-1,-1,1.2088449531737827e-03,wind_direction:18.4_m:degrees
1313,-2,-2.0000000000000000e+00,-2.0999999999999999e-01,-1,-1,9.0000000000000496e-04,wind_direction:18.4_m:degrees
1314,-2,-2.0000000000000000e+00,-3.1125000000000003e-01,-1,-1,5.6093750000001108e-04,wind_direction:18.4_m:degrees
1315,-2,-2.0000000000000000e+00,-3.1000000000000000e-01,-1,-1,0.0000000000000000e+00,wind_direction:18.4_m:degrees
1316,9,8.8692504882812500e+01,-4.5428571428571424e-01,1545,1546,2.5673469387754722e-03,angle_between_wind_wave:0_m:degrees
1317,-2,-2.0000000000000000e+00,-4.4444444444444439e-02,-1,-1,9.3580246913580259e-04,wind_direction:18.4_m:degrees
1318,7,1.3500000238418579e+00,-1.0000000000000001e-01,1715,1716,1.2941176470588206e-03,wave_height:0_m:m
1319,0,1.1377791595458984e+02,-7.1151832460732922e-02,1321,1322,9.4212877936461319e-04,zenith:0_m:degrees
1320,-2,-2.0000000000000000e+00,-4.6666666666666676e-02,-1,-1,5.5000000000001662e-04,wind_direction:18.4_m:degrees
1321,-2,-2.0000000000000000e+00,-7.8999999999999973e-02,-1,-1,8.6733333333333974e-04,wind_direction:18.4_m:degrees
1322,-2,-2.0000000000000000e+00,-5.7887323943661986e-02,-1,-1,7.8849434635986509e-04,wind_direction:18.4_m:degrees
1323,9,9.0031173706054688e+01,-1.0965517241379311e-01,1937,1938,5.4126040428061940e-04,angle_between_wind_wave:0_m:degrees
1324,-2,-2.0000000000000000e+00,-4.0000000000000001e-02,-1,-1,4.2934406030425976e-17,wind_direction:18.4_m:degrees
1325,-2,-2.0000000000000000e+00,-1.3744186046511625e-01,-1,-1,1.8841535965386721e-03,wind_direction:18.4_m:degrees
1326,-2,-2.0000000000000000e+00,-4.0000000000000001e-02,-1,-1,-1.2576745200831851e-17,wind_direction:18.4_m:degrees
1327,-2,-2.0000000000000000e+00,-1.0666666666666667e-01,-1,-1,5.0591016548462431e-04,wind_direction:18.4_m:degrees
1328,-2,-2.0000000000000000e+00,-1.3538461538461538e-01,-1,-1,6.0177514792894571e-04,wind_direction:18.4_m:degrees
1329,11,2.7850999450683594e+02,-3.5531914893616935e-02,1331,1332,4.5953331412815950e-04,wind_direction:18.4_m:degrees
1330,9,8.7260795593261719e+01,-2.7995169082125543e-02,1931,1932,3.0902413125158683e-04,angle_between_wind_wave:0_m:degrees
1331,-2,-2.0000000000000000e+00,-3.4371257485029859e-02,-1,-1,4.2181027167223126e-04,wind_direction:18.4_m:degrees
1332,-2,-2.0000000000000000e+00,-7.1874999999999994e-02,-1,-1,2.7773437499997115e-04,wind_direction:18.4_m:degrees
1333,-2,-2.0000000000000000e+00,-5.0782608695652133e-02,-1,-1,6.4199621928166329e-04,wind_direction:18.4_m:degrees
1334,4,8.8038861751556396e-01,-3.7142857142857123e-02,1707,1708,5.5136054421769530e-04,mixing_ratio:18.4_m:g_kg-1
1335,-2,-2.0000000000000000e+00,-2.0999999999999999e-01,-1,-1,0.0000000000000000e+00,wind_direction:18.4_m:degrees
1336,-2,-2.0000000000000000e+00,-4.0000000000000002e-01,-1,-1,0.0000000000000000e+00,wind_direction:18.4_m:degrees
1337,-2,-2.0000000000000000e+00,-6.9866666666666655e-01,-1,-1,5.7155555555565840e-04,wind_direction:18.4_m:degrees
1338,-2,-2.0000000000000000e+00,-5.6000000000000005e-01,-1,-1,-4.4408920985006262e-16,wind_direction:18.4_m:degrees
1339,-2,-2.0000000000000000e+00,-2.1500000000000002e-01,-1,-1,2.2499999999998910e-04,wind_direction:18.4_m:degrees
1340,10,1.4572210788726807e+01,-2.8386666666666671e-01,1341,1342,1.8450488888887839e-03,wind_speed:18.4_m:m_s-1
1341,10,1.3818555831909180e+01,-2.7750000000000008e-01,1343,1344,1.5246323529411604e-03,wind_speed:18.4_m:m_s-1
1342,-2,-2.0000000000000000e+00,-3.4571428571428570e-01,-1,-1,7.3877551020391785e-04,wind_direction:18.4_m:degrees
1343,-2,-2.0000000000000000e+00,-3.3666666666666661e-01,-1,-1,1.8888888888891897e-04,wind_direction:18.4_m:degrees
1344,8,6.2500000000000000e+00,-2.7177419354838706e-01,1899,1900,1.2823361082205526e-03,wave_period:0_m:s
1345,-2,-2.0000000000000000e+00,-2.8500000000000003e-01,-1,-1,7.9999999999999516e-04,wind_direction:18.4_m:degrees
1346,12,-1.6544599086046219e-02,-2.3999999999999999e-01,1553,1554,1.2099999999999680e-03,bulk_richardson:18.4_m:none
1347,7,9.4999998807907104e-01,-2.8249999999999997e-01,1997,1998,2.8687500000000310e-03,wave_height:0_m:m
1348,11,2.8461000061035156e+02,-2.1151515151515152e-01,1639,1640,1.0189164370982134e-03,wind_direction:18.4_m:degrees
1349,-2,-2.0000000000000000e+00,-4.6808510638297876e-03,-1,-1,4.7596197374377540e-04,wind_direction:18.4_m:degrees
1350,0,4.9627977371215820e+01,4.1999999999999996e-02,1351,1352,5.5560000000000045e-03,zenith:0_m:degrees
1351,-2,-2.0000000000000000e+00,1.9000000000000000e-01,-1,-1,0.0000000000000000e+00,wind_direction:18.4_m:degrees
1352,-2,-2.0000000000000000e+00,5.0000000000000001e-03,-1,-1,1.0000000000000014e-04,wind_direction:18.4_m:degrees
1353,10,9.4343013763427734e+00,-8.8210526315789448e-02,1805,1806,1.1115346260387859e-03,wind_speed:18.4_m:m_s-1
1354,-2,-2.0000000000000000e+00,-1.3750000000000001e-01,-1,-1,3.4375000000000031e-04,wind_direction:18.4_m:degrees
1355,-2,-2.0000000000000000e+00,-3.3333333333333331e-01,-1,-1,4.6666666666669854e-04,wind_direction:18.4_m:degrees
1356,-2,-2.0000000000000000e+00,-4.0800000000000003e-01,-1,-1,8.5599999999994014e-04,wind_direction:18.4_m:degrees
1357,-2,-2.0000000000000000e+00,-1.0048622366288411e-02,-1,-1,2.5947899729175390e-04,wind_direction:18.4_m:degrees
1358,9,8.8510746002197266e+01,-2.1000000000000001e-02,1395,1396,8.7958823529411703e-04,angle_between_wind_wave:0_m:degrees
1359,-2,-2.0000000000000000e+00,-3.2999999999999996e-01,-1,-1,9.0000000000002578e-04,wind_direction:18.4_m:degrees
1360,2,2.7821000671386719e+02,-2.3095238095238094e-01,1681,1682,2.0467120181405854e-03,water_sfc_temperature:0_m:K
1361,-2,-2.0000000000000000e+00,-7.9714285714285715e-01,-1,-1,2.7755102040816215e-04,wind_direction:18.4_m:degrees
1362,-2,-2.0000000000000000e+00,-6.8999999999999995e-01,-1,-1,2.7755575615628914e-16,wind_direction:18.4_m:degrees
1363,3,9.9454998779296875e+02,-6.4782608695652194e-02,1441,1442,1.8133585381222457e-03,pressure:18.4_m:hPa
1364,7,3.2000000476837158e+00,2.9999999999999999e-02,1365,1366,1.0000000000000005e-02,wave_height:0_m:m
1365,-2,-2.0000000000000000e+00,1.3000000000000000e-01,-1,-1,0.0000000000000000e+00,wind_direction:18.4_m:degrees
1366,-2,-2.0000000000000000e+00,-7.0000000000000007e-02,-1,-1,8.6736173798840355e-19,wind_direction:18.4_m:degrees
1367,7,7.9999998211860657e-01,-1.4954022988505750e-01,1369,1370,1.7894437838552116e-03,wave_height:0_m:m
1368,-2,-2.0000000000000000e+00,-1.8437499999999998e-01,-1,-1,6.6210937499971284e-04,wind_direction:18.4_m:degrees
1369,-2,-2.0000000000000000e+00,-1.1076923076923076e-01,-1,-1,8.5325443786982494e-04,wind_direction:18.4_m:degrees
1370,4,6.2666819095611572e+00,-1.5267080745341619e-01,1371,1372,1.7338605763666526e-03,mixing_ratio:18.4_m:g_kg-1
1371,5,9.0099998474121094e+01,-1.5820312500000008e-01,1375,1376,1.7397399902343673e-03,relative_humidity:18.4_m:%
1372,2,2.9187500000000000e+02,-1.3121212121212125e-01,1373,1374,1.1318640955004754e-03,water_sfc_temperature:0_m:K
1373,-2,-2.0000000000000000e+00,-1.1409090909090912e-01,-1,-1,6.6962809917354114e-04,wind_direction:18.4_m:degrees
1374,-2,-2.0000000000000000e+00,-1.6545454545454544e-01,-1,-1,2.9752066115703787e-04,wind_direction:18.4_m:degrees
1375,4,6.2225191593170166e+00,-1.6008000000000006e-01,1469,1470,1.6311935999999659e-03,mixing_ratio:18.4_m:g_kg-1
1376,-2,-2.0000000000000000e+00,-8.0000000000000002e-02,-1,-1,1.1882855810441129e-16,wind_direction:18.4_m:degrees
1377,6,2.3800000000000000e+02,-7.5090909090909083e-02,1379,1380,1.1486280991735605e-03,wave_direction:0_m:degrees
1378,-2,-2.0000000000000000e+00,2.0000000000000000e-02,-1,-1,2.8514517136368767e-17,wind_direction:18.4_m:degrees
1379,11,2.6882499694824219e+02,-8.1477272727272732e-02,1495,1496,1.0557722107438043e-03,wind_direction:18.4_m:degrees
1380,-2,-2.0000000000000000e+00,-4.9545454545454559e-02,-1,-1,7.0433884297520667e-04,wind_direction:18.4_m:degrees
1381,-2,-2.0000000000000000e+00,-1.4999999999999999e-01,-1,-1,0.0000000000000000e+00,wind_direction:18.4_m:degrees
1382,12,-1.4451321959495544e-01,-1.6617210682492563e-02,1973,1974,3.7193952575086651e-04,bulk_richardson:18.4_m:none
1383,-2,-2.0000000000000000e+00,-4.8299999999999998e-01,-1,-1,6.0100000000001819e-04,wind_direction:18.4_m:degrees
1384,-2,-2.0000000000000000e+00,-3.8000000000000000e-01,-1,-1,-5.5511151231257827e-17,wind_direction:18.4_m:degrees
1385,-2,-2.0000000000000000e+00,-3.8500000000000001e-01,-1,-1,4.7500000000000320e-04,wind_direction:18.4_m:degrees
1386,-2,-2.0000000000000000e+00,-5.0000000000000000e-01,-1,-1,1.5999999999999348e-03,wind_direction:18.4_m:degrees
1387,-2,-2.0000000000000000e+00,-2.5000000000000000e-01,-1,-1,0.0000000000000000e+00,wind_direction:18.4_m:degrees
1388,-2,-2.0000000000000000e+00,-3.5076923076923072e-01,-1,-1,1.1301775147929127e-03,wind_direction:18.4_m:degrees
1389,4,3.5077656507492065e+00,-1.1090909090909090e-01,1391,1392,1.5900826446280988e-03,mixing_ratio:18.4_m:g_kg-1
1390,-2,-2.0000000000000000e+00,-1.8000000000000002e-01,-1,-1,2.6999999999999871e-03,wind_direction:18.4_m:degrees
1391,12,-3.0351099558174610e-02,-1.3043478260869565e-01,2041,2042,1.1345935727788414e-03,bulk_richardson:18.4_m:none
1392,-2,-2.0000000000000000e+00,-8.9523809523809533e-02,-1,-1,1.2140589569161024e-03,wind_direction:18.4_m:degrees
1393,-2,-2.0000000000000000e+00,-9.2499999999999999e-02,-1,-1,1.0687500000000003e-03,wind_direction:18.4_m:degrees
1394,-2,-2.0000000000000000e+00,-2.3999999999999999e-01,-1,-1,6.9388939039072284e-18,wind_direction:18.4_m:degrees
1395,1,7.9166866302490234e+01,-5.6153846153846151e-02,1397,1398,3.3928994082840242e-03,azimuth:0_m:degrees
1396,-2,-2.0000000000000000e+00,-1.8089171974522287e-02,-1,-1,5.6067994644813180e-04,wind_direction:18.4_m:degrees
1397,-2,-2.0000000000000000e+00,-1.0714285714285714e-01,-1,-1,4.7755102040816441e-04,wind_direction:18.4_m:degrees
1398,-2,-2.0000000000000000e+00,3.3333333333333335e-03,-1,-1,2.2222222222222427e-04,wind_direction:18.4_m:degrees
1399,-2,-2.0000000000000000e+00,-3.0249999999999999e-01,-1,-1,5.4375000000000950e-04,wind_direction:18.4_m:degrees
1400,-2,-2.0000000000000000e+00,-2.4250000000000002e-01,-1,-1,5.6875000000003451e-04,wind_direction:18.4_m:degrees
1401,-2,-2.0000000000000000e+00,-2.3666666666666666e-01,-1,-1,1.1777777777777707e-03,wind_direction:18.4_m:degrees
1402,0,1.4893067932128906e+02,-3.0285714285714288e-01,2039,2040,2.2489795918367167e-03,zenith:0_m:degrees
1403,-2,-2.0000000000000000e+00,-1.3621951219512188e-01,-1,-1,6.5034205829864536e-04,wind_direction:18.4_m:degrees
1404,-2,-2.0000000000000000e+00,-2.3000000000000001e-01,-1,-1,-2.4980018054066022e-16,wind_direction:18.4_m:degrees
1405,-2,-2.0000000000000000e+00,-3.1999999999999995e-01,-1,-1,1.3714285714285929e-03,wind_direction:18.4_m:degrees
1406,-2,-2.0000000000000000e+00,-1.7999999999999999e-01,-1,-1,-7.6327832942979512e-17,wind_direction:18.4_m:degrees
1407,11,3.2218499755859375e+02,-3.6250000000000004e-02,1569,1570,2.1734375000000000e-03,wind_direction:18.4_m:degrees
1408,0,1.5933515930175781e+02,-8.4102564102564101e-02,1695,1696,1.0618014464168334e-03,zenith:0_m:degrees
1409,10,7.8172407150268555e+00,-8.0915750915750886e-02,1597,1598,9.3359363469253630e-04,wind_speed:18.4_m:m_s-1
1410,-2,-2.0000000000000000e+00,-1.4999999999999999e-02,-1,-1,2.2499999999996004e-04,wind_direction:18.4_m:degrees
1411,12,-2.0097373053431511e-02,-4.4747474747474751e-02,1413,1414,7.2190592796653359e-04,bulk_richardson:18.4_m:none
1412,-2,-2.0000000000000000e+00,-3.1253362022592893e-02,-1,-1,3.6728330634068170e-04,wind_direction:18.4_m:degrees
1413,-2,-2.0000000000000000e+00,-7.1333333333333346e-02,-1,-1,3.4488888888888763e-04,wind_direction:18.4_m:degrees
1414,-2,-2.0000000000000000e+00,-3.3188405797101451e-02,-1,-1,4.4490653224112521e-04,wind_direction:18.4_m:degrees
1415,11,1.4403500366210938e+02,-2.7799999999999894e-02,1727,1728,3.5030285714286291e-04,wind_direction:18.4_m:degrees
1416,-2,-2.0000000000000000e+00,-2.1503623188405731e-02,-1,-1,2.6096375498843225e-04,wind_direction:18.4_m:degrees
1417,-2,-2.0000000000000000e+00,-1.4282051282051281e-01,-1,-1,1.2458908612754845e-03,wind_direction:18.4_m:degrees
1418,8,3.9500000476837158e+00,-1.8583333333333332e-01,1693,1694,1.3909722222221893e-03,wave_period:0_m:s
1419,-2,-2.0000000000000000e+00,-8.9999999999999997e-02,-1,-1,0.0000000000000000e+00,wind_direction:18.4_m:degrees
1420,-2,-2.0000000000000000e+00,-1.9428571428571426e-01,-1,-1,7.9591836734695109e-04,wind_direction:18.4_m:degrees
1421,-2,-2.0000000000000000e+00,-1.9125000000000000e-01,-1,-1,1.0359375000000004e-03,wind_direction:18.4_m:degrees
1422,-2,-2.0000000000000000e+00,-2.5624999999999998e-01,-1,-1,1.2984375000000131e-03,wind_direction:18.4_m:degrees
1423,-2,-2.0000000000000000e+00,-2.8144329896907218e-02,-1,-1,7.2851525135508540e-04,wind_direction:18.4_m:degrees
1424,11,3.3512998962402344e+02,-7.6811594202898566e-03,1573,1574,7.1926065952531044e-04,wind_direction:18.4_m:degrees
1425,-2,-2.0000000000000000e+00,-2.1999999999999997e-01,-1,-1,2.8000000000000941e-04,wind_direction:18.4_m:degrees
1426,11,3.0141999816894531e+02,-1.5473684210526312e-01,1427,1428,1.8459833795013841e-03,wind_direction:18.4_m:degrees
1427,-2,-2.0000000000000000e+00,-1.7266666666666666e-01,-1,-1,6.9955555555557131e-04,wind_direction:18.4_m:degrees
1428,-2,-2.0000000000000000e+00,-8.7499999999999994e-02,-1,-1,4.1875000000002847e-04,wind_direction:18.4_m:degrees
1429,9,9.0310634613037109e+01,7.5675675675675683e-03,1431,1432,1.0670562454346238e-03,angle_between_wind_wave:0_m:degrees
1430,-2,-2.0000000000000000e+00,-1.6344827586206902e-02,-1,-1,7.2526040428061770e-04,wind_direction:18.4_m:degrees
1431,-2,-2.0000000000000000e+00,2.7142857142857146e-02,-1,-1,8.4897959183673438e-04,wind_direction:18.4_m:degrees
1432,-2,-2.0000000000000000e+00,-1.8124999999999999e-02,-1,-1,1.9023437500000046e-04,wind_direction:18.4_m:degrees
1433,-2,-2.0000000000000000e+00,-3.4444444444444439e-01,-1,-1,5.5802469135805832e-04,wind_direction:18.4_m:degrees
1434,10,1.4937703609466553e+01,-2.9789473684210521e-01,1435,1436,1.7955678670360381e-03,wind_speed:18.4_m:m_s-1
1435,-2,-2.0000000000000000e+00,-2.5909090909090909e-01,-1,-1,1.5537190082644536e-03,wind_direction:18.4_m:degrees
1436,7,4.2500000000000000e+00,-3.0717391304347819e-01,1797,1798,1.4072306238186033e-03,wave_height:0_m:m
1437,2,2.7575000000000000e+02,-3.3899999999999997e-01,1531,1532,3.0089999999999978e-03,water_sfc_temperature:0_m:K
1438,-2,-2.0000000000000000e+00,-2.8954545454545455e-01,-1,-1,6.8615702479336849e-04,wind_direction:18.4_m:degrees
1439,6,1.8600000000000000e+02,-1.9418604651162791e-01,1953,1954,1.8755002704164553e-03,wave_direction:0_m:degrees
1440,-2,-2.0000000000000000e+00,-1.5625000000000000e-01,-1,-1,1.6859374999999774e-03,wind_direction:18.4_m:degrees
1441,3,9.9394998168945312e+02,-4.3749999999999997e-02,1443,1444,6.9421875000000013e-03,pressure:18.4_m:hPa
1442,3,1.0028500061035156e+03,-6.8628571428571442e-02,1447,1448,7.7983346938775150e-04,pressure:18.4_m:hPa
1443,-2,-2.0000000000000000e+00,-6.8846153846153862e-02,-1,-1,2.6405325443786942e-04,wind_direction:18.4_m:degrees
1444,12,1.9770172890275717e-02,6.5000000000000002e-02,1445,1446,2.1325000000000004e-02,bulk_richardson:18.4_m:none
1445,-2,-2.0000000000000000e+00,2.7000000000000002e-01,-1,-1,0.0000000000000000e+00,wind_direction:18.4_m:degrees
1446,-2,-2.0000000000000000e+00,-3.7500000000000006e-02,-1,-1,4.6875000000000128e-04,wind_direction:18.4_m:degrees
1447,-2,-2.0000000000000000e+00,-8.2222222222222224e-02,-1,-1,6.5339506172839429e-04,wind_direction:18.4_m:degrees
1448,-2,-2.0000000000000000e+00,-5.9126213592232968e-02,-1,-1,6.4875106042039388e-04,wind_direction:18.4_m:degrees
1449,-2,-2.0000000000000000e+00,-1.4555555555555555e-01,-1,-1,1.0246913580246909e-03,wind_direction:18.4_m:degrees
1450,-2,-2.0000000000000000e+00,-2.0499999999999999e-01,-1,-1,2.5649999999999978e-03,wind_direction:18.4_m:degrees
1451,-2,-2.0000000000000000e+00,-2.3000000000000001e-01,-1,-1,0.0000000000000000e+00,wind_direction:18.4_m:degrees
1452,9,9.0028087615966797e+01,-1.3454545454545455e-01,1915,1916,1.0611570247933931e-03,angle_between_wind_wave:0_m:degrees
1453,-2,-2.0000000000000000e+00,-3.9880239520958087e-02,-1,-1,5.9399763347556429e-04,wind_direction:18.4_m:degrees
1454,-2,-2.0000000000000000e+00,-5.2250803858520864e-02,-1,-1,6.2387278874287888e-04,wind_direction:18.4_m:degrees
1455,10,1.1911822319030762e+01,-1.4727272727272725e-01,1457,1458,1.5289256198347013e-03,wind_speed:18.4_m:m_s-1
1456,-2,-2.0000000000000000e+00,-9.1428571428571428e-02,-1,-1,6.9387755102040538e-05,wind_direction:18.4_m:degrees
1457,-2,-2.0000000000000000e+00,-1.4047619047619048e-01,-1,-1,5.8548752834466922e-04,wind_direction:18.4_m:degrees
1458,-2,-2.0000000000000000e+00,-2.8999999999999998e-01,-1,-1,9.7144514654701197e-17,wind_direction:18.4_m:degrees
1459,5,6.0549999237060547e+01,-7.2695035460992935e-03,1461,1462,1.3503458075549511e-03,relative_humidity:18.4_m:%
1460,10,3.7684005498886108e+00,-1.6798418972331988e-02,1583,1584,6.3559968129481466e-04,wind_speed:18.4_m:m_s-1
1461,2,2.9277500915527344e+02,-6.1648745519713253e-03,1465,1466,1.0351126013283484e-03,water_sfc_temperature:0_m:K
1462,7,3.5000000894069672e-01,-1.1000000000000000e-01,1463,1464,1.9999999999999955e-02,wave_height:0_m:m
1463,-2,-2.0000000000000000e+00,-1.0000000000000000e-02,-1,-1,0.0000000000000000e+00,wind_direction:18.4_m:degrees
1464,-2,-2.0000000000000000e+00,-3.1000000000000000e-01,-1,-1,0.0000000000000000e+00,wind_direction:18.4_m:degrees
1465,-2,-2.0000000000000000e+00,-4.3233082706766925e-03,-1,-1,8.3732404319068396e-04,wind_direction:18.4_m:degrees
1466,10,2.2262867689132690e+00,-4.3846153846153840e-02,1467,1468,3.5928994082840065e-03,wind_speed:18.4_m:m_s-1
1467,-2,-2.0000000000000000e+00,-1.7999999999999999e-01,-1,-1,0.0000000000000000e+00,wind_direction:18.4_m:degrees
1468,-2,-2.0000000000000000e+00,-1.9090909090909092e-02,-1,-1,2.6280991735537230e-04,wind_direction:18.4_m:degrees
1469,3,1.0113500061035156e+03,-1.5861788617886183e-01,1471,1472,1.5241060215480072e-03,pressure:18.4_m:hPa
1470,-2,-2.0000000000000000e+00,-2.5000000000000000e-01,-1,-1,-2.2204460492503131e-16,wind_direction:18.4_m:degrees
1471,11,3.2484999084472656e+02,-1.6352380952380954e-01,1789,1790,1.3409160997732289e-03,wind_direction:18.4_m:degrees
1472,1,2.3783050537109375e+02,-1.3000000000000003e-01,1473,1474,1.6333333333333616e-03,azimuth:0_m:degrees
1473,-2,-2.0000000000000000e+00,-9.8888888888888887e-02,-1,-1,7.4320987654319381e-04,wind_direction:18.4_m:degrees
1474,-2,-2.0000000000000000e+00,-1.6111111111111112e-01,-1,-1,5.8765432098764961e-04,wind_direction:18.4_m:degrees
1475,-2,-2.0000000000000000e+00,-4.0000000000000002e-01,-1,-1,0.0000000000000000e+00,wind_direction:18.4_m:degrees
1476,3,1.0107000122070312e+03,-5.0000000000000000e-01,2027,2028,1.4222222222221581e-03,pressure:18.4_m:hPa
1477,-2,-2.0000000000000000e+00,-5.9415730337078657e-02,-1,-1,4.5898447165761179e-04,wind_direction:18.4_m:degrees
1478,-2,-2.0000000000000000e+00,-1.5000000000000002e-01,-1,-1,9.9999999999624695e-05,wind_direction:18.4_m:degrees
1479,-2,-2.0000000000000000e+00,-5.2068965517241390e-02,-1,-1,5.8882282996432743e-04,wind_direction:18.4_m:degrees
1480,-2,-2.0000000000000000e+00,-8.4545454545454549e-02,-1,-1,8.0661157024793703e-04,wind_direction:18.4_m:degrees
1481,-2,-2.0000000000000000e+00,-4.1714285714285725e-02,-1,-1,6.9420408163265238e-04,wind_direction:18.4_m:degrees
1482,-2,-2.0000000000000000e+00,-6.6634615384615362e-02,-1,-1,7.8002034023669665e-04,wind_direction:18.4_m:degrees
1483,-2,-2.0000000000000000e+00,-1.4499999999999999e-01,-1,-1,1.2250000000000004e-03,wind_direction:18.4_m:degrees
1484,-2,-2.0000000000000000e+00,-2.4062500000000001e-01,-1,-1,1.0808593750000067e-03,wind_direction:18.4_m:degrees
1485,-2,-2.0000000000000000e+00,-1.7499999999999999e-01,-1,-1,2.5000000000007655e-05,wind_direction:18.4_m:degrees
1486,-2,-2.0000000000000000e+00,-8.4999999999999992e-02,-1,-1,2.4999999999996379e-05,wind_direction:18.4_m:degrees
1487,-2,-2.0000000000000000e+00,-7.3999999999999999e-01,-1,-1,0.0000000000000000e+00,wind_direction:18.4_m:degrees
1488,-2,-2.0000000000000000e+00,-5.6000000000000005e-01,-1,-1,-5.5511151231257827e-17,wind_direction:18.4_m:degrees
1489,11,2.9636500549316406e+02,-6.2194616977225642e-02,1491,1492,4.5398282816592680e-04,wind_direction:18.4_m:degrees
1490,-2,-2.0000000000000000e+00,-7.1946564885496167e-02,-1,-1,5.2865363323816375e-04,wind_direction:18.4_m:degrees
1491,8,5.9000000953674316e+00,-6.0928725701943853e-02,1493,1494,4.0324114027681006e-04,wave_period:0_m:s
1492,-2,-2.0000000000000000e+00,-9.1499999999999998e-02,-1,-1,7.3275000000009097e-04,wind_direction:18.4_m:degrees
1493,-2,-2.0000000000000000e+00,-6.2716627634660405e-02,-1,-1,3.5187051977468489e-04,wind_direction:18.4_m:degrees
1494,-2,-2.0000000000000000e+00,-3.9722222222222235e-02,-1,-1,5.2492283950616547e-04,wind_direction:18.4_m:degrees
1495,-2,-2.0000000000000000e+00,-6.0000000000000012e-02,-1,-1,8.0799999999999839e-04,wind_direction:18.4_m:degrees
1496,9,9.1129524230957031e+01,-8.9999999999999997e-02,2035,2036,8.9841269841270215e-04,angle_between_wind_wave:0_m:degrees
1497,-2,-2.0000000000000000e+00,-9.5000000000000029e-02,-1,-1,5.6944444444443840e-04,wind_direction:18.4_m:degrees
1498,-2,-2.0000000000000000e+00,-1.2855072463768116e-01,-1,-1,5.8920394875027968e-04,wind_direction:18.4_m:degrees
1499,-2,-2.0000000000000000e+00,-1.2333333333333331e-01,-1,-1,3.0555555555554677e-04,wind_direction:18.4_m:degrees
1500,-2,-2.0000000000000000e+00,-1.8666666666666668e-01,-1,-1,1.2555555555555653e-03,wind_direction:18.4_m:degrees
1501,-2,-2.0000000000000000e+00,-4.9499999999999994e-01,-1,-1,1.9250000000000655e-03,wind_direction:18.4_m:degrees
1502,-2,-2.0000000000000000e+00,-4.3437499999999996e-01,-1,-1,5.8710937499997784e-04,wind_direction:18.4_m:degrees
1503,-2,-2.0000000000000000e+00,-2.0012500000000003e-01,-1,-1,1.2737343750000019e-03,wind_direction:18.4_m:degrees
1504,-2,-2.0000000000000000e+00,-2.6499999999999996e-01,-1,-1,1.8749999999994188e-03,wind_direction:18.4_m:degrees
1505,-2,-2.0000000000000000e+00,-8.0000000000000002e-02,-1,-1,8.5000000000000006e-04,wind_direction:18.4_m:degrees
1506,-2,-2.0000000000000000e+00,-1.4904761904761904e-01,-1,-1,1.5514739229024882e-03,wind_direction:18.4_m:degrees
1507,-2,-2.0000000000000000e+00,-2.2833333333333336e-01,-1,-1,1.7472222222222333e-03,wind_direction:18.4_m:degrees
1508,-2,-2.0000000000000000e+00,-1.4666666666666667e-01,-1,-1,3.5555555555556034e-04,wind_direction:18.4_m:degrees
1509,-2,-2.0000000000000000e+00,-3.3999999999999997e-01,-1,-1,1.3285714285714428e-03,wind_direction:18.4_m:degrees
1510,4,1.9318398237228394e+00,-3.8192307692307692e-01,1897,1898,1.4309171597632342e-03,mixing_ratio:18.4_m:g_kg-1
1511,4,3.4519588947296143e+00,-3.0869565217391304e-02,1579,1580,8.8620037807183379e-04,mixing_ratio:18.4_m:g_kg-1
1512,8,6.0499999523162842e+00,-5.8090909090909096e-02,1869,1870,6.6453719008265251e-04,wave_period:0_m:s
1513,-2,-2.0000000000000000e+00,-3.2684210526315788e-01,-1,-1,1.0216066481995023e-03,wind_direction:18.4_m:degrees
1514,-2,-2.0000000000000000e+00,-2.5750000000000001e-01,-1,-1,7.6874999999984595e-04,wind_direction:18.4_m:degrees
1515,-2,-2.0000000000000000e+00,-3.5999999999999999e-01,-1,-1,9.4285714285721745e-04,wind_direction:18.4_m:degrees
1516,-2,-2.0000000000000000e+00,-4.3999999999999995e-01,-1,-1,7.9999999999966209e-04,wind_direction:18.4_m:degrees
1517,-2,-2.0000000000000000e+00,-6.6666666666666666e-02,-1,-1,3.5555555555555601e-04,wind_direction:18.4_m:degrees
1518,-2,-2.0000000000000000e+00,-1.3000000000000000e-01,-1,-1,8.5714285714286187e-05,wind_direction:18.4_m:degrees
1519,-2,-2.0000000000000000e+00,-8.4432989690721633e-02,-1,-1,5.8756509724731346e-04,wind_direction:18.4_m:degrees
1520,2,2.9192500305175781e+02,-6.2448979591836748e-02,1521,1522,1.2266555601832736e-03,water_sfc_temperature:0_m:K
1521,-2,-2.0000000000000000e+00,-5.8510638297872342e-02,-1,-1,8.8927116342236165e-04,wind_direction:18.4_m:degrees
1522,-2,-2.0000000000000000e+00,-1.5500000000000003e-01,-1,-1,2.2499999999995787e-04,wind_direction:18.4_m:degrees
1523,-2,-2.0000000000000000e+00,-1.3806451612903212e-02,-1,-1,2.7647866805411087e-04,wind_direction:18.4_m:degrees
1524,11,1.9056000518798828e+02,-2.1759483454398654e-02,1605,1606,2.3903496857902151e-04,wind_direction:18.4_m:degrees
1525,-2,-2.0000000000000000e+00,-3.7250000000000005e-01,-1,-1,5.1874999999995675e-04,wind_direction:18.4_m:degrees
1526,-2,-2.0000000000000000e+00,-2.9166666666666669e-01,-1,-1,1.0472222222222133e-03,wind_direction:18.4_m:degrees
1527,-2,-2.0000000000000000e+00,-2.6083333333333331e-01,-1,-1,3.7430555555556522e-04,wind_direction:18.4_m:degrees
1528,-2,-2.0000000000000000e+00,-1.8000000000000002e-01,-1,-1,1.3877787807814457e-17,wind_direction:18.4_m:degrees
1529,11,3.4272000122070312e+02,-1.1894736842105261e-01,1929,1930,8.0240073868883058e-04,wind_direction:18.4_m:degrees
1530,-2,-2.0000000000000000e+00,-8.3571428571428588e-02,-1,-1,9.5153061224487450e-04,wind_direction:18.4_m:degrees
1531,-2,-2.0000000000000000e+00,-2.6000000000000001e-01,-1,-1,0.0000000000000000e+00,wind_direction:18.4_m:degrees
1532,-2,-2.0000000000000000e+00,-3.5875000000000001e-01,-1,-1,1.8109374999999983e-03,wind_direction:18.4_m:degrees
1533,-2,-2.0000000000000000e+00,-1.2297297297297299e-01,-1,-1,4.1008035062089013e-04,wind_direction:18.4_m:degrees
1534,-2,-2.0000000000000000e+00,-1.5042553191489363e-01,-1,-1,6.8066998641918772e-04,wind_direction:18.4_m:degrees
1535,4,5.4630174636840820e+00,-5.5599999999999994e-01,1909,1910,1.8773333333334530e-03,mixing_ratio:18.4_m:g_kg-1
1536,-2,-2.0000000000000000e+00,-6.5000000000000002e-01,-1,-1,-6.1062266354383610e-16,wind_direction:18.4_m:degrees
1537,-2,-2.0000000000000000e+00,-3.7920792079207913e-02,-1,-1,6.2636996372904697e-04,wind_direction:18.4_m:degrees
1538,5,5.4799999237060547e+01,-5.7027027027027020e-02,1539,1540,7.9116143170197308e-04,relative_humidity:18.4_m:%
1539,-2,-2.0000000000000000e+00,-9.0000000000000011e-02,-1,-1,7.3333333333333410e-04,wind_direction:18.4_m:degrees
1540,-2,-2.0000000000000000e+00,-5.0645161290322600e-02,-1,-1,5.5119667013527529e-04,wind_direction:18.4_m:degrees
1541,-2,-2.0000000000000000e+00,-6.7142857142857149e-01,-1,-1,6.9387755101957271e-05,wind_direction:18.4_m:degrees
1542,-2,-2.0000000000000000e+00,-6.1000000000000010e-01,-1,-1,2.0999999999999908e-03,wind_direction:18.4_m:degrees
1543,-2,-2.0000000000000000e+00,-2.2000000000000000e-01,-1,-1,2.0000000000000573e-04,wind_direction:18.4_m:degrees
1544,-2,-2.0000000000000000e+00,-2.9272727272727272e-01,-1,-1,1.3289256198346922e-03,wind_direction:18.4_m:degrees
1545,-2,-2.0000000000000000e+00,-3.9999999999999997e-01,-1,-1,8.0000000000002292e-04,wind_direction:18.4_m:degrees
1546,-2,-2.0000000000000000e+00,-4.9500000000000000e-01,-1,-1,2.5000000000052758e-05,wind_direction:18.4_m:degrees
1547,-2,-2.0000000000000000e+00,-1.6000000000000000e-01,-1,-1,0.0000000000000000e+00,wind_direction:18.4_m:degrees
1548,-2,-2.0000000000000000e+00,-2.8679999999999994e-01,-1,-1,8.6175999999997532e-04,wind_direction:18.4_m:degrees
1549,-2,-2.0000000000000000e+00,-4.3750000000000000e-01,-1,-1,1.6874999999993978e-04,wind_direction:18.4_m:degrees
1550,4,3.6963450908660889e+00,-5.4500000000000004e-01,1551,1552,9.0250000000000052e-03,mixing_ratio:18.4_m:g_kg-1
1551,-2,-2.0000000000000000e+00,-4.5000000000000001e-01,-1,-1,0.0000000000000000e+00,wind_direction:18.4_m:degrees
1552,-2,-2.0000000000000000e+00,-6.4000000000000001e-01,-1,-1,-1.1102230246251565e-16,wind_direction:18.4_m:degrees
1553,-2,-2.0000000000000000e+00,-1.9200000000000000e-01,-1,-1,2.1600000000000091e-04,wind_direction:18.4_m:degrees
1554,-2,-2.0000000000000000e+00,-2.5600000000000001e-01,-1,-1,5.1733333333334186e-04,wind_direction:18.4_m:degrees
1555,2,2.7397999572753906e+02,-1.0131707317073167e-01,1675,1676,1.0094848304580545e-03,water_sfc_temperature:0_m:K
1556,-2,-2.0000000000000000e+00,-5.0000000000000010e-02,-1,-1,-1.3964523981613297e-16,wind_direction:18.4_m:degrees
1557,-2,-2.0000000000000000e+00,-1.5875000000000000e-01,-1,-1,3.8593750000001995e-04,wind_direction:18.4_m:degrees
1558,9,8.9834167480468750e+01,-2.2285714285714286e-01,1591,1592,2.8204081632653005e-03,angle_between_wind_wave:0_m:degrees
1559,-2,-2.0000000000000000e+00,-2.8875000000000001e-01,-1,-1,1.0859374999999949e-03,wind_direction:18.4_m:degrees
1560,-2,-2.0000000000000000e+00,-3.4357142857142858e-01,-1,-1,4.8010204081638808e-04,wind_direction:18.4_m:degrees
1561,-2,-2.0000000000000000e+00,-1.5500000000000000e-01,-1,-1,4.1071428571427468e-04,wind_direction:18.4_m:degrees
1562,1,1.0336472320556641e+02,-2.0777777777777778e-01,1875,1876,1.4839506172839786e-03,azimuth:0_m:degrees
1563,9,8.8889148712158203e+01,-5.5833333333333339e-02,1847,1848,1.3243055555555560e-03,angle_between_wind_wave:0_m:degrees
1564,11,2.9647500610351562e+02,-9.4428571428571445e-02,1565,1566,1.3418163265306055e-03,wind_direction:18.4_m:degrees
1565,3,1.0042500000000000e+03,-1.1913043478260872e-01,1811,1812,1.1992438563326949e-03,pressure:18.4_m:hPa
1566,-2,-2.0000000000000000e+00,-8.2340425531914910e-02,-1,-1,9.6686283386147789e-04,wind_direction:18.4_m:degrees
1567,0,1.3869287872314453e+02,-1.6433333333333330e-01,1745,1746,8.2455555555557489e-04,zenith:0_m:degrees
1568,-2,-2.0000000000000000e+00,-2.0176470588235296e-01,-1,-1,4.6159169550168827e-04,wind_direction:18.4_m:degrees
1569,-2,-2.0000000000000000e+00,2.0000000000000000e-02,-1,-1,1.9999999999999993e-04,wind_direction:18.4_m:degrees
1570,-2,-2.0000000000000000e+00,-6.9999999999999993e-02,-1,-1,3.1999999999999997e-04,wind_direction:18.4_m:degrees
1571,-2,-2.0000000000000000e+00,-1.7538461538461542e-01,-1,-1,6.3254437869822086e-04,wind_direction:18.4_m:degrees
1572,-2,-2.0000000000000000e+00,-8.4999999999999992e-02,-1,-1,1.2249999999999640e-03,wind_direction:18.4_m:degrees
1573,3,1.0216000061035156e+03,1.5500000000000000e-02,1813,1814,9.1475000000000020e-04,pressure:18.4_m:hPa
1574,-2,-2.0000000000000000e+00,-1.7142857142857151e-02,-1,-1,3.3061224489795894e-04,wind_direction:18.4_m:degrees
1575,1,2.0407716369628906e+02,-2.7217391304347827e-01,1717,1718,1.4257088846881122e-03,azimuth:0_m:degrees
1576,-2,-2.0000000000000000e+00,-1.9666666666666666e-01,-1,-1,3.5555555555563667e-04,wind_direction:18.4_m:degrees
1577,-2,-2.0000000000000000e+00,-1.0500000000000002e-01,-1,-1,9.9499999999999589e-04,wind_direction:18.4_m:degrees
1578,-2,-2.0000000000000000e+00,-7.0571428571428577e-02,-1,-1,9.9967346938775216e-04,wind_direction:18.4_m:degrees
1579,-2,-2.0000000000000000e+00,-8.4615384615384630e-03,-1,-1,2.1301775147928993e-04,wind_direction:18.4_m:degrees
1580,-2,-2.0000000000000000e+00,-6.0000000000000012e-02,-1,-1,2.6000000000000025e-04,wind_direction:18.4_m:degrees
1581,7,6.5000000596046448e-01,-2.2587412587412523e-02,1845,1846,2.9330529610250265e-04,wave_height:0_m:m
1582,5,7.8099998474121094e+01,-1.5915857605177927e-02,1825,1826,3.3509971617389211e-04,relative_humidity:18.4_m:%
1583,7,1.9499999284744263e+00,-1.5410526315789447e-02,1859,1860,5.9788409972299313e-04,wave_height:0_m:m
1584,3,1.0265499877929688e+03,-3.8064516129032271e-02,1819,1820,7.3173777315297121e-04,pressure:18.4_m:hPa
1585,-2,-2.0000000000000000e+00,-2.7000000000000002e-01,-1,-1,0.0000000000000000e+00,wind_direction:18.4_m:degrees
1586,-2,-2.0000000000000000e+00,-3.6333333333333329e-01,-1,-1,3.5555555555558116e-04,wind_direction:18.4_m:degrees
1587,3,1.0225499877929688e+03,-1.2678899082568804e-01,1877,1878,1.6089554751283763e-03,pressure:18.4_m:hPa
1588,9,8.9932037353515625e+01,-1.0794117647058825e-01,1589,1590,1.4134083044982614e-03,angle_between_wind_wave:0_m:degrees
1589,-2,-2.0000000000000000e+00,-9.1249999999999998e-02,-1,-1,7.9093749999999824e-04,wind_direction:18.4_m:degrees
1590,0,1.5654656219482422e+02,-1.3178571428571431e-01,2003,2004,1.3360969387754933e-03,zenith:0_m:degrees
1591,-2,-2.0000000000000000e+00,-2.4166666666666667e-01,-1,-1,8.1388888888889177e-04,wind_direction:18.4_m:degrees
1592,-2,-2.0000000000000000e+00,-1.1000000000000000e-01,-1,-1,-2.2551405187698492e-17,wind_direction:18.4_m:degrees
1593,-2,-2.0000000000000000e+00,-1.9214285714285717e-01,-1,-1,3.8826530612245252e-04,wind_direction:18.4_m:degrees
1594,-2,-2.0000000000000000e+00,-1.0000000000000001e-01,-1,-1,-8.6736173798840355e-18,wind_direction:18.4_m:degrees
1595,-2,-2.0000000000000000e+00,-1.4299999999999999e-01,-1,-1,3.8100000000000633e-04,wind_direction:18.4_m:degrees
1596,-2,-2.0000000000000000e+00,-1.8733333333333332e-01,-1,-1,2.3955555555554148e-04,wind_direction:18.4_m:degrees
1597,11,3.0566000366210938e+02,-7.8634538152610400e-02,1755,1756,9.3146884727665896e-04,wind_direction:18.4_m:degrees
1598,-2,-2.0000000000000000e+00,-1.0458333333333335e-01,-1,-1,3.4149305555556710e-04,wind_direction:18.4_m:degrees
1599,-2,-2.0000000000000000e+00,1.1666666666666665e-02,-1,-1,1.3888888888888940e-05,wind_direction:18.4_m:degrees
1600,-2,-2.0000000000000000e+00,-3.8530805687203767e-02,-1,-1,4.1063767660205514e-04,wind_direction:18.4_m:degrees
1601,-2,-2.0000000000000000e+00,-2.1947368421052632e-01,-1,-1,1.5944598337949631e-03,wind_direction:18.4_m:degrees
1602,10,1.1401135444641113e+01,-2.6214285714285712e-01,1709,1710,1.7168367346939439e-03,wind_speed:18.4_m:m_s-1
1603,-2,-2.0000000000000000e+00,-7.0666666666666669e-02,-1,-1,7.1288888888888877e-04,wind_direction:18.4_m:degrees
1604,-2,-2.0000000000000000e+00,-2.5000000000000001e-03,-1,-1,6.8749999999998662e-05,wind_direction:18.4_m:degrees
1605,-2,-2.0000000000000000e+00,-2.6517647058823462e-02,-1,-1,2.7493204152249625e-04,wind_direction:18.4_m:degrees
1606,7,1.8499999642372131e+00,-1.9275184275184154e-02,1779,1780,2.0230019499061148e-04,wave_height:0_m:m
1607,11,1.2824500274658203e+02,-3.9003880983182360e-02,1611,1612,4.1388484910355678e-04,wind_direction:18.4_m:degrees
1608,11,1.4630500030517578e+02,-5.0143884892086300e-02,1609,1610,6.5609440505151433e-04,wind_direction:18.4_m:degrees
1609,-2,-2.0000000000000000e+00,-1.4999999999999999e-01,-1,-1,0.0000000000000000e+00,wind_direction:18.4_m:degrees
1610,-2,-2.0000000000000000e+00,-4.8686131386861314e-02,-1,-1,5.1798177846449278e-04,wind_direction:18.4_m:degrees
1611,-2,-2.0000000000000000e+00,-2.0400000000000001e-02,-1,-1,3.0783999999999987e-04,wind_direction:18.4_m:degrees
1612,12,-2.3708803579211235e-02,-4.0290456431535206e-02,1613,1614,3.9562794488157051e-04,bulk_richardson:18.4_m:none
1613,9,8.8216629028320312e+01,-6.9130434782608705e-02,1843,1844,7.6446124763704989e-04,angle_between_wind_wave:0_m:degrees
1614,3,1.0149500122070312e+03,-3.9342857142857075e-02,1981,1982,3.5528244897959586e-04,pressure:18.4_m:hPa
1615,-2,-2.0000000000000000e+00,-2.0999999999999999e-01,-1,-1,0.0000000000000000e+00,wind_direction:18.4_m:degrees
1616,0,5.4216341018676758e+01,-8.7959183673469402e-02,1873,1874,8.4073302790504782e-04,zenith:0_m:degrees
1617,-2,-2.0000000000000000e+00,-8.4600000000000009e-01,-1,-1,7.8400000000011794e-04,wind_direction:18.4_m:degrees
1618,-2,-2.0000000000000000e+00,-7.4500000000000000e-01,-1,-1,6.2500000000043077e-04,wind_direction:18.4_m:degrees
1619,-2,-2.0000000000000000e+00,-2.7900000000000003e-01,-1,-1,8.4899999999998865e-04,wind_direction:18.4_m:degrees
1620,-2,-2.0000000000000000e+00,-3.3444444444444443e-01,-1,-1,1.2469135802468528e-03,wind_direction:18.4_m:degrees
1621,-2,-2.0000000000000000e+00,-1.4999999999999999e-01,-1,-1,4.0000000000001840e-05,wind_direction:18.4_m:degrees
1622,11,3.3541500854492188e+02,-9.5075757575757563e-02,1623,1624,8.0681244260790048e-04,wind_direction:18.4_m:degrees
1623,5,7.0450000762939453e+01,-9.9487179487179472e-02,1625,1626,6.7153188691650677e-04,relative_humidity:18.4_m:%
1624,-2,-2.0000000000000000e+00,-6.0666666666666674e-02,-1,-1,5.2622222222221699e-04,wind_direction:18.4_m:degrees
1625,-2,-2.0000000000000000e+00,-9.7631578947368375e-02,-1,-1,5.5491689750692894e-04,wind_direction:18.4_m:degrees
1626,-2,-2.0000000000000000e+00,-1.7000000000000001e-01,-1,-1,-4.8572257327350599e-17,wind_direction:18.4_m:degrees
1627,3,1.0089500122070312e+03,3.1250000000000000e-02,1629,1630,2.1359375000000002e-03,pressure:18.4_m:hPa
1628,3,1.0035499877929688e+03,-1.1393514460999038e-02,1631,1632,4.8350947590448110e-04,pressure:18.4_m:hPa
1629,-2,-2.0000000000000000e+00,9.0000000000000011e-02,-1,-1,0.0000000000000000e+00,wind_direction:18.4_m:degrees
1630,-2,-2.0000000000000000e+00,-4.0000000000000001e-03,-1,-1,1.0399999999999993e-04,wind_direction:18.4_m:degrees
1631,0,1.3813561248779297e+02,-2.2792792792792803e-02,1633,1634,1.7516597678759837e-03,zenith:0_m:degrees
1632,-2,-2.0000000000000000e+00,-1.0165048543689260e-02,-1,-1,3.3133198227919530e-04,wind_direction:18.4_m:degrees
1633,-2,-2.0000000000000000e+00,-1.9082568807339450e-02,-1,-1,2.4869960441040303e-04,wind_direction:18.4_m:degrees
1634,10,5.4471790790557861e+00,-2.2500000000000001e-01,1635,1636,4.2024999999999944e-02,wind_speed:18.4_m:m_s-1
1635,-2,-2.0000000000000000e+00,-2.0000000000000000e-02,-1,-1,0.0000000000000000e+00,wind_direction:18.4_m:degrees
1636,-2,-2.0000000000000000e+00,-4.2999999999999999e-01,-1,-1,0.0000000000000000e+00,wind_direction:18.4_m:degrees
1637,-2,-2.0000000000000000e+00,-1.3857142857142860e-01,-1,-1,9.9795918367347886e-04,wind_direction:18.4_m:degrees
1638,-2,-2.0000000000000000e+00,-7.5999999999999998e-02,-1,-1,5.0399999999999751e-04,wind_direction:18.4_m:degrees
1639,-2,-2.0000000000000000e+00,-2.3916666666666667e-01,-1,-1,3.7430555555554440e-04,wind_direction:18.4_m:degrees
1640,-2,-2.0000000000000000e+00,-1.9571428571428567e-01,-1,-1,7.0068027210885842e-04,wind_direction:18.4_m:degrees
1641,-2,-2.0000000000000000e+00,-3.9000000000000001e-01,-1,-1,0.0000000000000000e+00,wind_direction:18.4_m:degrees
1642,5,6.5449998855590820e+01,-2.9700000000000004e-01,1643,1644,1.8609999999999877e-03,relative_humidity:18.4_m:%
1643,-2,-2.0000000000000000e+00,-2.5800000000000001e-01,-1,-1,2.5600000000002010e-04,wind_direction:18.4_m:degrees
1644,-2,-2.0000000000000000e+00,-3.3599999999999997e-01,-1,-1,4.2399999999999383e-04,wind_direction:18.4_m:degrees
1645,-2,-2.0000000000000000e+00,-8.5555555555555551e-02,-1,-1,1.0691358024691360e-03,wind_direction:18.4_m:degrees
1646,3,1.0088500061035156e+03,-1.2786666666666668e-01,1827,1828,9.1011555555555249e-04,pressure:18.4_m:hPa
1647,-2,-2.0000000000000000e+00,-9.8888888888888901e-02,-1,-1,1.4098765432098755e-03,wind_direction:18.4_m:degrees
1648,-2,-2.0000000000000000e+00,-3.2000000000000001e-02,-1,-1,5.3599999999999850e-04,wind_direction:18.4_m:degrees
1649,-2,-2.0000000000000000e+00,-7.4285714285714288e-02,-1,-1,8.5306122448979525e-04,wind_direction:18.4_m:degrees
1650,-2,-2.0000000000000000e+00,-2.4864864864864868e-02,-1,-1,5.9254930606281880e-04,wind_direction:18.4_m:degrees
1651,6,2.4400000000000000e+02,-2.5846153846153846e-01,1653,1654,1.8899408284023950e-03,wave_direction:0_m:degrees
1652,-2,-2.0000000000000000e+00,-2.0666666666666667e-01,-1,-1,4.0000000000000452e-04,wind_direction:18.4_m:degrees
1653,-2,-2.0000000000000000e+00,-2.7800000000000002e-01,-1,-1,1.9599999999998785e-04,wind_direction:18.4_m:degrees
1654,-2,-2.0000000000000000e+00,-1.9333333333333333e-01,-1,-1,2.0222222222222030e-03,wind_direction:18.4_m:degrees
1655,11,3.0869000244140625e+02,-6.2950819672131120e-02,1657,1658,9.8473528621338593e-04,wind_direction:18.4_m:degrees
1656,-2,-2.0000000000000000e+00,-3.8275862068965522e-02,-1,-1,8.6944114149821883e-04,wind_direction:18.4_m:degrees
1657,-2,-2.0000000000000000e+00,-5.0317460317460316e-02,-1,-1,7.3958175862938501e-04,wind_direction:18.4_m:degrees
1658,-2,-2.0000000000000000e+00,-7.6440677966101711e-02,-1,-1,8.9411088767595102e-04,wind_direction:18.4_m:degrees
1659,6,1.7900000000000000e+02,-8.7142857142857119e-02,1661,1662,1.2232653061224428e-03,wave_direction:0_m:degrees
1660,-2,-2.0000000000000000e+00,-6.3658536585365855e-02,-1,-1,5.6954193932184580e-04,wind_direction:18.4_m:degrees
1661,-2,-2.0000000000000000e+00,-5.6153846153846158e-02,-1,-1,6.8520710059171569e-04,wind_direction:18.4_m:degrees
1662,6,1.8100000000000000e+02,-9.4210526315789467e-02,1663,1664,1.0770083102493132e-03,wave_direction:0_m:degrees
1663,-2,-2.0000000000000000e+00,-1.7999999999999999e-01,-1,-1,0.0000000000000000e+00,wind_direction:18.4_m:degrees
1664,-2,-2.0000000000000000e+00,-9.1090909090909097e-02,-1,-1,8.3880991735537681e-04,wind_direction:18.4_m:degrees
1665,-2,-2.0000000000000000e+00,-3.8499999999999995e-01,-1,-1,1.8050000000000288e-03,wind_direction:18.4_m:degrees
1666,-2,-2.0000000000000000e+00,-5.1000000000000001e-01,-1,-1,4.4408920985006262e-16,wind_direction:18.4_m:degrees
1667,-2,-2.0000000000000000e+00,-2.1999999999999997e-01,-1,-1,3.6000000000000615e-04,wind_direction:18.4_m:degrees
1668,-2,-2.0000000000000000e+00,-1.6258064516129037e-01,-1,-1,6.3850156087409335e-04,wind_direction:18.4_m:degrees
1669,-2,-2.0000000000000000e+00,-8.4615384615384578e-03,-1,-1,3.8875739644970417e-04,wind_direction:18.4_m:degrees
1670,0,4.8329132080078125e+01,-1.4231805929919132e-03,1671,1672,2.6730070255229021e-04,zenith:0_m:degrees
1671,2,2.9285501098632812e+02,6.2857142857142861e-02,1673,1674,4.4775510204081636e-03,water_sfc_temperature:0_m:K
1672,-2,-2.0000000000000000e+00,-1.6666666666666676e-03,-1,-1,2.3564213564213494e-04,wind_direction:18.4_m:degrees
1673,-2,-2.0000000000000000e+00,5.0000000000000001e-03,-1,-1,2.4999999999999957e-05,wind_direction:18.4_m:degrees
1674,-2,-2.0000000000000000e+00,1.4000000000000001e-01,-1,-1,0.0000000000000000e+00,wind_direction:18.4_m:degrees
1675,-2,-2.0000000000000000e+00,-5.7142857142857148e-02,-1,-1,2.4897959183673357e-04,wind_direction:18.4_m:degrees
1676,5,4.3100000381469727e+01,-1.0287878787878789e-01,1677,1678,9.6494490358127114e-04,relative_humidity:18.4_m:%
1677,-2,-2.0000000000000000e+00,-1.3750000000000001e-01,-1,-1,7.4374999999999789e-04,wind_direction:18.4_m:degrees
1678,1,5.3319759368896484e+01,-9.9835164835164844e-02,1903,1904,8.6975304914865131e-04,azimuth:0_m:degrees
1679,-2,-2.0000000000000000e+00,0.0000000000000000e+00,-1,-1,5.0000000000000001e-04,wind_direction:18.4_m:degrees
1680,4,7.5181856751441956e-01,-5.3846153846153863e-02,1941,1942,1.2621301775147926e-03,mixing_ratio:18.4_m:g_kg-1
1681,-2,-2.0000000000000000e+00,-1.7750000000000002e-01,-1,-1,1.8749999999990996e-05,wind_direction:18.4_m:degrees
1682,-2,-2.0000000000000000e+00,-2.4352941176470591e-01,-1,-1,1.6934256055363417e-03,wind_direction:18.4_m:degrees
1683,4,3.0388422012329102e+00,-1.2139130434782609e-01,1685,1686,1.0554555765595539e-03,mixing_ratio:18.4_m:g_kg-1
1684,1,2.5284095001220703e+02,-1.4952380952380950e-01,1687,1688,1.6521541950112427e-03,azimuth:0_m:degrees
1685,4,2.9553005695343018e+00,-1.4055555555555557e-01,1841,1842,9.9413580246913644e-04,mixing_ratio:18.4_m:g_kg-1
1686,6,2.3750000000000000e+02,-1.1265822784810127e-01,1689,1690,8.3976926774554685e-04,wave_direction:0_m:degrees
1687,-2,-2.0000000000000000e+00,-1.8333333333333332e-01,-1,-1,4.2222222222222661e-04,wind_direction:18.4_m:degrees
1688,-2,-2.0000000000000000e+00,-1.2416666666666669e-01,-1,-1,1.0743055555555592e-03,wind_direction:18.4_m:degrees
1689,1,2.4494107055664062e+02,-1.1718309859154930e-01,1927,1928,6.6248760166632593e-04,azimuth:0_m:degrees
1690,-2,-2.0000000000000000e+00,-7.2499999999999995e-02,-1,-1,6.1875000000004982e-04,wind_direction:18.4_m:degrees
1691,-2,-2.0000000000000000e+00,-4.0571428571428575e-01,-1,-1,5.8163265306124257e-04,wind_direction:18.4_m:degrees
1692,-2,-2.0000000000000000e+00,-3.4399999999999997e-01,-1,-1,3.8399999999999546e-04,wind_direction:18.4_m:degrees
1693,-2,-2.0000000000000000e+00,-1.2666666666666668e-01,-1,-1,5.5555555555555219e-04,wind_direction:18.4_m:degrees
1694,-2,-2.0000000000000000e+00,-2.0555555555555557e-01,-1,-1,1.1358024691357493e-04,wind_direction:18.4_m:degrees
1695,5,7.1450000762939453e+01,-8.5877192982456135e-02,1901,1902,9.6458140966451146e-04,relative_humidity:18.4_m:%
1696,-2,-2.0000000000000000e+00,-1.6666666666666666e-02,-1,-1,8.8888888888823299e-05,wind_direction:18.4_m:degrees
1697,-2,-2.0000000000000000e+00,-4.8695652173913045e-01,-1,-1,1.7516068052930711e-03,wind_direction:18.4_m:degrees
1698,-2,-2.0000000000000000e+00,-4.0000000000000002e-01,-1,-1,-1.3877787807814457e-16,wind_direction:18.4_m:degrees
1699,-2,-2.0000000000000000e+00,-1.2500000000000003e-01,-1,-1,5.4166666666665905e-04,wind_direction:18.4_m:degrees
1700,12,-5.3297661244869232e-02,-1.6800000000000001e-01,1701,1702,2.4859999999999847e-03,bulk_richardson:18.4_m:none
1701,3,1.0133999938964844e+03,-2.0444444444444446e-01,1703,1704,2.4246913580246790e-03,pressure:18.4_m:hPa
1702,-2,-2.0000000000000000e+00,-1.3818181818181818e-01,-1,-1,5.6033057851240242e-04,wind_direction:18.4_m:degrees
1703,-2,-2.0000000000000000e+00,-3.2000000000000001e-01,-1,-1,0.0000000000000000e+00,wind_direction:18.4_m:degrees
1704,-2,-2.0000000000000000e+00,-1.9000000000000000e-01,-1,-1,8.5000000000000353e-04,wind_direction:18.4_m:degrees
1705,-2,-2.0000000000000000e+00,-1.3590909090909092e-01,-1,-1,7.0599173553719669e-04,wind_direction:18.4_m:degrees
1706,-2,-2.0000000000000000e+00,-1.8999999999999997e-01,-1,-1,1.0999999999999760e-03,wind_direction:18.4_m:degrees
1707,-2,-2.0000000000000000e+00,2.9999999999999999e-02,-1,-1,2.0000000000000009e-04,wind_direction:18.4_m:degrees
1708,-2,-2.0000000000000000e+00,-3.8363636363636350e-02,-1,-1,4.7429201101928430e-04,wind_direction:18.4_m:degrees
1709,-2,-2.0000000000000000e+00,-2.3500000000000001e-01,-1,-1,1.0249999999999912e-03,wind_direction:18.4_m:degrees
1710,-2,-2.0000000000000000e+00,-2.9833333333333328e-01,-1,-1,3.4722222222224874e-04,wind_direction:18.4_m:degrees
1711,3,1.0109499816894531e+03,-2.1150000000000002e-01,1713,1714,1.4127499999999973e-03,pressure:18.4_m:hPa
1712,-2,-2.0000000000000000e+00,-1.6250000000000001e-01,-1,-1,6.8749999999995898e-05,wind_direction:18.4_m:degrees
1713,-2,-2.0000000000000000e+00,-1.9941176470588237e-01,-1,-1,6.8788927335638322e-04,wind_direction:18.4_m:degrees
1714,-2,-2.0000000000000000e+00,-2.8000000000000003e-01,-1,-1,4.1633363423443370e-17,wind_direction:18.4_m:degrees
1715,-2,-2.0000000000000000e+00,-8.1666666666666651e-02,-1,-1,6.3055555555555434e-04,wind_direction:18.4_m:degrees
1716,-2,-2.0000000000000000e+00,-1.4399999999999999e-01,-1,-1,1.4400000000000177e-04,wind_direction:18.4_m:degrees
1717,-2,-2.0000000000000000e+00,-2.5076923076923074e-01,-1,-1,3.9171597633139155e-04,wind_direction:18.4_m:degrees
1718,-2,-2.0000000000000000e+00,-2.9999999999999999e-01,-1,-1,1.4000000000000262e-03,wind_direction:18.4_m:degrees
1719,6,2.3050000000000000e+02,-1.7863157894736853e-01,1721,1722,2.0854958448753569e-03,wave_direction:0_m:degrees
1720,-2,-2.0000000000000000e+00,-1.1000000000000000e-01,-1,-1,-2.4459601011272980e-16,wind_direction:18.4_m:degrees
1721,-2,-2.0000000000000000e+00,-1.5157894736842104e-01,-1,-1,2.0554016620498682e-03,wind_direction:18.4_m:degrees
1722,6,2.3850000000000000e+02,-1.8539473684210539e-01,1723,1724,1.8643178670359750e-03,wave_direction:0_m:degrees
1723,7,9.4999998807907104e-01,-1.9029411764705889e-01,1725,1726,1.7528546712802379e-03,wave_height:0_m:m
1724,-2,-2.0000000000000000e+00,-1.4375000000000002e-01,-1,-1,8.7343749999986217e-04,wind_direction:18.4_m:degrees
1725,-2,-2.0000000000000000e+00,-2.3222222222222222e-01,-1,-1,3.7283950617283956e-04,wind_direction:18.4_m:degrees
1726,-2,-2.0000000000000000e+00,-1.8389830508474572e-01,-1,-1,1.6542947428899515e-03,wind_direction:18.4_m:degrees
1727,5,6.0500000000000000e+01,-2.1478260869565204e-02,1747,1748,3.4998865784499112e-04,relative_humidity:18.4_m:%
1728,8,3.5000000000000000e+00,-3.0893617021276486e-02,1729,1730,3.2132910819376219e-04,wave_period:0_m:s
1729,-2,-2.0000000000000000e+00,-8.6666666666666670e-02,-1,-1,2.2222222222221220e-05,wind_direction:18.4_m:degrees
1730,-2,-2.0000000000000000e+00,-3.0172413793103349e-02,-1,-1,2.8445303210464451e-04,wind_direction:18.4_m:degrees
1731,-2,-2.0000000000000000e+00,-7.4915254237288134e-02,-1,-1,3.5889112324044917e-04,wind_direction:18.4_m:degrees
1732,5,8.9599998474121094e+01,-8.7929687499999978e-02,1759,1760,7.4766693115236021e-04,relative_humidity:18.4_m:%
1733,7,1.1000000238418579e+00,-1.6619047619047617e-01,2037,2038,9.1882086167801441e-04,wave_height:0_m:m
1734,-2,-2.0000000000000000e+00,-1.3159999999999999e-01,-1,-1,5.1744000000000442e-04,wind_direction:18.4_m:degrees
1735,-2,-2.0000000000000000e+00,-2.1818181818181816e-02,-1,-1,3.6033057851239680e-04,wind_direction:18.4_m:degrees
1736,11,1.8426499938964844e+02,-4.7263581488933552e-02,1737,1738,3.9573132962766877e-04,wind_direction:18.4_m:degrees
1737,3,1.0135500183105469e+03,-6.1359223300970871e-02,1739,1740,5.6902629842586544e-04,pressure:18.4_m:hPa
1738,-2,-2.0000000000000000e+00,-4.3578680203045672e-02,-1,-1,2.8490878404493938e-04,wind_direction:18.4_m:degrees
1739,-2,-2.0000000000000000e+00,-6.8666666666666654e-02,-1,-1,4.9955555555555604e-04,wind_direction:18.4_m:degrees
1740,-2,-2.0000000000000000e+00,-4.1785714285714301e-02,-1,-1,2.2895408163265828e-04,wind_direction:18.4_m:degrees
1741,-2,-2.0000000000000000e+00,-1.5979381443298978e-02,-1,-1,7.9105112126687162e-04,wind_direction:18.4_m:degrees
1742,-2,-2.0000000000000000e+00,-5.6666666666666671e-02,-1,-1,1.4000000000000041e-03,wind_direction:18.4_m:degrees
1743,-2,-2.0000000000000000e+00,-1.2428571428571429e-01,-1,-1,2.4489795918366739e-05,wind_direction:18.4_m:degrees
1744,-2,-2.0000000000000000e+00,-5.6000000000000008e-02,-1,-1,1.4400000000000177e-04,wind_direction:18.4_m:degrees
1745,-2,-2.0000000000000000e+00,-1.3636363636363635e-01,-1,-1,2.0495867768595410e-04,wind_direction:18.4_m:degrees
1746,-2,-2.0000000000000000e+00,-1.8052631578947367e-01,-1,-1,4.6814404432135581e-04,wind_direction:18.4_m:degrees
1747,-2,-2.0000000000000000e+00,1.2727272727272726e-02,-1,-1,3.2892561983471078e-04,wind_direction:18.4_m:degrees
1748,-2,-2.0000000000000000e+00,-2.3196347031963452e-02,-1,-1,2.8932674464669285e-04,wind_direction:18.4_m:degrees
1749,-2,-2.0000000000000000e+00,-4.7000000000000003e-01,-1,-1,8.3333333333340809e-04,wind_direction:18.4_m:degrees
1750,-2,-2.0000000000000000e+00,-5.4500000000000004e-01,-1,-1,7.4999999999880718e-05,wind_direction:18.4_m:degrees
1751,3,9.9950000000000000e+02,-1.5923076923076923e-01,1839,1840,1.3686390532544265e-03,pressure:18.4_m:hPa
1752,-2,-2.0000000000000000e+00,-2.3000000000000001e-01,-1,-1,8.6666666666677938e-04,wind_direction:18.4_m:degrees
1753,-2,-2.0000000000000000e+00,-6.1666666666666668e-02,-1,-1,2.1388888888888933e-04,wind_direction:18.4_m:degrees
1754,-2,-2.0000000000000000e+00,2.8571428571428576e-03,-1,-1,5.3469387755102017e-04,wind_direction:18.4_m:degrees
1755,7,6.5000000596046448e-01,-9.0746268656716422e-02,1757,1758,8.9048785921140572e-04,wave_height:0_m:m
1756,4,1.1101096272468567e+00,-7.4175824175824176e-02,1969,1970,8.7267238256249439e-04,mixing_ratio:18.4_m:g_kg-1
1757,-2,-2.0000000000000000e+00,-1.2777777777777777e-01,-1,-1,1.7283950617284424e-04,wind_direction:18.4_m:degrees
1758,1,7.9879245758056641e+01,-8.4999999999999992e-02,1885,1886,7.5603448275862392e-04,azimuth:0_m:degrees
1759,-2,-2.0000000000000000e+00,-1.0428571428571429e-01,-1,-1,4.3877551020408100e-04,wind_direction:18.4_m:degrees
1760,4,1.3844811916351318e+01,-8.4719626168224316e-02,2045,2046,7.4548213817800767e-04,mixing_ratio:18.4_m:g_kg-1
1761,-2,-2.0000000000000000e+00,-2.5750000000000001e-01,-1,-1,2.6875000000001203e-04,wind_direction:18.4_m:degrees
1762,-2,-2.0000000000000000e+00,-3.2600000000000001e-01,-1,-1,6.8399999999997629e-04,wind_direction:18.4_m:degrees
1763,-2,-2.0000000000000000e+00,-8.6666666666666670e-02,-1,-1,8.8888888888888351e-05,wind_direction:18.4_m:degrees
1764,-2,-2.0000000000000000e+00,-1.7499999999999999e-01,-1,-1,2.5000000000000716e-05,wind_direction:18.4_m:degrees
1765,-2,-2.0000000000000000e+00,-1.3000000000000000e-01,-1,-1,0.0000000000000000e+00,wind_direction:18.4_m:degrees
1766,-2,-2.0000000000000000e+00,-2.1714285714285714e-01,-1,-1,8.0612244897959595e-04,wind_direction:18.4_m:degrees
1767,-2,-2.0000000000000000e+00,-2.1299999999999999e-01,-1,-1,1.2609999999999705e-03,wind_direction:18.4_m:degrees
1768,-2,-2.0000000000000000e+00,-1.4999999999999999e-01,-1,-1,1.2400000000000085e-03,wind_direction:18.4_m:degrees
1769,-2,-2.0000000000000000e+00,-2.6820809248554886e-02,-1,-1,3.8526846870928246e-04,wind_direction:18.4_m:degrees
1770,-2,-2.0000000000000000e+00,-1.7453183520599231e-02,-1,-1,3.0812046739329236e-04,wind_direction:18.4_m:degrees
1771,7,1.7500000000000000e+00,-7.4217687074829911e-02,1773,1774,7.8629274839187892e-04,wave_height:0_m:m
1772,-2,-2.0000000000000000e+00,-2.1999999999999999e-02,-1,-1,9.5999999999963302e-05,wind_direction:18.4_m:degrees
1773,-2,-2.0000000000000000e+00,-7.2167832167832152e-02,-1,-1,6.2397183236344387e-04,wind_direction:18.4_m:degrees
1774,-2,-2.0000000000000000e+00,-1.4749999999999999e-01,-1,-1,1.0687500000002084e-03,wind_direction:18.4_m:degrees
1775,-2,-2.0000000000000000e+00,-1.8285714285714286e-01,-1,-1,5.0612244897960124e-04,wind_direction:18.4_m:degrees
1776,-2,-2.0000000000000000e+00,-2.5000000000000000e-01,-1,-1,5.9999999999997555e-04,wind_direction:18.4_m:degrees
1777,-2,-2.0000000000000000e+00,-2.0714285714285713e-01,-1,-1,2.4897959183672880e-04,wind_direction:18.4_m:degrees
1778,-2,-2.0000000000000000e+00,-1.4000000000000001e-01,-1,-1,-1.3877787807814457e-17,wind_direction:18.4_m:degrees
1779,10,4.4755167961120605e+00,-1.8764044943820089e-02,1781,1782,1.7512659737126932e-04,wind_speed:18.4_m:m_s-1
1780,-2,-2.0000000000000000e+00,-5.0769230769230775e-02,-1,-1,8.6863905325445124e-04,wind_direction:18.4_m:degrees
1781,-2,-2.0000000000000000e+00,-5.5000000000000007e-02,-1,-1,5.0499999999999981e-04,wind_direction:18.4_m:degrees
1782,-2,-2.0000000000000000e+00,-1.8305941845764739e-02,-1,-1,1.5414660186261690e-04,wind_direction:18.4_m:degrees
1783,-2,-2.0000000000000000e+00,-1.6071428571428575e-01,-1,-1,5.4234693877550436e-04,wind_direction:18.4_m:degrees
1784,-2,-2.0000000000000000e+00,-1.2000000000000002e-01,-1,-1,2.3636363636367341e-04,wind_direction:18.4_m:degrees
1785,-2,-2.0000000000000000e+00,-3.7563025210084026e-02,-1,-1,3.6464938916743340e-04,wind_direction:18.4_m:degrees
1786,12,-1.0201896727085114e-01,-5.1599999999999986e-02,1787,1788,6.4010666666667465e-04,bulk_richardson:18.4_m:none
1787,-2,-2.0000000000000000e+00,-2.1764705882352939e-02,-1,-1,5.6747404844290691e-04,wind_direction:18.4_m:degrees
1788,-2,-2.0000000000000000e+00,-5.5413533834586456e-02,-1,-1,5.2106959127141408e-04,wind_direction:18.4_m:degrees
1789,3,1.0106500244140625e+03,-1.6771739130434793e-01,1791,1792,1.2328331758033988e-03,pressure:18.4_m:hPa
1790,-2,-2.0000000000000000e+00,-1.3384615384615384e-01,-1,-1,1.1005917159763144e-03,wind_direction:18.4_m:degrees
1791,-2,-2.0000000000000000e+00,-1.6522222222222224e-01,-1,-1,9.7383950617280224e-04,wind_direction:18.4_m:degrees
1792,-2,-2.0000000000000000e+00,-2.8000000000000003e-01,-1,-1,1.1102230246251565e-16,wind_direction:18.4_m:degrees
1793,-2,-2.0000000000000000e+00,-3.5666666666666663e-01,-1,-1,7.5555555555550935e-04,wind_direction:18.4_m:degrees
1794,-2,-2.0000000000000000e+00,-4.5000000000000001e-01,-1,-1,1.1102230246251565e-16,wind_direction:18.4_m:degrees
1795,-2,-2.0000000000000000e+00,-1.3058823529411767e-01,-1,-1,4.3494809688581285e-04,wind_direction:18.4_m:degrees
1796,-2,-2.0000000000000000e+00,-8.7777777777777788e-02,-1,-1,2.8395061728400152e-04,wind_direction:18.4_m:degrees
1797,-2,-2.0000000000000000e+00,-3.0466666666666675e-01,-1,-1,1.1493333333333633e-03,wind_direction:18.4_m:degrees
1798,-2,-2.0000000000000000e+00,-4.1999999999999998e-01,-1,-1,1.9428902930940239e-15,wind_direction:18.4_m:degrees
1799,-2,-2.0000000000000000e+00,-2.3000000000000001e-01,-1,-1,0.0000000000000000e+00,wind_direction:18.4_m:degrees
1800,-2,-2.0000000000000000e+00,-1.1090909090909090e-01,-1,-1,9.9008264462810067e-04,wind_direction:18.4_m:degrees
1801,10,1.3861027717590332e+01,-3.0882352941176477e-01,1803,1804,2.5162629757785604e-03,wind_speed:18.4_m:m_s-1
1802,-2,-2.0000000000000000e+00,-3.5999999999999999e-01,-1,-1,8.5714285714327820e-05,wind_direction:18.4_m:degrees
1803,-2,-2.0000000000000000e+00,-3.5399999999999998e-01,-1,-1,1.8400000000001748e-04,wind_direction:18.4_m:degrees
1804,-2,-2.0000000000000000e+00,-2.8999999999999998e-01,-1,-1,2.2833333333332761e-03,wind_direction:18.4_m:degrees
1805,-2,-2.0000000000000000e+00,-9.0659340659340643e-02,-1,-1,1.0127520830817624e-03,wind_direction:18.4_m:degrees
1806,-2,-2.0000000000000000e+00,-3.2500000000000001e-02,-1,-1,1.1874999999999668e-04,wind_direction:18.4_m:degrees
1807,-2,-2.0000000000000000e+00,-3.4800000000000003e-01,-1,-1,2.1599999999999397e-04,wind_direction:18.4_m:degrees
1808,-2,-2.0000000000000000e+00,-2.8142857142857142e-01,-1,-1,6.4081632653061049e-04,wind_direction:18.4_m:degrees
1809,-2,-2.0000000000000000e+00,-1.5187499999999998e-01,-1,-1,7.1523437499999842e-04,wind_direction:18.4_m:degrees
1810,-2,-2.0000000000000000e+00,-2.2333333333333336e-01,-1,-1,8.8888888888895290e-05,wind_direction:18.4_m:degrees
1811,-2,-2.0000000000000000e+00,-2.3000000000000001e-01,-1,-1,0.0000000000000000e+00,wind_direction:18.4_m:degrees
1812,-2,-2.0000000000000000e+00,-1.1409090909090910e-01,-1,-1,6.6962809917354635e-04,wind_direction:18.4_m:degrees
1813,-2,-2.0000000000000000e+00,-3.0769230769230769e-03,-1,-1,3.7514792899408282e-04,wind_direction:18.4_m:degrees
1814,-2,-2.0000000000000000e+00,5.0000000000000003e-02,-1,-1,8.5714285714286187e-05,wind_direction:18.4_m:degrees
1815,-2,-2.0000000000000000e+00,-8.0000000000000002e-02,-1,-1,4.5999999999999774e-04,wind_direction:18.4_m:degrees
1816,-2,-2.0000000000000000e+00,-1.8000000000000002e-02,-1,-1,1.1760000000000023e-03,wind_direction:18.4_m:degrees
1817,-2,-2.0000000000000000e+00,-5.2000000000000002e-01,-1,-1,6.2499999999998668e-04,wind_direction:18.4_m:degrees
1818,-2,-2.0000000000000000e+00,-4.0000000000000002e-01,-1,-1,-1.3877787807814457e-16,wind_direction:18.4_m:degrees
1819,-2,-2.0000000000000000e+00,-2.6086956521739136e-02,-1,-1,3.3686200378071755e-04,wind_direction:18.4_m:degrees
1820,-2,-2.0000000000000000e+00,-7.2500000000000009e-02,-1,-1,2.6875000000000076e-04,wind_direction:18.4_m:degrees
1821,-2,-2.0000000000000000e+00,-5.9166666666666631e-02,-1,-1,5.6240079365079201e-04,wind_direction:18.4_m:degrees
1822,5,8.8700000762939453e+01,-4.1481481481481487e-02,1823,1824,8.8299039780522946e-04,relative_humidity:18.4_m:%
1823,-2,-2.0000000000000000e+00,-2.0999999999999999e-01,-1,-1,0.0000000000000000e+00,wind_direction:18.4_m:degrees
1824,-2,-2.0000000000000000e+00,-3.8301886792452833e-02,-1,-1,3.5372018511925984e-04,wind_direction:18.4_m:degrees
1825,-2,-2.0000000000000000e+00,-7.1140939597315470e-03,-1,-1,1.4670510337372184e-04,wind_direction:18.4_m:degrees
1826,-2,-2.0000000000000000e+00,-1.6855300859598792e-02,-1,-1,3.4605642605561594e-04,wind_direction:18.4_m:degrees
1827,12,-1.7977362498641014e-02,-1.4576923076923079e-01,1967,1968,1.1936390532544319e-03,bulk_richardson:18.4_m:none
1828,-2,-2.0000000000000000e+00,-1.1836734693877550e-01,-1,-1,4.9937526030819496e-04,wind_direction:18.4_m:degrees
1829,-2,-2.0000000000000000e+00,-6.9999999999999993e-02,-1,-1,5.7142857142858036e-05,wind_direction:18.4_m:degrees
1830,-2,-2.0000000000000000e+00,-1.1421052631578946e-01,-1,-1,6.3279778393352144e-04,wind_direction:18.4_m:degrees
1831,-2,-2.0000000000000000e+00,-2.0538461538461542e-01,-1,-1,3.0177514792899263e-04,wind_direction:18.4_m:degrees
1832,-2,-2.0000000000000000e+00,-1.4599999999999999e-01,-1,-1,3.4400000000001790e-04,wind_direction:18.4_m:degrees
1833,-2,-2.0000000000000000e+00,-8.9677419354838736e-02,-1,-1,7.9021852237252943e-04,wind_direction:18.4_m:degrees
1834,-2,-2.0000000000000000e+00,-1.4399999999999999e-01,-1,-1,1.0240000000000110e-03,wind_direction:18.4_m:degrees
1835,-2,-2.0000000000000000e+00,-2.3874999999999999e-01,-1,-1,3.8593750000000260e-04,wind_direction:18.4_m:degrees
1836,-2,-2.0000000000000000e+00,-2.9500000000000004e-01,-1,-1,6.9999999999997842e-04,wind_direction:18.4_m:degrees
1837,-2,-2.0000000000000000e+00,-2.0052631578947372e-01,-1,-1,1.4681440443213220e-03,wind_direction:18.4_m:degrees
1838,-2,-2.0000000000000000e+00,-1.4400000000000002e-01,-1,-1,6.4000000000005025e-05,wind_direction:18.4_m:degrees
1839,-2,-2.0000000000000000e+00,-1.7388888888888887e-01,-1,-1,1.2126543209876606e-03,wind_direction:18.4_m:degrees
1840,-2,-2.0000000000000000e+00,-1.2625000000000000e-01,-1,-1,1.4843749999999753e-04,wind_direction:18.4_m:degrees
1841,-2,-2.0000000000000000e+00,-1.3137931034482758e-01,-1,-1,5.7051129607609344e-04,wind_direction:18.4_m:degrees
1842,-2,-2.0000000000000000e+00,-1.7857142857142858e-01,-1,-1,9.5510204081634270e-04,wind_direction:18.4_m:degrees
1843,-2,-2.0000000000000000e+00,-1.2000000000000000e-01,-1,-1,0.0000000000000000e+00,wind_direction:18.4_m:degrees
1844,-2,-2.0000000000000000e+00,-5.8421052631578950e-02,-1,-1,2.6592797783933511e-04,wind_direction:18.4_m:degrees
1845,-2,-2.0000000000000000e+00,-1.3966942148760337e-02,-1,-1,2.3054436172392578e-04,wind_direction:18.4_m:degrees
1846,-2,-2.0000000000000000e+00,-2.5974025974025927e-02,-1,-1,2.7729802664868211e-04,wind_direction:18.4_m:degrees
1847,-2,-2.0000000000000000e+00,0.0000000000000000e+00,-1,-1,0.0000000000000000e+00,wind_direction:18.4_m:degrees
1848,-2,-2.0000000000000000e+00,-7.4444444444444452e-02,-1,-1,3.8024691358024606e-04,wind_direction:18.4_m:degrees
1849,3,1.0222500305175781e+03,-1.8375000000000000e-01,1851,1852,1.4817708333333401e-03,pressure:18.4_m:hPa
1850,-2,-2.0000000000000000e+00,-7.0000000000000007e-02,-1,-1,-2.4286128663675299e-17,wind_direction:18.4_m:degrees
1851,-2,-2.0000000000000000e+00,-2.2000000000000000e-01,-1,-1,5.7142857142859771e-05,wind_direction:18.4_m:degrees
1852,-2,-2.0000000000000000e+00,-1.6882352941176471e-01,-1,-1,1.3044982698961899e-03,wind_direction:18.4_m:degrees
1853,-2,-2.0000000000000000e+00,-2.3000000000000001e-01,-1,-1,0.0000000000000000e+00,wind_direction:18.4_m:degrees
1854,9,9.0719512939453125e+01,-1.6355555555555557e-01,1855,1856,1.1962469135802442e-03,angle_between_wind_wave:0_m:degrees
1855,7,1.5500000119209290e+00,-1.5631578947368419e-01,1857,1858,8.4958448753463117e-04,wave_height:0_m:m
1856,-2,-2.0000000000000000e+00,-2.0285714285714285e-01,-1,-1,1.2489795918367158e-03,wind_direction:18.4_m:degrees
1857,-2,-2.0000000000000000e+00,-1.3952380952380952e-01,-1,-1,6.5215419501133895e-04,wind_direction:18.4_m:degrees
1858,-2,-2.0000000000000000e+00,-1.7705882352941174e-01,-1,-1,3.1487889273359992e-04,wind_direction:18.4_m:degrees
1859,1,2.0308719635009766e+02,-1.5881104033970254e-02,1861,1862,5.7666526926943278e-04,azimuth:0_m:degrees
1860,-2,-2.0000000000000000e+00,4.0000000000000001e-02,-1,-1,2.9056618222611519e-17,wind_direction:18.4_m:degrees
1861,-2,-2.0000000000000000e+00,-1.1111111111111112e-02,-1,-1,4.5815240527884214e-04,wind_direction:18.4_m:degrees
1862,0,5.2971240997314453e+01,-2.1809523809523796e-02,1863,1864,6.6053514739229267e-04,zenith:0_m:degrees
1863,-2,-2.0000000000000000e+00,-2.0999999999999999e-01,-1,-1,0.0000000000000000e+00,wind_direction:18.4_m:degrees
1864,12,-3.2575523853302002e-01,-2.0909090909090901e-02,1865,1866,4.9343192692475051e-04,bulk_richardson:18.4_m:none
1865,-2,-2.0000000000000000e+00,-2.8160000000000004e-02,-1,-1,5.9421439999999984e-04,wind_direction:18.4_m:degrees
1866,-2,-2.0000000000000000e+00,-1.0119047619047620e-02,-1,-1,1.4879535147392295e-04,wind_direction:18.4_m:degrees
1867,-2,-2.0000000000000000e+00,-5.4999999999999993e-01,-1,-1,1.0000000000001119e-03,wind_direction:18.4_m:degrees
1868,-2,-2.0000000000000000e+00,-4.2999999999999999e-01,-1,-1,-3.0531133177191805e-16,wind_direction:18.4_m:degrees
1869,9,9.0897697448730469e+01,-6.6851851851851829e-02,1871,1872,7.6971879286694654e-04,angle_between_wind_wave:0_m:degrees
1870,-2,-2.0000000000000000e+00,-5.3828828828828820e-02,-1,-1,5.5786259232204786e-04,wind_direction:18.4_m:degrees
1871,-2,-2.0000000000000000e+00,-6.3131313131313108e-02,-1,-1,6.3968982756861838e-04,wind_direction:18.4_m:degrees
1872,-2,-2.0000000000000000e+00,-1.0777777777777778e-01,-1,-1,3.7283950617287079e-04,wind_direction:18.4_m:degrees
1873,-2,-2.0000000000000000e+00,-1.4999999999999999e-01,-1,-1,-3.4694469519536142e-18,wind_direction:18.4_m:degrees
1874,-2,-2.0000000000000000e+00,-8.3913043478260882e-02,-1,-1,6.2816635160680041e-04,wind_direction:18.4_m:degrees
1875,-2,-2.0000000000000000e+00,-2.6000000000000001e-01,-1,-1,0.0000000000000000e+00,wind_direction:18.4_m:degrees
1876,-2,-2.0000000000000000e+00,-1.8166666666666667e-01,-1,-1,1.8055555555555186e-04,wind_direction:18.4_m:degrees
1877,10,9.2062487602233887e+00,-1.3118279569892466e-01,1879,1880,1.4835472308937642e-03,wind_speed:18.4_m:m_s-1
1878,-2,-2.0000000000000000e+00,-1.0125000000000001e-01,-1,-1,1.5734374999999481e-03,wind_direction:18.4_m:degrees
1879,3,1.0207500000000000e+03,-1.2945652173913044e-01,1881,1882,1.2225307183364939e-03,pressure:18.4_m:hPa
1880,-2,-2.0000000000000000e+00,-2.8999999999999998e-01,-1,-1,9.9920072216264089e-16,wind_direction:18.4_m:degrees
1881,10,8.9419531822204590e+00,-1.2551724137931033e-01,1883,1884,9.6726119698771484e-04,wind_speed:18.4_m:m_s-1
1882,-2,-2.0000000000000000e+00,-1.9800000000000001e-01,-1,-1,6.9599999999993972e-04,wind_direction:18.4_m:degrees
1883,-2,-2.0000000000000000e+00,-1.1280000000000001e-01,-1,-1,8.3616000000000940e-04,wind_direction:18.4_m:degrees
1884,-2,-2.0000000000000000e+00,-1.4270270270270272e-01,-1,-1,6.3053323593862190e-04,wind_direction:18.4_m:degrees
1885,-2,-2.0000000000000000e+00,-1.2125000000000000e-01,-1,-1,9.1093750000000202e-04,wind_direction:18.4_m:degrees
1886,-2,-2.0000000000000000e+00,-7.9200000000000007e-02,-1,-1,4.8736000000000439e-04,wind_direction:18.4_m:degrees
1887,-2,-2.0000000000000000e+00,-9.5555555555555560e-02,-1,-1,5.5802469135802363e-04,wind_direction:18.4_m:degrees
1888,9,8.9988288879394531e+01,-1.3785714285714287e-01,1889,1890,1.2596938775510207e-03,angle_between_wind_wave:0_m:degrees
1889,-2,-2.0000000000000000e+00,-1.6307692307692309e-01,-1,-1,6.6745562130177474e-04,wind_direction:18.4_m:degrees
1890,-2,-2.0000000000000000e+00,-1.1600000000000002e-01,-1,-1,7.4399999999998599e-04,wind_direction:18.4_m:degrees
1891,-2,-2.0000000000000000e+00,-1.8857142857142858e-01,-1,-1,1.2244897959180767e-05,wind_direction:18.4_m:degrees
1892,-2,-2.0000000000000000e+00,-1.2400000000000000e-01,-1,-1,1.1040000000000130e-03,wind_direction:18.4_m:degrees
1893,-2,-2.0000000000000000e+00,-3.3000000000000002e-01,-1,-1,4.9999999999994493e-04,wind_direction:18.4_m:degrees
1894,-2,-2.0000000000000000e+00,-4.1999999999999998e-01,-1,-1,1.1102230246251565e-16,wind_direction:18.4_m:degrees
1895,-2,-2.0000000000000000e+00,-8.0000000000000002e-02,-1,-1,0.0000000000000000e+00,wind_direction:18.4_m:degrees
1896,-2,-2.0000000000000000e+00,-1.7000000000000001e-01,-1,-1,4.9999999999999004e-04,wind_direction:18.4_m:degrees
1897,-2,-2.0000000000000000e+00,-4.8999999999999999e-01,-1,-1,0.0000000000000000e+00,wind_direction:18.4_m:degrees
1898,-2,-2.0000000000000000e+00,-3.7760000000000005e-01,-1,-1,1.0022400000000153e-03,wind_direction:18.4_m:degrees
1899,-2,-2.0000000000000000e+00,-2.8531249999999997e-01,-1,-1,1.2186523437500013e-03,wind_direction:18.4_m:degrees
1900,-2,-2.0000000000000000e+00,-2.5733333333333330e-01,-1,-1,9.4622222222232044e-04,wind_direction:18.4_m:degrees
1901,-2,-2.0000000000000000e+00,-8.3669724770642218e-02,-1,-1,8.7277165221783144e-04,wind_direction:18.4_m:degrees
1902,-2,-2.0000000000000000e+00,-1.3399999999999998e-01,-1,-1,5.4399999999996465e-04,wind_direction:18.4_m:degrees
1903,-2,-2.0000000000000000e+00,-1.2368421052631577e-01,-1,-1,4.3379501385041805e-04,wind_direction:18.4_m:degrees
1904,6,2.2650000000000000e+02,-9.7055214723926378e-02,1905,1906,8.4654296360419171e-04,wave_direction:0_m:degrees
1905,-2,-2.0000000000000000e+00,-7.5555555555555556e-02,-1,-1,5.8765432098765395e-04,wind_direction:18.4_m:degrees
1906,7,1.1500000357627869e+00,-1.0132352941176469e-01,1977,1978,7.8795415224914081e-04,wave_height:0_m:m
1907,-2,-2.0000000000000000e+00,-2.8999999999999998e-01,-1,-1,0.0000000000000000e+00,wind_direction:18.4_m:degrees
1908,-2,-2.0000000000000000e+00,-4.0357142857142853e-01,-1,-1,7.0867346938779940e-04,wind_direction:18.4_m:degrees
1909,-2,-2.0000000000000000e+00,-5.6357142857142861e-01,-1,-1,1.1515306122449886e-03,wind_direction:18.4_m:degrees
1910,-2,-2.0000000000000000e+00,-4.5000000000000001e-01,-1,-1,4.1633363423443370e-16,wind_direction:18.4_m:degrees
1911,-2,-2.0000000000000000e+00,-4.7666666666666663e-01,-1,-1,1.4222222222221859e-03,wind_direction:18.4_m:degrees
1912,-2,-2.0000000000000000e+00,-3.4999999999999998e-01,-1,-1,4.1633363423443370e-17,wind_direction:18.4_m:degrees
1913,-2,-2.0000000000000000e+00,-9.1666666666666674e-02,-1,-1,1.4138888888888881e-03,wind_direction:18.4_m:degrees
1914,-2,-2.0000000000000000e+00,-1.3900000000000001e-01,-1,-1,1.2649999999999988e-03,wind_direction:18.4_m:degrees
1915,-2,-2.0000000000000000e+00,-1.4555555555555555e-01,-1,-1,5.8024691358025265e-04,wind_direction:18.4_m:degrees
1916,-2,-2.0000000000000000e+00,-8.5000000000000006e-02,-1,-1,2.2499999999998563e-04,wind_direction:18.4_m:degrees
1917,-2,-2.0000000000000000e+00,-5.7999999999999996e-01,-1,-1,0.0000000000000000e+00,wind_direction:18.4_m:degrees
1918,-2,-2.0000000000000000e+00,-6.8000000000000005e-01,-1,-1,-1.1102230246251565e-16,wind_direction:18.4_m:degrees
1919,-2,-2.0000000000000000e+00,-1.3000000000000000e-01,-1,-1,0.0000000000000000e+00,wind_direction:18.4_m:degrees
1920,-2,-2.0000000000000000e+00,-2.3000000000000001e-01,-1,-1,0.0000000000000000e+00,wind_direction:18.4_m:degrees
1921,-2,-2.0000000000000000e+00,-6.9090909090909092e-02,-1,-1,1.3553719008264475e-04,wind_direction:18.4_m:degrees
1922,5,4.6649999618530273e+01,-1.0619047619047620e-01,1923,1924,1.4283446712018109e-03,relative_humidity:18.4_m:%
1923,-2,-2.0000000000000000e+00,-1.8500000000000000e-01,-1,-1,1.2249999999999969e-03,wind_direction:18.4_m:degrees
1924,10,1.0456202983856201e+01,-1.0224999999999999e-01,1925,1926,1.1124375000000006e-03,wind_speed:18.4_m:m_s-1
1925,-2,-2.0000000000000000e+00,-9.5142857142857154e-02,-1,-1,7.2212244897959001e-04,wind_direction:18.4_m:degrees
1926,-2,-2.0000000000000000e+00,-1.5200000000000000e-01,-1,-1,1.0160000000000065e-03,wind_direction:18.4_m:degrees
1927,-2,-2.0000000000000000e+00,-1.0760869565217393e-01,-1,-1,5.5732514177694349e-04,wind_direction:18.4_m:degrees
1928,-2,-2.0000000000000000e+00,-1.3480000000000003e-01,-1,-1,3.7695999999997828e-04,wind_direction:18.4_m:degrees
1929,-2,-2.0000000000000000e+00,-1.1991150442477867e-01,-1,-1,7.0353199154201372e-04,wind_direction:18.4_m:degrees
1930,-2,-2.0000000000000000e+00,-1.0000000000000000e-02,-1,-1,2.1529544640130904e-16,wind_direction:18.4_m:degrees
1931,1,2.9656584167480469e+02,-1.0500000000000000e-01,1933,1934,1.3225000000000002e-02,azimuth:0_m:degrees
1932,-2,-2.0000000000000000e+00,-2.7808716707021681e-02,-1,-1,2.6335808382531756e-04,wind_direction:18.4_m:degrees
1933,-2,-2.0000000000000000e+00,1.0000000000000000e-02,-1,-1,0.0000000000000000e+00,wind_direction:18.4_m:degrees
1934,-2,-2.0000000000000000e+00,-2.2000000000000000e-01,-1,-1,0.0000000000000000e+00,wind_direction:18.4_m:degrees
1935,-2,-2.0000000000000000e+00,1.6666666666666670e-03,-1,-1,7.8055555555555571e-04,wind_direction:18.4_m:degrees
1936,-2,-2.0000000000000000e+00,-4.4390243902439029e-02,-1,-1,7.9048185603807202e-04,wind_direction:18.4_m:degrees
1937,-2,-2.0000000000000000e+00,-1.2083333333333332e-01,-1,-1,2.9652777777777056e-04,wind_direction:18.4_m:degrees
1938,-2,-2.0000000000000000e+00,-9.1363636363636355e-02,-1,-1,4.0268595041323234e-04,wind_direction:18.4_m:degrees
1939,-2,-2.0000000000000000e+00,-1.0000000000000001e-01,-1,-1,7.3333333333333063e-04,wind_direction:18.4_m:degrees
1940,-2,-2.0000000000000000e+00,-1.4624999999999999e-01,-1,-1,7.9843749999998839e-04,wind_direction:18.4_m:degrees
1941,-2,-2.0000000000000000e+00,2.0000000000000000e-02,-1,-1,4.0000000000000002e-04,wind_direction:18.4_m:degrees
1942,-2,-2.0000000000000000e+00,-6.0000000000000005e-02,-1,-1,8.4166666666666461e-04,wind_direction:18.4_m:degrees
1943,3,1.0083999938964844e+03,-3.8703703703703719e-02,1945,1946,9.5202331961591292e-04,pressure:18.4_m:hPa
1944,-2,-2.0000000000000000e+00,-9.5000000000000001e-02,-1,-1,2.2500000000000644e-04,wind_direction:18.4_m:degrees
1945,-2,-2.0000000000000000e+00,-5.7727272727272738e-02,-1,-1,8.3574380165289154e-04,wind_direction:18.4_m:degrees
1946,-2,-2.0000000000000000e+00,-2.5625000000000002e-02,-1,-1,6.1210937500000002e-04,wind_direction:18.4_m:degrees
1947,-2,-2.0000000000000000e+00,7.0000000000000007e-02,-1,-1,0.0000000000000000e+00,wind_direction:18.4_m:degrees
1948,-2,-2.0000000000000000e+00,-3.9130434782608685e-02,-1,-1,4.6663516068052940e-04,wind_direction:18.4_m:degrees
1949,-2,-2.0000000000000000e+00,-3.8666666666666671e-01,-1,-1,8.8888888888860595e-05,wind_direction:18.4_m:degrees
1950,12,-3.3292340114712715e-02,-4.5571428571428568e-01,1951,1952,1.8102040816325993e-03,bulk_richardson:18.4_m:none
1951,-2,-2.0000000000000000e+00,-5.0749999999999995e-01,-1,-1,1.5687500000000631e-03,wind_direction:18.4_m:degrees
1952,-2,-2.0000000000000000e+00,-4.3499999999999994e-01,-1,-1,4.0500000000007197e-04,wind_direction:18.4_m:degrees
1953,6,1.7750000000000000e+02,-2.2875000000000001e-01,1955,1956,2.8609374999999937e-03,wave_direction:0_m:degrees
1954,-2,-2.0000000000000000e+00,-1.8628571428571422e-01,-1,-1,1.3147755102040776e-03,wind_direction:18.4_m:degrees
1955,-2,-2.0000000000000000e+00,-1.8750000000000003e-01,-1,-1,1.1874999999998692e-04,wind_direction:18.4_m:degrees
1956,-2,-2.0000000000000000e+00,-2.7000000000000002e-01,-1,-1,2.1999999999999936e-03,wind_direction:18.4_m:degrees
1957,-2,-2.0000000000000000e+00,-8.9814814814814820e-02,-1,-1,5.4255829903977759e-04,wind_direction:18.4_m:degrees
1958,4,1.2442698955535889e+01,-7.0281690140845052e-02,1959,1960,7.8583614362230658e-04,mixing_ratio:18.4_m:g_kg-1
1959,-2,-2.0000000000000000e+00,-6.4193548387096774e-02,-1,-1,4.7273673257024369e-04,wind_direction:18.4_m:degrees
1960,-2,-2.0000000000000000e+00,-1.1222222222222220e-01,-1,-1,9.2839506172838655e-04,wind_direction:18.4_m:degrees
1961,-2,-2.0000000000000000e+00,-1.0666666666666666e-01,-1,-1,8.2222222222222419e-04,wind_direction:18.4_m:degrees
1962,-2,-2.0000000000000000e+00,-5.7000000000000009e-02,-1,-1,4.0100000000000205e-04,wind_direction:18.4_m:degrees
1963,-2,-2.0000000000000000e+00,-1.7285714285714285e-01,-1,-1,7.0612244897959656e-04,wind_direction:18.4_m:degrees
1964,-2,-2.0000000000000000e+00,-2.2875000000000001e-01,-1,-1,7.1093749999998762e-04,wind_direction:18.4_m:degrees
1965,-2,-2.0000000000000000e+00,-1.0695652173913045e-01,-1,-1,8.3856332703213798e-04,wind_direction:18.4_m:degrees
1966,-2,-2.0000000000000000e+00,-1.5125000000000000e-01,-1,-1,1.3593749999998850e-04,wind_direction:18.4_m:degrees
1967,-2,-2.0000000000000000e+00,-1.7749999999999999e-01,-1,-1,1.0687499999999933e-03,wind_direction:18.4_m:degrees
1968,-2,-2.0000000000000000e+00,-1.3166666666666671e-01,-1,-1,6.0277777777777153e-04,wind_direction:18.4_m:degrees
1969,-2,-2.0000000000000000e+00,-1.4999999999999999e-01,-1,-1,0.0000000000000000e+00,wind_direction:18.4_m:degrees
1970,-2,-2.0000000000000000e+00,-7.3333333333333306e-02,-1,-1,8.1777777777777578e-04,wind_direction:18.4_m:degrees
1971,-2,-2.0000000000000000e+00,-2.0000000000000001e-01,-1,-1,0.0000000000000000e+00,wind_direction:18.4_m:degrees
1972,-2,-2.0000000000000000e+00,-9.2046979865771733e-02,-1,-1,5.9815886671771637e-04,wind_direction:18.4_m:degrees
1973,-2,-2.0000000000000000e+00,-2.3969465648854965e-02,-1,-1,4.6210593788240746e-04,wind_direction:18.4_m:degrees
1974,-2,-2.0000000000000000e+00,-1.1941747572815534e-02,-1,-1,2.5836553869356402e-04,wind_direction:18.4_m:degrees
1975,-2,-2.0000000000000000e+00,-8.0000000000000002e-02,-1,-1,0.0000000000000000e+00,wind_direction:18.4_m:degrees
1976,-2,-2.0000000000000000e+00,-1.6272727272727272e-01,-1,-1,6.9256198347107320e-04,wind_direction:18.4_m:degrees
1977,6,2.3450000000000000e+02,-9.7606837606837638e-02,1979,1980,7.0367448316166481e-04,wave_direction:0_m:degrees
1978,-2,-2.0000000000000000e+00,-1.2421052631578947e-01,-1,-1,6.9806094182827717e-04,wind_direction:18.4_m:degrees
1979,-2,-2.0000000000000000e+00,-8.9315068493150671e-02,-1,-1,5.5706511540625121e-04,wind_direction:18.4_m:degrees
1980,-2,-2.0000000000000000e+00,-1.1136363636363637e-01,-1,-1,6.4359504132232778e-04,wind_direction:18.4_m:degrees
1981,-2,-2.0000000000000000e+00,-4.2388392857142812e-02,-1,-1,3.5300093670281147e-04,wind_direction:18.4_m:degrees
1982,-2,-2.0000000000000000e+00,-3.3928571428571391e-02,-1,-1,3.1353458049886455e-04,wind_direction:18.4_m:degrees
1983,-2,-2.0000000000000000e+00,-1.7999999999999999e-01,-1,-1,0.0000000000000000e+00,wind_direction:18.4_m:degrees
1984,-2,-2.0000000000000000e+00,-2.6000000000000001e-01,-1,-1,3.2222222222220986e-04,wind_direction:18.4_m:degrees
1985,-2,-2.0000000000000000e+00,-2.0000000000000001e-01,-1,-1,2.9999999999999472e-04,wind_direction:18.4_m:degrees
1986,-2,-2.0000000000000000e+00,-8.0000000000000002e-02,-1,-1,-4.3368086899420177e-18,wind_direction:18.4_m:degrees
1987,-2,-2.0000000000000000e+00,-1.4103448275862066e-01,-1,-1,5.6099881093936432e-04,wind_direction:18.4_m:degrees
1988,5,9.8599998474121094e+01,-1.1688524590163936e-01,1989,1990,6.1488847084116560e-04,relative_humidity:18.4_m:%
1989,-2,-2.0000000000000000e+00,-1.1362068965517241e-01,-1,-1,3.3689060642093024e-04,wind_direction:18.4_m:degrees
1990,-2,-2.0000000000000000e+00,-1.8000000000000002e-01,-1,-1,1.7999999999998642e-03,wind_direction:18.4_m:degrees
1991,-2,-2.0000000000000000e+00,-7.5714285714285720e-02,-1,-1,5.9591836734694016e-04,wind_direction:18.4_m:degrees
1992,-2,-2.0000000000000000e+00,-1.1227272727272729e-01,-1,-1,7.7210743801652167e-04,wind_direction:18.4_m:degrees
1993,-2,-2.0000000000000000e+00,-4.3500000000000000e-01,-1,-1,4.7500000000000320e-04,wind_direction:18.4_m:degrees
1994,-2,-2.0000000000000000e+00,-5.1666666666666672e-01,-1,-1,8.8888888889138151e-05,wind_direction:18.4_m:degrees
1995,-2,-2.0000000000000000e+00,-8.9333333333333342e-01,-1,-1,3.5555555555544238e-04,wind_direction:18.4_m:degrees
1996,-2,-2.0000000000000000e+00,-7.7000000000000002e-01,-1,-1,2.2204460492503131e-16,wind_direction:18.4_m:degrees
1997,-2,-2.0000000000000000e+00,-1.9000000000000000e-01,-1,-1,0.0000000000000000e+00,wind_direction:18.4_m:degrees
1998,-2,-2.0000000000000000e+00,-3.1333333333333330e-01,-1,-1,2.2222222222256782e-05,wind_direction:18.4_m:degrees
1999,-2,-2.0000000000000000e+00,-2.9565217391304351e-02,-1,-1,2.4763705103969752e-04,wind_direction:18.4_m:degrees
2000,-2,-2.0000000000000000e+00,-5.3155080213903728e-02,-1,-1,5.0074065600961247e-04,wind_direction:18.4_m:degrees
2001,-2,-2.0000000000000000e+00,-3.4235294117647044e-02,-1,-1,5.3265051903114312e-04,wind_direction:18.4_m:degrees
2002,-2,-2.0000000000000000e+00,-9.0000000000000011e-03,-1,-1,3.1900000000000537e-04,wind_direction:18.4_m:degrees
2003,-2,-2.0000000000000000e+00,-1.2480000000000001e-01,-1,-1,1.0409599999999936e-03,wind_direction:18.4_m:degrees
2004,-2,-2.0000000000000000e+00,-1.9000000000000003e-01,-1,-1,2.0816681711721685e-17,wind_direction:18.4_m:degrees
2005,10,8.7160811424255371e+00,-4.7222222222222235e-02,2029,2030,6.2006172839506072e-04,wind_speed:18.4_m:m_s-1
2006,11,2.0326999664306641e+02,-6.6894409937888213e-02,2007,2008,6.1768450291269875e-04,wind_direction:18.4_m:degrees
2007,-2,-2.0000000000000000e+00,-7.4054054054054033e-02,-1,-1,6.1689797906014279e-04,wind_direction:18.4_m:degrees
2008,-2,-2.0000000000000000e+00,-5.0999999999999997e-02,-1,-1,2.5299999999998891e-04,wind_direction:18.4_m:degrees
2009,-2,-2.0000000000000000e+00,-1.3333333333333333e-01,-1,-1,3.5555555555555687e-04,wind_direction:18.4_m:degrees
2010,-2,-2.0000000000000000e+00,-2.0444444444444443e-01,-1,-1,1.3580246913579008e-04,wind_direction:18.4_m:degrees
2011,-2,-2.0000000000000000e+00,2.3181818181818178e-02,-1,-1,3.8533057851239611e-04,wind_direction:18.4_m:degrees
2012,-2,-2.0000000000000000e+00,7.5999999999999998e-02,-1,-1,2.4000000000002318e-05,wind_direction:18.4_m:degrees
2013,-2,-2.0000000000000000e+00,-5.3571428571428570e-01,-1,-1,1.6530612244898268e-03,wind_direction:18.4_m:degrees
2014,-2,-2.0000000000000000e+00,-6.0250000000000004e-01,-1,-1,1.9187499999999136e-03,wind_direction:18.4_m:degrees
2015,-2,-2.0000000000000000e+00,-2.6395348837209284e-02,-1,-1,4.4553362177753941e-04,wind_direction:18.4_m:degrees
2016,-2,-2.0000000000000000e+00,-3.7179487179487158e-02,-1,-1,4.3307034845497367e-04,wind_direction:18.4_m:degrees
2017,0,7.9636604309082031e+01,-4.9500000000000000e-01,2019,2020,3.7750000000002504e-03,zenith:0_m:degrees
2018,-2,-2.0000000000000000e+00,-5.4666666666666663e-01,-1,-1,4.6666666666661527e-04,wind_direction:18.4_m:degrees
2019,-2,-2.0000000000000000e+00,-5.3800000000000003e-01,-1,-1,1.0959999999999859e-03,wind_direction:18.4_m:degrees
2020,-2,-2.0000000000000000e+00,-4.2333333333333334e-01,-1,-1,2.2222222222229027e-05,wind_direction:18.4_m:degrees
2021,-2,-2.0000000000000000e+00,-4.5454545454545456e-02,-1,-1,6.0661157024793390e-04,wind_direction:18.4_m:degrees
2022,-2,-2.0000000000000000e+00,-1.3219567690557385e-02,-1,-1,2.2547056136032362e-04,wind_direction:18.4_m:degrees
2023,-2,-2.0000000000000000e+00,-2.6666666666666666e-01,-1,-1,2.2222222222229027e-05,wind_direction:18.4_m:degrees
2024,-2,-2.0000000000000000e+00,-1.8000000000000002e-01,-1,-1,1.9999999999999185e-04,wind_direction:18.4_m:degrees
2025,-2,-2.0000000000000000e+00,-2.7000000000000002e-01,-1,-1,2.0000000000000573e-04,wind_direction:18.4_m:degrees
2026,-2,-2.0000000000000000e+00,-2.0090909090909095e-01,-1,-1,5.3553719008264666e-04,wind_direction:18.4_m:degrees
2027,-2,-2.0000000000000000e+00,-5.2500000000000002e-01,-1,-1,1.2499999999998623e-04,wind_direction:18.4_m:degrees
2028,-2,-2.0000000000000000e+00,-4.5000000000000001e-01,-1,-1,2.6666666666660954e-04,wind_direction:18.4_m:degrees
2029,-2,-2.0000000000000000e+00,-4.2941176470588240e-02,-1,-1,3.2664359861591611e-04,wind_direction:18.4_m:degrees
2030,-2,-2.0000000000000000e+00,-1.2000000000000000e-01,-1,-1,3.4694469519536142e-18,wind_direction:18.4_m:degrees
2031,-2,-2.0000000000000000e+00,-2.4666666666666667e-01,-1,-1,9.5555555555554977e-04,wind_direction:18.4_m:degrees
2032,-2,-2.0000000000000000e+00,-1.4999999999999999e-01,-1,-1,-1.3877787807814457e-17,wind_direction:18.4_m:degrees
2033,-2,-2.0000000000000000e+00,-2.3000000000000001e-01,-1,-1,9.0000000000000496e-04,wind_direction:18.4_m:degrees
2034,-2,-2.0000000000000000e+00,-3.1200000000000000e-01,-1,-1,7.3599999999997279e-04,wind_direction:18.4_m:degrees
2035,-2,-2.0000000000000000e+00,-8.3200000000000024e-02,-1,-1,7.1375999999999905e-04,wind_direction:18.4_m:degrees
2036,-2,-2.0000000000000000e+00,-1.1615384615384615e-01,-1,-1,7.4674556213018446e-04,wind_direction:18.4_m:degrees
2037,-2,-2.0000000000000000e+00,-9.5000000000000001e-02,-1,-1,2.5000000000000716e-05,wind_direction:18.4_m:degrees
2038,-2,-2.0000000000000000e+00,-1.7368421052631577e-01,-1,-1,4.2326869806095721e-04,wind_direction:18.4_m:degrees
2039,-2,-2.0000000000000000e+00,-3.3750000000000002e-01,-1,-1,1.0687500000000072e-03,wind_direction:18.4_m:degrees
2040,-2,-2.0000000000000000e+00,-2.5666666666666665e-01,-1,-1,8.8888888888888351e-05,wind_direction:18.4_m:degrees
2041,-2,-2.0000000000000000e+00,-1.4352941176470591e-01,-1,-1,8.4636678200693261e-04,wind_direction:18.4_m:degrees
2042,-2,-2.0000000000000000e+00,-9.3333333333333338e-02,-1,-1,8.8888888888874473e-05,wind_direction:18.4_m:degrees
2043,-2,-2.0000000000000000e+00,-4.0000000000000001e-02,-1,-1,0.0000000000000000e+00,wind_direction:18.4_m:degrees
2044,-2,-2.0000000000000000e+00,-1.0183486238532113e-01,-1,-1,5.2507364699941154e-04,wind_direction:18.4_m:degrees
2045,-2,-2.0000000000000000e+00,-7.9577464788732399e-02,-1,-1,6.9418766117834013e-04,wind_direction:18.4_m:degrees
2046,-2,-2.0000000000000000e+00,-9.4861111111111118e-02,-1,-1,6.9164737654318735e-04,wind_direction:18.4_m:degrees
