Node,feature,threshold,value,children_left,children_right,impurity,feature_name
0,6,2.1950000000000000e+02,-6.1159552405479385e-02,1,2,9.0254245077065320e-03,wave_direction:0_m:degrees
1,10,1.2758976459503174e+01,-4.1240973827661905e-02,5,6,4.3275692113480518e-03,wind_speed:18.4_m:m_s-1
2,10,1.2031610488891602e+01,-1.4008821533589208e-01,3,4,1.9839101016970513e-02,wind_speed:18.4_m:m_s-1
3,10,9.1598420143127441e+00,-8.5138232344935921e-02,11,12,5.2128909333611665e-03,wind_speed:18.4_m:m_s-1
4,10,1.4655768394470215e+01,-3.4621708758731845e-01,9,10,2.0889182319515032e-02,wind_speed:18.4_m:m_s-1
5,10,8.5885100364685059e+00,-3.5098010617810940e-02,7,8,1.9212858259246954e-03,wind_speed:18.4_m:m_s-1
6,10,1.6270013809204102e+01,-3.2017218543046377e-01,13,14,3.4072685583989459e-02,wind_speed:18.4_m:m_s-1
7,10,6.2866487503051758e+00,-2.2568655719256547e-02,15,16,8.2412390378412323e-04,wind_speed:18.4_m:m_s-1
8,10,1.0599782943725586e+01,-9.6080780421016795e-02,17,18,2.7784100413584534e-03,wind_speed:18.4_m:m_s-1
9,10,1.3569012165069580e+01,-2.7714285714285736e-01,23,24,9.1253342716396818e-03,wind_speed:18.4_m:m_s-1
10,10,1.6453045845031738e+01,-4.7706065318818069e-01,19,20,1.7014843910616306e-02,wind_speed:18.4_m:m_s-1
11,10,6.7830152511596680e+00,-5.2269197584124572e-02,21,22,1.9524866353354698e-03,wind_speed:18.4_m:m_s-1
12,11,2.7508499145507812e+02,-1.5011940298507467e-01,25,26,5.3001989625434190e-03,wind_direction:18.4_m:degrees
13,5,6.6700000762939453e+01,-2.4644939965694693e-01,29,30,1.1972813477341054e-02,relative_humidity:18.4_m:%
14,11,3.4585499572753906e+02,-5.7005813953488371e-01,45,46,2.8115694294213456e-02,wind_direction:18.4_m:degrees
15,10,4.5509834289550781e+00,-1.4113438407299960e-02,41,42,5.5296763774187571e-04,wind_speed:18.4_m:m_s-1
16,12,-2.9989043250679970e-02,-4.0390121298218860e-02,39,40,9.2736392383007673e-04,bulk_richardson:18.4_m:none
17,12,-1.3827230315655470e-02,-8.0879629629629968e-02,31,32,1.8531005207204874e-03,bulk_richardson:18.4_m:none
18,5,6.6850002288818359e+01,-1.3195514663599783e-01,49,50,3.1298174246328324e-03,relative_humidity:18.4_m:%
19,4,3.4846711158752441e+00,-4.2917257683215143e-01,27,28,1.2346596694777640e-02,mixing_ratio:18.4_m:g_kg-1
20,5,7.3149997711181641e+01,-5.6913636363636366e-01,111,112,1.3103345041323655e-02,relative_humidity:18.4_m:%
21,10,5.2936847209930420e+00,-3.3310032894736906e-02,89,90,1.1016670374988987e-03,wind_speed:18.4_m:m_s-1
22,12,-2.7479352429509163e-02,-7.3189655172413895e-02,37,38,2.0570221071405147e-03,bulk_richardson:18.4_m:none
23,12,-2.6472866535186768e-02,-2.5265734265734263e-01,35,36,7.6078569449198469e-03,bulk_richardson:18.4_m:none
24,4,3.7465147972106934e+00,-3.3550000000000008e-01,57,58,7.9075277777780201e-03,mixing_ratio:18.4_m:g_kg-1
25,10,1.0882411479949951e+01,-1.1484394506866413e-01,61,62,2.2289706531006120e-03,wind_speed:18.4_m:m_s-1
26,10,1.0430026531219482e+01,-1.6841968911917099e-01,33,34,5.9130466589705222e-03,wind_speed:18.4_m:m_s-1
27,6,2.3550000000000000e+02,-4.6201923076923090e-01,97,98,9.8231662968442102e-03,wave_direction:0_m:degrees
28,3,9.9370001220703125e+02,-3.3684684684684685e-01,93,94,7.8828504179858372e-03,pressure:18.4_m:hPa
29,2,2.8741499328613281e+02,-3.1578651685393255e-01,43,44,1.5906403863148649e-02,water_sfc_temperature:0_m:K
30,10,1.3728858470916748e+01,-2.1597530864197537e-01,59,60,7.2023203779911851e-03,wind_speed:18.4_m:m_s-1
31,4,3.5816732645034790e+00,-1.1221164021164004e-01,77,78,2.5588123512780003e-03,mixing_ratio:18.4_m:g_kg-1
32,10,9.4418907165527344e+00,-7.1506805951250793e-02,51,52,1.2604709096776254e-03,wind_speed:18.4_m:m_s-1
33,7,8.4999999403953552e-01,-1.4124365482233503e-01,83,84,4.1451538302971110e-03,wave_height:0_m:m
34,12,-3.8024233654141426e-02,-1.9674603174603172e-01,53,54,6.1835915847820375e-03,bulk_richardson:18.4_m:none
35,10,1.3117447853088379e+01,-2.9466666666666674e-01,71,72,7.4414222222221743e-03,wind_speed:18.4_m:m_s-1
36,8,5.7500000000000000e+00,-2.2004140786749476e-01,75,76,5.3031038754507362e-03,wave_period:0_m:s
37,0,7.0927337646484375e+01,-9.1069558713537738e-02,121,122,1.9920497614358528e-03,zenith:0_m:degrees
38,12,5.3371600806713104e-03,-4.5617070357554808e-02,293,294,9.0397331875275745e-04,bulk_richardson:18.4_m:none
39,11,2.5193000030517578e+02,-5.8801563178462940e-02,73,74,1.3424630110171623e-03,wind_direction:18.4_m:degrees
40,10,7.3657078742980957e+00,-3.4198306074766961e-02,63,64,6.3542621208386493e-04,wind_speed:18.4_m:m_s-1
41,10,3.3163383007049561e+00,-7.7352264773523612e-03,189,190,4.4695559241196781e-04,wind_speed:18.4_m:m_s-1
42,4,3.8335893154144287e+00,-2.0982017874448557e-02,65,66,5.7614342597012808e-04,mixing_ratio:18.4_m:g_kg-1
43,12,6.7334298510104418e-03,-3.4233766233766244e-01,103,104,1.1104924945184794e-02,bulk_richardson:18.4_m:none
44,5,5.7799999237060547e+01,-1.4541666666666667e-01,143,144,1.3166493055555558e-02,relative_humidity:18.4_m:%
45,10,1.8709507942199707e+01,-5.5624242424242420e-01,47,48,2.3177395775941245e-02,wind_speed:18.4_m:m_s-1
46,3,9.8830001831054688e+02,-8.9571428571428580e-01,105,106,3.3967346938774012e-02,pressure:18.4_m:hPa
47,12,4.7360647004097700e-03,-4.9303921568627473e-01,79,80,1.7325076893502517e-02,bulk_richardson:18.4_m:none
48,10,2.1024195671081543e+01,-6.5857142857142859e-01,67,68,1.5713832199546418e-02,wind_speed:18.4_m:m_s-1
49,12,-4.6104264911264181e-03,-1.8383928571428565e-01,137,138,4.1941884566326845e-03,bulk_richardson:18.4_m:none
50,10,1.1096817016601562e+01,-1.2428382838283841e-01,69,70,2.5155762071255756e-03,wind_speed:18.4_m:m_s-1
51,12,1.1737196706235409e-02,-5.8108288770053453e-02,147,148,1.0652048510823965e-03,bulk_richardson:18.4_m:none
52,12,1.1958460789173841e-02,-8.3559831629585052e-02,135,136,1.1293600702059585e-03,bulk_richardson:18.4_m:none
53,11,3.1579499816894531e+02,-2.1958737864077665e-01,55,56,6.1850239183711408e-03,wind_direction:18.4_m:degrees
54,12,1.4742258281330578e-04,-1.6938953488372091e-01,101,102,4.8086389602489607e-03,bulk_richardson:18.4_m:none
55,0,1.5758282470703125e+02,-2.3881028938906745e-01,199,200,5.6670733346430024e-03,zenith:0_m:degrees
56,2,2.8094000244140625e+02,-1.6039603960396040e-01,661,662,3.1384570140180305e-03,water_sfc_temperature:0_m:K
57,12,-2.4172165431082249e-02,-3.5754863813229576e-01,299,300,7.4846523035926871e-03,bulk_richardson:18.4_m:none
58,2,2.8858999633789062e+02,-2.8048543689320388e-01,211,212,4.7230653218967161e-03,water_sfc_temperature:0_m:K
59,2,2.8393499755859375e+02,-1.9028688524590170e-01,241,242,4.8462291722654940e-03,water_sfc_temperature:0_m:K
60,12,1.7627997323870659e-02,-2.5490683229813682e-01,107,108,8.2572894564253707e-03,bulk_richardson:18.4_m:none
61,4,8.3349943161010742e+00,-9.6742738589211563e-02,163,164,1.7223777999690396e-03,mixing_ratio:18.4_m:g_kg-1
62,4,8.2650356292724609e+00,-1.4219435736677122e-01,313,314,1.7512976484114415e-03,mixing_ratio:18.4_m:g_kg-1
63,12,1.3152882922440767e-02,-2.6949247071946798e-02,377,378,4.2348710623731404e-04,bulk_richardson:18.4_m:none
64,10,8.0135698318481445e+00,-4.2167381974249192e-02,217,218,7.4714181773196460e-04,wind_speed:18.4_m:m_s-1
65,11,2.8747000122070312e+02,-3.8605898123324399e-02,205,206,9.6642109121749782e-04,wind_direction:18.4_m:degrees
66,12,-1.9397343508899212e-02,-1.8567580803134556e-02,87,88,4.7429489414745339e-04,bulk_richardson:18.4_m:none
67,4,3.6104815006256104e+00,-6.4100000000000013e-01,171,172,9.6556666666665070e-03,mixing_ratio:18.4_m:g_kg-1
68,3,9.8554998779296875e+02,-1.0100000000000000e+00,1133,1134,7.1999999999983189e-03,pressure:18.4_m:hPa
69,12,1.1237019207328558e-02,-1.0187755102040819e-01,275,276,1.8695360266555681e-03,bulk_richardson:18.4_m:none
70,7,3.5000000000000000e+00,-1.3499512195121940e-01,153,154,2.4696829030339054e-03,wave_height:0_m:m
71,11,3.1452499389648438e+02,-2.7599264705882359e-01,85,86,6.6659264165224857e-03,wind_direction:18.4_m:degrees
72,7,1.6500000357627869e+00,-3.4398058252427199e-01,195,196,6.1365821472333243e-03,wave_height:0_m:m
73,10,7.3218302726745605e+00,-4.5195195195195180e-02,187,188,9.1585278972666035e-04,wind_speed:18.4_m:m_s-1
74,10,7.8132634162902832e+00,-6.9225460122699339e-02,165,166,1.4188019284692415e-03,wind_speed:18.4_m:m_s-1
75,3,9.9179998779296875e+02,-1.9874125874125870e-01,263,264,3.6620519340800489e-03,pressure:18.4_m:hPa
76,7,1.3499999642372131e+00,-2.5096446700507596e-01,141,142,6.0706434074569854e-03,wave_height:0_m:m
77,10,9.4893651008605957e+00,-1.3478142076502739e-01,149,150,2.5550068679267672e-03,wind_speed:18.4_m:m_s-1
78,12,-4.8315977677702904e-02,-9.7944732297063894e-02,233,234,2.0356722477263261e-03,bulk_richardson:18.4_m:none
79,5,9.2750000000000000e+01,-5.2240506329113923e-01,81,82,1.5706873898413631e-02,relative_humidity:18.4_m:%
80,2,2.7919999694824219e+02,-3.9217391304347826e-01,207,208,9.7474480151225895e-03,water_sfc_temperature:0_m:K
81,5,5.6450000762939453e+01,-5.0760000000000005e-01,95,96,1.1034239999999973e-02,relative_humidity:18.4_m:%
82,10,1.7558247566223145e+01,-8.0000000000000004e-01,329,330,2.2149999999997561e-02,wind_speed:18.4_m:m_s-1
83,0,7.9488536834716797e+01,-1.1214876033057850e-01,193,194,2.8838125811078610e-03,zenith:0_m:degrees
84,12,-1.2508657760918140e-02,-1.5413919413919405e-01,131,132,4.1627205517315614e-03,bulk_richardson:18.4_m:none
85,9,8.9914897918701172e+01,-2.9524999999999996e-01,155,156,6.3079374999997911e-03,angle_between_wind_wave:0_m:degrees
86,6,2.6500000000000000e+02,-2.2250000000000003e-01,269,270,3.7687500000003690e-03,wave_direction:0_m:degrees
87,10,5.5703053474426270e+00,-2.4896810506566818e-02,257,258,4.7189366712543023e-04,wind_speed:18.4_m:m_s-1
88,12,3.3853190019726753e-02,-1.3245436105476783e-02,371,372,4.1430374579242758e-04,bulk_richardson:18.4_m:none
89,12,-6.9817937910556793e-02,-2.2135746606334793e-02,287,288,8.2294989865072340e-04,bulk_richardson:18.4_m:none
90,12,-5.1159124821424484e-02,-4.2614920874152286e-02,91,92,1.1431998677970292e-03,bulk_richardson:18.4_m:none
91,0,1.0834474563598633e+02,-5.5797503467406376e-02,347,348,1.2274153058339145e-03,zenith:0_m:degrees
92,3,1.0074499816894531e+03,-2.6930693069306826e-02,363,364,5.9024932196188092e-04,pressure:18.4_m:hPa
93,11,2.8545500183105469e+02,-4.3476190476190474e-01,197,198,9.1678004535147850e-03,wind_direction:18.4_m:degrees
94,1,2.0822373199462891e+02,-3.1400000000000006e-01,215,216,4.8239999999999672e-03,azimuth:0_m:degrees
95,11,3.0641500854492188e+02,-5.7516129032258057e-01,433,434,6.1927159209158589e-03,wind_direction:18.4_m:degrees
96,12,-1.0521681513637304e-02,-4.6000000000000002e-01,151,152,8.9636363636364513e-03,bulk_richardson:18.4_m:none
97,3,1.0130499877929688e+03,-4.7275092936802987e-01,99,100,9.1723580381695424e-03,pressure:18.4_m:hPa
98,4,9.2845743894577026e-01,-3.9488372093023255e-01,235,236,8.6668469442947316e-03,mixing_ratio:18.4_m:g_kg-1
99,1,2.7030796813964844e+02,-4.5740740740740765e-01,157,158,7.2738340192043949e-03,azimuth:0_m:degrees
100,4,1.6127593517303467e+00,-5.3528301886792440e-01,173,174,1.2040014239942720e-02,mixing_ratio:18.4_m:g_kg-1
101,2,2.9073500061035156e+02,-1.7663522012578622e-01,117,118,4.3342757406748533e-03,water_sfc_temperature:0_m:K
102,10,1.1516678810119629e+01,-8.0769230769230774e-02,873,874,2.1147928994081182e-03,wind_speed:18.4_m:m_s-1
103,5,6.6250000000000000e+01,-3.5208333333333353e-01,109,110,1.0344270833333252e-02,relative_humidity:18.4_m:%
104,-2,-2.0000000000000000e+00,-2.0200000000000001e-01,-1,-1,9.9600000000008709e-04,wind_direction:18.4_m:degrees
105,12,-5.5318211670964956e-03,-8.2499999999999984e-01,907,908,4.6249999999998792e-03,bulk_richardson:18.4_m:none
106,-2,-2.0000000000000000e+00,-1.3200000000000001e+00,-1,-1,0.0000000000000000e+00,wind_direction:18.4_m:degrees
107,5,8.8849998474121094e+01,-2.6361842105263150e-01,145,146,7.1033543975068253e-03,relative_humidity:18.4_m:%
108,4,8.7446284294128418e+00,-1.0777777777777778e-01,631,632,4.8172839506173282e-03,mixing_ratio:18.4_m:g_kg-1
109,0,7.3675903320312500e+01,-3.4760563380281700e-01,125,126,9.0463796865700025e-03,zenith:0_m:degrees
110,-2,-2.0000000000000000e+00,-6.7000000000000004e-01,-1,-1,1.3322676295501878e-15,wind_direction:18.4_m:degrees
111,6,2.3750000000000000e+02,-5.5255952380952367e-01,113,114,1.3314282171201841e-02,wave_direction:0_m:degrees
112,3,9.8650000000000000e+02,-6.2269230769230766e-01,169,170,8.6658284023664600e-03,pressure:18.4_m:hPa
113,10,1.8318084716796875e+01,-5.3866666666666674e-01,115,116,1.2259555555555413e-02,wind_speed:18.4_m:m_s-1
114,2,2.7595999145507812e+02,-6.6833333333333345e-01,251,252,7.0916666666689387e-03,water_sfc_temperature:0_m:K
115,8,5.2999999523162842e+00,-5.2275590551181117e-01,183,184,1.0783743567487014e-02,wave_period:0_m:s
116,0,1.4748911285400391e+02,-6.2652173913043474e-01,341,342,1.1292249527410148e-02,zenith:0_m:degrees
117,11,3.1356498718261719e+02,-1.8242524916943528e-01,119,120,3.8296663392236030e-03,wind_direction:18.4_m:degrees
118,2,2.9092500305175781e+02,-7.4117647058823538e-02,1017,1018,2.1653979238757818e-03,water_sfc_temperature:0_m:K
119,10,1.1342448234558105e+01,-2.0144927536231888e-01,209,210,3.1766435622767805e-03,wind_speed:18.4_m:m_s-1
120,5,6.0849998474121094e+01,-1.4053191489361705e-01,911,912,2.7156745133545060e-03,relative_humidity:18.4_m:%
121,6,2.5000000000000000e+02,-6.9902597402597383e-02,469,470,2.2171983049418106e-03,wave_direction:0_m:degrees
122,10,7.6152145862579346e+00,-9.7405247813411047e-02,123,124,1.7504101182330561e-03,wind_speed:18.4_m:m_s-1
123,11,2.7570500183105469e+02,-7.8078947368420998e-02,609,610,1.0144674515235553e-03,wind_direction:18.4_m:degrees
124,12,-9.9850449711084366e-02,-1.0872110939907551e-01,553,554,1.8345739919895954e-03,bulk_richardson:18.4_m:none
125,10,1.4710339069366455e+01,-4.1857142857142865e-01,139,140,1.1297959183673434e-02,wind_speed:18.4_m:m_s-1
126,10,1.4563596248626709e+01,-3.3017543859649118e-01,127,128,6.9526008002460948e-03,wind_speed:18.4_m:m_s-1
127,1,7.7712734222412109e+01,-3.0316455696202532e-01,687,688,3.5558083640443855e-03,azimuth:0_m:degrees
128,12,-1.6083951108157635e-02,-3.9114285714285724e-01,129,130,9.2558367346936288e-03,bulk_richardson:18.4_m:none
129,9,8.8717350006103516e+01,-5.6799999999999995e-01,561,562,8.6960000000000925e-03,angle_between_wind_wave:0_m:degrees
130,11,2.6291499328613281e+02,-3.6166666666666669e-01,997,998,3.2672222222221714e-03,wind_direction:18.4_m:degrees
131,0,9.5432323455810547e+01,-1.5973843058350093e-01,247,248,3.2423863098106111e-03,zenith:0_m:degrees
132,7,1.3499999642372131e+00,-9.7346938775510219e-02,133,134,9.9541857559350359e-03,wave_height:0_m:m
133,11,3.1038999938964844e+02,-6.3846153846153858e-02,887,888,1.8134122287968438e-03,wind_direction:18.4_m:degrees
134,3,1.0006999816894531e+03,-2.2799999999999998e-01,181,182,2.0255999999999968e-02,pressure:18.4_m:hPa
135,10,1.0084671497344971e+01,-8.8975346687211063e-02,179,180,1.0645124892865957e-03,wind_speed:18.4_m:m_s-1
136,11,2.1095500183105469e+02,-6.4301369863013644e-02,831,832,8.8478588853436752e-04,wind_direction:18.4_m:degrees
137,10,1.1591981887817383e+01,-1.9976190476190481e-01,249,250,3.7201814058957158e-03,wind_speed:18.4_m:m_s-1
138,5,3.3349999427795410e+01,-1.3607142857142859e-01,715,716,2.5738520408163761e-03,relative_humidity:18.4_m:%
139,5,4.0600000381469727e+01,-3.7380952380952381e-01,423,424,4.4045351473921968e-03,relative_humidity:18.4_m:%
140,11,2.6450999450683594e+02,-5.5285714285714294e-01,477,478,7.9346938775511910e-03,wind_direction:18.4_m:degrees
141,0,1.3851087951660156e+02,-1.7086956521739127e-01,597,598,2.8427221172022815e-03,zenith:0_m:degrees
142,11,2.7268000793457031e+02,-2.6155172413793087e-01,159,160,5.5372473246136228e-03,wind_direction:18.4_m:degrees
143,1,2.5022132873535156e+02,-1.7045454545454550e-01,295,296,6.8407024793388435e-03,azimuth:0_m:degrees
144,-2,-2.0000000000000000e+00,1.3000000000000000e-01,-1,-1,5.5511151231257827e-17,wind_direction:18.4_m:degrees
145,9,8.9969211578369141e+01,-3.0044776119402994e-01,239,240,6.3177099576742085e-03,angle_between_wind_wave:0_m:degrees
146,12,1.7035206779837608e-02,-2.3458823529411757e-01,243,244,5.8107128027682919e-03,bulk_richardson:18.4_m:none
147,7,2.8500000238418579e+00,-6.4130240856378154e-02,325,326,6.3887331385816069e-04,wave_height:0_m:m
148,11,3.0300000000000000e+02,-4.0106666666666631e-02,175,176,1.9071886222221971e-03,wind_direction:18.4_m:degrees
149,2,2.7902999877929688e+02,-1.1552763819095470e-01,549,550,2.0357768743213284e-03,water_sfc_temperature:0_m:K
150,9,8.9037406921386719e+01,-1.5772455089820359e-01,655,656,2.2056007744989253e-03,angle_between_wind_wave:0_m:degrees
151,-2,-2.0000000000000000e+00,-6.8000000000000005e-01,-1,-1,0.0000000000000000e+00,wind_direction:18.4_m:degrees
152,0,5.1124197006225586e+01,-4.4390243902439025e-01,355,356,5.8189173111242720e-03,zenith:0_m:degrees
153,10,1.2246732234954834e+01,-1.3413725490196074e-01,161,162,2.3309223375625500e-03,wind_speed:18.4_m:m_s-1
154,-2,-2.0000000000000000e+00,-3.1000000000000000e-01,-1,-1,1.2906342661267445e-15,wind_direction:18.4_m:degrees
155,3,1.0115000000000000e+03,-2.8119496855345910e-01,339,340,5.8859934338040265e-03,pressure:18.4_m:hPa
156,3,1.0148999938964844e+03,-3.4975609756097559e-01,283,284,4.2072575847712235e-03,pressure:18.4_m:hPa
157,10,1.4900948047637939e+01,-4.6988700564971769e-01,261,262,6.4530945769095127e-03,wind_speed:18.4_m:m_s-1
158,10,1.5614007472991943e+01,-4.0076923076923077e-01,167,168,7.0840236686388613e-03,wind_speed:18.4_m:m_s-1
159,10,1.3248037338256836e+01,-2.1740740740740735e-01,789,790,3.2117969821673642e-03,wind_speed:18.4_m:m_s-1
160,0,1.4280388641357422e+02,-2.8141666666666665e-01,185,186,5.3121597222222650e-03,zenith:0_m:degrees
161,12,-8.4130354225635529e-03,-1.2786864931846342e-01,231,232,2.1391995995387637e-03,bulk_richardson:18.4_m:none
162,5,6.8799999237060547e+01,-1.5788732394366198e-01,511,512,2.3443628909608979e-03,relative_humidity:18.4_m:%
163,3,1.0153500061035156e+03,-1.0779069767441862e-01,291,292,1.7119794483505049e-03,pressure:18.4_m:hPa
164,2,2.9029000854492188e+02,-6.9202898550724631e-02,1213,1214,6.8559651333750457e-04,water_sfc_temperature:0_m:K
165,0,7.9367794036865234e+01,-6.3142857142857139e-02,279,280,1.1817551020408164e-03,zenith:0_m:degrees
166,6,1.7650000000000000e+02,-8.7623456790123441e-02,701,702,1.6854014250876799e-03,wave_direction:0_m:degrees
167,12,-1.1479439679533243e-02,-3.4428571428571425e-01,429,430,3.5387755102041368e-03,bulk_richardson:18.4_m:none
168,10,1.5850886344909668e+01,-4.6666666666666667e-01,633,634,3.1555555555555503e-03,wind_speed:18.4_m:m_s-1
169,11,2.7338000488281250e+02,-6.5914285714285714e-01,523,524,3.9506938775509814e-03,wind_direction:18.4_m:degrees
170,10,1.9122004508972168e+01,-5.4764705882352949e-01,265,266,1.0006228373702630e-02,wind_speed:18.4_m:m_s-1
171,6,2.1300000000000000e+02,-7.0666666666666678e-01,481,482,8.8793650793649315e-03,wave_direction:0_m:degrees
172,11,1.2323500061035156e+02,-6.0564102564102573e-01,319,320,6.5015121630502826e-03,wind_direction:18.4_m:degrees
173,10,1.5380665779113770e+01,-5.5499999999999994e-01,191,192,1.0494565217391449e-02,wind_speed:18.4_m:m_s-1
174,-2,-2.0000000000000000e+00,-4.0571428571428569e-01,-1,-1,2.8530612244899445e-03,wind_direction:18.4_m:degrees
175,11,2.6482000732421875e+02,-4.5171428571428515e-02,845,846,5.8154204081633121e-04,wind_direction:18.4_m:degrees
176,11,3.0487500000000000e+02,3.0800000000000001e-02,177,178,1.5079359999999948e-02,wind_direction:18.4_m:degrees
177,-2,-2.0000000000000000e+00,3.3000000000000002e-01,-1,-1,-1.3877787807814457e-17,wind_direction:18.4_m:degrees
178,9,9.1062038421630859e+01,-1.0000000000000007e-02,635,636,3.2636363636363644e-03,angle_between_wind_wave:0_m:degrees
179,5,6.5899997711181641e+01,-8.0281501340482522e-02,495,496,8.7002799560121583e-04,relative_humidity:18.4_m:%
180,11,1.9955999755859375e+02,-1.0072463768115938e-01,393,394,1.0871560596513192e-03,wind_direction:18.4_m:degrees
181,4,5.7395210266113281e+00,-4.0333333333333332e-01,515,516,1.5022222222222215e-02,mixing_ratio:18.4_m:g_kg-1
182,11,2.9071499633789062e+02,-1.5285714285714286e-01,1033,1034,3.6775510204081763e-03,wind_direction:18.4_m:degrees
183,2,2.7657000732421875e+02,-4.3142857142857144e-01,799,800,5.5551020408163287e-03,water_sfc_temperature:0_m:K
184,9,8.9497318267822266e+01,-5.3407079646017697e-01,223,224,1.0270154279896582e-02,angle_between_wind_wave:0_m:degrees
185,8,6.1499998569488525e+00,-3.0151162790697672e-01,445,446,4.1453893996754726e-03,wave_period:0_m:s
186,4,2.1049607992172241e+00,-2.3058823529411770e-01,557,558,4.6584775086505326e-03,mixing_ratio:18.4_m:g_kg-1
187,5,9.3149997711181641e+01,-3.7795620437956159e-02,1269,1270,6.9630859395812300e-04,relative_humidity:18.4_m:%
188,9,8.9454875946044922e+01,-6.1337579617834329e-02,453,454,1.0147713903200756e-03,angle_between_wind_wave:0_m:degrees
189,10,2.1382586956024170e+00,-4.1618257261410605e-03,967,968,3.6541779583684330e-04,wind_speed:18.4_m:m_s-1
190,12,-1.0840855911374092e-01,-1.1059640995946807e-02,213,214,4.9988082820542359e-04,bulk_richardson:18.4_m:none
191,4,1.5865662097930908e+00,-5.0478260869565206e-01,203,204,1.0051039697542563e-02,mixing_ratio:18.4_m:g_kg-1
192,4,9.2739671468734741e-01,-6.0521739130434771e-01,427,428,5.8945179584121710e-03,mixing_ratio:18.4_m:g_kg-1
193,1,1.5548850250244141e+02,-8.7981651376146774e-02,521,522,2.4142748926858056e-03,azimuth:0_m:degrees
194,3,1.0130000000000000e+03,-1.3195488721804510e-01,379,380,2.3976821753632395e-03,pressure:18.4_m:hPa
195,5,5.7799999237060547e+01,-3.2310810810810808e-01,417,418,5.2160153396638848e-03,relative_humidity:18.4_m:%
196,6,2.3250000000000000e+02,-3.9724137931034481e-01,769,770,4.5372175980975260e-03,wave_direction:0_m:degrees
197,10,1.6289973258972168e+01,-5.5000000000000004e-01,1591,1592,3.7333333333333107e-03,wind_speed:18.4_m:m_s-1
198,4,4.5141401290893555e+00,-3.8866666666666666e-01,585,586,3.9048888888889854e-03,mixing_ratio:18.4_m:g_kg-1
199,12,-9.4336647540330887e-02,-2.4322033898305084e-01,201,202,5.4638667049699205e-03,bulk_richardson:18.4_m:none
200,11,3.0495500183105469e+02,-1.5749999999999997e-01,1927,1928,2.4437499999995713e-03,wind_direction:18.4_m:degrees
201,2,2.7836000061035156e+02,-3.4000000000000002e-01,813,814,2.8333333333333127e-03,water_sfc_temperature:0_m:K
202,10,1.1656599044799805e+01,-2.3911660777385169e-01,273,274,5.1614104308956715e-03,wind_speed:18.4_m:m_s-1
203,12,-3.9050089195370674e-02,-4.8333333333333334e-01,353,354,5.7174603174603711e-03,bulk_richardson:18.4_m:none
204,-2,-2.0000000000000000e+00,-7.2999999999999998e-01,-1,-1,7.7715611723760958e-16,wind_direction:18.4_m:degrees
205,11,1.4819999694824219e+02,-2.2572347266881006e-02,1949,1950,6.1396180767362004e-04,wind_direction:18.4_m:degrees
206,0,8.1246784210205078e+01,-4.4777227722772234e-02,221,222,9.6504938241348147e-04,zenith:0_m:degrees
207,10,1.7514832496643066e+01,-4.6272727272727271e-01,487,488,5.3834710743801695e-03,wind_speed:18.4_m:m_s-1
208,11,1.2889500045776367e+02,-3.2750000000000001e-01,485,486,5.0020833333334208e-03,wind_direction:18.4_m:degrees
209,5,6.3049999237060547e+01,-1.7729166666666674e-01,807,808,2.6426649305555244e-03,relative_humidity:18.4_m:%
210,0,6.9509597778320312e+01,-2.2234234234234232e-01,271,272,2.6972161350539495e-03,zenith:0_m:degrees
211,0,1.5535604858398438e+02,-2.9303370786516858e-01,259,260,3.1627067289483751e-03,zenith:0_m:degrees
212,10,1.4111686706542969e+01,-2.0071428571428571e-01,493,494,7.2780612244899012e-03,wind_speed:18.4_m:m_s-1
213,11,8.8100002288818359e+01,-1.7835917312661473e-02,679,680,5.1127281847377910e-04,wind_direction:18.4_m:degrees
214,12,2.6158224046230316e-01,-8.1723093861822155e-03,543,544,4.6712472731193417e-04,bulk_richardson:18.4_m:none
215,7,1.5500000119209290e+00,-2.9145161290322574e-01,323,324,3.0124089490114053e-03,wave_height:0_m:m
216,10,1.4926700115203857e+01,-3.6392857142857143e-01,391,392,5.2167091836734514e-03,wind_speed:18.4_m:m_s-1
217,4,1.6008403301239014e+00,-3.7201101928374634e-02,267,268,7.3034798776645013e-04,mixing_ratio:18.4_m:g_kg-1
218,12,-8.7412358261644840e-03,-4.8396682791983385e-02,219,220,6.9846600143560773e-04,bulk_richardson:18.4_m:none
219,11,2.6230999755859375e+02,-6.5043988269794697e-02,311,312,9.8804791840455264e-04,wind_direction:18.4_m:degrees
220,12,2.5217863731086254e-02,-4.3264014466546069e-02,765,766,4.9739322583703446e-04,bulk_richardson:18.4_m:none
221,6,2.1850000000000000e+02,-2.4262295081967207e-02,1327,1328,1.1687180865358774e-03,wave_direction:0_m:degrees
222,9,9.1159137725830078e+01,-5.0783999999999940e-02,1187,1188,7.4610534399999900e-04,angle_between_wind_wave:0_m:degrees
223,5,6.1250000000000000e+01,-5.5142857142857138e-01,227,228,1.0083673469387933e-02,relative_humidity:18.4_m:%
224,11,2.8438499450683594e+02,-4.8379310344827592e-01,225,226,7.4097502972651774e-03,wind_direction:18.4_m:degrees
225,-2,-2.0000000000000000e+00,-6.7500000000000004e-01,-1,-1,1.2249999999999206e-03,wind_direction:18.4_m:degrees
226,12,-1.5670313034206629e-02,-4.5319999999999999e-01,1235,1236,1.6137599999999641e-03,bulk_richardson:18.4_m:none
227,1,2.2088719940185547e+02,-5.3478873239436620e-01,229,230,8.9827018448720430e-03,azimuth:0_m:degrees
228,11,3.1509500122070312e+02,-6.4230769230769225e-01,389,390,6.3254437869821323e-03,wind_direction:18.4_m:degrees
229,10,1.6575580596923828e+01,-5.0511111111111118e-01,385,386,5.7183209876546792e-03,wind_speed:18.4_m:m_s-1
230,5,6.0750000000000000e+01,-5.8615384615384614e-01,253,254,1.0469822485206837e-02,relative_humidity:18.4_m:%
231,7,1.3499999642372131e+00,-1.5401639344262291e-01,255,256,3.8568194033862073e-03,wave_height:0_m:m
232,12,1.6231919638812542e-02,-1.2321167883211684e-01,407,408,1.6898311044808243e-03,bulk_richardson:18.4_m:none
233,3,1.0182500000000000e+03,-1.3833333333333339e-01,455,456,3.7657407407407223e-03,pressure:18.4_m:hPa
234,10,9.2874879837036133e+00,-9.3790476190476132e-02,315,316,1.6726799092970611e-03,wind_speed:18.4_m:m_s-1
235,-2,-2.0000000000000000e+00,-1.7999999999999999e-01,-1,-1,0.0000000000000000e+00,wind_direction:18.4_m:degrees
236,5,5.5549999237060547e+01,-4.0536585365853661e-01,237,238,6.7273051754907498e-03,relative_humidity:18.4_m:%
237,10,1.6054939270019531e+01,-4.3060606060606066e-01,801,802,4.3814508723599155e-03,wind_speed:18.4_m:m_s-1
238,-2,-2.0000000000000000e+00,-3.0124999999999996e-01,-1,-1,2.9359374999999160e-03,wind_direction:18.4_m:degrees
239,2,2.9074000549316406e+02,-2.7422222222222231e-01,435,436,4.8421728395060398e-03,water_sfc_temperature:0_m:K
240,4,4.9208073616027832e+00,-3.5409090909090907e-01,367,368,5.0514462809916894e-03,mixing_ratio:18.4_m:g_kg-1
241,6,1.9650000000000000e+02,-1.7354609929078013e-01,321,322,4.7590563854936693e-03,wave_direction:0_m:degrees
242,3,1.0055499877929688e+03,-2.1320388349514560e-01,439,440,4.0567254218116452e-03,pressure:18.4_m:hPa
243,10,1.4512907981872559e+01,-2.2829268292682930e-01,245,246,4.3922070196311946e-03,wind_speed:18.4_m:m_s-1
244,9,8.9371612548828125e+01,-4.0666666666666668e-01,565,566,1.3888888888889145e-02,angle_between_wind_wave:0_m:degrees
245,0,6.7923873901367188e+01,-1.9227272727272735e-01,727,728,1.8311983471073906e-03,zenith:0_m:degrees
246,5,9.6700000762939453e+01,-2.7000000000000002e-01,383,384,4.1157894736842532e-03,relative_humidity:18.4_m:%
247,1,2.5188449096679688e+02,-1.4384615384615385e-01,567,568,2.6352071005917230e-03,azimuth:0_m:degrees
248,10,9.4833855628967285e+00,-1.7117647058823529e-01,285,286,3.3667820069204733e-03,wind_speed:18.4_m:m_s-1
249,11,2.7393000793457031e+02,-1.8137254901960784e-01,599,600,3.4785082660514846e-03,wind_direction:18.4_m:degrees
250,1,6.3314271926879883e+01,-2.2818181818181824e-01,709,710,2.7633608815427271e-03,azimuth:0_m:degrees
251,7,2.1499999761581421e+00,-7.8000000000000003e-01,1957,1958,2.7599999999999847e-03,wave_height:0_m:m
252,4,4.5643446445465088e+00,-6.2538461538461543e-01,1193,1194,2.1171597633135586e-03,mixing_ratio:18.4_m:g_kg-1
253,1,3.3806318664550781e+02,-5.9759999999999991e-01,533,534,7.4822399999999734e-03,azimuth:0_m:degrees
254,-2,-2.0000000000000000e+00,-2.9999999999999999e-01,-1,-1,-5.6898930012039273e-16,wind_direction:18.4_m:degrees
255,9,9.0637760162353516e+01,-1.3355263157894740e-01,667,668,3.2781682825484965e-03,angle_between_wind_wave:0_m:degrees
256,2,2.7931999206542969e+02,-1.8782608695652173e-01,405,406,2.9778827977315764e-03,water_sfc_temperature:0_m:K
257,11,2.8731500244140625e+02,-2.1202942449156315e-02,659,660,3.8479265252761708e-04,wind_direction:18.4_m:degrees
258,11,2.7480000305175781e+02,-3.0908450704225363e-02,281,282,5.5530147788134931e-04,wind_direction:18.4_m:degrees
259,1,1.6737273406982422e+02,-3.0047619047619045e-01,713,714,2.3069160997731958e-03,azimuth:0_m:degrees
260,-2,-2.0000000000000000e+00,-1.6799999999999998e-01,-1,-1,9.7599999999962994e-04,wind_direction:18.4_m:degrees
261,12,-2.7388135902583599e-02,-4.1095238095238101e-01,297,298,5.5609977324262150e-03,bulk_richardson:18.4_m:none
262,8,5.9500000476837158e+00,-4.7782051282051285e-01,463,464,6.0426857330701800e-03,wave_period:0_m:s
263,-2,-2.0000000000000000e+00,-3.2400000000000001e-01,-1,-1,7.8400000000000691e-04,wind_direction:18.4_m:degrees
264,10,1.2624376773834229e+01,-1.9651245551601426e-01,317,318,3.4291181722622618e-03,wind_speed:18.4_m:m_s-1
265,2,2.7505999755859375e+02,-5.3062500000000012e-01,559,560,5.7058593750000108e-03,water_sfc_temperature:0_m:K
266,-2,-2.0000000000000000e+00,-8.1999999999999995e-01,-1,-1,1.1102230246251565e-16,wind_direction:18.4_m:degrees
267,-2,-2.0000000000000000e+00,-1.6200000000000001e-01,-1,-1,9.7600000000000464e-04,wind_direction:18.4_m:degrees
268,12,1.9758016802370548e-02,-3.6856353591160289e-02,387,388,6.8652632703519083e-04,bulk_richardson:18.4_m:none
269,0,1.0168194198608398e+02,-2.1565217391304353e-01,637,638,2.8071833648393024e-03,zenith:0_m:degrees
270,-2,-2.0000000000000000e+00,-3.8000000000000006e-01,-1,-1,-3.6082248300317588e-16,wind_direction:18.4_m:degrees
271,1,1.6415462493896484e+02,-2.8052631578947368e-01,817,818,3.3944598337950355e-03,azimuth:0_m:degrees
272,11,3.0608000183105469e+02,-2.1032608695652180e-01,1227,1228,1.7096762759924722e-03,wind_direction:18.4_m:degrees
273,10,1.0480638027191162e+01,-2.3053811659192822e-01,397,398,5.0427597578877326e-03,wind_speed:18.4_m:m_s-1
274,11,3.1309500122070312e+02,-2.7099999999999996e-01,589,590,4.3123333333332653e-03,wind_direction:18.4_m:degrees
275,9,8.9602340698242188e+01,-1.0758620689655167e-01,369,370,1.7153558688636009e-03,angle_between_wind_wave:0_m:degrees
276,0,1.5975810241699219e+02,-7.4285714285714274e-02,277,278,1.6959183673469734e-03,zenith:0_m:degrees
277,-2,-2.0000000000000000e+00,-7.9268292682926803e-02,-1,-1,6.9458655562165596e-04,wind_direction:18.4_m:degrees
278,-2,-2.0000000000000000e+00,1.3000000000000000e-01,-1,-1,5.5511151231257827e-17,wind_direction:18.4_m:degrees
279,12,-1.3155605643987656e-01,-4.8689138576779027e-02,473,474,1.3634501816549550e-03,bulk_richardson:18.4_m:none
280,10,7.0656633377075195e+00,-6.8555399719495064e-02,593,594,1.0061880248402322e-03,wind_speed:18.4_m:m_s-1
281,2,2.8577000427246094e+02,-2.6899082568807207e-02,1803,1804,4.4432926521336216e-04,water_sfc_temperature:0_m:K
282,12,-1.0910545289516449e-01,-4.4151515151515115e-02,849,850,6.9337098255278155e-04,bulk_richardson:18.4_m:none
283,6,2.4450000000000000e+02,-3.7892857142857145e-01,711,712,2.5238520408164267e-03,wave_direction:0_m:degrees
284,8,4.4500000476837158e+00,-2.8692307692307695e-01,1459,1460,2.0520710059170610e-03,wave_period:0_m:s
285,1,3.0187367248535156e+02,-1.3600000000000001e-01,703,704,2.8279999999999972e-03,azimuth:0_m:degrees
286,5,5.7750000000000000e+01,-1.7853556485355651e-01,457,458,3.1664746765637866e-03,relative_humidity:18.4_m:%
287,10,2.7391105890274048e+00,-2.7506459948320381e-02,289,290,9.7453161201583758e-04,wind_speed:18.4_m:m_s-1
288,7,1.3000000119209290e+00,-9.5770392749244693e-03,1425,1426,2.4332563594709806e-04,wave_height:0_m:m
289,2,2.7183000183105469e+02,-7.6363636363636382e-03,431,432,1.0168374655647387e-03,water_sfc_temperature:0_m:K
290,0,7.8056442260742188e+01,-3.2889983579638717e-02,551,552,8.2711597520498297e-04,zenith:0_m:degrees
291,1,7.1941432952880859e+01,-1.2382165605095542e-01,375,376,1.9459044991683265e-03,azimuth:0_m:degrees
292,12,-5.3628613241016865e-03,-9.4331550802139022e-02,721,722,1.1186708227287068e-03,bulk_richardson:18.4_m:none
293,7,1.2500000000000000e+00,-5.0582089552238745e-02,573,574,8.8428803742481412e-04,wave_height:0_m:m
294,11,3.2914498901367188e+02,-2.8730964467005057e-02,1319,1320,6.0194284830836469e-04,wind_direction:18.4_m:degrees
295,2,2.8879499816894531e+02,-1.1833333333333335e-01,475,476,4.5638888888888778e-03,water_sfc_temperature:0_m:K
296,6,2.1450000000000000e+02,-2.3300000000000001e-01,1123,1124,2.4009999999999934e-03,wave_direction:0_m:degrees
297,1,2.3061666870117188e+02,-5.0333333333333330e-01,1513,1514,3.3888888888888857e-03,azimuth:0_m:degrees
298,2,2.7613499450683594e+02,-3.7400000000000000e-01,1463,1464,1.6506666666665781e-03,water_sfc_temperature:0_m:K
299,4,3.4002540111541748e+00,-3.7056603773584895e-01,301,302,7.1814406075710324e-03,mixing_ratio:18.4_m:g_kg-1
300,4,1.2675217986106873e+00,-3.3642857142857147e-01,333,334,7.2556122448977217e-03,mixing_ratio:18.4_m:g_kg-1
301,9,8.9689445495605469e+01,-3.6751592356687901e-01,303,304,6.5333198101344137e-03,angle_between_wind_wave:0_m:degrees
302,-2,-2.0000000000000000e+00,-6.0999999999999999e-01,-1,-1,3.3306690738754696e-16,wind_direction:18.4_m:degrees
303,1,7.6521236419677734e+01,-3.5300813008130083e-01,331,332,3.9511137550399394e-03,azimuth:0_m:degrees
304,7,1.8499999642372131e+00,-4.1999999999999998e-01,305,306,1.2358823529412200e-02,wave_height:0_m:m
305,3,1.0191999816894531e+03,-3.8166666666666665e-01,309,310,6.1972222222222706e-03,pressure:18.4_m:hPa
306,9,8.9857501983642578e+01,-5.1200000000000001e-01,307,308,1.5155999999999892e-02,angle_between_wind_wave:0_m:degrees
307,-2,-2.0000000000000000e+00,-7.5000000000000000e-01,-1,-1,0.0000000000000000e+00,wind_direction:18.4_m:degrees
308,-2,-2.0000000000000000e+00,-4.5250000000000007e-01,-1,-1,1.2437500000000157e-03,wind_direction:18.4_m:degrees
309,3,1.0081499938964844e+03,-3.4888888888888886e-01,951,952,3.9654320987653341e-03,pressure:18.4_m:hPa
310,-2,-2.0000000000000000e+00,-4.7999999999999998e-01,-1,-1,1.9428902930940239e-16,wind_direction:18.4_m:degrees
311,2,2.9091000366210938e+02,-5.5809128630705321e-02,1329,1330,4.5339095401250498e-04,water_sfc_temperature:0_m:K
312,12,-1.6030922532081604e-02,-8.7300000000000016e-02,1145,1146,1.5757099999999819e-03,bulk_richardson:18.4_m:none
313,2,2.8225498962402344e+02,-1.5012145748987862e-01,327,328,1.6384467865396581e-03,water_sfc_temperature:0_m:K
314,6,2.3650000000000000e+02,-1.1499999999999999e-01,1241,1242,1.1833333333333158e-03,wave_direction:0_m:degrees
315,11,1.0111000061035156e+02,-8.2209302325581365e-02,781,782,1.3420182080403874e-03,wind_direction:18.4_m:degrees
316,9,8.8849040985107422e+01,-1.0498127340823971e-01,545,546,1.7373591998765953e-03,angle_between_wind_wave:0_m:degrees
317,1,2.0199091339111328e+02,-1.7944881889763786e-01,611,612,2.7185938371876578e-03,azimuth:0_m:degrees
318,11,2.7842999267578125e+02,-2.1058441558441560e-01,349,350,3.5769311856974906e-03,wind_direction:18.4_m:degrees
319,-2,-2.0000000000000000e+00,-3.4999999999999998e-01,-1,-1,0.0000000000000000e+00,wind_direction:18.4_m:degrees
320,9,8.8941268920898438e+01,-6.1236842105263156e-01,381,382,4.9075484764541932e-03,angle_between_wind_wave:0_m:degrees
321,0,8.3502147674560547e+01,-1.6367521367521370e-01,357,358,4.6950398129885357e-03,zenith:0_m:degrees
322,11,2.5615499877929688e+02,-2.2166666666666665e-01,1401,1402,2.2805555555555496e-03,wind_direction:18.4_m:degrees
323,-2,-2.0000000000000000e+00,-1.9166666666666665e-01,-1,-1,9.1388888888888770e-04,wind_direction:18.4_m:degrees
324,12,-5.1213654223829508e-03,-3.0214285714285710e-01,745,746,2.0561224489796109e-03,bulk_richardson:18.4_m:none
325,11,1.9791000366210938e+02,-6.3569506726457239e-02,373,374,5.8133933921857874e-04,wind_direction:18.4_m:degrees
326,-2,-2.0000000000000000e+00,-1.6833333333333333e-01,-1,-1,4.1388888888924460e-04,wind_direction:18.4_m:degrees
327,9,8.8072105407714844e+01,-1.3030303030303034e-01,1287,1288,1.1544536271808903e-03,angle_between_wind_wave:0_m:degrees
328,8,4.5499999523162842e+00,-1.6337837837837843e-01,539,540,1.5237216946675965e-03,wave_period:0_m:s
329,-2,-2.0000000000000000e+00,-1.0200000000000000e+00,-1,-1,0.0000000000000000e+00,wind_direction:18.4_m:degrees
330,5,9.4000000000000000e+01,-7.2666666666666668e-01,1037,1038,8.0222222222222639e-03,relative_humidity:18.4_m:%
331,7,1.8499999642372131e+00,-4.3444444444444441e-01,1453,1454,2.5580246913580462e-03,wave_height:0_m:m
332,3,1.0226000061035156e+03,-3.4657894736842104e-01,451,452,3.4961911357340864e-03,pressure:18.4_m:hPa
333,-2,-2.0000000000000000e+00,-2.1249999999999999e-01,-1,-1,1.6687500000000036e-03,wind_direction:18.4_m:degrees
334,11,3.0952000427246094e+02,-3.4170212765957458e-01,335,336,6.8119963784517429e-03,wind_direction:18.4_m:degrees
335,6,2.2750000000000000e+02,-3.3611111111111114e-01,501,502,5.4882098765431098e-03,wave_direction:0_m:degrees
336,3,1.0130000000000000e+03,-4.6750000000000003e-01,337,338,2.0068750000000024e-02,pressure:18.4_m:hPa
337,-2,-2.0000000000000000e+00,-5.4333333333333333e-01,-1,-1,3.7555555555555675e-03,wind_direction:18.4_m:degrees
338,-2,-2.0000000000000000e+00,-2.3999999999999999e-01,-1,-1,-1.2490009027033011e-16,wind_direction:18.4_m:degrees
339,7,1.6500000357627869e+00,-3.0270270270270266e-01,415,416,6.4845872899926826e-03,wave_height:0_m:m
340,1,1.6613155364990234e+02,-2.6247058823529412e-01,425,426,4.6115432525951489e-03,azimuth:0_m:degrees
341,7,1.4499999880790710e+00,-6.5052631578947362e-01,343,344,1.0183933518005672e-02,wave_height:0_m:m
342,-2,-2.0000000000000000e+00,-5.1249999999999996e-01,-1,-1,8.1874999999992371e-04,wind_direction:18.4_m:degrees
343,-2,-2.0000000000000000e+00,-4.6999999999999997e-01,-1,-1,3.6000000000000199e-03,wind_direction:18.4_m:degrees
344,9,8.9013839721679688e+01,-6.7176470588235293e-01,345,346,6.6733564013840008e-03,angle_between_wind_wave:0_m:degrees
345,6,2.2750000000000000e+02,-7.2699999999999987e-01,1413,1414,3.0009999999998094e-03,wave_direction:0_m:degrees
346,-2,-2.0000000000000000e+00,-5.9285714285714286e-01,-1,-1,1.3346938775510853e-03,wind_direction:18.4_m:degrees
347,9,9.0980037689208984e+01,-4.6156069364161827e-02,851,852,1.3363802666310296e-03,angle_between_wind_wave:0_m:degrees
348,2,2.7420500183105469e+02,-6.4693333333333311e-02,885,886,9.6197262222221577e-04,water_sfc_temperature:0_m:K
349,12,-1.6850000247359276e-02,-1.9590000000000010e-01,791,792,2.2301900000000069e-03,bulk_richardson:18.4_m:none
350,7,1.3499999642372131e+00,-2.3777777777777778e-01,351,352,4.9320987654320678e-03,wave_height:0_m:m
351,11,3.1858000183105469e+02,-2.1166666666666675e-01,699,700,3.2361111111111479e-03,wind_direction:18.4_m:degrees
352,8,5.6499998569488525e+00,-2.9000000000000004e-01,657,658,4.2333333333332418e-03,wave_period:0_m:s
353,7,1.8499999642372131e+00,-5.2999999999999992e-01,773,774,2.9999999999999472e-03,wave_height:0_m:m
354,7,2.0499999523162842e+00,-4.2111111111111105e-01,1189,1190,2.5654320987654466e-03,wave_height:0_m:m
355,-2,-2.0000000000000000e+00,-2.0000000000000001e-01,-1,-1,0.0000000000000000e+00,wind_direction:18.4_m:degrees
356,5,7.7850002288818359e+01,-4.5000000000000001e-01,805,806,4.4399999999999717e-03,relative_humidity:18.4_m:%
357,2,2.7651499938964844e+02,-1.3867924528301886e-01,623,624,2.1359914560341794e-03,water_sfc_temperature:0_m:K
358,0,8.6681850433349609e+01,-1.8437500000000001e-01,359,360,5.8683593749999929e-03,zenith:0_m:degrees
359,12,6.1964565538801253e-03,-3.1000000000000000e-01,361,362,2.6319999999999996e-02,bulk_richardson:18.4_m:none
360,3,1.0003999938964844e+03,-1.7372881355932210e-01,531,532,2.6844010341855878e-03,pressure:18.4_m:hPa
361,-2,-2.0000000000000000e+00,-1.8333333333333335e-01,-1,-1,3.7555555555555467e-03,wind_direction:18.4_m:degrees
362,-2,-2.0000000000000000e+00,-5.0000000000000000e-01,-1,-1,0.0000000000000000e+00,wind_direction:18.4_m:degrees
363,5,6.5250000000000000e+01,-6.1276595744680841e-02,365,366,2.8834766862833872e-03,relative_humidity:18.4_m:%
364,-2,-2.0000000000000000e+00,-2.4042933810375571e-02,-1,-1,2.8991586688471036e-04,wind_direction:18.4_m:degrees
365,12,5.2296249195933342e-02,-1.4000000000000001e-01,1283,1284,2.0909090909090877e-03,bulk_richardson:18.4_m:none
366,12,-3.0483509413897991e-02,-3.7222222222222233e-02,1631,1632,6.5339506172839711e-04,bulk_richardson:18.4_m:none
367,-2,-2.0000000000000000e+00,-4.5000000000000001e-01,-1,-1,3.1999999999998696e-04,wind_direction:18.4_m:degrees
368,7,2.4499999284744263e+00,-3.2588235294117646e-01,1233,1234,2.9418685121107707e-03,wave_height:0_m:m
369,11,1.0529999923706055e+02,-9.3233532934131752e-02,961,962,1.0673885761411268e-03,wind_direction:18.4_m:degrees
370,12,-6.9026353303343058e-03,-1.1761506276150625e-01,517,518,1.9236007772973438e-03,bulk_richardson:18.4_m:none
371,10,5.9025800228118896e+00,-1.5173410404624388e-02,749,750,3.6780229877375522e-04,wind_speed:18.4_m:m_s-1
372,5,4.7250000000000000e+01,-6.4176049129989624e-03,491,492,5.1920329293296574e-04,relative_humidity:18.4_m:%
373,4,4.3203325271606445e+00,-7.4785276073619567e-02,671,672,5.7219315743912633e-04,mixing_ratio:18.4_m:g_kg-1
374,10,8.9900474548339844e+00,-5.8935361216729994e-02,1025,1026,5.1166755820288620e-04,wind_speed:18.4_m:m_s-1
375,-2,-2.0000000000000000e+00,-1.8500000000000000e-01,-1,-1,6.5357142857143391e-04,wind_direction:18.4_m:degrees
376,10,9.6849780082702637e+00,-1.1783216783216782e-01,579,580,1.6701256785172907e-03,wind_speed:18.4_m:m_s-1
377,10,6.9991679191589355e+00,-2.9380733944954312e-02,1107,1108,3.7025871138791249e-04,wind_speed:18.4_m:m_s-1
378,10,7.2046787738800049e+00,-2.0391752577319538e-02,929,930,5.0809395259853720e-04,wind_speed:18.4_m:m_s-1
379,11,3.1636000061035156e+02,-1.1242857142857145e-01,719,720,1.3841020408163467e-03,wind_direction:18.4_m:degrees
380,7,5.5000001192092896e-01,-1.5365079365079365e-01,437,438,2.6295288485764443e-03,wave_height:0_m:m
381,7,3.6499999761581421e+00,-5.8130434782608698e-01,735,736,2.9678638941400548e-03,wave_height:0_m:m
382,8,7.9500000476837158e+00,-6.6000000000000003e-01,1153,1154,4.1333333333329891e-03,wave_period:0_m:s
383,7,2.3000000715255737e+00,-3.0272727272727279e-01,617,618,3.4016528925619322e-03,wave_height:0_m:m
384,-2,-2.0000000000000000e+00,-2.2500000000000001e-01,-1,-1,1.6000000000000320e-03,wind_direction:18.4_m:degrees
385,5,4.2600000381469727e+01,-5.9500000000000008e-01,1119,1120,3.6249999999999893e-03,relative_humidity:18.4_m:%
386,10,1.7221548080444336e+01,-4.9128205128205127e-01,577,578,4.6060486522024879e-03,wind_speed:18.4_m:m_s-1
387,11,2.9627999877929688e+02,-3.9076330981398337e-02,581,582,6.9574722040616210e-04,wind_direction:18.4_m:degrees
388,12,3.8656154647469521e-02,-2.3067729083665323e-02,1603,1604,4.0851732512176117e-04,bulk_richardson:18.4_m:none
389,-2,-2.0000000000000000e+00,-5.9888888888888880e-01,-1,-1,1.5209876543210710e-03,wind_direction:18.4_m:degrees
390,1,2.8810346984863281e+02,-7.3999999999999999e-01,1765,1766,3.3499999999998531e-03,azimuth:0_m:degrees
391,-2,-2.0000000000000000e+00,-4.1909090909090913e-01,-1,-1,1.6446280991735118e-03,wind_direction:18.4_m:degrees
392,12,-9.0182707644999027e-03,-3.2823529411764713e-01,737,738,4.2851211072664902e-03,bulk_richardson:18.4_m:none
393,9,9.0539268493652344e+01,-1.1377450980392155e-01,665,666,8.8624327181852959e-04,angle_between_wind_wave:0_m:degrees
394,5,6.2750000000000000e+01,-9.3074712643678087e-02,395,396,1.0465806249174495e-03,relative_humidity:18.4_m:%
395,0,4.4190500259399414e+01,-1.4479999999999998e-01,595,596,3.2489600000000056e-03,zenith:0_m:degrees
396,2,2.9160000610351562e+02,-8.9071207430340499e-02,1317,1318,6.5300731340281470e-04,water_sfc_temperature:0_m:K
397,12,-6.9683030247688293e-02,-3.0299999999999999e-01,399,400,1.1920999999999987e-02,bulk_richardson:18.4_m:none
398,4,7.5022608041763306e-01,-2.2713615023474182e-01,401,402,4.4617514161652549e-03,mixing_ratio:18.4_m:g_kg-1
399,-2,-2.0000000000000000e+00,-4.0999999999999998e-01,-1,-1,0.0000000000000000e+00,wind_direction:18.4_m:degrees
400,-2,-2.0000000000000000e+00,-1.9600000000000001e-01,-1,-1,9.4399999999998652e-04,wind_direction:18.4_m:degrees
401,10,1.0897501945495605e+01,-2.9692307692307690e-01,527,528,9.0520710059171644e-03,wind_speed:18.4_m:m_s-1
402,10,1.0953405380249023e+01,-2.2259999999999999e-01,403,404,3.8262400000000155e-03,wind_speed:18.4_m:m_s-1
403,9,9.0257175445556641e+01,-2.0176470588235301e-01,1003,1004,2.9910034602075933e-03,angle_between_wind_wave:0_m:degrees
404,11,2.9883000183105469e+02,-2.3799999999999991e-01,639,640,3.8855652173913485e-03,wind_direction:18.4_m:degrees
405,-2,-2.0000000000000000e+00,-1.1250000000000000e-01,-1,-1,1.1875000000000080e-04,wind_direction:18.4_m:degrees
406,11,2.5879499816894531e+02,-2.0368421052631580e-01,1377,1378,2.1337950138504355e-03,wind_direction:18.4_m:degrees
407,11,1.9236499786376953e+02,-1.2628058727569325e-01,409,410,1.6461985954136539e-03,wind_direction:18.4_m:degrees
408,4,4.2855420112609863e+00,-9.7083333333333341e-02,835,836,1.2984375000002005e-03,mixing_ratio:18.4_m:g_kg-1
409,5,9.6799999237060547e+01,-1.4452127659574474e-01,411,412,2.6428559302851852e-03,relative_humidity:18.4_m:%
410,3,9.9900000000000000e+02,-1.1821176470588239e-01,825,826,9.9303750865056307e-04,pressure:18.4_m:hPa
411,11,1.2053000259399414e+02,-1.3500000000000001e-01,575,576,1.2509740259740304e-03,wind_direction:18.4_m:degrees
412,2,2.8235000610351562e+02,-1.8764705882352942e-01,413,414,6.6768166089964179e-03,water_sfc_temperature:0_m:K
413,10,1.1909399986267090e+01,-3.4199999999999997e-01,421,422,1.0816000000000020e-02,wind_speed:18.4_m:m_s-1
414,11,1.6638999938964844e+02,-1.6103448275862070e-01,1433,1434,1.1472057074910814e-03,wind_direction:18.4_m:degrees
415,0,1.5859251403808594e+02,-2.8844827586206895e-01,649,650,5.9958680142687404e-03,zenith:0_m:degrees
416,12,-4.4691001996397972e-02,-3.5437499999999994e-01,605,606,4.8496093749999247e-03,bulk_richardson:18.4_m:none
417,2,2.7691000366210938e+02,-3.3444444444444443e-01,419,420,4.8500881834215304e-03,water_sfc_temperature:0_m:K
418,12,-4.0363650768995285e-02,-2.5818181818181818e-01,1159,1160,2.3603305785123152e-03,bulk_richardson:18.4_m:none
419,6,2.3450000000000000e+02,-3.8499999999999995e-01,1179,1180,1.7250000000000321e-03,wave_direction:0_m:degrees
420,11,3.0677500915527344e+02,-3.1723404255319149e-01,627,628,4.7476686283386277e-03,wind_direction:18.4_m:degrees
421,-2,-2.0000000000000000e+00,-5.5000000000000004e-01,-1,-1,0.0000000000000000e+00,wind_direction:18.4_m:degrees
422,-2,-2.0000000000000000e+00,-2.8999999999999998e-01,-1,-1,0.0000000000000000e+00,wind_direction:18.4_m:degrees
423,-2,-2.0000000000000000e+00,-5.3000000000000003e-01,-1,-1,0.0000000000000000e+00,wind_direction:18.4_m:degrees
424,6,2.0700000000000000e+02,-3.5736842105263161e-01,797,798,2.0299168975069226e-03,wave_direction:0_m:degrees
425,10,1.2458727359771729e+01,-2.8565217391304354e-01,489,490,4.2289224952741511e-03,wind_speed:18.4_m:m_s-1
426,0,1.0725607299804688e+02,-2.3512820512820509e-01,547,548,3.6813938198552720e-03,zenith:0_m:degrees
427,-2,-2.0000000000000000e+00,-6.8666666666666665e-01,-1,-1,2.2222222222201271e-05,wind_direction:18.4_m:degrees
428,4,1.4302924275398254e+00,-5.7647058823529418e-01,705,706,4.7993079584776610e-03,mixing_ratio:18.4_m:g_kg-1
429,11,2.8948500061035156e+02,-3.8000000000000000e-01,2039,2040,1.2000000000000066e-03,wind_direction:18.4_m:degrees
430,-2,-2.0000000000000000e+00,-2.7285714285714285e-01,-1,-1,5.6326530612246795e-04,wind_direction:18.4_m:degrees
431,-2,-2.0000000000000000e+00,-1.7000000000000001e-01,-1,-1,0.0000000000000000e+00,wind_direction:18.4_m:degrees
432,10,1.8701335787773132e+00,-5.6441717791411048e-03,1965,1966,7.0188565621589095e-04,wind_speed:18.4_m:m_s-1
433,7,3.1499999761581421e+00,-5.8266666666666667e-01,621,622,4.6528888888890396e-03,wave_height:0_m:m
434,-2,-2.0000000000000000e+00,-3.4999999999999998e-01,-1,-1,-4.9960036108132044e-16,wind_direction:18.4_m:degrees
435,1,3.0372912597656250e+02,-2.8625000000000000e-01,677,678,3.9834374999999922e-03,azimuth:0_m:degrees
436,-2,-2.0000000000000000e+00,-1.7799999999999999e-01,-1,-1,1.2959999999999777e-03,wind_direction:18.4_m:degrees
437,-2,-2.0000000000000000e+00,-8.3333333333333329e-02,-1,-1,1.0888888888888892e-03,wind_direction:18.4_m:degrees
438,11,3.3572499084472656e+02,-1.6537037037037036e-01,821,822,1.9248628257887562e-03,wind_direction:18.4_m:degrees
439,11,1.4721499633789062e+02,-2.3673469387755106e-01,441,442,4.1077051228654501e-03,wind_direction:18.4_m:degrees
440,11,2.1091500091552734e+02,-1.9185185185185191e-01,443,444,3.0521262002743757e-03,wind_direction:18.4_m:degrees
441,-2,-2.0000000000000000e+00,-1.4000000000000001e-01,-1,-1,6.6666666666662794e-05,wind_direction:18.4_m:degrees
442,0,9.3312389373779297e+01,-2.5023255813953493e-01,591,592,3.1836668469442664e-03,zenith:0_m:degrees
443,11,2.0279000091552734e+02,-2.1787878787878792e-01,777,778,2.9258034894398613e-03,wind_direction:18.4_m:degrees
444,-2,-2.0000000000000000e+00,-1.5095238095238098e-01,-1,-1,5.1337868480719542e-04,wind_direction:18.4_m:degrees
445,9,9.1179389953613281e+01,-2.9213333333333336e-01,449,450,3.0274488888888534e-03,angle_between_wind_wave:0_m:degrees
446,0,8.2387466430664062e+01,-3.6545454545454542e-01,447,448,7.0793388429755411e-03,zenith:0_m:degrees
447,-2,-2.0000000000000000e+00,-2.4666666666666667e-01,-1,-1,1.0888888888888892e-03,wind_direction:18.4_m:degrees
448,9,8.9760162353515625e+01,-4.0999999999999998e-01,1619,1620,2.0500000000000795e-03,angle_between_wind_wave:0_m:degrees
449,1,2.2323722076416016e+02,-2.8753424657534249e-01,1075,1076,2.3172077312816758e-03,azimuth:0_m:degrees
450,-2,-2.0000000000000000e+00,-4.6000000000000002e-01,-1,-1,-9.9920072216264089e-16,wind_direction:18.4_m:degrees
451,2,2.7480000305175781e+02,-3.5157407407407398e-01,779,780,2.8873371056241659e-03,water_sfc_temperature:0_m:K
452,7,1.5000000000000000e+00,-2.5666666666666671e-01,669,670,5.9222222222231058e-03,wave_height:0_m:m
453,-2,-2.0000000000000000e+00,-4.6466165413533822e-02,-1,-1,5.5818870484481949e-04,wind_direction:18.4_m:degrees
454,9,9.0496959686279297e+01,-7.2265193370165751e-02,731,732,1.0683495619791894e-03,angle_between_wind_wave:0_m:degrees
455,5,4.7549999237060547e+01,-1.5476190476190477e-01,663,664,3.3916099773242600e-03,relative_humidity:18.4_m:%
456,-2,-2.0000000000000000e+00,-8.0833333333333326e-02,-1,-1,8.2430555555551479e-04,wind_direction:18.4_m:degrees
457,12,-9.6702296286821365e-02,-1.6851851851851860e-01,459,460,3.5694101508915894e-03,bulk_richardson:18.4_m:none
458,10,1.0084577560424805e+01,-1.9961038961038960e-01,1507,1508,1.6634845673807117e-03,wind_speed:18.4_m:m_s-1
459,4,9.7278642654418945e-01,-2.2083333333333333e-01,461,462,4.7409722222222228e-03,mixing_ratio:18.4_m:g_kg-1
460,8,4.6499998569488525e+00,-1.5942028985507245e-01,943,944,2.8069103129594319e-03,wave_period:0_m:s
461,-2,-2.0000000000000000e+00,-1.4499999999999999e-01,-1,-1,8.4500000000000200e-04,wind_direction:18.4_m:degrees
462,-2,-2.0000000000000000e+00,-2.7500000000000002e-01,-1,-1,4.8214285714287541e-04,wind_direction:18.4_m:degrees
463,10,1.4913374900817871e+01,-4.9768115942028990e-01,479,480,4.3888258769166355e-03,wind_speed:18.4_m:m_s-1
464,4,1.5419911742210388e+00,-4.6206896551724147e-01,465,466,6.7934205311136475e-03,mixing_ratio:18.4_m:g_kg-1
465,5,4.7049999237060547e+01,-4.0869565217391296e-01,467,468,5.5678638941399905e-03,relative_humidity:18.4_m:%
466,4,1.5613710880279541e+00,-4.8124999999999990e-01,525,526,5.8421874999999290e-03,mixing_ratio:18.4_m:g_kg-1
467,9,8.8424896240234375e+01,-4.7200000000000009e-01,1313,1314,3.0559999999998921e-03,angle_between_wind_wave:0_m:degrees
468,9,8.9878231048583984e+01,-3.6000000000000004e-01,1333,1334,2.0461538461540307e-03,angle_between_wind_wave:0_m:degrees
469,10,8.8375153541564941e+00,-7.2542372881355885e-02,471,472,2.0799770180982523e-03,wind_speed:18.4_m:m_s-1
470,11,3.2177999877929688e+02,-1.0000000000000002e-02,1797,1798,1.5846153846153148e-03,wind_direction:18.4_m:degrees
471,10,7.9370331764221191e+00,-6.3974358974358922e-02,1199,1200,1.4564266929651569e-03,wind_speed:18.4_m:m_s-1
472,12,-8.7891824543476105e-02,-1.0540983606557373e-01,499,500,3.1100779360387215e-03,bulk_richardson:18.4_m:none
473,5,3.6149999618530273e+01,-1.8409090909090910e-02,991,992,1.7270144628099174e-03,relative_humidity:18.4_m:%
474,3,1.0205000000000000e+03,-5.4663677130044823e-02,1087,1088,1.0751111021737830e-03,pressure:18.4_m:hPa
475,-2,-2.0000000000000000e+00,-9.0000000000000011e-02,-1,-1,6.5999999999999913e-04,wind_direction:18.4_m:degrees
476,-2,-2.0000000000000000e+00,-2.6000000000000001e-01,-1,-1,1.3877787807814457e-17,wind_direction:18.4_m:degrees
477,-2,-2.0000000000000000e+00,-3.4999999999999998e-01,-1,-1,0.0000000000000000e+00,wind_direction:18.4_m:degrees
478,-2,-2.0000000000000000e+00,-5.8666666666666667e-01,-1,-1,1.2555555555553988e-03,wind_direction:18.4_m:degrees
479,-2,-2.0000000000000000e+00,-5.9199999999999997e-01,-1,-1,1.9360000000000488e-03,wind_direction:18.4_m:degrees
480,5,4.7250000000000000e+01,-4.9031250000000004e-01,653,654,3.8311523437500050e-03,relative_humidity:18.4_m:%
481,1,2.1431214141845703e+02,-8.0499999999999994e-01,651,652,9.0250000000002828e-03,azimuth:0_m:degrees
482,9,8.8203994750976562e+01,-6.8352941176470594e-01,483,484,6.0346020761245511e-03,angle_between_wind_wave:0_m:degrees
483,9,8.8064712524414062e+01,-7.5571428571428556e-01,1505,1506,2.5673469387756942e-03,angle_between_wind_wave:0_m:degrees
484,4,3.0417640209197998e+00,-6.3299999999999990e-01,1361,1362,2.2609999999996799e-03,mixing_ratio:18.4_m:g_kg-1
485,-2,-2.0000000000000000e+00,-2.7428571428571430e-01,-1,-1,1.2816326530612349e-03,wind_direction:18.4_m:degrees
486,-2,-2.0000000000000000e+00,-4.0199999999999997e-01,-1,-1,6.9600000000005768e-04,wind_direction:18.4_m:degrees
487,-2,-2.0000000000000000e+00,-4.2249999999999999e-01,-1,-1,1.2437500000000434e-03,wind_direction:18.4_m:degrees
488,-2,-2.0000000000000000e+00,-5.6999999999999995e-01,-1,-1,5.9999999999993392e-04,wind_direction:18.4_m:degrees
489,2,2.7871501159667969e+02,-2.5500000000000000e-01,541,542,3.3166666666666761e-03,water_sfc_temperature:0_m:K
490,6,2.3000000000000000e+02,-3.1909090909090909e-01,987,988,3.0809917355370947e-03,wave_direction:0_m:degrees
491,8,5.8499999046325684e+00,6.9999999999999993e-02,725,726,4.1750000000000008e-03,wave_period:0_m:s
492,11,2.8908500671386719e+02,-7.0485036119710834e-03,1931,1932,4.4041147608899530e-04,wind_direction:18.4_m:degrees
493,1,1.9647270202636719e+02,-1.5777777777777777e-01,1487,1488,1.9061728395061706e-03,azimuth:0_m:degrees
494,6,2.2550000000000000e+02,-2.7800000000000002e-01,625,626,7.6560000000000100e-03,wave_direction:0_m:degrees
495,7,2.0499999523162842e+00,-1.1749999999999999e-01,1551,1552,1.3562500000000033e-03,wave_height:0_m:m
496,11,2.1968500518798828e+02,-7.8613445378151195e-02,497,498,7.8337158392770886e-04,wind_direction:18.4_m:degrees
497,11,1.0943000030517578e+02,-8.5990099009900983e-02,1215,1216,6.0669297127736131e-04,wind_direction:18.4_m:degrees
498,3,9.8425000000000000e+02,-6.9000000000000006e-02,903,904,8.5029032258064716e-04,pressure:18.4_m:hPa
499,10,9.0136561393737793e+00,-1.7624999999999999e-01,787,788,5.3234375000000070e-03,wind_speed:18.4_m:m_s-1
500,1,1.9520222473144531e+02,-9.4716981132075481e-02,795,796,1.9041651833392754e-03,azimuth:0_m:degrees
501,9,8.7933017730712891e+01,-3.6862068965517236e-01,503,504,8.1912009512485340e-03,angle_between_wind_wave:0_m:degrees
502,4,1.4917587637901306e+00,-3.2065573770491801e-01,505,506,3.4618650900295200e-03,mixing_ratio:18.4_m:g_kg-1
503,-2,-2.0000000000000000e+00,-2.6500000000000001e-01,-1,-1,8.2499999999999241e-04,wind_direction:18.4_m:degrees
504,11,2.9177999877929688e+02,-3.9565217391304347e-01,507,508,6.5810964083176660e-03,wind_direction:18.4_m:degrees
505,2,2.7640000915527344e+02,-4.3599999999999994e-01,1053,1054,4.7440000000000260e-03,water_sfc_temperature:0_m:K
506,12,-8.4578418172895908e-03,-3.1035714285714278e-01,1139,1140,2.0534438775510339e-03,bulk_richardson:18.4_m:none
507,7,2.0499999523162842e+00,-3.6764705882352944e-01,1175,1176,1.8768166089964677e-03,wave_height:0_m:m
508,12,-9.0019365306943655e-03,-4.7500000000000003e-01,509,510,1.1391666666666717e-02,bulk_richardson:18.4_m:none
509,-2,-2.0000000000000000e+00,-4.0250000000000002e-01,-1,-1,1.3187499999999797e-03,wind_direction:18.4_m:degrees
510,-2,-2.0000000000000000e+00,-6.2000000000000000e-01,-1,-1,5.5511151231257827e-17,wind_direction:18.4_m:degrees
511,-2,-2.0000000000000000e+00,-6.4000000000000001e-02,-1,-1,2.4000000000000583e-05,wind_direction:18.4_m:degrees
512,6,1.6900000000000000e+02,-1.6014423076923082e-01,513,514,2.1831522744082676e-03,wave_direction:0_m:degrees
513,1,4.5288591384887695e+01,-1.3346938775510209e-01,563,564,2.4022490628904519e-03,azimuth:0_m:degrees
514,12,-8.0858502769842744e-04,-1.6836477987421392e-01,755,756,1.8287725960207113e-03,bulk_richardson:18.4_m:none
515,-2,-2.0000000000000000e+00,-2.3000000000000001e-01,-1,-1,0.0000000000000000e+00,wind_direction:18.4_m:degrees
516,-2,-2.0000000000000000e+00,-4.8999999999999999e-01,-1,-1,-2.7755575615628914e-17,wind_direction:18.4_m:degrees
517,5,8.9600002288818359e+01,-1.4272727272727276e-01,519,520,3.7871074380165202e-03,relative_humidity:18.4_m:%
518,11,1.9433999633789062e+02,-1.1010869565217395e-01,809,810,1.1217273156899788e-03,wind_direction:18.4_m:degrees
519,8,6.5000000000000000e+00,-1.3352941176470592e-01,815,816,2.0346020761245649e-03,wave_period:0_m:s
520,1,2.0822652053833008e+02,-2.6000000000000001e-01,619,620,1.1299999999999963e-02,azimuth:0_m:degrees
521,1,1.4078890991210938e+02,-6.6000000000000003e-02,771,772,2.2080000000000016e-03,azimuth:0_m:degrees
522,9,8.8861064910888672e+01,-1.0661016949152542e-01,893,894,1.8325768457339939e-03,angle_between_wind_wave:0_m:degrees
523,10,1.8370302200317383e+01,-5.7200000000000006e-01,1337,1338,4.7759999999999470e-03,wind_speed:18.4_m:m_s-1
524,11,2.9185000610351562e+02,-6.7366666666666641e-01,743,744,2.3365555555553974e-03,wind_direction:18.4_m:degrees
525,-2,-2.0000000000000000e+00,-6.8999999999999995e-01,-1,-1,0.0000000000000000e+00,wind_direction:18.4_m:degrees
526,4,2.8142117261886597e+00,-4.7793650793650794e-01,681,682,5.2322499370119346e-03,mixing_ratio:18.4_m:g_kg-1
527,-2,-2.0000000000000000e+00,-4.0333333333333332e-01,-1,-1,3.5555555555558116e-04,wind_direction:18.4_m:degrees
528,8,4.4500000476837158e+00,-2.6500000000000001e-01,529,530,7.2449999999999737e-03,wave_period:0_m:s
529,-2,-2.0000000000000000e+00,-1.1000000000000000e-01,-1,-1,0.0000000000000000e+00,wind_direction:18.4_m:degrees
530,-2,-2.0000000000000000e+00,-3.0374999999999996e-01,-1,-1,1.5484374999999856e-03,wind_direction:18.4_m:degrees
531,-2,-2.0000000000000000e+00,-2.1499999999999997e-01,-1,-1,1.9694444444444542e-03,wind_direction:18.4_m:degrees
532,1,1.1843944072723389e+01,-1.5560975609756098e-01,869,870,1.9221891731112072e-03,azimuth:0_m:degrees
533,9,8.9467147827148438e+01,-5.8521739130434769e-01,535,536,6.2162570888470992e-03,angle_between_wind_wave:0_m:degrees
534,-2,-2.0000000000000000e+00,-7.3999999999999999e-01,-1,-1,-1.1102230246251565e-15,wind_direction:18.4_m:degrees
535,0,1.0476411056518555e+02,-5.6750000000000000e-01,537,538,4.6587500000001003e-03,zenith:0_m:degrees
536,-2,-2.0000000000000000e+00,-7.0333333333333325e-01,-1,-1,5.5555555555630853e-04,wind_direction:18.4_m:degrees
537,-2,-2.0000000000000000e+00,-6.6749999999999998e-01,-1,-1,2.9187500000000255e-03,wind_direction:18.4_m:degrees
538,10,1.6637758255004883e+01,-5.4249999999999998e-01,1427,1428,1.9687500000000191e-03,wind_speed:18.4_m:m_s-1
539,10,1.1312050819396973e+01,-1.4189655172413793e-01,1737,1738,1.0222651605231864e-03,wind_speed:18.4_m:m_s-1
540,5,5.5500000000000000e+01,-1.7722222222222228e-01,1083,1084,1.3578395061728116e-03,relative_humidity:18.4_m:%
541,-2,-2.0000000000000000e+00,-2.2200000000000000e-01,-1,-1,9.6266666666665335e-04,wind_direction:18.4_m:degrees
542,12,-3.4483473747968674e-02,-3.1000000000000000e-01,1605,1606,2.4000000000000687e-03,bulk_richardson:18.4_m:none
543,12,-1.4197018463164568e-02,-8.3126550868486571e-03,975,976,4.5179857985428319e-04,bulk_richardson:18.4_m:none
544,7,1.1500000059604645e+00,7.6666666666666661e-02,1763,1764,2.5222222222230145e-03,wave_height:0_m:m
545,0,3.6070451736450195e+01,-7.9433962264150948e-02,1365,1366,1.0015663937344241e-03,zenith:0_m:degrees
546,0,7.7003074645996094e+01,-1.1130841121495326e-01,645,646,1.7179142283168837e-03,zenith:0_m:degrees
547,-2,-2.0000000000000000e+00,-2.0590909090909093e-01,-1,-1,8.6962809917357636e-04,wind_direction:18.4_m:degrees
548,9,8.8391220092773438e+01,-2.7294117647058824e-01,1405,1406,4.7854671280276734e-03,angle_between_wind_wave:0_m:degrees
549,7,2.1999999284744263e+00,-1.0108910891089107e-01,707,708,1.9641603764336893e-03,wave_height:0_m:m
550,12,-6.6293526440858841e-02,-1.3040816326530610e-01,1191,1192,1.6733027905040006e-03,bulk_richardson:18.4_m:none
551,8,5.6499998569488525e+00,-1.7164179104477616e-02,1609,1610,8.4121185119180272e-04,wave_period:0_m:s
552,10,4.2081053256988525e+00,-3.7326315789473624e-02,1031,1032,7.3369351800554134e-04,wind_speed:18.4_m:m_s-1
553,3,1.0315999755859375e+03,-1.2215116279069763e-01,555,556,2.2378143591130512e-03,pressure:18.4_m:hPa
554,5,5.9699998855590820e+01,-1.0387840670859540e-01,917,918,1.6006812318429750e-03,relative_humidity:18.4_m:%
555,11,3.0493998718261719e+02,-1.2656250000000005e-01,717,718,2.0975585937500034e-03,wind_direction:18.4_m:degrees
556,-2,-2.0000000000000000e+00,-6.3333333333333339e-02,-1,-1,3.8888888888901751e-04,wind_direction:18.4_m:degrees
557,11,2.9658000183105469e+02,-1.6142857142857145e-01,1211,1212,4.7836734693877496e-03,wind_direction:18.4_m:degrees
558,1,1.5590513706207275e+01,-2.4851851851851853e-01,1077,1078,3.0644718792866635e-03,azimuth:0_m:degrees
559,-2,-2.0000000000000000e+00,-3.9500000000000002e-01,-1,-1,2.2499999999997522e-04,wind_direction:18.4_m:degrees
560,12,-4.4679746497422457e-03,-5.5000000000000004e-01,1267,1268,3.4857142857141477e-03,bulk_richardson:18.4_m:none
561,-2,-2.0000000000000000e+00,-6.8000000000000005e-01,-1,-1,0.0000000000000000e+00,wind_direction:18.4_m:degrees
562,-2,-2.0000000000000000e+00,-4.9333333333333335e-01,-1,-1,5.5555555555567016e-04,wind_direction:18.4_m:degrees
563,0,1.0824932098388672e+02,-2.2000000000000003e-01,587,588,8.1600000000000006e-03,zenith:0_m:degrees
564,-2,-2.0000000000000000e+00,-1.2363636363636364e-01,-1,-1,8.0041322314049028e-04,wind_direction:18.4_m:degrees
565,-2,-2.0000000000000000e+00,-4.8999999999999999e-01,-1,-1,0.0000000000000000e+00,wind_direction:18.4_m:degrees
566,-2,-2.0000000000000000e+00,-2.3999999999999999e-01,-1,-1,-1.3877787807814457e-17,wind_direction:18.4_m:degrees
567,4,1.2545005679130554e+00,-1.4605911330049265e-01,569,570,2.4918585745832313e-03,mixing_ratio:18.4_m:g_kg-1
568,-2,-2.0000000000000000e+00,-5.4000000000000006e-02,-1,-1,1.8400000000024473e-04,wind_direction:18.4_m:degrees
569,11,2.9574499511718750e+02,-1.7642857142857143e-01,571,572,2.5658163265306171e-03,wind_direction:18.4_m:degrees
570,2,2.7576499938964844e+02,-1.3813664596273292e-01,1061,1062,2.1691987191852016e-03,water_sfc_temperature:0_m:K
571,11,2.9504000854492188e+02,-2.4857142857142861e-01,1367,1368,2.6979591836734512e-03,wind_direction:18.4_m:degrees
572,4,7.4975904822349548e-01,-1.6200000000000003e-01,1323,1324,1.2902857142857195e-03,mixing_ratio:18.4_m:g_kg-1
573,3,1.0093999938964844e+03,-4.7589743589743570e-02,855,856,7.9607100591716322e-04,pressure:18.4_m:hPa
574,11,2.7481999206542969e+02,-7.1176470588235258e-02,1205,1206,1.0056747404843984e-03,wind_direction:18.4_m:degrees
575,-2,-2.0000000000000000e+00,-1.0103448275862066e-01,-1,-1,6.4375743162902073e-04,wind_direction:18.4_m:degrees
576,5,9.6149997711181641e+01,-1.4288000000000003e-01,793,794,1.0621055999999879e-03,relative_humidity:18.4_m:%
577,0,7.0686542510986328e+01,-4.6272727272727288e-01,607,608,4.4289256198346560e-03,zenith:0_m:degrees
578,6,2.2350000000000000e+02,-5.2823529411764714e-01,673,674,2.4145328719723524e-03,wave_direction:0_m:degrees
579,9,8.8135662078857422e+01,-9.3617021276595769e-02,1649,1650,1.1720235400633754e-03,angle_between_wind_wave:0_m:degrees
580,5,6.1349998474121094e+01,-1.2968749999999998e-01,1041,1042,1.4863606770833364e-03,relative_humidity:18.4_m:%
581,2,2.7321501159667969e+02,-3.7756497948016436e-02,583,584,6.1493933876161761e-04,water_sfc_temperature:0_m:K
582,11,3.5364500427246094e+02,-5.8969072164948448e-02,729,730,1.4917206929535324e-03,wind_direction:18.4_m:degrees
583,-2,-2.0000000000000000e+00,9.0000000000000011e-02,-1,-1,0.0000000000000000e+00,wind_direction:18.4_m:degrees
584,10,7.3672926425933838e+00,-3.8019191226867782e-02,827,828,5.8257399770091523e-04,wind_speed:18.4_m:m_s-1
585,-2,-2.0000000000000000e+00,-4.3750000000000000e-01,-1,-1,1.8687500000000024e-03,wind_direction:18.4_m:degrees
586,-2,-2.0000000000000000e+00,-3.3285714285714285e-01,-1,-1,3.9183673469388169e-04,wind_direction:18.4_m:degrees
587,-2,-2.0000000000000000e+00,-4.0000000000000002e-01,-1,-1,0.0000000000000000e+00,wind_direction:18.4_m:degrees
588,-2,-2.0000000000000000e+00,-1.7500000000000002e-01,-1,-1,7.4999999999998679e-05,wind_direction:18.4_m:degrees
589,3,1.0136000061035156e+03,-2.7962962962962962e-01,647,648,4.0072702331961918e-03,pressure:18.4_m:hPa
590,-2,-2.0000000000000000e+00,-1.9333333333333333e-01,-1,-1,3.5555555555538687e-04,wind_direction:18.4_m:degrees
591,5,9.3099998474121094e+01,-2.2045454545454543e-01,1029,1030,2.2497933884297328e-03,relative_humidity:18.4_m:%
592,9,9.0635032653808594e+01,-2.8142857142857142e-01,1593,1594,2.2598639455782138e-03,angle_between_wind_wave:0_m:degrees
593,12,-2.0195014029741287e-01,-6.2488372093023228e-02,723,724,9.0101730665225355e-04,bulk_richardson:18.4_m:none
594,2,2.7996998596191406e+02,-7.7773851590105983e-02,785,786,1.0250795989461695e-03,water_sfc_temperature:0_m:K
595,-2,-2.0000000000000000e+00,-2.8000000000000003e-01,-1,-1,0.0000000000000000e+00,wind_direction:18.4_m:degrees
596,6,1.8400000000000000e+02,-1.3304347826086957e-01,1253,1254,1.8037807183364923e-03,wave_direction:0_m:degrees
597,-2,-2.0000000000000000e+00,-1.5809523809523807e-01,-1,-1,1.1201814058957003e-03,wind_direction:18.4_m:degrees
598,-2,-2.0000000000000000e+00,-3.0500000000000005e-01,-1,-1,1.2250000000000316e-03,wind_direction:18.4_m:degrees
599,5,5.1500000000000000e+01,-1.3000000000000000e-01,1881,1882,1.6615384615384608e-03,relative_humidity:18.4_m:%
600,1,3.3043009948730469e+02,-1.8887640449438201e-01,601,602,3.3021083196566256e-03,azimuth:0_m:degrees
601,4,3.0111176967620850e+00,-1.8282352941176475e-01,603,604,2.6414394463667931e-03,mixing_ratio:18.4_m:g_kg-1
602,-2,-2.0000000000000000e+00,-3.1750000000000000e-01,-1,-1,1.8750000000067324e-05,wind_direction:18.4_m:degrees
603,5,5.9650001525878906e+01,-2.0488372093023258e-01,957,958,2.0249864791779260e-03,relative_humidity:18.4_m:%
604,0,8.6433635711669922e+01,-1.6023809523809524e-01,1209,1210,2.2642290249432900e-03,zenith:0_m:degrees
605,4,8.8220348954200745e-01,-4.1833333333333339e-01,2045,2046,2.2138888888888486e-03,mixing_ratio:18.4_m:g_kg-1
606,1,2.9792576599121094e+02,-3.1600000000000000e-01,1883,1884,2.5040000000000756e-03,azimuth:0_m:degrees
607,-2,-2.0000000000000000e+00,-2.7000000000000002e-01,-1,-1,0.0000000000000000e+00,wind_direction:18.4_m:degrees
608,7,1.3000000119209290e+00,-4.7190476190476194e-01,983,984,2.7868480725621314e-03,wave_height:0_m:m
609,-2,-2.0000000000000000e+00,-5.0869565217391319e-02,-1,-1,5.6011342155009355e-04,wind_direction:18.4_m:degrees
610,1,8.4528522491455078e+01,-8.1826347305389180e-02,1219,1220,9.6103571300513828e-04,azimuth:0_m:degrees
611,5,6.9150001525878906e+01,-1.6131147540983609e-01,1299,1300,1.0605751142165991e-03,relative_humidity:18.4_m:%
612,9,8.8328617095947266e+01,-1.9621212121212120e-01,613,614,3.6659550045913397e-03,angle_between_wind_wave:0_m:degrees
613,3,1.0047500000000000e+03,-1.4812500000000001e-01,1143,1144,3.9152343750000033e-03,pressure:18.4_m:hPa
614,12,-7.6267363037914038e-03,-2.1160000000000004e-01,615,616,2.6094400000000254e-03,bulk_richardson:18.4_m:none
615,11,3.2083999633789062e+02,-2.3342857142857149e-01,853,854,1.9253877551019885e-03,wind_direction:18.4_m:degrees
616,-2,-2.0000000000000000e+00,-1.6066666666666668e-01,-1,-1,4.9955555555560374e-04,wind_direction:18.4_m:degrees
617,-2,-2.0000000000000000e+00,-2.4142857142857141e-01,-1,-1,1.1265306122449081e-03,wind_direction:18.4_m:degrees
618,0,1.0329701614379883e+02,-3.3133333333333331e-01,1457,1458,1.8915555555555075e-03,zenith:0_m:degrees
619,-2,-2.0000000000000000e+00,-3.1666666666666665e-01,-1,-1,2.2222222222221949e-03,wind_direction:18.4_m:degrees
620,-2,-2.0000000000000000e+00,-8.9999999999999997e-02,-1,-1,1.7347234759768071e-18,wind_direction:18.4_m:degrees
621,10,1.7195813179016113e+01,-6.0799999999999998e-01,841,842,2.9359999999998831e-03,wind_speed:18.4_m:m_s-1
622,12,-7.4761761352419853e-03,-5.3200000000000003e-01,775,776,4.2360000000002396e-03,bulk_richardson:18.4_m:none
623,-2,-2.0000000000000000e+00,-2.2200000000000003e-01,-1,-1,9.5999999999984986e-05,wind_direction:18.4_m:degrees
624,3,9.9895001220703125e+02,-1.3000000000000000e-01,1047,1048,1.5500000000000062e-03,pressure:18.4_m:hPa
625,-2,-2.0000000000000000e+00,-2.0666666666666667e-01,-1,-1,2.2222222222215149e-05,wind_direction:18.4_m:degrees
626,-2,-2.0000000000000000e+00,-3.8500000000000001e-01,-1,-1,2.4999999999969491e-05,wind_direction:18.4_m:degrees
627,7,1.5500000119209290e+00,-3.3575757575757575e-01,629,630,5.3456382001837027e-03,wave_height:0_m:m
628,-2,-2.0000000000000000e+00,-2.7357142857142858e-01,-1,-1,6.2295918367345771e-04,wind_direction:18.4_m:degrees
629,2,2.8763499450683594e+02,-3.2241379310344825e-01,759,760,3.9700356718192775e-03,water_sfc_temperature:0_m:K
630,8,5.2500000000000000e+00,-4.3250000000000000e-01,1311,1312,4.6687499999999438e-03,wave_period:0_m:s
631,-2,-2.0000000000000000e+00,-5.0000000000000003e-02,-1,-1,1.0799999999999994e-03,wind_direction:18.4_m:degrees
632,-2,-2.0000000000000000e+00,-1.7999999999999999e-01,-1,-1,1.0000000000000286e-04,wind_direction:18.4_m:degrees
633,-2,-2.0000000000000000e+00,-5.4000000000000004e-01,-1,-1,5.9999999999993392e-04,wind_direction:18.4_m:degrees
634,3,9.9104998779296875e+02,-4.3846153846153840e-01,1903,1904,1.2745562130177801e-03,pressure:18.4_m:hPa
635,5,7.0549999237060547e+01,-2.3000000000000000e-02,1303,1304,1.7309999999999999e-03,relative_humidity:18.4_m:%
636,-2,-2.0000000000000000e+00,1.2000000000000000e-01,-1,-1,-3.4694469519536142e-18,wind_direction:18.4_m:degrees
637,10,1.2957824707031250e+01,-1.9151515151515150e-01,1279,1280,2.4249770431588671e-03,wind_speed:18.4_m:m_s-1
638,7,7.9999998211860657e-01,-2.3777777777777778e-01,1065,1066,2.1339506172838585e-03,wave_height:0_m:m
639,0,5.7123754501342773e+01,-2.5735849056603777e-01,643,644,4.1250978996083959e-03,zenith:0_m:degrees
640,3,1.0171499938964844e+03,-2.2145161290322588e-01,641,642,3.0866024973986231e-03,pressure:18.4_m:hPa
641,9,9.0414062500000000e+01,-2.0488888888888890e-01,867,868,2.2472098765431922e-03,angle_between_wind_wave:0_m:degrees
642,8,4.4499998092651367e+00,-2.6529411764705879e-01,1417,1418,2.6602076124566248e-03,wave_period:0_m:s
643,-2,-2.0000000000000000e+00,-1.4000000000000001e-01,-1,-1,3.1999999999999980e-03,wind_direction:18.4_m:degrees
644,2,2.7609999084472656e+02,-2.6440000000000002e-01,1125,1126,3.3046399999999976e-03,water_sfc_temperature:0_m:K
645,2,2.8402500915527344e+02,-8.8888888888888892e-02,1983,1984,1.1691358024691362e-03,water_sfc_temperature:0_m:K
646,1,3.0590866088867188e+02,-1.1887499999999999e-01,753,754,1.6762343750000141e-03,azimuth:0_m:degrees
647,0,1.5236064147949219e+02,-3.0193548387096780e-01,1059,1060,2.8285119667014885e-03,zenith:0_m:degrees
648,9,8.8522598266601562e+01,-2.4956521739130436e-01,733,734,4.0215500945179200e-03,angle_between_wind_wave:0_m:degrees
649,10,1.2540111541748047e+01,-2.9175438596491232e-01,693,694,5.4670975684825984e-03,wind_speed:18.4_m:m_s-1
650,-2,-2.0000000000000000e+00,-1.0000000000000001e-01,-1,-1,-1.3860440573054689e-15,wind_direction:18.4_m:degrees
651,-2,-2.0000000000000000e+00,-7.0999999999999996e-01,-1,-1,2.2204460492503131e-16,wind_direction:18.4_m:degrees
652,-2,-2.0000000000000000e+00,-9.0000000000000002e-01,-1,-1,2.2204460492503131e-16,wind_direction:18.4_m:degrees
653,0,6.4011957168579102e+01,-4.7488888888888892e-01,675,676,3.9183209876541836e-03,zenith:0_m:degrees
654,3,1.0104500122070312e+03,-5.2684210526315800e-01,1503,1504,1.7268698060948218e-03,pressure:18.4_m:hPa
655,4,1.4459700584411621e+00,-1.8227272727272734e-01,811,812,1.7039256198346855e-03,mixing_ratio:18.4_m:g_kg-1
656,12,-6.8467825651168823e-02,-1.4894308943089432e-01,875,876,2.0923788750082453e-03,bulk_richardson:18.4_m:none
657,11,2.9151499938964844e+02,-2.6999999999999996e-01,1391,1392,2.0399999999999724e-03,wind_direction:18.4_m:degrees
658,-2,-2.0000000000000000e+00,-3.8999999999999996e-01,-1,-1,3.1999999999999529e-03,wind_direction:18.4_m:degrees
659,0,1.5805922698974609e+02,-1.9193460490463238e-02,829,830,3.3253750491872867e-04,zenith:0_m:degrees
660,12,-7.6253641396760941e-02,-2.8949579831932745e-02,1349,1350,5.1066132335284638e-04,bulk_richardson:18.4_m:none
661,3,1.0210000000000000e+03,-1.7352941176470590e-01,879,880,3.3051903114186647e-03,pressure:18.4_m:hPa
662,1,4.4504222631454468e+01,-1.3333333333333333e-01,2005,2006,1.7070707070707090e-03,azimuth:0_m:degrees
663,-2,-2.0000000000000000e+00,-2.6000000000000001e-01,-1,-1,0.0000000000000000e+00,wind_direction:18.4_m:degrees
664,7,1.5500000119209290e+00,-1.4666666666666670e-01,1021,1022,2.7350427350427420e-03,wave_height:0_m:m
665,4,1.4706118583679199e+01,-1.1062176165803107e-01,1149,1150,7.3225589948723926e-04,mixing_ratio:18.4_m:g_kg-1
666,-2,-2.0000000000000000e+00,-1.6909090909090907e-01,-1,-1,3.5371900826431865e-04,wind_direction:18.4_m:degrees
667,12,-8.6088636890053749e-03,-1.2999999999999998e-01,739,740,2.8810810810810765e-03,bulk_richardson:18.4_m:none
668,-2,-2.0000000000000000e+00,-2.6500000000000001e-01,-1,-1,2.2499999999996134e-04,wind_direction:18.4_m:degrees
669,-2,-2.0000000000000000e+00,-1.8000000000000002e-01,-1,-1,0.0000000000000000e+00,wind_direction:18.4_m:degrees
670,-2,-2.0000000000000000e+00,-3.3333333333333331e-01,-1,-1,8.8888888888832840e-05,wind_direction:18.4_m:degrees
671,-2,-2.0000000000000000e+00,-1.5800000000000000e-01,-1,-1,5.7600000000000706e-04,wind_direction:18.4_m:degrees
672,11,1.3739500427246094e+02,-7.3489096573208734e-02,1645,1646,4.6259256024301556e-04,wind_direction:18.4_m:degrees
673,-2,-2.0000000000000000e+00,-4.2999999999999999e-01,-1,-1,0.0000000000000000e+00,wind_direction:18.4_m:degrees
674,-2,-2.0000000000000000e+00,-5.4928571428571438e-01,-1,-1,4.2091836734703403e-04,wind_direction:18.4_m:degrees
675,4,1.5295634269714355e+00,-3.9600000000000002e-01,2035,2036,2.6239999999999875e-03,mixing_ratio:18.4_m:g_kg-1
676,5,4.5500000000000000e+01,-4.8474999999999990e-01,989,990,3.2049375000000324e-03,relative_humidity:18.4_m:%
677,2,2.7621000671386719e+02,-2.7382352941176474e-01,1063,1064,2.8177335640138523e-03,water_sfc_temperature:0_m:K
678,0,1.1543302917480469e+02,-3.5666666666666669e-01,1069,1070,4.7555555555554851e-03,zenith:0_m:degrees
679,-2,-2.0000000000000000e+00,-1.4999999999999999e-01,-1,-1,0.0000000000000000e+00,wind_direction:18.4_m:degrees
680,3,1.0384500122070312e+03,-1.7664941785252221e-02,1019,1020,4.8930817583748675e-04,pressure:18.4_m:hPa
681,5,5.2350000381469727e+01,-4.8690909090909101e-01,683,684,4.3413553719007236e-03,relative_humidity:18.4_m:%
682,11,2.7212001037597656e+02,-4.1624999999999990e-01,685,686,6.9984375000007593e-03,wind_direction:18.4_m:degrees
683,5,4.6649999618530273e+01,-4.6193548387096778e-01,1001,1002,2.9639958376689590e-03,relative_humidity:18.4_m:%
684,2,2.8188500976562500e+02,-5.1916666666666667e-01,861,862,4.2743055555555243e-03,water_sfc_temperature:0_m:K
685,-2,-2.0000000000000000e+00,-6.0999999999999999e-01,-1,-1,0.0000000000000000e+00,wind_direction:18.4_m:degrees
686,-2,-2.0000000000000000e+00,-3.8857142857142851e-01,-1,-1,1.8693877551020921e-03,wind_direction:18.4_m:degrees
687,3,1.0038500061035156e+03,-2.7043478260869563e-01,689,690,3.2389413988657967e-03,pressure:18.4_m:hPa
688,11,2.4418000793457031e+02,-3.1660714285714281e-01,691,692,3.0652742346938683e-03,wind_direction:18.4_m:degrees
689,-2,-2.0000000000000000e+00,-2.0285714285714285e-01,-1,-1,2.0408163265310530e-05,wind_direction:18.4_m:degrees
690,9,8.9043457031250000e+01,-2.9999999999999999e-01,1519,1520,1.7749999999999988e-03,angle_between_wind_wave:0_m:degrees
691,-2,-2.0000000000000000e+00,-1.9666666666666666e-01,-1,-1,8.8888888888888351e-05,wind_direction:18.4_m:degrees
692,10,1.3394218444824219e+01,-3.2339622641509436e-01,1141,1142,2.3733713065147988e-03,wind_speed:18.4_m:m_s-1
693,0,6.2242536544799805e+01,-2.6833333333333337e-01,697,698,3.9205555555555105e-03,zenith:0_m:degrees
694,1,2.6104209899902344e+02,-3.1777777777777777e-01,695,696,5.8987654320987321e-03,azimuth:0_m:degrees
695,12,-2.9053333215415478e-02,-3.0653846153846154e-01,823,824,2.7149408284023735e-03,bulk_richardson:18.4_m:none
696,-2,-2.0000000000000000e+00,-6.0999999999999999e-01,-1,-1,1.6653345369377348e-16,wind_direction:18.4_m:degrees
697,-2,-2.0000000000000000e+00,-3.7333333333333335e-01,-1,-1,2.2222222222222365e-03,wind_direction:18.4_m:degrees
698,5,4.6149999618530273e+01,-2.5666666666666671e-01,965,966,2.7481481481481385e-03,relative_humidity:18.4_m:%
699,4,1.5425404906272888e+00,-2.2689655172413795e-01,1161,1162,2.6765755053507270e-03,mixing_ratio:18.4_m:g_kg-1
700,-2,-2.0000000000000000e+00,-1.4857142857142858e-01,-1,-1,6.1224489795922224e-04,wind_direction:18.4_m:degrees
701,11,3.5190998840332031e+02,-6.6000000000000017e-02,1963,1964,7.4399999999999727e-04,wind_direction:18.4_m:degrees
702,5,3.5699999809265137e+01,-9.2537878787878780e-02,889,890,1.7689379591368150e-03,relative_humidity:18.4_m:%
703,11,2.8392498779296875e+02,-1.4829268292682926e-01,955,956,2.1897679952409231e-03,wind_direction:18.4_m:degrees
704,2,2.8431498718261719e+02,-8.0000000000000002e-02,1617,1618,1.9111111111111134e-03,water_sfc_temperature:0_m:K
705,10,1.5861697196960449e+01,-5.2875000000000005e-01,847,848,3.8359375000000528e-03,wind_speed:18.4_m:m_s-1
706,12,-3.6258801817893982e-02,-6.1888888888888882e-01,1499,1500,1.8320987654318333e-03,bulk_richardson:18.4_m:none
707,4,1.1343747973442078e+00,-9.6063829787234059e-02,1131,1132,1.4834427342689093e-03,mixing_ratio:18.4_m:g_kg-1
708,6,1.9650000000000000e+02,-1.6857142857142859e-01,1015,1016,3.5265306122448312e-03,wave_direction:0_m:degrees
709,3,1.0063000183105469e+03,-2.8200000000000003e-01,1121,1122,2.5759999999999811e-03,pressure:18.4_m:hPa
710,10,1.2340621948242188e+01,-2.1857142857142864e-01,1341,1342,2.1872448979591633e-03,wind_speed:18.4_m:m_s-1
711,7,1.3499999642372131e+00,-3.7222222222222223e-01,1195,1196,1.3580246913580396e-03,wave_height:0_m:m
712,-2,-2.0000000000000000e+00,-5.6000000000000005e-01,-1,-1,0.0000000000000000e+00,wind_direction:18.4_m:degrees
713,11,2.3679499816894531e+02,-2.8177777777777774e-01,1155,1156,2.4635061728395247e-03,wind_direction:18.4_m:degrees
714,-2,-2.0000000000000000e+00,-3.2205128205128203e-01,-1,-1,1.2573307034845077e-03,wind_direction:18.4_m:degrees
715,-2,-2.0000000000000000e+00,-4.7500000000000001e-02,-1,-1,1.6875000000000006e-04,wind_direction:18.4_m:degrees
716,6,2.0700000000000000e+02,-1.4288461538461542e-01,1167,1168,2.1089866863905279e-03,wave_direction:0_m:degrees
717,5,6.0600000381469727e+01,-1.5400000000000000e-01,839,840,2.7611428571428578e-03,relative_humidity:18.4_m:%
718,11,3.4312998962402344e+02,-1.1888000000000001e-01,1465,1466,1.6419455999999808e-03,wind_direction:18.4_m:degrees
719,12,-2.6440028101205826e-02,-1.3625000000000001e-01,1035,1036,1.4359374999999980e-03,bulk_richardson:18.4_m:none
720,-2,-2.0000000000000000e+00,-9.2368421052631572e-02,-1,-1,4.6018005540165476e-04,wind_direction:18.4_m:degrees
721,2,2.7385499572753906e+02,-9.8421052631578965e-02,1045,1046,1.0121268082486888e-03,water_sfc_temperature:0_m:K
722,-2,-2.0000000000000000e+00,-5.0625000000000017e-02,-1,-1,1.6835937500002656e-04,wind_direction:18.4_m:degrees
723,-2,-2.0000000000000000e+00,-9.8750000000000046e-02,-1,-1,6.5260416666665898e-04,wind_direction:18.4_m:degrees
724,5,6.2250000000000000e+01,-6.0344827586206871e-02,1115,1116,8.3337863088160657e-04,relative_humidity:18.4_m:%
725,-2,-2.0000000000000000e+00,-1.3333333333333334e-02,-1,-1,2.2222222222221925e-05,wind_direction:18.4_m:degrees
726,-2,-2.0000000000000000e+00,1.2000000000000000e-01,-1,-1,0.0000000000000000e+00,wind_direction:18.4_m:degrees
727,-2,-2.0000000000000000e+00,-2.4299999999999997e-01,-1,-1,2.4100000000001204e-04,wind_direction:18.4_m:degrees
728,4,9.8154582977294922e+00,-1.7735294117647060e-01,1243,1244,1.3194636678200353e-03,mixing_ratio:18.4_m:g_kg-1
729,12,-2.4572655092924833e-03,-5.7083333333333319e-02,871,872,1.1623263888888885e-03,bulk_richardson:18.4_m:none
730,-2,-2.0000000000000000e+00,-2.3999999999999999e-01,-1,-1,-6.9388939039072284e-18,wind_direction:18.4_m:degrees
731,7,8.4999999403953552e-01,-8.1544715447154484e-02,1985,1986,1.0293211712604968e-03,wave_height:0_m:m
732,11,1.0255500030517578e+02,-5.2586206896551718e-02,1543,1544,5.8124256837099398e-04,wind_direction:18.4_m:degrees
733,2,2.7583499145507812e+02,-2.0999999999999999e-01,1281,1282,2.9636363636363766e-03,water_sfc_temperature:0_m:K
734,7,1.3000000119209290e+00,-2.8583333333333338e-01,1301,1302,2.2409722222222345e-03,wave_height:0_m:m
735,-2,-2.0000000000000000e+00,-6.3857142857142868e-01,-1,-1,4.1224489795910202e-04,wind_direction:18.4_m:degrees
736,0,1.3805404663085938e+02,-5.5625000000000002e-01,1801,1802,2.0234375000000027e-03,zenith:0_m:degrees
737,-2,-2.0000000000000000e+00,-4.0749999999999997e-01,-1,-1,1.5187500000000131e-03,wind_direction:18.4_m:degrees
738,0,7.2379112243652344e+01,-3.0384615384615382e-01,1043,1044,2.6082840236686111e-03,zenith:0_m:degrees
739,4,9.7119102478027344e+00,-1.2753424657534249e-01,741,742,2.4706323888159139e-03,mixing_ratio:18.4_m:g_kg-1
740,-2,-2.0000000000000000e+00,-3.1000000000000000e-01,-1,-1,-1.3877787807814457e-17,wind_direction:18.4_m:degrees
741,2,2.7719000244140625e+02,-1.2394366197183102e-01,1185,1186,2.0633207696885512e-03,water_sfc_temperature:0_m:K
742,-2,-2.0000000000000000e+00,-2.5500000000000000e-01,-1,-1,2.2499999999997522e-04,wind_direction:18.4_m:degrees
743,0,1.1507438278198242e+02,-6.8249999999999988e-01,1995,1996,1.3330357142860016e-03,zenith:0_m:degrees
744,-2,-2.0000000000000000e+00,-5.5000000000000004e-01,-1,-1,3.3306690738754696e-16,wind_direction:18.4_m:degrees
745,8,6.0999999046325684e+00,-2.9641509433962260e-01,747,748,1.5399786400854543e-03,wave_period:0_m:s
746,-2,-2.0000000000000000e+00,-4.0333333333333332e-01,-1,-1,3.5555555555596974e-04,wind_direction:18.4_m:degrees
747,-2,-2.0000000000000000e+00,-2.8723404255319152e-01,-1,-1,9.7745586238118243e-04,wind_direction:18.4_m:degrees
748,-2,-2.0000000000000000e+00,-3.6833333333333335e-01,-1,-1,1.1388888888874682e-04,wind_direction:18.4_m:degrees
749,5,4.9250000000000000e+01,-1.3298887122416529e-02,1049,1050,3.6336217682191165e-04,relative_humidity:18.4_m:%
750,9,8.7476081848144531e+01,-2.0169491525423650e-02,751,752,3.4531025567363058e-04,angle_between_wind_wave:0_m:degrees
751,-2,-2.0000000000000000e+00,-1.9000000000000000e-01,-1,-1,0.0000000000000000e+00,wind_direction:18.4_m:degrees
752,0,1.6160523223876953e+02,-1.9808917197452130e-02,1415,1416,2.8467686315875143e-04,zenith:0_m:degrees
753,12,-2.7428848668932915e-02,-1.2377622377622380e-01,1071,1072,1.5689569172086647e-03,bulk_richardson:18.4_m:none
754,-2,-2.0000000000000000e+00,-7.7647058823529430e-02,-1,-1,6.7681660899652964e-04,wind_direction:18.4_m:degrees
755,2,2.9121000671386719e+02,-1.8767857142857142e-01,757,758,2.1142538265306182e-03,water_sfc_temperature:0_m:K
756,5,9.8500000000000000e+01,-1.5786407766990296e-01,1419,1420,1.3604863794890835e-03,relative_humidity:18.4_m:%
757,12,-1.6869070823304355e-03,-1.9529411764705887e-01,901,902,1.6641291810841966e-03,bulk_richardson:18.4_m:none
758,-2,-2.0000000000000000e+00,-1.1000000000000001e-01,-1,-1,7.9999999999991536e-05,wind_direction:18.4_m:degrees
759,2,2.8756498718261719e+02,-3.3148148148148143e-01,761,762,3.0718792866941541e-03,water_sfc_temperature:0_m:K
760,-2,-2.0000000000000000e+00,-2.0000000000000001e-01,-1,-1,-2.5673907444456745e-16,wind_direction:18.4_m:degrees
761,4,1.4049191474914551e+00,-3.1500000000000000e-01,763,764,2.2522727272727555e-03,mixing_ratio:18.4_m:g_kg-1
762,-2,-2.0000000000000000e+00,-4.0400000000000003e-01,-1,-1,2.2400000000005749e-04,wind_direction:18.4_m:degrees
763,-2,-2.0000000000000000e+00,-4.4000000000000000e-01,-1,-1,0.0000000000000000e+00,wind_direction:18.4_m:degrees
764,-2,-2.0000000000000000e+00,-3.0249999999999999e-01,-1,-1,7.5875000000000248e-04,wind_direction:18.4_m:degrees
765,7,6.5000000596046448e-01,-4.4747081712062146e-02,1563,1564,3.9906054595829996e-04,wave_height:0_m:m
766,9,8.8514171600341797e+01,-2.3717948717948720e-02,767,768,1.3823307034845512e-03,angle_between_wind_wave:0_m:degrees
767,-2,-2.0000000000000000e+00,-1.4999999999999999e-01,-1,-1,0.0000000000000000e+00,wind_direction:18.4_m:degrees
768,0,6.0017736434936523e+01,-2.0394736842105268e-02,1305,1306,9.8800207756232590e-04,zenith:0_m:degrees
769,8,5.6499998569488525e+00,-3.8208333333333333e-01,1109,1110,3.6498263888888605e-03,wave_period:0_m:s
770,-2,-2.0000000000000000e+00,-4.7000000000000003e-01,-1,-1,2.4000000000002908e-03,wind_direction:18.4_m:degrees
771,1,1.2843050003051758e+02,-8.9259259259259260e-02,909,910,1.5475994513031600e-03,azimuth:0_m:degrees
772,-2,-2.0000000000000000e+00,-3.8695652173913041e-02,-1,-1,1.6026465028355396e-03,wind_direction:18.4_m:degrees
773,-2,-2.0000000000000000e+00,-4.1500000000000004e-01,-1,-1,2.2499999999997522e-04,wind_direction:18.4_m:degrees
774,-2,-2.0000000000000000e+00,-5.5300000000000005e-01,-1,-1,3.8100000000007572e-04,wind_direction:18.4_m:degrees
775,-2,-2.0000000000000000e+00,-4.1999999999999998e-01,-1,-1,0.0000000000000000e+00,wind_direction:18.4_m:degrees
776,-2,-2.0000000000000000e+00,-5.6000000000000005e-01,-1,-1,1.3750000000000151e-03,wind_direction:18.4_m:degrees
777,0,5.3161863327026367e+01,-2.0192307692307693e-01,1171,1172,2.4463017751479160e-03,zenith:0_m:degrees
778,-2,-2.0000000000000000e+00,-2.7714285714285719e-01,-1,-1,2.4897959183678431e-04,wind_direction:18.4_m:degrees
779,-2,-2.0000000000000000e+00,-2.6500000000000001e-01,-1,-1,4.2499999999999483e-04,wind_direction:18.4_m:degrees
780,11,2.8296501159667969e+02,-3.5490384615384613e-01,837,838,2.6826830621302089e-03,wind_direction:18.4_m:degrees
781,3,1.0158499755859375e+03,-2.4444444444444446e-02,783,784,4.8913580246913576e-03,pressure:18.4_m:hPa
782,3,1.0136999816894531e+03,-8.4297188755019986e-02,1363,1364,1.0887630844663839e-03,pressure:18.4_m:hPa
783,-2,-2.0000000000000000e+00,-2.2000000000000000e-01,-1,-1,0.0000000000000000e+00,wind_direction:18.4_m:degrees
784,-2,-2.0000000000000000e+00,0.0000000000000000e+00,-1,-1,1.2500000000000011e-04,wind_direction:18.4_m:degrees
785,9,9.0288425445556641e+01,-6.1234567901234556e-02,1755,1756,9.1205608901082308e-04,angle_between_wind_wave:0_m:degrees
786,4,2.9723850488662720e+00,-8.4405940594059412e-02,1439,1440,9.1672630134299535e-04,mixing_ratio:18.4_m:g_kg-1
787,-2,-2.0000000000000000e+00,-1.2800000000000000e-01,-1,-1,2.2960000000000098e-03,wind_direction:18.4_m:degrees
788,-2,-2.0000000000000000e+00,-2.5666666666666665e-01,-1,-1,2.2222222222229027e-05,wind_direction:18.4_m:degrees
789,0,1.1605132675170898e+02,-2.0325000000000001e-01,1351,1352,2.1319375000000348e-03,zenith:0_m:degrees
790,10,1.3294518947601318e+01,-2.5785714285714284e-01,865,866,4.0882653061223989e-03,wind_speed:18.4_m:m_s-1
791,4,5.5216779708862305e+00,-2.3333333333333334e-01,1625,1626,1.5777777777777821e-03,mixing_ratio:18.4_m:g_kg-1
792,10,1.2664939880371094e+01,-1.8768292682926832e-01,819,820,1.9982897085067744e-03,wind_speed:18.4_m:m_s-1
793,12,1.6973347810562700e-03,-1.4487804878048782e-01,981,982,8.2986317668053144e-04,bulk_richardson:18.4_m:none
794,-2,-2.0000000000000000e+00,-2.0000000000000000e-02,-1,-1,6.3913718068020486e-16,wind_direction:18.4_m:degrees
795,2,2.8102499389648438e+02,-8.1707317073170749e-02,1567,1568,1.1702558001189765e-03,water_sfc_temperature:0_m:K
796,2,2.8325000000000000e+02,-1.3916666666666666e-01,1441,1442,1.8576388888888878e-03,water_sfc_temperature:0_m:K
797,-2,-2.0000000000000000e+00,-3.8461538461538464e-01,-1,-1,3.0177514792892324e-04,wind_direction:18.4_m:degrees
798,-2,-2.0000000000000000e+00,-2.9833333333333334e-01,-1,-1,6.8055555555562863e-04,wind_direction:18.4_m:degrees
799,10,1.6939754486083984e+01,-4.9399999999999994e-01,1183,1184,4.2240000000000333e-03,wind_speed:18.4_m:m_s-1
800,3,1.0023500061035156e+03,-3.9666666666666672e-01,1829,1830,2.9111111111111143e-03,pressure:18.4_m:hPa
801,11,3.1261000061035156e+02,-4.2100000000000004e-01,803,804,3.6956666666666527e-03,wind_direction:18.4_m:degrees
802,-2,-2.0000000000000000e+00,-5.2666666666666673e-01,-1,-1,1.0888888888888060e-03,wind_direction:18.4_m:degrees
803,6,2.4450000000000000e+02,-4.3423076923076925e-01,939,940,2.8474852071006529e-03,wave_direction:0_m:degrees
804,-2,-2.0000000000000000e+00,-3.3500000000000002e-01,-1,-1,6.7499999999973137e-04,wind_direction:18.4_m:degrees
805,9,8.8084972381591797e+01,-4.7619047619047616e-01,1431,1432,2.6426303854875377e-03,angle_between_wind_wave:0_m:degrees
806,9,8.9571636199951172e+01,-4.2105263157894735e-01,897,898,4.8304709141275270e-03,angle_between_wind_wave:0_m:degrees
807,0,6.0273738861083984e+01,-1.8984375000000006e-01,993,994,2.5046630859374419e-03,zenith:0_m:degrees
808,7,1.1500000357627869e+00,-1.5218750000000000e-01,1757,1758,1.9733398437500153e-03,wave_height:0_m:m
809,8,4.9500000476837158e+00,-1.2701492537313430e-01,1013,1014,1.1313878369347344e-03,wave_period:0_m:s
810,12,1.0531090665608644e-02,-1.0042735042735045e-01,1011,1012,8.5879173058659580e-04,bulk_richardson:18.4_m:none
811,-2,-2.0000000000000000e+00,-2.6500000000000001e-01,-1,-1,2.4999999999997247e-05,wind_direction:18.4_m:degrees
812,1,3.1510865783691406e+02,-1.7399999999999999e-01,1559,1560,1.1189999999999672e-03,azimuth:0_m:degrees
813,-2,-2.0000000000000000e+00,-2.5333333333333335e-01,-1,-1,8.8888888888888351e-05,wind_direction:18.4_m:degrees
814,-2,-2.0000000000000000e+00,-3.6888888888888893e-01,-1,-1,4.0987654320984168e-04,wind_direction:18.4_m:degrees
815,1,1.6292748260498047e+02,-1.1241379310344829e-01,1741,1742,1.0252080856123710e-03,azimuth:0_m:degrees
816,5,7.9599998474121094e+01,-1.6136363636363640e-01,1265,1266,2.0026859504131862e-03,relative_humidity:18.4_m:%
817,-2,-2.0000000000000000e+00,-1.6500000000000001e-01,-1,-1,2.5000000000000716e-05,wind_direction:18.4_m:degrees
818,0,5.3205299377441406e+01,-2.9411764705882354e-01,1789,1790,2.0359861591695561e-03,zenith:0_m:degrees
819,-2,-2.0000000000000000e+00,-2.5000000000000000e-01,-1,-1,5.1428571428571712e-04,wind_direction:18.4_m:degrees
820,4,8.0490958690643311e+00,-1.8186666666666670e-01,1055,1056,1.7405155555555440e-03,mixing_ratio:18.4_m:g_kg-1
821,9,8.9317981719970703e+01,-1.7285714285714290e-01,1705,1706,1.2857142857142789e-03,angle_between_wind_wave:0_m:degrees
822,-2,-2.0000000000000000e+00,-9.1999999999999998e-02,-1,-1,2.2560000000000080e-03,wind_direction:18.4_m:degrees
823,6,2.4050000000000000e+02,-2.9434782608695659e-01,1403,1404,1.7810964083176117e-03,wave_direction:0_m:degrees
824,-2,-2.0000000000000000e+00,-4.0000000000000008e-01,-1,-1,-5.5511151231257827e-17,wind_direction:18.4_m:degrees
825,9,8.9065135955810547e+01,-1.5160000000000001e-01,1169,1170,1.7814400000000057e-03,angle_between_wind_wave:0_m:degrees
826,12,7.6667936518788338e-03,-1.1612500000000008e-01,891,892,8.6973437499999334e-04,bulk_richardson:18.4_m:none
827,-2,-2.0000000000000000e+00,-1.0285714285714287e-01,-1,-1,1.0489795918367344e-03,wind_direction:18.4_m:degrees
828,12,-1.9187568686902523e-02,-3.7706611570247961e-02,1571,1572,5.5996075518520167e-04,bulk_richardson:18.4_m:none
829,-2,-2.0000000000000000e+00,-1.9061647572285872e-02,-1,-1,3.0124715429586443e-04,wind_direction:18.4_m:degrees
830,5,8.2500000000000000e+01,-1.4000000000000001e-01,843,844,1.4399999999999649e-02,relative_humidity:18.4_m:%
831,11,1.4223500061035156e+02,-7.5492957746478864e-02,1787,1788,5.8109502082920317e-04,wind_direction:18.4_m:degrees
832,7,8.4999999403953552e-01,-5.7174887892376673e-02,833,834,9.4762412274528507e-04,wave_height:0_m:m
833,-2,-2.0000000000000000e+00,-1.8181818181818197e-03,-1,-1,1.1603305785123968e-03,wind_direction:18.4_m:degrees
834,5,5.1000000000000000e+01,-6.0047169811320716e-02,1105,1106,7.6933739765041101e-04,relative_humidity:18.4_m:%
835,-2,-2.0000000000000000e+00,-1.9333333333333336e-01,-1,-1,1.4222222222222136e-03,wind_direction:18.4_m:degrees
836,9,9.0984062194824219e+01,-9.2898550724637680e-02,1335,1336,8.7275782398655785e-04,angle_between_wind_wave:0_m:degrees
837,-2,-2.0000000000000000e+00,-3.1076923076923069e-01,-1,-1,1.4686390532544780e-03,wind_direction:18.4_m:degrees
838,2,2.7635499572753906e+02,-3.6120879120879124e-01,1289,1290,2.5380992633740052e-03,water_sfc_temperature:0_m:K
839,0,9.3428939819335938e+01,-1.3964285714285712e-01,1715,1716,1.3820153061224506e-03,zenith:0_m:degrees
840,1,1.0818501281738281e+02,-2.1142857142857144e-01,1339,1340,4.1551020408163511e-03,azimuth:0_m:degrees
841,-2,-2.0000000000000000e+00,-5.5000000000000004e-01,-1,-1,2.0333333333332759e-03,wind_direction:18.4_m:degrees
842,-2,-2.0000000000000000e+00,-6.3285714285714278e-01,-1,-1,1.2632653061225851e-03,wind_direction:18.4_m:degrees
843,-2,-2.0000000000000000e+00,-2.0000000000000000e-02,-1,-1,0.0000000000000000e+00,wind_direction:18.4_m:degrees
844,-2,-2.0000000000000000e+00,-2.6000000000000001e-01,-1,-1,0.0000000000000000e+00,wind_direction:18.4_m:degrees
845,-2,-2.0000000000000000e+00,-4.9084745762711879e-02,-1,-1,4.1645044527435131e-04,wind_direction:18.4_m:degrees
846,10,9.3053765296936035e+00,-2.4181818181818183e-02,1447,1448,9.4433057851241208e-04,wind_speed:18.4_m:m_s-1
847,-2,-2.0000000000000000e+00,-4.2499999999999999e-01,-1,-1,2.4999999999997247e-05,wind_direction:18.4_m:degrees
848,-2,-2.0000000000000000e+00,-5.6333333333333335e-01,-1,-1,3.2222222222222374e-04,wind_direction:18.4_m:degrees
849,-2,-2.0000000000000000e+00,-6.3333333333333339e-02,-1,-1,8.5714285714285753e-04,wind_direction:18.4_m:degrees
850,7,2.2500000000000000e+00,-3.9625468164793960e-02,1197,1198,5.4742526897558338e-04,wave_height:0_m:m
851,4,7.8843602538108826e-01,-4.1333333333333333e-02,1375,1376,1.3530370370370404e-03,mixing_ratio:18.4_m:g_kg-1
852,11,2.8000000000000000e+02,-6.3289473684210493e-02,1639,1640,9.0102146814404534e-04,wind_direction:18.4_m:degrees
853,11,2.5722999572753906e+02,-2.2852941176470593e-01,1773,1774,1.1419550173010148e-03,wind_direction:18.4_m:degrees
854,-2,-2.0000000000000000e+00,-4.0000000000000002e-01,-1,-1,-3.6082248300317588e-16,wind_direction:18.4_m:degrees
855,5,6.7299999237060547e+01,-6.5384615384615374e-02,1247,1248,7.7613412228797092e-04,relative_humidity:18.4_m:%
856,11,3.3163499450683594e+02,-4.4852071005917073e-02,857,858,7.4292683496142388e-04,wind_direction:18.4_m:degrees
857,10,8.4300532341003418e+00,-4.5868263473053839e-02,895,896,5.8791877323198603e-04,wind_speed:18.4_m:m_s-1
858,11,3.3925000000000000e+02,4.0000000000000001e-02,859,860,6.3999999999999535e-03,wind_direction:18.4_m:degrees
859,-2,-2.0000000000000000e+00,1.2000000000000000e-01,-1,-1,-1.7347234759768071e-18,wind_direction:18.4_m:degrees
860,-2,-2.0000000000000000e+00,-4.0000000000000001e-02,-1,-1,-4.3368086899420177e-19,wind_direction:18.4_m:degrees
861,9,8.9579338073730469e+01,-4.9705882352941172e-01,863,864,4.1619377162628868e-03,angle_between_wind_wave:0_m:degrees
862,-2,-2.0000000000000000e+00,-5.7285714285714284e-01,-1,-1,4.7755102040808461e-04,wind_direction:18.4_m:degrees
863,-2,-2.0000000000000000e+00,-4.6545454545454540e-01,-1,-1,2.7157024793388607e-03,wind_direction:18.4_m:degrees
864,-2,-2.0000000000000000e+00,-5.5500000000000005e-01,-1,-1,1.6250000000000986e-03,wind_direction:18.4_m:degrees
865,-2,-2.0000000000000000e+00,-4.1999999999999998e-01,-1,-1,0.0000000000000000e+00,wind_direction:18.4_m:degrees
866,11,2.3205500030517578e+02,-2.4538461538461537e-01,1959,1960,2.2248520710059297e-03,wind_direction:18.4_m:degrees
867,-2,-2.0000000000000000e+00,-1.9324324324324324e-01,-1,-1,1.6056975894813766e-03,wind_direction:18.4_m:degrees
868,-2,-2.0000000000000000e+00,-2.5874999999999998e-01,-1,-1,1.6859375000000537e-03,wind_direction:18.4_m:degrees
869,-2,-2.0000000000000000e+00,-4.0000000000000001e-02,-1,-1,0.0000000000000000e+00,wind_direction:18.4_m:degrees
870,-2,-2.0000000000000000e+00,-1.6153846153846155e-01,-1,-1,1.3001972386587693e-03,wind_direction:18.4_m:degrees
871,0,1.3892327117919922e+02,-7.3137254901960796e-02,1501,1502,1.1352556708958024e-03,zenith:0_m:degrees
872,12,1.4812121633440256e-02,-3.8888888888888896e-02,1981,1982,5.6987654320988070e-04,bulk_richardson:18.4_m:none
873,-2,-2.0000000000000000e+00,-5.2666666666666667e-02,-1,-1,6.3288888888889073e-04,wind_direction:18.4_m:degrees
874,10,1.1714884757995605e+01,-1.1909090909090909e-01,1435,1436,1.5900826446280901e-03,wind_speed:18.4_m:m_s-1
875,0,6.7821014404296875e+01,-1.7880000000000001e-01,1835,1836,1.2505599999999978e-03,zenith:0_m:degrees
876,10,9.5023756027221680e+00,-1.4132653061224490e-01,877,878,2.0217097042898660e-03,wind_speed:18.4_m:m_s-1
877,-2,-2.0000000000000000e+00,-2.6000000000000001e-01,-1,-1,0.0000000000000000e+00,wind_direction:18.4_m:degrees
878,5,9.6000000000000000e+01,-1.3885416666666670e-01,1527,1528,1.7643120659722143e-03,relative_humidity:18.4_m:%
879,11,3.2841000366210938e+02,-1.6230769230769229e-01,881,882,3.3331360946745568e-03,wind_direction:18.4_m:degrees
880,-2,-2.0000000000000000e+00,-2.0999999999999999e-01,-1,-1,1.4749999999999625e-03,wind_direction:18.4_m:degrees
881,2,2.8091000366210938e+02,-1.7227272727272730e-01,883,884,3.0175619834710600e-03,water_sfc_temperature:0_m:K
882,-2,-2.0000000000000000e+00,-1.0750000000000000e-01,-1,-1,1.5187500000000704e-03,wind_direction:18.4_m:degrees
883,5,4.3900001525878906e+01,-1.6642857142857148e-01,1655,1656,1.8848639455782308e-03,relative_humidity:18.4_m:%
884,1,1.5149831008911133e+02,-2.9500000000000004e-01,1103,1104,1.1024999999999757e-02,azimuth:0_m:degrees
885,3,1.0178000183105469e+03,-8.7446808510638324e-02,1597,1598,8.7858759619736937e-04,pressure:18.4_m:hPa
886,5,3.2700000762939453e+01,-6.1432926829268236e-02,1237,1238,8.8910525728732627e-04,relative_humidity:18.4_m:%
887,12,2.1774416672997177e-03,-4.5000000000000005e-02,1165,1166,1.4480769230769209e-03,bulk_richardson:18.4_m:none
888,-2,-2.0000000000000000e+00,-1.0153846153846155e-01,-1,-1,4.1301775147928495e-04,wind_direction:18.4_m:degrees
889,-2,-2.0000000000000000e+00,-9.9999999999999985e-03,-1,-1,4.5000000000000010e-04,wind_direction:18.4_m:degrees
890,0,1.6051147460937500e+02,-9.3807692307692314e-02,937,938,1.6828091715976289e-03,zenith:0_m:degrees
891,10,1.1759683609008789e+01,-1.2104729729729724e-01,1395,1396,7.4180857377648644e-04,wind_speed:18.4_m:m_s-1
892,1,3.2611006164550781e+02,-1.0211538461538459e-01,933,934,9.6860207100584426e-04,azimuth:0_m:degrees
893,-2,-2.0000000000000000e+00,-1.4916666666666667e-01,-1,-1,1.1409722222222238e-03,wind_direction:18.4_m:degrees
894,-2,-2.0000000000000000e+00,-9.5744680851063829e-02,-1,-1,1.4287007695789940e-03,wind_direction:18.4_m:degrees
895,-2,-2.0000000000000000e+00,-4.0547112462006006e-02,-1,-1,4.8723866187489590e-04,wind_direction:18.4_m:degrees
896,11,3.0613000488281250e+02,-5.6046511627906942e-02,1607,1608,6.2274202271498259e-04,wind_direction:18.4_m:degrees
897,-2,-2.0000000000000000e+00,-3.9538461538461533e-01,-1,-1,1.5786982248521542e-03,wind_direction:18.4_m:degrees
898,0,6.9085828781127930e+01,-4.7666666666666674e-01,899,900,7.3555555555555596e-03,zenith:0_m:degrees
899,-2,-2.0000000000000000e+00,-3.5999999999999999e-01,-1,-1,0.0000000000000000e+00,wind_direction:18.4_m:degrees
900,-2,-2.0000000000000000e+00,-5.3500000000000003e-01,-1,-1,8.2499999999985363e-04,wind_direction:18.4_m:degrees
901,-2,-2.0000000000000000e+00,-1.8534883720930237e-01,-1,-1,9.5045970795023388e-04,wind_direction:18.4_m:degrees
902,9,9.0183860778808594e+01,-2.4874999999999997e-01,1615,1616,2.1109374999999375e-03,angle_between_wind_wave:0_m:degrees
903,-2,-2.0000000000000000e+00,-1.4199999999999999e-01,-1,-1,9.6000000000002333e-05,wind_direction:18.4_m:degrees
904,7,3.0499999523162842e+00,-6.7803278688524579e-02,905,906,7.7386294006987020e-04,wave_height:0_m:m
905,0,2.4900344848632812e+01,-6.6086956521739154e-02,1151,1152,6.3652755562018139e-04,zenith:0_m:degrees
906,-2,-2.0000000000000000e+00,-1.5333333333333332e-01,-1,-1,1.5555555555548523e-04,wind_direction:18.4_m:degrees
907,-2,-2.0000000000000000e+00,-9.2000000000000004e-01,-1,-1,0.0000000000000000e+00,wind_direction:18.4_m:degrees
908,-2,-2.0000000000000000e+00,-7.7749999999999997e-01,-1,-1,1.6875000000027285e-04,wind_direction:18.4_m:degrees
909,-2,-2.0000000000000000e+00,-4.8000000000000001e-02,-1,-1,8.5600000000000042e-04,wind_direction:18.4_m:degrees
910,-2,-2.0000000000000000e+00,-1.1352941176470588e-01,-1,-1,3.6401384083045198e-04,wind_direction:18.4_m:degrees
911,11,3.2209500122070312e+02,-1.6194444444444442e-01,949,950,2.9212191358024761e-03,wind_direction:18.4_m:degrees
912,0,1.3663415527343750e+02,-1.2724137931034485e-01,913,914,2.1268727705112782e-03,zenith:0_m:degrees
913,10,1.1953818798065186e+01,-1.4166666666666666e-01,915,916,1.5710317460317404e-03,wind_speed:18.4_m:m_s-1
914,2,2.7766499328613281e+02,-8.9375000000000010e-02,2007,2008,1.6058593750000044e-03,water_sfc_temperature:0_m:K
915,-2,-2.0000000000000000e+00,-1.3756097560975608e-01,-1,-1,9.0136823319453621e-04,wind_direction:18.4_m:degrees
916,-2,-2.0000000000000000e+00,-3.1000000000000000e-01,-1,-1,9.7144514654701197e-17,wind_direction:18.4_m:degrees
917,9,8.8259250640869141e+01,-1.0885196374622363e-01,919,920,1.7908270278657653e-03,angle_between_wind_wave:0_m:degrees
918,2,2.7367500305175781e+02,-9.2602739726027394e-02,927,928,9.8637643085006110e-04,water_sfc_temperature:0_m:K
919,11,2.9965000915527344e+02,-1.4730769230769231e-01,1081,1082,2.0196745562130226e-03,wind_direction:18.4_m:degrees
920,10,8.2383189201354980e+00,-1.0557377049180326e-01,921,922,1.6345068529964903e-03,wind_speed:18.4_m:m_s-1
921,-2,-2.0000000000000000e+00,-9.2499999999999985e-02,-1,-1,7.1708333333333520e-04,wind_direction:18.4_m:degrees
922,4,2.6052736043930054e+00,-1.1405405405405405e-01,923,924,2.0468078889700637e-03,mixing_ratio:18.4_m:g_kg-1
923,1,6.6517990112304688e+01,-1.0028846153846151e-01,925,926,2.2854937130177347e-03,azimuth:0_m:degrees
924,11,2.7680499267578125e+02,-1.3172839506172840e-01,1217,1218,1.1846669714982751e-03,wind_direction:18.4_m:degrees
925,0,1.4606813812255859e+02,-5.5000000000000000e-02,1369,1370,1.5964285714285724e-03,zenith:0_m:degrees
926,10,8.7973871231079102e+00,-1.0733333333333334e-01,935,936,2.0240000000000102e-03,wind_speed:18.4_m:m_s-1
927,-2,-2.0000000000000000e+00,-2.0000000000000000e-02,-1,-1,0.0000000000000000e+00,wind_direction:18.4_m:degrees
928,4,3.2296327352523804e+00,-9.5177304964539022e-02,1471,1472,8.2780544238217520e-04,mixing_ratio:18.4_m:g_kg-1
929,11,2.5644000244140625e+02,-1.8408018867924432e-02,1137,1138,4.2965899230153242e-04,wind_direction:18.4_m:degrees
930,3,1.0018999938964844e+03,-3.4180327868852438e-02,931,932,8.3580354743348069e-04,pressure:18.4_m:hPa
931,5,7.9149997711181641e+01,-7.2941176470588232e-02,1409,1410,1.6913494809688585e-03,relative_humidity:18.4_m:%
932,12,3.0824637040495872e-02,-2.7904761904761908e-02,2003,2004,4.1465759637188517e-04,bulk_richardson:18.4_m:none
933,2,2.7384999084472656e+02,-1.0639175257731957e-01,1713,1714,6.2100116909342799e-04,water_sfc_temperature:0_m:K
934,9,9.0881679534912109e+01,-4.2857142857142858e-02,1855,1856,2.0204081632652846e-03,angle_between_wind_wave:0_m:degrees
935,11,3.0422500610351562e+02,-8.8250000000000023e-02,1793,1794,1.2544374999999977e-03,wind_direction:18.4_m:degrees
936,2,2.8231999206542969e+02,-1.2260000000000003e-01,941,942,2.1152400000000009e-03,water_sfc_temperature:0_m:K
937,7,1.5500000119209290e+00,-9.4689922480620178e-02,1091,1092,1.5946712937924407e-03,wave_height:0_m:m
938,-2,-2.0000000000000000e+00,2.0000000000000000e-02,-1,-1,-4.7108584394495168e-16,wind_direction:18.4_m:degrees
939,10,1.5441948413848877e+01,-4.4772727272727270e-01,1569,1570,1.5266528925619027e-03,wind_speed:18.4_m:m_s-1
940,12,-2.7246582321822643e-02,-3.5999999999999999e-01,1623,1624,3.6000000000002974e-03,bulk_richardson:18.4_m:none
941,12,-9.4975952059030533e-02,-1.3399999999999998e-01,1355,1356,1.8339999999999849e-03,bulk_richardson:18.4_m:none
942,-2,-2.0000000000000000e+00,-7.7000000000000013e-02,-1,-1,6.4100000000000441e-04,wind_direction:18.4_m:degrees
943,9,9.0255336761474609e+01,-1.9368421052631576e-01,1315,1316,1.7285318559556867e-03,angle_between_wind_wave:0_m:degrees
944,11,3.1115499877929688e+02,-1.5394957983193280e-01,945,946,2.7617117435209462e-03,wind_direction:18.4_m:degrees
945,3,1.0148500061035156e+03,-1.6193877551020414e-01,947,948,2.3503227821740982e-03,pressure:18.4_m:hPa
946,2,2.8512500000000000e+02,-1.1666666666666667e-01,1027,1028,2.9936507936507168e-03,water_sfc_temperature:0_m:K
947,12,-8.4021802991628647e-02,-1.7328358208955227e-01,1111,1112,2.1086210737357829e-03,bulk_richardson:18.4_m:none
948,10,9.6173362731933594e+00,-1.3741935483870971e-01,963,964,1.9933402705515149e-03,wind_speed:18.4_m:m_s-1
949,9,8.9153854370117188e+01,-1.8083333333333332e-01,1359,1360,2.1326388888889061e-03,angle_between_wind_wave:0_m:degrees
950,9,8.9051464080810547e+01,-1.2416666666666666e-01,1347,1348,2.3576388888888692e-03,angle_between_wind_wave:0_m:degrees
951,2,2.7753498840332031e+02,-3.8666666666666660e-01,953,954,3.7777777777778798e-03,water_sfc_temperature:0_m:K
952,-2,-2.0000000000000000e+00,-3.1111111111111112e-01,-1,-1,1.2987654320987113e-03,wind_direction:18.4_m:degrees
953,-2,-2.0000000000000000e+00,-4.9500000000000000e-01,-1,-1,2.4999999999997247e-05,wind_direction:18.4_m:degrees
954,-2,-2.0000000000000000e+00,-3.5571428571428571e-01,-1,-1,5.3877551020414804e-04,wind_direction:18.4_m:degrees
955,-2,-2.0000000000000000e+00,-7.2500000000000009e-02,-1,-1,3.6874999999999842e-04,wind_direction:18.4_m:degrees
956,6,2.4000000000000000e+02,-1.5648648648648650e-01,1659,1660,1.6984660336011662e-03,wave_direction:0_m:degrees
957,2,2.8036500549316406e+02,-1.9416666666666668e-01,959,960,1.6798611111111111e-03,water_sfc_temperature:0_m:K
958,-2,-2.0000000000000000e+00,-2.6000000000000001e-01,-1,-1,1.7142857142853074e-04,wind_direction:18.4_m:degrees
959,-2,-2.0000000000000000e+00,-1.7500000000000002e-01,-1,-1,7.4166666666666825e-04,wind_direction:18.4_m:degrees
960,-2,-2.0000000000000000e+00,-2.3249999999999996e-01,-1,-1,1.3520833333333510e-03,wind_direction:18.4_m:degrees
961,-2,-2.0000000000000000e+00,-3.4285714285714287e-02,-1,-1,1.1020408163265314e-04,wind_direction:18.4_m:degrees
962,3,9.8995001220703125e+02,-9.5812499999999995e-02,1277,1278,9.5058984374999864e-04,pressure:18.4_m:hPa
963,-2,-2.0000000000000000e+00,-4.9999999999999996e-02,-1,-1,3.2000000000000006e-03,wind_direction:18.4_m:degrees
964,-2,-2.0000000000000000e+00,-1.4678571428571427e-01,-1,-1,9.5752551020408111e-04,wind_direction:18.4_m:degrees
965,6,2.3200000000000000e+02,-2.3500000000000001e-01,1483,1484,1.9027777777777463e-03,wave_direction:0_m:degrees
966,-2,-2.0000000000000000e+00,-2.9999999999999999e-01,-1,-1,1.6222222222223165e-03,wind_direction:18.4_m:degrees
967,5,3.7299999237060547e+01,-1.1678832116788313e-03,969,970,4.1009028799534220e-04,relative_humidity:18.4_m:%
968,3,1.0350499877929688e+03,-5.9164198749588311e-03,1429,1430,3.3090581462593549e-04,pressure:18.4_m:hPa
969,-2,-2.0000000000000000e+00,1.2500000000000000e-01,-1,-1,6.7500000000000199e-04,wind_direction:18.4_m:degrees
970,8,4.3499999046325684e+00,-1.4518851997749002e-03,971,972,3.7358139346346493e-04,wave_period:0_m:s
971,1,2.1833147430419922e+02,-1.1333333333333333e-01,973,974,2.8022222222222219e-02,azimuth:0_m:degrees
972,-2,-2.0000000000000000e+00,-1.2626832018038324e-03,-1,-1,3.0562096371361682e-04,wind_direction:18.4_m:degrees
973,-2,-2.0000000000000000e+00,5.0000000000000001e-03,-1,-1,2.4999999999999957e-05,wind_direction:18.4_m:degrees
974,-2,-2.0000000000000000e+00,-3.4999999999999998e-01,-1,-1,0.0000000000000000e+00,wind_direction:18.4_m:degrees
975,2,2.7269000244140625e+02,-1.0936473165388783e-02,1255,1256,3.5591381757238855e-04,water_sfc_temperature:0_m:K
976,10,4.5477135181427002e+00,-5.6524153248195159e-03,977,978,5.3495747473254382e-04,wind_speed:18.4_m:m_s-1
977,-2,-2.0000000000000000e+00,-6.1182375906301927e-03,-1,-1,4.4204290776953784e-04,wind_direction:18.4_m:degrees
978,3,1.0092999877929688e+03,9.8750000000000004e-02,979,980,1.0410937499999978e-02,pressure:18.4_m:hPa
979,-2,-2.0000000000000000e+00,2.0000000000000001e-01,-1,-1,0.0000000000000000e+00,wind_direction:18.4_m:degrees
980,-2,-2.0000000000000000e+00,-2.4999999999999996e-03,-1,-1,3.1874999999999888e-04,wind_direction:18.4_m:degrees
981,2,2.8760499572753906e+02,-1.6409090909090909e-01,1489,1490,6.5599173553719178e-04,water_sfc_temperature:0_m:K
982,4,1.3605855941772461e+01,-1.3417721518987344e-01,1379,1380,6.0660150616884817e-04,mixing_ratio:18.4_m:g_kg-1
983,-2,-2.0000000000000000e+00,-3.6499999999999999e-01,-1,-1,1.2250000000000316e-03,wind_direction:18.4_m:degrees
984,0,1.4255036163330078e+02,-4.8315789473684206e-01,985,986,1.6216066481994917e-03,zenith:0_m:degrees
985,-2,-2.0000000000000000e+00,-5.1800000000000002e-01,-1,-1,7.6000000000020496e-05,wind_direction:18.4_m:degrees
986,-2,-2.0000000000000000e+00,-4.4444444444444442e-01,-1,-1,4.9135802469132961e-04,wind_direction:18.4_m:degrees
987,-2,-2.0000000000000000e+00,-2.8199999999999997e-01,-1,-1,1.0760000000000075e-03,wind_direction:18.4_m:degrees
988,9,8.9224018096923828e+01,-3.5000000000000003e-01,1293,1294,2.6499999999999441e-03,angle_between_wind_wave:0_m:degrees
989,5,4.5250000000000000e+01,-4.9529411764705894e-01,1135,1136,2.6660899653979941e-03,relative_humidity:18.4_m:%
990,-2,-2.0000000000000000e+00,-4.2499999999999999e-01,-1,-1,2.0583333333338005e-03,wind_direction:18.4_m:degrees
991,-2,-2.0000000000000000e+00,7.0000000000000007e-02,-1,-1,0.0000000000000000e+00,wind_direction:18.4_m:degrees
992,6,2.1800000000000000e+02,-2.4878048780487810e-02,1309,1310,1.2396192742415229e-03,wave_direction:0_m:degrees
993,-2,-2.0000000000000000e+00,-2.9999999999999999e-01,-1,-1,0.0000000000000000e+00,wind_direction:18.4_m:degrees
994,12,-2.7762142941355705e-02,-1.8629032258064518e-01,995,996,2.1813995837668895e-03,bulk_richardson:18.4_m:none
995,12,-3.4130288287997246e-02,-2.1275862068965520e-01,1039,1040,1.8199762187871421e-03,bulk_richardson:18.4_m:none
996,1,1.5349802398681641e+02,-1.6303030303030308e-01,1295,1296,1.3423324150596966e-03,azimuth:0_m:degrees
997,12,2.9654932441189885e-03,-3.1374999999999997e-01,2009,2010,1.6734375000000273e-03,bulk_richardson:18.4_m:none
998,7,2.4500000476837158e+00,-3.7909090909090909e-01,999,1000,2.7082644628099173e-03,wave_height:0_m:m
999,-2,-2.0000000000000000e+00,-3.5599999999999998e-01,-1,-1,9.7066666666670298e-04,wind_direction:18.4_m:degrees
1000,2,2.8278500366210938e+02,-4.2857142857142855e-01,1461,1462,2.8408163265306041e-03,water_sfc_temperature:0_m:K
1001,3,9.9895001220703125e+02,-5.1000000000000001e-01,1701,1702,2.3000000000000798e-03,pressure:18.4_m:hPa
1002,2,2.8211999511718750e+02,-4.4521739130434773e-01,1223,1224,2.1119092627598923e-03,water_sfc_temperature:0_m:K
1003,6,2.3250000000000000e+02,-1.8784313725490201e-01,1007,1008,2.3110342176085805e-03,wave_direction:0_m:degrees
1004,4,1.4342591166496277e+00,-2.2264705882352942e-01,1005,1006,3.2841695501730009e-03,mixing_ratio:18.4_m:g_kg-1
1005,2,2.7918499755859375e+02,-2.6285714285714284e-01,1009,1010,2.7918367346938811e-03,water_sfc_temperature:0_m:K
1006,1,6.7370773315429688e+01,-1.9450000000000001e-01,1545,1546,1.7047500000000049e-03,azimuth:0_m:degrees
1007,-2,-2.0000000000000000e+00,-1.6321428571428570e-01,-1,-1,2.0218112244897932e-03,wind_direction:18.4_m:degrees
1008,-2,-2.0000000000000000e+00,-2.1782608695652178e-01,-1,-1,1.0257088846880522e-03,wind_direction:18.4_m:degrees
1009,-2,-2.0000000000000000e+00,-3.1166666666666670e-01,-1,-1,8.8055555555555109e-04,wind_direction:18.4_m:degrees
1010,-2,-2.0000000000000000e+00,-2.2624999999999998e-01,-1,-1,1.0984374999999866e-03,wind_direction:18.4_m:degrees
1011,9,8.9622970581054688e+01,-9.8070175438596516e-02,1353,1354,6.6469682979377817e-04,angle_between_wind_wave:0_m:degrees
1012,-2,-2.0000000000000000e+00,-1.9000000000000003e-01,-1,-1,-1.3877787807814457e-17,wind_direction:18.4_m:degrees
1013,-2,-2.0000000000000000e+00,-1.4833333333333337e-01,-1,-1,4.6722222222220916e-04,wind_direction:18.4_m:degrees
1014,5,9.3549999237060547e+01,-1.0972972972972975e-01,2031,2032,1.0026296566837314e-03,relative_humidity:18.4_m:%
1015,-2,-2.0000000000000000e+00,-1.0000000000000002e-01,-1,-1,-1.7347234759768071e-18,wind_direction:18.4_m:degrees
1016,-2,-2.0000000000000000e+00,-2.2000000000000000e-01,-1,-1,-1.3877787807814457e-17,wind_direction:18.4_m:degrees
1017,-2,-2.0000000000000000e+00,2.9999999999999999e-02,-1,-1,0.0000000000000000e+00,wind_direction:18.4_m:degrees
1018,-2,-2.0000000000000000e+00,-8.8000000000000023e-02,-1,-1,8.1599999999999728e-04,wind_direction:18.4_m:degrees
1019,10,3.7848976850509644e+00,-1.7933723196881024e-02,1089,1090,4.7396311875638644e-04,wind_speed:18.4_m:m_s-1
1020,-2,-2.0000000000000000e+00,4.1428571428571433e-02,-1,-1,3.5510204081658399e-04,wind_direction:18.4_m:degrees
1021,4,5.8943448066711426e+00,-1.3705882352941176e-01,1023,1024,2.3854671280276844e-03,mixing_ratio:18.4_m:g_kg-1
1022,-2,-2.0000000000000000e+00,-2.1200000000000002e-01,-1,-1,2.1600000000000091e-04,wind_direction:18.4_m:degrees
1023,6,1.8300000000000000e+02,-1.5296296296296297e-01,1767,1768,1.6356652949245445e-03,wave_direction:0_m:degrees
1024,-2,-2.0000000000000000e+00,-7.5714285714285720e-02,-1,-1,5.3877551020408646e-04,wind_direction:18.4_m:degrees
1025,12,1.5550794778391719e-03,-5.3647342995169101e-02,2041,2042,4.9273553641858729e-04,bulk_richardson:18.4_m:none
1026,4,3.7869199514389038e+00,-6.4773333333333294e-02,1325,1326,4.6761528888889046e-04,mixing_ratio:18.4_m:g_kg-1
1027,11,3.1286500549316406e+02,-1.4071428571428571e-01,1861,1862,2.2780612244897927e-03,wind_direction:18.4_m:degrees
1028,-2,-2.0000000000000000e+00,-6.8571428571428575e-02,-1,-1,9.5510204081632188e-04,wind_direction:18.4_m:degrees
1029,-2,-2.0000000000000000e+00,-2.3611111111111110e-01,-1,-1,1.1682098765432372e-03,wind_direction:18.4_m:degrees
1030,-2,-2.0000000000000000e+00,-1.4999999999999999e-01,-1,-1,1.0499999999999191e-03,wind_direction:18.4_m:degrees
1031,3,1.0340499877929688e+03,-2.9636363636363610e-02,1537,1538,6.7623140495867923e-04,pressure:18.4_m:hPa
1032,-2,-2.0000000000000000e+00,-4.3960784313725444e-02,-1,-1,6.8823375624760307e-04,wind_direction:18.4_m:degrees
1033,-2,-2.0000000000000000e+00,-5.9999999999999998e-02,-1,-1,0.0000000000000000e+00,wind_direction:18.4_m:degrees
1034,-2,-2.0000000000000000e+00,-1.9000000000000000e-01,-1,-1,3.2000000000000084e-04,wind_direction:18.4_m:degrees
1035,-2,-2.0000000000000000e+00,-1.2444444444444445e-01,-1,-1,7.5061728395061679e-04,wind_direction:18.4_m:degrees
1036,-2,-2.0000000000000000e+00,-2.0000000000000001e-01,-1,-1,3.1999999999998002e-04,wind_direction:18.4_m:degrees
1037,-2,-2.0000000000000000e+00,-7.9000000000000004e-01,-1,-1,0.0000000000000000e+00,wind_direction:18.4_m:degrees
1038,-2,-2.0000000000000000e+00,-5.9999999999999998e-01,-1,-1,-2.2204460492503131e-16,wind_direction:18.4_m:degrees
1039,-2,-2.0000000000000000e+00,-1.5666666666666665e-01,-1,-1,1.0888888888888927e-03,wind_direction:18.4_m:degrees
1040,-2,-2.0000000000000000e+00,-2.2739130434782612e-01,-1,-1,9.7580340264648985e-04,wind_direction:18.4_m:degrees
1041,4,2.8159955739974976e+00,-1.4644444444444446e-01,1549,1550,1.3429135802469107e-03,mixing_ratio:18.4_m:g_kg-1
1042,3,1.0150000000000000e+03,-1.1490196078431375e-01,1373,1374,1.1465590157631687e-03,pressure:18.4_m:hPa
1043,-2,-2.0000000000000000e+00,-3.6750000000000005e-01,-1,-1,1.3687499999999742e-03,wind_direction:18.4_m:degrees
1044,-2,-2.0000000000000000e+00,-2.7555555555555561e-01,-1,-1,5.5802469135807220e-04,wind_direction:18.4_m:degrees
1045,-2,-2.0000000000000000e+00,-5.5833333333333339e-02,-1,-1,2.9097222222222241e-04,wind_direction:18.4_m:degrees
1046,11,2.2215499877929688e+02,-1.0163522012578614e-01,1245,1246,9.1933863375657024e-04,wind_direction:18.4_m:degrees
1047,-2,-2.0000000000000000e+00,-1.6266666666666665e-01,-1,-1,5.1288888888889259e-04,wind_direction:18.4_m:degrees
1048,6,1.5100000000000000e+02,-1.1515151515151514e-01,1085,1086,1.3158861340679603e-03,wave_direction:0_m:degrees
1049,9,9.0646617889404297e+01,-5.5384615384615379e-02,1051,1052,2.6094674556213014e-03,angle_between_wind_wave:0_m:degrees
1050,2,2.9489498901367188e+02,-1.3080303635637228e-02,1067,1068,3.4244940430252677e-04,water_sfc_temperature:0_m:K
1051,-2,-2.0000000000000000e+00,-1.9999999999999992e-03,-1,-1,7.3600000000000011e-04,wind_direction:18.4_m:degrees
1052,-2,-2.0000000000000000e+00,-8.8749999999999996e-02,-1,-1,8.8593749999999957e-04,wind_direction:18.4_m:degrees
1053,-2,-2.0000000000000000e+00,-4.7000000000000003e-01,-1,-1,1.5000000000006675e-04,wind_direction:18.4_m:degrees
1054,-2,-2.0000000000000000e+00,-2.9999999999999999e-01,-1,-1,-5.5511151231257827e-17,wind_direction:18.4_m:degrees
1055,2,2.8215000915527344e+02,-1.8833333333333335e-01,1057,1058,1.6078282828282733e-03,water_sfc_temperature:0_m:K
1056,-2,-2.0000000000000000e+00,-1.3444444444444445e-01,-1,-1,1.5802469135799135e-04,wind_direction:18.4_m:degrees
1057,6,2.3100000000000000e+02,-1.6970588235294121e-01,1443,1444,1.0146193771626254e-03,wave_direction:0_m:degrees
1058,-2,-2.0000000000000000e+00,-2.0812500000000000e-01,-1,-1,1.4777343749999838e-03,wind_direction:18.4_m:degrees
1059,0,1.4481663513183594e+02,-2.9699999999999993e-01,1177,1178,2.1676666666666650e-03,zenith:0_m:degrees
1060,-2,-2.0000000000000000e+00,-4.5000000000000001e-01,-1,-1,3.3306690738754696e-16,wind_direction:18.4_m:degrees
1061,-2,-2.0000000000000000e+00,-1.9833333333333333e-01,-1,-1,1.7138888888888829e-03,wind_direction:18.4_m:degrees
1062,6,2.4150000000000000e+02,-1.3580645161290322e-01,1473,1474,2.0411238293444253e-03,wave_direction:0_m:degrees
1063,-2,-2.0000000000000000e+00,-3.5666666666666663e-01,-1,-1,8.8888888888916107e-05,wind_direction:18.4_m:degrees
1064,11,2.3352500152587891e+02,-2.6580645161290328e-01,1667,1668,2.3533818938605705e-03,wind_direction:18.4_m:degrees
1065,-2,-2.0000000000000000e+00,-8.9999999999999997e-02,-1,-1,0.0000000000000000e+00,wind_direction:18.4_m:degrees
1066,6,2.4250000000000000e+02,-2.4199999999999997e-01,1231,1232,1.5531428571428571e-03,wave_direction:0_m:degrees
1067,-2,-2.0000000000000000e+00,-1.3183999999999989e-02,-1,-1,3.3066214399999499e-04,wind_direction:18.4_m:degrees
1068,-2,-2.0000000000000000e+00,7.3333333333333334e-02,-1,-1,2.6888888888887217e-03,wind_direction:18.4_m:degrees
1069,-2,-2.0000000000000000e+00,-2.2000000000000000e-01,-1,-1,0.0000000000000000e+00,wind_direction:18.4_m:degrees
1070,-2,-2.0000000000000000e+00,-3.8400000000000001e-01,-1,-1,1.2240000000000029e-03,wind_direction:18.4_m:degrees
1071,11,2.8395001220703125e+02,-1.4058823529411765e-01,1113,1114,1.9192618223760026e-03,wind_direction:18.4_m:degrees
1072,10,9.9598689079284668e+00,-1.1445652173913043e-01,1073,1074,1.1312263705103905e-03,wind_speed:18.4_m:m_s-1
1073,-2,-2.0000000000000000e+00,-1.0192982456140354e-01,-1,-1,6.9276700523239650e-04,wind_direction:18.4_m:degrees
1074,12,-2.2215339355170727e-02,-1.3485714285714284e-01,1399,1400,1.1735510204081319e-03,bulk_richardson:18.4_m:none
1075,12,-1.3059025630354881e-02,-2.6000000000000001e-01,1181,1182,2.3619047619047595e-03,bulk_richardson:18.4_m:none
1076,12,-1.1823740322142839e-02,-2.9865384615384610e-01,1239,1240,1.8693417159763304e-03,bulk_richardson:18.4_m:none
1077,-2,-2.0000000000000000e+00,-3.1750000000000000e-01,-1,-1,3.1875000000000653e-04,wind_direction:18.4_m:degrees
1078,2,2.7569499206542969e+02,-2.3652173913043475e-01,1079,1080,2.5705103969754298e-03,water_sfc_temperature:0_m:K
1079,-2,-2.0000000000000000e+00,-2.8571428571428570e-01,-1,-1,4.2448979591838687e-04,wind_direction:18.4_m:degrees
1080,10,1.3437695503234863e+01,-2.1500000000000000e-01,1997,1998,1.9875000000000101e-03,wind_speed:18.4_m:m_s-1
1081,10,8.2868218421936035e+00,-1.2777777777777782e-01,1629,1630,1.4061728395061805e-03,wind_speed:18.4_m:m_s-1
1082,-2,-2.0000000000000000e+00,-1.9124999999999998e-01,-1,-1,6.1093749999999863e-04,wind_direction:18.4_m:degrees
1083,-2,-2.0000000000000000e+00,-2.4199999999999999e-01,-1,-1,7.3600000000000748e-04,wind_direction:18.4_m:degrees
1084,9,9.0988231658935547e+01,-1.7341176470588238e-01,1291,1292,1.1330657439446133e-03,angle_between_wind_wave:0_m:degrees
1085,-2,-2.0000000000000000e+00,-1.8500000000000000e-01,-1,-1,7.5000000000005618e-05,wind_direction:18.4_m:degrees
1086,-2,-2.0000000000000000e+00,-1.0551724137931033e-01,-1,-1,7.2128418549346172e-04,wind_direction:18.4_m:degrees
1087,7,7.5000000000000000e-01,-5.7524271844660212e-02,1229,1230,9.6522999340183102e-04,wave_height:0_m:m
1088,8,5.9000000953674316e+00,-2.0000000000000000e-02,1781,1782,1.1058823529411939e-03,wave_period:0_m:s
1089,0,1.3260778045654297e+02,-1.3522205206738077e-02,1779,1780,3.7595547936371038e-04,zenith:0_m:degrees
1090,0,2.6772523880004883e+01,-2.1185101580135347e-02,1249,1250,5.2128176449306484e-04,zenith:0_m:degrees
1091,0,8.7491615295410156e+01,-8.9489795918367324e-02,1095,1096,1.4823927530195694e-03,zenith:0_m:degrees
1092,4,1.6079503893852234e+00,-1.1112903225806454e-01,1093,1094,1.5938865764828138e-03,mixing_ratio:18.4_m:g_kg-1
1093,-2,-2.0000000000000000e+00,-1.9666666666666666e-01,-1,-1,8.8888888888888351e-05,wind_direction:18.4_m:degrees
1094,-2,-2.0000000000000000e+00,-1.0677966101694912e-01,-1,-1,1.2794599253088158e-03,wind_direction:18.4_m:degrees
1095,7,9.4999998807907104e-01,-7.5352112676056321e-02,1097,1098,1.6417774251140669e-03,wave_height:0_m:m
1096,10,8.3470053672790527e+00,-9.7520000000000009e-02,1099,1100,1.2138495999999919e-03,wind_speed:18.4_m:m_s-1
1097,-2,-2.0000000000000000e+00,-6.0000000000000012e-02,-1,-1,6.8837209302325883e-04,wind_direction:18.4_m:degrees
1098,10,8.0015072822570801e+00,-9.8928571428571449e-02,1357,1358,2.1881377551020431e-03,wind_speed:18.4_m:m_s-1
1099,4,1.9800262451171875e+00,-9.0303030303030274e-02,1101,1102,1.0130394857667570e-03,mixing_ratio:18.4_m:g_kg-1
1100,12,-1.2068527191877365e-01,-1.2500000000000000e-01,1841,1842,1.0249999999999843e-03,bulk_richardson:18.4_m:none
1101,-2,-2.0000000000000000e+00,-5.4000000000000013e-02,-1,-1,9.4399999999999866e-04,wind_direction:18.4_m:degrees
1102,7,1.3499999642372131e+00,-9.6785714285714294e-02,1967,1968,7.4800170068028103e-04,wave_height:0_m:m
1103,-2,-2.0000000000000000e+00,-4.0000000000000002e-01,-1,-1,0.0000000000000000e+00,wind_direction:18.4_m:degrees
1104,-2,-2.0000000000000000e+00,-1.9000000000000000e-01,-1,-1,-2.7755575615628914e-17,wind_direction:18.4_m:degrees
1105,-2,-2.0000000000000000e+00,-1.0363636363636365e-01,-1,-1,5.1404958677685707e-04,wind_direction:18.4_m:degrees
1106,-2,-2.0000000000000000e+00,-5.7661691542288548e-02,-1,-1,6.7363679116853956e-04,wind_direction:18.4_m:degrees
1107,12,-1.3265647925436497e-02,-2.7396184062850770e-02,1839,1840,3.2105403706599218e-04,bulk_richardson:18.4_m:none
1108,11,3.2468499755859375e+02,-3.3621103117505942e-02,1853,1854,4.4899792396297300e-04,wind_direction:18.4_m:degrees
1109,11,2.8170999145507812e+02,-3.5866666666666674e-01,1455,1456,2.8248888888888213e-03,wind_direction:18.4_m:degrees
1110,12,-3.4052839502692223e-02,-4.2111111111111110e-01,1699,1700,2.5876543209877312e-03,bulk_richardson:18.4_m:none
1111,-2,-2.0000000000000000e+00,-3.2000000000000001e-01,-1,-1,0.0000000000000000e+00,wind_direction:18.4_m:degrees
1112,11,3.0301499938964844e+02,-1.7106060606060608e-01,1529,1530,1.8094811753902630e-03,wind_direction:18.4_m:degrees
1113,-2,-2.0000000000000000e+00,-1.1000000000000001e-01,-1,-1,4.7499999999999799e-04,wind_direction:18.4_m:degrees
1114,10,1.0255188465118408e+01,-1.5457142857142858e-01,1221,1222,1.9562448979591786e-03,wind_speed:18.4_m:m_s-1
1115,5,6.1600000381469727e+01,-6.9867549668874152e-02,1117,1118,1.0741546423402538e-03,relative_humidity:18.4_m:%
1116,-2,-2.0000000000000000e+00,-5.4705882352941167e-02,-1,-1,6.0530565167243042e-04,wind_direction:18.4_m:degrees
1117,12,-7.9005729407072067e-02,-6.7823129251700642e-02,1867,1868,9.4356055347309415e-04,bulk_richardson:18.4_m:none
1118,-2,-2.0000000000000000e+00,-1.4499999999999999e-01,-1,-1,7.5000000000029904e-05,wind_direction:18.4_m:degrees
1119,-2,-2.0000000000000000e+00,-6.8000000000000005e-01,-1,-1,0.0000000000000000e+00,wind_direction:18.4_m:degrees
1120,-2,-2.0000000000000000e+00,-5.5249999999999999e-01,-1,-1,1.8750000000067324e-05,wind_direction:18.4_m:degrees
1121,-2,-2.0000000000000000e+00,-2.2499999999999998e-01,-1,-1,7.2499999999998260e-04,wind_direction:18.4_m:degrees
1122,-2,-2.0000000000000000e+00,-3.2000000000000001e-01,-1,-1,1.9999999999997797e-04,wind_direction:18.4_m:degrees
1123,-2,-2.0000000000000000e+00,-1.9499999999999998e-01,-1,-1,1.2500000000000705e-04,wind_direction:18.4_m:degrees
1124,-2,-2.0000000000000000e+00,-2.9000000000000004e-01,-1,-1,3.9999999999999758e-04,wind_direction:18.4_m:degrees
1125,-2,-2.0000000000000000e+00,-2.0200000000000001e-01,-1,-1,2.4559999999999929e-03,wind_direction:18.4_m:degrees
1126,10,1.1357572078704834e+01,-2.7133333333333337e-01,1127,1128,2.9182222222221971e-03,wind_speed:18.4_m:m_s-1
1127,4,1.1865909695625305e+00,-3.0374999999999996e-01,1129,1130,2.3734375000000196e-03,mixing_ratio:18.4_m:g_kg-1
1128,9,8.7569526672363281e+01,-2.5344827586206897e-01,1743,1744,2.3191438763376648e-03,angle_between_wind_wave:0_m:degrees
1129,-2,-2.0000000000000000e+00,-2.3999999999999999e-01,-1,-1,1.1999999999999997e-03,wind_direction:18.4_m:degrees
1130,-2,-2.0000000000000000e+00,-3.2500000000000001e-01,-1,-1,9.5833333333335269e-04,wind_direction:18.4_m:degrees
1131,-2,-2.0000000000000000e+00,-1.4000000000000001e-01,-1,-1,1.1399999999999987e-03,wind_direction:18.4_m:degrees
1132,3,1.0040000000000000e+03,-9.0833333333333294e-02,1717,1718,1.2671626984126962e-03,pressure:18.4_m:hPa
1133,-2,-2.0000000000000000e+00,-1.0700000000000001e+00,-1,-1,0.0000000000000000e+00,wind_direction:18.4_m:degrees
1134,-2,-2.0000000000000000e+00,-8.9000000000000001e-01,-1,-1,-2.2204460492503131e-16,wind_direction:18.4_m:degrees
1135,11,2.8939999389648438e+02,-4.9090909090909102e-01,1321,1322,2.0931129476582655e-03,wind_direction:18.4_m:degrees
1136,-2,-2.0000000000000000e+00,-6.4000000000000001e-01,-1,-1,-1.4432899320127035e-15,wind_direction:18.4_m:degrees
1137,-2,-2.0000000000000000e+00,-2.1603305785123858e-02,-1,-1,3.3941288163377302e-04,wind_direction:18.4_m:degrees
1138,1,8.7409148216247559e+00,-1.0452674897119343e-02,1307,1308,5.6563870683669229e-04,azimuth:0_m:degrees
1139,11,3.0311999511718750e+02,-3.1893617021276588e-01,1285,1286,1.8350384789498631e-03,wind_direction:18.4_m:degrees
1140,-2,-2.0000000000000000e+00,-2.6555555555555554e-01,-1,-1,8.0246913580221679e-04,wind_direction:18.4_m:degrees
1141,0,1.2723143768310547e+02,-3.0124999999999996e-01,1523,1524,2.2442708333333394e-03,zenith:0_m:degrees
1142,0,1.2989211273193359e+02,-3.4172413793103457e-01,1275,1276,1.7384066587396302e-03,zenith:0_m:degrees
1143,-2,-2.0000000000000000e+00,-2.4500000000000000e-01,-1,-1,6.2500000000000749e-04,wind_direction:18.4_m:degrees
1144,1,3.4502758789062500e+02,-1.3428571428571429e-01,1225,1226,2.8530612244897988e-03,azimuth:0_m:degrees
1145,-2,-2.0000000000000000e+00,-9.9491525423728799e-02,-1,-1,1.0217753519103558e-03,wind_direction:18.4_m:degrees
1146,3,1.0000000000000000e+03,-6.9756097560975616e-02,1147,1148,1.8511600237953660e-03,pressure:18.4_m:hPa
1147,-2,-2.0000000000000000e+00,-1.2000000000000000e-01,-1,-1,3.7500000000000033e-04,wind_direction:18.4_m:degrees
1148,9,9.0067996978759766e+01,-5.7575757575757593e-02,1707,1708,1.4486685032139594e-03,angle_between_wind_wave:0_m:degrees
1149,5,9.0750000000000000e+01,-1.0745762711864404e-01,1735,1736,6.6189792205305874e-04,relative_humidity:18.4_m:%
1150,-2,-2.0000000000000000e+00,-1.4562500000000000e-01,-1,-1,1.7460937499995735e-04,wind_direction:18.4_m:degrees
1151,5,8.6000000000000000e+01,-3.7499999999999999e-02,1445,1446,1.0270833333333338e-03,relative_humidity:18.4_m:%
1152,-2,-2.0000000000000000e+00,-6.8581818181818160e-02,-1,-1,5.2489785123966282e-04,wind_direction:18.4_m:degrees
1153,-2,-2.0000000000000000e+00,-7.2250000000000003e-01,-1,-1,2.6187500000000030e-03,wind_direction:18.4_m:degrees
1154,6,2.1200000000000000e+02,-6.3727272727272721e-01,1547,1548,2.7471074380166494e-03,wave_direction:0_m:degrees
1155,-2,-2.0000000000000000e+00,-2.3500000000000001e-01,-1,-1,1.0999999999999899e-03,wind_direction:18.4_m:degrees
1156,6,2.2050000000000000e+02,-2.9189189189189191e-01,1157,1158,2.1829072315559389e-03,wave_direction:0_m:degrees
1157,-2,-2.0000000000000000e+00,-2.0999999999999999e-01,-1,-1,6.9388939039072284e-18,wind_direction:18.4_m:degrees
1158,1,3.9871299743652344e+01,-2.9911764705882349e-01,1553,1554,1.7315743944636558e-03,azimuth:0_m:degrees
1159,-2,-2.0000000000000000e+00,-2.0000000000000001e-01,-1,-1,9.9999999999988987e-05,wind_direction:18.4_m:degrees
1160,-2,-2.0000000000000000e+00,-2.9142857142857143e-01,-1,-1,6.1224489795919101e-04,wind_direction:18.4_m:degrees
1161,-2,-2.0000000000000000e+00,-3.7000000000000000e-01,-1,-1,0.0000000000000000e+00,wind_direction:18.4_m:degrees
1162,9,8.9743457794189453e+01,-2.2178571428571431e-01,1163,1164,2.0146683673469348e-03,angle_between_wind_wave:0_m:degrees
1163,-2,-2.0000000000000000e+00,-1.9941176470588237e-01,-1,-1,6.6435986159167626e-04,wind_direction:18.4_m:degrees
1164,12,-1.8356467597186565e-02,-2.5636363636363640e-01,2021,2022,2.1322314049586483e-03,bulk_richardson:18.4_m:none
1165,-2,-2.0000000000000000e+00,-7.1428571428571425e-02,-1,-1,4.6938775510204159e-04,wind_direction:18.4_m:degrees
1166,-2,-2.0000000000000000e+00,-1.4166666666666666e-02,-1,-1,8.2430555555555566e-04,wind_direction:18.4_m:degrees
1167,5,6.5900001525878906e+01,-1.2757575757575759e-01,1263,1264,1.3759412304866804e-03,relative_humidity:18.4_m:%
1168,12,-1.7218076391145587e-03,-1.6947368421052636e-01,1621,1622,2.2681440443213172e-03,bulk_richardson:18.4_m:none
1169,-2,-2.0000000000000000e+00,-1.0000000000000002e-01,-1,-1,3.3333333333332958e-04,wind_direction:18.4_m:degrees
1170,-2,-2.0000000000000000e+00,-1.6789473684210524e-01,-1,-1,1.1324099722991761e-03,wind_direction:18.4_m:degrees
1171,-2,-2.0000000000000000e+00,-5.9999999999999998e-02,-1,-1,0.0000000000000000e+00,wind_direction:18.4_m:degrees
1172,3,1.0131000061035156e+03,-2.0760000000000001e-01,1173,1174,1.7062399999999908e-03,pressure:18.4_m:hPa
1173,-2,-2.0000000000000000e+00,-2.1863636363636366e-01,-1,-1,8.4814049586776075e-04,wind_direction:18.4_m:degrees
1174,-2,-2.0000000000000000e+00,-1.2666666666666668e-01,-1,-1,5.5555555555558689e-04,wind_direction:18.4_m:degrees
1175,-2,-2.0000000000000000e+00,-3.2571428571428573e-01,-1,-1,4.8163265306121195e-04,wind_direction:18.4_m:degrees
1176,-2,-2.0000000000000000e+00,-3.9699999999999991e-01,-1,-1,7.6099999999990064e-04,wind_direction:18.4_m:degrees
1177,12,-4.0724303573369980e-02,-3.1428571428571428e-01,1393,1394,1.8911564625851002e-03,bulk_richardson:18.4_m:none
1178,-2,-2.0000000000000000e+00,-2.5666666666666665e-01,-1,-1,4.8888888888894144e-04,wind_direction:18.4_m:degrees
1179,-2,-2.0000000000000000e+00,-3.3833333333333332e-01,-1,-1,4.1388888888890807e-04,wind_direction:18.4_m:degrees
1180,-2,-2.0000000000000000e+00,-4.1299999999999998e-01,-1,-1,4.2100000000006021e-04,wind_direction:18.4_m:degrees
1181,11,2.9134498596191406e+02,-2.7529411764705880e-01,2015,2016,1.6249134948096988e-03,wind_direction:18.4_m:degrees
1182,-2,-2.0000000000000000e+00,-1.9500000000000001e-01,-1,-1,2.7500000000003216e-04,wind_direction:18.4_m:degrees
1183,-2,-2.0000000000000000e+00,-5.4666666666666675e-01,-1,-1,8.8888888888805084e-05,wind_direction:18.4_m:degrees
1184,-2,-2.0000000000000000e+00,-4.1499999999999998e-01,-1,-1,2.5000000000052758e-05,wind_direction:18.4_m:degrees
1185,2,2.7699000549316406e+02,-1.8600000000000000e-01,1381,1382,3.6640000000000006e-03,water_sfc_temperature:0_m:K
1186,1,1.8782911682128906e+02,-1.1924242424242423e-01,1533,1534,1.6282139577594012e-03,azimuth:0_m:degrees
1187,3,1.0130499877929688e+03,-5.2006688963210632e-02,1383,1384,7.3777921947182227e-04,pressure:18.4_m:hPa
1188,-2,-2.0000000000000000e+00,-2.3703703703703709e-02,-1,-1,1.6406035665292393e-04,wind_direction:18.4_m:degrees
1189,-2,-2.0000000000000000e+00,-3.6749999999999994e-01,-1,-1,1.8750000000039568e-05,wind_direction:18.4_m:degrees
1190,-2,-2.0000000000000000e+00,-4.6400000000000008e-01,-1,-1,4.6400000000004771e-04,wind_direction:18.4_m:degrees
1191,5,5.3149999618530273e+01,-1.4351851851851852e-01,1897,1898,1.7894718792866755e-03,relative_humidity:18.4_m:%
1192,-2,-2.0000000000000000e+00,-1.1431818181818182e-01,-1,-1,1.0608987603305947e-03,wind_direction:18.4_m:degrees
1193,-2,-2.0000000000000000e+00,-6.6833333333333333e-01,-1,-1,4.4722222222215446e-04,wind_direction:18.4_m:degrees
1194,-2,-2.0000000000000000e+00,-5.8857142857142863e-01,-1,-1,6.1224489795907999e-04,wind_direction:18.4_m:degrees
1195,-2,-2.0000000000000000e+00,-3.9500000000000002e-01,-1,-1,7.6249999999997153e-04,wind_direction:18.4_m:degrees
1196,-2,-2.0000000000000000e+00,-3.3909090909090911e-01,-1,-1,3.7190082644629474e-04,wind_direction:18.4_m:degrees
1197,-2,-2.0000000000000000e+00,-3.8192307692307650e-02,-1,-1,4.7250147928994493e-04,wind_direction:18.4_m:degrees
1198,-2,-2.0000000000000000e+00,-9.2857142857142860e-02,-1,-1,4.2040816326530117e-04,wind_direction:18.4_m:degrees
1199,6,2.2750000000000000e+02,-5.5725190839694648e-02,1885,1886,1.2397412738185481e-03,wave_direction:0_m:degrees
1200,3,1.0067500000000000e+03,-7.4466019417475701e-02,1201,1202,1.5353944763879801e-03,pressure:18.4_m:hPa
1201,-2,-2.0000000000000000e+00,-1.2333333333333335e-01,-1,-1,1.1111111111111096e-03,wind_direction:18.4_m:degrees
1202,12,-3.8231529295444489e-02,-6.9787234042553187e-02,1203,1204,1.3254866455409738e-03,bulk_richardson:18.4_m:none
1203,11,3.2455999755859375e+02,-7.6973684210526305e-02,1875,1876,1.2789993074792238e-03,wind_direction:18.4_m:degrees
1204,-2,-2.0000000000000000e+00,-3.9444444444444442e-02,-1,-1,3.8302469135803119e-04,wind_direction:18.4_m:degrees
1205,-2,-2.0000000000000000e+00,-6.2063492063492057e-02,-1,-1,4.2907533383724356e-04,wind_direction:18.4_m:degrees
1206,1,9.0111145019531250e+01,-9.7272727272727275e-02,1207,1208,1.7380165289256275e-03,azimuth:0_m:degrees
1207,-2,-2.0000000000000000e+00,-4.5000000000000005e-02,-1,-1,7.2499999999999995e-04,wind_direction:18.4_m:degrees
1208,-2,-2.0000000000000000e+00,-1.1687500000000001e-01,-1,-1,7.0898437500000085e-04,wind_direction:18.4_m:degrees
1209,-2,-2.0000000000000000e+00,-1.2100000000000002e-01,-1,-1,1.4689999999999964e-03,wind_direction:18.4_m:degrees
1210,5,4.5750000000000000e+01,-1.7249999999999999e-01,1783,1784,1.8812499999999940e-03,relative_humidity:18.4_m:%
1211,-2,-2.0000000000000000e+00,-1.8333333333333335e-01,-1,-1,2.2222222222222157e-03,wind_direction:18.4_m:degrees
1212,-2,-2.0000000000000000e+00,-2.9999999999999999e-02,-1,-1,1.0299920638612292e-17,wind_direction:18.4_m:degrees
1213,-2,-2.0000000000000000e+00,-4.6774193548387119e-02,-1,-1,2.7991675338189231e-04,wind_direction:18.4_m:degrees
1214,2,2.9300999450683594e+02,-7.5700934579439230e-02,1761,1762,6.1516289632282568e-04,water_sfc_temperature:0_m:K
1215,-2,-2.0000000000000000e+00,-3.2857142857142856e-02,-1,-1,1.0612244897959195e-04,wind_direction:18.4_m:degrees
1216,7,8.4999999403953552e-01,-8.6926952141057889e-02,1411,1412,5.6486368164254935e-04,wave_height:0_m:m
1217,-2,-2.0000000000000000e+00,-9.9999999999999992e-02,-1,-1,3.5000000000000309e-04,wind_direction:18.4_m:degrees
1218,-2,-2.0000000000000000e+00,-1.3953846153846156e-01,-1,-1,1.0813254437869770e-03,wind_direction:18.4_m:degrees
1219,9,8.9056804656982422e+01,-9.3917525773195870e-02,1485,1486,8.1145711552768618e-04,angle_between_wind_wave:0_m:degrees
1220,11,3.2666999816894531e+02,-7.6877637130801701e-02,1491,1492,9.3793017500757962e-04,wind_direction:18.4_m:degrees
1221,12,-3.9398774504661560e-02,-1.6187500000000002e-01,1613,1614,1.5089843749999977e-03,bulk_richardson:18.4_m:none
1222,-2,-2.0000000000000000e+00,-7.6666666666666675e-02,-1,-1,8.8888888888884882e-05,wind_direction:18.4_m:degrees
1223,-2,-2.0000000000000000e+00,-4.5428571428571424e-01,-1,-1,1.3673469387755210e-03,wind_direction:18.4_m:degrees
1224,-2,-2.0000000000000000e+00,-3.4999999999999998e-01,-1,-1,3.0531133177191805e-16,wind_direction:18.4_m:degrees
1225,-2,-2.0000000000000000e+00,-1.2384615384615384e-01,-1,-1,1.5467455621301814e-03,wind_direction:18.4_m:degrees
1226,-2,-2.0000000000000000e+00,-2.7000000000000002e-01,-1,-1,-4.1633363423443370e-17,wind_direction:18.4_m:degrees
1227,3,9.9150000000000000e+02,-2.1780821917808221e-01,1837,1838,1.5267029461437098e-03,pressure:18.4_m:hPa
1228,-2,-2.0000000000000000e+00,-1.8157894736842106e-01,-1,-1,1.3711911357341816e-03,wind_direction:18.4_m:degrees
1229,11,3.4244000244140625e+02,-4.5249999999999999e-02,1947,1948,1.1299374999999999e-03,wind_direction:18.4_m:degrees
1230,-2,-2.0000000000000000e+00,-6.5317460317460288e-02,-1,-1,7.0426429831191469e-04,wind_direction:18.4_m:degrees
1231,10,1.2119234561920166e+01,-2.3794117647058829e-01,1845,1846,1.0222318339100714e-03,wind_speed:18.4_m:m_s-1
1232,-2,-2.0000000000000000e+00,-3.8000000000000000e-01,-1,-1,-9.4368957093138306e-16,wind_direction:18.4_m:degrees
1233,7,1.9499999880790710e+00,-3.4461538461538466e-01,2025,2026,1.5325443786982224e-03,wave_height:0_m:m
1234,-2,-2.0000000000000000e+00,-2.6500000000000001e-01,-1,-1,2.6749999999998997e-03,wind_direction:18.4_m:degrees
1235,-2,-2.0000000000000000e+00,-4.2181818181818181e-01,-1,-1,2.5123966942150466e-04,wind_direction:18.4_m:degrees
1236,-2,-2.0000000000000000e+00,-4.7785714285714281e-01,-1,-1,1.3025510204081880e-03,wind_direction:18.4_m:degrees
1237,-2,-2.0000000000000000e+00,-2.0000000000000001e-01,-1,-1,0.0000000000000000e+00,wind_direction:18.4_m:degrees
1238,5,6.5350002288818359e+01,-6.1009174311926560e-02,1331,1332,8.3292652133659618e-04,relative_humidity:18.4_m:%
1239,12,-2.0791694521903992e-02,-3.1264705882352944e-01,1599,1600,1.5018166089965646e-03,bulk_richardson:18.4_m:none
1240,-2,-2.0000000000000000e+00,-2.7222222222222220e-01,-1,-1,1.4950617283951140e-03,wind_direction:18.4_m:degrees
1241,0,1.2954365539550781e+02,-1.1159420289855072e-01,1565,1566,9.5253098088637390e-04,zenith:0_m:degrees
1242,-2,-2.0000000000000000e+00,-1.9333333333333336e-01,-1,-1,8.8888888888860595e-05,wind_direction:18.4_m:degrees
1243,-2,-2.0000000000000000e+00,-1.5749999999999997e-01,-1,-1,9.6875000000002862e-04,wind_direction:18.4_m:degrees
1244,-2,-2.0000000000000000e+00,-2.0571428571428571e-01,-1,-1,4.5306122448973696e-04,wind_direction:18.4_m:degrees
1245,-2,-2.0000000000000000e+00,-1.4000000000000001e-01,-1,-1,1.0499999999999989e-03,wind_direction:18.4_m:degrees
1246,7,1.2500000000000000e+00,-9.8503401360544196e-02,1555,1556,7.7871257346475743e-04,wave_height:0_m:m
1247,-2,-2.0000000000000000e+00,-8.9565217391304366e-02,-1,-1,1.0215500945179555e-03,wind_direction:18.4_m:degrees
1248,-2,-2.0000000000000000e+00,-5.5272727272727293e-02,-1,-1,3.2674380165289511e-04,wind_direction:18.4_m:degrees
1249,-2,-2.0000000000000000e+00,-8.9999999999999997e-02,-1,-1,0.0000000000000000e+00,wind_direction:18.4_m:degrees
1250,6,1.8350000000000000e+02,-2.0873015873015790e-02,1251,1252,5.0207231040564726e-04,wave_direction:0_m:degrees
1251,-2,-2.0000000000000000e+00,-1.6654343807763358e-02,-1,-1,3.6644059573392481e-04,wind_direction:18.4_m:degrees
1252,11,2.4252000427246094e+02,-2.7565982404692026e-02,1961,1962,6.4422218591171556e-04,wind_direction:18.4_m:degrees
1253,-2,-2.0000000000000000e+00,-4.0000000000000001e-02,-1,-1,0.0000000000000000e+00,wind_direction:18.4_m:degrees
1254,-2,-2.0000000000000000e+00,-1.4190476190476189e-01,-1,-1,1.0725623582766540e-03,wind_direction:18.4_m:degrees
1255,9,9.0839050292968750e+01,-6.2857142857142861e-02,1257,1258,6.6204081632653044e-03,angle_between_wind_wave:0_m:degrees
1256,10,3.8119416236877441e+00,-1.0736668499175331e-02,1259,1260,3.2139244871418494e-04,wind_speed:18.4_m:m_s-1
1257,-2,-2.0000000000000000e+00,-1.2000000000000000e-02,-1,-1,2.1599999999999996e-04,wind_direction:18.4_m:degrees
1258,-2,-2.0000000000000000e+00,-1.9000000000000000e-01,-1,-1,0.0000000000000000e+00,wind_direction:18.4_m:degrees
1259,-2,-2.0000000000000000e+00,-5.2962298025134563e-03,-1,-1,2.5040596424162544e-04,wind_direction:18.4_m:degrees
1260,10,3.8140332698822021e+00,-1.3137876386687728e-02,1261,1262,3.3389382686902820e-04,wind_speed:18.4_m:m_s-1
1261,-2,-2.0000000000000000e+00,-9.1999999999999998e-02,-1,-1,1.6160000000000011e-03,wind_direction:18.4_m:degrees
1262,-2,-2.0000000000000000e+00,-1.2824184566427909e-02,-1,-1,3.0395715575909420e-04,wind_direction:18.4_m:degrees
1263,5,6.2899999618530273e+01,-1.2000000000000002e-01,1999,2000,8.1333333333332737e-04,relative_humidity:18.4_m:%
1264,-2,-2.0000000000000000e+00,-2.0333333333333334e-01,-1,-1,6.8888888888878758e-04,wind_direction:18.4_m:degrees
1265,2,2.8061500549316406e+02,-1.4133333333333334e-01,1515,1516,1.5848888888888822e-03,water_sfc_temperature:0_m:K
1266,-2,-2.0000000000000000e+00,-2.0428571428571426e-01,-1,-1,1.9591836734693391e-04,wind_direction:18.4_m:degrees
1267,1,2.0739947509765625e+02,-5.6500000000000006e-01,1925,1926,1.4249999999999541e-03,azimuth:0_m:degrees
1268,5,7.9650001525878906e+01,-4.6000000000000002e-01,1831,1832,6.4000000000000168e-03,relative_humidity:18.4_m:%
1269,4,2.4225610494613647e+00,-4.0749999999999946e-02,1271,1272,7.2309134615384857e-04,mixing_ratio:18.4_m:g_kg-1
1270,-2,-2.0000000000000000e+00,-2.8484848484848474e-02,-1,-1,4.9770431588611898e-04,wind_direction:18.4_m:degrees
1271,8,6.5000000000000000e+00,-9.8333333333333342e-02,1273,1274,6.9472222222222192e-03,wave_period:0_m:s
1272,9,8.8366664886474609e+01,-3.9389763779527458e-02,1297,1298,4.9588745427491194e-04,angle_between_wind_wave:0_m:degrees
1273,-2,-2.0000000000000000e+00,-6.4000000000000001e-02,-1,-1,1.2639999999999978e-03,wind_direction:18.4_m:degrees
1274,-2,-2.0000000000000000e+00,-2.7000000000000002e-01,-1,-1,-1.3877787807814457e-17,wind_direction:18.4_m:degrees
1275,-2,-2.0000000000000000e+00,-3.1874999999999998e-01,-1,-1,1.2359374999999367e-03,wind_direction:18.4_m:degrees
1276,-2,-2.0000000000000000e+00,-3.7000000000000005e-01,-1,-1,9.0769230769230380e-04,wind_direction:18.4_m:degrees
1277,-2,-2.0000000000000000e+00,-4.8750000000000002e-02,-1,-1,5.1093750000000011e-04,wind_direction:18.4_m:degrees
1278,4,1.3877263069152832e+01,-9.8289473684210482e-02,1663,1664,8.5102146814404304e-04,mixing_ratio:18.4_m:g_kg-1
1279,10,1.2549030303955078e+01,-1.8400000000000002e-01,1691,1692,1.7773333333333322e-03,wind_speed:18.4_m:m_s-1
1280,-2,-2.0000000000000000e+00,-2.6666666666666666e-01,-1,-1,2.6888888888890045e-03,wind_direction:18.4_m:degrees
1281,-2,-2.0000000000000000e+00,-3.4000000000000002e-01,-1,-1,0.0000000000000000e+00,wind_direction:18.4_m:degrees
1282,-2,-2.0000000000000000e+00,-1.9700000000000001e-01,-1,-1,1.4009999999999995e-03,wind_direction:18.4_m:degrees
1283,-2,-2.0000000000000000e+00,-1.5299999999999997e-01,-1,-1,4.4100000000000042e-04,wind_direction:18.4_m:degrees
1284,-2,-2.0000000000000000e+00,-1.0000000000000000e-02,-1,-1,-1.1194387430912833e-17,wind_direction:18.4_m:degrees
1285,3,1.0018500061035156e+03,-3.2724999999999993e-01,1595,1596,1.5099375000000581e-03,pressure:18.4_m:hPa
1286,-2,-2.0000000000000000e+00,-2.7142857142857141e-01,-1,-1,1.0408163265306775e-03,wind_direction:18.4_m:degrees
1287,-2,-2.0000000000000000e+00,-1.5590909090909089e-01,-1,-1,8.6962809917356249e-04,wind_direction:18.4_m:degrees
1288,-2,-2.0000000000000000e+00,-1.2298701298701299e-01,-1,-1,9.9497385731150967e-04,wind_direction:18.4_m:degrees
1289,-2,-2.0000000000000000e+00,-3.8440000000000007e-01,-1,-1,1.0726399999999581e-03,wind_direction:18.4_m:degrees
1290,8,5.0499999523162842e+00,-3.5242424242424253e-01,1723,1724,2.8123048668502321e-03,wave_period:0_m:s
1291,1,1.4972656250000000e+02,-1.6602941176470590e-01,1945,1946,9.5923442906572717e-04,azimuth:0_m:degrees
1292,-2,-2.0000000000000000e+00,-2.0294117647058824e-01,-1,-1,7.3840830449829753e-04,wind_direction:18.4_m:degrees
1293,-2,-2.0000000000000000e+00,-3.6181818181818176e-01,-1,-1,1.2148760330578379e-03,wind_direction:18.4_m:degrees
1294,-2,-2.0000000000000000e+00,-2.2000000000000000e-01,-1,-1,1.3183898417423734e-16,wind_direction:18.4_m:degrees
1295,-2,-2.0000000000000000e+00,-2.0857142857142857e-01,-1,-1,4.4081632653060476e-04,wind_direction:18.4_m:degrees
1296,-2,-2.0000000000000000e+00,-1.5076923076923079e-01,-1,-1,8.7633136094673186e-04,wind_direction:18.4_m:degrees
1297,-2,-2.0000000000000000e+00,-2.4202898550724647e-02,-1,-1,4.4465448435202632e-04,wind_direction:18.4_m:degrees
1298,10,6.9187932014465332e+00,-4.1776765375854126e-02,1905,1906,4.6199116858049887e-04,wind_speed:18.4_m:m_s-1
1299,-2,-2.0000000000000000e+00,-1.7628571428571427e-01,-1,-1,6.2906122448978460e-04,wind_direction:18.4_m:degrees
1300,-2,-2.0000000000000000e+00,-1.4115384615384613e-01,-1,-1,9.3328402366862906e-04,wind_direction:18.4_m:degrees
1301,-2,-2.0000000000000000e+00,-2.4666666666666667e-01,-1,-1,2.8888888888888714e-04,wind_direction:18.4_m:degrees
1302,-2,-2.0000000000000000e+00,-3.2500000000000001e-01,-1,-1,1.1249999999998900e-03,wind_direction:18.4_m:degrees
1303,-2,-2.0000000000000000e+00,-4.2857142857142864e-02,-1,-1,4.4897959183673474e-04,wind_direction:18.4_m:degrees
1304,-2,-2.0000000000000000e+00,2.3333333333333334e-02,-1,-1,1.6555555555555564e-03,wind_direction:18.4_m:degrees
1305,-2,-2.0000000000000000e+00,1.3846153846153848e-02,-1,-1,8.8520710059171611e-04,wind_direction:18.4_m:degrees
1306,-2,-2.0000000000000000e+00,-2.7460317460317470e-02,-1,-1,7.1735953640715555e-04,wind_direction:18.4_m:degrees
1307,-2,-2.0000000000000000e+00,-5.7500000000000002e-02,-1,-1,3.4375000000000031e-04,wind_direction:18.4_m:degrees
1308,-2,-2.0000000000000000e+00,-8.8510638297872365e-03,-1,-1,4.9527569035762783e-04,wind_direction:18.4_m:degrees
1309,-2,-2.0000000000000000e+00,-1.8947368421052633e-02,-1,-1,8.5678670360110794e-04,wind_direction:18.4_m:degrees
1310,-2,-2.0000000000000000e+00,-1.0000000000000002e-01,-1,-1,0.0000000000000000e+00,wind_direction:18.4_m:degrees
1311,-2,-2.0000000000000000e+00,-3.6499999999999999e-01,-1,-1,2.2500000000000298e-04,wind_direction:18.4_m:degrees
1312,-2,-2.0000000000000000e+00,-5.0000000000000000e-01,-1,-1,-2.7755575615628914e-17,wind_direction:18.4_m:degrees
1313,-2,-2.0000000000000000e+00,-4.5777777777777767e-01,-1,-1,1.3728395061727017e-03,wind_direction:18.4_m:degrees
1314,-2,-2.0000000000000000e+00,-5.9999999999999998e-01,-1,-1,4.9960036108132044e-16,wind_direction:18.4_m:degrees
1315,-2,-2.0000000000000000e+00,-2.2000000000000000e-01,-1,-1,1.0181818181818347e-03,wind_direction:18.4_m:degrees
1316,-2,-2.0000000000000000e+00,-1.5750000000000000e-01,-1,-1,4.4375000000000317e-04,wind_direction:18.4_m:degrees
1317,4,3.4824155569076538e+00,-8.4959677419354798e-02,1749,1750,5.9757901925077978e-04,mixing_ratio:18.4_m:g_kg-1
1318,-2,-2.0000000000000000e+00,-1.0266666666666667e-01,-1,-1,5.9555555555559567e-04,wind_direction:18.4_m:degrees
1319,5,8.7500000000000000e+01,-2.7187499999999986e-02,1627,1628,4.9208984375000110e-04,relative_humidity:18.4_m:%
1320,-2,-2.0000000000000000e+00,-8.7999999999999995e-02,-1,-1,1.2160000000000521e-03,wind_direction:18.4_m:degrees
1321,1,1.2153874969482422e+02,-4.6533333333333338e-01,1813,1814,1.5715555555554928e-03,azimuth:0_m:degrees
1322,-2,-2.0000000000000000e+00,-5.1222222222222225e-01,-1,-1,1.5283950617282493e-03,wind_direction:18.4_m:degrees
1323,-2,-2.0000000000000000e+00,-7.0000000000000007e-02,-1,-1,0.0000000000000000e+00,wind_direction:18.4_m:degrees
1324,-2,-2.0000000000000000e+00,-1.6757575757575757e-01,-1,-1,8.2442607897152687e-04,wind_direction:18.4_m:degrees
1325,-2,-2.0000000000000000e+00,-1.0888888888888888e-01,-1,-1,1.0543209876543221e-03,wind_direction:18.4_m:degrees
1326,12,1.0207482846453786e-03,-6.3688524590163928e-02,1917,1918,4.0415434918929152e-04,bulk_richardson:18.4_m:none
1327,10,6.1063163280487061e+00,-2.2011494252873565e-02,1971,1972,1.1149194081120362e-03,wind_speed:18.4_m:m_s-1
1328,-2,-2.0000000000000000e+00,-6.7777777777777784e-02,-1,-1,2.1728395061727367e-04,wind_direction:18.4_m:degrees
1329,-2,-2.0000000000000000e+00,-6.4047619047619020e-02,-1,-1,3.2726757369615049e-04,wind_direction:18.4_m:degrees
1330,-2,-2.0000000000000000e+00,-4.6782608695652143e-02,-1,-1,4.3573534971646458e-04,wind_direction:18.4_m:degrees
1331,5,5.9049999237060547e+01,-5.6867469879518052e-02,1671,1672,8.2874147191174669e-04,relative_humidity:18.4_m:%
1332,0,1.3703319549560547e+02,-7.4230769230769211e-02,1561,1562,6.1671597633137978e-04,zenith:0_m:degrees
1333,-2,-2.0000000000000000e+00,-3.2000000000000001e-01,-1,-1,5.3333333333326072e-04,wind_direction:18.4_m:degrees
1334,-2,-2.0000000000000000e+00,-3.9428571428571424e-01,-1,-1,7.9591836734696497e-04,wind_direction:18.4_m:degrees
1335,11,2.1408499908447266e+02,-9.5671641791044759e-02,1653,1654,6.3350412118511924e-04,wind_direction:18.4_m:degrees
1336,-2,-2.0000000000000000e+00,0.0000000000000000e+00,-1,-1,5.5511151231257827e-17,wind_direction:18.4_m:degrees
1337,-2,-2.0000000000000000e+00,-6.4500000000000002e-01,-1,-1,6.2500000000004219e-04,wind_direction:18.4_m:degrees
1338,-2,-2.0000000000000000e+00,-5.2333333333333332e-01,-1,-1,1.6222222222221361e-03,wind_direction:18.4_m:degrees
1339,-2,-2.0000000000000000e+00,-2.5500000000000000e-01,-1,-1,2.0249999999999990e-03,wind_direction:18.4_m:degrees
1340,-2,-2.0000000000000000e+00,-1.5333333333333332e-01,-1,-1,1.0888888888888858e-03,wind_direction:18.4_m:degrees
1341,11,2.7296501159667969e+02,-2.2583333333333333e-01,1343,1344,1.8409722222221883e-03,wind_direction:18.4_m:degrees
1342,6,2.0750000000000000e+02,-1.7499999999999999e-01,1557,1558,2.0500000000000483e-03,wave_direction:0_m:degrees
1343,12,-1.8411715514957905e-02,-1.9076923076923080e-01,1345,1346,1.8686390532544339e-03,bulk_richardson:18.4_m:none
1344,4,2.6027935743331909e+00,-2.3885714285714288e-01,1847,1848,1.2044081632653011e-03,mixing_ratio:18.4_m:g_kg-1
1345,-2,-2.0000000000000000e+00,-1.3250000000000001e-01,-1,-1,5.1874999999999838e-04,wind_direction:18.4_m:degrees
1346,-2,-2.0000000000000000e+00,-2.1666666666666667e-01,-1,-1,2.8888888888888714e-04,wind_direction:18.4_m:degrees
1347,-2,-2.0000000000000000e+00,-2.0999999999999999e-01,-1,-1,0.0000000000000000e+00,wind_direction:18.4_m:degrees
1348,-2,-2.0000000000000000e+00,-1.0700000000000001e-01,-1,-1,1.0609999999999960e-03,wind_direction:18.4_m:degrees
1349,-2,-2.0000000000000000e+00,-3.5172413793103416e-02,-1,-1,4.5945303210464020e-04,wind_direction:18.4_m:degrees
1350,-2,-2.0000000000000000e+00,-2.3032786885245876e-02,-1,-1,4.8752351518409104e-04,wind_direction:18.4_m:degrees
1351,4,2.6279476881027222e+00,-1.9729729729729731e-01,1677,1678,1.8035062089116205e-03,mixing_ratio:18.4_m:g_kg-1
1352,-2,-2.0000000000000000e+00,-2.7666666666666667e-01,-1,-1,3.5555555555559504e-04,wind_direction:18.4_m:degrees
1353,-2,-2.0000000000000000e+00,-1.7333333333333334e-01,-1,-1,8.8888888888884882e-05,wind_direction:18.4_m:degrees
1354,-2,-2.0000000000000000e+00,-9.6036036036036068e-02,-1,-1,5.2302572843112780e-04,wind_direction:18.4_m:degrees
1355,-2,-2.0000000000000000e+00,-2.2500000000000001e-01,-1,-1,1.2250000000000039e-03,wind_direction:18.4_m:degrees
1356,4,1.0298184156417847e+00,-1.2921052631578947e-01,1857,1858,1.4072714681440529e-03,mixing_ratio:18.4_m:g_kg-1
1357,-2,-2.0000000000000000e+00,-1.4666666666666664e-01,-1,-1,1.3888888888888978e-03,wind_direction:18.4_m:degrees
1358,-2,-2.0000000000000000e+00,-8.5909090909090921e-02,-1,-1,1.6150826446280986e-03,wind_direction:18.4_m:degrees
1359,-2,-2.0000000000000000e+00,-1.4899999999999997e-01,-1,-1,7.2900000000001089e-04,wind_direction:18.4_m:degrees
1360,10,1.0580980300903320e+01,-2.0357142857142854e-01,1371,1372,1.8943877551020546e-03,wind_speed:18.4_m:m_s-1
1361,-2,-2.0000000000000000e+00,-6.9666666666666666e-01,-1,-1,1.6888888888892395e-03,wind_direction:18.4_m:degrees
1362,-2,-2.0000000000000000e+00,-6.0571428571428576e-01,-1,-1,2.4489795918236634e-05,wind_direction:18.4_m:degrees
1363,12,-2.7885372750461102e-02,-9.6296296296296310e-02,1449,1450,1.6085048010973917e-03,bulk_richardson:18.4_m:none
1364,-2,-2.0000000000000000e+00,-7.8511904761904755e-02,-1,-1,7.3528557256238684e-04,wind_direction:18.4_m:degrees
1365,-2,-2.0000000000000000e+00,-1.4250000000000002e-01,-1,-1,4.6874999999999695e-04,wind_direction:18.4_m:degrees
1366,-2,-2.0000000000000000e+00,-7.4285714285714302e-02,-1,-1,6.9387755102041059e-04,wind_direction:18.4_m:degrees
1367,-2,-2.0000000000000000e+00,-2.2833333333333336e-01,-1,-1,2.8055555555554085e-04,wind_direction:18.4_m:degrees
1368,-2,-2.0000000000000000e+00,-3.7000000000000000e-01,-1,-1,-5.5511151231257827e-17,wind_direction:18.4_m:degrees
1369,-2,-2.0000000000000000e+00,-8.9999999999999997e-02,-1,-1,1.4285714285714422e-04,wind_direction:18.4_m:degrees
1370,-2,-2.0000000000000000e+00,-2.0000000000000000e-02,-1,-1,6.0000000000000092e-04,wind_direction:18.4_m:degrees
1371,-2,-2.0000000000000000e+00,-1.3666666666666669e-01,-1,-1,2.2222222222222088e-05,wind_direction:18.4_m:degrees
1372,-2,-2.0000000000000000e+00,-2.2181818181818180e-01,-1,-1,8.5123966942150797e-04,wind_direction:18.4_m:degrees
1373,5,6.3750000000000000e+01,-1.0957446808510637e-01,1849,1850,8.1258488003620871e-04,relative_humidity:18.4_m:%
1374,-2,-2.0000000000000000e+00,-1.7750000000000002e-01,-1,-1,8.1875000000004861e-04,wind_direction:18.4_m:degrees
1375,-2,-2.0000000000000000e+00,5.0000000000000003e-02,-1,-1,0.0000000000000000e+00,wind_direction:18.4_m:degrees
1376,0,8.2641178131103516e+01,-4.2014925373134303e-02,1681,1682,1.3004176876809995e-03,zenith:0_m:degrees
1377,4,9.5463094711303711e+00,-1.8476190476190477e-01,1437,1438,1.7487528344671335e-03,mixing_ratio:18.4_m:g_kg-1
1378,7,1.6000000238418579e+00,-2.2705882352941176e-01,1939,1940,1.6207612456747358e-03,wave_height:0_m:m
1379,-2,-2.0000000000000000e+00,-1.2396226415094341e-01,-1,-1,3.8996084015663866e-04,wind_direction:18.4_m:degrees
1380,-2,-2.0000000000000000e+00,-1.5499999999999997e-01,-1,-1,4.0192307692304627e-04,wind_direction:18.4_m:degrees
1381,-2,-2.0000000000000000e+00,-1.1500000000000000e-01,-1,-1,2.2500000000000124e-04,wind_direction:18.4_m:degrees
1382,-2,-2.0000000000000000e+00,-2.3333333333333331e-01,-1,-1,3.5555555555554647e-04,wind_direction:18.4_m:degrees
1383,9,8.9358234405517578e+01,-4.4906542056074750e-02,1387,1388,6.9415014411739178e-04,angle_between_wind_wave:0_m:degrees
1384,3,1.0133500061035156e+03,-5.5963541666666637e-02,1385,1386,7.1834242078993877e-04,pressure:18.4_m:hPa
1385,-2,-2.0000000000000000e+00,-1.2666666666666668e-01,-1,-1,3.5555555555555340e-04,wind_direction:18.4_m:degrees
1386,2,2.7472000122070312e+02,-5.4841269841269795e-02,1389,1390,6.4349332325523093e-04,water_sfc_temperature:0_m:K
1387,-2,-2.0000000000000000e+00,-7.3478260869565229e-02,-1,-1,5.4442344045368529e-04,wind_direction:18.4_m:degrees
1388,0,1.2515538406372070e+02,-4.1465968586387424e-02,1703,1704,6.0203941777912029e-04,zenith:0_m:degrees
1389,-2,-2.0000000000000000e+00,-7.1111111111111111e-02,-1,-1,5.6543209876543099e-04,wind_direction:18.4_m:degrees
1390,2,2.8306498718261719e+02,-5.1587301587301543e-02,1751,1752,5.9557571176619252e-04,water_sfc_temperature:0_m:K
1391,-2,-2.0000000000000000e+00,-2.3874999999999999e-01,-1,-1,3.8593750000000954e-04,wind_direction:18.4_m:degrees
1392,-2,-2.0000000000000000e+00,-3.0571428571428572e-01,-1,-1,1.5387755102041212e-03,wind_direction:18.4_m:degrees
1393,-2,-2.0000000000000000e+00,-3.0799999999999994e-01,-1,-1,1.1560000000000598e-03,wind_direction:18.4_m:degrees
1394,-2,-2.0000000000000000e+00,-4.4000000000000000e-01,-1,-1,-8.0491169285323849e-16,wind_direction:18.4_m:degrees
1395,7,8.4999999403953552e-01,-1.1473988439306353e-01,1397,1398,7.9487453640283631e-04,wave_height:0_m:m
1396,-2,-2.0000000000000000e+00,-1.2991869918699187e-01,-1,-1,5.3251371538108258e-04,wind_direction:18.4_m:degrees
1397,-2,-2.0000000000000000e+00,2.0000000000000000e-02,-1,-1,0.0000000000000000e+00,wind_direction:18.4_m:degrees
1398,11,2.0515000152587891e+02,-1.1552325581395348e-01,2017,2018,6.9333085451597082e-04,wind_direction:18.4_m:degrees
1399,-2,-2.0000000000000000e+00,-9.1428571428571428e-02,-1,-1,5.5510204081632951e-04,wind_direction:18.4_m:degrees
1400,9,9.0709289550781250e+01,-1.4571428571428571e-01,1697,1698,7.3877551020408785e-04,angle_between_wind_wave:0_m:degrees
1401,1,1.3287546539306641e+02,-2.0312500000000000e-01,1711,1712,1.7964843750000181e-03,azimuth:0_m:degrees
1402,-2,-2.0000000000000000e+00,-2.5875000000000004e-01,-1,-1,1.1859374999999839e-03,wind_direction:18.4_m:degrees
1403,9,8.9477939605712891e+01,-2.8400000000000009e-01,1521,1522,1.1739999999999529e-03,angle_between_wind_wave:0_m:degrees
1404,-2,-2.0000000000000000e+00,-3.6333333333333329e-01,-1,-1,3.5555555555558116e-04,wind_direction:18.4_m:degrees
1405,3,1.0235499877929688e+03,-3.1500000000000000e-01,1407,1408,9.7916666666666569e-03,pressure:18.4_m:hPa
1406,-2,-2.0000000000000000e+00,-2.5000000000000000e-01,-1,-1,5.6363636363634950e-04,wind_direction:18.4_m:degrees
1407,4,1.6028601527214050e+00,-2.7600000000000002e-01,2033,2034,2.6240000000000291e-03,mixing_ratio:18.4_m:g_kg-1
1408,-2,-2.0000000000000000e+00,-5.1000000000000001e-01,-1,-1,0.0000000000000000e+00,wind_direction:18.4_m:degrees
1409,-2,-2.0000000000000000e+00,-1.0222222222222221e-01,-1,-1,3.0617283950617330e-04,wind_direction:18.4_m:degrees
1410,-2,-2.0000000000000000e+00,-4.0000000000000001e-02,-1,-1,1.1999999999999997e-03,wind_direction:18.4_m:degrees
1411,-2,-2.0000000000000000e+00,-6.2692307692307700e-02,-1,-1,3.8121301775147914e-04,wind_direction:18.4_m:degrees
1412,-2,-2.0000000000000000e+00,-8.8625336927223672e-02,-1,-1,5.3368981626115281e-04,wind_direction:18.4_m:degrees
1413,-2,-2.0000000000000000e+00,-6.7749999999999999e-01,-1,-1,4.6874999999990674e-04,wind_direction:18.4_m:degrees
1414,-2,-2.0000000000000000e+00,-7.5999999999999990e-01,-1,-1,1.9666666666670052e-03,wind_direction:18.4_m:degrees
1415,-2,-2.0000000000000000e+00,-1.9617021276595637e-02,-1,-1,2.6793843368040193e-04,wind_direction:18.4_m:degrees
1416,-2,-2.0000000000000000e+00,-1.1000000000000000e-01,-1,-1,1.2490009027033011e-16,wind_direction:18.4_m:degrees
1417,-2,-2.0000000000000000e+00,-3.4999999999999998e-01,-1,-1,1.0000000000003062e-04,wind_direction:18.4_m:degrees
1418,-2,-2.0000000000000000e+00,-2.5399999999999995e-01,-1,-1,1.9173333333333542e-03,wind_direction:18.4_m:degrees
1419,11,1.8798000335693359e+02,-1.5474226804123714e-01,1421,1422,1.1713253268147254e-03,wind_direction:18.4_m:degrees
1420,-2,-2.0000000000000000e+00,-2.0833333333333334e-01,-1,-1,1.7138888888887649e-03,wind_direction:18.4_m:degrees
1421,1,2.4184153747558594e+02,-1.7611111111111113e-01,1423,1424,1.1348765432098659e-03,azimuth:0_m:degrees
1422,-2,-2.0000000000000000e+00,-1.4213114754098358e-01,-1,-1,7.6431066917493143e-04,wind_direction:18.4_m:degrees
1423,-2,-2.0000000000000000e+00,-1.4500000000000002e-01,-1,-1,3.5833333333332856e-04,wind_direction:18.4_m:degrees
1424,-2,-2.0000000000000000e+00,-1.9166666666666665e-01,-1,-1,7.9722222222222000e-04,wind_direction:18.4_m:degrees
1425,-2,-2.0000000000000000e+00,-1.0121580547112458e-02,-1,-1,1.9572989902162796e-04,wind_direction:18.4_m:degrees
1426,-2,-2.0000000000000000e+00,8.0000000000000002e-02,-1,-1,-2.9490299091605721e-17,wind_direction:18.4_m:degrees
1427,-2,-2.0000000000000000e+00,-5.9750000000000003e-01,-1,-1,1.6874999999999529e-04,wind_direction:18.4_m:degrees
1428,-2,-2.0000000000000000e+00,-5.2416666666666678e-01,-1,-1,1.2243055555556936e-03,wind_direction:18.4_m:degrees
1429,4,1.1065770626068115e+01,-6.0674157303370682e-03,1467,1468,3.2531468843060256e-04,mixing_ratio:18.4_m:g_kg-1
1430,-2,-2.0000000000000000e+00,2.9230769230769230e-02,-1,-1,3.9171597633115888e-04,wind_direction:18.4_m:degrees
1431,-2,-2.0000000000000000e+00,-5.9999999999999998e-01,-1,-1,0.0000000000000000e+00,wind_direction:18.4_m:degrees
1432,-2,-2.0000000000000000e+00,-4.7000000000000008e-01,-1,-1,1.9699999999999440e-03,wind_direction:18.4_m:degrees
1433,-2,-2.0000000000000000e+00,-1.3090909090909089e-01,-1,-1,5.9008264462810309e-04,wind_direction:18.4_m:degrees
1434,-2,-2.0000000000000000e+00,-1.7944444444444443e-01,-1,-1,5.9413580246914233e-04,wind_direction:18.4_m:degrees
1435,-2,-2.0000000000000000e+00,-2.3999999999999999e-01,-1,-1,0.0000000000000000e+00,wind_direction:18.4_m:degrees
1436,-2,-2.0000000000000000e+00,-1.0699999999999998e-01,-1,-1,1.4099999999999703e-04,wind_direction:18.4_m:degrees
1437,-2,-2.0000000000000000e+00,-1.7578947368421058e-01,-1,-1,1.0875346260387705e-03,wind_direction:18.4_m:degrees
1438,-2,-2.0000000000000000e+00,-2.7000000000000002e-01,-1,-1,6.9388939039072284e-17,wind_direction:18.4_m:degrees
1439,6,2.1650000000000000e+02,-9.8596491228070168e-02,1795,1796,1.1103108648815030e-03,wave_direction:0_m:degrees
1440,-2,-2.0000000000000000e+00,-7.8827586206896574e-02,-1,-1,7.3034958382876391e-04,wind_direction:18.4_m:degrees
1441,-2,-2.0000000000000000e+00,-1.6999999999999998e-01,-1,-1,5.4285714285714701e-04,wind_direction:18.4_m:degrees
1442,-2,-2.0000000000000000e+00,-9.6000000000000002e-02,-1,-1,5.0400000000000618e-04,wind_direction:18.4_m:degrees
1443,-2,-2.0000000000000000e+00,-1.8074074074074073e-01,-1,-1,6.2908093278463140e-04,wind_direction:18.4_m:degrees
1444,-2,-2.0000000000000000e+00,-1.2714285714285717e-01,-1,-1,2.2040816326533708e-04,wind_direction:18.4_m:degrees
1445,-2,-2.0000000000000000e+00,-1.5714285714285712e-02,-1,-1,5.1020408163265332e-04,wind_direction:18.4_m:degrees
1446,-2,-2.0000000000000000e+00,-6.8000000000000005e-02,-1,-1,1.5600000000000249e-04,wind_direction:18.4_m:degrees
1447,5,5.3449998855590820e+01,-2.8269230769230783e-02,1693,1694,6.7200443786982257e-04,relative_humidity:18.4_m:%
1448,-2,-2.0000000000000000e+00,4.6666666666666662e-02,-1,-1,3.5555555555554516e-04,wind_direction:18.4_m:degrees
1449,3,9.9939999389648438e+02,-1.1194444444444447e-01,1517,1518,1.9323302469135759e-03,pressure:18.4_m:hPa
1450,5,6.2200000762939453e+01,-8.3777777777777784e-02,1451,1452,9.9683950617283825e-04,relative_humidity:18.4_m:%
1451,-2,-2.0000000000000000e+00,-1.1727272727272728e-01,-1,-1,4.3801652892561972e-04,wind_direction:18.4_m:degrees
1452,-2,-2.0000000000000000e+00,-7.2941176470588232e-02,-1,-1,6.9723183391003172e-04,wind_direction:18.4_m:degrees
1453,-2,-2.0000000000000000e+00,-4.7199999999999998e-01,-1,-1,3.7600000000004297e-04,wind_direction:18.4_m:degrees
1454,-2,-2.0000000000000000e+00,-3.8750000000000001e-01,-1,-1,1.3187500000000074e-03,wind_direction:18.4_m:degrees
1455,-2,-2.0000000000000000e+00,-4.1249999999999998e-01,-1,-1,6.8749999999978550e-05,wind_direction:18.4_m:degrees
1456,-2,-2.0000000000000000e+00,-3.3909090909090911e-01,-1,-1,2.3900826446280193e-03,wind_direction:18.4_m:degrees
1457,-2,-2.0000000000000000e+00,-3.5090909090909095e-01,-1,-1,9.1735537190083816e-04,wind_direction:18.4_m:degrees
1458,-2,-2.0000000000000000e+00,-2.7750000000000002e-01,-1,-1,6.1875000000001512e-04,wind_direction:18.4_m:degrees
1459,-2,-2.0000000000000000e+00,-2.2333333333333330e-01,-1,-1,8.2222222222223806e-04,wind_direction:18.4_m:degrees
1460,-2,-2.0000000000000000e+00,-3.0599999999999999e-01,-1,-1,8.4399999999999753e-04,wind_direction:18.4_m:degrees
1461,-2,-2.0000000000000000e+00,-3.8750000000000001e-01,-1,-1,1.6874999999996754e-04,wind_direction:18.4_m:degrees
1462,-2,-2.0000000000000000e+00,-4.8333333333333334e-01,-1,-1,1.1555555555556041e-03,wind_direction:18.4_m:degrees
1463,-2,-2.0000000000000000e+00,-4.0857142857142864e-01,-1,-1,1.8367346938769069e-04,wind_direction:18.4_m:degrees
1464,-2,-2.0000000000000000e+00,-3.4375000000000000e-01,-1,-1,9.7343750000000728e-04,wind_direction:18.4_m:degrees
1465,0,1.1225337219238281e+02,-1.2116666666666666e-01,1815,1816,1.5036388888888860e-03,zenith:0_m:degrees
1466,-2,-2.0000000000000000e+00,-6.4000000000000001e-02,-1,-1,1.8240000000000062e-03,wind_direction:18.4_m:degrees
1467,12,-1.4979504942893982e+00,-7.5748930099856764e-03,1469,1470,3.2783259835992602e-04,bulk_richardson:18.4_m:none
1468,-2,-2.0000000000000000e+00,-2.6327193932827713e-03,-1,-1,3.0260291644021393e-04,wind_direction:18.4_m:degrees
1469,-2,-2.0000000000000000e+00,-8.0000000000000002e-02,-1,-1,-8.6736173798840355e-19,wind_direction:18.4_m:degrees
1470,-2,-2.0000000000000000e+00,-7.4714285714285161e-03,-1,-1,3.2079680272108734e-04,wind_direction:18.4_m:degrees
1471,-2,-2.0000000000000000e+00,-1.0594202898550729e-01,-1,-1,5.4585171182523762e-04,wind_direction:18.4_m:degrees
1472,0,1.5586795806884766e+02,-8.4861111111111109e-02,2027,2028,8.8053626543210892e-04,zenith:0_m:degrees
1473,3,1.0280499877929688e+03,-1.3417218543046355e-01,1475,1476,1.9753081005219157e-03,pressure:18.4_m:hPa
1474,-2,-2.0000000000000000e+00,-1.9750000000000001e-01,-1,-1,6.1874999999910613e-04,wind_direction:18.4_m:degrees
1475,6,2.3750000000000000e+02,-1.3075342465753428e-01,1477,1478,1.6836789266278969e-03,wave_direction:0_m:degrees
1476,-2,-2.0000000000000000e+00,-2.3400000000000004e-01,-1,-1,1.8400000000022565e-04,wind_direction:18.4_m:degrees
1477,9,8.9232780456542969e+01,-1.3527131782945734e-01,1479,1480,1.5706628207439316e-03,angle_between_wind_wave:0_m:degrees
1478,0,7.5331348419189453e+01,-9.6470588235294141e-02,1611,1612,1.2110726643598316e-03,zenith:0_m:degrees
1479,6,2.2850000000000000e+02,-1.2140350877192986e-01,1481,1482,1.0611880578639474e-03,wave_direction:0_m:degrees
1480,0,9.5379226684570312e+01,-1.4625000000000002e-01,1525,1526,1.7012152777777997e-03,zenith:0_m:degrees
1481,-2,-2.0000000000000000e+00,-1.0861111111111113e-01,-1,-1,6.4529320987653967e-04,wind_direction:18.4_m:degrees
1482,-2,-2.0000000000000000e+00,-1.4333333333333331e-01,-1,-1,1.0126984126983957e-03,wind_direction:18.4_m:degrees
1483,-2,-2.0000000000000000e+00,-2.6444444444444443e-01,-1,-1,9.3580246913582688e-04,wind_direction:18.4_m:degrees
1484,-2,-2.0000000000000000e+00,-2.0555555555555557e-01,-1,-1,1.1358024691357840e-03,wind_direction:18.4_m:degrees
1485,10,7.2465605735778809e+00,-1.2615384615384617e-01,2023,2024,9.4674556213017458e-04,wind_speed:18.4_m:m_s-1
1486,-2,-2.0000000000000000e+00,-8.8928571428571426e-02,-1,-1,6.0480442176870895e-04,wind_direction:18.4_m:degrees
1487,-2,-2.0000000000000000e+00,-8.0000000000000002e-02,-1,-1,1.0000000000000026e-04,wind_direction:18.4_m:degrees
1488,-2,-2.0000000000000000e+00,-1.7999999999999999e-01,-1,-1,2.0000000000000573e-04,wind_direction:18.4_m:degrees
1489,-2,-2.0000000000000000e+00,-1.8125000000000002e-01,-1,-1,3.2760416666664793e-04,wind_direction:18.4_m:degrees
1490,-2,-2.0000000000000000e+00,-1.4350000000000002e-01,-1,-1,2.7275000000002991e-04,wind_direction:18.4_m:degrees
1491,2,2.7792500305175781e+02,-8.1010638297872348e-02,1493,1494,9.3674456767768068e-04,water_sfc_temperature:0_m:K
1492,-2,-2.0000000000000000e+00,-6.1020408163265309e-02,-1,-1,6.2548937942522639e-04,wind_direction:18.4_m:degrees
1493,-2,-2.0000000000000000e+00,-6.6774193548387109e-02,-1,-1,7.0249739854318267e-04,wind_direction:18.4_m:degrees
1494,4,1.6232427358627319e+00,-8.8015873015872992e-02,1495,1496,9.0320609725371651e-04,mixing_ratio:18.4_m:g_kg-1
1495,-2,-2.0000000000000000e+00,-1.2999999999999998e-01,-1,-1,7.0000000000000270e-04,wind_direction:18.4_m:degrees
1496,6,2.4150000000000000e+02,-8.3596491228070197e-02,1497,1498,7.1952139119729579e-04,wave_direction:0_m:degrees
1497,-2,-2.0000000000000000e+00,-8.6635514018691587e-02,-1,-1,5.9428771071708651e-04,wind_direction:18.4_m:degrees
1498,-2,-2.0000000000000000e+00,-3.7142857142857144e-02,-1,-1,3.3469387755108784e-04,wind_direction:18.4_m:degrees
1499,-2,-2.0000000000000000e+00,-5.7250000000000001e-01,-1,-1,1.8749999999956302e-05,wind_direction:18.4_m:degrees
1500,-2,-2.0000000000000000e+00,-6.5600000000000003e-01,-1,-1,1.8400000000001748e-04,wind_direction:18.4_m:degrees
1501,10,7.4010725021362305e+00,-6.7391304347826086e-02,1641,1642,8.6275992438562994e-04,wind_speed:18.4_m:m_s-1
1502,-2,-2.0000000000000000e+00,-1.2600000000000003e-01,-1,-1,5.4400000000000281e-04,wind_direction:18.4_m:degrees
1503,-2,-2.0000000000000000e+00,-5.1705882352941168e-01,-1,-1,1.0207612456747395e-03,wind_direction:18.4_m:degrees
1504,-2,-2.0000000000000000e+00,-6.0999999999999999e-01,-1,-1,-7.2164496600635175e-16,wind_direction:18.4_m:degrees
1505,-2,-2.0000000000000000e+00,-7.2599999999999998e-01,-1,-1,5.0400000000039302e-04,wind_direction:18.4_m:degrees
1506,-2,-2.0000000000000000e+00,-8.2999999999999996e-01,-1,-1,-2.2204460492503131e-16,wind_direction:18.4_m:degrees
1507,12,-4.7989904880523682e-02,-1.9122807017543864e-01,1991,1992,9.6866728224067472e-04,bulk_richardson:18.4_m:none
1508,9,8.8259235382080078e+01,-2.2350000000000003e-01,1509,1510,2.8727500000000489e-03,angle_between_wind_wave:0_m:degrees
1509,-2,-2.0000000000000000e+00,-1.6333333333333333e-01,-1,-1,9.8888888888888637e-04,wind_direction:18.4_m:degrees
1510,12,-1.4987004455178976e-02,-2.4928571428571428e-01,1511,1512,1.4637755102040600e-03,bulk_richardson:18.4_m:none
1511,-2,-2.0000000000000000e+00,-2.5923076923076926e-01,-1,-1,1.9171597633137194e-04,wind_direction:18.4_m:degrees
1512,-2,-2.0000000000000000e+00,-1.2000000000000000e-01,-1,-1,-5.7245874707234634e-17,wind_direction:18.4_m:degrees
1513,-2,-2.0000000000000000e+00,-5.2600000000000002e-01,-1,-1,9.8399999999998489e-04,wind_direction:18.4_m:degrees
1514,-2,-2.0000000000000000e+00,-3.9000000000000001e-01,-1,-1,-1.9428902930940239e-16,wind_direction:18.4_m:degrees
1515,-2,-2.0000000000000000e+00,-1.6399999999999998e-01,-1,-1,6.8400000000001099e-04,wind_direction:18.4_m:degrees
1516,-2,-2.0000000000000000e+00,-9.6000000000000002e-02,-1,-1,3.0399999999998657e-04,wind_direction:18.4_m:degrees
1517,-2,-2.0000000000000000e+00,-4.3333333333333335e-02,-1,-1,3.5555555555555579e-04,wind_direction:18.4_m:degrees
1518,-2,-2.0000000000000000e+00,-1.1818181818181819e-01,-1,-1,1.6088154269972357e-03,wind_direction:18.4_m:degrees
1519,-2,-2.0000000000000000e+00,-3.4599999999999997e-01,-1,-1,1.5040000000000331e-03,wind_direction:18.4_m:degrees
1520,-2,-2.0000000000000000e+00,-2.7909090909090911e-01,-1,-1,4.9917355371903449e-04,wind_direction:18.4_m:degrees
1521,-2,-2.0000000000000000e+00,-2.7235294117647063e-01,-1,-1,4.7681660899648315e-04,wind_direction:18.4_m:degrees
1522,-2,-2.0000000000000000e+00,-3.4999999999999992e-01,-1,-1,4.1633363423443370e-17,wind_direction:18.4_m:degrees
1523,5,5.6250000000000000e+01,-3.1421052631578944e-01,1647,1648,1.5612188365651120e-03,relative_humidity:18.4_m:%
1524,-2,-2.0000000000000000e+00,-2.5200000000000000e-01,-1,-1,1.7759999999999443e-03,wind_direction:18.4_m:degrees
1525,-2,-2.0000000000000000e+00,-1.4871428571428572e-01,-1,-1,1.5312040816326394e-03,wind_direction:18.4_m:degrees
1526,-2,-2.0000000000000000e+00,-5.9999999999999998e-02,-1,-1,9.4542429440735987e-17,wind_direction:18.4_m:degrees
1527,3,1.0086499938964844e+03,-1.4211111111111113e-01,1633,1634,1.6855432098765340e-03,pressure:18.4_m:hPa
1528,-2,-2.0000000000000000e+00,-9.0000000000000011e-02,-1,-1,3.9999999999992472e-04,wind_direction:18.4_m:degrees
1529,9,8.9500629425048828e+01,-1.8108695652173915e-01,1531,1532,1.5140359168242176e-03,angle_between_wind_wave:0_m:degrees
1530,11,3.0902000427246094e+02,-1.4799999999999999e-01,1733,1734,1.7259999999999671e-03,wind_direction:18.4_m:degrees
1531,-2,-2.0000000000000000e+00,-1.9958333333333333e-01,-1,-1,8.7065972222220150e-04,wind_direction:18.4_m:degrees
1532,-2,-2.0000000000000000e+00,-1.6090909090909092e-01,-1,-1,1.4355371900826759e-03,wind_direction:18.4_m:degrees
1533,12,-3.5775592550635338e-02,-1.3807692307692310e-01,1535,1536,2.1847633136094675e-03,bulk_richardson:18.4_m:none
1534,-2,-2.0000000000000000e+00,-1.0700000000000001e-01,-1,-1,8.8600000000000137e-04,wind_direction:18.4_m:degrees
1535,-2,-2.0000000000000000e+00,-2.2333333333333336e-01,-1,-1,6.8888888888888472e-04,wind_direction:18.4_m:degrees
1536,-2,-2.0000000000000000e+00,-1.2695652173913044e-01,-1,-1,1.3081285444234425e-03,wind_direction:18.4_m:degrees
1537,11,3.4826499938964844e+02,-3.1028037383177547e-02,1539,1540,6.2137304568084836e-04,wind_direction:18.4_m:degrees
1538,-2,-2.0000000000000000e+00,2.0000000000000000e-02,-1,-1,9.9999999999968712e-05,wind_direction:18.4_m:degrees
1539,12,-1.6549529880285263e-01,-2.9219512195121949e-02,1661,1662,4.8914693634741376e-04,bulk_richardson:18.4_m:none
1540,0,1.4276289367675781e+02,-7.2222222222222243e-02,1541,1542,1.8617283950617472e-03,zenith:0_m:degrees
1541,-2,-2.0000000000000000e+00,-4.9999999999999996e-02,-1,-1,1.7142857142856890e-04,wind_direction:18.4_m:degrees
1542,-2,-2.0000000000000000e+00,-1.4999999999999999e-01,-1,-1,6.9388939039072284e-18,wind_direction:18.4_m:degrees
1543,-2,-2.0000000000000000e+00,1.6666666666666666e-02,-1,-1,4.2222222222222232e-04,wind_direction:18.4_m:degrees
1544,-2,-2.0000000000000000e+00,-5.6363636363636366e-02,-1,-1,3.1404958677685915e-04,wind_direction:18.4_m:degrees
1545,-2,-2.0000000000000000e+00,-2.6000000000000001e-01,-1,-1,0.0000000000000000e+00,wind_direction:18.4_m:degrees
1546,-2,-2.0000000000000000e+00,-1.8294117647058825e-01,-1,-1,1.1148788927335604e-03,wind_direction:18.4_m:degrees
1547,10,1.9530731201171875e+01,-6.4900000000000002e-01,1643,1644,1.5089999999999826e-03,wind_speed:18.4_m:m_s-1
1548,-2,-2.0000000000000000e+00,-5.2000000000000002e-01,-1,-1,8.8817841970012523e-16,wind_direction:18.4_m:degrees
1549,-2,-2.0000000000000000e+00,-1.1769230769230768e-01,-1,-1,3.8698224852071195e-04,wind_direction:18.4_m:degrees
1550,11,2.7127000427246094e+02,-1.5812500000000004e-01,1843,1844,1.2589843749999975e-03,wind_direction:18.4_m:degrees
1551,-2,-2.0000000000000000e+00,-1.0814814814814813e-01,-1,-1,9.1138545953360801e-04,wind_direction:18.4_m:degrees
1552,-2,-2.0000000000000000e+00,-1.6800000000000001e-01,-1,-1,7.3600000000002483e-04,wind_direction:18.4_m:degrees
1553,-2,-2.0000000000000000e+00,-4.1999999999999998e-01,-1,-1,0.0000000000000000e+00,wind_direction:18.4_m:degrees
1554,10,1.4595372676849365e+01,-2.9545454545454553e-01,1739,1740,1.3278236914600755e-03,wind_speed:18.4_m:m_s-1
1555,5,4.7500000000000000e+01,-8.9382716049382735e-02,1893,1894,7.7369303459839250e-04,relative_humidity:18.4_m:%
1556,-2,-2.0000000000000000e+00,-1.0969696969696968e-01,-1,-1,5.5748393021120245e-04,wind_direction:18.4_m:degrees
1557,-2,-2.0000000000000000e+00,-2.5000000000000000e-01,-1,-1,1.0000000000000286e-04,wind_direction:18.4_m:degrees
1558,-2,-2.0000000000000000e+00,-1.4999999999999999e-01,-1,-1,2.0000000000000226e-04,wind_direction:18.4_m:degrees
1559,-2,-2.0000000000000000e+00,-1.6588235294117648e-01,-1,-1,8.0657439446368134e-04,wind_direction:18.4_m:degrees
1560,-2,-2.0000000000000000e+00,-2.2000000000000000e-01,-1,-1,4.0000000000001840e-04,wind_direction:18.4_m:degrees
1561,-2,-2.0000000000000000e+00,-5.8529411764705892e-02,-1,-1,4.4195501730103772e-04,wind_direction:18.4_m:degrees
1562,-2,-2.0000000000000000e+00,-8.6363636363636365e-02,-1,-1,4.1404958677686461e-04,wind_direction:18.4_m:degrees
1563,-2,-2.0000000000000000e+00,-3.0000000000000013e-02,-1,-1,3.6249999999999922e-04,wind_direction:18.4_m:degrees
1564,3,1.0006000061035156e+03,-4.5726141078838108e-02,1695,1696,3.8609097639503813e-04,pressure:18.4_m:hPa
1565,-2,-2.0000000000000000e+00,-1.0750000000000001e-01,-1,-1,7.4687499999999754e-04,wind_direction:18.4_m:degrees
1566,-2,-2.0000000000000000e+00,-1.6400000000000001e-01,-1,-1,6.2400000000007588e-04,wind_direction:18.4_m:degrees
1567,-2,-2.0000000000000000e+00,-5.3846153846153842e-02,-1,-1,7.3136094674556293e-04,wind_direction:18.4_m:degrees
1568,-2,-2.0000000000000000e+00,-9.4642857142857154e-02,-1,-1,8.4630102040816023e-04,wind_direction:18.4_m:degrees
1569,-2,-2.0000000000000000e+00,-4.6176470588235297e-01,-1,-1,1.0615916955017957e-03,wind_direction:18.4_m:degrees
1570,-2,-2.0000000000000000e+00,-4.0000000000000002e-01,-1,-1,1.5999999999979919e-04,wind_direction:18.4_m:degrees
1571,2,2.9221499633789062e+02,-4.7686567164179072e-02,1585,1586,5.1778235687235724e-04,water_sfc_temperature:0_m:K
1572,7,1.5500000119209290e+00,-3.6691957511380907e-02,1573,1574,5.5309327370986808e-04,wave_height:0_m:m
1573,12,-1.9112912006676197e-02,-3.5164152617568785e-02,1577,1578,5.0394377264041256e-04,bulk_richardson:18.4_m:none
1574,11,1.4029000091552734e+02,-4.5706806282722480e-02,1575,1576,7.4806063430274709e-04,wind_direction:18.4_m:degrees
1575,8,9.5000000000000000e+00,-1.1571428571428573e-01,1579,1580,2.9387755102040745e-03,wave_period:0_m:s
1576,5,9.5799999237060547e+01,-4.3043478260869544e-02,1865,1866,4.7117202268431532e-04,relative_humidity:18.4_m:%
1577,-2,-2.0000000000000000e+00,8.0000000000000002e-02,-1,-1,0.0000000000000000e+00,wind_direction:18.4_m:degrees
1578,8,5.9500000476837158e+00,-3.5368888888888846e-02,1581,1582,4.8121947654320330e-04,wave_period:0_m:s
1579,-2,-2.0000000000000000e+00,-1.4999999999999999e-01,-1,-1,0.0000000000000000e+00,wind_direction:18.4_m:degrees
1580,-2,-2.0000000000000000e+00,-2.9999999999999999e-02,-1,-1,-3.5778671692021646e-18,wind_direction:18.4_m:degrees
1581,11,1.0487500000000000e+02,-3.7417519908987437e-02,1589,1590,4.3371759976496352e-04,wind_direction:18.4_m:degrees
1582,5,6.9649997711181641e+01,-2.8048780487804847e-02,1583,1584,5.8237160420383273e-04,relative_humidity:18.4_m:%
1583,10,7.9893906116485596e+00,1.0588235294117647e-02,1833,1834,1.0290657439446368e-03,wind_speed:18.4_m:m_s-1
1584,11,9.9335002899169922e+01,-3.0917030567685563e-02,1587,1588,4.3016342175015944e-04,wind_direction:18.4_m:degrees
1585,-2,-2.0000000000000000e+00,-5.2477876106194671e-02,-1,-1,4.3633800610854648e-04,wind_direction:18.4_m:degrees
1586,-2,-2.0000000000000000e+00,-2.1904761904761906e-02,-1,-1,1.6780045351473771e-04,wind_direction:18.4_m:degrees
1587,-2,-2.0000000000000000e+00,-1.2000000000000000e-01,-1,-1,0.0000000000000000e+00,wind_direction:18.4_m:degrees
1588,-2,-2.0000000000000000e+00,-3.0132158590308350e-02,-1,-1,3.6341865745502749e-04,wind_direction:18.4_m:degrees
1589,-2,-2.0000000000000000e+00,-9.4736842105263147e-03,-1,-1,3.9445983379501393e-04,wind_direction:18.4_m:degrees
1590,-2,-2.0000000000000000e+00,-3.8034883720930175e-02,-1,-1,4.1695227149810541e-04,wind_direction:18.4_m:degrees
1591,-2,-2.0000000000000000e+00,-5.1500000000000001e-01,-1,-1,1.9249999999998435e-03,wind_direction:18.4_m:degrees
1592,-2,-2.0000000000000000e+00,-6.2000000000000000e-01,-1,-1,2.2204460492503131e-16,wind_direction:18.4_m:degrees
1593,9,8.9370944976806641e+01,-2.8999999999999998e-01,1921,1922,1.7263157894736869e-03,angle_between_wind_wave:0_m:degrees
1594,-2,-2.0000000000000000e+00,-2.0000000000000001e-01,-1,-1,-1.4571677198205180e-16,wind_direction:18.4_m:degrees
1595,-2,-2.0000000000000000e+00,-3.4736842105263155e-01,-1,-1,9.9833795013851145e-04,wind_direction:18.4_m:degrees
1596,-2,-2.0000000000000000e+00,-3.0904761904761907e-01,-1,-1,1.2752834467121277e-03,wind_direction:18.4_m:degrees
1597,-2,-2.0000000000000000e+00,-1.0400000000000001e-01,-1,-1,6.3999999999999647e-04,wind_direction:18.4_m:degrees
1598,-2,-2.0000000000000000e+00,-6.8636363636363662e-02,-1,-1,4.8450413223139789e-04,wind_direction:18.4_m:degrees
1599,-2,-2.0000000000000000e+00,-2.8785714285714287e-01,-1,-1,4.1683673469387894e-04,wind_direction:18.4_m:degrees
1600,10,1.3169066429138184e+01,-3.2999999999999996e-01,1601,1602,1.5299999999999897e-03,wind_speed:18.4_m:m_s-1
1601,-2,-2.0000000000000000e+00,-3.4857142857142859e-01,-1,-1,9.1224489795926900e-04,wind_direction:18.4_m:degrees
1602,-2,-2.0000000000000000e+00,-2.8666666666666668e-01,-1,-1,2.8888888888878306e-04,wind_direction:18.4_m:degrees
1603,-2,-2.0000000000000000e+00,-2.6682926829268275e-02,-1,-1,3.0899702558001183e-04,wind_direction:18.4_m:degrees
1604,-2,-2.0000000000000000e+00,-6.9565217391304350e-03,-1,-1,5.3421550094518312e-04,wind_direction:18.4_m:degrees
1605,-2,-2.0000000000000000e+00,-3.5499999999999998e-01,-1,-1,6.7500000000000893e-04,wind_direction:18.4_m:degrees
1606,-2,-2.0000000000000000e+00,-2.7400000000000002e-01,-1,-1,8.6399999999998978e-04,wind_direction:18.4_m:degrees
1607,-2,-2.0000000000000000e+00,-5.8333333333333320e-02,-1,-1,5.2746913580247216e-04,wind_direction:18.4_m:degrees
1608,-2,-2.0000000000000000e+00,-1.8999999999999996e-02,-1,-1,7.0900000000005063e-04,wind_direction:18.4_m:degrees
1609,-2,-2.0000000000000000e+00,-2.4086021505376354e-02,-1,-1,6.8437969707480612e-04,wind_direction:18.4_m:degrees
1610,-2,-2.0000000000000000e+00,-1.4634146341463415e-03,-1,-1,8.4176085663295835e-04,wind_direction:18.4_m:degrees
1611,-2,-2.0000000000000000e+00,-6.8888888888888888e-02,-1,-1,5.8765432098764614e-04,wind_direction:18.4_m:degrees
1612,-2,-2.0000000000000000e+00,-1.2750000000000000e-01,-1,-1,9.3750000000003553e-05,wind_direction:18.4_m:degrees
1613,-2,-2.0000000000000000e+00,-1.2500000000000003e-01,-1,-1,1.0999999999999968e-03,wind_direction:18.4_m:degrees
1614,-2,-2.0000000000000000e+00,-1.7416666666666666e-01,-1,-1,1.0409722222222209e-03,wind_direction:18.4_m:degrees
1615,-2,-2.0000000000000000e+00,-2.7333333333333332e-01,-1,-1,3.2222222222223762e-04,wind_direction:18.4_m:degrees
1616,-2,-2.0000000000000000e+00,-1.7499999999999999e-01,-1,-1,2.2500000000001338e-04,wind_direction:18.4_m:degrees
1617,-2,-2.0000000000000000e+00,-1.0142857142857144e-01,-1,-1,3.8367346938775540e-04,wind_direction:18.4_m:degrees
1618,-2,-2.0000000000000000e+00,-5.0000000000000001e-03,-1,-1,2.5000000000001387e-05,wind_direction:18.4_m:degrees
1619,-2,-2.0000000000000000e+00,-4.5250000000000001e-01,-1,-1,4.6874999999999001e-04,wind_direction:18.4_m:degrees
1620,-2,-2.0000000000000000e+00,-3.6749999999999994e-01,-1,-1,1.8749999999984057e-05,wind_direction:18.4_m:degrees
1621,-2,-2.0000000000000000e+00,-2.0999999999999999e-01,-1,-1,1.0000000000000009e-03,wind_direction:18.4_m:degrees
1622,-2,-2.0000000000000000e+00,-1.5076923076923077e-01,-1,-1,1.7455621301775102e-03,wind_direction:18.4_m:degrees
1623,-2,-2.0000000000000000e+00,-2.9999999999999999e-01,-1,-1,0.0000000000000000e+00,wind_direction:18.4_m:degrees
1624,-2,-2.0000000000000000e+00,-4.1999999999999998e-01,-1,-1,0.0000000000000000e+00,wind_direction:18.4_m:degrees
1625,-2,-2.0000000000000000e+00,-2.1333333333333337e-01,-1,-1,4.2222222222221273e-04,wind_direction:18.4_m:degrees
1626,-2,-2.0000000000000000e+00,-2.7333333333333337e-01,-1,-1,1.4888888888889007e-03,wind_direction:18.4_m:degrees
1627,-2,-2.0000000000000000e+00,-2.1492537313432841e-02,-1,-1,4.4553352639786125e-04,wind_direction:18.4_m:degrees
1628,-2,-2.0000000000000000e+00,-4.0344827586206902e-02,-1,-1,3.5160523186683092e-04,wind_direction:18.4_m:degrees
1629,-2,-2.0000000000000000e+00,-7.5000000000000011e-02,-1,-1,7.4999999999998679e-05,wind_direction:18.4_m:degrees
1630,-2,-2.0000000000000000e+00,-1.4285714285714285e-01,-1,-1,7.6326530612242857e-04,wind_direction:18.4_m:degrees
1631,-2,-2.0000000000000000e+00,-6.7272727272727276e-02,-1,-1,2.9256198347107389e-04,wind_direction:18.4_m:degrees
1632,-2,-2.0000000000000000e+00,-2.4000000000000004e-02,-1,-1,2.3999999999999976e-04,wind_direction:18.4_m:degrees
1633,6,2.1200000000000000e+02,-1.5264150943396229e-01,1799,1800,1.2760412958348101e-03,wave_direction:0_m:degrees
1634,8,7.5000000000000000e+00,-1.2702702702702703e-01,1635,1636,1.8857560262965471e-03,wave_period:0_m:s
1635,11,3.4096499633789062e+02,-1.3454545454545455e-01,1637,1638,1.5581267217630902e-03,wind_direction:18.4_m:degrees
1636,-2,-2.0000000000000000e+00,-6.5000000000000002e-02,-1,-1,2.7499999999998359e-04,wind_direction:18.4_m:degrees
1637,-2,-2.0000000000000000e+00,-1.2666666666666665e-01,-1,-1,1.0222222222222299e-03,wind_direction:18.4_m:degrees
1638,-2,-2.0000000000000000e+00,-2.1333333333333335e-01,-1,-1,8.8888888888818962e-05,wind_direction:18.4_m:degrees
1639,-2,-2.0000000000000000e+00,-4.1818181818181831e-02,-1,-1,1.8760330578512330e-04,wind_direction:18.4_m:degrees
1640,-2,-2.0000000000000000e+00,-7.2037037037037052e-02,-1,-1,9.2733196159122851e-04,wind_direction:18.4_m:degrees
1641,-2,-2.0000000000000000e+00,-1.4999999999999999e-01,-1,-1,0.0000000000000000e+00,wind_direction:18.4_m:degrees
1642,-2,-2.0000000000000000e+00,-6.3636363636363658e-02,-1,-1,5.7768595041322174e-04,wind_direction:18.4_m:degrees
1643,-2,-2.0000000000000000e+00,-6.2428571428571433e-01,-1,-1,1.1020408163264772e-04,wind_direction:18.4_m:degrees
1644,-2,-2.0000000000000000e+00,-7.0666666666666667e-01,-1,-1,2.2222222222145760e-05,wind_direction:18.4_m:degrees
1645,-2,-2.0000000000000000e+00,-5.6097560975609785e-02,-1,-1,3.8477096966091319e-04,wind_direction:18.4_m:degrees
1646,-2,-2.0000000000000000e+00,-7.6035714285714262e-02,-1,-1,4.2321301020407324e-04,wind_direction:18.4_m:degrees
1647,-2,-2.0000000000000000e+00,-3.5000000000000003e-01,-1,-1,1.5428571428571097e-03,wind_direction:18.4_m:degrees
1648,-2,-2.0000000000000000e+00,-2.9333333333333333e-01,-1,-1,3.8888888888891082e-04,wind_direction:18.4_m:degrees
1649,-2,-2.0000000000000000e+00,-1.2700000000000003e-01,-1,-1,1.1409999999999927e-03,wind_direction:18.4_m:degrees
1650,9,8.9123603820800781e+01,-8.4594594594594591e-02,1651,1652,7.9780861943023942e-04,angle_between_wind_wave:0_m:degrees
1651,-2,-2.0000000000000000e+00,-5.2727272727272734e-02,-1,-1,2.9256198347107389e-04,wind_direction:18.4_m:degrees
1652,-2,-2.0000000000000000e+00,-9.8076923076923103e-02,-1,-1,4.0014792899408305e-04,wind_direction:18.4_m:degrees
1653,-2,-2.0000000000000000e+00,-1.1333333333333336e-01,-1,-1,3.4814814814814778e-04,wind_direction:18.4_m:degrees
1654,-2,-2.0000000000000000e+00,-8.3750000000000005e-02,-1,-1,4.7343750000000163e-04,wind_direction:18.4_m:degrees
1655,-2,-2.0000000000000000e+00,-1.1000000000000000e-01,-1,-1,0.0000000000000000e+00,wind_direction:18.4_m:degrees
1656,3,1.0131499938964844e+03,-1.7236842105263159e-01,1657,1658,1.7128116343490159e-03,pressure:18.4_m:hPa
1657,11,3.2210000610351562e+02,-1.8653846153846157e-01,1911,1912,1.6380177514792871e-03,wind_direction:18.4_m:degrees
1658,-2,-2.0000000000000000e+00,-1.4166666666666666e-01,-1,-1,4.9722222222219753e-04,wind_direction:18.4_m:degrees
1659,6,2.3350000000000000e+02,-1.6114285714285717e-01,1811,1812,1.3815510204081526e-03,wave_direction:0_m:degrees
1660,-2,-2.0000000000000000e+00,-7.4999999999999997e-02,-1,-1,2.2500000000017298e-04,wind_direction:18.4_m:degrees
1661,-2,-2.0000000000000000e+00,-3.3846153846153818e-02,-1,-1,4.6213017751479241e-04,wind_direction:18.4_m:degrees
1662,-2,-2.0000000000000000e+00,-1.4489795918367351e-02,-1,-1,2.9004581424406644e-04,wind_direction:18.4_m:degrees
1663,12,-1.2831124477088451e-02,-9.4776119402985082e-02,1665,1666,8.0554689240365691e-04,bulk_richardson:18.4_m:none
1664,-2,-2.0000000000000000e+00,-1.2444444444444445e-01,-1,-1,4.1358024691357832e-04,wind_direction:18.4_m:degrees
1665,9,8.9530990600585938e+01,-1.1869565217391305e-01,2029,2030,1.3243856332703242e-03,angle_between_wind_wave:0_m:degrees
1666,11,2.7355500793457031e+02,-8.9819819819819791e-02,1851,1852,5.5492249005761884e-04,wind_direction:18.4_m:degrees
1667,3,1.0246999816894531e+03,-2.9076923076923078e-01,1979,1980,1.5301775147928964e-03,pressure:18.4_m:hPa
1668,6,1.9250000000000000e+02,-2.4777777777777776e-01,1669,1670,2.1728395061727593e-03,wave_direction:0_m:degrees
1669,-2,-2.0000000000000000e+00,-2.0166666666666666e-01,-1,-1,4.4722222222223079e-04,wind_direction:18.4_m:degrees
1670,-2,-2.0000000000000000e+00,-2.7083333333333331e-01,-1,-1,1.4409722222222254e-03,wind_direction:18.4_m:degrees
1671,11,3.1451499938964844e+02,-6.1499999999999992e-02,1673,1674,8.5941666666667065e-04,wind_direction:18.4_m:degrees
1672,-2,-2.0000000000000000e+00,-4.4782608695652183e-02,-1,-1,5.4669187145558063e-04,wind_direction:18.4_m:degrees
1673,3,1.0294000244140625e+03,-7.5616438356164398e-02,1675,1676,9.3146931882153935e-04,pressure:18.4_m:hPa
1674,-2,-2.0000000000000000e+00,-5.1869158878504650e-02,-1,-1,5.8155297405887603e-04,wind_direction:18.4_m:degrees
1675,-2,-2.0000000000000000e+00,-6.9076923076923077e-02,-1,-1,6.3607100591715499e-04,wind_direction:18.4_m:degrees
1676,-2,-2.0000000000000000e+00,-1.2875000000000000e-01,-1,-1,1.6093750000002391e-04,wind_direction:18.4_m:degrees
1677,-2,-2.0000000000000000e+00,-1.5714285714285717e-01,-1,-1,5.0612244897958736e-04,wind_direction:18.4_m:degrees
1678,10,1.2631388187408447e+01,-2.0666666666666669e-01,1679,1680,1.6422222222222185e-03,wind_speed:18.4_m:m_s-1
1679,-2,-2.0000000000000000e+00,-1.8200000000000000e-01,-1,-1,1.1626666666666730e-03,wind_direction:18.4_m:degrees
1680,-2,-2.0000000000000000e+00,-2.3133333333333334e-01,-1,-1,9.0488888888884400e-04,wind_direction:18.4_m:degrees
1681,1,1.2410696792602539e+02,-3.5177304964538990e-02,1683,1684,1.7185855842261483e-03,azimuth:0_m:degrees
1682,10,6.4267370700836182e+00,-4.9606299212598411e-02,1775,1776,7.2661665323330927e-04,wind_speed:18.4_m:m_s-1
1683,-2,-2.0000000000000000e+00,-1.5333333333333335e-01,-1,-1,5.5555555555555566e-04,wind_direction:18.4_m:degrees
1684,6,2.2850000000000000e+02,-3.2608695652173891e-02,1685,1686,1.4337744171392570e-03,wave_direction:0_m:degrees
1685,5,5.0650001525878906e+01,-1.1875000000000005e-02,1687,1688,1.9194010416666669e-03,relative_humidity:18.4_m:%
1686,0,5.1294851303100586e+01,-4.3666666666666680e-02,1895,1896,8.2322222222222779e-04,zenith:0_m:degrees
1687,6,2.2550000000000000e+02,2.4705882352941175e-02,1689,1690,2.6719723183391006e-03,wave_direction:0_m:degrees
1688,-2,-2.0000000000000000e+00,-3.1935483870967750e-02,-1,-1,3.7044745057232043e-04,wind_direction:18.4_m:degrees
1689,-2,-2.0000000000000000e+00,8.3333333333333404e-04,-1,-1,1.0743055555555558e-03,wind_direction:18.4_m:degrees
1690,-2,-2.0000000000000000e+00,8.2000000000000003e-02,-1,-1,1.8560000000000000e-03,wind_direction:18.4_m:degrees
1691,-2,-2.0000000000000000e+00,-1.9809523809523810e-01,-1,-1,1.4154195011337745e-03,wind_direction:18.4_m:degrees
1692,-2,-2.0000000000000000e+00,-1.5111111111111108e-01,-1,-1,1.0765432098765425e-03,wind_direction:18.4_m:degrees
1693,-2,-2.0000000000000000e+00,-1.1000000000000000e-01,-1,-1,4.0000000000000105e-04,wind_direction:18.4_m:degrees
1694,-2,-2.0000000000000000e+00,-2.5000000000000008e-02,-1,-1,4.0499999999999976e-04,wind_direction:18.4_m:degrees
1695,-2,-2.0000000000000000e+00,-7.0000000000000021e-02,-1,-1,7.1304347826086842e-04,wind_direction:18.4_m:degrees
1696,12,1.0035543702542782e-02,-4.5132837407013744e-02,1809,1810,3.6334579736889069e-04,bulk_richardson:18.4_m:none
1697,-2,-2.0000000000000000e+00,-1.3409090909090909e-01,-1,-1,2.9690082644628218e-04,wind_direction:18.4_m:degrees
1698,-2,-2.0000000000000000e+00,-1.8833333333333335e-01,-1,-1,4.7222222222198518e-05,wind_direction:18.4_m:degrees
1699,-2,-2.0000000000000000e+00,-3.8600000000000001e-01,-1,-1,1.7039999999999833e-03,wind_direction:18.4_m:degrees
1700,-2,-2.0000000000000000e+00,-4.6499999999999997e-01,-1,-1,2.2500000000003073e-04,wind_direction:18.4_m:degrees
1701,-2,-2.0000000000000000e+00,-4.0000000000000002e-01,-1,-1,0.0000000000000000e+00,wind_direction:18.4_m:degrees
1702,-2,-2.0000000000000000e+00,-5.2571428571428569e-01,-1,-1,6.5306122448988146e-04,wind_direction:18.4_m:degrees
1703,-2,-2.0000000000000000e+00,-3.2000000000000001e-02,-1,-1,6.5600000000000077e-04,wind_direction:18.4_m:degrees
1704,-2,-2.0000000000000000e+00,-4.9056603773584916e-02,-1,-1,4.2929868280527092e-04,wind_direction:18.4_m:degrees
1705,-2,-2.0000000000000000e+00,-1.9300000000000000e-01,-1,-1,8.9100000000000290e-04,wind_direction:18.4_m:degrees
1706,-2,-2.0000000000000000e+00,-1.5896551724137928e-01,-1,-1,1.0851367419738092e-03,wind_direction:18.4_m:degrees
1707,-2,-2.0000000000000000e+00,-7.4000000000000010e-02,-1,-1,5.4400000000000021e-04,wind_direction:18.4_m:degrees
1708,1,2.5147685241699219e+02,-3.2307692307692308e-02,1709,1710,1.7869822485207063e-03,azimuth:0_m:degrees
1709,-2,-2.0000000000000000e+00,-4.9090909090909095e-02,-1,-1,2.8099173553718972e-04,wind_direction:18.4_m:degrees
1710,-2,-2.0000000000000000e+00,5.9999999999999998e-02,-1,-1,-8.6736173798840355e-19,wind_direction:18.4_m:degrees
1711,-2,-2.0000000000000000e+00,-1.5250000000000000e-01,-1,-1,6.1875000000000124e-04,wind_direction:18.4_m:degrees
1712,-2,-2.0000000000000000e+00,-2.1999999999999997e-01,-1,-1,1.0499999999999954e-03,wind_direction:18.4_m:degrees
1713,-2,-2.0000000000000000e+00,-4.0000000000000001e-02,-1,-1,6.6666666666666697e-05,wind_direction:18.4_m:degrees
1714,-2,-2.0000000000000000e+00,-1.0851063829787232e-01,-1,-1,4.9352648257130344e-04,wind_direction:18.4_m:degrees
1715,-2,-2.0000000000000000e+00,-1.0142857142857144e-01,-1,-1,7.8367346938775645e-04,wind_direction:18.4_m:degrees
1716,-2,-2.0000000000000000e+00,-1.5238095238095234e-01,-1,-1,9.3242630385488232e-04,wind_direction:18.4_m:degrees
1717,0,9.0767051696777344e+01,-1.0666666666666666e-01,1771,1772,7.4343434343434288e-04,zenith:0_m:degrees
1718,2,2.7430999755859375e+02,-8.0588235294117669e-02,1719,1720,1.3388696655132733e-03,water_sfc_temperature:0_m:K
1719,-2,-2.0000000000000000e+00,-1.0000000000000000e-02,-1,-1,-1.3552527156068805e-20,wind_direction:18.4_m:degrees
1720,1,1.0586803817749023e+02,-8.4999999999999978e-02,1721,1722,1.0916666666666653e-03,azimuth:0_m:degrees
1721,9,8.9227741241455078e+01,-1.0882352941176471e-01,1859,1860,1.2456747404844277e-03,angle_between_wind_wave:0_m:degrees
1722,-2,-2.0000000000000000e+00,-7.1935483870967737e-02,-1,-1,5.2528616024974384e-04,wind_direction:18.4_m:degrees
1723,11,3.1042500305175781e+02,-3.6435897435897435e-01,1729,1730,2.1733070348453620e-03,wind_direction:18.4_m:degrees
1724,11,3.1148500061035156e+02,-3.3518518518518520e-01,1725,1726,3.2323731138547002e-03,wind_direction:18.4_m:degrees
1725,7,1.6500000357627869e+00,-3.2730769230769230e-01,1727,1728,1.6812130177514401e-03,wave_height:0_m:m
1726,-2,-2.0000000000000000e+00,-5.4000000000000004e-01,-1,-1,1.2212453270876722e-15,wind_direction:18.4_m:degrees
1727,-2,-2.0000000000000000e+00,-2.9727272727272724e-01,-1,-1,1.0380165289256282e-03,wind_direction:18.4_m:degrees
1728,-2,-2.0000000000000000e+00,-3.4933333333333333e-01,-1,-1,1.0062222222222417e-03,wind_direction:18.4_m:degrees
1729,5,3.3450000762939453e+01,-3.7027777777777771e-01,1731,1732,1.8693672839506514e-03,relative_humidity:18.4_m:%
1730,-2,-2.0000000000000000e+00,-2.9333333333333339e-01,-1,-1,3.5555555555505380e-04,wind_direction:18.4_m:degrees
1731,-2,-2.0000000000000000e+00,-2.5000000000000000e-01,-1,-1,0.0000000000000000e+00,wind_direction:18.4_m:degrees
1732,0,1.4914007568359375e+02,-3.7371428571428578e-01,1769,1770,1.4976326530612705e-03,zenith:0_m:degrees
1733,1,3.2631631469726562e+02,-1.3705882352941179e-01,1937,1938,1.2325259515570952e-03,azimuth:0_m:degrees
1734,-2,-2.0000000000000000e+00,-2.0999999999999999e-01,-1,-1,4.1633363423443370e-17,wind_direction:18.4_m:degrees
1735,-2,-2.0000000000000000e+00,-1.1983050847457627e-01,-1,-1,3.8471703533467412e-04,wind_direction:18.4_m:degrees
1736,-2,-2.0000000000000000e+00,-1.0127118644067797e-01,-1,-1,6.8567222062627074e-04,wind_direction:18.4_m:degrees
1737,-2,-2.0000000000000000e+00,-1.2304347826086955e-01,-1,-1,6.3856332703214440e-04,wind_direction:18.4_m:degrees
1738,-2,-2.0000000000000000e+00,-1.5428571428571430e-01,-1,-1,8.8734693877550244e-04,wind_direction:18.4_m:degrees
1739,-2,-2.0000000000000000e+00,-2.9187500000000000e-01,-1,-1,9.4648437499995908e-04,wind_direction:18.4_m:degrees
1740,-2,-2.0000000000000000e+00,-4.0999999999999998e-01,-1,-1,-1.9428902930940239e-16,wind_direction:18.4_m:degrees
1741,-2,-2.0000000000000000e+00,-9.5555555555555546e-02,-1,-1,3.1358024691357893e-04,wind_direction:18.4_m:degrees
1742,-2,-2.0000000000000000e+00,-1.4000000000000001e-01,-1,-1,9.6363636363636443e-04,wind_direction:18.4_m:degrees
1743,-2,-2.0000000000000000e+00,-1.9000000000000003e-01,-1,-1,-1.3877787807814457e-17,wind_direction:18.4_m:degrees
1744,0,1.2651087188720703e+02,-2.6076923076923075e-01,1745,1746,2.0686390532544535e-03,zenith:0_m:degrees
1745,8,5.0499999523162842e+00,-2.3933333333333331e-01,1747,1748,1.5928888888889076e-03,wave_period:0_m:s
1746,-2,-2.0000000000000000e+00,-2.9000000000000004e-01,-1,-1,1.2363636363636465e-03,wind_direction:18.4_m:degrees
1747,-2,-2.0000000000000000e+00,-2.2000000000000000e-01,-1,-1,2.7272727272727171e-04,wind_direction:18.4_m:degrees
1748,-2,-2.0000000000000000e+00,-2.9249999999999998e-01,-1,-1,1.3687500000000158e-03,wind_direction:18.4_m:degrees
1749,-2,-2.0000000000000000e+00,-1.4250000000000002e-01,-1,-1,1.3687499999999984e-03,wind_direction:18.4_m:degrees
1750,-2,-2.0000000000000000e+00,-8.4016393442622975e-02,-1,-1,5.2977022305831980e-04,wind_direction:18.4_m:degrees
1751,9,9.0866718292236328e+01,-4.5966850828729255e-02,1753,1754,6.3511492323189587e-04,angle_between_wind_wave:0_m:degrees
1752,-2,-2.0000000000000000e+00,-5.9179104477611939e-02,-1,-1,4.4186344397417017e-04,wind_direction:18.4_m:degrees
1753,-2,-2.0000000000000000e+00,-4.4488636363636334e-02,-1,-1,5.7360214359504415e-04,wind_direction:18.4_m:degrees
1754,-2,-2.0000000000000000e+00,-9.8000000000000004e-02,-1,-1,1.5999999999963960e-05,wind_direction:18.4_m:degrees
1755,-2,-2.0000000000000000e+00,-7.1632653061224488e-02,-1,-1,7.8917117867555262e-04,wind_direction:18.4_m:degrees
1756,-2,-2.0000000000000000e+00,-4.5312500000000006e-02,-1,-1,6.8115234375000109e-04,wind_direction:18.4_m:degrees
1757,-2,-2.0000000000000000e+00,-1.7692307692307693e-01,-1,-1,1.2982248520710046e-03,wind_direction:18.4_m:degrees
1758,1,4.2232007980346680e+01,-1.3526315789473686e-01,1759,1760,1.7301939058171900e-03,azimuth:0_m:degrees
1759,-2,-2.0000000000000000e+00,-1.8800000000000000e-01,-1,-1,8.9600000000000096e-04,wind_direction:18.4_m:degrees
1760,-2,-2.0000000000000000e+00,-1.1642857142857142e-01,-1,-1,6.8010204081632615e-04,wind_direction:18.4_m:degrees
1761,-2,-2.0000000000000000e+00,-8.0217391304347810e-02,-1,-1,5.4125708884688456e-04,wind_direction:18.4_m:degrees
1762,-2,-2.0000000000000000e+00,-4.8000000000000008e-02,-1,-1,1.7600000000001165e-04,wind_direction:18.4_m:degrees
1763,-2,-2.0000000000000000e+00,1.1000000000000000e-01,-1,-1,0.0000000000000000e+00,wind_direction:18.4_m:degrees
1764,-2,-2.0000000000000000e+00,1.0000000000000000e-02,-1,-1,8.9999999999999781e-04,wind_direction:18.4_m:degrees
1765,-2,-2.0000000000000000e+00,-7.7333333333333343e-01,-1,-1,2.2222222222256782e-05,wind_direction:18.4_m:degrees
1766,-2,-2.0000000000000000e+00,-6.4000000000000001e-01,-1,-1,0.0000000000000000e+00,wind_direction:18.4_m:degrees
1767,-2,-2.0000000000000000e+00,-1.7000000000000004e-01,-1,-1,9.1764705882354039e-04,wind_direction:18.4_m:degrees
1768,-2,-2.0000000000000000e+00,-1.2400000000000000e-01,-1,-1,1.5239999999999854e-03,wind_direction:18.4_m:degrees
1769,-2,-2.0000000000000000e+00,-3.7968750000000001e-01,-1,-1,1.2030273437499683e-03,wind_direction:18.4_m:degrees
1770,-2,-2.0000000000000000e+00,-3.1000000000000000e-01,-1,-1,1.9999999999945062e-04,wind_direction:18.4_m:degrees
1771,-2,-2.0000000000000000e+00,-8.9473684210526316e-02,-1,-1,3.7340720221607643e-04,wind_direction:18.4_m:degrees
1772,-2,-2.0000000000000000e+00,-1.3000000000000000e-01,-1,-1,2.9999999999998084e-04,wind_direction:18.4_m:degrees
1773,-2,-2.0000000000000000e+00,-1.9999999999999998e-01,-1,-1,4.7272727272728438e-04,wind_direction:18.4_m:degrees
1774,-2,-2.0000000000000000e+00,-2.4217391304347827e-01,-1,-1,8.8657844990543827e-04,wind_direction:18.4_m:degrees
1775,-2,-2.0000000000000000e+00,-4.4807692307692312e-02,-1,-1,5.2303994082840291e-04,wind_direction:18.4_m:degrees
1776,5,6.6350002288818359e+01,-7.1304347826086939e-02,1777,1778,1.0722117202268512e-03,relative_humidity:18.4_m:%
1777,-2,-2.0000000000000000e+00,-9.1428571428571428e-02,-1,-1,6.8367346938776226e-04,wind_direction:18.4_m:degrees
1778,-2,-2.0000000000000000e+00,-4.0000000000000008e-02,-1,-1,6.6666666666665179e-05,wind_direction:18.4_m:degrees
1779,-2,-2.0000000000000000e+00,-1.1566484517304151e-02,-1,-1,3.2067909529165546e-04,wind_direction:18.4_m:degrees
1780,-2,-2.0000000000000000e+00,-2.3846153846153850e-02,-1,-1,5.4097633136094929e-04,wind_direction:18.4_m:degrees
1781,-2,-2.0000000000000000e+00,4.0000000000000001e-02,-1,-1,-2.1684043449710089e-19,wind_direction:18.4_m:degrees
1782,-2,-2.0000000000000000e+00,-3.2857142857142856e-02,-1,-1,4.0612244897959187e-04,wind_direction:18.4_m:degrees
1783,-2,-2.0000000000000000e+00,-1.3428571428571429e-01,-1,-1,7.9591836734694416e-04,wind_direction:18.4_m:degrees
1784,0,1.1529625701904297e+02,-1.8320000000000000e-01,1785,1786,1.6617600000000052e-03,zenith:0_m:degrees
1785,-2,-2.0000000000000000e+00,-2.1555555555555556e-01,-1,-1,1.0691358024691316e-03,wind_direction:18.4_m:degrees
1786,7,1.3500000238418579e+00,-1.6500000000000001e-01,1909,1910,1.0749999999999961e-03,wave_height:0_m:m
1787,-2,-2.0000000000000000e+00,-3.6249999999999998e-02,-1,-1,1.4843750000000035e-04,wind_direction:18.4_m:degrees
1788,-2,-2.0000000000000000e+00,-7.7835820895522420e-02,-1,-1,5.0949543328135481e-04,wind_direction:18.4_m:degrees
1789,-2,-2.0000000000000000e+00,-3.7000000000000000e-01,-1,-1,0.0000000000000000e+00,wind_direction:18.4_m:degrees
1790,6,2.2500000000000000e+02,-2.8399999999999997e-01,1791,1792,1.4373333333333460e-03,wave_direction:0_m:degrees
1791,-2,-2.0000000000000000e+00,-3.3499999999999996e-01,-1,-1,6.7500000000002280e-04,wind_direction:18.4_m:degrees
1792,-2,-2.0000000000000000e+00,-2.6545454545454544e-01,-1,-1,4.2479338842976722e-04,wind_direction:18.4_m:degrees
1793,-2,-2.0000000000000000e+00,-1.1285714285714286e-01,-1,-1,1.3204081632653044e-03,wind_direction:18.4_m:degrees
1794,-2,-2.0000000000000000e+00,-7.5000000000000011e-02,-1,-1,7.1730769230769070e-04,wind_direction:18.4_m:degrees
1795,-2,-2.0000000000000000e+00,-1.0681818181818184e-01,-1,-1,8.4442148760330640e-04,wind_direction:18.4_m:degrees
1796,-2,-2.0000000000000000e+00,-7.0769230769230779e-02,-1,-1,1.0071005917159821e-03,wind_direction:18.4_m:degrees
1797,-2,-2.0000000000000000e+00,-5.7500000000000002e-02,-1,-1,3.6875000000000015e-04,wind_direction:18.4_m:degrees
1798,-2,-2.0000000000000000e+00,1.1111111111111110e-02,-1,-1,6.7654320987654338e-04,wind_direction:18.4_m:degrees
1799,-2,-2.0000000000000000e+00,-1.4879999999999999e-01,-1,-1,1.0905599999999904e-03,wind_direction:18.4_m:degrees
1800,-2,-2.0000000000000000e+00,-2.1666666666666667e-01,-1,-1,2.2222222222249843e-05,wind_direction:18.4_m:degrees
1801,5,4.9549999237060547e+01,-5.3111111111111109e-01,1915,1916,1.6765432098764244e-03,relative_humidity:18.4_m:%
1802,-2,-2.0000000000000000e+00,-5.8857142857142863e-01,-1,-1,6.1224489795946857e-04,wind_direction:18.4_m:degrees
1803,5,9.8149997711181641e+01,-3.3112840466926030e-02,1805,1806,1.1272752047722183e-03,relative_humidity:18.4_m:%
1804,-2,-2.0000000000000000e+00,-2.4981992797118734e-02,-1,-1,2.1803689062660091e-04,wind_direction:18.4_m:degrees
1805,-2,-2.0000000000000000e+00,-2.9919354838709646e-02,-1,-1,3.9354188345473847e-04,wind_direction:18.4_m:degrees
1806,7,1.0999999642372131e+00,-1.2111111111111111e-01,1807,1808,1.3320987654320991e-02,wave_height:0_m:m
1807,-2,-2.0000000000000000e+00,-2.8000000000000003e-01,-1,-1,0.0000000000000000e+00,wind_direction:18.4_m:degrees
1808,-2,-2.0000000000000000e+00,-4.1666666666666664e-02,-1,-1,1.0472222222222259e-03,wind_direction:18.4_m:degrees
1809,-2,-2.0000000000000000e+00,-4.7868852459016342e-02,-1,-1,3.4627788228971772e-04,wind_direction:18.4_m:degrees
1810,-2,-2.0000000000000000e+00,-4.0090634441087548e-02,-1,-1,3.5558090926514612e-04,wind_direction:18.4_m:degrees
1811,-2,-2.0000000000000000e+00,-1.4449999999999999e-01,-1,-1,8.5475000000000828e-04,wind_direction:18.4_m:degrees
1812,-2,-2.0000000000000000e+00,-1.8333333333333329e-01,-1,-1,1.2222222222221871e-03,wind_direction:18.4_m:degrees
1813,-2,-2.0000000000000000e+00,-5.4000000000000004e-01,-1,-1,0.0000000000000000e+00,wind_direction:18.4_m:degrees
1814,-2,-2.0000000000000000e+00,-4.5384615384615390e-01,-1,-1,8.2366863905319887e-04,wind_direction:18.4_m:degrees
1815,1,1.2193056869506836e+02,-1.0470588235294119e-01,1819,1820,1.2602076124567443e-03,azimuth:0_m:degrees
1816,0,1.4828379821777344e+02,-1.2767441860465126e-01,1817,1818,1.4504056246619802e-03,zenith:0_m:degrees
1817,12,-1.5404935926198959e-01,-1.3698412698412699e-01,1821,1822,1.3829680020155978e-03,bulk_richardson:18.4_m:none
1818,-2,-2.0000000000000000e+00,-1.0217391304347827e-01,-1,-1,7.4744801512285387e-04,wind_direction:18.4_m:degrees
1819,-2,-2.0000000000000000e+00,-8.3684210526315778e-02,-1,-1,7.0747922437672597e-04,wind_direction:18.4_m:degrees
1820,-2,-2.0000000000000000e+00,-1.3133333333333333e-01,-1,-1,6.9155555555555637e-04,wind_direction:18.4_m:degrees
1821,-2,-2.0000000000000000e+00,-1.7888888888888890e-01,-1,-1,1.8765432098765550e-04,wind_direction:18.4_m:degrees
1822,9,8.9920501708984375e+01,-1.3000000000000000e-01,1823,1824,1.2407407407407367e-03,angle_between_wind_wave:0_m:degrees
1823,-2,-2.0000000000000000e+00,-1.4791666666666667e-01,-1,-1,6.5815972222222491e-04,wind_direction:18.4_m:degrees
1824,1,2.6690121459960938e+02,-1.1566666666666667e-01,1825,1826,1.2445555555555543e-03,azimuth:0_m:degrees
1825,-2,-2.0000000000000000e+00,-1.0227272727272728e-01,-1,-1,2.3574380165288823e-04,wind_direction:18.4_m:degrees
1826,1,2.7528237915039062e+02,-1.5250000000000000e-01,1827,1828,2.1687500000000040e-03,azimuth:0_m:degrees
1827,-2,-2.0000000000000000e+00,-1.7666666666666667e-01,-1,-1,5.5555555555555566e-04,wind_direction:18.4_m:degrees
1828,-2,-2.0000000000000000e+00,-8.0000000000000002e-02,-1,-1,9.5409791178724390e-18,wind_direction:18.4_m:degrees
1829,-2,-2.0000000000000000e+00,-2.8999999999999998e-01,-1,-1,0.0000000000000000e+00,wind_direction:18.4_m:degrees
1830,-2,-2.0000000000000000e+00,-4.0999999999999998e-01,-1,-1,1.6749999999999821e-03,wind_direction:18.4_m:degrees
1831,-2,-2.0000000000000000e+00,-5.4000000000000004e-01,-1,-1,0.0000000000000000e+00,wind_direction:18.4_m:degrees
1832,-2,-2.0000000000000000e+00,-3.8000000000000000e-01,-1,-1,2.7755575615628914e-17,wind_direction:18.4_m:degrees
1833,-2,-2.0000000000000000e+00,-4.6153846153846167e-03,-1,-1,3.6331360946745565e-04,wind_direction:18.4_m:degrees
1834,-2,-2.0000000000000000e+00,5.9999999999999998e-02,-1,-1,0.0000000000000000e+00,wind_direction:18.4_m:degrees
1835,-2,-2.0000000000000000e+00,-2.2400000000000003e-01,-1,-1,6.6399999999998405e-04,wind_direction:18.4_m:degrees
1836,-2,-2.0000000000000000e+00,-1.6749999999999998e-01,-1,-1,7.5874999999998860e-04,wind_direction:18.4_m:degrees
1837,-2,-2.0000000000000000e+00,-3.3000000000000002e-01,-1,-1,0.0000000000000000e+00,wind_direction:18.4_m:degrees
1838,-2,-2.0000000000000000e+00,-2.1625000000000008e-01,-1,-1,1.3706597222222019e-03,wind_direction:18.4_m:degrees
1839,5,8.7200000762939453e+01,-3.0692090395480130e-02,1941,1942,3.2593344026302161e-04,relative_humidity:18.4_m:%
1840,-2,-2.0000000000000000e+00,-2.5223463687150765e-02,-1,-1,3.0595565057268319e-04,wind_direction:18.4_m:degrees
1841,-2,-2.0000000000000000e+00,-1.5300000000000002e-01,-1,-1,6.2100000000000002e-04,wind_direction:18.4_m:degrees
1842,-2,-2.0000000000000000e+00,-1.0750000000000001e-01,-1,-1,4.8125000000000251e-04,wind_direction:18.4_m:degrees
1843,-2,-2.0000000000000000e+00,-1.6769230769230767e-01,-1,-1,1.0254437869822199e-03,wind_direction:18.4_m:degrees
1844,-2,-2.0000000000000000e+00,-1.1666666666666665e-01,-1,-1,1.5555555555560666e-04,wind_direction:18.4_m:degrees
1845,-2,-2.0000000000000000e+00,-3.0000000000000004e-01,-1,-1,5.9999999999998943e-04,wind_direction:18.4_m:degrees
1846,-2,-2.0000000000000000e+00,-2.3193548387096771e-01,-1,-1,6.5431841831423837e-04,wind_direction:18.4_m:degrees
1847,-2,-2.0000000000000000e+00,-2.5631578947368422e-01,-1,-1,9.4958448753464098e-04,wind_direction:18.4_m:degrees
1848,-2,-2.0000000000000000e+00,-2.1812499999999999e-01,-1,-1,7.1523437499994985e-04,wind_direction:18.4_m:degrees
1849,-2,-2.0000000000000000e+00,-6.2000000000000000e-02,-1,-1,3.7600000000000003e-04,wind_direction:18.4_m:degrees
1850,-2,-2.0000000000000000e+00,-1.1523809523809528e-01,-1,-1,5.6303854875283839e-04,wind_direction:18.4_m:degrees
1851,-2,-2.0000000000000000e+00,-9.3535353535353513e-02,-1,-1,3.7639016426895683e-04,wind_direction:18.4_m:degrees
1852,-2,-2.0000000000000000e+00,-5.9166666666666666e-02,-1,-1,9.7430555555557156e-04,wind_direction:18.4_m:degrees
1853,-2,-2.0000000000000000e+00,-3.3171324422843193e-02,-1,-1,4.3137648026291605e-04,wind_direction:18.4_m:degrees
1854,-2,-2.0000000000000000e+00,-6.7272727272727276e-02,-1,-1,6.1983471074377773e-04,wind_direction:18.4_m:degrees
1855,-2,-2.0000000000000000e+00,-1.6000000000000000e-02,-1,-1,3.0400000000000018e-04,wind_direction:18.4_m:degrees
1856,-2,-2.0000000000000000e+00,-1.1000000000000000e-01,-1,-1,-1.7347234759768071e-18,wind_direction:18.4_m:degrees
1857,-2,-2.0000000000000000e+00,-2.3999999999999999e-01,-1,-1,0.0000000000000000e+00,wind_direction:18.4_m:degrees
1858,7,8.4999999403953552e-01,-1.2621621621621626e-01,1943,1944,1.1046018991965022e-03,wave_height:0_m:m
1859,-2,-2.0000000000000000e+00,-5.0000000000000010e-02,-1,-1,6.6666666666665830e-05,wind_direction:18.4_m:degrees
1860,-2,-2.0000000000000000e+00,-1.2142857142857143e-01,-1,-1,5.9795918367346393e-04,wind_direction:18.4_m:degrees
1861,-2,-2.0000000000000000e+00,-8.3333333333333329e-02,-1,-1,2.8888888888888974e-04,wind_direction:18.4_m:degrees
1862,5,4.1250000000000000e+01,-1.5636363636363637e-01,1863,1864,1.6776859504132255e-03,relative_humidity:18.4_m:%
1863,-2,-2.0000000000000000e+00,-8.0000000000000002e-02,-1,-1,4.0000000000000018e-04,wind_direction:18.4_m:degrees
1864,-2,-2.0000000000000000e+00,-1.7333333333333334e-01,-1,-1,3.7777777777777896e-04,wind_direction:18.4_m:degrees
1865,-2,-2.0000000000000000e+00,-4.8934426229508186e-02,-1,-1,4.8493012631013396e-04,wind_direction:18.4_m:degrees
1866,-2,-2.0000000000000000e+00,-3.1451612903225824e-02,-1,-1,2.4144120707596185e-04,wind_direction:18.4_m:degrees
1867,3,1.0093999938964844e+03,-7.2695652173913036e-02,1871,1872,8.4055954631380696e-04,pressure:18.4_m:hPa
1868,2,2.7727499389648438e+02,-5.0312499999999996e-02,1869,1870,9.2177734374999975e-04,water_sfc_temperature:0_m:K
1869,-2,-2.0000000000000000e+00,-7.7499999999999999e-02,-1,-1,4.6875000000000042e-04,wind_direction:18.4_m:degrees
1870,-2,-2.0000000000000000e+00,-3.4000000000000009e-02,-1,-1,4.8400000000000049e-04,wind_direction:18.4_m:degrees
1871,-2,-2.0000000000000000e+00,-1.0000000000000001e-01,-1,-1,6.1333333333333205e-04,wind_direction:18.4_m:degrees
1872,0,1.4691452789306641e+02,-6.8599999999999980e-02,1873,1874,7.4604000000000250e-04,zenith:0_m:degrees
1873,10,6.8937425613403320e+00,-7.5897435897435903e-02,1969,1970,5.9855358316897225e-04,wind_speed:18.4_m:m_s-1
1874,-2,-2.0000000000000000e+00,-4.2727272727272732e-02,-1,-1,4.1074380165288435e-04,wind_direction:18.4_m:degrees
1875,1,2.0420392608642578e+02,-8.4385964912280745e-02,1877,1878,1.3158510310864848e-03,azimuth:0_m:degrees
1876,-2,-2.0000000000000000e+00,-5.4736842105263174e-02,-1,-1,5.0914127423823136e-04,wind_direction:18.4_m:degrees
1877,3,1.0082999877929688e+03,-9.0400000000000008e-02,1879,1880,9.6783999999999412e-04,pressure:18.4_m:hPa
1878,-2,-2.0000000000000000e+00,-4.1428571428571433e-02,-1,-1,1.6979591836734655e-03,wind_direction:18.4_m:degrees
1879,-2,-2.0000000000000000e+00,-3.5000000000000003e-02,-1,-1,7.4999999999999763e-05,wind_direction:18.4_m:degrees
1880,-2,-2.0000000000000000e+00,-9.5217391304347837e-02,-1,-1,7.5538752362949019e-04,wind_direction:18.4_m:degrees
1881,-2,-2.0000000000000000e+00,-1.8666666666666668e-01,-1,-1,2.2222222222215149e-05,wind_direction:18.4_m:degrees
1882,-2,-2.0000000000000000e+00,-1.1300000000000002e-01,-1,-1,9.0100000000000423e-04,wind_direction:18.4_m:degrees
1883,-2,-2.0000000000000000e+00,-2.9285714285714282e-01,-1,-1,1.7061224489795662e-03,wind_direction:18.4_m:degrees
1884,-2,-2.0000000000000000e+00,-3.6999999999999994e-01,-1,-1,2.0000000000006124e-04,wind_direction:18.4_m:degrees
1885,1,1.3302941131591797e+02,-4.4074074074074071e-02,1887,1888,1.1093278463648838e-03,azimuth:0_m:degrees
1886,11,3.1986999511718750e+02,-6.3896103896103881e-02,1891,1892,1.1692359588463480e-03,wind_direction:18.4_m:degrees
1887,-2,-2.0000000000000000e+00,-8.9999999999999997e-02,-1,-1,3.7500000000000207e-04,wind_direction:18.4_m:degrees
1888,9,8.8383808135986328e+01,-3.6086956521739141e-02,1889,1890,8.0642722117202272e-04,angle_between_wind_wave:0_m:degrees
1889,-2,-2.0000000000000000e+00,-8.4000000000000005e-02,-1,-1,3.8399999999999979e-04,wind_direction:18.4_m:degrees
1890,-2,-2.0000000000000000e+00,-3.0243902439024396e-02,-1,-1,5.4384295062462817e-04,wind_direction:18.4_m:degrees
1891,-2,-2.0000000000000000e+00,-5.6779661016949153e-02,-1,-1,8.3200229819017577e-04,wind_direction:18.4_m:degrees
1892,0,6.6547122955322266e+01,-8.7222222222222257e-02,1993,1994,1.5645061728395224e-03,zenith:0_m:degrees
1893,-2,-2.0000000000000000e+00,-2.0000000000000001e-01,-1,-1,0.0000000000000000e+00,wind_direction:18.4_m:degrees
1894,-2,-2.0000000000000000e+00,-8.7999999999999995e-02,-1,-1,6.2849999999999538e-04,wind_direction:18.4_m:degrees
1895,-2,-2.0000000000000000e+00,-9.1999999999999998e-02,-1,-1,2.1599999999999918e-04,wind_direction:18.4_m:degrees
1896,-2,-2.0000000000000000e+00,-4.0823529411764703e-02,-1,-1,7.1343944636678182e-04,wind_direction:18.4_m:degrees
1897,8,6.1499998569488525e+00,-1.6041666666666668e-01,2037,2038,1.3289930555555503e-03,wave_period:0_m:s
1898,3,9.9695001220703125e+02,-1.3000000000000000e-01,1899,1900,1.7466666666666672e-03,pressure:18.4_m:hPa
1899,-2,-2.0000000000000000e+00,-1.8500000000000000e-01,-1,-1,2.2500000000000298e-04,wind_direction:18.4_m:degrees
1900,4,3.2105902433395386e+00,-1.2153846153846154e-01,1901,1902,1.4437869822485194e-03,mixing_ratio:18.4_m:g_kg-1
1901,-2,-2.0000000000000000e+00,-1.1260869565217392e-01,-1,-1,9.1493383742911188e-04,wind_direction:18.4_m:degrees
1902,-2,-2.0000000000000000e+00,-1.8999999999999997e-01,-1,-1,1.9999999999998491e-04,wind_direction:18.4_m:degrees
1903,-2,-2.0000000000000000e+00,-4.7166666666666668e-01,-1,-1,5.4722222222225447e-04,wind_direction:18.4_m:degrees
1904,-2,-2.0000000000000000e+00,-4.1000000000000003e-01,-1,-1,1.4285714285716677e-04,wind_direction:18.4_m:degrees
1905,-2,-2.0000000000000000e+00,-3.8685015290519827e-02,-1,-1,3.3986102928111736e-04,wind_direction:18.4_m:degrees
1906,3,1.0286500244140625e+03,-5.0803571428571413e-02,1907,1908,7.0917570153063028e-04,pressure:18.4_m:hPa
1907,-2,-2.0000000000000000e+00,-5.3271028037383185e-02,-1,-1,5.8088916062538475e-04,wind_direction:18.4_m:degrees
1908,-2,-2.0000000000000000e+00,1.9999999999999992e-03,-1,-1,5.3599999999998506e-04,wind_direction:18.4_m:degrees
1909,-2,-2.0000000000000000e+00,-1.2400000000000000e-01,-1,-1,4.6400000000000087e-04,wind_direction:18.4_m:degrees
1910,-2,-2.0000000000000000e+00,-1.8363636363636363e-01,-1,-1,2.4132231404958709e-04,wind_direction:18.4_m:degrees
1911,-2,-2.0000000000000000e+00,-1.6800000000000001e-01,-1,-1,5.6266666666664189e-04,wind_direction:18.4_m:degrees
1912,10,1.0974517822265625e+01,-2.1181818181818188e-01,1913,1914,1.9966942148760547e-03,wind_speed:18.4_m:m_s-1
1913,-2,-2.0000000000000000e+00,-1.0000000000000001e-01,-1,-1,0.0000000000000000e+00,wind_direction:18.4_m:degrees
1914,-2,-2.0000000000000000e+00,-2.2300000000000000e-01,-1,-1,8.2099999999998841e-04,wind_direction:18.4_m:degrees
1915,-2,-2.0000000000000000e+00,-5.6399999999999995e-01,-1,-1,3.0399999999997096e-04,wind_direction:18.4_m:degrees
1916,-2,-2.0000000000000000e+00,-4.8999999999999999e-01,-1,-1,3.4999999999996145e-04,wind_direction:18.4_m:degrees
1917,-2,-2.0000000000000000e+00,-7.0122699386503090e-02,-1,-1,3.0427942338815805e-04,wind_direction:18.4_m:degrees
1918,4,7.1347229480743408e+00,-5.8522167487684712e-02,1919,1920,4.2441699628721543e-04,mixing_ratio:18.4_m:g_kg-1
1919,-2,-2.0000000000000000e+00,-4.4237288135593231e-02,-1,-1,2.4136742315426524e-04,wind_direction:18.4_m:degrees
1920,-2,-2.0000000000000000e+00,-6.4374999999999974e-02,-1,-1,3.8155381944445215e-04,wind_direction:18.4_m:degrees
1921,12,-6.9687515497207642e-03,-2.6333333333333336e-01,1923,1924,1.4888888888888729e-03,bulk_richardson:18.4_m:none
1922,-2,-2.0000000000000000e+00,-3.1399999999999995e-01,-1,-1,7.2400000000004405e-04,wind_direction:18.4_m:degrees
1923,-2,-2.0000000000000000e+00,-2.2999999999999998e-01,-1,-1,1.1999999999998123e-04,wind_direction:18.4_m:degrees
1924,-2,-2.0000000000000000e+00,-3.0499999999999999e-01,-1,-1,7.4999999999991740e-05,wind_direction:18.4_m:degrees
1925,-2,-2.0000000000000000e+00,-5.4249999999999998e-01,-1,-1,3.9374999999997051e-04,wind_direction:18.4_m:degrees
1926,-2,-2.0000000000000000e+00,-6.0999999999999999e-01,-1,-1,4.5000000000006146e-04,wind_direction:18.4_m:degrees
1927,2,2.8100999450683594e+02,-1.8500000000000000e-01,1929,1930,2.9499999999999943e-03,water_sfc_temperature:0_m:K
1928,-2,-2.0000000000000000e+00,-1.3000000000000000e-01,-1,-1,4.2500000000001911e-04,wind_direction:18.4_m:degrees
1929,-2,-2.0000000000000000e+00,-2.5000000000000000e-01,-1,-1,1.0666666666666602e-03,wind_direction:18.4_m:degrees
1930,-2,-2.0000000000000000e+00,-1.4599999999999999e-01,-1,-1,2.3999999999992777e-05,wind_direction:18.4_m:degrees
1931,5,9.7750000000000000e+01,-8.5126964933494309e-03,1933,1934,3.9283024992360334e-04,relative_humidity:18.4_m:%
1932,-2,-2.0000000000000000e+00,1.4788732394366206e-03,-1,-1,6.3231997619519944e-04,wind_direction:18.4_m:degrees
1933,-2,-2.0000000000000000e+00,-6.7378917378917219e-03,-1,-1,3.2682303715067247e-04,wind_direction:18.4_m:degrees
1934,11,1.3034499740600586e+02,-1.8480000000000007e-02,1935,1936,6.4648960000000290e-04,wind_direction:18.4_m:degrees
1935,-2,-2.0000000000000000e+00,-2.2000000000000000e-01,-1,-1,0.0000000000000000e+00,wind_direction:18.4_m:degrees
1936,-2,-2.0000000000000000e+00,-1.6854838709677421e-02,-1,-1,3.2155957336108215e-04,wind_direction:18.4_m:degrees
1937,-2,-2.0000000000000000e+00,-1.2733333333333333e-01,-1,-1,5.9288888888888239e-04,wind_direction:18.4_m:degrees
1938,-2,-2.0000000000000000e+00,-2.0999999999999999e-01,-1,-1,-1.3877787807814457e-17,wind_direction:18.4_m:degrees
1939,-2,-2.0000000000000000e+00,-2.9999999999999999e-01,-1,-1,1.0000000000000286e-04,wind_direction:18.4_m:degrees
1940,-2,-2.0000000000000000e+00,-2.1733333333333335e-01,-1,-1,1.0195555555555583e-03,wind_direction:18.4_m:degrees
1941,-2,-2.0000000000000000e+00,-3.5169230769230723e-02,-1,-1,4.4035597633136571e-04,wind_direction:18.4_m:degrees
1942,-2,-2.0000000000000000e+00,-2.6892950391644837e-02,-1,-1,1.9739585108631899e-04,wind_direction:18.4_m:degrees
1943,-2,-2.0000000000000000e+00,-1.4687500000000001e-01,-1,-1,7.4648437499999845e-04,wind_direction:18.4_m:degrees
1944,-2,-2.0000000000000000e+00,-1.1047619047619049e-01,-1,-1,8.0453514739227752e-04,wind_direction:18.4_m:degrees
1945,-2,-2.0000000000000000e+00,-1.9214285714285712e-01,-1,-1,7.5969387755103063e-04,wind_direction:18.4_m:degrees
1946,-2,-2.0000000000000000e+00,-1.5925925925925924e-01,-1,-1,7.8834019204388275e-04,wind_direction:18.4_m:degrees
1947,-2,-2.0000000000000000e+00,-3.9850746268656728e-02,-1,-1,9.9251503675651604e-04,wind_direction:18.4_m:degrees
1948,-2,-2.0000000000000000e+00,-7.3076923076923081e-02,-1,-1,9.1360946745561687e-04,wind_direction:18.4_m:degrees
1949,-2,-2.0000000000000000e+00,-1.4285714285714287e-02,-1,-1,5.5663265306122450e-04,wind_direction:18.4_m:degrees
1950,12,-6.2712943181395531e-02,-2.7236180904522594e-02,1951,1952,5.8582864069089524e-04,bulk_richardson:18.4_m:none
1951,10,5.0257911682128906e+00,-3.5663716814159287e-02,1953,1954,7.2721434724723737e-04,wind_speed:18.4_m:m_s-1
1952,-2,-2.0000000000000000e+00,-1.6162790697674428e-02,-1,-1,1.8411303407247348e-04,wind_direction:18.4_m:degrees
1953,10,4.5923137664794922e+00,-2.2400000000000003e-02,1955,1956,8.5023999999999950e-04,wind_speed:18.4_m:m_s-1
1954,-2,-2.0000000000000000e+00,-4.6190476190476185e-02,-1,-1,3.7913832199546783e-04,wind_direction:18.4_m:degrees
1955,-2,-2.0000000000000000e+00,-7.8000000000000014e-02,-1,-1,9.7599999999999944e-04,wind_direction:18.4_m:degrees
1956,-2,-2.0000000000000000e+00,-1.6222222222222228e-02,-1,-1,4.5461728395061680e-04,wind_direction:18.4_m:degrees
1957,-2,-2.0000000000000000e+00,-8.1999999999999995e-01,-1,-1,6.0000000000015596e-04,wind_direction:18.4_m:degrees
1958,-2,-2.0000000000000000e+00,-7.1999999999999997e-01,-1,-1,0.0000000000000000e+00,wind_direction:18.4_m:degrees
1959,-2,-2.0000000000000000e+00,-1.9000000000000003e-01,-1,-1,-1.3877787807814457e-17,wind_direction:18.4_m:degrees
1960,5,6.8750000000000000e+01,-2.6200000000000001e-01,2001,2002,1.6959999999999892e-03,relative_humidity:18.4_m:%
1961,-2,-2.0000000000000000e+00,-1.9210526315789480e-02,-1,-1,3.0727146814404411e-04,wind_direction:18.4_m:degrees
1962,-2,-2.0000000000000000e+00,-3.1762114537444909e-02,-1,-1,7.6077160433931181e-04,wind_direction:18.4_m:degrees
1963,-2,-2.0000000000000000e+00,-6.1296296296296321e-02,-1,-1,4.7794924554183651e-04,wind_direction:18.4_m:degrees
1964,-2,-2.0000000000000000e+00,-1.0833333333333334e-01,-1,-1,1.1472222222222057e-03,wind_direction:18.4_m:degrees
1965,-2,-2.0000000000000000e+00,4.3478260869565227e-03,-1,-1,3.9848771266540639e-04,wind_direction:18.4_m:degrees
1966,-2,-2.0000000000000000e+00,-1.2978723404255321e-02,-1,-1,7.9751018560434675e-04,wind_direction:18.4_m:degrees
1967,-2,-2.0000000000000000e+00,-9.4125000000000014e-02,-1,-1,6.3673437499999971e-04,wind_direction:18.4_m:degrees
1968,-2,-2.0000000000000000e+00,-1.4999999999999999e-01,-1,-1,3.4694469519536142e-17,wind_direction:18.4_m:degrees
1969,-2,-2.0000000000000000e+00,-7.0895522388059726e-02,-1,-1,4.5292938293606255e-04,wind_direction:18.4_m:degrees
1970,-2,-2.0000000000000000e+00,-1.0636363636363638e-01,-1,-1,4.0495867768597198e-04,wind_direction:18.4_m:degrees
1971,8,6.9000000953674316e+00,-2.4903225806451611e-02,1975,1976,1.0172486992715926e-03,wave_period:0_m:s
1972,2,2.8826499938964844e+02,1.5789473684210541e-03,1973,1974,1.2869806094182776e-03,water_sfc_temperature:0_m:K
1973,-2,-2.0000000000000000e+00,-1.1250000000000000e-02,-1,-1,4.8593749999999999e-04,wind_direction:18.4_m:degrees
1974,-2,-2.0000000000000000e+00,7.0000000000000007e-02,-1,-1,0.0000000000000000e+00,wind_direction:18.4_m:degrees
1975,-2,-2.0000000000000000e+00,-3.8367346938775519e-02,-1,-1,4.6672219908371428e-04,wind_direction:18.4_m:degrees
1976,0,6.7616195678710938e+01,-1.8679245283018873e-02,1977,1978,1.1491990032039883e-03,zenith:0_m:degrees
1977,-2,-2.0000000000000000e+00,-9.1935483870967758e-03,-1,-1,1.2977367325702391e-03,wind_direction:18.4_m:degrees
1978,-2,-2.0000000000000000e+00,-3.2045454545454551e-02,-1,-1,6.3445247933884355e-04,wind_direction:18.4_m:degrees
1979,-2,-2.0000000000000000e+00,-3.0363636363636365e-01,-1,-1,7.3223140495867756e-04,wind_direction:18.4_m:degrees
1980,-2,-2.0000000000000000e+00,-2.2000000000000000e-01,-1,-1,6.9388939039072284e-18,wind_direction:18.4_m:degrees
1981,-2,-2.0000000000000000e+00,-3.1351351351351364e-02,-1,-1,1.8466033601168713e-04,wind_direction:18.4_m:degrees
1982,-2,-2.0000000000000000e+00,-7.3750000000000010e-02,-1,-1,8.7343749999999661e-04,wind_direction:18.4_m:degrees
1983,-2,-2.0000000000000000e+00,-6.7058823529411768e-02,-1,-1,1.4325259515570931e-03,wind_direction:18.4_m:degrees
1984,12,-1.6157430596649647e-02,-9.8918918918918936e-02,2013,2014,7.2856099342586030e-04,bulk_richardson:18.4_m:none
1985,4,1.1436811923980713e+01,-7.5116279069767436e-02,1989,1990,9.2731206057327948e-04,mixing_ratio:18.4_m:g_kg-1
1986,4,4.2539367675781250e+00,-9.6486486486486486e-02,1987,1988,9.4711468224981804e-04,mixing_ratio:18.4_m:g_kg-1
1987,-2,-2.0000000000000000e+00,-1.4428571428571429e-01,-1,-1,9.6734693877551306e-04,wind_direction:18.4_m:degrees
1988,-2,-2.0000000000000000e+00,-8.5333333333333330e-02,-1,-1,2.8488888888889095e-04,wind_direction:18.4_m:degrees
1989,-2,-2.0000000000000000e+00,-7.1012658227848094e-02,-1,-1,7.4834161192116784e-04,wind_direction:18.4_m:degrees
1990,-2,-2.0000000000000000e+00,-1.2142857142857143e-01,-1,-1,6.1224489795915285e-04,wind_direction:18.4_m:degrees
1991,-2,-2.0000000000000000e+00,-2.1769230769230768e-01,-1,-1,7.8698224852070953e-04,wind_direction:18.4_m:degrees
1992,10,9.8477354049682617e+00,-1.8340909090909097e-01,2011,2012,7.5428719008262951e-04,wind_speed:18.4_m:m_s-1
1993,-2,-2.0000000000000000e+00,-9.8666666666666680e-02,-1,-1,9.7155555555555190e-04,wind_direction:18.4_m:degrees
1994,-2,-2.0000000000000000e+00,-2.9999999999999999e-02,-1,-1,5.9999999999999973e-04,wind_direction:18.4_m:degrees
1995,-2,-2.0000000000000000e+00,-6.5500000000000003e-01,-1,-1,5.6499999999998218e-04,wind_direction:18.4_m:degrees
1996,-2,-2.0000000000000000e+00,-6.9777777777777783e-01,-1,-1,1.1061728395064807e-03,wind_direction:18.4_m:degrees
1997,-2,-2.0000000000000000e+00,-2.2199999999999998e-01,-1,-1,1.3359999999999969e-03,wind_direction:18.4_m:degrees
1998,-2,-2.0000000000000000e+00,-1.1000000000000000e-01,-1,-1,2.7755575615628914e-17,wind_direction:18.4_m:degrees
1999,-2,-2.0000000000000000e+00,-1.3399999999999998e-01,-1,-1,5.2399999999998975e-04,wind_direction:18.4_m:degrees
2000,-2,-2.0000000000000000e+00,-9.1999999999999998e-02,-1,-1,2.1599999999999918e-04,wind_direction:18.4_m:degrees
2001,-2,-2.0000000000000000e+00,-2.2000000000000000e-01,-1,-1,2.0000000000000573e-04,wind_direction:18.4_m:degrees
2002,-2,-2.0000000000000000e+00,-2.9000000000000004e-01,-1,-1,7.3333333333330808e-04,wind_direction:18.4_m:degrees
2003,-2,-2.0000000000000000e+00,-3.2222222222222228e-02,-1,-1,2.6839506172839371e-04,wind_direction:18.4_m:degrees
2004,-2,-2.0000000000000000e+00,-2.0000000000000005e-03,-1,-1,5.0933333333333549e-04,wind_direction:18.4_m:degrees
2005,-2,-2.0000000000000000e+00,-2.3999999999999999e-01,-1,-1,0.0000000000000000e+00,wind_direction:18.4_m:degrees
2006,-2,-2.0000000000000000e+00,-1.2999999999999998e-01,-1,-1,1.3937500000000026e-03,wind_direction:18.4_m:degrees
2007,-2,-2.0000000000000000e+00,-4.2499999999999996e-02,-1,-1,4.6875000000000042e-04,wind_direction:18.4_m:degrees
2008,-2,-2.0000000000000000e+00,-1.0500000000000000e-01,-1,-1,1.0083333333333281e-03,wind_direction:18.4_m:degrees
2009,-2,-2.0000000000000000e+00,-2.9166666666666669e-01,-1,-1,2.8055555555553391e-04,wind_direction:18.4_m:degrees
2010,-2,-2.0000000000000000e+00,-3.8000000000000000e-01,-1,-1,1.1102230246251565e-16,wind_direction:18.4_m:degrees
2011,-2,-2.0000000000000000e+00,-2.0047619047619047e-01,-1,-1,3.0929705215419767e-04,wind_direction:18.4_m:degrees
2012,-2,-2.0000000000000000e+00,-1.6782608695652174e-01,-1,-1,6.5179584120982417e-04,wind_direction:18.4_m:degrees
2013,-2,-2.0000000000000000e+00,-9.0333333333333363e-02,-1,-1,4.8988888888888693e-04,wind_direction:18.4_m:degrees
2014,-2,-2.0000000000000000e+00,-1.3571428571428570e-01,-1,-1,8.1632653061217836e-05,wind_direction:18.4_m:degrees
2015,-2,-2.0000000000000000e+00,-2.6076923076923075e-01,-1,-1,1.0840236686390642e-03,wind_direction:18.4_m:degrees
2016,-2,-2.0000000000000000e+00,-3.2250000000000001e-01,-1,-1,4.6875000000004552e-04,wind_direction:18.4_m:degrees
2017,11,1.9877500152587891e+02,-1.3379310344827583e-01,2019,2020,9.8216409036861949e-04,wind_direction:18.4_m:degrees
2018,-2,-2.0000000000000000e+00,-1.1181818181818175e-01,-1,-1,5.5333757151939181e-04,wind_direction:18.4_m:degrees
2019,-2,-2.0000000000000000e+00,-1.0933333333333335e-01,-1,-1,2.8622222222224845e-04,wind_direction:18.4_m:degrees
2020,-2,-2.0000000000000000e+00,-1.6000000000000000e-01,-1,-1,3.9999999999997676e-04,wind_direction:18.4_m:degrees
2021,-2,-2.0000000000000000e+00,-2.9199999999999998e-01,-1,-1,8.5600000000000953e-04,wind_direction:18.4_m:degrees
2022,-2,-2.0000000000000000e+00,-2.2666666666666666e-01,-1,-1,1.2555555555555376e-03,wind_direction:18.4_m:degrees
2023,-2,-2.0000000000000000e+00,-1.6400000000000001e-01,-1,-1,2.3999999999996247e-05,wind_direction:18.4_m:degrees
2024,-2,-2.0000000000000000e+00,-1.0249999999999999e-01,-1,-1,6.8749999999999367e-05,wind_direction:18.4_m:degrees
2025,-2,-2.0000000000000000e+00,-2.9000000000000004e-01,-1,-1,1.9999999999997797e-04,wind_direction:18.4_m:degrees
2026,-2,-2.0000000000000000e+00,-3.6099999999999999e-01,-1,-1,7.6899999999996416e-04,wind_direction:18.4_m:degrees
2027,-2,-2.0000000000000000e+00,-8.2714285714285699e-02,-1,-1,7.3977551020408278e-04,wind_direction:18.4_m:degrees
2028,-2,-2.0000000000000000e+00,-1.6000000000000000e-01,-1,-1,-1.4571677198205180e-16,wind_direction:18.4_m:degrees
2029,-2,-2.0000000000000000e+00,-1.0999999999999999e-01,-1,-1,6.0999999999999596e-04,wind_direction:18.4_m:degrees
2030,-2,-2.0000000000000000e+00,-1.7666666666666667e-01,-1,-1,2.2222222222222782e-03,wind_direction:18.4_m:degrees
2031,-2,-2.0000000000000000e+00,-1.3000000000000000e-01,-1,-1,3.4999999999999962e-04,wind_direction:18.4_m:degrees
2032,-2,-2.0000000000000000e+00,-9.4285714285714278e-02,-1,-1,9.4829931972788620e-04,wind_direction:18.4_m:degrees
2033,-2,-2.0000000000000000e+00,-1.7999999999999999e-01,-1,-1,0.0000000000000000e+00,wind_direction:18.4_m:degrees
2034,-2,-2.0000000000000000e+00,-3.0000000000000004e-01,-1,-1,3.9999999999998370e-04,wind_direction:18.4_m:degrees
2035,-2,-2.0000000000000000e+00,-4.2000000000000004e-01,-1,-1,3.9999999999998370e-04,wind_direction:18.4_m:degrees
2036,-2,-2.0000000000000000e+00,-2.9999999999999999e-01,-1,-1,-5.5511151231257827e-17,wind_direction:18.4_m:degrees
2037,-2,-2.0000000000000000e+00,-1.9833333333333333e-01,-1,-1,2.4722222222221812e-04,wind_direction:18.4_m:degrees
2038,-2,-2.0000000000000000e+00,-1.4777777777777776e-01,-1,-1,1.0506172839506063e-03,wind_direction:18.4_m:degrees
2039,-2,-2.0000000000000000e+00,-4.0857142857142853e-01,-1,-1,6.1224489795921877e-04,wind_direction:18.4_m:degrees
2040,-2,-2.0000000000000000e+00,-3.5142857142857142e-01,-1,-1,1.5510204081627121e-04,wind_direction:18.4_m:degrees
2041,-2,-2.0000000000000000e+00,-5.9462365591397850e-02,-1,-1,4.6100127182333375e-04,wind_direction:18.4_m:degrees
2042,11,2.6677999877929688e+02,-4.8903508771929817e-02,2043,2044,4.6853454909201496e-04,wind_direction:18.4_m:degrees
2043,-2,-2.0000000000000000e+00,-5.4251497005988018e-02,-1,-1,2.5917028219010893e-04,wind_direction:18.4_m:degrees
2044,-2,-2.0000000000000000e+00,-3.4262295081967216e-02,-1,-1,7.4904595538834704e-04,wind_direction:18.4_m:degrees
2045,-2,-2.0000000000000000e+00,-4.7999999999999998e-01,-1,-1,0.0000000000000000e+00,wind_direction:18.4_m:degrees
2046,-2,-2.0000000000000000e+00,-3.8750000000000007e-01,-1,-1,4.6874999999993450e-04,wind_direction:18.4_m:degrees
