Node,feature,threshold,value,children_left,children_right,impurity,feature_name
0,10,1.1834154129028320e+01,-6.0990678912464215e-02,1,2,9.1980363086608084e-03,wind_speed:18.4_m:m_s-1
1,10,8.5425872802734375e+00,-4.0936806274971642e-02,5,6,2.5096152162615583e-03,wind_speed:18.4_m:m_s-1
2,10,1.4667603492736816e+01,-3.0462990710218735e-01,3,4,2.6211257996799686e-02,wind_speed:18.4_m:m_s-1
3,5,6.0049999237060547e+01,-2.3775501843506766e-01,13,14,1.0885005121271565e-02,relative_humidity:18.4_m:%
4,10,1.6980277061462402e+01,-4.8681919642857174e-01,7,8,2.2588208381499109e-02,wind_speed:18.4_m:m_s-1
5,10,6.1864004135131836e+00,-2.5632042740025104e-02,11,12,1.0250058153521029e-03,wind_speed:18.4_m:m_s-1
6,12,-1.9081184640526772e-02,-1.0345541201555238e-01,9,10,3.7087048035846903e-03,bulk_richardson:18.4_m:none
7,4,5.0533421039581299e+00,-4.2173693086003383e-01,23,24,1.2219748669838132e-02,mixing_ratio:18.4_m:g_kg-1
8,10,2.0424677848815918e+01,-6.1419141914191400e-01,27,28,1.8366920454422175e-02,wind_speed:18.4_m:m_s-1
9,10,1.0208525180816650e+01,-1.4290128108515451e-01,19,20,5.0200678732644499e-03,wind_speed:18.4_m:m_s-1
10,10,1.0068518161773682e+01,-8.3773265651438167e-02,15,16,1.8906130021386436e-03,wind_speed:18.4_m:m_s-1
11,10,4.5509669780731201e+00,-1.5303583437409351e-02,25,26,6.3143103817260896e-04,wind_speed:18.4_m:m_s-1
12,12,-2.9986368492245674e-02,-4.3929878308229205e-02,17,18,1.1984612560407646e-03,bulk_richardson:18.4_m:none
13,10,1.3119681835174561e+01,-2.9459375000000049e-01,21,22,9.8687932942706502e-03,wind_speed:18.4_m:m_s-1
14,6,2.1950000000000000e+02,-2.0091154625253238e-01,29,30,8.0921468011875552e-03,wave_direction:0_m:degrees
15,10,9.3724889755249023e+00,-6.5553410553410726e-02,77,78,9.6755087961650135e-04,wind_speed:18.4_m:m_s-1
16,10,1.1119723320007324e+01,-1.0938489371325207e-01,45,46,2.0655646564673880e-03,wind_speed:18.4_m:m_s-1
17,11,2.6386500549316406e+02,-6.5380434782608993e-02,37,38,1.6851813563326414e-03,wind_direction:18.4_m:degrees
18,10,7.3441710472106934e+00,-3.4149423863214443e-02,47,48,6.7108608534512701e-04,wind_speed:18.4_m:m_s-1
19,10,9.6320691108703613e+00,-1.2059382422802870e-01,59,60,3.4839704131661656e-03,wind_speed:18.4_m:m_s-1
20,10,1.0876748085021973e+01,-1.8162886597938149e-01,55,56,5.3231199914972466e-03,wind_speed:18.4_m:m_s-1
21,0,7.2220291137695312e+01,-2.5408163265306127e-01,51,52,7.7323198667222232e-03,zenith:0_m:degrees
22,4,4.7278509140014648e+00,-3.3682978723404244e-01,39,40,8.6012263467628025e-03,mixing_ratio:18.4_m:g_kg-1
23,11,2.6294499206542969e+02,-4.4613733905579417e-01,65,66,9.2194146143785571e-03,wind_direction:18.4_m:degrees
24,11,1.0321500015258789e+02,-3.3220472440944881e-01,41,42,1.3028210056420284e-02,wind_direction:18.4_m:degrees
25,4,3.1760543584823608e+00,-8.6211340206187471e-03,147,148,4.9855896425156788e-04,mixing_ratio:18.4_m:g_kg-1
26,12,-6.0302739962935448e-02,-2.2596945951376724e-02,35,36,6.7451968526788849e-04,bulk_richardson:18.4_m:none
27,12,-6.7674054298549891e-04,-6.0199999999999965e-01,43,44,1.3836689655172429e-02,bulk_richardson:18.4_m:none
28,5,9.5900001525878906e+01,-8.8615384615384607e-01,49,50,4.2146745562136601e-02,relative_humidity:18.4_m:%
29,10,1.3511078357696533e+01,-1.8116740088105723e-01,31,32,7.4664785848745224e-03,wind_speed:18.4_m:m_s-1
30,10,1.3712318897247314e+01,-2.3219895287958142e-01,33,34,7.4869621629520683e-03,wind_speed:18.4_m:m_s-1
31,5,9.6549999237060547e+01,-1.6542465753424682e-01,121,122,5.8130388440608242e-03,relative_humidity:18.4_m:%
32,5,9.9750000000000000e+01,-2.4573033707865166e-01,97,98,9.0626688549427514e-03,relative_humidity:18.4_m:%
33,3,9.9229998779296875e+02,-2.1194690265486718e-01,53,54,5.0670060302293804e-03,pressure:18.4_m:hPa
34,5,7.9549999237060547e+01,-3.0785123966942146e-01,57,58,9.2714158868927588e-03,relative_humidity:18.4_m:%
35,11,2.7105999755859375e+02,-3.7207654145995958e-02,61,62,9.2048062178255513e-04,wind_direction:18.4_m:degrees
36,12,-1.2392716016620398e-02,-1.6815759955132081e-02,145,146,4.5930817562827257e-04,bulk_richardson:18.4_m:none
37,10,7.3586344718933105e+00,-4.4520766773162974e-02,113,114,7.6422720452387020e-04,wind_speed:18.4_m:m_s-1
38,0,8.0040267944335938e+01,-7.6136738056013453e-02,67,68,1.8200010720614366e-03,zenith:0_m:degrees
39,11,3.1515998840332031e+02,-3.4729357798165128e-01,73,74,7.3633174816936514e-03,wind_direction:18.4_m:degrees
40,6,2.1850000000000000e+02,-2.0264705882352946e-01,441,442,5.0665224913480564e-03,wave_direction:0_m:degrees
41,-2,-2.0000000000000000e+00,-8.5999999999999999e-01,-1,-1,0.0000000000000000e+00,wind_direction:18.4_m:degrees
42,8,6.9000000953674316e+00,-3.2376000000000010e-01,105,106,8.7082623999999720e-03,wave_period:0_m:s
43,1,2.4886132812500000e+02,-6.2103305785123941e-01,93,94,1.1770420394782100e-02,azimuth:0_m:degrees
44,3,9.9370001220703125e+02,-5.0604166666666661e-01,133,134,1.3219748263889608e-02,pressure:18.4_m:hPa
45,12,-4.1316288989037275e-03,-9.8650904033379602e-02,81,82,1.7150088691409542e-03,bulk_richardson:18.4_m:none
46,11,2.5807998657226562e+02,-1.2935316946959896e-01,201,202,2.1046268884020655e-03,wind_direction:18.4_m:degrees
47,12,1.3447231613099575e-02,-2.7146827234831306e-02,307,308,4.9148886325452222e-04,bulk_richardson:18.4_m:none
48,12,-1.6840388067066669e-02,-4.2206235011990736e-02,85,86,7.5639018760997661e-04,bulk_richardson:18.4_m:none
49,3,9.8554998779296875e+02,-8.0727272727272714e-01,273,274,9.3652892561985057e-03,pressure:18.4_m:hPa
50,-2,-2.0000000000000000e+00,-1.3200000000000001e+00,-1,-1,-8.8817841970012523e-16,wind_direction:18.4_m:degrees
51,11,3.0992500305175781e+02,-2.0556390977443603e-01,195,196,6.1013737350896352e-03,wind_direction:18.4_m:degrees
52,2,2.8817999267578125e+02,-2.7215686274509809e-01,75,76,7.1362443016422250e-03,water_sfc_temperature:0_m:K
53,2,2.7539999389648438e+02,-3.5095238095238096e-01,765,766,3.3990929705215306e-03,water_sfc_temperature:0_m:K
54,2,2.8783999633789062e+02,-2.0517401392111367e-01,89,90,4.1609325961854890e-03,water_sfc_temperature:0_m:K
55,0,5.8633045196533203e+01,-1.6048832271762198e-01,151,152,4.0916936003715029e-03,zenith:0_m:degrees
56,12,-4.7724224627017975e-02,-2.0158316633266546e-01,63,64,5.6654294561065341e-03,bulk_richardson:18.4_m:none
57,11,2.3786500549316406e+02,-2.8710280373831781e-01,213,214,5.6841296183073181e-03,wind_direction:18.4_m:degrees
58,11,3.0499000549316406e+02,-4.6642857142857147e-01,423,424,8.2515306122441234e-03,wind_direction:18.4_m:degrees
59,11,2.6944500732421875e+02,-1.1130361648444070e-01,71,72,2.8135234604281401e-03,wind_direction:18.4_m:degrees
60,12,-6.1181297525763512e-02,-1.4290909090909085e-01,79,80,4.3891129476583447e-03,bulk_richardson:18.4_m:none
61,12,-6.0337239876389503e-02,-2.3411978221415542e-02,101,102,5.8037292367284362e-04,bulk_richardson:18.4_m:none
62,0,1.1709359359741211e+02,-4.6046511627907044e-02,233,234,9.3832341806376852e-04,zenith:0_m:degrees
63,2,2.7665499877929688e+02,-2.3657142857142860e-01,109,110,5.9859591836734852e-03,water_sfc_temperature:0_m:K
64,11,3.1972000122070312e+02,-1.8268518518518520e-01,131,132,4.4739626200273677e-03,wind_direction:18.4_m:degrees
65,5,4.7549999237060547e+01,-3.5249999999999998e-01,361,362,5.5499999999999994e-03,relative_humidity:18.4_m:%
66,3,1.0046499938964844e+03,-4.5304147465437777e-01,83,84,8.7958185563506985e-03,pressure:18.4_m:hPa
67,10,7.6648828983306885e+00,-5.8558951965065560e-02,217,218,1.9069481258302892e-03,wind_speed:18.4_m:m_s-1
68,10,7.6175422668457031e+00,-8.3072946582423993e-02,69,70,1.6156575162457817e-03,wind_speed:18.4_m:m_s-1
69,11,3.1577000427246094e+02,-7.3067010309278355e-02,329,330,1.2393047879689289e-03,wind_direction:18.4_m:degrees
70,11,3.1730000305175781e+02,-1.0325823223570191e-01,389,390,1.7654671116064079e-03,wind_direction:18.4_m:degrees
71,1,1.7732695770263672e+02,-8.4983277591973203e-02,535,536,1.4711535665149263e-03,azimuth:0_m:degrees
72,0,6.2638967514038086e+01,-1.2014606741573057e-01,141,142,2.9535741699280322e-03,zenith:0_m:degrees
73,4,1.4777451157569885e+00,-3.5653645833333319e-01,161,162,7.0189934624567685e-03,mixing_ratio:18.4_m:g_kg-1
74,0,6.6927989959716797e+01,-2.7903846153846151e-01,331,332,4.6163831360947066e-03,zenith:0_m:degrees
75,10,1.2626840114593506e+01,-2.7504249291784694e-01,95,96,6.2272644833036850e-03,wind_speed:18.4_m:m_s-1
76,9,8.9497528076171875e+01,-1.7500000000000002e-02,241,242,2.1768750000005454e-02,angle_between_wind_wave:0_m:degrees
77,12,1.2750270310789347e-02,-5.8367983367983288e-02,111,112,8.4141136578768424e-04,bulk_richardson:18.4_m:none
78,12,-4.0889193769544363e-03,-7.7229729729729732e-02,185,186,9.5229181884564675e-04,bulk_richardson:18.4_m:none
79,10,9.6504659652709961e+00,-1.7394117647058827e-01,153,154,5.8027024221453255e-03,wind_speed:18.4_m:m_s-1
80,1,1.2400042724609375e+02,-1.2667692307692313e-01,267,268,2.8824956213017831e-03,azimuth:0_m:degrees
81,11,2.5744499206542969e+02,-1.1865429234338752e-01,117,118,2.1666345465409641e-03,wind_direction:18.4_m:degrees
82,11,1.9991500091552734e+02,-9.0089374379344514e-02,203,204,1.2771518930545303e-03,wind_direction:18.4_m:degrees
83,10,1.5366376399993896e+01,-4.3078602620087325e-01,87,88,7.4447970099724703e-03,wind_speed:18.4_m:m_s-1
84,7,1.7500000000000000e+00,-4.7790243902439022e-01,91,92,9.1336490184427133e-03,wave_height:0_m:m
85,11,2.6906498718261719e+02,-6.2907949790794920e-02,179,180,1.0528408991439296e-03,wind_direction:18.4_m:degrees
86,12,2.6202175766229630e-02,-3.9184732824427700e-02,177,178,6.4144220966138622e-04,bulk_richardson:18.4_m:none
87,1,2.8554426574707031e+02,-3.9484848484848495e-01,227,228,6.3785123966942081e-03,azimuth:0_m:degrees
88,11,2.8148500061035156e+02,-4.5815384615384619e-01,211,212,6.5242840236687805e-03,wind_direction:18.4_m:degrees
89,2,2.8734999084472656e+02,-2.1903225806451609e-01,139,140,4.0139021852238152e-03,water_sfc_temperature:0_m:K
90,3,1.0051000061035156e+03,-1.6966942148760322e-01,257,258,2.7850146847891721e-03,pressure:18.4_m:hPa
91,4,9.2326948046684265e-01,-4.1384615384615386e-01,401,402,5.4236686390532474e-03,mixing_ratio:18.4_m:g_kg-1
92,0,1.6065521240234375e+02,-4.9295180722891585e-01,115,116,8.8147808099869052e-03,zenith:0_m:degrees
93,11,3.0783500671386719e+02,-6.0532967032967000e-01,103,104,1.0601814394397280e-02,wind_direction:18.4_m:degrees
94,6,2.2950000000000000e+02,-6.6866666666666663e-01,119,120,1.2298222222221766e-02,wave_direction:0_m:degrees
95,7,1.0500000119209290e+00,-2.5837004405286351e-01,181,182,5.6894137281920387e-03,wave_height:0_m:m
96,4,1.6054109334945679e+00,-3.0507936507936512e-01,167,168,5.7932476694378954e-03,mixing_ratio:18.4_m:g_kg-1
97,9,8.9243545532226562e+01,-2.4040462427745671e-01,99,100,8.1587958167663871e-03,angle_between_wind_wave:0_m:degrees
98,0,6.8213027954101562e+01,-4.2999999999999999e-01,875,876,5.3999999999972681e-03,zenith:0_m:degrees
99,0,9.5060745239257812e+01,-1.6783783783783784e-01,573,574,3.1520818115412623e-03,zenith:0_m:degrees
100,3,1.0006999816894531e+03,-2.6014705882352945e-01,157,158,7.6985077854671152e-03,pressure:18.4_m:hPa
101,10,5.4318873882293701e+00,-2.2766151046405770e-02,841,842,4.2874513268328245e-04,wind_speed:18.4_m:m_s-1
102,-2,-2.0000000000000000e+00,-2.6000000000000001e-01,-1,-1,-1.8041124150158794e-15,wind_direction:18.4_m:degrees
103,9,8.9778064727783203e+01,-6.1824675324675304e-01,191,192,1.0285887164783847e-02,angle_between_wind_wave:0_m:degrees
104,4,1.3452740907669067e+00,-5.3428571428571436e-01,305,306,6.3744897959192581e-03,mixing_ratio:18.4_m:g_kg-1
105,2,2.7685499572753906e+02,-3.0067415730337083e-01,281,282,5.5725792197953983e-03,water_sfc_temperature:0_m:K
106,4,6.9970862865447998e+00,-3.8083333333333330e-01,107,108,1.1885416666666537e-02,mixing_ratio:18.4_m:g_kg-1
107,0,8.3806102752685547e+01,-4.2500000000000010e-01,255,256,5.6535714285713412e-03,zenith:0_m:degrees
108,7,2.9499999284744263e+00,-2.2625000000000001e-01,1089,1090,2.9734375000000646e-03,wave_height:0_m:m
109,0,6.3234640121459961e+01,-3.0093749999999997e-01,859,860,2.8334960937500403e-03,zenith:0_m:degrees
110,9,8.9913082122802734e+01,-2.2216783216783223e-01,247,248,5.5568389652305844e-03,angle_between_wind_wave:0_m:degrees
111,11,1.9804999542236328e+02,-6.3008502289077770e-02,493,494,7.4281287735139274e-04,wind_direction:18.4_m:degrees
112,10,9.3607358932495117e+00,-4.0405063291139222e-02,367,368,8.1705111360353246e-04,wind_speed:18.4_m:m_s-1
113,10,6.7194528579711914e+00,-3.7725788900979267e-02,979,980,4.8612284962246122e-04,wind_speed:18.4_m:m_s-1
114,10,8.3743953704833984e+00,-6.3273273273273284e-02,583,584,1.0526490454418162e-03,wind_speed:18.4_m:m_s-1
115,5,4.6250000000000000e+01,-4.8808641975308648e-01,189,190,7.9315233958235365e-03,relative_humidity:18.4_m:%
116,3,1.0200000000000000e+03,-6.8999999999999995e-01,1189,1190,4.8000000000067988e-03,pressure:18.4_m:hPa
117,6,2.0650000000000000e+02,-1.0546391752577321e-01,301,302,1.3203174265773755e-03,wave_direction:0_m:degrees
118,6,1.9150000000000000e+02,-1.4607142857142855e-01,253,254,2.8124234693877176e-03,wave_direction:0_m:degrees
119,0,1.5046247863769531e+02,-6.3052631578947382e-01,205,206,1.1441828254847852e-02,zenith:0_m:degrees
120,6,2.3750000000000000e+02,-7.3454545454545450e-01,209,210,6.9247933884298840e-03,wave_direction:0_m:degrees
121,10,1.2358207702636719e+01,-1.6027906976744180e-01,129,130,3.3096895619253372e-03,wind_speed:18.4_m:m_s-1
122,5,9.6950000762939453e+01,-2.0447058823529418e-01,123,124,2.3083543252594818e-02,relative_humidity:18.4_m:%
123,0,8.9823875427246094e+01,-3.5400000000000004e-01,125,126,8.1010666666666648e-02,zenith:0_m:degrees
124,5,1.0150000000000000e+02,-1.7242857142857143e-01,235,236,4.8526734693877041e-03,relative_humidity:18.4_m:%
125,12,2.2067923564463854e-03,-5.5625000000000002e-01,127,128,6.3398437499999960e-02,bulk_richardson:18.4_m:none
126,-2,-2.0000000000000000e+00,-1.2285714285714287e-01,-1,-1,9.6326530612251063e-04,wind_direction:18.4_m:degrees
127,-2,-2.0000000000000000e+00,-1.7000000000000001e-01,-1,-1,0.0000000000000000e+00,wind_direction:18.4_m:degrees
128,3,1.0091000061035156e+03,-6.8500000000000005e-01,187,188,1.8224999999999936e-02,pressure:18.4_m:hPa
129,4,3.0815201997756958e+00,-1.3993220338983045e-01,169,170,2.1579615053145852e-03,mixing_ratio:18.4_m:g_kg-1
130,5,6.1000000000000000e+01,-1.7742857142857157e-01,171,172,3.6373877551021672e-03,relative_humidity:18.4_m:%
131,11,2.4761999511718750e+02,-1.9202952029520304e-01,149,150,4.3423755123160393e-03,wind_direction:18.4_m:degrees
132,9,8.9785907745361328e+01,-1.3490566037735852e-01,543,544,2.4174439302241529e-03,angle_between_wind_wave:0_m:degrees
133,1,2.2678801727294922e+02,-5.4117647058823526e-01,135,136,9.2221453287198996e-03,azimuth:0_m:degrees
134,9,8.7165351867675781e+01,-4.2071428571428565e-01,137,138,1.2649489795918123e-02,angle_between_wind_wave:0_m:degrees
135,10,1.8005599975585938e+01,-5.8416666666666661e-01,521,522,5.6326388888891521e-03,wind_speed:18.4_m:m_s-1
136,11,1.8279000091552734e+02,-4.3800000000000000e-01,1587,1588,2.7560000000000917e-03,wind_direction:18.4_m:degrees
137,-2,-2.0000000000000000e+00,-7.9000000000000004e-01,-1,-1,0.0000000000000000e+00,wind_direction:18.4_m:degrees
138,11,1.3713999938964844e+02,-3.9230769230769230e-01,927,928,2.3254437869824063e-03,wind_direction:18.4_m:degrees
139,3,1.0227500000000000e+03,-2.1176258992805752e-01,309,310,3.8145191760260988e-03,pressure:18.4_m:hPa
140,-2,-2.0000000000000000e+00,-2.8218749999999992e-01,-1,-1,1.2983398437503985e-03,wind_direction:18.4_m:degrees
141,2,2.8174499511718750e+02,-8.4897959183673460e-02,673,674,2.4617242815493569e-03,water_sfc_temperature:0_m:K
142,11,3.0423500061035156e+02,-1.2450757575757591e-01,143,144,2.8416767102846085e-03,wind_direction:18.4_m:degrees
143,12,-8.4364563226699829e-02,-1.4130000000000004e-01,279,280,2.9066433333333128e-03,bulk_richardson:18.4_m:none
144,2,2.7447499084472656e+02,-1.1426829268292679e-01,417,418,2.5252776125321841e-03,water_sfc_temperature:0_m:K
145,10,5.4949386119842529e+00,-2.1719543147208281e-02,399,400,3.3390865359837968e-04,wind_speed:18.4_m:m_s-1
146,12,2.7365252375602722e-02,-1.2932160804020168e-02,529,530,5.2449288528065682e-04,bulk_richardson:18.4_m:none
147,11,2.5578499603271484e+02,-1.7841155234657013e-02,387,388,1.0127401113008072e-03,wind_direction:18.4_m:degrees
148,10,2.9246623516082764e+00,-7.2739740478954262e-03,245,246,4.0919500890363608e-04,wind_speed:18.4_m:m_s-1
149,1,2.5347043609619141e+02,-1.3769230769230770e-01,1551,1552,1.2639053254437857e-03,azimuth:0_m:degrees
150,2,2.9105000305175781e+02,-2.0116379310344831e-01,263,264,4.2801111028537148e-03,water_sfc_temperature:0_m:K
151,7,5.5000001192092896e-01,-1.0085714285714288e-01,905,906,2.3678367346938751e-03,wave_height:0_m:m
152,11,3.1080000305175781e+02,-1.6527522935779823e-01,289,290,3.9217132396263676e-03,wind_direction:18.4_m:degrees
153,3,1.0201499938964844e+03,-2.9111111111111110e-01,277,278,8.7876543209876590e-03,pressure:18.4_m:hPa
154,11,3.2323500061035156e+02,-1.6739130434782609e-01,155,156,4.8254928436402972e-03,wind_direction:18.4_m:degrees
155,0,1.2555076599121094e+02,-1.9440476190476197e-01,317,318,4.3936933106576079e-03,zenith:0_m:degrees
156,3,1.0116499938964844e+03,-1.3792207792207795e-01,231,232,3.6320458762017123e-03,pressure:18.4_m:hPa
157,6,1.6250000000000000e+02,-3.0145833333333344e-01,159,160,9.4082899305554663e-03,wave_direction:0_m:degrees
158,1,3.1921456909179688e+02,-2.3761363636363644e-01,333,334,5.3272598140496272e-03,azimuth:0_m:degrees
159,-2,-2.0000000000000000e+00,-7.9000000000000004e-01,-1,-1,0.0000000000000000e+00,wind_direction:18.4_m:degrees
160,10,1.4340631008148193e+01,-2.9106382978723405e-01,287,288,4.4222725215028458e-03,wind_speed:18.4_m:m_s-1
161,2,2.7592500305175781e+02,-3.8522935779816514e-01,321,322,6.0506354683949326e-03,water_sfc_temperature:0_m:K
162,10,1.4017415523529053e+01,-3.4516363636363628e-01,163,164,6.9471550413225530e-03,wind_speed:18.4_m:m_s-1
163,9,8.9758811950683594e+01,-3.2333333333333331e-01,351,352,4.9098039215686590e-03,angle_between_wind_wave:0_m:degrees
164,10,1.4093150615692139e+01,-3.7254098360655741e-01,165,166,8.1550188121471967e-03,wind_speed:18.4_m:m_s-1
165,2,2.8295500183105469e+02,-4.8461538461538467e-01,265,266,7.3940828402365988e-03,water_sfc_temperature:0_m:K
166,1,2.5272737121582031e+02,-3.5917431192660543e-01,173,174,6.5690430098476749e-03,azimuth:0_m:degrees
167,3,1.0171000061035156e+03,-3.4269230769230785e-01,283,284,6.6889053254436670e-03,pressure:18.4_m:hPa
168,8,5.6499998569488525e+00,-2.7864864864864863e-01,565,566,3.4711468224982306e-03,wave_period:0_m:s
169,-2,-2.0000000000000000e+00,-2.3999999999999999e-01,-1,-1,9.4999999999999946e-04,wind_direction:18.4_m:degrees
170,5,9.6149997711181641e+01,-1.3568904593639575e-01,593,594,1.7665746856622214e-03,relative_humidity:18.4_m:%
171,-2,-2.0000000000000000e+00,-3.1999999999999995e-01,-1,-1,9.0000000000002578e-04,wind_direction:18.4_m:degrees
172,6,1.7100000000000000e+02,-1.7494186046511645e-01,229,230,3.3244152244456295e-03,wave_direction:0_m:degrees
173,3,1.0220000000000000e+03,-3.4186046511627916e-01,575,576,4.1756084369930363e-03,pressure:18.4_m:hPa
174,11,2.9319999694824219e+02,-4.2391304347826086e-01,175,176,1.0206427221171904e-02,wind_direction:18.4_m:degrees
175,11,2.9247000122070312e+02,-3.7529411764705878e-01,1261,1262,1.8837370242214269e-03,wind_direction:18.4_m:degrees
176,9,8.7868190765380859e+01,-5.6166666666666665e-01,537,538,8.1138888888889205e-03,angle_between_wind_wave:0_m:degrees
177,11,3.5388999938964844e+02,-4.0939464108501737e-02,467,468,5.9561095664299149e-04,wind_direction:18.4_m:degrees
178,11,3.2484999084472656e+02,-1.8134920634920636e-02,1437,1438,7.1120401864436253e-04,wind_direction:18.4_m:degrees
179,1,2.6261460876464844e+02,-5.1873015873015849e-02,1759,1760,5.7204736709499026e-04,azimuth:0_m:degrees
180,2,2.7528999328613281e+02,-8.4233128834355880e-02,1023,1024,1.2918965711920041e-03,water_sfc_temperature:0_m:K
181,3,1.0156000061035156e+03,-2.2296874999999999e-01,371,372,3.7083740234375023e-03,pressure:18.4_m:hPa
182,12,-3.5974601283669472e-02,-2.7226993865030663e-01,183,184,5.7819639429410180e-03,bulk_richardson:18.4_m:none
183,0,1.2178550720214844e+02,-3.0321428571428571e-01,303,304,4.4218112244898133e-03,zenith:0_m:degrees
184,11,2.9861499023437500e+02,-2.3936708860759495e-01,313,314,5.1274475244353357e-03,wind_direction:18.4_m:degrees
185,4,1.0088473796844482e+01,-9.2062146892655281e-02,531,532,9.6665150499539339e-04,mixing_ratio:18.4_m:g_kg-1
186,11,2.1655999755859375e+02,-7.0903614457831346e-02,411,412,8.1231601103208366e-04,wind_direction:18.4_m:degrees
187,-2,-2.0000000000000000e+00,-5.5000000000000004e-01,-1,-1,0.0000000000000000e+00,wind_direction:18.4_m:degrees
188,-2,-2.0000000000000000e+00,-8.1999999999999995e-01,-1,-1,1.1102230246251565e-16,wind_direction:18.4_m:degrees
189,5,3.7049999237060547e+01,-5.1468354430379748e-01,237,238,6.9742669444000094e-03,relative_humidity:18.4_m:%
190,2,2.8455499267578125e+02,-4.6277108433734943e-01,427,428,7.5284656699083352e-03,water_sfc_temperature:0_m:K
191,1,7.9174480438232422e+01,-6.1124999999999996e-01,193,194,9.8248263888892073e-03,azimuth:0_m:degrees
192,12,-1.7224420793354511e-02,-7.1900000000000008e-01,581,582,6.0689999999982147e-03,bulk_richardson:18.4_m:none
193,9,8.7478740692138672e+01,-5.6000000000000005e-01,757,758,3.6848484848484575e-03,angle_between_wind_wave:0_m:degrees
194,6,2.0850000000000000e+02,-6.2648648648648664e-01,219,220,1.0637204772339981e-02,wave_direction:0_m:degrees
195,11,2.6889500427246094e+02,-2.2288659793814444e-01,197,198,6.1566160059517983e-03,wind_direction:18.4_m:degrees
196,3,1.0243499755859375e+03,-1.5888888888888889e-01,837,838,2.9654320987654338e-03,pressure:18.4_m:hPa
197,12,-8.8946758769452572e-03,-1.7093750000000005e-01,275,276,3.5272460937499847e-03,bulk_richardson:18.4_m:none
198,1,2.4421276092529297e+02,-2.4846153846153848e-01,199,200,5.4684023668638421e-03,azimuth:0_m:degrees
199,8,4.0499999523162842e+00,-2.6890909090909088e-01,761,762,3.3660826446280656e-03,wave_period:0_m:s
200,2,2.8771499633789062e+02,-1.3600000000000001e-01,1327,1328,2.0840000000000615e-03,water_sfc_temperature:0_m:K
201,12,6.2923762015998363e-03,-1.2326765188834167e-01,271,272,1.4991746678854109e-03,bulk_richardson:18.4_m:none
202,0,6.2296636581420898e+01,-1.5195121951219515e-01,251,252,3.7047293277811463e-03,zenith:0_m:degrees
203,11,1.1353499984741211e+02,-1.0743083003952560e-01,745,746,1.0009092471371453e-03,wind_direction:18.4_m:degrees
204,12,9.8173813894391060e-03,-8.4270557029177615e-02,249,250,1.2350779925279299e-03,bulk_richardson:18.4_m:none
205,5,5.0200000762939453e+01,-6.5281249999999991e-01,207,208,9.6702148437499691e-03,relative_humidity:18.4_m:%
206,9,8.9084548950195312e+01,-5.1166666666666671e-01,1293,1294,4.1138888888878622e-03,angle_between_wind_wave:0_m:degrees
207,10,1.8748003005981445e+01,-7.0588235294117641e-01,299,300,7.4712802768170383e-03,wind_speed:18.4_m:m_s-1
208,7,1.7500000000000000e+00,-5.9266666666666656e-01,823,824,5.3528888888890735e-03,wave_height:0_m:m
209,12,-2.8715547174215317e-02,-7.9076923076923067e-01,1075,1076,2.8840236686390464e-03,bulk_richardson:18.4_m:none
210,-2,-2.0000000000000000e+00,-6.5333333333333332e-01,-1,-1,1.6000000000000458e-03,wind_direction:18.4_m:degrees
211,1,2.2658465576171875e+02,-5.1222222222222213e-01,533,534,4.9654320987655431e-03,azimuth:0_m:degrees
212,1,2.7543692016601562e+02,-4.4398058252427181e-01,319,320,5.9657083608257166e-03,azimuth:0_m:degrees
213,10,1.3747098445892334e+01,-2.2913043478260867e-01,413,414,3.9035916824196812e-03,wind_speed:18.4_m:m_s-1
214,2,2.8221000671386719e+02,-3.0297619047619057e-01,215,216,4.9994756235827165e-03,water_sfc_temperature:0_m:K
215,9,8.9006847381591797e+01,-2.5153846153846154e-01,551,552,3.8591715976331459e-03,angle_between_wind_wave:0_m:degrees
216,11,2.8665499877929688e+02,-3.2603448275862074e-01,409,410,3.7928953626634038e-03,wind_direction:18.4_m:degrees
217,0,6.0769111633300781e+01,-4.9447004608294917e-02,817,818,1.3798785278939731e-03,zenith:0_m:degrees
218,11,2.9765499877929688e+02,-7.4189723320158094e-02,269,270,2.4243434517021096e-03,wind_direction:18.4_m:degrees
219,3,9.9214999389648438e+02,-7.5000000000000000e-01,243,244,1.6000000000000014e-02,pressure:18.4_m:hPa
220,5,4.6950000762939453e+01,-6.1942857142857133e-01,221,222,9.4091972789113743e-03,relative_humidity:18.4_m:%
221,12,-7.3439055122435093e-03,-6.8000000000000005e-01,223,224,1.7972727272727251e-02,bulk_richardson:18.4_m:none
222,1,1.9782631683349609e+02,-6.0337349397590367e-01,325,326,5.9091014661055152e-03,azimuth:0_m:degrees
223,3,1.0054500122070312e+03,-5.9727272727272729e-01,225,226,1.4747107438016438e-02,pressure:18.4_m:hPa
224,1,2.1431214141845703e+02,-7.6272727272727281e-01,449,450,7.5107438016528416e-03,azimuth:0_m:degrees
225,-2,-2.0000000000000000e+00,-4.5750000000000002e-01,-1,-1,9.1874999999996820e-04,wind_direction:18.4_m:degrees
226,4,1.0396471023559570e+00,-6.7714285714285716e-01,809,810,5.1061224489795110e-03,mixing_ratio:18.4_m:g_kg-1
227,4,4.1620028018951416e+00,-4.0686046511627910e-01,517,518,5.4378177393185068e-03,mixing_ratio:18.4_m:g_kg-1
228,10,1.5011991500854492e+01,-3.1538461538461543e-01,615,616,5.3325443786985116e-03,wind_speed:18.4_m:m_s-1
229,11,1.1039999771118164e+02,-1.4590361445783129e-01,437,438,3.0338220351284785e-03,wind_direction:18.4_m:degrees
230,3,9.9685000610351562e+02,-1.8417624521072803e-01,259,260,3.0634018878172159e-03,pressure:18.4_m:hPa
231,-2,-2.0000000000000000e+00,-2.5666666666666665e-01,-1,-1,3.5555555555556728e-04,wind_direction:18.4_m:degrees
232,9,8.9658973693847656e+01,-1.2788732394366195e-01,385,386,2.6166633604443462e-03,angle_between_wind_wave:0_m:degrees
233,10,5.2704126834869385e+00,-3.9625390218522336e-02,589,590,9.6010940736592724e-04,wind_speed:18.4_m:m_s-1
234,10,5.4483666419982910e+00,-5.4176548089591520e-02,571,572,7.9243786898022415e-04,wind_speed:18.4_m:m_s-1
235,0,9.3409778594970703e+01,-1.6632352941176470e-01,349,350,3.6908953287197212e-03,zenith:0_m:degrees
236,-2,-2.0000000000000000e+00,-3.8000000000000000e-01,-1,-1,-5.5511151231257827e-17,wind_direction:18.4_m:degrees
237,1,2.5059238433837891e+02,-4.5904761904761898e-01,881,882,3.5514739229025871e-03,azimuth:0_m:degrees
238,2,2.7700498962402344e+02,-5.3482758620689663e-01,239,240,6.6870392390012134e-03,water_sfc_temperature:0_m:K
239,7,1.8499999642372131e+00,-6.2300000000000000e-01,871,872,3.8209999999999633e-03,wave_height:0_m:m
240,10,1.6909502983093262e+01,-5.1645833333333335e-01,381,382,5.3270399305556104e-03,wind_speed:18.4_m:m_s-1
241,-2,-2.0000000000000000e+00,1.3000000000000000e-01,-1,-1,0.0000000000000000e+00,wind_direction:18.4_m:degrees
242,-2,-2.0000000000000000e+00,-1.6500000000000001e-01,-1,-1,2.5000000000004186e-05,wind_direction:18.4_m:degrees
243,-2,-2.0000000000000000e+00,-6.3000000000000000e-01,-1,-1,3.1999999999999251e-03,wind_direction:18.4_m:degrees
244,-2,-2.0000000000000000e+00,-8.7000000000000000e-01,-1,-1,0.0000000000000000e+00,wind_direction:18.4_m:degrees
245,6,2.1650000000000000e+02,-3.2011922503725580e-03,1963,1964,4.7875385848911536e-04,wave_direction:0_m:degrees
246,4,1.0740198135375977e+01,-9.5052253429131952e-03,719,720,3.5702169052728320e-04,mixing_ratio:18.4_m:g_kg-1
247,11,2.7213999938964844e+02,-2.0571428571428568e-01,403,404,5.7857142857142344e-03,wind_direction:18.4_m:degrees
248,1,2.7343710327148438e+02,-2.5800000000000001e-01,741,742,3.1848888888888621e-03,azimuth:0_m:degrees
249,10,1.0453320026397705e+01,-9.1240458015267090e-02,599,600,8.7193454635513951e-04,wind_speed:18.4_m:m_s-1
250,6,2.2750000000000000e+02,-6.8391304347826046e-02,647,648,1.6995860113421992e-03,wave_direction:0_m:degrees
251,12,2.3023845627903938e-02,-1.0944444444444444e-01,315,316,4.4441358024691346e-03,bulk_richardson:18.4_m:none
252,4,9.2615551948547363e+00,-1.6390625000000000e-01,475,476,2.8456787109374902e-03,mixing_ratio:18.4_m:g_kg-1
253,11,3.3482499694824219e+02,-9.3999999999999986e-02,943,944,2.3280000000000019e-03,wind_direction:18.4_m:degrees
254,10,1.0960504055023193e+01,-1.5739130434782617e-01,801,802,2.2001512287334740e-03,wind_speed:18.4_m:m_s-1
255,-2,-2.0000000000000000e+00,-6.2000000000000000e-01,-1,-1,0.0000000000000000e+00,wind_direction:18.4_m:degrees
256,5,8.3350002288818359e+01,-4.0999999999999992e-01,677,678,2.9384615384614454e-03,relative_humidity:18.4_m:%
257,11,2.3948000335693359e+02,-1.9369230769230766e-01,365,366,2.3802130177515285e-03,wind_direction:18.4_m:degrees
258,1,1.1715074539184570e+02,-1.4178571428571429e-01,805,806,1.8075255102040846e-03,azimuth:0_m:degrees
259,7,2.0999999642372131e+00,-2.3500000000000001e-01,873,874,1.9178571428571378e-03,wave_height:0_m:m
260,12,9.2865820042788982e-03,-1.7806866952789702e-01,261,262,2.8533515076719015e-03,bulk_richardson:18.4_m:none
261,10,1.3054619789123535e+01,-1.9052325581395352e-01,443,444,2.6572843428880541e-03,wind_speed:18.4_m:m_s-1
262,11,2.0901000213623047e+02,-1.4295081967213116e-01,645,646,1.7355549583445221e-03,wind_direction:18.4_m:degrees
263,0,7.1682472229003906e+01,-2.0488789237668167e-01,455,456,4.0267811538538603e-03,zenith:0_m:degrees
264,6,2.1450000000000000e+02,-1.0888888888888888e-01,1955,1956,1.6987654320994219e-03,wave_direction:0_m:degrees
265,-2,-2.0000000000000000e+00,-3.8600000000000001e-01,-1,-1,1.0639999999999261e-03,wind_direction:18.4_m:degrees
266,8,5.4000000953674316e+00,-5.4624999999999990e-01,1931,1932,1.4734374999998967e-03,wave_period:0_m:s
267,11,2.6714500427246094e+02,-1.4511111111111114e-01,447,448,2.2694320987654212e-03,wind_direction:18.4_m:degrees
268,4,5.8151679039001465e+00,-1.1357894736842100e-01,377,378,2.9050858725761727e-03,mixing_ratio:18.4_m:g_kg-1
269,12,-1.2136346474289894e-01,-1.0540983606557376e-01,379,380,1.7035205589895248e-03,bulk_richardson:18.4_m:none
270,3,1.0191999816894531e+03,-6.4270833333333263e-02,561,562,2.2453016493055537e-03,pressure:18.4_m:hPa
271,5,7.0400001525878906e+01,-1.3065882352941180e-01,343,344,1.5892130103805913e-03,relative_humidity:18.4_m:%
272,1,3.5299813842773438e+02,-1.0619565217391294e-01,1243,1244,8.7357041587904014e-04,azimuth:0_m:degrees
273,-2,-2.0000000000000000e+00,-1.0700000000000001e+00,-1,-1,0.0000000000000000e+00,wind_direction:18.4_m:degrees
274,0,8.8930099487304688e+01,-7.8100000000000003e-01,1161,1162,2.7090000000000725e-03,zenith:0_m:degrees
275,-2,-2.0000000000000000e+00,-1.4520000000000002e-01,-1,-1,8.4095999999999477e-04,wind_direction:18.4_m:degrees
276,-2,-2.0000000000000000e+00,-2.6285714285714284e-01,-1,-1,2.3061224489795418e-03,wind_direction:18.4_m:degrees
277,-2,-2.0000000000000000e+00,-2.2666666666666666e-01,-1,-1,7.2222222222221438e-04,wind_direction:18.4_m:degrees
278,-2,-2.0000000000000000e+00,-4.1999999999999998e-01,-1,-1,2.7755575615628914e-17,wind_direction:18.4_m:degrees
279,9,9.0685306549072266e+01,-1.7245901639344260e-01,285,286,5.7267401236226929e-03,angle_between_wind_wave:0_m:degrees
280,8,8.5500001907348633e+00,-1.3334728033472806e-01,603,604,1.8758250030636442e-03,wave_period:0_m:s
281,-2,-2.0000000000000000e+00,-2.9999999999999999e-02,-1,-1,0.0000000000000000e+00,wind_direction:18.4_m:degrees
282,6,2.4300000000000000e+02,-3.0374999999999991e-01,357,358,4.7938920454545231e-03,wave_direction:0_m:degrees
283,0,1.2299428176879883e+02,-3.6552631578947370e-01,487,488,5.2615650969528027e-03,zenith:0_m:degrees
284,11,2.9400498962402344e+02,-2.8071428571428569e-01,383,384,5.3066326530610830e-03,wind_direction:18.4_m:degrees
285,0,6.3728776931762695e+01,-1.5620000000000001e-01,513,514,4.2635600000000065e-03,zenith:0_m:degrees
286,0,7.8502517700195312e+01,-2.4636363636363637e-01,451,452,5.7140495867768273e-03,zenith:0_m:degrees
287,12,4.9819719279184937e-03,-2.7054054054054061e-01,347,348,3.3564645726807951e-03,bulk_richardson:18.4_m:none
288,-2,-2.0000000000000000e+00,-3.6699999999999999e-01,-1,-1,1.0409999999999031e-03,wind_direction:18.4_m:degrees
289,12,-8.9975528419017792e-02,-1.7489285714285710e-01,291,292,3.7549885204081965e-03,bulk_richardson:18.4_m:none
290,3,1.0102999877929688e+03,-1.4801282051282050e-01,295,296,3.7569485535831025e-03,pressure:18.4_m:hPa
291,0,1.2607572174072266e+02,-2.9999999999999999e-01,541,542,6.8857142857142867e-03,zenith:0_m:degrees
292,12,-3.7800101563334465e-02,-1.7168498168498175e-01,293,294,3.2630949026553786e-03,bulk_richardson:18.4_m:none
293,9,9.0216510772705078e+01,-1.8740000000000004e-01,471,472,3.5539066666666133e-03,angle_between_wind_wave:0_m:degrees
294,9,8.9991466522216797e+01,-1.5252032520325204e-01,373,374,2.2399894242845012e-03,angle_between_wind_wave:0_m:degrees
295,2,2.7763999938964844e+02,-1.2063492063492062e-01,709,710,2.2789619551524375e-03,water_sfc_temperature:0_m:K
296,7,1.3499999642372131e+00,-1.6655913978494624e-01,297,298,3.9064400508729176e-03,wave_height:0_m:m
297,9,9.0577411651611328e+01,-1.5741176470588239e-01,661,662,2.8050657439446340e-03,angle_between_wind_wave:0_m:degrees
298,7,1.7500000000000000e+00,-2.6374999999999998e-01,579,580,5.2734375000001027e-03,wave_height:0_m:m
299,5,4.3049999237060547e+01,-6.7571428571428582e-01,913,914,2.9816326530613946e-03,relative_humidity:18.4_m:%
300,11,2.5883999633789062e+02,-8.4666666666666668e-01,1765,1766,4.3555555555560010e-03,wind_direction:18.4_m:degrees
301,11,1.0771500015258789e+02,-1.2102739726027398e-01,369,370,1.4092184274723200e-03,wind_direction:18.4_m:degrees
302,3,1.0099499816894531e+03,-8.9793103448275860e-02,907,908,7.4133650416171801e-04,pressure:18.4_m:hPa
303,3,1.0145000000000000e+03,-2.8057692307692306e-01,341,342,3.1669748520710000e-03,pressure:18.4_m:hPa
304,2,2.7582499694824219e+02,-3.4000000000000014e-01,717,718,4.2750000000000010e-03,water_sfc_temperature:0_m:K
305,12,-1.8226190470159054e-02,-5.9636363636363643e-01,971,972,3.2413223140495551e-03,bulk_richardson:18.4_m:none
306,1,2.3557383728027344e+02,-4.9411764705882355e-01,799,800,4.2948096885812581e-03,azimuth:0_m:degrees
307,5,6.9049999237060547e+01,-2.9649292149292374e-02,657,658,4.3021805934448506e-04,relative_humidity:18.4_m:%
308,7,3.4000000953674316e+00,-2.0719008264462772e-02,1011,1012,5.9146649818995296e-04,wave_height:0_m:m
309,6,2.4000000000000000e+02,-2.1883116883116882e-01,311,312,4.0129195479844879e-03,wave_direction:0_m:degrees
310,4,3.7397755384445190e+00,-1.7702127659574474e-01,781,782,1.3868718877321287e-03,mixing_ratio:18.4_m:g_kg-1
311,11,2.5747999572753906e+02,-2.2400921658986175e-01,393,394,3.7429123574508061e-03,wind_direction:18.4_m:degrees
312,2,2.7784999084472656e+02,-1.3857142857142857e-01,1887,1888,1.3408163265300928e-03,water_sfc_temperature:0_m:K
313,11,2.9177000427246094e+02,-2.2283333333333330e-01,323,324,4.4636388888889128e-03,wind_direction:18.4_m:degrees
314,11,3.0058999633789062e+02,-2.9157894736842105e-01,733,734,3.6343490304707737e-03,wind_direction:18.4_m:degrees
315,3,1.0002500000000000e+03,-1.2000000000000002e-01,735,736,2.7000000000000010e-03,pressure:18.4_m:hPa
316,-2,-2.0000000000000000e+00,7.0000000000000007e-02,-1,-1,-4.8572257327350599e-17,wind_direction:18.4_m:degrees
317,9,9.0234500885009766e+01,-2.1509090909090905e-01,397,398,5.0286280991735169e-03,angle_between_wind_wave:0_m:degrees
318,-2,-2.0000000000000000e+00,-1.5517241379310343e-01,-1,-1,8.3876337693222086e-04,wind_direction:18.4_m:degrees
319,5,6.5099998474121094e+01,-4.3422222222222212e-01,419,420,5.1888395061728543e-03,relative_humidity:18.4_m:%
320,9,8.9071224212646484e+01,-5.1153846153846161e-01,923,924,6.1207100591723629e-03,angle_between_wind_wave:0_m:degrees
321,10,1.3244093418121338e+01,-2.8999999999999998e-01,425,426,9.4857142857142918e-03,wind_speed:18.4_m:m_s-1
322,11,2.8250999450683594e+02,-3.9176470588235290e-01,339,340,5.1498269896193827e-03,wind_direction:18.4_m:degrees
323,3,1.0053000183105469e+03,-2.4222222222222220e-01,497,498,3.7106172839506193e-03,pressure:18.4_m:hPa
324,1,2.3837139129638672e+01,-1.6466666666666666e-01,919,920,2.2115555555556644e-03,azimuth:0_m:degrees
325,6,2.1050000000000000e+02,-6.1507042253521116e-01,327,328,5.0249950406663912e-03,wave_direction:0_m:degrees
326,4,2.9923617839813232e+00,-5.3416666666666668e-01,557,558,5.5409722222214408e-03,mixing_ratio:18.4_m:g_kg-1
327,-2,-2.0000000000000000e+00,-5.3000000000000003e-01,-1,-1,8.3999999999995190e-04,wind_direction:18.4_m:degrees
328,2,2.7537001037597656e+02,-6.2901639344262306e-01,465,466,4.3301800591238893e-03,water_sfc_temperature:0_m:K
329,12,-9.2429641634225845e-02,-8.3051643192488256e-02,359,360,1.0385747977694091e-03,bulk_richardson:18.4_m:none
330,11,3.4618499755859375e+02,-6.7303523035230281e-02,751,752,1.2644092287806153e-03,wind_direction:18.4_m:degrees
331,-2,-2.0000000000000000e+00,-1.9500000000000001e-01,-1,-1,1.8999999999999989e-03,wind_direction:18.4_m:degrees
332,4,8.2501378655433655e-01,-2.9431818181818187e-01,639,640,3.5927169421487715e-03,mixing_ratio:18.4_m:g_kg-1
333,11,2.0573999786376953e+02,-2.2626666666666662e-01,335,336,3.7113955555554828e-03,wind_direction:18.4_m:degrees
334,1,3.2802807617187500e+02,-3.0307692307692302e-01,337,338,9.6213017751481250e-03,azimuth:0_m:degrees
335,11,1.2517499923706055e+02,-2.7071428571428574e-01,807,808,2.7923469387754890e-03,wind_direction:18.4_m:degrees
336,10,1.3939157009124756e+01,-1.9978723404255319e-01,653,654,2.3808057944771505e-03,wind_speed:18.4_m:m_s-1
337,-2,-2.0000000000000000e+00,-4.6999999999999997e-01,-1,-1,0.0000000000000000e+00,wind_direction:18.4_m:degrees
338,11,3.1761000061035156e+02,-2.7272727272727276e-01,703,704,5.3834710743801972e-03,wind_direction:18.4_m:degrees
339,2,2.7633999633789062e+02,-3.3312499999999995e-01,727,728,3.4464843750000168e-03,water_sfc_temperature:0_m:K
340,3,1.0176500244140625e+03,-4.0267441860465125e-01,415,416,4.7079637641969929e-03,pressure:18.4_m:hPa
341,9,8.9885562896728516e+01,-3.0843749999999992e-01,651,652,2.1069335937500544e-03,angle_between_wind_wave:0_m:degrees
342,6,2.2850000000000000e+02,-2.3599999999999999e-01,1185,1186,1.6339999999998925e-03,wave_direction:0_m:degrees
343,11,2.0333499908447266e+02,-1.5968750000000004e-01,1633,1634,1.0967773437499904e-03,wind_direction:18.4_m:degrees
344,12,6.2711813952773809e-03,-1.2551246537396130e-01,345,346,1.5006376562487836e-03,bulk_richardson:18.4_m:none
345,6,1.9950000000000000e+02,-1.2433333333333339e-01,705,706,1.0028888888888639e-03,wave_direction:0_m:degrees
346,-2,-2.0000000000000000e+00,-5.5000000000000004e-01,-1,-1,6.6613381477509392e-16,wind_direction:18.4_m:degrees
347,-2,-2.0000000000000000e+00,-3.4333333333333332e-01,-1,-1,1.7111111111110938e-03,wind_direction:18.4_m:degrees
348,4,1.3323238372802734e+01,-2.4714285714285716e-01,1259,1260,1.6346938775510175e-03,mixing_ratio:18.4_m:g_kg-1
349,9,9.0651508331298828e+01,-1.9256410256410261e-01,659,660,3.1780407626561397e-03,angle_between_wind_wave:0_m:degrees
350,5,9.7400001525878906e+01,-1.3103448275862070e-01,973,974,2.2092746730083199e-03,relative_humidity:18.4_m:%
351,1,1.1423674011230469e+02,-3.3576576576576572e-01,353,354,5.1955847739631189e-03,azimuth:0_m:degrees
352,5,5.7449998855590820e+01,-2.9047619047619033e-01,921,922,2.6664399092972690e-03,relative_humidity:18.4_m:%
353,6,2.2750000000000000e+02,-3.7655172413793109e-01,355,356,5.3950059453031496e-03,wave_direction:0_m:degrees
354,9,8.9448348999023438e+01,-3.2134146341463415e-01,479,480,4.3286882807852534e-03,angle_between_wind_wave:0_m:degrees
355,5,5.1450000762939453e+01,-4.2562500000000003e-01,1251,1252,2.5621093749998991e-03,relative_humidity:18.4_m:%
356,7,1.5500000119209290e+00,-3.1615384615384612e-01,1113,1114,2.2698224852070875e-03,wave_height:0_m:m
357,4,1.3247557640075684e+01,-3.0091954022988504e-01,439,440,4.1439820319725679e-03,mixing_ratio:18.4_m:g_kg-1
358,-2,-2.0000000000000000e+00,-5.5000000000000004e-01,-1,-1,-2.3314683517128287e-15,wind_direction:18.4_m:degrees
359,8,9.5000000000000000e+00,-9.8903225806451611e-02,1055,1056,1.0433132154006233e-03,wave_period:0_m:s
360,10,6.9679050445556641e+00,-7.3985239852398466e-02,649,650,8.0994812162144946e-04,wind_speed:18.4_m:m_s-1
361,-2,-2.0000000000000000e+00,-4.6749999999999997e-01,-1,-1,8.1875000000000697e-04,wind_direction:18.4_m:degrees
362,3,9.8494998168945312e+02,-3.3607142857142858e-01,363,364,4.0667091836734531e-03,pressure:18.4_m:hPa
363,-2,-2.0000000000000000e+00,-5.2000000000000002e-01,-1,-1,0.0000000000000000e+00,wind_direction:18.4_m:degrees
364,4,3.0044715404510498e+00,-3.2192307692307681e-01,1005,1006,1.5770710059170856e-03,mixing_ratio:18.4_m:g_kg-1
365,-2,-2.0000000000000000e+00,-1.5520000000000000e-01,-1,-1,5.3695999999999605e-04,wind_direction:18.4_m:degrees
366,2,2.8890499877929688e+02,-2.1775000000000003e-01,627,628,2.0274375000000205e-03,water_sfc_temperature:0_m:K
367,11,2.9579499816894531e+02,-4.1479591836734650e-02,549,550,6.7128019575177092e-04,wind_direction:18.4_m:degrees
368,-2,-2.0000000000000000e+00,1.0000000000000002e-01,-1,-1,3.3827107781547738e-16,wind_direction:18.4_m:degrees
369,-2,-2.0000000000000000e+00,-6.7222222222222225e-02,-1,-1,4.4228395061728272e-04,wind_direction:18.4_m:degrees
370,9,8.9756294250488281e+01,-1.2859375000000003e-01,617,618,1.0808349609374990e-03,angle_between_wind_wave:0_m:degrees
371,3,1.0067000122070312e+03,-1.9789473684210529e-01,827,828,2.5376731301939015e-03,pressure:18.4_m:hPa
372,5,4.7899999618530273e+01,-2.5961538461538464e-01,845,846,3.1575443786982099e-03,relative_humidity:18.4_m:%
373,7,1.1500000357627869e+00,-1.3662500000000002e-01,957,958,1.3973593749999833e-03,wave_height:0_m:m
374,0,6.3501708984375000e+01,-1.8209302325581400e-01,375,376,2.4630611141157679e-03,zenith:0_m:degrees
375,-2,-2.0000000000000000e+00,-3.2000000000000001e-01,-1,-1,2.0000000000000573e-04,wind_direction:18.4_m:degrees
376,8,4.9000000953674316e+00,-1.7175000000000001e-01,1105,1106,1.0994374999999910e-03,wave_period:0_m:s
377,7,1.4499999880790710e+00,-1.2067484662576689e-01,587,588,2.8688697354059302e-03,wave_height:0_m:m
378,6,2.1950000000000000e+02,-7.0740740740740757e-02,1325,1326,9.8463648834021429e-04,wave_direction:0_m:degrees
379,-2,-2.0000000000000000e+00,-2.3999999999999999e-01,-1,-1,-6.9388939039072284e-18,wind_direction:18.4_m:degrees
380,11,2.7123500061035156e+02,-9.8448275862068960e-02,1605,1606,8.0621284185494052e-04,wind_direction:18.4_m:degrees
381,10,1.5382416248321533e+01,-5.2533333333333332e-01,775,776,4.4204444444445046e-03,wind_speed:18.4_m:m_s-1
382,-2,-2.0000000000000000e+00,-3.8333333333333330e-01,-1,-1,2.2222222221396359e-05,wind_direction:18.4_m:degrees
383,-2,-2.0000000000000000e+00,-5.1000000000000001e-01,-1,-1,0.0000000000000000e+00,wind_direction:18.4_m:degrees
384,-2,-2.0000000000000000e+00,-2.6307692307692304e-01,-1,-1,1.3597633136094578e-03,wind_direction:18.4_m:degrees
385,3,1.0289499511718750e+03,-8.9600000000000013e-02,963,964,1.9478399999999976e-03,pressure:18.4_m:hPa
386,6,2.1050000000000000e+02,-1.4869565217391303e-01,949,950,1.7504725897920619e-03,wave_direction:0_m:degrees
387,4,1.1247051656246185e+00,-6.3719512195121964e-03,1255,1256,7.6275189619274251e-04,mixing_ratio:18.4_m:g_kg-1
388,9,9.1027118682861328e+01,-2.1400189214758714e-02,489,490,1.0368284957068593e-03,angle_between_wind_wave:0_m:degrees
389,12,-1.1661182343959808e-01,-1.1406844106463881e-01,391,392,1.7967557720944341e-03,bulk_richardson:18.4_m:none
390,0,1.5896527862548828e+02,-9.4203821656050901e-02,635,636,1.5593979471783623e-03,zenith:0_m:degrees
391,5,5.9949998855590820e+01,-1.6466666666666666e-01,601,602,2.7248888888888913e-03,relative_humidity:18.4_m:%
392,10,8.0556006431579590e+00,-1.0755364806866949e-01,679,680,1.3051741605113343e-03,wind_speed:18.4_m:m_s-1
393,0,9.9299747467041016e+01,-1.9636363636363635e-01,1031,1032,1.3140495867768817e-03,zenith:0_m:degrees
394,0,6.3008998870849609e+01,-2.3339506172839508e-01,395,396,4.2199550373418701e-03,zenith:0_m:degrees
395,-2,-2.0000000000000000e+00,-3.2749999999999996e-01,-1,-1,1.6437500000000271e-03,wind_direction:18.4_m:degrees
396,1,3.3987330627441406e+02,-2.2850649350649355e-01,507,508,3.8698473604317843e-03,azimuth:0_m:degrees
397,1,2.4522166442871094e+02,-2.4884615384615380e-01,453,454,4.9794378698225158e-03,azimuth:0_m:degrees
398,5,4.5899999618530273e+01,-1.8482758620689657e-01,1165,1166,3.1353151010701588e-03,relative_humidity:18.4_m:%
399,12,-3.1263338401913643e-02,-1.7792899408283991e-02,1643,1644,2.8714054129757167e-04,bulk_richardson:18.4_m:none
400,11,2.7427000427246094e+02,-2.6258549931600605e-02,833,834,3.4954464304091254e-04,wind_direction:18.4_m:degrees
401,-2,-2.0000000000000000e+00,-1.7999999999999999e-01,-1,-1,0.0000000000000000e+00,wind_direction:18.4_m:degrees
402,4,9.2873039841651917e-01,-4.2000000000000010e-01,499,500,4.0894736842105039e-03,mixing_ratio:18.4_m:g_kg-1
403,-2,-2.0000000000000000e+00,-4.0000000000000001e-02,-1,-1,0.0000000000000000e+00,wind_direction:18.4_m:degrees
404,9,8.8808403015136719e+01,-2.0916666666666664e-01,405,406,5.3222222222222212e-03,angle_between_wind_wave:0_m:degrees
405,7,9.4999998807907104e-01,-2.2934426229508198e-01,407,408,5.9471109916689122e-03,wave_height:0_m:m
406,10,1.1051253318786621e+01,-1.7399999999999999e-01,1705,1706,2.2868571428571530e-03,wind_speed:18.4_m:m_s-1
407,6,2.4700000000000000e+02,-1.7500000000000002e-01,591,592,4.5449999999999935e-03,wave_direction:0_m:degrees
408,6,2.3350000000000000e+02,-2.5585365853658548e-01,559,560,4.4876859012492470e-03,wave_direction:0_m:degrees
409,1,1.5461724853515625e+02,-3.1359999999999993e-01,915,916,2.6150399999999296e-03,azimuth:0_m:degrees
410,11,2.8983999633789062e+02,-4.0374999999999994e-01,771,772,4.1484374999999074e-03,wind_direction:18.4_m:degrees
411,2,2.9123500061035156e+02,-7.9308641975308569e-02,1365,1366,6.9334918457553303e-04,water_sfc_temperature:0_m:K
412,11,3.0736499023437500e+02,-6.2894117647058753e-02,929,930,7.9421231833909280e-04,wind_direction:18.4_m:degrees
413,-2,-2.0000000000000000e+00,-7.0000000000000007e-02,-1,-1,0.0000000000000000e+00,wind_direction:18.4_m:degrees
414,0,1.1692010498046875e+02,-2.4428571428571427e-01,1515,1516,1.6340136054421861e-03,zenith:0_m:degrees
415,5,4.5600000381469727e+01,-4.0962500000000002e-01,485,486,4.0836093749999913e-03,relative_humidity:18.4_m:%
416,11,3.0831001281738281e+02,-3.1000000000000000e-01,1129,1130,3.7999999999987627e-03,wind_direction:18.4_m:degrees
417,-2,-2.0000000000000000e+00,-8.0454545454545459e-02,-1,-1,1.7588842975206605e-03,wind_direction:18.4_m:degrees
418,12,-2.9631830751895905e-02,-1.1758928571428560e-01,481,482,2.4772241709183889e-03,bulk_richardson:18.4_m:none
419,2,2.8388000488281250e+02,-4.1843750000000002e-01,445,446,4.6163085937500903e-03,water_sfc_temperature:0_m:K
420,11,2.9347000122070312e+02,-4.7307692307692317e-01,421,422,4.4751479289941443e-03,wind_direction:18.4_m:degrees
421,-2,-2.0000000000000000e+00,-5.4500000000000004e-01,-1,-1,8.7500000000001465e-04,wind_direction:18.4_m:degrees
422,10,1.5973429679870605e+01,-4.4111111111111106e-01,1975,1976,2.7543209876541297e-03,wind_speed:18.4_m:m_s-1
423,1,2.6137742614746094e+02,-4.4083333333333335e-01,737,738,5.0409722222221898e-03,azimuth:0_m:degrees
424,-2,-2.0000000000000000e+00,-6.2000000000000000e-01,-1,-1,-5.5511151231257827e-17,wind_direction:18.4_m:degrees
425,-2,-2.0000000000000000e+00,-4.2999999999999999e-01,-1,-1,0.0000000000000000e+00,wind_direction:18.4_m:degrees
426,-2,-2.0000000000000000e+00,-2.3399999999999999e-01,-1,-1,2.3040000000000213e-03,wind_direction:18.4_m:degrees
427,5,5.0949998855590820e+01,-4.6775000000000000e-01,429,430,7.1174375000000178e-03,relative_humidity:18.4_m:%
428,-2,-2.0000000000000000e+00,-3.3000000000000002e-01,-1,-1,1.9999999999989471e-04,wind_direction:18.4_m:degrees
429,4,2.9968242645263672e+00,-4.4265306122449005e-01,433,434,5.6684714702209815e-03,mixing_ratio:18.4_m:g_kg-1
430,11,2.7633499145507812e+02,-5.0741935483870970e-01,431,432,6.8385015608735666e-03,wind_direction:18.4_m:degrees
431,-2,-2.0000000000000000e+00,-4.1375000000000001e-01,-1,-1,8.9843749999996003e-04,wind_direction:18.4_m:degrees
432,11,3.0061999511718750e+02,-5.3999999999999992e-01,501,502,4.7913043478260420e-03,wind_direction:18.4_m:degrees
433,0,1.5949747467041016e+02,-4.2930232558139519e-01,435,436,4.9553272038936891e-03,zenith:0_m:degrees
434,-2,-2.0000000000000000e+00,-5.3833333333333333e-01,-1,-1,3.4722222222310917e-04,wind_direction:18.4_m:degrees
435,9,8.8289409637451172e+01,-4.1949999999999993e-01,729,730,3.9347500000000979e-03,angle_between_wind_wave:0_m:degrees
436,-2,-2.0000000000000000e+00,-5.6000000000000005e-01,-1,-1,1.9999999999997797e-04,wind_direction:18.4_m:degrees
437,11,1.0065499877929688e+02,-1.8739130434782608e-01,1407,1408,1.6714555765595523e-03,wind_direction:18.4_m:degrees
438,1,5.2617607116699219e+01,-1.3000000000000003e-01,505,506,2.6433333333333378e-03,azimuth:0_m:degrees
439,11,1.2427500152587891e+02,-2.9349999999999998e-01,515,516,3.6327499999999485e-03,wind_direction:18.4_m:degrees
440,10,1.5535732746124268e+01,-3.8571428571428573e-01,1885,1886,2.1673469387762934e-03,wind_speed:18.4_m:m_s-1
441,11,3.0223999023437500e+02,-1.4833333333333334e-01,555,556,4.8805555555555512e-03,wind_direction:18.4_m:degrees
442,5,5.2149999618530273e+01,-2.3227272727272730e-01,839,840,2.6811983471074219e-03,relative_humidity:18.4_m:%
443,9,8.9175174713134766e+01,-1.8090225563909779e-01,693,694,2.3089603708519313e-03,angle_between_wind_wave:0_m:degrees
444,11,2.1066500091552734e+02,-2.2333333333333341e-01,1087,1088,2.4529914529914792e-03,wind_direction:18.4_m:degrees
445,11,2.9200000000000000e+02,-4.3169811320754709e-01,595,596,4.0857956568173537e-03,wind_direction:18.4_m:degrees
446,10,1.5847589015960693e+01,-3.5454545454545450e-01,1443,1444,2.2429752066117081e-03,wind_speed:18.4_m:m_s-1
447,10,9.7727527618408203e+00,-1.0208333333333332e-01,1641,1642,1.2748263888888930e-03,wind_speed:18.4_m:m_s-1
448,5,8.7500000000000000e+01,-1.5441441441441439e-01,629,630,1.9976300624949123e-03,relative_humidity:18.4_m:%
449,-2,-2.0000000000000000e+00,-6.8599999999999994e-01,-1,-1,1.2239999999997253e-03,wind_direction:18.4_m:degrees
450,12,-6.8251651246100664e-03,-8.2666666666666666e-01,1313,1314,3.7555555555555120e-03,bulk_richardson:18.4_m:none
451,-2,-2.0000000000000000e+00,-3.6000000000000004e-01,-1,-1,0.0000000000000000e+00,wind_direction:18.4_m:degrees
452,-2,-2.0000000000000000e+00,-2.0375000000000001e-01,-1,-1,1.1984375000000033e-03,wind_direction:18.4_m:degrees
453,1,2.0847230529785156e+02,-1.9999999999999998e-01,739,740,4.0833333333333763e-03,azimuth:0_m:degrees
454,12,-6.5737556666135788e-02,-2.9071428571428576e-01,877,878,1.9494897959183716e-03,bulk_richardson:18.4_m:none
455,4,2.0399514436721802e+00,-1.7510638297872341e-01,457,458,7.3228610230873584e-03,mixing_ratio:18.4_m:g_kg-1
456,12,-2.8222807683050632e-02,-2.1284090909090914e-01,461,462,2.8464746900826177e-03,bulk_richardson:18.4_m:none
457,3,1.0136499938964844e+03,-1.1800000000000002e-01,835,836,3.0426666666666623e-03,pressure:18.4_m:hPa
458,6,2.2150000000000000e+02,-2.0187499999999997e-01,459,460,7.0839843749999909e-03,wave_direction:0_m:degrees
459,6,2.0900000000000000e+02,-1.3818181818181821e-01,463,464,6.8330578512396621e-03,wave_direction:0_m:degrees
460,8,4.9000000953674316e+00,-2.3523809523809522e-01,951,952,3.9773242630385883e-03,wave_period:0_m:s
461,2,2.8174000549316406e+02,-2.2891089108910889e-01,523,524,3.0869326536613270e-03,water_sfc_temperature:0_m:K
462,6,2.2050000000000000e+02,-1.9120000000000001e-01,813,814,1.7065600000000652e-03,wave_direction:0_m:degrees
463,4,2.4798785448074341e+00,-2.0333333333333334e-01,1427,1428,2.7555555555555528e-03,mixing_ratio:18.4_m:g_kg-1
464,-2,-2.0000000000000000e+00,-5.9999999999999998e-02,-1,-1,5.1999999999999486e-04,wind_direction:18.4_m:degrees
465,-2,-2.0000000000000000e+00,-7.3999999999999999e-01,-1,-1,2.1499999999999853e-03,wind_direction:18.4_m:degrees
466,1,1.0719761657714844e+02,-6.2122807017543857e-01,863,864,3.5581409664509622e-03,azimuth:0_m:degrees
467,10,8.0474901199340820e+00,-4.0807947019867785e-02,469,470,5.7656576465940678e-04,wind_speed:18.4_m:m_s-1
468,-2,-2.0000000000000000e+00,-1.7333333333333334e-01,-1,-1,2.2222222222265317e-03,wind_direction:18.4_m:degrees
469,2,2.7298001098632812e+02,-3.6401842256764565e-02,503,504,5.2113501099871219e-04,water_sfc_temperature:0_m:K
470,12,-2.6740204775705934e-03,-4.6773187840997626e-02,713,714,5.8974356793579886e-04,bulk_richardson:18.4_m:none
471,9,8.9897640228271484e+01,-2.0102040816326533e-01,473,474,3.4438567263639988e-03,angle_between_wind_wave:0_m:degrees
472,10,1.0430026531219482e+01,-1.6173076923076923e-01,883,884,2.7527736686390400e-03,wind_speed:18.4_m:m_s-1
473,3,1.0059500122070312e+03,-1.9081395348837213e-01,671,672,2.5586398053001475e-03,pressure:18.4_m:hPa
474,7,1.3999999761581421e+00,-2.7416666666666661e-01,1149,1150,3.6909722222220887e-03,wave_height:0_m:m
475,12,-2.0516858203336596e-03,-1.7096491228070176e-01,477,478,2.6894198214835359e-03,bulk_richardson:18.4_m:none
476,-2,-2.0000000000000000e+00,-1.0642857142857143e-01,-1,-1,4.0867346938768673e-04,wind_direction:18.4_m:degrees
477,7,2.8999999761581421e+00,-1.8725000000000006e-01,811,812,2.0849375000000087e-03,wave_height:0_m:m
478,10,1.1588516235351562e+01,-1.3264705882352942e-01,1173,1174,2.0194636678200345e-03,wind_speed:18.4_m:m_s-1
479,12,-3.2666613114997745e-03,-3.1043478260869573e-01,891,892,3.2418399495903194e-03,bulk_richardson:18.4_m:none
480,11,2.9447500610351562e+02,-3.7923076923076920e-01,611,612,6.1147928994089717e-03,wind_direction:18.4_m:degrees
481,11,3.4747000122070312e+02,-1.2075242718446597e-01,483,484,2.4569581251767652e-03,wind_direction:18.4_m:degrees
482,7,1.8499999642372131e+00,-8.1388888888888899e-02,1621,1622,1.2841820987656623e-03,wave_height:0_m:m
483,12,-3.0333125963807106e-02,-1.1764102564102562e-01,983,984,2.3262301117685808e-03,bulk_richardson:18.4_m:none
484,12,-7.2874505072832108e-02,-1.7590909090909090e-01,1837,1838,1.5605371900827870e-03,bulk_richardson:18.4_m:none
485,8,5.2500000000000000e+00,-3.8733333333333331e-01,633,634,3.5884444444444497e-03,wave_period:0_m:s
486,11,3.1098999023437500e+02,-4.3828571428571422e-01,527,528,3.2599183673470700e-03,wind_direction:18.4_m:degrees
487,10,1.2651326179504395e+01,-3.8888888888888884e-01,1589,1590,4.1876543209875827e-03,wind_speed:18.4_m:m_s-1
488,3,1.0077000122070312e+03,-3.0818181818181817e-01,1109,1110,3.2694214876033273e-03,pressure:18.4_m:hPa
489,12,-7.8579866886138916e-01,-1.7966903073285995e-02,491,492,9.4763956653197466e-04,bulk_richardson:18.4_m:none
490,12,-5.6311765313148499e-01,-3.5165876777251165e-02,783,784,1.1576739066957193e-03,bulk_richardson:18.4_m:none
491,12,-7.1758253574371338e+00,-9.4972067039106149e-04,605,606,1.0767516619331486e-03,bulk_richardson:18.4_m:none
492,8,5.8500001430511475e+00,-2.2533733133433209e-02,725,726,8.1441977661843724e-04,wave_period:0_m:s
493,12,1.2258156668394804e-02,-7.3196721311475366e-02,855,856,6.0152960673654117e-04,bulk_richardson:18.4_m:none
494,11,2.9436000061035156e+02,-5.9802235597592381e-02,495,496,7.4432890299868000e-04,wind_direction:18.4_m:degrees
495,3,1.0055499877929688e+03,-5.7085769980506684e-02,553,554,5.7523046027458617e-04,pressure:18.4_m:hPa
496,6,2.3050000000000000e+02,-8.0145985401459813e-02,637,638,1.5415845276785184e-03,wave_direction:0_m:degrees
497,8,6.4500000476837158e+00,-2.0666666666666667e-01,585,586,3.1650793650793707e-03,wave_period:0_m:s
498,12,-1.8813273869454861e-02,-2.7333333333333337e-01,999,1000,2.1138888888889429e-03,bulk_richardson:18.4_m:none
499,-2,-2.0000000000000000e+00,-6.4000000000000001e-01,-1,-1,0.0000000000000000e+00,wind_direction:18.4_m:degrees
500,9,8.7904109954833984e+01,-4.1405405405405404e-01,1065,1066,2.8565376186997504e-03,angle_between_wind_wave:0_m:degrees
501,9,8.7853988647460938e+01,-5.5428571428571427e-01,1021,1022,2.5578231292516795e-03,angle_between_wind_wave:0_m:degrees
502,-2,-2.0000000000000000e+00,-3.9000000000000001e-01,-1,-1,3.6000000000006305e-03,wind_direction:18.4_m:degrees
503,-2,-2.0000000000000000e+00,9.0000000000000011e-02,-1,-1,0.0000000000000000e+00,wind_direction:18.4_m:degrees
504,5,6.1750000000000000e+01,-3.6620530565167279e-02,1061,1062,4.9434619902645298e-04,relative_humidity:18.4_m:%
505,-2,-2.0000000000000000e+00,-2.3499999999999999e-01,-1,-1,2.0250000000000060e-03,wind_direction:18.4_m:degrees
506,1,3.1399060058593750e+02,-1.2250000000000003e-01,539,540,1.8437499999999947e-03,azimuth:0_m:degrees
507,0,1.3198195648193359e+02,-2.3424460431654678e-01,509,510,3.5481703845556198e-03,zenith:0_m:degrees
508,7,1.4499999880790710e+00,-1.7533333333333331e-01,743,744,3.7182222222223033e-03,wave_height:0_m:m
509,11,3.1133999633789062e+02,-2.1731707317073171e-01,511,512,2.8123140987507608e-03,wind_direction:18.4_m:degrees
510,2,2.7551499938964844e+02,-2.5859649122807010e-01,933,934,3.6015389350568666e-03,water_sfc_temperature:0_m:K
511,5,6.5549999237060547e+01,-2.3711538461538464e-01,1151,1152,1.9512943786982179e-03,relative_humidity:18.4_m:%
512,4,3.2435698509216309e+00,-1.8300000000000000e-01,749,750,2.4476666666666883e-03,mixing_ratio:18.4_m:g_kg-1
513,-2,-2.0000000000000000e+00,-3.7000000000000000e-01,-1,-1,0.0000000000000000e+00,wind_direction:18.4_m:degrees
514,12,-1.0397713631391525e-01,-1.5183673469387757e-01,793,794,3.3986672219908295e-03,bulk_richardson:18.4_m:none
515,-2,-2.0000000000000000e+00,-1.9999999999999998e-01,-1,-1,1.3200000000000087e-03,wind_direction:18.4_m:degrees
516,4,6.9582302570343018e+00,-2.9973333333333341e-01,545,546,3.1652622222222149e-03,mixing_ratio:18.4_m:g_kg-1
517,0,5.3194475173950195e+01,-3.9712328767123289e-01,569,570,4.0478889097392556e-03,zenith:0_m:degrees
518,9,8.8717693328857422e+01,-4.6153846153846156e-01,519,520,9.7207100591712170e-03,angle_between_wind_wave:0_m:degrees
519,0,8.3558528900146484e+01,-5.4999999999999993e-01,1191,1192,3.2000000000000917e-03,zenith:0_m:degrees
520,0,7.6223644256591797e+01,-3.8571428571428573e-01,1817,1818,2.8530612244898335e-03,zenith:0_m:degrees
521,-2,-2.0000000000000000e+00,-4.8749999999999999e-01,-1,-1,1.4187500000000242e-03,wind_direction:18.4_m:degrees
522,0,8.4174022674560547e+01,-6.0350000000000004e-01,699,700,4.2327499999999518e-03,zenith:0_m:degrees
523,0,1.5539759063720703e+02,-2.4818181818181820e-01,525,526,3.3348760330579250e-03,zenith:0_m:degrees
524,2,2.8226499938964844e+02,-2.0586956521739133e-01,1187,1188,1.8155482041587387e-03,water_sfc_temperature:0_m:K
525,6,1.8450000000000000e+02,-2.5799999999999995e-01,889,890,2.5920000000000110e-03,wave_direction:0_m:degrees
526,-2,-2.0000000000000000e+00,-1.4999999999999999e-01,-1,-1,1.5999999999994838e-04,wind_direction:18.4_m:degrees
527,4,1.1488108634948730e+00,-4.2548387096774187e-01,779,780,2.2441207075963032e-03,mixing_ratio:18.4_m:g_kg-1
528,-2,-2.0000000000000000e+00,-5.3750000000000009e-01,-1,-1,1.8750000000233857e-05,wind_direction:18.4_m:degrees
529,10,5.2520520687103271e+00,-1.5324971493728697e-02,1009,1010,4.1250366756854443e-04,wind_speed:18.4_m:m_s-1
530,5,9.3549999237060547e+01,-8.2653817642697816e-03,621,622,7.0996367185204707e-04,relative_humidity:18.4_m:%
531,6,1.7500000000000000e+02,-9.8496240601503748e-02,1399,1400,8.8119735428799674e-04,wave_direction:0_m:degrees
532,11,1.4219999694824219e+02,-7.2613636363636380e-02,1201,1202,7.2157799586779897e-04,wind_direction:18.4_m:degrees
533,3,9.9570001220703125e+02,-5.5750000000000000e-01,1357,1358,1.8854166666666394e-03,pressure:18.4_m:hPa
534,10,1.6632636070251465e+01,-4.7600000000000003e-01,1533,1534,4.4773333333333887e-03,wind_speed:18.4_m:m_s-1
535,11,1.6515499877929688e+02,-7.1751824817518253e-02,911,912,1.1487559273269743e-03,wind_direction:18.4_m:degrees
536,11,9.7330001831054688e+01,-9.6172839506172808e-02,747,748,1.4705380277396946e-03,wind_direction:18.4_m:degrees
537,-2,-2.0000000000000000e+00,-3.7000000000000000e-01,-1,-1,0.0000000000000000e+00,wind_direction:18.4_m:degrees
538,-2,-2.0000000000000000e+00,-5.9999999999999998e-01,-1,-1,9.2000000000003190e-04,wind_direction:18.4_m:degrees
539,3,1.0025499877929688e+03,-1.0866666666666666e-01,1919,1920,1.1226666666666676e-03,pressure:18.4_m:hPa
540,-2,-2.0000000000000000e+00,-1.7909090909090908e-01,-1,-1,8.0826446280990449e-04,wind_direction:18.4_m:degrees
541,-2,-2.0000000000000000e+00,-1.7499999999999999e-01,-1,-1,1.2250000000000004e-03,wind_direction:18.4_m:degrees
542,-2,-2.0000000000000000e+00,-3.4999999999999998e-01,-1,-1,4.0000000000002534e-04,wind_direction:18.4_m:degrees
543,9,8.8866569519042969e+01,-1.6103448275862070e-01,1019,1020,2.2161712247324612e-03,angle_between_wind_wave:0_m:degrees
544,-2,-2.0000000000000000e+00,-1.0333333333333333e-01,-1,-1,8.3888888888885259e-04,wind_direction:18.4_m:degrees
545,11,3.1684498596191406e+02,-2.7725000000000000e-01,689,690,2.2449375000000160e-03,wind_direction:18.4_m:degrees
546,1,2.7102328491210938e+02,-3.2542857142857146e-01,547,548,2.9791020408161395e-03,azimuth:0_m:degrees
547,3,9.9789999389648438e+02,-3.3870967741935476e-01,1177,1178,1.7854318418314419e-03,pressure:18.4_m:hPa
548,-2,-2.0000000000000000e+00,-2.2250000000000000e-01,-1,-1,2.6874999999994958e-04,wind_direction:18.4_m:degrees
549,11,2.1069499969482422e+02,-4.5451895043731740e-02,1119,1120,4.2537888124846365e-04,wind_direction:18.4_m:degrees
550,9,9.1457134246826172e+01,-1.3673469387755103e-02,961,962,1.5089546022490549e-03,angle_between_wind_wave:0_m:degrees
551,4,2.3426637649536133e+00,-2.9230769230769232e-01,795,796,2.7254437869822512e-03,mixing_ratio:18.4_m:g_kg-1
552,12,-8.6757373064756393e-03,-2.1076923076923079e-01,1585,1586,1.6686390532544698e-03,bulk_richardson:18.4_m:none
553,5,9.0450000762939453e+01,-7.5727272727272713e-02,1101,1102,9.6810743801653120e-04,relative_humidity:18.4_m:%
554,12,-1.9896224839612842e-03,-5.4847161572052328e-02,607,608,4.8130851814421477e-04,bulk_richardson:18.4_m:none
555,-2,-2.0000000000000000e+00,-2.3249999999999998e-01,-1,-1,4.6875000000001082e-04,wind_direction:18.4_m:degrees
556,-2,-2.0000000000000000e+00,-1.0625000000000000e-01,-1,-1,1.7734374999999955e-03,wind_direction:18.4_m:degrees
557,-2,-2.0000000000000000e+00,-5.7625000000000004e-01,-1,-1,1.1734374999999297e-03,wind_direction:18.4_m:degrees
558,12,-3.5827187821269035e-03,-4.5000000000000001e-01,1629,1630,3.6500000000000976e-03,bulk_richardson:18.4_m:none
559,6,2.3250000000000000e+02,-2.3392857142857140e-01,1049,1050,2.9309948979591022e-03,wave_direction:0_m:degrees
560,4,1.5354331135749817e+00,-3.0307692307692313e-01,869,870,4.5751479289941749e-03,mixing_ratio:18.4_m:g_kg-1
561,3,1.0170499877929688e+03,-7.4538461538461553e-02,1077,1078,1.9232485207100686e-03,pressure:18.4_m:hPa
562,11,3.4539500427246094e+02,-4.2741935483870980e-02,563,564,2.2360301768990717e-03,wind_direction:18.4_m:degrees
563,4,2.5496809482574463e+00,-3.4310344827586221e-02,1083,1084,9.9348989298454066e-04,mixing_ratio:18.4_m:g_kg-1
564,11,3.4690499877929688e+02,-1.6500000000000001e-01,1371,1372,4.2750000000000322e-03,wind_direction:18.4_m:degrees
565,2,2.8688999938964844e+02,-2.5124999999999997e-01,2035,2036,8.9843750000001554e-04,water_sfc_temperature:0_m:K
566,9,9.1000400543212891e+01,-2.9952380952380953e-01,567,568,4.4235827664399485e-03,angle_between_wind_wave:0_m:degrees
567,0,1.0271899032592773e+02,-2.8871794871794865e-01,711,712,3.1291255752794178e-03,zenith:0_m:degrees
568,-2,-2.0000000000000000e+00,-4.4000000000000000e-01,-1,-1,2.7755575615628914e-17,wind_direction:18.4_m:degrees
569,-2,-2.0000000000000000e+00,-5.9999999999999998e-01,-1,-1,0.0000000000000000e+00,wind_direction:18.4_m:degrees
570,4,2.5052473545074463e+00,-3.9430555555555569e-01,815,816,3.5245177469135913e-03,mixing_ratio:18.4_m:g_kg-1
571,4,8.7328577041625977e-01,-4.6292134831460614e-02,887,888,7.4243151117283886e-04,mixing_ratio:18.4_m:g_kg-1
572,9,9.1201396942138672e+01,-6.1141439205955321e-02,977,978,7.3318843167557686e-04,angle_between_wind_wave:0_m:degrees
573,12,-1.3065262231975794e-02,-1.4615384615384613e-01,1785,1786,1.3698224852071138e-03,bulk_richardson:18.4_m:none
574,2,2.8185499572753906e+02,-2.1909090909090906e-01,843,844,3.6264462809916936e-03,water_sfc_temperature:0_m:K
575,4,3.5077496767044067e+00,-3.3487179487179486e-01,577,578,3.9095989480604498e-03,mixing_ratio:18.4_m:g_kg-1
576,1,7.6962383270263672e+01,-4.1000000000000003e-01,1789,1790,1.6500000000004011e-03,azimuth:0_m:degrees
577,10,1.4632846355438232e+01,-3.4881355932203389e-01,787,788,3.3833381212295122e-03,wind_speed:18.4_m:m_s-1
578,10,1.4436543464660645e+01,-2.9157894736842105e-01,613,614,3.0659279778394027e-03,wind_speed:18.4_m:m_s-1
579,-2,-2.0000000000000000e+00,-3.0499999999999999e-01,-1,-1,2.2499999999998910e-04,wind_direction:18.4_m:degrees
580,-2,-2.0000000000000000e+00,-1.4000000000000001e-01,-1,-1,5.8980598183211441e-17,wind_direction:18.4_m:degrees
581,-2,-2.0000000000000000e+00,-9.1000000000000003e-01,-1,-1,0.0000000000000000e+00,wind_direction:18.4_m:degrees
582,10,1.8797561645507812e+01,-6.9777777777777783e-01,1721,1722,2.2395061728395227e-03,wind_speed:18.4_m:m_s-1
583,11,1.4306999969482422e+02,-5.8260869565217345e-02,847,848,8.4335223692501250e-04,wind_direction:18.4_m:degrees
584,6,2.1350000000000000e+02,-8.7543859649122813e-02,1229,1230,1.3553708833486909e-03,wave_direction:0_m:degrees
585,-2,-2.0000000000000000e+00,-1.7230769230769230e-01,-1,-1,7.5621301775147948e-04,wind_direction:18.4_m:degrees
586,12,-8.8661098852753639e-03,-2.6250000000000001e-01,1441,1442,2.0437500000000108e-03,bulk_richardson:18.4_m:none
587,5,3.7299999237060547e+01,-1.1567567567567569e-01,681,682,2.5272461650840041e-03,relative_humidity:18.4_m:%
588,5,7.6849998474121094e+01,-1.7000000000000001e-01,1245,1246,3.5599999999998341e-03,relative_humidity:18.4_m:%
589,5,5.3049999237060547e+01,-3.2690582959641210e-02,1121,1122,7.6495807275433277e-04,relative_humidity:18.4_m:%
590,5,6.8849998474121094e+01,-4.5631067961164999e-02,1053,1054,1.0513978697332346e-03,relative_humidity:18.4_m:%
591,10,1.1143137931823730e+01,-1.4571428571428571e-01,1647,1648,3.3244897959183624e-03,wind_speed:18.4_m:m_s-1
592,-2,-2.0000000000000000e+00,-2.4333333333333332e-01,-1,-1,7.2222222222222826e-04,wind_direction:18.4_m:degrees
593,11,1.9479499816894531e+02,-1.3829629629629620e-01,641,642,1.5941344307270379e-03,wind_direction:18.4_m:degrees
594,3,9.8735000610351562e+02,-8.1538461538461532e-02,1003,1004,2.2745562130179016e-03,pressure:18.4_m:hPa
595,6,2.2150000000000000e+02,-4.6842105263157896e-01,597,598,3.1501385041550756e-03,wave_direction:0_m:degrees
596,3,9.9685000610351562e+02,-4.1117647058823542e-01,631,632,3.4339100346022222e-03,pressure:18.4_m:hPa
597,-2,-2.0000000000000000e+00,-2.6000000000000001e-01,-1,-1,0.0000000000000000e+00,wind_direction:18.4_m:degrees
598,-2,-2.0000000000000000e+00,-4.7999999999999993e-01,-1,-1,7.7777777777773838e-04,wind_direction:18.4_m:degrees
599,4,1.4747103691101074e+01,-8.0343137254901928e-02,1205,1206,6.4841166858900599e-04,mixing_ratio:18.4_m:g_kg-1
600,2,2.9152499389648438e+02,-9.8187499999999955e-02,701,702,8.9046484375002524e-04,water_sfc_temperature:0_m:K
601,-2,-2.0000000000000000e+00,-1.3900000000000001e-01,-1,-1,8.6900000000000865e-04,wind_direction:18.4_m:degrees
602,11,3.0319000244140625e+02,-2.1599999999999997e-01,1321,1322,2.4840000000000070e-03,wind_direction:18.4_m:degrees
603,0,1.0930221939086914e+02,-1.3039647577092517e-01,785,786,1.7121776087251905e-03,zenith:0_m:degrees
604,-2,-2.0000000000000000e+00,-1.8916666666666668e-01,-1,-1,1.6909722222222673e-03,wind_direction:18.4_m:degrees
605,-2,-2.0000000000000000e+00,-1.4000000000000001e-01,-1,-1,0.0000000000000000e+00,wind_direction:18.4_m:degrees
606,3,1.0365499877929688e+03,6.2146892655367181e-04,821,822,8.6797535829423271e-04,pressure:18.4_m:hPa
607,5,7.6750000000000000e+01,-6.2189054726368195e-02,619,620,4.8923789015122314e-04,relative_humidity:18.4_m:%
608,11,2.3475999450683594e+02,-4.9105058365758708e-02,609,610,3.9997728958804943e-04,wind_direction:18.4_m:degrees
609,-2,-2.0000000000000000e+00,-5.8645418326693281e-02,-1,-1,2.2685036745447636e-04,wind_direction:18.4_m:degrees
610,5,8.4349998474121094e+01,-3.9999999999999966e-02,1477,1478,3.9543726235742420e-04,relative_humidity:18.4_m:%
611,-2,-2.0000000000000000e+00,-2.9749999999999999e-01,-1,-1,2.0187499999999997e-03,wind_direction:18.4_m:degrees
612,9,8.9532821655273438e+01,-4.1555555555555557e-01,1029,1030,3.6469135802469632e-03,angle_between_wind_wave:0_m:degrees
613,-2,-2.0000000000000000e+00,-2.4900000000000003e-01,-1,-1,1.0289999999999744e-03,wind_direction:18.4_m:degrees
614,-2,-2.0000000000000000e+00,-3.3888888888888891e-01,-1,-1,1.0765432098765876e-03,wind_direction:18.4_m:degrees
615,6,2.2400000000000000e+02,-2.7249999999999996e-01,1871,1872,1.8937500000000274e-03,wave_direction:0_m:degrees
616,3,1.0021999816894531e+03,-3.8400000000000001e-01,1465,1466,3.1839999999998536e-03,pressure:18.4_m:hPa
617,1,9.1051120758056641e+01,-1.1347222222222222e-01,1697,1698,5.7822145061726081e-04,azimuth:0_m:degrees
618,11,2.0063999938964844e+02,-1.4803571428571430e-01,1607,1608,1.0550701530612355e-03,wind_direction:18.4_m:degrees
619,-2,-2.0000000000000000e+00,-7.7058823529411735e-02,-1,-1,4.7790410281760374e-04,wind_direction:18.4_m:degrees
620,9,9.1507942199707031e+01,-5.5936395759717324e-02,1729,1730,3.6193235026031828e-04,angle_between_wind_wave:0_m:degrees
621,5,7.5450000762939453e+01,-3.7027379400260754e-03,1951,1952,5.2318673305127249e-04,relative_humidity:18.4_m:%
622,11,3.0944999694824219e+02,-1.4278350515463879e-02,623,624,8.9252045913486332e-04,wind_direction:18.4_m:degrees
623,11,2.6785000610351562e+02,-1.2862129144851625e-02,1553,1554,3.0105778045801731e-04,wind_direction:18.4_m:degrees
624,0,1.4402323150634766e+02,-1.0444444444444445e-01,625,626,3.0291358024691246e-02,zenith:0_m:degrees
625,-2,-2.0000000000000000e+00,-1.1428571428571429e-02,-1,-1,1.2244897959183451e-05,wind_direction:18.4_m:degrees
626,-2,-2.0000000000000000e+00,-4.2999999999999999e-01,-1,-1,0.0000000000000000e+00,wind_direction:18.4_m:degrees
627,-2,-2.0000000000000000e+00,-1.8578947368421056e-01,-1,-1,9.0858725761772119e-04,wind_direction:18.4_m:degrees
628,-2,-2.0000000000000000e+00,-2.4666666666666670e-01,-1,-1,1.2793650793650885e-03,wind_direction:18.4_m:degrees
629,1,1.5366670131683350e+01,-1.5876190476190480e-01,1319,1320,1.6794195011337956e-03,azimuth:0_m:degrees
630,-2,-2.0000000000000000e+00,-7.8333333333333324e-02,-1,-1,1.4472222222219715e-03,wind_direction:18.4_m:degrees
631,4,1.2755627632141113e+00,-4.6200000000000002e-01,1949,1950,2.4359999999999937e-03,mixing_ratio:18.4_m:g_kg-1
632,5,4.2450000762939453e+01,-3.9000000000000007e-01,1677,1678,2.3249999999999105e-03,relative_humidity:18.4_m:%
633,6,2.3200000000000000e+02,-4.1521739130434776e-01,669,670,3.4510396975426239e-03,wave_direction:0_m:degrees
634,2,2.7990000915527344e+02,-3.5818181818181816e-01,1271,1272,2.0694214876031958e-03,water_sfc_temperature:0_m:K
635,12,-1.0824458673596382e-01,-9.6445182724252398e-02,1283,1284,1.4521473272922029e-03,bulk_richardson:18.4_m:none
636,-2,-2.0000000000000000e+00,-4.2307692307692310e-02,-1,-1,1.2331360946745769e-03,wind_direction:18.4_m:degrees
637,11,2.9452999877929688e+02,-8.5199999999999970e-02,1225,1226,1.3545600000000081e-03,wind_direction:18.4_m:degrees
638,-2,-2.0000000000000000e+00,-2.7499999999999997e-02,-1,-1,4.5208333333336638e-04,wind_direction:18.4_m:degrees
639,2,2.7753498840332031e+02,-3.9999999999999997e-01,1567,1568,6.0666666666666647e-03,water_sfc_temperature:0_m:K
640,10,1.3839254856109619e+01,-2.8658536585365851e-01,899,900,2.5346817370612562e-03,wind_speed:18.4_m:m_s-1
641,9,8.9921283721923828e+01,-1.5419354838709684e-01,655,656,1.3813388831078535e-03,angle_between_wind_wave:0_m:degrees
642,5,8.2149997711181641e+01,-1.2994350282485881e-01,643,644,1.5033866385777347e-03,relative_humidity:18.4_m:%
643,0,4.1573923110961914e+01,-1.4716216216216219e-01,667,668,1.9581628926223435e-03,zenith:0_m:degrees
644,12,8.9222290553152561e-03,-1.1757281553398065e-01,1559,1560,8.1061362993686478e-04,bulk_richardson:18.4_m:none
645,-2,-2.0000000000000000e+00,-1.7200000000000004e-01,-1,-1,7.2799999999998907e-04,wind_direction:18.4_m:degrees
646,7,2.4500000476837158e+00,-1.2277777777777781e-01,1449,1450,1.4422839506172801e-03,wave_height:0_m:m
647,6,2.2250000000000000e+02,-6.9823788546255483e-02,1269,1270,1.5647266587746709e-03,wave_direction:0_m:degrees
648,-2,-2.0000000000000000e+00,4.0000000000000001e-02,-1,-1,3.6277404691364978e-16,wind_direction:18.4_m:degrees
649,-2,-2.0000000000000000e+00,-6.0932203389830505e-02,-1,-1,5.1862252226371778e-04,wind_direction:18.4_m:degrees
650,3,1.0089499816894531e+03,-8.4052287581699331e-02,1747,1748,8.0187961894999469e-04,pressure:18.4_m:hPa
651,-2,-2.0000000000000000e+00,-2.9080000000000000e-01,-1,-1,4.9536000000005576e-04,wind_direction:18.4_m:degrees
652,9,9.0294216156005859e+01,-3.7142857142857144e-01,1613,1614,2.7836734693878484e-03,angle_between_wind_wave:0_m:degrees
653,1,1.2392186641693115e+01,-1.7173913043478259e-01,1275,1276,2.2056710775047381e-03,azimuth:0_m:degrees
654,3,1.0029500122070312e+03,-2.2666666666666668e-01,2027,2028,1.0722222222222036e-03,pressure:18.4_m:hPa
655,11,1.3815499877929688e+02,-1.4138461538461539e-01,1231,1232,9.6885207100590523e-04,wind_direction:18.4_m:degrees
656,12,-9.7423377446830273e-03,-1.8392857142857147e-01,1445,1446,1.0738520408162811e-03,bulk_richardson:18.4_m:none
657,5,2.6750000000000000e+01,-4.0944881889763751e-02,1403,1404,1.0676111352222728e-03,relative_humidity:18.4_m:%
658,10,6.9950983524322510e+00,-2.8644008409250403e-02,941,942,3.6112554749254914e-04,wind_speed:18.4_m:m_s-1
659,8,6.7999999523162842e+00,-2.0656249999999998e-01,687,688,2.5975585937499657e-03,wave_period:0_m:s
660,-2,-2.0000000000000000e+00,-1.2857142857142859e-01,-1,-1,8.4081632653065438e-04,wind_direction:18.4_m:degrees
661,8,5.2000000476837158e+00,-1.6480000000000003e-01,663,664,2.6036266666666502e-03,wave_period:0_m:s
662,-2,-2.0000000000000000e+00,-1.0200000000000001e-01,-1,-1,8.3600000000009361e-04,wind_direction:18.4_m:degrees
663,1,9.8562129974365234e+01,-1.4450000000000002e-01,665,666,3.4347500000000072e-03,azimuth:0_m:degrees
664,-2,-2.0000000000000000e+00,-1.8800000000000000e-01,-1,-1,6.4457142857139021e-04,wind_direction:18.4_m:degrees
665,-2,-2.0000000000000000e+00,-8.9999999999999997e-02,-1,-1,1.0000000000000009e-03,wind_direction:18.4_m:degrees
666,3,1.0251500244140625e+03,-1.7074074074074075e-01,797,798,2.4883401920438898e-03,pressure:18.4_m:hPa
667,-2,-2.0000000000000000e+00,-2.2000000000000000e-01,-1,-1,1.0000000000000980e-04,wind_direction:18.4_m:degrees
668,12,-9.1549302451312542e-03,-1.4073529411764710e-01,849,850,1.6126946366781837e-03,bulk_richardson:18.4_m:none
669,-2,-2.0000000000000000e+00,-3.5000000000000003e-01,-1,-1,9.3333333333329993e-04,wind_direction:18.4_m:degrees
670,3,1.0076000061035156e+03,-4.3823529411764706e-01,1069,1070,2.3086505190312023e-03,pressure:18.4_m:hPa
671,-2,-2.0000000000000000e+00,-2.3117647058823532e-01,-1,-1,1.7397923875432444e-03,wind_direction:18.4_m:degrees
672,3,1.0114500122070312e+03,-1.8086956521739131e-01,1507,1508,2.2601134215500598e-03,pressure:18.4_m:hPa
673,12,-6.8252671509981155e-02,-6.0277777777777798e-02,1451,1452,2.0749228395061706e-03,bulk_richardson:18.4_m:none
674,12,-3.1100113876163960e-02,-9.9193548387096750e-02,675,676,2.1299947970863774e-03,bulk_richardson:18.4_m:none
675,10,8.7252364158630371e+00,-1.1999999999999998e-01,1007,1008,1.4780487804878090e-03,wind_speed:18.4_m:m_s-1
676,-2,-2.0000000000000000e+00,-5.8571428571428580e-02,-1,-1,9.0748299319728465e-04,wind_direction:18.4_m:degrees
677,12,-5.6571190361864865e-04,-4.3210526315789471e-01,1171,1172,1.7324099722992592e-03,bulk_richardson:18.4_m:none
678,-2,-2.0000000000000000e+00,-3.5000000000000003e-01,-1,-1,1.2857142857142234e-03,wind_direction:18.4_m:degrees
679,12,-3.9289629086852074e-02,-9.4587155963302735e-02,857,858,1.0798754313610034e-03,bulk_richardson:18.4_m:none
680,5,4.3799999237060547e+01,-1.1895161290322580e-01,1025,1026,1.2255137877211358e-03,relative_humidity:18.4_m:%
681,-2,-2.0000000000000000e+00,-1.7555555555555552e-01,-1,-1,4.0246913580247942e-04,wind_direction:18.4_m:degrees
682,9,8.9416797637939453e+01,-1.1179856115107915e-01,683,684,2.4176284871383433e-03,angle_between_wind_wave:0_m:degrees
683,9,8.9406684875488281e+01,-1.3084745762711866e-01,1163,1164,1.5297902901465037e-03,angle_between_wind_wave:0_m:degrees
684,12,-3.6361770704388618e-02,-9.7749999999999990e-02,685,686,2.6074374999999813e-03,bulk_richardson:18.4_m:none
685,12,-3.7675440311431885e-02,-7.5250000000000011e-02,691,692,2.3449374999999972e-03,bulk_richardson:18.4_m:none
686,11,3.3402499389648438e+02,-1.2025000000000001e-01,1117,1118,1.8574375000000101e-03,wind_direction:18.4_m:degrees
687,1,2.7283952331542969e+02,-2.1892857142857144e-01,1855,1856,1.6738520408163329e-03,azimuth:0_m:degrees
688,-2,-2.0000000000000000e+00,-1.2000000000000000e-01,-1,-1,5.0000000000005422e-04,wind_direction:18.4_m:degrees
689,0,5.8660127639770508e+01,-2.7256410256410252e-01,1237,1238,1.4241946088100060e-03,zenith:0_m:degrees
690,-2,-2.0000000000000000e+00,-4.6000000000000002e-01,-1,-1,3.3306690738754696e-16,wind_direction:18.4_m:degrees
691,-2,-2.0000000000000000e+00,-8.6285714285714285e-02,-1,-1,1.0062040816326496e-03,wind_direction:18.4_m:degrees
692,1,2.4743431091308594e+02,2.0000000000000018e-03,1059,1060,4.8960000000000036e-03,azimuth:0_m:degrees
693,6,2.1300000000000000e+02,-1.4925925925925923e-01,695,696,3.2587105624142763e-03,wave_direction:0_m:degrees
694,9,9.0505527496337891e+01,-1.8896226415094342e-01,697,698,1.7470363118547438e-03,angle_between_wind_wave:0_m:degrees
695,11,3.2444999694824219e+02,-1.1941176470588234e-01,1497,1498,1.6408304498269962e-03,wind_direction:18.4_m:degrees
696,4,6.1181271076202393e+00,-1.9999999999999998e-01,1501,1502,1.9199999999999912e-03,mixing_ratio:18.4_m:g_kg-1
697,0,1.0332217407226562e+02,-1.9821428571428579e-01,707,708,1.5956207482993381e-03,zenith:0_m:degrees
698,-2,-2.0000000000000000e+00,-1.5363636363636365e-01,-1,-1,7.5041322314039691e-04,wind_direction:18.4_m:degrees
699,12,5.2313678897917271e-03,-6.1722222222222234e-01,1099,1100,2.8200617283951068e-03,bulk_richardson:18.4_m:none
700,-2,-2.0000000000000000e+00,-4.7999999999999998e-01,-1,-1,-2.7755575615628914e-17,wind_direction:18.4_m:degrees
701,0,1.0774827575683594e+02,-9.2249999999999999e-02,1819,1820,8.0993750000001030e-04,zenith:0_m:degrees
702,11,2.8082499694824219e+02,-1.1599999999999996e-01,1265,1266,7.0899999999997701e-04,wind_direction:18.4_m:degrees
703,-2,-2.0000000000000000e+00,-2.1200000000000002e-01,-1,-1,1.1759999999999896e-03,wind_direction:18.4_m:degrees
704,12,-3.2914662733674049e-03,-3.2333333333333331e-01,1681,1682,3.2555555555554977e-03,bulk_richardson:18.4_m:none
705,9,8.8470237731933594e+01,-1.3654676258992807e-01,1563,1564,9.5929817297240455e-04,angle_between_wind_wave:0_m:degrees
706,4,1.0783169746398926e+01,-1.1665158371040725e-01,997,998,8.7747589115699451e-04,mixing_ratio:18.4_m:g_kg-1
707,4,3.1553895473480225e+00,-2.1083333333333334e-01,1111,1112,1.2509722222221673e-03,mixing_ratio:18.4_m:g_kg-1
708,-2,-2.0000000000000000e+00,-1.6666666666666666e-01,-1,-1,1.0638888888888816e-03,wind_direction:18.4_m:degrees
709,6,2.0650000000000000e+02,-1.6000000000000003e-01,1461,1462,2.1999999999999902e-03,wave_direction:0_m:degrees
710,-2,-2.0000000000000000e+00,-1.0723404255319151e-01,-1,-1,1.5987324581258570e-03,wind_direction:18.4_m:degrees
711,5,5.7350000381469727e+01,-3.3000000000000002e-01,767,768,3.5076923076922950e-03,relative_humidity:18.4_m:%
712,10,1.2845794200897217e+01,-2.6807692307692310e-01,1773,1774,1.6616863905325879e-03,wind_speed:18.4_m:m_s-1
713,3,1.0078500061035156e+03,-5.3761261261261191e-02,885,886,6.6625831912994586e-04,pressure:18.4_m:hPa
714,5,8.2950000762939453e+01,-4.3075089392133420e-02,715,716,5.0973333655338657e-04,relative_humidity:18.4_m:%
715,6,2.3750000000000000e+02,-2.9438202247191004e-02,1525,1526,7.3676303497033325e-04,wave_direction:0_m:degrees
716,11,3.3087998962402344e+02,-4.6747352496217816e-02,773,774,3.8503299223429776e-04,wind_direction:18.4_m:degrees
717,-2,-2.0000000000000000e+00,-4.4000000000000000e-01,-1,-1,0.0000000000000000e+00,wind_direction:18.4_m:degrees
718,0,1.3036540985107422e+02,-3.2965517241379316e-01,853,854,3.5757431629012404e-03,zenith:0_m:degrees
719,12,-4.1544120758771896e-02,-1.1408258135083444e-02,721,722,4.0285684183874600e-04,bulk_richardson:18.4_m:none
720,12,5.7550296187400818e-02,-6.6842318605593283e-03,1519,1520,2.7575071610028319e-04,bulk_richardson:18.4_m:none
721,11,8.2025001525878906e+01,-1.4023421162693435e-02,723,724,3.7327255893553947e-04,wind_direction:18.4_m:degrees
722,9,8.7491470336914062e+01,-6.4691943127961797e-03,1073,1074,4.2141966712336894e-04,angle_between_wind_wave:0_m:degrees
723,-2,-2.0000000000000000e+00,-1.4999999999999999e-01,-1,-1,0.0000000000000000e+00,wind_direction:18.4_m:degrees
724,10,3.6991282701492310e+00,-1.3909585600669731e-02,995,996,3.5809312285045277e-04,wind_speed:18.4_m:m_s-1
725,11,3.4941499328613281e+02,-3.1612903225806413e-02,937,938,1.1377211238293478e-03,wind_direction:18.4_m:degrees
726,3,1.0379499511718750e+03,-1.7159904534606186e-02,1685,1686,5.4539447827250986e-04,pressure:18.4_m:hPa
727,-2,-2.0000000000000000e+00,-4.0000000000000002e-01,-1,-1,1.1999999999998123e-04,wind_direction:18.4_m:degrees
728,11,2.8130999755859375e+02,-3.0272727272727273e-01,1961,1962,2.0016528925619753e-03,wind_direction:18.4_m:degrees
729,0,1.5218528747558594e+02,-4.3374999999999997e-01,731,732,3.5734375000001095e-03,zenith:0_m:degrees
730,-2,-2.0000000000000000e+00,-3.6249999999999999e-01,-1,-1,1.3187499999998964e-03,wind_direction:18.4_m:degrees
731,2,2.8215501403808594e+02,-4.6000000000000002e-01,791,792,2.9428571428572192e-03,water_sfc_temperature:0_m:K
732,-2,-2.0000000000000000e+00,-3.8363636363636361e-01,-1,-1,9.5041322314040610e-04,wind_direction:18.4_m:degrees
733,-2,-2.0000000000000000e+00,-3.4000000000000002e-01,-1,-1,1.1999999999999789e-03,wind_direction:18.4_m:degrees
734,6,2.2400000000000000e+02,-2.5636363636363635e-01,1897,1898,2.4595041322314215e-03,wave_direction:0_m:degrees
735,-2,-2.0000000000000000e+00,-1.8666666666666668e-01,-1,-1,5.5555555555551750e-05,wind_direction:18.4_m:degrees
736,11,3.4233999633789062e+02,-1.0571428571428569e-01,1169,1170,2.1102040816326460e-03,wind_direction:18.4_m:degrees
737,11,2.8934500122070312e+02,-5.0200000000000000e-01,1475,1476,3.1360000000000277e-03,wind_direction:18.4_m:degrees
738,7,1.1499999761581421e+00,-3.9714285714285713e-01,2043,2044,1.8204081632653135e-03,wave_height:0_m:m
739,-2,-2.0000000000000000e+00,-2.2300000000000000e-01,-1,-1,1.6009999999999983e-03,wind_direction:18.4_m:degrees
740,-2,-2.0000000000000000e+00,-8.4999999999999992e-02,-1,-1,6.2499999999997453e-04,wind_direction:18.4_m:degrees
741,6,2.2700000000000000e+02,-2.6372093023255810e-01,967,968,2.5861546782044165e-03,wave_direction:0_m:degrees
742,-2,-2.0000000000000000e+00,-1.3500000000000001e-01,-1,-1,2.2500000000013481e-04,wind_direction:18.4_m:degrees
743,-2,-2.0000000000000000e+00,-2.2428571428571428e-01,-1,-1,5.3877551020409253e-04,wind_direction:18.4_m:degrees
744,1,3.5314106750488281e+02,-1.3250000000000001e-01,1115,1116,2.5687500000000016e-03,azimuth:0_m:degrees
745,-2,-2.0000000000000000e+00,-2.0000000000000000e-02,-1,-1,-5.4210108624275222e-20,wind_direction:18.4_m:degrees
746,2,2.9052000427246094e+02,-1.0883534136546183e-01,965,966,8.9221786745377618e-04,water_sfc_temperature:0_m:K
747,-2,-2.0000000000000000e+00,-2.2000000000000000e-01,-1,-1,0.0000000000000000e+00,wind_direction:18.4_m:degrees
748,4,6.5003147125244141e+00,-9.4625000000000001e-02,769,770,1.2948593750000004e-03,mixing_ratio:18.4_m:g_kg-1
749,-2,-2.0000000000000000e+00,-1.7038461538461538e-01,-1,-1,9.4985207100590704e-04,wind_direction:18.4_m:degrees
750,6,2.2600000000000000e+02,-2.6500000000000001e-01,1311,1312,4.4250000000000123e-03,wave_direction:0_m:degrees
751,4,6.2649877071380615e+00,-6.4692913385826709e-02,879,880,1.0488427056854262e-03,mixing_ratio:18.4_m:g_kg-1
752,3,1.0071499938964844e+03,-8.3398058252427160e-02,753,754,2.2923366952586769e-03,pressure:18.4_m:hPa
753,8,8.0000000000000000e+00,-1.9500000000000003e-01,1233,1234,3.6249999999999893e-03,wave_period:0_m:s
754,11,3.4758999633789062e+02,-7.6494845360824709e-02,755,756,1.3918376022956785e-03,wind_direction:18.4_m:degrees
755,-2,-2.0000000000000000e+00,-1.1812500000000002e-01,-1,-1,1.1527343749999971e-03,wind_direction:18.4_m:degrees
756,5,7.6849998474121094e+01,-6.8271604938271613e-02,1575,1576,1.0291114159427005e-03,relative_humidity:18.4_m:%
757,11,1.8515500259399414e+02,-6.7999999999999994e-01,1791,1792,6.4000000000000723e-03,wind_direction:18.4_m:degrees
758,7,4.2000000476837158e+00,-5.5225806451612913e-01,759,760,2.5207075962540015e-03,wave_height:0_m:m
759,-2,-2.0000000000000000e+00,-5.2294117647058813e-01,-1,-1,1.4678200692038179e-03,wind_direction:18.4_m:degrees
760,11,2.4108499908447266e+02,-5.8785714285714286e-01,1997,1998,1.4882653061225604e-03,wind_direction:18.4_m:degrees
761,-2,-2.0000000000000000e+00,-3.9000000000000001e-01,-1,-1,2.5000000000000022e-03,wind_direction:18.4_m:degrees
762,4,2.6784683465957642e+00,-2.6433962264150940e-01,763,764,2.8245639017444174e-03,mixing_ratio:18.4_m:g_kg-1
763,9,8.8759284973144531e+01,-2.4281249999999999e-01,1247,1248,2.3389648437499924e-03,angle_between_wind_wave:0_m:degrees
764,4,3.9847373962402344e+00,-2.9714285714285710e-01,1095,1096,1.7823129251701292e-03,mixing_ratio:18.4_m:g_kg-1
765,11,3.0733999633789062e+02,-2.9714285714285715e-01,2045,2046,2.3061224489795834e-03,wind_direction:18.4_m:degrees
766,3,9.8445001220703125e+02,-3.7785714285714284e-01,1745,1746,1.7739795918367551e-03,pressure:18.4_m:hPa
767,8,5.7999999523162842e+00,-3.6222222222222222e-01,1927,1928,1.6839506172839636e-03,wave_period:0_m:s
768,-2,-2.0000000000000000e+00,-2.5750000000000001e-01,-1,-1,1.8749999999984057e-05,wind_direction:18.4_m:degrees
769,0,6.3462888717651367e+01,-1.0229508196721315e-01,1753,1754,1.2717817790916328e-03,zenith:0_m:degrees
770,-2,-2.0000000000000000e+00,-6.9999999999999993e-02,-1,-1,5.7368421052631045e-04,wind_direction:18.4_m:degrees
771,-2,-2.0000000000000000e+00,-5.1000000000000001e-01,-1,-1,0.0000000000000000e+00,wind_direction:18.4_m:degrees
772,-2,-2.0000000000000000e+00,-3.6833333333333323e-01,-1,-1,5.1388888888895257e-04,wind_direction:18.4_m:degrees
773,3,1.0056499938964844e+03,-4.6484848484848428e-02,1869,1870,3.4006795224977415e-04,pressure:18.4_m:hPa
774,-2,-2.0000000000000000e+00,-2.2000000000000000e-01,-1,-1,-2.6090241078691179e-15,wind_direction:18.4_m:degrees
775,10,1.5264560699462891e+01,-4.7700000000000004e-01,777,778,5.4009999999999891e-03,wind_speed:18.4_m:m_s-1
776,7,2.2500000000000000e+00,-5.3914285714285715e-01,991,992,3.2821224489797407e-03,wave_height:0_m:m
777,-2,-2.0000000000000000e+00,-5.3500000000000003e-01,-1,-1,2.5000000000052758e-05,wind_direction:18.4_m:degrees
778,-2,-2.0000000000000000e+00,-3.9000000000000001e-01,-1,-1,8.4999999999993414e-04,wind_direction:18.4_m:degrees
779,-2,-2.0000000000000000e+00,-4.4849999999999995e-01,-1,-1,8.9275000000002547e-04,wind_direction:18.4_m:degrees
780,3,1.0107500000000000e+03,-3.8363636363636361e-01,1737,1738,1.9867768595041579e-03,pressure:18.4_m:hPa
781,-2,-2.0000000000000000e+00,-2.1769230769230766e-01,-1,-1,8.6390532544381587e-04,wind_direction:18.4_m:degrees
782,-2,-2.0000000000000000e+00,-1.6147058823529414e-01,-1,-1,7.1254325259513182e-04,wind_direction:18.4_m:degrees
783,2,2.8072999572753906e+02,-5.2352941176470602e-02,829,830,1.8915224913494798e-03,water_sfc_temperature:0_m:K
784,2,2.8335000610351562e+02,-2.6993006993006986e-02,1573,1574,6.0144750354540846e-04,water_sfc_temperature:0_m:K
785,5,3.3349999427795410e+01,-1.1913043478260869e-01,1071,1072,1.6270699432891899e-03,relative_humidity:18.4_m:%
786,11,2.9763000488281250e+02,-1.4196428571428571e-01,1143,1144,1.5354272959183964e-03,wind_direction:18.4_m:degrees
787,3,1.0110500183105469e+03,-3.4132075471698109e-01,1221,1222,2.5775008899964202e-03,pressure:18.4_m:hPa
788,1,9.2239433288574219e+01,-4.1500000000000004e-01,789,790,5.6250000000004907e-03,azimuth:0_m:degrees
789,-2,-2.0000000000000000e+00,-3.4000000000000002e-01,-1,-1,0.0000000000000000e+00,wind_direction:18.4_m:degrees
790,-2,-2.0000000000000000e+00,-4.8999999999999999e-01,-1,-1,-5.5511151231257827e-17,wind_direction:18.4_m:degrees
791,11,2.8560501098632812e+02,-4.7210526315789475e-01,1571,1572,1.6903047091412771e-03,wind_direction:18.4_m:degrees
792,-2,-2.0000000000000000e+00,-3.4499999999999997e-01,-1,-1,2.2499999999980869e-04,wind_direction:18.4_m:degrees
793,2,2.7922999572753906e+02,-2.0000000000000001e-01,1305,1306,1.8199999999999952e-03,water_sfc_temperature:0_m:K
794,4,1.5695897340774536e+00,-1.3948717948717951e-01,865,866,3.0561472715318685e-03,mixing_ratio:18.4_m:g_kg-1
795,-2,-2.0000000000000000e+00,-3.4333333333333332e-01,-1,-1,5.5555555555555913e-04,wind_direction:18.4_m:degrees
796,-2,-2.0000000000000000e+00,-2.4857142857142858e-01,-1,-1,4.4081632653061170e-04,wind_direction:18.4_m:degrees
797,4,1.0912078619003296e+00,-1.4947368421052631e-01,1485,1486,1.7523545706371151e-03,mixing_ratio:18.4_m:g_kg-1
798,-2,-2.0000000000000000e+00,-2.2125000000000000e-01,-1,-1,6.1093750000001251e-04,wind_direction:18.4_m:degrees
799,2,2.7588500976562500e+02,-4.7500000000000003e-01,1363,1364,2.3392857142856549e-03,water_sfc_temperature:0_m:K
800,9,8.9767345428466797e+01,-5.8333333333333337e-01,1993,1994,3.7555555555560116e-03,angle_between_wind_wave:0_m:degrees
801,3,1.0113999938964844e+03,-1.5101010101010107e-01,803,804,2.1141312111008746e-03,pressure:18.4_m:hPa
802,-2,-2.0000000000000000e+00,-1.9687499999999999e-01,-1,-1,9.2148437500007285e-04,wind_direction:18.4_m:degrees
803,11,3.1029000854492188e+02,-1.6483870967741940e-01,969,970,2.1572320499479609e-03,wind_direction:18.4_m:degrees
804,0,5.8955867767333984e+01,-1.2783783783783784e-01,1513,1514,1.1845142439736653e-03,zenith:0_m:degrees
805,-2,-2.0000000000000000e+00,-1.8307692307692311e-01,-1,-1,1.6059171597633051e-03,wind_direction:18.4_m:degrees
806,0,1.4771569061279297e+02,-1.2930232558139534e-01,1127,1128,1.1971876690102662e-03,zenith:0_m:degrees
807,-2,-2.0000000000000000e+00,-1.5500000000000000e-01,-1,-1,2.5000000000000716e-05,wind_direction:18.4_m:degrees
808,1,8.0942268371582031e+01,-2.7961538461538460e-01,1027,1028,1.8960059171597432e-03,azimuth:0_m:degrees
809,-2,-2.0000000000000000e+00,-5.2000000000000002e-01,-1,-1,0.0000000000000000e+00,wind_direction:18.4_m:degrees
810,-2,-2.0000000000000000e+00,-7.0333333333333325e-01,-1,-1,1.1555555555552988e-03,wind_direction:18.4_m:degrees
811,11,3.1576499938964844e+02,-1.8350649350649348e-01,1045,1046,1.7760161916005879e-03,wind_direction:18.4_m:degrees
812,-2,-2.0000000000000000e+00,-2.8333333333333338e-01,-1,-1,4.2222222222235151e-04,wind_direction:18.4_m:degrees
813,8,8.9000000953674316e+00,-2.1807692307692308e-01,2007,2008,1.2847633136094591e-03,wave_period:0_m:s
814,3,1.0029500122070312e+03,-1.7693877551020404e-01,1833,1834,1.3436901291128400e-03,pressure:18.4_m:hPa
815,10,1.5103907585144043e+01,-4.0977777777777780e-01,1033,1034,3.4199506172838123e-03,wind_speed:18.4_m:m_s-1
816,4,2.5545299053192139e+00,-3.6851851851851847e-01,909,910,2.6348422496569879e-03,mixing_ratio:18.4_m:g_kg-1
817,3,1.0098499755859375e+03,-3.7426470588235290e-02,819,820,1.1705828287197227e-03,pressure:18.4_m:hPa
818,11,2.6925000000000000e+02,-5.4932885906040237e-02,1197,1198,1.3793579118057705e-03,wind_direction:18.4_m:degrees
819,-2,-2.0000000000000000e+00,-5.3108108108108107e-02,-1,-1,6.3493425858290441e-04,wind_direction:18.4_m:degrees
820,12,-1.2405916303396225e-01,-1.8709677419354840e-02,1295,1296,1.1660770031217480e-03,bulk_richardson:18.4_m:none
821,-2,-2.0000000000000000e+00,-2.6506024096385546e-03,-1,-1,7.0261286108288590e-04,wind_direction:18.4_m:degrees
822,-2,-2.0000000000000000e+00,5.0000000000000003e-02,-1,-1,7.6363636363636087e-04,wind_direction:18.4_m:degrees
823,-2,-2.0000000000000000e+00,-4.2999999999999999e-01,-1,-1,0.0000000000000000e+00,wind_direction:18.4_m:degrees
824,1,3.1736436462402344e+02,-6.0428571428571420e-01,825,826,3.7102040816328063e-03,azimuth:0_m:degrees
825,5,8.3150001525878906e+01,-6.3000000000000000e-01,1467,1468,1.6181818181817964e-03,relative_humidity:18.4_m:%
826,-2,-2.0000000000000000e+00,-5.1000000000000001e-01,-1,-1,6.6666666666881369e-05,wind_direction:18.4_m:degrees
827,-2,-2.0000000000000000e+00,-2.7749999999999997e-01,-1,-1,1.1687500000000239e-03,wind_direction:18.4_m:degrees
828,11,3.2259500122070312e+02,-1.8852941176470592e-01,1777,1778,1.8654844290657141e-03,wind_direction:18.4_m:degrees
829,-2,-2.0000000000000000e+00,-2.5600000000000005e-02,-1,-1,4.8863999999999960e-04,wind_direction:18.4_m:degrees
830,1,2.1607257080078125e+02,-6.7906976744186054e-02,831,832,2.0491076257436432e-03,azimuth:0_m:degrees
831,-2,-2.0000000000000000e+00,-4.5000000000000005e-02,-1,-1,1.0711538461538454e-03,wind_direction:18.4_m:degrees
832,0,6.9125095367431641e+01,-1.0294117647058823e-01,1333,1334,1.5148788927335632e-03,zenith:0_m:degrees
833,7,1.9499999880790710e+00,-2.4037800687285144e-02,1157,1158,2.6428035804961707e-04,wave_height:0_m:m
834,12,-4.7700926661491394e-02,-3.4932885906040261e-02,1795,1796,5.8808274402051661e-04,bulk_richardson:18.4_m:none
835,-2,-2.0000000000000000e+00,-1.5333333333333335e-01,-1,-1,1.4666666666666543e-03,wind_direction:18.4_m:degrees
836,-2,-2.0000000000000000e+00,-6.5000000000000002e-02,-1,-1,7.2499999999999735e-04,wind_direction:18.4_m:degrees
837,3,1.0196499938964844e+03,-1.6874999999999996e-01,903,904,2.4609375000000065e-03,pressure:18.4_m:hPa
838,-2,-2.0000000000000000e+00,-8.0000000000000002e-02,-1,-1,-5.0306980803327406e-17,wind_direction:18.4_m:degrees
839,-2,-2.0000000000000000e+00,-3.4499999999999997e-01,-1,-1,1.2250000000000177e-03,wind_direction:18.4_m:degrees
840,2,2.8891000366210938e+02,-2.2100000000000000e-01,1373,1374,1.4289999999999997e-03,water_sfc_temperature:0_m:K
841,12,-2.8918737173080444e-01,-1.9334221038615092e-02,975,976,3.1273916180999891e-04,bulk_richardson:18.4_m:none
842,0,1.3525988769531250e+02,-3.0172413793103398e-02,1809,1810,5.9882084819658829e-04,zenith:0_m:degrees
843,-2,-2.0000000000000000e+00,-1.5250000000000000e-01,-1,-1,6.1875000000000124e-04,wind_direction:18.4_m:degrees
844,-2,-2.0000000000000000e+00,-2.5714285714285717e-01,-1,-1,1.3632653061224492e-03,wind_direction:18.4_m:degrees
845,3,1.0243499755859375e+03,-2.9230769230769227e-01,1147,1148,1.6485207100592064e-03,pressure:18.4_m:hPa
846,2,2.8092001342773438e+02,-2.2692307692307689e-01,1323,1324,2.5289940828401927e-03,water_sfc_temperature:0_m:K
847,-2,-2.0000000000000000e+00,-4.8088235294117654e-02,-1,-1,6.0222750865051829e-04,wind_direction:18.4_m:degrees
848,11,2.0795999908447266e+02,-6.8142857142857116e-02,1097,1098,8.7940816326531612e-04,wind_direction:18.4_m:degrees
849,0,1.2704845046997070e+02,-1.7315789473684212e-01,851,852,1.8742382271468086e-03,zenith:0_m:degrees
850,12,-8.8471262715756893e-03,-1.2816326530612246e-01,1851,1852,9.4560599750103877e-04,bulk_richardson:18.4_m:none
851,-2,-2.0000000000000000e+00,-1.3600000000000004e-01,-1,-1,6.3999999999991147e-05,wind_direction:18.4_m:degrees
852,-2,-2.0000000000000000e+00,-2.1444444444444447e-01,-1,-1,6.4691358024691198e-04,wind_direction:18.4_m:degrees
853,-2,-2.0000000000000000e+00,-3.7555555555555553e-01,-1,-1,7.1358024691361988e-04,wind_direction:18.4_m:degrees
854,5,4.6750000000000000e+01,-3.0900000000000000e-01,981,982,3.4889999999999088e-03,relative_humidity:18.4_m:%
855,7,5.5000001192092896e-01,-7.2554945054945058e-02,1013,1014,5.2946126675522658e-04,wave_height:0_m:m
856,-2,-2.0000000000000000e+00,-1.9000000000000000e-01,-1,-1,-4.5796699765787707e-16,wind_direction:18.4_m:degrees
857,4,2.9985513687133789e+00,-1.0279069767441862e-01,1471,1472,8.8290968090860497e-04,mixing_ratio:18.4_m:g_kg-1
858,-2,-2.0000000000000000e+00,-6.3913043478260878e-02,-1,-1,6.2381852551986802e-04,wind_direction:18.4_m:degrees
859,-2,-2.0000000000000000e+00,-2.0999999999999999e-01,-1,-1,2.0000000000000573e-04,wind_direction:18.4_m:degrees
860,6,2.4200000000000000e+02,-3.1034482758620685e-01,861,862,2.1619500594530772e-03,wave_direction:0_m:degrees
861,-2,-2.0000000000000000e+00,-3.2153846153846150e-01,-1,-1,1.1668639053254992e-03,wind_direction:18.4_m:degrees
862,-2,-2.0000000000000000e+00,-2.1333333333333335e-01,-1,-1,2.8888888888894959e-04,wind_direction:18.4_m:degrees
863,5,5.4299999237060547e+01,-6.4275862068965517e-01,1125,1126,3.6406658739595588e-03,relative_humidity:18.4_m:%
864,9,8.8711692810058594e+01,-5.9892857142857137e-01,1017,1018,2.4952806122450766e-03,angle_between_wind_wave:0_m:degrees
865,11,3.0390499877929688e+02,-1.2185185185185184e-01,1873,1874,1.4891632373113875e-03,wind_direction:18.4_m:degrees
866,9,8.8726413726806641e+01,-1.7916666666666670e-01,867,868,4.3076388888888609e-03,angle_between_wind_wave:0_m:degrees
867,1,1.4818210601806641e+02,-1.3875000000000001e-01,2017,2018,1.5609374999999877e-03,azimuth:0_m:degrees
868,-2,-2.0000000000000000e+00,-2.6000000000000001e-01,-1,-1,0.0000000000000000e+00,wind_direction:18.4_m:degrees
869,10,1.1743666172027588e+01,-2.7799999999999997e-01,955,956,3.1959999999999905e-03,wind_speed:18.4_m:m_s-1
870,-2,-2.0000000000000000e+00,-3.8666666666666671e-01,-1,-1,8.8888888888832840e-05,wind_direction:18.4_m:degrees
871,-2,-2.0000000000000000e+00,-5.4333333333333333e-01,-1,-1,8.8888888888971618e-05,wind_direction:18.4_m:degrees
872,-2,-2.0000000000000000e+00,-6.5714285714285714e-01,-1,-1,1.5346938775510077e-03,wind_direction:18.4_m:degrees
873,-2,-2.0000000000000000e+00,-2.6400000000000001e-01,-1,-1,8.9066666666665073e-04,wind_direction:18.4_m:degrees
874,-2,-2.0000000000000000e+00,-2.0153846153846150e-01,-1,-1,1.0130177514792935e-03,wind_direction:18.4_m:degrees
875,-2,-2.0000000000000000e+00,-3.4000000000000002e-01,-1,-1,0.0000000000000000e+00,wind_direction:18.4_m:degrees
876,-2,-2.0000000000000000e+00,-4.8999999999999999e-01,-1,-1,5.5511151231257827e-17,wind_direction:18.4_m:degrees
877,-2,-2.0000000000000000e+00,-3.1363636363636366e-01,-1,-1,2.3140495867768340e-05,wind_direction:18.4_m:degrees
878,-2,-2.0000000000000000e+00,-2.0666666666666667e-01,-1,-1,2.2222222222242904e-05,wind_direction:18.4_m:degrees
879,6,2.2250000000000000e+02,-6.6638078902229780e-02,1211,1212,1.0295208141481655e-03,wave_direction:0_m:degrees
880,-2,-2.0000000000000000e+00,-4.2884615384615396e-02,-1,-1,7.4744822485204427e-04,wind_direction:18.4_m:degrees
881,12,-1.3542232569307089e-02,-4.4444444444444442e-01,1781,1782,2.5580246913580185e-03,bulk_richardson:18.4_m:none
882,-2,-2.0000000000000000e+00,-5.4666666666666675e-01,-1,-1,5.5555555555603098e-04,wind_direction:18.4_m:degrees
883,3,1.0174000244140625e+03,-1.2428571428571430e-01,1175,1176,2.1673469387755093e-03,pressure:18.4_m:hPa
884,11,3.0625000000000000e+02,-1.7552631578947370e-01,1555,1556,2.2615650969529111e-03,wind_direction:18.4_m:degrees
885,0,8.4462478637695312e+01,-7.3064516129032253e-02,1463,1464,1.1599635796045778e-03,zenith:0_m:degrees
886,11,1.8695999908447266e+02,-5.0628272251308865e-02,1413,1414,5.1583564047038817e-04,wind_direction:18.4_m:degrees
887,-2,-2.0000000000000000e+00,2.0000000000000000e-02,-1,-1,1.9999999999999993e-04,wind_direction:18.4_m:degrees
888,4,4.3580393791198730e+00,-4.7428571428571369e-02,1683,1684,6.7510204081633373e-04,mixing_ratio:18.4_m:g_kg-1
889,-2,-2.0000000000000000e+00,-1.4500000000000002e-01,-1,-1,2.2499999999999604e-04,wind_direction:18.4_m:degrees
890,10,1.1615011692047119e+01,-2.6270833333333338e-01,1409,1410,2.1364149305555802e-03,wind_speed:18.4_m:m_s-1
891,8,6.2000000476837158e+00,-3.1754098360655741e-01,893,894,3.1955925826390452e-03,wave_period:0_m:s
892,-2,-2.0000000000000000e+00,-2.5624999999999998e-01,-1,-1,2.7343749999959865e-04,wind_direction:18.4_m:degrees
893,2,2.8339500427246094e+02,-3.0714285714285705e-01,895,896,3.1061224489795647e-03,water_sfc_temperature:0_m:K
894,-2,-2.0000000000000000e+00,-3.5999999999999993e-01,-1,-1,1.3166666666666882e-03,wind_direction:18.4_m:degrees
895,7,1.9499999880790710e+00,-2.9030303030303023e-01,897,898,2.7302112029385511e-03,wave_height:0_m:m
896,1,1.5816892242431641e+02,-3.4187499999999998e-01,1495,1496,2.0902343749999996e-03,azimuth:0_m:degrees
897,10,1.3139037132263184e+01,-3.0166666666666658e-01,1207,1208,1.5205555555556222e-03,wind_speed:18.4_m:m_s-1
898,-2,-2.0000000000000000e+00,-1.7666666666666667e-01,-1,-1,6.2222222222190968e-04,wind_direction:18.4_m:degrees
899,0,1.2396924209594727e+02,-2.6730769230769236e-01,2019,2020,1.3042899408284292e-03,zenith:0_m:degrees
900,9,9.0641433715820312e+01,-3.2000000000000001e-01,901,902,2.9066666666666546e-03,angle_between_wind_wave:0_m:degrees
901,1,1.1494984054565430e+02,-3.3142857142857141e-01,1973,1974,1.1551020408163415e-03,azimuth:0_m:degrees
902,-2,-2.0000000000000000e+00,-1.6000000000000000e-01,-1,-1,2.0816681711721685e-17,wind_direction:18.4_m:degrees
903,-2,-2.0000000000000000e+00,-1.6133333333333333e-01,-1,-1,1.6848888888889024e-03,wind_direction:18.4_m:degrees
904,-2,-2.0000000000000000e+00,-2.8000000000000003e-01,-1,-1,9.0000000000003966e-04,wind_direction:18.4_m:degrees
905,-2,-2.0000000000000000e+00,1.0000000000000000e-02,-1,-1,0.0000000000000000e+00,wind_direction:18.4_m:degrees
906,4,1.7546988129615784e+00,-1.0757575757575760e-01,1489,1490,1.7213957759412268e-03,mixing_ratio:18.4_m:g_kg-1
907,-2,-2.0000000000000000e+00,-1.1846153846153847e-01,-1,-1,5.5917159763314156e-04,wind_direction:18.4_m:degrees
908,4,8.4729433059692383e+00,-8.3529411764705894e-02,1429,1430,5.6233316856153879e-04,mixing_ratio:18.4_m:g_kg-1
909,-2,-2.0000000000000000e+00,-2.6000000000000001e-01,-1,-1,0.0000000000000000e+00,wind_direction:18.4_m:degrees
910,9,9.0370510101318359e+01,-3.7719999999999992e-01,1239,1240,1.8281599999999953e-03,angle_between_wind_wave:0_m:degrees
911,3,1.0300500488281250e+03,-5.6333333333333326e-02,1539,1540,1.1898888888888892e-03,pressure:18.4_m:hPa
912,8,4.1499998569488525e+00,-8.3766233766233794e-02,1277,1278,7.8711418451677968e-04,wave_period:0_m:s
913,-2,-2.0000000000000000e+00,-6.5833333333333333e-01,-1,-1,1.3472222222218888e-03,wind_direction:18.4_m:degrees
914,-2,-2.0000000000000000e+00,-7.8000000000000003e-01,-1,-1,1.0000000000121023e-04,wind_direction:18.4_m:degrees
915,3,1.0045000000000000e+03,-3.5153846153846158e-01,1549,1550,2.0745562130177198e-03,pressure:18.4_m:hPa
916,12,-5.9577648062258959e-03,-3.0027027027027026e-01,917,918,2.1215485756026775e-03,bulk_richardson:18.4_m:none
917,10,1.4205938339233398e+01,-3.1121212121212122e-01,1331,1332,1.2712580348944041e-03,wind_speed:18.4_m:m_s-1
918,-2,-2.0000000000000000e+00,-2.0999999999999999e-01,-1,-1,1.5265566588595902e-16,wind_direction:18.4_m:degrees
919,-2,-2.0000000000000000e+00,-5.9999999999999998e-02,-1,-1,0.0000000000000000e+00,wind_direction:18.4_m:degrees
920,-2,-2.0000000000000000e+00,-1.8076923076923077e-01,-1,-1,6.0710059171598801e-04,wind_direction:18.4_m:degrees
921,10,1.3520434856414795e+01,-2.9842105263157892e-01,1481,1482,2.2343490304709973e-03,wind_speed:18.4_m:m_s-1
922,-2,-2.0000000000000000e+00,-2.1499999999999997e-01,-1,-1,4.7500000000013504e-04,wind_direction:18.4_m:degrees
923,6,2.2900000000000000e+02,-4.8222222222222222e-01,925,926,5.7728395061728555e-03,wave_direction:0_m:degrees
924,-2,-2.0000000000000000e+00,-5.7750000000000001e-01,-1,-1,6.1874999999983471e-04,wind_direction:18.4_m:degrees
925,-2,-2.0000000000000000e+00,-3.6499999999999999e-01,-1,-1,4.2250000000000065e-03,wind_direction:18.4_m:degrees
926,-2,-2.0000000000000000e+00,-5.1571428571428579e-01,-1,-1,1.1673469387755708e-03,wind_direction:18.4_m:degrees
927,-2,-2.0000000000000000e+00,-3.4499999999999997e-01,-1,-1,7.2500000000004505e-04,wind_direction:18.4_m:degrees
928,-2,-2.0000000000000000e+00,-4.3285714285714283e-01,-1,-1,1.3469387755102313e-04,wind_direction:18.4_m:degrees
929,12,2.0188802853226662e-02,-6.1022443890274294e-02,931,932,6.5855560599747953e-04,bulk_richardson:18.4_m:none
930,6,1.9100000000000000e+02,-9.4166666666666676e-02,1079,1080,2.0243055555556194e-03,wave_direction:0_m:degrees
931,12,1.3871076516807079e-03,-6.3139841688654330e-02,1875,1876,4.4475880841821341e-04,bulk_richardson:18.4_m:none
932,7,1.5500000119209290e+00,-2.4545454545454547e-02,945,946,2.9338842975205966e-03,wave_height:0_m:m
933,9,8.8165241241455078e+01,-2.1833333333333335e-01,935,936,5.3305555555555467e-03,angle_between_wind_wave:0_m:degrees
934,10,1.2868501186370850e+01,-2.6933333333333331e-01,1047,1048,2.5928888888889362e-03,wind_speed:18.4_m:m_s-1
935,-2,-2.0000000000000000e+00,-2.9999999999999999e-02,-1,-1,0.0000000000000000e+00,wind_direction:18.4_m:degrees
936,11,2.9355000305175781e+02,-2.3545454545454544e-01,1861,1862,2.2975206611570154e-03,wind_direction:18.4_m:degrees
937,8,5.6499998569488525e+00,-2.8826086956521727e-02,1153,1154,8.7123062381852783e-04,wave_period:0_m:s
938,0,1.4563170623779297e+02,-6.7222222222222239e-02,939,940,3.1756172839506377e-03,zenith:0_m:degrees
939,-2,-2.0000000000000000e+00,-3.5384615384615389e-02,-1,-1,7.4792899408283940e-04,wind_direction:18.4_m:degrees
940,-2,-2.0000000000000000e+00,-1.4999999999999999e-01,-1,-1,-6.9388939039072284e-18,wind_direction:18.4_m:degrees
941,9,9.3324962615966797e+01,-2.6770216962524761e-02,1081,1082,3.2817796898644233e-04,angle_between_wind_wave:0_m:degrees
942,3,1.0069500122070312e+03,-3.3244552058111311e-02,2021,2022,4.1223317249907201e-04,pressure:18.4_m:hPa
943,9,8.9403484344482422e+01,-7.4444444444444452e-02,959,960,1.7691358024691422e-03,angle_between_wind_wave:0_m:degrees
944,-2,-2.0000000000000000e+00,-1.4428571428571429e-01,-1,-1,2.5306122448977633e-04,wind_direction:18.4_m:degrees
945,4,4.6474812030792236e+00,1.2000000000000000e-02,1847,1848,1.2760000000000002e-03,mixing_ratio:18.4_m:g_kg-1
946,6,2.0700000000000000e+02,-5.4999999999999993e-02,947,948,2.2750000000000001e-03,wave_direction:0_m:degrees
947,-2,-2.0000000000000000e+00,-4.0909090909090916e-02,-1,-1,9.9173553719009155e-05,wind_direction:18.4_m:degrees
948,-2,-2.0000000000000000e+00,-2.0999999999999999e-01,-1,-1,0.0000000000000000e+00,wind_direction:18.4_m:degrees
949,-2,-2.0000000000000000e+00,-1.8357142857142858e-01,-1,-1,6.9438775510203415e-04,wind_direction:18.4_m:degrees
950,10,9.6641449928283691e+00,-1.3343750000000001e-01,1601,1602,1.4475585937500056e-03,wind_speed:18.4_m:m_s-1
951,-2,-2.0000000000000000e+00,-1.6500000000000004e-01,-1,-1,2.0249999999999921e-03,wind_direction:18.4_m:degrees
952,1,1.4876493072509766e+02,-2.5176470588235295e-01,953,954,3.0027681660899919e-03,azimuth:0_m:degrees
953,-2,-2.0000000000000000e+00,-1.7499999999999999e-01,-1,-1,2.4750000000000015e-03,wind_direction:18.4_m:degrees
954,-2,-2.0000000000000000e+00,-2.7538461538461539e-01,-1,-1,7.9408284023668729e-04,wind_direction:18.4_m:degrees
955,-2,-2.0000000000000000e+00,-2.9444444444444445e-01,-1,-1,8.4691358024691077e-04,wind_direction:18.4_m:degrees
956,-2,-2.0000000000000000e+00,-1.3000000000000000e-01,-1,-1,5.5511151231257827e-17,wind_direction:18.4_m:degrees
957,10,1.0356308937072754e+01,-1.1080000000000002e-01,1995,1996,1.0633599999999958e-03,wind_speed:18.4_m:m_s-1
958,6,2.2750000000000000e+02,-1.4836363636363634e-01,1673,1674,1.1082314049586754e-03,wave_direction:0_m:degrees
959,-2,-2.0000000000000000e+00,-1.1111111111111110e-01,-1,-1,6.5432098765432108e-04,wind_direction:18.4_m:degrees
960,-2,-2.0000000000000000e+00,-3.7777777777777778e-02,-1,-1,1.9506172839506438e-04,wind_direction:18.4_m:degrees
961,-2,-2.0000000000000000e+00,-1.9347826086956524e-02,-1,-1,7.9740075614366751e-04,wind_direction:18.4_m:degrees
962,11,3.0385499572753906e+02,7.3333333333333334e-02,1767,1768,4.3555555555555596e-03,wind_direction:18.4_m:degrees
963,-2,-2.0000000000000000e+00,-8.0434782608695660e-02,-1,-1,1.0476370510396956e-03,wind_direction:18.4_m:degrees
964,-2,-2.0000000000000000e+00,-1.9500000000000001e-01,-1,-1,2.2500000000002379e-04,wind_direction:18.4_m:degrees
965,12,2.0049689337611198e-02,-1.0383838383838377e-01,1663,1664,8.2668095092339015e-04,bulk_richardson:18.4_m:none
966,4,1.5541341304779053e+01,-1.2823529411764709e-01,1661,1662,6.7335640138403707e-04,mixing_ratio:18.4_m:g_kg-1
967,-2,-2.0000000000000000e+00,-2.1777777777777776e-01,-1,-1,9.0617283950616967e-04,wind_direction:18.4_m:degrees
968,7,1.3499999642372131e+00,-2.7588235294117647e-01,1015,1016,2.3242214532871869e-03,wave_height:0_m:m
969,11,2.8986499023437500e+02,-1.7541666666666667e-01,1193,1194,1.8956597222222031e-03,wind_direction:18.4_m:degrees
970,-2,-2.0000000000000000e+00,-1.2857142857142859e-01,-1,-1,1.3551020408163299e-03,wind_direction:18.4_m:degrees
971,-2,-2.0000000000000000e+00,-5.7444444444444442e-01,-1,-1,8.6913580246916755e-04,wind_direction:18.4_m:degrees
972,-2,-2.0000000000000000e+00,-6.9500000000000006e-01,-1,-1,2.0249999999998325e-03,wind_direction:18.4_m:degrees
973,-2,-2.0000000000000000e+00,-7.4999999999999997e-02,-1,-1,3.5833333333333377e-04,wind_direction:18.4_m:degrees
974,10,1.3341306686401367e+01,-1.4565217391304347e-01,1039,1040,1.6593572778828003e-03,wind_speed:18.4_m:m_s-1
975,-2,-2.0000000000000000e+00,-8.7999999999999995e-02,-1,-1,5.7600000000000012e-04,wind_direction:18.4_m:degrees
976,-2,-2.0000000000000000e+00,-1.8873994638069609e-02,-1,-1,2.7916106634850074e-04,wind_direction:18.4_m:degrees
977,10,6.0848085880279541e+00,-5.9345549738219872e-02,1431,1432,6.7836750637318170e-04,wind_speed:18.4_m:m_s-1
978,-2,-2.0000000000000000e+00,-9.3809523809523815e-02,-1,-1,6.0453514739230996e-04,wind_direction:18.4_m:degrees
979,11,1.5050999450683594e+02,-3.3451492537313388e-02,1815,1816,4.0506481120517238e-04,wind_direction:18.4_m:degrees
980,-2,-2.0000000000000000e+00,-4.3707571801566508e-02,-1,-1,5.3821213587930687e-04,wind_direction:18.4_m:degrees
981,5,4.4950000762939453e+01,-2.7111111111111108e-01,1375,1376,2.5209876543209886e-03,relative_humidity:18.4_m:%
982,7,1.6500000357627869e+00,-3.4000000000000002e-01,1739,1740,2.1454545454546170e-03,wave_height:0_m:m
983,4,4.4339125156402588e+00,-1.1651832460732976e-01,985,986,2.2598674652558985e-03,mixing_ratio:18.4_m:g_kg-1
984,2,2.7504499816894531e+02,-1.7124999999999999e-01,1209,1210,2.5609374999997353e-03,water_sfc_temperature:0_m:K
985,2,2.9028500366210938e+02,-1.1964179104477607e-01,987,988,2.1992746714190412e-03,water_sfc_temperature:0_m:K
986,0,1.4098522949218750e+02,-9.4255319148936159e-02,989,990,2.1265731100045780e-03,zenith:0_m:degrees
987,5,2.9599999427795410e+01,-1.1837349397590359e-01,1337,1338,2.0395231528523849e-03,relative_humidity:18.4_m:%
988,-2,-2.0000000000000000e+00,-2.6000000000000001e-01,-1,-1,5.5511151231257827e-17,wind_direction:18.4_m:degrees
989,7,1.5500000119209290e+00,-1.0068181818181818e-01,1181,1182,1.6245351239669442e-03,wave_height:0_m:m
990,-2,-2.0000000000000000e+00,0.0000000000000000e+00,-1,-1,-3.7007434154171883e-17,wind_direction:18.4_m:degrees
991,6,2.2850000000000000e+02,-5.6150000000000000e-01,1159,1160,2.5227500000000180e-03,wave_direction:0_m:degrees
992,6,2.2500000000000000e+02,-5.0933333333333342e-01,993,994,2.7395555555557727e-03,wave_direction:0_m:degrees
993,-2,-2.0000000000000000e+00,-5.5714285714285705e-01,-1,-1,1.5632653061223301e-03,wind_direction:18.4_m:degrees
994,-2,-2.0000000000000000e+00,-4.6749999999999997e-01,-1,-1,1.8750000000039568e-05,wind_direction:18.4_m:degrees
995,0,1.3696412658691406e+02,-1.0464252553388986e-02,1107,1108,3.0804816501699768e-04,zenith:0_m:degrees
996,11,2.9522000122070312e+02,-1.6737804878048736e-02,1001,1002,3.8143125371801437e-04,wind_direction:18.4_m:degrees
997,10,1.1791406154632568e+01,-1.2657894736842101e-01,1639,1640,8.1198060941824884e-04,wind_speed:18.4_m:m_s-1
998,2,2.9153498840332031e+02,-1.0607476635514015e-01,1131,1132,7.3038693335665712e-04,water_sfc_temperature:0_m:K
999,-2,-2.0000000000000000e+00,-2.9733333333333334e-01,-1,-1,1.3395555555555105e-03,wind_direction:18.4_m:degrees
1000,-2,-2.0000000000000000e+00,-2.3333333333333334e-01,-1,-1,8.4444444444449485e-04,wind_direction:18.4_m:degrees
1001,-2,-2.0000000000000000e+00,-1.3969298245613946e-02,-1,-1,2.6143765389350542e-04,wind_direction:18.4_m:degrees
1002,12,-4.3055344372987747e-02,-2.3049999999999973e-02,1063,1064,5.9769750000000159e-04,bulk_richardson:18.4_m:none
1003,-2,-2.0000000000000000e+00,-1.7999999999999999e-01,-1,-1,0.0000000000000000e+00,wind_direction:18.4_m:degrees
1004,-2,-2.0000000000000000e+00,-6.3636363636363630e-02,-1,-1,6.0495867768595255e-04,wind_direction:18.4_m:degrees
1005,-2,-2.0000000000000000e+00,-4.6999999999999997e-01,-1,-1,0.0000000000000000e+00,wind_direction:18.4_m:degrees
1006,-2,-2.0000000000000000e+00,-3.1600000000000000e-01,-1,-1,7.2800000000007581e-04,wind_direction:18.4_m:degrees
1007,-2,-2.0000000000000000e+00,-1.6444444444444445e-01,-1,-1,3.8024691358024693e-04,wind_direction:18.4_m:degrees
1008,0,5.5390415191650391e+01,-1.0750000000000000e-01,1979,1980,1.0750000000000065e-03,zenith:0_m:degrees
1009,4,1.7215107917785645e+01,-1.1375266524520188e-02,1597,1598,3.2699989998227058e-04,mixing_ratio:18.4_m:g_kg-1
1010,5,5.8049999237060547e+01,-1.7513290017719993e-02,1091,1092,4.4644474363530600e-04,relative_humidity:18.4_m:%
1011,5,6.1150001525878906e+01,-2.0843672456575597e-02,1041,1042,5.7315091322935642e-04,relative_humidity:18.4_m:%
1012,-2,-2.0000000000000000e+00,1.3000000000000000e-01,-1,-1,6.1756155744774333e-16,wind_direction:18.4_m:degrees
1013,-2,-2.0000000000000000e+00,-3.1538461538461543e-02,-1,-1,3.0532544378698194e-04,wind_direction:18.4_m:degrees
1014,4,4.3203325271606445e+00,-7.4074074074074028e-02,1505,1506,4.7314551018254498e-04,mixing_ratio:18.4_m:g_kg-1
1015,6,2.4800000000000000e+02,-2.5681818181818183e-01,2013,2014,2.0489669421487194e-03,wave_direction:0_m:degrees
1016,-2,-2.0000000000000000e+00,-3.1083333333333335e-01,-1,-1,9.4097222222226662e-04,wind_direction:18.4_m:degrees
1017,12,-7.7722517307847738e-03,-5.8099999999999996e-01,1235,1236,1.2689999999999091e-03,bulk_richardson:18.4_m:none
1018,7,3.6999999284744263e+00,-6.4375000000000004e-01,1085,1086,2.7484375000003114e-03,wave_height:0_m:m
1019,-2,-2.0000000000000000e+00,-1.2545454545454546e-01,-1,-1,9.5206611570247332e-04,wind_direction:18.4_m:degrees
1020,10,1.0909009456634521e+01,-1.8277777777777779e-01,1719,1720,1.7422839506172905e-03,wind_speed:18.4_m:m_s-1
1021,-2,-2.0000000000000000e+00,-6.5500000000000003e-01,-1,-1,6.2500000000004219e-04,wind_direction:18.4_m:degrees
1022,10,1.5426230907440186e+01,-5.4368421052631577e-01,1317,1318,1.5811634349029990e-03,wind_speed:18.4_m:m_s-1
1023,12,-1.7959200777113438e-02,-1.2583333333333335e-01,1957,1958,1.8243055555555443e-03,bulk_richardson:18.4_m:none
1024,11,3.2533500671386719e+02,-8.0927152317880793e-02,1279,1280,1.1011271435463271e-03,wind_direction:18.4_m:degrees
1025,-2,-2.0000000000000000e+00,-1.4949999999999999e-01,-1,-1,3.9474999999999927e-04,wind_direction:18.4_m:degrees
1026,8,4.9500000476837158e+00,-1.1307692307692309e-01,1611,1612,1.1713017751479246e-03,wave_period:0_m:s
1027,-2,-2.0000000000000000e+00,-2.3142857142857146e-01,-1,-1,1.2693877551020263e-03,wind_direction:18.4_m:degrees
1028,0,6.3484394073486328e+01,-2.9736842105263156e-01,1831,1832,9.5623268698064035e-04,zenith:0_m:degrees
1029,-2,-2.0000000000000000e+00,-3.5999999999999999e-01,-1,-1,1.9000000000000128e-03,wind_direction:18.4_m:degrees
1030,-2,-2.0000000000000000e+00,-4.5999999999999996e-01,-1,-1,5.9999999999987841e-04,wind_direction:18.4_m:degrees
1031,-2,-2.0000000000000000e+00,-2.0923076923076925e-01,-1,-1,9.1992110453647385e-04,wind_direction:18.4_m:degrees
1032,-2,-2.0000000000000000e+00,-1.6500000000000001e-01,-1,-1,8.8750000000010348e-04,wind_direction:18.4_m:degrees
1033,6,2.2750000000000000e+02,-3.9562500000000006e-01,1377,1378,1.6433593749998199e-03,wave_direction:0_m:degrees
1034,0,1.0031591796875000e+02,-4.4461538461538469e-01,1035,1036,6.0863905325447276e-03,zenith:0_m:degrees
1035,12,-2.5054635480046272e-02,-4.9166666666666670e-01,1037,1038,6.3472222222220043e-03,bulk_richardson:18.4_m:none
1036,10,1.5271678447723389e+01,-4.0428571428571430e-01,1499,1500,2.3387755102040886e-03,wind_speed:18.4_m:m_s-1
1037,-2,-2.0000000000000000e+00,-3.4000000000000002e-01,-1,-1,0.0000000000000000e+00,wind_direction:18.4_m:degrees
1038,-2,-2.0000000000000000e+00,-5.2200000000000002e-01,-1,-1,2.0960000000000423e-03,wind_direction:18.4_m:degrees
1039,-2,-2.0000000000000000e+00,-1.5227272727272725e-01,-1,-1,7.2665289256198737e-04,wind_direction:18.4_m:degrees
1040,-2,-2.0000000000000000e+00,0.0000000000000000e+00,-1,-1,-1.1102230246251565e-16,wind_direction:18.4_m:degrees
1041,1,3.4652106285095215e+01,-2.9230769230769232e-03,1043,1044,1.5499171597633140e-03,azimuth:0_m:degrees
1042,10,6.5814511775970459e+00,-2.1861888111888050e-02,1301,1302,4.9836903699447565e-04,wind_speed:18.4_m:m_s-1
1043,-2,-2.0000000000000000e+00,1.3000000000000000e-01,-1,-1,0.0000000000000000e+00,wind_direction:18.4_m:degrees
1044,10,6.2115907669067383e+00,-9.3548387096774183e-03,1717,1718,7.2861602497398563e-04,wind_speed:18.4_m:m_s-1
1045,10,1.1122164726257324e+01,-1.9076923076923077e-01,1355,1356,1.6471005917159873e-03,wind_speed:18.4_m:m_s-1
1046,-2,-2.0000000000000000e+00,-1.4416666666666667e-01,-1,-1,6.4097222222220945e-04,wind_direction:18.4_m:degrees
1047,8,5.1500000953674316e+00,-2.9000000000000009e-01,1297,1298,2.6666666666666505e-03,wave_period:0_m:s
1048,-2,-2.0000000000000000e+00,-2.4571428571428572e-01,-1,-1,1.4625850340135998e-03,wind_direction:18.4_m:degrees
1049,11,2.7952000427246094e+02,-2.4695652173913046e-01,1051,1052,2.5342155009451944e-03,wind_direction:18.4_m:degrees
1050,-2,-2.0000000000000000e+00,-1.7400000000000002e-01,-1,-1,3.8400000000012730e-04,wind_direction:18.4_m:degrees
1051,-2,-2.0000000000000000e+00,-1.7250000000000001e-01,-1,-1,3.1874999999999265e-04,wind_direction:18.4_m:degrees
1052,-2,-2.0000000000000000e+00,-2.6263157894736844e-01,-1,-1,1.5878116343489984e-03,wind_direction:18.4_m:degrees
1053,5,4.8750000000000000e+01,-4.0917159763313574e-02,1133,1134,1.1195730191519984e-03,relative_humidity:18.4_m:%
1054,7,2.1000000238418579e+00,-5.4632768361581874e-02,1359,1360,7.9774649685593595e-04,wave_height:0_m:m
1055,0,1.3600661468505859e+02,-1.0184931506849315e-01,1057,1058,9.4384030775004554e-04,zenith:0_m:degrees
1056,-2,-2.0000000000000000e+00,-5.1111111111111114e-02,-1,-1,2.3209876543211659e-04,wind_direction:18.4_m:degrees
1057,-2,-2.0000000000000000e+00,-8.6557377049180331e-02,-1,-1,7.1109916689061914e-04,wind_direction:18.4_m:degrees
1058,-2,-2.0000000000000000e+00,-1.1282352941176470e-01,-1,-1,8.2261591695501762e-04,wind_direction:18.4_m:degrees
1059,-2,-2.0000000000000000e+00,3.5000000000000003e-02,-1,-1,6.7500000000000025e-04,wind_direction:18.4_m:degrees
1060,-2,-2.0000000000000000e+00,-1.3000000000000000e-01,-1,-1,-3.4694469519536142e-18,wind_direction:18.4_m:degrees
1061,9,8.8534286499023438e+01,-5.7346938775510212e-02,1167,1168,1.4031653477717615e-03,angle_between_wind_wave:0_m:degrees
1062,0,5.2811111450195312e+01,-3.6017804154302689e-02,1447,1448,4.5506199755214233e-04,zenith:0_m:degrees
1063,5,6.1049999237060547e+01,-2.2681704260651581e-02,1241,1242,5.4493878807294123e-04,relative_humidity:18.4_m:%
1064,-2,-2.0000000000000000e+00,-1.7000000000000001e-01,-1,-1,6.2450045135165055e-17,wind_direction:18.4_m:degrees
1065,-2,-2.0000000000000000e+00,-5.1500000000000001e-01,-1,-1,6.2500000000004219e-04,wind_direction:18.4_m:degrees
1066,11,3.1433499145507812e+02,-4.0828571428571425e-01,1067,1068,2.3684897959183604e-03,wind_direction:18.4_m:degrees
1067,12,-1.7089505679905415e-02,-4.2250000000000004e-01,1937,1938,1.8544642857142857e-03,bulk_richardson:18.4_m:none
1068,-2,-2.0000000000000000e+00,-3.5142857142857142e-01,-1,-1,3.8367346938764091e-04,wind_direction:18.4_m:degrees
1069,-2,-2.0000000000000000e+00,-4.6799999999999997e-01,-1,-1,1.1759999999998716e-03,wind_direction:18.4_m:degrees
1070,-2,-2.0000000000000000e+00,-3.9571428571428574e-01,-1,-1,8.5306122448988719e-04,wind_direction:18.4_m:degrees
1071,12,-4.3523050844669342e-02,-1.7285714285714285e-01,1253,1254,3.5346938775510234e-03,bulk_richardson:18.4_m:none
1072,1,1.3469201660156250e+02,-1.1564814814814815e-01,1415,1416,1.3042095336076760e-03,azimuth:0_m:degrees
1073,-2,-2.0000000000000000e+00,-1.1000000000000000e-01,-1,-1,0.0000000000000000e+00,wind_direction:18.4_m:degrees
1074,11,9.9315002441406250e+01,-6.3053797468354137e-03,1457,1458,4.0509978118490509e-04,wind_direction:18.4_m:degrees
1075,-2,-2.0000000000000000e+00,-6.5000000000000002e-01,-1,-1,0.0000000000000000e+00,wind_direction:18.4_m:degrees
1076,-2,-2.0000000000000000e+00,-8.0249999999999988e-01,-1,-1,1.3354166666668110e-03,wind_direction:18.4_m:degrees
1077,9,8.8561664581298828e+01,-7.0256410256410218e-02,1307,1308,1.7597633136094684e-03,angle_between_wind_wave:0_m:degrees
1078,2,2.8114999389648438e+02,-1.1307692307692307e-01,1867,1868,1.7443786982248421e-03,water_sfc_temperature:0_m:K
1079,-2,-2.0000000000000000e+00,-3.6000000000000004e-02,-1,-1,1.1440000000000001e-03,wind_direction:18.4_m:degrees
1080,11,3.1486000061035156e+02,-1.0947368421052632e-01,1981,1982,1.1313019390581727e-03,wind_direction:18.4_m:degrees
1081,0,1.3858283996582031e+02,-2.6668311944718814e-02,1893,1894,3.1797191788095951e-04,zenith:0_m:degrees
1082,-2,-2.0000000000000000e+00,-1.3000000000000000e-01,-1,-1,6.1756155744774333e-16,wind_direction:18.4_m:degrees
1083,-2,-2.0000000000000000e+00,-5.7083333333333340e-02,-1,-1,5.0399305555555527e-04,wind_direction:18.4_m:degrees
1084,-2,-2.0000000000000000e+00,-1.8235294117647058e-02,-1,-1,7.1453287197231665e-04,wind_direction:18.4_m:degrees
1085,-2,-2.0000000000000000e+00,-6.2428571428571422e-01,-1,-1,1.1020408163264772e-04,wind_direction:18.4_m:degrees
1086,-2,-2.0000000000000000e+00,-7.8000000000000003e-01,-1,-1,-7.7715611723760958e-16,wind_direction:18.4_m:degrees
1087,-2,-2.0000000000000000e+00,-2.6300000000000001e-01,-1,-1,1.1609999999999954e-03,wind_direction:18.4_m:degrees
1088,11,2.4419499969482422e+02,-2.0965517241379317e-01,1469,1470,2.1688466111771526e-03,wind_direction:18.4_m:degrees
1089,-2,-2.0000000000000000e+00,-1.6000000000000000e-01,-1,-1,8.0000000000000557e-04,wind_direction:18.4_m:degrees
1090,-2,-2.0000000000000000e+00,-2.6600000000000001e-01,-1,-1,6.4000000000008495e-05,wind_direction:18.4_m:degrees
1091,0,3.2374606132507324e+01,-5.4666666666666655e-02,1093,1094,2.0515555555555569e-03,zenith:0_m:degrees
1092,5,9.8950000762939453e+01,-1.7181168057210910e-02,1797,1798,4.1964655834958258e-04,relative_humidity:18.4_m:%
1093,-2,-2.0000000000000000e+00,-9.1249999999999998e-02,-1,-1,7.6093750000000120e-04,wind_direction:18.4_m:degrees
1094,-2,-2.0000000000000000e+00,-1.2857142857142857e-02,-1,-1,2.4897959183673519e-04,wind_direction:18.4_m:degrees
1095,-2,-2.0000000000000000e+00,-3.1000000000000000e-01,-1,-1,8.8888888888892514e-04,wind_direction:18.4_m:degrees
1096,-2,-2.0000000000000000e+00,-2.2000000000000000e-01,-1,-1,1.9999999999995022e-04,wind_direction:18.4_m:degrees
1097,0,1.4005644989013672e+02,-7.8860759493670857e-02,1637,1638,8.3794263739784582e-04,zenith:0_m:degrees
1098,-2,-2.0000000000000000e+00,-5.4262295081967220e-02,-1,-1,5.9166890620802968e-04,wind_direction:18.4_m:degrees
1099,9,9.0641635894775391e+01,-6.7200000000000004e-01,1329,1330,4.2159999999999420e-03,angle_between_wind_wave:0_m:degrees
1100,-2,-2.0000000000000000e+00,-5.9615384615384615e-01,-1,-1,6.8520710059161161e-04,wind_direction:18.4_m:degrees
1101,7,2.0999999642372131e+00,-8.5694444444444434e-02,1103,1104,1.0634066358024673e-03,wave_height:0_m:m
1102,-2,-2.0000000000000000e+00,-5.6842105263157909e-02,-1,-1,2.4265927977840064e-04,wind_direction:18.4_m:degrees
1103,-2,-2.0000000000000000e+00,-8.0746268656716413e-02,-1,-1,7.1735353085319777e-04,wind_direction:18.4_m:degrees
1104,-2,-2.0000000000000000e+00,-1.5200000000000000e-01,-1,-1,9.7600000000001158e-04,wind_direction:18.4_m:degrees
1105,-2,-2.0000000000000000e+00,-1.2625000000000000e-01,-1,-1,4.2343750000000194e-04,wind_direction:18.4_m:degrees
1106,-2,-2.0000000000000000e+00,-1.8312500000000004e-01,-1,-1,6.2148437500000181e-04,wind_direction:18.4_m:degrees
1107,-2,-2.0000000000000000e+00,-9.0927624872578494e-03,-1,-1,2.6941137473359859e-04,wind_direction:18.4_m:degrees
1108,4,1.0655889034271240e+01,-2.4479166666666666e-02,1299,1300,4.8722873263889435e-04,mixing_ratio:18.4_m:g_kg-1
1109,-2,-2.0000000000000000e+00,-4.0000000000000002e-01,-1,-1,0.0000000000000000e+00,wind_direction:18.4_m:degrees
1110,9,9.0290290832519531e+01,-2.8777777777777774e-01,1763,1764,1.7061728395062065e-03,angle_between_wind_wave:0_m:degrees
1111,-2,-2.0000000000000000e+00,-2.8000000000000003e-01,-1,-1,1.4999999999999736e-04,wind_direction:18.4_m:degrees
1112,0,5.1699308395385742e+01,-2.0589285714285718e-01,1397,1398,9.6348852040815253e-04,zenith:0_m:degrees
1113,-2,-2.0000000000000000e+00,-2.7333333333333337e-01,-1,-1,6.8888888888887778e-04,wind_direction:18.4_m:degrees
1114,-2,-2.0000000000000000e+00,-3.5285714285714287e-01,-1,-1,7.0612244897964860e-04,wind_direction:18.4_m:degrees
1115,-2,-2.0000000000000000e+00,-1.0333333333333333e-01,-1,-1,2.2222222222220353e-05,wind_direction:18.4_m:degrees
1116,-2,-2.0000000000000000e+00,-2.2000000000000000e-01,-1,-1,6.9388939039072284e-18,wind_direction:18.4_m:degrees
1117,10,1.0110469341278076e+01,-1.2777777777777780e-01,1699,1700,1.4395061728395032e-03,wind_speed:18.4_m:m_s-1
1118,-2,-2.0000000000000000e+00,-5.2500000000000005e-02,-1,-1,5.1875000000000098e-04,wind_direction:18.4_m:degrees
1119,-2,-2.0000000000000000e+00,-5.5819672131147531e-02,-1,-1,4.2268879333512682e-04,wind_direction:18.4_m:degrees
1120,7,7.5000000000000000e-01,-3.9728506787330309e-02,1645,1646,3.3476792039475447e-04,wave_height:0_m:m
1121,3,1.0287999877929688e+03,-4.4629629629629623e-02,1123,1124,1.0563443072702352e-03,pressure:18.4_m:hPa
1122,0,7.6545280456542969e+01,-2.8875739644970387e-02,1203,1204,6.1175379013340319e-04,zenith:0_m:degrees
1123,-2,-2.0000000000000000e+00,-4.9191919191919203e-02,-1,-1,8.2560963167023754e-04,wind_direction:18.4_m:degrees
1124,-2,-2.0000000000000000e+00,5.5555555555555540e-03,-1,-1,8.4691358024692703e-04,wind_direction:18.4_m:degrees
1125,-2,-2.0000000000000000e+00,-7.3999999999999999e-01,-1,-1,0.0000000000000000e+00,wind_direction:18.4_m:degrees
1126,9,8.7385791778564453e+01,-6.3555555555555554e-01,1491,1492,3.1580246913580079e-03,angle_between_wind_wave:0_m:degrees
1127,-2,-2.0000000000000000e+00,-1.3524999999999998e-01,-1,-1,7.7993750000000459e-04,wind_direction:18.4_m:degrees
1128,-2,-2.0000000000000000e+00,-5.0000000000000010e-02,-1,-1,-2.8622937353617317e-17,wind_direction:18.4_m:degrees
1129,-2,-2.0000000000000000e+00,-4.4000000000000000e-01,-1,-1,0.0000000000000000e+00,wind_direction:18.4_m:degrees
1130,-2,-2.0000000000000000e+00,-2.8400000000000003e-01,-1,-1,5.0399999999999057e-04,wind_direction:18.4_m:degrees
1131,-2,-2.0000000000000000e+00,-9.7692307692307662e-02,-1,-1,4.2800788954636647e-04,wind_direction:18.4_m:degrees
1132,6,2.0450000000000000e+02,-1.2862068965517243e-01,1541,1542,8.4637336504159166e-04,wave_direction:0_m:degrees
1133,-2,-2.0000000000000000e+00,-5.2929292929292930e-02,-1,-1,7.5000510152025204e-04,wind_direction:18.4_m:degrees
1134,0,7.7418216705322266e+01,-3.5941422594142229e-02,1135,1136,1.1881304599009144e-03,zenith:0_m:degrees
1135,9,8.9485183715820312e+01,-2.1956521739130441e-02,1139,1140,1.5613894139886570e-03,angle_between_wind_wave:0_m:degrees
1136,3,1.0173000183105469e+03,-4.4693877551020382e-02,1137,1138,7.5551853394419414e-04,pressure:18.4_m:hPa
1137,-2,-2.0000000000000000e+00,-3.3678160919540241e-02,-1,-1,5.9106883339939413e-04,wind_direction:18.4_m:degrees
1138,-2,-2.0000000000000000e+00,-6.0666666666666667e-02,-1,-1,5.6288888888889055e-04,wind_direction:18.4_m:degrees
1139,12,-2.4296345561742783e-01,-9.0909090909090952e-04,1141,1142,1.8688705234159778e-03,bulk_richardson:18.4_m:none
1140,1,1.8970924377441406e+02,-3.3728813559322036e-02,1581,1582,1.0030451019821878e-03,azimuth:0_m:degrees
1141,0,7.0605674743652344e+01,5.6666666666666664e-02,1727,1728,3.1222222222222224e-03,zenith:0_m:degrees
1142,-2,-2.0000000000000000e+00,-1.3703703703703704e-02,-1,-1,6.8998628257887519e-04,wind_direction:18.4_m:degrees
1143,-2,-2.0000000000000000e+00,-1.2877192982456145e-01,-1,-1,6.4936903662663609e-04,wind_direction:18.4_m:degrees
1144,3,1.0141499938964844e+03,-1.5563636363636368e-01,1145,1146,2.0864132231405257e-03,pressure:18.4_m:hPa
1145,4,4.7173843383789062e+00,-1.6674418604651162e-01,1179,1180,1.4638182801514320e-03,mixing_ratio:18.4_m:g_kg-1
1146,12,-5.9176944196224213e-02,-1.1583333333333334e-01,1473,1474,2.2909722222221856e-03,bulk_richardson:18.4_m:none
1147,-2,-2.0000000000000000e+00,-3.0909090909090908e-01,-1,-1,9.9173553719023033e-05,wind_direction:18.4_m:degrees
1148,-2,-2.0000000000000000e+00,-2.0000000000000001e-01,-1,-1,1.0000000000004450e-04,wind_direction:18.4_m:degrees
1149,1,2.6052770996093750e+02,-2.6181818181818178e-01,1675,1676,2.1966942148760465e-03,azimuth:0_m:degrees
1150,-2,-2.0000000000000000e+00,-4.0999999999999998e-01,-1,-1,-1.9428902930940239e-16,wind_direction:18.4_m:degrees
1151,12,-3.6959430435672402e-03,-2.5913043478260872e-01,1793,1794,2.2948960302457272e-03,bulk_richardson:18.4_m:none
1152,-2,-2.0000000000000000e+00,-2.1965517241379312e-01,-1,-1,9.8953626634955272e-04,wind_direction:18.4_m:degrees
1153,-2,-2.0000000000000000e+00,-2.5952380952380918e-02,-1,-1,6.5742630385487563e-04,wind_direction:18.4_m:degrees
1154,2,2.7876499938964844e+02,-5.9000000000000011e-02,1155,1156,2.1190000000000046e-03,water_sfc_temperature:0_m:K
1155,-2,-2.0000000000000000e+00,-1.5000000000000002e-01,-1,-1,1.9999999999999532e-04,wind_direction:18.4_m:degrees
1156,-2,-2.0000000000000000e+00,-4.2941176470588240e-02,-1,-1,7.3840830449826912e-04,wind_direction:18.4_m:degrees
1157,-2,-2.0000000000000000e+00,-2.3716508210890167e-02,-1,-1,2.4323164623437916e-04,wind_direction:18.4_m:degrees
1158,-2,-2.0000000000000000e+00,-7.7142857142857152e-02,-1,-1,9.0612244897949126e-04,wind_direction:18.4_m:degrees
1159,1,2.3892256164550781e+02,-5.9299999999999997e-01,1483,1484,2.5010000000000310e-03,azimuth:0_m:degrees
1160,-2,-2.0000000000000000e+00,-5.3000000000000003e-01,-1,-1,5.6000000000000494e-04,wind_direction:18.4_m:degrees
1161,-2,-2.0000000000000000e+00,-8.7000000000000000e-01,-1,-1,3.9999999999995595e-04,wind_direction:18.4_m:degrees
1162,-2,-2.0000000000000000e+00,-7.5875000000000015e-01,-1,-1,8.1093749999994191e-04,wind_direction:18.4_m:degrees
1163,5,9.6049999237060547e+01,-1.2660714285714286e-01,1703,1704,1.2581313775510208e-03,relative_humidity:18.4_m:%
1164,-2,-2.0000000000000000e+00,-2.0999999999999999e-01,-1,-1,4.1633363423443370e-17,wind_direction:18.4_m:degrees
1165,2,2.8066499328613281e+02,-1.4249999999999999e-01,1569,1570,2.1187500000000026e-03,water_sfc_temperature:0_m:K
1166,7,7.5000000000000000e-01,-2.0095238095238099e-01,1267,1268,2.5800453514739155e-03,wave_height:0_m:m
1167,-2,-2.0000000000000000e+00,1.0000000000000002e-02,-1,-1,2.7000000000000001e-03,wind_direction:18.4_m:degrees
1168,-2,-2.0000000000000000e+00,-6.3333333333333339e-02,-1,-1,8.4888888888888948e-04,wind_direction:18.4_m:degrees
1169,11,3.1957000732421875e+02,-1.1307692307692309e-01,1419,1420,1.5136094674556237e-03,wind_direction:18.4_m:degrees
1170,-2,-2.0000000000000000e+00,-1.0000000000000000e-02,-1,-1,1.6561188184716080e-17,wind_direction:18.4_m:degrees
1171,-2,-2.0000000000000000e+00,-4.8599999999999993e-01,-1,-1,3.4400000000009423e-04,wind_direction:18.4_m:degrees
1172,-2,-2.0000000000000000e+00,-4.1285714285714281e-01,-1,-1,8.2040816326531263e-04,wind_direction:18.4_m:degrees
1173,11,3.0812500000000000e+02,-1.2516129032258064e-01,1487,1488,1.3411030176899048e-03,wind_direction:18.4_m:degrees
1174,-2,-2.0000000000000000e+00,-2.0999999999999999e-01,-1,-1,2.4666666666666240e-03,wind_direction:18.4_m:degrees
1175,-2,-2.0000000000000000e+00,-1.5222222222222220e-01,-1,-1,9.2839506172839523e-04,wind_direction:18.4_m:degrees
1176,-2,-2.0000000000000000e+00,-7.3999999999999996e-02,-1,-1,4.6399999999999740e-04,wind_direction:18.4_m:degrees
1177,0,4.6445657730102539e+01,-3.6642857142857144e-01,1903,1904,1.3229591836734778e-03,zenith:0_m:degrees
1178,-2,-2.0000000000000000e+00,-3.1588235294117645e-01,-1,-1,1.0124567474048690e-03,wind_direction:18.4_m:degrees
1179,-2,-2.0000000000000000e+00,-1.7848484848484850e-01,-1,-1,9.6437098255280213e-04,wind_direction:18.4_m:degrees
1180,-2,-2.0000000000000000e+00,-1.2800000000000003e-01,-1,-1,1.1560000000000355e-03,wind_direction:18.4_m:degrees
1181,5,5.8799999237060547e+01,-8.7096774193548387e-02,1725,1726,7.6253902185223661e-04,relative_humidity:18.4_m:%
1182,10,9.1729030609130859e+00,-1.3307692307692306e-01,1183,1184,2.1905325443787177e-03,wind_speed:18.4_m:m_s-1
1183,-2,-2.0000000000000000e+00,-1.0000000000000001e-01,-1,-1,6.2499999999999535e-04,wind_direction:18.4_m:degrees
1184,-2,-2.0000000000000000e+00,-1.8600000000000000e-01,-1,-1,1.4400000000001911e-04,wind_direction:18.4_m:degrees
1185,-2,-2.0000000000000000e+00,-3.1000000000000000e-01,-1,-1,1.9999999999999185e-04,wind_direction:18.4_m:degrees
1186,-2,-2.0000000000000000e+00,-2.2294117647058823e-01,-1,-1,7.5017301038063366e-04,wind_direction:18.4_m:degrees
1187,-2,-2.0000000000000000e+00,-1.1000000000000000e-01,-1,-1,0.0000000000000000e+00,wind_direction:18.4_m:degrees
1188,-2,-2.0000000000000000e+00,-2.1022727272727273e-01,-1,-1,1.4613119834710753e-03,wind_direction:18.4_m:degrees
1189,-2,-2.0000000000000000e+00,-5.6999999999999995e-01,-1,-1,0.0000000000000000e+00,wind_direction:18.4_m:degrees
1190,-2,-2.0000000000000000e+00,-7.2999999999999998e-01,-1,-1,1.1102230246251565e-16,wind_direction:18.4_m:degrees
1191,-2,-2.0000000000000000e+00,-6.3000000000000000e-01,-1,-1,0.0000000000000000e+00,wind_direction:18.4_m:degrees
1192,-2,-2.0000000000000000e+00,-5.1000000000000001e-01,-1,-1,0.0000000000000000e+00,wind_direction:18.4_m:degrees
1193,2,2.9215499877929688e+02,-1.5541666666666668e-01,1195,1196,1.3748263888888924e-03,water_sfc_temperature:0_m:K
1194,12,-1.5366811305284500e-02,-1.9541666666666666e-01,1503,1504,1.6164930555555429e-03,bulk_richardson:18.4_m:none
1195,-2,-2.0000000000000000e+00,-1.4250000000000002e-01,-1,-1,6.2874999999999737e-04,wind_direction:18.4_m:degrees
1196,-2,-2.0000000000000000e+00,-2.2000000000000000e-01,-1,-1,1.0000000000002368e-04,wind_direction:18.4_m:degrees
1197,-2,-2.0000000000000000e+00,-9.8000000000000004e-02,-1,-1,1.0559999999999979e-03,wind_direction:18.4_m:degrees
1198,9,8.9805912017822266e+01,-5.3437499999999950e-02,1199,1200,1.3239474826388892e-03,angle_between_wind_wave:0_m:degrees
1199,8,4.9500000476837158e+00,-4.0352941176470584e-02,1657,1658,1.2081107266435989e-03,wave_period:0_m:s
1200,5,2.9000000000000000e+01,-5.8916256157635440e-02,1905,1906,1.2707466815501567e-03,relative_humidity:18.4_m:%
1201,-2,-2.0000000000000000e+00,-4.9999999999999992e-03,-1,-1,7.5000000000000007e-05,wind_direction:18.4_m:degrees
1202,11,1.9911000061035156e+02,-7.5833333333333336e-02,1291,1292,5.2430555555555390e-04,wind_direction:18.4_m:degrees
1203,6,2.3050000000000000e+02,-1.6483516483516487e-02,1273,1274,7.8763434367829931e-04,wave_direction:0_m:degrees
1204,11,3.1331001281738281e+02,-3.3441295546558676e-02,1615,1616,4.6953400317986324e-04,wind_direction:18.4_m:degrees
1205,12,-2.1596041042357683e-03,-8.2295918367346968e-02,2001,2002,5.7687161599333930e-04,bulk_richardson:18.4_m:none
1206,-2,-2.0000000000000000e+00,-3.2500000000000001e-02,-1,-1,1.8749999999981021e-05,wind_direction:18.4_m:degrees
1207,-2,-2.0000000000000000e+00,-3.5799999999999998e-01,-1,-1,3.3600000000000296e-04,wind_direction:18.4_m:degrees
1208,-2,-2.0000000000000000e+00,-2.9040000000000005e-01,-1,-1,9.9584000000008110e-04,wind_direction:18.4_m:degrees
1209,-2,-2.0000000000000000e+00,-2.2000000000000000e-01,-1,-1,0.0000000000000000e+00,wind_direction:18.4_m:degrees
1210,-2,-2.0000000000000000e+00,-1.2250000000000000e-01,-1,-1,3.6875000000000796e-04,wind_direction:18.4_m:degrees
1211,12,-1.9572392851114273e-01,-6.2793017456359027e-02,1213,1214,9.0541601109447173e-04,bulk_richardson:18.4_m:none
1212,1,8.2496791839599609e+01,-7.5109890109890096e-02,1215,1216,1.1986142977901126e-03,azimuth:0_m:degrees
1213,3,1.0251999816894531e+03,-8.9142857142857163e-02,1579,1580,1.2192653061224457e-03,pressure:18.4_m:hPa
1214,12,-1.3957852125167847e-01,-6.0273224043715795e-02,1219,1220,8.0265758905910013e-04,bulk_richardson:18.4_m:none
1215,9,8.9380252838134766e+01,-9.2592592592592574e-02,1217,1218,1.2710562414266179e-03,angle_between_wind_wave:0_m:degrees
1216,5,7.2399997711181641e+01,-6.7734374999999986e-02,1455,1456,9.8471069335937488e-04,relative_humidity:18.4_m:%
1217,5,6.3799999237060547e+01,-1.3333333333333333e-01,1315,1316,1.8722222222222265e-03,relative_humidity:18.4_m:%
1218,-2,-2.0000000000000000e+00,-8.0952380952380970e-02,-1,-1,4.8956916099773991e-04,wind_direction:18.4_m:degrees
1219,5,6.0799999237060547e+01,-4.7872340425531915e-02,1915,1916,6.7845178813943008e-04,relative_humidity:18.4_m:%
1220,-2,-2.0000000000000000e+00,-6.4558823529411738e-02,-1,-1,7.7407006920415713e-04,wind_direction:18.4_m:degrees
1221,12,-4.1647290810942650e-02,-3.4869565217391296e-01,1223,1224,2.4287334593574295e-03,bulk_richardson:18.4_m:none
1222,-2,-2.0000000000000000e+00,-2.9285714285714287e-01,-1,-1,8.4897959183626026e-04,wind_direction:18.4_m:degrees
1223,-2,-2.0000000000000000e+00,-5.3000000000000003e-01,-1,-1,0.0000000000000000e+00,wind_direction:18.4_m:degrees
1224,2,2.7487998962402344e+02,-3.4466666666666657e-01,1713,1714,1.7360000000000847e-03,water_sfc_temperature:0_m:K
1225,-2,-2.0000000000000000e+00,-1.3999999999999999e-01,-1,-1,1.0000000000000286e-04,wind_direction:18.4_m:degrees
1226,9,9.0859661102294922e+01,-8.2436974789915934e-02,1227,1228,1.2587670362262616e-03,angle_between_wind_wave:0_m:degrees
1227,-2,-2.0000000000000000e+00,-7.5894736842105265e-02,-1,-1,1.1757783933518031e-03,wind_direction:18.4_m:degrees
1228,-2,-2.0000000000000000e+00,-1.0833333333333335e-01,-1,-1,7.4722222222223765e-04,wind_direction:18.4_m:degrees
1229,11,1.0309999847412109e+02,-7.9148936170212764e-02,1839,1840,1.1609778180172023e-03,wind_direction:18.4_m:degrees
1230,-2,-2.0000000000000000e+00,-1.2700000000000000e-01,-1,-1,3.8100000000000286e-04,wind_direction:18.4_m:degrees
1231,-2,-2.0000000000000000e+00,-1.2300000000000001e-01,-1,-1,5.0099999999999797e-04,wind_direction:18.4_m:degrees
1232,-2,-2.0000000000000000e+00,-1.5714285714285714e-01,-1,-1,8.3183673469387417e-04,wind_direction:18.4_m:degrees
1233,-2,-2.0000000000000000e+00,-2.2000000000000003e-01,-1,-1,5.9999999999998943e-04,wind_direction:18.4_m:degrees
1234,-2,-2.0000000000000000e+00,-7.0000000000000007e-02,-1,-1,-2.0816681711721685e-17,wind_direction:18.4_m:degrees
1235,-2,-2.0000000000000000e+00,-6.3400000000000001e-01,-1,-1,1.4399999999997748e-04,wind_direction:18.4_m:degrees
1236,-2,-2.0000000000000000e+00,-5.6333333333333335e-01,-1,-1,3.9555555555564892e-04,wind_direction:18.4_m:degrees
1237,-2,-2.0000000000000000e+00,-2.2571428571428570e-01,-1,-1,5.1020408163266612e-04,wind_direction:18.4_m:degrees
1238,12,-8.6350399069488049e-03,-2.8281250000000002e-01,1901,1902,1.0389648437500176e-03,bulk_richardson:18.4_m:none
1239,3,9.9629998779296875e+02,-3.6913043478260871e-01,1263,1264,1.1731568998109843e-03,pressure:18.4_m:hPa
1240,-2,-2.0000000000000000e+00,-4.6999999999999997e-01,-1,-1,3.3306690738754696e-16,wind_direction:18.4_m:degrees
1241,9,9.1179988861083984e+01,-3.7794117647058825e-02,1401,1402,9.8189878892733571e-04,angle_between_wind_wave:0_m:degrees
1242,0,7.0321182250976562e+01,-1.9577039274924445e-02,1859,1860,3.9861264501054542e-04,zenith:0_m:degrees
1243,2,2.8422999572753906e+02,-1.0725274725274721e-01,1421,1422,7.8036469025482419e-04,water_sfc_temperature:0_m:K
1244,-2,-2.0000000000000000e+00,-1.0000000000000000e-02,-1,-1,6.5938465625137166e-16,wind_direction:18.4_m:degrees
1245,-2,-2.0000000000000000e+00,-1.5615384615384617e-01,-1,-1,2.4236686390532516e-03,wind_direction:18.4_m:degrees
1246,-2,-2.0000000000000000e+00,-2.6000000000000001e-01,-1,-1,1.6000000000000042e-03,wind_direction:18.4_m:degrees
1247,0,6.6261177062988281e+01,-2.5559999999999999e-01,1249,1250,2.1046400000000187e-03,zenith:0_m:degrees
1248,-2,-2.0000000000000000e+00,-1.9714285714285712e-01,-1,-1,5.0612244897954572e-04,wind_direction:18.4_m:degrees
1249,0,6.3186706542968750e+01,-2.3800000000000004e-01,1999,2000,8.3599999999997565e-04,zenith:0_m:degrees
1250,-2,-2.0000000000000000e+00,-3.2600000000000001e-01,-1,-1,9.8400000000023469e-04,wind_direction:18.4_m:degrees
1251,-2,-2.0000000000000000e+00,-4.9666666666666665e-01,-1,-1,2.2222222222256782e-05,wind_direction:18.4_m:degrees
1252,6,2.2600000000000000e+02,-4.0923076923076923e-01,1877,1878,1.7147928994082906e-03,wave_direction:0_m:degrees
1253,-2,-2.0000000000000000e+00,-2.1750000000000003e-01,-1,-1,4.6874999999998307e-04,wind_direction:18.4_m:degrees
1254,-2,-2.0000000000000000e+00,-1.1333333333333334e-01,-1,-1,1.4222222222222344e-03,wind_direction:18.4_m:degrees
1255,9,8.9574596405029297e+01,4.1250000000000002e-02,1257,1258,3.7359375000000005e-03,angle_between_wind_wave:0_m:degrees
1256,10,3.6989717483520508e+00,-7.5624999999999998e-03,1733,1734,6.3030859374999990e-04,wind_speed:18.4_m:m_s-1
1257,-2,-2.0000000000000000e+00,1.4000000000000001e-01,-1,-1,0.0000000000000000e+00,wind_direction:18.4_m:degrees
1258,-2,-2.0000000000000000e+00,8.3333333333333332e-03,-1,-1,6.4722222222222188e-04,wind_direction:18.4_m:degrees
1259,-2,-2.0000000000000000e+00,-2.4000000000000002e-01,-1,-1,1.0461538461538217e-03,wind_direction:18.4_m:degrees
1260,-2,-2.0000000000000000e+00,-3.4000000000000002e-01,-1,-1,3.6082248300317588e-16,wind_direction:18.4_m:degrees
1261,-2,-2.0000000000000000e+00,-3.8733333333333331e-01,-1,-1,8.7288888888895078e-04,wind_direction:18.4_m:degrees
1262,-2,-2.0000000000000000e+00,-2.8500000000000003e-01,-1,-1,2.2499999999972542e-04,wind_direction:18.4_m:degrees
1263,-2,-2.0000000000000000e+00,-3.4642857142857142e-01,-1,-1,3.9438775510194923e-04,wind_direction:18.4_m:degrees
1264,-2,-2.0000000000000000e+00,-4.0444444444444444e-01,-1,-1,3.3580246913589296e-04,wind_direction:18.4_m:degrees
1265,-2,-2.0000000000000000e+00,-1.1947368421052632e-01,-1,-1,5.0498614958449650e-04,wind_direction:18.4_m:degrees
1266,-2,-2.0000000000000000e+00,-5.0000000000000003e-02,-1,-1,1.9949319973733282e-17,wind_direction:18.4_m:degrees
1267,-2,-2.0000000000000000e+00,-1.1000000000000000e-01,-1,-1,4.0000000000000105e-04,wind_direction:18.4_m:degrees
1268,-2,-2.0000000000000000e+00,-2.1052631578947367e-01,-1,-1,1.8470914127423632e-03,wind_direction:18.4_m:degrees
1269,4,1.2644601821899414e+01,-6.8977777777777763e-02,1379,1380,1.4865106172839504e-03,mixing_ratio:18.4_m:g_kg-1
1270,-2,-2.0000000000000000e+00,-1.6500000000000001e-01,-1,-1,1.2249999999996292e-03,wind_direction:18.4_m:degrees
1271,1,3.3080468750000000e+02,-3.5190476190476183e-01,1335,1336,1.3011337868480966e-03,azimuth:0_m:degrees
1272,-2,-2.0000000000000000e+00,-4.8999999999999999e-01,-1,-1,-2.2204460492503131e-16,wind_direction:18.4_m:degrees
1273,-2,-2.0000000000000000e+00,-1.9090909090909099e-02,-1,-1,6.0826446280991720e-04,wind_direction:18.4_m:degrees
1274,-2,-2.0000000000000000e+00,5.9999999999999998e-02,-1,-1,-5.2041704279304213e-18,wind_direction:18.4_m:degrees
1275,-2,-2.0000000000000000e+00,-4.0000000000000001e-02,-1,-1,0.0000000000000000e+00,wind_direction:18.4_m:degrees
1276,8,5.1499998569488525e+00,-1.7772727272727271e-01,1891,1892,1.4811983471074500e-03,wave_period:0_m:s
1277,-2,-2.0000000000000000e+00,-1.0187499999999999e-01,-1,-1,3.2773437500000120e-04,wind_direction:18.4_m:degrees
1278,-2,-2.0000000000000000e+00,-7.0888888888888890e-02,-1,-1,7.1476543209876130e-04,wind_direction:18.4_m:degrees
1279,6,1.8250000000000000e+02,-8.5426356589147254e-02,1281,1282,8.6512829757827685e-04,wave_direction:0_m:degrees
1280,5,5.7150001525878906e+01,-5.4545454545454557e-02,1619,1620,1.6702479338842661e-03,relative_humidity:18.4_m:%
1281,-2,-2.0000000000000000e+00,-4.8333333333333332e-02,-1,-1,5.4722222222222281e-04,wind_direction:18.4_m:degrees
1282,8,4.9500000476837158e+00,-8.9230769230769225e-02,2005,2006,7.4214332675871797e-04,wave_period:0_m:s
1283,5,5.6799999237060547e+01,-1.0569105691056913e-01,1287,1288,1.4716769118910695e-03,relative_humidity:18.4_m:%
1284,11,3.5191999816894531e+02,-9.0056179775280909e-02,1285,1286,1.3387608887766942e-03,wind_direction:18.4_m:degrees
1285,9,9.0052036285400391e+01,-8.8150289017341038e-02,1691,1692,1.2462895519395932e-03,angle_between_wind_wave:0_m:degrees
1286,-2,-2.0000000000000000e+00,-1.5600000000000000e-01,-1,-1,6.3999999999776042e-05,wind_direction:18.4_m:degrees
1287,0,9.8573780059814453e+01,-1.1901639344262295e-01,1289,1290,1.4416554689599455e-03,zenith:0_m:degrees
1288,9,8.9724914550781250e+01,-9.2580645161290318e-02,1941,1942,1.1546305931321634e-03,angle_between_wind_wave:0_m:degrees
1289,-2,-2.0000000000000000e+00,-1.8750000000000000e-01,-1,-1,1.8749999999997935e-05,wind_direction:18.4_m:degrees
1290,12,-1.1384711414575577e-01,-1.1421052631578946e-01,1775,1776,1.1892890120036928e-03,bulk_richardson:18.4_m:none
1291,-2,-2.0000000000000000e+00,-9.5862068965517272e-02,-1,-1,3.8977407847799739e-04,wind_direction:18.4_m:degrees
1292,-2,-2.0000000000000000e+00,-6.5272727272727288e-02,-1,-1,2.7219834710743695e-04,wind_direction:18.4_m:degrees
1293,-2,-2.0000000000000000e+00,-5.3599999999999992e-01,-1,-1,1.3839999999999408e-03,wind_direction:18.4_m:degrees
1294,-2,-2.0000000000000000e+00,-3.9000000000000001e-01,-1,-1,-1.9428902930940239e-16,wind_direction:18.4_m:degrees
1295,-2,-2.0000000000000000e+00,1.5833333333333335e-02,-1,-1,1.3243055555555553e-03,wind_direction:18.4_m:degrees
1296,5,3.5250000000000000e+01,-2.6999999999999996e-02,1843,1844,7.7299999999999992e-04,relative_humidity:18.4_m:%
1297,-2,-2.0000000000000000e+00,-3.8000000000000000e-01,-1,-1,4.0000000000001146e-04,wind_direction:18.4_m:degrees
1298,-2,-2.0000000000000000e+00,-2.8181818181818186e-01,-1,-1,2.0694214876032652e-03,wind_direction:18.4_m:degrees
1299,-2,-2.0000000000000000e+00,-2.0674157303370796e-02,-1,-1,3.2314101754828925e-04,wind_direction:18.4_m:degrees
1300,-2,-2.0000000000000000e+00,-7.2857142857142856e-02,-1,-1,4.8979591836734344e-05,wind_direction:18.4_m:degrees
1301,2,2.9414498901367188e+02,-1.6634382566585927e-02,1433,1434,3.9521014955824459e-04,water_sfc_temperature:0_m:K
1302,11,3.2286000061035156e+02,-2.4815321477428071e-02,1303,1304,5.3248983365178284e-04,wind_direction:18.4_m:degrees
1303,11,2.5675000000000000e+02,-2.3447782546494902e-02,1599,1600,4.1772652941766920e-04,wind_direction:18.4_m:degrees
1304,2,2.8602500915527344e+02,-5.4687500000000000e-02,1385,1386,2.1061523437500198e-03,water_sfc_temperature:0_m:K
1305,-2,-2.0000000000000000e+00,-2.4199999999999999e-01,-1,-1,9.6000000000005803e-05,wind_direction:18.4_m:degrees
1306,-2,-2.0000000000000000e+00,-1.5800000000000000e-01,-1,-1,1.6000000000002124e-05,wind_direction:18.4_m:degrees
1307,-2,-2.0000000000000000e+00,-5.0000000000000001e-03,-1,-1,7.5000000000000007e-05,wind_direction:18.4_m:degrees
1308,2,2.8830000305175781e+02,-7.2566371681415928e-02,1309,1310,1.6633252408176143e-03,water_sfc_temperature:0_m:K
1309,0,6.2619413375854492e+01,-6.4712643678160917e-02,1389,1390,1.2249174263443035e-03,zenith:0_m:degrees
1310,10,7.7787947654724121e+00,-9.8846153846153834e-02,1925,1926,2.2332840236686264e-03,wind_speed:18.4_m:m_s-1
1311,-2,-2.0000000000000000e+00,-1.4999999999999999e-01,-1,-1,0.0000000000000000e+00,wind_direction:18.4_m:degrees
1312,-2,-2.0000000000000000e+00,-3.0333333333333329e-01,-1,-1,2.2222222222201271e-05,wind_direction:18.4_m:degrees
1313,-2,-2.0000000000000000e+00,-7.5000000000000000e-01,-1,-1,0.0000000000000000e+00,wind_direction:18.4_m:degrees
1314,-2,-2.0000000000000000e+00,-8.6499999999999999e-01,-1,-1,1.2249999999999206e-03,wind_direction:18.4_m:degrees
1315,-2,-2.0000000000000000e+00,-9.4999999999999987e-02,-1,-1,9.1666666666663510e-05,wind_direction:18.4_m:degrees
1316,-2,-2.0000000000000000e+00,-1.7166666666666666e-01,-1,-1,7.1388888888889585e-04,wind_direction:18.4_m:degrees
1317,-2,-2.0000000000000000e+00,-5.5411764705882360e-01,-1,-1,5.8892733564019917e-04,wind_direction:18.4_m:degrees
1318,-2,-2.0000000000000000e+00,-4.5499999999999996e-01,-1,-1,1.2249999999999761e-03,wind_direction:18.4_m:degrees
1319,-2,-2.0000000000000000e+00,-8.3333333333333329e-02,-1,-1,2.8888888888888974e-04,wind_direction:18.4_m:degrees
1320,12,-5.9176594018936157e-02,-1.6098039215686277e-01,1391,1392,1.5480584390618821e-03,bulk_richardson:18.4_m:none
1321,-2,-2.0000000000000000e+00,-2.7999999999999997e-01,-1,-1,2.0000000000001961e-04,wind_direction:18.4_m:degrees
1322,-2,-2.0000000000000000e+00,-1.8857142857142856e-01,-1,-1,9.5510204081632188e-04,wind_direction:18.4_m:degrees
1323,-2,-2.0000000000000000e+00,-2.4700000000000003e-01,-1,-1,1.0010000000000227e-03,wind_direction:18.4_m:degrees
1324,-2,-2.0000000000000000e+00,-1.6000000000000000e-01,-1,-1,1.7999999999999787e-03,wind_direction:18.4_m:degrees
1325,-2,-2.0000000000000000e+00,-1.0666666666666666e-01,-1,-1,2.4444444444444470e-04,wind_direction:18.4_m:degrees
1326,-2,-2.0000000000000000e+00,-5.2777777777777785e-02,-1,-1,3.8672839506172360e-04,wind_direction:18.4_m:degrees
1327,-2,-2.0000000000000000e+00,-1.7000000000000001e-01,-1,-1,3.9999999999999758e-04,wind_direction:18.4_m:degrees
1328,-2,-2.0000000000000000e+00,-8.5000000000000006e-02,-1,-1,2.7499999999999660e-04,wind_direction:18.4_m:degrees
1329,-2,-2.0000000000000000e+00,-7.2000000000000008e-01,-1,-1,1.9999999999997797e-04,wind_direction:18.4_m:degrees
1330,-2,-2.0000000000000000e+00,-6.0000000000000009e-01,-1,-1,1.5999999999998238e-03,wind_direction:18.4_m:degrees
1331,-2,-2.0000000000000000e+00,-2.9157894736842099e-01,-1,-1,6.7645429362880871e-04,wind_direction:18.4_m:degrees
1332,-2,-2.0000000000000000e+00,-3.3785714285714291e-01,-1,-1,8.4540816326536539e-04,wind_direction:18.4_m:degrees
1333,-2,-2.0000000000000000e+00,-1.9000000000000000e-01,-1,-1,0.0000000000000000e+00,wind_direction:18.4_m:degrees
1334,-2,-2.0000000000000000e+00,-9.1333333333333336e-02,-1,-1,5.7155555555555779e-04,wind_direction:18.4_m:degrees
1335,-2,-2.0000000000000000e+00,-3.4263157894736840e-01,-1,-1,5.3518005540170721e-04,wind_direction:18.4_m:degrees
1336,-2,-2.0000000000000000e+00,-4.4000000000000000e-01,-1,-1,2.7755575615628914e-17,wind_direction:18.4_m:degrees
1337,-2,-2.0000000000000000e+00,-4.3333333333333335e-02,-1,-1,2.2222222222222227e-03,wind_direction:18.4_m:degrees
1338,0,7.4774055480957031e+01,-1.1905775075987839e-01,1339,1340,1.9860422575549083e-03,zenith:0_m:degrees
1339,6,1.7450000000000000e+02,-1.0109090909090905e-01,1343,1344,2.0315371900826544e-03,wave_direction:0_m:degrees
1340,10,8.8704729080200195e+00,-1.2266423357664226e-01,1341,1342,1.8991062390111436e-03,wind_speed:18.4_m:m_s-1
1341,6,2.1200000000000000e+02,-1.0825688073394489e-01,1345,1346,1.4400808012793656e-03,wave_direction:0_m:degrees
1342,11,3.3521499633789062e+02,-1.3218181818181821e-01,1347,1348,1.9746336088154598e-03,wind_direction:18.4_m:degrees
1343,-2,-2.0000000000000000e+00,-1.7999999999999999e-01,-1,-1,1.0799999999999976e-03,wind_direction:18.4_m:degrees
1344,0,7.4432926177978516e+01,-9.3199999999999991e-02,1531,1532,1.4417600000000089e-03,zenith:0_m:degrees
1345,-2,-2.0000000000000000e+00,-8.7380952380952365e-02,-1,-1,1.4098072562358311e-03,wind_direction:18.4_m:degrees
1346,12,-7.2945259511470795e-02,-1.2134328358208954e-01,1349,1350,1.0146134996658670e-03,bulk_richardson:18.4_m:none
1347,6,1.7550000000000000e+02,-1.2817567567567573e-01,1351,1352,1.8081583272461545e-03,wave_direction:0_m:degrees
1348,10,8.9411091804504395e+00,-1.6705882352941176e-01,1353,1354,2.0678200692040918e-03,wind_speed:18.4_m:m_s-1
1349,-2,-2.0000000000000000e+00,-1.3550000000000001e-01,-1,-1,7.2974999999999429e-04,wind_direction:18.4_m:degrees
1350,-2,-2.0000000000000000e+00,-1.0037037037037037e-01,-1,-1,6.9986282578876798e-04,wind_direction:18.4_m:degrees
1351,-2,-2.0000000000000000e+00,-1.8000000000000002e-01,-1,-1,5.7142857142856995e-04,wind_direction:18.4_m:degrees
1352,7,1.6500000357627869e+00,-1.2560283687943263e-01,1879,1880,1.7296011267038704e-03,wave_height:0_m:m
1353,-2,-2.0000000000000000e+00,-2.3999999999999999e-01,-1,-1,-6.9388939039072284e-18,wind_direction:18.4_m:degrees
1354,-2,-2.0000000000000000e+00,-1.5142857142857144e-01,-1,-1,1.1265306122449012e-03,wind_direction:18.4_m:degrees
1355,-2,-2.0000000000000000e+00,-1.0000000000000001e-01,-1,-1,0.0000000000000000e+00,wind_direction:18.4_m:degrees
1356,10,1.1140279769897461e+01,-1.9365079365079366e-01,1517,1518,1.4295288485764723e-03,wind_speed:18.4_m:m_s-1
1357,-2,-2.0000000000000000e+00,-6.0199999999999998e-01,-1,-1,4.9599999999999644e-04,wind_direction:18.4_m:degrees
1358,-2,-2.0000000000000000e+00,-5.2571428571428580e-01,-1,-1,4.5306122448984798e-04,wind_direction:18.4_m:degrees
1359,6,1.9250000000000000e+02,-5.2647058823529373e-02,1361,1362,7.1122837370242616e-04,wave_direction:0_m:degrees
1360,-2,-2.0000000000000000e+00,-1.0285714285714287e-01,-1,-1,4.7755102040815227e-04,wind_direction:18.4_m:degrees
1361,-2,-2.0000000000000000e+00,-4.3578947368421050e-02,-1,-1,3.7245429362881867e-04,wind_direction:18.4_m:degrees
1362,-2,-2.0000000000000000e+00,-6.4133333333333320e-02,-1,-1,9.0424888888888076e-04,wind_direction:18.4_m:degrees
1363,-2,-2.0000000000000000e+00,-4.9700000000000005e-01,-1,-1,1.4609999999999623e-03,wind_direction:18.4_m:degrees
1364,-2,-2.0000000000000000e+00,-4.1999999999999998e-01,-1,-1,2.9999999999991145e-04,wind_direction:18.4_m:degrees
1365,5,9.9099998474121094e+01,-7.5139860139860043e-02,1731,1732,5.0749792165877619e-04,relative_humidity:18.4_m:%
1366,12,1.6702175140380859e-02,-8.9327731092436982e-02,1367,1368,9.9786738224701826e-04,bulk_richardson:18.4_m:none
1367,4,1.4689461708068848e+01,-8.7627118644067775e-02,1369,1370,6.6216604424015890e-04,mixing_ratio:18.4_m:g_kg-1
1368,-2,-2.0000000000000000e+00,-2.8999999999999998e-01,-1,-1,4.4408920985006262e-16,wind_direction:18.4_m:degrees
1369,-2,-2.0000000000000000e+00,-1.0211538461538462e-01,-1,-1,6.2052514792899569e-04,wind_direction:18.4_m:degrees
1370,-2,-2.0000000000000000e+00,-7.6212121212121203e-02,-1,-1,3.9928833792470669e-04,wind_direction:18.4_m:degrees
1371,-2,-2.0000000000000000e+00,-2.3000000000000001e-01,-1,-1,0.0000000000000000e+00,wind_direction:18.4_m:degrees
1372,-2,-2.0000000000000000e+00,-1.0000000000000001e-01,-1,-1,9.9999999999995925e-05,wind_direction:18.4_m:degrees
1373,-2,-2.0000000000000000e+00,-2.4230769230769234e-01,-1,-1,8.0236686390532108e-04,wind_direction:18.4_m:degrees
1374,-2,-2.0000000000000000e+00,-1.8142857142857144e-01,-1,-1,1.8367346938778784e-04,wind_direction:18.4_m:degrees
1375,-2,-2.0000000000000000e+00,-3.0166666666666669e-01,-1,-1,6.8055555555554537e-04,wind_direction:18.4_m:degrees
1376,-2,-2.0000000000000000e+00,-2.0999999999999999e-01,-1,-1,5.9999999999997555e-04,wind_direction:18.4_m:degrees
1377,-2,-2.0000000000000000e+00,-4.3222222222222217e-01,-1,-1,9.2839506172842645e-04,wind_direction:18.4_m:degrees
1378,9,8.7234622955322266e+01,-3.8130434782608702e-01,1845,1846,1.1939508506614571e-03,angle_between_wind_wave:0_m:degrees
1379,4,1.2402200698852539e+01,-6.3540372670807421e-02,1381,1382,1.6390185563828624e-03,mixing_ratio:18.4_m:g_kg-1
1380,10,1.1057047367095947e+01,-8.2656250000000028e-02,1383,1384,8.4138183593748458e-04,wind_speed:18.4_m:m_s-1
1381,-2,-2.0000000000000000e+00,-6.5624999999999961e-02,-1,-1,9.4960937500000731e-04,wind_direction:18.4_m:degrees
1382,-2,-2.0000000000000000e+00,2.7000000000000002e-01,-1,-1,6.3837823915946501e-16,wind_direction:18.4_m:degrees
1383,6,1.9950000000000000e+02,-7.5789473684210532e-02,1829,1830,4.5946445060017840e-04,wave_direction:0_m:degrees
1384,-2,-2.0000000000000000e+00,-1.3857142857142860e-01,-1,-1,4.4081632653065680e-04,wind_direction:18.4_m:degrees
1385,12,3.7690978497266769e-02,-8.4166666666666667e-02,1387,1388,2.5743055555555554e-03,bulk_richardson:18.4_m:none
1386,5,6.8200000762939453e+01,-3.6999999999999998e-02,1627,1628,9.9100000000000121e-04,relative_humidity:18.4_m:%
1387,-2,-2.0000000000000000e+00,-6.1111111111111116e-02,-1,-1,1.1209876543209880e-03,wind_direction:18.4_m:degrees
1388,-2,-2.0000000000000000e+00,-1.5333333333333335e-01,-1,-1,5.5555555555555566e-04,wind_direction:18.4_m:degrees
1389,-2,-2.0000000000000000e+00,-4.5666666666666675e-02,-1,-1,6.1788888888888874e-04,wind_direction:18.4_m:degrees
1390,11,3.0620500183105469e+02,-7.4736842105263171e-02,1435,1436,1.2530009233610350e-03,wind_direction:18.4_m:degrees
1391,-2,-2.0000000000000000e+00,-1.1000000000000000e-01,-1,-1,1.0000000000000113e-04,wind_direction:18.4_m:degrees
1392,12,-3.8256086409091949e-02,-1.6416666666666668e-01,1393,1394,1.4659722222222192e-03,bulk_richardson:18.4_m:none
1393,3,1.0070500183105469e+03,-1.7770833333333338e-01,1395,1396,1.4009982638888765e-03,pressure:18.4_m:hPa
1394,0,1.5415095520019531e+02,-1.5062500000000001e-01,1899,1900,1.1641927083333101e-03,zenith:0_m:degrees
1395,4,6.2312316894531250e+00,-2.1166666666666667e-01,1849,1850,1.6805555555555601e-03,mixing_ratio:18.4_m:g_kg-1
1396,-2,-2.0000000000000000e+00,-1.6638888888888892e-01,-1,-1,7.9529320987651794e-04,wind_direction:18.4_m:degrees
1397,-2,-2.0000000000000000e+00,-1.6666666666666666e-01,-1,-1,1.3333333333333947e-04,wind_direction:18.4_m:degrees
1398,-2,-2.0000000000000000e+00,-2.1340425531914897e-01,-1,-1,7.7138976912627388e-04,wind_direction:18.4_m:degrees
1399,-2,-2.0000000000000000e+00,-7.9210526315789467e-02,-1,-1,8.0200831024930704e-04,wind_direction:18.4_m:degrees
1400,0,1.6017846679687500e+02,-1.0171052631578942e-01,1929,1930,8.2207409972299798e-04,zenith:0_m:degrees
1401,-2,-2.0000000000000000e+00,-3.3906249999999999e-02,-1,-1,7.8630371093749976e-04,wind_direction:18.4_m:degrees
1402,-2,-2.0000000000000000e+00,-1.0000000000000001e-01,-1,-1,6.9388939039072284e-18,wind_direction:18.4_m:degrees
1403,-2,-2.0000000000000000e+00,2.2499999999999999e-02,-1,-1,1.5187499999999999e-03,wind_direction:18.4_m:degrees
1404,9,8.9886280059814453e+01,-4.1959999999999963e-02,1405,1406,9.9495840000000295e-04,angle_between_wind_wave:0_m:degrees
1405,3,1.0048500061035156e+03,-3.4714285714285725e-02,1623,1624,9.5063265306122692e-04,pressure:18.4_m:hPa
1406,-2,-2.0000000000000000e+00,-5.1181818181818182e-02,-1,-1,8.9951239669421989e-04,wind_direction:18.4_m:degrees
1407,-2,-2.0000000000000000e+00,-1.5700000000000003e-01,-1,-1,5.2099999999999716e-04,wind_direction:18.4_m:degrees
1408,0,6.9273677825927734e+01,-2.1076923076923076e-01,1923,1924,1.2994082840237023e-03,zenith:0_m:degrees
1409,1,2.8408566284179688e+02,-2.5384615384615383e-01,1411,1412,2.0800788954634386e-03,azimuth:0_m:degrees
1410,-2,-2.0000000000000000e+00,-3.0111111111111111e-01,-1,-1,5.6543209876554201e-04,wind_direction:18.4_m:degrees
1411,-2,-2.0000000000000000e+00,-2.3714285714285724e-01,-1,-1,1.3346938775509534e-03,wind_direction:18.4_m:degrees
1412,4,1.3531350493431091e+00,-2.9636363636363638e-01,1723,1724,1.4595041322316010e-03,mixing_ratio:18.4_m:g_kg-1
1413,11,1.2166500091552734e+02,-6.4428571428571432e-02,1917,1918,7.7038775510203990e-04,wind_direction:18.4_m:degrees
1414,-2,-2.0000000000000000e+00,-4.7532051282051208e-02,-1,-1,4.0640922912557912e-04,wind_direction:18.4_m:degrees
1415,11,3.0129499816894531e+02,-1.2937499999999999e-01,1417,1418,1.4266927083333332e-03,wind_direction:18.4_m:degrees
1416,2,2.7652999877929688e+02,-1.0466666666666666e-01,1649,1650,9.3488888888888441e-04,water_sfc_temperature:0_m:K
1417,-2,-2.0000000000000000e+00,-1.2170731707317074e-01,-1,-1,9.9464604402141506e-04,wind_direction:18.4_m:degrees
1418,-2,-2.0000000000000000e+00,-1.7428571428571432e-01,-1,-1,1.5959183673469081e-03,wind_direction:18.4_m:degrees
1419,-2,-2.0000000000000000e+00,-9.7894736842105284e-02,-1,-1,7.5346260387811233e-04,wind_direction:18.4_m:degrees
1420,-2,-2.0000000000000000e+00,-1.5428571428571430e-01,-1,-1,1.2530612244897842e-03,wind_direction:18.4_m:degrees
1421,-2,-2.0000000000000000e+00,-9.8333333333333328e-02,-1,-1,4.5347222222223531e-04,wind_direction:18.4_m:degrees
1422,11,1.9535999298095703e+02,-1.1720930232558137e-01,1423,1424,9.5732828555977062e-04,wind_direction:18.4_m:degrees
1423,-2,-2.0000000000000000e+00,-1.3526315789473686e-01,-1,-1,4.1966759002769541e-04,wind_direction:18.4_m:degrees
1424,3,1.0116499938964844e+03,-1.0291666666666670e-01,1425,1426,9.2065972222222896e-04,pressure:18.4_m:hPa
1425,-2,-2.0000000000000000e+00,-1.1047619047619049e-01,-1,-1,2.9501133786847926e-04,wind_direction:18.4_m:degrees
1426,-2,-2.0000000000000000e+00,-4.9999999999999996e-02,-1,-1,2.0999999999999808e-03,wind_direction:18.4_m:degrees
1427,-2,-2.0000000000000000e+00,-1.3000000000000000e-01,-1,-1,0.0000000000000000e+00,wind_direction:18.4_m:degrees
1428,-2,-2.0000000000000000e+00,-2.3999999999999999e-01,-1,-1,1.0000000000000286e-04,wind_direction:18.4_m:degrees
1429,-2,-2.0000000000000000e+00,-9.8444444444444418e-02,-1,-1,6.3535802469136433e-04,wind_direction:18.4_m:degrees
1430,-2,-2.0000000000000000e+00,-7.4459459459459462e-02,-1,-1,3.0038349159970234e-04,wind_direction:18.4_m:degrees
1431,-2,-2.0000000000000000e+00,-5.6886227544910177e-02,-1,-1,5.9090322349313442e-04,wind_direction:18.4_m:degrees
1432,-2,-2.0000000000000000e+00,-7.6458333333333336e-02,-1,-1,9.5203993055556144e-04,wind_direction:18.4_m:degrees
1433,-2,-2.0000000000000000e+00,-1.6941747572815503e-02,-1,-1,3.5715194646055359e-04,wind_direction:18.4_m:degrees
1434,-2,-2.0000000000000000e+00,1.1000000000000000e-01,-1,-1,-1.5612511283791264e-17,wind_direction:18.4_m:degrees
1435,-2,-2.0000000000000000e+00,-1.1625000000000002e-01,-1,-1,1.1984374999999964e-03,wind_direction:18.4_m:degrees
1436,4,4.0438659191131592e+00,-6.7959183673469398e-02,1603,1604,9.3461057892544729e-04,mixing_ratio:18.4_m:g_kg-1
1437,-2,-2.0000000000000000e+00,-1.6431535269709533e-02,-1,-1,5.6817892253921204e-04,wind_direction:18.4_m:degrees
1438,1,4.9661260604858398e+01,-5.5454545454545451e-02,1439,1440,2.3884297520661299e-03,azimuth:0_m:degrees
1439,-2,-2.0000000000000000e+00,-1.4999999999999999e-01,-1,-1,0.0000000000000000e+00,wind_direction:18.4_m:degrees
1440,-2,-2.0000000000000000e+00,-3.4444444444444451e-02,-1,-1,4.9135802469135823e-04,wind_direction:18.4_m:degrees
1441,-2,-2.0000000000000000e+00,-2.3666666666666666e-01,-1,-1,5.5555555555565628e-05,wind_direction:18.4_m:degrees
1442,-2,-2.0000000000000000e+00,-3.4000000000000002e-01,-1,-1,-1.3877787807814457e-17,wind_direction:18.4_m:degrees
1443,-2,-2.0000000000000000e+00,-4.0500000000000003e-01,-1,-1,6.2499999999995892e-04,wind_direction:18.4_m:degrees
1444,-2,-2.0000000000000000e+00,-3.2571428571428573e-01,-1,-1,8.8163265306125116e-04,wind_direction:18.4_m:degrees
1445,-2,-2.0000000000000000e+00,-2.7000000000000002e-01,-1,-1,0.0000000000000000e+00,wind_direction:18.4_m:degrees
1446,-2,-2.0000000000000000e+00,-1.7730769230769233e-01,-1,-1,5.4275147928992129e-04,wind_direction:18.4_m:degrees
1447,3,9.9964999389648438e+02,-3.1461100569259902e-02,1671,1672,4.6522761396901552e-04,pressure:18.4_m:hPa
1448,2,2.8022500610351562e+02,-3.8091537132987900e-02,1655,1656,4.3668592147140745e-04,water_sfc_temperature:0_m:K
1449,-2,-2.0000000000000000e+00,-1.3954545454545453e-01,-1,-1,6.0433884297519599e-04,wind_direction:18.4_m:degrees
1450,0,4.6914140701293945e+01,-9.6428571428571433e-02,1609,1610,1.6229591836734673e-03,zenith:0_m:degrees
1451,5,3.3299999237060547e+01,-9.0000000000000024e-02,1453,1454,3.2166666666666628e-03,relative_humidity:18.4_m:%
1452,-2,-2.0000000000000000e+00,-4.5416666666666668e-02,-1,-1,8.4149305555555410e-04,wind_direction:18.4_m:degrees
1453,-2,-2.0000000000000000e+00,-6.6666666666666671e-03,-1,-1,2.2222222222222217e-05,wind_direction:18.4_m:degrees
1454,-2,-2.0000000000000000e+00,-1.1777777777777779e-01,-1,-1,1.1950617283950516e-03,wind_direction:18.4_m:degrees
1455,-2,-2.0000000000000000e+00,-6.4491525423728810e-02,-1,-1,8.4677535191037077e-04,wind_direction:18.4_m:degrees
1456,-2,-2.0000000000000000e+00,-1.0600000000000001e-01,-1,-1,1.0240000000000422e-03,wind_direction:18.4_m:degrees
1457,9,9.0911365509033203e+01,2.5000000000000005e-02,1459,1460,5.7499999999999990e-03,angle_between_wind_wave:0_m:degrees
1458,1,3.5485337829589844e+02,-6.7067307692307418e-03,1953,1954,3.2384989059418019e-04,azimuth:0_m:degrees
1459,-2,-2.0000000000000000e+00,-1.0769230769230769e-02,-1,-1,2.5325443786982261e-04,wind_direction:18.4_m:degrees
1460,-2,-2.0000000000000000e+00,1.8000000000000002e-01,-1,-1,-6.9388939039072284e-18,wind_direction:18.4_m:degrees
1461,-2,-2.0000000000000000e+00,-1.8777777777777779e-01,-1,-1,5.5061728395060933e-04,wind_direction:18.4_m:degrees
1462,-2,-2.0000000000000000e+00,-1.2428571428571430e-01,-1,-1,2.0530612244897932e-03,wind_direction:18.4_m:degrees
1463,-2,-2.0000000000000000e+00,-5.3600000000000002e-02,-1,-1,5.1904000000000013e-04,wind_direction:18.4_m:degrees
1464,0,1.0997573471069336e+02,-8.6216216216216224e-02,1545,1546,1.1640613586559557e-03,zenith:0_m:degrees
1465,-2,-2.0000000000000000e+00,-4.2999999999999999e-01,-1,-1,0.0000000000000000e+00,wind_direction:18.4_m:degrees
1466,-2,-2.0000000000000000e+00,-3.1500000000000000e-01,-1,-1,2.4999999999969491e-05,wind_direction:18.4_m:degrees
1467,-2,-2.0000000000000000e+00,-6.5857142857142859e-01,-1,-1,2.9795918367370167e-04,wind_direction:18.4_m:degrees
1468,-2,-2.0000000000000000e+00,-5.7999999999999996e-01,-1,-1,-1.6653345369377348e-16,wind_direction:18.4_m:degrees
1469,-2,-2.0000000000000000e+00,-1.8384615384615385e-01,-1,-1,1.2236686390532589e-03,wind_direction:18.4_m:degrees
1470,1,1.4761524963378906e+02,-2.3062500000000002e-01,1577,1578,1.9558593749999589e-03,azimuth:0_m:degrees
1471,0,1.5819259643554688e+02,-9.3157894736842134e-02,1863,1864,7.5844875346259277e-04,zenith:0_m:degrees
1472,-2,-2.0000000000000000e+00,-1.2172413793103450e-01,-1,-1,5.8668252080857318e-04,wind_direction:18.4_m:degrees
1473,-2,-2.0000000000000000e+00,-3.4999999999999996e-02,-1,-1,6.2500000000000012e-04,wind_direction:18.4_m:degrees
1474,-2,-2.0000000000000000e+00,-1.3200000000000001e-01,-1,-1,1.0559999999999979e-03,wind_direction:18.4_m:degrees
1475,-2,-2.0000000000000000e+00,-3.9000000000000001e-01,-1,-1,0.0000000000000000e+00,wind_direction:18.4_m:degrees
1476,-2,-2.0000000000000000e+00,-5.3000000000000003e-01,-1,-1,0.0000000000000000e+00,wind_direction:18.4_m:degrees
1477,-2,-2.0000000000000000e+00,-3.1583333333333345e-02,-1,-1,2.9665972222222116e-04,wind_direction:18.4_m:degrees
1478,11,2.6777000427246094e+02,-4.7062937062937051e-02,1479,1480,3.6899603892611961e-04,wind_direction:18.4_m:degrees
1479,-2,-2.0000000000000000e+00,-5.4343434343434326e-02,-1,-1,2.2052851749821550e-04,wind_direction:18.4_m:degrees
1480,-2,-2.0000000000000000e+00,-3.0681818181818185e-02,-1,-1,3.1544421487603505e-04,wind_direction:18.4_m:degrees
1481,-2,-2.0000000000000000e+00,-2.7588235294117647e-01,-1,-1,1.6242214532871946e-03,wind_direction:18.4_m:degrees
1482,1,5.4026935577392578e+01,-3.1666666666666665e-01,1635,1636,1.9841269841270048e-03,azimuth:0_m:degrees
1483,-2,-2.0000000000000000e+00,-6.5333333333333332e-01,-1,-1,8.8888888888971618e-05,wind_direction:18.4_m:degrees
1484,-2,-2.0000000000000000e+00,-5.6714285714285706e-01,-1,-1,1.3061224489796519e-03,wind_direction:18.4_m:degrees
1485,-2,-2.0000000000000000e+00,-8.3333333333333329e-02,-1,-1,2.2222222222222955e-05,wind_direction:18.4_m:degrees
1486,-2,-2.0000000000000000e+00,-1.6187499999999999e-01,-1,-1,1.1027343750000078e-03,wind_direction:18.4_m:degrees
1487,-2,-2.0000000000000000e+00,-1.3250000000000001e-01,-1,-1,8.6874999999999800e-04,wind_direction:18.4_m:degrees
1488,-2,-2.0000000000000000e+00,-5.6666666666666664e-02,-1,-1,5.5555555555558732e-04,wind_direction:18.4_m:degrees
1489,-2,-2.0000000000000000e+00,-6.5714285714285711e-02,-1,-1,5.1020408163265397e-04,wind_direction:18.4_m:degrees
1490,-2,-2.0000000000000000e+00,-1.1884615384615385e-01,-1,-1,1.4486686390532515e-03,wind_direction:18.4_m:degrees
1491,-2,-2.0000000000000000e+00,-7.0333333333333325e-01,-1,-1,2.2222222222256782e-05,wind_direction:18.4_m:degrees
1492,3,9.8425000000000000e+02,-6.2708333333333333e-01,1493,1494,2.9039930555555538e-03,pressure:18.4_m:hPa
1493,1,9.0243103027343750e+01,-5.4666666666666675e-01,1771,1772,4.3555555555554459e-03,azimuth:0_m:degrees
1494,2,2.8654499816894531e+02,-6.3857142857142846e-01,1595,1596,1.6408163265305697e-03,water_sfc_temperature:0_m:K
1495,-2,-2.0000000000000000e+00,-4.0666666666666668e-01,-1,-1,1.7555555555555380e-03,wind_direction:18.4_m:degrees
1496,-2,-2.0000000000000000e+00,-3.2692307692307693e-01,-1,-1,9.7514792899409952e-04,wind_direction:18.4_m:degrees
1497,-2,-2.0000000000000000e+00,-1.3615384615384613e-01,-1,-1,9.4674556213018499e-04,wind_direction:18.4_m:degrees
1498,-2,-2.0000000000000000e+00,-6.5000000000000002e-02,-1,-1,2.4999999999982501e-05,wind_direction:18.4_m:degrees
1499,-2,-2.0000000000000000e+00,-4.4500000000000001e-01,-1,-1,7.4999999999991740e-05,wind_direction:18.4_m:degrees
1500,-2,-2.0000000000000000e+00,-3.5000000000000003e-01,-1,-1,2.0000000000000573e-04,wind_direction:18.4_m:degrees
1501,-2,-2.0000000000000000e+00,-2.6000000000000001e-01,-1,-1,0.0000000000000000e+00,wind_direction:18.4_m:degrees
1502,-2,-2.0000000000000000e+00,-1.7428571428571429e-01,-1,-1,5.3877551020409947e-04,wind_direction:18.4_m:degrees
1503,-2,-2.0000000000000000e+00,-2.3125000000000001e-01,-1,-1,4.1093749999999984e-04,wind_direction:18.4_m:degrees
1504,1,2.9184362030029297e+02,-1.7749999999999999e-01,1625,1626,1.2562500000000143e-03,azimuth:0_m:degrees
1505,-2,-2.0000000000000000e+00,-1.1090909090909090e-01,-1,-1,8.6280991735537479e-04,wind_direction:18.4_m:degrees
1506,-2,-2.0000000000000000e+00,-7.2882352941176440e-02,-1,-1,4.1522145328720238e-04,wind_direction:18.4_m:degrees
1507,-2,-2.0000000000000000e+00,-1.6041666666666668e-01,-1,-1,1.8456597222222190e-03,wind_direction:18.4_m:degrees
1508,9,8.8424179077148438e+01,-1.9177777777777780e-01,1509,1510,2.1390617283950572e-03,angle_between_wind_wave:0_m:degrees
1509,12,-6.4951166510581970e-02,-1.7041666666666666e-01,1511,1512,1.9123263888889200e-03,bulk_richardson:18.4_m:none
1510,-2,-2.0000000000000000e+00,-2.1619047619047618e-01,-1,-1,1.2807256235827305e-03,wind_direction:18.4_m:degrees
1511,-2,-2.0000000000000000e+00,-2.3250000000000001e-01,-1,-1,1.2687499999999921e-03,wind_direction:18.4_m:degrees
1512,5,6.2850002288818359e+01,-1.5800000000000000e-01,1543,1544,1.1160000000000093e-03,relative_humidity:18.4_m:%
1513,-2,-2.0000000000000000e+00,-2.5000000000000000e-01,-1,-1,0.0000000000000000e+00,wind_direction:18.4_m:degrees
1514,-2,-2.0000000000000000e+00,-1.2444444444444445e-01,-1,-1,7.9135802469136422e-04,wind_direction:18.4_m:degrees
1515,12,-1.2019580695778131e-02,-2.5937500000000002e-01,1583,1584,1.1558593750000123e-03,bulk_richardson:18.4_m:none
1516,-2,-2.0000000000000000e+00,-1.9600000000000001e-01,-1,-1,1.0400000000003462e-04,wind_direction:18.4_m:degrees
1517,2,2.8296000671386719e+02,-2.6333333333333336e-01,1769,1770,4.3555555555555431e-03,water_sfc_temperature:0_m:K
1518,10,1.1322839736938477e+01,-1.9016666666666671e-01,1631,1632,1.0283055555555462e-03,wind_speed:18.4_m:m_s-1
1519,12,5.7227645069360733e-02,-7.9489795918366666e-03,1521,1522,2.7242596834652186e-04,bulk_richardson:18.4_m:none
1520,-2,-2.0000000000000000e+00,-1.7948717948717960e-03,-1,-1,2.5851413543720664e-04,wind_direction:18.4_m:degrees
1521,11,3.4856500244140625e+02,-7.8118609406952234e-03,1651,1652,2.5502799837738913e-04,wind_direction:18.4_m:degrees
1522,1,2.4955374145507812e+02,-7.5000000000000011e-02,1523,1524,4.2750000000005318e-03,azimuth:0_m:degrees
1523,-2,-2.0000000000000000e+00,-1.0000000000000000e-02,-1,-1,9.9999999999999829e-05,wind_direction:18.4_m:degrees
1524,-2,-2.0000000000000000e+00,-1.4000000000000001e-01,-1,-1,0.0000000000000000e+00,wind_direction:18.4_m:degrees
1525,3,1.0143999938964844e+03,-2.8228571428571402e-02,1527,1528,6.6257632653061299e-04,pressure:18.4_m:hPa
1526,-2,-2.0000000000000000e+00,-1.0000000000000002e-01,-1,-1,3.9898639947466563e-17,wind_direction:18.4_m:degrees
1527,-2,-2.0000000000000000e+00,-3.4365079365079362e-02,-1,-1,2.9602544721592586e-04,wind_direction:18.4_m:degrees
1528,3,1.0146499938964844e+03,-1.2448979591836738e-02,1529,1530,1.2593086214077482e-03,pressure:18.4_m:hPa
1529,-2,-2.0000000000000000e+00,1.4000000000000001e-01,-1,-1,0.0000000000000000e+00,wind_direction:18.4_m:degrees
1530,-2,-2.0000000000000000e+00,-1.8936170212765963e-02,-1,-1,2.8184698958804881e-04,wind_direction:18.4_m:degrees
1531,-2,-2.0000000000000000e+00,-1.0023255813953487e-01,-1,-1,1.2534342888047608e-03,wind_direction:18.4_m:degrees
1532,-2,-2.0000000000000000e+00,-4.9999999999999996e-02,-1,-1,4.2857142857144438e-04,wind_direction:18.4_m:degrees
1533,9,8.9802486419677734e+01,-4.8846153846153850e-01,1535,1536,3.9668639053253574e-03,angle_between_wind_wave:0_m:degrees
1534,-2,-2.0000000000000000e+00,-3.9500000000000002e-01,-1,-1,2.2500000000019726e-04,wind_direction:18.4_m:degrees
1535,11,2.7907998657226562e+02,-4.9916666666666670e-01,1537,1538,2.8076388888888526e-03,wind_direction:18.4_m:degrees
1536,-2,-2.0000000000000000e+00,-3.5999999999999999e-01,-1,-1,-7.4940054162198066e-16,wind_direction:18.4_m:degrees
1537,-2,-2.0000000000000000e+00,-5.1700000000000002e-01,-1,-1,1.4609999999999901e-03,wind_direction:18.4_m:degrees
1538,-2,-2.0000000000000000e+00,-4.0999999999999998e-01,-1,-1,-1.9428902930940239e-16,wind_direction:18.4_m:degrees
1539,9,9.1363800048828125e+01,-6.5909090909090903e-02,1889,1890,1.0514462809917361e-03,angle_between_wind_wave:0_m:degrees
1540,-2,-2.0000000000000000e+00,-3.0000000000000002e-02,-1,-1,6.2499999999999860e-04,wind_direction:18.4_m:degrees
1541,-2,-2.0000000000000000e+00,-1.7333333333333334e-01,-1,-1,5.5555555555558689e-05,wind_direction:18.4_m:degrees
1542,-2,-2.0000000000000000e+00,-1.1695652173913045e-01,-1,-1,3.9508506616257009e-04,wind_direction:18.4_m:degrees
1543,-2,-2.0000000000000000e+00,-1.3999999999999999e-01,-1,-1,5.1428571428572059e-04,wind_direction:18.4_m:degrees
1544,-2,-2.0000000000000000e+00,-2.0000000000000004e-01,-1,-1,-6.9388939039072284e-18,wind_direction:18.4_m:degrees
1545,-2,-2.0000000000000000e+00,-1.0937500000000001e-01,-1,-1,4.0585937499999780e-04,wind_direction:18.4_m:degrees
1546,0,1.2499836349487305e+02,-6.8571428571428589e-02,1547,1548,1.0217687074829916e-03,zenith:0_m:degrees
1547,-2,-2.0000000000000000e+00,1.4999999999999999e-02,-1,-1,2.0249999999999999e-03,wind_direction:18.4_m:degrees
1548,-2,-2.0000000000000000e+00,-7.7368421052631572e-02,-1,-1,1.0360110803323691e-04,wind_direction:18.4_m:degrees
1549,-2,-2.0000000000000000e+00,-3.2000000000000001e-01,-1,-1,4.2857142857144481e-04,wind_direction:18.4_m:degrees
1550,-2,-2.0000000000000000e+00,-3.8833333333333336e-01,-1,-1,1.4805555555554850e-03,wind_direction:18.4_m:degrees
1551,-2,-2.0000000000000000e+00,-1.1142857142857142e-01,-1,-1,1.3265306122449000e-03,wind_direction:18.4_m:degrees
1552,-2,-2.0000000000000000e+00,-1.5240000000000001e-01,-1,-1,6.2624000000000013e-04,wind_direction:18.4_m:degrees
1553,-2,-2.0000000000000000e+00,-1.4129629629629594e-02,-1,-1,2.6090912208504913e-04,wind_direction:18.4_m:degrees
1554,-2,-2.0000000000000000e+00,7.8787878787878775e-03,-1,-1,5.0156106519742870e-04,wind_direction:18.4_m:degrees
1555,4,1.4342591166496277e+00,-1.8235294117647058e-01,1557,1558,1.9062283737024052e-03,mixing_ratio:18.4_m:g_kg-1
1556,-2,-2.0000000000000000e+00,-1.1750000000000001e-01,-1,-1,1.5187499999999923e-03,wind_direction:18.4_m:degrees
1557,-2,-2.0000000000000000e+00,-3.0000000000000004e-01,-1,-1,8.9999999999998415e-04,wind_direction:18.4_m:degrees
1558,-2,-2.0000000000000000e+00,-1.7500000000000002e-01,-1,-1,1.0499999999999989e-03,wind_direction:18.4_m:degrees
1559,-2,-2.0000000000000000e+00,-1.2513513513513513e-01,-1,-1,4.1687363038711914e-04,wind_direction:18.4_m:degrees
1560,1,3.0770449829101562e+02,-9.8275862068965505e-02,1561,1562,1.2970273483947550e-03,azimuth:0_m:degrees
1561,-2,-2.0000000000000000e+00,-1.0961538461538461e-01,-1,-1,2.0369822485207661e-04,wind_direction:18.4_m:degrees
1562,-2,-2.0000000000000000e+00,0.0000000000000000e+00,-1,-1,-1.8503717077085941e-17,wind_direction:18.4_m:degrees
1563,-2,-2.0000000000000000e+00,-1.1190476190476192e-01,-1,-1,9.2970521541949763e-04,wind_direction:18.4_m:degrees
1564,4,8.4541454315185547e+00,-1.4093220338983048e-01,1565,1566,8.3726659006031975e-04,mixing_ratio:18.4_m:g_kg-1
1565,-2,-2.0000000000000000e+00,-1.2807692307692306e-01,-1,-1,6.6553254437870177e-04,wind_direction:18.4_m:degrees
1566,-2,-2.0000000000000000e+00,-1.5106060606060606e-01,-1,-1,7.3978420569332029e-04,wind_direction:18.4_m:degrees
1567,-2,-2.0000000000000000e+00,-4.4999999999999996e-01,-1,-1,1.6000000000000181e-03,wind_direction:18.4_m:degrees
1568,-2,-2.0000000000000000e+00,-2.9999999999999999e-01,-1,-1,-5.5511151231257827e-17,wind_direction:18.4_m:degrees
1569,-2,-2.0000000000000000e+00,-1.7599999999999999e-01,-1,-1,3.8400000000000239e-04,wind_direction:18.4_m:degrees
1570,-2,-2.0000000000000000e+00,-8.6666666666666670e-02,-1,-1,2.2222222222231629e-05,wind_direction:18.4_m:degrees
1571,-2,-2.0000000000000000e+00,-5.1333333333333331e-01,-1,-1,3.2222222222222374e-04,wind_direction:18.4_m:degrees
1572,11,2.9341999816894531e+02,-4.5307692307692310e-01,1865,1866,1.1751479289940914e-03,wind_direction:18.4_m:degrees
1573,-2,-2.0000000000000000e+00,-2.2068965517241378e-02,-1,-1,4.6296076099881111e-04,wind_direction:18.4_m:degrees
1574,-2,-2.0000000000000000e+00,-4.8148148148148169e-02,-1,-1,6.4471879286694383e-04,wind_direction:18.4_m:degrees
1575,-2,-2.0000000000000000e+00,-8.2000000000000003e-02,-1,-1,9.4599999999999979e-04,wind_direction:18.4_m:degrees
1576,-2,-2.0000000000000000e+00,-5.4878048780487819e-02,-1,-1,7.4693634741225491e-04,wind_direction:18.4_m:degrees
1577,-2,-2.0000000000000000e+00,-2.0699999999999999e-01,-1,-1,1.2609999999999913e-03,wind_direction:18.4_m:degrees
1578,-2,-2.0000000000000000e+00,-2.7000000000000002e-01,-1,-1,6.3333333333331909e-04,wind_direction:18.4_m:degrees
1579,-2,-2.0000000000000000e+00,-1.0699999999999998e-01,-1,-1,7.6099999999999952e-04,wind_direction:18.4_m:degrees
1580,-2,-2.0000000000000000e+00,-6.5333333333333340e-02,-1,-1,8.3822222222221764e-04,wind_direction:18.4_m:degrees
1581,-2,-2.0000000000000000e+00,-4.5526315789473693e-02,-1,-1,6.0367036011080202e-04,wind_direction:18.4_m:degrees
1582,-2,-2.0000000000000000e+00,-1.2380952380952387e-02,-1,-1,1.0181405895691626e-03,wind_direction:18.4_m:degrees
1583,-2,-2.0000000000000000e+00,-3.4000000000000002e-01,-1,-1,0.0000000000000000e+00,wind_direction:18.4_m:degrees
1584,-2,-2.0000000000000000e+00,-2.4785714285714283e-01,-1,-1,2.5969387755101631e-04,wind_direction:18.4_m:degrees
1585,-2,-2.0000000000000000e+00,-1.9636363636363638e-01,-1,-1,6.0495867768593781e-04,wind_direction:18.4_m:degrees
1586,-2,-2.0000000000000000e+00,-2.9000000000000004e-01,-1,-1,9.9999999999975109e-05,wind_direction:18.4_m:degrees
1587,-2,-2.0000000000000000e+00,-5.1500000000000001e-01,-1,-1,6.2500000000004219e-04,wind_direction:18.4_m:degrees
1588,-2,-2.0000000000000000e+00,-4.1874999999999996e-01,-1,-1,1.4359375000000119e-03,wind_direction:18.4_m:degrees
1589,10,1.2647469997406006e+01,-4.4500000000000001e-01,1591,1592,9.0749999999999997e-03,wind_speed:18.4_m:m_s-1
1590,9,8.8391044616699219e+01,-3.7913043478260872e-01,1593,1594,2.6948960302457525e-03,angle_between_wind_wave:0_m:degrees
1591,-2,-2.0000000000000000e+00,-3.8999999999999996e-01,-1,-1,5.5511151231257827e-17,wind_direction:18.4_m:degrees
1592,-2,-2.0000000000000000e+00,-6.0999999999999999e-01,-1,-1,-1.1102230246251565e-16,wind_direction:18.4_m:degrees
1593,-2,-2.0000000000000000e+00,-2.0999999999999999e-01,-1,-1,0.0000000000000000e+00,wind_direction:18.4_m:degrees
1594,1,2.4816036224365234e+02,-3.8681818181818178e-01,1977,1978,1.4580578512397024e-03,azimuth:0_m:degrees
1595,-2,-2.0000000000000000e+00,-6.4450000000000007e-01,-1,-1,9.8475000000003421e-04,wind_direction:18.4_m:degrees
1596,-2,-2.0000000000000000e+00,-5.2000000000000002e-01,-1,-1,8.8817841970012523e-16,wind_direction:18.4_m:degrees
1597,-2,-2.0000000000000000e+00,-1.1504802561366000e-02,-1,-1,3.1160963541993056e-04,wind_direction:18.4_m:degrees
1598,-2,-2.0000000000000000e+00,1.1000000000000000e-01,-1,-1,6.9388939039072284e-17,wind_direction:18.4_m:degrees
1599,-2,-2.0000000000000000e+00,-2.5804701627486347e-02,-1,-1,3.4984974281333054e-04,wind_direction:18.4_m:degrees
1600,-2,-2.0000000000000000e+00,-1.4520547945205487e-02,-1,-1,5.7408519422030195e-04,wind_direction:18.4_m:degrees
1601,-2,-2.0000000000000000e+00,-2.0000000000000004e-01,-1,-1,-6.9388939039072284e-18,wind_direction:18.4_m:degrees
1602,-2,-2.0000000000000000e+00,-1.2655172413793106e-01,-1,-1,1.0915576694411379e-03,wind_direction:18.4_m:degrees
1603,-2,-2.0000000000000000e+00,-7.4418604651162790e-02,-1,-1,6.8977825851811517e-04,wind_direction:18.4_m:degrees
1604,-2,-2.0000000000000000e+00,-2.1666666666666667e-02,-1,-1,2.4722222222223650e-04,wind_direction:18.4_m:degrees
1605,-2,-2.0000000000000000e+00,-5.1666666666666666e-02,-1,-1,1.8055555555555576e-04,wind_direction:18.4_m:degrees
1606,-2,-2.0000000000000000e+00,-1.0384615384615384e-01,-1,-1,5.9674556213017843e-04,wind_direction:18.4_m:degrees
1607,-2,-2.0000000000000000e+00,-1.5510638297872339e-01,-1,-1,8.5903123585332961e-04,wind_direction:18.4_m:degrees
1608,-2,-2.0000000000000000e+00,-1.1111111111111110e-01,-1,-1,4.5432098765429453e-04,wind_direction:18.4_m:degrees
1609,-2,-2.0000000000000000e+00,2.0000000000000000e-02,-1,-1,0.0000000000000000e+00,wind_direction:18.4_m:degrees
1610,-2,-2.0000000000000000e+00,-1.0538461538461540e-01,-1,-1,6.2485207100591508e-04,wind_direction:18.4_m:degrees
1611,-2,-2.0000000000000000e+00,-8.7222222222222243e-02,-1,-1,1.1978395061728363e-03,wind_direction:18.4_m:degrees
1612,5,6.2950000762939453e+01,-1.1848837209302333e-01,1689,1690,9.9655219037316639e-04,relative_humidity:18.4_m:%
1613,-2,-2.0000000000000000e+00,-3.9000000000000007e-01,-1,-1,8.3333333333338033e-04,wind_direction:18.4_m:degrees
1614,-2,-2.0000000000000000e+00,-2.6000000000000001e-01,-1,-1,-1.2490009027033011e-16,wind_direction:18.4_m:degrees
1615,12,-1.0533294826745987e-01,-4.8269230769230773e-02,1617,1618,7.5277366863905340e-04,bulk_richardson:18.4_m:none
1616,5,7.9149997711181641e+01,-2.9487179487179483e-02,1933,1934,3.1973701512163328e-04,relative_humidity:18.4_m:%
1617,-2,-2.0000000000000000e+00,-6.4137931034482773e-02,-1,-1,5.8287752675386263e-04,wind_direction:18.4_m:degrees
1618,-2,-2.0000000000000000e+00,-2.8260869565217398e-02,-1,-1,2.4914933837429239e-04,wind_direction:18.4_m:degrees
1619,-2,-2.0000000000000000e+00,1.0000000000000000e-02,-1,-1,0.0000000000000000e+00,wind_direction:18.4_m:degrees
1620,-2,-2.0000000000000000e+00,-6.4736842105263162e-02,-1,-1,1.1722991689750691e-03,wind_direction:18.4_m:degrees
1621,0,1.4199371337890625e+02,-7.8000000000000014e-02,1841,1842,9.0742857142857118e-04,zenith:0_m:degrees
1622,-2,-2.0000000000000000e+00,-2.0000000000000001e-01,-1,-1,-6.9388939039072284e-18,wind_direction:18.4_m:degrees
1623,-2,-2.0000000000000000e+00,-1.0333333333333333e-01,-1,-1,2.8888888888888888e-04,wind_direction:18.4_m:degrees
1624,6,2.3350000000000000e+02,-3.3211678832116773e-02,1741,1742,8.5975811178006260e-04,wave_direction:0_m:degrees
1625,-2,-2.0000000000000000e+00,-1.6307692307692309e-01,-1,-1,4.3668639053254937e-04,wind_direction:18.4_m:degrees
1626,-2,-2.0000000000000000e+00,-2.3999999999999999e-01,-1,-1,4.8572257327350599e-17,wind_direction:18.4_m:degrees
1627,-2,-2.0000000000000000e+00,-6.6666666666666680e-02,-1,-1,3.1111111111111010e-04,wind_direction:18.4_m:degrees
1628,-2,-2.0000000000000000e+00,-1.2727272727272728e-02,-1,-1,2.3801652892561952e-04,wind_direction:18.4_m:degrees
1629,-2,-2.0000000000000000e+00,-3.9000000000000001e-01,-1,-1,9.9999999999988987e-05,wind_direction:18.4_m:degrees
1630,-2,-2.0000000000000000e+00,-5.1000000000000001e-01,-1,-1,0.0000000000000000e+00,wind_direction:18.4_m:degrees
1631,0,7.3440784454345703e+01,-1.5333333333333332e-01,1895,1896,1.7777777777777844e-03,zenith:0_m:degrees
1632,-2,-2.0000000000000000e+00,-1.9666666666666671e-01,-1,-1,6.1437908496730920e-04,wind_direction:18.4_m:degrees
1633,-2,-2.0000000000000000e+00,-1.9666666666666666e-01,-1,-1,6.8888888888889166e-04,wind_direction:18.4_m:degrees
1634,-2,-2.0000000000000000e+00,-1.5363636363636365e-01,-1,-1,9.0314049586775677e-04,wind_direction:18.4_m:degrees
1635,-2,-2.0000000000000000e+00,-2.0000000000000001e-01,-1,-1,0.0000000000000000e+00,wind_direction:18.4_m:degrees
1636,-2,-2.0000000000000000e+00,-3.2250000000000001e-01,-1,-1,1.3687500000000297e-03,wind_direction:18.4_m:degrees
1637,-2,-2.0000000000000000e+00,-7.4366197183098601e-02,-1,-1,5.4290815314422119e-04,wind_direction:18.4_m:degrees
1638,6,1.6950000000000000e+02,-1.1874999999999999e-01,2037,2038,1.6859375000000034e-03,wave_direction:0_m:degrees
1639,-2,-2.0000000000000000e+00,-1.2445454545454541e-01,-1,-1,7.0288429752066520e-04,wind_direction:18.4_m:degrees
1640,-2,-2.0000000000000000e+00,-1.8500000000000003e-01,-1,-1,2.7499999999990032e-04,wind_direction:18.4_m:degrees
1641,-2,-2.0000000000000000e+00,-6.4285714285714293e-02,-1,-1,1.9591836734693911e-04,wind_direction:18.4_m:degrees
1642,-2,-2.0000000000000000e+00,-1.1764705882352941e-01,-1,-1,8.8858131487889666e-04,wind_direction:18.4_m:degrees
1643,7,1.9499999880790710e+00,-2.0266666666666586e-02,1711,1712,2.9264683760683977e-04,wave_height:0_m:m
1644,-2,-2.0000000000000000e+00,-1.4419580419580368e-02,-1,-1,2.5990786835541679e-04,wind_direction:18.4_m:degrees
1645,-2,-2.0000000000000000e+00,-1.3684210526315790e-02,-1,-1,4.2326869806094181e-04,wind_direction:18.4_m:degrees
1646,-2,-2.0000000000000000e+00,-4.2178217821782160e-02,-1,-1,2.5664150573473312e-04,wind_direction:18.4_m:degrees
1647,-2,-2.0000000000000000e+00,-2.6000000000000001e-01,-1,-1,0.0000000000000000e+00,wind_direction:18.4_m:degrees
1648,-2,-2.0000000000000000e+00,-1.3692307692307693e-01,-1,-1,2.4982248520710112e-03,wind_direction:18.4_m:degrees
1649,-2,-2.0000000000000000e+00,-4.7500000000000007e-02,-1,-1,1.8749999999999670e-05,wind_direction:18.4_m:degrees
1650,-2,-2.0000000000000000e+00,-1.0874999999999999e-01,-1,-1,7.5022321428571369e-04,wind_direction:18.4_m:degrees
1651,-2,-2.0000000000000000e+00,-8.0972078593587703e-03,-1,-1,2.2595539034252408e-04,wind_direction:18.4_m:degrees
1652,3,1.0053500061035156e+03,1.7272727272727269e-02,1653,1654,2.1743801652891015e-03,pressure:18.4_m:hPa
1653,-2,-2.0000000000000000e+00,1.1000000000000000e-01,-1,-1,0.0000000000000000e+00,wind_direction:18.4_m:degrees
1654,-2,-2.0000000000000000e+00,-3.3333333333333331e-03,-1,-1,3.2222222222222212e-04,wind_direction:18.4_m:degrees
1655,-2,-2.0000000000000000e+00,-3.0263157894736818e-02,-1,-1,3.6361495844875575e-04,wind_direction:18.4_m:degrees
1656,-2,-2.0000000000000000e+00,-3.9628099173553671e-02,-1,-1,4.3663854927941453e-04,wind_direction:18.4_m:degrees
1657,4,4.9642267227172852e+00,-6.8000000000000005e-02,2015,2016,9.6266666666666723e-04,mixing_ratio:18.4_m:g_kg-1
1658,12,-1.5141022950410843e-01,-3.4428571428571440e-02,1659,1660,1.0618163265306126e-03,bulk_richardson:18.4_m:none
1659,-2,-2.0000000000000000e+00,-3.0769230769230774e-03,-1,-1,1.1443786982248520e-03,wind_direction:18.4_m:degrees
1660,-2,-2.0000000000000000e+00,-4.1578947368421049e-02,-1,-1,7.6768236380424628e-04,wind_direction:18.4_m:degrees
1661,-2,-2.0000000000000000e+00,-1.3534883720930233e-01,-1,-1,3.7371552190371832e-04,wind_direction:18.4_m:degrees
1662,-2,-2.0000000000000000e+00,-8.9999999999999997e-02,-1,-1,5.5000000000000188e-04,wind_direction:18.4_m:degrees
1663,2,2.8975999450683594e+02,-1.0605405405405396e-01,1665,1666,7.8821329437546439e-04,water_sfc_temperature:0_m:K
1664,-2,-2.0000000000000000e+00,-7.2307692307692309e-02,-1,-1,3.1005917159782851e-04,wind_direction:18.4_m:degrees
1665,10,1.0586831092834473e+01,-1.0926829268292680e-01,1667,1668,7.4702558001190841e-04,wind_speed:18.4_m:m_s-1
1666,-2,-2.0000000000000000e+00,-8.0952380952380970e-02,-1,-1,3.9909297052155568e-04,wind_direction:18.4_m:degrees
1667,-2,-2.0000000000000000e+00,-1.0194174757281550e-01,-1,-1,5.1273447073240351e-04,wind_direction:18.4_m:degrees
1668,0,6.4015817642211914e+01,-1.2163934426229508e-01,1669,1670,8.9895189465197083e-04,zenith:0_m:degrees
1669,-2,-2.0000000000000000e+00,-9.2941176470588235e-02,-1,-1,6.4429065743944712e-04,wind_direction:18.4_m:degrees
1670,-2,-2.0000000000000000e+00,-1.3272727272727275e-01,-1,-1,5.5619834710744082e-04,wind_direction:18.4_m:degrees
1671,-2,-2.0000000000000000e+00,-6.1333333333333330e-02,-1,-1,8.5155555555555635e-04,wind_direction:18.4_m:degrees
1672,-2,-2.0000000000000000e+00,-3.0585937499999941e-02,-1,-1,4.2700042724609579e-04,wind_direction:18.4_m:degrees
1673,4,8.3052973747253418e+00,-1.5894736842105264e-01,1751,1752,9.8310249307480627e-04,mixing_ratio:18.4_m:g_kg-1
1674,-2,-2.0000000000000000e+00,-1.2470588235294118e-01,-1,-1,5.7785467128025798e-04,wind_direction:18.4_m:degrees
1675,-2,-2.0000000000000000e+00,-2.7299999999999996e-01,-1,-1,1.0409999999999864e-03,wind_direction:18.4_m:degrees
1676,-2,-2.0000000000000000e+00,-1.4999999999999999e-01,-1,-1,-1.0408340855860843e-17,wind_direction:18.4_m:degrees
1677,-2,-2.0000000000000000e+00,-4.5333333333333331e-01,-1,-1,2.8888888888889408e-04,wind_direction:18.4_m:degrees
1678,6,2.3400000000000000e+02,-3.8095238095238093e-01,1679,1680,1.9609977324262506e-03,wave_direction:0_m:degrees
1679,-2,-2.0000000000000000e+00,-3.6285714285714288e-01,-1,-1,1.5918367346938467e-03,wind_direction:18.4_m:degrees
1680,-2,-2.0000000000000000e+00,-4.1714285714285715e-01,-1,-1,7.3469387755109583e-04,wind_direction:18.4_m:degrees
1681,-2,-2.0000000000000000e+00,-3.0199999999999999e-01,-1,-1,1.1759999999999965e-03,wind_direction:18.4_m:degrees
1682,-2,-2.0000000000000000e+00,-4.2999999999999999e-01,-1,-1,1.1102230246251565e-16,wind_direction:18.4_m:degrees
1683,-2,-2.0000000000000000e+00,-5.0855018587360537e-02,-1,-1,6.6878567183981325e-04,wind_direction:18.4_m:degrees
1684,-2,-2.0000000000000000e+00,-3.6049382716049391e-02,-1,-1,5.2760249961895781e-04,wind_direction:18.4_m:degrees
1685,0,1.2048587036132812e+02,-1.7553956834532349e-02,1687,1688,5.1440056587823374e-04,zenith:0_m:degrees
1686,-2,-2.0000000000000000e+00,6.5000000000000002e-02,-1,-1,2.2499999999985032e-04,wind_direction:18.4_m:degrees
1687,-2,-2.0000000000000000e+00,-1.1992187500000005e-02,-1,-1,5.3860931396484371e-04,wind_direction:18.4_m:degrees
1688,-2,-2.0000000000000000e+00,-2.6397515527950312e-02,-1,-1,3.4851278885845831e-04,wind_direction:18.4_m:degrees
1689,-2,-2.0000000000000000e+00,-1.2767857142857145e-01,-1,-1,6.9282525510201351e-04,wind_direction:18.4_m:degrees
1690,-2,-2.0000000000000000e+00,-1.0133333333333336e-01,-1,-1,1.1115555555555479e-03,wind_direction:18.4_m:degrees
1691,-2,-2.0000000000000000e+00,-8.0693069306930695e-02,-1,-1,9.4110381335163994e-04,wind_direction:18.4_m:degrees
1692,4,3.2955522537231445e+00,-9.8611111111111094e-02,1693,1694,1.4869598765432004e-03,mixing_ratio:18.4_m:g_kg-1
1693,6,2.1550000000000000e+02,-8.8775510204081601e-02,1935,1936,1.0515618492294883e-03,wave_direction:0_m:degrees
1694,3,1.0126999816894531e+03,-1.1956521739130437e-01,1695,1696,1.7693761814744947e-03,pressure:18.4_m:hPa
1695,-2,-2.0000000000000000e+00,-1.6000000000000000e-01,-1,-1,1.2000000000000031e-03,wind_direction:18.4_m:degrees
1696,-2,-2.0000000000000000e+00,-9.7999999999999990e-02,-1,-1,7.3599999999999360e-04,wind_direction:18.4_m:degrees
1697,-2,-2.0000000000000000e+00,-1.3631578947368420e-01,-1,-1,1.2853185595568598e-04,wind_direction:18.4_m:degrees
1698,-2,-2.0000000000000000e+00,-1.0528301886792453e-01,-1,-1,4.8529725881097004e-04,wind_direction:18.4_m:degrees
1699,7,5.5000001192092896e-01,-1.1827586206896554e-01,1701,1702,1.2211652794292451e-03,wave_height:0_m:m
1700,-2,-2.0000000000000000e+00,-1.6714285714285712e-01,-1,-1,4.2040816326531505e-04,wind_direction:18.4_m:degrees
1701,-2,-2.0000000000000000e+00,-2.3999999999999999e-01,-1,-1,0.0000000000000000e+00,wind_direction:18.4_m:degrees
1702,-2,-2.0000000000000000e+00,-1.1392857142857142e-01,-1,-1,7.1670918367346646e-04,wind_direction:18.4_m:degrees
1703,-2,-2.0000000000000000e+00,-1.2230769230769233e-01,-1,-1,1.0600591715976306e-03,wind_direction:18.4_m:degrees
1704,-2,-2.0000000000000000e+00,-1.8250000000000000e-01,-1,-1,4.6874999999996225e-04,wind_direction:18.4_m:degrees
1705,8,5.9000000953674316e+00,-1.4299999999999999e-01,1707,1708,2.1810000000000059e-03,wave_period:0_m:s
1706,11,3.0230999755859375e+02,-1.8640000000000001e-01,1709,1710,1.7910400000000007e-03,wind_direction:18.4_m:degrees
1707,-2,-2.0000000000000000e+00,-1.2125000000000001e-01,-1,-1,3.3593749999999943e-04,wind_direction:18.4_m:degrees
1708,-2,-2.0000000000000000e+00,-2.2999999999999998e-01,-1,-1,1.0000000000001674e-04,wind_direction:18.4_m:degrees
1709,-2,-2.0000000000000000e+00,-2.3999999999999999e-01,-1,-1,5.0000000000000044e-04,wind_direction:18.4_m:degrees
1710,12,-8.2916755229234695e-02,-1.7619047619047615e-01,1787,1788,1.3854875283446574e-03,bulk_richardson:18.4_m:none
1711,10,5.0777893066406250e+00,-1.9999999999999907e-02,1835,1836,2.7587628865979603e-04,wind_speed:18.4_m:m_s-1
1712,-2,-2.0000000000000000e+00,-7.1999999999999995e-02,-1,-1,8.5599999999995142e-04,wind_direction:18.4_m:degrees
1713,-2,-2.0000000000000000e+00,-2.7999999999999997e-01,-1,-1,2.0000000000001961e-04,wind_direction:18.4_m:degrees
1714,0,6.1609043121337891e+01,-3.4928571428571425e-01,1715,1716,1.5256802721088925e-03,zenith:0_m:degrees
1715,-2,-2.0000000000000000e+00,-4.2999999999999999e-01,-1,-1,0.0000000000000000e+00,wind_direction:18.4_m:degrees
1716,-2,-2.0000000000000000e+00,-3.4524999999999989e-01,-1,-1,1.2599374999999885e-03,wind_direction:18.4_m:degrees
1717,-2,-2.0000000000000000e+00,-8.9999999999999997e-02,-1,-1,0.0000000000000000e+00,wind_direction:18.4_m:degrees
1718,-2,-2.0000000000000000e+00,-6.6666666666666662e-03,-1,-1,5.2888888888888885e-04,wind_direction:18.4_m:degrees
1719,-2,-2.0000000000000000e+00,-2.6000000000000001e-01,-1,-1,0.0000000000000000e+00,wind_direction:18.4_m:degrees
1720,-2,-2.0000000000000000e+00,-1.7312500000000000e-01,-1,-1,1.1214843750000023e-03,wind_direction:18.4_m:degrees
1721,-2,-2.0000000000000000e+00,-6.7714285714285716e-01,-1,-1,8.4897959183671823e-04,wind_direction:18.4_m:degrees
1722,-2,-2.0000000000000000e+00,-7.7000000000000002e-01,-1,-1,4.0000000000017799e-04,wind_direction:18.4_m:degrees
1723,-2,-2.0000000000000000e+00,-2.7000000000000002e-01,-1,-1,8.5714285714286187e-05,wind_direction:18.4_m:degrees
1724,-2,-2.0000000000000000e+00,-3.4250000000000003e-01,-1,-1,5.1874999999999838e-04,wind_direction:18.4_m:degrees
1725,-2,-2.0000000000000000e+00,-1.1153846153846152e-01,-1,-1,3.8224852071006184e-04,wind_direction:18.4_m:degrees
1726,-2,-2.0000000000000000e+00,-6.9444444444444448e-02,-1,-1,2.9413580246913113e-04,wind_direction:18.4_m:degrees
1727,-2,-2.0000000000000000e+00,8.9999999999999997e-02,-1,-1,1.3500000000000005e-03,wind_direction:18.4_m:degrees
1728,-2,-2.0000000000000000e+00,-1.0000000000000000e-02,-1,-1,-7.8604657505199071e-19,wind_direction:18.4_m:degrees
1729,-2,-2.0000000000000000e+00,-5.8164062499999968e-02,-1,-1,3.1342620849608921e-04,wind_direction:18.4_m:degrees
1730,-2,-2.0000000000000000e+00,-3.4814814814814819e-02,-1,-1,3.2866941015094182e-04,wind_direction:18.4_m:degrees
1731,-2,-2.0000000000000000e+00,-7.3270676691729306e-02,-1,-1,4.7614477924134632e-04,wind_direction:18.4_m:degrees
1732,-2,-2.0000000000000000e+00,-1.0000000000000001e-01,-1,-1,2.6000000000009522e-04,wind_direction:18.4_m:degrees
1733,10,3.6690456867218018e+00,-3.3777777777777777e-03,1735,1736,6.2236839506172865e-04,wind_speed:18.4_m:m_s-1
1734,-2,-2.0000000000000000e+00,-1.7473684210526322e-02,-1,-1,5.0940720221606521e-04,wind_direction:18.4_m:degrees
1735,-2,-2.0000000000000000e+00,-4.0178571428571442e-03,-1,-1,5.3296396683673503e-04,wind_direction:18.4_m:degrees
1736,-2,-2.0000000000000000e+00,1.4000000000000001e-01,-1,-1,-1.0408340855860843e-17,wind_direction:18.4_m:degrees
1737,-2,-2.0000000000000000e+00,-3.9999999999999997e-01,-1,-1,9.5555555555557059e-04,wind_direction:18.4_m:degrees
1738,-2,-2.0000000000000000e+00,-3.1000000000000000e-01,-1,-1,4.1633363423443370e-17,wind_direction:18.4_m:degrees
1739,-2,-2.0000000000000000e+00,-3.1874999999999998e-01,-1,-1,1.2859374999999867e-03,wind_direction:18.4_m:degrees
1740,-2,-2.0000000000000000e+00,-3.9666666666666667e-01,-1,-1,2.2222222222229027e-05,wind_direction:18.4_m:degrees
1741,4,9.7984194755554199e+00,-3.5658914728682163e-02,1983,1984,4.8658133525629542e-04,mixing_ratio:18.4_m:g_kg-1
1742,11,3.2900000000000000e+02,6.2499999999999986e-03,1743,1744,5.2234375000000128e-03,wind_direction:18.4_m:degrees
1743,-2,-2.0000000000000000e+00,-3.1666666666666669e-02,-1,-1,1.2138888888888887e-03,wind_direction:18.4_m:degrees
1744,-2,-2.0000000000000000e+00,1.2000000000000000e-01,-1,-1,0.0000000000000000e+00,wind_direction:18.4_m:degrees
1745,-2,-2.0000000000000000e+00,-4.3666666666666670e-01,-1,-1,3.5555555555549789e-04,wind_direction:18.4_m:degrees
1746,-2,-2.0000000000000000e+00,-3.6181818181818176e-01,-1,-1,9.6033057851244163e-04,wind_direction:18.4_m:degrees
1747,-2,-2.0000000000000000e+00,-9.5000000000000015e-02,-1,-1,6.9062499999999333e-04,wind_direction:18.4_m:degrees
1748,10,7.0890328884124756e+00,-7.6179775280898865e-02,1749,1750,7.3372048983714241e-04,wind_speed:18.4_m:m_s-1
1749,-2,-2.0000000000000000e+00,-9.8636363636363633e-02,-1,-1,6.4814049586777063e-04,wind_direction:18.4_m:degrees
1750,-2,-2.0000000000000000e+00,-6.8805970149253742e-02,-1,-1,5.4185787480507796e-04,wind_direction:18.4_m:degrees
1751,-2,-2.0000000000000000e+00,-1.6333333333333333e-01,-1,-1,6.7222222222222336e-04,wind_direction:18.4_m:degrees
1752,-2,-2.0000000000000000e+00,-8.0000000000000002e-02,-1,-1,5.2041704279304213e-18,wind_direction:18.4_m:degrees
1753,-2,-2.0000000000000000e+00,-8.4516129032258067e-02,-1,-1,5.7960457856399538e-04,wind_direction:18.4_m:degrees
1754,10,8.9495096206665039e+00,-1.0835164835164834e-01,1755,1756,1.3632170027774292e-03,wind_speed:18.4_m:m_s-1
1755,1,2.0518776702880859e+02,-8.8965517241379327e-02,1757,1758,1.2920332936979754e-03,azimuth:0_m:degrees
1756,12,-2.8418474830687046e-02,-1.1741935483870972e-01,1947,1948,1.1385015608740886e-03,bulk_richardson:18.4_m:none
1757,-2,-2.0000000000000000e+00,-1.7999999999999999e-01,-1,-1,0.0000000000000000e+00,wind_direction:18.4_m:degrees
1758,-2,-2.0000000000000000e+00,-8.2222222222222252e-02,-1,-1,7.2839506172839123e-04,wind_direction:18.4_m:degrees
1759,2,2.9312500000000000e+02,-5.7528089887640424e-02,1761,1762,5.3433909859866655e-04,water_sfc_temperature:0_m:K
1760,-2,-2.0000000000000000e+00,-4.4525547445255449e-02,-1,-1,5.2550482178059755e-04,wind_direction:18.4_m:degrees
1761,-2,-2.0000000000000000e+00,-5.5639534883720941e-02,-1,-1,4.4203285559762245e-04,wind_direction:18.4_m:degrees
1762,-2,-2.0000000000000000e+00,-1.1166666666666665e-01,-1,-1,1.4722222222228985e-04,wind_direction:18.4_m:degrees
1763,-2,-2.0000000000000000e+00,-3.0125000000000002e-01,-1,-1,2.8593750000001361e-04,wind_direction:18.4_m:degrees
1764,-2,-2.0000000000000000e+00,-1.7999999999999999e-01,-1,-1,-7.6327832942979512e-17,wind_direction:18.4_m:degrees
1765,-2,-2.0000000000000000e+00,-8.0000000000000004e-01,-1,-1,0.0000000000000000e+00,wind_direction:18.4_m:degrees
1766,-2,-2.0000000000000000e+00,-9.3999999999999995e-01,-1,-1,0.0000000000000000e+00,wind_direction:18.4_m:degrees
1767,-2,-2.0000000000000000e+00,-2.0000000000000000e-02,-1,-1,0.0000000000000000e+00,wind_direction:18.4_m:degrees
1768,-2,-2.0000000000000000e+00,1.2000000000000000e-01,-1,-1,0.0000000000000000e+00,wind_direction:18.4_m:degrees
1769,-2,-2.0000000000000000e+00,-1.7000000000000001e-01,-1,-1,0.0000000000000000e+00,wind_direction:18.4_m:degrees
1770,-2,-2.0000000000000000e+00,-3.1000000000000000e-01,-1,-1,0.0000000000000000e+00,wind_direction:18.4_m:degrees
1771,-2,-2.0000000000000000e+00,-5.0000000000000000e-01,-1,-1,0.0000000000000000e+00,wind_direction:18.4_m:degrees
1772,-2,-2.0000000000000000e+00,-6.4000000000000001e-01,-1,-1,-2.2204460492503131e-16,wind_direction:18.4_m:degrees
1773,-2,-2.0000000000000000e+00,-3.1400000000000000e-01,-1,-1,2.6400000000000035e-04,wind_direction:18.4_m:degrees
1774,9,8.8428730010986328e+01,-2.5714285714285712e-01,2025,2026,1.3727891156462418e-03,angle_between_wind_wave:0_m:degrees
1775,-2,-2.0000000000000000e+00,-1.0901960784313726e-01,-1,-1,8.7550941945406177e-04,wind_direction:18.4_m:degrees
1776,-2,-2.0000000000000000e+00,-1.5833333333333333e-01,-1,-1,1.6805555555555844e-03,wind_direction:18.4_m:degrees
1777,8,4.3499999046325684e+00,-1.7409090909090910e-01,1779,1780,1.7150826446281006e-03,wave_period:0_m:s
1778,-2,-2.0000000000000000e+00,-2.1500000000000000e-01,-1,-1,1.0583333333332723e-03,wind_direction:18.4_m:degrees
1779,-2,-2.0000000000000000e+00,-1.2428571428571429e-01,-1,-1,5.3877551020408213e-04,wind_direction:18.4_m:degrees
1780,-2,-2.0000000000000000e+00,-1.9733333333333336e-01,-1,-1,5.6622222222223184e-04,wind_direction:18.4_m:degrees
1781,-2,-2.0000000000000000e+00,-4.6333333333333337e-01,-1,-1,7.3888888888901105e-04,wind_direction:18.4_m:degrees
1782,0,1.5109980010986328e+02,-4.0666666666666673e-01,1783,1784,4.0555555555554235e-03,zenith:0_m:degrees
1783,-2,-2.0000000000000000e+00,-3.8000000000000000e-01,-1,-1,5.9999999999996168e-04,wind_direction:18.4_m:degrees
1784,-2,-2.0000000000000000e+00,-5.4000000000000004e-01,-1,-1,-1.6653345369377348e-16,wind_direction:18.4_m:degrees
1785,-2,-2.0000000000000000e+00,-1.8666666666666668e-01,-1,-1,1.1888888888888852e-03,wind_direction:18.4_m:degrees
1786,-2,-2.0000000000000000e+00,-1.3400000000000001e-01,-1,-1,7.8400000000001385e-04,wind_direction:18.4_m:degrees
1787,-2,-2.0000000000000000e+00,-2.3666666666666666e-01,-1,-1,1.5555555555555461e-04,wind_direction:18.4_m:degrees
1788,-2,-2.0000000000000000e+00,-1.6611111111111118e-01,-1,-1,8.7932098765434313e-04,wind_direction:18.4_m:degrees
1789,-2,-2.0000000000000000e+00,-4.5000000000000001e-01,-1,-1,0.0000000000000000e+00,wind_direction:18.4_m:degrees
1790,-2,-2.0000000000000000e+00,-3.7000000000000000e-01,-1,-1,9.9999999999961231e-05,wind_direction:18.4_m:degrees
1791,-2,-2.0000000000000000e+00,-5.9999999999999998e-01,-1,-1,0.0000000000000000e+00,wind_direction:18.4_m:degrees
1792,-2,-2.0000000000000000e+00,-7.6000000000000001e-01,-1,-1,1.1102230246251565e-16,wind_direction:18.4_m:degrees
1793,-2,-2.0000000000000000e+00,-2.5000000000000000e-01,-1,-1,2.0000000000000157e-03,wind_direction:18.4_m:degrees
1794,-2,-2.0000000000000000e+00,-3.2000000000000001e-01,-1,-1,-1.1102230246251565e-16,wind_direction:18.4_m:degrees
1795,-2,-2.0000000000000000e+00,-4.5294117647058832e-02,-1,-1,4.8138408304498328e-04,wind_direction:18.4_m:degrees
1796,-2,-2.0000000000000000e+00,-3.0798122065727681e-02,-1,-1,5.7072450351561689e-04,wind_direction:18.4_m:degrees
1797,1,1.2842761230468750e+02,-1.6703499079189627e-02,1803,1804,3.8428348069689800e-04,azimuth:0_m:degrees
1798,11,1.3511000061035156e+02,-3.3061224489795919e-02,1799,1800,1.3355268638066855e-03,wind_direction:18.4_m:degrees
1799,0,1.0237980270385742e+02,-7.7272727272727285e-02,1801,1802,2.7834710743801627e-03,zenith:0_m:degrees
1800,-2,-2.0000000000000000e+00,-2.0263157894736854e-02,-1,-1,1.8677285318559583e-04,wind_direction:18.4_m:degrees
1801,-2,-2.0000000000000000e+00,-5.0000000000000003e-02,-1,-1,7.9999999999999820e-04,wind_direction:18.4_m:degrees
1802,-2,-2.0000000000000000e+00,-1.4999999999999999e-01,-1,-1,7.9999999999999863e-04,wind_direction:18.4_m:degrees
1803,-2,-2.0000000000000000e+00,-1.3157894736842047e-02,-1,-1,4.7764379990223400e-04,wind_direction:18.4_m:degrees
1804,12,2.6962496340274811e-02,-1.9033570701932769e-02,1805,1806,3.0923895439148862e-04,bulk_richardson:18.4_m:none
1805,6,1.4850000000000000e+02,-1.8687179487179403e-02,1989,1990,2.7314829717291656e-04,wave_direction:0_m:degrees
1806,11,2.8511500549316406e+02,-6.1249999999999999e-02,1807,1808,2.9109374999998325e-03,wind_direction:18.4_m:degrees
1807,-2,-2.0000000000000000e+00,-2.1999999999999999e-02,-1,-1,2.1599999999999978e-04,wind_direction:18.4_m:degrees
1808,-2,-2.0000000000000000e+00,-1.2666666666666668e-01,-1,-1,5.5555555555555219e-04,wind_direction:18.4_m:degrees
1809,-2,-2.0000000000000000e+00,-2.7901639344262267e-02,-1,-1,4.4477721042730897e-04,wind_direction:18.4_m:degrees
1810,0,1.3554302978515625e+02,-4.6279069767441873e-02,1811,1812,1.3954570037858233e-03,zenith:0_m:degrees
1811,-2,-2.0000000000000000e+00,-1.3000000000000000e-01,-1,-1,0.0000000000000000e+00,wind_direction:18.4_m:degrees
1812,11,1.5004499816894531e+02,-4.0000000000000008e-02,1813,1814,9.3499999999999920e-04,wind_direction:18.4_m:degrees
1813,-2,-2.0000000000000000e+00,-1.8235294117647051e-02,-1,-1,6.2629757785467172e-04,wind_direction:18.4_m:degrees
1814,-2,-2.0000000000000000e+00,-5.6086956521739138e-02,-1,-1,5.5425330812854242e-04,wind_direction:18.4_m:degrees
1815,3,1.0152999877929688e+03,-2.7957446808510585e-02,2039,2040,5.3710457220462120e-04,pressure:18.4_m:hPa
1816,-2,-2.0000000000000000e+00,-3.7740863787375373e-02,-1,-1,2.6001258264257894e-04,wind_direction:18.4_m:degrees
1817,-2,-2.0000000000000000e+00,-3.3666666666666667e-01,-1,-1,8.8888888888888351e-05,wind_direction:18.4_m:degrees
1818,-2,-2.0000000000000000e+00,-4.2249999999999999e-01,-1,-1,1.7687499999999301e-03,wind_direction:18.4_m:degrees
1819,4,3.1901774406433105e+00,-9.7329192546583856e-02,1821,1822,7.1522703599397747e-04,mixing_ratio:18.4_m:g_kg-1
1820,-2,-2.0000000000000000e+00,-8.1898734177215188e-02,-1,-1,8.4323025156227398e-04,wind_direction:18.4_m:degrees
1821,-2,-2.0000000000000000e+00,-1.4666666666666667e-01,-1,-1,2.2222222222222435e-04,wind_direction:18.4_m:degrees
1822,11,3.0415499877929688e+02,-9.5419354838709697e-02,1823,1824,6.3643704474505500e-04,wind_direction:18.4_m:degrees
1823,11,2.8546000671386719e+02,-9.6666666666666679e-02,1825,1826,5.2418300653594117e-04,wind_direction:18.4_m:degrees
1824,-2,-2.0000000000000000e+00,0.0000000000000000e+00,-1,-1,0.0000000000000000e+00,wind_direction:18.4_m:degrees
1825,-2,-2.0000000000000000e+00,-9.4657534246575331e-02,-1,-1,3.5091011446800220e-04,wind_direction:18.4_m:degrees
1826,1,2.1340164184570312e+02,-1.3857142857142857e-01,1827,1828,2.2979591836733947e-03,azimuth:0_m:degrees
1827,-2,-2.0000000000000000e+00,-8.3333333333333329e-02,-1,-1,2.2222222222222955e-05,wind_direction:18.4_m:degrees
1828,-2,-2.0000000000000000e+00,-1.7999999999999999e-01,-1,-1,6.9388939039072284e-18,wind_direction:18.4_m:degrees
1829,-2,-2.0000000000000000e+00,-9.6000000000000002e-02,-1,-1,2.8399999999999953e-04,wind_direction:18.4_m:degrees
1830,-2,-2.0000000000000000e+00,-6.4864864864864868e-02,-1,-1,2.1417092768443845e-04,wind_direction:18.4_m:degrees
1831,-2,-2.0000000000000000e+00,-3.5666666666666663e-01,-1,-1,8.8888888888916107e-05,wind_direction:18.4_m:degrees
1832,-2,-2.0000000000000000e+00,-2.8625000000000006e-01,-1,-1,3.3593750000000810e-04,wind_direction:18.4_m:degrees
1833,-2,-2.0000000000000000e+00,-2.0499999999999999e-01,-1,-1,1.2583333333333474e-03,wind_direction:18.4_m:degrees
1834,-2,-2.0000000000000000e+00,-1.6783783783783787e-01,-1,-1,1.0331628926223760e-03,wind_direction:18.4_m:degrees
1835,-2,-2.0000000000000000e+00,-1.6329113924050578e-02,-1,-1,2.4137691609250905e-04,wind_direction:18.4_m:degrees
1836,-2,-2.0000000000000000e+00,-2.3508064516128940e-02,-1,-1,2.8366122528616358e-04,wind_direction:18.4_m:degrees
1837,-2,-2.0000000000000000e+00,-1.8882352941176470e-01,-1,-1,7.7508650519032135e-04,wind_direction:18.4_m:degrees
1838,-2,-2.0000000000000000e+00,-1.3200000000000001e-01,-1,-1,1.7359999999999910e-03,wind_direction:18.4_m:degrees
1839,-2,-2.0000000000000000e+00,-3.2000000000000001e-02,-1,-1,8.9599999999999988e-04,wind_direction:18.4_m:degrees
1840,-2,-2.0000000000000000e+00,-8.4761904761904761e-02,-1,-1,8.9637188208616884e-04,wind_direction:18.4_m:degrees
1841,-2,-2.0000000000000000e+00,-6.6923076923076946e-02,-1,-1,6.7514792899408226e-04,wind_direction:18.4_m:degrees
1842,-2,-2.0000000000000000e+00,-1.1000000000000000e-01,-1,-1,1.9999999999999185e-04,wind_direction:18.4_m:degrees
1843,-2,-2.0000000000000000e+00,5.0000000000000003e-02,-1,-1,0.0000000000000000e+00,wind_direction:18.4_m:degrees
1844,-2,-2.0000000000000000e+00,-3.0208333333333347e-02,-1,-1,5.4787326388888876e-04,wind_direction:18.4_m:degrees
1845,-2,-2.0000000000000000e+00,-4.8999999999999999e-01,-1,-1,0.0000000000000000e+00,wind_direction:18.4_m:degrees
1846,-2,-2.0000000000000000e+00,-3.7636363636363634e-01,-1,-1,6.8677685950410683e-04,wind_direction:18.4_m:degrees
1847,-2,-2.0000000000000000e+00,5.5000000000000007e-02,-1,-1,7.4999999999999546e-05,wind_direction:18.4_m:degrees
1848,-2,-2.0000000000000000e+00,-1.6666666666666666e-02,-1,-1,2.2222222222222305e-05,wind_direction:18.4_m:degrees
1849,-2,-2.0000000000000000e+00,-2.2600000000000003e-01,-1,-1,7.8400000000000691e-04,wind_direction:18.4_m:degrees
1850,-2,-2.0000000000000000e+00,-1.4000000000000001e-01,-1,-1,2.7755575615628914e-17,wind_direction:18.4_m:degrees
1851,-2,-2.0000000000000000e+00,-7.5000000000000011e-02,-1,-1,7.4999999999998679e-05,wind_direction:18.4_m:degrees
1852,9,8.8354183197021484e+01,-1.3288888888888895e-01,1853,1854,7.4943209876542419e-04,angle_between_wind_wave:0_m:degrees
1853,-2,-2.0000000000000000e+00,-2.5000000000000000e-01,-1,-1,0.0000000000000000e+00,wind_direction:18.4_m:degrees
1854,-2,-2.0000000000000000e+00,-1.3022727272727275e-01,-1,-1,4.4767561983469900e-04,wind_direction:18.4_m:degrees
1855,5,9.7299999237060547e+01,-2.2296296296296300e-01,1857,1858,1.2801097393689981e-03,relative_humidity:18.4_m:%
1856,-2,-2.0000000000000000e+00,-1.1000000000000000e-01,-1,-1,-2.9316826744008040e-16,wind_direction:18.4_m:degrees
1857,-2,-2.0000000000000000e+00,-2.8999999999999998e-01,-1,-1,0.0000000000000000e+00,wind_direction:18.4_m:degrees
1858,-2,-2.0000000000000000e+00,-2.1458333333333335e-01,-1,-1,8.0815972222220839e-04,wind_direction:18.4_m:degrees
1859,-2,-2.0000000000000000e+00,-2.4324324324324332e-03,-1,-1,5.1029948867786713e-04,wind_direction:18.4_m:degrees
1860,-2,-2.0000000000000000e+00,-2.1734693877550983e-02,-1,-1,3.4290920449812760e-04,wind_direction:18.4_m:degrees
1861,-2,-2.0000000000000000e+00,-2.7200000000000002e-01,-1,-1,1.3760000000000022e-03,wind_direction:18.4_m:degrees
1862,-2,-2.0000000000000000e+00,-2.0499999999999999e-01,-1,-1,1.0250000000000120e-03,wind_direction:18.4_m:degrees
1863,-2,-2.0000000000000000e+00,-9.0363636363636396e-02,-1,-1,5.6350413223140057e-04,wind_direction:18.4_m:degrees
1864,-2,-2.0000000000000000e+00,-1.7000000000000001e-01,-1,-1,-2.0816681711721685e-17,wind_direction:18.4_m:degrees
1865,-2,-2.0000000000000000e+00,-4.4000000000000000e-01,-1,-1,2.7272727272728559e-04,wind_direction:18.4_m:degrees
1866,-2,-2.0000000000000000e+00,-5.2500000000000002e-01,-1,-1,2.4999999999331113e-05,wind_direction:18.4_m:degrees
1867,-2,-2.0000000000000000e+00,-1.8500000000000000e-01,-1,-1,3.0249999999999999e-03,wind_direction:18.4_m:degrees
1868,-2,-2.0000000000000000e+00,-1.0000000000000001e-01,-1,-1,4.0000000000000278e-04,wind_direction:18.4_m:degrees
1869,-2,-2.0000000000000000e+00,-5.6146788990825695e-02,-1,-1,5.2460230620318075e-04,wind_direction:18.4_m:degrees
1870,-2,-2.0000000000000000e+00,-4.4573502722322980e-02,-1,-1,2.8144241949137980e-04,wind_direction:18.4_m:degrees
1871,-2,-2.0000000000000000e+00,-3.4000000000000002e-01,-1,-1,0.0000000000000000e+00,wind_direction:18.4_m:degrees
1872,-2,-2.0000000000000000e+00,-2.5000000000000000e-01,-1,-1,5.0000000000004208e-04,wind_direction:18.4_m:degrees
1873,-2,-2.0000000000000000e+00,-1.1769230769230768e-01,-1,-1,1.0792899408284054e-03,wind_direction:18.4_m:degrees
1874,-2,-2.0000000000000000e+00,-2.3000000000000001e-01,-1,-1,1.3877787807814457e-17,wind_direction:18.4_m:degrees
1875,-2,-2.0000000000000000e+00,-7.1404958677685940e-02,-1,-1,4.8810873574209497e-04,wind_direction:18.4_m:degrees
1876,-2,-2.0000000000000000e+00,-5.9263565891472900e-02,-1,-1,3.7736464154799034e-04,wind_direction:18.4_m:degrees
1877,-2,-2.0000000000000000e+00,-3.8888888888888890e-01,-1,-1,1.0320987654320324e-03,wind_direction:18.4_m:degrees
1878,-2,-2.0000000000000000e+00,-4.5499999999999996e-01,-1,-1,2.2499999999997522e-04,wind_direction:18.4_m:degrees
1879,9,8.9288635253906250e+01,-1.2903225806451615e-01,1883,1884,1.5974505723205037e-03,angle_between_wind_wave:0_m:degrees
1880,6,1.9250000000000000e+02,-1.0058823529411767e-01,1881,1882,1.9820069204152004e-03,wave_direction:0_m:degrees
1881,-2,-2.0000000000000000e+00,-1.4571428571428571e-01,-1,-1,5.3877551020408559e-04,wind_direction:18.4_m:degrees
1882,-2,-2.0000000000000000e+00,-6.9000000000000020e-02,-1,-1,5.6899999999999399e-04,wind_direction:18.4_m:degrees
1883,1,2.8962736511230469e+02,-1.4259999999999998e-01,2029,2030,1.5312400000000101e-03,azimuth:0_m:degrees
1884,1,5.0892841339111328e+01,-1.1986486486486485e-01,1987,1988,1.4337655222790239e-03,azimuth:0_m:degrees
1885,-2,-2.0000000000000000e+00,-3.2000000000000001e-01,-1,-1,1.0000000000000286e-04,wind_direction:18.4_m:degrees
1886,-2,-2.0000000000000000e+00,-4.1200000000000003e-01,-1,-1,5.7599999999993767e-04,wind_direction:18.4_m:degrees
1887,-2,-2.0000000000000000e+00,-1.1666666666666667e-01,-1,-1,6.8888888888888646e-04,wind_direction:18.4_m:degrees
1888,-2,-2.0000000000000000e+00,-1.7800000000000002e-01,-1,-1,9.6000000000012742e-05,wind_direction:18.4_m:degrees
1889,-2,-2.0000000000000000e+00,-6.9523809523809529e-02,-1,-1,8.0929705215419551e-04,wind_direction:18.4_m:degrees
1890,-2,-2.0000000000000000e+00,1.0000000000000000e-02,-1,-1,1.0000000000001943e-04,wind_direction:18.4_m:degrees
1891,-2,-2.0000000000000000e+00,-2.3666666666666666e-01,-1,-1,1.4222222222222206e-03,wind_direction:18.4_m:degrees
1892,-2,-2.0000000000000000e+00,-1.6842105263157894e-01,-1,-1,8.5540166204986501e-04,wind_direction:18.4_m:degrees
1893,-2,-2.0000000000000000e+00,-2.6217457886676974e-02,-1,-1,3.0733607092406487e-04,wind_direction:18.4_m:degrees
1894,-2,-2.0000000000000000e+00,-3.9850746268656721e-02,-1,-1,4.4923145466696252e-04,wind_direction:18.4_m:degrees
1895,-2,-2.0000000000000000e+00,-8.5000000000000006e-02,-1,-1,2.2500000000000037e-04,wind_direction:18.4_m:degrees
1896,-2,-2.0000000000000000e+00,-1.7285714285714285e-01,-1,-1,5.0612244897959777e-04,wind_direction:18.4_m:degrees
1897,-2,-2.0000000000000000e+00,-3.0000000000000004e-01,-1,-1,3.9999999999998370e-04,wind_direction:18.4_m:degrees
1898,-2,-2.0000000000000000e+00,-2.3142857142857140e-01,-1,-1,1.9265306122449380e-03,wind_direction:18.4_m:degrees
1899,-2,-2.0000000000000000e+00,-1.5391304347826090e-01,-1,-1,9.4555765595462707e-04,wind_direction:18.4_m:degrees
1900,-2,-2.0000000000000000e+00,-7.4999999999999997e-02,-1,-1,2.2500000000006196e-04,wind_direction:18.4_m:degrees
1901,-2,-2.0000000000000000e+00,-3.1624999999999998e-01,-1,-1,3.2343750000002336e-04,wind_direction:18.4_m:degrees
1902,-2,-2.0000000000000000e+00,-2.7166666666666667e-01,-1,-1,7.8055555555552047e-04,wind_direction:18.4_m:degrees
1903,-2,-2.0000000000000000e+00,-2.9500000000000004e-01,-1,-1,2.2499999999998910e-04,wind_direction:18.4_m:degrees
1904,-2,-2.0000000000000000e+00,-3.7833333333333335e-01,-1,-1,5.1388888888886930e-04,wind_direction:18.4_m:degrees
1905,8,4.8500001430511475e+00,-9.0909090909090912e-02,1913,1914,1.3173553719008271e-03,wave_period:0_m:s
1906,5,6.5700000762939453e+01,-5.7083333333333298e-02,1907,1908,1.2060763888888937e-03,relative_humidity:18.4_m:%
1907,-2,-2.0000000000000000e+00,-5.0984848484848466e-02,-1,-1,1.0603937098255340e-03,wind_direction:18.4_m:degrees
1908,12,-6.4315270632505417e-02,-7.0500000000000007e-02,1909,1910,1.2647500000000072e-03,bulk_richardson:18.4_m:none
1909,5,7.3900001525878906e+01,-8.6000000000000007e-02,1911,1912,1.3611428571428559e-03,relative_humidity:18.4_m:%
1910,-2,-2.0000000000000000e+00,-4.8800000000000010e-02,-1,-1,3.2255999999999865e-04,wind_direction:18.4_m:degrees
1911,5,6.9649997711181641e+01,-9.7307692307692317e-02,1959,1960,1.2119822485207096e-03,relative_humidity:18.4_m:%
1912,-2,-2.0000000000000000e+00,-5.3333333333333330e-02,-1,-1,3.5555555555555514e-04,wind_direction:18.4_m:degrees
1913,-2,-2.0000000000000000e+00,-1.2166666666666666e-01,-1,-1,1.8055555555555880e-04,wind_direction:18.4_m:degrees
1914,-2,-2.0000000000000000e+00,-5.4000000000000006e-02,-1,-1,1.8399999999999927e-04,wind_direction:18.4_m:degrees
1915,-2,-2.0000000000000000e+00,-5.9347826086956525e-02,-1,-1,6.0609640831757678e-04,wind_direction:18.4_m:degrees
1916,-2,-2.0000000000000000e+00,-3.6875000000000019e-02,-1,-1,5.0065104166666856e-04,wind_direction:18.4_m:degrees
1917,-2,-2.0000000000000000e+00,-3.5833333333333335e-02,-1,-1,1.4097222222222202e-04,wind_direction:18.4_m:degrees
1918,-2,-2.0000000000000000e+00,-7.0344827586206901e-02,-1,-1,6.9643281807371844e-04,wind_direction:18.4_m:degrees
1919,-2,-2.0000000000000000e+00,-1.4111111111111110e-01,-1,-1,4.7654320987654611e-04,wind_direction:18.4_m:degrees
1920,11,3.3669999694824219e+02,-1.0055555555555556e-01,1921,1922,9.5524691358024952e-04,wind_direction:18.4_m:degrees
1921,-2,-2.0000000000000000e+00,-1.0636363636363635e-01,-1,-1,5.0798898071625215e-04,wind_direction:18.4_m:degrees
1922,-2,-2.0000000000000000e+00,-3.6666666666666667e-02,-1,-1,1.4222222222222351e-03,wind_direction:18.4_m:degrees
1923,-2,-2.0000000000000000e+00,-1.4000000000000001e-01,-1,-1,9.9999999999999395e-05,wind_direction:18.4_m:degrees
1924,-2,-2.0000000000000000e+00,-2.2363636363636363e-01,-1,-1,4.4132231404959282e-04,wind_direction:18.4_m:degrees
1925,-2,-2.0000000000000000e+00,-2.5000000000000001e-02,-1,-1,2.2499999999999994e-04,wind_direction:18.4_m:degrees
1926,-2,-2.0000000000000000e+00,-1.0500000000000002e-01,-1,-1,1.9083333333333383e-03,wind_direction:18.4_m:degrees
1927,-2,-2.0000000000000000e+00,-4.2999999999999999e-01,-1,-1,0.0000000000000000e+00,wind_direction:18.4_m:degrees
1928,-2,-2.0000000000000000e+00,-3.4285714285714292e-01,-1,-1,4.7755102040816788e-04,wind_direction:18.4_m:degrees
1929,9,8.7689243316650391e+01,-1.0123348017621141e-01,2009,2010,7.7380892313068037e-04,angle_between_wind_wave:0_m:degrees
1930,-2,-2.0000000000000000e+00,-2.0999999999999999e-01,-1,-1,-5.5511151231257827e-16,wind_direction:18.4_m:degrees
1931,-2,-2.0000000000000000e+00,-4.7999999999999998e-01,-1,-1,0.0000000000000000e+00,wind_direction:18.4_m:degrees
1932,-2,-2.0000000000000000e+00,-5.6833333333333325e-01,-1,-1,1.3888888888979878e-05,wind_direction:18.4_m:degrees
1933,-2,-2.0000000000000000e+00,-3.3851351351351339e-02,-1,-1,2.4259952520087631e-04,wind_direction:18.4_m:degrees
1934,-2,-2.0000000000000000e+00,-1.5744680851063831e-02,-1,-1,3.1380715255772073e-04,wind_direction:18.4_m:degrees
1935,-2,-2.0000000000000000e+00,-6.3076923076923086e-02,-1,-1,2.9822485207100548e-04,wind_direction:18.4_m:degrees
1936,-2,-2.0000000000000000e+00,-9.8055555555555562e-02,-1,-1,9.9899691358025511e-04,wind_direction:18.4_m:degrees
1937,11,3.0654000854492188e+02,-4.1416666666666657e-01,1939,1940,1.6743055555554498e-03,wind_direction:18.4_m:degrees
1938,-2,-2.0000000000000000e+00,-4.7249999999999998e-01,-1,-1,1.8749999999984057e-05,wind_direction:18.4_m:degrees
1939,-2,-2.0000000000000000e+00,-3.8999999999999996e-01,-1,-1,9.2857142857161179e-04,wind_direction:18.4_m:degrees
1940,-2,-2.0000000000000000e+00,-4.4800000000000006e-01,-1,-1,7.5599999999984013e-04,wind_direction:18.4_m:degrees
1941,-2,-2.0000000000000000e+00,-1.1315789473684210e-01,-1,-1,6.4265927977839518e-04,wind_direction:18.4_m:degrees
1942,12,-2.1243051439523697e-01,-8.3488372093023247e-02,1943,1944,1.1110870740941078e-03,bulk_richardson:18.4_m:none
1943,-2,-2.0000000000000000e+00,-1.6000000000000000e-01,-1,-1,0.0000000000000000e+00,wind_direction:18.4_m:degrees
1944,7,7.5000000000000000e-01,-7.9756097560975625e-02,1945,1946,8.6579417013682262e-04,wave_height:0_m:m
1945,-2,-2.0000000000000000e+00,-6.3333333333333339e-02,-1,-1,6.4126984126984012e-04,wind_direction:18.4_m:degrees
1946,-2,-2.0000000000000000e+00,-9.7000000000000003e-02,-1,-1,5.2099999999999716e-04,wind_direction:18.4_m:degrees
1947,-2,-2.0000000000000000e+00,-1.0692307692307694e-01,-1,-1,8.9309664694279915e-04,wind_direction:18.4_m:degrees
1948,-2,-2.0000000000000000e+00,-1.3521739130434782e-01,-1,-1,1.0510396975425135e-03,wind_direction:18.4_m:degrees
1949,-2,-2.0000000000000000e+00,-5.3000000000000003e-01,-1,-1,0.0000000000000000e+00,wind_direction:18.4_m:degrees
1950,-2,-2.0000000000000000e+00,-4.4500000000000001e-01,-1,-1,1.6000000000000181e-03,wind_direction:18.4_m:degrees
1951,-2,-2.0000000000000000e+00,2.6190476190476168e-03,-1,-1,8.5837868480725618e-04,wind_direction:18.4_m:degrees
1952,-2,-2.0000000000000000e+00,-6.0861759425493659e-03,-1,-1,3.7606438699238362e-04,wind_direction:18.4_m:degrees
1953,-2,-2.0000000000000000e+00,-6.4786462530217331e-03,-1,-1,3.1225760203521706e-04,wind_direction:18.4_m:degrees
1954,-2,-2.0000000000000000e+00,-4.7142857142857146e-02,-1,-1,7.3469387755103468e-04,wind_direction:18.4_m:degrees
1955,-2,-2.0000000000000000e+00,-2.0999999999999999e-01,-1,-1,0.0000000000000000e+00,wind_direction:18.4_m:degrees
1956,-2,-2.0000000000000000e+00,-9.6250000000000002e-02,-1,-1,4.7343749999999990e-04,wind_direction:18.4_m:degrees
1957,-2,-2.0000000000000000e+00,-1.1200000000000002e-01,-1,-1,9.1599999999999321e-04,wind_direction:18.4_m:degrees
1958,-2,-2.0000000000000000e+00,-1.9500000000000001e-01,-1,-1,6.2499999999999362e-04,wind_direction:18.4_m:degrees
1959,-2,-2.0000000000000000e+00,-7.7857142857142847e-02,-1,-1,5.0255102040816600e-04,wind_direction:18.4_m:degrees
1960,-2,-2.0000000000000000e+00,-1.2000000000000000e-01,-1,-1,1.0833333333333250e-03,wind_direction:18.4_m:degrees
1961,-2,-2.0000000000000000e+00,-3.2714285714285712e-01,-1,-1,1.1918367346939324e-03,wind_direction:18.4_m:degrees
1962,-2,-2.0000000000000000e+00,-2.6000000000000001e-01,-1,-1,5.4999999999992555e-04,wind_direction:18.4_m:degrees
1963,-2,-2.0000000000000000e+00,-2.8483163422922306e-03,-1,-1,3.5351823395862113e-04,wind_direction:18.4_m:degrees
1964,12,2.3690135031938553e-01,-1.2881355932203390e-02,1965,1966,3.8171215168054527e-03,bulk_richardson:18.4_m:none
1965,0,3.5200523376464844e+01,-4.7572815533980586e-03,1971,1972,2.9678574794985395e-04,zenith:0_m:degrees
1966,3,1.0072000122070312e+03,-6.8666666666666668e-02,1967,1968,2.4424888888888874e-02,pressure:18.4_m:hPa
1967,10,1.4003291726112366e+00,-3.1333333333333330e-01,1969,1970,4.6422222222222226e-02,wind_speed:18.4_m:m_s-1
1968,-2,-2.0000000000000000e+00,-7.4999999999999997e-03,-1,-1,2.1874999999999738e-04,wind_direction:18.4_m:degrees
1969,-2,-2.0000000000000000e+00,-1.0000000000000000e-02,-1,-1,0.0000000000000000e+00,wind_direction:18.4_m:degrees
1970,-2,-2.0000000000000000e+00,-4.6499999999999997e-01,-1,-1,6.2500000000001443e-04,wind_direction:18.4_m:degrees
1971,-2,-2.0000000000000000e+00,1.1000000000000000e-01,-1,-1,0.0000000000000000e+00,wind_direction:18.4_m:degrees
1972,-2,-2.0000000000000000e+00,-5.8823529411764722e-03,-1,-1,1.6931949250288355e-04,wind_direction:18.4_m:degrees
1973,-2,-2.0000000000000000e+00,-3.0285714285714288e-01,-1,-1,4.7755102040814013e-04,wind_direction:18.4_m:degrees
1974,-2,-2.0000000000000000e+00,-3.5999999999999993e-01,-1,-1,2.0000000000006124e-04,wind_direction:18.4_m:degrees
1975,-2,-2.0000000000000000e+00,-3.7000000000000000e-01,-1,-1,0.0000000000000000e+00,wind_direction:18.4_m:degrees
1976,-2,-2.0000000000000000e+00,-4.4999999999999996e-01,-1,-1,2.3875000000000701e-03,wind_direction:18.4_m:degrees
1977,-2,-2.0000000000000000e+00,-3.9399999999999996e-01,-1,-1,9.1399999999999815e-04,wind_direction:18.4_m:degrees
1978,-2,-2.0000000000000000e+00,-3.1500000000000000e-01,-1,-1,1.2249999999999622e-03,wind_direction:18.4_m:degrees
1979,-2,-2.0000000000000000e+00,-6.8333333333333329e-02,-1,-1,5.8055555555555725e-04,wind_direction:18.4_m:degrees
1980,-2,-2.0000000000000000e+00,-1.1653846153846156e-01,-1,-1,7.5340236686390408e-04,wind_direction:18.4_m:degrees
1981,-2,-2.0000000000000000e+00,-9.0833333333333335e-02,-1,-1,4.7430555555555767e-04,wind_direction:18.4_m:degrees
1982,-2,-2.0000000000000000e+00,-1.4142857142857143e-01,-1,-1,6.4081632653060702e-04,wind_direction:18.4_m:degrees
1983,3,1.0141499938964844e+03,-3.8793103448275856e-02,1985,1986,4.2440546967895381e-04,pressure:18.4_m:hPa
1984,-2,-2.0000000000000000e+00,-7.6923076923076919e-03,-1,-1,1.7159763313609957e-04,wind_direction:18.4_m:degrees
1985,-2,-2.0000000000000000e+00,-4.9152542372881351e-02,-1,-1,4.0775639184142563e-04,wind_direction:18.4_m:degrees
1986,-2,-2.0000000000000000e+00,-2.8070175438596509e-02,-1,-1,2.1557402277623864e-04,wind_direction:18.4_m:degrees
1987,-2,-2.0000000000000000e+00,-1.8000000000000002e-01,-1,-1,-6.9388939039072284e-18,wind_direction:18.4_m:degrees
1988,-2,-2.0000000000000000e+00,-1.1732394366197181e-01,-1,-1,1.3350922436024659e-03,wind_direction:18.4_m:degrees
1989,4,7.0872673988342285e+00,6.1111111111111114e-03,1991,1992,2.1015432098765432e-03,mixing_ratio:18.4_m:g_kg-1
1990,-2,-2.0000000000000000e+00,-1.9153605015673883e-02,-1,-1,2.2697431563500496e-04,wind_direction:18.4_m:degrees
1991,-2,-2.0000000000000000e+00,1.3000000000000000e-01,-1,-1,0.0000000000000000e+00,wind_direction:18.4_m:degrees
1992,-2,-2.0000000000000000e+00,-9.3749999999999997e-03,-1,-1,2.0585937499999972e-04,wind_direction:18.4_m:degrees
1993,-2,-2.0000000000000000e+00,-6.7000000000000004e-01,-1,-1,0.0000000000000000e+00,wind_direction:18.4_m:degrees
1994,-2,-2.0000000000000000e+00,-5.4000000000000004e-01,-1,-1,5.5511151231257827e-17,wind_direction:18.4_m:degrees
1995,-2,-2.0000000000000000e+00,-5.3333333333333337e-02,-1,-1,3.5555555555555514e-04,wind_direction:18.4_m:degrees
1996,-2,-2.0000000000000000e+00,-1.1863636363636364e-01,-1,-1,6.4814049586776716e-04,wind_direction:18.4_m:degrees
1997,-2,-2.0000000000000000e+00,-6.8999999999999995e-01,-1,-1,0.0000000000000000e+00,wind_direction:18.4_m:degrees
1998,-2,-2.0000000000000000e+00,-5.8000000000000007e-01,-1,-1,7.3846153846146567e-04,wind_direction:18.4_m:degrees
1999,-2,-2.0000000000000000e+00,-2.5538461538461543e-01,-1,-1,3.7869822485205040e-04,wind_direction:18.4_m:degrees
2000,-2,-2.0000000000000000e+00,-2.0571428571428571e-01,-1,-1,8.1632653061193550e-05,wind_direction:18.4_m:degrees
2001,-2,-2.0000000000000000e+00,-6.4137931034482759e-02,-1,-1,5.3460166468489913e-04,wind_direction:18.4_m:degrees
2002,9,8.8595874786376953e+01,-8.5449101796407190e-02,2003,2004,5.1701387643872995e-04,angle_between_wind_wave:0_m:degrees
2003,-2,-2.0000000000000000e+00,-5.9333333333333335e-02,-1,-1,1.7955555555555607e-04,wind_direction:18.4_m:degrees
2004,-2,-2.0000000000000000e+00,-8.8026315789473744e-02,-1,-1,4.7636772853185388e-04,wind_direction:18.4_m:degrees
2005,-2,-2.0000000000000000e+00,-6.1538461538461542e-02,-1,-1,2.7455621301775233e-04,wind_direction:18.4_m:degrees
2006,-2,-2.0000000000000000e+00,-9.2692307692307713e-02,-1,-1,6.9275147928994120e-04,wind_direction:18.4_m:degrees
2007,-2,-2.0000000000000000e+00,-2.1208333333333337e-01,-1,-1,9.2482638888888996e-04,wind_direction:18.4_m:degrees
2008,-2,-2.0000000000000000e+00,-2.8999999999999998e-01,-1,-1,-6.9388939039072284e-17,wind_direction:18.4_m:degrees
2009,-2,-2.0000000000000000e+00,-1.4799999999999999e-01,-1,-1,5.7600000000000359e-04,wind_direction:18.4_m:degrees
2010,11,1.9750000000000000e+02,-1.0018018018018017e-01,2011,2012,7.2789546303060962e-04,wind_direction:18.4_m:degrees
2011,-2,-2.0000000000000000e+00,-1.1870967741935483e-01,-1,-1,5.3381893860562565e-04,wind_direction:18.4_m:degrees
2012,-2,-2.0000000000000000e+00,-9.7172774869109885e-02,-1,-1,6.9462459910638388e-04,wind_direction:18.4_m:degrees
2013,-2,-2.0000000000000000e+00,-2.5190476190476191e-01,-1,-1,1.6154195011337802e-03,wind_direction:18.4_m:degrees
2014,-2,-2.0000000000000000e+00,-3.5999999999999999e-01,-1,-1,-3.0531133177191805e-16,wind_direction:18.4_m:degrees
2015,-2,-2.0000000000000000e+00,-6.0714285714285714e-02,-1,-1,2.3520408163265217e-04,wind_direction:18.4_m:degrees
2016,-2,-2.0000000000000000e+00,-1.7000000000000001e-01,-1,-1,1.0408340855860843e-17,wind_direction:18.4_m:degrees
2017,-2,-2.0000000000000000e+00,-4.0000000000000001e-02,-1,-1,0.0000000000000000e+00,wind_direction:18.4_m:degrees
2018,-2,-2.0000000000000000e+00,-1.5285714285714286e-01,-1,-1,1.9183673469387597e-04,wind_direction:18.4_m:degrees
2019,-2,-2.0000000000000000e+00,-2.7478260869565219e-01,-1,-1,8.8582230623816816e-04,wind_direction:18.4_m:degrees
2020,-2,-2.0000000000000000e+00,-2.0999999999999999e-01,-1,-1,7.9999999999990495e-04,wind_direction:18.4_m:degrees
2021,11,2.9866499328613281e+02,-4.3298969072164940e-02,2023,2024,6.1798278244234225e-04,wind_direction:18.4_m:degrees
2022,-2,-2.0000000000000000e+00,-3.1906721536351046e-02,-1,-1,3.6961544178939934e-04,wind_direction:18.4_m:degrees
2023,-2,-2.0000000000000000e+00,-3.8518518518518521e-02,-1,-1,4.3978052126200304e-04,wind_direction:18.4_m:degrees
2024,-2,-2.0000000000000000e+00,-6.7500000000000004e-02,-1,-1,8.1874999999999743e-04,wind_direction:18.4_m:degrees
2025,-2,-2.0000000000000000e+00,-3.5999999999999999e-01,-1,-1,0.0000000000000000e+00,wind_direction:18.4_m:degrees
2026,-2,-2.0000000000000000e+00,-2.5200000000000000e-01,-1,-1,8.8600000000002566e-04,wind_direction:18.4_m:degrees
2027,-2,-2.0000000000000000e+00,-1.9625000000000001e-01,-1,-1,3.2343750000000254e-04,wind_direction:18.4_m:degrees
2028,-2,-2.0000000000000000e+00,-2.4187500000000001e-01,-1,-1,7.5273437500000817e-04,wind_direction:18.4_m:degrees
2029,5,6.2749998092651367e+01,-1.5051282051282050e-01,2031,2032,1.0612754766601007e-03,relative_humidity:18.4_m:%
2030,4,1.0295107364654541e+00,-1.1454545454545452e-01,2033,2034,2.1884297520661216e-03,mixing_ratio:18.4_m:g_kg-1
2031,-2,-2.0000000000000000e+00,-1.6681818181818181e-01,-1,-1,6.3078512396696346e-04,wind_direction:18.4_m:degrees
2032,-2,-2.0000000000000000e+00,-1.2941176470588237e-01,-1,-1,8.2906574394463542e-04,wind_direction:18.4_m:degrees
2033,-2,-2.0000000000000000e+00,-2.2000000000000000e-01,-1,-1,0.0000000000000000e+00,wind_direction:18.4_m:degrees
2034,-2,-2.0000000000000000e+00,-1.0400000000000001e-01,-1,-1,1.1840000000000045e-03,wind_direction:18.4_m:degrees
2035,-2,-2.0000000000000000e+00,-2.5925925925925930e-01,-1,-1,6.4389574759946000e-04,wind_direction:18.4_m:degrees
2036,-2,-2.0000000000000000e+00,-2.0800000000000002e-01,-1,-1,5.5999999999972738e-05,wind_direction:18.4_m:degrees
2037,-2,-2.0000000000000000e+00,-8.9999999999999997e-02,-1,-1,4.8000000000000473e-04,wind_direction:18.4_m:degrees
2038,-2,-2.0000000000000000e+00,-1.6666666666666666e-01,-1,-1,2.2222222222232496e-05,wind_direction:18.4_m:degrees
2039,12,-5.0581507384777069e-02,-4.6206896551724150e-02,2041,2042,1.4097502972651599e-03,bulk_richardson:18.4_m:none
2040,-2,-2.0000000000000000e+00,-2.5388349514563091e-02,-1,-1,3.6077151475162974e-04,wind_direction:18.4_m:degrees
2041,-2,-2.0000000000000000e+00,-1.2222222222222225e-02,-1,-1,3.2839506172839495e-04,wind_direction:18.4_m:degrees
2042,-2,-2.0000000000000000e+00,-6.1499999999999999e-02,-1,-1,1.1427499999999988e-03,wind_direction:18.4_m:degrees
2043,-2,-2.0000000000000000e+00,-2.9999999999999999e-01,-1,-1,0.0000000000000000e+00,wind_direction:18.4_m:degrees
2044,-2,-2.0000000000000000e+00,-4.1333333333333333e-01,-1,-1,2.8888888888883857e-04,wind_direction:18.4_m:degrees
2045,-2,-2.0000000000000000e+00,-2.0000000000000001e-01,-1,-1,0.0000000000000000e+00,wind_direction:18.4_m:degrees
2046,-2,-2.0000000000000000e+00,-3.1333333333333330e-01,-1,-1,8.5555555555552609e-04,wind_direction:18.4_m:degrees
