Node,feature,threshold,value,children_left,children_right,impurity,feature_name
0,10,1.1946537017822266e+01,-6.1481802228857393e-02,1,2,9.2386803076444611e-03,wind_speed:18.4_m:m_s-1
1,10,8.5884518623352051e+00,-4.1948150878483727e-02,3,4,2.7045816586399201e-03,wind_speed:18.4_m:m_s-1
2,10,1.4655718803405762e+01,-3.1114321608040207e-01,5,6,2.5543982001732843e-02,wind_speed:18.4_m:m_s-1
3,4,3.2691000699996948e+00,-2.5630773007637705e-02,15,16,1.0514962856609843e-03,mixing_ratio:18.4_m:g_kg-1
4,4,3.6474748849868774e+00,-1.0752960039467201e-01,9,10,3.9774812402459288e-03,mixing_ratio:18.4_m:g_kg-1
5,4,4.1296360492706299e+00,-2.4349801499779450e-01,11,12,1.0471266317188831e-02,mixing_ratio:18.4_m:g_kg-1
6,10,1.7220717430114746e+01,-4.7837513631406736e-01,7,8,2.3527676066639885e-02,wind_speed:18.4_m:m_s-1
7,11,2.5518999481201172e+02,-4.2392749244712979e-01,13,14,1.4901795346885044e-02,wind_direction:18.4_m:degrees
8,11,2.5444499969482422e+02,-6.1972549019607825e-01,35,36,1.8245022683582857e-02,wind_direction:18.4_m:degrees
9,7,9.4999998807907104e-01,-1.5677358490566060e-01,37,38,5.0990242079029698e-03,wave_height:0_m:m
10,12,-1.2825194280594587e-02,-9.0095190380761567e-02,21,22,2.4179101104680936e-03,bulk_richardson:18.4_m:none
11,10,1.2907784461975098e+01,-2.8758883248730993e-01,19,20,9.8094992999906844e-03,wind_speed:18.4_m:m_s-1
12,10,1.3113798141479492e+01,-1.9546543778801842e-01,25,26,6.7672718469276583e-03,wind_speed:18.4_m:m_s-1
13,7,1.2500000000000000e+00,-2.9314960629921250e-01,73,74,7.6782689565379342e-03,wave_height:0_m:m
14,2,2.8819500732421875e+02,-4.5497196261682243e-01,47,48,1.1592849681195283e-02,water_sfc_temperature:0_m:K
15,10,5.7630026340484619e+00,-4.7486009470512694e-02,17,18,2.0703479532103528e-03,wind_speed:18.4_m:m_s-1
16,12,2.7943787164986134e-02,-2.1996707347623264e-02,27,28,7.8945290780878708e-04,bulk_richardson:18.4_m:none
17,10,4.0625545978546143e+00,-2.5204336947456215e-02,79,80,1.0865929419915338e-03,wind_speed:18.4_m:m_s-1
18,10,7.6747605800628662e+00,-7.1254448398576711e-02,55,56,2.0252057186458065e-03,wind_speed:18.4_m:m_s-1
19,11,3.1924499511718750e+02,-2.4150289017341045e-01,75,76,6.5838684887567431e-03,wind_direction:18.4_m:degrees
20,5,6.0750000000000000e+01,-3.2366515837104110e-01,33,34,9.3704278509173372e-03,relative_humidity:18.4_m:%
21,10,1.0191275119781494e+01,-1.1642757660167127e-01,31,32,3.4737976796424767e-03,wind_speed:18.4_m:m_s-1
22,10,1.0103749275207520e+01,-8.1788224956063305e-02,23,24,1.7970658718929654e-03,wind_speed:18.4_m:m_s-1
23,11,1.9306500244140625e+02,-6.5245468277945765e-02,125,126,1.0417826456265928e-03,wind_direction:18.4_m:degrees
24,10,1.1096815109252930e+01,-1.0479516806722730e-01,59,60,1.9375630858959707e-03,wind_speed:18.4_m:m_s-1
25,6,2.1350000000000000e+02,-1.6831845238095228e-01,103,104,4.2407735880811009e-03,wave_direction:0_m:degrees
26,2,2.8309500122070312e+02,-2.3963680387409211e-01,53,54,7.7279552556443337e-03,water_sfc_temperature:0_m:K
27,10,6.2870740890502930e+00,-2.4509311571456614e-02,29,30,7.5751503152028286e-04,wind_speed:18.4_m:m_s-1
28,10,5.6922447681427002e+00,-7.1576866040533853e-03,225,226,7.2059154620555520e-04,wind_speed:18.4_m:m_s-1
29,10,4.4250762462615967e+00,-1.5025350233489238e-02,43,44,4.7460576163520847e-04,wind_speed:18.4_m:m_s-1
30,12,-2.5572665967047215e-02,-4.0473891072431323e-02,45,46,8.2746773494396801e-04,bulk_richardson:18.4_m:none
31,12,-4.9092564731836319e-02,-9.9495365602471644e-02,93,94,2.3648328827448276e-03,bulk_richardson:18.4_m:none
32,11,2.5414499664306641e+02,-1.5178494623655914e-01,69,70,3.9406849346745425e-03,wind_direction:18.4_m:degrees
33,12,-2.4001635611057281e-02,-3.4343195266272208e-01,71,72,7.3657364938201075e-03,bulk_richardson:18.4_m:none
34,3,9.9490002441406250e+02,-2.5942307692307703e-01,51,52,1.0488769723865199e-02,pressure:18.4_m:hPa
35,1,3.3897573852539062e+02,-5.5000000000000027e-01,61,62,1.7152688172042796e-02,azimuth:0_m:degrees
36,10,1.8588403701782227e+01,-6.5975308641975283e-01,49,50,1.4478951379363725e-02,wind_speed:18.4_m:m_s-1
37,10,9.9442567825317383e+00,-1.3240215924426449e-01,67,68,3.5178463651082681e-03,wind_speed:18.4_m:m_s-1
38,11,2.7216000366210938e+02,-1.6986947063089208e-01,39,40,5.4579960150203770e-03,wind_direction:18.4_m:degrees
39,2,2.7794000244140625e+02,-1.1380281690140845e-01,143,144,2.1080737948819695e-03,water_sfc_temperature:0_m:K
40,10,1.0430821895599365e+01,-1.8011149228130377e-01,41,42,5.3908108970869700e-03,wind_speed:18.4_m:m_s-1
41,10,9.4125738143920898e+00,-1.4927083333333341e-01,89,90,3.7515516493054867e-03,wind_speed:18.4_m:m_s-1
42,12,-7.2729159146547318e-02,-2.1022033898305084e-01,83,84,5.1560531456477862e-03,bulk_richardson:18.4_m:none
43,10,3.2271659374237061e+00,-7.6246246246246705e-03,307,308,3.5057380804227759e-04,wind_speed:18.4_m:m_s-1
44,11,2.8425500488281250e+02,-2.0942376950780748e-02,81,82,4.9497026901993302e-04,wind_direction:18.4_m:degrees
45,11,2.7010499572753906e+02,-5.5046687416629630e-02,63,64,1.2509649167724481e-03,wind_direction:18.4_m:degrees
46,10,7.3661253452301025e+00,-3.5549879807692975e-02,65,66,5.8836950719705155e-04,wind_speed:18.4_m:m_s-1
47,10,1.5328277587890625e+01,-4.6234833659491170e-01,57,58,1.0538516626391992e-02,wind_speed:18.4_m:m_s-1
48,4,6.8136246204376221e+00,-2.9791666666666666e-01,151,152,8.2164930555520821e-03,mixing_ratio:18.4_m:g_kg-1
49,0,1.0011198425292969e+02,-6.1391752577319569e-01,113,114,9.6568179402700682e-03,zenith:0_m:degrees
50,3,9.8584997558593750e+02,-7.2815384615384626e-01,171,172,1.3861207100592132e-02,pressure:18.4_m:hPa
51,12,-1.5177945606410503e-02,-3.8407407407407412e-01,197,198,6.8167352537722992e-03,bulk_richardson:18.4_m:none
52,10,1.3777883052825928e+01,-2.3333333333333328e-01,111,112,7.3245478036175760e-03,wind_speed:18.4_m:m_s-1
53,11,1.2790500259399414e+02,-1.9418300653594781e-01,157,158,8.3994959203724795e-03,wind_direction:18.4_m:degrees
54,10,1.4149884700775146e+01,-2.6638461538461539e-01,91,92,5.4015443786982198e-03,wind_speed:18.4_m:m_s-1
55,0,9.5359451293945312e+01,-6.1237046632124321e-02,97,98,1.5553997674434212e-03,zenith:0_m:degrees
56,0,7.1756557464599609e+01,-9.3224431818181810e-02,87,88,2.3528132667224397e-03,zenith:0_m:degrees
57,12,-2.0418754778802395e-02,-4.2666666666666664e-01,99,100,9.1611893583724568e-03,bulk_richardson:18.4_m:none
58,2,2.7427500915527344e+02,-4.8785234899328855e-01,115,116,9.9625016891140006e-03,water_sfc_temperature:0_m:K
59,12,1.1237019207328558e-02,-9.2949039264828726e-02,135,136,1.4944777705890398e-03,bulk_richardson:18.4_m:none
60,5,6.9549999237060547e+01,-1.2485148514851470e-01,147,148,2.0478916632821961e-03,relative_humidity:18.4_m:%
61,11,1.2829000091552734e+02,-5.6988372093023276e-01,163,164,1.2449986479177721e-02,wind_direction:18.4_m:degrees
62,11,1.8592500305175781e+02,-3.0571428571428572e-01,417,418,1.0395918367346810e-02,wind_direction:18.4_m:degrees
63,10,7.7407424449920654e+00,-4.4038461538461533e-02,137,138,8.9818786982247809e-04,wind_speed:18.4_m:m_s-1
64,10,7.7091827392578125e+00,-7.1638795986622081e-02,149,150,1.3247390968781038e-03,wind_speed:18.4_m:m_s-1
65,12,8.9487400837242603e-03,-2.7706812652068417e-02,687,688,4.2016708254151967e-04,bulk_richardson:18.4_m:none
66,10,7.9558091163635254e+00,-4.3206650831354276e-02,221,222,6.3389791301095917e-04,wind_speed:18.4_m:m_s-1
67,0,7.1890789031982422e+01,-1.1546436285097189e-01,131,132,2.7038340431685837e-03,zenith:0_m:degrees
68,12,-5.0253808498382568e-02,-1.6061151079136687e-01,129,130,3.5999857667822696e-03,bulk_richardson:18.4_m:none
69,0,6.2654363632202148e+01,-1.2121951219512191e-01,211,212,2.5941225461035174e-03,zenith:0_m:degrees
70,4,5.3023748397827148e+00,-1.7588461538461542e-01,343,344,3.6849866863905324e-03,mixing_ratio:18.4_m:g_kg-1
71,2,2.7593000793457031e+02,-3.6401294498381892e-01,105,106,7.3372943308096239e-03,water_sfc_temperature:0_m:K
72,3,1.0037000122070312e+03,-3.1131313131313126e-01,153,154,5.7174676053458190e-03,pressure:18.4_m:hPa
73,-2,-2.0000000000000000e+00,-8.5999999999999999e-01,-1,-1,0.0000000000000000e+00,wind_direction:18.4_m:degrees
74,11,1.2417999649047852e+02,-2.8865079365079371e-01,117,118,5.1688145628622229e-03,wind_direction:18.4_m:degrees
75,12,-2.8086914680898190e-02,-2.5369304556354899e-01,77,78,6.5566252034344463e-03,bulk_richardson:18.4_m:none
76,0,1.3538844299316406e+02,-1.9166666666666674e-01,301,302,3.6040849673200995e-03,zenith:0_m:degrees
77,11,2.6840499877929688e+02,-2.8494791666666669e-01,179,180,7.0864556206597235e-03,wind_direction:18.4_m:degrees
78,10,1.2550340652465820e+01,-2.2702222222222215e-01,277,278,4.5595772839508511e-03,wind_speed:18.4_m:m_s-1
79,4,9.0978896617889404e-01,-1.3175313059033932e-02,337,338,9.3991738697712403e-04,mixing_ratio:18.4_m:g_kg-1
80,0,7.2628128051757812e+01,-3.5710937500000005e-02,199,200,9.7793206787109518e-04,zenith:0_m:degrees
81,10,5.4313902854919434e+00,-1.8228393228393567e-02,389,390,3.6536452794989893e-04,wind_speed:18.4_m:m_s-1
82,12,-3.3558379858732224e-02,-3.2393483709273335e-02,95,96,8.7960958159800928e-04,bulk_richardson:18.4_m:none
83,1,8.1519519805908203e+01,-2.5298245614035098e-01,213,214,6.3577716220375030e-03,azimuth:0_m:degrees
84,10,1.0969970226287842e+01,-1.9997899159663857e-01,85,86,4.3254197267142622e-03,wind_speed:18.4_m:m_s-1
85,6,2.3250000000000000e+02,-1.6857988165680474e-01,209,210,3.0476874059031413e-03,wave_direction:0_m:degrees
86,2,2.7458000183105469e+02,-2.1726384364820847e-01,229,230,4.1873017220343256e-03,water_sfc_temperature:0_m:K
87,11,3.0367500305175781e+02,-6.0348837209302321e-02,261,262,2.2789480800432665e-03,wind_direction:18.4_m:degrees
88,7,6.5000000596046448e-01,-1.0385338345864664e-01,295,296,1.9142867742664941e-03,wave_height:0_m:m
89,11,3.0420999145507812e+02,-1.2524793388429750e-01,195,196,3.0067567106072113e-03,wind_direction:18.4_m:degrees
90,0,6.2930902481079102e+01,-1.6667664670658686e-01,351,352,3.5700930474380291e-03,zenith:0_m:degrees
91,3,1.0127500000000000e+03,-2.5029702970297030e-01,187,188,4.0751592981080470e-03,pressure:18.4_m:hPa
92,0,5.5054285049438477e+01,-3.2241379310344825e-01,271,272,5.9803804994054410e-03,zenith:0_m:degrees
93,3,1.0076000061035156e+03,-1.4688172043010750e-01,227,228,3.5999537518788469e-03,pressure:18.4_m:hPa
94,4,6.5230715274810791e+00,-9.4476082004555872e-02,177,178,1.9709669677928313e-03,mixing_ratio:18.4_m:g_kg-1
95,10,5.4552440643310547e+00,-4.0390199637023623e-02,205,206,7.9594574787301324e-04,wind_speed:18.4_m:m_s-1
96,12,2.6812116615474224e-02,-1.4554655870445309e-02,801,802,6.0536847022569899e-04,bulk_richardson:18.4_m:none
97,12,6.2961603980511427e-03,-4.7258566978193098e-02,405,406,1.7012072864199734e-03,bulk_richardson:18.4_m:none
98,12,-7.9811409115791321e-02,-7.1186252771618622e-02,461,462,1.2135595449383283e-03,bulk_richardson:18.4_m:none
99,7,1.4499999880790710e+00,-4.5702702702702713e-01,101,102,9.8533235938643993e-03,wave_height:0_m:m
100,0,1.2153664779663086e+02,-3.9362745098039237e-01,443,444,6.3133121876198794e-03,zenith:0_m:degrees
101,4,9.4392672181129456e-01,-3.4294117647058825e-01,387,388,6.5854671280276417e-03,mixing_ratio:18.4_m:g_kg-1
102,7,2.5499999523162842e+00,-4.7765957446808510e-01,155,156,7.6647351742869241e-03,wave_height:0_m:m
103,10,1.2372380733489990e+01,-1.5422330097087381e-01,169,170,3.9593481949289425e-03,wind_speed:18.4_m:m_s-1
104,2,2.8825000000000000e+02,-1.9065384615384603e-01,145,146,3.8730340236686964e-03,water_sfc_temperature:0_m:K
105,6,2.2050000000000000e+02,-2.9228571428571432e-01,397,398,7.6747755102040821e-03,wave_direction:0_m:degrees
106,10,1.3936963558197021e+01,-3.7317518248175174e-01,107,108,6.5530569023389551e-03,wind_speed:18.4_m:m_s-1
107,2,2.7705500793457031e+02,-3.5359788359788358e-01,109,110,5.6822933288543653e-03,water_sfc_temperature:0_m:K
108,9,8.9872497558593750e+01,-4.1670588235294120e-01,239,240,5.7420899653981006e-03,angle_between_wind_wave:0_m:degrees
109,8,5.6499998569488525e+00,-3.9264367816091961e-01,373,374,4.7734707358964013e-03,wave_period:0_m:s
110,5,3.4100000381469727e+01,-3.2029411764705884e-01,411,412,4.0479527104959057e-03,relative_humidity:18.4_m:%
111,5,8.2949996948242188e+01,-2.1010526315789471e-01,237,238,4.6431468144044266e-03,relative_humidity:18.4_m:%
112,2,2.7453498840332031e+02,-2.9823529411764704e-01,139,140,9.0968858131488389e-03,water_sfc_temperature:0_m:K
113,12,-3.4175358014181256e-03,-5.4899999999999993e-01,391,392,7.7556666666667717e-03,bulk_richardson:18.4_m:none
114,12,-3.0623586848378181e-02,-6.4298507462686560e-01,189,190,7.7761639563380669e-03,bulk_richardson:18.4_m:none
115,10,1.6405872821807861e+01,-6.9499999999999995e-01,971,972,6.0750000000000526e-03,wind_speed:18.4_m:m_s-1
116,11,2.9269000244140625e+02,-4.8503401360544224e-01,119,120,9.4236382988571732e-03,wind_direction:18.4_m:degrees
117,1,2.9287448120117188e+02,-2.0750000000000002e-01,1409,1410,1.5887499999999999e-03,azimuth:0_m:degrees
118,11,1.8883000183105469e+02,-3.0396226415094341e-01,217,218,4.3673193307226243e-03,wind_direction:18.4_m:degrees
119,6,2.3850000000000000e+02,-5.0256830601092928e-01,121,122,9.1884857714475410e-03,wave_direction:0_m:degrees
120,0,1.3666814422607422e+02,-4.5612612612612602e-01,185,186,8.4687768849933120e-03,zenith:0_m:degrees
121,5,4.5750000000000000e+01,-4.9477011494252848e-01,123,124,8.1306942792967740e-03,relative_humidity:18.4_m:%
122,1,4.7653289794921875e+01,-6.5333333333333332e-01,547,548,5.7333333333350889e-03,azimuth:0_m:degrees
123,1,2.9680888366699219e+02,-5.3741379310344828e-01,339,340,7.7950356718192171e-03,azimuth:0_m:degrees
124,2,2.8487500000000000e+02,-4.7344827586206883e-01,133,134,6.9346611177171780e-03,water_sfc_temperature:0_m:K
125,11,1.4363499450683594e+02,-7.9024793388429687e-02,427,428,9.3871839355237369e-04,wind_direction:18.4_m:degrees
126,12,1.2067342177033424e-02,-6.1164953499755134e-02,127,128,9.9942604535997216e-04,bulk_richardson:18.4_m:none
127,7,2.7500000000000000e+00,-6.6038095238095146e-02,141,142,8.9401759637192015e-04,wave_height:0_m:m
128,11,2.7615000915527344e+02,-4.4764957264957252e-02,399,400,1.0052866352545033e-03,wind_direction:18.4_m:degrees
129,11,3.2500500488281250e+02,-1.8953703703703703e-01,383,384,4.3636745541838010e-03,wind_direction:18.4_m:degrees
130,1,2.5055085754394531e+02,-1.4223529411764715e-01,441,442,2.2455916955017724e-03,azimuth:0_m:degrees
131,12,-1.4902639389038086e-01,-8.6923076923076922e-02,481,482,2.5336094674556194e-03,bulk_richardson:18.4_m:none
132,12,-6.1306294053792953e-02,-1.2660660660660664e-01,363,364,2.3281245209173414e-03,bulk_richardson:18.4_m:none
133,4,2.3518829345703125e+00,-4.6199999999999991e-01,317,318,6.1531428571430236e-03,mixing_ratio:18.4_m:g_kg-1
134,-2,-2.0000000000000000e+00,-5.8272727272727276e-01,-1,-1,1.2016528925620218e-03,wind_direction:18.4_m:degrees
135,2,2.9156500244140625e+02,-9.8490566037735788e-02,433,434,1.2302163680234148e-03,water_sfc_temperature:0_m:K
136,1,3.5361824035644531e+02,-7.1193415637860066e-02,249,250,1.9380819319549008e-03,azimuth:0_m:degrees
137,10,7.0440537929534912e+00,-3.9310035842293922e-02,581,582,5.1538416451483971e-04,wind_speed:18.4_m:m_s-1
138,0,1.5264434051513672e+02,-6.6398305084745729e-02,233,234,2.1027057598391212e-03,zenith:0_m:degrees
139,-2,-2.0000000000000000e+00,-6.7000000000000004e-01,-1,-1,0.0000000000000000e+00,wind_direction:18.4_m:degrees
140,1,2.8528936767578125e+02,-2.8696969696969699e-01,381,382,5.0574839302112429e-03,azimuth:0_m:degrees
141,10,9.4097952842712402e+00,-6.4919510624597360e-02,181,182,7.9511586531108049e-04,wind_speed:18.4_m:m_s-1
142,6,1.8450000000000000e+02,-1.4500000000000005e-01,1153,1154,1.5522727272725689e-03,wave_direction:0_m:degrees
143,0,6.6831211090087891e+01,-7.9870129870129869e-02,919,920,1.5597233934896287e-03,zenith:0_m:degrees
144,10,1.1194777488708496e+01,-1.3301470588235295e-01,715,716,1.3975291955017378e-03,wind_speed:18.4_m:m_s-1
145,12,-2.0767435431480408e-02,-2.0793939393939401e-01,191,192,3.3206023875114246e-03,bulk_richardson:18.4_m:none
146,3,1.0054499816894531e+03,-1.6063157894736843e-01,207,208,3.4122326869808518e-03,pressure:18.4_m:hPa
147,10,1.1891545295715332e+01,-1.6102272727272729e-01,175,176,4.0114540289256165e-03,wind_speed:18.4_m:m_s-1
148,12,2.6992257684469223e-02,-1.1970920840064636e-01,371,372,1.5562967003427391e-03,bulk_richardson:18.4_m:none
149,10,6.6843585968017578e+00,-6.3787638668779664e-02,535,536,1.0751942053591375e-03,wind_speed:18.4_m:m_s-1
150,3,1.0192500000000000e+03,-9.0263157894736865e-02,737,738,1.4236149584487563e-03,pressure:18.4_m:hPa
151,10,1.5243097782135010e+01,-2.4625000000000002e-01,753,754,3.2734374999999968e-03,wind_speed:18.4_m:m_s-1
152,-2,-2.0000000000000000e+00,-4.0125000000000005e-01,-1,-1,2.0859375000000235e-03,wind_direction:18.4_m:degrees
153,10,1.3734948158264160e+01,-3.2845588235294115e-01,291,292,4.1689392301038908e-03,wind_speed:18.4_m:m_s-1
154,5,4.1200000762939453e+01,-2.7370967741935481e-01,287,288,7.0555931321538978e-03,relative_humidity:18.4_m:%
155,9,8.7489189147949219e+01,-4.7098901098901108e-01,643,644,6.5231976814394688e-03,angle_between_wind_wave:0_m:degrees
156,-2,-2.0000000000000000e+00,-6.8000000000000005e-01,-1,-1,3.8857805861880479e-16,wind_direction:18.4_m:degrees
157,0,6.7264854431152344e+01,-1.2409090909090909e-01,1379,1380,1.2150826446281019e-03,zenith:0_m:degrees
158,6,1.7950000000000000e+02,-2.0595419847328247e-01,159,160,8.6424101159605707e-03,wave_direction:0_m:degrees
159,3,9.9695001220703125e+02,-2.8031250000000002e-01,161,162,1.8121777343749992e-02,pressure:18.4_m:hPa
160,3,1.0042999877929688e+03,-1.8191919191919201e-01,267,268,3.2134884195490071e-03,pressure:18.4_m:hPa
161,-2,-2.0000000000000000e+00,-7.9000000000000004e-01,-1,-1,0.0000000000000000e+00,wind_direction:18.4_m:degrees
162,0,9.0557235717773438e+01,-2.6387096774193547e-01,201,202,1.0055983350676395e-02,zenith:0_m:degrees
163,12,1.0046700626844540e-03,-7.0833333333333337e-01,167,168,3.3447222222222184e-02,bulk_richardson:18.4_m:none
164,8,5.2500000000000000e+00,-5.5950000000000011e-01,165,166,9.3297499999997480e-03,wave_period:0_m:s
165,-2,-2.0000000000000000e+00,-2.7000000000000002e-01,-1,-1,0.0000000000000000e+00,wind_direction:18.4_m:degrees
166,1,3.2991548156738281e+02,-5.6692307692307686e-01,193,194,7.3648915187376485e-03,azimuth:0_m:degrees
167,5,9.0750000000000000e+01,-5.4999999999999993e-01,1577,1578,5.0000000000000600e-03,relative_humidity:18.4_m:%
168,9,8.8308525085449219e+01,-8.6666666666666670e-01,675,676,1.1755555555555519e-02,angle_between_wind_wave:0_m:degrees
169,11,1.9466000366210938e+02,-1.3638190954773868e-01,487,488,4.1055023863033786e-03,wind_direction:18.4_m:degrees
170,12,7.6029966585338116e-03,-1.7089201877934279e-01,245,246,3.2475611100091784e-03,bulk_richardson:18.4_m:none
171,11,2.7569000244140625e+02,-6.4153846153846150e-01,173,174,1.3705325443786942e-02,wind_direction:18.4_m:degrees
172,11,2.6990000915527344e+02,-7.4980769230769218e-01,183,184,1.1555732248520245e-02,wind_direction:18.4_m:degrees
173,0,1.4091318511962891e+02,-5.5142857142857149e-01,1043,1044,4.4979591836735167e-03,zenith:0_m:degrees
174,1,8.6870223999023438e+01,-7.4666666666666670e-01,1069,1070,3.9222222222220493e-03,azimuth:0_m:degrees
175,10,1.1357900142669678e+01,-1.5192771084337353e-01,269,270,2.7914646537958963e-03,wind_speed:18.4_m:m_s-1
176,-2,-2.0000000000000000e+00,-3.1200000000000000e-01,-1,-1,9.6000000000179275e-05,wind_direction:18.4_m:degrees
177,3,1.0145499877929688e+03,-1.0369685767097965e-01,585,586,1.8221927627689889e-03,pressure:18.4_m:hPa
178,12,-4.6285584568977356e-02,-7.9673590504451025e-02,263,264,1.8541961274643999e-03,bulk_richardson:18.4_m:none
179,-2,-2.0000000000000000e+00,-1.4666666666666670e-01,-1,-1,1.5222222222222130e-03,wind_direction:18.4_m:degrees
180,7,7.5000000000000000e-01,-2.8940860215053771e-01,255,256,6.6292201410567686e-03,wave_height:0_m:m
181,5,7.1400001525878906e+01,-5.7667031763417177e-02,719,720,5.3924510148530697e-04,relative_humidity:18.4_m:%
182,5,5.4000000000000000e+01,-7.5265625000000030e-02,425,426,9.7805444335945409e-04,relative_humidity:18.4_m:%
183,12,-7.3432414792478085e-03,-6.8555555555555570e-01,365,366,9.0024691358022713e-03,bulk_richardson:18.4_m:none
184,1,3.1133357238769531e+02,-7.8382352941176481e-01,223,224,9.5647923875434859e-03,azimuth:0_m:degrees
185,6,2.1400000000000000e+02,-4.3399999999999994e-01,243,244,6.1920000000002806e-03,wave_direction:0_m:degrees
186,0,1.5078535461425781e+02,-5.0222222222222224e-01,203,204,1.0067283950616845e-02,zenith:0_m:degrees
187,0,1.5154623413085938e+02,-2.3890243902439021e-01,273,274,3.4561124330755449e-03,zenith:0_m:degrees
188,4,5.5662181377410889e+00,-2.9947368421052634e-01,517,518,3.7681440443215058e-03,mixing_ratio:18.4_m:g_kg-1
189,-2,-2.0000000000000000e+00,-4.0999999999999998e-01,-1,-1,0.0000000000000000e+00,wind_direction:18.4_m:degrees
190,9,8.9907653808593750e+01,-6.5015384615384597e-01,315,316,6.2938224852071012e-03,angle_between_wind_wave:0_m:degrees
191,-2,-2.0000000000000000e+00,-2.7800000000000002e-01,-1,-1,1.3959999999999806e-03,wind_direction:18.4_m:degrees
192,11,3.0102499389648438e+02,-1.9827586206896564e-01,293,294,2.8156480380499421e-03,wind_direction:18.4_m:degrees
193,10,1.7901326179504395e+01,-5.6078947368421062e-01,219,220,6.0914819944599130e-03,wind_speed:18.4_m:m_s-1
194,-2,-2.0000000000000000e+00,-8.0000000000000004e-01,-1,-1,2.9976021664879227e-15,wind_direction:18.4_m:degrees
195,12,-7.3493655771017075e-02,-1.4599999999999996e-01,329,330,2.7807999999999965e-03,bulk_richardson:18.4_m:none
196,12,-1.0688475891947746e-01,-1.0307692307692308e-01,439,440,2.2965154503616411e-03,bulk_richardson:18.4_m:none
197,12,-1.6119333915412426e-02,-3.5739130434782612e-01,407,408,2.8018903591681410e-03,bulk_richardson:18.4_m:none
198,-2,-2.0000000000000000e+00,-5.3749999999999998e-01,-1,-1,2.2687500000006522e-03,wind_direction:18.4_m:degrees
199,4,1.2492865324020386e+00,-1.7593984962406006e-02,861,862,1.0227825202103007e-03,mixing_ratio:18.4_m:g_kg-1
200,12,-5.3086334466934204e-01,-4.0463510848126209e-02,595,596,8.5747746538597297e-04,bulk_richardson:18.4_m:none
201,0,8.2814697265625000e+01,-3.1705882352941173e-01,275,276,1.0973702422145362e-02,zenith:0_m:degrees
202,11,1.4800500488281250e+02,-1.9928571428571432e-01,1493,1494,1.3352040816326516e-03,wind_direction:18.4_m:degrees
203,1,1.7157012939453125e+02,-5.7750000000000001e-01,231,232,1.0252083333333328e-02,azimuth:0_m:degrees
204,2,2.7771501159667969e+02,-4.6458333333333329e-01,501,502,5.7248263888888540e-03,water_sfc_temperature:0_m:K
205,12,-1.1733131855726242e-01,-3.1905537459283324e-02,1105,1106,6.7829075109549592e-04,bulk_richardson:18.4_m:none
206,12,-8.5658684372901917e-02,-5.1065573770491791e-02,449,450,7.3943832303143648e-04,bulk_richardson:18.4_m:none
207,11,2.3806499481201172e+02,-2.0108108108108108e-01,309,310,3.9826150474799107e-03,wind_direction:18.4_m:degrees
208,2,2.8878500366210938e+02,-1.3482758620689650e-01,1107,1108,1.3387633769322282e-03,water_sfc_temperature:0_m:K
209,5,3.9550001144409180e+01,-1.5538461538461537e-01,1399,1400,1.8817751479289768e-03,relative_humidity:18.4_m:%
210,10,1.0718444824218750e+01,-2.1256410256410257e-01,403,404,4.4190664036817817e-03,wind_speed:18.4_m:m_s-1
211,10,1.0714384555816650e+01,-9.0857142857142845e-02,767,768,1.7621224489795962e-03,wind_speed:18.4_m:m_s-1
212,10,1.0199041366577148e+01,-1.3696296296296295e-01,251,252,2.2996652949245668e-03,wind_speed:18.4_m:m_s-1
213,11,3.1477500915527344e+02,-3.1842105263157899e-01,479,480,4.4343490304708799e-03,wind_direction:18.4_m:degrees
214,12,-7.5264353305101395e-02,-2.3989473684210530e-01,215,216,5.7147257617727737e-03,bulk_richardson:18.4_m:none
215,4,6.3721883296966553e-01,-2.2882352941176470e-01,333,334,4.8715570934255922e-03,mixing_ratio:18.4_m:g_kg-1
216,8,5.1500000953674316e+00,-3.3399999999999996e-01,937,938,2.9839999999998895e-03,wave_period:0_m:s
217,9,8.9760799407958984e+01,-3.4555555555555556e-01,299,300,3.6135802469135642e-03,angle_between_wind_wave:0_m:degrees
218,12,2.0767374429851770e-02,-2.8257142857142853e-01,349,350,3.4076734693876953e-03,bulk_richardson:18.4_m:none
219,5,9.6150001525878906e+01,-4.8714285714285721e-01,1227,1228,1.9632653061223970e-03,relative_humidity:18.4_m:%
220,9,8.8916297912597656e+01,-5.7741935483870965e-01,367,368,5.5223725286158709e-03,angle_between_wind_wave:0_m:degrees
221,2,2.7298001098632812e+02,-3.7932061978545879e-02,713,714,6.0674866213679813e-04,water_sfc_temperature:0_m:K
222,12,-2.6740204775705934e-03,-4.8443786982248549e-02,253,254,6.0580305311429316e-04,bulk_richardson:18.4_m:none
223,10,1.9103908538818359e+01,-7.9687500000000000e-01,265,266,7.0027343750000970e-03,wind_speed:18.4_m:m_s-1
224,-2,-2.0000000000000000e+00,-5.7499999999999996e-01,-1,-1,4.2249999999999788e-03,wind_direction:18.4_m:degrees
225,2,2.9372500610351562e+02,-4.3847429519070962e-03,987,988,7.0090669922911629e-04,water_sfc_temperature:0_m:K
226,7,3.8500000238418579e+00,-1.5266731328806909e-02,549,550,6.8991430541669055e-04,wave_height:0_m:m
227,10,9.2165322303771973e+00,-1.9840000000000002e-01,421,422,3.8454399999999916e-03,wind_speed:18.4_m:m_s-1
228,9,8.9962871551513672e+01,-1.2794117647058822e-01,821,822,2.1751730103806502e-03,angle_between_wind_wave:0_m:degrees
229,5,5.2049999237060547e+01,-1.3615384615384615e-01,799,800,3.7928994082840235e-03,relative_humidity:18.4_m:%
230,11,2.9668499755859375e+02,-2.2085034013605445e-01,311,312,3.9009776019251416e-03,wind_direction:18.4_m:degrees
231,-2,-2.0000000000000000e+00,-7.7000000000000002e-01,-1,-1,0.0000000000000000e+00,wind_direction:18.4_m:degrees
232,6,2.3750000000000000e+02,-5.3900000000000003e-01,911,912,3.4089999999999399e-03,wave_direction:0_m:degrees
233,9,8.9468917846679688e+01,-6.2807017543859603e-02,505,506,1.1377346875961879e-03,angle_between_wind_wave:0_m:degrees
234,0,1.5399585723876953e+02,-1.6875000000000001e-01,235,236,1.8760937499999780e-02,zenith:0_m:degrees
235,-2,-2.0000000000000000e+00,-3.4000000000000002e-01,-1,-1,0.0000000000000000e+00,wind_direction:18.4_m:degrees
236,-2,-2.0000000000000000e+00,-6.5999999999999989e-02,-1,-1,1.8640000000000011e-03,wind_direction:18.4_m:degrees
237,11,2.4535500335693359e+02,-2.3109375000000004e-01,437,438,4.3253662109375007e-03,wind_direction:18.4_m:degrees
238,9,9.0405960083007812e+01,-1.6677419354838710e-01,691,692,2.5121748178979740e-03,angle_between_wind_wave:0_m:degrees
239,4,3.3765913248062134e+00,-4.0214285714285708e-01,241,242,4.8025510204081079e-03,mixing_ratio:18.4_m:g_kg-1
240,0,1.1049419021606445e+02,-4.8466666666666675e-01,469,470,4.5182222222225898e-03,zenith:0_m:degrees
241,1,2.4175586700439453e+02,-3.9602941176470585e-01,583,584,3.6357050173010663e-03,azimuth:0_m:degrees
242,-2,-2.0000000000000000e+00,-6.0999999999999999e-01,-1,-1,1.2212453270876722e-15,wind_direction:18.4_m:degrees
243,9,8.9566127777099609e+01,-3.4900000000000009e-01,957,958,4.1289999999999522e-03,angle_between_wind_wave:0_m:degrees
244,4,1.0270352363586426e+00,-4.4707692307692304e-01,395,396,5.2268402366865141e-03,mixing_ratio:18.4_m:g_kg-1
245,1,4.5188781738281250e+01,-1.8562043795620439e-01,247,248,3.6319143268154636e-03,azimuth:0_m:degrees
246,4,7.3204679489135742e+00,-1.4434210526315791e-01,1039,1040,1.4587777008309710e-03,mixing_ratio:18.4_m:g_kg-1
247,3,1.0111499938964844e+03,-2.7800000000000002e-01,331,332,8.3759999999999807e-03,pressure:18.4_m:hPa
248,0,5.3701839447021484e+01,-1.7834645669291344e-01,519,520,2.5334862669725289e-03,zenith:0_m:degrees
249,11,1.9988999938964844e+02,-7.2863070539419095e-02,699,700,1.6154542793684681e-03,wind_direction:18.4_m:degrees
250,-2,-2.0000000000000000e+00,1.3000000000000000e-01,-1,-1,-6.2103100439969694e-16,wind_direction:18.4_m:degrees
251,-2,-2.0000000000000000e+00,-2.9999999999999999e-01,-1,-1,-1.3877787807814457e-17,wind_direction:18.4_m:degrees
252,3,1.0077999877929688e+03,-1.3325757575757577e-01,537,538,1.7340851698806233e-03,pressure:18.4_m:hPa
253,2,2.9070500183105469e+02,-5.6842878120411111e-02,379,380,6.9179469597487183e-04,water_sfc_temperature:0_m:K
254,11,3.4879998779296875e+02,-4.2775024777006843e-02,369,370,4.6801777068817283e-04,wind_direction:18.4_m:degrees
255,-2,-2.0000000000000000e+00,-8.9999999999999997e-02,-1,-1,0.0000000000000000e+00,wind_direction:18.4_m:degrees
256,3,1.0111999816894531e+03,-2.9157608695652198e-01,257,258,6.2643637759924181e-03,pressure:18.4_m:hPa
257,3,1.0072500000000000e+03,-3.1828571428571428e-01,513,514,5.9456326530612086e-03,pressure:18.4_m:hPa
258,1,6.0757488250732422e+01,-2.7517543859649124e-01,259,260,5.7530393967373389e-03,azimuth:0_m:degrees
259,5,5.5300001144409180e+01,-3.4117647058823536e-01,973,974,3.5515570934255697e-03,relative_humidity:18.4_m:%
260,4,1.5398818254470825e+00,-2.6360824742268041e-01,323,324,5.2416197257944414e-03,mixing_ratio:18.4_m:g_kg-1
261,2,2.7761499023437500e+02,-8.5915492957746517e-02,847,848,2.3875421543344518e-03,water_sfc_temperature:0_m:K
262,10,7.8517799377441406e+00,-4.2376237623762372e-02,1059,1060,1.4200960690128432e-03,wind_speed:18.4_m:m_s-1
263,0,6.2882122039794922e+01,3.6363636363636420e-03,617,618,3.5504132231404966e-03,zenith:0_m:degrees
264,8,8.5000000000000000e+00,-8.2484662576687073e-02,305,306,1.5548693966652861e-03,wave_period:0_m:s
265,-2,-2.0000000000000000e+00,-9.1199999999999992e-01,-1,-1,1.3760000000000439e-03,wind_direction:18.4_m:degrees
266,3,9.8719998168945312e+02,-7.7555555555555544e-01,475,476,5.1358024691360304e-03,pressure:18.4_m:hPa
267,5,6.8250000000000000e+01,-1.5672727272727272e-01,297,298,3.0874710743801735e-03,relative_humidity:18.4_m:%
268,0,7.6074153900146484e+01,-2.1340909090909096e-01,1117,1118,1.5861053719007229e-03,zenith:0_m:degrees
269,1,3.2161051940917969e+02,-1.0777777777777778e-01,813,814,2.0913580246913546e-03,azimuth:0_m:degrees
270,0,6.0995197296142578e+01,-1.7321428571428571e-01,843,844,1.7360969387754908e-03,zenith:0_m:degrees
271,-2,-2.0000000000000000e+00,-2.1500000000000000e-01,-1,-1,5.9166666666667089e-04,wind_direction:18.4_m:degrees
272,3,9.9195001220703125e+02,-3.3480769230769225e-01,477,478,5.1172707100591297e-03,pressure:18.4_m:hPa
273,10,1.3705779552459717e+01,-2.3468354430379751e-01,749,750,3.0514821342733922e-03,wind_speed:18.4_m:m_s-1
274,-2,-2.0000000000000000e+00,-3.5000000000000003e-01,-1,-1,1.2999999999999540e-03,wind_direction:18.4_m:degrees
275,11,1.4382500457763672e+02,-2.9266666666666663e-01,485,486,7.3795555555555697e-03,wind_direction:18.4_m:degrees
276,-2,-2.0000000000000000e+00,-5.0000000000000000e-01,-1,-1,1.1102230246251565e-16,wind_direction:18.4_m:degrees
277,12,-2.4306687409989536e-03,-2.1374149659863953e-01,283,284,3.4860012032024781e-03,bulk_richardson:18.4_m:none
278,2,2.7716499328613281e+02,-2.5205128205128208e-01,279,280,5.6239973701511375e-03,water_sfc_temperature:0_m:K
279,9,8.9905429840087891e+01,-2.9689655172413792e-01,281,282,7.2214030915576793e-03,angle_between_wind_wave:0_m:degrees
280,3,1.0146000061035156e+03,-2.2551020408163266e-01,1141,1142,2.7839233652644652e-03,pressure:18.4_m:hPa
281,9,8.8400444030761719e+01,-2.2272727272727275e-01,577,578,5.1107438016528908e-03,angle_between_wind_wave:0_m:degrees
282,3,9.8789999389648438e+02,-3.4222222222222221e-01,741,742,3.0950617283950765e-03,pressure:18.4_m:hPa
283,11,2.6557501220703125e+02,-2.2014598540145991e-01,285,286,3.1196867174596021e-03,wind_direction:18.4_m:degrees
284,-2,-2.0000000000000000e+00,-1.2599999999999997e-01,-1,-1,2.4400000000004626e-04,wind_direction:18.4_m:degrees
285,5,7.7299999237060547e+01,-1.7264705882352940e-01,1223,1224,1.5371107266436042e-03,relative_humidity:18.4_m:%
286,5,7.7549999237060547e+01,-2.3582524271844663e-01,765,766,2.6515034404750448e-03,relative_humidity:18.4_m:%
287,11,2.9685501098632812e+02,-1.9909090909090910e-01,1613,1614,1.6809917355371934e-03,wind_direction:18.4_m:degrees
288,0,6.3743043899536133e+01,-2.8980392156862739e-01,289,290,6.7548635140330660e-03,zenith:0_m:degrees
289,3,1.0115499877929688e+03,-4.1999999999999993e-01,773,774,8.9200000000000390e-03,pressure:18.4_m:hPa
290,10,1.4539854049682617e+01,-2.7565217391304347e-01,303,304,4.4767485822306691e-03,wind_speed:18.4_m:m_s-1
291,2,2.8507499694824219e+02,-3.0053571428571429e-01,631,632,3.4550701530612071e-03,water_sfc_temperature:0_m:K
292,0,6.4995426177978516e+01,-3.4799999999999986e-01,717,718,3.7410000000000637e-03,zenith:0_m:degrees
293,8,6.0999999046325684e+00,-2.0372262773722635e-01,467,468,2.3795726996642882e-03,wave_period:0_m:s
294,-2,-2.0000000000000000e+00,-1.0500000000000000e-01,-1,-1,1.0749999999998920e-03,wind_direction:18.4_m:degrees
295,2,2.8287500000000000e+02,-8.5359477124182959e-02,657,658,1.5490537827331455e-03,water_sfc_temperature:0_m:K
296,12,-1.1266205459833145e-01,-1.1131926121372034e-01,335,336,1.8679165419343835e-03,bulk_richardson:18.4_m:none
297,-2,-2.0000000000000000e+00,-2.7199999999999996e-01,-1,-1,2.1600000000002173e-04,wind_direction:18.4_m:degrees
298,4,4.8491818904876709e+00,-1.4519999999999997e-01,977,978,1.9129600000000052e-03,mixing_ratio:18.4_m:g_kg-1
299,-2,-2.0000000000000000e+00,-2.8928571428571426e-01,-1,-1,1.3066326530612321e-03,wind_direction:18.4_m:degrees
300,10,1.5814121246337891e+01,-3.8136363636363629e-01,1355,1356,1.7845041322313848e-03,wind_speed:18.4_m:m_s-1
301,7,6.5000000596046448e-01,-1.7458333333333342e-01,483,484,3.0637152777777225e-03,wave_height:0_m:m
302,9,8.9414062500000000e+01,-2.3266666666666666e-01,1019,1020,2.5195555555556082e-03,angle_between_wind_wave:0_m:degrees
303,5,5.3700000762939453e+01,-2.6977777777777778e-01,605,606,2.9888395061728329e-03,relative_humidity:18.4_m:%
304,-2,-2.0000000000000000e+00,-5.4000000000000004e-01,-1,-1,1.2212453270876722e-15,wind_direction:18.4_m:degrees
305,11,1.0154500198364258e+02,-7.9260450160771670e-02,725,726,1.3238903650706693e-03,wind_direction:18.4_m:degrees
306,2,2.9195500183105469e+02,-1.4933333333333335e-01,1555,1556,1.6595555555556918e-03,water_sfc_temperature:0_m:K
307,-2,-2.0000000000000000e+00,-4.1613110539845451e-03,-1,-1,3.7249711499064386e-04,wind_direction:18.4_m:degrees
308,0,1.3193284606933594e+02,-1.0662344983089092e-02,1315,1316,3.1159624839057512e-04,zenith:0_m:degrees
309,-2,-2.0000000000000000e+00,-1.3833333333333334e-01,-1,-1,4.9722222222222182e-04,wind_direction:18.4_m:degrees
310,2,2.8890000915527344e+02,-2.3120000000000004e-01,703,704,2.8585600000000169e-03,water_sfc_temperature:0_m:K
311,12,-2.8883737511932850e-02,-2.3807692307692310e-01,357,358,3.2586094674556115e-03,bulk_richardson:18.4_m:none
312,9,8.9790863037109375e+01,-2.0719512195121959e-01,313,314,3.9884741225460971e-03,angle_between_wind_wave:0_m:degrees
313,4,9.5779281854629517e-01,-1.8414634146341466e-01,677,678,3.2437834622248488e-03,mixing_ratio:18.4_m:g_kg-1
314,1,8.4306373596191406e+01,-2.3024390243902437e-01,503,504,3.6706722189172730e-03,azimuth:0_m:degrees
315,7,3.3000000715255737e+00,-6.4609375000000013e-01,359,360,5.3206787109374987e-03,wave_height:0_m:m
316,-2,-2.0000000000000000e+00,-9.1000000000000003e-01,-1,-1,5.3290705182007514e-15,wind_direction:18.4_m:degrees
317,1,2.3196630096435547e+02,-4.9309523809523803e-01,321,322,4.6832766439910134e-03,azimuth:0_m:degrees
318,0,8.3274360656738281e+01,-4.4126984126984120e-01,319,320,6.0587049634670820e-03,zenith:0_m:degrees
319,2,2.8329499816894531e+02,-5.1571428571428579e-01,573,574,4.2959183673468848e-03,water_sfc_temperature:0_m:K
320,12,-7.3769690934568644e-03,-4.1999999999999987e-01,419,420,4.5265306122449223e-03,bulk_richardson:18.4_m:none
321,1,3.9651042222976685e+00,-4.7457142857142853e-01,823,824,3.3048163265307628e-03,azimuth:0_m:degrees
322,-2,-2.0000000000000000e+00,-5.8571428571428574e-01,-1,-1,1.2816326530608046e-03,wind_direction:18.4_m:degrees
323,5,5.7150001525878906e+01,-2.4597014925373134e-01,325,326,4.0389841835598503e-03,relative_humidity:18.4_m:%
324,12,-3.7461794912815094e-02,-3.0299999999999999e-01,327,328,5.6809999999998667e-03,bulk_richardson:18.4_m:none
325,9,8.8296302795410156e+01,-2.3350000000000007e-01,571,572,2.8594166666666351e-03,angle_between_wind_wave:0_m:degrees
326,-2,-2.0000000000000000e+00,-3.5285714285714287e-01,-1,-1,1.3918367346941046e-03,wind_direction:18.4_m:degrees
327,10,1.2876027584075928e+01,-3.3043478260869563e-01,701,702,4.0041587901701731e-03,wind_speed:18.4_m:m_s-1
328,-2,-2.0000000000000000e+00,-2.1285714285714286e-01,-1,-1,5.9183673469385967e-04,wind_direction:18.4_m:degrees
329,4,1.5695897340774536e+00,-1.7750000000000002e-01,565,566,2.9142045454545462e-03,mixing_ratio:18.4_m:g_kg-1
330,5,3.5099998474121094e+01,-1.2888888888888891e-01,695,696,1.8765432098765307e-03,relative_humidity:18.4_m:%
331,1,3.0772328376770020e+01,-3.6000000000000004e-01,1947,1948,2.4399999999999700e-03,azimuth:0_m:degrees
332,-2,-2.0000000000000000e+00,-1.9600000000000001e-01,-1,-1,8.6399999999999672e-04,wind_direction:18.4_m:degrees
333,-2,-2.0000000000000000e+00,-4.0999999999999998e-01,-1,-1,0.0000000000000000e+00,wind_direction:18.4_m:degrees
334,12,-9.2429120093584061e-02,-2.2445783132530123e-01,543,544,4.1789229205980577e-03,bulk_richardson:18.4_m:none
335,11,3.0763000488281250e+02,-1.3276190476190472e-01,415,416,2.5704671201814168e-03,wind_direction:18.4_m:degrees
336,12,-1.4455341733992100e-02,-1.0310218978102184e-01,817,818,1.3549749587084964e-03,bulk_richardson:18.4_m:none
337,1,2.2040882110595703e+02,7.7499999999999999e-02,739,740,4.2437500000000001e-03,azimuth:0_m:degrees
338,2,2.7183000183105469e+02,-1.3828828828828776e-02,471,472,8.5642115088060619e-04,water_sfc_temperature:0_m:K
339,3,1.0136999816894531e+03,-5.5183673469387762e-01,341,342,6.6680549770929964e-03,pressure:18.4_m:hPa
340,12,-3.3772932365536690e-02,-4.5888888888888890e-01,593,594,6.6320987654312769e-03,bulk_richardson:18.4_m:none
341,4,2.1187034845352173e+00,-5.2147058823529413e-01,611,612,4.4419550173009914e-03,mixing_ratio:18.4_m:g_kg-1
342,5,4.3149999618530273e+01,-6.2066666666666670e-01,347,348,4.8862222222224028e-03,relative_humidity:18.4_m:%
343,1,1.4224757385253906e+02,-1.8832298136645967e-01,393,394,3.7158211488753992e-03,azimuth:0_m:degrees
344,7,1.1500000357627869e+00,-1.5565656565656569e-01,345,346,2.9740638710335499e-03,wave_height:0_m:m
345,11,3.1810499572753906e+02,-1.2340909090909093e-01,1077,1078,2.2815599173553660e-03,wind_direction:18.4_m:degrees
346,1,6.1194694519042969e+01,-1.8145454545454542e-01,1065,1066,2.0306115702479061e-03,azimuth:0_m:degrees
347,-2,-2.0000000000000000e+00,-6.7444444444444440e-01,-1,-1,7.5802469135793915e-04,wind_direction:18.4_m:degrees
348,-2,-2.0000000000000000e+00,-5.3999999999999992e-01,-1,-1,2.3333333333336315e-04,wind_direction:18.4_m:degrees
349,10,1.6177019119262695e+01,-2.8623188405797106e-01,533,534,2.5191346355807887e-03,wind_speed:18.4_m:m_s-1
350,-2,-2.0000000000000000e+00,-2.9999999999999999e-02,-1,-1,-1.2775154198396699e-15,wind_direction:18.4_m:degrees
351,11,2.9803500366210938e+02,-2.9249999999999998e-01,981,982,7.5187500000000046e-03,wind_direction:18.4_m:degrees
352,4,1.3113402128219604e+00,-1.6515151515151519e-01,353,354,3.3280073461891754e-03,mixing_ratio:18.4_m:g_kg-1
353,11,2.9671499633789062e+02,-2.0277777777777781e-01,619,620,2.7348765432098771e-03,wind_direction:18.4_m:degrees
354,1,1.1384259796142578e+02,-1.5778985507246379e-01,355,356,3.1128688825876882e-03,azimuth:0_m:degrees
355,0,1.5223921966552734e+02,-1.7636363636363642e-01,649,650,2.9292011019283540e-03,zenith:0_m:degrees
356,9,8.9223827362060547e+01,-1.4076388888888891e-01,579,580,2.6751109182098810e-03,angle_between_wind_wave:0_m:degrees
357,3,1.0138999938964844e+03,-2.5649350649350650e-01,539,540,3.3864058019902055e-03,pressure:18.4_m:hPa
358,2,2.8357000732421875e+02,-2.1132075471698114e-01,733,734,1.8642933428266312e-03,water_sfc_temperature:0_m:K
359,10,1.8581370353698730e+01,-6.5177419354838695e-01,361,362,4.4597554630590452e-03,wind_speed:18.4_m:m_s-1
360,-2,-2.0000000000000000e+00,-4.6999999999999997e-01,-1,-1,-2.1649348980190553e-15,wind_direction:18.4_m:degrees
361,12,-9.3184295110404491e-03,-6.5766666666666651e-01,745,746,3.3912222222223787e-03,bulk_richardson:18.4_m:none
362,-2,-2.0000000000000000e+00,-4.7499999999999998e-01,-1,-1,4.2250000000028098e-03,wind_direction:18.4_m:degrees
363,11,3.2641500854492188e+02,-1.3790000000000002e-01,429,430,2.5545899999999469e-03,wind_direction:18.4_m:degrees
364,6,1.7350000000000000e+02,-1.0962406015037593e-01,1033,1034,1.5073774662219853e-03,wave_direction:0_m:degrees
365,-2,-2.0000000000000000e+00,-4.4000000000000000e-01,-1,-1,0.0000000000000000e+00,wind_direction:18.4_m:degrees
366,11,2.5530500030517578e+02,-7.0000000000000007e-01,545,546,5.7764705882350498e-03,wind_direction:18.4_m:degrees
367,9,8.8232078552246094e+01,-5.5027777777777764e-01,863,864,2.3082561728399176e-03,angle_between_wind_wave:0_m:degrees
368,9,8.9135669708251953e+01,-6.1500000000000010e-01,451,452,7.5403846153840326e-03,angle_between_wind_wave:0_m:degrees
369,5,8.3149997711181641e+01,-4.2423038728897709e-02,709,710,4.0644268669463011e-04,relative_humidity:18.4_m:%
370,-2,-2.0000000000000000e+00,-2.2000000000000000e-01,-1,-1,1.1657341758564144e-15,wind_direction:18.4_m:degrees
371,2,2.7381500244140625e+02,-1.2052032520325211e-01,525,526,1.4371276356665765e-03,water_sfc_temperature:0_m:K
372,6,1.9400000000000000e+02,5.0000000000000044e-03,1381,1382,4.2249999999989865e-03,wave_direction:0_m:degrees
373,7,1.3499999642372131e+00,-3.8358974358974368e-01,377,378,3.3460880999343079e-03,wave_height:0_m:m
374,1,1.8899045562744141e+02,-4.7111111111111115e-01,375,376,1.0276543209876171e-02,azimuth:0_m:degrees
375,-2,-2.0000000000000000e+00,-4.3625000000000003e-01,-1,-1,6.2343749999996256e-04,wind_direction:18.4_m:degrees
376,-2,-2.0000000000000000e+00,-7.5000000000000000e-01,-1,-1,4.4408920985006262e-16,wind_direction:18.4_m:degrees
377,10,1.3189200401306152e+01,-4.2874999999999996e-01,1237,1238,1.7442708333333667e-03,wind_speed:18.4_m:m_s-1
378,10,1.2933934211730957e+01,-3.6351851851851857e-01,635,636,2.7487311385459012e-03,wind_speed:18.4_m:m_s-1
379,3,1.0140499877929688e+03,-6.5142118863049089e-02,845,846,7.5521236036829673e-04,pressure:18.4_m:hPa
380,10,7.9559004306793213e+00,-4.5918367346938736e-02,1045,1046,3.9830626128003902e-04,wind_speed:18.4_m:m_s-1
381,9,8.8920661926269531e+01,-2.6461538461538459e-01,1327,1328,2.5325443786982510e-03,angle_between_wind_wave:0_m:degrees
382,1,3.3585900878906250e+02,-3.7000000000000000e-01,747,748,5.6857142857141829e-03,azimuth:0_m:degrees
383,8,4.3500001430511475e+00,-2.0533333333333337e-01,431,432,3.8088888888888894e-03,wave_period:0_m:s
384,6,2.3550000000000000e+02,-1.5363636363636368e-01,385,386,3.7685950413222924e-03,wave_direction:0_m:degrees
385,-2,-2.0000000000000000e+00,-2.0733333333333334e-01,-1,-1,2.0622222222221182e-04,wind_direction:18.4_m:degrees
386,0,6.6113628387451172e+01,-1.0888888888888888e-01,1605,1606,2.3320987654320800e-03,zenith:0_m:degrees
387,-2,-2.0000000000000000e+00,-1.7999999999999999e-01,-1,-1,0.0000000000000000e+00,wind_direction:18.4_m:degrees
388,2,2.7482000732421875e+02,-3.6466666666666669e-01,1251,1252,3.4515555555555411e-03,water_sfc_temperature:0_m:K
389,12,-1.5173471067100763e-02,-1.5312954876273741e-02,609,610,3.5404325284074553e-04,bulk_richardson:18.4_m:none
390,12,-2.1558891981840134e-02,-2.1264019399818319e-02,623,624,3.5908731103446068e-04,bulk_richardson:18.4_m:none
391,9,8.8909549713134766e+01,-5.3153846153846152e-01,563,564,6.5053254437870134e-03,angle_between_wind_wave:0_m:degrees
392,-2,-2.0000000000000000e+00,-6.6250000000000009e-01,-1,-1,1.0187500000007899e-03,wind_direction:18.4_m:degrees
393,3,1.0083000183105469e+03,-2.1258064516129041e-01,497,498,2.3191467221643780e-03,pressure:18.4_m:hPa
394,7,1.8499999642372131e+00,-1.7313131313131311e-01,509,510,3.9912049790837741e-03,wave_height:0_m:m
395,-2,-2.0000000000000000e+00,-6.1499999999999999e-01,-1,-1,1.2250000000000316e-03,wind_direction:18.4_m:degrees
396,5,6.0800001144409180e+01,-4.4174603174603183e-01,413,414,4.4302847064751905e-03,relative_humidity:18.4_m:%
397,-2,-2.0000000000000000e+00,-5.3000000000000003e-01,-1,-1,0.0000000000000000e+00,wind_direction:18.4_m:degrees
398,12,-2.6288269087672234e-02,-2.8529411764705881e-01,409,410,6.1896193771626279e-03,bulk_richardson:18.4_m:none
399,10,9.3302459716796875e+00,-5.0131926121371968e-02,1001,1002,4.9101161924520326e-04,wind_speed:18.4_m:m_s-1
400,12,1.2330374214798212e-02,-2.1910112359550562e-02,401,402,2.5502840550435378e-03,bulk_richardson:18.4_m:none
401,-2,-2.0000000000000000e+00,3.3000000000000002e-01,-1,-1,0.0000000000000000e+00,wind_direction:18.4_m:degrees
402,-2,-2.0000000000000000e+00,-2.5909090909090916e-02,-1,-1,1.1559917355371916e-03,wind_direction:18.4_m:degrees
403,7,1.0500000119209290e+00,-1.8703703703703703e-01,639,640,2.7764060356652992e-03,wave_height:0_m:m
404,5,5.2050001144409180e+01,-2.7000000000000002e-01,1815,1816,3.3499999999999919e-03,relative_humidity:18.4_m:%
405,12,-2.3086370527744293e-01,-4.9157212317666094e-02,423,424,1.6417532421477998e-03,bulk_richardson:18.4_m:none
406,-2,-2.0000000000000000e+00,-3.9999999999999996e-04,-1,-1,8.8383999999991142e-04,wind_direction:18.4_m:degrees
407,-2,-2.0000000000000000e+00,-3.9714285714285713e-01,-1,-1,1.9183673469375107e-04,wind_direction:18.4_m:degrees
408,-2,-2.0000000000000000e+00,-2.9555555555555552e-01,-1,-1,5.8024691358035674e-04,wind_direction:18.4_m:degrees
409,10,1.3315512180328369e+01,-3.0206896551724138e-01,627,628,5.1198573127229918e-03,wind_speed:18.4_m:m_s-1
410,-2,-2.0000000000000000e+00,-1.8800000000000000e-01,-1,-1,1.2959999999999083e-03,wind_direction:18.4_m:degrees
411,-2,-2.0000000000000000e+00,-2.0500000000000002e-01,-1,-1,6.7499999999999505e-04,wind_direction:18.4_m:degrees
412,10,1.3831417083740234e+01,-3.2499999999999996e-01,567,568,3.6209183673469592e-03,wind_speed:18.4_m:m_s-1
413,5,5.5800001144409180e+01,-4.2591836734693878e-01,1011,1012,3.6486463973343097e-03,relative_humidity:18.4_m:%
414,8,6.2000000476837158e+00,-4.9714285714285716e-01,795,796,3.2204081632656867e-03,wave_period:0_m:s
415,1,1.0798843383789062e+02,-1.7565217391304347e-01,529,530,2.8332703213610651e-03,azimuth:0_m:degrees
416,12,-1.1311264336109161e-01,-1.2073170731707315e-01,949,950,1.8360499702558160e-03,bulk_richardson:18.4_m:none
417,3,9.9779998779296875e+02,-2.7000000000000002e-01,1181,1182,3.1999999999999945e-03,pressure:18.4_m:hPa
418,-2,-2.0000000000000000e+00,-5.2000000000000002e-01,-1,-1,5.5511151231257827e-17,wind_direction:18.4_m:degrees
419,12,-1.0730392765253782e-02,-3.7666666666666676e-01,1517,1518,4.0444444444443506e-03,bulk_richardson:18.4_m:none
420,2,2.8278500366210938e+02,-4.4516129032258067e-01,527,528,3.0830385015610251e-03,water_sfc_temperature:0_m:K
421,9,8.9778472900390625e+01,-1.4199999999999999e-01,1305,1306,3.1359999999999999e-03,angle_between_wind_wave:0_m:degrees
422,-2,-2.0000000000000000e+00,-2.3600000000000002e-01,-1,-1,7.8399999999997222e-04,wind_direction:18.4_m:degrees
423,0,7.5673797607421875e+01,-6.7857142857142864e-03,889,890,1.6503826530612244e-03,zenith:0_m:degrees
424,10,6.6042919158935547e+00,-5.1171477079796232e-02,553,554,1.5519383375465949e-03,wind_speed:18.4_m:m_s-1
425,12,2.0612016087397933e-03,-1.3187499999999999e-01,1391,1392,1.6152343749999999e-03,bulk_richardson:18.4_m:none
426,9,8.9813568115234375e+01,-7.3814102564102563e-02,1055,1056,8.7743980111769024e-04,angle_between_wind_wave:0_m:degrees
427,4,4.4126379489898682e+00,-5.8316831683168299e-02,913,914,9.8033526124889983e-04,mixing_ratio:18.4_m:g_kg-1
428,10,9.0371646881103516e+00,-8.3174603174603096e-02,455,456,8.2722348198541185e-04,wind_speed:18.4_m:m_s-1
429,0,7.7143398284912109e+01,-1.5203539823008846e-01,781,782,2.6002819328060124e-03,zenith:0_m:degrees
430,1,1.1317879486083984e+02,-1.1954022988505746e-01,1091,1092,1.8986391861540320e-03,azimuth:0_m:degrees
431,6,2.4850000000000000e+02,-2.3342857142857143e-01,877,878,3.0739591836734664e-03,wave_direction:0_m:degrees
432,0,6.9243518829345703e+01,-1.8075000000000002e-01,523,524,3.1569374999999775e-03,zenith:0_m:degrees
433,11,1.9870999908447266e+02,-9.5377008652657538e-02,435,436,1.1845612019294738e-03,wind_direction:18.4_m:degrees
434,4,9.7159967422485352e+00,-1.1586206896551722e-01,743,744,1.1290844233056065e-03,mixing_ratio:18.4_m:g_kg-1
435,11,1.1595000076293945e+02,-1.1079646017699110e-01,457,458,1.3179497219829358e-03,wind_direction:18.4_m:degrees
436,3,9.9864999389648438e+02,-8.9399656946826736e-02,761,762,1.0049569124037649e-03,pressure:18.4_m:hPa
437,-2,-2.0000000000000000e+00,-1.8899999999999997e-01,-1,-1,8.2900000000001722e-04,wind_direction:18.4_m:degrees
438,9,8.7663757324218750e+01,-2.5022727272727274e-01,499,500,4.7431301652892111e-03,angle_between_wind_wave:0_m:degrees
439,4,1.3076890110969543e+00,-1.6230769230769229e-01,1121,1122,2.0177514792899427e-03,mixing_ratio:18.4_m:g_kg-1
440,1,9.2314777374267578e+01,-9.5673076923076916e-02,603,604,1.8380085059171575e-03,azimuth:0_m:degrees
441,6,2.4000000000000000e+02,-1.2825242718446606e-01,465,466,1.9037421057592242e-03,wave_direction:0_m:degrees
442,4,3.1166676282882690e+00,-1.6373134328358213e-01,685,686,2.0084651370015499e-03,mixing_ratio:18.4_m:g_kg-1
443,12,-1.6772951930761337e-02,-4.1254237288135598e-01,447,448,6.2901465096234788e-03,bulk_richardson:18.4_m:none
444,6,2.4300000000000000e+02,-3.6767441860465111e-01,445,446,5.1806381828015391e-03,wave_direction:0_m:degrees
445,6,2.3350000000000000e+02,-3.5878048780487798e-01,1037,1038,3.7326591314693902e-03,wave_direction:0_m:degrees
446,-2,-2.0000000000000000e+00,-5.5000000000000004e-01,-1,-1,3.8857805861880479e-16,wind_direction:18.4_m:degrees
447,-2,-2.0000000000000000e+00,-3.3875000000000000e-01,-1,-1,9.6093749999999478e-04,wind_direction:18.4_m:degrees
448,3,1.0070499877929688e+03,-4.2411764705882360e-01,559,560,6.1379469434832135e-03,pressure:18.4_m:hPa
449,4,7.0182983875274658e+00,-6.0223880597014917e-02,1581,1582,7.8800957897080673e-04,mixing_ratio:18.4_m:g_kg-1
450,-2,-2.0000000000000000e+00,-3.9909090909090880e-02,-1,-1,4.5362809917355541e-04,wind_direction:18.4_m:degrees
451,12,-5.8915738482028246e-03,-6.8714285714285706e-01,453,454,1.0877551020408327e-02,bulk_richardson:18.4_m:none
452,7,4.2999999523162842e+00,-5.8842105263157896e-01,507,508,3.6869806094182445e-03,wave_height:0_m:m
453,-2,-2.0000000000000000e+00,-8.2499999999999996e-01,-1,-1,2.0250000000000545e-03,wind_direction:18.4_m:degrees
454,0,1.1303163528442383e+02,-6.3200000000000001e-01,1501,1502,3.7760000000001126e-03,zenith:0_m:degrees
455,-2,-2.0000000000000000e+00,-6.6740740740740725e-02,-1,-1,3.9530315500686287e-04,wind_direction:18.4_m:degrees
456,2,2.9155500793457031e+02,-8.9186991869918672e-02,1317,1318,8.5028752726555405e-04,water_sfc_temperature:0_m:K
457,-2,-2.0000000000000000e+00,-4.2000000000000003e-02,-1,-1,4.9599999999999970e-04,wind_direction:18.4_m:degrees
458,12,7.4838392902165651e-04,-1.1398148148148145e-01,459,460,1.1267403978052239e-03,bulk_richardson:18.4_m:none
459,-2,-2.0000000000000000e+00,-1.3091836734693876e-01,-1,-1,9.6548313202831845e-04,wind_direction:18.4_m:degrees
460,6,1.9250000000000000e+02,-9.9915254237288129e-02,1287,1288,8.2456908934216110e-04,wave_direction:0_m:degrees
461,11,3.1486000061035156e+02,-7.5474777448071240e-02,463,464,1.2485134587783596e-03,wind_direction:18.4_m:degrees
462,10,7.3129541873931885e+00,-5.8508771929824538e-02,659,660,8.9514465989535587e-04,wind_speed:18.4_m:m_s-1
463,10,6.2594230175018311e+00,-8.9460784313725478e-02,551,552,1.1972582660515173e-03,wind_speed:18.4_m:m_s-1
464,5,6.2350000381469727e+01,-6.9404255319148886e-02,905,906,1.1490067904028822e-03,relative_humidity:18.4_m:%
465,7,7.5000000000000000e-01,-1.2032967032967035e-01,1429,1430,1.2537374713198768e-03,wave_height:0_m:m
466,10,1.1630796909332275e+01,-1.8833333333333332e-01,1587,1588,2.7472222222221510e-03,wind_speed:18.4_m:m_s-1
467,3,1.0218500061035156e+03,-2.0089552238805983e-01,777,778,2.0678547560703670e-03,pressure:18.4_m:hPa
468,-2,-2.0000000000000000e+00,-3.3000000000000002e-01,-1,-1,-3.1918911957973251e-16,wind_direction:18.4_m:degrees
469,9,9.0039131164550781e+01,-5.1909090909090916e-01,1883,1884,1.3900826446280323e-03,angle_between_wind_wave:0_m:degrees
470,-2,-2.0000000000000000e+00,-3.9000000000000001e-01,-1,-1,8.9999999999992863e-04,wind_direction:18.4_m:degrees
471,-2,-2.0000000000000000e+00,-1.7000000000000001e-01,-1,-1,0.0000000000000000e+00,wind_direction:18.4_m:degrees
472,10,2.6920992136001587e+00,-1.3546931407942168e-02,473,474,8.1386332090864965e-04,wind_speed:18.4_m:m_s-1
473,8,5.9500000476837158e+00,-5.3181818181818183e-03,1021,1022,7.3308057851239651e-04,wave_period:0_m:s
474,3,1.0356499633789062e+03,-1.8967065868263418e-02,629,630,7.9309472372619838e-04,pressure:18.4_m:hPa
475,-2,-2.0000000000000000e+00,-8.7749999999999995e-01,-1,-1,8.6875000000008473e-04,wind_direction:18.4_m:degrees
476,7,1.9499999880790710e+00,-7.5782608695652176e-01,661,662,3.7561436672967075e-03,wave_height:0_m:m
477,-2,-2.0000000000000000e+00,-4.4000000000000000e-01,-1,-1,2.7000000000000079e-03,wind_direction:18.4_m:degrees
478,2,2.9073500061035156e+02,-3.2604166666666662e-01,621,622,4.3197482638888951e-03,water_sfc_temperature:0_m:K
479,5,4.8750000000000000e+01,-3.4000000000000002e-01,903,904,2.2124999999999784e-03,relative_humidity:18.4_m:%
480,-2,-2.0000000000000000e+00,-2.0333333333333334e-01,-1,-1,5.5555555555548281e-04,wind_direction:18.4_m:degrees
481,-2,-2.0000000000000000e+00,2.0000000000000000e-02,-1,-1,9.9999999999999991e-05,wind_direction:18.4_m:degrees
482,1,1.5435416412353516e+02,-9.0317460317460324e-02,683,684,2.2364071554547716e-03,azimuth:0_m:degrees
483,-2,-2.0000000000000000e+00,-2.7999999999999997e-01,-1,-1,2.7000000000000218e-03,wind_direction:18.4_m:degrees
484,3,1.0265000000000000e+03,-1.6838235294117646e-01,819,820,2.3929714532871516e-03,pressure:18.4_m:hPa
485,-2,-2.0000000000000000e+00,-4.3500000000000000e-01,-1,-1,3.0249999999999722e-03,wind_direction:18.4_m:degrees
486,5,9.7350002288818359e+01,-2.7076923076923076e-01,531,532,4.4532544378698413e-03,relative_humidity:18.4_m:%
487,7,1.3499999642372131e+00,-1.5558441558441560e-01,489,490,7.5363467701129970e-03,wave_height:0_m:m
488,5,8.6650001525878906e+01,-1.2426229508196722e-01,815,816,1.5605213652243998e-03,relative_humidity:18.4_m:%
489,-2,-2.0000000000000000e+00,-1.0708333333333335e-01,-1,-1,4.4565972222221882e-04,wind_direction:18.4_m:degrees
490,7,1.4499999880790710e+00,-1.7754716981132077e-01,491,492,9.1996440014239927e-03,wave_height:0_m:m
491,11,1.4429499816894531e+02,-2.3583333333333334e-01,493,494,3.3040972222222215e-02,wind_direction:18.4_m:degrees
492,10,1.1955571651458740e+01,-1.6048780487804881e-01,1359,1360,9.3634741225460602e-04,wind_speed:18.4_m:m_s-1
493,11,1.2099499893188477e+02,-4.6999999999999997e-01,495,496,1.2249999999999994e-01,wind_direction:18.4_m:degrees
494,12,-1.3096813927404583e-03,-1.8900000000000000e-01,1325,1326,1.9889999999999977e-03,bulk_richardson:18.4_m:none
495,-2,-2.0000000000000000e+00,-1.2000000000000000e-01,-1,-1,0.0000000000000000e+00,wind_direction:18.4_m:degrees
496,-2,-2.0000000000000000e+00,-8.1999999999999995e-01,-1,-1,0.0000000000000000e+00,wind_direction:18.4_m:degrees
497,-2,-2.0000000000000000e+00,-2.4172413793103451e-01,-1,-1,1.3728894173603012e-03,wind_direction:18.4_m:degrees
498,12,-1.8085266463458538e-02,-1.8696969696969701e-01,1615,1616,1.7483930211202384e-03,bulk_richardson:18.4_m:none
499,-2,-2.0000000000000000e+00,-3.6999999999999994e-01,-1,-1,2.7755575615628914e-17,wind_direction:18.4_m:degrees
500,1,1.0761561584472656e+02,-2.4146341463414631e-01,855,856,3.9637120761451539e-03,azimuth:0_m:degrees
501,12,-1.8460197374224663e-02,-4.5136363636363641e-01,693,694,3.8208677685951375e-03,bulk_richardson:18.4_m:none
502,-2,-2.0000000000000000e+00,-6.1000000000000010e-01,-1,-1,3.5999999999997701e-03,wind_direction:18.4_m:degrees
503,1,7.6019119262695312e+01,-1.8850000000000003e-01,1747,1748,1.7127499999999990e-03,azimuth:0_m:degrees
504,12,-4.9505507704452612e-03,-2.4370967741935487e-01,697,698,3.5588189386056082e-03,bulk_richardson:18.4_m:none
505,10,8.5511226654052734e+00,-4.4712643678160927e-02,1009,1010,9.0997489760866581e-04,wind_speed:18.4_m:m_s-1
506,10,8.5094032287597656e+00,-7.3971631205673752e-02,1527,1528,9.5160203209095334e-04,wind_speed:18.4_m:m_s-1
507,2,2.8735499572753906e+02,-6.0000000000000009e-01,1865,1866,1.3444444444444814e-03,water_sfc_temperature:0_m:K
508,-2,-2.0000000000000000e+00,-3.8000000000000000e-01,-1,-1,-4.9960036108132044e-16,wind_direction:18.4_m:degrees
509,10,1.0811690807342529e+01,-1.8033707865168536e-01,511,512,3.8302234566342727e-03,wind_speed:18.4_m:m_s-1
510,-2,-2.0000000000000000e+00,-1.0900000000000001e-01,-1,-1,8.4900000000013263e-04,wind_direction:18.4_m:degrees
511,12,-6.0076354071497917e-02,-1.5375000000000000e-01,1471,1472,2.3684375000000008e-03,bulk_richardson:18.4_m:none
512,0,5.5079553604125977e+01,-2.0204081632653065e-01,731,732,3.9754269054560823e-03,zenith:0_m:degrees
513,5,4.6500000000000000e+01,-2.9499999999999993e-01,641,642,2.7881578947368951e-03,relative_humidity:18.4_m:%
514,7,8.4999999403953552e-01,-3.4593749999999995e-01,515,516,8.2866210937498769e-03,wave_height:0_m:m
515,-2,-2.0000000000000000e+00,-1.9999999999999998e-01,-1,-1,1.9999999999999879e-04,wind_direction:18.4_m:degrees
516,10,1.2857525825500488e+01,-3.6103448275862071e-01,575,576,6.6920332936980242e-03,wind_speed:18.4_m:m_s-1
517,12,-8.6830700747668743e-03,-3.1437500000000002e-01,931,932,2.8183593749999680e-03,bulk_richardson:18.4_m:none
518,-2,-2.0000000000000000e+00,-2.2000000000000000e-01,-1,-1,1.3333333333334571e-03,wind_direction:18.4_m:degrees
519,-2,-2.0000000000000000e+00,-1.4040000000000000e-01,-1,-1,1.2678400000000027e-03,wind_direction:18.4_m:degrees
520,7,1.7500000000000000e+00,-1.8764705882352944e-01,521,522,2.4042675893886575e-03,wave_height:0_m:m
521,9,8.7731006622314453e+01,-1.7064516129032259e-01,791,792,2.0060353798126672e-03,angle_between_wind_wave:0_m:degrees
522,2,2.8107499694824219e+02,-2.1400000000000005e-01,705,706,1.8789999999999779e-03,water_sfc_temperature:0_m:K
523,5,5.3450000762939453e+01,-1.1888888888888888e-01,1427,1428,2.6765432098765484e-03,relative_humidity:18.4_m:%
524,10,1.1529903888702393e+01,-1.9870967741935489e-01,1119,1120,1.8628511966701580e-03,wind_speed:18.4_m:m_s-1
525,-2,-2.0000000000000000e+00,-4.1428571428571433e-02,-1,-1,6.9387755102040538e-05,wind_direction:18.4_m:degrees
526,5,9.8700000762939453e+01,-1.2143092105263167e-01,653,654,1.3800248333621819e-03,relative_humidity:18.4_m:%
527,3,9.9775000000000000e+02,-3.8124999999999998e-01,1333,1334,3.0359375000000299e-03,pressure:18.4_m:hPa
528,7,3.1000000238418579e+00,-4.6739130434782611e-01,1723,1724,1.1844990548204037e-03,wave_height:0_m:m
529,10,8.0732977390289307e+00,-2.3000000000000004e-01,1629,1630,1.9777777777777589e-03,wind_speed:18.4_m:m_s-1
530,-2,-2.0000000000000000e+00,-1.4071428571428574e-01,-1,-1,2.6377551020408813e-04,wind_direction:18.4_m:degrees
531,5,9.4450000762939453e+01,-2.9545454545454547e-01,1915,1916,1.2975206611570006e-03,relative_humidity:18.4_m:%
532,-2,-2.0000000000000000e+00,-1.3500000000000001e-01,-1,-1,2.4999999999986838e-05,wind_direction:18.4_m:degrees
533,1,2.2506489753723145e+01,-2.7921875000000002e-01,615,616,1.9822021484374730e-03,azimuth:0_m:degrees
534,-2,-2.0000000000000000e+00,-3.7600000000000006e-01,-1,-1,7.0399999999978813e-04,wind_direction:18.4_m:degrees
535,9,8.9480743408203125e+01,-5.1428571428571414e-02,1353,1354,6.3469387755102141e-04,angle_between_wind_wave:0_m:degrees
536,6,2.1850000000000000e+02,-6.9356321839080443e-02,681,682,1.1738385519883838e-03,wave_direction:0_m:degrees
537,5,7.7650001525878906e+01,-1.6342857142857137e-01,1611,1612,1.4682448979592005e-03,relative_humidity:18.4_m:%
538,12,-3.0442247167229652e-02,-1.2237113402061853e-01,883,884,1.3830375172706969e-03,bulk_richardson:18.4_m:none
539,11,2.8730999755859375e+02,-2.7089285714285716e-01,1645,1646,2.4795599489796233e-03,wind_direction:18.4_m:degrees
540,9,8.8277725219726562e+01,-2.1809523809523809e-01,541,542,3.7773242630383813e-03,angle_between_wind_wave:0_m:degrees
541,3,1.0146000061035156e+03,-1.8230769230769231e-01,1535,1536,2.0639053254437947e-03,pressure:18.4_m:hPa
542,-2,-2.0000000000000000e+00,-2.7625000000000000e-01,-1,-1,1.0984374999999935e-03,wind_direction:18.4_m:degrees
543,-2,-2.0000000000000000e+00,-1.4333333333333334e-01,-1,-1,4.8888888888888940e-04,wind_direction:18.4_m:degrees
544,6,2.2650000000000000e+02,-2.3077922077922078e-01,597,598,3.9136785292629220e-03,wave_direction:0_m:degrees
545,-2,-2.0000000000000000e+00,-6.0999999999999999e-01,-1,-1,0.0000000000000000e+00,wind_direction:18.4_m:degrees
546,11,2.5607500457763672e+02,-7.2769230769230775e-01,723,724,4.2946745562129074e-03,wind_direction:18.4_m:degrees
547,-2,-2.0000000000000000e+00,-5.2500000000000002e-01,-1,-1,2.2500000000003073e-04,wind_direction:18.4_m:degrees
548,-2,-2.0000000000000000e+00,-6.9000000000000006e-01,-1,-1,1.2571428571427901e-03,wind_direction:18.4_m:degrees
549,11,3.5225000000000000e+02,-1.5549076773566511e-02,1047,1048,6.5016012791344589e-04,wind_direction:18.4_m:degrees
550,-2,-2.0000000000000000e+00,1.3000000000000000e-01,-1,-1,3.3306690738754696e-16,wind_direction:18.4_m:degrees
551,7,7.5000000000000000e-01,-7.1728395061728387e-02,829,830,7.5256820606615059e-04,wave_height:0_m:m
552,5,7.2299999237060547e+01,-1.0113821138211383e-01,809,810,1.1466719545244215e-03,relative_humidity:18.4_m:%
553,5,6.9750000000000000e+01,-3.9905660377358480e-02,1029,1030,1.4179156283374884e-03,relative_humidity:18.4_m:%
554,11,3.4716000366210938e+02,-5.7506631299734726e-02,555,556,1.5157990276439071e-03,wind_direction:18.4_m:degrees
555,0,6.0769111633300781e+01,-5.4917582417582343e-02,613,614,1.1986195809684796e-03,zenith:0_m:degrees
556,0,5.4752655029296875e+01,-1.3000000000000000e-01,557,558,4.9538461538461628e-03,zenith:0_m:degrees
557,-2,-2.0000000000000000e+00,-2.3999999999999999e-01,-1,-1,-6.9388939039072284e-18,wind_direction:18.4_m:degrees
558,9,9.0152423858642578e+01,-9.7000000000000003e-02,1937,1938,1.7209999999999968e-03,angle_between_wind_wave:0_m:degrees
559,2,2.8418499755859375e+02,-4.1574468085106381e-01,561,562,5.6882752376640755e-03,water_sfc_temperature:0_m:K
560,-2,-2.0000000000000000e+00,-5.2249999999999996e-01,-1,-1,9.1875000000024576e-04,wind_direction:18.4_m:degrees
561,0,6.4664730072021484e+01,-4.0099999999999991e-01,625,626,4.2590000000000683e-03,zenith:0_m:degrees
562,7,2.1499999761581421e+00,-5.0000000000000000e-01,1145,1146,5.5142857142852497e-03,wave_height:0_m:m
563,12,-3.9041556883603334e-03,-5.6857142857142851e-01,759,760,4.7122448979593501e-03,bulk_richardson:18.4_m:none
564,6,2.2450000000000000e+02,-4.8833333333333334e-01,637,638,5.1305555555554994e-03,wave_direction:0_m:degrees
565,6,2.3700000000000000e+02,-1.5428571428571428e-01,1137,1138,2.1316326530612280e-03,wave_direction:0_m:degrees
566,10,8.9710588455200195e+00,-2.1812500000000004e-01,1155,1156,1.6902343749999535e-03,wind_speed:18.4_m:m_s-1
567,3,1.0141499938964844e+03,-3.1626506024096379e-01,771,772,2.7727972129482636e-03,pressure:18.4_m:hPa
568,8,5.3499999046325684e+00,-3.7333333333333329e-01,569,570,5.5555555555551472e-03,wave_period:0_m:s
569,-2,-2.0000000000000000e+00,-4.6166666666666667e-01,-1,-1,4.1388888888888031e-04,wind_direction:18.4_m:degrees
570,-2,-2.0000000000000000e+00,-3.1444444444444447e-01,-1,-1,3.1358024691360842e-04,wind_direction:18.4_m:degrees
571,-2,-2.0000000000000000e+00,-1.9000000000000000e-01,-1,-1,6.7500000000000199e-04,wind_direction:18.4_m:degrees
572,9,8.9603443145751953e+01,-2.4931818181818191e-01,887,888,2.7154442148760033e-03,angle_between_wind_wave:0_m:degrees
573,-2,-2.0000000000000000e+00,-5.5000000000000004e-01,-1,-1,9.5999999999990537e-04,wind_direction:18.4_m:degrees
574,-2,-2.0000000000000000e+00,-4.3000000000000005e-01,-1,-1,2.3500000000001853e-03,wind_direction:18.4_m:degrees
575,7,9.4999998807907104e-01,-3.5392857142857143e-01,943,944,5.4667091836734516e-03,wave_height:0_m:m
576,-2,-2.0000000000000000e+00,-5.6000000000000005e-01,-1,-1,4.4408920985006262e-16,wind_direction:18.4_m:degrees
577,-2,-2.0000000000000000e+00,-2.9999999999999999e-02,-1,-1,0.0000000000000000e+00,wind_direction:18.4_m:degrees
578,2,2.7550000000000000e+02,-2.4199999999999999e-01,2025,2026,1.5359999999999818e-03,water_sfc_temperature:0_m:K
579,6,1.9600000000000000e+02,-1.1545454545454548e-01,923,924,1.6747933884297510e-03,wave_direction:0_m:degrees
580,12,3.6965603940188885e-03,-1.5190000000000001e-01,769,770,2.7093899999999956e-03,bulk_richardson:18.4_m:none
581,4,1.1053254127502441e+01,-3.5322164948453555e-02,1871,1872,4.2876218912742798e-04,mixing_ratio:18.4_m:g_kg-1
582,-2,-2.0000000000000000e+00,-4.8411764705882321e-02,-1,-1,5.9394809688579015e-04,wind_direction:18.4_m:degrees
583,8,5.4500000476837158e+00,-3.8249999999999990e-01,779,780,2.5956730769230718e-03,wave_period:0_m:s
584,9,8.7885879516601562e+01,-4.4000000000000006e-01,1127,1128,4.4874999999999221e-03,angle_between_wind_wave:0_m:degrees
585,1,1.0296535491943359e+02,-1.1147157190635446e-01,587,588,2.0359615664254337e-03,azimuth:0_m:degrees
586,3,1.0213000183105469e+03,-9.4090909090909072e-02,591,592,1.3911157024793456e-03,pressure:18.4_m:hPa
587,6,1.9000000000000000e+02,-1.3585365853658535e-01,589,590,2.1242712671029201e-03,wave_direction:0_m:degrees
588,0,6.3608058929443359e+01,-1.0225806451612895e-01,833,834,1.6930578266686775e-03,zenith:0_m:degrees
589,-2,-2.0000000000000000e+00,-9.7916666666666666e-02,-1,-1,9.1649305555555581e-04,wind_direction:18.4_m:degrees
590,9,9.1475151062011719e+01,-1.5155172413793103e-01,1853,1854,1.7820749108204553e-03,angle_between_wind_wave:0_m:degrees
591,2,2.8111499023437500e+02,-7.9357798165137633e-02,1485,1486,1.1656426226748567e-03,water_sfc_temperature:0_m:K
592,10,9.5813660621643066e+00,-1.0616541353383457e-01,805,806,1.2522132398665765e-03,wind_speed:18.4_m:m_s-1
593,-2,-2.0000000000000000e+00,-5.5333333333333334e-01,-1,-1,3.5555555555555340e-04,wind_direction:18.4_m:degrees
594,-2,-2.0000000000000000e+00,-4.1166666666666668e-01,-1,-1,3.0805555555555864e-03,wind_direction:18.4_m:degrees
595,-2,-2.0000000000000000e+00,2.9999999999999999e-02,-1,-1,1.4000000000000004e-03,wind_direction:18.4_m:degrees
596,12,-1.8207310140132904e-01,-4.1023856858846935e-02,607,608,8.1336523601926894e-04,bulk_richardson:18.4_m:none
597,10,1.1300251483917236e+01,-1.9800000000000004e-01,1063,1064,2.5519999999999848e-03,wind_speed:18.4_m:m_s-1
598,2,2.8055000305175781e+02,-2.4653846153846157e-01,599,600,3.8034023668639255e-03,water_sfc_temperature:0_m:K
599,9,8.8311458587646484e+01,-2.6909090909090905e-01,601,602,3.3476584022039124e-03,angle_between_wind_wave:0_m:degrees
600,-2,-2.0000000000000000e+00,-2.0736842105263156e-01,-1,-1,2.1772853185594299e-03,wind_direction:18.4_m:degrees
601,-2,-2.0000000000000000e+00,-2.0499999999999999e-01,-1,-1,3.2500000000000584e-04,wind_direction:18.4_m:degrees
602,9,8.9049526214599609e+01,-2.8960000000000002e-01,663,664,2.5798400000000138e-03,angle_between_wind_wave:0_m:degrees
603,4,2.1235554218292236e+00,-1.3684210526315793e-01,1073,1074,2.6321329639889084e-03,mixing_ratio:18.4_m:g_kg-1
604,-2,-2.0000000000000000e+00,-8.6470588235294091e-02,-1,-1,1.1969550173010386e-03,wind_direction:18.4_m:degrees
605,12,-1.8351258710026741e-02,-2.9172413793103447e-01,1441,1442,2.2211652794292408e-03,bulk_richardson:18.4_m:none
606,9,8.8036247253417969e+01,-2.2999999999999998e-01,1295,1296,1.9249999999999684e-03,angle_between_wind_wave:0_m:degrees
607,4,8.6232569813728333e-01,-4.6943396226415079e-02,783,784,8.8499679601281977e-04,mixing_ratio:18.4_m:g_kg-1
608,11,2.7606498718261719e+02,-3.4432773109243614e-02,811,812,6.5114884188968258e-04,wind_direction:18.4_m:degrees
609,7,1.3499999642372131e+00,-1.7987689393939403e-02,1455,1456,3.4713431814594099e-04,wave_height:0_m:m
610,4,1.7215107917785645e+01,-1.1043083900226670e-02,1621,1622,3.3541991248500769e-04,mixing_ratio:18.4_m:g_kg-1
611,-2,-2.0000000000000000e+00,-4.7846153846153844e-01,-1,-1,3.8224852071006010e-04,wind_direction:18.4_m:degrees
612,11,2.7583499145507812e+02,-5.4809523809523808e-01,1013,1014,5.1011337868481221e-03,wind_direction:18.4_m:degrees
613,-2,-2.0000000000000000e+00,-2.8775510204081641e-02,-1,-1,7.6992919616826298e-04,wind_direction:18.4_m:degrees
614,6,3.3350000000000000e+02,-5.8984126984126931e-02,1139,1140,1.1424600655076901e-03,wave_direction:0_m:degrees
615,-2,-2.0000000000000000e+00,-3.8999999999999996e-01,-1,-1,2.7755575615628914e-17,wind_direction:18.4_m:degrees
616,4,6.6152696609497070e+00,-2.7377049180327873e-01,1253,1254,1.4464391292663276e-03,mixing_ratio:18.4_m:g_kg-1
617,-2,-2.0000000000000000e+00,1.0000000000000002e-01,-1,-1,-1.7347234759768071e-18,wind_direction:18.4_m:degrees
618,-2,-2.0000000000000000e+00,-3.2500000000000001e-02,-1,-1,9.3749999999999866e-05,wind_direction:18.4_m:degrees
619,6,2.3700000000000000e+02,-2.3749999999999999e-01,1737,1738,1.8387500000000140e-03,wave_direction:0_m:degrees
620,3,1.0118999938964844e+03,-1.8235294117647061e-01,1219,1220,2.1356401384083068e-03,pressure:18.4_m:hPa
621,2,2.9020500183105469e+02,-3.3454545454545448e-01,665,666,3.8293388429752329e-03,water_sfc_temperature:0_m:K
622,-2,-2.0000000000000000e+00,-2.3249999999999998e-01,-1,-1,1.6875000000001611e-04,wind_direction:18.4_m:degrees
623,-2,-2.0000000000000000e+00,-2.5187279151943447e-02,-1,-1,2.6849849542383850e-04,wind_direction:18.4_m:degrees
624,1,5.6566061973571777e+00,-1.8317409766454310e-02,667,668,4.0688226590213545e-04,azimuth:0_m:degrees
625,-2,-2.0000000000000000e+00,-4.6250000000000002e-01,-1,-1,1.5437500000000104e-03,wind_direction:18.4_m:degrees
626,1,2.5247058105468750e+02,-3.8562499999999994e-01,789,790,3.7558593750000591e-03,azimuth:0_m:degrees
627,2,2.7458999633789062e+02,-3.5555555555555557e-01,1515,1516,3.4469135802469297e-03,water_sfc_temperature:0_m:K
628,3,1.0089499816894531e+03,-2.7799999999999997e-01,803,804,4.0059999999999957e-03,pressure:18.4_m:hPa
629,0,4.3109022140502930e+01,-2.0138036809815869e-02,901,902,7.1332450412134535e-04,zenith:0_m:degrees
630,9,9.0330684661865234e+01,2.8749999999999998e-02,1389,1390,1.7109375000000419e-03,angle_between_wind_wave:0_m:degrees
631,3,1.0021000061035156e+03,-2.9081632653061218e-01,1261,1262,2.1054560599749889e-03,pressure:18.4_m:hPa
632,8,6.2999999523162842e+00,-3.6857142857142861e-01,633,634,7.6122448979590307e-03,wave_period:0_m:s
633,-2,-2.0000000000000000e+00,-4.8999999999999999e-01,-1,-1,0.0000000000000000e+00,wind_direction:18.4_m:degrees
634,12,-1.9679969176650047e-02,-3.2000000000000001e-01,1949,1950,2.3999999999999994e-03,bulk_richardson:18.4_m:none
635,-2,-2.0000000000000000e+00,-2.3000000000000001e-01,-1,-1,0.0000000000000000e+00,wind_direction:18.4_m:degrees
636,5,4.5750000000000000e+01,-3.6865384615384611e-01,2009,2010,2.1424186390532340e-03,relative_humidity:18.4_m:%
637,-2,-2.0000000000000000e+00,-4.4142857142857139e-01,-1,-1,9.8367346938774136e-04,wind_direction:18.4_m:degrees
638,3,9.8295001220703125e+02,-5.5400000000000005e-01,1395,1396,3.5439999999999916e-03,pressure:18.4_m:hPa
639,-2,-2.0000000000000000e+00,-2.2833333333333336e-01,-1,-1,1.0805555555555429e-03,wind_direction:18.4_m:degrees
640,-2,-2.0000000000000000e+00,-1.5400000000000003e-01,-1,-1,1.6773333333333432e-03,wind_direction:18.4_m:degrees
641,-2,-2.0000000000000000e+00,-2.4636363636363640e-01,-1,-1,4.9586776859503190e-04,wind_direction:18.4_m:degrees
642,2,2.7803500366210938e+02,-3.1481481481481483e-01,1025,1026,2.3657064471880596e-03,water_sfc_temperature:0_m:K
643,8,5.1500000953674316e+00,-5.2799999999999991e-01,1269,1270,2.4560000000001247e-03,wave_period:0_m:s
644,9,8.8213676452636719e+01,-4.6395061728395071e-01,645,646,6.5745160798657831e-03,angle_between_wind_wave:0_m:degrees
645,10,1.5283427238464355e+01,-4.3515151515151512e-01,785,786,4.9158861340679316e-03,wind_speed:18.4_m:m_s-1
646,1,1.2309795761108398e+02,-4.8375000000000007e-01,647,648,6.7526041666667591e-03,azimuth:0_m:degrees
647,10,1.4863223552703857e+01,-5.7899999999999996e-01,827,828,4.7890000000000432e-03,wind_speed:18.4_m:m_s-1
648,9,8.9494766235351562e+01,-4.5868421052631581e-01,707,708,4.2535318559556723e-03,angle_between_wind_wave:0_m:degrees
649,1,1.1300185775756836e+02,-1.6955752212389377e-01,711,712,2.0219281071344603e-03,azimuth:0_m:degrees
650,0,1.5320423126220703e+02,-2.1684210526315789e-01,651,652,6.4110803324098492e-03,zenith:0_m:degrees
651,-2,-2.0000000000000000e+00,-4.1999999999999998e-01,-1,-1,0.0000000000000000e+00,wind_direction:18.4_m:degrees
652,5,5.0100000381469727e+01,-1.9294117647058825e-01,1481,1482,1.7384083044982568e-03,relative_humidity:18.4_m:%
653,3,9.9245001220703125e+02,-1.2038525963149073e-01,655,656,1.2958314745138196e-03,pressure:18.4_m:hPa
654,2,2.7870500183105469e+02,-1.7818181818181819e-01,1027,1028,2.6694214876048436e-03,water_sfc_temperature:0_m:K
655,9,8.8703987121582031e+01,-2.1000000000000002e-01,1889,1890,2.6800000000000018e-03,angle_between_wind_wave:0_m:degrees
656,11,1.9540499877929688e+02,-1.1962837837837836e-01,865,866,1.2157402757487484e-03,wind_direction:18.4_m:degrees
657,3,9.9670001220703125e+02,-7.4509803921568599e-02,917,918,1.0247597078047021e-03,pressure:18.4_m:hPa
658,6,1.8700000000000000e+02,-1.0705882352941176e-01,1289,1290,1.8913494809688625e-03,wave_direction:0_m:degrees
659,11,2.8178001403808594e+02,-5.0670731707317042e-02,1265,1266,5.3186719214753280e-04,wind_direction:18.4_m:degrees
660,3,1.0105000000000000e+03,-7.8593749999999990e-02,1081,1082,1.2652099609375099e-03,pressure:18.4_m:hPa
661,-2,-2.0000000000000000e+00,-6.3000000000000000e-01,-1,-1,9.0000000000001190e-04,wind_direction:18.4_m:degrees
662,5,8.9950000762939453e+01,-7.6999999999999991e-01,1679,1680,2.3238095238096168e-03,relative_humidity:18.4_m:%
663,-2,-2.0000000000000000e+00,-3.4000000000000002e-01,-1,-1,2.6666666666666505e-04,wind_direction:18.4_m:degrees
664,6,2.2950000000000000e+02,-2.6124999999999998e-01,1489,1490,1.6484375000000023e-03,wave_direction:0_m:degrees
665,11,2.9869499206542969e+02,-3.2435897435897432e-01,671,672,3.3579224194609375e-03,wind_direction:18.4_m:degrees
666,-2,-2.0000000000000000e+00,-4.1400000000000003e-01,-1,-1,3.8399999999985668e-04,wind_direction:18.4_m:degrees
667,1,5.2671298980712891e+00,2.4736842105263151e-02,669,670,1.4245983379501385e-02,azimuth:0_m:degrees
668,-2,-2.0000000000000000e+00,-1.8756032171581772e-02,-1,-1,2.4681715530190852e-04,wind_direction:18.4_m:degrees
669,-2,-2.0000000000000000e+00,-1.5882352941176472e-02,-1,-1,2.4775086505190275e-04,wind_direction:18.4_m:degrees
670,-2,-2.0000000000000000e+00,3.7000000000000000e-01,-1,-1,0.0000000000000000e+00,wind_direction:18.4_m:degrees
671,-2,-2.0000000000000000e+00,-3.3305555555555555e-01,-1,-1,1.3878858024691659e-03,wind_direction:18.4_m:degrees
672,12,-8.4281836170703173e-03,-2.2000000000000000e-01,673,674,1.5200000000000075e-02,bulk_richardson:18.4_m:none
673,-2,-2.0000000000000000e+00,-1.4000000000000001e-01,-1,-1,3.6000000000000025e-03,wind_direction:18.4_m:degrees
674,-2,-2.0000000000000000e+00,-3.8000000000000000e-01,-1,-1,-2.7755575615628914e-17,wind_direction:18.4_m:degrees
675,-2,-2.0000000000000000e+00,-7.9000000000000004e-01,-1,-1,0.0000000000000000e+00,wind_direction:18.4_m:degrees
676,-2,-2.0000000000000000e+00,-1.0200000000000000e+00,-1,-1,0.0000000000000000e+00,wind_direction:18.4_m:degrees
677,-2,-2.0000000000000000e+00,-3.1500000000000000e-01,-1,-1,1.2249999999999900e-03,wind_direction:18.4_m:degrees
678,2,2.8344500732421875e+02,-1.8087500000000006e-01,679,680,2.8554843749999878e-03,water_sfc_temperature:0_m:K
679,11,3.1631001281738281e+02,-1.7277777777777778e-01,1229,1230,2.4533950617283834e-03,wind_direction:18.4_m:degrees
680,-2,-2.0000000000000000e+00,-2.5375000000000003e-01,-1,-1,5.7343750000002358e-04,wind_direction:18.4_m:degrees
681,12,-5.5605245754122734e-02,-6.2902097902097887e-02,1083,1084,1.1485708347596432e-03,bulk_richardson:18.4_m:none
682,5,5.2200000762939453e+01,-8.1744966442953024e-02,999,1000,9.8890140083780428e-04,relative_humidity:18.4_m:%
683,-2,-2.0000000000000000e+00,-6.7727272727272733e-02,-1,-1,1.1584710743801638e-03,wind_direction:18.4_m:degrees
684,2,2.7974000549316406e+02,-1.0243902439024391e-01,835,836,2.3940511600237940e-03,water_sfc_temperature:0_m:K
685,10,1.1056635379791260e+01,-1.4893617021276589e-01,1005,1006,1.2733363512901844e-03,wind_speed:18.4_m:m_s-1
686,11,3.1253999328613281e+02,-1.9850000000000001e-01,1049,1050,2.0127499999999174e-03,wind_direction:18.4_m:degrees
687,3,1.0070499877929688e+03,-2.9773116438356357e-02,689,690,4.3526530467135195e-04,pressure:18.4_m:hPa
688,8,4.8500001430511475e+00,-2.2636554621848642e-02,1197,1198,3.4693513434783216e-04,wave_period:0_m:s
689,10,6.8578677177429199e+00,-4.2557077625570754e-02,1689,1690,7.7337002981589585e-04,wind_speed:18.4_m:m_s-1
690,8,4.4500000476837158e+00,-2.8450637694851327e-02,1749,1750,3.8163348683942417e-04,wave_period:0_m:s
691,1,3.3371235656738281e+02,-1.7551724137931038e-01,1079,1080,1.5005945303210380e-03,azimuth:0_m:degrees
692,-2,-2.0000000000000000e+00,-4.0000000000000001e-02,-1,-1,-6.8087896432089678e-17,wind_direction:18.4_m:degrees
693,12,-1.9168612547218800e-02,-4.3277777777777782e-01,1241,1242,2.4978395061727443e-03,bulk_richardson:18.4_m:none
694,-2,-2.0000000000000000e+00,-5.3499999999999992e-01,-1,-1,1.2250000000000871e-03,wind_direction:18.4_m:degrees
695,-2,-2.0000000000000000e+00,-2.3333333333333331e-01,-1,-1,1.4222222222222414e-03,wind_direction:18.4_m:degrees
696,5,6.8450000762939453e+01,-1.2487179487179489e-01,1057,1058,1.4583168967784270e-03,relative_humidity:18.4_m:%
697,8,4.2500000000000000e+00,-2.4898305084745759e-01,909,910,3.1650675093363861e-03,wave_period:0_m:s
698,-2,-2.0000000000000000e+00,-1.4000000000000001e-01,-1,-1,3.6082248300317588e-16,wind_direction:18.4_m:degrees
699,-2,-2.0000000000000000e+00,-9.6326530612244915e-02,-1,-1,7.7426072469804000e-04,wind_direction:18.4_m:degrees
700,3,1.0009500122070312e+03,-6.6875000000000032e-02,959,960,1.6537760416666649e-03,pressure:18.4_m:hPa
701,0,1.0024255371093750e+02,-3.2227272727272732e-01,775,776,2.6539256198346711e-03,zenith:0_m:degrees
702,-2,-2.0000000000000000e+00,-5.1000000000000001e-01,-1,-1,6.6613381477509392e-16,wind_direction:18.4_m:degrees
703,-2,-2.0000000000000000e+00,-1.4750000000000002e-01,-1,-1,6.6874999999999574e-04,wind_direction:18.4_m:degrees
704,7,2.0499999523162842e+00,-2.4714285714285716e-01,1213,1214,1.6870748299319602e-03,wave_height:0_m:m
705,3,1.0069500122070312e+03,-1.5142857142857144e-01,1905,1906,2.1265306122448951e-03,pressure:18.4_m:hPa
706,-2,-2.0000000000000000e+00,-2.2727272727272729e-01,-1,-1,8.1983471074378172e-04,wind_direction:18.4_m:degrees
707,10,1.5274743556976318e+01,-4.7999999999999993e-01,983,984,4.0000000000000591e-03,wind_speed:18.4_m:m_s-1
708,-2,-2.0000000000000000e+00,-4.1769230769230775e-01,-1,-1,2.1869822485207080e-03,wind_direction:18.4_m:degrees
709,3,1.0061499938964844e+03,-3.0378378378378368e-02,1825,1826,4.6093791088385805e-04,pressure:18.4_m:hPa
710,10,8.1887269020080566e+00,-4.5133819951338187e-02,1727,1728,3.5417917251258889e-04,wind_speed:18.4_m:m_s-1
711,12,-1.1121389269828796e-01,-1.6794642857142855e-01,1177,1178,1.7466757015306214e-03,bulk_richardson:18.4_m:none
712,-2,-2.0000000000000000e+00,-3.4999999999999998e-01,-1,-1,-1.3877787807814457e-15,wind_direction:18.4_m:degrees
713,-2,-2.0000000000000000e+00,8.9999999999999997e-02,-1,-1,0.0000000000000000e+00,wind_direction:18.4_m:degrees
714,0,5.5022907257080078e+01,-3.8084725536992867e-02,1299,1300,5.8791883590318629e-04,zenith:0_m:degrees
715,2,2.8059500122070312e+02,-1.2495327102803735e-01,2043,2044,1.0997641715433763e-03,water_sfc_temperature:0_m:K
716,5,6.2500000000000000e+01,-1.6275862068965519e-01,1491,1492,1.3717003567180544e-03,relative_humidity:18.4_m:%
717,-2,-2.0000000000000000e+00,-2.8285714285714286e-01,-1,-1,4.4897959183673453e-04,wind_direction:18.4_m:degrees
718,4,2.3778015375137329e+00,-3.5424657534246562e-01,755,756,3.6107337211485069e-03,mixing_ratio:18.4_m:g_kg-1
719,3,1.0032500000000000e+03,-7.4599999999999986e-02,721,722,1.2808400000000062e-03,pressure:18.4_m:hPa
720,11,2.6734999084472656e+02,-5.5584255842558321e-02,1097,1098,4.0842248274882342e-04,wind_direction:18.4_m:degrees
721,3,1.0026000061035156e+03,-1.4666666666666667e-01,1945,1946,1.9333333333333320e-03,pressure:18.4_m:hPa
722,2,2.8444499206542969e+02,-6.7472527472527466e-02,1639,1640,6.5185364086463825e-04,water_sfc_temperature:0_m:K
723,-2,-2.0000000000000000e+00,-9.0000000000000002e-01,-1,-1,0.0000000000000000e+00,wind_direction:18.4_m:degrees
724,6,2.1750000000000000e+02,-7.1333333333333326e-01,1703,1704,1.9722222222220420e-03,wave_direction:0_m:degrees
725,4,7.3488271236419678e+00,-3.0769230769230767e-02,729,730,3.4686390532544381e-03,mixing_ratio:18.4_m:g_kg-1
726,9,9.1803123474121094e+01,-8.1375838926174435e-02,727,728,1.1232748524841202e-03,angle_between_wind_wave:0_m:degrees
727,12,-1.5895188786089420e-02,-7.8745644599303138e-02,1337,1338,9.6009906639634487e-04,bulk_richardson:18.4_m:none
728,-2,-2.0000000000000000e+00,-1.5000000000000002e-01,-1,-1,4.9090909090918414e-04,wind_direction:18.4_m:degrees
729,-2,-2.0000000000000000e+00,-2.2000000000000000e-01,-1,-1,0.0000000000000000e+00,wind_direction:18.4_m:degrees
730,-2,-2.0000000000000000e+00,-1.5000000000000001e-02,-1,-1,5.2500000000000018e-04,wind_direction:18.4_m:degrees
731,-2,-2.0000000000000000e+00,-2.8749999999999998e-01,-1,-1,2.2687500000000138e-03,wind_direction:18.4_m:degrees
732,2,2.8897000122070312e+02,-1.9444444444444448e-01,735,736,3.4202469135802480e-03,water_sfc_temperature:0_m:K
733,3,1.0035000000000000e+03,-2.2086956521739137e-01,1283,1284,1.2035916824196455e-03,pressure:18.4_m:hPa
734,-2,-2.0000000000000000e+00,-1.4857142857142855e-01,-1,-1,1.6693877551020031e-03,wind_direction:18.4_m:degrees
735,4,4.3331270217895508e+00,-1.8410256410256412e-01,1157,1158,2.9780407626561201e-03,mixing_ratio:18.4_m:g_kg-1
736,-2,-2.0000000000000000e+00,-2.6166666666666666e-01,-1,-1,1.0805555555557234e-03,wind_direction:18.4_m:degrees
737,4,6.4582209587097168e+00,-9.4273504273504269e-02,1071,1072,1.3894294689166461e-03,mixing_ratio:18.4_m:g_kg-1
738,-2,-2.0000000000000000e+00,-6.0937500000000019e-02,-1,-1,6.9599609374994091e-04,wind_direction:18.4_m:degrees
739,-2,-2.0000000000000000e+00,1.4999999999999999e-02,-1,-1,6.7500000000000047e-04,wind_direction:18.4_m:degrees
740,-2,-2.0000000000000000e+00,1.4000000000000001e-01,-1,-1,-3.4694469519536142e-18,wind_direction:18.4_m:degrees
741,-2,-2.0000000000000000e+00,-4.6000000000000002e-01,-1,-1,0.0000000000000000e+00,wind_direction:18.4_m:degrees
742,11,2.9120498657226562e+02,-3.2750000000000001e-01,1431,1432,1.5312499999999979e-03,wind_direction:18.4_m:degrees
743,-2,-2.0000000000000000e+00,-2.1666666666666667e-01,-1,-1,2.2222222222215149e-05,wind_direction:18.4_m:degrees
744,12,1.2882104492746294e-03,-1.1373239436619717e-01,825,826,9.3325233088672674e-04,bulk_richardson:18.4_m:none
745,1,7.5320358276367188e+01,-6.7374999999999996e-01,1291,1292,2.6134374999999821e-03,azimuth:0_m:degrees
746,2,2.8387500000000000e+02,-6.2549999999999994e-01,1215,1216,3.3947500000001685e-03,water_sfc_temperature:0_m:K
747,-2,-2.0000000000000000e+00,-4.2749999999999999e-01,-1,-1,7.1875000000004574e-04,wind_direction:18.4_m:degrees
748,-2,-2.0000000000000000e+00,-2.9333333333333333e-01,-1,-1,2.0222222222221892e-03,wind_direction:18.4_m:degrees
749,2,2.8981999206542969e+02,-2.2461538461538461e-01,951,952,2.8960059171597857e-03,water_sfc_temperature:0_m:K
750,12,-1.1099483352154493e-02,-2.5407407407407406e-01,751,752,2.7796982167352102e-03,bulk_richardson:18.4_m:none
751,9,8.9459358215332031e+01,-2.9749999999999999e-01,1345,1346,1.4687500000000187e-03,angle_between_wind_wave:0_m:degrees
752,11,3.0283999633789062e+02,-2.3578947368421049e-01,1365,1366,2.2033240997230211e-03,wind_direction:18.4_m:degrees
753,-2,-2.0000000000000000e+00,-2.0250000000000001e-01,-1,-1,1.1437499999999989e-03,wind_direction:18.4_m:degrees
754,-2,-2.0000000000000000e+00,-2.9000000000000004e-01,-1,-1,1.5749999999999653e-03,wind_direction:18.4_m:degrees
755,0,1.0677618408203125e+02,-3.7617647058823539e-01,925,926,3.6236159169549531e-03,zenith:0_m:degrees
756,3,1.0013999938964844e+03,-3.3512820512820518e-01,757,758,2.8147271531889090e-03,pressure:18.4_m:hPa
757,10,1.4520543575286865e+01,-3.4485714285714281e-01,1377,1378,2.1506938775509854e-03,wind_speed:18.4_m:m_s-1
758,-2,-2.0000000000000000e+00,-2.5000000000000000e-01,-1,-1,5.5000000000005045e-04,wind_direction:18.4_m:degrees
759,11,3.0655500793457031e+02,-5.8153846153846156e-01,1061,1062,2.7207100591717381e-03,wind_direction:18.4_m:degrees
760,-2,-2.0000000000000000e+00,-4.0000000000000002e-01,-1,-1,-1.0269562977782698e-15,wind_direction:18.4_m:degrees
761,5,7.0799999237060547e+01,-1.2103448275862069e-01,763,764,2.4230677764565996e-03,relative_humidity:18.4_m:%
762,5,5.3750000000000000e+01,-8.7743682310469306e-02,939,940,8.7559495106154933e-04,relative_humidity:18.4_m:%
763,-2,-2.0000000000000000e+00,-2.2999999999999998e-01,-1,-1,2.8666666666666771e-03,wind_direction:18.4_m:degrees
764,-2,-2.0000000000000000e+00,-1.0846153846153847e-01,-1,-1,8.4378698224852125e-04,wind_direction:18.4_m:degrees
765,12,-8.2562835887074471e-03,-2.3193877551020409e-01,1383,1384,2.3339962515618387e-03,bulk_richardson:18.4_m:none
766,9,8.9640102386474609e+01,-3.1200000000000000e-01,1863,1864,2.7760000000000701e-03,angle_between_wind_wave:0_m:degrees
767,-2,-2.0000000000000000e+00,-6.8125000000000019e-02,-1,-1,6.0273437499999954e-04,wind_direction:18.4_m:degrees
768,5,8.4500000000000000e+01,-1.1000000000000001e-01,1089,1090,1.9368421052631656e-03,relative_humidity:18.4_m:%
769,1,1.1439290618896484e+02,-1.5438775510204084e-01,1271,1272,2.3552374010828853e-03,azimuth:0_m:degrees
770,-2,-2.0000000000000000e+00,-3.0000000000000002e-02,-1,-1,4.8999999999997899e-03,wind_direction:18.4_m:degrees
771,6,2.3150000000000000e+02,-3.3137254901960783e-01,797,798,2.4941945405612814e-03,wave_direction:0_m:degrees
772,6,2.2550000000000000e+02,-2.9218749999999993e-01,1151,1152,2.2733398437501662e-03,wave_direction:0_m:degrees
773,-2,-2.0000000000000000e+00,-4.8333333333333334e-01,-1,-1,4.0222222222223158e-03,wind_direction:18.4_m:degrees
774,-2,-2.0000000000000000e+00,-3.2499999999999996e-01,-1,-1,1.2250000000000316e-03,wind_direction:18.4_m:degrees
775,-2,-2.0000000000000000e+00,-3.6666666666666664e-01,-1,-1,1.8222222222222251e-03,wind_direction:18.4_m:degrees
776,-2,-2.0000000000000000e+00,-2.9153846153846152e-01,-1,-1,9.2071005917149229e-04,wind_direction:18.4_m:degrees
777,2,2.7786500549316406e+02,-2.0658119658119667e-01,891,892,2.0481408430125664e-03,water_sfc_temperature:0_m:K
778,-2,-2.0000000000000000e+00,-1.6176470588235295e-01,-1,-1,4.4982698961955683e-04,wind_direction:18.4_m:degrees
779,11,2.8904998779296875e+02,-4.0833333333333338e-01,2035,2036,1.0388888888888670e-03,wind_direction:18.4_m:degrees
780,7,2.2500000000000000e+00,-3.6035714285714288e-01,853,854,2.8677295918368706e-03,wave_height:0_m:m
781,-2,-2.0000000000000000e+00,-1.0272727272727274e-01,-1,-1,1.3107438016528913e-03,wind_direction:18.4_m:degrees
782,5,3.4500000000000000e+01,-1.5735294117647067e-01,837,838,2.4488754325259522e-03,relative_humidity:18.4_m:%
783,-2,-2.0000000000000000e+00,-5.8823529411764705e-03,-1,-1,7.1833910034602079e-04,wind_direction:18.4_m:degrees
784,11,3.0586500549316406e+02,-4.8304093567251419e-02,967,968,8.3279641599124168e-04,wind_direction:18.4_m:degrees
785,11,2.7866999816894531e+02,-4.4925925925925930e-01,787,788,4.6957475994512665e-03,wind_direction:18.4_m:degrees
786,-2,-2.0000000000000000e+00,-3.7166666666666665e-01,-1,-1,9.8055555555554008e-04,wind_direction:18.4_m:degrees
787,-2,-2.0000000000000000e+00,-2.8000000000000003e-01,-1,-1,0.0000000000000000e+00,wind_direction:18.4_m:degrees
788,7,2.0499999523162842e+00,-4.5576923076923076e-01,1035,1036,3.7321005917159145e-03,wave_height:0_m:m
789,1,2.1533498382568359e+02,-3.6052631578947364e-01,807,808,3.4470914127424646e-03,azimuth:0_m:degrees
790,-2,-2.0000000000000000e+00,-4.2230769230769233e-01,-1,-1,1.9408284023668954e-03,wind_direction:18.4_m:degrees
791,-2,-2.0000000000000000e+00,-1.1777777777777779e-01,-1,-1,4.3950617283950409e-04,wind_direction:18.4_m:degrees
792,10,1.2876412391662598e+01,-1.7962264150943397e-01,793,794,1.7168387326450749e-03,wind_speed:18.4_m:m_s-1
793,12,-3.3983087632805109e-03,-1.6270270270270268e-01,1497,1498,1.1224251278305411e-03,bulk_richardson:18.4_m:none
794,-2,-2.0000000000000000e+00,-2.1875000000000003e-01,-1,-1,8.9843749999998085e-04,wind_direction:18.4_m:degrees
795,-2,-2.0000000000000000e+00,-5.4999999999999993e-01,-1,-1,1.1102230246251565e-16,wind_direction:18.4_m:degrees
796,-2,-2.0000000000000000e+00,-4.5750000000000002e-01,-1,-1,1.9687499999999913e-03,wind_direction:18.4_m:degrees
797,0,5.3778654098510742e+01,-3.0964285714285722e-01,1163,1164,1.3677295918367027e-03,zenith:0_m:degrees
798,1,1.6491859436035156e+02,-3.5782608695652174e-01,899,900,2.5909262759924723e-03,azimuth:0_m:degrees
799,-2,-2.0000000000000000e+00,-6.5000000000000002e-02,-1,-1,2.4999999999999849e-05,wind_direction:18.4_m:degrees
800,4,2.1442260146141052e+00,-1.6777777777777778e-01,1677,1678,2.2172839506172833e-03,mixing_ratio:18.4_m:g_kg-1
801,5,6.9799999237060547e+01,-1.4065040650406473e-02,1205,1206,5.4607707052680408e-04,relative_humidity:18.4_m:%
802,-2,-2.0000000000000000e+00,-1.3500000000000001e-01,-1,-1,6.2499999999994157e-04,wind_direction:18.4_m:degrees
803,1,3.2203129577636719e+02,-3.3000000000000002e-01,1693,1694,2.5428571428571384e-03,azimuth:0_m:degrees
804,1,7.6826396942138672e+01,-2.5000000000000000e-01,1199,1200,2.5538461538461565e-03,azimuth:0_m:degrees
805,3,1.0277500000000000e+03,-9.4512195121951234e-02,1643,1644,1.1076888756692497e-03,pressure:18.4_m:hPa
806,7,8.4999999403953552e-01,-1.2490196078431373e-01,1245,1246,9.1518646674355365e-04,wave_height:0_m:m
807,6,2.0350000000000000e+02,-3.8066666666666660e-01,1259,1260,2.2728888888889076e-03,wave_direction:0_m:degrees
808,-2,-2.0000000000000000e+00,-2.8500000000000003e-01,-1,-1,6.2500000000026423e-04,wind_direction:18.4_m:degrees
809,3,1.0187500000000000e+03,-9.9754098360655741e-02,1347,1348,9.2043133566245550e-04,pressure:18.4_m:hPa
810,-2,-2.0000000000000000e+00,-2.7000000000000002e-01,-1,-1,-2.7755575615628914e-17,wind_direction:18.4_m:degrees
811,-2,-2.0000000000000000e+00,-2.1954887218045116e-02,-1,-1,2.6535134829555054e-04,wind_direction:18.4_m:degrees
812,10,4.9521055221557617e+00,-3.9271137026239029e-02,933,934,7.1696147013575336e-04,wind_speed:18.4_m:m_s-1
813,-2,-2.0000000000000000e+00,-1.2130434782608696e-01,-1,-1,1.2200378071833638e-03,wind_direction:18.4_m:degrees
814,-2,-2.0000000000000000e+00,-2.9999999999999999e-02,-1,-1,-1.7455654977016621e-17,wind_direction:18.4_m:degrees
815,10,1.2360546112060547e+01,-1.4422222222222222e-01,831,832,2.0421728395061782e-03,wind_speed:18.4_m:m_s-1
816,12,8.4247901104390621e-03,-1.1259740259740260e-01,1769,1770,9.1013661663011218e-04,bulk_richardson:18.4_m:none
817,3,1.0252500000000000e+03,-1.0546153846153837e-01,895,896,1.2924792899408448e-03,pressure:18.4_m:hPa
818,-2,-2.0000000000000000e+00,-5.9285714285714289e-02,-1,-1,4.9234693877544958e-04,wind_direction:18.4_m:degrees
819,9,8.8812496185302734e+01,-1.6328124999999996e-01,1279,1280,2.0001708984375074e-03,angle_between_wind_wave:0_m:degrees
820,-2,-2.0000000000000000e+00,-2.5000000000000000e-01,-1,-1,1.5999999999998238e-03,wind_direction:18.4_m:degrees
821,2,2.9122500610351562e+02,-1.0357142857142861e-01,1419,1420,2.0943877551020378e-03,water_sfc_temperature:0_m:K
822,12,-6.0814781114459038e-02,-1.4499999999999999e-01,1165,1166,1.5250000000000125e-03,bulk_richardson:18.4_m:none
823,-2,-2.0000000000000000e+00,-6.4000000000000001e-01,-1,-1,0.0000000000000000e+00,wind_direction:18.4_m:degrees
824,12,-3.5769710317254066e-02,-4.6970588235294120e-01,1051,1052,2.5734429065744913e-03,bulk_richardson:18.4_m:none
825,-2,-2.0000000000000000e+00,-9.9861111111111109e-02,-1,-1,6.7359182098765576e-04,wind_direction:18.4_m:degrees
826,11,2.7482501220703125e+02,-1.2799999999999997e-01,1483,1484,7.9885714285713588e-04,wind_direction:18.4_m:degrees
827,-2,-2.0000000000000000e+00,-4.1999999999999998e-01,-1,-1,0.0000000000000000e+00,wind_direction:18.4_m:degrees
828,1,1.1369305038452148e+02,-5.9666666666666657e-01,1307,1308,2.1999999999999797e-03,azimuth:0_m:degrees
829,-2,-2.0000000000000000e+00,-8.7826086956521762e-02,-1,-1,3.0396975425330767e-04,wind_direction:18.4_m:degrees
830,-2,-2.0000000000000000e+00,-5.0571428571428587e-02,-1,-1,5.5395918367347370e-04,wind_direction:18.4_m:degrees
831,0,7.9367359161376953e+01,-1.4795454545454548e-01,1539,1540,1.4617252066115687e-03,zenith:0_m:degrees
832,-2,-2.0000000000000000e+00,2.0000000000000000e-02,-1,-1,4.1709257575517356e-16,wind_direction:18.4_m:degrees
833,-2,-2.0000000000000000e+00,-8.2909090909090891e-02,-1,-1,1.0569917355371912e-03,wind_direction:18.4_m:degrees
834,0,1.4780432128906250e+02,-1.0882716049382714e-01,1357,1358,1.7387479042829061e-03,zenith:0_m:degrees
835,2,2.7451499938964844e+02,-9.4117647058823528e-02,1631,1632,2.0036332179930831e-03,water_sfc_temperature:0_m:K
836,1,1.8196920013427734e+02,-1.4285714285714285e-01,1099,1100,2.3204081632652689e-03,azimuth:0_m:degrees
837,-2,-2.0000000000000000e+00,-9.1666666666666674e-02,-1,-1,1.6138888888888869e-03,wind_direction:18.4_m:degrees
838,1,3.8973518371582031e+01,-1.6145833333333340e-01,839,840,2.2145399305555438e-03,azimuth:0_m:degrees
839,-2,-2.0000000000000000e+00,-2.4500000000000000e-01,-1,-1,1.2250000000000039e-03,wind_direction:18.4_m:degrees
840,3,1.0113500061035156e+03,-1.5782608695652178e-01,841,842,1.9409262759924190e-03,pressure:18.4_m:hPa
841,11,3.2145999145507812e+02,-1.2476190476190477e-01,1877,1878,1.0820861678004570e-03,wind_direction:18.4_m:degrees
842,12,-9.8687604069709778e-02,-1.6760563380281687e-01,1833,1834,1.7759571513588507e-03,bulk_richardson:18.4_m:none
843,12,-6.1973494011908770e-03,-1.3499999999999998e-01,2003,2004,1.4535714285714325e-03,bulk_richardson:18.4_m:none
844,4,7.9080004692077637e+00,-1.8595238095238095e-01,1791,1792,1.1812358276643981e-03,mixing_ratio:18.4_m:g_kg-1
845,11,2.7516500854492188e+02,-7.3891891891891867e-02,1115,1116,9.2215047479912889e-04,wind_direction:18.4_m:degrees
846,5,6.3350000381469727e+01,-5.7128712871287089e-02,1777,1778,4.6799333398685628e-04,relative_humidity:18.4_m:%
847,5,5.1650001525878906e+01,-6.2413793103448280e-02,849,850,2.3769322235434004e-03,relative_humidity:18.4_m:%
848,4,2.7844710350036621e+00,-1.0214285714285712e-01,851,852,1.7501700680271990e-03,mixing_ratio:18.4_m:g_kg-1
849,-2,-2.0000000000000000e+00,-2.3999999999999999e-01,-1,-1,0.0000000000000000e+00,wind_direction:18.4_m:degrees
850,8,7.5000000000000000e+00,-5.6071428571428591e-02,1267,1268,1.2952806122448978e-03,wave_period:0_m:s
851,11,2.6505000305175781e+02,-8.5806451612903220e-02,2015,2016,1.0437044745057250e-03,wind_direction:18.4_m:degrees
852,-2,-2.0000000000000000e+00,-1.4818181818181816e-01,-1,-1,8.6942148760331753e-04,wind_direction:18.4_m:degrees
853,7,2.1000000238418579e+00,-3.4960000000000002e-01,1067,1068,1.7478399999999866e-03,wave_height:0_m:m
854,-2,-2.0000000000000000e+00,-4.5000000000000001e-01,-1,-1,3.2000000000001749e-03,wind_direction:18.4_m:degrees
855,2,2.7452999877929688e+02,-2.0384615384615387e-01,859,860,4.3467455621301679e-03,water_sfc_temperature:0_m:K
856,7,2.0499999523162842e+00,-2.5892857142857145e-01,857,858,2.8238520408164075e-03,wave_height:0_m:m
857,9,8.8598831176757812e+01,-2.5222222222222224e-01,1149,1150,1.6691358024691072e-03,angle_between_wind_wave:0_m:degrees
858,-2,-2.0000000000000000e+00,-4.4000000000000000e-01,-1,-1,-1.3877787807814457e-16,wind_direction:18.4_m:degrees
859,-2,-2.0000000000000000e+00,-4.0000000000000001e-02,-1,-1,0.0000000000000000e+00,wind_direction:18.4_m:degrees
860,-2,-2.0000000000000000e+00,-2.1750000000000000e-01,-1,-1,2.2854166666666509e-03,wind_direction:18.4_m:degrees
861,5,5.0699998855590820e+01,1.5909090909090911e-02,1499,1500,1.5332644628099175e-03,relative_humidity:18.4_m:%
862,-2,-2.0000000000000000e+00,-2.0614754098360645e-02,-1,-1,8.6642535608707398e-04,wind_direction:18.4_m:degrees
863,-2,-2.0000000000000000e+00,-6.2749999999999995e-01,-1,-1,1.7187500000000466e-03,wind_direction:18.4_m:degrees
864,2,2.8700999450683594e+02,-5.4062499999999991e-01,1397,1398,1.5433593750001084e-03,water_sfc_temperature:0_m:K
865,11,1.2006500244140625e+02,-1.3105960264900660e-01,867,868,1.6147712819613372e-03,wind_direction:18.4_m:degrees
866,12,6.4219972118735313e-03,-1.1571428571428578e-01,871,872,1.0190476190476069e-03,bulk_richardson:18.4_m:none
867,-2,-2.0000000000000000e+00,-8.6499999999999994e-02,-1,-1,5.9275000000000300e-04,wind_direction:18.4_m:degrees
868,6,1.9850000000000000e+02,-1.3786259541984733e-01,869,870,1.4213857001340417e-03,wave_direction:0_m:degrees
869,12,-1.9989254724350758e-04,-1.4509090909090910e-01,1031,1032,9.9953719008264580e-04,bulk_richardson:18.4_m:none
870,3,1.0038500061035156e+03,-1.0000000000000002e-01,875,876,1.9238095238095273e-03,pressure:18.4_m:hPa
871,3,9.9904998779296875e+02,-1.2189830508474579e-01,873,874,1.1618201666188030e-03,pressure:18.4_m:hPa
872,2,2.9287500000000000e+02,-1.0321917808219175e-01,1767,1768,4.9717113905041466e-04,water_sfc_temperature:0_m:K
873,-2,-2.0000000000000000e+00,-1.7769230769230765e-01,-1,-1,3.4082840236687728e-04,wind_direction:18.4_m:degrees
874,11,2.7056500244140625e+02,-1.1932624113475179e-01,1101,1102,1.0495460489915003e-03,wind_direction:18.4_m:degrees
875,-2,-2.0000000000000000e+00,-2.0000000000000000e-02,-1,-1,0.0000000000000000e+00,wind_direction:18.4_m:degrees
876,-2,-2.0000000000000000e+00,-1.1882352941176473e-01,-1,-1,5.1626297577854301e-04,wind_direction:18.4_m:degrees
877,4,7.4668729305267334e-01,-2.2354838709677419e-01,879,880,2.5777315296566169e-03,mixing_ratio:18.4_m:g_kg-1
878,-2,-2.0000000000000000e+00,-3.1000000000000000e-01,-1,-1,2.9999999999989757e-04,wind_direction:18.4_m:degrees
879,-2,-2.0000000000000000e+00,-3.0000000000000004e-01,-1,-1,1.5999999999999903e-03,wind_direction:18.4_m:degrees
880,10,1.0659986019134521e+01,-2.1222222222222223e-01,881,882,1.7283950617284077e-03,wind_speed:18.4_m:m_s-1
881,-2,-2.0000000000000000e+00,-2.7999999999999997e-01,-1,-1,6.0000000000001719e-04,wind_direction:18.4_m:degrees
882,-2,-2.0000000000000000e+00,-1.9681818181818181e-01,-1,-1,7.0351239669421556e-04,wind_direction:18.4_m:degrees
883,-2,-2.0000000000000000e+00,-2.9999999999999999e-02,-1,-1,-1.0842021724855044e-19,wind_direction:18.4_m:degrees
884,10,1.1333600997924805e+01,-1.2531914893617019e-01,885,886,1.1461747397012306e-03,wind_speed:18.4_m:m_s-1
885,1,2.8750274658203125e+02,-1.1594594594594593e-01,1285,1286,8.1599707815924877e-04,azimuth:0_m:degrees
886,-2,-2.0000000000000000e+00,-1.6000000000000000e-01,-1,-1,8.3999999999998312e-04,wind_direction:18.4_m:degrees
887,6,2.3050000000000000e+02,-2.7166666666666672e-01,1579,1580,1.7722222222221889e-03,wave_direction:0_m:degrees
888,10,1.2121468544006348e+01,-2.2249999999999998e-01,1007,1008,2.5287499999999200e-03,wind_speed:18.4_m:m_s-1
889,-2,-2.0000000000000000e+00,2.6153846153846153e-02,-1,-1,6.6982248520710067e-04,wind_direction:18.4_m:degrees
890,-2,-2.0000000000000000e+00,-3.5333333333333335e-02,-1,-1,7.4488888888888890e-04,wind_direction:18.4_m:degrees
891,-2,-2.0000000000000000e+00,-1.5125000000000000e-01,-1,-1,4.3593750000000403e-04,wind_direction:18.4_m:degrees
892,2,2.8203500366210938e+02,-2.1064220183486251e-01,893,894,1.9252756501977469e-03,water_sfc_temperature:0_m:K
893,1,1.8459056854248047e+02,-2.6187500000000002e-01,1541,1542,1.9777343749999982e-03,azimuth:0_m:degrees
894,0,1.5838336944580078e+02,-2.0182795698924727e-01,1681,1682,1.3869811538905694e-03,zenith:0_m:degrees
895,10,8.0109753608703613e+00,-1.0892241379310343e-01,897,898,1.2139250148632784e-03,wind_speed:18.4_m:m_s-1
896,6,2.1650000000000000e+02,-7.6785714285714277e-02,1763,1764,1.0218112244898461e-03,wave_direction:0_m:degrees
897,4,3.2339366674423218e+00,-9.3837209302325586e-02,1369,1370,9.1667117360735677e-04,mixing_ratio:18.4_m:g_kg-1
898,11,3.0468499755859375e+02,-1.1780821917808219e-01,1235,1236,1.1760180146369020e-03,wind_direction:18.4_m:degrees
899,-2,-2.0000000000000000e+00,-3.2846153846153842e-01,-1,-1,6.2840236686391437e-04,wind_direction:18.4_m:degrees
900,-2,-2.0000000000000000e+00,-3.9600000000000002e-01,-1,-1,2.5639999999999552e-03,wind_direction:18.4_m:degrees
901,-2,-2.0000000000000000e+00,1.4000000000000001e-01,-1,-1,0.0000000000000000e+00,wind_direction:18.4_m:degrees
902,12,-1.7298446595668793e-01,-2.0384024577572882e-02,915,916,6.7496773249709331e-04,bulk_richardson:18.4_m:none
903,-2,-2.0000000000000000e+00,-3.7100000000000005e-01,-1,-1,4.0900000000002046e-04,wind_direction:18.4_m:degrees
904,-2,-2.0000000000000000e+00,-2.8833333333333333e-01,-1,-1,9.4722222222218266e-04,wind_direction:18.4_m:degrees
905,10,6.4843249320983887e+00,-6.4058441558441537e-02,997,998,1.0293082728959416e-03,wind_speed:18.4_m:m_s-1
906,6,1.6950000000000000e+02,-7.9567901234567889e-02,907,908,1.2189490931260559e-03,wave_direction:0_m:degrees
907,-2,-2.0000000000000000e+00,-4.3333333333333335e-02,-1,-1,7.7777777777777958e-05,wind_direction:18.4_m:degrees
908,6,2.3750000000000000e+02,-8.4097222222222198e-02,1003,1004,1.1769627700617298e-03,wave_direction:0_m:degrees
909,-2,-2.0000000000000000e+00,-3.5999999999999999e-01,-1,-1,0.0000000000000000e+00,wind_direction:18.4_m:degrees
910,10,1.1291515827178955e+01,-2.4508771929824563e-01,929,930,2.8285010772545541e-03,wind_speed:18.4_m:m_s-1
911,-2,-2.0000000000000000e+00,-5.1375000000000004e-01,-1,-1,1.0734374999999408e-03,wind_direction:18.4_m:degrees
912,-2,-2.0000000000000000e+00,-6.4000000000000001e-01,-1,-1,0.0000000000000000e+00,wind_direction:18.4_m:degrees
913,-2,-2.0000000000000000e+00,-1.7000000000000001e-01,-1,-1,0.0000000000000000e+00,wind_direction:18.4_m:degrees
914,1,2.4845552062988281e+02,-5.6060606060606047e-02,1201,1202,7.4306703397612750e-04,azimuth:0_m:degrees
915,9,9.0129207611083984e+01,-2.3552123552123473e-02,1111,1112,7.6151369240172624e-04,angle_between_wind_wave:0_m:degrees
916,-2,-2.0000000000000000e+00,-8.0451127819548916e-03,-1,-1,1.4655435581434909e-04,wind_direction:18.4_m:degrees
917,-2,-2.0000000000000000e+00,-1.4399999999999999e-01,-1,-1,1.4400000000000177e-04,wind_direction:18.4_m:degrees
918,-2,-2.0000000000000000e+00,-7.0927835051546373e-02,-1,-1,8.0841747263259243e-04,wind_direction:18.4_m:degrees
919,10,9.9994812011718750e+00,-6.5000000000000002e-02,921,922,1.4858695652173945e-03,wind_speed:18.4_m:m_s-1
920,4,3.5221604108810425e+00,-1.0193548387096778e-01,1903,1904,8.5431841831424757e-04,mixing_ratio:18.4_m:g_kg-1
921,-2,-2.0000000000000000e+00,-4.5185185185185182e-02,-1,-1,6.2496570644718797e-04,wind_direction:18.4_m:degrees
922,-2,-2.0000000000000000e+00,-9.3157894736842120e-02,-1,-1,1.3584487534626100e-03,wind_direction:18.4_m:degrees
923,-2,-2.0000000000000000e+00,-1.6624999999999998e-01,-1,-1,8.2343750000000646e-04,wind_direction:18.4_m:degrees
924,-2,-2.0000000000000000e+00,-1.0416666666666669e-01,-1,-1,1.1631944444444441e-03,wind_direction:18.4_m:degrees
925,4,1.4917587637901306e+00,-3.5476190476190472e-01,1711,1712,1.1678004535146669e-03,mixing_ratio:18.4_m:g_kg-1
926,10,1.4215382575988770e+01,-4.1076923076923078e-01,927,928,5.6532544378698202e-03,wind_speed:18.4_m:m_s-1
927,-2,-2.0000000000000000e+00,-5.3333333333333333e-01,-1,-1,3.7555555555555675e-03,wind_direction:18.4_m:degrees
928,-2,-2.0000000000000000e+00,-3.7400000000000000e-01,-1,-1,3.6400000000003097e-04,wind_direction:18.4_m:degrees
929,5,4.6000000000000000e+01,-2.1650000000000000e-01,1109,1110,1.9927500000000084e-03,relative_humidity:18.4_m:%
930,9,9.0202125549316406e+01,-2.6054054054054054e-01,1445,1446,2.5997078159240572e-03,angle_between_wind_wave:0_m:degrees
931,8,6.5000000000000000e+00,-3.2919999999999999e-01,1669,1670,2.3593600000000048e-03,wave_period:0_m:s
932,-2,-2.0000000000000000e+00,-2.6142857142857145e-01,-1,-1,8.6938775510191080e-04,wind_direction:18.4_m:degrees
933,4,3.2244275808334351e+00,-2.8203124999999992e-02,935,936,5.9130249023437624e-04,mixing_ratio:18.4_m:g_kg-1
934,5,4.4449998855590820e+01,-4.5860465116279010e-02,1899,1900,6.7542239048134535e-04,relative_humidity:18.4_m:%
935,-2,-2.0000000000000000e+00,-2.6929133858267701e-02,-1,-1,3.8820757641515368e-04,wind_direction:18.4_m:degrees
936,-2,-2.0000000000000000e+00,-1.9000000000000000e-01,-1,-1,6.9388939039072284e-17,wind_direction:18.4_m:degrees
937,-2,-2.0000000000000000e+00,-2.8399999999999997e-01,-1,-1,4.6400000000001995e-04,wind_direction:18.4_m:degrees
938,-2,-2.0000000000000000e+00,-3.8400000000000001e-01,-1,-1,5.0399999999997669e-04,wind_direction:18.4_m:degrees
939,-2,-2.0000000000000000e+00,-1.5800000000000000e-01,-1,-1,7.3600000000000054e-04,wind_direction:18.4_m:degrees
940,11,3.0099000549316406e+02,-8.7103825136612023e-02,941,942,8.3150288154320261e-04,wind_direction:18.4_m:degrees
941,5,6.8299999237060547e+01,-8.8831417624521042e-02,1169,1170,7.2487962595970713e-04,relative_humidity:18.4_m:%
942,5,6.0949998855590820e+01,-5.3703703703703712e-02,1567,1568,1.7196159122081969e-03,relative_humidity:18.4_m:%
943,-2,-2.0000000000000000e+00,-4.4000000000000000e-01,-1,-1,0.0000000000000000e+00,wind_direction:18.4_m:degrees
944,3,1.0082500000000000e+03,-3.4360000000000002e-01,945,946,5.1270399999999716e-03,pressure:18.4_m:hPa
945,11,2.9865000915527344e+02,-4.2999999999999999e-01,947,948,1.7866666666666697e-02,wind_direction:18.4_m:degrees
946,-2,-2.0000000000000000e+00,-3.3181818181818179e-01,-1,-1,2.2330578512396865e-03,wind_direction:18.4_m:degrees
947,-2,-2.0000000000000000e+00,-3.3999999999999997e-01,-1,-1,2.4999999999999883e-03,wind_direction:18.4_m:degrees
948,-2,-2.0000000000000000e+00,-6.0999999999999999e-01,-1,-1,5.5511151231257827e-17,wind_direction:18.4_m:degrees
949,12,-1.6778625547885895e-01,-1.1734177215189873e-01,1503,1504,1.5916680019227754e-03,bulk_richardson:18.4_m:none
950,-2,-2.0000000000000000e+00,-2.0999999999999999e-01,-1,-1,-6.9388939039072284e-18,wind_direction:18.4_m:degrees
951,0,1.3024529266357422e+02,-2.3043956043956035e-01,953,954,2.8679386547518712e-03,zenith:0_m:degrees
952,-2,-2.0000000000000000e+00,-1.8384615384615385e-01,-1,-1,1.1928994082838970e-03,wind_direction:18.4_m:degrees
953,4,4.7905509471893311e+00,-2.3958904109589038e-01,955,956,2.9546256333270807e-03,mixing_ratio:18.4_m:g_kg-1
954,-2,-2.0000000000000000e+00,-1.9333333333333333e-01,-1,-1,8.0000000000025190e-04,wind_direction:18.4_m:degrees
955,-2,-2.0000000000000000e+00,-3.6999999999999994e-01,-1,-1,2.7755575615628914e-17,wind_direction:18.4_m:degrees
956,2,2.8893000793457031e+02,-2.3399999999999999e-01,1017,1018,2.3211428571428480e-03,water_sfc_temperature:0_m:K
957,0,6.5595741271972656e+01,-3.6555555555555558e-01,1665,1666,1.8469135802468561e-03,zenith:0_m:degrees
958,-2,-2.0000000000000000e+00,-2.0000000000000001e-01,-1,-1,-3.4694469519536142e-17,wind_direction:18.4_m:degrees
959,5,9.8450000762939453e+01,-8.0512820512820521e-02,961,962,2.7202498356344515e-03,relative_humidity:18.4_m:%
960,-2,-2.0000000000000000e+00,-5.7543859649122779e-02,-1,-1,7.0975684826099462e-04,wind_direction:18.4_m:degrees
961,7,2.1499999761581421e+00,-7.5945945945945947e-02,963,964,2.4241051862673437e-03,wave_height:0_m:m
962,-2,-2.0000000000000000e+00,-1.6500000000000001e-01,-1,-1,6.7500000000007832e-04,wind_direction:18.4_m:degrees
963,10,1.1057047367095947e+01,-9.0652173913043491e-02,1819,1820,7.4522684310018676e-04,wind_speed:18.4_m:m_s-1
964,2,2.8606500244140625e+02,-5.1785714285714303e-02,965,966,4.2432397959183644e-03,water_sfc_temperature:0_m:K
965,-2,-2.0000000000000000e+00,-6.3703703703703721e-02,-1,-1,4.2331961591220678e-04,wind_direction:18.4_m:degrees
966,-2,-2.0000000000000000e+00,2.7000000000000002e-01,-1,-1,-4.1633363423443370e-17,wind_direction:18.4_m:degrees
967,11,1.4568500518798828e+02,-6.2299999999999994e-02,969,970,1.4137099999999999e-03,wind_direction:18.4_m:degrees
968,0,8.0547344207763672e+01,-4.4915254237288059e-02,979,980,6.3322526367628335e-04,zenith:0_m:degrees
969,-2,-2.0000000000000000e+00,-1.2142857142857144e-02,-1,-1,4.4540816326530612e-04,wind_direction:18.4_m:degrees
970,-2,-2.0000000000000000e+00,-7.0465116279069775e-02,-1,-1,1.0951325040562477e-03,wind_direction:18.4_m:degrees
971,-2,-2.0000000000000000e+00,-5.6000000000000005e-01,-1,-1,0.0000000000000000e+00,wind_direction:18.4_m:degrees
972,-2,-2.0000000000000000e+00,-7.3999999999999988e-01,-1,-1,1.1102230246251565e-16,wind_direction:18.4_m:degrees
973,-2,-2.0000000000000000e+00,-3.6909090909090914e-01,-1,-1,6.0826446280989876e-04,wind_direction:18.4_m:degrees
974,9,8.7383281707763672e+01,-2.8999999999999998e-01,975,976,4.8999999999999877e-03,angle_between_wind_wave:0_m:degrees
975,-2,-2.0000000000000000e+00,-3.6000000000000004e-01,-1,-1,0.0000000000000000e+00,wind_direction:18.4_m:degrees
976,-2,-2.0000000000000000e+00,-2.2000000000000000e-01,-1,-1,6.9388939039072284e-18,wind_direction:18.4_m:degrees
977,-2,-2.0000000000000000e+00,-1.9222222222222221e-01,-1,-1,3.9506172839506859e-04,wind_direction:18.4_m:degrees
978,10,1.4047603607177734e+01,-1.3487804878048776e-01,1093,1094,1.6542534205829934e-03,wind_speed:18.4_m:m_s-1
979,-2,-2.0000000000000000e+00,-1.3478260869565217e-02,-1,-1,2.4877126654064275e-04,wind_direction:18.4_m:degrees
980,-2,-2.0000000000000000e+00,-4.6769230769230737e-02,-1,-1,5.9417751479290621e-04,wind_direction:18.4_m:degrees
981,-2,-2.0000000000000000e+00,-3.7000000000000000e-01,-1,-1,0.0000000000000000e+00,wind_direction:18.4_m:degrees
982,-2,-2.0000000000000000e+00,-2.1500000000000002e-01,-1,-1,3.0249999999999999e-03,wind_direction:18.4_m:degrees
983,11,2.9991500854492188e+02,-4.6450000000000002e-01,985,986,3.7347500000001754e-03,wind_direction:18.4_m:degrees
984,-2,-2.0000000000000000e+00,-5.4200000000000004e-01,-1,-1,2.5599999999992296e-04,wind_direction:18.4_m:degrees
985,7,1.9499999880790710e+00,-4.9142857142857149e-01,1331,1332,2.8836734693876709e-03,wave_height:0_m:m
986,-2,-2.0000000000000000e+00,-4.0166666666666667e-01,-1,-1,8.0555555555722469e-05,wind_direction:18.4_m:degrees
987,6,1.5200000000000000e+02,-4.7834912043301422e-03,993,994,6.6006814423909190e-04,wave_direction:0_m:degrees
988,6,1.9700000000000000e+02,1.5593220338983051e-02,989,990,2.3399023269178006e-03,wave_direction:0_m:degrees
989,-2,-2.0000000000000000e+00,-2.7659574468085115e-03,-1,-1,1.5192394748755092e-04,wind_direction:18.4_m:degrees
990,1,3.0474955749511719e+02,8.7500000000000008e-02,991,992,4.4187499999999956e-03,azimuth:0_m:degrees
991,-2,-2.0000000000000000e+00,1.4285714285714285e-01,-1,-1,2.2040816326530932e-04,wind_direction:18.4_m:degrees
992,-2,-2.0000000000000000e+00,1.0000000000000000e-02,-1,-1,5.4616684438957286e-18,wind_direction:18.4_m:degrees
993,12,5.8354583382606506e-01,3.2222222222222228e-02,995,996,9.9728395061728387e-03,bulk_richardson:18.4_m:none
994,6,2.2350000000000000e+02,-5.0102110279101148e-03,1589,1590,5.9457103256267772e-04,wave_direction:0_m:degrees
995,-2,-2.0000000000000000e+00,8.2352941176470594e-03,-1,-1,2.0276816608996536e-04,wind_direction:18.4_m:degrees
996,-2,-2.0000000000000000e+00,4.4000000000000000e-01,-1,-1,0.0000000000000000e+00,wind_direction:18.4_m:degrees
997,4,8.1050297617912292e-01,-5.3593749999999982e-02,1373,1374,7.9489746093750185e-04,mixing_ratio:18.4_m:g_kg-1
998,5,6.2100000381469727e+01,-7.1499999999999994e-02,1209,1210,1.0627499999999986e-03,relative_humidity:18.4_m:%
999,-2,-2.0000000000000000e+00,-1.1130434782608697e-01,-1,-1,8.8090737240075108e-04,wind_direction:18.4_m:degrees
1000,5,7.5750000000000000e+01,-7.6349206349206361e-02,1571,1572,8.2000503905266253e-04,relative_humidity:18.4_m:%
1001,11,2.0440000152587891e+02,-4.4648437499999985e-02,1133,1134,4.4440765380859967e-04,wind_direction:18.4_m:degrees
1002,-2,-2.0000000000000000e+00,-6.1544715447154452e-02,-1,-1,3.9517482979708855e-04,wind_direction:18.4_m:degrees
1003,11,3.4357499694824219e+02,-8.1928571428571420e-02,1123,1124,9.9556632653061920e-04,wind_direction:18.4_m:degrees
1004,-2,-2.0000000000000000e+00,-1.6000000000000000e-01,-1,-1,1.5999999999999001e-03,wind_direction:18.4_m:degrees
1005,-2,-2.0000000000000000e+00,-1.2500000000000003e-01,-1,-1,5.7954545454547840e-04,wind_direction:18.4_m:degrees
1006,-2,-2.0000000000000000e+00,-1.7000000000000001e-01,-1,-1,9.3600000000002362e-04,wind_direction:18.4_m:degrees
1007,-2,-2.0000000000000000e+00,-1.7000000000000001e-01,-1,-1,7.9999999999999516e-04,wind_direction:18.4_m:degrees
1008,9,9.0125602722167969e+01,-2.4500000000000005e-01,1393,1394,1.5821428571429000e-03,angle_between_wind_wave:0_m:degrees
1009,11,1.2109000015258789e+02,-4.8780487804878071e-02,1909,1910,6.0582986317668031e-04,wind_direction:18.4_m:degrees
1010,-2,-2.0000000000000000e+00,2.2000000000000002e-02,-1,-1,1.1759999999999698e-03,wind_direction:18.4_m:degrees
1011,10,1.5703662872314453e+01,-4.3152173913043490e-01,1623,1624,3.3737712665406761e-03,wind_speed:18.4_m:m_s-1
1012,-2,-2.0000000000000000e+00,-3.4000000000000002e-01,-1,-1,-4.8572257327350599e-16,wind_direction:18.4_m:degrees
1013,9,8.9337612152099609e+01,-5.1300000000000001e-01,1015,1016,3.9209999999999523e-03,angle_between_wind_wave:0_m:degrees
1014,2,2.8696000671386719e+02,-5.8000000000000007e-01,1463,1464,4.0363636363636157e-03,water_sfc_temperature:0_m:K
1015,-2,-2.0000000000000000e+00,-4.8875000000000002e-01,-1,-1,1.8609374999999651e-03,wind_direction:18.4_m:degrees
1016,-2,-2.0000000000000000e+00,-6.0999999999999999e-01,-1,-1,3.9999999999995595e-04,wind_direction:18.4_m:degrees
1017,9,8.8381446838378906e+01,-2.2892307692307692e-01,1193,1194,2.0649940828402213e-03,angle_between_wind_wave:0_m:degrees
1018,-2,-2.0000000000000000e+00,-2.9999999999999999e-01,-1,-1,9.6000000000022456e-04,wind_direction:18.4_m:degrees
1019,-2,-2.0000000000000000e+00,-2.5874999999999992e-01,-1,-1,1.4859375000000202e-03,wind_direction:18.4_m:degrees
1020,4,2.5506448745727539e+00,-2.0285714285714285e-01,1407,1408,2.0346938775510220e-03,mixing_ratio:18.4_m:g_kg-1
1021,2,2.8529499816894531e+02,-1.9062500000000000e-02,1023,1024,1.2314127604166666e-03,water_sfc_temperature:0_m:K
1022,12,-7.7335734367370605e+00,-1.4825581395348851e-03,1167,1168,5.2658109113034050e-04,bulk_richardson:18.4_m:none
1023,9,9.0086135864257812e+01,-1.7263157894736848e-02,1475,1476,9.3356232686980616e-04,angle_between_wind_wave:0_m:degrees
1024,-2,-2.0000000000000000e+00,-1.9000000000000000e-01,-1,-1,-1.3877787807814457e-17,wind_direction:18.4_m:degrees
1025,-2,-2.0000000000000000e+00,-3.5300000000000009e-01,-1,-1,4.6099999999991981e-04,wind_direction:18.4_m:degrees
1026,9,9.0264095306396484e+01,-2.9235294117647059e-01,1617,1618,2.1238754325260262e-03,angle_between_wind_wave:0_m:degrees
1027,-2,-2.0000000000000000e+00,-1.0333333333333333e-01,-1,-1,8.8888888888888351e-05,wind_direction:18.4_m:degrees
1028,-2,-2.0000000000000000e+00,-2.0625000000000002e-01,-1,-1,7.4843750000000431e-04,wind_direction:18.4_m:degrees
1029,11,3.2501499938964844e+02,-3.5945945945945919e-02,1715,1716,1.2749159970781596e-03,wind_direction:18.4_m:degrees
1030,5,7.0149997711181641e+01,-6.7037037037037062e-02,1297,1298,1.5541838134430887e-03,relative_humidity:18.4_m:%
1031,-2,-2.0000000000000000e+00,-1.6750000000000001e-01,-1,-1,5.4374999999999216e-04,wind_direction:18.4_m:degrees
1032,4,1.3586573123931885e+01,-1.3589743589743586e-01,1375,1376,8.9598948060485087e-04,mixing_ratio:18.4_m:g_kg-1
1033,-2,-2.0000000000000000e+00,-6.9999999999999993e-02,-1,-1,1.4615384615384629e-03,wind_direction:18.4_m:degrees
1034,1,3.4128523254394531e+02,-1.1391666666666665e-01,1405,1406,1.3238263888888952e-03,azimuth:0_m:degrees
1035,11,2.8930000305175781e+02,-4.3611111111111106e-01,1479,1480,2.3348765432098240e-03,wind_direction:18.4_m:degrees
1036,-2,-2.0000000000000000e+00,-5.0000000000000000e-01,-1,-1,4.0500000000001091e-03,wind_direction:18.4_m:degrees
1037,1,3.3129437255859375e+02,-3.6648648648648652e-01,1053,1054,3.3038714390065393e-03,azimuth:0_m:degrees
1038,-2,-2.0000000000000000e+00,-2.8749999999999998e-01,-1,-1,2.0687500000005909e-03,wind_direction:18.4_m:degrees
1039,11,2.9266499328613281e+02,-1.1826086956521741e-01,1041,1042,1.7013232514177645e-03,wind_direction:18.4_m:degrees
1040,-2,-2.0000000000000000e+00,-1.5566037735849056e-01,-1,-1,9.3022427910288003e-04,wind_direction:18.4_m:degrees
1041,-2,-2.0000000000000000e+00,-1.3764705882352940e-01,-1,-1,3.3564013840831075e-04,wind_direction:18.4_m:degrees
1042,-2,-2.0000000000000000e+00,-6.3333333333333339e-02,-1,-1,1.4888888888888677e-03,wind_direction:18.4_m:degrees
1043,-2,-2.0000000000000000e+00,-5.2833333333333332e-01,-1,-1,1.5138888888888147e-03,wind_direction:18.4_m:degrees
1044,-2,-2.0000000000000000e+00,-6.8999999999999995e-01,-1,-1,-1.6653345369377348e-16,wind_direction:18.4_m:degrees
1045,-2,-2.0000000000000000e+00,-1.2000000000000000e-01,-1,-1,0.0000000000000000e+00,wind_direction:18.4_m:degrees
1046,-2,-2.0000000000000000e+00,-4.4896551724137902e-02,-1,-1,3.2705826397146608e-04,wind_direction:18.4_m:degrees
1047,9,9.3463726043701172e+01,-1.5904203323558103e-02,1183,1184,6.3102503609551211e-04,angle_between_wind_wave:0_m:degrees
1048,-2,-2.0000000000000000e+00,4.5000000000000005e-02,-1,-1,2.2500000000005458e-04,wind_direction:18.4_m:degrees
1049,-2,-2.0000000000000000e+00,-2.6500000000000001e-01,-1,-1,2.4999999999997247e-05,wind_direction:18.4_m:degrees
1050,-2,-2.0000000000000000e+00,-1.8187500000000001e-01,-1,-1,1.1277343750000016e-03,wind_direction:18.4_m:degrees
1051,-2,-2.0000000000000000e+00,-4.2375000000000002e-01,-1,-1,1.8984374999999887e-03,wind_direction:18.4_m:degrees
1052,10,1.5609806537628174e+01,-4.8384615384615387e-01,1095,1096,1.9313609467455639e-03,wind_speed:18.4_m:m_s-1
1053,9,8.7704063415527344e+01,-3.7055555555555553e-01,1413,1414,2.7830246913580214e-03,angle_between_wind_wave:0_m:degrees
1054,-2,-2.0000000000000000e+00,-2.2000000000000000e-01,-1,-1,-1.1726730697603216e-15,wind_direction:18.4_m:degrees
1055,12,-5.5474617984145880e-03,-6.6917293233082681e-02,1433,1434,7.0403075357567107e-04,bulk_richardson:18.4_m:none
1056,3,1.0019500122070312e+03,-7.8938547486033489e-02,1339,1340,9.4468337442652449e-04,pressure:18.4_m:hPa
1057,12,1.5249330550432205e-02,-1.1805970149253733e-01,1641,1642,1.1260859879705879e-03,bulk_richardson:18.4_m:none
1058,7,1.3499999642372131e+00,-1.6636363636363638e-01,1923,1924,1.4776859504132371e-03,wave_height:0_m:m
1059,-2,-2.0000000000000000e+00,-1.5217391304347825e-02,-1,-1,7.8147448015122888e-04,wind_direction:18.4_m:degrees
1060,4,2.6198416948318481e+00,-5.0384615384615389e-02,1685,1686,1.3267751479289964e-03,mixing_ratio:18.4_m:g_kg-1
1061,-2,-2.0000000000000000e+00,-6.0888888888888892e-01,-1,-1,1.4987654320988697e-03,wind_direction:18.4_m:degrees
1062,-2,-2.0000000000000000e+00,-5.2000000000000002e-01,-1,-1,1.6653345369377348e-16,wind_direction:18.4_m:degrees
1063,10,1.1171292304992676e+01,-2.1823529411764711e-01,1565,1566,1.7792387543252436e-03,wind_speed:18.4_m:m_s-1
1064,-2,-2.0000000000000000e+00,-1.5500000000000003e-01,-1,-1,1.4749999999999833e-03,wind_direction:18.4_m:degrees
1065,0,1.1822850418090820e+02,-2.1249999999999997e-01,1619,1620,1.2437500000000087e-03,zenith:0_m:degrees
1066,4,5.8155822753906250e+00,-1.6871794871794873e-01,1559,1560,1.7957922419460891e-03,mixing_ratio:18.4_m:g_kg-1
1067,-2,-2.0000000000000000e+00,-3.6045454545454542e-01,-1,-1,1.0043388429752387e-03,wind_direction:18.4_m:degrees
1068,-2,-2.0000000000000000e+00,-2.7000000000000002e-01,-1,-1,-6.9388939039072284e-17,wind_direction:18.4_m:degrees
1069,-2,-2.0000000000000000e+00,-6.8666666666666665e-01,-1,-1,8.8888888888916107e-05,wind_direction:18.4_m:degrees
1070,-2,-2.0000000000000000e+00,-8.0666666666666664e-01,-1,-1,5.5555555555553138e-04,wind_direction:18.4_m:degrees
1071,2,2.9036999511718750e+02,-1.0131578947368419e-01,1313,1314,1.4759002770083005e-03,water_sfc_temperature:0_m:K
1072,4,7.5659356117248535e+00,-8.1219512195121968e-02,1329,1330,9.6680547293279042e-04,mixing_ratio:18.4_m:g_kg-1
1073,7,1.4499999880790710e+00,-1.0818181818181817e-01,1075,1076,2.1057851239669433e-03,wave_height:0_m:m
1074,-2,-2.0000000000000000e+00,-1.7624999999999999e-01,-1,-1,6.7343749999997440e-04,wind_direction:18.4_m:degrees
1075,-2,-2.0000000000000000e+00,-1.4142857142857140e-01,-1,-1,1.8367346938776008e-04,wind_direction:18.4_m:degrees
1076,-2,-2.0000000000000000e+00,-5.0000000000000003e-02,-1,-1,1.4999999999999779e-04,wind_direction:18.4_m:degrees
1077,11,2.8297999572753906e+02,-1.3128205128205125e-01,1211,1212,1.9598948060486412e-03,wind_direction:18.4_m:degrees
1078,-2,-2.0000000000000000e+00,-6.2000000000000013e-02,-1,-1,5.3599999999999308e-04,wind_direction:18.4_m:degrees
1079,-2,-2.0000000000000000e+00,-1.6814814814814819e-01,-1,-1,7.3360768175580876e-04,wind_direction:18.4_m:degrees
1080,-2,-2.0000000000000000e+00,-2.7500000000000002e-01,-1,-1,1.2250000000000733e-03,wind_direction:18.4_m:degrees
1081,2,2.7679499816894531e+02,-1.1461538461538463e-01,1783,1784,1.6863905325443743e-03,water_sfc_temperature:0_m:K
1082,11,2.8930499267578125e+02,-6.9411764705882367e-02,1731,1732,7.4279123414071595e-04,wind_direction:18.4_m:degrees
1083,5,9.1799999237060547e+01,-6.9883720930232512e-02,1085,1086,1.2697539210384063e-03,relative_humidity:18.4_m:%
1084,0,8.7373283386230469e+01,-5.2368421052631585e-02,1309,1310,7.8123268698059717e-04,zenith:0_m:degrees
1085,11,3.4333499145507812e+02,-6.6913580246913573e-02,1087,1088,1.0670172229843133e-03,wind_direction:18.4_m:degrees
1086,8,7.5999999046325684e+00,-1.1800000000000002e-01,1293,1294,2.0959999999999417e-03,wave_period:0_m:s
1087,8,5.9000000953674316e+00,-5.9322033898305072e-02,1867,1868,9.0970985349037546e-04,wave_period:0_m:s
1088,12,-1.2678898125886917e-01,-8.7272727272727266e-02,1913,1914,9.1983471074382882e-04,bulk_richardson:18.4_m:none
1089,1,2.5914173889160156e+02,-1.2310344827586205e-01,1569,1570,1.4558858501783484e-03,azimuth:0_m:degrees
1090,-2,-2.0000000000000000e+00,-6.7777777777777770e-02,-1,-1,1.1506172839506343e-03,wind_direction:18.4_m:degrees
1091,12,-6.3737839460372925e-02,-1.0230769230769231e-01,1371,1372,1.4485207100591747e-03,bulk_richardson:18.4_m:none
1092,6,2.1050000000000000e+02,-1.3354166666666664e-01,1255,1256,1.8270399305555518e-03,wave_direction:0_m:degrees
1093,11,2.0981500244140625e+02,-1.2034482758620690e-01,1575,1576,1.3412604042806250e-03,wind_direction:18.4_m:degrees
1094,-2,-2.0000000000000000e+00,-1.7000000000000001e-01,-1,-1,6.6666666666669733e-04,wind_direction:18.4_m:degrees
1095,-2,-2.0000000000000000e+00,-4.4800000000000006e-01,-1,-1,5.9599999999992992e-04,wind_direction:18.4_m:degrees
1096,-2,-2.0000000000000000e+00,-5.0624999999999998e-01,-1,-1,1.4609374999999813e-03,wind_direction:18.4_m:degrees
1097,-2,-2.0000000000000000e+00,-5.7925373134328301e-02,-1,-1,3.1554666963689790e-04,wind_direction:18.4_m:degrees
1098,3,1.0065000000000000e+03,-4.4615384615384605e-02,1911,1912,6.9757934373320795e-04,pressure:18.4_m:hPa
1099,-2,-2.0000000000000000e+00,-9.8333333333333342e-02,-1,-1,2.8055555555555473e-04,wind_direction:18.4_m:degrees
1100,-2,-2.0000000000000000e+00,-1.7625000000000002e-01,-1,-1,1.2484375000000117e-03,wind_direction:18.4_m:degrees
1101,7,2.2500000000000000e+00,-1.2163498098859324e-01,1103,1104,9.4979832005667557e-04,wave_height:0_m:m
1102,2,2.8348999023437500e+02,-8.7368421052631581e-02,1249,1250,1.3351800554014821e-03,water_sfc_temperature:0_m:K
1103,6,2.2450000000000000e+02,-1.1861924686192477e-01,1147,1148,8.1106423206874986e-04,wave_direction:0_m:degrees
1104,0,1.3128096389770508e+02,-1.5166666666666670e-01,1781,1782,1.3388888888888582e-03,zenith:0_m:degrees
1105,6,1.7950000000000000e+02,-4.0355329949238537e-02,1125,1126,8.3185343605864863e-04,wave_direction:0_m:degrees
1106,10,5.2903828620910645e+00,-2.7913669064748129e-02,1449,1450,5.5607887790487445e-04,wind_speed:18.4_m:m_s-1
1107,-2,-2.0000000000000000e+00,-1.6666666666666666e-01,-1,-1,1.1955555555555573e-03,wind_direction:18.4_m:degrees
1108,7,1.3499999642372131e+00,-1.2372093023255815e-01,1849,1850,9.1173607355328132e-04,wave_height:0_m:m
1109,-2,-2.0000000000000000e+00,-1.5250000000000000e-01,-1,-1,8.1875000000000003e-04,wind_direction:18.4_m:degrees
1110,-2,-2.0000000000000000e+00,-2.3249999999999998e-01,-1,-1,1.0062500000000071e-03,wind_direction:18.4_m:degrees
1111,-2,-2.0000000000000000e+00,-1.7958477508650501e-02,-1,-1,5.4219896792423645e-04,wind_direction:18.4_m:degrees
1112,4,9.8072233796119690e-01,-3.0611353711790391e-02,1113,1114,9.4897122480502481e-04,mixing_ratio:18.4_m:g_kg-1
1113,-2,-2.0000000000000000e+00,-1.4000000000000001e-01,-1,-1,0.0000000000000000e+00,wind_direction:18.4_m:degrees
1114,11,3.3404499816894531e+02,-2.9647577092511011e-02,1135,1136,8.5097711968018064e-04,wind_direction:18.4_m:degrees
1115,-2,-2.0000000000000000e+00,-6.6976744186046488e-02,-1,-1,5.4512349017487444e-04,wind_direction:18.4_m:degrees
1116,7,9.4999998807907104e-01,-8.9821428571428580e-02,1653,1654,1.4267538265306141e-03,wave_height:0_m:m
1117,-2,-2.0000000000000000e+00,-1.7111111111111110e-01,-1,-1,3.2098765432099149e-04,wind_direction:18.4_m:degrees
1118,3,1.0213500061035156e+03,-2.2428571428571431e-01,1175,1176,1.3330612244897774e-03,pressure:18.4_m:hPa
1119,-2,-2.0000000000000000e+00,-1.8888888888888894e-01,-1,-1,1.2913580246913456e-03,wind_direction:18.4_m:degrees
1120,-2,-2.0000000000000000e+00,-2.6500000000000001e-01,-1,-1,6.7500000000000893e-04,wind_direction:18.4_m:degrees
1121,-2,-2.0000000000000000e+00,-1.9857142857142859e-01,-1,-1,8.4081632653060928e-04,wind_direction:18.4_m:degrees
1122,-2,-2.0000000000000000e+00,-1.2000000000000000e-01,-1,-1,6.6666666666666263e-05,wind_direction:18.4_m:degrees
1123,9,8.9079727172851562e+01,-7.8110236220472432e-02,1363,1364,7.7123194246388627e-04,angle_between_wind_wave:0_m:degrees
1124,10,6.7802846431732178e+00,-1.1923076923076925e-01,1543,1544,1.6532544378698357e-03,wind_speed:18.4_m:m_s-1
1125,-2,-2.0000000000000000e+00,-2.7260273972602753e-02,-1,-1,5.1304184650028089e-04,wind_direction:18.4_m:degrees
1126,4,9.7388839721679688e+00,-4.8064516129032238e-02,1893,1894,8.5915712799168034e-04,mixing_ratio:18.4_m:g_kg-1
1127,-2,-2.0000000000000000e+00,-3.6666666666666670e-01,-1,-1,2.2222222222173516e-05,wind_direction:18.4_m:degrees
1128,12,-4.8904120922088623e-02,-4.5692307692307693e-01,1129,1130,3.9905325443785888e-03,bulk_richardson:18.4_m:none
1129,-2,-2.0000000000000000e+00,-3.2000000000000001e-01,-1,-1,0.0000000000000000e+00,wind_direction:18.4_m:degrees
1130,9,8.9038291931152344e+01,-4.6833333333333327e-01,1131,1132,2.6305555555555804e-03,angle_between_wind_wave:0_m:degrees
1131,-2,-2.0000000000000000e+00,-4.9874999999999997e-01,-1,-1,6.1093750000013047e-04,wind_direction:18.4_m:degrees
1132,-2,-2.0000000000000000e+00,-4.0749999999999997e-01,-1,-1,1.1187499999998907e-03,wind_direction:18.4_m:degrees
1133,-2,-2.0000000000000000e+00,-6.1666666666666675e-02,-1,-1,4.1388888888888769e-04,wind_direction:18.4_m:degrees
1134,-2,-2.0000000000000000e+00,-4.0099009900990079e-02,-1,-1,3.5444564258406441e-04,wind_direction:18.4_m:degrees
1135,9,9.1636108398437500e+01,-2.4689265536723154e-02,1349,1350,7.4354751188994222e-04,angle_between_wind_wave:0_m:degrees
1136,-2,-2.0000000000000000e+00,-4.7199999999999999e-02,-1,-1,8.3616000000000376e-04,wind_direction:18.4_m:degrees
1137,4,1.1215649843215942e+00,-1.4692307692307696e-01,1761,1762,1.5366863905325427e-03,mixing_ratio:18.4_m:g_kg-1
1138,-2,-2.0000000000000000e+00,-2.5000000000000000e-01,-1,-1,1.1102230246251565e-16,wind_direction:18.4_m:degrees
1139,8,6.5999999046325684e+00,-5.9616613418530306e-02,1969,1970,1.0867539731956068e-03,wave_period:0_m:s
1140,-2,-2.0000000000000000e+00,4.0000000000000001e-02,-1,-1,-1.0798653637955624e-16,wind_direction:18.4_m:degrees
1141,4,3.4399888515472412e+00,-2.3227272727272733e-01,1143,1144,2.6039256198347183e-03,mixing_ratio:18.4_m:g_kg-1
1142,-2,-2.0000000000000000e+00,-1.6599999999999998e-01,-1,-1,4.2399999999979954e-04,wind_direction:18.4_m:degrees
1143,3,1.0127000122070312e+03,-2.1625000000000005e-01,1247,1248,2.0234374999999680e-03,pressure:18.4_m:hPa
1144,-2,-2.0000000000000000e+00,-2.7499999999999997e-01,-1,-1,1.6416666666667357e-03,wind_direction:18.4_m:degrees
1145,4,4.2089591026306152e+00,-4.7833333333333333e-01,1467,1468,3.1472222222222457e-03,mixing_ratio:18.4_m:g_kg-1
1146,-2,-2.0000000000000000e+00,-6.3000000000000000e-01,-1,-1,1.6653345369377348e-16,wind_direction:18.4_m:degrees
1147,7,9.0000000596046448e-01,-1.1635555555555559e-01,1239,1240,7.2894024691356682e-04,wave_height:0_m:m
1148,-2,-2.0000000000000000e+00,-1.5500000000000000e-01,-1,-1,7.2499999999996526e-04,wind_direction:18.4_m:degrees
1149,-2,-2.0000000000000000e+00,-1.8750000000000000e-01,-1,-1,1.4187499999999964e-03,wind_direction:18.4_m:degrees
1150,-2,-2.0000000000000000e+00,-2.6347826086956522e-01,-1,-1,8.5746691871455005e-04,wind_direction:18.4_m:degrees
1151,-2,-2.0000000000000000e+00,-4.2999999999999999e-01,-1,-1,0.0000000000000000e+00,wind_direction:18.4_m:degrees
1152,3,1.0260499877929688e+03,-2.8774193548387095e-01,1417,1418,1.7142559833507598e-03,pressure:18.4_m:hPa
1153,-2,-2.0000000000000000e+00,-1.0142857142857142e-01,-1,-1,1.3836734693877563e-03,wind_direction:18.4_m:degrees
1154,-2,-2.0000000000000000e+00,-1.6533333333333333e-01,-1,-1,3.3155555555553981e-04,wind_direction:18.4_m:degrees
1155,-2,-2.0000000000000000e+00,-1.7857142857142858e-01,-1,-1,7.2653061224490362e-04,wind_direction:18.4_m:degrees
1156,-2,-2.0000000000000000e+00,-2.4888888888888891e-01,-1,-1,2.7654320987647446e-04,wind_direction:18.4_m:degrees
1157,-2,-2.0000000000000000e+00,-1.6000000000000003e-01,-1,-1,1.6222222222222124e-03,wind_direction:18.4_m:degrees
1158,0,1.4285163116455078e+02,-2.0476190476190476e-01,1159,1160,3.2154195011337705e-03,zenith:0_m:degrees
1159,6,1.6250000000000000e+02,-2.1249999999999999e-01,1161,1162,2.1187500000000026e-03,wave_direction:0_m:degrees
1160,-2,-2.0000000000000000e+00,-5.0000000000000003e-02,-1,-1,-3.5561831257524545e-17,wind_direction:18.4_m:degrees
1161,-2,-2.0000000000000000e+00,-7.0000000000000007e-02,-1,-1,0.0000000000000000e+00,wind_direction:18.4_m:degrees
1162,-2,-2.0000000000000000e+00,-2.1999999999999997e-01,-1,-1,1.1052631578947480e-03,wind_direction:18.4_m:degrees
1163,-2,-2.0000000000000000e+00,-2.1500000000000002e-01,-1,-1,2.2499999999999604e-04,wind_direction:18.4_m:degrees
1164,-2,-2.0000000000000000e+00,-3.1692307692307692e-01,-1,-1,7.1360946745557818e-04,wind_direction:18.4_m:degrees
1165,0,8.2400642395019531e+01,-1.6291666666666665e-01,1661,1662,1.0206597222222266e-03,zenith:0_m:degrees
1166,-2,-2.0000000000000000e+00,-1.1812499999999999e-01,-1,-1,1.0777343750000088e-03,wind_direction:18.4_m:degrees
1167,-2,-2.0000000000000000e+00,-1.4000000000000001e-01,-1,-1,0.0000000000000000e+00,wind_direction:18.4_m:degrees
1168,8,1.3500000000000000e+01,-1.0787172011661810e-03,1697,1698,4.7201421176550621e-04,wave_period:0_m:s
1169,2,2.8134001159667969e+02,-1.1481481481481483e-01,1171,1172,2.0397805212620038e-03,water_sfc_temperature:0_m:K
1170,10,1.0288602828979492e+01,-8.7414141414141347e-02,1173,1174,6.1432343638406512e-04,wind_speed:18.4_m:m_s-1
1171,-2,-2.0000000000000000e+00,-2.8000000000000003e-01,-1,-1,0.0000000000000000e+00,wind_direction:18.4_m:degrees
1172,2,2.8983499145507812e+02,-1.0846153846153847e-01,1851,1852,1.0284023668639068e-03,water_sfc_temperature:0_m:K
1173,-2,-2.0000000000000000e+00,-7.3999999999999982e-02,-1,-1,4.0400000000000505e-04,wind_direction:18.4_m:degrees
1174,3,1.0119500122070312e+03,-9.0395061728395010e-02,2017,2018,6.1218960524312555e-04,pressure:18.4_m:hPa
1175,12,1.1929191648960114e-02,-2.4578947368421053e-01,1311,1312,1.2138504155124949e-03,bulk_richardson:18.4_m:none
1176,-2,-2.0000000000000000e+00,-1.9875000000000001e-01,-1,-1,2.7343749999996642e-04,wind_direction:18.4_m:degrees
1177,-2,-2.0000000000000000e+00,-2.9999999999999999e-02,-1,-1,0.0000000000000000e+00,wind_direction:18.4_m:degrees
1178,5,7.1599998474121094e+01,-1.6918918918918924e-01,1179,1180,1.5894326759191661e-03,relative_humidity:18.4_m:%
1179,9,8.9946548461914062e+01,-1.6538461538461538e-01,1845,1846,1.4421597633135948e-03,angle_between_wind_wave:0_m:degrees
1180,-2,-2.0000000000000000e+00,-2.2571428571428573e-01,-1,-1,3.6734693877551322e-04,wind_direction:18.4_m:degrees
1181,-2,-2.0000000000000000e+00,-2.3000000000000001e-01,-1,-1,0.0000000000000000e+00,wind_direction:18.4_m:degrees
1182,-2,-2.0000000000000000e+00,-3.4999999999999998e-01,-1,-1,-2.7755575615628914e-17,wind_direction:18.4_m:degrees
1183,5,8.9450000762939453e+01,-1.5632973503434684e-02,1185,1186,6.0968275965680551e-04,relative_humidity:18.4_m:%
1184,-2,-2.0000000000000000e+00,-8.4999999999999992e-02,-1,-1,1.2750000000000617e-03,wind_direction:18.4_m:degrees
1185,11,3.3240998840332031e+02,-1.0993788819875755e-02,1187,1188,7.5263557218728733e-04,wind_direction:18.4_m:degrees
1186,-2,-2.0000000000000000e+00,-1.9813432835820849e-02,-1,-1,4.4399504343951921e-04,wind_direction:18.4_m:degrees
1187,11,3.0625000000000000e+02,-8.3529411764705873e-03,1509,1510,5.3469896193771645e-04,wind_direction:18.4_m:degrees
1188,3,1.0115000000000000e+03,-3.0344827586206900e-02,1189,1190,1.9240190249702738e-03,pressure:18.4_m:hPa
1189,10,6.4985554218292236e+00,-5.0322580645161298e-02,1191,1192,2.5386056191467219e-03,wind_speed:18.4_m:m_s-1
1190,-2,-2.0000000000000000e+00,-7.4074074074074077e-03,-1,-1,2.3401920438957574e-04,wind_direction:18.4_m:degrees
1191,-2,-2.0000000000000000e+00,-2.6111111111111109e-02,-1,-1,8.4598765432098810e-04,wind_direction:18.4_m:degrees
1192,-2,-2.0000000000000000e+00,-8.3846153846153876e-02,-1,-1,2.9467455621301712e-03,wind_direction:18.4_m:degrees
1193,-2,-2.0000000000000000e+00,-2.6500000000000007e-01,-1,-1,1.3583333333332948e-03,wind_direction:18.4_m:degrees
1194,9,9.0036602020263672e+01,-2.2075471698113208e-01,1195,1196,1.8635813456746100e-03,angle_between_wind_wave:0_m:degrees
1195,-2,-2.0000000000000000e+00,-1.9000000000000003e-01,-1,-1,4.1739130434781391e-04,wind_direction:18.4_m:degrees
1196,1,2.2187237548828125e+02,-2.4433333333333340e-01,1607,1608,1.6912222222222120e-03,azimuth:0_m:degrees
1197,-2,-2.0000000000000000e+00,-2.9672727272727246e-02,-1,-1,3.0062016528925812e-04,wind_direction:18.4_m:degrees
1198,-2,-2.0000000000000000e+00,-1.9778434268833002e-02,-1,-1,3.3746937243770867e-04,wind_direction:18.4_m:degrees
1199,-2,-2.0000000000000000e+00,-1.8000000000000002e-01,-1,-1,1.9999999999999185e-04,wind_direction:18.4_m:degrees
1200,-2,-2.0000000000000000e+00,-2.7100000000000002e-01,-1,-1,1.3489999999999891e-03,wind_direction:18.4_m:degrees
1201,12,8.0247812438756227e-03,-6.5441176470588211e-02,1203,1204,6.9245242214533050e-04,bulk_richardson:18.4_m:none
1202,-2,-2.0000000000000000e+00,-3.5483870967741936e-02,-1,-1,2.3766909469303253e-04,wind_direction:18.4_m:degrees
1203,-2,-2.0000000000000000e+00,-7.6530612244897947e-02,-1,-1,3.6143273635984817e-04,wind_direction:18.4_m:degrees
1204,-2,-2.0000000000000000e+00,-3.6842105263157898e-02,-1,-1,4.1108033240998265e-04,wind_direction:18.4_m:degrees
1205,7,9.4999998807907104e-01,-2.3749999999999993e-02,1207,1208,6.7065972222222266e-04,wave_height:0_m:m
1206,-2,-2.0000000000000000e+00,-1.0057471264367819e-02,-1,-1,4.3965186946756619e-04,wind_direction:18.4_m:degrees
1207,-2,-2.0000000000000000e+00,-1.3837209302325586e-02,-1,-1,4.1434559221200664e-04,wind_direction:18.4_m:degrees
1208,-2,-2.0000000000000000e+00,-3.8448275862068976e-02,-1,-1,6.8897146254459098e-04,wind_direction:18.4_m:degrees
1209,4,9.1137352585792542e-01,-7.3720930232558116e-02,1961,1962,9.4778258518117987e-04,mixing_ratio:18.4_m:g_kg-1
1210,-2,-2.0000000000000000e+00,-2.3750000000000000e-02,-1,-1,1.1484375000000086e-03,wind_direction:18.4_m:degrees
1211,-2,-2.0000000000000000e+00,-1.0000000000000001e-01,-1,-1,1.0153846153846124e-03,wind_direction:18.4_m:degrees
1212,-2,-2.0000000000000000e+00,-1.4692307692307693e-01,-1,-1,1.6982248520710091e-03,wind_direction:18.4_m:degrees
1213,-2,-2.0000000000000000e+00,-2.3736842105263162e-01,-1,-1,8.6149584487532627e-04,wind_direction:18.4_m:degrees
1214,-2,-2.0000000000000000e+00,-3.4000000000000002e-01,-1,-1,2.4980018054066022e-16,wind_direction:18.4_m:degrees
1215,-2,-2.0000000000000000e+00,-7.6000000000000001e-01,-1,-1,0.0000000000000000e+00,wind_direction:18.4_m:degrees
1216,9,8.8493320465087891e+01,-6.1842105263157898e-01,1217,1218,2.5711911357340633e-03,angle_between_wind_wave:0_m:degrees
1217,-2,-2.0000000000000000e+00,-5.5500000000000005e-01,-1,-1,7.4999999999991740e-05,wind_direction:18.4_m:degrees
1218,-2,-2.0000000000000000e+00,-6.3533333333333331e-01,-1,-1,1.8782222222222811e-03,wind_direction:18.4_m:degrees
1219,-2,-2.0000000000000000e+00,-1.4818181818181819e-01,-1,-1,1.1239669421487589e-03,wind_direction:18.4_m:degrees
1220,1,9.0506034851074219e+01,-1.9869565217391305e-01,1221,1222,1.7939508506616339e-03,azimuth:0_m:degrees
1221,-2,-2.0000000000000000e+00,-2.5400000000000000e-01,-1,-1,9.0400000000000202e-04,wind_direction:18.4_m:degrees
1222,-2,-2.0000000000000000e+00,-1.8333333333333329e-01,-1,-1,9.5555555555554283e-04,wind_direction:18.4_m:degrees
1223,6,2.3050000000000000e+02,-1.8241379310344827e-01,1225,1226,1.1424494649227013e-03,wave_direction:0_m:degrees
1224,-2,-2.0000000000000000e+00,-1.1599999999999999e-01,-1,-1,6.4000000000058802e-05,wind_direction:18.4_m:degrees
1225,-2,-2.0000000000000000e+00,-1.9681818181818186e-01,-1,-1,4.8533057851238987e-04,wind_direction:18.4_m:degrees
1226,-2,-2.0000000000000000e+00,-1.3714285714285715e-01,-1,-1,5.0612244897962205e-04,wind_direction:18.4_m:degrees
1227,-2,-2.0000000000000000e+00,-5.1444444444444448e-01,-1,-1,8.4691358024691077e-04,wind_direction:18.4_m:degrees
1228,-2,-2.0000000000000000e+00,-4.3800000000000000e-01,-1,-1,2.1599999999999397e-04,wind_direction:18.4_m:degrees
1229,10,1.1468642234802246e+01,-1.8000000000000005e-01,1231,1232,2.2933333333333347e-03,wind_speed:18.4_m:m_s-1
1230,4,1.7777734994888306e+00,-1.3666666666666669e-01,1675,1676,1.6888888888888544e-03,mixing_ratio:18.4_m:g_kg-1
1231,0,6.3831407546997070e+01,-1.6142857142857145e-01,1233,1234,1.7951020408163085e-03,zenith:0_m:degrees
1232,7,1.4499999880790710e+00,-2.0599999999999999e-01,1997,1998,1.8319999999999934e-03,wave_height:0_m:m
1233,-2,-2.0000000000000000e+00,-1.0000000000000000e-02,-1,-1,0.0000000000000000e+00,wind_direction:18.4_m:degrees
1234,-2,-2.0000000000000000e+00,-1.6588235294117645e-01,-1,-1,1.1536332179930761e-03,wind_direction:18.4_m:degrees
1235,-2,-2.0000000000000000e+00,-1.3046153846153843e-01,-1,-1,1.1582485207100660e-03,wind_direction:18.4_m:degrees
1236,4,3.1663640737533569e+00,-1.0765432098765433e-01,1523,1524,9.5869532083522543e-04,mixing_ratio:18.4_m:g_kg-1
1237,-2,-2.0000000000000000e+00,-4.0307692307692311e-01,-1,-1,3.9053254437865226e-04,wind_direction:18.4_m:degrees
1238,10,1.3386542320251465e+01,-4.5909090909090916e-01,1891,1892,1.6446280991736228e-03,wind_speed:18.4_m:m_s-1
1239,-2,-2.0000000000000000e+00,2.0000000000000000e-02,-1,-1,0.0000000000000000e+00,wind_direction:18.4_m:degrees
1240,9,9.1087200164794922e+01,-1.1696428571428572e-01,1533,1534,6.4882015306122649e-04,angle_between_wind_wave:0_m:degrees
1241,3,9.9104998779296875e+02,-4.4058823529411767e-01,1243,1244,1.5467128027680799e-03,pressure:18.4_m:hPa
1242,-2,-2.0000000000000000e+00,-2.9999999999999999e-01,-1,-1,-4.1633363423443370e-17,wind_direction:18.4_m:degrees
1243,-2,-2.0000000000000000e+00,-4.8833333333333334e-01,-1,-1,2.1388888888887458e-04,wind_direction:18.4_m:degrees
1244,-2,-2.0000000000000000e+00,-4.1454545454545461e-01,-1,-1,3.5206611570243185e-04,wind_direction:18.4_m:degrees
1245,-2,-2.0000000000000000e+00,-1.7285714285714285e-01,-1,-1,4.2040816326530811e-04,wind_direction:18.4_m:degrees
1246,-2,-2.0000000000000000e+00,-1.1727272727272729e-01,-1,-1,5.6983471074380232e-04,wind_direction:18.4_m:degrees
1247,-2,-2.0000000000000000e+00,-2.0714285714285713e-01,-1,-1,1.6489795918367064e-03,wind_direction:18.4_m:degrees
1248,-2,-2.0000000000000000e+00,-2.8000000000000003e-01,-1,-1,1.3877787807814457e-17,wind_direction:18.4_m:degrees
1249,-2,-2.0000000000000000e+00,-2.2000000000000000e-01,-1,-1,0.0000000000000000e+00,wind_direction:18.4_m:degrees
1250,-2,-2.0000000000000000e+00,-8.0000000000000016e-02,-1,-1,3.7777777777777462e-04,wind_direction:18.4_m:degrees
1251,-2,-2.0000000000000000e+00,-2.7500000000000002e-01,-1,-1,3.0249999999999860e-03,wind_direction:18.4_m:degrees
1252,5,4.3800001144409180e+01,-3.7846153846153846e-01,1585,1586,2.0899408284023313e-03,relative_humidity:18.4_m:%
1253,0,1.3481716918945312e+02,-2.9541666666666672e-01,2033,2034,9.5815972222217105e-04,zenith:0_m:degrees
1254,2,2.8939500427246094e+02,-2.5972972972972974e-01,1335,1336,1.2620891161431447e-03,water_sfc_temperature:0_m:K
1255,1,3.2022717285156250e+02,-1.5999999999999998e-01,1257,1258,2.3647058823529528e-03,azimuth:0_m:degrees
1256,-2,-2.0000000000000000e+00,-1.1903225806451613e-01,-1,-1,9.3777315296565342e-04,wind_direction:18.4_m:degrees
1257,-2,-2.0000000000000000e+00,-1.7785714285714285e-01,-1,-1,9.4540816326529886e-04,wind_direction:18.4_m:degrees
1258,-2,-2.0000000000000000e+00,-7.6666666666666661e-02,-1,-1,5.5555555555558776e-04,wind_direction:18.4_m:degrees
1259,-2,-2.0000000000000000e+00,-4.6999999999999997e-01,-1,-1,0.0000000000000000e+00,wind_direction:18.4_m:degrees
1260,-2,-2.0000000000000000e+00,-3.6692307692307696e-01,-1,-1,1.2059171597633422e-03,wind_direction:18.4_m:degrees
1261,6,2.2850000000000000e+02,-2.9999999999999999e-01,1263,1264,1.4900000000000607e-03,wave_direction:0_m:degrees
1262,2,2.7491500854492188e+02,-2.5000000000000000e-01,1461,1462,2.7999999999999414e-03,water_sfc_temperature:0_m:K
1263,3,1.0016000061035156e+03,-2.8733333333333333e-01,1525,1526,1.1528888888888561e-03,pressure:18.4_m:hPa
1264,-2,-2.0000000000000000e+00,-3.3799999999999997e-01,-1,-1,5.7600000000011808e-04,wind_direction:18.4_m:degrees
1265,-2,-2.0000000000000000e+00,-2.9999999999999999e-02,-1,-1,3.5294117647058842e-04,wind_direction:18.4_m:degrees
1266,-2,-2.0000000000000000e+00,-5.6076923076923059e-02,-1,-1,4.3768639053254777e-04,wind_direction:18.4_m:degrees
1267,-2,-2.0000000000000000e+00,-4.2727272727272732e-02,-1,-1,5.7438016528925384e-04,wind_direction:18.4_m:degrees
1268,-2,-2.0000000000000000e+00,-1.0500000000000000e-01,-1,-1,8.9166666666666734e-04,wind_direction:18.4_m:degrees
1269,-2,-2.0000000000000000e+00,-4.0000000000000002e-01,-1,-1,0.0000000000000000e+00,wind_direction:18.4_m:degrees
1270,-2,-2.0000000000000000e+00,-5.4222222222222227e-01,-1,-1,7.0617283950624721e-04,wind_direction:18.4_m:degrees
1271,-2,-2.0000000000000000e+00,-5.9999999999999998e-02,-1,-1,0.0000000000000000e+00,wind_direction:18.4_m:degrees
1272,2,2.7572499084472656e+02,-1.5635416666666668e-01,1273,1274,2.2148328993055501e-03,water_sfc_temperature:0_m:K
1273,-2,-2.0000000000000000e+00,-2.1666666666666665e-01,-1,-1,8.2222222222223806e-04,wind_direction:18.4_m:degrees
1274,12,-7.7558863908052444e-02,-1.5233333333333338e-01,1275,1276,2.0490000000000057e-03,bulk_richardson:18.4_m:none
1275,6,2.3350000000000000e+02,-1.8785714285714286e-01,1811,1812,1.5311224489795855e-03,wave_direction:0_m:degrees
1276,12,-7.5522888451814651e-02,-1.4578947368421047e-01,1277,1278,1.8691135734071850e-03,bulk_richardson:18.4_m:none
1277,-2,-2.0000000000000000e+00,-6.6666666666666666e-02,-1,-1,8.8888888888889218e-05,wind_direction:18.4_m:degrees
1278,7,1.5500000119209290e+00,-1.4904109589041095e-01,1537,1538,1.6744229686620447e-03,wave_height:0_m:m
1279,-2,-2.0000000000000000e+00,-1.3142857142857142e-01,-1,-1,1.2979591836734701e-03,wind_direction:18.4_m:degrees
1280,5,2.7550000190734863e+01,-1.7219999999999999e-01,1281,1282,1.8331600000000177e-03,relative_humidity:18.4_m:%
1281,-2,-2.0000000000000000e+00,-2.8000000000000003e-01,-1,-1,0.0000000000000000e+00,wind_direction:18.4_m:degrees
1282,0,5.4571701049804688e+01,-1.6770833333333335e-01,1411,1412,1.4051649305555601e-03,zenith:0_m:degrees
1283,-2,-2.0000000000000000e+00,-1.8923076923076923e-01,-1,-1,6.5325443786982268e-04,wind_direction:18.4_m:degrees
1284,9,9.0707263946533203e+01,-2.3333333333333331e-01,1663,1664,8.7070707070702885e-04,angle_between_wind_wave:0_m:degrees
1285,-2,-2.0000000000000000e+00,-1.2886363636363637e-01,-1,-1,5.7825413223142400e-04,wind_direction:18.4_m:degrees
1286,-2,-2.0000000000000000e+00,-9.7000000000000003e-02,-1,-1,5.6100000000000073e-04,wind_direction:18.4_m:degrees
1287,-2,-2.0000000000000000e+00,-9.1707317073170730e-02,-1,-1,7.3367043426531518e-04,wind_direction:18.4_m:degrees
1288,-2,-2.0000000000000000e+00,-1.1861111111111113e-01,-1,-1,5.2862654320988932e-04,wind_direction:18.4_m:degrees
1289,-2,-2.0000000000000000e+00,-7.6428571428571429e-02,-1,-1,1.9438775510204238e-04,wind_direction:18.4_m:degrees
1290,-2,-2.0000000000000000e+00,-1.1864864864864866e-01,-1,-1,2.0441197954711478e-03,wind_direction:18.4_m:degrees
1291,9,8.9056430816650391e+01,-6.1000000000000010e-01,1925,1926,3.3499999999999086e-03,angle_between_wind_wave:0_m:degrees
1292,4,1.3278564810752869e+00,-6.8083333333333351e-01,1805,1806,2.0298611111109754e-03,mixing_ratio:18.4_m:g_kg-1
1293,-2,-2.0000000000000000e+00,-8.3333333333333329e-02,-1,-1,4.2222222222221967e-04,wind_direction:18.4_m:degrees
1294,-2,-2.0000000000000000e+00,-1.6999999999999998e-01,-1,-1,9.9999999999992456e-05,wind_direction:18.4_m:degrees
1295,-2,-2.0000000000000000e+00,-3.5999999999999999e-01,-1,-1,0.0000000000000000e+00,wind_direction:18.4_m:degrees
1296,-2,-2.0000000000000000e+00,-2.2133333333333333e-01,-1,-1,8.5155555555556373e-04,wind_direction:18.4_m:degrees
1297,-2,-2.0000000000000000e+00,-1.4000000000000001e-01,-1,-1,0.0000000000000000e+00,wind_direction:18.4_m:degrees
1298,2,2.7550000000000000e+02,-5.7916666666666693e-02,1993,1994,9.9982638888888604e-04,water_sfc_temperature:0_m:K
1299,11,1.2444499969482422e+02,-3.2786177105831427e-02,1795,1796,5.0130849143300410e-04,wind_direction:18.4_m:degrees
1300,5,6.9500000000000000e+01,-4.0107172300082428e-02,1301,1302,6.0617153141052688e-04,relative_humidity:18.4_m:%
1301,12,1.8678540363907814e-02,-5.2719298245614048e-02,1875,1876,6.3207910126192660e-04,bulk_richardson:18.4_m:none
1302,5,7.0250000000000000e+01,-3.8798908098271120e-02,1303,1304,5.8527257387599096e-04,relative_humidity:18.4_m:%
1303,-2,-2.0000000000000000e+00,5.5000000000000000e-02,-1,-1,1.8749999999999999e-03,wind_direction:18.4_m:degrees
1304,10,7.3674216270446777e+00,-3.9141552511415434e-02,1351,1352,5.4830416379974948e-04,wind_speed:18.4_m:m_s-1
1305,-2,-2.0000000000000000e+00,-1.1428571428571430e-01,-1,-1,1.3102040816326509e-03,wind_direction:18.4_m:degrees
1306,-2,-2.0000000000000000e+00,-2.0666666666666667e-01,-1,-1,1.4222222222222275e-03,wind_direction:18.4_m:degrees
1307,-2,-2.0000000000000000e+00,-5.7285714285714284e-01,-1,-1,2.7755102040832869e-04,wind_direction:18.4_m:degrees
1308,-2,-2.0000000000000000e+00,-6.8000000000000005e-01,-1,-1,-5.5511151231257827e-17,wind_direction:18.4_m:degrees
1309,-2,-2.0000000000000000e+00,-3.7446808510638301e-02,-1,-1,6.0199185151652338e-04,wind_direction:18.4_m:degrees
1310,6,1.8950000000000000e+02,-6.2835820895522393e-02,1827,1828,6.4121185119179937e-04,wave_direction:0_m:degrees
1311,-2,-2.0000000000000000e+00,-2.6916666666666672e-01,-1,-1,3.7430555555555134e-04,wind_direction:18.4_m:degrees
1312,-2,-2.0000000000000000e+00,-2.0571428571428571e-01,-1,-1,1.1020408163266160e-04,wind_direction:18.4_m:degrees
1313,3,1.0027500000000000e+03,-9.7737226277372261e-02,1655,1656,1.4248068623794480e-03,pressure:18.4_m:hPa
1314,-2,-2.0000000000000000e+00,-1.3399999999999998e-01,-1,-1,7.5733333333336331e-04,wind_direction:18.4_m:degrees
1315,-2,-2.0000000000000000e+00,-1.0039477679927128e-02,-1,-1,2.9805492496252472e-04,wind_direction:18.4_m:degrees
1316,-2,-2.0000000000000000e+00,-1.8705882352941166e-02,-1,-1,4.1675663206456497e-04,wind_direction:18.4_m:degrees
1317,4,1.3135107040405273e+01,-8.4400000000000003e-02,1319,1320,5.9664000000001025e-04,mixing_ratio:18.4_m:g_kg-1
1318,4,1.5280613899230957e+01,-9.9243697478991602e-02,1321,1322,1.2338817880093410e-03,mixing_ratio:18.4_m:g_kg-1
1319,11,1.8561499786376953e+02,-8.6781115879828244e-02,1361,1362,5.4199930004235949e-04,wind_direction:18.4_m:degrees
1320,-2,-2.0000000000000000e+00,-5.1764705882352935e-02,-1,-1,2.0276816609000230e-04,wind_direction:18.4_m:degrees
1321,12,1.5897948760539293e-02,-1.0726190476190475e-01,1323,1324,1.3317885487528335e-03,bulk_richardson:18.4_m:none
1322,-2,-2.0000000000000000e+00,-8.0000000000000029e-02,-1,-1,4.7428571428571528e-04,wind_direction:18.4_m:degrees
1323,12,2.4620775366201997e-03,-1.0280487804878047e-01,1843,1844,5.2993753718025109e-04,bulk_richardson:18.4_m:none
1324,-2,-2.0000000000000000e+00,-2.8999999999999998e-01,-1,-1,-1.2490009027033011e-16,wind_direction:18.4_m:degrees
1325,-2,-2.0000000000000000e+00,-2.5333333333333335e-01,-1,-1,5.5555555555554526e-04,wind_direction:18.4_m:degrees
1326,-2,-2.0000000000000000e+00,-1.6142857142857145e-01,-1,-1,6.9387755102040538e-05,wind_direction:18.4_m:degrees
1327,-2,-2.0000000000000000e+00,-3.1799999999999995e-01,-1,-1,1.8160000000000259e-03,wind_direction:18.4_m:degrees
1328,-2,-2.0000000000000000e+00,-2.5190476190476196e-01,-1,-1,1.8630385487528600e-03,wind_direction:18.4_m:degrees
1329,-2,-2.0000000000000000e+00,-7.0377358490566033e-02,-1,-1,6.1495194019223730e-04,wind_direction:18.4_m:degrees
1330,4,7.6951923370361328e+00,-1.0103448275862069e-01,1939,1940,1.0023781212841840e-03,mixing_ratio:18.4_m:g_kg-1
1331,-2,-2.0000000000000000e+00,-5.4749999999999999e-01,-1,-1,1.1687499999999962e-03,wind_direction:18.4_m:degrees
1332,11,2.8140499877929688e+02,-4.6900000000000003e-01,1557,1558,1.8089999999998385e-03,wind_direction:18.4_m:degrees
1333,-2,-2.0000000000000000e+00,-4.0833333333333338e-01,-1,-1,1.1138888888889142e-03,wind_direction:18.4_m:degrees
1334,-2,-2.0000000000000000e+00,-2.9999999999999999e-01,-1,-1,5.5511151231257827e-17,wind_direction:18.4_m:degrees
1335,-2,-2.0000000000000000e+00,-2.4827586206896554e-01,-1,-1,8.9013079667062123e-04,wind_direction:18.4_m:degrees
1336,-2,-2.0000000000000000e+00,-3.0125000000000002e-01,-1,-1,4.1093749999997209e-04,wind_direction:18.4_m:degrees
1337,12,-1.6709390096366405e-02,-8.2597402597402531e-02,1907,1908,9.7593748243098369e-04,bulk_richardson:18.4_m:none
1338,10,8.8656730651855469e+00,-6.2857142857142861e-02,1977,1978,5.8112244897958951e-04,wind_speed:18.4_m:m_s-1
1339,6,2.2700000000000000e+02,-1.0565217391304350e-01,1341,1342,6.8593572778827931e-03,wave_direction:0_m:degrees
1340,12,6.4067327184602618e-04,-7.7104477611940267e-02,1343,1344,4.8624281577189579e-04,bulk_richardson:18.4_m:none
1341,-2,-2.0000000000000000e+00,-8.8181818181818195e-02,-1,-1,1.5123966942148445e-04,wind_direction:18.4_m:degrees
1342,-2,-2.0000000000000000e+00,-4.8999999999999999e-01,-1,-1,-2.7755575615628914e-17,wind_direction:18.4_m:degrees
1343,-2,-2.0000000000000000e+00,-8.4186046511627935e-02,-1,-1,4.7666306111411073e-04,wind_direction:18.4_m:degrees
1344,-2,-2.0000000000000000e+00,-6.9631901840490812e-02,-1,-1,3.8759456509466529e-04,wind_direction:18.4_m:degrees
1345,-2,-2.0000000000000000e+00,-2.6000000000000001e-01,-1,-1,3.1428571428571139e-04,wind_direction:18.4_m:degrees
1346,-2,-2.0000000000000000e+00,-3.2666666666666666e-01,-1,-1,4.2222222222228212e-04,wind_direction:18.4_m:degrees
1347,11,3.1357499694824219e+02,-1.0972222222222225e-01,1967,1968,9.1381172839505309e-04,wind_direction:18.4_m:degrees
1348,-2,-2.0000000000000000e+00,-8.5400000000000004e-02,-1,-1,5.8084000000001301e-04,wind_direction:18.4_m:degrees
1349,12,-6.9247636198997498e-01,-2.0204081632653057e-02,1955,1956,5.7342773844231570e-04,bulk_richardson:18.4_m:none
1350,12,-1.0491435527801514e+00,-4.6666666666666676e-02,1733,1734,9.9555555555556072e-04,bulk_richardson:18.4_m:none
1351,-2,-2.0000000000000000e+00,-1.0500000000000001e-01,-1,-1,1.2250000000000004e-03,wind_direction:18.4_m:degrees
1352,11,3.1758999633789062e+02,-3.8900091659028350e-02,1933,1934,5.2986261227390896e-04,wind_direction:18.4_m:degrees
1353,-2,-2.0000000000000000e+00,-3.6896551724137951e-02,-1,-1,4.2140309155766823e-04,wind_direction:18.4_m:degrees
1354,-2,-2.0000000000000000e+00,-5.7536231884057945e-02,-1,-1,5.9827767275782637e-04,wind_direction:18.4_m:degrees
1355,-2,-2.0000000000000000e+00,-3.5583333333333328e-01,-1,-1,1.0409722222223250e-03,wind_direction:18.4_m:degrees
1356,-2,-2.0000000000000000e+00,-4.1200000000000003e-01,-1,-1,9.5599999999995688e-04,wind_direction:18.4_m:degrees
1357,9,8.8540348052978516e+01,-1.0618421052631577e-01,1549,1550,1.6512292243767348e-03,angle_between_wind_wave:0_m:degrees
1358,-2,-2.0000000000000000e+00,-1.4899999999999999e-01,-1,-1,1.3490000000000481e-03,wind_direction:18.4_m:degrees
1359,-2,-2.0000000000000000e+00,-2.8999999999999998e-01,-1,-1,0.0000000000000000e+00,wind_direction:18.4_m:degrees
1360,-2,-2.0000000000000000e+00,-1.5725000000000000e-01,-1,-1,5.2993749999999049e-04,wind_direction:18.4_m:degrees
1361,12,-1.2117700651288033e-02,-8.2295081967213121e-02,1709,1710,4.1659052226105872e-04,bulk_richardson:18.4_m:none
1362,-2,-2.0000000000000000e+00,-1.0320000000000000e-01,-1,-1,6.5775999999999335e-04,wind_direction:18.4_m:degrees
1363,-2,-2.0000000000000000e+00,-1.7000000000000001e-01,-1,-1,0.0000000000000000e+00,wind_direction:18.4_m:degrees
1364,-2,-2.0000000000000000e+00,-7.6639999999999986e-02,-1,-1,6.4631040000000424e-04,wind_direction:18.4_m:degrees
1365,0,1.1677152633666992e+02,-2.4200000000000002e-01,1367,1368,1.4674285714285917e-03,zenith:0_m:degrees
1366,1,1.9422238159179688e+02,-1.6333333333333333e-01,1701,1702,5.0888888888888408e-03,azimuth:0_m:degrees
1367,-2,-2.0000000000000000e+00,-2.3034482758620695e-01,-1,-1,7.4126040428062340e-04,wind_direction:18.4_m:degrees
1368,-2,-2.0000000000000000e+00,-2.9833333333333334e-01,-1,-1,1.1472222222221468e-03,wind_direction:18.4_m:degrees
1369,9,9.1470699310302734e+01,-9.6951219512195111e-02,1683,1684,7.5290005948840111e-04,angle_between_wind_wave:0_m:degrees
1370,-2,-2.0000000000000000e+00,-2.9999999999999999e-02,-1,-1,1.0299920638612292e-17,wind_direction:18.4_m:degrees
1371,10,9.2558789253234863e+00,-1.0833333333333334e-01,1995,1996,1.0972222222222199e-03,wind_speed:18.4_m:m_s-1
1372,-2,-2.0000000000000000e+00,-2.9999999999999999e-02,-1,-1,3.3176586478056436e-17,wind_direction:18.4_m:degrees
1373,-2,-2.0000000000000000e+00,-1.4500000000000002e-01,-1,-1,2.4999999999993777e-05,wind_direction:18.4_m:degrees
1374,-2,-2.0000000000000000e+00,-5.2142857142857123e-02,-1,-1,6.7239229024943512e-04,wind_direction:18.4_m:degrees
1375,-2,-2.0000000000000000e+00,-1.2724137931034485e-01,-1,-1,7.9928656361476572e-04,wind_direction:18.4_m:degrees
1376,-2,-2.0000000000000000e+00,-1.6100000000000003e-01,-1,-1,3.2899999999995780e-04,wind_direction:18.4_m:degrees
1377,5,5.4399999618530273e+01,-3.3812499999999995e-01,1771,1772,1.7714843750000486e-03,relative_humidity:18.4_m:%
1378,-2,-2.0000000000000000e+00,-4.1666666666666669e-01,-1,-1,5.5555555555536484e-04,wind_direction:18.4_m:degrees
1379,-2,-2.0000000000000000e+00,-9.6363636363636374e-02,-1,-1,1.6859504132231244e-04,wind_direction:18.4_m:degrees
1380,-2,-2.0000000000000000e+00,-1.5181818181818185e-01,-1,-1,7.2396694214876475e-04,wind_direction:18.4_m:degrees
1381,-2,-2.0000000000000000e+00,-5.9999999999999998e-02,-1,-1,0.0000000000000000e+00,wind_direction:18.4_m:degrees
1382,-2,-2.0000000000000000e+00,7.0000000000000007e-02,-1,-1,0.0000000000000000e+00,wind_direction:18.4_m:degrees
1383,10,1.2511488437652588e+01,-2.3636363636363636e-01,1387,1388,1.9481404958677923e-03,wind_speed:18.4_m:m_s-1
1384,1,2.5002501678466797e+02,-1.9299999999999998e-01,1385,1386,4.0409999999999197e-03,azimuth:0_m:degrees
1385,-2,-2.0000000000000000e+00,-3.0499999999999999e-01,-1,-1,2.0249999999999990e-03,wind_direction:18.4_m:degrees
1386,-2,-2.0000000000000000e+00,-1.6500000000000001e-01,-1,-1,6.2500000000000749e-04,wind_direction:18.4_m:degrees
1387,12,-2.7128554880619049e-02,-2.3294117647058829e-01,1421,1422,1.6325259515571205e-03,bulk_richardson:18.4_m:none
1388,-2,-2.0000000000000000e+00,-3.3333333333333331e-01,-1,-1,1.1555555555550351e-03,wind_direction:18.4_m:degrees
1389,-2,-2.0000000000000000e+00,1.0000000000000000e-02,-1,-1,8.5000000000000006e-04,wind_direction:18.4_m:degrees
1390,-2,-2.0000000000000000e+00,8.5000000000000006e-02,-1,-1,7.4999999999999546e-05,wind_direction:18.4_m:degrees
1391,-2,-2.0000000000000000e+00,-1.1000000000000000e-01,-1,-1,6.3636363636363630e-04,wind_direction:18.4_m:degrees
1392,-2,-2.0000000000000000e+00,-1.7999999999999999e-01,-1,-1,3.9999999999999758e-04,wind_direction:18.4_m:degrees
1393,-2,-2.0000000000000000e+00,-2.3538461538461536e-01,-1,-1,4.0946745562128739e-04,wind_direction:18.4_m:degrees
1394,-2,-2.0000000000000000e+00,-3.7000000000000000e-01,-1,-1,-5.5511151231257827e-17,wind_direction:18.4_m:degrees
1395,-2,-2.0000000000000000e+00,-6.7000000000000004e-01,-1,-1,0.0000000000000000e+00,wind_direction:18.4_m:degrees
1396,-2,-2.0000000000000000e+00,-5.2500000000000002e-01,-1,-1,2.2500000000003073e-04,wind_direction:18.4_m:degrees
1397,11,2.4786499786376953e+02,-5.4928571428571427e-01,1469,1470,1.1637755102041902e-03,wind_direction:18.4_m:degrees
1398,-2,-2.0000000000000000e+00,-4.7999999999999998e-01,-1,-1,-5.5511151231257827e-17,wind_direction:18.4_m:degrees
1399,-2,-2.0000000000000000e+00,-1.2952380952380951e-01,-1,-1,8.9977324263039102e-04,wind_direction:18.4_m:degrees
1400,5,3.9850000381469727e+01,-1.6036697247706422e-01,1401,1402,1.9172965238616162e-03,relative_humidity:18.4_m:%
1401,-2,-2.0000000000000000e+00,-3.2000000000000001e-01,-1,-1,0.0000000000000000e+00,wind_direction:18.4_m:degrees
1402,2,2.8303999328613281e+02,-1.5888888888888897e-01,1403,1404,1.6969135802469039e-03,water_sfc_temperature:0_m:K
1403,12,-1.3999307528138161e-02,-1.6237623762376241e-01,1881,1882,1.5329673561415257e-03,bulk_richardson:18.4_m:none
1404,-2,-2.0000000000000000e+00,-1.0857142857142857e-01,-1,-1,1.3551020408165450e-03,wind_direction:18.4_m:degrees
1405,6,1.8550000000000000e+02,-1.1172413793103447e-01,1545,1546,1.1935790725327057e-03,wave_direction:0_m:degrees
1406,-2,-2.0000000000000000e+00,-1.7749999999999999e-01,-1,-1,9.1874999999979473e-04,wind_direction:18.4_m:degrees
1407,-2,-2.0000000000000000e+00,-2.5750000000000001e-01,-1,-1,8.6875000000000147e-04,wind_direction:18.4_m:degrees
1408,-2,-2.0000000000000000e+00,-1.8099999999999999e-01,-1,-1,8.2900000000000335e-04,wind_direction:18.4_m:degrees
1409,-2,-2.0000000000000000e+00,-2.2642857142857142e-01,-1,-1,9.3724489795918992e-04,wind_direction:18.4_m:degrees
1410,-2,-2.0000000000000000e+00,-1.6333333333333333e-01,-1,-1,3.2222222222220293e-04,wind_direction:18.4_m:degrees
1411,-2,-2.0000000000000000e+00,-4.0000000000000001e-02,-1,-1,0.0000000000000000e+00,wind_direction:18.4_m:degrees
1412,12,-8.3076842129230499e-03,-1.7042553191489362e-01,1917,1918,1.0806699864191749e-03,bulk_richardson:18.4_m:none
1413,-2,-2.0000000000000000e+00,-3.3333333333333331e-01,-1,-1,2.2222222222220700e-04,wind_direction:18.4_m:degrees
1414,2,2.8454499816894531e+02,-3.8296296296296300e-01,1415,1416,3.0208504801097491e-03,water_sfc_temperature:0_m:K
1415,6,2.2250000000000000e+02,-3.7217391304347830e-01,1765,1766,2.2952741020793033e-03,wave_direction:0_m:degrees
1416,-2,-2.0000000000000000e+00,-4.4500000000000006e-01,-1,-1,2.6750000000003438e-03,wind_direction:18.4_m:degrees
1417,-2,-2.0000000000000000e+00,-2.7639999999999998e-01,-1,-1,1.4550400000000185e-03,wind_direction:18.4_m:degrees
1418,-2,-2.0000000000000000e+00,-3.3499999999999996e-01,-1,-1,2.5000000000025002e-05,wind_direction:18.4_m:degrees
1419,3,1.0111000061035156e+03,-9.8888888888888873e-02,1735,1736,1.5580246913580210e-03,pressure:18.4_m:hPa
1420,-2,-2.0000000000000000e+00,-2.3000000000000001e-01,-1,-1,6.9388939039072284e-17,wind_direction:18.4_m:degrees
1421,-2,-2.0000000000000000e+00,-1.6000000000000000e-01,-1,-1,8.0000000000000557e-04,wind_direction:18.4_m:degrees
1422,0,1.4745303344726562e+02,-2.3560975609756099e-01,1423,1424,1.4612135633551501e-03,zenith:0_m:degrees
1423,7,1.9499999880790710e+00,-2.2833333333333333e-01,1425,1426,1.2593434343434254e-03,wave_height:0_m:m
1424,-2,-2.0000000000000000e+00,-2.6562500000000000e-01,-1,-1,1.1746093750000519e-03,wind_direction:18.4_m:degrees
1425,4,1.6485936045646667e+00,-2.1723404255319148e-01,1495,1496,1.0795835219556127e-03,mixing_ratio:18.4_m:g_kg-1
1426,-2,-2.0000000000000000e+00,-2.5578947368421051e-01,-1,-1,6.4542936288092267e-04,wind_direction:18.4_m:degrees
1427,-2,-2.0000000000000000e+00,-1.0375000000000000e-01,-1,-1,9.4843750000000483e-04,wind_direction:18.4_m:degrees
1428,-2,-2.0000000000000000e+00,-2.3999999999999999e-01,-1,-1,1.3877787807814457e-17,wind_direction:18.4_m:degrees
1429,2,2.7800000000000000e+02,-1.1066666666666666e-01,1667,1668,9.9955555555555908e-04,water_sfc_temperature:0_m:K
1430,9,8.9395248413085938e+01,-1.3903225806451611e-01,1739,1740,1.2151925078043441e-03,angle_between_wind_wave:0_m:degrees
1431,-2,-2.0000000000000000e+00,-2.8000000000000003e-01,-1,-1,1.3600000000000001e-03,wind_direction:18.4_m:degrees
1432,-2,-2.0000000000000000e+00,-3.4909090909090906e-01,-1,-1,1.1735537190084300e-04,wind_direction:18.4_m:degrees
1433,11,2.3908499908447266e+02,-8.0447761194029854e-02,1437,1438,7.3263533080864061e-04,wind_direction:18.4_m:degrees
1434,4,7.7437212467193604e+00,-6.2361809045226126e-02,1435,1436,6.1200979773238422e-04,mixing_ratio:18.4_m:g_kg-1
1435,-2,-2.0000000000000000e+00,-4.6721311475409845e-02,-1,-1,6.3843052942757226e-04,wind_direction:18.4_m:degrees
1436,11,2.9781999206542969e+02,-6.9275362318840600e-02,1439,1440,4.4440243646293089e-04,wind_direction:18.4_m:degrees
1437,-2,-2.0000000000000000e+00,-6.8444444444444474e-02,-1,-1,2.1758024691357573e-04,wind_direction:18.4_m:degrees
1438,-2,-2.0000000000000000e+00,-1.0500000000000004e-01,-1,-1,8.8863636363636575e-04,wind_direction:18.4_m:degrees
1439,-2,-2.0000000000000000e+00,-7.0218978102189772e-02,-1,-1,3.2476956683893509e-04,wind_direction:18.4_m:degrees
1440,-2,-2.0000000000000000e+00,5.9999999999999998e-02,-1,-1,-1.2316536679435330e-16,wind_direction:18.4_m:degrees
1441,-2,-2.0000000000000000e+00,-3.2000000000000001e-01,-1,-1,6.1666666666665426e-04,wind_direction:18.4_m:degrees
1442,10,1.4149680614471436e+01,-2.7176470588235291e-01,1443,1444,2.3910034602076663e-03,wind_speed:18.4_m:m_s-1
1443,10,1.3286695957183838e+01,-2.6312500000000005e-01,1813,1814,1.2714843750000343e-03,wind_speed:18.4_m:m_s-1
1444,-2,-2.0000000000000000e+00,-4.0999999999999998e-01,-1,-1,2.7755575615628914e-17,wind_direction:18.4_m:degrees
1445,3,1.0019499816894531e+03,-2.2600000000000003e-01,1447,1448,2.6239999999999875e-03,pressure:18.4_m:hPa
1446,1,2.5067748260498047e+02,-2.7333333333333332e-01,1659,1660,1.9851851851851871e-03,azimuth:0_m:degrees
1447,-2,-2.0000000000000000e+00,-3.1000000000000000e-01,-1,-1,0.0000000000000000e+00,wind_direction:18.4_m:degrees
1448,-2,-2.0000000000000000e+00,-2.0499999999999999e-01,-1,-1,1.0749999999999926e-03,wind_direction:18.4_m:degrees
1449,-2,-2.0000000000000000e+00,-2.4866468842729927e-02,-1,-1,3.7809789643300875e-04,wind_direction:18.4_m:degrees
1450,3,1.0024500122070312e+03,-4.0749999999999995e-02,1451,1452,1.1019375000000061e-03,pressure:18.4_m:hPa
1451,9,9.1063304901123047e+01,-9.6666666666666665e-02,1453,1454,6.4222222222222215e-03,angle_between_wind_wave:0_m:degrees
1452,-2,-2.0000000000000000e+00,-3.6216216216216214e-02,-1,-1,3.9649379108838700e-04,wind_direction:18.4_m:degrees
1453,-2,-2.0000000000000000e+00,-2.0999999999999999e-01,-1,-1,0.0000000000000000e+00,wind_direction:18.4_m:degrees
1454,-2,-2.0000000000000000e+00,-4.0000000000000001e-02,-1,-1,1.3010426069826053e-18,wind_direction:18.4_m:degrees
1455,12,-1.5235728584229946e-02,-1.7346633416458861e-02,1459,1460,3.0338358592296851e-04,bulk_richardson:18.4_m:none
1456,6,2.1200000000000000e+02,-2.9999999999999995e-02,1457,1458,1.0149532710279508e-03,wave_direction:0_m:degrees
1457,9,8.9130767822265625e+01,-2.7333333333333334e-02,1789,1790,6.5384126984126983e-04,angle_between_wind_wave:0_m:degrees
1458,-2,-2.0000000000000000e+00,-1.7000000000000001e-01,-1,-1,4.8572257327350599e-17,wind_direction:18.4_m:degrees
1459,11,1.3921999359130859e+02,-1.7275449101796420e-02,1981,1982,2.9337522559670474e-04,wind_direction:18.4_m:degrees
1460,-2,-2.0000000000000000e+00,-1.6000000000000000e-01,-1,-1,2.9351521213527576e-15,wind_direction:18.4_m:degrees
1461,-2,-2.0000000000000000e+00,-3.7000000000000000e-01,-1,-1,0.0000000000000000e+00,wind_direction:18.4_m:degrees
1462,-2,-2.0000000000000000e+00,-2.3499999999999999e-01,-1,-1,1.1250000000000010e-03,wind_direction:18.4_m:degrees
1463,9,8.9065040588378906e+01,-6.2200000000000000e-01,1465,1466,5.3759999999997143e-03,angle_between_wind_wave:0_m:degrees
1464,-2,-2.0000000000000000e+00,-5.4500000000000004e-01,-1,-1,2.2500000000008624e-04,wind_direction:18.4_m:degrees
1465,-2,-2.0000000000000000e+00,-6.5749999999999997e-01,-1,-1,4.1875000000002327e-04,wind_direction:18.4_m:degrees
1466,-2,-2.0000000000000000e+00,-4.7999999999999998e-01,-1,-1,1.6653345369377348e-16,wind_direction:18.4_m:degrees
1467,-2,-2.0000000000000000e+00,-4.0500000000000003e-01,-1,-1,1.2249999999999761e-03,wind_direction:18.4_m:degrees
1468,-2,-2.0000000000000000e+00,-5.1500000000000001e-01,-1,-1,7.5000000000047251e-05,wind_direction:18.4_m:degrees
1469,-2,-2.0000000000000000e+00,-5.6181818181818188e-01,-1,-1,6.9669421487594807e-04,wind_direction:18.4_m:degrees
1470,-2,-2.0000000000000000e+00,-5.0333333333333330e-01,-1,-1,1.8888888888879407e-04,wind_direction:18.4_m:degrees
1471,-2,-2.0000000000000000e+00,-8.3333333333333329e-02,-1,-1,6.8888888888888906e-04,wind_direction:18.4_m:degrees
1472,7,6.5000000596046448e-01,-1.5945945945945950e-01,1473,1474,2.0699780861943018e-03,wave_height:0_m:m
1473,-2,-2.0000000000000000e+00,-2.0999999999999999e-01,-1,-1,8.5714285714286187e-05,wind_direction:18.4_m:degrees
1474,3,1.0044500122070312e+03,-1.4766666666666667e-01,1563,1564,1.7978888888888801e-03,pressure:18.4_m:hPa
1475,-2,-2.0000000000000000e+00,-6.1818181818181833e-03,-1,-1,3.6178512396694201e-04,wind_direction:18.4_m:degrees
1476,4,1.4173294305801392e+00,-3.2500000000000008e-02,1477,1478,1.3187500000000003e-03,mixing_ratio:18.4_m:g_kg-1
1477,-2,-2.0000000000000000e+00,-7.4444444444444452e-02,-1,-1,6.0246913580246780e-04,wind_direction:18.4_m:degrees
1478,-2,-2.0000000000000000e+00,-2.0322580645161296e-02,-1,-1,8.6763787721123886e-04,wind_direction:18.4_m:degrees
1479,-2,-2.0000000000000000e+00,-3.8800000000000001e-01,-1,-1,6.5599999999998992e-04,wind_direction:18.4_m:degrees
1480,1,6.1290107727050781e+01,-4.5461538461538464e-01,1991,1992,1.7479289940829090e-03,azimuth:0_m:degrees
1481,-2,-2.0000000000000000e+00,-1.2666666666666668e-01,-1,-1,3.5555555555555340e-04,wind_direction:18.4_m:degrees
1482,-2,-2.0000000000000000e+00,-2.0714285714285713e-01,-1,-1,8.9183673469386826e-04,wind_direction:18.4_m:degrees
1483,-2,-2.0000000000000000e+00,-1.3058823529411767e-01,-1,-1,5.8788927335640118e-04,wind_direction:18.4_m:degrees
1484,-2,-2.0000000000000000e+00,-4.0000000000000001e-02,-1,-1,4.2934406030425976e-17,wind_direction:18.4_m:degrees
1485,-2,-2.0000000000000000e+00,-4.7857142857142855e-02,-1,-1,1.5969387755102081e-04,wind_direction:18.4_m:degrees
1486,9,8.8637348175048828e+01,-8.3999999999999991e-02,1487,1488,1.1461052631578927e-03,angle_between_wind_wave:0_m:degrees
1487,-2,-2.0000000000000000e+00,-1.2125000000000002e-01,-1,-1,9.4843749999999442e-04,wind_direction:18.4_m:degrees
1488,-2,-2.0000000000000000e+00,-7.6455696202531662e-02,-1,-1,8.4819740426213611e-04,wind_direction:18.4_m:degrees
1489,-2,-2.0000000000000000e+00,-3.0800000000000000e-01,-1,-1,2.5600000000000622e-04,wind_direction:18.4_m:degrees
1490,-2,-2.0000000000000000e+00,-2.4000000000000002e-01,-1,-1,8.3636363636365590e-04,wind_direction:18.4_m:degrees
1491,-2,-2.0000000000000000e+00,-1.5208333333333335e-01,-1,-1,8.4149305555555540e-04,wind_direction:18.4_m:degrees
1492,-2,-2.0000000000000000e+00,-2.1400000000000002e-01,-1,-1,7.4399999999994609e-04,wind_direction:18.4_m:degrees
1493,-2,-2.0000000000000000e+00,-1.7799999999999999e-01,-1,-1,2.7599999999999847e-04,wind_direction:18.4_m:degrees
1494,-2,-2.0000000000000000e+00,-2.5250000000000000e-01,-1,-1,1.8749999999970179e-05,wind_direction:18.4_m:degrees
1495,-2,-2.0000000000000000e+00,-2.4692307692307691e-01,-1,-1,2.9822485207101068e-04,wind_direction:18.4_m:degrees
1496,-2,-2.0000000000000000e+00,-2.0588235294117654e-01,-1,-1,9.1245674740485921e-04,wind_direction:18.4_m:degrees
1497,-2,-2.0000000000000000e+00,-1.3090909090909089e-01,-1,-1,1.3553719008264908e-04,wind_direction:18.4_m:degrees
1498,-2,-2.0000000000000000e+00,-1.7615384615384616e-01,-1,-1,9.3136094674554915e-04,wind_direction:18.4_m:degrees
1499,-2,-2.0000000000000000e+00,5.2631578947368420e-03,-1,-1,9.3019390581717447e-04,wind_direction:18.4_m:degrees
1500,-2,-2.0000000000000000e+00,8.3333333333333329e-02,-1,-1,8.8888888888889218e-05,wind_direction:18.4_m:degrees
1501,-2,-2.0000000000000000e+00,-5.2000000000000002e-01,-1,-1,0.0000000000000000e+00,wind_direction:18.4_m:degrees
1502,-2,-2.0000000000000000e+00,-6.5999999999999992e-01,-1,-1,7.9999999999996740e-04,wind_direction:18.4_m:degrees
1503,-2,-2.0000000000000000e+00,-2.9999999999999999e-02,-1,-1,0.0000000000000000e+00,wind_direction:18.4_m:degrees
1504,1,1.0773578262329102e+02,-1.1961038961038963e-01,1505,1506,1.4297183336144399e-03,azimuth:0_m:degrees
1505,3,1.0299000244140625e+03,-1.3487804878048784e-01,1741,1742,9.8596073765614897e-04,pressure:18.4_m:hPa
1506,7,1.4500000476837158e+00,-1.0222222222222221e-01,1507,1508,1.3672839506172867e-03,wave_height:0_m:m
1507,-2,-2.0000000000000000e+00,-9.7058823529411767e-02,-1,-1,9.6782006920415574e-04,wind_direction:18.4_m:degrees
1508,-2,-2.0000000000000000e+00,-1.9000000000000000e-01,-1,-1,4.1633363423443370e-17,wind_direction:18.4_m:degrees
1509,-2,-2.0000000000000000e+00,-1.0883977900552479e-02,-1,-1,3.7380421843044998e-04,wind_direction:18.4_m:degrees
1510,5,8.5700000762939453e+01,6.1904761904761907e-03,1511,1512,1.2108843537415005e-03,relative_humidity:18.4_m:%
1511,7,1.2500000000000000e+00,2.5000000000000014e-03,1513,1514,9.8541666666666678e-04,wave_height:0_m:m
1512,-2,-2.0000000000000000e+00,8.0000000000000002e-02,-1,-1,0.0000000000000000e+00,wind_direction:18.4_m:degrees
1513,-2,-2.0000000000000000e+00,-1.5357142857142857e-02,-1,-1,1.8201530612244906e-04,wind_direction:18.4_m:degrees
1514,10,6.9561634063720703e+00,1.8124999999999999e-02,1725,1726,1.1652343750000000e-03,wind_speed:18.4_m:m_s-1
1515,6,2.2400000000000000e+02,-3.8500000000000001e-01,1921,1922,2.0249999999999990e-03,wave_direction:0_m:degrees
1516,-2,-2.0000000000000000e+00,-2.9666666666666669e-01,-1,-1,1.0888888888889031e-03,wind_direction:18.4_m:degrees
1517,4,3.1230881214141846e+00,-4.0300000000000002e-01,1519,1520,3.4009999999998486e-03,mixing_ratio:18.4_m:g_kg-1
1518,1,2.6576632690429688e+02,-3.4375000000000000e-01,1521,1522,2.8984374999999618e-03,azimuth:0_m:degrees
1519,-2,-2.0000000000000000e+00,-3.8888888888888884e-01,-1,-1,1.7876543209876805e-03,wind_direction:18.4_m:degrees
1520,-2,-2.0000000000000000e+00,-5.3000000000000003e-01,-1,-1,-3.3306690738754696e-16,wind_direction:18.4_m:degrees
1521,-2,-2.0000000000000000e+00,-3.7800000000000000e-01,-1,-1,1.2960000000000194e-03,wind_direction:18.4_m:degrees
1522,-2,-2.0000000000000000e+00,-2.8666666666666668e-01,-1,-1,3.5555555555555340e-04,wind_direction:18.4_m:degrees
1523,-2,-2.0000000000000000e+00,-1.0373333333333333e-01,-1,-1,8.2606222222222567e-04,wind_direction:18.4_m:degrees
1524,-2,-2.0000000000000000e+00,-1.5666666666666665e-01,-1,-1,2.2222222222159638e-05,wind_direction:18.4_m:degrees
1525,-2,-2.0000000000000000e+00,-2.8310344827586209e-01,-1,-1,6.5588585017838097e-04,wind_direction:18.4_m:degrees
1526,-2,-2.0000000000000000e+00,-4.0999999999999998e-01,-1,-1,-1.9428902930940239e-16,wind_direction:18.4_m:degrees
1527,7,8.4999999403953552e-01,-7.1068702290076335e-02,1529,1530,8.4160596701824113e-04,wave_height:0_m:m
1528,-2,-2.0000000000000000e+00,-1.1199999999999999e-01,-1,-1,8.3599999999998086e-04,wind_direction:18.4_m:degrees
1529,0,1.2801878738403320e+02,-6.0281690140845050e-02,1531,1532,7.4639952390398489e-04,zenith:0_m:degrees
1530,12,-3.0916476622223854e-02,-8.3833333333333343e-02,1609,1610,6.5363888888888937e-04,bulk_richardson:18.4_m:none
1531,-2,-2.0000000000000000e+00,-6.4923076923076917e-02,-1,-1,5.4191715976331569e-04,wind_direction:18.4_m:degrees
1532,-2,-2.0000000000000000e+00,-1.0000000000000000e-02,-1,-1,1.9999999999999603e-04,wind_direction:18.4_m:degrees
1533,-2,-2.0000000000000000e+00,-1.1428571428571439e-01,-1,-1,5.8705137227304735e-04,wind_direction:18.4_m:degrees
1534,-2,-2.0000000000000000e+00,-1.4285714285714285e-01,-1,-1,5.0612244897963593e-04,wind_direction:18.4_m:degrees
1535,-2,-2.0000000000000000e+00,-1.4499999999999999e-01,-1,-1,1.0250000000000051e-03,wind_direction:18.4_m:degrees
1536,-2,-2.0000000000000000e+00,-2.1428571428571427e-01,-1,-1,7.3877551020408438e-04,wind_direction:18.4_m:degrees
1537,3,1.0067999877929688e+03,-1.4290322580645159e-01,1879,1880,1.5528616024974018e-03,pressure:18.4_m:hPa
1538,-2,-2.0000000000000000e+00,-1.8363636363636363e-01,-1,-1,9.5041322314057264e-04,wind_direction:18.4_m:degrees
1539,-2,-2.0000000000000000e+00,-1.3160000000000002e-01,-1,-1,6.3743999999999260e-04,wind_direction:18.4_m:degrees
1540,-2,-2.0000000000000000e+00,-1.6947368421052628e-01,-1,-1,1.7313019390581448e-03,wind_direction:18.4_m:degrees
1541,-2,-2.0000000000000000e+00,-2.3444444444444448e-01,-1,-1,5.5802469135800975e-04,wind_direction:18.4_m:degrees
1542,-2,-2.0000000000000000e+00,-2.9714285714285715e-01,-1,-1,1.5918367346939022e-03,wind_direction:18.4_m:degrees
1543,-2,-2.0000000000000000e+00,-1.0454545454545454e-01,-1,-1,5.5206611570247227e-04,wind_direction:18.4_m:degrees
1544,-2,-2.0000000000000000e+00,-2.0000000000000001e-01,-1,-1,2.7755575615628914e-17,wind_direction:18.4_m:degrees
1545,6,1.7950000000000000e+02,-1.5714285714285717e-01,1547,1548,2.8489795918367304e-03,wave_direction:0_m:degrees
1546,-2,-2.0000000000000000e+00,-1.0880733944954131e-01,-1,-1,9.4628398282972821e-04,wind_direction:18.4_m:degrees
1547,-2,-2.0000000000000000e+00,-1.2400000000000000e-01,-1,-1,1.4399999999999483e-04,wind_direction:18.4_m:degrees
1548,-2,-2.0000000000000000e+00,-2.3999999999999999e-01,-1,-1,1.3877787807814457e-17,wind_direction:18.4_m:degrees
1549,12,-3.4278439357876778e-02,-1.3200000000000001e-01,1551,1552,2.4760000000000025e-03,bulk_richardson:18.4_m:none
1550,12,-4.8382546752691269e-02,-1.0227272727272728e-01,1799,1800,1.4099862258953183e-03,bulk_richardson:18.4_m:none
1551,-2,-2.0000000000000000e+00,-5.7500000000000009e-02,-1,-1,3.1874999999999959e-04,wind_direction:18.4_m:degrees
1552,3,1.0075500183105469e+03,-1.5062500000000001e-01,1553,1554,1.2808593750000020e-03,pressure:18.4_m:hPa
1553,-2,-2.0000000000000000e+00,-1.9166666666666668e-01,-1,-1,1.4722222222222220e-04,wind_direction:18.4_m:degrees
1554,-2,-2.0000000000000000e+00,-1.2599999999999997e-01,-1,-1,3.4400000000000402e-04,wind_direction:18.4_m:degrees
1555,-2,-2.0000000000000000e+00,-1.5785714285714286e-01,-1,-1,6.8826530612244030e-04,wind_direction:18.4_m:degrees
1556,-2,-2.0000000000000000e+00,-2.9999999999999999e-02,-1,-1,-3.1875543871073830e-17,wind_direction:18.4_m:degrees
1557,-2,-2.0000000000000000e+00,-5.0800000000000001e-01,-1,-1,2.1599999999993846e-04,wind_direction:18.4_m:degrees
1558,-2,-2.0000000000000000e+00,-4.2999999999999999e-01,-1,-1,3.6000000000002697e-04,wind_direction:18.4_m:degrees
1559,4,5.3204607963562012e+00,-1.9833333333333333e-01,1927,1928,1.2472222222222260e-03,mixing_ratio:18.4_m:g_kg-1
1560,5,9.3399997711181641e+01,-1.5555555555555556e-01,1561,1562,1.4765432098765262e-03,relative_humidity:18.4_m:%
1561,5,7.8600002288818359e+01,-1.4624999999999999e-01,1775,1776,8.8177083333332643e-04,relative_humidity:18.4_m:%
1562,-2,-2.0000000000000000e+00,-2.3000000000000001e-01,-1,-1,6.9388939039072284e-17,wind_direction:18.4_m:degrees
1563,-2,-2.0000000000000000e+00,-2.0500000000000002e-01,-1,-1,1.2249999999999900e-03,wind_direction:18.4_m:degrees
1564,-2,-2.0000000000000000e+00,-1.3884615384615387e-01,-1,-1,1.3025147928994139e-03,wind_direction:18.4_m:degrees
1565,-2,-2.0000000000000000e+00,-2.0733333333333331e-01,-1,-1,1.0062222222221931e-03,wind_direction:18.4_m:degrees
1566,-2,-2.0000000000000000e+00,-2.9999999999999999e-01,-1,-1,0.0000000000000000e+00,wind_direction:18.4_m:degrees
1567,-2,-2.0000000000000000e+00,2.9999999999999999e-02,-1,-1,0.0000000000000000e+00,wind_direction:18.4_m:degrees
1568,12,4.6122407075017691e-03,-6.0400000000000002e-02,1673,1674,1.2518399999999997e-03,bulk_richardson:18.4_m:none
1569,-2,-2.0000000000000000e+00,-1.1400000000000000e-01,-1,-1,1.0720000000000052e-03,wind_direction:18.4_m:degrees
1570,-2,-2.0000000000000000e+00,-1.7999999999999999e-01,-1,-1,1.0000000000000980e-04,wind_direction:18.4_m:degrees
1571,-2,-2.0000000000000000e+00,-7.2807017543859640e-02,-1,-1,5.1492767005232101e-04,wind_direction:18.4_m:degrees
1572,2,2.8569000244140625e+02,-1.1000000000000000e-01,1573,1574,2.4666666666667194e-03,water_sfc_temperature:0_m:K
1573,-2,-2.0000000000000000e+00,-1.7000000000000001e-01,-1,-1,0.0000000000000000e+00,wind_direction:18.4_m:degrees
1574,-2,-2.0000000000000000e+00,-7.9999999999999988e-02,-1,-1,1.0000000000000018e-03,wind_direction:18.4_m:degrees
1575,-2,-2.0000000000000000e+00,0.0000000000000000e+00,-1,-1,0.0000000000000000e+00,wind_direction:18.4_m:degrees
1576,-2,-2.0000000000000000e+00,-1.2464285714285714e-01,-1,-1,8.5344387755101683e-04,wind_direction:18.4_m:degrees
1577,-2,-2.0000000000000000e+00,-4.5000000000000001e-01,-1,-1,0.0000000000000000e+00,wind_direction:18.4_m:degrees
1578,-2,-2.0000000000000000e+00,-5.9999999999999998e-01,-1,-1,0.0000000000000000e+00,wind_direction:18.4_m:degrees
1579,-2,-2.0000000000000000e+00,-2.4454545454545454e-01,-1,-1,5.7024793388429917e-04,wind_direction:18.4_m:degrees
1580,8,4.9500000476837158e+00,-2.9461538461538461e-01,1779,1780,1.6402366863904755e-03,wave_period:0_m:s
1581,7,2.1000000238418579e+00,-6.3021276595744663e-02,1695,1696,7.0278678134902753e-04,wave_height:0_m:m
1582,12,-1.2391154840588570e-01,-4.0303030303030306e-02,1583,1584,9.4233241505969857e-04,bulk_richardson:18.4_m:none
1583,-2,-2.0000000000000000e+00,-1.1000000000000000e-01,-1,-1,0.0000000000000000e+00,wind_direction:18.4_m:degrees
1584,-2,-2.0000000000000000e+00,-3.0689655172413798e-02,-1,-1,3.0986920332936989e-04,wind_direction:18.4_m:degrees
1585,-2,-2.0000000000000000e+00,-3.1666666666666665e-01,-1,-1,5.5555555555555913e-04,wind_direction:18.4_m:degrees
1586,-2,-2.0000000000000000e+00,-3.9700000000000002e-01,-1,-1,1.0610000000000341e-03,wind_direction:18.4_m:degrees
1587,-2,-2.0000000000000000e+00,-2.2999999999999998e-01,-1,-1,3.3600000000000296e-03,wind_direction:18.4_m:degrees
1588,-2,-2.0000000000000000e+00,-1.5857142857142856e-01,-1,-1,1.8367346938774620e-04,wind_direction:18.4_m:degrees
1589,12,9.4567026942968369e-02,-4.7781217750257707e-03,1595,1596,4.6602404146710790e-04,bulk_richardson:18.4_m:none
1590,0,3.9094568252563477e+01,-2.6774193548387098e-02,1591,1592,1.2170239334026918e-02,zenith:0_m:degrees
1591,5,8.6699996948242188e+01,-2.9666666666666669e-01,1593,1594,4.1088888888888869e-02,relative_humidity:18.4_m:%
1592,-2,-2.0000000000000000e+00,2.1428571428571430e-03,-1,-1,4.3112244897958944e-04,wind_direction:18.4_m:degrees
1593,-2,-2.0000000000000000e+00,-4.4000000000000000e-01,-1,-1,0.0000000000000000e+00,wind_direction:18.4_m:degrees
1594,-2,-2.0000000000000000e+00,-1.0000000000000000e-02,-1,-1,-1.1194387430912833e-17,wind_direction:18.4_m:degrees
1595,0,2.2079311370849609e+01,-6.7845484221979967e-03,1601,1602,3.8242474492665245e-04,zenith:0_m:degrees
1596,8,4.2500000000000000e+00,-1.3283442469597759e-03,1597,1598,5.9093896274023513e-04,wave_period:0_m:s
1597,8,4.0999999046325684e+00,-7.5999999999999998e-02,1599,1600,1.8783999999999995e-02,wave_period:0_m:s
1598,-2,-2.0000000000000000e+00,-9.7744360902255693e-04,-1,-1,4.7911979196110414e-04,wind_direction:18.4_m:degrees
1599,-2,-2.0000000000000000e+00,-7.4999999999999997e-03,-1,-1,1.8749999999999907e-05,wind_direction:18.4_m:degrees
1600,-2,-2.0000000000000000e+00,-3.4999999999999998e-01,-1,-1,0.0000000000000000e+00,wind_direction:18.4_m:degrees
1601,-2,-2.0000000000000000e+00,-2.3157894736842113e-02,-1,-1,4.6371191135734062e-04,wind_direction:18.4_m:degrees
1602,4,4.4033546447753906e+00,-6.2605277933744721e-03,1603,1604,3.7096862161924257e-04,mixing_ratio:18.4_m:g_kg-1
1603,-2,-2.0000000000000000e+00,7.6315789473684224e-03,-1,-1,4.6544321329639905e-04,wind_direction:18.4_m:degrees
1604,-2,-2.0000000000000000e+00,-6.8797653958943853e-03,-1,-1,3.5777146739364050e-04,wind_direction:18.4_m:degrees
1605,-2,-2.0000000000000000e+00,-1.9000000000000000e-01,-1,-1,0.0000000000000000e+00,wind_direction:18.4_m:degrees
1606,-2,-2.0000000000000000e+00,-9.8749999999999991e-02,-1,-1,1.6984375000000003e-03,wind_direction:18.4_m:degrees
1607,-2,-2.0000000000000000e+00,-2.5772727272727275e-01,-1,-1,9.9938016528923479e-04,wind_direction:18.4_m:degrees
1608,-2,-2.0000000000000000e+00,-2.0750000000000002e-01,-1,-1,1.7437499999999745e-03,wind_direction:18.4_m:degrees
1609,-2,-2.0000000000000000e+00,-9.2888888888888896e-02,-1,-1,4.3832098765432363e-04,wind_direction:18.4_m:degrees
1610,-2,-2.0000000000000000e+00,-5.6666666666666664e-02,-1,-1,3.1555555555555113e-04,wind_direction:18.4_m:degrees
1611,-2,-2.0000000000000000e+00,-1.7826086956521742e-01,-1,-1,1.3969754253308486e-03,wind_direction:18.4_m:degrees
1612,-2,-2.0000000000000000e+00,-1.3499999999999998e-01,-1,-1,3.7499999999998646e-04,wind_direction:18.4_m:degrees
1613,-2,-2.0000000000000000e+00,-1.7142857142857143e-01,-1,-1,9.7959183673470424e-05,wind_direction:18.4_m:degrees
1614,-2,-2.0000000000000000e+00,-2.4750000000000000e-01,-1,-1,7.6875000000001248e-04,wind_direction:18.4_m:degrees
1615,5,6.0050001144409180e+01,-1.7304347826086955e-01,1841,1842,1.5516068052929925e-03,relative_humidity:18.4_m:%
1616,-2,-2.0000000000000000e+00,-2.1900000000000000e-01,-1,-1,7.2899999999997966e-04,wind_direction:18.4_m:degrees
1617,7,1.6500000357627869e+00,-2.8500000000000003e-01,1979,1980,1.3375000000000192e-03,wave_height:0_m:m
1618,-2,-2.0000000000000000e+00,-4.0999999999999998e-01,-1,-1,-4.1633363423443370e-16,wind_direction:18.4_m:degrees
1619,-2,-2.0000000000000000e+00,-1.9500000000000003e-01,-1,-1,2.2500000000001685e-04,wind_direction:18.4_m:degrees
1620,-2,-2.0000000000000000e+00,-2.6500000000000001e-01,-1,-1,6.2499999999997280e-04,wind_direction:18.4_m:degrees
1621,-2,-2.0000000000000000e+00,-1.1134644478063451e-02,-1,-1,3.2458247600824954e-04,wind_direction:18.4_m:degrees
1622,-2,-2.0000000000000000e+00,1.1000000000000000e-01,-1,-1,1.3877787807814457e-17,wind_direction:18.4_m:degrees
1623,10,1.5580037593841553e+01,-4.0307692307692300e-01,1627,1628,2.6366863905325777e-03,wind_speed:18.4_m:m_s-1
1624,4,1.0819367170333862e+00,-4.4272727272727269e-01,1625,1626,3.2198347107437186e-03,mixing_ratio:18.4_m:g_kg-1
1625,-2,-2.0000000000000000e+00,-5.6499999999999995e-01,-1,-1,1.2250000000000871e-03,wind_direction:18.4_m:degrees
1626,8,5.5999999046325684e+00,-4.3483870967741944e-01,1797,1798,2.3217481789801764e-03,wave_period:0_m:s
1627,-2,-2.0000000000000000e+00,-4.5000000000000001e-01,-1,-1,1.0333333333333028e-03,wind_direction:18.4_m:degrees
1628,-2,-2.0000000000000000e+00,-3.6285714285714288e-01,-1,-1,5.0612244897971226e-04,wind_direction:18.4_m:degrees
1629,-2,-2.0000000000000000e+00,-2.6600000000000001e-01,-1,-1,1.4399999999999136e-04,wind_direction:18.4_m:degrees
1630,-2,-2.0000000000000000e+00,-1.8500000000000000e-01,-1,-1,6.2499999999997280e-04,wind_direction:18.4_m:degrees
1631,-2,-2.0000000000000000e+00,-6.2500000000000000e-02,-1,-1,8.8541666666666716e-04,wind_direction:18.4_m:degrees
1632,10,8.6629638671875000e+00,-1.0089285714285713e-01,1633,1634,1.9831313775510260e-03,wind_speed:18.4_m:m_s-1
1633,-2,-2.0000000000000000e+00,-1.7666666666666667e-01,-1,-1,2.2222222222225557e-05,wind_direction:18.4_m:degrees
1634,5,3.3949998855590820e+01,-9.6603773584905683e-02,1635,1636,1.7507297970808192e-03,relative_humidity:18.4_m:%
1635,-2,-2.0000000000000000e+00,-1.0000000000000000e-02,-1,-1,0.0000000000000000e+00,wind_direction:18.4_m:degrees
1636,5,3.8049999237060547e+01,-1.0000000000000003e-01,1637,1638,1.5137254901960752e-03,relative_humidity:18.4_m:%
1637,-2,-2.0000000000000000e+00,-1.8333333333333335e-01,-1,-1,5.5555555555555219e-04,wind_direction:18.4_m:degrees
1638,-2,-2.0000000000000000e+00,-9.4791666666666705e-02,-1,-1,1.1124565972222139e-03,wind_direction:18.4_m:degrees
1639,12,-2.2785105975344777e-03,-5.7931034482758631e-02,1951,1952,4.7158145065398418e-04,bulk_richardson:18.4_m:none
1640,-2,-2.0000000000000000e+00,-8.4242424242424258e-02,-1,-1,5.2745638200184242e-04,wind_direction:18.4_m:degrees
1641,1,3.7488708496093750e+01,-1.2125000000000000e-01,1943,1944,9.1406249999999821e-04,azimuth:0_m:degrees
1642,-2,-2.0000000000000000e+00,-4.9999999999999996e-02,-1,-1,7.9999999999995049e-04,wind_direction:18.4_m:degrees
1643,-2,-2.0000000000000000e+00,-1.0028985507246381e-01,-1,-1,9.6513337534130834e-04,wind_direction:18.4_m:degrees
1644,-2,-2.0000000000000000e+00,-6.3846153846153858e-02,-1,-1,7.4674556213020007e-04,wind_direction:18.4_m:degrees
1645,2,2.7588999938964844e+02,-2.9249999999999998e-01,1647,1648,2.4787500000000157e-03,water_sfc_temperature:0_m:K
1646,7,1.6500000357627869e+00,-2.5888888888888884e-01,1649,1650,2.0765432098765468e-03,wave_height:0_m:m
1647,-2,-2.0000000000000000e+00,-1.9500000000000001e-01,-1,-1,6.2500000000000056e-04,wind_direction:18.4_m:degrees
1648,-2,-2.0000000000000000e+00,-3.0333333333333334e-01,-1,-1,1.5111111111111158e-03,wind_direction:18.4_m:degrees
1649,12,-4.0266200900077820e-02,-2.4291666666666659e-01,1651,1652,2.1123263888889326e-03,bulk_richardson:18.4_m:none
1650,-2,-2.0000000000000000e+00,-2.9083333333333333e-01,-1,-1,4.7430555555558196e-04,wind_direction:18.4_m:degrees
1651,-2,-2.0000000000000000e+00,-2.5736842105263164e-01,-1,-1,1.2193905817175082e-03,wind_direction:18.4_m:degrees
1652,-2,-2.0000000000000000e+00,-1.8800000000000003e-01,-1,-1,1.6959999999999753e-03,wind_direction:18.4_m:degrees
1653,-2,-2.0000000000000000e+00,-6.9047619047619066e-02,-1,-1,6.2766439909296874e-04,wind_direction:18.4_m:degrees
1654,-2,-2.0000000000000000e+00,-1.0228571428571430e-01,-1,-1,1.4919183673469377e-03,wind_direction:18.4_m:degrees
1655,-2,-2.0000000000000000e+00,-1.2000000000000000e-01,-1,-1,9.5000000000000293e-04,wind_direction:18.4_m:degrees
1656,1,7.6792949676513672e+01,-9.3008849557522089e-02,1657,1658,1.3980264703578795e-03,azimuth:0_m:degrees
1657,3,1.0152999877929688e+03,-1.2142857142857141e-01,1809,1810,1.4027210884353762e-03,pressure:18.4_m:hPa
1658,-2,-2.0000000000000000e+00,-8.6521739130434816e-02,-1,-1,1.1705103969754313e-03,wind_direction:18.4_m:degrees
1659,3,9.9395001220703125e+02,-2.9399999999999998e-01,1713,1714,1.7840000000000078e-03,pressure:18.4_m:hPa
1660,-2,-2.0000000000000000e+00,-2.4750000000000003e-01,-1,-1,1.0354166666667053e-03,wind_direction:18.4_m:degrees
1661,-2,-2.0000000000000000e+00,-1.9750000000000001e-01,-1,-1,6.9374999999999298e-04,wind_direction:18.4_m:degrees
1662,-2,-2.0000000000000000e+00,-1.4562500000000000e-01,-1,-1,2.8710937500000741e-04,wind_direction:18.4_m:degrees
1663,-2,-2.0000000000000000e+00,-2.4214285714285716e-01,-1,-1,4.6683673469390813e-04,wind_direction:18.4_m:degrees
1664,-2,-2.0000000000000000e+00,-1.8400000000000000e-01,-1,-1,2.6399999999995871e-04,wind_direction:18.4_m:degrees
1665,-2,-2.0000000000000000e+00,-4.4000000000000000e-01,-1,-1,9.9999999999988987e-05,wind_direction:18.4_m:degrees
1666,-2,-2.0000000000000000e+00,-3.4428571428571431e-01,-1,-1,3.1020408163265345e-04,wind_direction:18.4_m:degrees
1667,-2,-2.0000000000000000e+00,-1.1955555555555551e-01,-1,-1,6.7091358024692037e-04,wind_direction:18.4_m:degrees
1668,-2,-2.0000000000000000e+00,-8.4000000000000019e-02,-1,-1,1.0373333333333233e-03,wind_direction:18.4_m:degrees
1669,4,5.3077225685119629e+00,-3.2217391304347825e-01,1671,1672,1.9474480151228934e-03,mixing_ratio:18.4_m:g_kg-1
1670,-2,-2.0000000000000000e+00,-4.0999999999999998e-01,-1,-1,-1.9428902930940239e-16,wind_direction:18.4_m:degrees
1671,-2,-2.0000000000000000e+00,-3.0888888888888894e-01,-1,-1,1.2098765432098507e-03,wind_direction:18.4_m:degrees
1672,-2,-2.0000000000000000e+00,-3.7000000000000000e-01,-1,-1,1.6800000000000981e-03,wind_direction:18.4_m:degrees
1673,-2,-2.0000000000000000e+00,-3.9285714285714292e-02,-1,-1,9.3520408163265249e-04,wind_direction:18.4_m:degrees
1674,-2,-2.0000000000000000e+00,-8.7272727272727280e-02,-1,-1,3.6528925619834680e-04,wind_direction:18.4_m:degrees
1675,-2,-2.0000000000000000e+00,-9.6000000000000002e-02,-1,-1,1.8400000000000014e-04,wind_direction:18.4_m:degrees
1676,-2,-2.0000000000000000e+00,-1.6571428571428570e-01,-1,-1,7.3877551020407745e-04,wind_direction:18.4_m:degrees
1677,-2,-2.0000000000000000e+00,-2.8000000000000003e-01,-1,-1,0.0000000000000000e+00,wind_direction:18.4_m:degrees
1678,-2,-2.0000000000000000e+00,-1.5375000000000000e-01,-1,-1,7.2343749999999665e-04,wind_direction:18.4_m:degrees
1679,-2,-2.0000000000000000e+00,-7.7842105263157901e-01,-1,-1,1.8238227146814001e-03,wind_direction:18.4_m:degrees
1680,-2,-2.0000000000000000e+00,-6.8999999999999995e-01,-1,-1,-4.4408920985006262e-16,wind_direction:18.4_m:degrees
1681,-2,-2.0000000000000000e+00,-1.9999999999999998e-01,-1,-1,1.2351648351648370e-03,wind_direction:18.4_m:degrees
1682,-2,-2.0000000000000000e+00,-2.8500000000000003e-01,-1,-1,1.2249999999996153e-03,wind_direction:18.4_m:degrees
1683,1,7.6610870361328125e+01,-9.4875000000000015e-02,1785,1786,5.9498437500000480e-04,azimuth:0_m:degrees
1684,-2,-2.0000000000000000e+00,-1.7999999999999999e-01,-1,-1,-2.0816681711721685e-17,wind_direction:18.4_m:degrees
1685,-2,-2.0000000000000000e+00,-6.3170731707317074e-02,-1,-1,8.3628792385484919e-04,wind_direction:18.4_m:degrees
1686,6,1.9200000000000000e+02,-3.6216216216216221e-02,1687,1688,1.4883856829802755e-03,wave_direction:0_m:degrees
1687,-2,-2.0000000000000000e+00,-7.0769230769230765e-02,-1,-1,4.2248520710059211e-04,wind_direction:18.4_m:degrees
1688,-2,-2.0000000000000000e+00,-1.7499999999999998e-02,-1,-1,1.0687500000000000e-03,wind_direction:18.4_m:degrees
1689,9,9.1944324493408203e+01,-3.3297872340425534e-02,1885,1886,5.5827297419646879e-04,angle_between_wind_wave:0_m:degrees
1690,11,2.9344500732421875e+02,-4.9519999999999995e-02,1691,1692,8.2216960000000734e-04,wind_direction:18.4_m:degrees
1691,-2,-2.0000000000000000e+00,-4.1379310344827572e-02,-1,-1,4.8545382481173351e-04,wind_direction:18.4_m:degrees
1692,12,-3.6707621766254306e-03,-6.8157894736842098e-02,1699,1700,1.0939750692520803e-03,bulk_richardson:18.4_m:none
1693,-2,-2.0000000000000000e+00,-3.4833333333333333e-01,-1,-1,6.1388888888889992e-04,wind_direction:18.4_m:degrees
1694,-2,-2.0000000000000000e+00,-2.2000000000000000e-01,-1,-1,-9.0205620750793969e-17,wind_direction:18.4_m:degrees
1695,11,3.4409999084472656e+02,-6.1666666666666661e-02,1705,1706,6.4546783625731279e-04,wind_direction:18.4_m:degrees
1696,-2,-2.0000000000000000e+00,-1.0714285714285714e-01,-1,-1,5.6326530612244713e-04,wind_direction:18.4_m:degrees
1697,4,1.1517704129219055e+00,3.3639143730886757e-04,1817,1818,3.8551375211589038e-04,mixing_ratio:18.4_m:g_kg-1
1698,9,9.0310859680175781e+01,-2.9999999999999999e-02,1787,1788,1.3624999999999902e-03,angle_between_wind_wave:0_m:degrees
1699,-2,-2.0000000000000000e+00,-7.9642857142857140e-02,-1,-1,7.4630102040816083e-04,wind_direction:18.4_m:degrees
1700,-2,-2.0000000000000000e+00,-3.6000000000000004e-02,-1,-1,6.6400000000000768e-04,wind_direction:18.4_m:degrees
1701,-2,-2.0000000000000000e+00,-1.1500000000000000e-01,-1,-1,6.2500000000000402e-04,wind_direction:18.4_m:degrees
1702,-2,-2.0000000000000000e+00,-2.6000000000000001e-01,-1,-1,0.0000000000000000e+00,wind_direction:18.4_m:degrees
1703,-2,-2.0000000000000000e+00,-7.2363636363636363e-01,-1,-1,8.7768595041326503e-04,wind_direction:18.4_m:degrees
1704,-2,-2.0000000000000000e+00,-5.9999999999999998e-01,-1,-1,7.2164496600635175e-16,wind_direction:18.4_m:degrees
1705,-2,-2.0000000000000000e+00,-5.6666666666666657e-02,-1,-1,5.7654320987654290e-04,wind_direction:18.4_m:degrees
1706,10,6.0548927783966064e+00,-7.3939393939393944e-02,1707,1708,6.0266299357209386e-04,wind_speed:18.4_m:m_s-1
1707,-2,-2.0000000000000000e+00,-7.0161290322580658e-02,-1,-1,2.9836108220603584e-04,wind_direction:18.4_m:degrees
1708,-2,-2.0000000000000000e+00,-1.3250000000000001e-01,-1,-1,1.6687499999999481e-03,wind_direction:18.4_m:degrees
1709,-2,-2.0000000000000000e+00,-1.4999999999999999e-01,-1,-1,-3.4694469519536142e-18,wind_direction:18.4_m:degrees
1710,-2,-2.0000000000000000e+00,-8.1166666666666665e-02,-1,-1,3.4586111111111102e-04,wind_direction:18.4_m:degrees
1711,-2,-2.0000000000000000e+00,-4.6999999999999997e-01,-1,-1,0.0000000000000000e+00,wind_direction:18.4_m:degrees
1712,-2,-2.0000000000000000e+00,-3.4900000000000003e-01,-1,-1,5.2900000000000169e-04,wind_direction:18.4_m:degrees
1713,-2,-2.0000000000000000e+00,-1.7999999999999999e-01,-1,-1,0.0000000000000000e+00,wind_direction:18.4_m:degrees
1714,-2,-2.0000000000000000e+00,-3.0214285714285710e-01,-1,-1,9.1683673469386551e-04,wind_direction:18.4_m:degrees
1715,2,2.8235000610351562e+02,-4.2946428571428545e-02,1717,1718,1.2100685586734728e-03,water_sfc_temperature:0_m:K
1716,0,6.4063972473144531e+01,-2.5205479452054803e-02,1743,1744,1.1838618877838235e-03,zenith:0_m:degrees
1717,-2,-2.0000000000000000e+00,-3.6309523809523805e-02,-1,-1,6.5899943310657703e-04,wind_direction:18.4_m:degrees
1718,5,5.8899999618530273e+01,-6.2857142857142875e-02,1719,1720,2.3346938775510272e-03,relative_humidity:18.4_m:%
1719,10,6.5602543354034424e+00,-5.6666666666666678e-02,1721,1722,1.3481481481481474e-03,wind_speed:18.4_m:m_s-1
1720,-2,-2.0000000000000000e+00,-2.3000000000000001e-01,-1,-1,-2.7755575615628914e-17,wind_direction:18.4_m:degrees
1721,-2,-2.0000000000000000e+00,-6.1153846153846163e-02,-1,-1,8.5636094674556087e-04,wind_direction:18.4_m:degrees
1722,-2,-2.0000000000000000e+00,5.9999999999999998e-02,-1,-1,1.3444106938820255e-17,wind_direction:18.4_m:degrees
1723,-2,-2.0000000000000000e+00,-4.5444444444444454e-01,-1,-1,5.5802469135804444e-04,wind_direction:18.4_m:degrees
1724,-2,-2.0000000000000000e+00,-5.1400000000000001e-01,-1,-1,6.6400000000010895e-04,wind_direction:18.4_m:degrees
1725,-2,-2.0000000000000000e+00,1.9999999999999996e-03,-1,-1,2.5599999999999999e-04,wind_direction:18.4_m:degrees
1726,-2,-2.0000000000000000e+00,4.5000000000000005e-02,-1,-1,1.5249999999999994e-03,wind_direction:18.4_m:degrees
1727,-2,-2.0000000000000000e+00,-3.9697986577181148e-02,-1,-1,3.0762690869781239e-04,wind_direction:18.4_m:degrees
1728,11,1.8969000244140625e+02,-4.8225190839694627e-02,1729,1730,3.5429280053609008e-04,wind_direction:18.4_m:degrees
1729,3,1.0081000061035156e+03,-5.8222222222222189e-02,2029,2030,5.5535802469136196e-04,pressure:18.4_m:hPa
1730,-2,-2.0000000000000000e+00,-4.4755784061696620e-02,-1,-1,2.3779382901249627e-04,wind_direction:18.4_m:degrees
1731,-2,-2.0000000000000000e+00,-9.3750000000000000e-02,-1,-1,4.8593750000000026e-04,wind_direction:18.4_m:degrees
1732,-2,-2.0000000000000000e+00,-5.8285714285714288e-02,-1,-1,4.6563265306122197e-04,wind_direction:18.4_m:degrees
1733,-2,-2.0000000000000000e+00,-7.6999999999999999e-02,-1,-1,6.8100000000000018e-04,wind_direction:18.4_m:degrees
1734,-2,-2.0000000000000000e+00,-3.1500000000000007e-02,-1,-1,4.6274999999999919e-04,wind_direction:18.4_m:degrees
1735,-2,-2.0000000000000000e+00,-1.2416666666666666e-01,-1,-1,1.2409722222222249e-03,wind_direction:18.4_m:degrees
1736,-2,-2.0000000000000000e+00,-7.8666666666666676e-02,-1,-1,8.9155555555556383e-04,wind_direction:18.4_m:degrees
1737,-2,-2.0000000000000000e+00,-2.2647058823529412e-01,-1,-1,1.3522491349481081e-03,wind_direction:18.4_m:degrees
1738,-2,-2.0000000000000000e+00,-2.9999999999999999e-01,-1,-1,4.1633363423443370e-17,wind_direction:18.4_m:degrees
1739,-2,-2.0000000000000000e+00,-1.6384615384615384e-01,-1,-1,3.7751479289941520e-04,wind_direction:18.4_m:degrees
1740,-2,-2.0000000000000000e+00,-1.2111111111111111e-01,-1,-1,1.0543209876543221e-03,wind_direction:18.4_m:degrees
1741,-2,-2.0000000000000000e+00,-1.2973684210526315e-01,-1,-1,7.0256232686979544e-04,wind_direction:18.4_m:degrees
1742,-2,-2.0000000000000000e+00,-2.0000000000000004e-01,-1,-1,-6.9388939039072284e-17,wind_direction:18.4_m:degrees
1743,6,2.0600000000000000e+02,-9.6875000000000017e-03,1745,1746,1.4405273437499999e-03,wave_direction:0_m:degrees
1744,-2,-2.0000000000000000e+00,-3.7317073170731720e-02,-1,-1,6.4889946460440257e-04,wind_direction:18.4_m:degrees
1745,-2,-2.0000000000000000e+00,-2.7000000000000003e-02,-1,-1,7.2100000000000018e-04,wind_direction:18.4_m:degrees
1746,-2,-2.0000000000000000e+00,1.9166666666666669e-02,-1,-1,1.3076388888888883e-03,wind_direction:18.4_m:degrees
1747,-2,-2.0000000000000000e+00,-2.0769230769230770e-01,-1,-1,1.0946745562130170e-03,wind_direction:18.4_m:degrees
1748,-2,-2.0000000000000000e+00,-1.5285714285714286e-01,-1,-1,9.0612244897959188e-04,wind_direction:18.4_m:degrees
1749,-2,-2.0000000000000000e+00,-3.2865275142314861e-02,-1,-1,3.1721714333037888e-04,wind_direction:18.4_m:degrees
1750,4,8.8754920959472656e+00,-2.6987421383647840e-02,1751,1752,3.9438348957712894e-04,mixing_ratio:18.4_m:g_kg-1
1751,12,-1.5129635576158762e-02,-3.1345514950166027e-02,1753,1754,5.4387065264180920e-04,bulk_richardson:18.4_m:none
1752,4,8.9625921249389648e+00,-2.4331983805667916e-02,1829,1830,2.8467521185396793e-04,mixing_ratio:18.4_m:g_kg-1
1753,2,2.8105499267578125e+02,-4.0560747663551361e-02,1757,1758,4.6230238448773196e-04,water_sfc_temperature:0_m:K
1754,11,3.3030500793457031e+02,-2.6262886597938052e-02,1755,1756,5.1618862259539397e-04,wind_direction:18.4_m:degrees
1755,2,2.8155499267578125e+02,-2.7090909090909027e-02,1759,1760,4.0660212514758559e-04,water_sfc_temperature:0_m:K
1756,-2,-2.0000000000000000e+00,8.0000000000000002e-02,-1,-1,3.2000000000001159e-03,wind_direction:18.4_m:degrees
1757,-2,-2.0000000000000000e+00,-2.7681159420289869e-02,-1,-1,1.9462297836588872e-04,wind_direction:18.4_m:degrees
1758,-2,-2.0000000000000000e+00,-4.6689655172413760e-02,-1,-1,4.7317954815696318e-04,wind_direction:18.4_m:degrees
1759,-2,-2.0000000000000000e+00,-1.9629629629629629e-02,-1,-1,2.4801097393689978e-04,wind_direction:18.4_m:degrees
1760,-2,-2.0000000000000000e+00,-3.2511210762331828e-02,-1,-1,4.5198978463271847e-04,wind_direction:18.4_m:degrees
1761,-2,-2.0000000000000000e+00,-1.0000000000000001e-01,-1,-1,5.9999999999999810e-04,wind_direction:18.4_m:degrees
1762,-2,-2.0000000000000000e+00,-1.5809523809523812e-01,-1,-1,1.1106575963718626e-03,wind_direction:18.4_m:degrees
1763,-2,-2.0000000000000000e+00,-3.8571428571428576e-02,-1,-1,1.8367346938775488e-04,wind_direction:18.4_m:degrees
1764,-2,-2.0000000000000000e+00,-8.9523809523809533e-02,-1,-1,6.5215419501133895e-04,wind_direction:18.4_m:degrees
1765,-2,-2.0000000000000000e+00,-3.2600000000000001e-01,-1,-1,1.4399999999999136e-04,wind_direction:18.4_m:degrees
1766,2,2.7905499267578125e+02,-3.8500000000000001e-01,1869,1870,2.1361111111110609e-03,water_sfc_temperature:0_m:K
1767,-2,-2.0000000000000000e+00,-1.0208333333333333e-01,-1,-1,4.0121527777778332e-04,wind_direction:18.4_m:degrees
1768,-2,-2.0000000000000000e+00,-1.8500000000000000e-01,-1,-1,6.2499999999986178e-04,wind_direction:18.4_m:degrees
1769,-2,-2.0000000000000000e+00,-1.2965517241379310e-01,-1,-1,5.2746730083233842e-04,wind_direction:18.4_m:degrees
1770,-2,-2.0000000000000000e+00,-1.0229166666666668e-01,-1,-1,8.5933159722222964e-04,wind_direction:18.4_m:degrees
1771,-2,-2.0000000000000000e+00,-3.1882352941176473e-01,-1,-1,1.1633217993079620e-03,wind_direction:18.4_m:degrees
1772,12,-9.1433012858033180e-03,-3.5999999999999999e-01,1773,1774,1.5600000000000891e-03,bulk_richardson:18.4_m:none
1773,-2,-2.0000000000000000e+00,-3.7818181818181812e-01,-1,-1,8.1487603305790968e-04,wind_direction:18.4_m:degrees
1774,-2,-2.0000000000000000e+00,-3.1000000000000000e-01,-1,-1,1.9999999999990858e-04,wind_direction:18.4_m:degrees
1775,-2,-2.0000000000000000e+00,-1.5842105263157896e-01,-1,-1,3.1855955678669959e-04,wind_direction:18.4_m:degrees
1776,-2,-2.0000000000000000e+00,-1.0000000000000001e-01,-1,-1,3.2000000000001472e-04,wind_direction:18.4_m:degrees
1777,-2,-2.0000000000000000e+00,-8.6000000000000021e-02,-1,-1,3.7066666666666411e-04,wind_direction:18.4_m:degrees
1778,-2,-2.0000000000000000e+00,-5.4812834224598844e-02,-1,-1,4.0357459464097131e-04,wind_direction:18.4_m:degrees
1779,-2,-2.0000000000000000e+00,-2.5400000000000000e-01,-1,-1,1.1040000000000078e-03,wind_direction:18.4_m:degrees
1780,-2,-2.0000000000000000e+00,-3.2000000000000001e-01,-1,-1,3.0000000000000859e-04,wind_direction:18.4_m:degrees
1781,-2,-2.0000000000000000e+00,-1.4454545454545453e-01,-1,-1,8.5206611570248433e-04,wind_direction:18.4_m:degrees
1782,-2,-2.0000000000000000e+00,-2.3000000000000001e-01,-1,-1,-1.2490009027033011e-16,wind_direction:18.4_m:degrees
1783,-2,-2.0000000000000000e+00,-1.4428571428571429e-01,-1,-1,5.1020408163265224e-04,wind_direction:18.4_m:degrees
1784,-2,-2.0000000000000000e+00,-8.0000000000000002e-02,-1,-1,8.3333333333332742e-04,wind_direction:18.4_m:degrees
1785,-2,-2.0000000000000000e+00,-6.8000000000000005e-02,-1,-1,2.0266666666666697e-04,wind_direction:18.4_m:degrees
1786,-2,-2.0000000000000000e+00,-1.0107692307692305e-01,-1,-1,4.8037869822485472e-04,wind_direction:18.4_m:degrees
1787,-2,-2.0000000000000000e+00,-1.6153846153846151e-02,-1,-1,6.5443786982248542e-04,wind_direction:18.4_m:degrees
1788,-2,-2.0000000000000000e+00,-9.0000000000000011e-02,-1,-1,1.7347234759768071e-18,wind_direction:18.4_m:degrees
1789,-2,-2.0000000000000000e+00,-6.2000000000000013e-02,-1,-1,1.0559999999999983e-03,wind_direction:18.4_m:degrees
1790,-2,-2.0000000000000000e+00,-2.3684210526315790e-02,-1,-1,4.7168975069252048e-04,wind_direction:18.4_m:degrees
1791,7,1.9499999880790710e+00,-1.8102564102564106e-01,1793,1794,9.3228139381984487e-04,wave_height:0_m:m
1792,-2,-2.0000000000000000e+00,-2.5000000000000000e-01,-1,-1,1.5265566588595902e-16,wind_direction:18.4_m:degrees
1793,-2,-2.0000000000000000e+00,-1.9096774193548394e-01,-1,-1,6.4745057232049041e-04,wind_direction:18.4_m:degrees
1794,-2,-2.0000000000000000e+00,-1.4250000000000002e-01,-1,-1,1.6874999999991896e-04,wind_direction:18.4_m:degrees
1795,-2,-2.0000000000000000e+00,-1.0400000000000000e-02,-1,-1,2.2783999999999999e-04,wind_direction:18.4_m:degrees
1796,-2,-2.0000000000000000e+00,-3.4063926940639193e-02,-1,-1,4.8668084485311821e-04,wind_direction:18.4_m:degrees
1797,-2,-2.0000000000000000e+00,-4.6083333333333326e-01,-1,-1,9.5763888888894533e-04,wind_direction:18.4_m:degrees
1798,11,3.1863000488281250e+02,-4.1842105263157892e-01,1821,1822,2.4869806094181823e-03,wind_direction:18.4_m:degrees
1799,-2,-2.0000000000000000e+00,-5.9999999999999998e-02,-1,-1,1.4285714285714284e-03,wind_direction:18.4_m:degrees
1800,11,2.6725000000000000e+02,-1.0464000000000002e-01,1801,1802,1.3032704000000006e-03,wind_direction:18.4_m:degrees
1801,-2,-2.0000000000000000e+00,-7.8421052631578947e-02,-1,-1,3.9224376731302087e-04,wind_direction:18.4_m:degrees
1802,3,9.9939999389648438e+02,-1.0933962264150943e-01,1803,1804,1.3212620149519304e-03,pressure:18.4_m:hPa
1803,-2,-2.0000000000000000e+00,-5.8333333333333327e-02,-1,-1,1.8138888888888909e-03,wind_direction:18.4_m:degrees
1804,9,9.1354415893554688e+01,-1.1240000000000000e-01,1931,1932,1.1262399999999988e-03,angle_between_wind_wave:0_m:degrees
1805,-2,-2.0000000000000000e+00,-6.4500000000000002e-01,-1,-1,6.4999999999998392e-04,wind_direction:18.4_m:degrees
1806,7,1.6499999761581421e+00,-6.9107142857142867e-01,1807,1808,1.9524234693874543e-03,wave_height:0_m:m
1807,-2,-2.0000000000000000e+00,-7.7000000000000002e-01,-1,-1,4.6666666666672629e-04,wind_direction:18.4_m:degrees
1808,9,8.9190650939941406e+01,-6.8159999999999998e-01,1919,1920,1.2934399999998125e-03,angle_between_wind_wave:0_m:degrees
1809,-2,-2.0000000000000000e+00,-1.3166666666666668e-01,-1,-1,8.6944444444444699e-04,wind_direction:18.4_m:degrees
1810,-2,-2.0000000000000000e+00,-5.9999999999999998e-02,-1,-1,1.9999999999998231e-04,wind_direction:18.4_m:degrees
1811,-2,-2.0000000000000000e+00,-1.7181818181818184e-01,-1,-1,7.2396694214876822e-04,wind_direction:18.4_m:degrees
1812,-2,-2.0000000000000000e+00,-2.4666666666666667e-01,-1,-1,8.8888888888853657e-05,wind_direction:18.4_m:degrees
1813,-2,-2.0000000000000000e+00,-2.0333333333333334e-01,-1,-1,2.2222222222222088e-05,wind_direction:18.4_m:degrees
1814,-2,-2.0000000000000000e+00,-2.7692307692307694e-01,-1,-1,5.4437869822480944e-04,wind_direction:18.4_m:degrees
1815,11,2.9608999633789062e+02,-2.7999999999999997e-01,1957,1958,2.4545454545454454e-03,wind_direction:18.4_m:degrees
1816,-2,-2.0000000000000000e+00,-1.6000000000000000e-01,-1,-1,-9.0205620750793969e-17,wind_direction:18.4_m:degrees
1817,-2,-2.0000000000000000e+00,3.1538461538461543e-02,-1,-1,2.1301775147928963e-04,wind_direction:18.4_m:degrees
1818,-2,-2.0000000000000000e+00,-9.5541401273885470e-04,-1,-1,3.5067954075216078e-04,wind_direction:18.4_m:degrees
1819,-2,-2.0000000000000000e+00,-8.7045454545454551e-02,-1,-1,4.7990702479338426e-04,wind_direction:18.4_m:degrees
1820,-2,-2.0000000000000000e+00,-1.7000000000000001e-01,-1,-1,3.4694469519536142e-17,wind_direction:18.4_m:degrees
1821,10,1.7012996673583984e+01,-4.1222222222222216e-01,1823,1824,1.8950617283950977e-03,wind_speed:18.4_m:m_s-1
1822,-2,-2.0000000000000000e+00,-5.3000000000000003e-01,-1,-1,1.1102230246251565e-16,wind_direction:18.4_m:degrees
1823,-2,-2.0000000000000000e+00,-3.9538461538461533e-01,-1,-1,8.5562130177518902e-04,wind_direction:18.4_m:degrees
1824,-2,-2.0000000000000000e+00,-4.5600000000000007e-01,-1,-1,1.9440000000001123e-03,wind_direction:18.4_m:degrees
1825,-2,-2.0000000000000000e+00,-4.6666666666666690e-02,-1,-1,4.9401709401709253e-04,wind_direction:18.4_m:degrees
1826,-2,-2.0000000000000000e+00,-2.6027397260273980e-02,-1,-1,3.6230061925314504e-04,wind_direction:18.4_m:degrees
1827,-2,-2.0000000000000000e+00,-4.6896551724137939e-02,-1,-1,4.2829964328180720e-04,wind_direction:18.4_m:degrees
1828,-2,-2.0000000000000000e+00,-7.5000000000000025e-02,-1,-1,4.6184210526315460e-04,wind_direction:18.4_m:degrees
1829,-2,-2.0000000000000000e+00,3.2500000000000001e-02,-1,-1,1.5187500000000004e-03,wind_direction:18.4_m:degrees
1830,11,1.9427000427246094e+02,-2.4563008130081207e-02,1831,1832,2.6647570477229690e-04,wind_direction:18.4_m:degrees
1831,-2,-2.0000000000000000e+00,-2.9627507163323730e-02,-1,-1,2.3338560438748918e-04,wind_direction:18.4_m:degrees
1832,-2,-2.0000000000000000e+00,-2.1779527559054997e-02,-1,-1,2.6281753363507259e-04,wind_direction:18.4_m:degrees
1833,6,2.3950000000000000e+02,-1.4526315789473684e-01,1835,1836,1.8565096952908623e-03,wave_direction:0_m:degrees
1834,10,9.2919220924377441e+00,-1.7576923076923082e-01,1837,1838,1.4974852071005969e-03,wind_speed:18.4_m:m_s-1
1835,-2,-2.0000000000000000e+00,-9.5714285714285724e-02,-1,-1,6.8163265306122288e-04,wind_direction:18.4_m:degrees
1836,-2,-2.0000000000000000e+00,-1.7416666666666666e-01,-1,-1,2.7430555555554847e-04,wind_direction:18.4_m:degrees
1837,-2,-2.0000000000000000e+00,-1.6444444444444448e-01,-1,-1,9.8024691358024330e-04,wind_direction:18.4_m:degrees
1838,12,-7.1824353188276291e-02,-2.0124999999999998e-01,1839,1840,1.7234374999999524e-03,bulk_richardson:18.4_m:none
1839,-2,-2.0000000000000000e+00,-2.3374999999999999e-01,-1,-1,3.7343750000000397e-04,wind_direction:18.4_m:degrees
1840,-2,-2.0000000000000000e+00,-1.6875000000000001e-01,-1,-1,9.6093750000000519e-04,wind_direction:18.4_m:degrees
1841,-2,-2.0000000000000000e+00,-1.9384615384615383e-01,-1,-1,1.2852071005917259e-03,wind_direction:18.4_m:degrees
1842,-2,-2.0000000000000000e+00,-1.4599999999999999e-01,-1,-1,6.0400000000001772e-04,wind_direction:18.4_m:degrees
1843,-2,-2.0000000000000000e+00,-7.0909090909090908e-02,-1,-1,1.7190082644628207e-04,wind_direction:18.4_m:degrees
1844,-2,-2.0000000000000000e+00,-1.0774647887323942e-01,-1,-1,4.0337234675660340e-04,wind_direction:18.4_m:degrees
1845,-2,-2.0000000000000000e+00,-1.5526315789473688e-01,-1,-1,1.5266851338873628e-03,wind_direction:18.4_m:degrees
1846,3,1.0209500122070312e+03,-1.7765957446808509e-01,1847,1848,1.0647351742869848e-03,pressure:18.4_m:hPa
1847,-2,-2.0000000000000000e+00,-1.8227272727272731e-01,-1,-1,7.8574380165290225e-04,wind_direction:18.4_m:degrees
1848,-2,-2.0000000000000000e+00,-1.1000000000000000e-01,-1,-1,2.6666666666663036e-04,wind_direction:18.4_m:degrees
1849,-2,-2.0000000000000000e+00,-1.0681818181818183e-01,-1,-1,7.2169421487603032e-04,wind_direction:18.4_m:degrees
1850,-2,-2.0000000000000000e+00,-1.4142857142857143e-01,-1,-1,4.9795918367346800e-04,wind_direction:18.4_m:degrees
1851,-2,-2.0000000000000000e+00,-9.7619047619047633e-02,-1,-1,5.8004535147392067e-04,wind_direction:18.4_m:degrees
1852,-2,-2.0000000000000000e+00,-1.5400000000000000e-01,-1,-1,3.4399999999999709e-04,wind_direction:18.4_m:degrees
1853,1,3.6672511100769043e+01,-1.5705882352941175e-01,1855,1856,1.7737024221453346e-03,azimuth:0_m:degrees
1854,-2,-2.0000000000000000e+00,-1.1142857142857142e-01,-1,-1,1.2244897959231074e-05,wind_direction:18.4_m:degrees
1855,-2,-2.0000000000000000e+00,-9.2499999999999999e-02,-1,-1,1.8749999999999670e-05,wind_direction:18.4_m:degrees
1856,1,7.5272346496582031e+01,-1.6255319148936170e-01,1857,1858,1.5381620642824813e-03,azimuth:0_m:degrees
1857,-2,-2.0000000000000000e+00,-1.8999999999999997e-01,-1,-1,5.8571428571429357e-04,wind_direction:18.4_m:degrees
1858,1,8.9984794616699219e+01,-1.5090909090909094e-01,1859,1860,1.4870523415977874e-03,azimuth:0_m:degrees
1859,-2,-2.0000000000000000e+00,-1.1333333333333334e-01,-1,-1,3.7777777777777549e-04,wind_direction:18.4_m:degrees
1860,11,2.9056500244140625e+02,-1.6500000000000001e-01,1861,1862,1.1749999999999781e-03,wind_direction:18.4_m:degrees
1861,-2,-2.0000000000000000e+00,-1.4266666666666664e-01,-1,-1,4.1955555555555496e-04,wind_direction:18.4_m:degrees
1862,-2,-2.0000000000000000e+00,-2.0222222222222222e-01,-1,-1,2.1728395061729189e-04,wind_direction:18.4_m:degrees
1863,-2,-2.0000000000000000e+00,-3.5333333333333333e-01,-1,-1,3.5555555555556728e-04,wind_direction:18.4_m:degrees
1864,-2,-2.0000000000000000e+00,-2.5000000000000000e-01,-1,-1,0.0000000000000000e+00,wind_direction:18.4_m:degrees
1865,-2,-2.0000000000000000e+00,-5.9352941176470586e-01,-1,-1,6.6989619377161302e-04,wind_direction:18.4_m:degrees
1866,-2,-2.0000000000000000e+00,-7.0999999999999996e-01,-1,-1,-9.9920072216264089e-16,wind_direction:18.4_m:degrees
1867,-2,-2.0000000000000000e+00,2.0000000000000000e-02,-1,-1,4.0000000000000002e-04,wind_direction:18.4_m:degrees
1868,8,1.1500000000000000e+01,-6.0689655172413794e-02,1929,1930,8.0814506539833488e-04,wave_period:0_m:s
1869,-2,-2.0000000000000000e+00,-4.2800000000000005e-01,-1,-1,1.6959999999999475e-03,wind_direction:18.4_m:degrees
1870,-2,-2.0000000000000000e+00,-3.6846153846153840e-01,-1,-1,1.3207100591716703e-03,wind_direction:18.4_m:degrees
1871,4,6.4657828807830811e+00,-3.8063909774436085e-02,1873,1874,5.1260493809712282e-04,mixing_ratio:18.4_m:g_kg-1
1872,-2,-2.0000000000000000e+00,-2.9344262295081934e-02,-1,-1,1.9383230314431120e-04,wind_direction:18.4_m:degrees
1873,-2,-2.0000000000000000e+00,-3.1495327102803720e-02,-1,-1,5.2486680059394002e-04,wind_direction:18.4_m:degrees
1874,0,2.5043416023254395e+01,-4.2484276729559706e-02,1887,1888,4.5577805466555919e-04,zenith:0_m:degrees
1875,-2,-2.0000000000000000e+00,-5.5420560747663543e-02,-1,-1,5.5192593239584281e-04,wind_direction:18.4_m:degrees
1876,-2,-2.0000000000000000e+00,-1.1428571428571429e-02,-1,-1,4.0816326530601057e-05,wind_direction:18.4_m:degrees
1877,-2,-2.0000000000000000e+00,-1.4214285714285713e-01,-1,-1,6.7397959183673403e-04,wind_direction:18.4_m:degrees
1878,-2,-2.0000000000000000e+00,-8.9999999999999997e-02,-1,-1,8.5714285714303534e-05,wind_direction:18.4_m:degrees
1879,-2,-2.0000000000000000e+00,-1.1642857142857142e-01,-1,-1,6.6581632653061294e-04,wind_direction:18.4_m:degrees
1880,4,2.0556343793869019e+00,-1.5062499999999998e-01,1897,1898,1.5475260416666775e-03,mixing_ratio:18.4_m:g_kg-1
1881,-2,-2.0000000000000000e+00,-1.6542553191489359e-01,-1,-1,1.4312019013128022e-03,wind_direction:18.4_m:degrees
1882,-2,-2.0000000000000000e+00,-1.2142857142857143e-01,-1,-1,1.0979591836734175e-03,wind_direction:18.4_m:degrees
1883,-2,-2.0000000000000000e+00,-5.5000000000000004e-01,-1,-1,1.9999999999997797e-04,wind_direction:18.4_m:degrees
1884,-2,-2.0000000000000000e+00,-4.8200000000000004e-01,-1,-1,2.9599999999990745e-04,wind_direction:18.4_m:degrees
1885,-2,-2.0000000000000000e+00,-2.9767441860465118e-02,-1,-1,4.5110870740941065e-04,wind_direction:18.4_m:degrees
1886,-2,-2.0000000000000000e+00,-7.1250000000000008e-02,-1,-1,1.3593749999999717e-04,wind_direction:18.4_m:degrees
1887,-2,-2.0000000000000000e+00,-2.1851851851851855e-02,-1,-1,2.1508916323731127e-04,wind_direction:18.4_m:degrees
1888,9,8.7175327301025391e+01,-4.4398625429553217e-02,1953,1954,4.3494762697654120e-04,angle_between_wind_wave:0_m:degrees
1889,-2,-2.0000000000000000e+00,-3.1000000000000000e-01,-1,-1,0.0000000000000000e+00,wind_direction:18.4_m:degrees
1890,-2,-2.0000000000000000e+00,-1.8500000000000000e-01,-1,-1,2.2500000000000991e-04,wind_direction:18.4_m:degrees
1891,-2,-2.0000000000000000e+00,-4.9600000000000000e-01,-1,-1,5.4399999999998894e-04,wind_direction:18.4_m:degrees
1892,-2,-2.0000000000000000e+00,-4.2833333333333329e-01,-1,-1,4.8055555555548413e-04,wind_direction:18.4_m:degrees
1893,4,5.9163274765014648e+00,-4.5431034482758620e-02,1895,1896,7.6619351961950246e-04,mixing_ratio:18.4_m:g_kg-1
1894,-2,-2.0000000000000000e+00,-8.6250000000000007e-02,-1,-1,6.4843749999998930e-04,wind_direction:18.4_m:degrees
1895,-2,-2.0000000000000000e+00,-4.9599999999999984e-02,-1,-1,6.6783999999999854e-04,wind_direction:18.4_m:degrees
1896,-2,-2.0000000000000000e+00,-1.9374999999999996e-02,-1,-1,5.9335937500000393e-04,wind_direction:18.4_m:degrees
1897,-2,-2.0000000000000000e+00,-1.8200000000000000e-01,-1,-1,9.5600000000000546e-04,wind_direction:18.4_m:degrees
1898,10,9.9426379203796387e+00,-1.4236842105263162e-01,2001,2002,1.3759695290858770e-03,wind_speed:18.4_m:m_s-1
1899,4,1.2378507256507874e+00,-2.9189189189189189e-02,1959,1960,8.4528853177501858e-04,mixing_ratio:18.4_m:g_kg-1
1900,3,9.9764999389648438e+02,-4.9325842696629207e-02,1901,1902,5.7033202878425211e-04,pressure:18.4_m:hPa
1901,-2,-2.0000000000000000e+00,2.9999999999999999e-02,-1,-1,0.0000000000000000e+00,wind_direction:18.4_m:degrees
1902,-2,-2.0000000000000000e+00,-5.0227272727272718e-02,-1,-1,5.0449380165289116e-04,wind_direction:18.4_m:degrees
1903,-2,-2.0000000000000000e+00,-1.0962962962962965e-01,-1,-1,5.0727023319615573e-04,wind_direction:18.4_m:degrees
1904,-2,-2.0000000000000000e+00,-5.0000000000000003e-02,-1,-1,9.9999999999986818e-05,wind_direction:18.4_m:degrees
1905,-2,-2.0000000000000000e+00,-1.1499999999999999e-01,-1,-1,4.7500000000000146e-04,wind_direction:18.4_m:degrees
1906,-2,-2.0000000000000000e+00,-2.0000000000000004e-01,-1,-1,1.9999999999999185e-04,wind_direction:18.4_m:degrees
1907,6,2.2950000000000000e+02,-8.0285714285714280e-02,2037,2038,9.2468027210885432e-04,wave_direction:0_m:degrees
1908,-2,-2.0000000000000000e+00,-1.0571428571428572e-01,-1,-1,9.0068027210881384e-04,wind_direction:18.4_m:degrees
1909,-2,-2.0000000000000000e+00,-3.4571428571428586e-02,-1,-1,2.7624489795918241e-04,wind_direction:18.4_m:degrees
1910,-2,-2.0000000000000000e+00,-5.9361702127659594e-02,-1,-1,5.8895427795382406e-04,wind_direction:18.4_m:degrees
1911,-2,-2.0000000000000000e+00,-5.9500000000000011e-02,-1,-1,6.0974999999999875e-04,wind_direction:18.4_m:degrees
1912,-2,-2.0000000000000000e+00,-3.8834951456310669e-02,-1,-1,6.1223489490055700e-04,wind_direction:18.4_m:degrees
1913,-2,-2.0000000000000000e+00,-1.2571428571428572e-01,-1,-1,5.9591836734693496e-04,wind_direction:18.4_m:degrees
1914,-2,-2.0000000000000000e+00,-8.0000000000000002e-02,-1,-1,6.4864864864865208e-04,wind_direction:18.4_m:degrees
1915,-2,-2.0000000000000000e+00,-3.4999999999999992e-01,-1,-1,4.1633363423443370e-17,wind_direction:18.4_m:degrees
1916,-2,-2.0000000000000000e+00,-2.7500000000000002e-01,-1,-1,2.4999999999998634e-04,wind_direction:18.4_m:degrees
1917,-2,-2.0000000000000000e+00,-1.6804347826086957e-01,-1,-1,8.3747637051040380e-04,wind_direction:18.4_m:degrees
1918,-2,-2.0000000000000000e+00,-2.8000000000000003e-01,-1,-1,3.3306690738754696e-16,wind_direction:18.4_m:degrees
1919,-2,-2.0000000000000000e+00,-6.6500000000000004e-01,-1,-1,5.6250000000002132e-04,wind_direction:18.4_m:degrees
1920,-2,-2.0000000000000000e+00,-7.1111111111111114e-01,-1,-1,1.2320987654321769e-03,wind_direction:18.4_m:degrees
1921,-2,-2.0000000000000000e+00,-3.4000000000000002e-01,-1,-1,0.0000000000000000e+00,wind_direction:18.4_m:degrees
1922,-2,-2.0000000000000000e+00,-4.2999999999999999e-01,-1,-1,0.0000000000000000e+00,wind_direction:18.4_m:degrees
1923,-2,-2.0000000000000000e+00,-1.3000000000000000e-01,-1,-1,1.1999999999999858e-04,wind_direction:18.4_m:degrees
1924,-2,-2.0000000000000000e+00,-1.9666666666666666e-01,-1,-1,5.8888888888888186e-04,wind_direction:18.4_m:degrees
1925,-2,-2.0000000000000000e+00,-5.5500000000000005e-01,-1,-1,2.4999999999997247e-05,wind_direction:18.4_m:degrees
1926,-2,-2.0000000000000000e+00,-6.6500000000000004e-01,-1,-1,6.2499999999976463e-04,wind_direction:18.4_m:degrees
1927,-2,-2.0000000000000000e+00,-1.4333333333333334e-01,-1,-1,2.2222222222222088e-05,wind_direction:18.4_m:degrees
1928,-2,-2.0000000000000000e+00,-2.1666666666666667e-01,-1,-1,3.1111111111112311e-04,wind_direction:18.4_m:degrees
1929,5,6.2000000000000000e+01,-5.9026548672566376e-02,1941,1942,7.2029133056621683e-04,relative_humidity:18.4_m:%
1930,-2,-2.0000000000000000e+00,-1.2333333333333334e-01,-1,-1,8.8888888888787737e-05,wind_direction:18.4_m:degrees
1931,-2,-2.0000000000000000e+00,-1.1432989690721650e-01,-1,-1,1.0121798278244221e-03,wind_direction:18.4_m:degrees
1932,-2,-2.0000000000000000e+00,-5.0000000000000010e-02,-1,-1,8.0000000000006845e-04,wind_direction:18.4_m:degrees
1933,12,1.1071787215769291e-02,-3.8564814814814802e-02,1935,1936,5.1062542866941291e-04,bulk_richardson:18.4_m:none
1934,-2,-2.0000000000000000e+00,-7.1818181818181823e-02,-1,-1,1.3239669421485903e-03,wind_direction:18.4_m:degrees
1935,-2,-2.0000000000000000e+00,-4.0552884615384560e-02,-1,-1,5.0642508783284605e-04,wind_direction:18.4_m:degrees
1936,-2,-2.0000000000000000e+00,-3.1895161290322549e-02,-1,-1,4.6697287981267536e-04,wind_direction:18.4_m:degrees
1937,-2,-2.0000000000000000e+00,-7.4285714285714288e-02,-1,-1,7.3877551020408178e-04,wind_direction:18.4_m:degrees
1938,-2,-2.0000000000000000e+00,-1.4999999999999999e-01,-1,-1,3.4694469519536142e-18,wind_direction:18.4_m:degrees
1939,-2,-2.0000000000000000e+00,-1.3714285714285715e-01,-1,-1,4.8979591836736946e-05,wind_direction:18.4_m:degrees
1940,-2,-2.0000000000000000e+00,-8.9545454545454553e-02,-1,-1,7.5888429752066222e-04,wind_direction:18.4_m:degrees
1941,-2,-2.0000000000000000e+00,-7.5806451612903225e-02,-1,-1,4.2434963579604610e-04,wind_direction:18.4_m:degrees
1942,-2,-2.0000000000000000e+00,-5.2682926829268298e-02,-1,-1,6.8548483045806222e-04,wind_direction:18.4_m:degrees
1943,-2,-2.0000000000000000e+00,-2.3000000000000001e-01,-1,-1,0.0000000000000000e+00,wind_direction:18.4_m:degrees
1944,-2,-2.0000000000000000e+00,-1.1952380952380953e-01,-1,-1,7.3786848072563034e-04,wind_direction:18.4_m:degrees
1945,-2,-2.0000000000000000e+00,-2.1500000000000002e-01,-1,-1,2.2499999999999604e-04,wind_direction:18.4_m:degrees
1946,-2,-2.0000000000000000e+00,-1.2714285714285717e-01,-1,-1,7.0612244897958962e-04,wind_direction:18.4_m:degrees
1947,-2,-2.0000000000000000e+00,-2.9999999999999999e-01,-1,-1,9.9999999999975109e-05,wind_direction:18.4_m:degrees
1948,-2,-2.0000000000000000e+00,-4.0000000000000008e-01,-1,-1,-5.5511151231257827e-17,wind_direction:18.4_m:degrees
1949,-2,-2.0000000000000000e+00,-2.6000000000000001e-01,-1,-1,0.0000000000000000e+00,wind_direction:18.4_m:degrees
1950,-2,-2.0000000000000000e+00,-3.6000000000000004e-01,-1,-1,0.0000000000000000e+00,wind_direction:18.4_m:degrees
1951,-2,-2.0000000000000000e+00,-6.9999999999999993e-02,-1,-1,3.3529411764705429e-04,wind_direction:18.4_m:degrees
1952,-2,-2.0000000000000000e+00,-4.0833333333333340e-02,-1,-1,1.6597222222222339e-04,wind_direction:18.4_m:degrees
1953,-2,-2.0000000000000000e+00,4.0000000000000001e-03,-1,-1,1.4400000000000000e-04,wind_direction:18.4_m:degrees
1954,-2,-2.0000000000000000e+00,-4.5244755244755186e-02,-1,-1,3.9836666829674286e-04,wind_direction:18.4_m:degrees
1955,-2,-2.0000000000000000e+00,3.1578947368421052e-03,-1,-1,1.2426592797783935e-03,wind_direction:18.4_m:degrees
1956,-2,-2.0000000000000000e+00,-2.3671874999999995e-02,-1,-1,3.8104858398437511e-04,wind_direction:18.4_m:degrees
1957,-2,-2.0000000000000000e+00,-2.4399999999999999e-01,-1,-1,1.8240000000000062e-03,wind_direction:18.4_m:degrees
1958,-2,-2.0000000000000000e+00,-3.1000000000000000e-01,-1,-1,1.0000000000000425e-03,wind_direction:18.4_m:degrees
1959,-2,-2.0000000000000000e+00,-5.2142857142857151e-02,-1,-1,4.4540816326530536e-04,wind_direction:18.4_m:degrees
1960,-2,-2.0000000000000000e+00,-1.5217391304347825e-02,-1,-1,5.7277882797731586e-04,wind_direction:18.4_m:degrees
1961,-2,-2.0000000000000000e+00,-1.2750000000000000e-01,-1,-1,6.1875000000000124e-04,wind_direction:18.4_m:degrees
1962,2,2.7913500976562500e+02,-7.2440476190476194e-02,1963,1964,8.8511550453515379e-04,water_sfc_temperature:0_m:K
1963,2,2.7773500061035156e+02,-6.0819672131147549e-02,1965,1966,8.0096748185971367e-04,water_sfc_temperature:0_m:K
1964,-2,-2.0000000000000000e+00,-7.9065420560747654e-02,-1,-1,8.1221067342126391e-04,wind_direction:18.4_m:degrees
1965,-2,-2.0000000000000000e+00,-7.1590909090909108e-02,-1,-1,5.8155991735537108e-04,wind_direction:18.4_m:degrees
1966,-2,-2.0000000000000000e+00,-3.2941176470588231e-02,-1,-1,2.9134948096885675e-04,wind_direction:18.4_m:degrees
1967,-2,-2.0000000000000000e+00,-1.0661764705882351e-01,-1,-1,7.6650086505189972e-04,wind_direction:18.4_m:degrees
1968,-2,-2.0000000000000000e+00,-1.6249999999999998e-01,-1,-1,4.6875000000000736e-04,wind_direction:18.4_m:degrees
1969,12,-6.3491940498352051e-02,-6.3482142857142806e-02,1971,1972,1.1218032525510237e-03,bulk_richardson:18.4_m:none
1970,9,9.0532917022705078e+01,-4.9887640449438206e-02,1975,1976,8.6627951016285398e-04,angle_between_wind_wave:0_m:degrees
1971,0,9.4950622558593750e+01,-6.9673202614379065e-02,1973,1974,1.2554487590243192e-03,zenith:0_m:degrees
1972,-2,-2.0000000000000000e+00,-5.0140845070422539e-02,-1,-1,5.7321959928585556e-04,wind_direction:18.4_m:degrees
1973,12,-8.2225825637578964e-02,-7.1275167785234878e-02,2005,2006,1.1909913967839319e-03,bulk_richardson:18.4_m:none
1974,-2,-2.0000000000000000e+00,-1.0000000000000000e-02,-1,-1,-6.7491585237222651e-18,wind_direction:18.4_m:degrees
1975,-2,-2.0000000000000000e+00,-4.5064935064935065e-02,-1,-1,7.6006071850227711e-04,wind_direction:18.4_m:degrees
1976,-2,-2.0000000000000000e+00,-8.0833333333333340e-02,-1,-1,4.4097222222221934e-04,wind_direction:18.4_m:degrees
1977,-2,-2.0000000000000000e+00,-4.2631578947368423e-02,-1,-1,1.8781163434903052e-04,wind_direction:18.4_m:degrees
1978,-2,-2.0000000000000000e+00,-7.3243243243243258e-02,-1,-1,4.6515704894083219e-04,wind_direction:18.4_m:degrees
1979,-2,-2.0000000000000000e+00,-2.7799999999999997e-01,-1,-1,6.4266666666661088e-04,wind_direction:18.4_m:degrees
1980,-2,-2.0000000000000000e+00,-3.9000000000000001e-01,-1,-1,5.8286708792820718e-16,wind_direction:18.4_m:degrees
1981,-2,-2.0000000000000000e+00,-1.2311688311688294e-02,-1,-1,3.8244830494181168e-04,wind_direction:18.4_m:degrees
1982,11,1.3946499633789062e+02,-1.8455836936380452e-02,1983,1984,2.6494107000675645e-04,wind_direction:18.4_m:degrees
1983,-2,-2.0000000000000000e+00,-1.4000000000000001e-01,-1,-1,0.0000000000000000e+00,wind_direction:18.4_m:degrees
1984,0,1.5805922698974609e+02,-1.8230198019801958e-02,1985,1986,2.3795690986177695e-04,zenith:0_m:degrees
1985,11,1.9826500701904297e+02,-1.8084314941103487e-02,1989,1990,2.0209580481587644e-04,wind_direction:18.4_m:degrees
1986,8,5.8499999046325684e+00,-9.6666666666666679e-02,1987,1988,1.3355555555555362e-02,wave_period:0_m:s
1987,-2,-2.0000000000000000e+00,-2.6000000000000001e-01,-1,-1,0.0000000000000000e+00,wind_direction:18.4_m:degrees
1988,-2,-2.0000000000000000e+00,-1.4999999999999999e-02,-1,-1,2.4999999999999822e-05,wind_direction:18.4_m:degrees
1989,-2,-2.0000000000000000e+00,-2.3006134969325076e-02,-1,-1,3.2122900121696189e-04,wind_direction:18.4_m:degrees
1990,-2,-2.0000000000000000e+00,-1.5943060498220533e-02,-1,-1,1.3514266536644476e-04,wind_direction:18.4_m:degrees
1991,-2,-2.0000000000000000e+00,-5.2500000000000002e-01,-1,-1,2.5000000000052758e-05,wind_direction:18.4_m:degrees
1992,-2,-2.0000000000000000e+00,-4.4181818181818178e-01,-1,-1,9.9669421487599830e-04,wind_direction:18.4_m:degrees
1993,-2,-2.0000000000000000e+00,-3.5833333333333328e-02,-1,-1,5.7430555555555620e-04,wind_direction:18.4_m:degrees
1994,-2,-2.0000000000000000e+00,-8.0000000000000002e-02,-1,-1,4.4999999999999207e-04,wind_direction:18.4_m:degrees
1995,-2,-2.0000000000000000e+00,-9.4782608695652165e-02,-1,-1,6.5103969754252457e-04,wind_direction:18.4_m:degrees
1996,-2,-2.0000000000000000e+00,-1.3230769230769232e-01,-1,-1,9.8698224852071872e-04,wind_direction:18.4_m:degrees
1997,3,1.0198999938964844e+03,-2.3749999999999999e-01,1999,2000,2.5687500000000085e-03,pressure:18.4_m:hPa
1998,-2,-2.0000000000000000e+00,-1.9117647058823528e-01,-1,-1,7.9861591695502138e-04,wind_direction:18.4_m:degrees
1999,-2,-2.0000000000000000e+00,-2.2285714285714286e-01,-1,-1,1.2204081632653241e-03,wind_direction:18.4_m:degrees
2000,-2,-2.0000000000000000e+00,-3.4000000000000002e-01,-1,-1,-6.9388939039072284e-17,wind_direction:18.4_m:degrees
2001,11,3.2046000671386719e+02,-1.5652173913043479e-01,2027,2028,1.2139886578449686e-03,wind_direction:18.4_m:degrees
2002,-2,-2.0000000000000000e+00,-1.2066666666666666e-01,-1,-1,8.4622222222223431e-04,wind_direction:18.4_m:degrees
2003,-2,-2.0000000000000000e+00,-1.0166666666666667e-01,-1,-1,6.4722222222222091e-04,wind_direction:18.4_m:degrees
2004,-2,-2.0000000000000000e+00,-1.6000000000000000e-01,-1,-1,6.0000000000000331e-04,wind_direction:18.4_m:degrees
2005,-2,-2.0000000000000000e+00,-6.6283185840707956e-02,-1,-1,1.0622914871955521e-03,wind_direction:18.4_m:degrees
2006,8,6.0499999523162842e+00,-8.6944444444444435e-02,2007,2008,1.2712191358024878e-03,wave_period:0_m:s
2007,-2,-2.0000000000000000e+00,-8.2058823529411795e-02,-1,-1,9.1634948096885709e-04,wind_direction:18.4_m:degrees
2008,-2,-2.0000000000000000e+00,-1.7000000000000001e-01,-1,-1,3.4694469519536142e-17,wind_direction:18.4_m:degrees
2009,0,6.3016632080078125e+01,-3.5250000000000004e-01,2039,2040,1.4354166666666474e-03,zenith:0_m:degrees
2010,12,-5.2052181214094162e-02,-3.8250000000000001e-01,2011,2012,2.3330357142858360e-03,bulk_richardson:18.4_m:none
2011,-2,-2.0000000000000000e+00,-2.8500000000000003e-01,-1,-1,2.2499999999997522e-04,wind_direction:18.4_m:degrees
2012,12,-2.8568091802299023e-02,-3.9000000000000001e-01,2013,2014,1.7076923076923267e-03,bulk_richardson:18.4_m:none
2013,-2,-2.0000000000000000e+00,-4.0823529411764703e-01,-1,-1,9.6747404844299556e-04,wind_direction:18.4_m:degrees
2014,-2,-2.0000000000000000e+00,-3.5555555555555557e-01,-1,-1,1.2913580246910750e-03,wind_direction:18.4_m:degrees
2015,-2,-2.0000000000000000e+00,-5.5555555555555552e-02,-1,-1,6.4691358024691415e-04,wind_direction:18.4_m:degrees
2016,-2,-2.0000000000000000e+00,-9.8181818181818190e-02,-1,-1,6.7851239669422005e-04,wind_direction:18.4_m:degrees
2017,2,2.7575498962402344e+02,-9.5918367346938746e-02,2019,2020,6.3231986672220020e-04,water_sfc_temperature:0_m:K
2018,5,8.4350002288818359e+01,-8.5215311004784661e-02,2023,2024,5.3787230145833486e-04,relative_humidity:18.4_m:%
2019,-2,-2.0000000000000000e+00,-4.4285714285714296e-02,-1,-1,2.4489795918366739e-05,wind_direction:18.4_m:degrees
2020,8,5.0499999523162842e+00,-9.7830687830687824e-02,2021,2022,5.5243694185493075e-04,wave_period:0_m:s
2021,-2,-2.0000000000000000e+00,-1.0530973451327433e-01,-1,-1,5.4525804683216647e-04,wind_direction:18.4_m:degrees
2022,-2,-2.0000000000000000e+00,-8.6710526315789474e-02,-1,-1,3.5628462603878950e-04,wind_direction:18.4_m:degrees
2023,-2,-2.0000000000000000e+00,-9.5696202531645555e-02,-1,-1,4.5742669443999719e-04,wind_direction:18.4_m:degrees
2024,-2,-2.0000000000000000e+00,-7.8846153846153816e-02,-1,-1,4.7943786982248323e-04,wind_direction:18.4_m:degrees
2025,-2,-2.0000000000000000e+00,-2.0800000000000002e-01,-1,-1,6.9599999999999523e-04,wind_direction:18.4_m:degrees
2026,-2,-2.0000000000000000e+00,-2.7600000000000002e-01,-1,-1,6.4000000000022372e-05,wind_direction:18.4_m:degrees
2027,-2,-2.0000000000000000e+00,-1.6833333333333333e-01,-1,-1,8.0277777777778420e-04,wind_direction:18.4_m:degrees
2028,-2,-2.0000000000000000e+00,-1.1400000000000002e-01,-1,-1,3.8399999999997984e-04,wind_direction:18.4_m:degrees
2029,3,1.0072999877929688e+03,-7.5161290322580648e-02,2031,2032,8.7013527575442295e-04,pressure:18.4_m:hPa
2030,-2,-2.0000000000000000e+00,-5.3173076923076906e-02,-1,-1,3.5050850591716301e-04,wind_direction:18.4_m:degrees
2031,-2,-2.0000000000000000e+00,-6.9999999999999993e-02,-1,-1,5.1724137931034603e-04,wind_direction:18.4_m:degrees
2032,-2,-2.0000000000000000e+00,-1.4999999999999999e-01,-1,-1,1.7347234759768071e-17,wind_direction:18.4_m:degrees
2033,-2,-2.0000000000000000e+00,-2.8714285714285714e-01,-1,-1,3.8231292517007520e-04,wind_direction:18.4_m:degrees
2034,-2,-2.0000000000000000e+00,-3.5333333333333333e-01,-1,-1,1.1555555555553265e-03,wind_direction:18.4_m:degrees
2035,-2,-2.0000000000000000e+00,-4.2846153846153839e-01,-1,-1,5.2071005917164737e-04,wind_direction:18.4_m:degrees
2036,-2,-2.0000000000000000e+00,-3.8454545454545452e-01,-1,-1,6.0661157024782808e-04,wind_direction:18.4_m:degrees
2037,-2,-2.0000000000000000e+00,-8.2684210526315818e-02,-1,-1,8.7016343490303912e-04,wind_direction:18.4_m:degrees
2038,-2,-2.0000000000000000e+00,-5.7500000000000009e-02,-1,-1,8.6875000000005698e-04,wind_direction:18.4_m:degrees
2039,-2,-2.0000000000000000e+00,-4.2499999999999999e-01,-1,-1,2.2500000000000298e-04,wind_direction:18.4_m:degrees
2040,10,1.3831624984741211e+01,-3.4590909090909094e-01,2041,2042,1.0241735537189905e-03,wind_speed:18.4_m:m_s-1
2041,-2,-2.0000000000000000e+00,-3.3125000000000004e-01,-1,-1,6.1093749999996394e-04,wind_direction:18.4_m:degrees
2042,-2,-2.0000000000000000e+00,-3.8500000000000001e-01,-1,-1,2.5000000000052758e-05,wind_direction:18.4_m:degrees
2043,6,1.7800000000000000e+02,-1.3918918918918921e-01,2045,2046,1.1101533966398798e-03,wave_direction:0_m:degrees
2044,-2,-2.0000000000000000e+00,-1.1742857142857144e-01,-1,-1,9.3053061224489600e-04,wind_direction:18.4_m:degrees
2045,-2,-2.0000000000000000e+00,-1.0111111111111110e-01,-1,-1,3.4320987654321358e-04,wind_direction:18.4_m:degrees
2046,-2,-2.0000000000000000e+00,-1.5142857142857141e-01,-1,-1,7.4081632653060642e-04,wind_direction:18.4_m:degrees
