Node,feature,threshold,value,children_left,children_right,impurity,feature_name
0,10,1.2031286239624023e+01,-6.0364183322318347e-02,1,2,8.9813391451619099e-03,wind_speed:18.4_m:m_s-1
1,10,8.6251692771911621e+00,-4.2059606693529553e-02,3,4,2.6865971554833222e-03,wind_speed:18.4_m:m_s-1
2,10,1.4668473243713379e+01,-3.1488111413043401e-01,5,6,2.7069211409629576e-02,wind_speed:18.4_m:m_s-1
3,4,3.3437436819076538e+00,-2.5732854403212685e-02,11,12,1.0319817214166870e-03,mixing_ratio:18.4_m:g_kg-1
4,4,3.7040208578109741e+00,-1.0840672934191027e-01,7,8,3.9252942446777184e-03,mixing_ratio:18.4_m:g_kg-1
5,11,2.5678500366210938e+02,-2.4230620155038793e-01,9,10,1.0390127170843505e-02,wind_direction:18.4_m:degrees
6,11,2.3927500152587891e+02,-4.8510227272727258e-01,17,18,2.4860216813017227e-02,wind_direction:18.4_m:degrees
7,10,1.0428312301635742e+01,-1.5640602920395677e-01,23,24,4.8618360823485460e-03,wind_speed:18.4_m:m_s-1
8,5,6.8950000762939453e+01,-9.1311860426103064e-02,27,28,2.4789701814236682e-03,relative_humidity:18.4_m:%
9,10,1.3430788516998291e+01,-1.7706480304955527e-01,55,56,3.6253109212763882e-03,wind_speed:18.4_m:m_s-1
10,10,1.3211090087890625e+01,-2.8251370399373577e-01,21,22,1.0319366491918544e-02,wind_speed:18.4_m:m_s-1
11,10,5.7354598045349121e+00,-4.6023726733483650e-02,15,16,1.9328086004701704e-03,wind_speed:18.4_m:m_s-1
12,10,5.7166948318481445e+00,-2.2185108361345466e-02,13,14,7.8990379368874732e-04,wind_speed:18.4_m:m_s-1
13,10,4.3261644840240479e+00,-1.1130944625407400e-02,67,68,4.9293594796764385e-04,wind_speed:18.4_m:m_s-1
14,10,7.2511103153228760e+00,-3.5639073897874615e-02,31,32,8.2161029689074871e-04,wind_speed:18.4_m:m_s-1
15,10,4.1584191322326660e+00,-2.4037390612569608e-02,77,78,9.1834545953954085e-04,wind_speed:18.4_m:m_s-1
16,10,7.5803527832031250e+00,-6.9296842105263420e-02,59,60,1.9533160952907328e-03,wind_speed:18.4_m:m_s-1
17,9,8.7165351867675781e+01,-3.6424242424242426e-01,45,46,2.5727456382001773e-02,angle_between_wind_wave:0_m:degrees
18,10,1.7225641250610352e+01,-5.0643048128342294e-01,19,20,2.1674558001373245e-02,wind_speed:18.4_m:m_s-1
19,10,1.5768233776092529e+01,-4.4902298850574757e-01,33,34,1.2410348130532017e-02,wind_speed:18.4_m:m_s-1
20,5,9.0849998474121094e+01,-6.3902654867256647e-01,25,26,1.7878698410212335e-02,relative_humidity:18.4_m:%
21,12,-2.9919503256678581e-02,-2.4445868945868943e-01,37,38,7.8153052734960121e-03,bulk_richardson:18.4_m:none
22,11,3.2048500061035156e+02,-3.2897391304347845e-01,41,42,9.4499036672967690e-03,wind_direction:18.4_m:degrees
23,10,9.4125127792358398e+00,-1.3093603744149759e-01,65,66,3.0950676716615770e-03,wind_speed:18.4_m:m_s-1
24,12,-4.0327902883291245e-02,-1.9523186682520821e-01,53,54,5.0587155600106265e-03,bulk_richardson:18.4_m:none
25,5,3.5250000000000000e+01,-6.2470046082949293e-01,87,88,1.2479288156469315e-02,relative_humidity:18.4_m:%
26,5,9.5500000000000000e+01,-9.8444444444444457e-01,127,128,2.3802469135807969e-02,relative_humidity:18.4_m:%
27,10,1.0213855743408203e+01,-1.1878676470588218e-01,35,36,4.3865795307093773e-03,wind_speed:18.4_m:m_s-1
28,10,1.0003109455108643e+01,-8.5177508721526671e-02,29,30,1.8468851744211983e-03,wind_speed:18.4_m:m_s-1
29,12,-2.6925658807158470e-02,-6.7782788425404195e-02,75,76,1.0932425598308834e-03,bulk_richardson:18.4_m:none
30,10,1.1058223247528076e+01,-1.0610307414104896e-01,61,62,1.9516313287048885e-03,wind_speed:18.4_m:m_s-1
31,12,-3.2650703564286232e-02,-2.8996780424984461e-02,57,58,6.4222600380048290e-04,bulk_richardson:18.4_m:none
32,12,-1.6763861291110516e-02,-4.6280173303074497e-02,39,40,9.2507355573639462e-04,bulk_richardson:18.4_m:none
33,11,2.7497999572753906e+02,-4.1262975778546740e-01,63,64,1.0599312747691075e-02,wind_direction:18.4_m:degrees
34,0,7.2735889434814453e+01,-4.9416309012875542e-01,83,84,1.0976230912340457e-02,zenith:0_m:degrees
35,12,-6.8585793487727642e-03,-9.6469673405909839e-02,79,80,3.3677856277316148e-03,bulk_richardson:18.4_m:none
36,0,4.3180059432983398e+01,-1.5103370786516848e-01,91,92,4.0991561671506783e-03,zenith:0_m:degrees
37,11,3.1466999816894531e+02,-2.8632911392405075e-01,71,72,7.5548790257971010e-03,wind_direction:18.4_m:degrees
38,4,5.3196704387664795e+00,-2.2311827956989255e-01,73,74,6.5990935368251125e-03,mixing_ratio:18.4_m:g_kg-1
39,5,6.7950000762939453e+01,-6.4418783679753636e-02,111,112,1.3004127649562857e-03,relative_humidity:18.4_m:%
40,12,2.6211937889456749e-02,-3.9639233370913497e-02,123,124,6.2309419918671360e-04,bulk_richardson:18.4_m:none
41,4,5.3754069805145264e+00,-3.3736940298507473e-01,43,44,8.6287142877030792e-03,mixing_ratio:18.4_m:g_kg-1
42,4,3.2148824930191040e+00,-2.1358974358974359e-01,287,288,6.4537804076263347e-03,mixing_ratio:18.4_m:g_kg-1
43,2,2.7496000671386719e+02,-3.4787755102040840e-01,99,100,7.2677401082882342e-03,water_sfc_temperature:0_m:K
44,12,8.5041541606187820e-03,-2.2543478260869562e-01,93,94,9.4204631379957091e-03,bulk_richardson:18.4_m:none
45,1,8.1956183910369873e+00,-6.8999999999999995e-01,369,370,1.2640000000000040e-02,azimuth:0_m:degrees
46,3,9.9314999389648438e+02,-3.5141732283464561e-01,47,48,2.1900353400706812e-02,pressure:18.4_m:hPa
47,6,1.5150000000000000e+02,-4.8486486486486480e-01,49,50,3.7289846603360155e-02,wave_direction:0_m:degrees
48,10,1.6364110946655273e+01,-2.9655555555555574e-01,159,160,5.2425802469136529e-03,wind_speed:18.4_m:m_s-1
49,-2,-2.0000000000000000e+00,-1.0200000000000000e+00,-1,-1,0.0000000000000000e+00,wind_direction:18.4_m:degrees
50,10,1.6819375038146973e+01,-4.5428571428571424e-01,51,52,2.2121632653061218e-02,wind_speed:18.4_m:m_s-1
51,-2,-2.0000000000000000e+00,-2.8307692307692311e-01,-1,-1,1.1443786982248405e-03,wind_direction:18.4_m:degrees
52,10,1.8194535255432129e+01,-5.5545454545454553e-01,271,272,6.9611570247933852e-03,wind_speed:18.4_m:m_s-1
53,11,3.1550999450683594e+02,-2.2336842105263158e-01,69,70,5.4581274238227548e-03,wind_direction:18.4_m:degrees
54,5,5.6399999618530273e+01,-1.7203904555314539e-01,141,142,3.5390093214316028e-03,relative_humidity:18.4_m:%
55,7,1.3499999642372131e+00,-1.6341708542713571e-01,137,138,2.6449399425940816e-03,wave_height:0_m:m
56,2,2.8390000915527344e+02,-2.1994736842105259e-01,109,110,4.2815761772854455e-03,water_sfc_temperature:0_m:K
57,11,2.7800999450683594e+02,-4.2168486739469720e-02,85,86,9.4116349989410773e-04,wind_direction:18.4_m:degrees
58,10,6.5618252754211426e+00,-2.4661074974324276e-02,229,230,4.6791833763245975e-04,wind_speed:18.4_m:m_s-1
59,0,9.0572154998779297e+01,-6.0154511742892526e-02,105,106,1.4856992410780139e-03,zenith:0_m:degrees
60,0,7.4922012329101562e+01,-8.8837516512549577e-02,129,130,2.3923078131188324e-03,zenith:0_m:degrees
61,12,1.1408422607928514e-02,-9.5744530698658945e-02,139,140,1.6857018490563057e-03,bulk_richardson:18.4_m:none
62,8,9.5000000000000000e+00,-1.2456603773584896e-01,325,326,1.8934909220364397e-03,wave_period:0_m:s
63,11,2.5327999877929688e+02,-3.2409090909090904e-01,311,312,4.9423553719008528e-03,wind_direction:18.4_m:degrees
64,11,2.9425999450683594e+02,-4.2853061224489791e-01,95,96,9.9545755935022961e-03,wind_direction:18.4_m:degrees
65,12,-2.3672979325056076e-02,-1.1333863275039753e-01,249,250,2.6340045647442918e-03,bulk_richardson:18.4_m:none
66,11,2.5962500000000000e+02,-1.4788667687595697e-01,195,196,2.9535736816062828e-03,wind_direction:18.4_m:degrees
67,10,2.9248418807983398e+00,-6.5779376498801365e-03,279,280,4.6814560437981074e-04,wind_speed:18.4_m:m_s-1
68,12,-3.1191081739962101e-02,-1.6547788873038760e-02,81,82,4.6842460638049486e-04,bulk_richardson:18.4_m:none
69,10,1.0939926147460938e+01,-2.4159420289855085e-01,125,126,5.1887628649443795e-03,wind_speed:18.4_m:m_s-1
70,11,3.1886499023437500e+02,-1.7500000000000010e-01,753,754,2.9519230769231505e-03,wind_direction:18.4_m:degrees
71,4,7.8855246305465698e-01,-3.0812499999999993e-01,183,184,6.6606889204544051e-03,mixing_ratio:18.4_m:g_kg-1
72,10,1.2119234561920166e+01,-2.2344262295081965e-01,343,344,4.8094598226285021e-03,wind_speed:18.4_m:m_s-1
73,7,9.4999998807907104e-01,-2.3530666666666666e-01,97,98,5.7219726222221962e-03,wave_height:0_m:m
74,5,6.4950000762939453e+01,-1.7233333333333331e-01,153,154,7.0556666666666094e-03,relative_humidity:18.4_m:%
75,11,1.5299500274658203e+02,-1.0858064516129036e-01,239,240,2.7231467221644021e-03,wind_direction:18.4_m:degrees
76,10,9.3232450485229492e+00,-6.5259377494014476e-02,107,108,8.8311309043443125e-04,wind_speed:18.4_m:m_s-1
77,12,-6.4235484600067139e-01,-1.4397905759162258e-02,517,518,7.2575939725962502e-04,bulk_richardson:18.4_m:none
78,0,7.3536930084228516e+01,-3.4987255734919259e-02,173,174,9.1166084013256216e-04,zenith:0_m:degrees
79,12,-4.4678842648863792e-02,-1.0710317460317464e-01,149,150,2.4150211010330030e-03,bulk_richardson:18.4_m:none
80,10,9.2192716598510742e+00,-5.7913669064748194e-02,275,276,4.9258630505667313e-03,wind_speed:18.4_m:m_s-1
81,11,2.7109001159667969e+02,-2.3652998983395637e-02,165,166,4.7997989527582760e-04,wind_direction:18.4_m:degrees
82,12,2.8401762247085571e-02,-1.1382113821138275e-02,695,696,3.9663620139526799e-04,bulk_richardson:18.4_m:none
83,10,1.5912807464599609e+01,-4.1894736842105262e-01,317,318,7.0515235457064285e-03,wind_speed:18.4_m:m_s-1
84,12,-1.2979445047676563e-02,-5.0882051282051299e-01,103,104,1.0423737015121559e-02,bulk_richardson:18.4_m:none
85,10,6.7171831130981445e+00,-3.4309262166405022e-02,541,542,6.4681487496578744e-04,wind_speed:18.4_m:m_s-1
86,11,3.5375999450683594e+02,-5.7596302003081655e-02,117,118,1.1597075980351126e-03,wind_direction:18.4_m:degrees
87,9,8.8389026641845703e+01,-8.1166666666666654e-01,207,208,1.8113888888889096e-02,angle_between_wind_wave:0_m:degrees
88,12,-1.9382860045880079e-06,-6.1938388625592411e-01,89,90,1.1296776801958786e-02,bulk_richardson:18.4_m:none
89,1,8.2829826354980469e+01,-6.2596059113300484e-01,121,122,1.0524569875512535e-02,azimuth:0_m:degrees
90,-2,-2.0000000000000000e+00,-4.5250000000000001e-01,-1,-1,1.9437499999989671e-03,wind_direction:18.4_m:degrees
91,8,5.5000000000000000e+00,-8.3720930232558152e-02,467,468,3.1210383991346641e-03,wave_period:0_m:s
92,11,3.0198500061035156e+02,-1.5823383084577120e-01,119,120,3.6672786564689551e-03,wind_direction:18.4_m:degrees
93,5,6.5449996948242188e+01,-2.7758620689655167e-01,225,226,6.5286563614744969e-03,relative_humidity:18.4_m:%
94,12,1.4219846110790968e-02,-1.3647058823529412e-01,919,920,1.7993079584774745e-03,bulk_richardson:18.4_m:none
95,4,2.1655689477920532e+00,-4.4585635359116033e-01,115,116,9.3833826806262732e-03,mixing_ratio:18.4_m:g_kg-1
96,12,-1.0211504064500332e-02,-3.7953124999999999e-01,203,204,8.3200927734377039e-03,bulk_richardson:18.4_m:none
97,6,2.2550000000000000e+02,-1.8558823529411761e-01,429,430,4.1834775086505363e-03,wave_direction:0_m:degrees
98,10,1.2892098426818848e+01,-2.4631921824104228e-01,161,162,5.3939437023204709e-03,wind_speed:18.4_m:m_s-1
99,6,2.3550000000000000e+02,-2.8799999999999998e-01,233,234,5.7999999999999857e-03,wave_direction:0_m:degrees
100,12,-2.4248722940683365e-02,-3.5468181818181826e-01,101,102,6.9808078512395288e-03,bulk_richardson:18.4_m:none
101,2,2.7688000488281250e+02,-3.8484848484848450e-01,167,168,7.3502295684116925e-03,water_sfc_temperature:0_m:K
102,10,1.4221480369567871e+01,-3.2999999999999968e-01,113,114,5.3247933884296300e-03,wind_speed:18.4_m:m_s-1
103,4,1.5356819629669189e+00,-5.3130769230769215e-01,131,132,9.7698284023666759e-03,mixing_ratio:18.4_m:g_kg-1
104,3,1.0083500061035156e+03,-4.6384615384615380e-01,219,220,8.6975147928990415e-03,pressure:18.4_m:hPa
105,12,1.4432609896175563e-03,-4.7055921052631546e-02,297,298,1.7053126623095567e-03,bulk_richardson:18.4_m:none
106,12,-2.3094633594155312e-02,-6.8039603960396031e-02,187,188,1.1880380354867002e-03,bulk_richardson:18.4_m:none
107,11,2.0159500122070312e+02,-5.8399452804377493e-02,273,274,6.4394987658157772e-04,wind_direction:18.4_m:degrees
108,12,-3.8484807591885328e-03,-7.4865900383141809e-02,257,258,1.0598479176757956e-03,bulk_richardson:18.4_m:none
109,11,1.3788999938964844e+02,-1.9435185185185180e-01,197,198,3.6430984224965560e-03,wind_direction:18.4_m:degrees
110,4,7.9139275550842285e+00,-2.5365853658536586e-01,387,388,3.1232004759072507e-03,mixing_ratio:18.4_m:g_kg-1
111,0,8.7613185882568359e+01,-8.1767810026385182e-02,363,364,1.4762943727765774e-03,zenith:0_m:degrees
112,3,1.0151499938964844e+03,-5.7271739130434811e-02,441,442,1.0528826795841227e-03,pressure:18.4_m:hPa
113,0,6.0488201141357422e+01,-3.1402298850574722e-01,179,180,4.9918615404943856e-03,zenith:0_m:degrees
114,11,3.0952000427246094e+02,-3.7088235294117644e-01,351,352,3.8521626297577660e-03,wind_direction:18.4_m:degrees
115,0,1.5598603820800781e+02,-4.6564516129032246e-01,213,214,8.6455515088448565e-03,zenith:0_m:degrees
116,4,2.4336956739425659e+00,-4.0280701754385961e-01,135,136,8.2833487226836588e-03,mixing_ratio:18.4_m:g_kg-1
117,10,6.7366600036621094e+00,-5.6403100775193761e-02,681,682,9.3589952526891259e-04,wind_speed:18.4_m:m_s-1
118,-2,-2.0000000000000000e+00,-2.5000000000000000e-01,-1,-1,-1.1102230246251565e-16,wind_direction:18.4_m:degrees
119,11,2.7847000122070312e+02,-1.6848387096774201e-01,175,176,3.4702819979188435e-03,wind_direction:18.4_m:degrees
120,12,3.0237733153626323e-03,-1.2369565217391311e-01,419,420,2.7841682419660462e-03,bulk_richardson:18.4_m:none
121,9,8.7416896820068359e+01,-5.7078947368421062e-01,265,266,5.0809556786702847e-03,angle_between_wind_wave:0_m:degrees
122,10,1.9134233474731445e+01,-6.3866666666666660e-01,143,144,1.0915797979798025e-02,wind_speed:18.4_m:m_s-1
123,10,8.0483632087707520e+00,-4.1497702909648077e-02,255,256,5.6348429793925763e-04,wind_speed:18.4_m:m_s-1
124,9,8.8165973663330078e+01,-1.8197879858657222e-02,985,986,8.1123999550490947e-04,angle_between_wind_wave:0_m:degrees
125,12,-5.0750927999615669e-02,-2.0945054945054947e-01,181,182,5.4821156865113019e-03,bulk_richardson:18.4_m:none
126,11,2.7319000244140625e+02,-2.5740540540540546e-01,227,228,4.2862410518626076e-03,wind_direction:18.4_m:degrees
127,1,1.6700681304931641e+02,-8.9666666666666661e-01,1759,1760,6.1888888888885774e-03,azimuth:0_m:degrees
128,7,3.1500000953674316e+00,-1.1600000000000001e+00,599,600,1.2799999999999923e-02,wave_height:0_m:m
129,4,2.3252137899398804e+00,-6.6192893401015210e-02,527,528,2.1220541626942235e-03,mixing_ratio:18.4_m:g_kg-1
130,11,3.1730000305175781e+02,-9.6803571428571406e-02,293,294,2.2435328443877328e-03,wind_direction:18.4_m:degrees
131,4,1.4875280857086182e+00,-5.7809523809523800e-01,133,134,1.3986848072562397e-02,mixing_ratio:18.4_m:g_kg-1
132,4,1.9118552803993225e+00,-5.0897727272727267e-01,209,210,6.2137267561986897e-03,mixing_ratio:18.4_m:g_kg-1
133,11,2.8518499755859375e+02,-5.4264705882352948e-01,191,192,1.0013581314879116e-02,wind_direction:18.4_m:degrees
134,11,3.0020500183105469e+02,-7.2875000000000001e-01,1043,1044,2.8359374999992193e-03,wind_direction:18.4_m:degrees
135,10,1.5066963195800781e+01,-3.3111111111111108e-01,497,498,4.9432098765432447e-03,wind_speed:18.4_m:m_s-1
136,11,2.9398500061035156e+02,-4.3589743589743590e-01,593,594,6.3575279421432540e-03,wind_direction:18.4_m:degrees
137,5,5.6899999618530273e+01,-1.3048543689320388e-01,425,426,1.9405410500518416e-03,relative_humidity:18.4_m:%
138,10,1.2202899456024170e+01,-1.7028340080971674e-01,157,158,2.5185431657624505e-03,wind_speed:18.4_m:m_s-1
139,11,3.4326499938964844e+02,-1.0017050298380199e-01,189,190,1.5235855919891756e-03,wind_direction:18.4_m:degrees
140,6,1.9350000000000000e+02,-7.4467213114754086e-02,345,346,1.9181587610855770e-03,wave_direction:0_m:degrees
141,9,8.7896514892578125e+01,-1.9009345794392526e-01,245,246,3.7747576207529110e-03,angle_between_wind_wave:0_m:degrees
142,10,1.1426044464111328e+01,-1.5639676113360315e-01,215,216,2.8076644429510383e-03,wind_speed:18.4_m:m_s-1
143,7,3.1499999761581421e+00,-6.1369565217391298e-01,145,146,1.1460255198487979e-02,wave_height:0_m:m
144,11,2.9074499511718750e+02,-6.7013698630136964e-01,205,206,8.4534058922878796e-03,wind_direction:18.4_m:degrees
145,9,8.9133831024169922e+01,-6.3239999999999996e-01,147,148,1.1434239999999984e-02,angle_between_wind_wave:0_m:degrees
146,7,3.3500000238418579e+00,-5.3117647058823525e-01,963,964,3.2221453287204493e-03,wave_height:0_m:m
147,10,1.8860807418823242e+01,-6.6200000000000003e-01,259,260,8.6400000000004251e-03,wind_speed:18.4_m:m_s-1
148,1,1.9542903900146484e+02,-5.7320000000000015e-01,251,252,1.1765759999999237e-02,azimuth:0_m:degrees
149,3,1.0042500000000000e+03,-1.3826923076923076e-01,151,152,4.7239275147928986e-03,pressure:18.4_m:hPa
150,0,6.3474769592285156e+01,-9.9000000000000005e-02,415,416,1.4964999999999996e-03,zenith:0_m:degrees
151,5,6.6750000000000000e+01,-2.0000000000000001e-01,585,586,2.2571428571428603e-03,relative_humidity:18.4_m:%
152,10,8.6845312118530273e+00,-1.1552631578947363e-01,533,534,3.7115650969529040e-03,wind_speed:18.4_m:m_s-1
153,3,9.9989999389648438e+02,-1.1000000000000000e-01,155,156,7.1166666666666704e-03,pressure:18.4_m:hPa
154,3,1.0080000000000000e+03,-1.9499999999999998e-01,177,178,5.1068181818182054e-03,pressure:18.4_m:hPa
155,-2,-2.0000000000000000e+00,1.3000000000000000e-01,-1,-1,0.0000000000000000e+00,wind_direction:18.4_m:degrees
156,2,2.8739999389648438e+02,-1.3181818181818183e-01,1023,1024,2.0512396694214903e-03,water_sfc_temperature:0_m:K
157,5,7.7150001525878906e+01,-1.3462500000000002e-01,1279,1280,1.1873593749999918e-03,relative_humidity:18.4_m:%
158,12,2.6291916146874428e-02,-1.7717391304347829e-01,263,264,2.4825929426590884e-03,bulk_richardson:18.4_m:none
159,11,1.2415000152587891e+02,-2.7637681159420285e-01,285,286,3.9593362738919308e-03,wind_direction:18.4_m:degrees
160,11,1.2929999542236328e+02,-3.6285714285714288e-01,763,764,3.7251700680270283e-03,wind_direction:18.4_m:degrees
161,9,8.8158615112304688e+01,-2.3256038647342994e-01,389,390,4.5118019090294240e-03,angle_between_wind_wave:0_m:degrees
162,2,2.7422999572753906e+02,-2.7479999999999993e-01,163,164,6.0169599999999601e-03,water_sfc_temperature:0_m:K
163,1,1.2424247503280640e+02,-1.8461538461538460e-01,967,968,1.9940828402367008e-03,azimuth:0_m:degrees
164,4,1.4926829934120178e+00,-2.8827586206896560e-01,241,242,5.2211652794293129e-03,mixing_ratio:18.4_m:g_kg-1
165,12,-1.5774627774953842e-01,-1.9413489736070464e-02,891,892,3.0366382584714389e-04,bulk_richardson:18.4_m:none
166,10,5.2985751628875732e+00,-3.3237569060773416e-02,367,368,7.4609273221207880e-04,wind_speed:18.4_m:m_s-1
167,11,2.9386000061035156e+02,-4.1402439024390236e-01,169,170,7.5386823319453511e-03,wind_direction:18.4_m:degrees
168,10,1.3862144470214844e+01,-3.6422413793103442e-01,193,194,6.1899152794296919e-03,wind_speed:18.4_m:m_s-1
169,2,2.7651499938964844e+02,-3.8683333333333336e-01,319,320,3.8483055555555701e-03,water_sfc_temperature:0_m:K
170,7,1.8499999642372131e+00,-4.8818181818181822e-01,171,172,1.0087603305785203e-02,wave_height:0_m:m
171,5,4.6050001144409180e+01,-4.6200000000000002e-01,673,674,3.5560000000000036e-03,relative_humidity:18.4_m:%
172,-2,-2.0000000000000000e+00,-7.5000000000000000e-01,-1,-1,-4.4408920985006262e-16,wind_direction:18.4_m:degrees
173,4,1.4566206336021423e+00,-1.4241071428571428e-02,1033,1034,1.0038883131377550e-03,mixing_ratio:18.4_m:g_kg-1
174,11,2.7120500183105469e+02,-3.9863588667366168e-02,505,506,7.6503910443521061e-04,wind_direction:18.4_m:degrees
175,1,2.8617112731933594e+02,-1.5427860696517420e-01,423,424,2.2652756119897477e-03,azimuth:0_m:degrees
176,1,1.2945030212402344e+02,-1.9467889908256894e-01,357,358,4.6340712061275213e-03,azimuth:0_m:degrees
177,12,-2.5112951407209039e-03,-2.2454545454545452e-01,231,232,3.5747933884297950e-03,bulk_richardson:18.4_m:none
178,12,-1.4569741673767567e-02,-1.3590909090909092e-01,703,704,2.9332644628098821e-03,bulk_richardson:18.4_m:none
179,8,5.5999999046325684e+00,-4.2999999999999999e-01,217,218,1.4050000000000007e-02,wave_period:0_m:s
180,3,9.8639999389648438e+02,-3.0843373493975912e-01,253,254,3.8758600667731097e-03,pressure:18.4_m:hPa
181,3,1.0081499938964844e+03,-2.2594594594594603e-01,243,244,4.6889700511321963e-03,pressure:18.4_m:hPa
182,8,4.8499999046325684e+00,-1.3764705882352943e-01,1463,1464,2.5944636678202349e-03,wave_period:0_m:s
183,6,2.4450000000000000e+02,-3.6592592592592588e-01,519,520,5.5352537722908601e-03,wave_direction:0_m:degrees
184,12,-6.2087932601571083e-02,-2.9765100671140937e-01,185,186,6.1495157875771922e-03,bulk_richardson:18.4_m:none
185,1,1.7820991516113281e+02,-1.9545454545454549e-01,1657,1658,2.5157024793388341e-03,azimuth:0_m:degrees
186,5,4.6399999618530273e+01,-3.0579710144927547e-01,281,282,5.5403066582650484e-03,relative_humidity:18.4_m:%
187,10,6.8612315654754639e+00,-7.0449320794148354e-02,237,238,1.1188158746693166e-03,wind_speed:18.4_m:m_s-1
188,-2,-2.0000000000000000e+00,-2.4528301886792458e-02,-1,-1,4.3987184051231512e-04,wind_direction:18.4_m:degrees
189,11,1.0829999923706055e+02,-9.8951473136914922e-02,223,224,1.4350357733931753e-03,wind_direction:18.4_m:degrees
190,10,1.0096416950225830e+01,-1.7421052631578948e-01,1695,1696,1.3296398891965676e-03,wind_speed:18.4_m:m_s-1
191,-2,-2.0000000000000000e+00,-3.2000000000000001e-01,-1,-1,0.0000000000000000e+00,wind_direction:18.4_m:degrees
192,12,-3.5959444940090179e-02,-5.5656250000000007e-01,401,402,7.3475585937499699e-03,bulk_richardson:18.4_m:none
193,7,1.5500000119209290e+00,-3.3303571428571421e-01,515,516,4.0782844387755451e-03,wave_height:0_m:m
194,12,-4.2624158784747124e-02,-3.9333333333333315e-01,199,200,6.4055555555557198e-03,bulk_richardson:18.4_m:none
195,2,2.7802499389648438e+02,-1.0379999999999999e-01,1103,1104,1.2555600000000045e-03,water_sfc_temperature:0_m:K
196,11,3.1079499816894531e+02,-1.5154228855721391e-01,299,300,2.9198435682285806e-03,wind_direction:18.4_m:degrees
197,-2,-2.0000000000000000e+00,-1.3272727272727272e-01,-1,-1,1.2561983471074400e-03,wind_direction:18.4_m:degrees
198,10,1.3873363971710205e+01,-2.1011627906976751e-01,201,202,3.0337074094104813e-03,wind_speed:18.4_m:m_s-1
199,11,3.1105999755859375e+02,-3.3666666666666661e-01,951,952,1.8984126984127186e-03,wind_direction:18.4_m:degrees
200,3,1.0103999938964844e+03,-4.2384615384615371e-01,235,236,6.1723865877714723e-03,pressure:18.4_m:hPa
201,3,1.0035500183105469e+03,-1.7804347826086958e-01,671,672,1.8505198487712080e-03,pressure:18.4_m:hPa
202,5,9.4700000762939453e+01,-2.4700000000000003e-01,843,844,1.8509999999999985e-03,relative_humidity:18.4_m:%
203,2,2.7622499084472656e+02,-3.9563636363636367e-01,303,304,6.7845950413222833e-03,water_sfc_temperature:0_m:K
204,2,2.7494499206542969e+02,-2.8111111111111109e-01,489,490,6.4320987654322287e-03,water_sfc_temperature:0_m:K
205,1,1.8121540069580078e+02,-6.5137931034482743e-01,433,434,7.6256837098694907e-03,azimuth:0_m:degrees
206,2,2.7436500549316406e+02,-7.4266666666666659e-01,399,400,5.0328888888888645e-03,water_sfc_temperature:0_m:K
207,-2,-2.0000000000000000e+00,-9.3999999999999995e-01,-1,-1,0.0000000000000000e+00,wind_direction:18.4_m:degrees
208,-2,-2.0000000000000000e+00,-6.8333333333333324e-01,-1,-1,3.2888888888891188e-03,wind_direction:18.4_m:degrees
209,1,9.8562957763671875e+01,-4.5888888888888896e-01,597,598,3.7358024691357405e-03,azimuth:0_m:degrees
210,6,2.2350000000000000e+02,-5.3114754098360661e-01,211,212,5.7085192152649955e-03,wave_direction:0_m:degrees
211,11,3.0132499694824219e+02,-4.8037037037037039e-01,601,602,4.5517146776405670e-03,wind_direction:18.4_m:degrees
212,6,2.2850000000000000e+02,-5.7147058823529417e-01,1107,1108,2.9537197231833678e-03,wave_direction:0_m:degrees
213,2,2.8226499938964844e+02,-4.5932203389830495e-01,373,374,8.0436081585751606e-03,water_sfc_temperature:0_m:K
214,4,1.5865662097930908e+00,-5.8999999999999997e-01,997,998,4.2333333333314793e-03,mixing_ratio:18.4_m:g_kg-1
215,4,1.8332072496414185e+00,-1.4285714285714288e-01,511,512,2.0775510204081860e-03,mixing_ratio:18.4_m:g_kg-1
216,12,-1.0416432283818722e-02,-1.8518987341772150e-01,337,338,3.1414196442878517e-03,bulk_richardson:18.4_m:none
217,-2,-2.0000000000000000e+00,-5.6999999999999995e-01,-1,-1,0.0000000000000000e+00,wind_direction:18.4_m:degrees
218,12,-2.0213955081999302e-02,-3.4599999999999997e-01,1293,1294,3.6640000000000145e-03,bulk_richardson:18.4_m:none
219,4,6.3642575740814209e+00,-4.8723404255319153e-01,221,222,8.8157537347216264e-03,mixing_ratio:18.4_m:g_kg-1
220,11,2.4950000000000000e+02,-4.0277777777777773e-01,1097,1098,3.2311728395061079e-03,wind_direction:18.4_m:degrees
221,1,1.7809147644042969e+02,-5.0404761904761897e-01,579,580,6.9574263038548745e-03,azimuth:0_m:degrees
222,-2,-2.0000000000000000e+00,-3.4599999999999997e-01,-1,-1,2.1039999999998976e-03,wind_direction:18.4_m:degrees
223,-2,-2.0000000000000000e+00,-3.8800000000000001e-02,-1,-1,8.9855999999999985e-04,wind_direction:18.4_m:degrees
224,3,1.0000499877929688e+03,-1.0028343666961896e-01,267,268,1.3650215237074968e-03,pressure:18.4_m:hPa
225,1,1.4549185943603516e+02,-2.0545454545454547e-01,1011,1012,4.3702479338842831e-03,azimuth:0_m:degrees
226,9,8.9388179779052734e+01,-3.2166666666666666e-01,805,806,2.7250000000000468e-03,angle_between_wind_wave:0_m:degrees
227,6,2.2850000000000000e+02,-1.2400000000000000e-01,953,954,5.7839999999999957e-03,wave_direction:0_m:degrees
228,0,6.6065246582031250e+01,-2.6111111111111113e-01,639,640,3.7365432098765416e-03,zenith:0_m:degrees
229,7,3.8000000715255737e+00,-2.1143559790962326e-02,305,306,3.9192928299341089e-04,wave_height:0_m:m
230,11,3.0820999145507812e+02,-2.9080726149092455e-02,563,564,5.2831677413467002e-04,wind_direction:18.4_m:degrees
231,10,1.2216877460479736e+01,-2.4911764705882355e-01,971,972,1.6668685121107099e-03,wind_speed:18.4_m:m_s-1
232,-2,-2.0000000000000000e+00,-1.4099999999999999e-01,-1,-1,1.0290000000000368e-03,wind_direction:18.4_m:degrees
233,1,1.1468184471130371e+01,-2.6952380952380955e-01,417,418,3.7521541950113063e-03,azimuth:0_m:degrees
234,2,2.7483000183105469e+02,-3.8500000000000001e-01,735,736,5.3500000000002434e-03,water_sfc_temperature:0_m:K
235,5,5.2250000000000000e+01,-3.7952380952380954e-01,761,762,3.3092970521541865e-03,relative_humidity:18.4_m:%
236,6,2.3050000000000000e+02,-4.7555555555555556e-01,493,494,4.5469135802472527e-03,wave_direction:0_m:degrees
237,6,2.2650000000000000e+02,-6.3190082644628040e-02,609,610,8.5808783553037102e-04,wave_direction:0_m:degrees
238,11,3.1652500915527344e+02,-8.2926136363636341e-02,465,466,1.3206990896177965e-03,wind_direction:18.4_m:degrees
239,1,1.5751006317138672e+02,-8.2058823529411767e-02,1009,1010,1.3692906574394462e-03,azimuth:0_m:degrees
240,10,9.8194065093994141e+00,-1.2931034482758619e-01,917,918,2.8018232263178552e-03,wind_speed:18.4_m:m_s-1
241,-2,-2.0000000000000000e+00,-1.7333333333333334e-01,-1,-1,8.2222222222222072e-04,wind_direction:18.4_m:degrees
242,12,-1.3762934133410454e-02,-2.9679012345679018e-01,313,314,4.4958695320834463e-03,bulk_richardson:18.4_m:none
243,1,2.5525080871582031e+02,-1.7749999999999999e-01,715,716,2.6854166666666693e-03,azimuth:0_m:degrees
244,11,3.0921499633789062e+02,-2.4920000000000006e-01,315,316,3.9833599999999289e-03,wind_direction:18.4_m:degrees
245,5,3.6500000000000000e+01,-2.7083333333333331e-01,1175,1176,2.9243055555555619e-03,relative_humidity:18.4_m:%
246,0,6.3610189437866211e+01,-1.8529702970297030e-01,247,248,3.4150107832565460e-03,zenith:0_m:degrees
247,6,2.0800000000000000e+02,-1.2000000000000000e-01,1041,1042,2.1800000000000049e-03,wave_direction:0_m:degrees
248,12,-1.9988313317298889e-02,-1.9247252747252760e-01,481,482,3.0306997947107950e-03,bulk_richardson:18.4_m:none
249,8,4.8500001430511475e+00,-1.1726465364120778e-01,443,444,2.6717363527663535e-03,wave_period:0_m:s
250,12,-2.1356360986828804e-02,-7.9848484848484835e-02,1681,1682,1.0590679522497308e-03,bulk_richardson:18.4_m:none
251,4,1.2481915950775146e+00,-6.4300000000000002e-01,1039,1040,3.6009999999999653e-03,mixing_ratio:18.4_m:g_kg-1
252,4,1.6066012382507324e+00,-5.2666666666666662e-01,339,340,1.1795555555555226e-02,mixing_ratio:18.4_m:g_kg-1
253,-2,-2.0000000000000000e+00,-4.6999999999999997e-01,-1,-1,0.0000000000000000e+00,wind_direction:18.4_m:degrees
254,8,6.7500000000000000e+00,-3.0546012269938672e-01,261,262,3.4579171214572518e-03,wave_period:0_m:s
255,0,3.4758903503417969e+01,-3.7263495456974903e-02,1345,1346,5.3051261183306524e-04,zenith:0_m:degrees
256,11,3.4750498962402344e+02,-4.7180774748923938e-02,849,850,5.5137765047574405e-04,wind_direction:18.4_m:degrees
257,3,1.0018500061035156e+03,-8.7530120481927612e-02,729,730,1.1360683698650289e-03,pressure:18.4_m:hPa
258,8,1.0500000000000000e+01,-6.8960674157303378e-02,461,462,9.1465013887134100e-04,wave_period:0_m:s
259,3,1.0075499877929688e+03,-6.4749999999999996e-01,341,342,7.3596590909090209e-03,pressure:18.4_m:hPa
260,2,2.7926499938964844e+02,-7.6833333333333320e-01,759,760,5.1805555555557437e-03,water_sfc_temperature:0_m:K
261,11,3.1126000976562500e+02,-2.9687943262411348e-01,559,560,3.1817514209545039e-03,wind_direction:18.4_m:degrees
262,10,1.3835692882537842e+01,-3.6045454545454542e-01,1425,1426,1.7316115702482315e-03,wind_speed:18.4_m:m_s-1
263,9,9.0661159515380859e+01,-1.7867970660146693e-01,307,308,2.3014353094494150e-03,angle_between_wind_wave:0_m:degrees
264,-2,-2.0000000000000000e+00,-5.4000000000000006e-02,-1,-1,1.9439999999990624e-03,wind_direction:18.4_m:degrees
265,-2,-2.0000000000000000e+00,-7.6000000000000001e-01,-1,-1,0.0000000000000000e+00,wind_direction:18.4_m:degrees
266,9,8.8977912902832031e+01,-5.6027777777777787e-01,421,422,3.2638117283949608e-03,angle_between_wind_wave:0_m:degrees
267,5,7.3100002288818359e+01,-1.3508474576271190e-01,499,500,2.0012640045963641e-03,relative_humidity:18.4_m:%
268,11,2.0044999694824219e+02,-9.8364485981308383e-02,269,270,1.2594746266049728e-03,wind_direction:18.4_m:degrees
269,9,8.9532264709472656e+01,-1.1584569732937690e-01,353,354,1.7293293064128377e-03,angle_between_wind_wave:0_m:degrees
270,11,2.6391999816894531e+02,-9.0327421555252502e-02,779,780,8.3836482786732794e-04,wind_direction:18.4_m:degrees
271,2,2.7483999633789062e+02,-5.0692307692307703e-01,871,872,3.3443786982246260e-03,water_sfc_temperature:0_m:K
272,7,3.6499999761581421e+00,-6.2555555555555564e-01,1007,1008,3.8691358024691147e-03,wave_height:0_m:m
273,3,9.9700000000000000e+02,-6.8812095032397394e-02,1339,1340,5.7591069604280738e-04,pressure:18.4_m:hPa
274,12,6.3499335665255785e-03,-5.3573573573573549e-02,309,310,6.0194428662898626e-04,bulk_richardson:18.4_m:none
275,11,3.4712500000000000e+02,-3.3787878787878783e-02,277,278,6.6720156106519751e-03,wind_direction:18.4_m:degrees
276,6,2.1450000000000000e+02,-7.9726027397260271e-02,503,504,2.3451304184649970e-03,wave_direction:0_m:degrees
277,2,2.7773999023437500e+02,-2.5846153846153855e-02,457,458,2.6119763313609472e-03,water_sfc_temperature:0_m:K
278,-2,-2.0000000000000000e+00,-5.5000000000000004e-01,-1,-1,0.0000000000000000e+00,wind_direction:18.4_m:degrees
279,5,4.6800001144409180e+01,-2.9715840386940581e-03,289,290,6.6907174392370772e-04,relative_humidity:18.4_m:%
280,12,-6.5529990941286087e-02,-8.9487281399046725e-03,321,322,3.2188767326314383e-04,bulk_richardson:18.4_m:none
281,6,2.3250000000000000e+02,-2.7799999999999997e-01,283,284,6.9687272727272931e-03,wave_direction:0_m:degrees
282,3,1.0025000000000000e+03,-3.2421686746987949e-01,617,618,3.7424589925967588e-03,pressure:18.4_m:hPa
283,11,2.8882499694824219e+02,-3.1999999999999995e-01,513,514,5.5999999999999939e-03,wind_direction:18.4_m:degrees
284,10,1.2468109130859375e+01,-2.4034482758620693e-01,365,366,5.1964328180737623e-03,wind_speed:18.4_m:m_s-1
285,-2,-2.0000000000000000e+00,-2.0666666666666669e-01,-1,-1,1.3888888888888770e-03,wind_direction:18.4_m:degrees
286,11,1.9702999877929688e+02,-2.9105263157894734e-01,795,796,3.2620498614958776e-03,wind_direction:18.4_m:degrees
287,0,7.8356666564941406e+01,-1.9545454545454552e-01,371,372,4.9035812672176063e-03,zenith:0_m:degrees
288,8,8.5000000000000000e+00,-3.1333333333333330e-01,1433,1434,3.2222222222223207e-03,wave_period:0_m:s
289,4,4.1589941978454590e+00,-7.9166666666666663e-02,291,292,1.6824305555555551e-02,mixing_ratio:18.4_m:g_kg-1
290,4,1.1114673137664795e+01,-2.6941747572815401e-03,1543,1544,5.8903996606654357e-04,mixing_ratio:18.4_m:g_kg-1
291,-2,-2.0000000000000000e+00,-8.8888888888888889e-03,-1,-1,2.7654320987654325e-04,wind_direction:18.4_m:degrees
292,2,2.8316000366210938e+02,-2.8999999999999998e-01,1095,1096,7.1999999999999981e-03,water_sfc_temperature:0_m:K
293,6,2.2750000000000000e+02,-1.0974895397489538e-01,295,296,2.6283888587384698e-03,wave_direction:0_m:degrees
294,12,-3.1981536121747922e-03,-8.7165109034267857e-02,545,546,1.7393154181345261e-03,bulk_richardson:18.4_m:none
295,11,2.8508499145507812e+02,-8.8854166666666665e-02,475,476,2.0788953993055598e-03,wind_direction:18.4_m:degrees
296,12,-3.9065795019268990e-02,-1.2377622377622380e-01,411,412,2.5074184556702090e-03,bulk_richardson:18.4_m:none
297,3,1.0118500061035156e+03,-4.9737762237762204e-02,649,650,1.6434626998875269e-03,pressure:18.4_m:hPa
298,-2,-2.0000000000000000e+00,-4.4444444444444436e-03,-1,-1,7.5802469135801212e-04,wind_direction:18.4_m:degrees
299,4,1.2138507962226868e+00,-1.6097345132743360e-01,385,386,2.6453650768788681e-03,mixing_ratio:18.4_m:g_kg-1
300,11,3.4726499938964844e+02,-1.3943181818181821e-01,301,302,3.0114195936640359e-03,wind_direction:18.4_m:degrees
301,0,7.1919902801513672e+01,-1.3560000000000005e-01,571,572,2.7366399999999812e-03,zenith:0_m:degrees
302,3,1.0062000122070312e+03,-2.0785714285714288e-01,773,774,2.9739795918368173e-03,pressure:18.4_m:hPa
303,9,9.0376819610595703e+01,-3.6451612903225800e-01,525,526,4.7602497398542554e-03,angle_between_wind_wave:0_m:degrees
304,0,6.9062263488769531e+01,-4.3583333333333329e-01,405,406,6.5326388888889420e-03,zenith:0_m:degrees
305,12,4.8637164582032710e-04,-2.1283076923077140e-02,407,408,3.7118448284022558e-04,bulk_richardson:18.4_m:none
306,-2,-2.0000000000000000e+00,1.3000000000000000e-01,-1,-1,8.2572837456496018e-16,wind_direction:18.4_m:degrees
307,12,-4.1547899600118399e-03,-1.8504559270516716e-01,549,550,2.4189188939497328e-03,bulk_richardson:18.4_m:none
308,0,1.3033068084716797e+02,-1.5250000000000002e-01,1721,1722,9.6624999999997060e-04,zenith:0_m:degrees
309,3,9.9685000610351562e+02,-6.0530821917808196e-02,523,524,5.6941000891350211e-04,pressure:18.4_m:hPa
310,12,2.2145190276205540e-02,-4.3783132530120436e-02,1113,1114,4.8376019741615283e-04,bulk_richardson:18.4_m:none
311,7,2.4499999284744263e+00,-2.7470588235294119e-01,1733,1734,1.4837370242214432e-03,wave_height:0_m:m
312,3,9.9515002441406250e+02,-3.5518518518518516e-01,323,324,4.6175582990398145e-03,pressure:18.4_m:hPa
313,1,3.0569845581054688e+02,-3.1882352941176467e-01,479,480,4.9515570934255820e-03,azimuth:0_m:degrees
314,11,3.1116999816894531e+02,-2.5933333333333330e-01,1693,1694,1.4928888888888076e-03,wind_direction:18.4_m:degrees
315,10,1.0755763530731201e+01,-2.3333333333333334e-01,749,750,2.4126984126983941e-03,wind_speed:18.4_m:m_s-1
316,7,1.1500000357627869e+00,-3.3250000000000002e-01,931,932,3.9687499999998821e-03,wave_height:0_m:m
317,-2,-2.0000000000000000e+00,-2.7666666666666667e-01,-1,-1,5.5555555555555913e-04,wind_direction:18.4_m:degrees
318,11,2.8995999145507812e+02,-4.3114285714285705e-01,627,628,5.7244081632653321e-03,wind_direction:18.4_m:degrees
319,12,-2.7486109174787998e-02,-3.7294117647058816e-01,451,452,3.1815455594002562e-03,bulk_richardson:18.4_m:none
320,-2,-2.0000000000000000e+00,-4.6555555555555561e-01,-1,-1,3.3580246913567091e-04,wind_direction:18.4_m:degrees
321,6,2.2350000000000000e+02,-1.3004504504504482e-02,1251,1252,3.2290988961934588e-04,wave_direction:0_m:degrees
322,5,9.6549999237060547e+01,-5.7467994310099234e-03,1823,1824,2.9784200611481198e-04,relative_humidity:18.4_m:%
323,-2,-2.0000000000000000e+00,-4.9333333333333335e-01,-1,-1,1.0888888888888892e-03,wind_direction:18.4_m:degrees
324,0,1.4488578033447266e+02,-3.3791666666666670e-01,1587,1588,2.3748263888888760e-03,zenith:0_m:degrees
325,11,1.9236499786376953e+02,-1.2401515151515162e-01,327,328,1.8172118916437736e-03,wind_direction:18.4_m:degrees
326,-2,-2.0000000000000000e+00,-2.6999999999999996e-01,-1,-1,7.9999999999422200e-04,wind_direction:18.4_m:degrees
327,3,9.9555001831054688e+02,-1.3956521739130448e-01,329,330,2.8012602394454564e-03,pressure:18.4_m:hPa
328,12,-9.9325934424996376e-03,-1.1851282051282049e-01,331,332,1.3531729125575553e-03,bulk_richardson:18.4_m:none
329,7,2.3500000238418579e+00,-3.5500000000000004e-01,333,334,3.8025000000000003e-02,wave_height:0_m:m
330,11,1.3254499816894531e+02,-1.3746341463414635e-01,335,336,2.0003950029743867e-03,wind_direction:18.4_m:degrees
331,3,1.0017500000000000e+03,-1.4932432432432430e-01,507,508,2.2035975164353579e-03,pressure:18.4_m:hPa
332,5,8.5750000000000000e+01,-1.1405088062622314e-01,789,790,1.0726314620425129e-03,relative_humidity:18.4_m:%
333,-2,-2.0000000000000000e+00,-1.6000000000000000e-01,-1,-1,0.0000000000000000e+00,wind_direction:18.4_m:degrees
334,-2,-2.0000000000000000e+00,-5.5000000000000004e-01,-1,-1,0.0000000000000000e+00,wind_direction:18.4_m:degrees
335,9,8.8601776123046875e+01,-1.0877192982456141e-01,1647,1648,8.5638658048630377e-04,angle_between_wind_wave:0_m:degrees
336,12,-4.9633348826318979e-03,-1.4851351351351355e-01,787,788,2.0018444119795260e-03,bulk_richardson:18.4_m:none
337,6,2.3700000000000000e+02,-2.0116666666666666e-01,439,440,2.4603055555555836e-03,wave_direction:0_m:degrees
338,12,-9.9050793796777725e-03,-1.3473684210526315e-01,1445,1446,1.9407202216066254e-03,bulk_richardson:18.4_m:none
339,-2,-2.0000000000000000e+00,-7.7000000000000002e-01,-1,-1,0.0000000000000000e+00,wind_direction:18.4_m:degrees
340,9,8.9264987945556641e+01,-5.0928571428571434e-01,633,634,8.1066326530612742e-03,angle_between_wind_wave:0_m:degrees
341,9,8.7435897827148438e+01,-6.6939393939393943e-01,783,784,4.5269054178145307e-03,angle_between_wind_wave:0_m:degrees
342,11,3.1827999877929688e+02,-5.8181818181818190e-01,355,356,1.0105785123966871e-02,wind_direction:18.4_m:degrees
343,-2,-2.0000000000000000e+00,-3.0625000000000002e-01,-1,-1,5.4843749999998470e-04,wind_direction:18.4_m:degrees
344,11,3.2958499145507812e+02,-2.1094339622641517e-01,361,362,4.2613741545033737e-03,wind_direction:18.4_m:degrees
345,11,1.9934999847412109e+02,-8.8550724637681169e-02,473,474,1.0138416299096797e-03,wind_direction:18.4_m:degrees
346,6,1.9550000000000000e+02,-5.6132075471698087e-02,347,348,2.5010768956924214e-03,wave_direction:0_m:degrees
347,10,1.0777966022491455e+01,1.6666666666666673e-02,349,350,1.2238888888888891e-02,wind_speed:18.4_m:m_s-1
348,-2,-2.0000000000000000e+00,-6.5425531914893587e-02,-1,-1,4.9503168854685836e-04,wind_direction:18.4_m:degrees
349,-2,-2.0000000000000000e+00,-5.8571428571428566e-02,-1,-1,1.2244897959183803e-05,wind_direction:18.4_m:degrees
350,4,6.3571083545684814e+00,1.2200000000000003e-01,611,612,1.0336000000000003e-02,mixing_ratio:18.4_m:g_kg-1
351,4,1.4917587637901306e+00,-3.6716417910447752e-01,661,662,2.9695700601470310e-03,mixing_ratio:18.4_m:g_kg-1
352,-2,-2.0000000000000000e+00,-6.2000000000000000e-01,-1,-1,-5.5511151231257827e-17,wind_direction:18.4_m:degrees
353,1,3.1254045104980469e+02,-9.7603305785123939e-02,1075,1076,9.3061949320402335e-04,azimuth:0_m:degrees
354,12,-1.1934675741940737e-02,-1.2606481481481480e-01,395,396,1.8859032064471731e-03,bulk_richardson:18.4_m:none
355,12,-3.0623586848378181e-02,-5.5800000000000005e-01,961,962,4.8759999999999359e-03,bulk_richardson:18.4_m:none
356,-2,-2.0000000000000000e+00,-8.1999999999999995e-01,-1,-1,-7.7715611723760958e-16,wind_direction:18.4_m:degrees
357,0,1.4697596740722656e+02,-2.2212765957446812e-01,431,432,2.3869624264372807e-03,zenith:0_m:degrees
358,10,1.1282942771911621e+01,-1.7387096774193547e-01,359,360,5.3334027055150432e-03,wind_speed:18.4_m:m_s-1
359,3,1.0138500061035156e+03,-1.4809523809523809e-01,613,614,4.1154195011338136e-03,pressure:18.4_m:hPa
360,0,7.2095752716064453e+01,-2.2800000000000004e-01,535,536,3.5659999999999442e-03,zenith:0_m:degrees
361,6,2.6350000000000000e+02,-2.2744186046511630e-01,471,472,3.6934559221200383e-03,wave_direction:0_m:degrees
362,-2,-2.0000000000000000e+00,-1.3999999999999999e-01,-1,-1,4.9999999999995187e-04,wind_direction:18.4_m:degrees
363,5,5.2250000000000000e+01,-6.6894409937888158e-02,803,804,1.5978087265151866e-03,relative_humidity:18.4_m:%
364,10,7.4868736267089844e+00,-9.2752293577981620e-02,667,668,1.1025166231798649e-03,wind_speed:18.4_m:m_s-1
365,4,1.1650384366512299e+00,-1.8923076923076923e-01,1497,1498,1.6224852071005866e-03,mixing_ratio:18.4_m:g_kg-1
366,0,8.2931465148925781e+01,-2.8187500000000004e-01,531,532,4.2527343749999696e-03,zenith:0_m:degrees
367,0,1.2277286148071289e+02,-2.8012422360248368e-02,801,802,5.6157748543652090e-04,zenith:0_m:degrees
368,0,1.4171080017089844e+02,-4.6130268199233659e-02,1089,1090,9.6778379647978864e-04,zenith:0_m:degrees
369,-2,-2.0000000000000000e+00,-8.2499999999999996e-01,-1,-1,1.2250000000001426e-03,wind_direction:18.4_m:degrees
370,-2,-2.0000000000000000e+00,-5.9999999999999998e-01,-1,-1,-1.1102230246251565e-16,wind_direction:18.4_m:degrees
371,-2,-2.0000000000000000e+00,-9.4000000000000000e-02,-1,-1,2.2640000000000021e-03,wind_direction:18.4_m:degrees
372,11,3.2693000793457031e+02,-2.1357142857142858e-01,547,548,3.2086734693877114e-03,wind_direction:18.4_m:degrees
373,4,1.1912314891815186e+00,-4.5508771929824582e-01,375,376,7.7653431825178421e-03,mixing_ratio:18.4_m:g_kg-1
374,-2,-2.0000000000000000e+00,-5.8000000000000007e-01,-1,-1,9.0000000000162172e-04,wind_direction:18.4_m:degrees
375,1,3.6153937339782715e+01,-5.1421052631578945e-01,381,382,9.4033240997230538e-03,azimuth:0_m:degrees
376,5,5.0949998855590820e+01,-4.4326315789473675e-01,377,378,6.5988254847642591e-03,relative_humidity:18.4_m:%
377,12,-4.0702858939766884e-02,-4.1607142857142859e-01,409,410,5.3702806122451208e-03,bulk_richardson:18.4_m:none
378,5,5.1149999618530273e+01,-4.8230769230769227e-01,379,380,5.7767258382643571e-03,relative_humidity:18.4_m:%
379,-2,-2.0000000000000000e+00,-6.5666666666666662e-01,-1,-1,2.2222222222222365e-03,wind_direction:18.4_m:degrees
380,0,8.8920112609863281e+01,-4.6777777777777785e-01,539,540,3.3283950617283564e-03,zenith:0_m:degrees
381,-2,-2.0000000000000000e+00,-3.6999999999999994e-01,-1,-1,2.0000000000003348e-04,wind_direction:18.4_m:degrees
382,5,4.0700000762939453e+01,-5.4125000000000001e-01,383,384,6.4984375000000649e-03,relative_humidity:18.4_m:%
383,11,2.7997000122070312e+02,-4.9909090909090909e-01,1449,1450,2.2082644628099446e-03,wind_direction:18.4_m:degrees
384,5,4.5100000381469727e+01,-6.3400000000000001e-01,1453,1454,3.4239999999999271e-03,relative_humidity:18.4_m:%
385,11,3.0597000122070312e+02,-1.9891891891891894e-01,573,574,2.6691015339663920e-03,wind_direction:18.4_m:degrees
386,1,1.1209690093994141e+02,-1.5632450331125819e-01,453,454,2.4444377439586246e-03,azimuth:0_m:degrees
387,11,2.3532499694824219e+02,-2.8388888888888891e-01,1571,1572,1.7793209876543065e-03,wind_direction:18.4_m:degrees
388,11,1.9400999450683594e+02,-2.3000000000000001e-01,413,414,2.9000000000000137e-03,wind_direction:18.4_m:degrees
389,11,2.9096499633789062e+02,-1.9103448275862070e-01,391,392,6.2506539833531369e-03,wind_direction:18.4_m:degrees
390,9,9.0369117736816406e+01,-2.3932584269662915e-01,393,394,3.9017927029415672e-03,angle_between_wind_wave:0_m:degrees
391,12,-2.1942353807389736e-02,-2.0961538461538462e-01,463,464,3.6344674556213000e-03,bulk_richardson:18.4_m:none
392,-2,-2.0000000000000000e+00,-2.9999999999999999e-02,-1,-1,-9.6385573133961344e-17,wind_direction:18.4_m:degrees
393,9,9.0304817199707031e+01,-2.5069230769230760e-01,675,676,3.4664437869822706e-03,angle_between_wind_wave:0_m:degrees
394,12,-8.4772394038736820e-03,-2.0854166666666671e-01,455,456,3.7832899305557596e-03,bulk_richardson:18.4_m:none
395,2,2.8952499389648438e+02,-1.7038461538461541e-01,397,398,6.0652366863905224e-03,water_sfc_temperature:0_m:K
396,8,4.9500000476837158e+00,-1.2000000000000001e-01,1405,1406,1.0084210526315734e-03,wave_period:0_m:s
397,2,2.8054499816894531e+02,-1.4285714285714285e-01,873,874,2.1061224489795811e-03,water_sfc_temperature:0_m:K
398,3,1.0161000061035156e+03,-2.8599999999999992e-01,767,768,6.1440000000000383e-03,pressure:18.4_m:hPa
399,-2,-2.0000000000000000e+00,-5.1000000000000001e-01,-1,-1,0.0000000000000000e+00,wind_direction:18.4_m:degrees
400,1,2.8940629577636719e+02,-7.5928571428571423e-01,1873,1874,1.2494897959183238e-03,azimuth:0_m:degrees
401,-2,-2.0000000000000000e+00,-3.2000000000000001e-01,-1,-1,0.0000000000000000e+00,wind_direction:18.4_m:degrees
402,9,8.9048339843750000e+01,-5.6419354838709668e-01,403,404,5.7211238293444211e-03,angle_between_wind_wave:0_m:degrees
403,5,5.7949998855590820e+01,-5.8999999999999997e-01,995,996,3.7478260869566182e-03,relative_humidity:18.4_m:%
404,2,2.7613000488281250e+02,-4.8999999999999999e-01,881,882,3.9749999999998398e-03,water_sfc_temperature:0_m:K
405,-2,-2.0000000000000000e+00,-5.4499999999999993e-01,-1,-1,2.0250000000000545e-03,wind_direction:18.4_m:degrees
406,4,1.0841512680053711e+00,-4.1399999999999998e-01,717,718,4.5739999999998837e-03,mixing_ratio:18.4_m:g_kg-1
407,10,6.4460258483886719e+00,-2.5436117936117955e-02,1789,1790,3.1301618935217809e-04,wind_speed:18.4_m:m_s-1
408,12,3.8164976984262466e-02,-1.7114673242909960e-02,899,900,3.9488080812378974e-04,bulk_richardson:18.4_m:none
409,-2,-2.0000000000000000e+00,-5.3000000000000003e-01,-1,-1,0.0000000000000000e+00,wind_direction:18.4_m:degrees
410,2,2.7905999755859375e+02,-4.0730769230769232e-01,537,538,4.7081360946746031e-03,water_sfc_temperature:0_m:K
411,5,5.6699998855590820e+01,-1.2946969696969696e-01,477,478,2.2474460514233172e-03,relative_humidity:18.4_m:%
412,-2,-2.0000000000000000e+00,-5.5454545454545465e-02,-1,-1,5.7024793388440673e-04,wind_direction:18.4_m:degrees
413,5,9.6799999237060547e+01,-2.7750000000000002e-01,1057,1058,2.6937499999999948e-03,relative_humidity:18.4_m:%
414,9,8.8248481750488281e+01,-2.0466666666666669e-01,907,908,1.1648888888888612e-03,angle_between_wind_wave:0_m:degrees
415,12,-3.7733357399702072e-02,-7.5679012345679017e-02,1791,1792,1.0640451150739231e-03,bulk_richardson:18.4_m:none
416,3,1.0145499877929688e+03,-1.0492163009404379e-01,909,910,1.4331443283772949e-03,pressure:18.4_m:hPa
417,-2,-2.0000000000000000e+00,-4.0000000000000001e-02,-1,-1,0.0000000000000000e+00,wind_direction:18.4_m:degrees
418,8,5.5000000000000000e+00,-2.7512195121951216e-01,1143,1144,2.5274241522902918e-03,wave_period:0_m:s
419,11,3.1409500122070312e+02,-1.3473684210526315e-01,1419,1420,2.4170360110803112e-03,wind_direction:18.4_m:degrees
420,-2,-2.0000000000000000e+00,-7.1250000000000008e-02,-1,-1,1.1984374999999704e-03,wind_direction:18.4_m:degrees
421,1,5.9565103530883789e+01,-5.4483870967741932e-01,1523,1524,1.9475546305931513e-03,azimuth:0_m:degrees
422,-2,-2.0000000000000000e+00,-6.5599999999999992e-01,-1,-1,7.8399999999873016e-04,wind_direction:18.4_m:degrees
423,9,8.9313735961914062e+01,-1.6039772727272736e-01,575,576,2.1629099948346948e-03,angle_between_wind_wave:0_m:degrees
424,-2,-2.0000000000000000e+00,-1.1120000000000002e-01,-1,-1,8.6655999999988610e-04,wind_direction:18.4_m:degrees
425,-2,-2.0000000000000000e+00,-2.2166666666666668e-01,-1,-1,6.4722222222222264e-04,wind_direction:18.4_m:degrees
426,12,1.1949963402003050e-02,-1.2484536082474226e-01,427,428,1.4744606228079514e-03,bulk_richardson:18.4_m:none
427,11,1.2206000137329102e+02,-1.3032608695652168e-01,1971,1972,8.4663279773157171e-04,wind_direction:18.4_m:degrees
428,4,9.2614808082580566e+00,-2.4000000000000000e-02,1987,1988,2.3039999999999120e-03,mixing_ratio:18.4_m:g_kg-1
429,3,9.9894998168945312e+02,-1.5516129032258064e-01,957,958,3.7411030176899042e-03,pressure:18.4_m:hPa
430,1,2.4332836914062500e+02,-2.1108108108108112e-01,501,502,3.1285609934258926e-03,azimuth:0_m:degrees
431,9,8.8379547119140625e+01,-2.3842105263157895e-01,915,916,1.5448753462603826e-03,angle_between_wind_wave:0_m:degrees
432,-2,-2.0000000000000000e+00,-1.5333333333333332e-01,-1,-1,8.8888888888825901e-05,wind_direction:18.4_m:degrees
433,9,8.8933429718017578e+01,-6.2617647058823522e-01,435,436,7.7706747404844845e-03,angle_between_wind_wave:0_m:degrees
434,1,2.0948778533935547e+02,-6.8708333333333338e-01,949,950,5.2456597222224066e-03,azimuth:0_m:degrees
435,9,8.7416038513183594e+01,-5.7117647058823529e-01,437,438,4.6221453287197400e-03,angle_between_wind_wave:0_m:degrees
436,8,8.2500000000000000e+00,-6.8117647058823516e-01,631,632,4.8692041522491181e-03,wave_period:0_m:s
437,-2,-2.0000000000000000e+00,-6.9999999999999984e-01,-1,-1,1.6653345369377348e-16,wind_direction:18.4_m:degrees
438,-2,-2.0000000000000000e+00,-5.4357142857142859e-01,-1,-1,1.2943877551020999e-03,wind_direction:18.4_m:degrees
439,9,9.0219253540039062e+01,-2.1510204081632650e-01,969,970,1.8617242815493901e-03,angle_between_wind_wave:0_m:degrees
440,-2,-2.0000000000000000e+00,-1.3909090909090910e-01,-1,-1,4.0826446280987569e-04,wind_direction:18.4_m:degrees
441,11,9.9580001831054688e+01,-6.6226912928759832e-02,495,496,1.2588508851929534e-03,wind_direction:18.4_m:degrees
442,11,1.0255500030517578e+02,-5.0998151571164475e-02,869,870,8.1305175259069329e-04,wind_direction:18.4_m:degrees
443,5,4.5250000000000000e+01,-9.7087378640776698e-02,1267,1268,1.1779244038080863e-03,relative_humidity:18.4_m:%
444,11,3.1358000183105469e+02,-1.2178260869565218e-01,445,446,2.8946483931947316e-03,wind_direction:18.4_m:degrees
445,11,2.6177499389648438e+02,-1.3333333333333328e-01,447,448,3.1555555555556475e-03,wind_direction:18.4_m:degrees
446,12,-8.1164807081222534e-02,-1.0982300884955751e-01,605,606,2.3433315059910118e-03,bulk_richardson:18.4_m:none
447,9,8.8819980621337891e+01,-7.5999999999999998e-02,1967,1968,1.2373333333333342e-03,angle_between_wind_wave:0_m:degrees
448,2,2.7737500000000000e+02,-1.3726027397260274e-01,449,450,3.0463751798336346e-03,water_sfc_temperature:0_m:K
449,7,9.4999998807907104e-01,-1.6381818181818181e-01,823,824,2.6854214876033088e-03,wave_height:0_m:m
450,2,2.7772499084472656e+02,-1.2835365853658542e-01,529,530,2.8515578524687807e-03,water_sfc_temperature:0_m:K
451,10,1.4534480571746826e+01,-3.9636363636363636e-01,1281,1282,1.9746556473829446e-03,wind_speed:18.4_m:m_s-1
452,9,8.9343811035156250e+01,-3.2999999999999996e-01,1347,1348,2.5444444444446129e-03,angle_between_wind_wave:0_m:degrees
453,9,8.8960659027099609e+01,-1.7427184466019421e-01,1379,1380,1.4322367800923552e-03,angle_between_wind_wave:0_m:degrees
454,3,1.0266000366210938e+03,-1.4703517587939696e-01,557,558,2.7153304209490206e-03,pressure:18.4_m:hPa
455,6,2.3050000000000000e+02,-2.2722222222222221e-01,569,570,3.5033950617283649e-03,wave_direction:0_m:degrees
456,-2,-2.0000000000000000e+00,-1.5250000000000000e-01,-1,-1,4.3541666666672627e-04,wind_direction:18.4_m:degrees
457,3,1.0105000000000000e+03,1.3000000000000000e-01,459,460,4.0000000000000008e-02,pressure:18.4_m:hPa
458,-2,-2.0000000000000000e+00,-3.0793650793650800e-02,-1,-1,6.2952884857646677e-04,wind_direction:18.4_m:degrees
459,-2,-2.0000000000000000e+00,-7.0000000000000007e-02,-1,-1,0.0000000000000000e+00,wind_direction:18.4_m:degrees
460,-2,-2.0000000000000000e+00,3.3000000000000002e-01,-1,-1,0.0000000000000000e+00,wind_direction:18.4_m:degrees
461,5,8.1850002288818359e+01,-6.9506346967559890e-02,509,510,8.4785221641558214e-04,relative_humidity:18.4_m:%
462,-2,-2.0000000000000000e+00,5.9999999999999998e-02,-1,-1,-6.8174632605888519e-16,wind_direction:18.4_m:degrees
463,-2,-2.0000000000000000e+00,-3.1250000000000000e-01,-1,-1,7.6874999999999860e-04,wind_direction:18.4_m:degrees
464,10,1.2642388343811035e+01,-1.9090909090909092e-01,1203,1204,1.8809917355371991e-03,wind_speed:18.4_m:m_s-1
465,3,1.0130000000000000e+03,-9.8461538461538420e-02,1353,1354,8.9455621301775395e-04,pressure:18.4_m:hPa
466,10,6.8745484352111816e+00,-7.3828828828828769e-02,491,492,1.3461508806103372e-03,wind_speed:18.4_m:m_s-1
467,5,5.3500000000000000e+01,-6.5151515151515169e-02,469,470,2.2492194674012846e-03,relative_humidity:18.4_m:%
468,-2,-2.0000000000000000e+00,-1.4499999999999996e-01,-1,-1,1.1049999999999845e-03,wind_direction:18.4_m:degrees
469,-2,-2.0000000000000000e+00,7.0000000000000007e-02,-1,-1,0.0000000000000000e+00,wind_direction:18.4_m:degrees
470,-2,-2.0000000000000000e+00,-7.8666666666666676e-02,-1,-1,4.6488888888888795e-04,wind_direction:18.4_m:degrees
471,9,8.8490139007568359e+01,-2.2000000000000000e-01,885,886,2.6829268292682881e-03,angle_between_wind_wave:0_m:degrees
472,-2,-2.0000000000000000e+00,-3.8000000000000000e-01,-1,-1,1.6653345369377348e-16,wind_direction:18.4_m:degrees
473,3,1.0043999938964844e+03,-1.0935483870967742e-01,1955,1956,5.5442247658689034e-04,pressure:18.4_m:hPa
474,2,2.7925000000000000e+02,-7.1578947368421075e-02,1503,1504,7.4750692520775264e-04,water_sfc_temperature:0_m:K
475,-2,-2.0000000000000000e+00,-4.2222222222222223e-02,-1,-1,5.1728395061728335e-04,wind_direction:18.4_m:degrees
476,5,4.7600000381469727e+01,-9.9615384615384592e-02,739,740,1.8216469428007937e-03,relative_humidity:18.4_m:%
477,0,7.5268516540527344e+01,-1.1848484848484851e-01,865,866,1.5461891643709768e-03,zenith:0_m:degrees
478,7,1.1000000238418579e+00,-1.6242424242424244e-01,707,708,2.9032139577594047e-03,wave_height:0_m:m
479,9,9.0968803405761719e+01,-3.2891304347826089e-01,653,654,4.4488185255198570e-03,angle_between_wind_wave:0_m:degrees
480,-2,-2.0000000000000000e+00,-2.2600000000000003e-01,-1,-1,2.4000000000037880e-05,wind_direction:18.4_m:degrees
481,11,2.9144999694824219e+02,-2.0354838709677414e-01,483,484,3.1519250780436270e-03,wind_direction:18.4_m:degrees
482,4,2.0727077722549438e+00,-1.6879310344827589e-01,847,848,1.9485434007134664e-03,mixing_ratio:18.4_m:g_kg-1
483,12,-2.4709569290280342e-02,-2.2854166666666667e-01,487,488,2.8916232638888859e-03,bulk_richardson:18.4_m:none
484,10,1.1471586227416992e+01,-1.8776315789473683e-01,485,486,2.6726281163435006e-03,wind_speed:18.4_m:m_s-1
485,12,-3.2252553850412369e-02,-1.6521739130434784e-01,1273,1274,1.4945179584121074e-03,bulk_richardson:18.4_m:none
486,0,9.9636951446533203e+01,-2.2233333333333336e-01,607,608,2.5045555555555446e-03,zenith:0_m:degrees
487,12,-3.1089411117136478e-02,-2.6409090909090915e-01,1357,1358,1.7423553719007889e-03,bulk_richardson:18.4_m:none
488,6,1.9200000000000000e+02,-1.9846153846153847e-01,1197,1198,1.8899408284023950e-03,wave_direction:0_m:degrees
489,-2,-2.0000000000000000e+00,-3.6250000000000004e-01,-1,-1,3.1874999999997877e-04,wind_direction:18.4_m:degrees
490,-2,-2.0000000000000000e+00,-2.1599999999999997e-01,-1,-1,1.7840000000000356e-03,wind_direction:18.4_m:degrees
491,-2,-2.0000000000000000e+00,-1.6166666666666668e-01,-1,-1,1.6805555555555532e-03,wind_direction:18.4_m:degrees
492,11,3.1698001098632812e+02,-7.1388888888888849e-02,893,894,1.1165895061728470e-03,wind_direction:18.4_m:degrees
493,-2,-2.0000000000000000e+00,-5.4000000000000004e-01,-1,-1,1.4571428571428235e-03,wind_direction:18.4_m:degrees
494,10,1.4285652160644531e+01,-4.3454545454545457e-01,1931,1932,2.1884297520660678e-03,wind_speed:18.4_m:m_s-1
495,-2,-2.0000000000000000e+00,-2.2000000000000000e-01,-1,-1,0.0000000000000000e+00,wind_direction:18.4_m:degrees
496,4,9.9526338577270508e+00,-6.5411140583554350e-02,561,562,1.1394198228370086e-03,mixing_ratio:18.4_m:g_kg-1
497,11,2.9179499816894531e+02,-2.7375000000000005e-01,1951,1952,1.8484374999999803e-03,wind_direction:18.4_m:degrees
498,1,2.9074864196777344e+02,-3.7700000000000000e-01,1249,1250,2.6810000000001000e-03,azimuth:0_m:degrees
499,2,2.8720001220703125e+02,-1.7450000000000004e-01,1387,1388,1.7547499999999820e-03,water_sfc_temperature:0_m:K
500,6,1.7250000000000000e+02,-1.1487179487179489e-01,1933,1934,9.2241946088098686e-04,wave_direction:0_m:degrees
501,-2,-2.0000000000000000e+00,-1.8500000000000003e-01,-1,-1,1.5666666666666468e-03,wind_direction:18.4_m:degrees
502,10,1.2739233970642090e+01,-2.5923076923076926e-01,1257,1258,2.4378698224852002e-03,wind_speed:18.4_m:m_s-1
503,0,1.1617943191528320e+02,-5.8095238095238103e-02,1641,1642,1.0344671201814055e-03,zenith:0_m:degrees
504,11,3.1489999389648438e+02,-1.0903225806451611e-01,543,544,2.6280957336108288e-03,wind_direction:18.4_m:degrees
505,-2,-2.0000000000000000e+00,-2.3493150684931508e-02,-1,-1,3.7067461062112970e-04,wind_direction:18.4_m:degrees
506,3,1.0361500244140625e+03,-4.2825278810408880e-02,687,688,7.7913056296439413e-04,pressure:18.4_m:hPa
507,-2,-2.0000000000000000e+00,-2.0583333333333334e-01,-1,-1,8.2430555555555035e-04,wind_direction:18.4_m:degrees
508,10,1.1691373348236084e+01,-1.3838709677419356e-01,889,890,1.7328824141519261e-03,wind_speed:18.4_m:m_s-1
509,11,2.7204499816894531e+02,-4.4852941176470595e-02,663,664,1.6661548442906569e-03,wind_direction:18.4_m:degrees
510,2,2.8165000915527344e+02,-7.2121684867394675e-02,897,898,6.8972622243424538e-04,water_sfc_temperature:0_m:K
511,-2,-2.0000000000000000e+00,-6.4285714285714293e-02,-1,-1,5.1020408163265224e-04,wind_direction:18.4_m:degrees
512,7,8.4999999403953552e-01,-1.4627329192546590e-01,691,692,1.8656147525172515e-03,wave_height:0_m:m
513,-2,-2.0000000000000000e+00,-2.5142857142857145e-01,-1,-1,3.5510204081631858e-04,wind_direction:18.4_m:degrees
514,3,1.0084499816894531e+03,-3.4526315789473688e-01,623,624,5.1617728531856422e-03,pressure:18.4_m:hPa
515,3,1.0144500122070312e+03,-3.1666666666666671e-01,679,680,3.1984126984127698e-03,pressure:18.4_m:hPa
516,2,2.8100999450683594e+02,-3.8214285714285717e-01,603,604,3.5025510204080845e-03,water_sfc_temperature:0_m:K
517,3,1.0363500366210938e+03,-6.1047835990888392e-03,901,902,1.0224127106023735e-03,pressure:18.4_m:hPa
518,2,2.8486000061035156e+02,-1.8452115812917540e-02,845,846,5.3067755120261764e-04,water_sfc_temperature:0_m:K
519,9,8.9465724945068359e+01,-3.3947368421052632e-01,521,522,4.0470914127424679e-03,angle_between_wind_wave:0_m:degrees
520,9,8.9526668548583984e+01,-4.2874999999999996e-01,1179,1180,3.4609374999998443e-03,angle_between_wind_wave:0_m:degrees
521,-2,-2.0000000000000000e+00,-2.6857142857142857e-01,-1,-1,8.9795918367346905e-04,wind_direction:18.4_m:degrees
522,7,1.7500000000000000e+00,-3.8083333333333336e-01,1999,2000,1.2409722222222197e-03,wave_height:0_m:m
523,4,4.6426548957824707e+00,-1.3999999999999999e-01,1749,1750,2.7714285714285740e-03,mixing_ratio:18.4_m:g_kg-1
524,0,6.2553693771362305e+01,-5.9566724436741714e-02,1839,1840,4.6515022722563165e-04,zenith:0_m:degrees
525,6,2.4350000000000000e+02,-3.7448275862068969e-01,591,592,3.5488703923901022e-03,wave_direction:0_m:degrees
526,-2,-2.0000000000000000e+00,-2.2000000000000000e-01,-1,-1,1.1102230246251565e-16,wind_direction:18.4_m:degrees
527,1,2.0149324798583984e+02,-8.5540540540540527e-02,637,638,2.4355186267348457e-03,azimuth:0_m:degrees
528,0,6.2693922042846680e+01,-5.4552845528455282e-02,807,808,1.5727675325533774e-03,zenith:0_m:degrees
529,2,2.7763999938964844e+02,-6.3999999999999987e-02,1035,1036,2.7440000000000025e-03,water_sfc_temperature:0_m:K
530,9,9.0145565032958984e+01,-1.3253246753246756e-01,657,658,2.5721580367684196e-03,angle_between_wind_wave:0_m:degrees
531,-2,-2.0000000000000000e+00,-4.1999999999999998e-01,-1,-1,0.0000000000000000e+00,wind_direction:18.4_m:degrees
532,10,1.3005984306335449e+01,-2.6214285714285712e-01,1621,1622,1.7454081632652940e-03,wind_speed:18.4_m:m_s-1
533,-2,-2.0000000000000000e+00,-2.3333333333333331e-01,-1,-1,1.4222222222222414e-03,wind_direction:18.4_m:degrees
534,1,1.2491032791137695e+02,-1.1068493150684931e-01,587,588,3.2118596359542225e-03,azimuth:0_m:degrees
535,-2,-2.0000000000000000e+00,-2.9142857142857143e-01,-1,-1,1.4408163265306195e-03,wind_direction:18.4_m:degrees
536,-2,-2.0000000000000000e+00,-1.9384615384615383e-01,-1,-1,1.3775147928993883e-03,wind_direction:18.4_m:degrees
537,8,5.1500000953674316e+00,-4.6000000000000002e-01,659,660,4.3166666666667186e-03,wave_period:0_m:s
538,1,1.8386824035644531e+02,-3.9150000000000001e-01,683,684,3.7427499999999891e-03,azimuth:0_m:degrees
539,5,5.3000000000000000e+01,-4.3333333333333335e-01,1333,1334,2.3777777777776454e-03,relative_humidity:18.4_m:%
540,7,1.7500000000000000e+00,-5.0222222222222224e-01,1171,1172,1.9061728395062261e-03,wave_height:0_m:m
541,12,-1.5745308995246887e-01,-3.1356435643564252e-02,1157,1158,6.1132839917654920e-04,bulk_richardson:18.4_m:none
542,4,6.5329222679138184e+00,-4.5606060606060553e-02,1485,1486,6.2160238751145193e-04,mixing_ratio:18.4_m:g_kg-1
543,-2,-2.0000000000000000e+00,-8.5454545454545464e-02,-1,-1,6.7024793388430030e-04,wind_direction:18.4_m:degrees
544,2,2.8251499938964844e+02,-1.6666666666666666e-01,1319,1320,2.7333333333333480e-03,water_sfc_temperature:0_m:K
545,4,1.8879550099372864e+00,-8.9322580645161312e-02,685,686,1.6392185223725320e-03,mixing_ratio:18.4_m:g_kg-1
546,-2,-2.0000000000000000e+00,-2.6363636363636367e-02,-1,-1,7.3223140495890817e-04,wind_direction:18.4_m:degrees
547,12,-5.3253958001732826e-02,-2.5833333333333330e-01,1535,1536,2.2138888888889041e-03,bulk_richardson:18.4_m:none
548,-2,-2.0000000000000000e+00,-1.8000000000000002e-01,-1,-1,1.3249999999999512e-03,wind_direction:18.4_m:degrees
549,1,4.1815959930419922e+01,-1.9967213114754098e-01,567,568,2.1851384036549182e-03,azimuth:0_m:degrees
550,9,8.9410018920898438e+01,-1.7642512077294686e-01,551,552,2.3563023641159642e-03,angle_between_wind_wave:0_m:degrees
551,5,9.1850002288818359e+01,-1.5106060606060609e-01,1189,1190,1.4458448117538915e-03,relative_humidity:18.4_m:%
552,10,1.2944709300994873e+01,-1.8829787234042550e-01,553,554,2.3403651727780250e-03,wind_speed:18.4_m:m_s-1
553,0,1.0576641845703125e+02,-1.7569999999999997e-01,555,556,1.8085099999999958e-03,zenith:0_m:degrees
554,2,2.8047500610351562e+02,-2.1902439024390249e-01,883,884,2.3063652587745065e-03,water_sfc_temperature:0_m:K
555,6,1.8850000000000000e+02,-1.9090909090909092e-01,1087,1088,1.3385674931129382e-03,wave_direction:0_m:degrees
556,11,2.0761000061035156e+02,-1.4617647058823530e-01,1073,1074,1.4000865051903150e-03,wind_direction:18.4_m:degrees
557,0,1.5369844055175781e+02,-1.4389473684210521e-01,577,578,2.5616731301939220e-03,zenith:0_m:degrees
558,-2,-2.0000000000000000e+00,-2.1333333333333335e-01,-1,-1,1.3555555555552976e-03,wind_direction:18.4_m:degrees
559,4,1.4174595475196838e+00,-3.0014705882352943e-01,741,742,2.9132136678200610e-03,mixing_ratio:18.4_m:g_kg-1
560,-2,-2.0000000000000000e+00,-2.0800000000000002e-01,-1,-1,2.2959999999995276e-03,wind_direction:18.4_m:degrees
561,5,6.8450000762939453e+01,-7.0459016393442611e-02,855,856,1.1296253695243187e-03,relative_humidity:18.4_m:%
562,-2,-2.0000000000000000e+00,-4.4027777777777784e-02,-1,-1,6.1572145061727988e-04,wind_direction:18.4_m:degrees
563,12,1.4350257813930511e-02,-2.8128320392317285e-02,669,670,4.2428594499255463e-04,bulk_richardson:18.4_m:none
564,11,3.0989498901367188e+02,-4.5492957746478845e-02,565,566,2.0360245982940111e-03,wind_direction:18.4_m:degrees
565,10,6.7513711452484131e+00,-1.6000000000000003e-01,1221,1222,4.7999999999999952e-03,wind_speed:18.4_m:m_s-1
566,10,6.5802807807922363e+00,-4.2173913043478242e-02,1083,1084,1.5648393194707027e-03,wind_speed:18.4_m:m_s-1
567,-2,-2.0000000000000000e+00,-4.0000000000000002e-01,-1,-1,0.0000000000000000e+00,wind_direction:18.4_m:degrees
568,9,8.8045436859130859e+01,-1.9801652892561980e-01,1265,1266,1.8687931152243584e-03,angle_between_wind_wave:0_m:degrees
569,12,-1.3366936706006527e-02,-2.0653846153846159e-01,777,778,1.9841715976331581e-03,bulk_richardson:18.4_m:none
570,11,3.0030000305175781e+02,-2.8100000000000003e-01,1817,1818,3.4490000000000076e-03,wind_direction:18.4_m:degrees
571,4,8.5968607664108276e-01,-1.1258620689655173e-01,647,648,2.1640011890606426e-03,mixing_ratio:18.4_m:g_kg-1
572,8,7.5499999523162842e+00,-1.4255208333333333e-01,697,698,2.7012993706596981e-03,wave_period:0_m:s
573,5,4.4350000381469727e+01,-1.8593750000000003e-01,1173,1174,1.7241210937499959e-03,relative_humidity:18.4_m:%
574,-2,-2.0000000000000000e+00,-2.8199999999999997e-01,-1,-1,7.3599999999993115e-04,wind_direction:18.4_m:degrees
575,8,5.9500000476837158e+00,-1.4464285714285716e-01,621,622,1.3558248299319689e-03,wave_period:0_m:s
576,9,9.1345554351806641e+01,-1.7478260869565218e-01,991,992,2.4662570888468391e-03,angle_between_wind_wave:0_m:degrees
577,10,1.0379955768585205e+01,-1.3936416184971101e-01,999,1000,2.4198269237194897e-03,wind_speed:18.4_m:m_s-1
578,12,-1.4841958880424500e-02,-1.8999999999999997e-01,1343,1344,1.6705882352940349e-03,bulk_richardson:18.4_m:none
579,0,1.3028356933593750e+02,-5.3476190476190477e-01,581,582,6.4154195011338344e-03,zenith:0_m:degrees
580,10,1.6305535316467285e+01,-4.7333333333333333e-01,583,584,5.6126984126984580e-03,wind_speed:18.4_m:m_s-1
581,10,1.6289973258972168e+01,-5.8100000000000007e-01,757,758,5.2089999999999081e-03,wind_speed:18.4_m:m_s-1
582,0,1.5087727355957031e+02,-4.9272727272727274e-01,1115,1116,3.8016528925619297e-03,zenith:0_m:degrees
583,-2,-2.0000000000000000e+00,-3.6666666666666664e-01,-1,-1,2.8222222222222260e-03,wind_direction:18.4_m:degrees
584,4,3.0988757610321045e+00,-4.9111111111111111e-01,981,982,3.8654320987654145e-03,mixing_ratio:18.4_m:g_kg-1
585,-2,-2.0000000000000000e+00,-1.6750000000000001e-01,-1,-1,1.2062500000000094e-03,wind_direction:18.4_m:degrees
586,-2,-2.0000000000000000e+00,-2.4333333333333332e-01,-1,-1,3.7222222222220436e-04,wind_direction:18.4_m:degrees
587,5,6.3100000381469727e+01,-1.4714285714285713e-01,1537,1538,2.3061224489795973e-03,relative_humidity:18.4_m:%
588,6,2.4150000000000000e+02,-9.5961538461538459e-02,589,590,2.8240754437869869e-03,wave_direction:0_m:degrees
589,1,3.1473086547851562e+02,-1.0553191489361702e-01,859,860,2.1693979176097816e-03,azimuth:0_m:degrees
590,-2,-2.0000000000000000e+00,-6.0000000000000001e-03,-1,-1,2.3999999999992797e-05,wind_direction:18.4_m:degrees
591,6,2.2800000000000000e+02,-3.8142857142857134e-01,1127,1128,2.2765306122448647e-03,wave_direction:0_m:degrees
592,-2,-2.0000000000000000e+00,-1.7999999999999999e-01,-1,-1,8.3266726846886741e-17,wind_direction:18.4_m:degrees
593,11,2.8768499755859375e+02,-4.3078947368421044e-01,595,596,5.5072714681440316e-03,wind_direction:18.4_m:degrees
594,-2,-2.0000000000000000e+00,-6.3000000000000000e-01,-1,-1,8.3266726846886741e-16,wind_direction:18.4_m:degrees
595,11,2.8652999877929688e+02,-4.4965517241379299e-01,737,738,4.8033293697979651e-03,wind_direction:18.4_m:degrees
596,10,1.4995234966278076e+01,-3.6999999999999988e-01,1263,1264,2.9333333333333156e-03,wind_speed:18.4_m:m_s-1
597,-2,-2.0000000000000000e+00,-4.0555555555555561e-01,-1,-1,8.6913580246908428e-04,wind_direction:18.4_m:degrees
598,11,3.1915499877929688e+02,-4.8555555555555557e-01,1427,1428,3.0358024691356789e-03,wind_direction:18.4_m:degrees
599,-2,-2.0000000000000000e+00,-1.3200000000000001e+00,-1,-1,0.0000000000000000e+00,wind_direction:18.4_m:degrees
600,-2,-2.0000000000000000e+00,-1.0800000000000001e+00,-1,-1,2.2204460492503131e-16,wind_direction:18.4_m:degrees
601,0,1.4684091186523438e+02,-5.0047619047619052e-01,835,836,3.9759637188208075e-03,zenith:0_m:degrees
602,-2,-2.0000000000000000e+00,-4.0999999999999998e-01,-1,-1,2.0000000000000573e-04,wind_direction:18.4_m:degrees
603,-2,-2.0000000000000000e+00,-3.4333333333333338e-01,-1,-1,7.7777777777772450e-04,wind_direction:18.4_m:degrees
604,-2,-2.0000000000000000e+00,-4.5199999999999996e-01,-1,-1,8.1600000000006667e-04,wind_direction:18.4_m:degrees
605,10,8.8796577453613281e+00,-1.2398058252427188e-01,723,724,2.5928928268451265e-03,wind_speed:18.4_m:m_s-1
606,3,1.0231000061035156e+03,-9.7967479674796742e-02,1505,1506,1.8259501619406534e-03,pressure:18.4_m:hPa
607,-2,-2.0000000000000000e+00,-2.6583333333333331e-01,-1,-1,1.1409722222222446e-03,wind_direction:18.4_m:degrees
608,-2,-2.0000000000000000e+00,-1.9333333333333333e-01,-1,-1,1.3111111111110893e-03,wind_direction:18.4_m:degrees
609,2,2.8165499877929688e+02,-5.7481108312342495e-02,1139,1140,7.6393226275149823e-04,water_sfc_temperature:0_m:K
610,4,1.9841386675834656e+00,-7.4086538461538426e-02,1615,1616,8.5685789571007375e-04,mixing_ratio:18.4_m:g_kg-1
611,-2,-2.0000000000000000e+00,-5.0000000000000003e-02,-1,-1,0.0000000000000000e+00,wind_direction:18.4_m:degrees
612,8,7.0000000000000000e+00,1.6500000000000001e-01,1591,1592,3.6749999999999908e-03,wave_period:0_m:s
613,3,9.9535000610351562e+02,-1.2933333333333333e-01,1845,1846,1.8795555555555579e-03,pressure:18.4_m:hPa
614,4,4.7739324569702148e+00,-1.9499999999999998e-01,615,616,6.6249999999999989e-03,mixing_ratio:18.4_m:g_kg-1
615,2,2.8870500183105469e+02,-1.3428571428571429e-01,1705,1706,2.0816326530612300e-03,water_sfc_temperature:0_m:K
616,-2,-2.0000000000000000e+00,-2.7999999999999997e-01,-1,-1,6.0000000000000331e-04,wind_direction:18.4_m:degrees
617,-2,-2.0000000000000000e+00,-3.7818181818181812e-01,-1,-1,8.5123966942152185e-04,wind_direction:18.4_m:degrees
618,11,3.0070500183105469e+02,-3.1597222222222221e-01,619,620,3.6712770061728128e-03,wind_direction:18.4_m:degrees
619,5,4.7950000762939453e+01,-3.2711864406779662e-01,709,710,3.4950876185004948e-03,relative_humidity:18.4_m:%
620,9,8.8368698120117188e+01,-2.6538461538461539e-01,1521,1522,1.3479289940823980e-03,angle_between_wind_wave:0_m:degrees
621,6,2.3750000000000000e+02,-1.3611111111111107e-01,1531,1532,9.8765432098766107e-04,wave_direction:0_m:degrees
622,-2,-2.0000000000000000e+00,-1.9583333333333330e-01,-1,-1,5.0763888888879366e-04,wind_direction:18.4_m:degrees
623,10,1.2784979820251465e+01,-4.4666666666666660e-01,625,626,1.3355555555555620e-02,wind_speed:18.4_m:m_s-1
624,12,-5.5807087570428848e-02,-3.2625000000000004e-01,1907,1908,1.3359374999999674e-03,bulk_richardson:18.4_m:none
625,-2,-2.0000000000000000e+00,-6.0999999999999999e-01,-1,-1,0.0000000000000000e+00,wind_direction:18.4_m:degrees
626,-2,-2.0000000000000000e+00,-3.6499999999999999e-01,-1,-1,2.5000000000080513e-05,wind_direction:18.4_m:degrees
627,10,1.6585037231445312e+01,-4.8200000000000004e-01,863,864,4.1759999999999853e-03,wind_speed:18.4_m:m_s-1
628,9,8.8339603424072266e+01,-4.1080000000000000e-01,629,630,4.8953600000000985e-03,angle_between_wind_wave:0_m:degrees
629,-2,-2.0000000000000000e+00,-2.7000000000000002e-01,-1,-1,0.0000000000000000e+00,wind_direction:18.4_m:degrees
630,7,1.9499999880790710e+00,-4.2304347826086952e-01,701,702,3.4472589792060027e-03,wave_height:0_m:m
631,2,2.8630499267578125e+02,-6.9800000000000006e-01,2025,2026,2.9493333333333593e-03,water_sfc_temperature:0_m:K
632,-2,-2.0000000000000000e+00,-5.5499999999999994e-01,-1,-1,1.2250000000008088e-03,wind_direction:18.4_m:degrees
633,-2,-2.0000000000000000e+00,-3.8500000000000001e-01,-1,-1,2.4999999999997247e-05,wind_direction:18.4_m:degrees
634,1,2.3714068603515625e+02,-5.2999999999999992e-01,635,636,6.4499999999999003e-03,azimuth:0_m:degrees
635,-2,-2.0000000000000000e+00,-4.2999999999999999e-01,-1,-1,1.9999999999997797e-04,wind_direction:18.4_m:degrees
636,4,1.8617212772369385e+00,-5.6333333333333335e-01,1169,1170,4.0888888888890307e-03,mixing_ratio:18.4_m:g_kg-1
637,11,3.2560000610351562e+02,-9.3181818181818171e-02,877,878,2.1004820936639176e-03,wind_direction:18.4_m:degrees
638,-2,-2.0000000000000000e+00,-2.2499999999999999e-02,-1,-1,7.4374999999998878e-04,wind_direction:18.4_m:degrees
639,5,4.0100000381469727e+01,-2.3435897435897432e-01,645,646,4.0245890861275654e-03,relative_humidity:18.4_m:%
640,2,2.8066000366210938e+02,-2.6851063829787236e-01,641,642,3.4041647804436692e-03,water_sfc_temperature:0_m:K
641,3,1.0147500000000000e+03,-2.8103092783505162e-01,867,868,3.1494526517163030e-03,pressure:18.4_m:hPa
642,2,2.8158499145507812e+02,-2.4090909090909093e-01,643,644,2.8582644628101783e-03,water_sfc_temperature:0_m:K
643,11,3.0762998962402344e+02,-2.0421052631578945e-01,1305,1306,2.3612188365651141e-03,wind_direction:18.4_m:degrees
644,11,3.0905499267578125e+02,-2.6879999999999998e-01,1361,1362,1.4345599999999598e-03,wind_direction:18.4_m:degrees
645,-2,-2.0000000000000000e+00,-1.3500000000000001e-01,-1,-1,1.0249999999999981e-03,wind_direction:18.4_m:degrees
646,5,4.9400001525878906e+01,-2.4571428571428575e-01,769,770,3.1102040816326781e-03,relative_humidity:18.4_m:%
647,-2,-2.0000000000000000e+00,-4.5714285714285714e-02,-1,-1,8.5306122448979612e-04,wind_direction:18.4_m:degrees
648,4,2.4057165384292603e+00,-1.2176470588235294e-01,1049,1050,1.6459054209919284e-03,mixing_ratio:18.4_m:g_kg-1
649,10,7.1337819099426270e+00,-6.0095238095238077e-02,651,652,2.0152290249433134e-03,wind_speed:18.4_m:m_s-1
650,8,3.8500000238418579e+00,-4.3729281767955736e-02,775,776,1.3294626232410478e-03,wave_period:0_m:s
651,4,2.4473341703414917e+00,-5.2026143790849633e-02,829,830,1.8409927805544926e-03,mixing_ratio:18.4_m:g_kg-1
652,10,7.1518249511718750e+00,-8.1754385964912288e-02,721,722,1.8390273930440062e-03,wind_speed:18.4_m:m_s-1
653,11,3.2978999328613281e+02,-3.2162790697674409e-01,655,656,3.9438615467820431e-03,wind_direction:18.4_m:degrees
654,-2,-2.0000000000000000e+00,-4.3333333333333335e-01,-1,-1,2.2222222222145760e-05,wind_direction:18.4_m:degrees
655,6,2.1150000000000000e+02,-3.2690476190476186e-01,879,880,2.8404195011338534e-03,wave_direction:0_m:degrees
656,-2,-2.0000000000000000e+00,-1.0000000000000001e-01,-1,-1,-1.4224732503009818e-16,wind_direction:18.4_m:degrees
657,5,3.6200000762939453e+01,-1.1784810126582279e-01,751,752,2.1687870533568174e-03,relative_humidity:18.4_m:%
658,12,-1.1307155713438988e-01,-1.4800000000000002e-01,719,720,2.5306666666666776e-03,bulk_richardson:18.4_m:none
659,-2,-2.0000000000000000e+00,-3.6666666666666670e-01,-1,-1,5.5555555555553138e-04,wind_direction:18.4_m:degrees
660,-2,-2.0000000000000000e+00,-4.9111111111111111e-01,-1,-1,1.6987654320988754e-03,wind_direction:18.4_m:degrees
661,-2,-2.0000000000000000e+00,-4.5749999999999996e-01,-1,-1,4.6875000000001776e-04,wind_direction:18.4_m:degrees
662,2,2.8509500122070312e+02,-3.6142857142857143e-01,1021,1022,2.5773242630385551e-03,water_sfc_temperature:0_m:K
663,-2,-2.0000000000000000e+00,-5.8400000000000014e-02,-1,-1,2.4543999999999911e-04,wind_direction:18.4_m:degrees
664,12,3.4401376731693745e-02,-7.2222222222222210e-03,665,666,3.6867283950617257e-03,bulk_richardson:18.4_m:none
665,-2,-2.0000000000000000e+00,-1.8823529411764704e-02,-1,-1,1.4809688581314882e-03,wind_direction:18.4_m:degrees
666,-2,-2.0000000000000000e+00,1.9000000000000000e-01,-1,-1,1.3877787807814457e-17,wind_direction:18.4_m:degrees
667,10,7.3459308147430420e+00,-6.4864864864864868e-02,1627,1628,9.2227903579254842e-04,wind_speed:18.4_m:m_s-1
668,11,2.9411000061035156e+02,-9.8453038674033183e-02,1013,1014,9.4788315374988615e-04,wind_direction:18.4_m:degrees
669,5,7.1950000762939453e+01,-3.0317982456140459e-02,833,834,4.0625853628037769e-04,relative_humidity:18.4_m:%
670,11,2.5826000976562500e+02,-2.1717495987158841e-02,1201,1202,4.2192982230133930e-04,wind_direction:18.4_m:degrees
671,4,6.1551852226257324e+00,-1.4235294117647057e-01,1813,1814,9.0034602076125361e-04,mixing_ratio:18.4_m:g_kg-1
672,-2,-2.0000000000000000e+00,-1.9896551724137931e-01,-1,-1,1.2230677764565739e-03,wind_direction:18.4_m:degrees
673,-2,-2.0000000000000000e+00,-4.9583333333333335e-01,-1,-1,1.7409722222222201e-03,wind_direction:18.4_m:degrees
674,-2,-2.0000000000000000e+00,-4.1125000000000000e-01,-1,-1,1.9859375000000623e-03,wind_direction:18.4_m:degrees
675,10,1.2043383598327637e+01,-2.4628099173553714e-01,677,678,3.4299706304214417e-03,wind_speed:18.4_m:m_s-1
676,-2,-2.0000000000000000e+00,-3.1000000000000000e-01,-1,-1,1.7777777777787385e-04,wind_direction:18.4_m:degrees
677,-2,-2.0000000000000000e+00,-3.2333333333333331e-01,-1,-1,9.8888888888890025e-04,wind_direction:18.4_m:degrees
678,3,9.9055001831054688e+02,-2.4226086956521742e-01,705,706,3.2314102079395099e-03,pressure:18.4_m:hPa
679,12,-3.1439848244190216e-02,-3.4649999999999997e-01,1093,1094,2.5127499999999248e-03,bulk_richardson:18.4_m:none
680,5,5.4250000000000000e+01,-2.8954545454545455e-01,929,930,2.2770661157024974e-03,relative_humidity:18.4_m:%
681,6,2.1750000000000000e+02,-5.2012711864406709e-02,973,974,7.9743204179833545e-04,wave_direction:0_m:degrees
682,3,1.0158500061035156e+03,-6.8381502890173404e-02,1511,1512,1.1176116809783164e-03,pressure:18.4_m:hPa
683,7,2.3500000238418579e+00,-3.6380952380952380e-01,1529,1530,1.3664399092970514e-03,wave_height:0_m:m
684,4,1.5068811774253845e+00,-4.2210526315789482e-01,1149,1150,4.5850415512466158e-03,mixing_ratio:18.4_m:g_kg-1
685,11,3.1756500244140625e+02,-7.6016949152542354e-02,1547,1548,1.5815929330652151e-03,wind_direction:18.4_m:degrees
686,11,3.3946501159667969e+02,-9.7499999999999976e-02,941,942,1.4989583333333209e-03,wind_direction:18.4_m:degrees
687,6,2.0750000000000000e+02,-4.3772151898734173e-02,689,690,7.3691011055920363e-04,wave_direction:0_m:degrees
688,-2,-2.0000000000000000e+00,1.1764705882352940e-03,-1,-1,7.6332179930787484e-04,wind_direction:18.4_m:degrees
689,0,9.2178928375244141e+01,-3.6175637393767661e-02,1399,1400,6.4231476057106983e-04,zenith:0_m:degrees
690,12,-7.0363797247409821e-02,-4.9908466819221890e-02,933,934,7.2905340657382920e-04,bulk_richardson:18.4_m:none
691,9,9.0186882019042969e+01,-1.2272727272727275e-01,939,940,1.7061983471074304e-03,angle_between_wind_wave:0_m:degrees
692,12,-2.6303012855350971e-02,-1.5512820512820510e-01,693,694,1.6386587771202756e-03,bulk_richardson:18.4_m:none
693,11,3.2827500915527344e+02,-1.7300000000000001e-01,1335,1336,1.6109999999999874e-03,wind_direction:18.4_m:degrees
694,-2,-2.0000000000000000e+00,-1.3631578947368425e-01,-1,-1,9.7765466297322287e-04,wind_direction:18.4_m:degrees
695,4,1.7215107917785645e+01,-1.3176994180075377e-02,771,772,3.4403200753470677e-04,mixing_ratio:18.4_m:g_kg-1
696,3,1.0128500061035156e+03,-6.7750439367310882e-03,1577,1578,5.0216556348663989e-04,pressure:18.4_m:hPa
697,12,-2.7575586922466755e-02,-1.3899441340782123e-01,945,946,2.2861396335944577e-03,bulk_richardson:18.4_m:none
698,12,-3.5668279975652695e-02,-1.9153846153846155e-01,699,700,5.8437869822485847e-03,bulk_richardson:18.4_m:none
699,-2,-2.0000000000000000e+00,-1.6272727272727272e-01,-1,-1,1.5107438016528849e-03,wind_direction:18.4_m:degrees
700,-2,-2.0000000000000000e+00,-3.4999999999999998e-01,-1,-1,-6.9388939039072284e-17,wind_direction:18.4_m:degrees
701,10,1.7129693031311035e+01,-4.5357142857142857e-01,1981,1982,1.4515306122450111e-03,wind_speed:18.4_m:m_s-1
702,0,6.8661830902099609e+01,-3.7555555555555553e-01,1411,1412,2.8469135802469125e-03,zenith:0_m:degrees
703,-2,-2.0000000000000000e+00,-1.9285714285714287e-01,-1,-1,7.0612244897958615e-04,wind_direction:18.4_m:degrees
704,3,1.0102500000000000e+03,-1.0933333333333334e-01,1283,1284,1.7528888888888924e-03,pressure:18.4_m:hPa
705,-2,-2.0000000000000000e+00,-3.7000000000000000e-01,-1,-1,0.0000000000000000e+00,wind_direction:18.4_m:degrees
706,2,2.7969000244140625e+02,-2.4000000000000005e-01,817,818,2.9946902654867172e-03,water_sfc_temperature:0_m:K
707,-2,-2.0000000000000000e+00,-1.3999999999999999e-01,-1,-1,1.3272727272727394e-03,wind_direction:18.4_m:degrees
708,12,-1.1570937931537628e-01,-2.0727272727272725e-01,841,842,3.0380165289255953e-03,bulk_richardson:18.4_m:none
709,12,-4.4386439025402069e-02,-4.1500000000000004e-01,711,712,9.0749999999999720e-03,bulk_richardson:18.4_m:none
710,11,2.8146499633789062e+02,-3.2072727272727258e-01,713,714,2.4867438016528687e-03,wind_direction:18.4_m:degrees
711,-2,-2.0000000000000000e+00,-5.1000000000000001e-01,-1,-1,0.0000000000000000e+00,wind_direction:18.4_m:degrees
712,-2,-2.0000000000000000e+00,-3.2000000000000001e-01,-1,-1,9.9999999999933475e-05,wind_direction:18.4_m:degrees
713,-2,-2.0000000000000000e+00,-4.0000000000000002e-01,-1,-1,1.5999999999996573e-04,wind_direction:18.4_m:degrees
714,11,2.8191000366210938e+02,-3.1279999999999997e-01,1117,1118,2.0281600000000705e-03,wind_direction:18.4_m:degrees
715,-2,-2.0000000000000000e+00,-2.0375000000000001e-01,-1,-1,1.4359375000000049e-03,wind_direction:18.4_m:degrees
716,-2,-2.0000000000000000e+00,-1.2500000000000000e-01,-1,-1,1.0499999999999954e-03,wind_direction:18.4_m:degrees
717,12,-4.5235345140099525e-02,-4.9500000000000000e-01,1047,1048,5.6249999999999911e-03,bulk_richardson:18.4_m:none
718,1,2.6232861328125000e+02,-3.9374999999999999e-01,1481,1482,2.2609375000000598e-03,azimuth:0_m:degrees
719,-2,-2.0000000000000000e+00,-5.9999999999999998e-02,-1,-1,0.0000000000000000e+00,wind_direction:18.4_m:degrees
720,9,9.1193973541259766e+01,-1.5295774647887320e-01,895,896,2.2123784963300891e-03,angle_between_wind_wave:0_m:degrees
721,-2,-2.0000000000000000e+00,-1.8333333333333335e-01,-1,-1,1.7555555555555519e-03,wind_direction:18.4_m:degrees
722,9,8.9877426147460938e+01,-7.6111111111111115e-02,1285,1286,1.2385802469135803e-03,angle_between_wind_wave:0_m:degrees
723,0,1.3701611328125000e+02,-1.0027027027027029e-01,815,816,1.8728999269539779e-03,zenith:0_m:degrees
724,10,8.9138174057006836e+00,-1.3727272727272724e-01,725,726,2.5046831955922826e-03,wind_speed:18.4_m:m_s-1
725,-2,-2.0000000000000000e+00,-2.0124999999999998e-01,-1,-1,1.2609375000000103e-03,wind_direction:18.4_m:degrees
726,7,5.5000001192092896e-01,-1.2844827586206900e-01,727,728,2.0337990487514918e-03,wave_height:0_m:m
727,-2,-2.0000000000000000e+00,-8.2941176470588240e-02,-1,-1,5.8546712802768144e-04,wind_direction:18.4_m:degrees
728,11,3.2682499694824219e+02,-1.4731707317073173e-01,1235,1236,1.4196311719214642e-03,wind_direction:18.4_m:degrees
729,12,-7.2539066895842552e-03,-1.1244444444444447e-01,733,734,1.6984691358024624e-03,bulk_richardson:18.4_m:none
730,11,2.0264499664306641e+02,-8.3623693379790864e-02,731,732,9.3530090203841794e-04,wind_direction:18.4_m:degrees
731,11,1.0956499862670898e+02,-9.5454545454545472e-02,1037,1038,8.2059758423394004e-04,wind_direction:18.4_m:degrees
732,9,9.1208385467529297e+01,-7.1874999999999939e-02,1527,1528,7.7217881944446377e-04,angle_between_wind_wave:0_m:degrees
733,11,3.2768501281738281e+02,-9.5757575757575777e-02,1985,1986,1.0001836547291008e-03,wind_direction:18.4_m:degrees
734,-2,-2.0000000000000000e+00,-1.5833333333333335e-01,-1,-1,7.4722222222221857e-04,wind_direction:18.4_m:degrees
735,-2,-2.0000000000000000e+00,-4.6666666666666662e-01,-1,-1,2.6888888888889351e-03,wind_direction:18.4_m:degrees
736,-2,-2.0000000000000000e+00,-3.3600000000000002e-01,-1,-1,5.4399999999997506e-04,wind_direction:18.4_m:degrees
737,11,2.8555499267578125e+02,-4.3640000000000001e-01,811,812,3.8790400000000558e-03,wind_direction:18.4_m:degrees
738,-2,-2.0000000000000000e+00,-5.3249999999999997e-01,-1,-1,2.6187500000003361e-03,wind_direction:18.4_m:degrees
739,8,7.0999999046325684e+00,-4.7000000000000000e-02,1937,1938,1.3010000000000001e-03,wave_period:0_m:s
740,10,7.9662067890167236e+00,-1.0735294117647061e-01,989,990,1.4312283737024263e-03,wind_speed:18.4_m:m_s-1
741,-2,-2.0000000000000000e+00,-4.2499999999999999e-01,-1,-1,4.2250000000000065e-03,wind_direction:18.4_m:degrees
742,1,3.4772837829589844e+02,-2.9828358208955225e-01,743,744,2.6575016707507115e-03,azimuth:0_m:degrees
743,11,3.0114999389648438e+02,-2.9969924812030080e-01,745,746,2.4089321046978363e-03,wind_direction:18.4_m:degrees
744,-2,-2.0000000000000000e+00,-1.1000000000000000e-01,-1,-1,3.8996583739958623e-15,wind_direction:18.4_m:degrees
745,4,5.3159716129302979e+00,-2.9279279279279280e-01,827,828,1.9858940021102167e-03,mixing_ratio:18.4_m:g_kg-1
746,9,9.0820835113525391e+01,-3.3454545454545465e-01,747,748,3.0884297520658438e-03,angle_between_wind_wave:0_m:degrees
747,-2,-2.0000000000000000e+00,-3.6466666666666664e-01,-1,-1,1.4382222222221186e-03,wind_direction:18.4_m:degrees
748,-2,-2.0000000000000000e+00,-2.7000000000000002e-01,-1,-1,5.1428571428574488e-04,wind_direction:18.4_m:degrees
749,-2,-2.0000000000000000e+00,-2.0958333333333332e-01,-1,-1,1.3373263888889209e-03,wind_direction:18.4_m:degrees
750,3,1.0138500061035156e+03,-2.6499999999999996e-01,1015,1016,2.0916666666665751e-03,pressure:18.4_m:hPa
751,-2,-2.0000000000000000e+00,-4.8333333333333332e-02,-1,-1,7.8055555555555560e-04,wind_direction:18.4_m:degrees
752,4,1.7929505705833435e+00,-1.2356164383561644e-01,1077,1078,1.8530681178457395e-03,mixing_ratio:18.4_m:g_kg-1
753,3,9.9980001831054688e+02,-1.4047619047619053e-01,1111,1112,1.9092970521541811e-03,pressure:18.4_m:hPa
754,11,3.1907499694824219e+02,-1.8373493975903615e-01,755,756,2.8378574539119905e-03,wind_direction:18.4_m:degrees
755,-2,-2.0000000000000000e+00,-2.9000000000000004e-01,-1,-1,2.9999999999998084e-04,wind_direction:18.4_m:degrees
756,11,3.2202999877929688e+02,-1.7835443037974683e-01,853,854,2.3656465310046629e-03,wind_direction:18.4_m:degrees
757,-2,-2.0000000000000000e+00,-5.1250000000000007e-01,-1,-1,1.5687499999999521e-03,wind_direction:18.4_m:degrees
758,1,1.0149760055541992e+02,-6.2666666666666659e-01,1909,1910,2.4222222222221590e-03,azimuth:0_m:degrees
759,-2,-2.0000000000000000e+00,-8.3999999999999997e-01,-1,-1,0.0000000000000000e+00,wind_direction:18.4_m:degrees
760,-2,-2.0000000000000000e+00,-6.9666666666666666e-01,-1,-1,8.8888888889082640e-05,wind_direction:18.4_m:degrees
761,12,-3.2781608402729034e-02,-3.6388888888888893e-01,1457,1458,2.0570987654321138e-03,bulk_richardson:18.4_m:none
762,-2,-2.0000000000000000e+00,-4.7333333333333333e-01,-1,-1,5.5555555555542036e-04,wind_direction:18.4_m:degrees
763,1,2.9852847290039062e+02,-3.2636363636363636e-01,765,766,3.6776859504132342e-03,azimuth:0_m:degrees
764,-2,-2.0000000000000000e+00,-4.0300000000000002e-01,-1,-1,7.0099999999995166e-04,wind_direction:18.4_m:degrees
765,-2,-2.0000000000000000e+00,-2.6800000000000002e-01,-1,-1,1.6960000000000169e-03,wind_direction:18.4_m:degrees
766,-2,-2.0000000000000000e+00,-3.7500000000000000e-01,-1,-1,1.2500000000004174e-04,wind_direction:18.4_m:degrees
767,-2,-2.0000000000000000e+00,-3.4999999999999992e-01,-1,-1,4.1633363423443370e-17,wind_direction:18.4_m:degrees
768,-2,-2.0000000000000000e+00,-1.9000000000000000e-01,-1,-1,1.3877787807814457e-17,wind_direction:18.4_m:degrees
769,10,1.1410202026367188e+01,-2.6439999999999997e-01,905,906,1.8406399999999767e-03,wind_speed:18.4_m:m_s-1
770,0,5.7304933547973633e+01,-1.9900000000000001e-01,959,960,3.2290000000000096e-03,zenith:0_m:degrees
771,5,9.8549999237060547e+01,-1.3261390887290224e-02,1121,1122,3.3386487110413572e-04,relative_humidity:18.4_m:%
772,-2,-2.0000000000000000e+00,1.1000000000000000e-01,-1,-1,-4.3021142204224816e-16,wind_direction:18.4_m:degrees
773,-2,-2.0000000000000000e+00,-4.0000000000000001e-02,-1,-1,0.0000000000000000e+00,wind_direction:18.4_m:degrees
774,-2,-2.0000000000000000e+00,-2.2076923076923075e-01,-1,-1,8.6863905325443996e-04,wind_direction:18.4_m:degrees
775,8,3.4500000476837158e+00,-7.5925925925925938e-02,1765,1766,1.5056241426611786e-03,wave_period:0_m:s
776,4,7.8733456134796143e-01,-4.1134328358208926e-02,1003,1004,1.2249819558921855e-03,mixing_ratio:18.4_m:g_kg-1
777,-2,-2.0000000000000000e+00,-1.7733333333333334e-01,-1,-1,8.5955555555555091e-04,wind_direction:18.4_m:degrees
778,-2,-2.0000000000000000e+00,-2.4636363636363637e-01,-1,-1,7.6859504132230361e-04,wind_direction:18.4_m:degrees
779,10,1.0594364166259766e+01,-9.2697674418604686e-02,781,782,6.1411790156839889e-04,wind_speed:18.4_m:m_s-1
780,12,3.7380073918029666e-03,-7.2954545454545466e-02,837,838,2.1389979338843450e-03,bulk_richardson:18.4_m:none
781,2,2.9156500244140625e+02,-8.7051282051281986e-02,1029,1030,5.7207429322815324e-04,water_sfc_temperature:0_m:K
782,2,2.9193499755859375e+02,-1.0133333333333328e-01,1291,1292,5.5508496732023516e-04,water_sfc_temperature:0_m:K
783,-2,-2.0000000000000000e+00,-8.3999999999999997e-01,-1,-1,0.0000000000000000e+00,wind_direction:18.4_m:degrees
784,6,2.2850000000000000e+02,-6.6406250000000000e-01,785,786,3.7303710937500734e-03,wave_direction:0_m:degrees
785,-2,-2.0000000000000000e+00,-6.3277777777777777e-01,-1,-1,1.3311728395062894e-03,wind_direction:18.4_m:degrees
786,9,8.8991638183593750e+01,-7.0428571428571440e-01,1181,1182,3.9387755102038291e-03,angle_between_wind_wave:0_m:degrees
787,-2,-2.0000000000000000e+00,-2.0444444444444446e-01,-1,-1,1.3580246913580327e-03,wind_direction:18.4_m:degrees
788,6,1.6550000000000000e+02,-1.4489208633093528e-01,1017,1018,1.8278660524817490e-03,wave_direction:0_m:degrees
789,12,6.4427941106259823e-03,-1.2325358851674632e-01,791,792,1.0688399990842999e-03,bulk_richardson:18.4_m:none
790,1,3.5637608337402344e+02,-1.0768211920529795e-01,1219,1220,9.7608438226388233e-04,azimuth:0_m:degrees
791,3,9.9979998779296875e+02,-1.2969879518072289e-01,793,794,1.0342466250544587e-03,pressure:18.4_m:hPa
792,-2,-2.0000000000000000e+00,-9.8372093023255849e-02,-1,-1,4.2293131422396595e-04,wind_direction:18.4_m:degrees
793,-2,-2.0000000000000000e+00,-1.7333333333333334e-01,-1,-1,4.1111111111110862e-04,wind_direction:18.4_m:degrees
794,4,3.9990742206573486e+00,-1.2439189189189190e-01,1259,1260,8.5030588020452644e-04,mixing_ratio:18.4_m:g_kg-1
795,8,7.5000000000000000e+00,-3.1518518518518512e-01,799,800,2.9582990397805514e-03,wave_period:0_m:s
796,9,8.9860946655273438e+01,-2.6933333333333331e-01,797,798,2.5395555555555449e-03,angle_between_wind_wave:0_m:degrees
797,7,2.4500000476837158e+00,-3.0117647058823532e-01,979,980,1.8103806228373792e-03,wave_height:0_m:m
798,-2,-2.0000000000000000e+00,-2.2769230769230767e-01,-1,-1,4.3313609467457437e-04,wind_direction:18.4_m:degrees
799,3,1.0021000061035156e+03,-3.2192307692307698e-01,1299,1300,1.8463017751480237e-03,pressure:18.4_m:hPa
800,-2,-2.0000000000000000e+00,-1.4000000000000001e-01,-1,-1,-9.8532293435482643e-16,wind_direction:18.4_m:degrees
801,12,-6.8080838769674301e-02,-2.4227642276422694e-02,1389,1390,4.6424086192081813e-04,bulk_richardson:18.4_m:none
802,11,2.7496000671386719e+02,-4.0263157894736820e-02,1195,1196,6.8019390581718314e-04,wind_direction:18.4_m:degrees
803,1,1.2370123291015625e+02,-9.2222222222222233e-02,1155,1156,1.8728395061728392e-03,azimuth:0_m:degrees
804,12,-9.9898926913738251e-02,-5.9599999999999993e-02,1205,1206,1.2806400000000056e-03,bulk_richardson:18.4_m:none
805,-2,-2.0000000000000000e+00,-2.8111111111111109e-01,-1,-1,1.7432098765431808e-03,wind_direction:18.4_m:degrees
806,-2,-2.0000000000000000e+00,-3.6222222222222222e-01,-1,-1,4.1728395061729762e-04,wind_direction:18.4_m:degrees
807,1,1.8784452056884766e+02,-3.5510204081632656e-02,1903,1904,1.2002498958767179e-03,azimuth:0_m:degrees
808,7,5.5000001192092896e-01,-6.7162162162162142e-02,809,810,1.4203250547845155e-03,wave_height:0_m:m
809,-2,-2.0000000000000000e+00,-3.3157894736842108e-02,-1,-1,5.3739612188365626e-04,wind_direction:18.4_m:degrees
810,11,3.0452000427246094e+02,-7.8909090909090901e-02,1605,1606,1.1879008264462868e-03,wind_direction:18.4_m:degrees
811,11,2.8356498718261719e+02,-4.4909090909090904e-01,813,814,2.8355371900826154e-03,wind_direction:18.4_m:degrees
812,-2,-2.0000000000000000e+00,-3.4333333333333327e-01,-1,-1,1.6888888888889758e-03,wind_direction:18.4_m:degrees
813,-2,-2.0000000000000000e+00,-4.3055555555555558e-01,-1,-1,1.4830246913579981e-03,wind_direction:18.4_m:degrees
814,-2,-2.0000000000000000e+00,-5.3249999999999997e-01,-1,-1,4.1875000000035634e-04,wind_direction:18.4_m:degrees
815,4,1.4230096340179443e+00,-7.8260869565217397e-02,1757,1758,1.3969754253308122e-03,mixing_ratio:18.4_m:g_kg-1
816,-2,-2.0000000000000000e+00,-1.3642857142857143e-01,-1,-1,5.5153061224489860e-04,wind_direction:18.4_m:degrees
817,1,3.3242142677307129e+01,-2.2283018867924528e-01,937,938,2.2957636169455564e-03,azimuth:0_m:degrees
818,2,2.8105999755859375e+02,-2.5516666666666671e-01,819,820,3.1216388888888336e-03,water_sfc_temperature:0_m:K
819,8,6.6000001430511475e+00,-3.0083333333333334e-01,821,822,5.2743055555555529e-03,wave_period:0_m:s
820,10,1.2673935413360596e+01,-2.4374999999999999e-01,935,936,1.9317708333333183e-03,wind_speed:18.4_m:m_s-1
821,-2,-2.0000000000000000e+00,-3.5571428571428576e-01,-1,-1,1.1959183673469209e-03,wind_direction:18.4_m:degrees
822,-2,-2.0000000000000000e+00,-2.2400000000000003e-01,-1,-1,8.6399999999996202e-04,wind_direction:18.4_m:degrees
823,-2,-2.0000000000000000e+00,-2.6000000000000001e-01,-1,-1,0.0000000000000000e+00,wind_direction:18.4_m:degrees
824,11,3.0503500366210938e+02,-1.5826923076923077e-01,825,826,2.2758505917159708e-03,wind_direction:18.4_m:degrees
825,6,2.3750000000000000e+02,-1.4666666666666667e-01,1051,1052,1.5746031746031730e-03,wave_direction:0_m:degrees
826,5,6.8750000000000000e+01,-2.0699999999999999e-01,1331,1332,2.2809999999999775e-03,relative_humidity:18.4_m:%
827,10,1.3261283874511719e+01,-2.9009259259259262e-01,875,876,1.7212877229080964e-03,wind_speed:18.4_m:m_s-1
828,-2,-2.0000000000000000e+00,-3.8999999999999996e-01,-1,-1,1.8000000000000238e-03,wind_direction:18.4_m:degrees
829,9,8.9314247131347656e+01,-3.5322580645161299e-02,1451,1452,1.2442507804370448e-03,angle_between_wind_wave:0_m:degrees
830,6,1.9300000000000000e+02,-6.3406593406593381e-02,831,832,1.9279555609226038e-03,wave_direction:0_m:degrees
831,-2,-2.0000000000000000e+00,-2.3636363636363636e-02,-1,-1,7.2314049586776833e-04,wind_direction:18.4_m:degrees
832,8,6.6499998569488525e+00,-7.6086956521739135e-02,887,888,1.6470069313169553e-03,wave_period:0_m:s
833,12,-1.9700063392519951e-02,-4.4765624999999989e-02,1321,1322,7.9682006835937692e-04,bulk_richardson:18.4_m:none
834,8,4.4500000476837158e+00,-2.9227594339622735e-02,1167,1168,3.5983971025051610e-04,wave_period:0_m:s
835,-2,-2.0000000000000000e+00,-5.3250000000000008e-01,-1,-1,1.9187499999999691e-03,wind_direction:18.4_m:degrees
836,3,1.0023500061035156e+03,-4.5777777777777778e-01,1185,1186,3.5283950617283066e-03,pressure:18.4_m:hPa
837,4,5.9154453277587891e+00,-8.7884615384615367e-02,839,840,2.4551405325443764e-03,mixing_ratio:18.4_m:g_kg-1
838,11,2.8213999938964844e+02,-5.1388888888888901e-02,1653,1654,8.9529320987654119e-04,wind_direction:18.4_m:degrees
839,6,2.0750000000000000e+02,-1.6599999999999998e-01,955,956,6.6240000000000084e-03,wave_direction:0_m:degrees
840,5,7.0750000000000000e+01,-7.9574468085106362e-02,1231,1232,1.2934359438660043e-03,relative_humidity:18.4_m:%
841,-2,-2.0000000000000000e+00,-2.8999999999999998e-01,-1,-1,0.0000000000000000e+00,wind_direction:18.4_m:degrees
842,-2,-2.0000000000000000e+00,-1.7625000000000002e-01,-1,-1,6.4843750000000838e-04,wind_direction:18.4_m:degrees
843,0,6.5261060714721680e+01,-2.6233333333333336e-01,1447,1448,1.3912222222222381e-03,zenith:0_m:degrees
844,-2,-2.0000000000000000e+00,-2.0099999999999998e-01,-1,-1,4.0899999999999270e-04,wind_direction:18.4_m:degrees
845,4,1.7181259393692017e+00,-1.6941457586618806e-02,1269,1270,4.6495834100566892e-04,mixing_ratio:18.4_m:g_kg-1
846,9,9.0039543151855469e+01,-3.9180327868852463e-02,1889,1890,9.7145928513839037e-04,angle_between_wind_wave:0_m:degrees
847,1,2.6251838684082031e+02,-1.1375000000000000e-01,1683,1684,2.3734374999999988e-03,azimuth:0_m:degrees
848,10,1.1684867858886719e+01,-1.7760000000000001e-01,1177,1178,1.3182399999999983e-03,wind_speed:18.4_m:m_s-1
849,5,4.6149999618530273e+01,-4.6911447084233206e-02,1059,1060,5.0989928581090908e-04,relative_humidity:18.4_m:%
850,12,7.9848032910376787e-03,-1.2200000000000003e-01,851,852,6.4560000000000155e-03,bulk_richardson:18.4_m:none
851,-2,-2.0000000000000000e+00,-5.6666666666666671e-02,-1,-1,8.8888888888886183e-05,wind_direction:18.4_m:degrees
852,-2,-2.0000000000000000e+00,-2.2000000000000000e-01,-1,-1,0.0000000000000000e+00,wind_direction:18.4_m:degrees
853,6,2.3050000000000000e+02,-1.5222222222222223e-01,1549,1550,1.6839506172839497e-03,wave_direction:0_m:degrees
854,5,3.5099998474121094e+01,-1.9192307692307689e-01,1191,1192,2.1809171597633320e-03,relative_humidity:18.4_m:%
855,-2,-2.0000000000000000e+00,1.2499999999999999e-02,-1,-1,9.1875000000000008e-04,wind_direction:18.4_m:degrees
856,6,1.8750000000000000e+02,-7.1561461794019884e-02,857,858,1.0397545280957151e-03,wave_direction:0_m:degrees
857,11,3.4522000122070312e+02,-6.2710843373493960e-02,861,862,1.0197597619393296e-03,wind_direction:18.4_m:degrees
858,3,1.0089499816894531e+03,-8.2444444444444417e-02,1475,1476,8.4958024691358328e-04,pressure:18.4_m:hPa
859,-2,-2.0000000000000000e+00,-9.3684210526315800e-02,-1,-1,1.7811634349030533e-03,wind_direction:18.4_m:degrees
860,-2,-2.0000000000000000e+00,-1.5555555555555556e-01,-1,-1,7.1358024691354702e-04,wind_direction:18.4_m:degrees
861,-2,-2.0000000000000000e+00,-5.6884057971014472e-02,-1,-1,5.9971119512707656e-04,wind_direction:18.4_m:degrees
862,4,8.4294676780700684e+00,-9.1428571428571401e-02,975,976,2.0979591836734496e-03,mixing_ratio:18.4_m:g_kg-1
863,-2,-2.0000000000000000e+00,-4.6444444444444444e-01,-1,-1,1.5580246913579898e-03,wind_direction:18.4_m:degrees
864,-2,-2.0000000000000000e+00,-6.4000000000000001e-01,-1,-1,6.1062266354383610e-16,wind_direction:18.4_m:degrees
865,-2,-2.0000000000000000e+00,-2.0000000000000001e-01,-1,-1,0.0000000000000000e+00,wind_direction:18.4_m:degrees
866,4,1.9289165735244751e+00,-1.1505263157894732e-01,1081,1082,1.3197340720221516e-03,mixing_ratio:18.4_m:g_kg-1
867,9,8.8739509582519531e+01,-2.7269230769230762e-01,1213,1214,2.7760848126232585e-03,angle_between_wind_wave:0_m:degrees
868,3,1.0207500000000000e+03,-3.1526315789473686e-01,977,978,3.2249307479222111e-03,pressure:18.4_m:hPa
869,11,1.0161499786376953e+02,-2.2500000000000006e-02,2001,2002,1.0499999999999993e-03,wind_direction:18.4_m:degrees
870,2,2.9311999511718750e+02,-5.2789783889980270e-02,1129,1130,7.4388704690811101e-04,water_sfc_temperature:0_m:K
871,-2,-2.0000000000000000e+00,-6.1499999999999999e-01,-1,-1,2.4999999999997247e-05,wind_direction:18.4_m:degrees
872,12,1.2973880860954523e-02,-4.8727272727272730e-01,2041,2042,1.4380165289255564e-03,bulk_richardson:18.4_m:none
873,1,2.5858909606933594e+02,-1.9999999999999998e-01,1919,1920,2.0000000000000087e-03,azimuth:0_m:degrees
874,-2,-2.0000000000000000e+00,-1.2000000000000001e-01,-1,-1,3.1999999999999737e-04,wind_direction:18.4_m:degrees
875,-2,-2.0000000000000000e+00,-2.1800000000000003e-01,-1,-1,1.3359999999999900e-03,wind_direction:18.4_m:degrees
876,5,5.0149999618530273e+01,-2.9359223300970866e-01,1865,1866,1.4754453765670472e-03,relative_humidity:18.4_m:%
877,9,9.0398818969726562e+01,-1.0902439024390244e-01,1133,1134,2.0575847709696574e-03,angle_between_wind_wave:0_m:degrees
878,11,3.4671000671386719e+02,-6.7200000000000010e-02,1237,1238,1.0841600000000154e-03,wind_direction:18.4_m:degrees
879,-2,-2.0000000000000000e+00,-2.6499999999999996e-01,-1,-1,2.5250000000000133e-03,wind_direction:18.4_m:degrees
880,3,9.9930001831054688e+02,-3.3722222222222215e-01,1369,1370,2.1478395061728800e-03,pressure:18.4_m:hPa
881,-2,-2.0000000000000000e+00,-3.9000000000000001e-01,-1,-1,9.9999999999988987e-05,wind_direction:18.4_m:degrees
882,-2,-2.0000000000000000e+00,-5.2333333333333332e-01,-1,-1,8.2222222222227970e-04,wind_direction:18.4_m:degrees
883,-2,-2.0000000000000000e+00,-1.6750000000000001e-01,-1,-1,3.4374999999999684e-04,wind_direction:18.4_m:degrees
884,3,9.9695001220703125e+02,-2.3151515151515153e-01,1079,1080,1.9825528007345952e-03,pressure:18.4_m:hPa
885,-2,-2.0000000000000000e+00,-1.5200000000000000e-01,-1,-1,9.5999999999998864e-05,wind_direction:18.4_m:degrees
886,7,7.5000000000000000e-01,-2.2944444444444445e-01,1945,1946,2.3108024691358073e-03,wave_height:0_m:m
887,4,2.7872645854949951e+00,-6.9016393442622948e-02,1397,1398,1.1432948132222521e-03,mixing_ratio:18.4_m:g_kg-1
888,6,1.9600000000000000e+02,-1.3000000000000000e-01,1801,1802,2.1999999999999902e-03,wave_direction:0_m:degrees
889,5,8.4250000000000000e+01,-1.2365853658536587e-01,1637,1638,1.3646638905413424e-03,relative_humidity:18.4_m:%
890,7,2.0500000119209290e+00,-1.6714285714285712e-01,1905,1906,1.2013605442176625e-03,wave_height:0_m:m
891,10,5.5663664340972900e+00,-1.4705882352941210e-04,1491,1492,7.5144896193771649e-04,wind_speed:18.4_m:m_s-1
892,10,5.2133626937866211e+00,-2.0075834175935323e-02,1229,1230,2.7507008335368429e-04,wind_speed:18.4_m:m_s-1
893,-2,-2.0000000000000000e+00,0.0000000000000000e+00,-1,-1,0.0000000000000000e+00,wind_direction:18.4_m:degrees
894,2,2.8041999816894531e+02,-7.3080568720379130e-02,1289,1290,1.0194200489656623e-03,water_sfc_temperature:0_m:K
895,11,3.0245999145507812e+02,-1.6327272727272729e-01,965,966,2.1674710743801728e-03,wind_direction:18.4_m:degrees
896,-2,-2.0000000000000000e+00,-1.1750000000000001e-01,-1,-1,7.4375000000000829e-04,wind_direction:18.4_m:degrees
897,5,9.0400001525878906e+01,-5.7830188679245276e-02,1735,1736,6.0378248487006226e-04,relative_humidity:18.4_m:%
898,11,1.3441000366210938e+02,-7.4953271028037366e-02,1005,1006,6.5826884444058001e-04,wind_direction:18.4_m:degrees
899,3,9.9639999389648438e+02,-1.8916913946587486e-02,1413,1414,3.8443523320624558e-04,pressure:18.4_m:hPa
900,-2,-2.0000000000000000e+00,-8.2481751824817519e-03,-1,-1,3.5167563535615237e-04,wind_direction:18.4_m:degrees
901,2,2.7183000183105469e+02,-8.2555282555282494e-03,903,904,9.8540890678482790e-04,water_sfc_temperature:0_m:K
902,-2,-2.0000000000000000e+00,2.1249999999999998e-02,-1,-1,6.8593750000000696e-04,wind_direction:18.4_m:degrees
903,-2,-2.0000000000000000e+00,-1.7000000000000001e-01,-1,-1,0.0000000000000000e+00,wind_direction:18.4_m:degrees
904,4,3.1053081750869751e+00,-7.8571428571428559e-03,1697,1698,9.2324067558057692e-04,mixing_ratio:18.4_m:g_kg-1
905,-2,-2.0000000000000000e+00,-2.4235294117647060e-01,-1,-1,9.3564013840832100e-04,wind_direction:18.4_m:degrees
906,-2,-2.0000000000000000e+00,-3.1124999999999997e-01,-1,-1,5.3593749999997220e-04,wind_direction:18.4_m:degrees
907,-2,-2.0000000000000000e+00,-1.3000000000000000e-01,-1,-1,0.0000000000000000e+00,wind_direction:18.4_m:degrees
908,-2,-2.0000000000000000e+00,-2.1615384615384620e-01,-1,-1,3.5443786982247011e-04,wind_direction:18.4_m:degrees
909,3,1.0023999938964844e+03,-1.1217616580310882e-01,913,914,1.3745389137963214e-03,pressure:18.4_m:hPa
910,6,2.3650000000000000e+02,-9.3809523809523787e-02,911,912,1.3188208616781247e-03,wave_direction:0_m:degrees
911,10,9.5771732330322266e+00,-8.8782608695652201e-02,1277,1278,1.0454744801512341e-03,wind_speed:18.4_m:m_s-1
912,-2,-2.0000000000000000e+00,-1.4636363636363636e-01,-1,-1,1.1504132231404222e-03,wind_direction:18.4_m:degrees
913,-2,-2.0000000000000000e+00,-6.1666666666666675e-02,-1,-1,6.9722222222222191e-04,wind_direction:18.4_m:degrees
914,1,1.2245199203491211e+02,-1.1552486187845304e-01,1053,1054,1.2390891608925168e-03,azimuth:0_m:degrees
915,-2,-2.0000000000000000e+00,-1.4999999999999999e-01,-1,-1,3.4694469519536142e-18,wind_direction:18.4_m:degrees
916,1,6.3787927627563477e+01,-2.4599999999999994e-01,1275,1276,9.4971428571426902e-04,azimuth:0_m:degrees
917,12,-4.1319802403450012e-02,-1.2425000000000000e-01,923,924,2.3644375000000124e-03,bulk_richardson:18.4_m:none
918,12,-5.3301626816391945e-02,-1.8714285714285714e-01,921,922,4.1632653061223907e-03,bulk_richardson:18.4_m:none
919,-2,-2.0000000000000000e+00,-1.7750000000000002e-01,-1,-1,3.9374999999999827e-04,wind_direction:18.4_m:degrees
920,-2,-2.0000000000000000e+00,-1.0000000000000001e-01,-1,-1,2.2222222222222088e-04,wind_direction:18.4_m:degrees
921,-2,-2.0000000000000000e+00,-2.5666666666666665e-01,-1,-1,3.5555555555556728e-04,wind_direction:18.4_m:degrees
922,-2,-2.0000000000000000e+00,-1.3500000000000001e-01,-1,-1,6.7500000000000546e-04,wind_direction:18.4_m:degrees
923,12,-7.6596528291702271e-02,-1.0552631578947370e-01,925,926,2.1984072022160593e-03,bulk_richardson:18.4_m:none
924,0,1.3110572814941406e+02,-1.4119047619047623e-01,927,928,1.9104875283446933e-03,zenith:0_m:degrees
925,0,8.5761936187744141e+01,-1.6200000000000001e-01,1763,1764,1.3559999999999961e-03,zenith:0_m:degrees
926,-2,-2.0000000000000000e+00,-8.5357142857142881e-02,-1,-1,9.5344387755101449e-04,wind_direction:18.4_m:degrees
927,-2,-2.0000000000000000e+00,-1.5323529411764705e-01,-1,-1,1.5571799307958385e-03,wind_direction:18.4_m:degrees
928,-2,-2.0000000000000000e+00,-8.9999999999999997e-02,-1,-1,1.7499999999998940e-04,wind_direction:18.4_m:degrees
929,4,9.9062544107437134e-01,-2.7117647058823524e-01,1957,1958,1.3633217993079816e-03,mixing_ratio:18.4_m:g_kg-1
930,-2,-2.0000000000000000e+00,-3.5199999999999998e-01,-1,-1,3.3599999999989194e-04,wind_direction:18.4_m:degrees
931,-2,-2.0000000000000000e+00,-2.6000000000000001e-01,-1,-1,7.9999999999999516e-04,wind_direction:18.4_m:degrees
932,-2,-2.0000000000000000e+00,-3.7600000000000000e-01,-1,-1,8.2399999999999141e-04,wind_direction:18.4_m:degrees
933,11,3.2019999694824219e+02,-5.2109181141439198e-02,1995,1996,7.1143224821285100e-04,wind_direction:18.4_m:degrees
934,-2,-2.0000000000000000e+00,-2.3823529411764709e-02,-1,-1,2.0008650519030553e-04,wind_direction:18.4_m:degrees
935,3,1.0078000183105469e+03,-2.3055555555555557e-01,1431,1432,1.3885802469136149e-03,pressure:18.4_m:hPa
936,-2,-2.0000000000000000e+00,-2.8333333333333338e-01,-1,-1,1.4722222222221665e-03,wind_direction:18.4_m:degrees
937,-2,-2.0000000000000000e+00,-2.8999999999999998e-01,-1,-1,2.0400000000000140e-03,wind_direction:18.4_m:degrees
938,4,3.0603880882263184e+00,-2.1583333333333335e-01,1661,1662,1.8034722222222202e-03,mixing_ratio:18.4_m:g_kg-1
939,-2,-2.0000000000000000e+00,-1.0200000000000001e-01,-1,-1,7.9999999999998996e-04,wind_direction:18.4_m:degrees
940,11,3.2653500366210938e+02,-1.5000000000000002e-01,1295,1296,1.5894736842105191e-03,wind_direction:18.4_m:degrees
941,5,4.4950000762939453e+01,-9.0291970802919674e-02,943,944,1.5809366508604556e-03,relative_humidity:18.4_m:%
942,-2,-2.0000000000000000e+00,-1.1545454545454546e-01,-1,-1,8.4297520661159517e-04,wind_direction:18.4_m:degrees
943,-2,-2.0000000000000000e+00,-1.5333333333333332e-01,-1,-1,7.5555555555556139e-04,wind_direction:18.4_m:degrees
944,5,9.1799999237060547e+01,-8.7404580152671746e-02,1573,1574,1.4283782996328915e-03,relative_humidity:18.4_m:%
945,6,2.1250000000000000e+02,-1.4458904109589038e-01,1025,1026,2.1029133045599620e-03,wave_direction:0_m:degrees
946,3,1.0007500000000000e+03,-1.1424242424242426e-01,947,948,2.3456382001836151e-03,pressure:18.4_m:hPa
947,-2,-2.0000000000000000e+00,-1.9499999999999998e-01,-1,-1,4.5833333333334531e-04,wind_direction:18.4_m:degrees
948,-2,-2.0000000000000000e+00,-9.6296296296296297e-02,-1,-1,9.9368998628258064e-04,wind_direction:18.4_m:degrees
949,-2,-2.0000000000000000e+00,-7.3250000000000004e-01,-1,-1,1.2437499999998769e-03,wind_direction:18.4_m:degrees
950,6,2.1350000000000000e+02,-6.6437500000000005e-01,1151,1152,5.6996093749998034e-03,wave_direction:0_m:degrees
951,-2,-2.0000000000000000e+00,-3.2900000000000001e-01,-1,-1,7.5900000000000967e-04,wind_direction:18.4_m:degrees
952,-2,-2.0000000000000000e+00,-4.8999999999999999e-01,-1,-1,-2.2204460492503131e-16,wind_direction:18.4_m:degrees
953,-2,-2.0000000000000000e+00,-2.0999999999999999e-01,-1,-1,0.0000000000000000e+00,wind_direction:18.4_m:degrees
954,-2,-2.0000000000000000e+00,-6.6666666666666666e-02,-1,-1,1.4222222222222188e-03,wind_direction:18.4_m:degrees
955,-2,-2.0000000000000000e+00,-2.2333333333333336e-01,-1,-1,1.7555555555555657e-03,wind_direction:18.4_m:degrees
956,-2,-2.0000000000000000e+00,-8.0000000000000002e-02,-1,-1,1.6000000000000181e-03,wind_direction:18.4_m:degrees
957,12,-2.6418143883347511e-02,-1.9599999999999998e-01,1459,1460,3.4039999999999973e-03,bulk_richardson:18.4_m:none
958,4,2.5026628971099854e+00,-1.3571428571428570e-01,1301,1302,2.7292517006802693e-03,mixing_ratio:18.4_m:g_kg-1
959,-2,-2.0000000000000000e+00,-1.0000000000000001e-01,-1,-1,0.0000000000000000e+00,wind_direction:18.4_m:degrees
960,-2,-2.0000000000000000e+00,-2.2375000000000000e-01,-1,-1,9.7343750000000034e-04,wind_direction:18.4_m:degrees
961,-2,-2.0000000000000000e+00,-4.0999999999999998e-01,-1,-1,0.0000000000000000e+00,wind_direction:18.4_m:degrees
962,-2,-2.0000000000000000e+00,-5.7444444444444442e-01,-1,-1,2.7135802469136494e-03,wind_direction:18.4_m:degrees
963,12,-8.6221655365079641e-03,-4.7999999999999998e-01,1223,1224,3.2000000000000361e-03,bulk_richardson:18.4_m:none
964,-2,-2.0000000000000000e+00,-5.5909090909090908e-01,-1,-1,1.0264462809917441e-03,wind_direction:18.4_m:degrees
965,4,1.4071301817893982e+00,-1.9000000000000000e-01,1561,1562,1.9333333333333286e-03,mixing_ratio:18.4_m:g_kg-1
966,11,3.0394999694824219e+02,-1.4676470588235291e-01,1119,1120,1.5983564013840774e-03,wind_direction:18.4_m:degrees
967,-2,-2.0000000000000000e+00,-1.3000000000000000e-01,-1,-1,0.0000000000000000e+00,wind_direction:18.4_m:degrees
968,-2,-2.0000000000000000e+00,-2.1875000000000000e-01,-1,-1,2.1093750000000799e-04,wind_direction:18.4_m:degrees
969,7,1.8499999642372131e+00,-2.0315789473684209e-01,1833,1834,1.3058171745152503e-03,wave_height:0_m:m
970,11,2.9721499633789062e+02,-2.5636363636363640e-01,1755,1756,1.5867768595042020e-03,wind_direction:18.4_m:degrees
971,-2,-2.0000000000000000e+00,-1.9166666666666668e-01,-1,-1,2.8055555555555473e-04,wind_direction:18.4_m:degrees
972,-2,-2.0000000000000000e+00,-2.6142857142857140e-01,-1,-1,1.1051020408163331e-03,wind_direction:18.4_m:degrees
973,11,3.4414498901367188e+02,-4.7915492957746421e-02,1163,1164,7.0720412616545256e-04,wind_direction:18.4_m:degrees
974,-2,-2.0000000000000000e+00,-6.4444444444444443e-02,-1,-1,8.6571699905032239e-04,wind_direction:18.4_m:degrees
975,0,6.8588146209716797e+01,-1.0333333333333335e-01,1557,1558,1.4555555555555658e-03,zenith:0_m:degrees
976,-2,-2.0000000000000000e+00,-2.0000000000000000e-02,-1,-1,1.0733601507606494e-17,wind_direction:18.4_m:degrees
977,0,9.7759403228759766e+01,-3.3923076923076922e-01,1935,1936,1.1455621301775243e-03,zenith:0_m:degrees
978,5,5.4199998855590820e+01,-2.6333333333333336e-01,1349,1350,3.7888888888888556e-03,relative_humidity:18.4_m:%
979,-2,-2.0000000000000000e+00,-2.7363636363636368e-01,-1,-1,4.0495867768593208e-04,wind_direction:18.4_m:degrees
980,-2,-2.0000000000000000e+00,-3.5166666666666663e-01,-1,-1,4.4722222222227936e-04,wind_direction:18.4_m:degrees
981,9,8.7822456359863281e+01,-4.4571428571428573e-01,983,984,5.1673469387755189e-03,angle_between_wind_wave:0_m:degrees
982,-2,-2.0000000000000000e+00,-5.2000000000000002e-01,-1,-1,8.9090909090899784e-04,wind_direction:18.4_m:degrees
983,-2,-2.0000000000000000e+00,-5.9999999999999998e-01,-1,-1,0.0000000000000000e+00,wind_direction:18.4_m:degrees
984,-2,-2.0000000000000000e+00,-4.1999999999999993e-01,-1,-1,1.4000000000000679e-03,wind_direction:18.4_m:degrees
985,-2,-2.0000000000000000e+00,7.0000000000000007e-02,-1,-1,0.0000000000000000e+00,wind_direction:18.4_m:degrees
986,7,3.3500000238418579e+00,-1.9142857142857128e-02,987,988,7.3569387755102180e-04,wave_height:0_m:m
987,9,9.1379478454589844e+01,-1.8345323741007176e-02,1471,1472,6.5193830547073130e-04,angle_between_wind_wave:0_m:degrees
988,-2,-2.0000000000000000e+00,-1.3000000000000000e-01,-1,-1,1.1102230246251565e-16,wind_direction:18.4_m:degrees
989,6,2.2650000000000000e+02,-8.1304347826086962e-02,1309,1310,1.7504725897920601e-03,wave_direction:0_m:degrees
990,-2,-2.0000000000000000e+00,-1.2066666666666666e-01,-1,-1,7.4399999999998946e-04,wind_direction:18.4_m:degrees
991,11,2.7590499877929688e+02,-1.8240000000000003e-01,1135,1136,2.0155733333333328e-03,wind_direction:18.4_m:degrees
992,6,2.4000000000000000e+02,-1.4117647058823532e-01,993,994,3.0692041522490769e-03,wave_direction:0_m:degrees
993,1,2.2906487274169922e+02,-1.2733333333333335e-01,1875,1876,8.8622222222221533e-04,azimuth:0_m:degrees
994,6,2.4300000000000000e+02,-2.4500000000000000e-01,1603,1604,7.2249999999999814e-03,wave_direction:0_m:degrees
995,11,3.0854499816894531e+02,-5.8318181818181813e-01,1315,1316,2.8489669421488673e-03,wind_direction:18.4_m:degrees
996,-2,-2.0000000000000000e+00,-7.3999999999999999e-01,-1,-1,-2.2204460492503131e-16,wind_direction:18.4_m:degrees
997,-2,-2.0000000000000000e+00,-5.6199999999999994e-01,-1,-1,3.7599999999993194e-04,wind_direction:18.4_m:degrees
998,-2,-2.0000000000000000e+00,-7.2999999999999998e-01,-1,-1,0.0000000000000000e+00,wind_direction:18.4_m:degrees
999,10,1.0023564338684082e+01,-1.4254658385093169e-01,1001,1002,2.3146329231125209e-03,wind_speed:18.4_m:m_s-1
1000,12,3.3934346865862608e-03,-9.6666666666666679e-02,1145,1146,1.8722222222221693e-03,bulk_richardson:18.4_m:none
1001,5,6.0600000381469727e+01,-1.3440677966101694e-01,1067,1068,2.0246480896293911e-03,relative_humidity:18.4_m:%
1002,6,2.4250000000000000e+02,-1.6488372093023262e-01,1101,1102,2.4296376419686815e-03,wave_direction:0_m:degrees
1003,-2,-2.0000000000000000e+00,3.5000000000000003e-02,-1,-1,7.4999999999999763e-05,wind_direction:18.4_m:degrees
1004,0,5.6876718521118164e+01,-4.2054380664652544e-02,1287,1288,1.1679849581511688e-03,zenith:0_m:degrees
1005,-2,-2.0000000000000000e+00,-3.3076923076923080e-02,-1,-1,1.4437869822485198e-04,wind_direction:18.4_m:degrees
1006,1,2.8664573669433594e+02,-7.5996168582375428e-02,1371,1372,6.2630649873020913e-04,azimuth:0_m:degrees
1007,-2,-2.0000000000000000e+00,-6.8250000000000000e-01,-1,-1,1.9187500000000801e-03,wind_direction:18.4_m:degrees
1008,-2,-2.0000000000000000e+00,-5.7999999999999996e-01,-1,-1,7.5999999999970536e-04,wind_direction:18.4_m:degrees
1009,2,2.9164500427246094e+02,-5.9259259259259268e-02,1147,1148,1.4290809327846348e-03,water_sfc_temperature:0_m:K
1010,0,3.5400009155273438e+01,-9.7073170731707334e-02,1953,1954,7.6216537775134277e-04,zenith:0_m:degrees
1011,-2,-2.0000000000000000e+00,-5.9999999999999998e-02,-1,-1,0.0000000000000000e+00,wind_direction:18.4_m:degrees
1012,2,2.8858999633789062e+02,-2.1999999999999997e-01,1669,1670,2.4799999999999822e-03,water_sfc_temperature:0_m:K
1013,6,2.2450000000000000e+02,-8.6666666666666670e-02,1461,1462,8.1302681992337106e-04,wave_direction:0_m:degrees
1014,4,4.2046451568603516e+00,-1.0936170212765958e-01,1667,1668,8.2512449071975302e-04,mixing_ratio:18.4_m:g_kg-1
1015,-2,-2.0000000000000000e+00,-3.1000000000000000e-01,-1,-1,1.4000000000000123e-03,wind_direction:18.4_m:degrees
1016,-2,-2.0000000000000000e+00,-2.3636363636363633e-01,-1,-1,4.2314049586777980e-04,wind_direction:18.4_m:degrees
1017,12,8.2730227150022984e-03,-1.6714285714285712e-01,1019,1020,4.8946938775510304e-03,bulk_richardson:18.4_m:none
1018,6,1.8050000000000000e+02,-1.3740384615384621e-01,1477,1478,5.7306767751477347e-04,wave_direction:0_m:degrees
1019,1,2.8004502868652344e+02,-1.5588235294117650e-01,1969,1970,6.0069204152249714e-04,azimuth:0_m:degrees
1020,-2,-2.0000000000000000e+00,-5.5000000000000004e-01,-1,-1,5.5511151231257827e-17,wind_direction:18.4_m:degrees
1021,11,3.0765499877929688e+02,-3.5644067796610174e-01,1211,1212,2.2330939385234450e-03,wind_direction:18.4_m:degrees
1022,-2,-2.0000000000000000e+00,-4.3500000000000000e-01,-1,-1,1.8749999999996270e-03,wind_direction:18.4_m:degrees
1023,-2,-2.0000000000000000e+00,-2.1333333333333335e-01,-1,-1,8.8888888888881412e-05,wind_direction:18.4_m:degrees
1024,-2,-2.0000000000000000e+00,-1.1894736842105265e-01,-1,-1,1.1462603878116297e-03,wind_direction:18.4_m:degrees
1025,4,1.2301110625267029e+00,-1.6200000000000003e-01,1367,1368,1.5919999999999893e-03,mixing_ratio:18.4_m:g_kg-1
1026,11,3.2759498596191406e+02,-1.3552083333333337e-01,1027,1028,2.1288953993055665e-03,wind_direction:18.4_m:degrees
1027,3,1.0195499877929688e+03,-1.4465753424657532e-01,1401,1402,1.8824169637830686e-03,pressure:18.4_m:hPa
1028,2,2.8286000061035156e+02,-1.0652173913043479e-01,1199,1200,1.8052930056710464e-03,water_sfc_temperature:0_m:K
1029,12,-1.8082046881318092e-02,-8.3280254777070073e-02,1031,1032,5.4497241267394483e-04,bulk_richardson:18.4_m:none
1030,-2,-2.0000000000000000e+00,-1.0263157894736841e-01,-1,-1,3.8254847645440015e-04,wind_direction:18.4_m:degrees
1031,-2,-2.0000000000000000e+00,-1.5200000000000000e-01,-1,-1,1.3600000000000070e-04,wind_direction:18.4_m:degrees
1032,2,2.8903498840332031e+02,-8.2168284789644039e-02,1563,1564,4.7393931777002431e-04,water_sfc_temperature:0_m:K
1033,9,8.9803894042968750e+01,5.6521739130434775e-03,1045,1046,1.5637051039697543e-03,angle_between_wind_wave:0_m:degrees
1034,-2,-2.0000000000000000e+00,-1.9382022471910110e-02,-1,-1,7.3051698017926985e-04,wind_direction:18.4_m:degrees
1035,-2,-2.0000000000000000e+00,-1.2250000000000000e-01,-1,-1,9.6875000000001300e-04,wind_direction:18.4_m:degrees
1036,-2,-2.0000000000000000e+00,-2.4999999999999998e-02,-1,-1,1.2499999999999783e-04,wind_direction:18.4_m:degrees
1037,-2,-2.0000000000000000e+00,-5.7142857142857148e-02,-1,-1,4.0612244897959187e-04,wind_direction:18.4_m:degrees
1038,12,-1.2219517957419157e-02,-9.9612403100775168e-02,1105,1106,6.8899705546540853e-04,bulk_richardson:18.4_m:none
1039,-2,-2.0000000000000000e+00,-5.0000000000000000e-01,-1,-1,0.0000000000000000e+00,wind_direction:18.4_m:degrees
1040,5,5.9600000381469727e+01,-6.5888888888888886e-01,1885,1886,1.4765432098765574e-03,relative_humidity:18.4_m:%
1041,1,1.1511571502685547e+02,-1.6125000000000000e-01,1827,1828,1.5859375000000023e-03,azimuth:0_m:degrees
1042,-2,-2.0000000000000000e+00,-9.2499999999999985e-02,-1,-1,6.8541666666667098e-04,wind_direction:18.4_m:degrees
1043,-2,-2.0000000000000000e+00,-6.6000000000000003e-01,-1,-1,-5.5511151231257827e-17,wind_direction:18.4_m:degrees
1044,-2,-2.0000000000000000e+00,-7.7000000000000002e-01,-1,-1,0.0000000000000000e+00,wind_direction:18.4_m:degrees
1045,11,3.3689500427246094e+02,2.0312499999999997e-02,1887,1888,1.3342773437500001e-03,wind_direction:18.4_m:degrees
1046,-2,-2.0000000000000000e+00,-2.7857142857142858e-02,-1,-1,4.7397959183673546e-04,wind_direction:18.4_m:degrees
1047,-2,-2.0000000000000000e+00,-4.1999999999999998e-01,-1,-1,0.0000000000000000e+00,wind_direction:18.4_m:degrees
1048,-2,-2.0000000000000000e+00,-5.6999999999999995e-01,-1,-1,-1.1102230246251565e-16,wind_direction:18.4_m:degrees
1049,1,1.6833955383300781e+02,-1.3933333333333334e-01,1595,1596,1.1595555555555491e-03,azimuth:0_m:degrees
1050,-2,-2.0000000000000000e+00,-9.6666666666666679e-02,-1,-1,1.2698412698412802e-03,wind_direction:18.4_m:degrees
1051,4,1.2946189641952515e+00,-1.4025641025641025e-01,1623,1624,1.0845496383957952e-03,mixing_ratio:18.4_m:g_kg-1
1052,-2,-2.0000000000000000e+00,-2.2999999999999998e-01,-1,-1,4.6666666666661527e-04,wind_direction:18.4_m:degrees
1053,11,2.9807499694824219e+02,-1.3015151515151516e-01,1055,1056,1.2802800734618910e-03,wind_direction:18.4_m:degrees
1054,9,8.9467624664306641e+01,-1.0713043478260870e-01,1261,1262,1.0222003780718456e-03,angle_between_wind_wave:0_m:degrees
1055,-2,-2.0000000000000000e+00,-1.1854166666666667e-01,-1,-1,6.0828993055556113e-04,wind_direction:18.4_m:degrees
1056,12,-2.5996981188654900e-02,-1.6111111111111109e-01,1863,1864,1.7543209876542988e-03,bulk_richardson:18.4_m:none
1057,4,9.9253129959106445e+00,-2.9538461538461541e-01,1709,1710,1.5633136094674732e-03,mixing_ratio:18.4_m:g_kg-1
1058,-2,-2.0000000000000000e+00,-2.0000000000000004e-01,-1,-1,1.9999999999988777e-04,wind_direction:18.4_m:degrees
1059,-2,-2.0000000000000000e+00,-4.1666666666666666e-03,-1,-1,2.2430555555555561e-04,wind_direction:18.4_m:degrees
1060,12,-3.3358125947415829e-03,-4.7283950617283889e-02,1061,1062,4.9632677945434965e-04,bulk_richardson:18.4_m:none
1061,3,1.0123500061035156e+03,-5.4203233256350923e-02,1065,1066,5.7170927361072967e-04,pressure:18.4_m:hPa
1062,11,2.4951000213623047e+02,-4.4110169491525394e-02,1063,1064,4.2971667624245387e-04,wind_direction:18.4_m:degrees
1063,5,8.1849998474121094e+01,-4.7032810271041309e-02,1707,1708,3.3613159110380559e-04,relative_humidity:18.4_m:%
1064,1,3.5669505310058594e+02,-3.5679012345678981e-02,1391,1392,6.0396281054715694e-04,azimuth:0_m:degrees
1065,0,7.1122070312500000e+01,-6.4676258992805713e-02,1225,1226,7.9036281765955049e-04,zenith:0_m:degrees
1066,-2,-2.0000000000000000e+00,-4.9251700680272077e-02,-1,-1,3.9195705493082775e-04,wind_direction:18.4_m:degrees
1067,5,5.4500000000000000e+01,-1.4040404040404042e-01,1069,1070,1.7291296806448350e-03,relative_humidity:18.4_m:%
1068,5,6.1100000381469727e+01,-1.0315789473684212e-01,1071,1072,2.4005540166204542e-03,relative_humidity:18.4_m:%
1069,0,9.3731159210205078e+01,-1.3273809523809521e-01,1499,1500,1.5460742630385542e-03,zenith:0_m:degrees
1070,-2,-2.0000000000000000e+00,-1.8333333333333332e-01,-1,-1,5.8222222222215764e-04,wind_direction:18.4_m:degrees
1071,-2,-2.0000000000000000e+00,5.0000000000000003e-02,-1,-1,0.0000000000000000e+00,wind_direction:18.4_m:degrees
1072,3,9.9260000610351562e+02,-1.1166666666666668e-01,1837,1838,1.1583333333333307e-03,pressure:18.4_m:hPa
1073,-2,-2.0000000000000000e+00,-1.6500000000000001e-01,-1,-1,6.1590909090909057e-04,wind_direction:18.4_m:degrees
1074,-2,-2.0000000000000000e+00,-1.1166666666666668e-01,-1,-1,9.9722222222223267e-04,wind_direction:18.4_m:degrees
1075,3,1.0179500122070312e+03,-1.0343137254901964e-01,1767,1768,6.9900999615532880e-04,pressure:18.4_m:hPa
1076,12,-7.0809153839945793e-04,-6.6315789473684217e-02,1751,1752,1.0127423822714823e-03,bulk_richardson:18.4_m:none
1077,10,9.2919220924377441e+00,-1.4433333333333334e-01,1655,1656,1.1778888888888846e-03,wind_speed:18.4_m:m_s-1
1078,2,2.8480999755859375e+02,-1.0906976744186048e-01,1207,1208,1.8130881557598746e-03,water_sfc_temperature:0_m:K
1079,-2,-2.0000000000000000e+00,-1.3000000000000000e-01,-1,-1,0.0000000000000000e+00,wind_direction:18.4_m:degrees
1080,9,8.9481185913085938e+01,-2.3806451612903229e-01,1673,1674,1.4027055150884482e-03,angle_between_wind_wave:0_m:degrees
1081,9,9.1215328216552734e+01,-1.2800000000000003e-01,1925,1926,1.1105454545454752e-03,angle_between_wind_wave:0_m:degrees
1082,0,1.3322417068481445e+02,-9.7250000000000031e-02,2043,2044,1.0599374999999862e-03,zenith:0_m:degrees
1083,-2,-2.0000000000000000e+00,-1.1499999999999999e-01,-1,-1,1.2250000000000021e-03,wind_direction:18.4_m:degrees
1084,0,3.6406505584716797e+01,-3.9999999999999973e-02,1085,1086,1.4119402985074655e-03,zenith:0_m:degrees
1085,6,1.8400000000000000e+02,-8.0769230769230774e-02,1437,1438,2.0994082840236671e-03,wave_direction:0_m:degrees
1086,3,1.0131499938964844e+03,-3.5619834710743807e-02,1725,1726,1.1403182842702020e-03,pressure:18.4_m:hPa
1087,11,2.0258999633789062e+02,-1.7161290322580647e-01,1687,1688,1.1103017689906257e-03,wind_direction:18.4_m:degrees
1088,-2,-2.0000000000000000e+00,-2.0800000000000002e-01,-1,-1,9.1885714285710324e-04,wind_direction:18.4_m:degrees
1089,12,-1.0026657953858376e-01,-4.2027649769585222e-02,1159,1160,7.0187941982204267e-04,bulk_richardson:18.4_m:none
1090,2,2.7600500488281250e+02,-6.6363636363636361e-02,1091,1092,1.7867768595041479e-03,water_sfc_temperature:0_m:K
1091,-2,-2.0000000000000000e+00,-2.0999999999999999e-01,-1,-1,6.9388939039072284e-18,wind_direction:18.4_m:degrees
1092,-2,-2.0000000000000000e+00,-5.5853658536585381e-02,-1,-1,2.9744199881023229e-04,wind_direction:18.4_m:degrees
1093,8,5.1500000953674316e+00,-3.7333333333333346e-01,1483,1484,2.2555555555556217e-03,wave_period:0_m:s
1094,-2,-2.0000000000000000e+00,-3.0625000000000002e-01,-1,-1,1.9843749999998161e-04,wind_direction:18.4_m:degrees
1095,-2,-2.0000000000000000e+00,-3.4999999999999998e-01,-1,-1,0.0000000000000000e+00,wind_direction:18.4_m:degrees
1096,-2,-2.0000000000000000e+00,-1.7000000000000001e-01,-1,-1,-3.4694469519536142e-18,wind_direction:18.4_m:degrees
1097,-2,-2.0000000000000000e+00,-2.6000000000000001e-01,-1,-1,0.0000000000000000e+00,wind_direction:18.4_m:degrees
1098,4,3.1822407245635986e+00,-4.1117647058823542e-01,1099,1100,2.1515570934255990e-03,mixing_ratio:18.4_m:g_kg-1
1099,-2,-2.0000000000000000e+00,-3.9428571428571424e-01,-1,-1,9.9591836734685968e-04,wind_direction:18.4_m:degrees
1100,-2,-2.0000000000000000e+00,-4.8999999999999999e-01,-1,-1,-3.6082248300317588e-16,wind_direction:18.4_m:degrees
1101,0,1.3768786621093750e+02,-1.6142857142857148e-01,1423,1424,1.9741496598639149e-03,zenith:0_m:degrees
1102,-2,-2.0000000000000000e+00,-3.1000000000000000e-01,-1,-1,3.1918911957973251e-16,wind_direction:18.4_m:degrees
1103,-2,-2.0000000000000000e+00,-8.1304347826086976e-02,-1,-1,7.1568998109640489e-04,wind_direction:18.4_m:degrees
1104,-2,-2.0000000000000000e+00,-1.2296296296296294e-01,-1,-1,9.1714677640604772e-04,wind_direction:18.4_m:degrees
1105,8,4.0499999523162842e+00,-1.2258064516129033e-01,1965,1966,9.4172736732570442e-04,wave_period:0_m:s
1106,-2,-2.0000000000000000e+00,-9.2346938775510229e-02,-1,-1,3.8938983756768922e-04,wind_direction:18.4_m:degrees
1107,10,1.6783317565917969e+01,-6.0142857142857153e-01,1109,1110,3.3836734693876158e-03,wind_speed:18.4_m:m_s-1
1108,2,2.7550000000000000e+02,-5.5050000000000010e-01,1337,1338,1.5847499999999126e-03,water_sfc_temperature:0_m:K
1109,3,1.0101000061035156e+03,-5.6500000000000006e-01,1553,1554,2.7499999999997526e-03,pressure:18.4_m:hPa
1110,-2,-2.0000000000000000e+00,-6.5000000000000002e-01,-1,-1,9.9999999999988987e-05,wind_direction:18.4_m:degrees
1111,-2,-2.0000000000000000e+00,-7.5000000000000011e-02,-1,-1,2.4999999999998981e-05,wind_direction:18.4_m:degrees
1112,-2,-2.0000000000000000e+00,-1.5588235294117650e-01,-1,-1,1.1065743944636414e-03,wind_direction:18.4_m:degrees
1113,5,8.4350002288818359e+01,-4.6393442622950781e-02,1593,1594,4.2906924661829634e-04,relative_humidity:18.4_m:%
1114,-2,-2.0000000000000000e+00,-2.4285714285714289e-02,-1,-1,4.6122448979593752e-04,wind_direction:18.4_m:degrees
1115,-2,-2.0000000000000000e+00,-4.3499999999999994e-01,-1,-1,2.5250000000000550e-03,wind_direction:18.4_m:degrees
1116,-2,-2.0000000000000000e+00,-5.2571428571428569e-01,-1,-1,1.5387755102040934e-03,wind_direction:18.4_m:degrees
1117,-2,-2.0000000000000000e+00,-1.7000000000000001e-01,-1,-1,0.0000000000000000e+00,wind_direction:18.4_m:degrees
1118,10,1.2305402755737305e+01,-3.1571428571428567e-01,1773,1774,1.6448979591837110e-03,wind_speed:18.4_m:m_s-1
1119,-2,-2.0000000000000000e+00,-9.3333333333333338e-02,-1,-1,2.2222222222222088e-05,wind_direction:18.4_m:degrees
1120,-2,-2.0000000000000000e+00,-1.5821428571428572e-01,-1,-1,1.1932397959183751e-03,wind_direction:18.4_m:degrees
1121,10,4.9776952266693115e+00,-1.2490720118782484e-02,1243,1244,2.7326921603673291e-04,wind_speed:18.4_m:m_s-1
1122,9,8.8173816680908203e+01,-2.2488888888888864e-02,1123,1124,9.6713876543202861e-04,angle_between_wind_wave:0_m:degrees
1123,0,7.8930088043212891e+01,-6.6666666666666666e-02,1125,1126,2.7388888888888888e-03,zenith:0_m:degrees
1124,4,7.0564858913421631e+00,-1.9999999999999987e-02,1507,1508,7.5117370892019007e-04,mixing_ratio:18.4_m:g_kg-1
1125,-2,-2.0000000000000000e+00,-2.5000000000000001e-03,-1,-1,1.8750000000000002e-05,wind_direction:18.4_m:degrees
1126,-2,-2.0000000000000000e+00,-9.8750000000000004e-02,-1,-1,1.0109374999999979e-03,wind_direction:18.4_m:degrees
1127,-2,-2.0000000000000000e+00,-4.5999999999999996e-01,-1,-1,1.8000000000000516e-03,wind_direction:18.4_m:degrees
1128,4,2.3400553464889526e+00,-3.7199999999999994e-01,1307,1308,1.5040000000000886e-03,mixing_ratio:18.4_m:g_kg-1
1129,10,7.7870852947235107e+00,-5.4206185567010221e-02,1131,1132,7.3076161122330365e-04,wind_speed:18.4_m:m_s-1
1130,-2,-2.0000000000000000e+00,-2.4166666666666670e-02,-1,-1,1.4930555555552039e-04,wind_direction:18.4_m:degrees
1131,-2,-2.0000000000000000e+00,-4.6581196581196541e-02,-1,-1,4.2762802249982253e-04,wind_direction:18.4_m:degrees
1132,2,2.8218499755859375e+02,-6.1314741035856560e-02,1659,1660,9.0863002174570084e-04,water_sfc_temperature:0_m:K
1133,0,6.6773620605468750e+01,-1.3199999999999998e-01,1785,1786,2.1660000000000047e-03,zenith:0_m:degrees
1134,-2,-2.0000000000000000e+00,-8.7142857142857161e-02,-1,-1,9.7278911564625814e-04,wind_direction:18.4_m:degrees
1135,11,2.7442498779296875e+02,-1.8432432432432436e-01,1137,1138,1.7650840029218226e-03,wind_direction:18.4_m:degrees
1136,-2,-2.0000000000000000e+00,-4.0000000000000001e-02,-1,-1,-1.0798653637955624e-16,wind_direction:18.4_m:degrees
1137,6,2.3550000000000000e+02,-1.7865671641791042e-01,1227,1228,1.5728224548897246e-03,wave_direction:0_m:degrees
1138,-2,-2.0000000000000000e+00,-2.3857142857142857e-01,-1,-1,3.5510204081633245e-04,wind_direction:18.4_m:degrees
1139,10,6.3850009441375732e+00,-5.2298850574712626e-02,1141,1142,6.8820187607345623e-04,wind_speed:18.4_m:m_s-1
1140,5,5.9350000381469727e+01,-6.7426470588235268e-02,1187,1188,7.5881812283739181e-04,relative_humidity:18.4_m:%
1141,12,-2.7263131737709045e-01,-4.5555555555555537e-02,1525,1526,5.9428200129954707e-04,bulk_richardson:18.4_m:none
1142,9,8.8458827972412109e+01,-6.5111111111111120e-02,2003,2004,6.1609876543210033e-04,angle_between_wind_wave:0_m:degrees
1143,-2,-2.0000000000000000e+00,-3.2428571428571429e-01,-1,-1,9.1020408163265676e-04,wind_direction:18.4_m:degrees
1144,0,1.4956937408447266e+02,-2.6500000000000007e-01,1239,1240,2.2602941176470548e-03,zenith:0_m:degrees
1145,-2,-2.0000000000000000e+00,-1.0909090909090909e-01,-1,-1,1.9008264462809510e-04,wind_direction:18.4_m:degrees
1146,-2,-2.0000000000000000e+00,4.0000000000000001e-02,-1,-1,-1.2576745200831851e-17,wind_direction:18.4_m:degrees
1147,-2,-2.0000000000000000e+00,-7.5500000000000025e-02,-1,-1,7.3474999999999929e-04,wind_direction:18.4_m:degrees
1148,-2,-2.0000000000000000e+00,-1.2857142857142857e-02,-1,-1,5.0612244897958888e-04,wind_direction:18.4_m:degrees
1149,10,1.4953366279602051e+01,-4.5000000000000001e-01,1455,1456,2.9636363636362795e-03,wind_speed:18.4_m:m_s-1
1150,2,2.8081500244140625e+02,-3.8374999999999998e-01,1233,1234,4.2734374999999214e-03,water_sfc_temperature:0_m:K
1151,3,9.9675000000000000e+02,-6.9999999999999996e-01,1153,1154,8.2749999999997548e-03,pressure:18.4_m:hPa
1152,-2,-2.0000000000000000e+00,-6.2875000000000003e-01,-1,-1,5.8593749999996669e-04,wind_direction:18.4_m:degrees
1153,2,2.8667500305175781e+02,-6.7142857142857149e-01,1209,1210,2.9265306122450152e-03,water_sfc_temperature:0_m:K
1154,-2,-2.0000000000000000e+00,-9.0000000000000002e-01,-1,-1,-5.5511151231257827e-16,wind_direction:18.4_m:degrees
1155,-2,-2.0000000000000000e+00,-1.9000000000000000e-01,-1,-1,0.0000000000000000e+00,wind_direction:18.4_m:degrees
1156,-2,-2.0000000000000000e+00,-8.6470588235294146e-02,-1,-1,1.3875432525951546e-03,wind_direction:18.4_m:degrees
1157,-2,-2.0000000000000000e+00,3.2000000000000001e-02,-1,-1,3.3600000000000014e-04,wind_direction:18.4_m:degrees
1158,4,9.7635540962219238e+00,-3.1671641791044695e-02,1323,1324,5.9262849929457573e-04,mixing_ratio:18.4_m:g_kg-1
1159,3,1.0007000122070312e+03,-5.6769230769230773e-02,1161,1162,1.0587928994082846e-03,pressure:18.4_m:hPa
1160,7,2.1499999761581421e+00,-3.5723684210526303e-02,1821,1822,4.1658154432133135e-04,wave_height:0_m:m
1161,-2,-2.0000000000000000e+00,-1.6000000000000000e-01,-1,-1,0.0000000000000000e+00,wind_direction:18.4_m:degrees
1162,10,5.5837705135345459e+00,-5.3492063492063500e-02,1989,1990,7.4336104812295278e-04,wind_speed:18.4_m:m_s-1
1163,-2,-2.0000000000000000e+00,-4.3595505617977495e-02,-1,-1,5.3463788242225497e-04,wind_direction:18.4_m:degrees
1164,4,4.7540750503540039e+00,-6.1022727272727277e-02,1165,1166,1.0023631198347333e-03,mixing_ratio:18.4_m:g_kg-1
1165,7,5.9999999403953552e-01,-7.7560975609756111e-02,1675,1676,1.0867340868530619e-03,wave_height:0_m:m
1166,-2,-2.0000000000000000e+00,-4.6595744680851078e-02,-1,-1,4.8202806699864167e-04,wind_direction:18.4_m:degrees
1167,11,2.0050500488281250e+02,-3.5343137254901874e-02,1939,1940,3.4939206074587493e-04,wind_direction:18.4_m:degrees
1168,-2,-2.0000000000000000e+00,-2.7290372670807441e-02,-1,-1,3.4754922408470181e-04,wind_direction:18.4_m:degrees
1169,-2,-2.0000000000000000e+00,-4.2999999999999999e-01,-1,-1,0.0000000000000000e+00,wind_direction:18.4_m:degrees
1170,-2,-2.0000000000000000e+00,-5.8000000000000007e-01,-1,-1,2.0999999999999908e-03,wind_direction:18.4_m:degrees
1171,-2,-2.0000000000000000e+00,-4.6499999999999997e-01,-1,-1,2.2500000000003073e-04,wind_direction:18.4_m:degrees
1172,-2,-2.0000000000000000e+00,-5.3200000000000003e-01,-1,-1,1.2559999999998128e-03,wind_direction:18.4_m:degrees
1173,10,1.0172084808349609e+01,-1.9666666666666666e-01,2019,2020,1.1111111111110905e-03,wind_speed:18.4_m:m_s-1
1174,-2,-2.0000000000000000e+00,-1.2800000000000000e-01,-1,-1,1.0560000000000049e-03,wind_direction:18.4_m:degrees
1175,-2,-2.0000000000000000e+00,-1.7999999999999999e-01,-1,-1,0.0000000000000000e+00,wind_direction:18.4_m:degrees
1176,-2,-2.0000000000000000e+00,-2.8900000000000003e-01,-1,-1,1.5289999999999748e-03,wind_direction:18.4_m:degrees
1177,5,4.6549999237060547e+01,-1.7173913043478259e-01,1803,1804,9.6654064272211002e-04,relative_humidity:18.4_m:%
1178,-2,-2.0000000000000000e+00,-2.4500000000000000e-01,-1,-1,4.2500000000000177e-04,wind_direction:18.4_m:degrees
1179,-2,-2.0000000000000000e+00,-4.1000000000000003e-01,-1,-1,1.1428571428571399e-03,wind_direction:18.4_m:degrees
1180,-2,-2.0000000000000000e+00,-5.6000000000000005e-01,-1,-1,-1.6653345369377348e-16,wind_direction:18.4_m:degrees
1181,-2,-2.0000000000000000e+00,-7.2799999999999998e-01,-1,-1,8.7599999999987688e-04,wind_direction:18.4_m:degrees
1182,10,1.7379584312438965e+01,-6.4500000000000002e-01,1183,1184,6.6749999999998200e-03,wind_speed:18.4_m:m_s-1
1183,-2,-2.0000000000000000e+00,-7.8000000000000003e-01,-1,-1,0.0000000000000000e+00,wind_direction:18.4_m:degrees
1184,-2,-2.0000000000000000e+00,-5.9999999999999998e-01,-1,-1,8.0000000000002292e-04,wind_direction:18.4_m:degrees
1185,-2,-2.0000000000000000e+00,-5.8999999999999997e-01,-1,-1,0.0000000000000000e+00,wind_direction:18.4_m:degrees
1186,-2,-2.0000000000000000e+00,-4.4125000000000003e-01,-1,-1,1.5109374999999758e-03,wind_direction:18.4_m:degrees
1187,-2,-2.0000000000000000e+00,-5.7530864197530868e-02,-1,-1,5.0007620789514371e-04,wind_direction:18.4_m:degrees
1188,3,1.0242000122070312e+03,-8.2000000000000031e-02,1691,1692,7.8327272727272447e-04,pressure:18.4_m:hPa
1189,0,7.6630191802978516e+01,-1.6239130434782609e-01,1559,1560,1.0616729678638859e-03,zenith:0_m:degrees
1190,2,2.8268998718261719e+02,-1.2500000000000003e-01,1493,1494,1.3549999999999812e-03,water_sfc_temperature:0_m:K
1191,4,1.0074946284294128e+00,-1.4285714285714285e-01,1193,1194,3.5632653061224498e-03,mixing_ratio:18.4_m:g_kg-1
1192,10,1.0933864593505859e+01,-1.9955555555555557e-01,1597,1598,1.5331358024691585e-03,wind_speed:18.4_m:m_s-1
1193,-2,-2.0000000000000000e+00,-2.2999999999999998e-01,-1,-1,1.0000000000000980e-04,wind_direction:18.4_m:degrees
1194,-2,-2.0000000000000000e+00,-1.0799999999999998e-01,-1,-1,6.9600000000000391e-04,wind_direction:18.4_m:degrees
1195,2,2.8536000061035156e+02,-1.2000000000000001e-01,1551,1552,5.0000000000000010e-03,water_sfc_temperature:0_m:K
1196,-2,-2.0000000000000000e+00,-3.8657718120805366e-02,-1,-1,4.6262780955812991e-04,wind_direction:18.4_m:degrees
1197,-2,-2.0000000000000000e+00,-2.4833333333333332e-01,-1,-1,1.3888888888896611e-05,wind_direction:18.4_m:degrees
1198,-2,-2.0000000000000000e+00,-1.8350000000000002e-01,-1,-1,1.4827499999999980e-03,wind_direction:18.4_m:degrees
1199,-2,-2.0000000000000000e+00,-8.5333333333333330e-02,-1,-1,9.8488888888888931e-04,wind_direction:18.4_m:degrees
1200,-2,-2.0000000000000000e+00,-1.4624999999999999e-01,-1,-1,9.2343749999999891e-04,wind_direction:18.4_m:degrees
1201,9,9.0434719085693359e+01,-2.4800838574423400e-02,1495,1496,3.8261232634082204e-04,angle_between_wind_wave:0_m:degrees
1202,0,2.3727608680725098e+01,-1.1643835616438360e-02,1941,1942,4.1784574967160693e-04,zenith:0_m:degrees
1203,-2,-2.0000000000000000e+00,-1.7066666666666666e-01,-1,-1,1.1795555555555552e-03,wind_direction:18.4_m:degrees
1204,-2,-2.0000000000000000e+00,-2.3428571428571429e-01,-1,-1,6.2448979591835097e-04,wind_direction:18.4_m:degrees
1205,-2,-2.0000000000000000e+00,-8.5714285714285719e-03,-1,-1,6.4081632653061223e-04,wind_direction:18.4_m:degrees
1206,-2,-2.0000000000000000e+00,-6.2627118644067767e-02,-1,-1,1.1549626544096539e-03,wind_direction:18.4_m:degrees
1207,3,1.0213999938964844e+03,-1.0439024390243905e-01,1313,1314,1.3709696609161201e-03,pressure:18.4_m:hPa
1208,-2,-2.0000000000000000e+00,-2.0500000000000002e-01,-1,-1,1.2250000000000386e-03,wind_direction:18.4_m:degrees
1209,-2,-2.0000000000000000e+00,-8.0000000000000004e-01,-1,-1,0.0000000000000000e+00,wind_direction:18.4_m:degrees
1210,-2,-2.0000000000000000e+00,-6.5000000000000002e-01,-1,-1,1.9999999999997797e-04,wind_direction:18.4_m:degrees
1211,4,3.3988239765167236e+00,-3.5982456140350882e-01,1297,1298,1.9736534318251231e-03,mixing_ratio:18.4_m:g_kg-1
1212,-2,-2.0000000000000000e+00,-2.6000000000000001e-01,-1,-1,-2.2204460492503131e-16,wind_direction:18.4_m:degrees
1213,3,1.0143500061035156e+03,-2.9857142857142854e-01,1215,1216,3.6408163265306409e-03,pressure:18.4_m:hPa
1214,6,2.4350000000000000e+02,-2.6315789473684215e-01,1217,1218,2.1198522622345728e-03,wave_direction:0_m:degrees
1215,11,2.8913500976562500e+02,-3.1263157894736843e-01,1555,1556,1.5036011080332701e-03,wind_direction:18.4_m:degrees
1216,-2,-2.0000000000000000e+00,-1.6500000000000001e-01,-1,-1,4.2250000000000759e-03,wind_direction:18.4_m:degrees
1217,10,1.1165164947509766e+01,-2.6903846153846162e-01,1415,1416,1.8779215976331420e-03,wind_speed:18.4_m:m_s-1
1218,-2,-2.0000000000000000e+00,-2.0200000000000001e-01,-1,-1,5.3600000000003645e-04,wind_direction:18.4_m:degrees
1219,4,4.7869908809661865e+00,-1.0833333333333334e-01,1355,1356,9.1855555555557869e-04,mixing_ratio:18.4_m:g_kg-1
1220,-2,-2.0000000000000000e+00,-1.0000000000000000e-02,-1,-1,-2.6432848965196598e-16,wind_direction:18.4_m:degrees
1221,-2,-2.0000000000000000e+00,-2.0000000000000004e-01,-1,-1,-6.9388939039072284e-18,wind_direction:18.4_m:degrees
1222,-2,-2.0000000000000000e+00,-4.0000000000000001e-02,-1,-1,1.3010426069826053e-18,wind_direction:18.4_m:degrees
1223,-2,-2.0000000000000000e+00,-5.6000000000000005e-01,-1,-1,0.0000000000000000e+00,wind_direction:18.4_m:degrees
1224,-2,-2.0000000000000000e+00,-4.4000000000000000e-01,-1,-1,5.5511151231257827e-17,wind_direction:18.4_m:degrees
1225,-2,-2.0000000000000000e+00,-5.1016949152542367e-02,-1,-1,5.7184717035334764e-04,wind_direction:18.4_m:degrees
1226,4,7.5168862342834473e+00,-7.4749999999999983e-02,2005,2006,7.1243750000001427e-04,mixing_ratio:18.4_m:g_kg-1
1227,4,4.3380389213562012e+00,-1.7037037037037039e-01,1241,1242,1.2702331961591228e-03,mixing_ratio:18.4_m:g_kg-1
1228,-2,-2.0000000000000000e+00,-2.1307692307692308e-01,-1,-1,1.3597633136095480e-03,wind_direction:18.4_m:degrees
1229,-2,-2.0000000000000000e+00,-1.7931292008961899e-02,-1,-1,2.8392059661301063e-04,wind_direction:18.4_m:degrees
1230,-2,-2.0000000000000000e+00,-2.4569640062597688e-02,-1,-1,2.2669272459656159e-04,wind_direction:18.4_m:degrees
1231,-2,-2.0000000000000000e+00,-1.5666666666666668e-01,-1,-1,2.2888888888888854e-03,wind_direction:18.4_m:degrees
1232,-2,-2.0000000000000000e+00,-7.4318181818181811e-02,-1,-1,7.9271694214876325e-04,wind_direction:18.4_m:degrees
1233,-2,-2.0000000000000000e+00,-4.3250000000000000e-01,-1,-1,1.5187499999999854e-03,wind_direction:18.4_m:degrees
1234,-2,-2.0000000000000000e+00,-3.3499999999999996e-01,-1,-1,2.2750000000000131e-03,wind_direction:18.4_m:degrees
1235,-2,-2.0000000000000000e+00,-1.8272727272727274e-01,-1,-1,1.1652892561983472e-03,wind_direction:18.4_m:degrees
1236,-2,-2.0000000000000000e+00,-1.3433333333333333e-01,-1,-1,8.8455555555555163e-04,wind_direction:18.4_m:degrees
1237,-2,-2.0000000000000000e+00,-5.5238095238095246e-02,-1,-1,3.1065759637187874e-04,wind_direction:18.4_m:degrees
1238,-2,-2.0000000000000000e+00,-1.3000000000000000e-01,-1,-1,4.5000000000001636e-04,wind_direction:18.4_m:degrees
1239,-2,-2.0000000000000000e+00,-2.6090909090909087e-01,-1,-1,1.7597796143250521e-03,wind_direction:18.4_m:degrees
1240,-2,-2.0000000000000000e+00,-4.0000000000000002e-01,-1,-1,-1.3877787807814457e-16,wind_direction:18.4_m:degrees
1241,-2,-2.0000000000000000e+00,-1.1200000000000002e-01,-1,-1,2.1599999999999918e-04,wind_direction:18.4_m:degrees
1242,11,2.6170001220703125e+02,-1.7632653061224496e-01,1601,1602,9.9466888796335626e-04,wind_direction:18.4_m:degrees
1243,-2,-2.0000000000000000e+00,-9.2184557438794133e-03,-1,-1,2.7763777614634740e-04,wind_direction:18.4_m:degrees
1244,5,6.5899997711181641e+01,-1.4620098039215636e-02,1245,1246,2.5892430195116557e-04,relative_humidity:18.4_m:%
1245,12,2.5246732868254185e-02,-3.0394736842105263e-02,1247,1248,1.1301073407202222e-03,bulk_richardson:18.4_m:none
1246,-2,-2.0000000000000000e+00,-1.3849614395886828e-02,-1,-1,2.0362519908010147e-04,wind_direction:18.4_m:degrees
1247,-2,-2.0000000000000000e+00,-2.6849315068493158e-02,-1,-1,7.0377181459936177e-04,wind_direction:18.4_m:degrees
1248,10,5.3936250209808350e+00,-1.1666666666666665e-01,2035,2036,3.7555555555555693e-03,wind_speed:18.4_m:m_s-1
1249,-2,-2.0000000000000000e+00,-3.4166666666666662e-01,-1,-1,1.3472222222222358e-03,wind_direction:18.4_m:degrees
1250,-2,-2.0000000000000000e+00,-4.2999999999999999e-01,-1,-1,-8.3266726846886741e-17,wind_direction:18.4_m:degrees
1251,11,8.2025001525878906e+01,-1.2501160092807377e-02,1255,1256,3.0775811930383405e-04,wind_direction:18.4_m:degrees
1252,12,-4.1158521175384521e-01,-2.9692307692307705e-02,1253,1254,5.3836686390530415e-04,bulk_richardson:18.4_m:none
1253,-2,-2.0000000000000000e+00,-1.1000000000000000e-01,-1,-1,0.0000000000000000e+00,wind_direction:18.4_m:degrees
1254,-2,-2.0000000000000000e+00,-2.4426229508196732e-02,-1,-1,1.2303144316043978e-04,wind_direction:18.4_m:degrees
1255,-2,-2.0000000000000000e+00,-1.4999999999999999e-01,-1,-1,0.0000000000000000e+00,wind_direction:18.4_m:degrees
1256,3,1.0344500122070312e+03,-1.2437325905292439e-02,1373,1374,2.9911979526332880e-04,pressure:18.4_m:hPa
1257,-2,-2.0000000000000000e+00,-2.1833333333333335e-01,-1,-1,1.1805555555555736e-03,wind_direction:18.4_m:degrees
1258,-2,-2.0000000000000000e+00,-2.9428571428571432e-01,-1,-1,8.5306122448977617e-04,wind_direction:18.4_m:degrees
1259,-2,-2.0000000000000000e+00,-7.7500000000000013e-02,-1,-1,1.1874999999999820e-04,wind_direction:18.4_m:degrees
1260,9,9.0635700225830078e+01,-1.2707142857142850e-01,1893,1894,7.5928061224489474e-04,angle_between_wind_wave:0_m:degrees
1261,-2,-2.0000000000000000e+00,-9.4745762711864370e-02,-1,-1,7.2663027865554550e-04,wind_direction:18.4_m:degrees
1262,-2,-2.0000000000000000e+00,-1.2017857142857145e-01,-1,-1,1.0017538265306228e-03,wind_direction:18.4_m:degrees
1263,-2,-2.0000000000000000e+00,-3.4571428571428570e-01,-1,-1,7.6734693877561488e-04,wind_direction:18.4_m:degrees
1264,-2,-2.0000000000000000e+00,-4.5499999999999996e-01,-1,-1,1.2249999999998651e-03,wind_direction:18.4_m:degrees
1265,-2,-2.0000000000000000e+00,-1.6230769230769229e-01,-1,-1,1.0946745562130274e-03,wind_direction:18.4_m:degrees
1266,2,2.8384001159667969e+02,-2.0231481481481486e-01,1363,1364,1.7900120027434796e-03,water_sfc_temperature:0_m:K
1267,1,2.2100967407226562e+02,-7.1363636363636365e-02,1519,1520,1.0026859504132235e-03,azimuth:0_m:degrees
1268,2,2.8654499816894531e+02,-1.0407407407407410e-01,1479,1480,9.9698216735253677e-04,water_sfc_temperature:0_m:K
1269,12,-4.6298854053020477e-01,-2.6503067484662579e-02,1689,1690,7.5648311942489420e-04,bulk_richardson:18.4_m:none
1270,6,2.2350000000000000e+02,-1.4629080118694335e-02,1271,1272,3.6699891695797342e-04,wave_direction:0_m:degrees
1271,-2,-2.0000000000000000e+00,-1.1461267605633776e-02,-1,-1,2.3782948571712015e-04,wind_direction:18.4_m:degrees
1272,2,2.7568998718261719e+02,-3.1603773584905667e-02,2015,2016,7.1723923104307871e-04,water_sfc_temperature:0_m:K
1273,5,4.5399999618530273e+01,-1.4333333333333331e-01,1921,1922,1.0603174603174698e-03,relative_humidity:18.4_m:%
1274,-2,-2.0000000000000000e+00,-1.8359999999999999e-01,-1,-1,1.1190399999999670e-03,wind_direction:18.4_m:degrees
1275,-2,-2.0000000000000000e+00,-3.1000000000000000e-01,-1,-1,1.0000000000000286e-04,wind_direction:18.4_m:degrees
1276,-2,-2.0000000000000000e+00,-2.3774193548387099e-01,-1,-1,4.6264308012492622e-04,wind_direction:18.4_m:degrees
1277,8,7.2999999523162842e+00,-7.8059701492537312e-02,1883,1884,6.9325016707506501e-04,wave_period:0_m:s
1278,8,6.2999999523162842e+00,-1.0375000000000002e-01,1359,1360,1.1526041666666664e-03,wave_period:0_m:s
1279,-2,-2.0000000000000000e+00,-1.6500000000000001e-01,-1,-1,1.0874999999999982e-03,wind_direction:18.4_m:degrees
1280,12,2.6912247762084007e-02,-1.2703125000000001e-01,1429,1430,9.2399902343749327e-04,bulk_richardson:18.4_m:none
1281,0,9.1773658752441406e+01,-3.9218749999999997e-01,1311,1312,1.4608398437499781e-03,zenith:0_m:degrees
1282,-2,-2.0000000000000000e+00,-5.3000000000000003e-01,-1,-1,-2.7755575615628914e-16,wind_direction:18.4_m:degrees
1283,-2,-2.0000000000000000e+00,-1.9999999999999997e-02,-1,-1,1.6000000000000003e-03,wind_direction:18.4_m:degrees
1284,-2,-2.0000000000000000e+00,-1.2307692307692307e-01,-1,-1,3.5976331360946558e-04,wind_direction:18.4_m:degrees
1285,-2,-2.0000000000000000e+00,-5.0000000000000010e-02,-1,-1,3.7777777777777679e-04,wind_direction:18.4_m:degrees
1286,11,3.2157000732421875e+02,-8.9166666666666672e-02,1329,1330,1.1576388888888869e-03,wind_direction:18.4_m:degrees
1287,3,1.0287999877929688e+03,-1.7037037037037035e-02,1829,1830,1.3319615912208507e-03,pressure:18.4_m:hPa
1288,6,3.0000000000000000e+02,-4.4276315789473671e-02,1611,1612,1.0928973337950162e-03,wave_direction:0_m:degrees
1289,5,8.8599998474121094e+01,-6.4234234234234230e-02,1631,1632,7.7756675594513845e-04,relative_humidity:18.4_m:%
1290,11,3.2052000427246094e+02,-8.2899999999999988e-02,1677,1678,1.1045899999999999e-03,wind_direction:18.4_m:degrees
1291,-2,-2.0000000000000000e+00,-9.7731481481481461e-02,-1,-1,4.5179826817558395e-04,wind_direction:18.4_m:degrees
1292,-2,-2.0000000000000000e+00,-1.2128205128205127e-01,-1,-1,6.5733070348466920e-04,wind_direction:18.4_m:degrees
1293,-2,-2.0000000000000000e+00,-4.1999999999999998e-01,-1,-1,0.0000000000000000e+00,wind_direction:18.4_m:degrees
1294,-2,-2.0000000000000000e+00,-2.9666666666666663e-01,-1,-1,2.2222222222229027e-05,wind_direction:18.4_m:degrees
1295,-2,-2.0000000000000000e+00,-8.9999999999999997e-02,-1,-1,8.9999999999999976e-04,wind_direction:18.4_m:degrees
1296,-2,-2.0000000000000000e+00,-1.6600000000000001e-01,-1,-1,5.5733333333332288e-04,wind_direction:18.4_m:degrees
1297,5,4.5750000000000000e+01,-3.7400000000000005e-01,1439,1440,1.6525714285714754e-03,relative_humidity:18.4_m:%
1298,2,2.8348500061035156e+02,-3.3727272727272722e-01,1899,1900,1.6561983471072989e-03,water_sfc_temperature:0_m:K
1299,-2,-2.0000000000000000e+00,-3.4642857142857147e-01,-1,-1,1.5229591836734002e-03,wind_direction:18.4_m:degrees
1300,-2,-2.0000000000000000e+00,-2.9333333333333333e-01,-1,-1,7.0555555555563976e-04,wind_direction:18.4_m:degrees
1301,-2,-2.0000000000000000e+00,-7.5000000000000011e-02,-1,-1,6.2499999999999969e-04,wind_direction:18.4_m:degrees
1302,4,2.5506448745727539e+00,-1.4999999999999997e-01,1303,1304,2.1529411764705901e-03,mixing_ratio:18.4_m:g_kg-1
1303,-2,-2.0000000000000000e+00,-2.9999999999999999e-01,-1,-1,0.0000000000000000e+00,wind_direction:18.4_m:degrees
1304,-2,-2.0000000000000000e+00,-1.4062500000000000e-01,-1,-1,7.9335937500001064e-04,wind_direction:18.4_m:degrees
1305,9,8.7647556304931641e+01,-1.8571428571428572e-01,1633,1634,1.7959183673469589e-03,angle_between_wind_wave:0_m:degrees
1306,-2,-2.0000000000000000e+00,-2.5600000000000001e-01,-1,-1,3.0400000000001259e-04,wind_direction:18.4_m:degrees
1307,-2,-2.0000000000000000e+00,-3.7749999999999995e-01,-1,-1,8.1041666666664680e-04,wind_direction:18.4_m:degrees
1308,-2,-2.0000000000000000e+00,-2.3999999999999999e-01,-1,-1,6.5919492087118670e-16,wind_direction:18.4_m:degrees
1309,-2,-2.0000000000000000e+00,-6.8421052631578966e-02,-1,-1,1.1290858725761764e-03,wind_direction:18.4_m:degrees
1310,-2,-2.0000000000000000e+00,-1.4249999999999999e-01,-1,-1,1.6874999999999529e-04,wind_direction:18.4_m:degrees
1311,-2,-2.0000000000000000e+00,-3.7960000000000010e-01,-1,-1,9.6384000000004910e-04,wind_direction:18.4_m:degrees
1312,-2,-2.0000000000000000e+00,-4.3714285714285717e-01,-1,-1,6.4897959183668474e-04,wind_direction:18.4_m:degrees
1313,-2,-2.0000000000000000e+00,-1.1222222222222225e-01,-1,-1,1.0450617283950542e-03,wind_direction:18.4_m:degrees
1314,-2,-2.0000000000000000e+00,-4.8000000000000001e-02,-1,-1,9.6000000000009272e-05,wind_direction:18.4_m:degrees
1315,7,2.0499999523162842e+00,-5.6562500000000004e-01,1317,1318,2.5871093750001184e-03,wave_height:0_m:m
1316,-2,-2.0000000000000000e+00,-6.3000000000000000e-01,-1,-1,5.3333333333316357e-04,wind_direction:18.4_m:degrees
1317,-2,-2.0000000000000000e+00,-5.2875000000000005e-01,-1,-1,1.6359374999999066e-03,wind_direction:18.4_m:degrees
1318,-2,-2.0000000000000000e+00,-6.0250000000000004e-01,-1,-1,8.1875000000003473e-04,wind_direction:18.4_m:degrees
1319,-2,-2.0000000000000000e+00,-1.0333333333333333e-01,-1,-1,5.5555555555555566e-04,wind_direction:18.4_m:degrees
1320,-2,-2.0000000000000000e+00,-1.9833333333333333e-01,-1,-1,8.1388888888888483e-04,wind_direction:18.4_m:degrees
1321,-2,-2.0000000000000000e+00,-5.8214285714285718e-02,-1,-1,6.0395408163265232e-04,wind_direction:18.4_m:degrees
1322,-2,-2.0000000000000000e+00,-3.4305555555555561e-02,-1,-1,6.9673996913580658e-04,wind_direction:18.4_m:degrees
1323,5,9.8149997711181641e+01,-3.5008077544426419e-02,1325,1326,7.7653466819431320e-04,relative_humidity:18.4_m:%
1324,-2,-2.0000000000000000e+00,-2.6321243523316003e-02,-1,-1,2.5123359016349176e-04,wind_direction:18.4_m:degrees
1325,-2,-2.0000000000000000e+00,-3.3966666666666583e-02,-1,-1,4.9059888888889442e-04,wind_direction:18.4_m:degrees
1326,10,5.7867202758789062e+00,-6.7894736842105272e-02,1327,1328,8.6903047091412191e-03,wind_speed:18.4_m:m_s-1
1327,-2,-2.0000000000000000e+00,-2.8000000000000003e-01,-1,-1,0.0000000000000000e+00,wind_direction:18.4_m:degrees
1328,-2,-2.0000000000000000e+00,-2.8125000000000001e-02,-1,-1,3.0273437499999940e-04,wind_direction:18.4_m:degrees
1329,-2,-2.0000000000000000e+00,-7.1363636363636393e-02,-1,-1,4.8450413223140830e-04,wind_direction:18.4_m:degrees
1330,-2,-2.0000000000000000e+00,-1.1714285714285713e-01,-1,-1,9.3469387755101829e-04,wind_direction:18.4_m:degrees
1331,-2,-2.0000000000000000e+00,-2.2111111111111109e-01,-1,-1,5.4320987654322278e-04,wind_direction:18.4_m:degrees
1332,-2,-2.0000000000000000e+00,-8.0000000000000002e-02,-1,-1,5.2041704279304213e-18,wind_direction:18.4_m:degrees
1333,-2,-2.0000000000000000e+00,-4.7285714285714281e-01,-1,-1,1.8204081632653690e-03,wind_direction:18.4_m:degrees
1334,6,2.2650000000000000e+02,-4.0818181818181820e-01,2013,2014,1.1057851239668348e-03,wave_direction:0_m:degrees
1335,-2,-2.0000000000000000e+00,-1.6839285714285721e-01,-1,-1,1.3420599489795820e-03,wind_direction:18.4_m:degrees
1336,-2,-2.0000000000000000e+00,-2.3749999999999999e-01,-1,-1,9.1874999999998902e-04,wind_direction:18.4_m:degrees
1337,-2,-2.0000000000000000e+00,-6.4000000000000001e-01,-1,-1,1.0000000000004450e-04,wind_direction:18.4_m:degrees
1338,-2,-2.0000000000000000e+00,-5.4055555555555557e-01,-1,-1,7.6080246913573513e-04,wind_direction:18.4_m:degrees
1339,-2,-2.0000000000000000e+00,-2.9090909090909091e-02,-1,-1,3.5371900826446274e-04,wind_direction:18.4_m:degrees
1340,11,1.4164500427246094e+02,-6.9778761061946901e-02,1341,1342,5.4198645156237988e-04,wind_direction:18.4_m:degrees
1341,-2,-2.0000000000000000e+00,-5.4166666666666675e-02,-1,-1,5.0049603174603116e-04,wind_direction:18.4_m:degrees
1342,12,-1.6089639160782099e-02,-7.3342391304347845e-02,1711,1712,4.8312189862948982e-04,bulk_richardson:18.4_m:none
1343,-2,-2.0000000000000000e+00,-1.6916666666666669e-01,-1,-1,8.9097222222225131e-04,wind_direction:18.4_m:degrees
1344,-2,-2.0000000000000000e+00,-2.3999999999999999e-01,-1,-1,-3.4694469519536142e-17,wind_direction:18.4_m:degrees
1345,5,8.6350002288818359e+01,-3.0233333333333317e-02,1351,1352,4.5561222222222401e-04,relative_humidity:18.4_m:%
1346,12,1.0961955413222313e-02,-3.8605983450031855e-02,1613,1614,5.3357549570690792e-04,bulk_richardson:18.4_m:none
1347,1,2.2537509918212891e+02,-3.4400000000000003e-01,1737,1738,1.2373333333333542e-03,azimuth:0_m:degrees
1348,-2,-2.0000000000000000e+00,-2.6000000000000001e-01,-1,-1,3.1999999999998696e-03,wind_direction:18.4_m:degrees
1349,-2,-2.0000000000000000e+00,-2.2499999999999998e-01,-1,-1,1.2749999999999984e-03,wind_direction:18.4_m:degrees
1350,-2,-2.0000000000000000e+00,-3.4000000000000002e-01,-1,-1,1.3877787807814457e-17,wind_direction:18.4_m:degrees
1351,-2,-2.0000000000000000e+00,-1.9062500000000010e-02,-1,-1,3.5432942708333274e-04,wind_direction:18.4_m:degrees
1352,-2,-2.0000000000000000e+00,-3.5490196078431374e-02,-1,-1,4.1691657054979169e-04,wind_direction:18.4_m:degrees
1353,-2,-2.0000000000000000e+00,-1.1444444444444443e-01,-1,-1,7.0913580246914111e-04,wind_direction:18.4_m:degrees
1354,10,7.5211470127105713e+00,-8.9999999999999969e-02,1979,1980,7.8588235294117618e-04,wind_speed:18.4_m:m_s-1
1355,-2,-2.0000000000000000e+00,-4.2499999999999996e-02,-1,-1,6.8750000000000451e-05,wind_direction:18.4_m:degrees
1356,7,8.4999999403953552e-01,-1.0922297297297294e-01,1393,1394,8.7068001278306321e-04,wave_height:0_m:m
1357,-2,-2.0000000000000000e+00,-2.1200000000000002e-01,-1,-1,3.7599999999998052e-04,wind_direction:18.4_m:degrees
1358,-2,-2.0000000000000000e+00,-2.7941176470588236e-01,-1,-1,1.1114186851210323e-03,wind_direction:18.4_m:degrees
1359,-2,-2.0000000000000000e+00,-1.1023255813953489e-01,-1,-1,8.7203893996754510e-04,wind_direction:18.4_m:degrees
1360,-2,-2.0000000000000000e+00,-4.8000000000000001e-02,-1,-1,9.5999999999997997e-05,wind_direction:18.4_m:degrees
1361,-2,-2.0000000000000000e+00,-2.7416666666666661e-01,-1,-1,7.7430555555556280e-04,wind_direction:18.4_m:degrees
1362,-2,-2.0000000000000000e+00,-1.4000000000000001e-01,-1,-1,1.5265566588595902e-16,wind_direction:18.4_m:degrees
1363,-2,-2.0000000000000000e+00,-1.9035087719298255e-01,-1,-1,1.3402277623884781e-03,wind_direction:18.4_m:degrees
1364,5,6.8250000000000000e+01,-2.1568627450980393e-01,1365,1366,1.9539407920029575e-03,relative_humidity:18.4_m:%
1365,-2,-2.0000000000000000e+00,-2.7500000000000002e-01,-1,-1,4.8499999999999932e-04,wind_direction:18.4_m:degrees
1366,2,2.8779998779296875e+02,-2.0121951219512199e-01,1851,1852,1.2448542534205798e-03,water_sfc_temperature:0_m:K
1367,-2,-2.0000000000000000e+00,-2.2500000000000001e-01,-1,-1,1.7250000000000043e-03,wind_direction:18.4_m:degrees
1368,-2,-2.0000000000000000e+00,-1.5652173913043485e-01,-1,-1,1.2052930056710709e-03,wind_direction:18.4_m:degrees
1369,-2,-2.0000000000000000e+00,-2.8833333333333333e-01,-1,-1,1.8055555555555880e-04,wind_direction:18.4_m:degrees
1370,9,9.0340396881103516e+01,-3.4700000000000003e-01,1671,1672,1.9676666666667980e-03,angle_between_wind_wave:0_m:degrees
1371,2,2.9147999572753906e+02,-7.8749999999999931e-02,1441,1442,6.3027712264152568e-04,water_sfc_temperature:0_m:K
1372,-2,-2.0000000000000000e+00,-6.4081632653061188e-02,-1,-1,4.3436068304871650e-04,wind_direction:18.4_m:degrees
1373,3,1.0310000000000000e+03,-1.2523234200743447e-02,1375,1376,2.9144927429830764e-04,pressure:18.4_m:hPa
1374,-2,-2.0000000000000000e+00,8.0000000000000002e-02,-1,-1,7.2684913643428217e-16,wind_direction:18.4_m:degrees
1375,11,3.0090499877929688e+02,-1.2138126773888326e-02,1771,1772,2.7007363622612155e-04,wind_direction:18.4_m:degrees
1376,4,4.5326898097991943e+00,-3.3947368421052636e-02,1377,1378,1.0133656509695083e-03,mixing_ratio:18.4_m:g_kg-1
1377,-2,-2.0000000000000000e+00,-1.7857142857142856e-02,-1,-1,2.8112244897959181e-04,wind_direction:18.4_m:degrees
1378,-2,-2.0000000000000000e+00,-7.9000000000000001e-02,-1,-1,3.0900000000000025e-04,wind_direction:18.4_m:degrees
1379,3,9.9789999389648438e+02,-1.6021276595744680e-01,1383,1384,1.0488909008601228e-03,pressure:18.4_m:hPa
1380,10,9.9037981033325195e+00,-1.8607142857142853e-01,1381,1382,1.4488520408162953e-03,wind_speed:18.4_m:m_s-1
1381,-2,-2.0000000000000000e+00,-2.0433333333333339e-01,-1,-1,7.0455555555552773e-04,wind_direction:18.4_m:degrees
1382,6,1.8850000000000000e+02,-1.6500000000000001e-01,1385,1386,1.4788461538461847e-03,wave_direction:0_m:degrees
1383,-2,-2.0000000000000000e+00,-8.0000000000000002e-02,-1,-1,-8.6736173798840355e-19,wind_direction:18.4_m:degrees
1384,-2,-2.0000000000000000e+00,-1.6568181818181824e-01,-1,-1,6.5180785123967674e-04,wind_direction:18.4_m:degrees
1385,-2,-2.0000000000000000e+00,-2.9999999999999999e-01,-1,-1,0.0000000000000000e+00,wind_direction:18.4_m:degrees
1386,-2,-2.0000000000000000e+00,-1.5959999999999999e-01,-1,-1,7.7983999999999692e-04,wind_direction:18.4_m:degrees
1387,-2,-2.0000000000000000e+00,-1.3875000000000001e-01,-1,-1,3.3593749999999770e-04,wind_direction:18.4_m:degrees
1388,-2,-2.0000000000000000e+00,-1.9833333333333336e-01,-1,-1,1.2805555555555348e-03,wind_direction:18.4_m:degrees
1389,1,1.3495745086669922e+02,-2.8986486486486444e-02,1487,1488,5.1721603360117103e-04,azimuth:0_m:degrees
1390,-2,-2.0000000000000000e+00,-1.7040816326530608e-02,-1,-1,2.9838608912953501e-04,wind_direction:18.4_m:degrees
1391,-2,-2.0000000000000000e+00,-3.4749999999999975e-02,-1,-1,5.4160416666666918e-04,wind_direction:18.4_m:degrees
1392,-2,-2.0000000000000000e+00,-1.1000000000000000e-01,-1,-1,8.5001450322863548e-17,wind_direction:18.4_m:degrees
1393,-2,-2.0000000000000000e+00,2.0000000000000000e-02,-1,-1,0.0000000000000000e+00,wind_direction:18.4_m:degrees
1394,10,1.1671775817871094e+01,-1.0966101694915255e-01,1395,1396,8.1683424303362687e-04,wind_speed:18.4_m:m_s-1
1395,-2,-2.0000000000000000e+00,-1.0428571428571427e-01,-1,-1,6.7670654468682083e-04,wind_direction:18.4_m:degrees
1396,5,9.8700000762939453e+01,-1.2152173913043478e-01,1403,1404,9.2159735349724332e-04,relative_humidity:18.4_m:%
1397,-2,-2.0000000000000000e+00,-8.9583333333333348e-02,-1,-1,6.1232638888888448e-04,wind_direction:18.4_m:degrees
1398,12,-5.3711021319031715e-02,-5.5675675675675676e-02,1541,1542,1.0353542731921122e-03,bulk_richardson:18.4_m:none
1399,-2,-2.0000000000000000e+00,-2.4137931034482765e-02,-1,-1,8.1965913594926664e-04,wind_direction:18.4_m:degrees
1400,2,2.8162001037597656e+02,-4.0112781954887183e-02,1435,1436,5.2141585165922872e-04,water_sfc_temperature:0_m:K
1401,7,1.4499999880790710e+00,-1.3340425531914896e-01,1469,1470,1.5628791308284484e-03,wave_height:0_m:m
1402,-2,-2.0000000000000000e+00,-1.6499999999999998e-01,-1,-1,1.8173076923076771e-03,wind_direction:18.4_m:degrees
1403,12,4.5332590525504202e-04,-1.2010989010989011e-01,1649,1650,7.4833957251539858e-04,bulk_richardson:18.4_m:none
1404,-2,-2.0000000000000000e+00,-2.5000000000000000e-01,-1,-1,-2.2204460492503131e-16,wind_direction:18.4_m:degrees
1405,10,1.0063143253326416e+01,-1.2917525773195873e-01,1831,1832,1.0158146455520808e-03,wind_speed:18.4_m:m_s-1
1406,3,1.0097500000000000e+03,-1.1043010752688172e-01,1407,1408,8.2132038385944982e-04,pressure:18.4_m:hPa
1407,-2,-2.0000000000000000e+00,-1.2736842105263160e-01,-1,-1,5.9307479224376264e-04,wind_direction:18.4_m:degrees
1408,4,1.3184695720672607e+01,-9.8727272727272705e-02,1409,1410,6.4383471074380000e-04,mixing_ratio:18.4_m:g_kg-1
1409,-2,-2.0000000000000000e+00,-1.0717391304347826e-01,-1,-1,3.2027410207940629e-04,wind_direction:18.4_m:degrees
1410,-2,-2.0000000000000000e+00,-5.5555555555555552e-02,-1,-1,6.9135802469122518e-05,wind_direction:18.4_m:degrees
1411,-2,-2.0000000000000000e+00,-4.1399999999999998e-01,-1,-1,8.6400000000000365e-04,wind_direction:18.4_m:degrees
1412,-2,-2.0000000000000000e+00,-3.2750000000000001e-01,-1,-1,1.1687499999999823e-03,wind_direction:18.4_m:degrees
1413,-2,-2.0000000000000000e+00,-1.1000000000000000e-01,-1,-1,0.0000000000000000e+00,wind_direction:18.4_m:degrees
1414,-2,-2.0000000000000000e+00,-1.8781575037147061e-02,-1,-1,3.7266105725179981e-04,wind_direction:18.4_m:degrees
1415,0,1.0092535018920898e+02,-2.3454545454545450e-01,1417,1418,3.0611570247934122e-03,zenith:0_m:degrees
1416,3,1.0102500000000000e+03,-2.7829268292682929e-01,1651,1652,1.1556216537774860e-03,pressure:18.4_m:hPa
1417,-2,-2.0000000000000000e+00,-1.6000000000000000e-01,-1,-1,4.6666666666666731e-04,wind_direction:18.4_m:degrees
1418,-2,-2.0000000000000000e+00,-2.6250000000000001e-01,-1,-1,1.1687500000000239e-03,wind_direction:18.4_m:degrees
1419,5,5.6250000000000000e+01,-1.4875000000000002e-01,1421,1422,2.2259374999999935e-03,relative_humidity:18.4_m:%
1420,7,9.4999998807907104e-01,-1.1916666666666667e-01,1913,1914,2.1687500000000109e-03,wave_height:0_m:m
1421,9,8.9629421234130859e+01,-1.1947368421052632e-01,1569,1570,1.2997229916897508e-03,angle_between_wind_wave:0_m:degrees
1422,3,1.0096499938964844e+03,-1.7523809523809528e-01,1815,1816,1.5868480725623434e-03,pressure:18.4_m:hPa
1423,11,3.0602000427246094e+02,-1.6692307692307695e-01,2007,2008,1.6879684418145864e-03,wind_direction:18.4_m:degrees
1424,-2,-2.0000000000000000e+00,-9.0000000000000011e-02,-1,-1,1.9999999999987216e-04,wind_direction:18.4_m:degrees
1425,11,2.7939999389648438e+02,-3.7529411764705889e-01,1871,1872,1.1896193771626373e-03,wind_direction:18.4_m:degrees
1426,-2,-2.0000000000000000e+00,-3.1000000000000000e-01,-1,-1,2.7999999999994696e-04,wind_direction:18.4_m:degrees
1427,10,1.6908094406127930e+01,-4.7823529411764698e-01,1715,1716,2.2498269896193412e-03,wind_speed:18.4_m:m_s-1
1428,-2,-2.0000000000000000e+00,-6.0999999999999999e-01,-1,-1,-5.5511151231257827e-16,wind_direction:18.4_m:degrees
1429,11,1.9460499572753906e+02,-1.2904761904761902e-01,1713,1714,6.7845804988662245e-04,wind_direction:18.4_m:degrees
1430,-2,-2.0000000000000000e+00,0.0000000000000000e+00,-1,-1,-2.2204460492503131e-16,wind_direction:18.4_m:degrees
1431,-2,-2.0000000000000000e+00,-1.8714285714285714e-01,-1,-1,3.0612244897959551e-04,wind_direction:18.4_m:degrees
1432,-2,-2.0000000000000000e+00,-2.4103448275862069e-01,-1,-1,1.0851367419738439e-03,wind_direction:18.4_m:degrees
1433,-2,-2.0000000000000000e+00,-2.9000000000000004e-01,-1,-1,6.0000000000000331e-04,wind_direction:18.4_m:degrees
1434,-2,-2.0000000000000000e+00,-4.2999999999999999e-01,-1,-1,0.0000000000000000e+00,wind_direction:18.4_m:degrees
1435,3,1.0030499877929688e+03,-3.5157894736842069e-02,1625,1626,5.2286980609418947e-04,pressure:18.4_m:hPa
1436,-2,-2.0000000000000000e+00,-5.2499999999999998e-02,-1,-1,3.0296052631577624e-04,wind_direction:18.4_m:degrees
1437,-2,-2.0000000000000000e+00,-3.5999999999999997e-02,-1,-1,4.2400000000000011e-04,wind_direction:18.4_m:degrees
1438,-2,-2.0000000000000000e+00,-1.0875000000000001e-01,-1,-1,1.1109374999999956e-03,wind_direction:18.4_m:degrees
1439,-2,-2.0000000000000000e+00,-3.2666666666666666e-01,-1,-1,3.5555555555558116e-04,wind_direction:18.4_m:degrees
1440,9,8.8038089752197266e+01,-3.8379310344827594e-01,1545,1546,1.3614744351961305e-03,angle_between_wind_wave:0_m:degrees
1441,0,1.5874208068847656e+02,-7.4361702127659551e-02,1443,1444,4.5579824958502831e-04,zenith:0_m:degrees
1442,4,1.5346884250640869e+01,-8.7464788732394369e-02,1465,1466,8.6258678833569212e-04,mixing_ratio:18.4_m:g_kg-1
1443,-2,-2.0000000000000000e+00,-7.3548387096774179e-02,-1,-1,3.9852006012255480e-04,wind_direction:18.4_m:degrees
1444,-2,-2.0000000000000000e+00,-1.4999999999999999e-01,-1,-1,-4.1633363423443370e-17,wind_direction:18.4_m:degrees
1445,-2,-2.0000000000000000e+00,-5.0000000000000003e-02,-1,-1,0.0000000000000000e+00,wind_direction:18.4_m:degrees
1446,-2,-2.0000000000000000e+00,-1.4470588235294118e-01,-1,-1,1.2249134948096908e-03,wind_direction:18.4_m:degrees
1447,-2,-2.0000000000000000e+00,-3.1400000000000006e-01,-1,-1,7.0399999999998242e-04,wind_direction:18.4_m:degrees
1448,-2,-2.0000000000000000e+00,-2.5200000000000000e-01,-1,-1,8.8799999999998602e-04,wind_direction:18.4_m:degrees
1449,-2,-2.0000000000000000e+00,-5.7999999999999996e-01,-1,-1,0.0000000000000000e+00,wind_direction:18.4_m:degrees
1450,-2,-2.0000000000000000e+00,-4.8111111111111110e-01,-1,-1,9.2098765432097052e-04,wind_direction:18.4_m:degrees
1451,-2,-2.0000000000000000e+00,6.2499999999999995e-03,-1,-1,1.2734375000000000e-03,wind_direction:18.4_m:degrees
1452,5,6.2200000762939453e+01,-4.1481481481481494e-02,1753,1754,9.4595336076817534e-04,relative_humidity:18.4_m:%
1453,-2,-2.0000000000000000e+00,-6.8000000000000005e-01,-1,-1,0.0000000000000000e+00,wind_direction:18.4_m:degrees
1454,-2,-2.0000000000000000e+00,-5.6499999999999995e-01,-1,-1,6.2500000000015321e-04,wind_direction:18.4_m:degrees
1455,-2,-2.0000000000000000e+00,-3.3000000000000002e-01,-1,-1,0.0000000000000000e+00,wind_direction:18.4_m:degrees
1456,10,1.5760330200195312e+01,-4.6200000000000002e-01,1943,1944,1.6759999999999553e-03,wind_speed:18.4_m:m_s-1
1457,-2,-2.0000000000000000e+00,-2.8000000000000003e-01,-1,-1,9.9999999999988987e-05,wind_direction:18.4_m:degrees
1458,-2,-2.0000000000000000e+00,-3.7437499999999996e-01,-1,-1,1.3121093749999535e-03,wind_direction:18.4_m:degrees
1459,-2,-2.0000000000000000e+00,-2.5666666666666665e-01,-1,-1,5.5555555555555913e-04,wind_direction:18.4_m:degrees
1460,5,7.8149997711181641e+01,-1.6999999999999998e-01,1929,1930,2.3714285714285764e-03,relative_humidity:18.4_m:%
1461,-2,-2.0000000000000000e+00,-9.5932203389830509e-02,-1,-1,8.3430048836541024e-04,wind_direction:18.4_m:degrees
1462,-2,-2.0000000000000000e+00,-6.7142857142857157e-02,-1,-1,2.0612244897959351e-04,wind_direction:18.4_m:degrees
1463,-2,-2.0000000000000000e+00,-2.0333333333333334e-01,-1,-1,2.4888888888888877e-03,wind_direction:18.4_m:degrees
1464,6,2.3050000000000000e+02,-1.2357142857142857e-01,1901,1902,1.4943877551020345e-03,wave_direction:0_m:degrees
1465,12,1.6622144728899002e-02,-9.4158415841584159e-02,1467,1468,8.8567787471816734e-04,bulk_richardson:18.4_m:none
1466,-2,-2.0000000000000000e+00,-7.0975609756097569e-02,-1,-1,4.2343842950622827e-04,wind_direction:18.4_m:degrees
1467,-2,-2.0000000000000000e+00,-9.2200000000000004e-02,-1,-1,5.0715999999999782e-04,wind_direction:18.4_m:degrees
1468,-2,-2.0000000000000000e+00,-2.8999999999999998e-01,-1,-1,6.6613381477509392e-16,wind_direction:18.4_m:degrees
1469,-2,-2.0000000000000000e+00,-1.2955555555555553e-01,-1,-1,1.2842469135802385e-03,wind_direction:18.4_m:degrees
1470,-2,-2.0000000000000000e+00,-2.2000000000000000e-01,-1,-1,-2.5673907444456745e-16,wind_direction:18.4_m:degrees
1471,4,4.0260715484619141e+00,-1.5313807531380744e-02,1473,1474,5.5209817755291443e-04,mixing_ratio:18.4_m:g_kg-1
1472,-2,-2.0000000000000000e+00,-3.6923076923076927e-02,-1,-1,8.6232741617356693e-04,wind_direction:18.4_m:degrees
1473,-2,-2.0000000000000000e+00,7.6666666666666675e-02,-1,-1,2.2222222222222209e-03,wind_direction:18.4_m:degrees
1474,-2,-2.0000000000000000e+00,-1.6483050847457621e-02,-1,-1,4.2195310255673684e-04,wind_direction:18.4_m:degrees
1475,0,5.8842653274536133e+01,-9.1234567901234548e-02,1949,1950,8.0094497789971221e-04,zenith:0_m:degrees
1476,-2,-2.0000000000000000e+00,-6.9259259259259270e-02,-1,-1,6.3278463648836283e-04,wind_direction:18.4_m:degrees
1477,-2,-2.0000000000000000e+00,-1.1560000000000001e-01,-1,-1,3.1264000000000292e-04,wind_direction:18.4_m:degrees
1478,-2,-2.0000000000000000e+00,-1.4430379746835445e-01,-1,-1,4.5742669443997810e-04,wind_direction:18.4_m:degrees
1479,-2,-2.0000000000000000e+00,-1.0562500000000001e-01,-1,-1,8.1460937499999719e-04,wind_direction:18.4_m:degrees
1480,-2,-2.0000000000000000e+00,2.0000000000000000e-02,-1,-1,8.4025668367626594e-17,wind_direction:18.4_m:degrees
1481,-2,-2.0000000000000000e+00,-3.7272727272727268e-01,-1,-1,1.2743801652893016e-03,wind_direction:18.4_m:degrees
1482,-2,-2.0000000000000000e+00,-4.4000000000000006e-01,-1,-1,1.3199999999998768e-03,wind_direction:18.4_m:degrees
1483,-2,-2.0000000000000000e+00,-3.9874999999999994e-01,-1,-1,1.3609374999998813e-03,wind_direction:18.4_m:degrees
1484,-2,-2.0000000000000000e+00,-3.2250000000000001e-01,-1,-1,1.6875000000000917e-04,wind_direction:18.4_m:degrees
1485,4,4.6121878623962402e+00,-3.5800000000000005e-02,1983,1984,6.9235999999999972e-04,mixing_ratio:18.4_m:g_kg-1
1486,-2,-2.0000000000000000e+00,-5.1585365853658499e-02,-1,-1,4.8407198096371909e-04,wind_direction:18.4_m:degrees
1487,6,1.8350000000000000e+02,-3.3537735849056567e-02,1489,1490,4.8889951940192609e-04,wave_direction:0_m:degrees
1488,-2,-2.0000000000000000e+00,-1.7500000000000005e-02,-1,-1,4.0446428571429071e-04,wind_direction:18.4_m:degrees
1489,-2,-2.0000000000000000e+00,-2.5478260869565211e-02,-1,-1,4.1955387523629601e-04,wind_direction:18.4_m:degrees
1490,-2,-2.0000000000000000e+00,-4.3092783505154643e-02,-1,-1,4.0280582421086926e-04,wind_direction:18.4_m:degrees
1491,-2,-2.0000000000000000e+00,-3.3846153846153857e-03,-1,-1,5.4854437869822478e-04,wind_direction:18.4_m:degrees
1492,-2,-2.0000000000000000e+00,7.0000000000000007e-02,-1,-1,5.2041704279304213e-18,wind_direction:18.4_m:degrees
1493,-2,-2.0000000000000000e+00,-1.0461538461538461e-01,-1,-1,4.8639053254437119e-04,wind_direction:18.4_m:degrees
1494,-2,-2.0000000000000000e+00,-1.6285714285714284e-01,-1,-1,7.6326530612245286e-04,wind_direction:18.4_m:degrees
1495,-2,-2.0000000000000000e+00,-1.9927272727272700e-02,-1,-1,2.8944925619834861e-04,wind_direction:18.4_m:degrees
1496,3,1.0016499938964844e+03,-3.1435643564356401e-02,1643,1644,4.3308744240761745e-04,pressure:18.4_m:hPa
1497,-2,-2.0000000000000000e+00,-2.7000000000000002e-01,-1,-1,0.0000000000000000e+00,wind_direction:18.4_m:degrees
1498,-2,-2.0000000000000000e+00,-1.7454545454545456e-01,-1,-1,5.1570247933884622e-04,wind_direction:18.4_m:degrees
1499,-2,-2.0000000000000000e+00,-1.2442622950819672e-01,-1,-1,1.1295888202096319e-03,wind_direction:18.4_m:degrees
1500,6,2.3700000000000000e+02,-1.5478260869565216e-01,1501,1502,1.9814744801511970e-03,wave_direction:0_m:degrees
1501,-2,-2.0000000000000000e+00,-1.3950000000000001e-01,-1,-1,4.3474999999999764e-04,wind_direction:18.4_m:degrees
1502,-2,-2.0000000000000000e+00,-2.5666666666666665e-01,-1,-1,3.5555555555555340e-04,wind_direction:18.4_m:degrees
1503,-2,-2.0000000000000000e+00,-5.0000000000000003e-02,-1,-1,5.8260869565217354e-04,wind_direction:18.4_m:degrees
1504,-2,-2.0000000000000000e+00,-8.0943396226415096e-02,-1,-1,5.2929868280526728e-04,wind_direction:18.4_m:degrees
1505,-2,-2.0000000000000000e+00,-1.0212962962962967e-01,-1,-1,1.8612054183813447e-03,wind_direction:18.4_m:degrees
1506,-2,-2.0000000000000000e+00,-6.8000000000000005e-02,-1,-1,5.4933333333332876e-04,wind_direction:18.4_m:degrees
1507,-2,-2.0000000000000000e+00,-5.6363636363636366e-02,-1,-1,8.9586776859504119e-04,wind_direction:18.4_m:degrees
1508,0,1.3024953460693359e+02,-1.8019801980198022e-02,1509,1510,6.6736594451524429e-04,zenith:0_m:degrees
1509,2,2.9065000915527344e+02,-1.6799999999999992e-02,1855,1856,5.2276000000000015e-04,water_sfc_temperature:0_m:K
1510,-2,-2.0000000000000000e+00,-1.4000000000000001e-01,-1,-1,1.0000000000005144e-04,wind_direction:18.4_m:degrees
1511,12,-6.7808747291564941e-02,-7.4126984126984138e-02,1515,1516,1.0401108591584791e-03,bulk_richardson:18.4_m:none
1512,0,6.4863269805908203e+01,-5.2978723404255322e-02,1513,1514,9.9963784517881826e-04,zenith:0_m:degrees
1513,-2,-2.0000000000000000e+00,3.3333333333333333e-02,-1,-1,8.8888888888889002e-05,wind_direction:18.4_m:degrees
1514,-2,-2.0000000000000000e+00,-5.8863636363636361e-02,-1,-1,5.1916322314049653e-04,wind_direction:18.4_m:degrees
1515,1,2.2100704956054688e+02,-8.8679245283018848e-02,1517,1518,1.3322178711285201e-03,azimuth:0_m:degrees
1516,-2,-2.0000000000000000e+00,-6.3561643835616452e-02,-1,-1,5.6265715894163962e-04,wind_direction:18.4_m:degrees
1517,-2,-2.0000000000000000e+00,-7.9047619047619061e-02,-1,-1,8.5147392290249417e-04,wind_direction:18.4_m:degrees
1518,8,7.5000000000000000e+00,-1.2545454545454546e-01,1911,1912,1.4611570247934115e-03,wave_period:0_m:s
1519,-2,-2.0000000000000000e+00,-5.1428571428571428e-02,-1,-1,1.5510204081632499e-04,wind_direction:18.4_m:degrees
1520,-2,-2.0000000000000000e+00,-1.0625000000000001e-01,-1,-1,5.7343750000000797e-04,wind_direction:18.4_m:degrees
1521,-2,-2.0000000000000000e+00,-2.2200000000000003e-01,-1,-1,9.5999999999984986e-05,wind_direction:18.4_m:degrees
1522,-2,-2.0000000000000000e+00,-2.9250000000000004e-01,-1,-1,2.1875000000000366e-04,wind_direction:18.4_m:degrees
1523,-2,-2.0000000000000000e+00,-5.7699999999999996e-01,-1,-1,9.8100000000000964e-04,wind_direction:18.4_m:degrees
1524,0,1.3243750000000000e+02,-5.2952380952380962e-01,1635,1636,1.6807256235826795e-03,zenith:0_m:degrees
1525,-2,-2.0000000000000000e+00,-1.0000000000000001e-01,-1,-1,4.7999999999999779e-04,wind_direction:18.4_m:degrees
1526,-2,-2.0000000000000000e+00,-4.3915662650602386e-02,-1,-1,5.0575192335607826e-04,wind_direction:18.4_m:degrees
1527,-2,-2.0000000000000000e+00,-6.7741935483870946e-02,-1,-1,6.2232049947971713e-04,wind_direction:18.4_m:degrees
1528,-2,-2.0000000000000000e+00,-9.7500000000000003e-02,-1,-1,9.3875000000000035e-04,wind_direction:18.4_m:degrees
1529,-2,-2.0000000000000000e+00,-3.4875000000000000e-01,-1,-1,5.2343750000000133e-04,wind_direction:18.4_m:degrees
1530,-2,-2.0000000000000000e+00,-4.1200000000000003e-01,-1,-1,1.0160000000000169e-03,wind_direction:18.4_m:degrees
1531,2,2.8406498718261719e+02,-1.2896551724137931e-01,1533,1534,7.4375743162903921e-04,water_sfc_temperature:0_m:K
1532,-2,-2.0000000000000000e+00,-1.6571428571428570e-01,-1,-1,9.1020408163258043e-04,wind_direction:18.4_m:degrees
1533,-2,-2.0000000000000000e+00,-1.6083333333333333e-01,-1,-1,5.5763888888889571e-04,wind_direction:18.4_m:degrees
1534,-2,-2.0000000000000000e+00,-1.2065217391304348e-01,-1,-1,4.5827032136106990e-04,wind_direction:18.4_m:degrees
1535,-2,-2.0000000000000000e+00,-3.2000000000000001e-01,-1,-1,7.9999999999999516e-04,wind_direction:18.4_m:degrees
1536,-2,-2.0000000000000000e+00,-2.3777777777777778e-01,-1,-1,9.9506172839507884e-04,wind_direction:18.4_m:degrees
1537,9,9.0350185394287109e+01,-1.3842105263157894e-01,1539,1540,1.7080332409972337e-03,angle_between_wind_wave:0_m:degrees
1538,-2,-2.0000000000000000e+00,-2.2999999999999998e-01,-1,-1,3.9999999999999758e-04,wind_direction:18.4_m:degrees
1539,-2,-2.0000000000000000e+00,-1.0777777777777778e-01,-1,-1,1.1728395061728399e-03,wind_direction:18.4_m:degrees
1540,-2,-2.0000000000000000e+00,-1.6599999999999998e-01,-1,-1,5.8400000000000465e-04,wind_direction:18.4_m:degrees
1541,-2,-2.0000000000000000e+00,-6.8846153846153862e-02,-1,-1,7.2559171597633230e-04,wind_direction:18.4_m:degrees
1542,-2,-2.0000000000000000e+00,-2.4545454545454547e-02,-1,-1,3.8842975206611493e-04,wind_direction:18.4_m:degrees
1543,-2,-2.0000000000000000e+00,-4.2823529411764524e-03,-1,-1,4.5836733564013726e-04,wind_direction:18.4_m:degrees
1544,11,3.4576998901367188e+02,1.8787361229718205e-04,1805,1806,8.1328665055959023e-04,wind_direction:18.4_m:degrees
1545,-2,-2.0000000000000000e+00,-2.9999999999999999e-01,-1,-1,0.0000000000000000e+00,wind_direction:18.4_m:degrees
1546,5,4.9050001144409180e+01,-3.9000000000000007e-01,2021,2022,9.0370370370360109e-04,relative_humidity:18.4_m:%
1547,-2,-2.0000000000000000e+00,1.0000000000000000e-02,-1,-1,0.0000000000000000e+00,wind_direction:18.4_m:degrees
1548,2,2.8292500305175781e+02,-7.7499999999999986e-02,1779,1780,1.4790948275862125e-03,water_sfc_temperature:0_m:K
1549,-2,-2.0000000000000000e+00,-1.2583333333333332e-01,-1,-1,1.2909722222222246e-03,wind_direction:18.4_m:degrees
1550,-2,-2.0000000000000000e+00,-1.7333333333333331e-01,-1,-1,9.9555555555554467e-04,wind_direction:18.4_m:degrees
1551,-2,-2.0000000000000000e+00,-1.7000000000000001e-01,-1,-1,0.0000000000000000e+00,wind_direction:18.4_m:degrees
1552,-2,-2.0000000000000000e+00,-2.0000000000000000e-02,-1,-1,-3.1441863002079629e-18,wind_direction:18.4_m:degrees
1553,-2,-2.0000000000000000e+00,-5.4000000000000004e-01,-1,-1,1.1666666666666492e-03,wind_direction:18.4_m:degrees
1554,-2,-2.0000000000000000e+00,-6.4000000000000001e-01,-1,-1,-4.4408920985006262e-16,wind_direction:18.4_m:degrees
1555,-2,-2.0000000000000000e+00,-2.8599999999999998e-01,-1,-1,2.4000000000024002e-05,wind_direction:18.4_m:degrees
1556,-2,-2.0000000000000000e+00,-3.4222222222222221e-01,-1,-1,1.4839506172839023e-03,wind_direction:18.4_m:degrees
1557,-2,-2.0000000000000000e+00,-8.4000000000000005e-02,-1,-1,6.7733333333333361e-04,wind_direction:18.4_m:degrees
1558,-2,-2.0000000000000000e+00,-1.3555555555555554e-01,-1,-1,1.0913580246913468e-03,wind_direction:18.4_m:degrees
1559,-2,-2.0000000000000000e+00,-1.5228571428571427e-01,-1,-1,8.8048979591837453e-04,wind_direction:18.4_m:degrees
1560,-2,-2.0000000000000000e+00,-1.9454545454545452e-01,-1,-1,2.7933884297521444e-04,wind_direction:18.4_m:degrees
1561,-2,-2.0000000000000000e+00,-2.4500000000000000e-01,-1,-1,2.2500000000000991e-04,wind_direction:18.4_m:degrees
1562,-2,-2.0000000000000000e+00,-1.7705882352941174e-01,-1,-1,1.4560553633218079e-03,wind_direction:18.4_m:degrees
1563,4,7.8023090362548828e+00,-8.8011049723756882e-02,1565,1566,5.0875125911905780e-04,mixing_ratio:18.4_m:g_kg-1
1564,-2,-2.0000000000000000e+00,-7.3906249999999979e-02,-1,-1,3.0817871093750168e-04,wind_direction:18.4_m:degrees
1565,12,-3.9804042316973209e-03,-7.8817204301075236e-02,1567,1568,5.4591282229160022e-04,bulk_richardson:18.4_m:none
1566,-2,-2.0000000000000000e+00,-9.7727272727272704e-02,-1,-1,2.8574380165289834e-04,wind_direction:18.4_m:degrees
1567,-2,-2.0000000000000000e+00,-1.0142857142857144e-01,-1,-1,2.4081632653060944e-04,wind_direction:18.4_m:degrees
1568,-2,-2.0000000000000000e+00,-6.9076923076923077e-02,-1,-1,3.6222485207101484e-04,wind_direction:18.4_m:degrees
1569,-2,-2.0000000000000000e+00,-1.4888888888888890e-01,-1,-1,9.4320987654321689e-04,wind_direction:18.4_m:degrees
1570,-2,-2.0000000000000000e+00,-9.2999999999999999e-02,-1,-1,1.4099999999999530e-04,wind_direction:18.4_m:degrees
1571,-2,-2.0000000000000000e+00,-2.6473684210526316e-01,-1,-1,7.6177285318559940e-04,wind_direction:18.4_m:degrees
1572,-2,-2.0000000000000000e+00,-3.0529411764705877e-01,-1,-1,2.0484429065743687e-03,wind_direction:18.4_m:degrees
1573,12,-8.7847072631120682e-02,-8.5781250000000059e-02,1575,1576,1.3384521484375014e-03,bulk_richardson:18.4_m:none
1574,-2,-2.0000000000000000e+00,-1.5666666666666668e-01,-1,-1,3.5555555555548748e-04,wind_direction:18.4_m:degrees
1575,11,3.3160499572753906e+02,-9.6285714285714294e-02,1717,1718,1.1147755102040493e-03,wind_direction:18.4_m:degrees
1576,7,7.5000000000000000e-01,-7.3103448275862098e-02,1877,1878,1.3145065398335390e-03,wave_height:0_m:m
1577,5,8.1399997711181641e+01,-4.2444152431011786e-03,1579,1580,5.4111765934925491e-04,relative_humidity:18.4_m:%
1578,-2,-2.0000000000000000e+00,-1.1883289124668421e-02,-1,-1,3.8451688255035788e-04,wind_direction:18.4_m:degrees
1579,2,2.9283499145507812e+02,7.3103448275862069e-03,1581,1582,1.2582829964328181e-03,water_sfc_temperature:0_m:K
1580,5,8.1649997711181641e+01,-6.9642857142857059e-03,1585,1586,3.3347924397031511e-04,relative_humidity:18.4_m:%
1581,-2,-2.0000000000000000e+00,2.5619834710743808e-03,-1,-1,5.0004781094187549e-04,wind_direction:18.4_m:degrees
1582,11,3.1897999572753906e+02,3.1250000000000000e-02,1583,1584,4.3942708333333325e-03,wind_direction:18.4_m:degrees
1583,-2,-2.0000000000000000e+00,7.6190476190476190e-03,-1,-1,5.5147392290249436e-04,wind_direction:18.4_m:degrees
1584,-2,-2.0000000000000000e+00,1.9666666666666668e-01,-1,-1,2.2222222222229027e-05,wind_direction:18.4_m:degrees
1585,-2,-2.0000000000000000e+00,-7.0000000000000007e-02,-1,-1,0.0000000000000000e+00,wind_direction:18.4_m:degrees
1586,9,8.8098014831542969e+01,-6.5522875816993445e-03,1607,1608,3.0951850783886569e-04,angle_between_wind_wave:0_m:degrees
1587,9,8.8382423400878906e+01,-3.3045454545454550e-01,1589,1590,1.9225206611570012e-03,angle_between_wind_wave:0_m:degrees
1588,-2,-2.0000000000000000e+00,-4.1999999999999998e-01,-1,-1,-4.9960036108132044e-16,wind_direction:18.4_m:degrees
1589,2,2.8214500427246094e+02,-3.6874999999999997e-01,1685,1686,1.9359375000000123e-03,water_sfc_temperature:0_m:K
1590,-2,-2.0000000000000000e+00,-3.0857142857142861e-01,-1,-1,5.9795918367346046e-04,wind_direction:18.4_m:degrees
1591,-2,-2.0000000000000000e+00,2.7000000000000002e-01,-1,-1,0.0000000000000000e+00,wind_direction:18.4_m:degrees
1592,-2,-2.0000000000000000e+00,1.3000000000000000e-01,-1,-1,0.0000000000000000e+00,wind_direction:18.4_m:degrees
1593,-2,-2.0000000000000000e+00,-3.4698795180722899e-02,-1,-1,7.2370445637973558e-04,wind_direction:18.4_m:degrees
1594,-2,-2.0000000000000000e+00,-4.9823321554770303e-02,-1,-1,2.9078150557505268e-04,wind_direction:18.4_m:degrees
1595,-2,-2.0000000000000000e+00,-1.0555555555555556e-01,-1,-1,4.6913580246913701e-04,wind_direction:18.4_m:degrees
1596,-2,-2.0000000000000000e+00,-1.5380952380952378e-01,-1,-1,7.5691609977325200e-04,wind_direction:18.4_m:degrees
1597,-2,-2.0000000000000000e+00,-1.7647058823529410e-01,-1,-1,1.1287197231833988e-03,wind_direction:18.4_m:degrees
1598,0,1.1525441741943359e+02,-2.1357142857142858e-01,1599,1600,1.2586734693877596e-03,zenith:0_m:degrees
1599,-2,-2.0000000000000000e+00,-1.9799999999999998e-01,-1,-1,6.4599999999998686e-04,wind_direction:18.4_m:degrees
1600,-2,-2.0000000000000000e+00,-2.5250000000000000e-01,-1,-1,6.6875000000002349e-04,wind_direction:18.4_m:degrees
1601,-2,-2.0000000000000000e+00,-1.6142857142857142e-01,-1,-1,5.3367346938773888e-04,wind_direction:18.4_m:degrees
1602,-2,-2.0000000000000000e+00,-1.9619047619047619e-01,-1,-1,9.1882086167797278e-04,wind_direction:18.4_m:degrees
1603,-2,-2.0000000000000000e+00,-3.3000000000000002e-01,-1,-1,0.0000000000000000e+00,wind_direction:18.4_m:degrees
1604,-2,-2.0000000000000000e+00,-1.6000000000000000e-01,-1,-1,6.9388939039072284e-18,wind_direction:18.4_m:degrees
1605,-2,-2.0000000000000000e+00,-9.9523809523809514e-02,-1,-1,1.3283446712018133e-03,wind_direction:18.4_m:degrees
1606,-2,-2.0000000000000000e+00,-6.6176470588235323e-02,-1,-1,6.7655709342560964e-04,wind_direction:18.4_m:degrees
1607,8,5.5000000000000000e+00,-5.9999999999999998e-02,1609,1610,6.6400000000000009e-03,wave_period:0_m:s
1608,-2,-2.0000000000000000e+00,-6.1120263591433258e-03,-1,-1,2.3364807612451095e-04,wind_direction:18.4_m:degrees
1609,-2,-2.0000000000000000e+00,-2.2000000000000000e-01,-1,-1,0.0000000000000000e+00,wind_direction:18.4_m:degrees
1610,-2,-2.0000000000000000e+00,-2.0000000000000000e-02,-1,-1,3.0000000000000111e-04,wind_direction:18.4_m:degrees
1611,5,4.7300001144409180e+01,-4.4834437086092686e-02,1739,1740,1.0527871584579632e-03,relative_humidity:18.4_m:%
1612,-2,-2.0000000000000000e+00,4.0000000000000001e-02,-1,-1,4.8702361588048859e-16,wind_direction:18.4_m:degrees
1613,3,1.0067500000000000e+03,-4.0456140350877141e-02,1795,1796,5.0593228685749301e-04,pressure:18.4_m:hPa
1614,4,5.5318491458892822e+00,-3.3712296983758619e-02,1857,1858,5.7368984878417061e-04,mixing_ratio:18.4_m:g_kg-1
1615,0,1.0306305694580078e+02,-8.3191489361702106e-02,1619,1620,9.7279311905840420e-04,zenith:0_m:degrees
1616,12,-1.9739056378602982e-01,-6.6578947368421029e-02,1617,1618,6.3654201292705995e-04,bulk_richardson:18.4_m:none
1617,-2,-2.0000000000000000e+00,-9.9999999999999992e-02,-1,-1,3.4285714285714648e-04,wind_direction:18.4_m:degrees
1618,-2,-2.0000000000000000e+00,-6.1899999999999997e-02,-1,-1,4.9939000000000103e-04,wind_direction:18.4_m:degrees
1619,-2,-2.0000000000000000e+00,-5.7777777777777782e-02,-1,-1,6.3950617283950592e-04,wind_direction:18.4_m:degrees
1620,3,1.0175499877929688e+03,-8.9210526315789490e-02,1629,1630,8.6253462603878839e-04,pressure:18.4_m:hPa
1621,-2,-2.0000000000000000e+00,-2.4199999999999999e-01,-1,-1,8.9600000000000096e-04,wind_direction:18.4_m:degrees
1622,-2,-2.0000000000000000e+00,-3.1250000000000000e-01,-1,-1,3.1875000000003428e-04,wind_direction:18.4_m:degrees
1623,-2,-2.0000000000000000e+00,-1.1166666666666665e-01,-1,-1,9.3055555555555947e-04,wind_direction:18.4_m:degrees
1624,-2,-2.0000000000000000e+00,-1.5296296296296297e-01,-1,-1,6.2825788751714670e-04,wind_direction:18.4_m:degrees
1625,8,8.5000000000000000e+00,-1.0333333333333333e-01,2037,2038,3.7555555555555554e-03,wave_period:0_m:s
1626,-2,-2.0000000000000000e+00,-3.4064171122994619e-02,-1,-1,3.9524721896537279e-04,wind_direction:18.4_m:degrees
1627,-2,-2.0000000000000000e+00,-9.7000000000000003e-02,-1,-1,2.6100000000000081e-04,wind_direction:18.4_m:degrees
1628,-2,-2.0000000000000000e+00,-5.2962962962962969e-02,-1,-1,6.4307270233196143e-04,wind_direction:18.4_m:degrees
1629,-2,-2.0000000000000000e+00,-1.0655172413793104e-01,-1,-1,5.8121284185493755e-04,wind_direction:18.4_m:degrees
1630,0,1.0537442398071289e+02,-7.8510638297872345e-02,1897,1898,7.3607967406065511e-04,zenith:0_m:degrees
1631,-2,-2.0000000000000000e+00,-6.6111111111111093e-02,-1,-1,6.5895061728395068e-04,wind_direction:18.4_m:degrees
1632,-2,-2.0000000000000000e+00,3.3333333333333327e-03,-1,-1,3.5555555555558766e-04,wind_direction:18.4_m:degrees
1633,-2,-2.0000000000000000e+00,-2.9999999999999999e-01,-1,-1,0.0000000000000000e+00,wind_direction:18.4_m:degrees
1634,-2,-2.0000000000000000e+00,-1.7692307692307693e-01,-1,-1,8.5207100591715851e-04,wind_direction:18.4_m:degrees
1635,-2,-2.0000000000000000e+00,-5.6250000000000000e-01,-1,-1,1.7187499999999911e-03,wind_direction:18.4_m:degrees
1636,-2,-2.0000000000000000e+00,-5.0923076923076926e-01,-1,-1,5.7633136094664694e-04,wind_direction:18.4_m:degrees
1637,12,-4.6932931989431381e-02,-1.3055555555555556e-01,1639,1640,1.1441358024691303e-03,bulk_richardson:18.4_m:none
1638,-2,-2.0000000000000000e+00,-7.3999999999999996e-02,-1,-1,1.4400000000004340e-04,wind_direction:18.4_m:degrees
1639,-2,-2.0000000000000000e+00,-2.3000000000000001e-01,-1,-1,0.0000000000000000e+00,wind_direction:18.4_m:degrees
1640,-2,-2.0000000000000000e+00,-1.2470588235294118e-01,-1,-1,5.9550173010380382e-04,wind_direction:18.4_m:degrees
1641,-2,-2.0000000000000000e+00,-4.5862068965517241e-02,-1,-1,7.6218787158145122e-04,wind_direction:18.4_m:degrees
1642,-2,-2.0000000000000000e+00,-8.5384615384615392e-02,-1,-1,5.6331360946744544e-04,wind_direction:18.4_m:degrees
1643,11,2.3875000000000000e+02,-7.0000000000000007e-02,1645,1646,2.3111111111111119e-03,wind_direction:18.4_m:degrees
1644,-2,-2.0000000000000000e+00,-2.9637305699481836e-02,-1,-1,2.7292544766302658e-04,wind_direction:18.4_m:degrees
1645,-2,-2.0000000000000000e+00,-1.0166666666666668e-01,-1,-1,4.1388888888888899e-04,wind_direction:18.4_m:degrees
1646,-2,-2.0000000000000000e+00,-6.6666666666666671e-03,-1,-1,8.8888888888892634e-05,wind_direction:18.4_m:degrees
1647,-2,-2.0000000000000000e+00,-9.5882352941176474e-02,-1,-1,4.0657439446366468e-04,wind_direction:18.4_m:degrees
1648,-2,-2.0000000000000000e+00,-1.2782608695652173e-01,-1,-1,9.1266540642722521e-04,wind_direction:18.4_m:degrees
1649,-2,-2.0000000000000000e+00,-1.4799999999999999e-01,-1,-1,5.6266666666666965e-04,wind_direction:18.4_m:degrees
1650,-2,-2.0000000000000000e+00,-1.1460526315789472e-01,-1,-1,6.0115997229916521e-04,wind_direction:18.4_m:degrees
1651,0,8.0678638458251953e+01,-2.9230769230769227e-01,1747,1748,9.8698224852067362e-04,zenith:0_m:degrees
1652,-2,-2.0000000000000000e+00,-2.5400000000000006e-01,-1,-1,5.1733333333328635e-04,wind_direction:18.4_m:degrees
1653,-2,-2.0000000000000000e+00,-2.9374999999999998e-02,-1,-1,8.3085937500000022e-04,wind_direction:18.4_m:degrees
1654,-2,-2.0000000000000000e+00,-6.9000000000000006e-02,-1,-1,2.4899999999999489e-04,wind_direction:18.4_m:degrees
1655,-2,-2.0000000000000000e+00,-1.3857142857142857e-01,-1,-1,7.6224489795919531e-04,wind_direction:18.4_m:degrees
1656,-2,-2.0000000000000000e+00,-2.2500000000000001e-01,-1,-1,2.4999999999830713e-05,wind_direction:18.4_m:degrees
1657,-2,-2.0000000000000000e+00,-2.1222222222222223e-01,-1,-1,1.5061728395061522e-03,wind_direction:18.4_m:degrees
1658,-2,-2.0000000000000000e+00,-1.2000000000000000e-01,-1,-1,1.0000000000004103e-04,wind_direction:18.4_m:degrees
1659,11,1.3581000518798828e+02,-4.6399999999999997e-02,1959,1960,2.3590400000000015e-03,wind_direction:18.4_m:degrees
1660,-2,-2.0000000000000000e+00,-6.5024875621890535e-02,-1,-1,4.7873072448701998e-04,wind_direction:18.4_m:degrees
1661,3,1.0102500000000000e+03,-2.2162790697674425e-01,1663,1664,1.5624661979448187e-03,pressure:18.4_m:hPa
1662,-2,-2.0000000000000000e+00,-1.6600000000000001e-01,-1,-1,1.1040000000000806e-03,wind_direction:18.4_m:degrees
1663,-2,-2.0000000000000000e+00,-2.4043478260869566e-01,-1,-1,1.2128544423440496e-03,wind_direction:18.4_m:degrees
1664,7,1.5500000119209290e+00,-2.0000000000000001e-01,1665,1666,1.0899999999999244e-03,wave_height:0_m:m
1665,-2,-2.0000000000000000e+00,-1.7199999999999999e-01,-1,-1,4.9600000000000685e-04,wind_direction:18.4_m:degrees
1666,-2,-2.0000000000000000e+00,-2.2800000000000004e-01,-1,-1,1.1599999999997723e-04,wind_direction:18.4_m:degrees
1667,-2,-2.0000000000000000e+00,-1.2227272727272730e-01,-1,-1,9.6756198347107067e-04,wind_direction:18.4_m:degrees
1668,-2,-2.0000000000000000e+00,-9.8000000000000004e-02,-1,-1,4.2399999999999036e-04,wind_direction:18.4_m:degrees
1669,-2,-2.0000000000000000e+00,-2.7666666666666667e-01,-1,-1,5.5555555555555913e-04,wind_direction:18.4_m:degrees
1670,-2,-2.0000000000000000e+00,-1.9571428571428570e-01,-1,-1,1.3387755102041154e-03,wind_direction:18.4_m:degrees
1671,-2,-2.0000000000000000e+00,-3.5538461538461530e-01,-1,-1,1.7171597633136026e-03,wind_direction:18.4_m:degrees
1672,-2,-2.0000000000000000e+00,-2.9249999999999998e-01,-1,-1,1.6875000000006468e-04,wind_direction:18.4_m:degrees
1673,-2,-2.0000000000000000e+00,-2.8600000000000003e-01,-1,-1,3.8399999999998158e-04,wind_direction:18.4_m:degrees
1674,-2,-2.0000000000000000e+00,-2.2884615384615387e-01,-1,-1,1.0717455621301608e-03,wind_direction:18.4_m:degrees
1675,3,1.0072999877929688e+03,-9.4545454545454544e-02,1963,1964,1.0247933884297480e-03,pressure:18.4_m:hPa
1676,-2,-2.0000000000000000e+00,-5.7894736842105270e-02,-1,-1,4.3767313019390554e-04,wind_direction:18.4_m:degrees
1677,-2,-2.0000000000000000e+00,-1.1307692307692306e-01,-1,-1,6.6745562130177821e-04,wind_direction:18.4_m:degrees
1678,10,7.5537869930267334e+00,-7.8390804597701119e-02,1679,1680,1.0135024441802094e-03,wind_speed:18.4_m:m_s-1
1679,-2,-2.0000000000000000e+00,-7.5421686746987945e-02,-1,-1,8.5132820438380604e-04,wind_direction:18.4_m:degrees
1680,-2,-2.0000000000000000e+00,-1.4000000000000001e-01,-1,-1,4.0000000000001146e-04,wind_direction:18.4_m:degrees
1681,-2,-2.0000000000000000e+00,-4.1249999999999995e-02,-1,-1,2.3593750000000069e-04,wind_direction:18.4_m:degrees
1682,-2,-2.0000000000000000e+00,-8.5172413793103474e-02,-1,-1,9.3876337693222286e-04,wind_direction:18.4_m:degrees
1683,-2,-2.0000000000000000e+00,-9.0000000000000011e-02,-1,-1,5.0000000000000044e-04,wind_direction:18.4_m:degrees
1684,-2,-2.0000000000000000e+00,-1.8500000000000000e-01,-1,-1,1.2249999999999969e-03,wind_direction:18.4_m:degrees
1685,-2,-2.0000000000000000e+00,-3.4499999999999997e-01,-1,-1,2.5000000000011124e-05,wind_direction:18.4_m:degrees
1686,-2,-2.0000000000000000e+00,-4.3999999999999995e-01,-1,-1,9.0000000000003966e-04,wind_direction:18.4_m:degrees
1687,-2,-2.0000000000000000e+00,-1.8076923076923077e-01,-1,-1,7.1479289940829666e-04,wind_direction:18.4_m:degrees
1688,-2,-2.0000000000000000e+00,-1.2400000000000000e-01,-1,-1,4.6399999999993842e-04,wind_direction:18.4_m:degrees
1689,-2,-2.0000000000000000e+00,-1.0000000000000000e-02,-1,-1,7.8421052631578937e-04,wind_direction:18.4_m:degrees
1690,8,1.7000000000000000e+01,-3.1519999999999999e-02,1843,1844,6.4008960000000057e-04,wave_period:0_m:s
1691,-2,-2.0000000000000000e+00,-9.0714285714285720e-02,-1,-1,6.3520408163264541e-04,wind_direction:18.4_m:degrees
1692,-2,-2.0000000000000000e+00,-5.3846153846153842e-02,-1,-1,2.2366863905326148e-04,wind_direction:18.4_m:degrees
1693,-2,-2.0000000000000000e+00,-2.6500000000000001e-01,-1,-1,1.1178571428571704e-03,wind_direction:18.4_m:degrees
1694,-2,-2.0000000000000000e+00,-1.7999999999999999e-01,-1,-1,-7.6327832942979512e-17,wind_direction:18.4_m:degrees
1695,-2,-2.0000000000000000e+00,-1.3500000000000001e-01,-1,-1,4.2499999999999830e-04,wind_direction:18.4_m:degrees
1696,-2,-2.0000000000000000e+00,-1.9230769230769232e-01,-1,-1,7.1005917159763093e-04,wind_direction:18.4_m:degrees
1697,9,9.1731628417968750e+01,-6.4136125654450302e-03,1701,1702,7.9734724925303608e-04,angle_between_wind_wave:0_m:degrees
1698,4,3.1144474744796753e+00,-3.0833333333333334e-02,1699,1700,2.3659722222222194e-03,mixing_ratio:18.4_m:g_kg-1
1699,-2,-2.0000000000000000e+00,-1.7000000000000001e-01,-1,-1,0.0000000000000000e+00,wind_direction:18.4_m:degrees
1700,-2,-2.0000000000000000e+00,-1.8181818181818184e-02,-1,-1,6.6033057851239694e-04,wind_direction:18.4_m:degrees
1701,-2,-2.0000000000000000e+00,-5.2445652173913069e-03,-1,-1,7.3363584002835542e-04,wind_direction:18.4_m:degrees
1702,9,9.1735866546630859e+01,-3.7142857142857144e-02,1703,1704,1.4918367346938798e-03,angle_between_wind_wave:0_m:degrees
1703,-2,-2.0000000000000000e+00,-1.0000000000000002e-01,-1,-1,-1.7347234759768071e-18,wind_direction:18.4_m:degrees
1704,-2,-2.0000000000000000e+00,-2.0000000000000004e-02,-1,-1,5.2727272727272746e-04,wind_direction:18.4_m:degrees
1705,-2,-2.0000000000000000e+00,-1.6199999999999998e-01,-1,-1,2.1600000000000091e-04,wind_direction:18.4_m:degrees
1706,-2,-2.0000000000000000e+00,-6.5000000000000002e-02,-1,-1,2.5000000000003318e-05,wind_direction:18.4_m:degrees
1707,-2,-2.0000000000000000e+00,-3.4400000000000007e-02,-1,-1,2.7797333333333288e-04,wind_direction:18.4_m:degrees
1708,-2,-2.0000000000000000e+00,-4.8546325878594164e-02,-1,-1,3.2168874848166606e-04,wind_direction:18.4_m:degrees
1709,-2,-2.0000000000000000e+00,-2.7000000000000002e-01,-1,-1,5.2499999999999769e-04,wind_direction:18.4_m:degrees
1710,-2,-2.0000000000000000e+00,-3.3599999999999997e-01,-1,-1,5.4400000000000281e-04,wind_direction:18.4_m:degrees
1711,-2,-2.0000000000000000e+00,-9.8500000000000018e-02,-1,-1,3.4274999999999584e-04,wind_direction:18.4_m:degrees
1712,7,5.5000001192092896e-01,-7.1896551724137905e-02,1825,1826,4.5272493063812022e-04,wave_height:0_m:m
1713,6,1.9750000000000000e+02,-1.4826086956521739e-01,2033,2034,8.5784499054820246e-04,wave_direction:0_m:degrees
1714,-2,-2.0000000000000000e+00,-1.1799999999999999e-01,-1,-1,2.4100000000001030e-04,wind_direction:18.4_m:degrees
1715,-2,-2.0000000000000000e+00,-4.6799999999999997e-01,-1,-1,1.6293333333334270e-03,wind_direction:18.4_m:degrees
1716,-2,-2.0000000000000000e+00,-5.5499999999999994e-01,-1,-1,2.2499999999997522e-04,wind_direction:18.4_m:degrees
1717,10,7.7637710571289062e+00,-1.1090909090909092e-01,1719,1720,1.4446280991735581e-03,wind_speed:18.4_m:m_s-1
1718,-2,-2.0000000000000000e+00,-8.3243243243243240e-02,-1,-1,4.5975164353542503e-04,wind_direction:18.4_m:degrees
1719,-2,-2.0000000000000000e+00,-6.5000000000000002e-02,-1,-1,2.2499999999999951e-04,wind_direction:18.4_m:degrees
1720,-2,-2.0000000000000000e+00,-1.2111111111111113e-01,-1,-1,1.1432098765432139e-03,wind_direction:18.4_m:degrees
1721,0,2.7477508544921875e+01,-1.4819444444444441e-01,1723,1724,8.6757330246912956e-04,zenith:0_m:degrees
1722,-2,-2.0000000000000000e+00,-1.9124999999999998e-01,-1,-1,1.8593750000000381e-04,wind_direction:18.4_m:degrees
1723,-2,-2.0000000000000000e+00,-2.0749999999999999e-01,-1,-1,5.1875000000000532e-04,wind_direction:18.4_m:degrees
1724,-2,-2.0000000000000000e+00,-1.4470588235294124e-01,-1,-1,6.6903114186851742e-04,wind_direction:18.4_m:degrees
1725,12,-2.2670704871416092e-02,-4.2183908045977013e-02,1729,1730,1.1159202008191311e-03,bulk_richardson:18.4_m:none
1726,11,3.1516000366210938e+02,-1.8823529411764711e-02,1727,1728,8.1038062283736922e-04,wind_direction:18.4_m:degrees
1727,-2,-2.0000000000000000e+00,4.4999999999999998e-02,-1,-1,7.5000000000000414e-05,wind_direction:18.4_m:degrees
1728,-2,-2.0000000000000000e+00,-2.7333333333333338e-02,-1,-1,2.9288888888888897e-04,wind_direction:18.4_m:degrees
1729,-2,-2.0000000000000000e+00,-7.0588235294117632e-02,-1,-1,7.9377162629758104e-04,wind_direction:18.4_m:degrees
1730,10,6.6404573917388916e+00,-3.5285714285714295e-02,1731,1732,9.5063265306122454e-04,wind_speed:18.4_m:m_s-1
1731,-2,-2.0000000000000000e+00,-9.2499999999999999e-02,-1,-1,2.4187500000000025e-03,wind_direction:18.4_m:degrees
1732,-2,-2.0000000000000000e+00,-3.1818181818181822e-02,-1,-1,6.5123966942148598e-04,wind_direction:18.4_m:degrees
1733,-2,-2.0000000000000000e+00,-3.0111111111111111e-01,-1,-1,6.0987654320994455e-04,wind_direction:18.4_m:degrees
1734,-2,-2.0000000000000000e+00,-2.4500000000000000e-01,-1,-1,7.9999999999995353e-04,wind_direction:18.4_m:degrees
1735,-2,-2.0000000000000000e+00,-7.1136363636363650e-02,-1,-1,4.2370867768594736e-04,wind_direction:18.4_m:degrees
1736,-2,-2.0000000000000000e+00,-4.8387096774193561e-02,-1,-1,5.1675338189386593e-04,wind_direction:18.4_m:degrees
1737,-2,-2.0000000000000000e+00,-3.6500000000000005e-01,-1,-1,4.8499999999995769e-04,wind_direction:18.4_m:degrees
1738,-2,-2.0000000000000000e+00,-3.0199999999999994e-01,-1,-1,9.6000000000054375e-05,wind_direction:18.4_m:degrees
1739,10,7.5147387981414795e+00,-5.4432989690721634e-02,2039,2040,1.1133382931236054e-03,wind_speed:18.4_m:m_s-1
1740,9,8.9494354248046875e+01,-4.0292682926829256e-02,1741,1742,9.5991433670434461e-04,angle_between_wind_wave:0_m:degrees
1741,4,2.2349931001663208e+00,-2.7532467532467540e-02,1743,1744,7.6144375105414042e-04,mixing_ratio:18.4_m:g_kg-1
1742,0,7.4803001403808594e+01,-4.7968749999999991e-02,1745,1746,9.2243652343750385e-04,zenith:0_m:degrees
1743,-2,-2.0000000000000000e+00,5.6250000000000007e-03,-1,-1,8.9960937500000002e-04,wind_direction:18.4_m:degrees
1744,-2,-2.0000000000000000e+00,-3.6229508196721327e-02,-1,-1,3.6119322762698182e-04,wind_direction:18.4_m:degrees
1745,-2,-2.0000000000000000e+00,-3.8831168831168841e-02,-1,-1,6.4928318434811952e-04,wind_direction:18.4_m:degrees
1746,-2,-2.0000000000000000e+00,-6.1764705882352937e-02,-1,-1,1.0184544405997735e-03,wind_direction:18.4_m:degrees
1747,-2,-2.0000000000000000e+00,-3.4499999999999997e-01,-1,-1,2.2500000000001685e-04,wind_direction:18.4_m:degrees
1748,-2,-2.0000000000000000e+00,-2.8272727272727266e-01,-1,-1,5.2892561983478026e-04,wind_direction:18.4_m:degrees
1749,-2,-2.0000000000000000e+00,-1.9000000000000003e-01,-1,-1,-1.3877787807814457e-17,wind_direction:18.4_m:degrees
1750,-2,-2.0000000000000000e+00,-1.0250000000000001e-01,-1,-1,1.5687499999999990e-03,wind_direction:18.4_m:degrees
1751,-2,-2.0000000000000000e+00,-1.0500000000000000e-01,-1,-1,6.5833333333333716e-04,wind_direction:18.4_m:degrees
1752,-2,-2.0000000000000000e+00,-4.8461538461538452e-02,-1,-1,1.6686390532544152e-04,wind_direction:18.4_m:degrees
1753,-2,-2.0000000000000000e+00,-5.2500000000000012e-02,-1,-1,6.6319444444444152e-04,wind_direction:18.4_m:degrees
1754,-2,-2.0000000000000000e+00,-1.9444444444444445e-02,-1,-1,7.8302469135802140e-04,wind_direction:18.4_m:degrees
1755,-2,-2.0000000000000000e+00,-2.7750000000000002e-01,-1,-1,4.4375000000003439e-04,wind_direction:18.4_m:degrees
1756,-2,-2.0000000000000000e+00,-1.9999999999999998e-01,-1,-1,2.6666666666656791e-04,wind_direction:18.4_m:degrees
1757,-2,-2.0000000000000000e+00,-1.6666666666666666e-02,-1,-1,2.2222222222222250e-05,wind_direction:18.4_m:degrees
1758,-2,-2.0000000000000000e+00,-8.7499999999999994e-02,-1,-1,9.4875000000000081e-04,wind_direction:18.4_m:degrees
1759,12,-3.0821418622508645e-03,-9.4333333333333336e-01,1761,1762,8.0222222222221529e-03,bulk_richardson:18.4_m:none
1760,-2,-2.0000000000000000e+00,-8.4999999999999998e-01,-1,-1,2.2204460492503131e-16,wind_direction:18.4_m:degrees
1761,-2,-2.0000000000000000e+00,-1.0700000000000001e+00,-1,-1,0.0000000000000000e+00,wind_direction:18.4_m:degrees
1762,-2,-2.0000000000000000e+00,-8.8000000000000000e-01,-1,-1,-1.1102230246251565e-16,wind_direction:18.4_m:degrees
1763,-2,-2.0000000000000000e+00,-1.9800000000000001e-01,-1,-1,9.5999999999998864e-05,wind_direction:18.4_m:degrees
1764,-2,-2.0000000000000000e+00,-1.2600000000000000e-01,-1,-1,2.3999999999982369e-05,wind_direction:18.4_m:degrees
1765,-2,-2.0000000000000000e+00,-2.9999999999999999e-02,-1,-1,3.5999999999999986e-04,wind_direction:18.4_m:degrees
1766,4,1.9818090200424194e+00,-8.6363636363636365e-02,1927,1928,1.1776859504132224e-03,mixing_ratio:18.4_m:g_kg-1
1767,2,2.9092999267578125e+02,-9.7012987012986995e-02,1769,1770,6.6510372744138686e-04,water_sfc_temperature:0_m:K
1768,-2,-2.0000000000000000e+00,-1.2319999999999999e-01,-1,-1,2.8575999999997867e-04,wind_direction:18.4_m:degrees
1769,-2,-2.0000000000000000e+00,-8.7037037037037038e-02,-1,-1,3.3196159122085133e-04,wind_direction:18.4_m:degrees
1770,-2,-2.0000000000000000e+00,-1.2043478260869565e-01,-1,-1,6.6502835538753344e-04,wind_direction:18.4_m:degrees
1771,-2,-2.0000000000000000e+00,-1.0843881856540017e-02,-1,-1,2.3219925581726569e-04,wind_direction:18.4_m:degrees
1772,-2,-2.0000000000000000e+00,-1.6857142857142814e-02,-1,-1,3.7979277864991218e-04,wind_direction:18.4_m:degrees
1773,-2,-2.0000000000000000e+00,-2.9444444444444445e-01,-1,-1,6.2469135802468989e-04,wind_direction:18.4_m:degrees
1774,10,1.2416843414306641e+01,-3.2806451612903226e-01,1775,1776,1.8220603537981717e-03,wind_speed:18.4_m:m_s-1
1775,-2,-2.0000000000000000e+00,-4.0666666666666668e-01,-1,-1,5.5555555555555913e-04,wind_direction:18.4_m:degrees
1776,5,5.4200000762939453e+01,-3.1964285714285706e-01,1777,1778,1.2248724489795776e-03,relative_humidity:18.4_m:%
1777,-2,-2.0000000000000000e+00,-3.3736842105263160e-01,-1,-1,4.7202216066491443e-04,wind_direction:18.4_m:degrees
1778,-2,-2.0000000000000000e+00,-2.8222222222222221e-01,-1,-1,7.5061728395055261e-04,wind_direction:18.4_m:degrees
1779,12,-1.3322976231575012e-01,-7.4095238095238089e-02,1781,1782,1.4794195011337882e-03,bulk_richardson:18.4_m:none
1780,-2,-2.0000000000000000e+00,-1.1000000000000000e-01,-1,-1,3.0909090909092551e-04,wind_direction:18.4_m:degrees
1781,-2,-2.0000000000000000e+00,-5.6451612903225819e-02,-1,-1,8.6805411030176820e-04,wind_direction:18.4_m:degrees
1782,0,8.3890739440917969e+01,-8.1486486486486487e-02,1783,1784,1.5504930606281961e-03,zenith:0_m:degrees
1783,-2,-2.0000000000000000e+00,-1.8333333333333335e-01,-1,-1,8.8888888888881412e-05,wind_direction:18.4_m:degrees
1784,11,3.4788499450683594e+02,-7.7183098591549287e-02,1849,1850,1.1554453481452103e-03,wind_direction:18.4_m:degrees
1785,0,6.4504070281982422e+01,-1.6000000000000003e-01,1787,1788,3.1333333333333595e-03,zenith:0_m:degrees
1786,-2,-2.0000000000000000e+00,-1.0909090909090911e-01,-1,-1,2.0826446280990812e-04,wind_direction:18.4_m:degrees
1787,-2,-2.0000000000000000e+00,-1.2400000000000000e-01,-1,-1,1.7439999999999973e-03,wind_direction:18.4_m:degrees
1788,-2,-2.0000000000000000e+00,-2.0500000000000002e-01,-1,-1,1.2249999999999900e-03,wind_direction:18.4_m:degrees
1789,-2,-2.0000000000000000e+00,-2.4312188168210926e-02,-1,-1,2.8297310162674115e-04,wind_direction:18.4_m:degrees
1790,-2,-2.0000000000000000e+00,-3.2444444444444429e-02,-1,-1,4.4335802469133560e-04,wind_direction:18.4_m:degrees
1791,-2,-2.0000000000000000e+00,-1.0583333333333335e-01,-1,-1,3.9097222222221964e-04,wind_direction:18.4_m:degrees
1792,1,1.0861825942993164e+02,-7.0434782608695651e-02,1793,1794,9.9546313799622147e-04,azimuth:0_m:degrees
1793,-2,-2.0000000000000000e+00,-2.2857142857142857e-02,-1,-1,5.0612244897959191e-04,wind_direction:18.4_m:degrees
1794,-2,-2.0000000000000000e+00,-7.5806451612903239e-02,-1,-1,7.6628511966701611e-04,wind_direction:18.4_m:degrees
1795,1,3.4532485961914062e+02,-4.8903225806451601e-02,1797,1798,1.4071841831425603e-03,azimuth:0_m:degrees
1796,10,7.6266572475433350e+00,-3.9126903553299515e-02,2029,2030,3.5111587518359133e-04,wind_speed:18.4_m:m_s-1
1797,2,2.7298001098632812e+02,-4.5751633986928095e-02,1799,1800,6.5580759536930334e-04,water_sfc_temperature:0_m:K
1798,-2,-2.0000000000000000e+00,-2.8999999999999998e-01,-1,-1,-9.7144514654701197e-17,wind_direction:18.4_m:degrees
1799,-2,-2.0000000000000000e+00,8.9999999999999997e-02,-1,-1,0.0000000000000000e+00,wind_direction:18.4_m:degrees
1800,2,2.9332499694824219e+02,-4.6644736842105260e-02,2045,2046,5.3808431440443335e-04,water_sfc_temperature:0_m:K
1801,-2,-2.0000000000000000e+00,-8.9999999999999997e-02,-1,-1,0.0000000000000000e+00,wind_direction:18.4_m:degrees
1802,-2,-2.0000000000000000e+00,-1.6999999999999998e-01,-1,-1,1.1999999999999927e-03,wind_direction:18.4_m:degrees
1803,-2,-2.0000000000000000e+00,-1.2400000000000000e-01,-1,-1,2.4000000000003185e-05,wind_direction:18.4_m:degrees
1804,-2,-2.0000000000000000e+00,-1.7756097560975612e-01,-1,-1,7.6966091612137855e-04,wind_direction:18.4_m:degrees
1805,7,1.7500000000000000e+00,-2.7874564459930259e-04,1809,1810,7.4434738797362916e-04,wave_height:0_m:m
1806,4,1.1538644790649414e+01,2.3478260869565219e-02,1807,1808,3.7009451795840479e-03,mixing_ratio:18.4_m:g_kg-1
1807,-2,-2.0000000000000000e+00,1.8000000000000002e-01,-1,-1,0.0000000000000000e+00,wind_direction:18.4_m:degrees
1808,-2,-2.0000000000000000e+00,0.0000000000000000e+00,-1,-1,3.0000000000000858e-05,wind_direction:18.4_m:degrees
1809,-2,-2.0000000000000000e+00,5.5209260908281382e-04,-1,-1,5.3664977968153726e-04,wind_direction:18.4_m:degrees
1810,10,9.4252341985702515e-01,-3.7599999999999995e-02,1811,1812,8.6502400000000104e-03,wind_speed:18.4_m:m_s-1
1811,-2,-2.0000000000000000e+00,-2.5000000000000000e-01,-1,-1,0.0000000000000000e+00,wind_direction:18.4_m:degrees
1812,-2,-2.0000000000000000e+00,2.8571428571428571e-03,-1,-1,6.8027210884355908e-05,wind_direction:18.4_m:degrees
1813,-2,-2.0000000000000000e+00,-1.0000000000000001e-01,-1,-1,2.4000000000000063e-04,wind_direction:18.4_m:degrees
1814,-2,-2.0000000000000000e+00,-1.6000000000000000e-01,-1,-1,1.1666666666666423e-04,wind_direction:18.4_m:degrees
1815,-2,-2.0000000000000000e+00,-1.5181818181818182e-01,-1,-1,1.3603305785123872e-03,wind_direction:18.4_m:degrees
1816,-2,-2.0000000000000000e+00,-2.0099999999999998e-01,-1,-1,5.6899999999999312e-04,wind_direction:18.4_m:degrees
1817,6,2.3450000000000000e+02,-3.0428571428571433e-01,1819,1820,2.8816326530612391e-03,wave_direction:0_m:degrees
1818,-2,-2.0000000000000000e+00,-2.2666666666666666e-01,-1,-1,5.5555555555551056e-04,wind_direction:18.4_m:degrees
1819,-2,-2.0000000000000000e+00,-3.6000000000000004e-01,-1,-1,1.0666666666666047e-03,wind_direction:18.4_m:degrees
1820,-2,-2.0000000000000000e+00,-2.6250000000000001e-01,-1,-1,1.6875000000002305e-04,wind_direction:18.4_m:degrees
1821,-2,-2.0000000000000000e+00,-3.4429530201342283e-02,-1,-1,3.3608396018197499e-04,wind_direction:18.4_m:degrees
1822,-2,-2.0000000000000000e+00,-9.9999999999999992e-02,-1,-1,2.0000000000000746e-04,wind_direction:18.4_m:degrees
1823,-2,-2.0000000000000000e+00,-4.5695672405769864e-03,-1,-1,2.5859788259540697e-04,wind_direction:18.4_m:degrees
1824,-2,-2.0000000000000000e+00,-9.5625942684766027e-03,-1,-1,4.0599268829239236e-04,wind_direction:18.4_m:degrees
1825,-2,-2.0000000000000000e+00,-2.1999999999999999e-02,-1,-1,3.3600000000000014e-04,wind_direction:18.4_m:degrees
1826,-2,-2.0000000000000000e+00,-7.2623906705539379e-02,-1,-1,4.1760490951899334e-04,wind_direction:18.4_m:degrees
1827,-2,-2.0000000000000000e+00,-2.3000000000000001e-01,-1,-1,0.0000000000000000e+00,wind_direction:18.4_m:degrees
1828,-2,-2.0000000000000000e+00,-1.3833333333333334e-01,-1,-1,1.3888888888893142e-05,wind_direction:18.4_m:degrees
1829,-2,-2.0000000000000000e+00,-2.8571428571428574e-02,-1,-1,8.0272108843537410e-04,wind_direction:18.4_m:degrees
1830,-2,-2.0000000000000000e+00,2.3333333333333334e-02,-1,-1,1.0888888888888905e-03,wind_direction:18.4_m:degrees
1831,-2,-2.0000000000000000e+00,-9.1250000000000012e-02,-1,-1,2.3593749999999830e-04,wind_direction:18.4_m:degrees
1832,12,1.0458101052790880e-02,-1.3258426966292139e-01,1991,1992,9.4500694356773260e-04,bulk_richardson:18.4_m:none
1833,5,8.9650001525878906e+01,-1.9531250000000003e-01,1835,1836,1.1374023437500172e-03,relative_humidity:18.4_m:%
1834,-2,-2.0000000000000000e+00,-2.4500000000000000e-01,-1,-1,1.2499999999990991e-04,wind_direction:18.4_m:degrees
1835,-2,-2.0000000000000000e+00,-1.8827586206896554e-01,-1,-1,7.2461355529130494e-04,wind_direction:18.4_m:degrees
1836,-2,-2.0000000000000000e+00,-2.6333333333333336e-01,-1,-1,2.2222222222270660e-05,wind_direction:18.4_m:degrees
1837,-2,-2.0000000000000000e+00,-2.2000000000000000e-01,-1,-1,0.0000000000000000e+00,wind_direction:18.4_m:degrees
1838,-2,-2.0000000000000000e+00,-1.0529411764705886e-01,-1,-1,4.9550173010380442e-04,wind_direction:18.4_m:degrees
1839,11,2.5568000030517578e+02,-5.3721973094170372e-02,1841,1842,4.0273884453739502e-04,wind_direction:18.4_m:degrees
1840,-2,-2.0000000000000000e+00,-6.3248587570621503e-02,-1,-1,4.6939018162086774e-04,wind_direction:18.4_m:degrees
1841,-2,-2.0000000000000000e+00,-5.9454545454545468e-02,-1,-1,2.7546005509641478e-04,wind_direction:18.4_m:degrees
1842,-2,-2.0000000000000000e+00,-3.7413793103448292e-02,-1,-1,4.0538049940548192e-04,wind_direction:18.4_m:degrees
1843,-2,-2.0000000000000000e+00,-3.4910714285714288e-02,-1,-1,5.8392059948979584e-04,wind_direction:18.4_m:degrees
1844,-2,-2.0000000000000000e+00,-2.3076923076923079e-03,-1,-1,1.7159763313610499e-04,wind_direction:18.4_m:degrees
1845,-2,-2.0000000000000000e+00,-2.0000000000000000e-02,-1,-1,0.0000000000000000e+00,wind_direction:18.4_m:degrees
1846,11,2.8241000366210938e+02,-1.3310344827586207e-01,1847,1848,1.5179548156956102e-03,wind_direction:18.4_m:degrees
1847,-2,-2.0000000000000000e+00,-8.5000000000000006e-02,-1,-1,3.5833333333333290e-04,wind_direction:18.4_m:degrees
1848,-2,-2.0000000000000000e+00,-1.4565217391304347e-01,-1,-1,1.0593572778827900e-03,wind_direction:18.4_m:degrees
1849,3,1.0032000122070312e+03,-7.4411764705882344e-02,2023,2024,1.0246539792387556e-03,pressure:18.4_m:hPa
1850,-2,-2.0000000000000000e+00,-1.4000000000000001e-01,-1,-1,1.0408340855860843e-17,wind_direction:18.4_m:degrees
1851,4,6.5134687423706055e+00,-2.1900000000000000e-01,1853,1854,1.3990000000000044e-03,mixing_ratio:18.4_m:g_kg-1
1852,-2,-2.0000000000000000e+00,-1.8428571428571430e-01,-1,-1,5.1020408163263142e-04,wind_direction:18.4_m:degrees
1853,-2,-2.0000000000000000e+00,-1.3000000000000000e-01,-1,-1,0.0000000000000000e+00,wind_direction:18.4_m:degrees
1854,-2,-2.0000000000000000e+00,-2.2888888888888895e-01,-1,-1,5.7654320987654550e-04,wind_direction:18.4_m:degrees
1855,-2,-2.0000000000000000e+00,-9.9115044247787658e-03,-1,-1,3.1238154906414005e-04,wind_direction:18.4_m:degrees
1856,-2,-2.0000000000000000e+00,-2.5747126436781613e-02,-1,-1,6.5432685955872671e-04,wind_direction:18.4_m:degrees
1857,-2,-2.0000000000000000e+00,-2.2682926829268306e-02,-1,-1,2.4646044021415776e-04,wind_direction:18.4_m:degrees
1858,4,7.4955594539642334e+00,-3.6303724928366705e-02,1859,1860,6.1527737867505964e-04,mixing_ratio:18.4_m:g_kg-1
1859,0,5.2920503616333008e+01,-5.9459459459459463e-02,1861,1862,1.8699780861943013e-03,zenith:0_m:degrees
1860,-2,-2.0000000000000000e+00,-3.3557692307692233e-02,-1,-1,3.9535564595661156e-04,wind_direction:18.4_m:degrees
1861,-2,-2.0000000000000000e+00,-1.4599999999999999e-01,-1,-1,2.3999999999999716e-05,wind_direction:18.4_m:degrees
1862,-2,-2.0000000000000000e+00,-4.5937500000000006e-02,-1,-1,8.0537109374999912e-04,wind_direction:18.4_m:degrees
1863,-2,-2.0000000000000000e+00,-2.1000000000000002e-01,-1,-1,9.9999999999995925e-05,wind_direction:18.4_m:degrees
1864,-2,-2.0000000000000000e+00,-1.4714285714285716e-01,-1,-1,1.3489795918367430e-03,wind_direction:18.4_m:degrees
1865,-2,-2.0000000000000000e+00,-2.7571428571428569e-01,-1,-1,3.7448979591839238e-04,wind_direction:18.4_m:degrees
1866,5,5.2500000000000000e+01,-3.0026666666666668e-01,1867,1868,1.7225955555556088e-03,relative_humidity:18.4_m:%
1867,-2,-2.0000000000000000e+00,-3.5875000000000001e-01,-1,-1,1.0609374999999976e-03,wind_direction:18.4_m:degrees
1868,5,5.3000000000000000e+01,-2.9328358208955208e-01,1869,1870,1.3444419692581616e-03,relative_humidity:18.4_m:%
1869,-2,-2.0000000000000000e+00,-2.2000000000000000e-01,-1,-1,0.0000000000000000e+00,wind_direction:18.4_m:degrees
1870,10,1.4207081317901611e+01,-2.9671874999999992e-01,1975,1976,1.1439208984376087e-03,wind_speed:18.4_m:m_s-1
1871,-2,-2.0000000000000000e+00,-3.5545454545454541e-01,-1,-1,4.7933884297518548e-04,wind_direction:18.4_m:degrees
1872,-2,-2.0000000000000000e+00,-4.1166666666666668e-01,-1,-1,4.4722222222218222e-04,wind_direction:18.4_m:degrees
1873,-2,-2.0000000000000000e+00,-7.7800000000000002e-01,-1,-1,5.1599999999996093e-04,wind_direction:18.4_m:degrees
1874,-2,-2.0000000000000000e+00,-7.1249999999999991e-01,-1,-1,1.8750000000289369e-05,wind_direction:18.4_m:degrees
1875,-2,-2.0000000000000000e+00,-1.4454545454545453e-01,-1,-1,7.9338842975208712e-05,wind_direction:18.4_m:degrees
1876,-2,-2.0000000000000000e+00,-8.0000000000000002e-02,-1,-1,4.9999999999978881e-05,wind_direction:18.4_m:degrees
1877,-2,-2.0000000000000000e+00,-5.5833333333333346e-02,-1,-1,3.8263888888888766e-04,wind_direction:18.4_m:degrees
1878,2,2.7996501159667969e+02,-8.5294117647058854e-02,1879,1880,1.6131487889273289e-03,water_sfc_temperature:0_m:K
1879,6,1.8350000000000000e+02,-7.1600000000000011e-02,1881,1882,1.2374400000000011e-03,wave_direction:0_m:degrees
1880,-2,-2.0000000000000000e+00,-1.2333333333333332e-01,-1,-1,6.8888888888886911e-04,wind_direction:18.4_m:degrees
1881,-2,-2.0000000000000000e+00,-1.0444444444444445e-01,-1,-1,2.4691358024691787e-05,wind_direction:18.4_m:degrees
1882,-2,-2.0000000000000000e+00,-5.3125000000000006e-02,-1,-1,9.7148437499999882e-04,wind_direction:18.4_m:degrees
1883,-2,-2.0000000000000000e+00,-7.5692307692307711e-02,-1,-1,5.0759763313609242e-04,wind_direction:18.4_m:degrees
1884,-2,-2.0000000000000000e+00,-1.5500000000000000e-01,-1,-1,6.2500000000012199e-04,wind_direction:18.4_m:degrees
1885,-2,-2.0000000000000000e+00,-6.2600000000000000e-01,-1,-1,1.4400000000003299e-04,wind_direction:18.4_m:degrees
1886,-2,-2.0000000000000000e+00,-6.9999999999999996e-01,-1,-1,1.0000000000004450e-04,wind_direction:18.4_m:degrees
1887,-2,-2.0000000000000000e+00,1.0000000000000002e-02,-1,-1,1.0240000000000002e-03,wind_direction:18.4_m:degrees
1888,-2,-2.0000000000000000e+00,5.7142857142857141e-02,-1,-1,7.0612244897959092e-04,wind_direction:18.4_m:degrees
1889,-2,-2.0000000000000000e+00,-1.9000000000000000e-02,-1,-1,5.7900000000000020e-04,wind_direction:18.4_m:degrees
1890,6,1.8350000000000000e+02,-4.9024390243902448e-02,1891,1892,8.6734086853063616e-04,wave_direction:0_m:degrees
1891,-2,-2.0000000000000000e+00,-3.1666666666666676e-02,-1,-1,4.9722222222222182e-04,wind_direction:18.4_m:degrees
1892,-2,-2.0000000000000000e+00,-7.3529411764705899e-02,-1,-1,3.6401384083044937e-04,wind_direction:18.4_m:degrees
1893,-2,-2.0000000000000000e+00,-1.2211009174311924e-01,-1,-1,5.7444659540443685e-04,wind_direction:18.4_m:degrees
1894,3,1.0123000183105469e+03,-1.4451612903225808e-01,1895,1896,1.0183142559834178e-03,pressure:18.4_m:hPa
1895,-2,-2.0000000000000000e+00,-1.6375000000000001e-01,-1,-1,9.1093750000000029e-04,wind_direction:18.4_m:degrees
1896,-2,-2.0000000000000000e+00,-1.2399999999999999e-01,-1,-1,3.1733333333334134e-04,wind_direction:18.4_m:degrees
1897,-2,-2.0000000000000000e+00,-1.4000000000000001e-01,-1,-1,0.0000000000000000e+00,wind_direction:18.4_m:degrees
1898,-2,-2.0000000000000000e+00,-7.4318181818181825e-02,-1,-1,5.1089876033057462e-04,wind_direction:18.4_m:degrees
1899,-2,-2.0000000000000000e+00,-2.8749999999999998e-01,-1,-1,1.7687500000000134e-03,wind_direction:18.4_m:degrees
1900,-2,-2.0000000000000000e+00,-3.4833333333333333e-01,-1,-1,9.5833333333335269e-04,wind_direction:18.4_m:degrees
1901,-2,-2.0000000000000000e+00,-1.0500000000000001e-01,-1,-1,8.6499999999999945e-04,wind_direction:18.4_m:degrees
1902,-2,-2.0000000000000000e+00,-1.7000000000000001e-01,-1,-1,5.0000000000001432e-05,wind_direction:18.4_m:degrees
1903,-2,-2.0000000000000000e+00,-4.8000000000000022e-02,-1,-1,9.2266666666666582e-04,wind_direction:18.4_m:degrees
1904,12,-4.1338730603456497e-02,-1.5789473684210530e-02,1923,1924,1.0033240997229917e-03,bulk_richardson:18.4_m:none
1905,-2,-2.0000000000000000e+00,-1.5374999999999997e-01,-1,-1,4.7343750000000684e-04,wind_direction:18.4_m:degrees
1906,-2,-2.0000000000000000e+00,-2.1000000000000002e-01,-1,-1,1.1200000000000168e-03,wind_direction:18.4_m:degrees
1907,-2,-2.0000000000000000e+00,-2.2000000000000000e-01,-1,-1,0.0000000000000000e+00,wind_direction:18.4_m:degrees
1908,-2,-2.0000000000000000e+00,-3.3333333333333331e-01,-1,-1,6.2222222222220458e-04,wind_direction:18.4_m:degrees
1909,-2,-2.0000000000000000e+00,-6.8999999999999995e-01,-1,-1,0.0000000000000000e+00,wind_direction:18.4_m:degrees
1910,-2,-2.0000000000000000e+00,-5.9499999999999997e-01,-1,-1,6.2500000000004219e-04,wind_direction:18.4_m:degrees
1911,-2,-2.0000000000000000e+00,-1.1499999999999999e-01,-1,-1,4.0499999999999564e-04,wind_direction:18.4_m:degrees
1912,-2,-2.0000000000000000e+00,-2.3000000000000001e-01,-1,-1,1.3877787807814457e-17,wind_direction:18.4_m:degrees
1913,5,6.3099998474121094e+01,-1.4500000000000002e-01,1917,1918,1.5249999999999916e-03,relative_humidity:18.4_m:%
1914,6,2.3600000000000000e+02,-1.0625000000000002e-01,1915,1916,1.9901041666666765e-03,wave_direction:0_m:degrees
1915,-2,-2.0000000000000000e+00,-1.2050000000000001e-01,-1,-1,1.1247499999999938e-03,wind_direction:18.4_m:degrees
1916,-2,-2.0000000000000000e+00,-3.5000000000000003e-02,-1,-1,2.2499999999999083e-04,wind_direction:18.4_m:degrees
1917,-2,-2.0000000000000000e+00,-1.2999999999999998e-01,-1,-1,3.9999999999999411e-04,wind_direction:18.4_m:degrees
1918,-2,-2.0000000000000000e+00,-2.2000000000000000e-01,-1,-1,3.9999999999997676e-04,wind_direction:18.4_m:degrees
1919,-2,-2.0000000000000000e+00,-2.9999999999999999e-01,-1,-1,0.0000000000000000e+00,wind_direction:18.4_m:degrees
1920,-2,-2.0000000000000000e+00,-1.7999999999999999e-01,-1,-1,0.0000000000000000e+00,wind_direction:18.4_m:degrees
1921,-2,-2.0000000000000000e+00,-1.7375000000000002e-01,-1,-1,6.4843749999999450e-04,wind_direction:18.4_m:degrees
1922,-2,-2.0000000000000000e+00,-1.2461538461538460e-01,-1,-1,3.9408284023669665e-04,wind_direction:18.4_m:degrees
1923,-2,-2.0000000000000000e+00,7.9999999999999984e-03,-1,-1,3.3600000000000004e-04,wind_direction:18.4_m:degrees
1924,-2,-2.0000000000000000e+00,-4.2222222222222223e-02,-1,-1,4.1728395061728396e-04,wind_direction:18.4_m:degrees
1925,-2,-2.0000000000000000e+00,-1.3153846153846155e-01,-1,-1,9.4378698224851371e-04,wind_direction:18.4_m:degrees
1926,-2,-2.0000000000000000e+00,-6.6666666666666666e-02,-1,-1,2.2222222222168311e-05,wind_direction:18.4_m:degrees
1927,-2,-2.0000000000000000e+00,2.0000000000000000e-02,-1,-1,0.0000000000000000e+00,wind_direction:18.4_m:degrees
1928,-2,-2.0000000000000000e+00,-9.1428571428571442e-02,-1,-1,6.6938775510203691e-04,wind_direction:18.4_m:degrees
1929,-2,-2.0000000000000000e+00,-1.4399999999999999e-01,-1,-1,8.6400000000000018e-04,wind_direction:18.4_m:degrees
1930,-2,-2.0000000000000000e+00,-2.3499999999999999e-01,-1,-1,2.2500000000000298e-04,wind_direction:18.4_m:degrees
1931,-2,-2.0000000000000000e+00,-4.4999999999999996e-01,-1,-1,1.3555555555555820e-03,wind_direction:18.4_m:degrees
1932,-2,-2.0000000000000000e+00,-3.6499999999999999e-01,-1,-1,2.4999999999941735e-05,wind_direction:18.4_m:degrees
1933,-2,-2.0000000000000000e+00,-4.0000000000000001e-02,-1,-1,3.9999999999999996e-04,wind_direction:18.4_m:degrees
1934,-2,-2.0000000000000000e+00,-1.1891891891891893e-01,-1,-1,6.3126369612856101e-04,wind_direction:18.4_m:degrees
1935,-2,-2.0000000000000000e+00,-3.0666666666666664e-01,-1,-1,8.8888888888902229e-05,wind_direction:18.4_m:degrees
1936,-2,-2.0000000000000000e+00,-3.6714285714285716e-01,-1,-1,3.6326530612246222e-04,wind_direction:18.4_m:degrees
1937,-2,-2.0000000000000000e+00,-3.5555555555555556e-02,-1,-1,1.3580246913580288e-04,wind_direction:18.4_m:degrees
1938,-2,-2.0000000000000000e+00,-1.4999999999999999e-01,-1,-1,-6.9388939039072284e-18,wind_direction:18.4_m:degrees
1939,-2,-2.0000000000000000e+00,-4.4181818181818169e-02,-1,-1,4.2433057851239847e-04,wind_direction:18.4_m:degrees
1940,-2,-2.0000000000000000e+00,-3.2080536912751638e-02,-1,-1,2.8224854736274034e-04,wind_direction:18.4_m:degrees
1941,-2,-2.0000000000000000e+00,-5.5000000000000000e-02,-1,-1,1.8583333333333342e-03,wind_direction:18.4_m:degrees
1942,-2,-2.0000000000000000e+00,-9.7857142857142899e-03,-1,-1,2.7209693877551012e-04,wind_direction:18.4_m:degrees
1943,-2,-2.0000000000000000e+00,-4.9000000000000005e-01,-1,-1,8.3333333333326931e-04,wind_direction:18.4_m:degrees
1944,-2,-2.0000000000000000e+00,-4.1999999999999998e-01,-1,-1,1.6653345369377348e-16,wind_direction:18.4_m:degrees
1945,-2,-2.0000000000000000e+00,-1.5500000000000000e-01,-1,-1,4.2249999999999961e-03,wind_direction:18.4_m:degrees
1946,5,4.4450000762939453e+01,-2.3382352941176476e-01,1947,1948,1.8530276816608945e-03,relative_humidity:18.4_m:%
1947,-2,-2.0000000000000000e+00,-3.3333333333333331e-01,-1,-1,1.0888888888889031e-03,wind_direction:18.4_m:degrees
1948,-2,-2.0000000000000000e+00,-2.2419354838709679e-01,-1,-1,8.7596253902182813e-04,wind_direction:18.4_m:degrees
1949,-2,-2.0000000000000000e+00,-6.5999999999999989e-02,-1,-1,4.6400000000000174e-04,wind_direction:18.4_m:degrees
1950,-2,-2.0000000000000000e+00,-9.6969696969696956e-02,-1,-1,6.9990817263545710e-04,wind_direction:18.4_m:degrees
1951,-2,-2.0000000000000000e+00,-2.5166666666666665e-01,-1,-1,5.1388888888886930e-04,wind_direction:18.4_m:degrees
1952,-2,-2.0000000000000000e+00,-3.4000000000000002e-01,-1,-1,-1.3877787807814457e-17,wind_direction:18.4_m:degrees
1953,-2,-2.0000000000000000e+00,-1.3428571428571429e-01,-1,-1,8.2448979591836710e-04,wind_direction:18.4_m:degrees
1954,-2,-2.0000000000000000e+00,-8.9411764705882357e-02,-1,-1,4.0553633217992567e-04,wind_direction:18.4_m:degrees
1955,-2,-2.0000000000000000e+00,-1.2026315789473682e-01,-1,-1,3.7098337950137832e-04,wind_direction:18.4_m:degrees
1956,-2,-2.0000000000000000e+00,-9.2083333333333336e-02,-1,-1,3.5815972222223193e-04,wind_direction:18.4_m:degrees
1957,-2,-2.0000000000000000e+00,-3.0666666666666664e-01,-1,-1,5.5555555555557301e-04,wind_direction:18.4_m:degrees
1958,-2,-2.0000000000000000e+00,-2.5181818181818183e-01,-1,-1,7.4214876033060206e-04,wind_direction:18.4_m:degrees
1959,-2,-2.0000000000000000e+00,-3.2857142857142869e-02,-1,-1,4.8469387755102210e-04,wind_direction:18.4_m:degrees
1960,0,1.4946337127685547e+02,-6.3636363636363644e-02,1961,1962,4.2140495867768581e-03,zenith:0_m:degrees
1961,-2,-2.0000000000000000e+00,-5.0476190476190480e-02,-1,-1,6.0453514739229088e-04,wind_direction:18.4_m:degrees
1962,-2,-2.0000000000000000e+00,-3.4000000000000002e-01,-1,-1,-5.5511151231257827e-17,wind_direction:18.4_m:degrees
1963,-2,-2.0000000000000000e+00,-2.0000000000000001e-01,-1,-1,0.0000000000000000e+00,wind_direction:18.4_m:degrees
1964,-2,-2.0000000000000000e+00,-8.9523809523809519e-02,-1,-1,5.1882086167800295e-04,wind_direction:18.4_m:degrees
1965,-2,-2.0000000000000000e+00,-1.4538461538461539e-01,-1,-1,3.4792899408283770e-04,wind_direction:18.4_m:degrees
1966,-2,-2.0000000000000000e+00,-1.0611111111111111e-01,-1,-1,7.2376543209876944e-04,wind_direction:18.4_m:degrees
1967,-2,-2.0000000000000000e+00,-5.0000000000000001e-03,-1,-1,2.5000000000000001e-05,wind_direction:18.4_m:degrees
1968,-2,-2.0000000000000000e+00,-8.6923076923076936e-02,-1,-1,5.2899408284024126e-04,wind_direction:18.4_m:degrees
1969,-2,-2.0000000000000000e+00,-1.3947368421052633e-01,-1,-1,3.2077562326869938e-04,wind_direction:18.4_m:degrees
1970,-2,-2.0000000000000000e+00,-1.7666666666666667e-01,-1,-1,1.8222222222221210e-04,wind_direction:18.4_m:degrees
1971,10,1.2729302883148193e+01,-1.1379310344827588e-01,1973,1974,7.5457788347205179e-04,wind_speed:18.4_m:m_s-1
1972,-2,-2.0000000000000000e+00,-1.3793650793650797e-01,-1,-1,7.0526581002773939e-04,wind_direction:18.4_m:degrees
1973,-2,-2.0000000000000000e+00,-1.0416666666666667e-01,-1,-1,2.8263888888888609e-04,wind_direction:18.4_m:degrees
1974,-2,-2.0000000000000000e+00,-1.6000000000000000e-01,-1,-1,4.3999999999997860e-04,wind_direction:18.4_m:degrees
1975,10,1.4164258956909180e+01,-2.9841269841269835e-01,1977,1978,9.7843285462341500e-04,wind_speed:18.4_m:m_s-1
1976,-2,-2.0000000000000000e+00,-1.9000000000000000e-01,-1,-1,-2.4286128663675299e-16,wind_direction:18.4_m:degrees
1977,12,-8.7124966084957123e-03,-2.9245614035087725e-01,1993,1994,6.5010772545401330e-04,bulk_richardson:18.4_m:none
1978,-2,-2.0000000000000000e+00,-3.5499999999999998e-01,-1,-1,5.5833333333377144e-04,wind_direction:18.4_m:degrees
1979,-2,-2.0000000000000000e+00,-8.7407407407407364e-02,-1,-1,6.7352537722908685e-04,wind_direction:18.4_m:degrees
1980,-2,-2.0000000000000000e+00,-1.4249999999999999e-01,-1,-1,1.6875000000000223e-04,wind_direction:18.4_m:degrees
1981,-2,-2.0000000000000000e+00,-4.6153846153846156e-01,-1,-1,6.7455621301767965e-04,wind_direction:18.4_m:degrees
1982,-2,-2.0000000000000000e+00,-3.4999999999999998e-01,-1,-1,7.4940054162198066e-16,wind_direction:18.4_m:degrees
1983,-2,-2.0000000000000000e+00,-5.4400000000000004e-02,-1,-1,9.4464000000000006e-04,wind_direction:18.4_m:degrees
1984,-2,-2.0000000000000000e+00,-2.9600000000000001e-02,-1,-1,4.5450666666666591e-04,wind_direction:18.4_m:degrees
1985,-2,-2.0000000000000000e+00,-1.0166666666666666e-01,-1,-1,7.0722222222221326e-04,wind_direction:18.4_m:degrees
1986,-2,-2.0000000000000000e+00,-3.6666666666666667e-02,-1,-1,8.8888888888900711e-05,wind_direction:18.4_m:degrees
1987,-2,-2.0000000000000000e+00,-1.2000000000000000e-01,-1,-1,0.0000000000000000e+00,wind_direction:18.4_m:degrees
1988,-2,-2.0000000000000000e+00,0.0000000000000000e+00,-1,-1,0.0000000000000000e+00,wind_direction:18.4_m:degrees
1989,-2,-2.0000000000000000e+00,-4.2162162162162183e-02,-1,-1,5.2505478451424377e-04,wind_direction:18.4_m:degrees
1990,-2,-2.0000000000000000e+00,-6.9615384615384621e-02,-1,-1,6.1139053254437650e-04,wind_direction:18.4_m:degrees
1991,-2,-2.0000000000000000e+00,-1.3535714285714287e-01,-1,-1,8.6296768707481292e-04,wind_direction:18.4_m:degrees
1992,-2,-2.0000000000000000e+00,-8.6000000000000007e-02,-1,-1,2.4000000000037013e-05,wind_direction:18.4_m:degrees
1993,-2,-2.0000000000000000e+00,-3.0371428571428566e-01,-1,-1,5.1477551020404078e-04,wind_direction:18.4_m:degrees
1994,-2,-2.0000000000000000e+00,-2.7454545454545448e-01,-1,-1,3.4297520661158432e-04,wind_direction:18.4_m:degrees
1995,12,-1.9875583797693253e-01,-5.7934782608695654e-02,1997,1998,7.0769139886578489e-04,bulk_richardson:18.4_m:none
1996,-2,-2.0000000000000000e+00,-4.7214611872146116e-02,-1,-1,6.6210462667583899e-04,wind_direction:18.4_m:degrees
1997,-2,-2.0000000000000000e+00,-7.0138888888888876e-02,-1,-1,7.6803626543210136e-04,wind_direction:18.4_m:degrees
1998,-2,-2.0000000000000000e+00,-5.0089285714285704e-02,-1,-1,5.1159917091836730e-04,wind_direction:18.4_m:degrees
1999,-2,-2.0000000000000000e+00,-3.6699999999999999e-01,-1,-1,3.4099999999998021e-04,wind_direction:18.4_m:degrees
2000,-2,-2.0000000000000000e+00,-4.5000000000000001e-01,-1,-1,5.5511151231257827e-17,wind_direction:18.4_m:degrees
2001,-2,-2.0000000000000000e+00,-3.4347826086956523e-02,-1,-1,5.9848771266540583e-04,wind_direction:18.4_m:degrees
2002,-2,-2.0000000000000000e+00,7.7777777777777784e-03,-1,-1,9.2839506172839523e-04,wind_direction:18.4_m:degrees
2003,-2,-2.0000000000000000e+00,-1.4000000000000001e-01,-1,-1,0.0000000000000000e+00,wind_direction:18.4_m:degrees
2004,-2,-2.0000000000000000e+00,-6.3409090909090915e-02,-1,-1,4.9974173553718991e-04,wind_direction:18.4_m:degrees
2005,-2,-2.0000000000000000e+00,-8.8285714285714301e-02,-1,-1,4.4848979591836577e-04,wind_direction:18.4_m:degrees
2006,-2,-2.0000000000000000e+00,-6.4222222222222222e-02,-1,-1,6.6439506172840009e-04,wind_direction:18.4_m:degrees
2007,10,1.0374890327453613e+01,-1.5689655172413791e-01,2011,2012,1.0420927467300646e-03,wind_speed:18.4_m:m_s-1
2008,1,1.5424047851562500e+02,-1.9600000000000001e-01,2009,2010,2.4240000000000025e-03,azimuth:0_m:degrees
2009,-2,-2.0000000000000000e+00,-2.6000000000000001e-01,-1,-1,0.0000000000000000e+00,wind_direction:18.4_m:degrees
2010,-2,-2.0000000000000000e+00,-1.6857142857142859e-01,-1,-1,9.5510204081632188e-04,wind_direction:18.4_m:degrees
2011,-2,-2.0000000000000000e+00,-1.5074074074074076e-01,-1,-1,5.6982167352537250e-04,wind_direction:18.4_m:degrees
2012,-2,-2.0000000000000000e+00,-2.3999999999999999e-01,-1,-1,9.7144514654701197e-17,wind_direction:18.4_m:degrees
2013,-2,-2.0000000000000000e+00,-4.2333333333333334e-01,-1,-1,8.8888888888860595e-05,wind_direction:18.4_m:degrees
2014,-2,-2.0000000000000000e+00,-3.4000000000000002e-01,-1,-1,-1.3877787807814457e-17,wind_direction:18.4_m:degrees
2015,-2,-2.0000000000000000e+00,-1.6857142857142859e-02,-1,-1,1.5869387755102041e-04,wind_direction:18.4_m:degrees
2016,0,9.4570026397705078e+01,-3.8873239436619730e-02,2017,2018,8.3253322753421921e-04,zenith:0_m:degrees
2017,-2,-2.0000000000000000e+00,-1.7600000000000001e-02,-1,-1,7.3023999999999984e-04,wind_direction:18.4_m:degrees
2018,-2,-2.0000000000000000e+00,-5.0434782608695661e-02,-1,-1,5.0850661625708718e-04,wind_direction:18.4_m:degrees
2019,-2,-2.0000000000000000e+00,-1.7538461538461542e-01,-1,-1,9.3254437869823292e-04,wind_direction:18.4_m:degrees
2020,-2,-2.0000000000000000e+00,-2.1642857142857141e-01,-1,-1,4.6581632653062977e-04,wind_direction:18.4_m:degrees
2021,-2,-2.0000000000000000e+00,-4.2833333333333329e-01,-1,-1,4.8055555555556739e-04,wind_direction:18.4_m:degrees
2022,-2,-2.0000000000000000e+00,-3.7904761904761902e-01,-1,-1,4.8480725623581411e-04,wind_direction:18.4_m:degrees
2023,-2,-2.0000000000000000e+00,-1.7999999999999999e-01,-1,-1,0.0000000000000000e+00,wind_direction:18.4_m:degrees
2024,-2,-2.0000000000000000e+00,-7.2835820895522388e-02,-1,-1,8.7106259746045928e-04,wind_direction:18.4_m:degrees
2025,1,1.1240808486938477e+02,-6.5249999999999997e-01,2027,2028,6.0687500000000671e-03,azimuth:0_m:degrees
2026,-2,-2.0000000000000000e+00,-7.1454545454545448e-01,-1,-1,7.8842975206572241e-04,wind_direction:18.4_m:degrees
2027,-2,-2.0000000000000000e+00,-6.0999999999999999e-01,-1,-1,8.6666666666668224e-04,wind_direction:18.4_m:degrees
2028,-2,-2.0000000000000000e+00,-7.8000000000000003e-01,-1,-1,0.0000000000000000e+00,wind_direction:18.4_m:degrees
2029,5,6.8849998474121094e+01,-3.5290023201856056e-02,2031,2032,2.7271171020828598e-04,relative_humidity:18.4_m:%
2030,-2,-2.0000000000000000e+00,-4.2111913357400665e-02,-1,-1,3.9174920825239953e-04,wind_direction:18.4_m:degrees
2031,-2,-2.0000000000000000e+00,-5.8260869565217394e-02,-1,-1,4.3175803402646521e-04,wind_direction:18.4_m:degrees
2032,-2,-2.0000000000000000e+00,-3.3995098039215611e-02,-1,-1,2.3232350538255286e-04,wind_direction:18.4_m:degrees
2033,-2,-2.0000000000000000e+00,-1.4142857142857143e-01,-1,-1,4.0272108843537532e-04,wind_direction:18.4_m:degrees
2034,-2,-2.0000000000000000e+00,-2.2000000000000000e-01,-1,-1,-4.8572257327350599e-17,wind_direction:18.4_m:degrees
2035,-2,-2.0000000000000000e+00,-1.6000000000000000e-01,-1,-1,0.0000000000000000e+00,wind_direction:18.4_m:degrees
2036,-2,-2.0000000000000000e+00,-2.9999999999999999e-02,-1,-1,-2.1684043449710089e-19,wind_direction:18.4_m:degrees
2037,-2,-2.0000000000000000e+00,-5.9999999999999998e-02,-1,-1,0.0000000000000000e+00,wind_direction:18.4_m:degrees
2038,-2,-2.0000000000000000e+00,-1.9000000000000000e-01,-1,-1,0.0000000000000000e+00,wind_direction:18.4_m:degrees
2039,-2,-2.0000000000000000e+00,-5.3333333333333323e-02,-1,-1,1.0076388888888886e-03,wind_direction:18.4_m:degrees
2040,-2,-2.0000000000000000e+00,-1.6000000000000000e-01,-1,-1,2.0816681711721685e-17,wind_direction:18.4_m:degrees
2041,-2,-2.0000000000000000e+00,-5.1142857142857145e-01,-1,-1,6.4081632653056886e-04,wind_direction:18.4_m:degrees
2042,-2,-2.0000000000000000e+00,-4.4500000000000001e-01,-1,-1,2.4999999999997247e-05,wind_direction:18.4_m:degrees
2043,-2,-2.0000000000000000e+00,-9.1666666666666688e-02,-1,-1,7.8055555555554997e-04,wind_direction:18.4_m:degrees
2044,-2,-2.0000000000000000e+00,-1.4750000000000002e-01,-1,-1,7.6874999999999513e-04,wind_direction:18.4_m:degrees
2045,-2,-2.0000000000000000e+00,-4.3206106870228994e-02,-1,-1,4.2330866499621354e-04,wind_direction:18.4_m:degrees
2046,-2,-2.0000000000000000e+00,-6.8095238095238098e-02,-1,-1,7.2018140589568628e-04,wind_direction:18.4_m:degrees
