Node,feature,threshold,value,children_left,children_right,impurity,feature_name
0,4,2.0794627666473389e+00,1.0387884865197858e-02,1,2,1.7263838783839289e-03,mixing_ratio:18.4_m:g_kg-1
1,10,9.9460821151733398e+00,9.4750554323725228e-02,3,4,5.1297049608900001e-03,wind_speed:18.4_m:m_s-1
2,4,4.0103576183319092e+00,2.8295795982219633e-03,5,6,7.2670332012607212e-04,mixing_ratio:18.4_m:g_kg-1
3,2,2.7566500854492188e+02,5.8604323308270825e-02,11,12,1.9908622369480271e-03,water_sfc_temperature:0_m:K
4,2,2.7540501403808594e+02,1.4672297297297307e-01,13,14,5.0631124452155361e-03,water_sfc_temperature:0_m:K
5,2,2.8233499145507812e+02,3.1633693045563863e-02,9,10,1.1797650997906288e-03,water_sfc_temperature:0_m:K
6,12,-4.4514178298413754e-03,-2.8902645912081671e-03,7,8,4.3926385920850205e-04,bulk_richardson:18.4_m:none
7,10,9.7083110809326172e+00,4.0831820432414775e-03,15,16,3.7598867958137322e-04,wind_speed:18.4_m:m_s-1
8,10,8.8783750534057617e+00,-1.1109454026715270e-02,17,18,3.8897142015317408e-04,wind_speed:18.4_m:m_s-1
9,10,1.2636458873748779e+01,2.0931946250541966e-02,29,30,7.8842493088916808e-04,wind_speed:18.4_m:m_s-1
10,10,7.2482438087463379e+00,5.5626822157434586e-02,23,24,1.2247042757126403e-03,wind_speed:18.4_m:m_s-1
11,3,1.0102999877929688e+03,2.7988304093567184e-02,93,94,7.2016360589583297e-04,pressure:18.4_m:hPa
12,10,6.0376527309417725e+00,7.9167321288295331e-02,31,32,1.7919225141912873e-03,wind_speed:18.4_m:m_s-1
13,4,1.4562515020370483e+00,7.9458333333333284e-02,47,48,2.3309565972222199e-03,mixing_ratio:18.4_m:g_kg-1
14,7,1.5500000119209290e+00,1.5974193548387081e-01,19,20,4.5467075962538211e-03,wave_height:0_m:m
15,5,7.9450000762939453e+01,1.6748798442538097e-03,39,40,2.0562088932821646e-04,relative_humidity:18.4_m:%
16,11,2.3604500579833984e+02,2.6833333333333331e-02,27,28,1.4130181992335973e-03,wind_direction:18.4_m:degrees
17,10,6.3218071460723877e+00,-6.5355707044224033e-03,87,88,1.7051826802336079e-04,wind_speed:18.4_m:m_s-1
18,11,2.1540999603271484e+02,-2.4258793969849510e-02,41,42,7.8394810105801506e-04,wind_direction:18.4_m:degrees
19,12,-7.0320043712854385e-02,1.3700549450549451e-01,21,22,3.8325164533269084e-03,bulk_richardson:18.4_m:none
20,3,1.0108500061035156e+03,1.9207031250000003e-01,25,26,3.7820419311525230e-03,pressure:18.4_m:hPa
21,10,1.1502501487731934e+01,1.9802197802197802e-01,63,64,2.6015819345489646e-03,wind_speed:18.4_m:m_s-1
22,10,1.1688929557800293e+01,1.1666666666666668e-01,35,36,2.5881562881562709e-03,wind_speed:18.4_m:m_s-1
23,4,2.3945646286010742e+00,3.6361829025844880e-02,117,118,5.0763846345386787e-04,mixing_ratio:18.4_m:g_kg-1
24,10,1.1499439239501953e+01,7.4049429657794597e-02,65,66,1.2161116251499203e-03,wind_speed:18.4_m:m_s-1
25,7,2.0499999523162842e+00,1.5996441281138798e-01,53,54,3.0395005129114291e-03,wave_height:0_m:m
26,10,1.4673794269561768e+01,2.3112554112554110e-01,75,76,1.9060924645339927e-03,wind_speed:18.4_m:m_s-1
27,3,1.0076000061035156e+03,-4.8648648648648662e-04,137,138,5.9597954711468229e-04,pressure:18.4_m:hPa
28,11,2.7552999877929688e+02,3.9628691983122320e-02,49,50,1.2823937759262234e-03,wind_direction:18.4_m:degrees
29,2,2.7946499633789062e+02,1.7737003058103995e-02,33,34,5.9981885895529156e-04,water_sfc_temperature:0_m:K
30,4,3.1598188877105713e+00,5.8347107438016507e-02,73,74,1.4777087175283335e-03,mixing_ratio:18.4_m:g_kg-1
31,2,2.7856500244140625e+02,5.4025695931477456e-02,103,104,8.4417921123945390e-04,water_sfc_temperature:0_m:K
32,4,1.1857711672782898e+00,9.3734491315136434e-02,37,38,1.7626044431034976e-03,mixing_ratio:18.4_m:g_kg-1
33,10,8.4819865226745605e+00,1.0378977475866987e-02,79,80,3.9742519981250429e-04,wind_speed:18.4_m:m_s-1
34,4,3.2601004838943481e+00,3.1891334250343933e-02,45,46,6.8466219450588769e-04,mixing_ratio:18.4_m:g_kg-1
35,4,1.2948782444000244e+00,9.2047244094488140e-02,145,146,1.1603757207514498e-03,mixing_ratio:18.4_m:g_kg-1
36,3,1.0152500000000000e+03,1.3808219178082190e-01,59,60,2.8442672171139216e-03,pressure:18.4_m:hPa
37,2,2.7956999206542969e+02,1.2796791443850267e-01,113,114,1.9210043181103302e-03,water_sfc_temperature:0_m:K
38,12,-6.2237396836280823e-02,8.3392568659127614e-02,51,52,1.2537570368591879e-03,bulk_richardson:18.4_m:none
39,4,6.8645246028900146e+00,7.1992850759606871e-03,99,100,2.4772346687047006e-04,mixing_ratio:18.4_m:g_kg-1
40,12,-2.9383271001279354e-02,-1.1759822910901929e-03,89,90,1.6001717633174921e-04,bulk_richardson:18.4_m:none
41,7,2.0499999523162842e+00,-3.2125628140703730e-02,43,44,7.8437617736924368e-04,wave_height:0_m:m
42,12,2.3304206551983953e-03,-1.6391959798994941e-02,109,110,6.5974586500338044e-04,bulk_richardson:18.4_m:none
43,10,1.1201198577880859e+01,-2.7432113341204285e-02,97,98,4.0503523791865633e-04,wind_speed:18.4_m:m_s-1
44,10,1.3420210838317871e+01,-5.8986486486486453e-02,71,72,2.1077565741416974e-03,wind_speed:18.4_m:m_s-1
45,5,4.7399999618530273e+01,4.0974808324205927e-02,83,84,6.5370473230170036e-04,relative_humidity:18.4_m:%
46,12,-1.7609271220862865e-02,1.6561922365988874e-02,173,174,3.6267130425275191e-04,bulk_richardson:18.4_m:none
47,10,1.3476271152496338e+01,1.0423357664233583e-01,55,56,2.1791571207842742e-03,wind_speed:18.4_m:m_s-1
48,10,1.7661786079406738e+01,4.6504854368932036e-02,327,328,6.3050240361955728e-04,wind_speed:18.4_m:m_s-1
49,10,1.5194118022918701e+01,2.5587668593448902e-02,119,120,9.6261225641425599e-04,wind_speed:18.4_m:m_s-1
50,12,-4.0500499308109283e-02,5.0570570570570517e-02,57,58,1.2582330077825559e-03,bulk_richardson:18.4_m:none
51,10,8.8394122123718262e+00,8.9796672828096155e-02,107,108,1.0348939630519301e-03,wind_speed:18.4_m:m_s-1
52,12,-3.7130951881408691e-02,3.8974358974358983e-02,409,410,5.1433267587114350e-04,bulk_richardson:18.4_m:none
53,11,2.8836499023437500e+02,1.4888888888888893e-01,77,78,2.2056030389363615e-03,wind_direction:18.4_m:degrees
54,12,-1.4874245505779982e-02,2.1510638297872350e-01,91,92,3.5398822996830018e-03,bulk_richardson:18.4_m:none
55,1,1.3226583099365234e+02,7.2266666666666687e-02,187,188,7.9086222222220920e-04,azimuth:0_m:degrees
56,10,1.6550166130065918e+01,1.4290322580645165e-01,247,248,1.1270551508844873e-03,wind_speed:18.4_m:m_s-1
57,4,4.6163113117218018e+00,8.6728971962616780e-02,467,468,5.8088916062539256e-04,mixing_ratio:18.4_m:g_kg-1
58,10,1.2612989425659180e+01,4.3649373881931991e-02,69,70,1.0897232151714836e-03,wind_speed:18.4_m:m_s-1
59,12,-4.9826342612504959e-02,1.1898876404494374e-01,61,62,2.7843706602701940e-03,bulk_richardson:18.4_m:none
60,10,1.2458727359771729e+01,1.6789473684210529e-01,181,182,1.4797783933517827e-03,wind_speed:18.4_m:m_s-1
61,7,1.4499999880790710e+00,2.4636363636363645e-01,337,338,2.6231404958677249e-03,wave_height:0_m:m
62,5,2.8599999427795410e+01,1.1059880239520957e-01,105,106,1.6559288608412083e-03,relative_humidity:18.4_m:%
63,5,5.8600000381469727e+01,1.7680672268907568e-01,203,204,1.9040886943012605e-03,relative_humidity:18.4_m:%
64,8,3.9500000476837158e+00,2.3809523809523817e-01,263,264,1.4630385487527861e-03,wave_period:0_m:s
65,1,1.7814002990722656e+02,6.6227951153324291e-02,85,86,9.6541886595149194e-04,azimuth:0_m:degrees
66,2,2.8463000488281250e+02,9.2349206349206292e-02,67,68,1.3246399596875992e-03,water_sfc_temperature:0_m:K
67,12,-2.6811344549059868e-02,6.4999999999999988e-02,365,366,6.9621212121212268e-04,bulk_richardson:18.4_m:none
68,12,-2.4171828292310238e-02,1.1207650273224037e-01,207,208,8.4924004897133157e-04,bulk_richardson:18.4_m:none
69,6,2.2750000000000000e+02,3.0893371757925048e-02,243,244,6.4444684367447860e-04,wave_direction:0_m:degrees
70,3,9.9495001220703125e+02,6.4528301886792441e-02,135,136,1.1162869348522609e-03,pressure:18.4_m:hPa
71,12,5.5018483544699848e-04,-3.8641975308641940e-02,375,376,5.3519280597470352e-04,bulk_richardson:18.4_m:none
72,0,4.7216644287109375e+01,-8.3582089552238781e-02,169,170,2.9035865448875028e-03,zenith:0_m:degrees
73,2,2.7485499572753906e+02,6.9178571428571436e-02,127,128,9.8611096938774987e-04,water_sfc_temperature:0_m:K
74,2,2.7445999145507812e+02,2.1807228915662658e-02,185,186,1.4051676585861551e-03,water_sfc_temperature:0_m:K
75,11,3.1391499328613281e+02,2.0614678899082575e-01,215,216,1.4732261594142051e-03,wind_direction:18.4_m:degrees
76,8,5.0999999046325684e+00,2.5344262295081971e-01,271,272,1.2373286750873846e-03,wave_period:0_m:s
77,12,-1.9889597781002522e-02,1.0803571428571428e-01,219,220,1.5014987244898002e-03,bulk_richardson:18.4_m:none
78,1,2.4543984222412109e+02,1.6174157303370792e-01,195,196,1.7368545638176795e-03,azimuth:0_m:degrees
79,12,-3.0485566705465317e-02,6.6682375117812914e-03,201,202,1.8150067823199489e-04,bulk_richardson:18.4_m:none
80,12,-1.5132758766412735e-02,2.2044444444444412e-02,81,82,8.9685728395061002e-04,bulk_richardson:18.4_m:none
81,12,-4.7215655446052551e-02,3.6707317073170667e-02,239,240,5.8647531231410333e-04,bulk_richardson:18.4_m:none
82,0,3.9402790069580078e+01,-6.4150943396226463e-04,321,322,5.2977714489141868e-04,zenith:0_m:degrees
83,12,-9.4503274885937572e-03,7.8571428571428577e-03,273,274,4.6173469387755101e-04,bulk_richardson:18.4_m:none
84,7,2.5499999523162842e+00,4.4957055214723901e-02,115,116,5.2904723550001309e-04,wave_height:0_m:m
85,11,3.3119500732421875e+02,7.7238095238095161e-02,165,166,9.5094331065759263e-04,wind_direction:18.4_m:degrees
86,4,3.1550604104995728e+00,5.1640378548895867e-02,157,158,6.1118928439929821e-04,mixing_ratio:18.4_m:g_kg-1
87,5,9.8450000762939453e+01,-3.8581341557440319e-03,281,282,1.3527671294113680e-04,relative_humidity:18.4_m:%
88,11,2.5768499755859375e+02,-1.0038329634859882e-02,259,260,1.9497533132325449e-04,wind_direction:18.4_m:degrees
89,10,6.6600928306579590e+00,1.5108855786544321e-03,129,130,1.4767630154018736e-04,wind_speed:18.4_m:m_s-1
90,3,9.9400000000000000e+02,-4.6439890133108067e-03,277,278,1.5460070177211044e-04,pressure:18.4_m:hPa
91,6,1.9900000000000000e+02,2.3449999999999999e-01,405,406,1.6047499999999743e-03,wave_direction:0_m:degrees
92,-2,-2.0000000000000000e+00,1.0428571428571429e-01,-1,-1,1.6734693877545545e-04,wind_direction:18.4_m:degrees
93,4,1.3009476065635681e+00,8.0285714285714307e-02,285,286,1.0884897959183631e-03,mixing_ratio:18.4_m:g_kg-1
94,10,4.6257505416870117e+00,2.5756097560975539e-02,95,96,5.8272099940511748e-04,wind_speed:18.4_m:m_s-1
95,4,9.7090762853622437e-01,1.0942760942760936e-02,805,806,1.2705732975093270e-04,mixing_ratio:18.4_m:g_kg-1
96,4,1.4016156196594238e+00,3.4168260038240854e-02,159,160,6.4610553177177430e-04,mixing_ratio:18.4_m:g_kg-1
97,3,1.0114500122070312e+03,-2.2434709351305746e-02,553,554,3.2288432179841740e-04,pressure:18.4_m:hPa
98,12,5.6198786478489637e-03,-3.9132149901380586e-02,217,218,4.0200817742918802e-04,bulk_richardson:18.4_m:none
99,2,2.8550500488281250e+02,1.1481073134876866e-02,101,102,2.8090087293878809e-04,water_sfc_temperature:0_m:K
100,3,1.0057500000000000e+03,3.1454418928322713e-03,251,252,1.8252094825635951e-04,pressure:18.4_m:hPa
101,4,4.7480981349945068e+00,3.7414965986394487e-03,361,362,1.4692334983880154e-04,mixing_ratio:18.4_m:g_kg-1
102,4,5.5241987705230713e+00,1.8805436337625121e-02,171,172,2.9735699476668881e-04,mixing_ratio:18.4_m:g_kg-1
103,6,2.0750000000000000e+02,3.8617511520737308e-02,253,254,4.8564632929134414e-04,wave_direction:0_m:degrees
104,10,4.6040036678314209e+00,6.7399999999999974e-02,123,124,7.7044000000001112e-04,wind_speed:18.4_m:m_s-1
105,5,2.6100000381469727e+01,4.0588235294117647e-02,1925,1926,2.1730103806228362e-04,relative_humidity:18.4_m:%
106,5,4.5799999237060547e+01,1.1853333333333334e-01,191,192,1.2005155555555539e-03,relative_humidity:18.4_m:%
107,2,2.7804499816894531e+02,8.1193633952254610e-02,221,222,7.6488823533550632e-04,water_sfc_temperature:0_m:K
108,12,-9.0820077806711197e-02,1.0957317073170733e-01,125,126,1.0943300118976731e-03,bulk_richardson:18.4_m:none
109,10,1.5833126544952393e+01,-7.5207756232686818e-03,111,112,5.4191438831807681e-04,wind_speed:18.4_m:m_s-1
110,3,9.7715002441406250e+02,-2.1443217665615064e-02,133,134,6.5651333728069139e-04,pressure:18.4_m:hPa
111,3,9.9910000610351562e+02,-1.0375722543352579e-02,347,348,3.3772010424671793e-04,pressure:18.4_m:hPa
112,12,-1.1756252497434616e-03,5.8333333333333341e-02,489,490,7.2722222222223543e-04,bulk_richardson:18.4_m:none
113,10,7.5945668220520020e+00,1.1069565217391303e-01,149,150,1.5977769376181571e-03,wind_speed:18.4_m:m_s-1
114,10,8.6945319175720215e+00,1.5555555555555556e-01,231,232,1.1996913580246821e-03,wind_speed:18.4_m:m_s-1
115,10,5.9505786895751953e+00,4.3207070707070652e-02,205,206,4.2229045505560504e-04,wind_speed:18.4_m:m_s-1
116,4,2.5929459333419800e+00,1.0521739130434782e-01,1193,1194,4.6843100189021547e-04,mixing_ratio:18.4_m:g_kg-1
117,10,5.4531245231628418e+00,5.7547169811320735e-02,255,256,5.8832324670701503e-04,wind_speed:18.4_m:m_s-1
118,10,6.0867640972137451e+00,3.2384887839433253e-02,141,142,3.9242328992248297e-04,wind_speed:18.4_m:m_s-1
119,12,-1.8577227368950844e-02,2.2888888888888868e-02,121,122,8.2377553310886815e-04,bulk_richardson:18.4_m:none
120,7,1.9999999403953552e+00,8.1250000000000017e-02,693,694,5.7760416666667071e-04,wave_height:0_m:m
121,10,1.1359113216400146e+01,5.1348314606741559e-02,387,388,6.2964272187855360e-04,wind_speed:18.4_m:m_s-1
122,2,2.8986999511718750e+02,1.6650246305418698e-02,143,144,6.4986289402800405e-04,water_sfc_temperature:0_m:K
123,5,4.9450000762939453e+01,5.3061224489795895e-02,465,466,3.9947244203804603e-04,relative_humidity:18.4_m:%
124,12,-3.6955127120018005e-01,8.7864077669902882e-02,401,402,5.8767084550852104e-04,bulk_richardson:18.4_m:none
125,1,3.2500289916992188e+02,1.3455882352941179e-01,477,478,6.8068771626296487e-04,azimuth:0_m:degrees
126,10,9.4075298309326172e+00,9.1874999999999998e-02,393,394,6.3190104166666559e-04,wind_speed:18.4_m:m_s-1
127,4,2.8620178699493408e+00,6.4705882352941169e-03,765,766,6.5813148788927320e-04,mixing_ratio:18.4_m:g_kg-1
128,2,2.8169000244140625e+02,7.3231939163498114e-02,179,180,7.3670285821682627e-04,water_sfc_temperature:0_m:K
129,4,1.0851702690124512e+01,5.3880463871543193e-04,449,450,1.0044117930260004e-04,mixing_ratio:18.4_m:g_kg-1
130,12,-6.5580081194639206e-02,1.2321428571428558e-02,131,132,5.4560303287980204e-04,bulk_richardson:18.4_m:none
131,4,5.1718883514404297e+00,4.8297872340425541e-02,479,480,4.1412403802625584e-04,mixing_ratio:18.4_m:g_kg-1
132,3,1.0038500061035156e+03,8.6214442013129028e-03,211,212,4.1232277865826478e-04,pressure:18.4_m:hPa
133,-2,-2.0000000000000000e+00,2.3000000000000001e-01,-1,-1,0.0000000000000000e+00,wind_direction:18.4_m:degrees
134,5,9.8750000000000000e+01,-2.1641673243883160e-02,151,152,6.0709180714500321e-04,relative_humidity:18.4_m:%
135,3,9.9114999389648438e+02,9.0983606557377042e-02,483,484,9.0722923945176295e-04,pressure:18.4_m:hPa
136,3,1.0159499816894531e+03,5.3841059602648997e-02,163,164,8.0378930748651808e-04,pressure:18.4_m:hPa
137,5,7.4200000762939453e+01,3.7179487179487193e-02,257,258,1.0202498356344507e-03,relative_humidity:18.4_m:%
138,12,-9.3769929371774197e-03,-3.3333333333333340e-03,139,140,4.4857881136950906e-04,bulk_richardson:18.4_m:none
139,8,4.0499999523162842e+00,1.0409090909090913e-02,985,986,2.4937809917355389e-04,wave_period:0_m:s
140,4,4.1106021404266357e+00,-1.3547297297297296e-02,371,372,3.5194370891161373e-04,mixing_ratio:18.4_m:g_kg-1
141,12,-7.8663095831871033e-02,2.7068676716917817e-02,377,378,2.9274737731090062e-04,bulk_richardson:18.4_m:none
142,5,4.0299999237060547e+01,4.5079999999999967e-02,343,344,4.0179359999999642e-04,relative_humidity:18.4_m:%
143,10,1.3471353054046631e+01,1.0914634146341459e-02,189,190,4.5891954193932188e-04,wind_speed:18.4_m:m_s-1
144,3,1.0028500061035156e+03,4.0769230769230759e-02,339,340,7.3274161735701151e-04,pressure:18.4_m:hPa
145,0,6.2301385879516602e+01,1.1142857142857139e-01,329,330,5.8806907378337013e-04,zenith:0_m:degrees
146,12,-3.9602834731340408e-02,8.1226993865030656e-02,147,148,1.1530957130490493e-03,bulk_richardson:18.4_m:none
147,9,8.8331363677978516e+01,9.8773584905660350e-02,571,572,6.9000533997864294e-04,angle_between_wind_wave:0_m:degrees
148,12,-2.9187087900936604e-02,4.8596491228070172e-02,567,568,3.7697753154817193e-04,bulk_richardson:18.4_m:none
149,12,-1.9794518500566483e-01,8.8363636363636353e-02,261,262,7.1550413223140860e-04,bulk_richardson:18.4_m:none
150,5,4.4199998855590820e+01,1.3116666666666668e-01,245,246,1.5303055555555452e-03,relative_humidity:18.4_m:%
151,6,2.3150000000000000e+02,-2.2672064777327861e-02,223,224,4.5213132488648993e-04,wave_direction:0_m:degrees
152,10,1.1209209918975830e+01,1.8125000000000002e-02,153,154,4.9652343749999363e-03,wind_speed:18.4_m:m_s-1
153,3,9.8700000000000000e+02,-1.2083333333333335e-02,835,836,3.5815972222222217e-04,pressure:18.4_m:hPa
154,0,7.0994085311889648e+01,1.0875000000000000e-01,155,156,7.8359374999999957e-03,zenith:0_m:degrees
155,-2,-2.0000000000000000e+00,1.5833333333333335e-01,-1,-1,6.1388888888889298e-04,wind_direction:18.4_m:degrees
156,-2,-2.0000000000000000e+00,-4.0000000000000001e-02,-1,-1,5.8546917314217239e-18,wind_direction:18.4_m:degrees
157,5,4.5850000381469727e+01,6.4645161290322564e-02,293,294,5.1132570239333444e-04,relative_humidity:18.4_m:%
158,12,-2.7537665329873562e-02,3.9197530864197527e-02,441,442,3.9009678402683319e-04,bulk_richardson:18.4_m:none
159,5,5.1349998474121094e+01,4.2901023890784949e-02,161,162,7.8441682489021800e-04,relative_humidity:18.4_m:%
160,5,5.3850000381469727e+01,2.3043478260869533e-02,431,432,2.4899810964083618e-04,relative_humidity:18.4_m:%
161,12,-3.7775462493300438e-02,3.2407407407407378e-02,287,288,4.2568587105624609e-04,bulk_richardson:18.4_m:none
162,4,1.3826739192008972e+00,7.2337662337662326e-02,527,528,6.1531455557428845e-04,mixing_ratio:18.4_m:g_kg-1
163,12,-1.0874349623918533e-02,4.6717557251908383e-02,269,270,4.3121030242993050e-04,bulk_richardson:18.4_m:none
164,4,4.5815091133117676e+00,1.0050000000000001e-01,545,546,7.3474999999998541e-04,mixing_ratio:18.4_m:g_kg-1
165,1,9.4253814697265625e+01,6.9789473684210485e-02,167,168,9.2907848568790901e-04,azimuth:0_m:degrees
166,3,1.0231499938964844e+03,9.2962962962962942e-02,345,346,6.3270233196162894e-04,pressure:18.4_m:hPa
167,6,2.3350000000000000e+02,5.5615384615384587e-02,341,342,7.3385207100592044e-04,wave_direction:0_m:degrees
168,7,1.6500000357627869e+00,8.1677419354838673e-02,295,296,7.8299271592092469e-04,wave_height:0_m:m
169,5,9.7400001525878906e+01,-1.7000000000000001e-01,335,336,3.6333333333333252e-03,relative_humidity:18.4_m:%
170,6,1.7950000000000000e+02,-7.9531249999999970e-02,175,176,2.5029052734375059e-03,wave_direction:0_m:degrees
171,10,6.3010740280151367e+00,2.5039619651346972e-02,317,318,3.0487164739892143e-04,wind_speed:18.4_m:m_s-1
172,10,5.7442355155944824e+00,1.3676662320730051e-02,363,364,2.3289675652612602e-04,wind_speed:18.4_m:m_s-1
173,5,6.6799999237060547e+01,2.0193133047210245e-02,237,238,2.9245197001234301e-04,relative_humidity:18.4_m:%
174,4,3.6646927595138550e+00,-6.0000000000000010e-03,1691,1692,2.0799999999999885e-04,mixing_ratio:18.4_m:g_kg-1
175,10,1.3732779026031494e+01,-1.0260000000000000e-01,177,178,2.4592400000000032e-03,wind_speed:18.4_m:m_s-1
176,11,2.0286499786376953e+02,-6.4743589743589736e-02,299,300,1.9710880999342581e-03,wind_direction:18.4_m:degrees
177,4,8.0229291915893555e+00,-2.2333333333333330e-01,233,234,1.0755555555555574e-02,mixing_ratio:18.4_m:g_kg-1
178,3,9.9575000000000000e+02,-9.4893617021276591e-02,711,712,9.3988229968311639e-04,pressure:18.4_m:hPa
179,3,9.8944998168945312e+02,7.0080645161290325e-02,265,266,5.6450962539021047e-04,pressure:18.4_m:hPa
180,1,2.8234214782714844e+02,1.2533333333333335e-01,831,832,7.0488888888901174e-04,azimuth:0_m:degrees
181,5,5.3649999618530273e+01,1.4199999999999999e-01,683,684,4.5100000000000695e-04,relative_humidity:18.4_m:%
182,6,2.4250000000000000e+02,1.8189189189189187e-01,183,184,1.4775018261504458e-03,wave_direction:0_m:degrees
183,5,4.5149999618530273e+01,1.9349999999999992e-01,505,506,9.7608333333332881e-04,relative_humidity:18.4_m:%
184,1,2.5930651855468750e+02,1.3214285714285715e-01,927,928,5.7397959183680750e-04,azimuth:0_m:degrees
185,-2,-2.0000000000000000e+00,-5.1428571428571428e-02,-1,-1,4.1224489795918442e-04,wind_direction:18.4_m:degrees
186,0,5.8389186859130859e+01,2.8552631578947385e-02,309,310,9.5711565096952950e-04,zenith:0_m:degrees
187,10,1.3178975582122803e+01,1.1687500000000002e-01,1611,1612,5.2148437499999548e-04,wind_speed:18.4_m:m_s-1
188,-2,-2.0000000000000000e+00,6.0169491525423724e-02,-1,-1,1.7793737431772132e-04,wind_direction:18.4_m:degrees
189,12,-1.0263441596180201e-02,5.6554307116104879e-03,509,510,3.6764157163096710e-04,bulk_richardson:18.4_m:none
190,1,1.7522182464599609e+02,3.3934426229508208e-02,1123,1124,2.0747110991668695e-04,azimuth:0_m:degrees
191,4,1.3873461484909058e+00,1.0416666666666667e-01,193,194,1.2481150793650780e-03,mixing_ratio:18.4_m:g_kg-1
192,7,1.3499999642372131e+00,1.3681818181818184e-01,415,416,5.4290633608813227e-04,wave_height:0_m:m
193,0,7.5312541961669922e+01,1.2313725490196079e-01,447,448,9.2349096501344319e-04,zenith:0_m:degrees
194,12,-2.4963831529021263e-02,7.4848484848484859e-02,945,946,3.3406795224978202e-04,bulk_richardson:18.4_m:none
195,10,1.6961978912353516e+01,1.7126984126984135e-01,199,200,1.4475938523557177e-03,wind_speed:18.4_m:m_s-1
196,4,1.9919190406799316e+00,1.3865384615384616e-01,197,198,1.6847263313609501e-03,mixing_ratio:18.4_m:g_kg-1
197,3,1.0081000061035156e+03,1.4872340425531916e-01,353,354,7.9411498415571380e-04,pressure:18.4_m:hPa
198,-2,-2.0000000000000000e+00,4.3999999999999997e-02,-1,-1,1.4400000000001261e-04,wind_direction:18.4_m:degrees
199,4,1.9331215023994446e+00,1.6405405405405407e-01,351,352,1.0673484295105479e-03,mixing_ratio:18.4_m:g_kg-1
200,2,2.7619499206542969e+02,2.2466666666666668e-01,685,686,1.0248888888890265e-03,water_sfc_temperature:0_m:K
201,10,4.6891629695892334e+00,9.1857506361322436e-03,227,228,1.6447694708285684e-04,wind_speed:18.4_m:m_s-1
202,11,3.3681999206542969e+02,-5.2727272727272725e-04,673,674,1.6026743801652945e-04,wind_direction:18.4_m:degrees
203,4,1.3412647843360901e+00,1.7198198198198195e-01,229,230,1.6861618375131684e-03,mixing_ratio:18.4_m:g_kg-1
204,-2,-2.0000000000000000e+00,2.4374999999999999e-01,-1,-1,1.2343749999995518e-04,wind_direction:18.4_m:degrees
205,3,1.0000000000000000e+03,3.1088082901554376e-02,537,538,2.5840156782732629e-04,pressure:18.4_m:hPa
206,4,2.5624229907989502e+00,4.7111853088480753e-02,209,210,4.1252672094001892e-04,mixing_ratio:18.4_m:g_kg-1
207,8,5.5499999523162842e+00,1.3089552238805968e-01,663,664,7.3949654711517182e-04,wave_period:0_m:s
208,7,2.1499999761581421e+00,1.0120689655172413e-01,429,430,5.8992271105828831e-04,wave_height:0_m:m
209,5,7.0000000000000000e+01,6.1969696969696952e-02,427,428,3.8399908172635690e-04,relative_humidity:18.4_m:%
210,5,5.3199998855590820e+01,4.2912205567451789e-02,437,438,3.4055546130249727e-04,relative_humidity:18.4_m:%
211,10,8.9062581062316895e+00,3.5652173913043490e-02,515,516,4.3327032136105813e-04,wind_speed:18.4_m:m_s-1
212,10,9.4453239440917969e+00,5.5961070559610694e-03,213,214,3.1904854932187276e-04,wind_speed:18.4_m:m_s-1
213,4,8.5455627441406250e+00,6.6666666666666628e-03,543,544,1.6437908496732059e-04,mixing_ratio:18.4_m:g_kg-1
214,-2,-2.0000000000000000e+00,-1.4000000000000001e-01,-1,-1,3.4694469519536142e-17,wind_direction:18.4_m:degrees
215,12,-4.0835771709680557e-02,2.0971428571428569e-01,279,280,1.1646802721088090e-03,bulk_richardson:18.4_m:none
216,-2,-2.0000000000000000e+00,1.1250000000000000e-01,-1,-1,4.6875000000053818e-04,wind_direction:18.4_m:degrees
217,7,1.5500000119209290e+00,-3.1222222222222162e-02,1127,1128,2.5220987654321657e-04,wave_height:0_m:m
218,4,1.1206018447875977e+01,-4.8143459915611808e-02,283,284,4.2018195089819389e-04,mixing_ratio:18.4_m:g_kg-1
219,3,1.0036000061035156e+03,1.2621621621621620e-01,385,386,9.2622352081812506e-04,pressure:18.4_m:hPa
220,9,8.8429794311523438e+01,7.2631578947368436e-02,653,654,7.2465373961218792e-04,angle_between_wind_wave:0_m:degrees
221,12,-9.6492234617471695e-02,6.9403973509933756e-02,249,250,7.5394938818473031e-04,bulk_richardson:18.4_m:none
222,11,3.2424499511718750e+02,8.9070796460176960e-02,267,268,6.1727817370194060e-04,wind_direction:18.4_m:degrees
223,10,1.0867764472961426e+01,-2.2410714285714197e-02,225,226,4.2511378130797933e-04,wind_speed:18.4_m:m_s-1
224,-2,-2.0000000000000000e+00,-1.3000000000000000e-01,-1,-1,-8.7430063189231078e-16,wind_direction:18.4_m:degrees
225,11,2.7441000366210938e+02,-1.7503136762860624e-02,303,304,3.7431774423851336e-04,wind_direction:18.4_m:degrees
226,12,8.8668810203671455e-03,-3.1402298850574654e-02,289,290,3.9320597172678214e-04,bulk_richardson:18.4_m:none
227,2,2.7632499694824219e+02,4.6551724137930935e-03,1327,1328,5.8132325462884601e-05,water_sfc_temperature:0_m:K
228,11,2.8852500915527344e+02,1.4026315789473599e-02,291,292,2.3273614958449075e-04,wind_direction:18.4_m:degrees
229,12,-9.6314162015914917e-02,1.8067415730337086e-01,235,236,1.4489837141775028e-03,bulk_richardson:18.4_m:none
230,9,9.0532150268554688e+01,1.3681818181818184e-01,525,526,1.1035123966943068e-03,angle_between_wind_wave:0_m:degrees
231,12,-2.4896780401468277e-01,1.4020833333333335e-01,579,580,8.0620659722219906e-04,bulk_richardson:18.4_m:none
232,7,8.4999999403953552e-01,1.8625000000000003e-01,921,922,5.7343750000006521e-04,wave_height:0_m:m
233,-2,-2.0000000000000000e+00,-3.7000000000000000e-01,-1,-1,0.0000000000000000e+00,wind_direction:18.4_m:degrees
234,-2,-2.0000000000000000e+00,-1.4999999999999999e-01,-1,-1,1.7347234759768071e-17,wind_direction:18.4_m:degrees
235,5,4.7049999237060547e+01,2.0263157894736841e-01,501,502,9.9833795013851839e-04,relative_humidity:18.4_m:%
236,10,1.0640673637390137e+01,1.6431372549019607e-01,499,500,1.1578623606304621e-03,wind_speed:18.4_m:m_s-1
237,10,5.9023509025573730e+00,1.3614035087719288e-02,549,550,1.7606155740227880e-04,wind_speed:18.4_m:m_s-1
238,3,1.0054000244140625e+03,3.0552486187845285e-02,349,350,3.0024724520009147e-04,pressure:18.4_m:hPa
239,3,1.0039000244140625e+03,6.6363636363636375e-02,241,242,1.2776859504132227e-03,pressure:18.4_m:hPa
240,3,9.8700000000000000e+02,3.4111405835543659e-02,411,412,4.4224753568941535e-04,pressure:18.4_m:hPa
241,-2,-2.0000000000000000e+00,1.4399999999999999e-01,-1,-1,5.0400000000000097e-04,wind_direction:18.4_m:degrees
242,-2,-2.0000000000000000e+00,5.2500000000000005e-02,-1,-1,1.4732142857142852e-04,wind_direction:18.4_m:degrees
243,9,8.9823219299316406e+01,2.2626262626262605e-02,471,472,4.0118355269870413e-04,angle_between_wind_wave:0_m:degrees
244,10,1.0625642299652100e+01,4.1879194630872446e-02,313,314,7.5620017116346779e-04,wind_speed:18.4_m:m_s-1
245,0,6.3770292282104492e+01,1.0903225806451615e-01,435,436,1.1635796045785535e-03,zenith:0_m:degrees
246,3,1.0106999816894531e+03,1.5482758620689657e-01,645,646,8.3876337693222780e-04,pressure:18.4_m:hPa
247,0,1.4919728088378906e+02,1.3021276595744682e-01,585,586,6.1484834766861382e-04,zenith:0_m:degrees
248,6,2.2650000000000000e+02,1.8266666666666667e-01,1407,1408,6.4622222222221470e-04,wave_direction:0_m:degrees
249,10,7.6097505092620850e+00,8.1494252873563211e-02,469,470,5.1156031179812409e-04,wind_speed:18.4_m:m_s-1
250,11,3.2884500122070312e+02,5.2968750000000009e-02,807,808,6.1462402343750305e-04,wind_direction:18.4_m:degrees
251,11,3.2518000793457031e+02,1.5077720207253885e-02,605,606,2.7058981449166444e-04,wind_direction:18.4_m:degrees
252,12,-4.2681943625211716e-02,2.2864602760163995e-03,305,306,1.6519358392689873e-04,bulk_richardson:18.4_m:none
253,7,1.1500000357627869e+00,2.6274509803921573e-02,533,534,3.4102268358323642e-04,wave_height:0_m:m
254,11,3.2757000732421875e+02,4.9565217391304324e-02,383,384,3.5894139886579130e-04,wind_direction:18.4_m:degrees
255,3,1.0231000061035156e+03,4.5058823529411769e-02,619,620,3.5205536332180492e-04,pressure:18.4_m:hPa
256,10,5.4872756004333496e+00,7.1891891891891893e-02,839,840,4.7479912344776647e-04,wind_speed:18.4_m:m_s-1
257,0,1.2601346588134766e+02,5.6153846153846158e-02,1475,1476,2.0828402366863735e-04,zenith:0_m:degrees
258,0,8.4219631195068359e+01,-7.6923076923076988e-04,937,938,4.8402366863905323e-04,zenith:0_m:degrees
259,10,8.0968418121337891e+00,-1.1315032679738619e-02,373,374,1.9108114656755099e-04,wind_speed:18.4_m:m_s-1
260,12,6.0630839318037033e-02,-5.7243816254416687e-03,1031,1032,1.8401590730311574e-04,bulk_richardson:18.4_m:none
261,-2,-2.0000000000000000e+00,1.0514285714285716e-01,-1,-1,2.0212244897960079e-04,wind_direction:18.4_m:degrees
262,1,2.0548268890380859e+02,5.9000000000000018e-02,1643,1644,2.5899999999999795e-04,azimuth:0_m:degrees
263,-2,-2.0000000000000000e+00,2.8888888888888892e-01,-1,-1,4.3209876543207071e-04,wind_direction:18.4_m:degrees
264,5,5.4099998474121094e+01,2.2962962962962963e-01,355,356,1.1331961591220380e-03,relative_humidity:18.4_m:%
265,11,3.0312500000000000e+02,9.2857142857142860e-02,381,382,7.6326530612244765e-04,wind_direction:18.4_m:degrees
266,12,-1.0973250959068537e-02,6.5436893203883503e-02,275,276,3.9665378452257306e-04,bulk_richardson:18.4_m:none
267,11,3.0526499938964844e+02,7.9765624999999993e-02,761,762,4.6791381835936067e-04,wind_direction:18.4_m:degrees
268,12,-2.4463995546102524e-01,1.0122448979591835e-01,413,414,5.5156184922951906e-04,bulk_richardson:18.4_m:none
269,4,4.8967754840850830e+00,5.9855072463768130e-02,1201,1202,1.9563116992228624e-04,mixing_ratio:18.4_m:g_kg-1
270,6,2.1550000000000000e+02,3.2096774193548401e-02,743,744,2.8753902185223992e-04,wave_direction:0_m:degrees
271,4,9.4985631108283997e-01,3.0750000000000000e-01,1363,1364,6.1875000000001512e-04,mixing_ratio:18.4_m:g_kg-1
272,5,5.0350000381469727e+01,2.4964912280701759e-01,369,370,1.0612803939673496e-03,relative_humidity:18.4_m:%
273,10,7.2816169261932373e+00,1.8656716417910450e-02,879,880,2.5043439518823777e-04,wind_speed:18.4_m:m_s-1
274,-2,-2.0000000000000000e+00,-1.5483870967741937e-02,-1,-1,1.2154006243496297e-04,wind_direction:18.4_m:degrees
275,3,1.0026499938964844e+03,7.2066666666666654e-02,1083,1084,2.2972888888888633e-04,pressure:18.4_m:hPa
276,10,1.3712917804718018e+01,4.7678571428571438e-02,727,728,4.1068239795919196e-04,wind_speed:18.4_m:m_s-1
277,1,2.8334649658203125e+02,3.5333333333333335e-02,1331,1332,3.5822222222222223e-04,azimuth:0_m:degrees
278,11,2.1509000396728516e+02,-4.7710894446799457e-03,389,390,1.4885603573553267e-04,wind_direction:18.4_m:degrees
279,10,1.2286434650421143e+01,2.1427083333333333e-01,297,298,9.2446831597223916e-04,wind_speed:18.4_m:m_s-1
280,12,-3.1807372346520424e-02,1.6111111111111109e-01,623,624,1.1432098765430387e-03,bulk_richardson:18.4_m:none
281,10,4.9995498657226562e+00,-3.2832799055171088e-03,463,464,1.0408425392924355e-04,wind_speed:18.4_m:m_s-1
282,4,7.1710710525512695e+00,-9.9641577060931678e-03,331,332,4.2580516694286228e-04,mixing_ratio:18.4_m:g_kg-1
283,12,2.1012612618505955e-02,-5.7244094488188943e-02,577,578,3.7114514229027095e-04,bulk_richardson:18.4_m:none
284,8,4.9500000476837158e+00,-3.7636363636363634e-02,991,992,2.7077685950414421e-04,wave_period:0_m:s
285,5,4.9399999618530273e+01,9.0666666666666659e-02,649,650,4.7955555555554905e-04,relative_humidity:18.4_m:%
286,-2,-2.0000000000000000e+00,1.7999999999999999e-02,-1,-1,2.1599999999998910e-04,wind_direction:18.4_m:degrees
287,10,8.3946418762207031e+00,3.5583756345177631e-02,325,326,3.4242572599139736e-04,wind_speed:18.4_m:m_s-1
288,-2,-2.0000000000000000e+00,-5.2631578947368409e-04,-1,-1,9.9722991689736763e-05,wind_direction:18.4_m:degrees
289,3,1.0052500000000000e+03,-2.4765957446808484e-02,395,396,3.5430692621095774e-04,pressure:18.4_m:hPa
290,11,2.4965499877929688e+02,-3.9199999999999992e-02,647,648,3.2636000000000687e-04,wind_direction:18.4_m:degrees
291,3,1.0098500061035156e+03,6.2800000000000035e-03,1265,1266,9.1361599999999888e-05,pressure:18.4_m:hPa
292,4,3.1112085580825806e+00,1.7823529411764624e-02,419,420,2.5820415224913918e-04,mixing_ratio:18.4_m:g_kg-1
293,0,8.6951049804687500e+01,4.8545454545454558e-02,1339,1340,2.1242975206611520e-04,zenith:0_m:degrees
294,1,2.1798610687255859e+02,7.3500000000000010e-02,667,668,4.5475000000000289e-04,azimuth:0_m:degrees
295,10,9.1423654556274414e+00,8.7109374999999975e-02,445,446,7.0805053710937954e-04,wind_speed:18.4_m:m_s-1
296,0,9.9275764465332031e+01,5.5925925925925941e-02,829,830,3.3525377229083088e-04,zenith:0_m:degrees
297,0,5.9305686950683594e+01,1.9258064516129034e-01,717,718,6.5785639958376718e-04,zenith:0_m:degrees
298,6,2.2650000000000000e+02,2.2461538461538461e-01,535,536,7.2023668639054073e-04,wave_direction:0_m:degrees
299,0,5.3697481155395508e+01,-7.1818181818181823e-02,301,302,1.7391184573002762e-03,zenith:0_m:degrees
300,12,2.1671426482498646e-02,-2.5833333333333333e-02,591,592,1.4576388888888794e-03,bulk_richardson:18.4_m:none
301,-2,-2.0000000000000000e+00,-2.7000000000000003e-02,-1,-1,6.0999999999999748e-05,wind_direction:18.4_m:degrees
302,0,5.6024255752563477e+01,-7.9821428571428571e-02,397,398,1.6160395408163246e-03,zenith:0_m:degrees
303,2,2.9380999755859375e+02,-2.0326264274061877e-02,1005,1006,2.5046451410308459e-04,water_sfc_temperature:0_m:K
304,11,3.4849501037597656e+02,-8.0978260869565260e-03,481,482,6.7192521266540468e-04,wind_direction:18.4_m:degrees
305,7,1.3499999642372131e+00,4.6522016592214213e-03,307,308,1.3477054875831238e-04,wave_height:0_m:m
306,0,7.8584663391113281e+01,-1.0412926391382396e-03,741,742,1.8904138288922562e-04,zenith:0_m:degrees
307,10,6.2686600685119629e+00,4.0627041149575239e-03,563,564,1.1321357309272643e-04,wind_speed:18.4_m:m_s-1
308,3,1.0118500061035156e+03,2.9722222222222230e-02,681,682,4.0825617283949973e-04,pressure:18.4_m:hPa
309,12,-5.2737144287675619e-03,-6.4285714285714293e-03,953,954,5.9438775510204072e-04,bulk_richardson:18.4_m:none
310,5,7.9750000000000000e+01,3.6451612903225801e-02,311,312,7.0031217481789716e-04,relative_humidity:18.4_m:%
311,2,2.8047999572753906e+02,2.5744680851063833e-02,1719,1720,1.5636034404708057e-04,water_sfc_temperature:0_m:K
312,7,1.9499999284744263e+00,7.0000000000000007e-02,865,866,9.1999999999999981e-04,wave_height:0_m:m
313,12,-1.8478169105947018e-02,2.4130434782608692e-02,503,504,3.7641776937618178e-04,bulk_richardson:18.4_m:none
314,12,-3.2387541607022285e-02,4.9805825242718448e-02,315,316,7.2229239325101793e-04,bulk_richardson:18.4_m:none
315,2,2.8725498962402344e+02,8.4615384615384592e-02,913,914,2.6331360946745940e-04,water_sfc_temperature:0_m:K
316,2,2.8732501220703125e+02,3.8051948051948059e-02,631,632,3.2997132737392384e-04,water_sfc_temperature:0_m:K
317,5,4.9800001144409180e+01,1.9943502824858707e-02,955,956,1.8022279676976812e-04,relative_humidity:18.4_m:%
318,12,-4.2174626141786575e-02,3.1552346570397072e-02,319,320,3.8856494936726285e-04,bulk_richardson:18.4_m:none
319,2,2.8690000915527344e+02,4.0479041916167649e-02,569,570,2.8599806375273571e-04,water_sfc_temperature:0_m:K
320,11,2.6353500366210938e+02,1.8000000000000009e-02,593,594,2.3963636363636445e-04,wind_direction:18.4_m:degrees
321,12,8.2071707583963871e-03,4.4000000000000004e-02,359,360,1.9239999999999984e-03,bulk_richardson:18.4_m:none
322,12,-5.8878161944448948e-03,-2.3921568627450970e-03,323,324,3.9388542868127625e-04,bulk_richardson:18.4_m:none
323,3,1.0108500061035156e+03,1.0707964601769916e-02,745,746,1.9949878612264061e-04,pressure:18.4_m:hPa
324,12,2.2514507174491882e-02,-1.2816901408450711e-02,513,514,3.0333267208887166e-04,bulk_richardson:18.4_m:none
325,1,2.1643759918212891e+02,3.0258064516129019e-02,943,944,2.1025598335067922e-04,azimuth:0_m:degrees
326,5,3.4350000381469727e+01,5.5238095238095253e-02,1059,1060,3.3922902494331860e-04,relative_humidity:18.4_m:%
327,5,6.2350000381469727e+01,4.2989690721649494e-02,531,532,4.4776278031671900e-04,relative_humidity:18.4_m:%
328,-2,-2.0000000000000000e+00,1.0333333333333333e-01,-1,-1,1.5555555555554768e-04,wind_direction:18.4_m:degrees
329,8,5.1499998569488525e+00,1.5000000000000002e-01,1839,1840,4.6666666666666037e-04,wave_period:0_m:s
330,0,7.3081253051757812e+01,1.0556962025316453e-01,595,596,3.4619452010896910e-04,zenith:0_m:degrees
331,2,2.7704000854492188e+02,-3.0681818181818185e-02,333,334,1.8063533057851239e-03,water_sfc_temperature:0_m:K
332,11,2.8050999450683594e+02,-8.1906614785992142e-03,889,890,2.6773796726672612e-04,wind_direction:18.4_m:degrees
333,3,1.0109499816894531e+03,-6.8965517241379318e-03,773,774,8.0071343638525561e-04,pressure:18.4_m:hPa
334,6,1.6750000000000000e+02,-7.6666666666666675e-02,893,894,5.4222222222221911e-04,wave_direction:0_m:degrees
335,-2,-2.0000000000000000e+00,-1.9600000000000001e-01,-1,-1,3.0399999999999178e-04,wind_direction:18.4_m:degrees
336,-2,-2.0000000000000000e+00,-4.0000000000000001e-02,-1,-1,-1.2576745200831851e-17,wind_direction:18.4_m:degrees
337,5,4.1750000000000000e+01,2.7250000000000002e-01,929,930,9.9374999999995994e-04,relative_humidity:18.4_m:%
338,-2,-2.0000000000000000e+00,1.7666666666666667e-01,-1,-1,2.8888888888886632e-04,wind_direction:18.4_m:degrees
339,1,6.0398748397827148e+01,6.7142857142857143e-02,601,602,9.6326530612244991e-04,azimuth:0_m:degrees
340,10,1.1381392478942871e+01,3.1052631578947384e-02,637,638,2.9713758079409158e-04,wind_speed:18.4_m:m_s-1
341,8,6.2500000000000000e+00,4.8105263157894748e-02,461,462,6.3640997229917184e-04,wave_period:0_m:s
342,8,4.9500000476837158e+00,7.5999999999999998e-02,581,582,4.2971428571429195e-04,wave_period:0_m:s
343,7,6.5000000596046448e-01,1.5714285714285715e-02,1939,1940,2.0544217687074815e-04,wave_height:0_m:m
344,12,-1.6710478067398071e-01,4.7772925764192092e-02,443,444,3.3346808794645780e-04,bulk_richardson:18.4_m:none
345,10,1.0214240550994873e+01,1.0119565217391305e-01,625,626,4.1052693761816847e-04,wind_speed:18.4_m:m_s-1
346,4,2.5735404491424561e+00,7.5348837209302327e-02,357,358,6.5278528934556348e-04,mixing_ratio:18.4_m:g_kg-1
347,1,2.6139987945556641e+02,1.3749999999999998e-02,589,590,6.1093749999999983e-04,azimuth:0_m:degrees
348,10,1.1020167350769043e+01,-1.1545454545454522e-02,493,494,2.9488429752066195e-04,wind_speed:18.4_m:m_s-1
349,10,9.7851877212524414e+00,5.9999999999999998e-02,1177,1178,3.6000000000000008e-04,wind_speed:18.4_m:m_s-1
350,4,3.7611531019210815e+00,2.6894409937888178e-02,655,656,1.7172176999344314e-04,mixing_ratio:18.4_m:g_kg-1
351,5,5.2649999618530273e+01,1.6907216494845362e-01,433,434,9.6718035923052184e-04,relative_humidity:18.4_m:%
352,4,1.9412617683410645e+00,1.2928571428571428e-01,1483,1484,3.7806122448972440e-04,mixing_ratio:18.4_m:g_kg-1
353,11,3.1490499877929688e+02,1.3617647058823529e-01,1267,1268,3.8243944636679253e-04,wind_direction:18.4_m:degrees
354,6,2.2700000000000000e+02,1.8153846153846154e-01,1535,1536,3.8224852071002541e-04,wave_direction:0_m:degrees
355,9,8.8629440307617188e+01,2.1794871794871801e-01,735,736,8.8809993425374711e-04,angle_between_wind_wave:0_m:degrees
356,1,1.0988919448852539e+02,2.6000000000000001e-01,1337,1338,4.9333333333345664e-04,azimuth:0_m:degrees
357,-2,-2.0000000000000000e+00,1.0400000000000001e-01,-1,-1,1.8399999999999840e-04,wind_direction:18.4_m:degrees
358,6,1.9500000000000000e+02,5.9999999999999998e-02,1271,1272,2.2857142857142737e-04,wave_direction:0_m:degrees
359,-2,-2.0000000000000000e+00,1.5714285714285715e-02,-1,-1,8.1632653061224341e-05,wind_direction:18.4_m:degrees
360,-2,-2.0000000000000000e+00,1.1000000000000000e-01,-1,-1,-5.2041704279304213e-18,wind_direction:18.4_m:degrees
361,2,2.8008999633789062e+02,7.5734157650695346e-03,607,608,1.6304522836346142e-04,water_sfc_temperature:0_m:K
362,12,-2.7016556821763515e-02,7.3964497041420160e-05,767,768,1.0398861209341336e-04,bulk_richardson:18.4_m:none
363,3,1.0221999816894531e+03,8.3142857142857064e-03,721,722,1.2944408163265332e-04,pressure:18.4_m:hPa
364,3,1.0064500122070312e+03,1.8177458033573127e-02,403,404,2.7533541512114469e-04,pressure:18.4_m:hPa
365,11,2.7122500610351562e+02,9.3000000000000013e-02,547,548,6.2099999999999829e-04,wind_direction:18.4_m:degrees
366,4,3.3020834922790527e+00,5.9999999999999991e-02,367,368,5.4464285714285986e-04,mixing_ratio:18.4_m:g_kg-1
367,10,1.3678115367889404e+01,7.3230769230769224e-02,1249,1250,2.4340828402366448e-04,wind_speed:18.4_m:m_s-1
368,2,2.8270500183105469e+02,4.1702127659574484e-02,587,588,3.8433680398370978e-04,water_sfc_temperature:0_m:K
369,5,4.4049999237060547e+01,2.4432989690721657e-01,699,700,8.6578807524704399e-04,relative_humidity:18.4_m:%
370,12,-3.7742527201771736e-02,2.7999999999999997e-01,551,552,1.0941176470588843e-03,bulk_richardson:18.4_m:none
371,-2,-2.0000000000000000e+00,-6.8333333333333343e-02,-1,-1,1.3888888888887937e-05,wind_direction:18.4_m:degrees
372,9,8.9894775390625000e+01,-1.2413793103448275e-02,657,658,2.9555291319857327e-04,angle_between_wind_wave:0_m:degrees
373,3,1.0268000488281250e+03,-9.9601593625498006e-03,705,706,1.6497487052874839e-04,pressure:18.4_m:hPa
374,0,4.5570142745971680e+01,-1.4830827067669052e-02,789,790,2.4170070382721501e-04,zenith:0_m:degrees
375,7,2.5499999523162842e+00,-1.2608695652173915e-02,1495,1496,2.1058601134215491e-04,wave_height:0_m:m
376,12,2.7034458704292774e-02,-4.2949640287769757e-02,639,640,4.5820609699291420e-04,bulk_richardson:18.4_m:none
377,10,3.6792458295822144e+00,2.8309859154929482e-02,379,380,2.6827018448721135e-04,wind_speed:18.4_m:m_s-1
378,3,1.0138999938964844e+03,2.7586206896551722e-03,1573,1574,1.5101070154577319e-04,pressure:18.4_m:hPa
379,11,2.0387500000000000e+02,2.0406091370558370e-02,1039,1040,2.0085031822515421e-04,wind_direction:18.4_m:degrees
380,0,1.0273206710815430e+02,3.2506738544474306e-02,541,542,2.5328499502329542e-04,zenith:0_m:degrees
381,2,2.7549000549316406e+02,1.2214285714285712e-01,1207,1208,5.8826530612245305e-04,water_sfc_temperature:0_m:K
382,2,2.7528999328613281e+02,7.8214285714285722e-02,1973,1974,2.0752551020408044e-04,water_sfc_temperature:0_m:K
383,2,2.7752999877929688e+02,5.7654320987654342e-02,1121,1122,2.4017680231671907e-04,water_sfc_temperature:0_m:K
384,-2,-2.0000000000000000e+00,3.0294117647058832e-02,-1,-1,1.1461937716263787e-04,wind_direction:18.4_m:degrees
385,-2,-2.0000000000000000e+00,1.7142857142857143e-01,-1,-1,2.9795918367346921e-04,wind_direction:18.4_m:degrees
386,4,1.9807024002075195e+00,1.1566666666666665e-01,869,870,4.8455555555556966e-04,mixing_ratio:18.4_m:g_kg-1
387,8,4.1500000953674316e+00,4.2380952380952401e-02,539,540,4.0544217687074851e-04,wave_period:0_m:s
388,0,6.9809749603271484e+01,7.3076923076923081e-02,719,720,5.0591715976332479e-04,zenith:0_m:degrees
389,12,-1.3327303342521191e-02,-6.8651162790697136e-03,391,392,1.6003296917252560e-04,bulk_richardson:18.4_m:none
390,7,1.3499999642372131e+00,-3.0179127725856545e-03,963,964,1.3275357321357203e-04,wave_height:0_m:m
391,5,9.9149997711181641e+01,-3.6524822695035383e-03,1001,1002,1.1414164277450860e-04,relative_humidity:18.4_m:%
392,10,6.8133456707000732e+00,-1.0410958904109533e-02,417,418,1.8671956679087488e-04,wind_speed:18.4_m:m_s-1
393,1,7.5652774810791016e+01,7.7272727272727271e-02,941,942,3.9256198347107502e-04,azimuth:0_m:degrees
394,1,1.1892714309692383e+02,1.0423076923076925e-01,635,636,5.0133136094674888e-04,azimuth:0_m:degrees
395,2,2.8069999694824219e+02,-1.5462962962962972e-02,615,616,3.1367455418381343e-04,water_sfc_temperature:0_m:K
396,10,1.1997703552246094e+01,-3.2677165354330712e-02,857,858,2.5267530535061497e-04,wind_speed:18.4_m:m_s-1
397,-2,-2.0000000000000000e+00,-2.0999999999999999e-01,-1,-1,0.0000000000000000e+00,wind_direction:18.4_m:degrees
398,11,2.0246499633789062e+02,-7.7454545454545470e-02,399,400,1.3317024793388426e-03,wind_direction:18.4_m:degrees
399,5,9.7750000000000000e+01,-7.3703703703703702e-02,731,732,5.8257887517146507e-04,relative_humidity:18.4_m:%
400,-2,-2.0000000000000000e+00,-2.8000000000000003e-01,-1,-1,-1.6653345369377348e-16,wind_direction:18.4_m:degrees
401,5,6.3849998474121094e+01,1.0018518518518517e-01,739,740,4.8329903978053257e-04,relative_humidity:18.4_m:%
402,0,6.9295459747314453e+01,7.4285714285714302e-02,1025,1026,3.5102040816326931e-04,zenith:0_m:degrees
403,2,2.8971000671386719e+02,3.2878787878787889e-02,905,906,2.1747015610651898e-04,water_sfc_temperature:0_m:K
404,3,1.0221499938964844e+03,1.5413105413105395e-02,473,474,2.3793475702307669e-04,pressure:18.4_m:hPa
405,-2,-2.0000000000000000e+00,1.4500000000000002e-01,-1,-1,2.4999999999993777e-05,wind_direction:18.4_m:degrees
406,5,5.2449998855590820e+01,2.3921052631578951e-01,407,408,1.2441135734072295e-03,relative_humidity:18.4_m:%
407,1,2.3541429138183594e+02,2.1444444444444447e-01,959,960,9.0246913580243476e-04,azimuth:0_m:degrees
408,9,8.8262611389160156e+01,2.6149999999999995e-01,1321,1322,5.0274999999999626e-04,angle_between_wind_wave:0_m:degrees
409,3,1.0111000061035156e+03,4.5538461538461555e-02,1065,1066,3.3547928994082706e-04,pressure:18.4_m:hPa
410,-2,-2.0000000000000000e+00,6.1538461538461538e-03,-1,-1,1.1597633136094254e-04,wind_direction:18.4_m:degrees
411,-2,-2.0000000000000000e+00,1.2500000000000000e-01,-1,-1,2.5000000000000716e-05,wind_direction:18.4_m:degrees
412,11,3.3964498901367188e+02,3.3626666666666596e-02,517,518,4.0018062222223227e-04,wind_direction:18.4_m:degrees
413,4,1.6152259111404419e+00,1.3285714285714287e-01,1977,1978,2.6326530612244547e-04,mixing_ratio:18.4_m:g_kg-1
414,5,4.1750000000000000e+01,9.5952380952380956e-02,613,614,4.0504535147393474e-04,relative_humidity:18.4_m:%
415,6,2.2250000000000000e+02,1.2800000000000003e-01,1097,1098,3.0800000000000619e-04,wave_direction:0_m:degrees
416,-2,-2.0000000000000000e+00,1.6437499999999999e-01,-1,-1,2.7460937499992552e-04,wind_direction:18.4_m:degrees
417,1,2.6692201232910156e+02,-6.3581488933601507e-03,1499,1500,1.3583148792149300e-04,azimuth:0_m:degrees
418,10,6.8589320182800293e+00,-1.4247619047619000e-02,491,492,2.0462439909297230e-04,wind_speed:18.4_m:m_s-1
419,3,1.0070499877929688e+03,2.1277173913043412e-02,421,422,2.8505360940454062e-04,pressure:18.4_m:hPa
420,2,2.7871499633789062e+02,8.8732394366197228e-03,1617,1618,7.7603650069431359e-05,water_sfc_temperature:0_m:K
421,9,9.0117149353027344e+01,4.0217391304347844e-02,423,424,9.3690926275992329e-04,angle_between_wind_wave:0_m:degrees
422,0,1.0952355194091797e+02,1.8571428571428534e-02,775,776,1.3336291038154791e-04,zenith:0_m:degrees
423,2,2.7764999389648438e+02,2.6774193548387101e-02,1957,1958,1.7023933402705437e-04,water_sfc_temperature:0_m:K
424,3,1.0054500122070312e+03,6.8000000000000005e-02,425,426,1.3759999999999996e-03,pressure:18.4_m:hPa
425,-2,-2.0000000000000000e+00,3.2857142857142856e-02,-1,-1,2.7755102040816345e-04,wind_direction:18.4_m:degrees
426,-2,-2.0000000000000000e+00,9.8750000000000018e-02,-1,-1,3.1093750000000045e-04,wind_direction:18.4_m:degrees
427,2,2.8088000488281250e+02,6.0615384615384599e-02,883,884,2.6885207100591857e-04,water_sfc_temperature:0_m:K
428,-2,-2.0000000000000000e+00,1.4999999999999999e-01,-1,-1,1.0061396160665481e-16,wind_direction:18.4_m:degrees
429,2,2.8754000854492188e+02,8.4871794871794859e-02,627,628,6.2498356344510217e-04,water_sfc_temperature:0_m:K
430,2,2.8709498596191406e+02,1.0948051948051948e-01,523,524,3.6856130882104848e-04,water_sfc_temperature:0_m:K
431,6,2.2050000000000000e+02,1.5555555555555562e-02,747,748,1.8500881834215217e-04,wave_direction:0_m:degrees
432,4,1.6791648268699646e+00,3.2115384615384622e-02,1529,1530,1.7629437869822904e-04,mixing_ratio:18.4_m:g_kg-1
433,12,-1.6504425555467606e-02,1.5821428571428570e-01,561,562,9.8609693877552140e-04,bulk_richardson:18.4_m:none
434,7,1.7500000000000000e+00,1.8390243902439024e-01,1043,1044,5.6038072575843173e-04,wave_height:0_m:m
435,4,7.7943712472915649e-01,1.3538461538461538e-01,961,962,8.8639053254437744e-04,mixing_ratio:18.4_m:g_kg-1
436,8,4.8500001430511475e+00,9.0000000000000024e-02,999,1000,4.9999999999999524e-04,wave_period:0_m:s
437,10,1.0775855541229248e+01,3.2336448598130840e-02,475,476,3.5996156869595578e-04,wind_speed:18.4_m:m_s-1
438,10,8.6408724784851074e+00,4.6055555555555502e-02,439,440,2.9166358024691925e-04,wind_speed:18.4_m:m_s-1
439,12,-1.0863811150193214e-01,4.1730769230769175e-02,633,634,2.2661982248521639e-04,bulk_richardson:18.4_m:none
440,12,-7.8897789120674133e-02,5.7299999999999976e-02,723,724,2.8570999999999458e-04,bulk_richardson:18.4_m:none
441,10,1.0165561199188232e+01,4.3555555555555556e-02,947,948,3.2513580246913655e-04,wind_speed:18.4_m:m_s-1
442,-2,-2.0000000000000000e+00,1.7407407407407406e-02,-1,-1,1.4513031550068530e-04,wind_direction:18.4_m:degrees
443,10,6.5197629928588867e+00,6.2407407407407404e-02,785,786,4.1457475994513071e-04,wind_speed:18.4_m:m_s-1
444,3,1.0226000061035156e+03,4.3257142857142841e-02,1383,1384,2.2196244897959593e-04,pressure:18.4_m:hPa
445,9,8.7976566314697266e+01,7.6250000000000026e-02,881,882,5.2656249999999578e-04,angle_between_wind_wave:0_m:degrees
446,8,4.8500001430511475e+00,9.7968749999999993e-02,817,818,6.5368652343751610e-04,wave_period:0_m:s
447,0,6.8363574981689453e+01,9.5714285714285724e-02,1695,1696,4.1020408163265284e-04,zenith:0_m:degrees
448,3,1.0148500061035156e+03,1.3351351351351354e-01,621,622,7.2549306062818716e-04,pressure:18.4_m:hPa
449,5,9.8350002288818359e+01,1.8433591423466225e-03,451,452,1.1777534452319006e-04,relative_humidity:18.4_m:%
450,12,-4.8822453245520592e-02,-1.4107699154428108e-03,779,780,6.8192193755248025e-05,bulk_richardson:18.4_m:none
451,10,5.2682349681854248e+00,2.8351573187414352e-03,457,458,7.4075426069642063e-05,wind_speed:18.4_m:m_s-1
452,7,1.2500000000000000e+00,-4.8387096774193551e-03,453,454,3.6091868589266694e-04,wave_height:0_m:m
453,5,1.0050000000000000e+02,-1.9830028328611930e-04,777,778,9.8827532521727988e-05,relative_humidity:18.4_m:%
454,1,2.9083280944824219e+02,-2.5061728395061739e-02,455,456,1.0003048315805506e-03,azimuth:0_m:degrees
455,6,1.8850000000000000e+02,-1.8529411764705888e-02,899,900,7.4195501730103829e-04,wave_direction:0_m:degrees
456,4,7.7944774627685547e+00,-5.9230769230769226e-02,687,688,9.6094674556212534e-04,mixing_ratio:18.4_m:g_kg-1
457,3,9.9429998779296875e+02,1.5479452054794490e-03,1817,1818,4.5686057421655310e-05,pressure:18.4_m:hPa
458,12,-9.2962659895420074e-02,6.6757493188010714e-03,459,460,1.3908559719056458e-04,bulk_richardson:18.4_m:none
459,2,2.9343501281738281e+02,2.9666666666666681e-02,1335,1336,2.3655555555555463e-04,water_sfc_temperature:0_m:K
460,12,-5.9759674593806267e-02,4.6290801186943580e-03,1309,1310,7.9165089064798226e-05,bulk_richardson:18.4_m:none
461,11,3.1505999755859375e+02,4.2207792207792208e-02,583,584,5.1850227694383321e-04,wind_direction:18.4_m:degrees
462,9,8.9655086517333984e+01,7.3333333333333348e-02,1497,1498,3.5555555555556295e-04,angle_between_wind_wave:0_m:degrees
463,9,8.7901470184326172e+01,-1.9219219219219134e-03,1215,1216,9.6726636546456071e-05,angle_between_wind_wave:0_m:degrees
464,3,9.9139999389648438e+02,-5.0288794763187787e-03,931,932,1.0809504583722273e-04,pressure:18.4_m:hPa
465,8,5.0499999523162842e+00,4.5384615384615384e-02,737,738,2.8199492814877641e-04,wave_period:0_m:s
466,8,6.5000000000000000e+00,6.5535714285714294e-02,887,888,3.3899872448979722e-04,wave_period:0_m:s
467,5,8.0849998474121094e+01,9.1538461538461555e-02,603,604,5.0752324598479434e-04,relative_humidity:18.4_m:%
468,-2,-2.0000000000000000e+00,5.9374999999999997e-02,-1,-1,1.1835937500001385e-04,wind_direction:18.4_m:degrees
469,7,5.5000001192092896e-01,7.1320754716981113e-02,997,998,4.1523673905304037e-04,wave_height:0_m:m
470,-2,-2.0000000000000000e+00,9.7352941176470614e-02,-1,-1,2.4887543252596379e-04,wind_direction:18.4_m:degrees
471,12,-1.7215231433510780e-02,3.1122448979591832e-02,511,512,3.5078092461474498e-04,bulk_richardson:18.4_m:none
472,12,-2.4210225790739059e-02,1.4300000000000005e-02,485,486,3.1051000000000125e-04,bulk_richardson:18.4_m:none
473,12,-2.3269692435860634e-02,1.1400000000000000e-02,925,926,2.3684000000000026e-04,bulk_richardson:18.4_m:none
474,12,-9.4340998679399490e-02,2.5346534653465355e-02,1713,1714,1.0210763650622733e-04,bulk_richardson:18.4_m:none
475,1,1.0778992843627930e+02,2.5569620253164563e-02,629,630,2.1454895048870375e-04,azimuth:0_m:degrees
476,5,4.9799999237060547e+01,5.1428571428571442e-02,1393,1394,2.7653061224489767e-04,relative_humidity:18.4_m:%
477,12,-9.9990583956241608e-02,1.3857142857142860e-01,755,756,5.1383219954647188e-04,bulk_richardson:18.4_m:none
478,-2,-2.0000000000000000e+00,8.3999999999999991e-02,-1,-1,2.4000000000020533e-05,wind_direction:18.4_m:degrees
479,-2,-2.0000000000000000e+00,6.5652173913043482e-02,-1,-1,1.8979206049149315e-04,wind_direction:18.4_m:degrees
480,-2,-2.0000000000000000e+00,3.1666666666666669e-02,-1,-1,6.3888888888888719e-05,wind_direction:18.4_m:degrees
481,3,1.0006999816894531e+03,-7.1978021978022005e-03,843,844,6.0478505011472079e-04,pressure:18.4_m:hPa
482,-2,-2.0000000000000000e+00,-8.9999999999999997e-02,-1,-1,-3.9898639947466563e-17,wind_direction:18.4_m:degrees
483,1,2.8784149169921875e+02,8.3673469387755134e-02,487,488,6.9670970428988184e-04,azimuth:0_m:degrees
484,6,1.6800000000000000e+02,1.2083333333333335e-01,867,868,6.5763888888889337e-04,wave_direction:0_m:degrees
485,-2,-2.0000000000000000e+00,3.5909090909090911e-02,-1,-1,2.0599173553719017e-04,wind_direction:18.4_m:degrees
486,12,-1.2760166544467211e-02,8.2051282051282069e-03,1369,1370,1.7113740959894783e-04,bulk_richardson:18.4_m:none
487,11,2.8481500244140625e+02,7.5384615384615383e-02,1079,1080,4.9664694280078612e-04,wind_direction:18.4_m:degrees
488,-2,-2.0000000000000000e+00,1.1600000000000002e-01,-1,-1,1.6399999999998707e-04,wind_direction:18.4_m:degrees
489,12,-4.1925946716219187e-03,6.6538461538461560e-02,1593,1594,3.3032544378698136e-04,bulk_richardson:18.4_m:none
490,-2,-2.0000000000000000e+00,5.0000000000000001e-03,-1,-1,2.5000000000004856e-05,wind_direction:18.4_m:degrees
491,-2,-2.0000000000000000e+00,-5.0000000000000003e-02,-1,-1,1.9999999999999966e-04,wind_direction:18.4_m:degrees
492,7,9.4999998807907104e-01,-1.3553398058252383e-02,669,670,1.7941219719106566e-04,wave_height:0_m:m
493,3,1.0149500122070312e+03,-8.2629107981220633e-03,529,530,1.9087923471974286e-04,pressure:18.4_m:hPa
494,5,8.7399997711181641e+01,-1.7521367521367522e-02,495,496,4.2889911607860560e-04,relative_humidity:18.4_m:%
495,0,1.4924280548095703e+02,-1.2176470588235299e-02,1203,1204,2.7349826989619372e-04,zenith:0_m:degrees
496,3,1.0111999816894531e+03,-3.1718750000000018e-02,497,498,5.6423339843749971e-04,pressure:18.4_m:hPa
497,1,1.2072368621826172e+02,-3.1250000000000006e-03,1251,1252,5.9648437500000012e-04,azimuth:0_m:degrees
498,3,1.0126499938964844e+03,-4.1250000000000002e-02,875,876,1.9010416666666438e-04,pressure:18.4_m:hPa
499,5,5.5300001144409180e+01,1.4368421052631578e-01,725,726,8.6537396121883978e-04,relative_humidity:18.4_m:%
500,3,1.0226000061035156e+03,1.7656250000000004e-01,715,716,9.2880859375001762e-04,pressure:18.4_m:hPa
501,12,-1.0600003600120544e-01,1.7857142857142858e-01,1133,1134,5.4081632653061457e-04,bulk_richardson:18.4_m:none
502,11,3.1038000488281250e+02,2.1666666666666667e-01,909,910,7.3055555555556762e-04,wind_direction:18.4_m:degrees
503,-2,-2.0000000000000000e+00,3.6896551724137930e-02,-1,-1,1.3174791914387710e-04,wind_direction:18.4_m:degrees
504,-2,-2.0000000000000000e+00,2.3529411764705885e-03,-1,-1,4.1522491349481081e-05,wind_direction:18.4_m:degrees
505,11,3.0750000000000000e+02,1.7210526315789471e-01,1581,1582,4.0609418282550047e-04,wind_direction:18.4_m:degrees
506,1,1.1665550613403320e+02,2.0341463414634151e-01,507,508,9.2980368828082804e-04,azimuth:0_m:degrees
507,-2,-2.0000000000000000e+00,1.5600000000000000e-01,-1,-1,3.8399999999999893e-04,wind_direction:18.4_m:degrees
508,4,1.6953780055046082e+00,2.1000000000000005e-01,1055,1056,6.4999999999998392e-04,mixing_ratio:18.4_m:g_kg-1
509,8,4.8500001430511475e+00,1.0818713450292403e-02,599,600,3.3383263226291834e-04,wave_period:0_m:s
510,5,6.2700000762939453e+01,-3.5416666666666665e-03,1063,1064,2.9578993055555608e-04,relative_humidity:18.4_m:%
511,1,5.3883937835693359e+01,4.0517241379310363e-02,757,758,3.1180142687276869e-04,azimuth:0_m:degrees
512,-2,-2.0000000000000000e+00,1.7500000000000005e-02,-1,-1,9.3750000000001384e-05,wind_direction:18.4_m:degrees
513,4,3.9967216253280640e+00,-9.6062992125984306e-03,1567,1568,2.0063240126480240e-04,mixing_ratio:18.4_m:g_kg-1
514,0,1.3395806884765625e+02,-4.0000000000000008e-02,1461,1462,3.4666666666666700e-04,zenith:0_m:degrees
515,12,-3.9983816444873810e-02,2.8157894736842114e-02,1769,1770,1.5713296398891965e-04,bulk_richardson:18.4_m:none
516,-2,-2.0000000000000000e+00,7.1250000000000008e-02,-1,-1,2.1093749999999412e-04,wind_direction:18.4_m:degrees
517,11,3.2427000427246094e+02,3.5085227272727178e-02,519,520,3.8067455449380732e-04,wind_direction:18.4_m:degrees
518,-2,-2.0000000000000000e+00,1.1304347826086957e-02,-1,-1,1.6786389413985463e-04,wind_direction:18.4_m:degrees
519,4,2.1595587730407715e+00,3.0454545454545432e-02,871,872,2.7376033057851851e-04,mixing_ratio:18.4_m:g_kg-1
520,10,1.0041001796722412e+01,4.5272727272727270e-02,521,522,4.6492561983472449e-04,wind_speed:18.4_m:m_s-1
521,-2,-2.0000000000000000e+00,2.5750000000000012e-02,-1,-1,1.2443749999999955e-04,wind_direction:18.4_m:degrees
522,6,2.0750000000000000e+02,5.6428571428571439e-02,565,566,3.1724489795918395e-04,wave_direction:0_m:degrees
523,5,3.7649999618530273e+01,1.1616666666666665e-01,1357,1358,2.3697222222222696e-04,relative_humidity:18.4_m:%
524,-2,-2.0000000000000000e+00,8.5882352941176479e-02,-1,-1,1.1833910034599916e-04,wind_direction:18.4_m:degrees
525,0,1.0380429458618164e+02,1.2411764705882355e-01,911,912,6.7128027681661109e-04,zenith:0_m:degrees
526,-2,-2.0000000000000000e+00,1.8000000000000002e-01,-1,-1,1.5999999999997266e-04,wind_direction:18.4_m:degrees
527,6,2.3350000000000000e+02,7.7692307692307699e-02,787,788,5.3775147928994231e-04,wave_direction:0_m:degrees
528,-2,-2.0000000000000000e+00,4.3333333333333335e-02,-1,-1,3.8888888888902748e-05,wind_direction:18.4_m:degrees
529,6,1.9850000000000000e+02,-4.8333333333333362e-03,1085,1086,1.6697222222222227e-04,wave_direction:0_m:degrees
530,5,8.7950000762939453e+01,-1.6428571428571438e-02,1227,1228,1.5311791383220048e-04,relative_humidity:18.4_m:%
531,1,2.9403022766113281e+02,3.7721518987341773e-02,661,662,3.1632751161672721e-04,azimuth:0_m:degrees
532,7,1.3499999642372131e+00,6.6111111111111107e-02,1165,1166,3.6820987654321343e-04,wave_height:0_m:m
533,7,3.5000000894069672e-01,3.1058823529411771e-02,1125,1126,2.4946712802768119e-04,wave_height:0_m:m
534,-2,-2.0000000000000000e+00,2.3529411764705880e-03,-1,-1,1.1211072664359789e-04,wind_direction:18.4_m:degrees
535,12,-4.8543820157647133e-02,2.5600000000000001e-01,2015,2016,3.4400000000001096e-04,bulk_richardson:18.4_m:none
536,4,1.1056562066078186e+00,2.1890909090909089e-01,1037,1038,5.7699173553719951e-04,mixing_ratio:18.4_m:g_kg-1
537,6,2.1400000000000000e+02,5.1200000000000009e-02,1801,1802,1.7855999999999992e-04,wave_direction:0_m:degrees
538,10,3.5142744779586792e+00,2.8095238095238090e-02,729,730,2.0113378684807469e-04,wind_speed:18.4_m:m_s-1
539,12,-4.5452114194631577e-02,6.6666666666666666e-02,1545,1546,3.9555555555555524e-04,bulk_richardson:18.4_m:none
540,10,1.1198215961456299e+01,3.4791666666666679e-02,1883,1884,1.6662326388888695e-04,wind_speed:18.4_m:m_s-1
541,2,2.8981500244140625e+02,3.8314606741572999e-02,923,924,2.5783360686782233e-04,water_sfc_temperature:0_m:K
542,9,8.9547565460205078e+01,2.7150259067357491e-02,1035,1036,1.8928830304170232e-04,angle_between_wind_wave:0_m:degrees
543,10,8.1949968338012695e+00,1.2681564245810050e-02,1423,1424,1.7158016291626398e-04,wind_speed:18.4_m:m_s-1
544,2,2.9141000366210938e+02,1.9650655021834058e-03,1135,1136,1.0836559180793685e-04,water_sfc_temperature:0_m:K
545,-2,-2.0000000000000000e+00,4.3333333333333335e-02,-1,-1,2.2222222222222088e-05,wind_direction:18.4_m:degrees
546,10,1.3138098716735840e+01,1.1058823529411767e-01,1739,1740,1.8200692041522165e-04,wind_speed:18.4_m:m_s-1
547,-2,-2.0000000000000000e+00,4.4999999999999998e-02,-1,-1,2.5000000000000282e-05,wind_direction:18.4_m:degrees
548,-2,-2.0000000000000000e+00,1.0500000000000001e-01,-1,-1,4.9999999999994493e-05,wind_direction:18.4_m:degrees
549,-2,-2.0000000000000000e+00,6.3114754098360683e-03,-1,-1,6.7542327331362439e-05,wind_direction:18.4_m:degrees
550,5,5.6750000000000000e+01,1.9079754601226989e-02,859,860,1.8749670668824714e-04,relative_humidity:18.4_m:%
551,7,2.1499999761581421e+00,2.9909090909090907e-01,989,990,5.9008264462812043e-04,wave_height:0_m:m
552,-2,-2.0000000000000000e+00,2.4500000000000000e-01,-1,-1,1.2499999999997929e-04,wind_direction:18.4_m:degrees
553,5,8.9950000762939453e+01,-1.9611197511663986e-02,573,574,2.3888460245399286e-04,relative_humidity:18.4_m:%
554,6,2.1950000000000000e+02,-2.5772058823529294e-02,555,556,4.0160980752595294e-04,wave_direction:0_m:degrees
555,10,9.8875250816345215e+00,-2.4403846153846064e-02,677,678,1.7656767751480064e-04,wind_speed:18.4_m:m_s-1
556,11,1.9247000122070312e+02,-5.5416666666666677e-02,557,558,4.3581597222222216e-03,wind_direction:18.4_m:degrees
557,-2,-2.0000000000000000e+00,-2.3000000000000001e-01,-1,-1,0.0000000000000000e+00,wind_direction:18.4_m:degrees
558,5,7.9200000762939453e+01,-3.9545454545454550e-02,559,560,1.7316115702479321e-03,relative_humidity:18.4_m:%
559,-2,-2.0000000000000000e+00,-1.4999999999999999e-01,-1,-1,0.0000000000000000e+00,wind_direction:18.4_m:degrees
560,11,2.0958499908447266e+02,-2.8499999999999998e-02,833,834,5.6274999999999967e-04,wind_direction:18.4_m:degrees
561,1,1.9301969909667969e+02,1.6092592592592594e-01,617,618,7.9358710562414669e-04,azimuth:0_m:degrees
562,-2,-2.0000000000000000e+00,8.4999999999999992e-02,-1,-1,6.2500000000014107e-04,wind_direction:18.4_m:degrees
563,3,1.0223500061035156e+03,3.2718239886444195e-03,815,816,1.0292185337994975e-04,pressure:18.4_m:hPa
564,-2,-2.0000000000000000e+00,1.3196721311475418e-02,-1,-1,1.4142031711905585e-04,wind_direction:18.4_m:degrees
565,0,7.8479015350341797e+01,7.2222222222222243e-02,1715,1716,1.6543209876542907e-04,zenith:0_m:degrees
566,1,1.9949356842041016e+02,4.6511627906976744e-02,1477,1478,1.5759870200108021e-04,azimuth:0_m:degrees
567,7,1.2500000000000000e+00,5.9166666666666673e-02,1667,1668,1.9097222222222345e-04,wave_height:0_m:m
568,-2,-2.0000000000000000e+00,3.0476190476190476e-02,-1,-1,1.7596371882085983e-04,wind_direction:18.4_m:degrees
569,7,9.0000000596046448e-01,2.6250000000000002e-02,915,916,2.0343750000000017e-04,wave_height:0_m:m
570,2,2.8785000610351562e+02,4.4960629921259841e-02,1181,1182,2.2814805629611584e-04,water_sfc_temperature:0_m:K
571,-2,-2.0000000000000000e+00,1.3375000000000001e-01,-1,-1,1.4843749999999753e-04,wind_direction:18.4_m:degrees
572,5,4.9950000762939453e+01,9.5918367346938774e-02,609,610,6.2619741774260981e-04,relative_humidity:18.4_m:%
573,11,1.8639500427246094e+02,-1.1360000000000007e-02,597,598,2.9175039999999977e-04,wind_direction:18.4_m:degrees
574,12,2.1981057943776250e-03,-2.1602316602316530e-02,575,576,2.0573373980710511e-04,bulk_richardson:18.4_m:none
575,6,1.8150000000000000e+02,-6.8181818181818196e-03,2045,2046,1.5123966942148754e-04,wave_direction:0_m:degrees
576,10,1.0071321010589600e+01,-2.4627906976744114e-02,803,804,1.6300108166577101e-04,wind_speed:18.4_m:m_s-1
577,4,1.1195906162261963e+01,-5.3783783783783769e-02,643,644,2.7397126856586575e-04,mixing_ratio:18.4_m:g_kg-1
578,5,9.8649997711181641e+01,-8.1250000000000017e-02,1397,1398,3.8593750000001127e-04,relative_humidity:18.4_m:%
579,4,1.1082237958908081e+00,1.1714285714285715e-01,1485,1486,8.7755102040816373e-04,mixing_ratio:18.4_m:g_kg-1
580,1,5.0134756088256836e+01,1.4970588235294119e-01,1517,1518,4.6756055363321100e-04,azimuth:0_m:degrees
581,-2,-2.0000000000000000e+00,5.8235294117647052e-02,-1,-1,7.3356401384084072e-05,wind_direction:18.4_m:degrees
582,-2,-2.0000000000000000e+00,9.2777777777777792e-02,-1,-1,1.8672839506172698e-04,wind_direction:18.4_m:degrees
583,8,5.4500000476837158e+00,5.2000000000000005e-02,1315,1316,4.0266666666666706e-04,wave_period:0_m:s
584,3,1.0245499877929688e+03,2.8437500000000001e-02,877,878,3.5693359374999885e-04,pressure:18.4_m:hPa
585,0,8.0963069915771484e+01,1.2400000000000000e-01,771,772,4.4399999999999128e-04,zenith:0_m:degrees
586,-2,-2.0000000000000000e+00,1.6571428571428573e-01,-1,-1,1.1020408163271017e-04,wind_direction:18.4_m:degrees
587,6,2.1700000000000000e+02,7.7142857142857152e-02,1689,1690,4.4897959183673366e-04,wave_direction:0_m:degrees
588,-2,-2.0000000000000000e+00,3.5500000000000011e-02,-1,-1,1.1474999999999853e-04,wind_direction:18.4_m:degrees
589,11,2.8618499755859375e+02,2.8421052631578948e-02,1421,1422,2.6592797783933522e-04,wind_direction:18.4_m:degrees
590,-2,-2.0000000000000000e+00,-7.6923076923076927e-03,-1,-1,3.4082840236686362e-04,wind_direction:18.4_m:degrees
591,6,1.9200000000000000e+02,-3.4545454545454539e-02,1011,1012,6.7933884297520660e-04,wave_direction:0_m:degrees
592,-2,-2.0000000000000000e+00,7.0000000000000007e-02,-1,-1,8.6736173798840355e-19,wind_direction:18.4_m:degrees
593,11,2.5497500610351562e+02,4.2000000000000010e-02,1897,1898,2.4266666666666620e-04,wind_direction:18.4_m:degrees
594,0,4.9786447525024414e+01,1.4210526315789479e-02,1373,1374,1.3385041551246490e-04,zenith:0_m:degrees
595,-2,-2.0000000000000000e+00,8.1428571428571433e-02,-1,-1,1.6938775510204080e-04,wind_direction:18.4_m:degrees
596,2,2.7626499938964844e+02,1.1076923076923077e-01,2009,2010,2.3171597633137204e-04,water_sfc_temperature:0_m:K
597,3,1.0108500061035156e+03,-2.9583333333333340e-02,1613,1614,3.0399305555555540e-04,pressure:18.4_m:hPa
598,12,3.6157661816105247e-04,-7.0297029702970307e-03,995,996,1.9117733555533753e-04,bulk_richardson:18.4_m:none
599,11,2.5468500518798828e+02,-7.8431372549019626e-04,2005,2006,1.2095347943098807e-04,wind_direction:18.4_m:degrees
600,0,6.1867382049560547e+01,1.5750000000000011e-02,825,826,3.4277083333333306e-04,zenith:0_m:degrees
601,5,7.2149997711181641e+01,1.2000000000000000e-01,1027,1028,1.7999999999999995e-03,relative_humidity:18.4_m:%
602,12,-7.4137276969850063e-03,5.8333333333333348e-02,1569,1570,2.8055555555555559e-04,bulk_richardson:18.4_m:none
603,12,-4.1544411331415176e-02,8.8571428571428579e-02,851,852,4.2891156462585012e-04,bulk_richardson:18.4_m:none
604,-2,-2.0000000000000000e+00,1.2714285714285714e-01,-1,-1,7.7551020408080096e-05,wind_direction:18.4_m:degrees
605,12,-1.2459684628993273e-02,1.2181818181818188e-02,1089,1090,2.3402754820936637e-04,bulk_richardson:18.4_m:none
606,-2,-2.0000000000000000e+00,3.2142857142857147e-02,-1,-1,1.4540816326530869e-04,wind_direction:18.4_m:degrees
607,-2,-2.0000000000000000e+00,-5.9829059829059818e-04,-1,-1,3.4684783402732119e-05,wind_direction:18.4_m:degrees
608,11,2.8293499755859375e+02,9.3773584905660293e-03,695,696,1.7338590245639089e-04,wind_direction:18.4_m:degrees
609,6,2.4150000000000000e+02,8.7037037037037024e-02,855,856,4.2085048010974142e-04,wave_direction:0_m:degrees
610,12,-4.4701686128973961e-02,1.0681818181818183e-01,611,612,6.6260330578511890e-04,bulk_richardson:18.4_m:none
611,10,1.0984179496765137e+01,1.1428571428571431e-01,1111,1112,5.3877551020409080e-04,wind_speed:18.4_m:m_s-1
612,-2,-2.0000000000000000e+00,7.7777777777777793e-02,-1,-1,8.3950617283923799e-05,wind_direction:18.4_m:degrees
613,11,3.2567500305175781e+02,6.9999999999999993e-02,1565,1566,3.3333333333333392e-04,wind_direction:18.4_m:degrees
614,3,1.0266499633789062e+03,1.0027777777777780e-01,1021,1022,2.8603395061728605e-04,pressure:18.4_m:hPa
615,-2,-2.0000000000000000e+00,-3.7058823529411762e-02,-1,-1,1.2664359861591710e-04,wind_direction:18.4_m:degrees
616,11,2.2819000244140625e+02,-1.1428571428571434e-02,1341,1342,2.4521193092621660e-04,wind_direction:18.4_m:degrees
617,11,2.9132499694824219e+02,1.5236842105263157e-01,891,892,5.3386426592796909e-04,wind_direction:18.4_m:degrees
618,10,1.6835370063781738e+01,1.8124999999999999e-01,895,896,8.2343750000000299e-04,wind_speed:18.4_m:m_s-1
619,-2,-2.0000000000000000e+00,2.7826086956521740e-02,-1,-1,1.1266540642722105e-04,wind_direction:18.4_m:degrees
620,4,2.3935437202453613e+00,5.1451612903225807e-02,885,886,2.8982830385015706e-04,mixing_ratio:18.4_m:g_kg-1
621,1,2.4463159942626953e+02,1.2971428571428573e-01,863,864,4.9991836734694303e-04,azimuth:0_m:degrees
622,-2,-2.0000000000000000e+00,2.0000000000000001e-01,-1,-1,-9.0205620750793969e-17,wind_direction:18.4_m:degrees
623,-2,-2.0000000000000000e+00,1.7249999999999999e-01,-1,-1,1.1875000000001468e-04,wind_direction:18.4_m:degrees
624,-2,-2.0000000000000000e+00,7.0000000000000007e-02,-1,-1,-2.0816681711721685e-17,wind_direction:18.4_m:degrees
625,4,2.9938950538635254e+00,9.7682926829268296e-02,801,802,3.4219214753123013e-04,mixing_ratio:18.4_m:g_kg-1
626,-2,-2.0000000000000000e+00,1.3000000000000003e-01,-1,-1,4.0000000000040004e-05,wind_direction:18.4_m:degrees
627,2,2.8693501281738281e+02,8.2368421052631605e-02,651,652,3.9702216066482207e-04,water_sfc_temperature:0_m:K
628,-2,-2.0000000000000000e+00,1.7999999999999999e-01,-1,-1,-7.6327832942979512e-17,wind_direction:18.4_m:degrees
629,-2,-2.0000000000000000e+00,8.6956521739130436e-03,-1,-1,8.9603024574669193e-05,wind_direction:18.4_m:degrees
630,-2,-2.0000000000000000e+00,3.2500000000000008e-02,-1,-1,1.0089285714285647e-04,wind_direction:18.4_m:degrees
631,7,1.3499999642372131e+00,2.3571428571428577e-02,1049,1050,2.2295918367346902e-04,wave_height:0_m:m
632,4,5.1023900508880615e+00,4.6326530612244905e-02,1445,1446,2.0283215326947221e-04,mixing_ratio:18.4_m:g_kg-1
633,5,6.5250000000000000e+01,5.4166666666666669e-02,1799,1800,2.0763888888888828e-04,relative_humidity:18.4_m:%
634,1,1.8205416107177734e+02,3.8915094339622633e-02,1199,1200,1.8797392310431296e-04,azimuth:0_m:degrees
635,-2,-2.0000000000000000e+00,8.5294117647058840e-02,-1,-1,2.4844290657439257e-04,wind_direction:18.4_m:degrees
636,3,1.0168500061035156e+03,1.1342857142857145e-01,1197,1198,3.6538775510203472e-04,pressure:18.4_m:hPa
637,10,1.0324452400207520e+01,1.6800000000000002e-02,1527,1528,1.8975999999999981e-04,wind_speed:18.4_m:m_s-1
638,-2,-2.0000000000000000e+00,4.2187500000000010e-02,-1,-1,9.8339843749998277e-05,wind_direction:18.4_m:degrees
639,2,2.8472000122070312e+02,-4.5853658536585351e-02,641,642,3.9500297441998934e-04,water_sfc_temperature:0_m:K
640,10,1.1980534553527832e+01,-2.0625000000000001e-02,1051,1052,3.8085937500001275e-04,wind_speed:18.4_m:m_s-1
641,10,9.9365577697753906e+00,-5.8723404255319162e-02,1379,1380,4.1964689904934200e-04,wind_speed:18.4_m:m_s-1
642,10,1.0367655277252197e+01,-3.7894736842105266e-02,821,822,2.1398891966759276e-04,wind_speed:18.4_m:m_s-1
643,10,1.1951330184936523e+01,-5.2568807339449526e-02,1191,1192,1.9707095362343514e-04,wind_speed:18.4_m:m_s-1
644,-2,-2.0000000000000000e+00,-1.2000000000000000e-01,-1,-1,-8.5001450322863548e-17,wind_direction:18.4_m:degrees
645,8,5.7500000000000000e+00,1.4111111111111110e-01,1099,1100,4.9876543209875085e-04,wave_period:0_m:s
646,6,2.3150000000000000e+02,1.7727272727272725e-01,1163,1164,5.8347107438017770e-04,wave_direction:0_m:degrees
647,2,2.7970500183105469e+02,-4.3310344827586202e-02,853,854,2.5938644470867821e-04,water_sfc_temperature:0_m:K
648,12,2.5818432681262493e-02,-2.8363636363636372e-02,897,898,3.4095867768595643e-04,bulk_richardson:18.4_m:none
649,-2,-2.0000000000000000e+00,6.4444444444444457e-02,-1,-1,1.8024691358024640e-04,wind_direction:18.4_m:degrees
650,-2,-2.0000000000000000e+00,1.0190476190476191e-01,-1,-1,1.8684807256236398e-04,wind_direction:18.4_m:degrees
651,-2,-2.0000000000000000e+00,9.2692307692307713e-02,-1,-1,1.1967455621301158e-04,wind_direction:18.4_m:degrees
652,1,1.6374642181396484e+02,6.0000000000000005e-02,1867,1868,2.6666666666666896e-04,azimuth:0_m:degrees
653,-2,-2.0000000000000000e+00,5.0000000000000003e-02,-1,-1,2.8888888888888801e-04,wind_direction:18.4_m:degrees
654,-2,-2.0000000000000000e+00,9.2999999999999999e-02,-1,-1,2.4099999999999469e-04,wind_direction:18.4_m:degrees
655,2,2.8194000244140625e+02,3.0975609756097557e-02,1635,1636,1.0311322625421420e-04,water_sfc_temperature:0_m:K
656,10,8.3018836975097656e+00,1.3684210526315795e-02,1815,1816,1.6537396121883734e-04,wind_speed:18.4_m:m_s-1
657,11,2.1797500610351562e+02,-6.6423357664233606e-03,1361,1362,1.2157280622302722e-04,wind_direction:18.4_m:degrees
658,2,2.9105999755859375e+02,-1.7581699346405230e-02,659,660,3.9480541672006538e-04,water_sfc_temperature:0_m:K
659,11,1.8097499847412109e+02,-1.3008849557522127e-02,689,690,3.7678753230480062e-04,wind_direction:18.4_m:degrees
660,4,1.2862672328948975e+01,-3.0500000000000006e-02,1367,1368,2.1975000000000065e-04,mixing_ratio:18.4_m:g_kg-1
661,4,1.5952476263046265e+00,4.0133333333333340e-02,1119,1120,2.1731555555555603e-04,mixing_ratio:18.4_m:g_kg-1
662,-2,-2.0000000000000000e+00,-7.4999999999999997e-03,-1,-1,1.8749999999985534e-05,wind_direction:18.4_m:degrees
663,4,3.0248242616653442e+00,1.3909090909090910e-01,665,666,6.7190082644626864e-04,mixing_ratio:18.4_m:g_kg-1
664,0,1.4073197937011719e+02,1.1521739130434784e-01,1017,1018,4.9451795841210823e-04,zenith:0_m:degrees
665,-2,-2.0000000000000000e+00,1.5999999999999998e-01,-1,-1,3.1764705882354402e-04,wind_direction:18.4_m:degrees
666,9,9.0431350708007812e+01,1.2592592592592597e-01,1019,1020,4.4636488340190836e-04,angle_between_wind_wave:0_m:degrees
667,7,1.5000000000000000e+00,8.9999999999999983e-02,1013,1014,3.8333333333333622e-04,wave_height:0_m:m
668,2,2.8729499816894531e+02,6.8289473684210539e-02,671,672,3.6417936288088600e-04,water_sfc_temperature:0_m:K
669,-2,-2.0000000000000000e+00,-9.2622950819672110e-03,-1,-1,1.1666890620800874e-04,wind_direction:18.4_m:degrees
670,5,9.6250000000000000e+01,-1.7416974169741681e-02,1229,1230,2.0439808826132843e-04,relative_humidity:18.4_m:%
671,4,2.9433190822601318e+00,6.5492957746478869e-02,1825,1826,2.6137671097004218e-04,mixing_ratio:18.4_m:g_kg-1
672,-2,-2.0000000000000000e+00,1.0800000000000001e-01,-1,-1,1.3600000000000764e-04,wind_direction:18.4_m:degrees
673,3,1.0036499938964844e+03,5.4794520547945180e-04,1029,1030,1.1985631182478622e-04,pressure:18.4_m:hPa
674,0,6.4404521942138672e+01,-1.4615384615384617e-02,675,676,4.7613412228797057e-04,zenith:0_m:degrees
675,-2,-2.0000000000000000e+00,-8.0000000000000002e-02,-1,-1,-8.6736173798840355e-19,wind_direction:18.4_m:degrees
676,5,5.1250000000000000e+01,-9.1666666666666667e-03,1707,1708,1.2986111111111084e-04,relative_humidity:18.4_m:%
677,-2,-2.0000000000000000e+00,-2.0042194092826985e-02,-1,-1,1.1771973864587284e-04,wind_direction:18.4_m:degrees
678,12,6.7123218905180693e-03,-2.8056537102473463e-02,679,680,1.9657630885640905e-04,bulk_richardson:18.4_m:none
679,8,3.9500000476837158e+00,-2.3459459459459445e-02,1057,1058,1.5451862673484347e-04,wave_period:0_m:s
680,4,1.2377002239227295e+01,-3.6734693877551024e-02,1537,1538,1.6076634735527574e-04,mixing_ratio:18.4_m:g_kg-1
681,11,3.1173999023437500e+02,4.0416666666666663e-02,1645,1646,2.3732638888888827e-04,wind_direction:18.4_m:degrees
682,-2,-2.0000000000000000e+00,8.3333333333333332e-03,-1,-1,6.3888888888888543e-05,wind_direction:18.4_m:degrees
683,12,-6.0819251462817192e-02,1.3722222222222225e-01,1551,1552,2.6450617283951122e-04,bulk_richardson:18.4_m:none
684,-2,-2.0000000000000000e+00,1.8500000000000000e-01,-1,-1,7.5000000000005618e-05,wind_direction:18.4_m:degrees
685,10,1.6991034507751465e+01,2.3384615384615384e-01,1861,1862,5.1597633136094695e-04,wind_speed:18.4_m:m_s-1
686,-2,-2.0000000000000000e+00,1.6499999999999998e-01,-1,-1,2.2500000000001685e-04,wind_direction:18.4_m:degrees
687,-2,-2.0000000000000000e+00,-7.2999999999999982e-02,-1,-1,4.2100000000000384e-04,wind_direction:18.4_m:degrees
688,-2,-2.0000000000000000e+00,-1.3333333333333334e-02,-1,-1,2.2222222222223009e-05,wind_direction:18.4_m:degrees
689,5,9.9299999237060547e+01,-2.5714285714285721e-02,691,692,4.7591836734693822e-04,relative_humidity:18.4_m:%
690,10,1.2643270969390869e+01,-7.3076923076923067e-03,1081,1082,2.2736686390532573e-04,wind_speed:18.4_m:m_s-1
691,11,1.6776499938964844e+02,-2.9696969696969704e-02,1117,1118,2.2718089990817229e-04,wind_direction:18.4_m:degrees
692,-2,-2.0000000000000000e+00,4.0000000000000001e-02,-1,-1,-1.0842021724855044e-18,wind_direction:18.4_m:degrees
693,-2,-2.0000000000000000e+00,2.0000000000000000e-02,-1,-1,9.9999999999999991e-05,wind_direction:18.4_m:degrees
694,5,7.2750000000000000e+01,8.6818181818181808e-02,1701,1702,2.4896694214875722e-04,relative_humidity:18.4_m:%
695,2,2.8234500122070312e+02,1.1757105943152440e-02,847,848,1.6332084743838859e-04,water_sfc_temperature:0_m:K
696,5,6.7799999237060547e+01,2.9370629370629375e-03,697,698,1.4382121375128458e-04,relative_humidity:18.4_m:%
697,-2,-2.0000000000000000e+00,-1.9230769230769232e-03,-1,-1,5.2071005917159764e-05,wind_direction:18.4_m:degrees
698,-2,-2.0000000000000000e+00,1.5897435897435901e-02,-1,-1,1.5752794214332649e-04,wind_direction:18.4_m:degrees
699,10,1.6732976913452148e+01,2.5524999999999998e-01,1139,1140,7.0493750000003019e-04,wind_speed:18.4_m:m_s-1
700,12,-3.9377963170409203e-02,2.3666666666666672e-01,701,702,8.3625730994142666e-04,bulk_richardson:18.4_m:none
701,2,2.8211499023437500e+02,2.5272727272727274e-01,703,704,5.6528925619833692e-04,water_sfc_temperature:0_m:K
702,5,4.4950000762939453e+01,2.2657142857142856e-01,759,760,7.4253061224484329e-04,relative_humidity:18.4_m:%
703,-2,-2.0000000000000000e+00,2.2625000000000001e-01,-1,-1,1.9843749999999549e-04,wind_direction:18.4_m:degrees
704,-2,-2.0000000000000000e+00,2.6785714285714285e-01,-1,-1,1.4540816326530370e-04,wind_direction:18.4_m:degrees
705,11,2.5763999938964844e+02,-1.0039927404718716e-02,709,710,1.4435412268075235e-04,wind_direction:18.4_m:degrees
706,6,1.7400000000000000e+02,2.6666666666666661e-02,707,708,8.2888888888890382e-03,wave_direction:0_m:degrees
707,-2,-2.0000000000000000e+00,2.3000000000000001e-01,-1,-1,0.0000000000000000e+00,wind_direction:18.4_m:degrees
708,-2,-2.0000000000000000e+00,-1.4000000000000002e-02,-1,-1,2.4000000000001939e-05,wind_direction:18.4_m:degrees
709,5,8.9450000762939453e+01,-9.9527616279069687e-03,749,750,1.3753410574550120e-04,relative_humidity:18.4_m:%
710,-2,-2.0000000000000000e+00,-9.0000000000000011e-02,-1,-1,-2.7582103268031233e-16,wind_direction:18.4_m:degrees
711,5,9.5750000000000000e+01,-1.1499999999999999e-01,713,714,1.5535714285714319e-03,relative_humidity:18.4_m:%
712,1,2.7166935729980469e+02,-8.6363636363636351e-02,1223,1224,4.3526170798898270e-04,azimuth:0_m:degrees
713,10,1.5918324470520020e+01,-9.7000000000000003e-02,1007,1008,7.2100000000000462e-04,wind_speed:18.4_m:m_s-1
714,-2,-2.0000000000000000e+00,-1.6000000000000000e-01,-1,-1,7.9999999999998822e-04,wind_direction:18.4_m:degrees
715,8,5.0499999523162842e+00,1.9055555555555553e-01,1241,1242,1.0163580246913273e-03,wave_period:0_m:s
716,-2,-2.0000000000000000e+00,1.5857142857142856e-01,-1,-1,2.4081632653058863e-04,wind_direction:18.4_m:degrees
717,-2,-2.0000000000000000e+00,1.4333333333333334e-01,-1,-1,8.8888888888888351e-05,wind_direction:18.4_m:degrees
718,12,-8.7903492152690887e-02,1.9785714285714287e-01,1095,1096,4.3112244897957480e-04,bulk_richardson:18.4_m:none
719,-2,-2.0000000000000000e+00,8.5882352941176479e-02,-1,-1,2.7128027681661265e-04,wind_direction:18.4_m:degrees
720,-2,-2.0000000000000000e+00,4.8888888888888891e-02,-1,-1,5.4320987654318635e-05,wind_direction:18.4_m:degrees
721,5,5.7100000381469727e+01,6.2837837837837881e-03,1751,1752,9.6324872169466891e-05,relative_humidity:18.4_m:%
722,-2,-2.0000000000000000e+00,1.9444444444444448e-02,-1,-1,1.6450617283950722e-04,wind_direction:18.4_m:degrees
723,-2,-2.0000000000000000e+00,9.6000000000000002e-02,-1,-1,3.8399999999999893e-04,wind_direction:18.4_m:degrees
724,4,2.8661764860153198e+00,5.5263157894736813e-02,1415,1416,1.9756232686980821e-04,mixing_ratio:18.4_m:g_kg-1
725,11,3.1094999694824219e+02,1.3888888888888890e-01,1077,1078,4.7654320987654264e-04,wind_direction:18.4_m:degrees
726,-2,-2.0000000000000000e+00,2.3000000000000001e-01,-1,-1,-4.1633363423443370e-17,wind_direction:18.4_m:degrees
727,-2,-2.0000000000000000e+00,3.2380952380952385e-02,-1,-1,3.3242630385487489e-04,wind_direction:18.4_m:degrees
728,11,2.7647999572753906e+02,5.6857142857142863e-02,1519,1520,2.3297959183673361e-04,wind_direction:18.4_m:degrees
729,-2,-2.0000000000000000e+00,1.7600000000000001e-02,-1,-1,6.6239999999999908e-05,wind_direction:18.4_m:degrees
730,11,2.8606500244140625e+02,3.2542372881355926e-02,1101,1102,1.9184142487790965e-04,wind_direction:18.4_m:degrees
731,5,8.9799999237060547e+01,-6.8695652173913047e-02,733,734,4.7655954631380115e-04,relative_humidity:18.4_m:%
732,-2,-2.0000000000000000e+00,-1.0249999999999999e-01,-1,-1,2.1874999999999846e-04,wind_direction:18.4_m:degrees
733,8,5.9000000953674316e+00,-8.2857142857142865e-02,1767,1768,1.6326530612244608e-04,wave_period:0_m:s
734,-2,-2.0000000000000000e+00,-4.6666666666666683e-02,-1,-1,1.6666666666666956e-04,wind_direction:18.4_m:degrees
735,3,1.0163000183105469e+03,1.9545454545454544e-01,903,904,6.9752066115703198e-04,pressure:18.4_m:hPa
736,11,3.1507000732421875e+02,2.2678571428571437e-01,1069,1070,6.8609693877549893e-04,wind_direction:18.4_m:degrees
737,4,1.8007353544235229e+00,2.8571428571428574e-02,1895,1896,2.0272108843537404e-04,mixing_ratio:18.4_m:g_kg-1
738,4,1.0286095738410950e+00,5.0428571428571434e-02,1425,1426,1.9553061224489863e-04,mixing_ratio:18.4_m:g_kg-1
739,11,3.2169000244140625e+02,9.5217391304347823e-02,1153,1154,3.1625708884688505e-04,wind_direction:18.4_m:degrees
740,5,6.7750000000000000e+01,1.2875000000000000e-01,1935,1936,4.8593749999998465e-04,relative_humidity:18.4_m:%
741,11,2.4450000000000000e+02,1.6240875912408770e-03,1289,1290,1.6433314241568562e-04,wind_direction:18.4_m:degrees
742,1,9.7959503173828125e+01,-3.6219081272084804e-03,1253,1254,1.9942595112936804e-04,azimuth:0_m:degrees
743,-2,-2.0000000000000000e+00,8.1818181818181807e-03,-1,-1,6.9421487603305807e-05,wind_direction:18.4_m:degrees
744,4,6.1960861682891846e+00,3.7254901960784320e-02,1553,1554,1.8462129950019119e-04,mixing_ratio:18.4_m:g_kg-1
745,11,3.1739500427246094e+02,1.4516129032258070e-02,1235,1236,1.5594866458550104e-04,wind_direction:18.4_m:degrees
746,-2,-2.0000000000000000e+00,-7.0000000000000010e-03,-1,-1,2.0999999999999487e-05,wind_direction:18.4_m:degrees
747,9,9.0230873107910156e+01,6.7272727272727284e-03,1659,1660,1.2383471074380156e-04,angle_between_wind_wave:0_m:degrees
748,-2,-2.0000000000000000e+00,2.2394366197183106e-02,-1,-1,1.2525292600674401e-04,wind_direction:18.4_m:degrees
749,7,2.1499999761581421e+00,-7.4340527577937219e-03,1329,1330,9.5334379978033283e-05,wave_height:0_m:m
750,9,9.2192249298095703e+01,-1.1047966631908220e-02,751,752,1.5192574925435671e-04,angle_between_wind_wave:0_m:degrees
751,10,7.0829336643218994e+00,-1.0809095716552027e-02,939,940,1.4302595640067406e-04,wind_speed:18.4_m:m_s-1
752,3,1.0072500000000000e+03,-2.7777777777777787e-02,753,754,4.9135802469130088e-04,pressure:18.4_m:hPa
753,-2,-2.0000000000000000e+00,-5.3000000000000005e-02,-1,-1,2.4099999999999989e-04,wind_direction:18.4_m:degrees
754,-2,-2.0000000000000000e+00,-1.2941176470588237e-02,-1,-1,4.4290657439446007e-05,wind_direction:18.4_m:degrees
755,4,1.6209440231323242e+00,1.4937500000000001e-01,823,824,4.0585937499999780e-04,mixing_ratio:18.4_m:g_kg-1
756,10,9.8389015197753906e+00,1.2741935483870967e-01,1189,1190,3.8043704474502449e-04,wind_speed:18.4_m:m_s-1
757,-2,-2.0000000000000000e+00,-2.0000000000000000e-02,-1,-1,0.0000000000000000e+00,wind_direction:18.4_m:degrees
758,-2,-2.0000000000000000e+00,4.2678571428571441e-02,-1,-1,1.8746811224489663e-04,wind_direction:18.4_m:degrees
759,-2,-2.0000000000000000e+00,1.9714285714285715e-01,-1,-1,1.3469387755101619e-04,wind_direction:18.4_m:degrees
760,6,2.2450000000000000e+02,2.3392857142857146e-01,907,908,6.2385204081633061e-04,wave_direction:0_m:degrees
761,1,1.7716777038574219e+02,7.0392156862745109e-02,841,842,2.8612072279892223e-04,azimuth:0_m:degrees
762,9,8.9135894775390625e+01,8.5974025974025967e-02,763,764,4.9158374093439140e-04,angle_between_wind_wave:0_m:degrees
763,0,1.1271148681640625e+02,6.8695652173913033e-02,935,936,4.1134215500945349e-04,zenith:0_m:degrees
764,0,1.5828651428222656e+02,9.3333333333333324e-02,861,862,3.4444444444444583e-04,zenith:0_m:degrees
765,-2,-2.0000000000000000e+00,1.2500000000000000e-03,-1,-1,2.3593750000000001e-04,wind_direction:18.4_m:degrees
766,-2,-2.0000000000000000e+00,8.9999999999999997e-02,-1,-1,-1.7347234759768071e-18,wind_direction:18.4_m:degrees
767,10,7.0753219127655029e+00,3.6190476190476207e-03,769,770,9.0394557823129162e-05,wind_speed:18.4_m:m_s-1
768,1,2.3521498107910156e+02,-3.0193905817174531e-03,1675,1676,9.5315413479025234e-05,azimuth:0_m:degrees
769,3,1.0310000000000000e+03,1.8345323741007194e-03,1515,1516,6.2461829097872765e-05,pressure:18.4_m:hPa
770,11,2.9910000610351562e+02,1.7027027027027030e-02,1963,1964,9.6566837107376767e-05,wind_direction:18.4_m:degrees
771,-2,-2.0000000000000000e+00,8.8000000000000009e-02,-1,-1,2.1600000000000005e-04,wind_direction:18.4_m:degrees
772,-2,-2.0000000000000000e+00,1.2914285714285714e-01,-1,-1,2.6497959183673439e-04,wind_direction:18.4_m:degrees
773,9,8.9437427520751953e+01,7.4999999999999997e-03,1333,1334,3.0625000000000010e-04,angle_between_wind_wave:0_m:degrees
774,6,2.0200000000000000e+02,-2.4615384615384612e-02,813,814,8.4023668639053237e-04,wave_direction:0_m:degrees
775,6,2.1950000000000000e+02,2.3333333333333331e-02,1435,1436,1.2962962962962950e-04,wave_direction:0_m:degrees
776,-2,-2.0000000000000000e+00,1.3750000000000009e-02,-1,-1,9.0937500000002095e-05,wind_direction:18.4_m:degrees
777,-2,-2.0000000000000000e+00,5.8309037900874624e-04,-1,-1,5.9718314647808290e-05,wind_direction:18.4_m:degrees
778,10,5.6315448284149170e+00,-2.7000000000000003e-02,951,952,7.0100000000000121e-04,wind_speed:18.4_m:m_s-1
779,11,3.1542999267578125e+02,-1.5789473684210510e-04,1243,1244,5.8527700831025121e-05,wind_direction:18.4_m:degrees
780,12,-4.8550980165600777e-02,-4.0302613480054971e-03,781,782,7.8254930193044403e-05,bulk_richardson:18.4_m:none
781,12,-4.8596946522593498e-02,-4.0000000000000001e-02,783,784,1.2857142857142856e-03,bulk_richardson:18.4_m:none
782,-2,-2.0000000000000000e+00,-3.6805555555555519e-03,-1,-1,5.3814621913580506e-05,wind_direction:18.4_m:degrees
783,-2,-2.0000000000000000e+00,-1.0000000000000000e-02,-1,-1,1.4999999999999982e-04,wind_direction:18.4_m:degrees
784,-2,-2.0000000000000000e+00,-8.0000000000000002e-02,-1,-1,-8.6736173798840355e-19,wind_direction:18.4_m:degrees
785,0,8.7898258209228516e+01,5.4166666666666669e-02,1319,1320,2.6875000000000119e-04,zenith:0_m:degrees
786,-2,-2.0000000000000000e+00,7.8888888888888897e-02,-1,-1,2.9876543209876507e-04,wind_direction:18.4_m:degrees
787,9,8.9989215850830078e+01,8.4255319148936164e-02,1045,1046,5.2231779085558632e-04,angle_between_wind_wave:0_m:degrees
788,-2,-2.0000000000000000e+00,6.0555555555555557e-02,-1,-1,1.7191358024692049e-04,wind_direction:18.4_m:degrees
789,1,2.5746096801757812e+02,-1.0080645161290328e-02,791,792,2.2176768990634781e-04,azimuth:0_m:degrees
790,5,9.1450000762939453e+01,-1.6274509803921467e-02,795,796,2.3881680123030209e-04,relative_humidity:18.4_m:%
791,12,3.8043586537241936e-02,-1.1659574468085101e-02,1261,1262,1.3384155726573092e-04,bulk_richardson:18.4_m:none
792,2,2.8716999816894531e+02,1.8461538461538467e-02,793,794,9.5147928994083358e-04,water_sfc_temperature:0_m:K
793,-2,-2.0000000000000000e+00,4.5714285714285721e-02,-1,-1,1.1020408163265249e-04,wind_direction:18.4_m:degrees
794,-2,-2.0000000000000000e+00,-1.3333333333333334e-02,-1,-1,5.5555555555555653e-05,wind_direction:18.4_m:degrees
795,9,8.9000682830810547e+01,-1.2177914110429431e-02,1731,1732,1.5691313184538425e-04,angle_between_wind_wave:0_m:degrees
796,0,4.5845685958862305e+01,-1.8999999999999934e-02,797,798,2.7471428571429317e-04,zenith:0_m:degrees
797,10,8.3356528282165527e+00,-7.3333333333333334e-02,799,800,5.6888888888888892e-03,wind_speed:18.4_m:m_s-1
798,12,1.7228689976036549e-03,-1.8665297741273023e-02,1205,1206,2.2306456577377633e-04,bulk_richardson:18.4_m:none
799,-2,-2.0000000000000000e+00,-2.0000000000000000e-02,-1,-1,0.0000000000000000e+00,wind_direction:18.4_m:degrees
800,-2,-2.0000000000000000e+00,-1.7999999999999999e-01,-1,-1,0.0000000000000000e+00,wind_direction:18.4_m:degrees
801,0,1.4076879882812500e+02,1.0622222222222223e-01,1845,1846,2.4128395061728120e-04,zenith:0_m:degrees
802,11,3.4188499450683594e+02,8.7297297297297308e-02,1349,1350,2.6837107377648568e-04,wind_direction:18.4_m:degrees
803,0,9.0324974060058594e+01,-2.1124497991967861e-02,1427,1428,1.5054273318172403e-04,zenith:0_m:degrees
804,-2,-2.0000000000000000e+00,-2.9447513812154692e-02,-1,-1,1.4002625072495676e-04,wind_direction:18.4_m:degrees
805,-2,-2.0000000000000000e+00,3.5000000000000003e-02,-1,-1,1.7500000000000003e-04,wind_direction:18.4_m:degrees
806,0,9.3980049133300781e+01,9.9298245614035090e-03,837,838,9.9644198214835574e-05,zenith:0_m:degrees
807,4,1.7600923180580139e+00,5.8076923076923102e-02,809,810,5.7707100591715887e-04,mixing_ratio:18.4_m:g_kg-1
808,-2,-2.0000000000000000e+00,3.0833333333333334e-02,-1,-1,1.7430555555555157e-04,wind_direction:18.4_m:degrees
809,10,8.6273460388183594e+00,6.5750000000000003e-02,811,812,4.5443749999999651e-04,wind_speed:18.4_m:m_s-1
810,-2,-2.0000000000000000e+00,3.2500000000000001e-02,-1,-1,1.3541666666666671e-04,wind_direction:18.4_m:degrees
811,3,1.0097500000000000e+03,5.6296296296296316e-02,1073,1074,2.6776406035665563e-04,pressure:18.4_m:hPa
812,-2,-2.0000000000000000e+00,8.5384615384615378e-02,-1,-1,2.7100591715975130e-04,wind_direction:18.4_m:degrees
813,4,5.7647552490234375e+00,-8.8888888888888889e-03,2001,2002,2.7654320987654336e-04,mixing_ratio:18.4_m:g_kg-1
814,-2,-2.0000000000000000e+00,-6.0000000000000005e-02,-1,-1,2.9999999999999949e-04,wind_direction:18.4_m:degrees
815,7,3.5000000894069672e-01,2.4230145867098849e-03,1589,1590,1.0361036173884727e-04,wave_height:0_m:m
816,2,2.9180499267578125e+02,9.2571428571428631e-03,1479,1480,5.7162448979591860e-05,water_sfc_temperature:0_m:K
817,1,1.1957425308227539e+02,8.2857142857142865e-02,1775,1776,3.5374149659863838e-04,azimuth:0_m:degrees
818,9,8.8992500305175781e+01,1.0534883720930233e-01,819,820,6.3418063818280329e-04,angle_between_wind_wave:0_m:degrees
819,-2,-2.0000000000000000e+00,8.0000000000000016e-02,-1,-1,2.2222222222222001e-04,wind_direction:18.4_m:degrees
820,5,5.5250000000000000e+01,1.1205882352941177e-01,917,918,5.2811418685121646e-04,relative_humidity:18.4_m:%
821,-2,-2.0000000000000000e+00,-2.2727272727272728e-02,-1,-1,8.3471074380165222e-05,wind_direction:18.4_m:degrees
822,4,1.5667541503906250e+01,-4.4074074074074092e-02,1431,1432,1.3525377229080889e-04,mixing_ratio:18.4_m:g_kg-1
823,12,-1.0271553695201874e-01,1.5653846153846152e-01,1909,1910,2.0724852071006203e-04,bulk_richardson:18.4_m:none
824,-2,-2.0000000000000000e+00,1.1833333333333333e-01,-1,-1,8.0555555555540323e-05,wind_direction:18.4_m:degrees
825,-2,-2.0000000000000000e+00,-9.5238095238095205e-04,-1,-1,8.4807256235827671e-05,wind_direction:18.4_m:degrees
826,3,1.0225000000000000e+03,1.9292929292929303e-02,827,828,3.2576267727782839e-04,pressure:18.4_m:hPa
827,11,2.6749499511718750e+02,2.2359550561797763e-02,1103,1104,2.6746622901148778e-04,wind_direction:18.4_m:degrees
828,-2,-2.0000000000000000e+00,-8.0000000000000002e-03,-1,-1,1.5999999999998004e-05,wind_direction:18.4_m:degrees
829,-2,-2.0000000000000000e+00,4.3529411764705886e-02,-1,-1,6.9896193771625545e-05,wind_direction:18.4_m:degrees
830,-2,-2.0000000000000000e+00,7.6999999999999985e-02,-1,-1,8.0999999999996006e-05,wind_direction:18.4_m:degrees
831,-2,-2.0000000000000000e+00,1.1000000000000001e-01,-1,-1,2.7999999999999206e-04,wind_direction:18.4_m:degrees
832,-2,-2.0000000000000000e+00,1.5600000000000000e-01,-1,-1,1.4400000000001217e-04,wind_direction:18.4_m:degrees
833,0,6.3074226379394531e+01,-3.9333333333333331e-02,1823,1824,2.7288888888888914e-04,zenith:0_m:degrees
834,-2,-2.0000000000000000e+00,4.0000000000000001e-03,-1,-1,2.3999999999999032e-05,wind_direction:18.4_m:degrees
835,-2,-2.0000000000000000e+00,7.0000000000000007e-02,-1,-1,0.0000000000000000e+00,wind_direction:18.4_m:degrees
836,-2,-2.0000000000000000e+00,-1.5652173913043479e-02,-1,-1,6.8052930056710715e-05,wind_direction:18.4_m:degrees
837,-2,-2.0000000000000000e+00,1.7777777777777785e-02,-1,-1,8.1481481481481260e-05,wind_direction:18.4_m:degrees
838,-2,-2.0000000000000000e+00,6.8137254901960822e-03,-1,-1,7.2690792003075817e-05,wind_direction:18.4_m:degrees
839,-2,-2.0000000000000000e+00,1.3000000000000000e-01,-1,-1,0.0000000000000000e+00,wind_direction:18.4_m:degrees
840,7,6.5000000596046448e-01,7.0277777777777786e-02,1237,1238,3.9158950617283750e-04,wave_height:0_m:m
841,-2,-2.0000000000000000e+00,4.8181818181818187e-02,-1,-1,6.9421487603305455e-05,wind_direction:18.4_m:degrees
842,5,5.1200000762939453e+01,7.6500000000000026e-02,1687,1688,1.7274999999999843e-04,relative_humidity:18.4_m:%
843,6,2.2650000000000000e+02,6.6666666666666662e-03,845,846,2.4622222222222220e-03,wave_direction:0_m:degrees
844,8,8.5000000000000000e+00,-9.9342105263157954e-03,1459,1460,1.9275882963988962e-04,wave_period:0_m:s
845,-2,-2.0000000000000000e+00,-6.4285714285714293e-03,-1,-1,6.5816326530612236e-05,wind_direction:18.4_m:degrees
846,-2,-2.0000000000000000e+00,1.9000000000000000e-01,-1,-1,0.0000000000000000e+00,wind_direction:18.4_m:degrees
847,5,7.4049999237060547e+01,8.1777777777777821e-03,1561,1562,7.6235061728394942e-05,relative_humidity:18.4_m:%
848,3,1.0207000122070312e+03,1.6728395061728400e-02,849,850,2.4176573693034749e-04,pressure:18.4_m:hPa
849,11,1.5855000305175781e+02,2.5972222222222237e-02,919,920,1.7127700617283867e-04,wind_direction:18.4_m:degrees
850,5,7.5350002288818359e+01,9.3333333333333376e-03,1003,1004,1.7511111111111102e-04,relative_humidity:18.4_m:%
851,4,4.0360865592956543e+00,8.5844155844155820e-02,1375,1376,3.2298869961207375e-04,mixing_ratio:18.4_m:g_kg-1
852,0,1.2693611526489258e+02,1.1857142857142858e-01,1287,1288,6.1224489795922918e-04,zenith:0_m:degrees
853,4,4.3276722431182861e+00,-5.5277777777777787e-02,1709,1710,1.1936728395061692e-04,mixing_ratio:18.4_m:g_kg-1
854,3,1.0039500122070312e+03,-3.9357798165137597e-02,1179,1180,2.4270684285834527e-04,pressure:18.4_m:hPa
855,11,3.0436999511718750e+02,8.2000000000000017e-02,1525,1526,3.4044444444444877e-04,wind_direction:18.4_m:degrees
856,-2,-2.0000000000000000e+00,1.1222222222222222e-01,-1,-1,6.1728395061733804e-05,wind_direction:18.4_m:degrees
857,6,2.0950000000000000e+02,-2.8152173913043477e-02,1247,1248,1.5202032136105745e-04,wave_direction:0_m:degrees
858,5,8.2650001525878906e+01,-4.4571428571428588e-02,1195,1196,3.2195918367347543e-04,relative_humidity:18.4_m:%
859,-2,-2.0000000000000000e+00,7.3684210526315814e-03,-1,-1,8.7811634349030406e-05,wind_direction:18.4_m:degrees
860,4,3.6850266456604004e+00,2.2639999999999993e-02,1061,1062,1.6343040000000014e-04,mixing_ratio:18.4_m:g_kg-1
861,-2,-2.0000000000000000e+00,8.9375000000000024e-02,-1,-1,2.1835937500000284e-04,wind_direction:18.4_m:degrees
862,-2,-2.0000000000000000e+00,1.2500000000000000e-01,-1,-1,2.2500000000002032e-04,wind_direction:18.4_m:degrees
863,-2,-2.0000000000000000e+00,1.5333333333333335e-01,-1,-1,3.7777777777777549e-04,wind_direction:18.4_m:degrees
864,6,2.4100000000000000e+02,1.2153846153846157e-01,1865,1866,2.8224852071006418e-04,wave_direction:0_m:degrees
865,-2,-2.0000000000000000e+00,5.5000000000000007e-02,-1,-1,2.6499999999999918e-04,wind_direction:18.4_m:degrees
866,1,2.4478264617919922e+02,1.0000000000000001e-01,1629,1630,8.7999999999999884e-04,azimuth:0_m:degrees
867,-2,-2.0000000000000000e+00,8.0000000000000002e-02,-1,-1,-8.6736173798840355e-19,wind_direction:18.4_m:degrees
868,-2,-2.0000000000000000e+00,1.3444444444444445e-01,-1,-1,1.3580246913579355e-04,wind_direction:18.4_m:degrees
869,12,-2.4784355424344540e-02,1.1964285714285713e-01,1671,1672,2.8201530612245382e-04,bulk_richardson:18.4_m:none
870,-2,-2.0000000000000000e+00,5.9999999999999998e-02,-1,-1,-1.4311468676808659e-17,wind_direction:18.4_m:degrees
871,10,1.0888465881347656e+01,5.3333333333333337e-02,1595,1596,3.8888888888888784e-04,wind_speed:18.4_m:m_s-1
872,10,9.9131770133972168e+00,2.9260869565217375e-02,873,874,2.3901890359168457e-04,wind_speed:18.4_m:m_s-1
873,12,-4.4497026130557060e-02,2.1348314606741588e-02,1663,1664,1.5548541850776351e-04,bulk_richardson:18.4_m:none
874,12,-2.6628820225596428e-02,3.4255319148936161e-02,1323,1324,2.2728232986268674e-04,bulk_richardson:18.4_m:none
875,-2,-2.0000000000000000e+00,-5.3478260869565218e-02,-1,-1,5.7466918714556194e-05,wind_direction:18.4_m:degrees
876,-2,-2.0000000000000000e+00,-2.9999999999999999e-02,-1,-1,4.7999999999998890e-05,wind_direction:18.4_m:degrees
877,-2,-2.0000000000000000e+00,2.1538461538461541e-02,-1,-1,1.2840236686390515e-04,wind_direction:18.4_m:degrees
878,-2,-2.0000000000000000e+00,5.8333333333333341e-02,-1,-1,2.4722222222222550e-04,wind_direction:18.4_m:degrees
879,4,2.8198040723800659e+00,1.2653061224489795e-02,1453,1454,1.2969596001665974e-04,mixing_ratio:18.4_m:g_kg-1
880,11,2.7082501220703125e+02,3.5000000000000003e-02,1737,1738,2.1388888888888868e-04,wind_direction:18.4_m:degrees
881,-2,-2.0000000000000000e+00,2.0000000000000000e-02,-1,-1,0.0000000000000000e+00,wind_direction:18.4_m:degrees
882,3,1.0269500122070312e+03,7.8064516129032271e-02,1091,1092,4.3818938605618644e-04,pressure:18.4_m:hPa
883,10,6.2359688282012939e+00,7.0697674418604667e-02,1579,1580,2.5300162249864561e-04,wind_speed:18.4_m:m_s-1
884,10,7.1833019256591797e+00,5.5632183908045973e-02,1813,1814,2.0161183775928336e-04,wind_speed:18.4_m:m_s-1
885,3,1.0287500000000000e+03,4.8793103448275865e-02,1533,1534,2.0026753864447111e-04,pressure:18.4_m:hPa
886,-2,-2.0000000000000000e+00,8.9999999999999997e-02,-1,-1,8.6736173798840355e-18,wind_direction:18.4_m:degrees
887,-2,-2.0000000000000000e+00,7.2564102564102576e-02,-1,-1,2.4470742932281107e-04,wind_direction:18.4_m:degrees
888,-2,-2.0000000000000000e+00,4.9411764705882356e-02,-1,-1,1.8200692041522642e-04,wind_direction:18.4_m:degrees
889,6,1.8450000000000000e+02,-9.4310722100656233e-03,1277,1278,2.7319929709981850e-04,wave_direction:0_m:degrees
890,12,-3.1345069874078035e-03,1.7543859649122807e-03,1683,1684,1.1271160357033316e-04,bulk_richardson:18.4_m:none
891,11,2.8944999694824219e+02,1.6750000000000001e-01,1151,1152,5.1874999999999491e-04,wind_direction:18.4_m:degrees
892,-2,-2.0000000000000000e+00,1.4136363636363636e-01,-1,-1,2.5723140495867089e-04,wind_direction:18.4_m:degrees
893,-2,-2.0000000000000000e+00,0.0000000000000000e+00,-1,-1,0.0000000000000000e+00,wind_direction:18.4_m:degrees
894,-2,-2.0000000000000000e+00,-8.2142857142857142e-02,-1,-1,1.3112244897958963e-04,wind_direction:18.4_m:degrees
895,12,-2.3700909689068794e-02,1.9076923076923080e-01,1399,1400,4.8402366863906088e-04,bulk_richardson:18.4_m:none
896,-2,-2.0000000000000000e+00,1.4000000000000001e-01,-1,-1,1.9999999999998838e-04,wind_direction:18.4_m:degrees
897,0,1.6084336090087891e+02,-2.9814814814814822e-02,1455,1456,2.3144718792866891e-04,zenith:0_m:degrees
898,-2,-2.0000000000000000e+00,5.0000000000000003e-02,-1,-1,-9.1072982488782372e-18,wind_direction:18.4_m:degrees
899,0,6.9761726379394531e+01,-1.2127659574468087e-02,1115,1116,4.6355817111815294e-04,zenith:0_m:degrees
900,9,8.9466636657714844e+01,-3.2857142857142863e-02,901,902,1.0680272108843541e-03,angle_between_wind_wave:0_m:degrees
901,-2,-2.0000000000000000e+00,-8.5000000000000006e-02,-1,-1,2.2500000000000037e-04,wind_direction:18.4_m:degrees
902,1,9.1246101379394531e+01,-2.0588235294117647e-02,1273,1274,4.7612456747404884e-04,azimuth:0_m:degrees
903,-2,-2.0000000000000000e+00,2.0999999999999999e-01,-1,-1,1.5000000000000430e-04,wind_direction:18.4_m:degrees
904,-2,-2.0000000000000000e+00,1.5666666666666665e-01,-1,-1,8.8888888888884882e-05,wind_direction:18.4_m:degrees
905,-2,-2.0000000000000000e+00,2.8545454545454558e-02,-1,-1,1.0333884297520561e-04,wind_direction:18.4_m:degrees
906,-2,-2.0000000000000000e+00,5.4545454545454557e-02,-1,-1,2.2479338842975325e-04,wind_direction:18.4_m:degrees
907,-2,-2.0000000000000000e+00,1.9750000000000001e-01,-1,-1,1.6874999999999529e-04,wind_direction:18.4_m:degrees
908,12,-3.7800824269652367e-02,2.4000000000000002e-01,1263,1264,4.4166666666665272e-04,bulk_richardson:18.4_m:none
909,-2,-2.0000000000000000e+00,1.4000000000000001e-01,-1,-1,0.0000000000000000e+00,wind_direction:18.4_m:degrees
910,0,8.4040454864501953e+01,2.2000000000000003e-01,1015,1016,4.9565217391303595e-04,zenith:0_m:degrees
911,-2,-2.0000000000000000e+00,1.4000000000000001e-01,-1,-1,2.9999999999999818e-04,wind_direction:18.4_m:degrees
912,-2,-2.0000000000000000e+00,1.0142857142857142e-01,-1,-1,3.2653061224489736e-04,wind_direction:18.4_m:degrees
913,-2,-2.0000000000000000e+00,1.1599999999999999e-01,-1,-1,2.3999999999999716e-05,wind_direction:18.4_m:degrees
914,-2,-2.0000000000000000e+00,7.7142857142857152e-02,-1,-1,2.9931972789121360e-05,wind_direction:18.4_m:degrees
915,-2,-2.0000000000000000e+00,2.3421052631578957e-02,-1,-1,5.4085872576177052e-05,wind_direction:18.4_m:degrees
916,-2,-2.0000000000000000e+00,8.0000000000000002e-02,-1,-1,1.3010426069826053e-17,wind_direction:18.4_m:degrees
917,-2,-2.0000000000000000e+00,9.2727272727272728e-02,-1,-1,3.2892561983471208e-04,wind_direction:18.4_m:degrees
918,9,9.0246154785156250e+01,1.2130434782608696e-01,1371,1372,3.5916824196597676e-04,angle_between_wind_wave:0_m:degrees
919,-2,-2.0000000000000000e+00,0.0000000000000000e+00,-1,-1,0.0000000000000000e+00,wind_direction:18.4_m:degrees
920,12,-3.0670896172523499e-02,2.9218750000000012e-02,1997,1998,9.7827148437498930e-05,bulk_richardson:18.4_m:none
921,0,1.6183508300781250e+02,1.8956521739130436e-01,1413,1414,3.3459357277883239e-04,zenith:0_m:degrees
922,-2,-2.0000000000000000e+00,1.1000000000000000e-01,-1,-1,3.9898639947466563e-17,wind_direction:18.4_m:degrees
923,12,-1.4433939009904861e-01,3.7134502923976569e-02,1143,1144,2.2980062241373736e-04,bulk_richardson:18.4_m:none
924,-2,-2.0000000000000000e+00,6.7142857142857143e-02,-1,-1,7.7551020408146883e-05,wind_direction:18.4_m:degrees
925,3,1.0116499938964844e+03,1.3979591836734688e-02,1155,1156,2.5559142024156572e-04,pressure:18.4_m:hPa
926,-2,-2.0000000000000000e+00,2.0370370370370364e-03,-1,-1,5.6961591220852012e-05,wind_direction:18.4_m:degrees
927,-2,-2.0000000000000000e+00,1.1666666666666667e-01,-1,-1,8.8888888888886616e-05,wind_direction:18.4_m:degrees
928,-2,-2.0000000000000000e+00,1.6000000000000000e-01,-1,-1,2.4000000000001104e-04,wind_direction:18.4_m:degrees
929,-2,-2.0000000000000000e+00,2.5666666666666665e-01,-1,-1,2.8888888888889408e-04,wind_direction:18.4_m:degrees
930,-2,-2.0000000000000000e+00,3.2000000000000001e-01,-1,-1,9.9999999999933475e-05,wind_direction:18.4_m:degrees
931,5,9.3250000000000000e+01,-3.4285714285714287e-02,933,934,8.8163265306122449e-04,relative_humidity:18.4_m:%
932,5,9.4450000762939453e+01,-4.9498069498069000e-03,1107,1108,1.0368473934497093e-04,relative_humidity:18.4_m:%
933,-2,-2.0000000000000000e+00,0.0000000000000000e+00,-1,-1,0.0000000000000000e+00,wind_direction:18.4_m:degrees
934,-2,-2.0000000000000000e+00,-5.9999999999999998e-02,-1,-1,0.0000000000000000e+00,wind_direction:18.4_m:degrees
935,-2,-2.0000000000000000e+00,8.4166666666666667e-02,-1,-1,2.2430555555555832e-04,wind_direction:18.4_m:degrees
936,-2,-2.0000000000000000e+00,5.1818181818181812e-02,-1,-1,6.9421487603305888e-05,wind_direction:18.4_m:degrees
937,-2,-2.0000000000000000e+00,1.0999999999999999e-02,-1,-1,2.9000000000000027e-05,wind_direction:18.4_m:degrees
938,-2,-2.0000000000000000e+00,-4.0000000000000001e-02,-1,-1,-2.1684043449710089e-19,wind_direction:18.4_m:degrees
939,2,2.9172500610351562e+02,-8.7576875768757209e-03,1447,1448,1.2748495012625513e-04,water_sfc_temperature:0_m:K
940,11,2.5747499084472656e+02,-1.2356215213357958e-02,1209,1210,1.4917923317075198e-04,wind_direction:18.4_m:degrees
941,-2,-2.0000000000000000e+00,5.2499999999999998e-02,-1,-1,2.6875000000000033e-04,wind_direction:18.4_m:degrees
942,-2,-2.0000000000000000e+00,8.2777777777777783e-02,-1,-1,2.5339506172839411e-04,wind_direction:18.4_m:degrees
943,-2,-2.0000000000000000e+00,3.6756756756756756e-02,-1,-1,1.7326515704894105e-04,wind_direction:18.4_m:degrees
944,5,4.0600000381469727e+01,2.4320987654320992e-02,1395,1396,1.7021795458009776e-04,relative_humidity:18.4_m:%
945,-2,-2.0000000000000000e+00,9.1538461538461541e-02,-1,-1,5.9171597633135911e-05,wind_direction:18.4_m:degrees
946,11,2.9578500366210938e+02,6.4000000000000015e-02,1915,1916,2.1399999999999891e-04,wind_direction:18.4_m:degrees
947,6,2.0150000000000000e+02,4.0701754385964899e-02,1009,1010,2.3284087411511189e-04,wave_direction:0_m:degrees
948,12,-3.5082746297121048e-02,5.9047619047619057e-02,949,950,5.4195011337869513e-04,bulk_richardson:18.4_m:none
949,-2,-2.0000000000000000e+00,7.6666666666666675e-02,-1,-1,8.8888888888887484e-05,wind_direction:18.4_m:degrees
950,-2,-2.0000000000000000e+00,3.5555555555555556e-02,-1,-1,1.8024691358024770e-04,wind_direction:18.4_m:degrees
951,-2,-2.0000000000000000e+00,-1.8888888888888886e-02,-1,-1,1.2098765432098761e-04,wind_direction:18.4_m:degrees
952,-2,-2.0000000000000000e+00,-1.0000000000000001e-01,-1,-1,-1.7347234759768071e-18,wind_direction:18.4_m:degrees
953,-2,-2.0000000000000000e+00,8.8888888888888871e-03,-1,-1,2.3209876543209881e-04,wind_direction:18.4_m:degrees
954,-2,-2.0000000000000000e+00,-3.3999999999999996e-02,-1,-1,6.4000000000000255e-05,wind_direction:18.4_m:degrees
955,-2,-2.0000000000000000e+00,6.7741935483870974e-03,-1,-1,1.4443288241415190e-04,wind_direction:18.4_m:degrees
956,4,5.2750942707061768e+00,2.1207430340557238e-02,957,958,1.6541517698818396e-04,mixing_ratio:18.4_m:g_kg-1
957,6,2.1250000000000000e+02,2.3437499999999976e-02,1359,1360,1.4365234375000153e-04,wave_direction:0_m:degrees
958,0,1.4374193572998047e+02,1.2686567164179111e-02,1781,1782,1.5696146134996599e-04,zenith:0_m:degrees
959,1,1.5691462707519531e+02,2.1882352941176475e-01,1385,1386,6.1038062283736566e-04,azimuth:0_m:degrees
960,-2,-2.0000000000000000e+00,1.4000000000000001e-01,-1,-1,2.7755575615628914e-17,wind_direction:18.4_m:degrees
961,-2,-2.0000000000000000e+00,9.6666666666666679e-02,-1,-1,2.2222222222220353e-05,wind_direction:18.4_m:degrees
962,1,1.6769489288330078e+02,1.4700000000000002e-01,1175,1176,5.6100000000000247e-04,azimuth:0_m:degrees
963,5,9.7250000000000000e+01,-2.2966507177033407e-03,969,970,1.0764405576795368e-04,relative_humidity:18.4_m:%
964,5,9.8649997711181641e+01,-6.1715481171548065e-03,965,966,2.3032203567864735e-04,relative_humidity:18.4_m:%
965,2,2.7768000793457031e+02,-4.6966292134831477e-03,981,982,1.4940234818836009e-04,water_sfc_temperature:0_m:K
966,10,5.9289486408233643e+00,-2.6060606060606065e-02,967,968,8.9660238751148322e-04,wind_speed:18.4_m:m_s-1
967,12,-1.2843164149671793e-02,-4.6428571428571423e-02,1245,1246,7.9438775510204049e-04,bulk_richardson:18.4_m:none
968,-2,-2.0000000000000000e+00,-1.1052631578947369e-02,-1,-1,4.4099722991689763e-04,wind_direction:18.4_m:degrees
969,3,1.0137500000000000e+03,-1.6006600660066000e-03,977,978,8.0551198684224992e-05,pressure:18.4_m:hPa
970,2,2.8197999572753906e+02,-6.9485294117647093e-03,971,972,2.6385029195501397e-04,water_sfc_temperature:0_m:K
971,5,9.8899997711181641e+01,-2.3928571428571428e-02,973,974,1.3095663265306121e-03,relative_humidity:18.4_m:%
972,6,2.0850000000000000e+02,-5.0000000000000018e-03,1403,1404,1.0696721311475408e-04,wave_direction:0_m:degrees
973,3,1.0163500061035156e+03,-6.2999999999999987e-02,975,976,1.2210000000000007e-03,pressure:18.4_m:hPa
974,-2,-2.0000000000000000e+00,-2.2222222222222222e-03,-1,-1,3.9506172839506282e-05,wind_direction:18.4_m:degrees
975,-2,-2.0000000000000000e+00,-8.5714285714285701e-02,-1,-1,2.4489795918368473e-05,wind_direction:18.4_m:degrees
976,-2,-2.0000000000000000e+00,-1.0000000000000000e-02,-1,-1,3.6591823321385775e-19,wind_direction:18.4_m:degrees
977,10,8.8317260742187500e+00,7.6495132127955498e-04,1211,1212,9.1626254204862733e-05,wind_speed:18.4_m:m_s-1
978,9,9.3096752166748047e+01,-3.1483166515013624e-03,979,980,6.7249157766883941e-05,angle_between_wind_wave:0_m:degrees
979,0,1.1700055694580078e+02,-2.9017447199265350e-03,1599,1600,5.7144615872389586e-05,zenith:0_m:degrees
980,4,1.1779353618621826e+01,-3.0000000000000006e-02,1377,1378,4.4000000000001037e-04,mixing_ratio:18.4_m:g_kg-1
981,1,2.2321741485595703e+02,-2.6923076923076921e-02,983,984,1.0366863905325444e-03,azimuth:0_m:degrees
982,8,5.9500000476837158e+00,-4.0277777777777803e-03,1171,1172,1.0738811728395061e-04,wave_period:0_m:s
983,-2,-2.0000000000000000e+00,-1.0000000000000000e-02,-1,-1,1.0000000000000000e-04,wind_direction:18.4_m:degrees
984,-2,-2.0000000000000000e+00,-8.3333333333333329e-02,-1,-1,2.2222222222222955e-05,wind_direction:18.4_m:degrees
985,3,1.0178500061035156e+03,1.8088235294117655e-02,1023,1024,1.9487456747404810e-04,pressure:18.4_m:hPa
986,10,1.1257279872894287e+01,6.9736842105263177e-03,987,988,2.3557825484764571e-04,wind_speed:18.4_m:m_s-1
987,0,2.4625661849975586e+01,2.3529411764705889e-03,1583,1584,2.0426758938869662e-04,zenith:0_m:degrees
988,3,1.0184500122070312e+03,1.6400000000000008e-02,1541,1542,1.6703999999999959e-04,pressure:18.4_m:hPa
989,-2,-2.0000000000000000e+00,2.7400000000000002e-01,-1,-1,2.3999999999996247e-05,wind_direction:18.4_m:degrees
990,-2,-2.0000000000000000e+00,3.2000000000000001e-01,-1,-1,1.0000000000001674e-04,wind_direction:18.4_m:degrees
991,10,1.3050284862518311e+01,-5.3000000000000012e-02,993,994,6.1099999999999913e-04,wind_speed:18.4_m:m_s-1
992,-2,-2.0000000000000000e+00,-3.4222222222222223e-02,-1,-1,1.3106172839506261e-04,wind_direction:18.4_m:degrees
993,-2,-2.0000000000000000e+00,-3.9285714285714278e-02,-1,-1,4.9489795918365937e-05,wind_direction:18.4_m:degrees
994,-2,-2.0000000000000000e+00,-8.5000000000000006e-02,-1,-1,4.5833333333333663e-04,wind_direction:18.4_m:degrees
995,2,2.8777500915527344e+02,4.8275862068965520e-03,1793,1794,1.3531510107015455e-04,water_sfc_temperature:0_m:K
996,3,1.0082999877929688e+03,-1.1805555555555559e-02,1849,1850,1.3423996913580240e-04,pressure:18.4_m:hPa
997,-2,-2.0000000000000000e+00,3.5000000000000003e-02,-1,-1,7.4999999999999980e-05,wind_direction:18.4_m:degrees
998,5,7.1400001525878906e+01,7.4285714285714274e-02,1303,1304,3.2653061224489997e-04,relative_humidity:18.4_m:%
999,-2,-2.0000000000000000e+00,1.0777777777777778e-01,-1,-1,1.5061728395061869e-04,wind_direction:18.4_m:degrees
1000,-2,-2.0000000000000000e+00,7.2222222222222215e-02,-1,-1,2.1728395061727714e-04,wind_direction:18.4_m:degrees
1001,3,1.0121499938964844e+03,-3.0849056603773515e-03,1219,1220,1.1114373442506253e-04,pressure:18.4_m:hPa
1002,-2,-2.0000000000000000e+00,-1.2500000000000004e-02,-1,-1,7.7573529411765861e-05,wind_direction:18.4_m:degrees
1003,1,1.3279438018798828e+02,1.0804597701149429e-02,1493,1494,1.1544457656229339e-04,azimuth:0_m:degrees
1004,-2,-2.0000000000000000e+00,-3.3333333333333333e-02,-1,-1,2.2222222222221654e-05,wind_direction:18.4_m:degrees
1005,6,2.0750000000000000e+02,-2.0114754098360551e-02,1311,1312,2.3556060198871788e-04,wave_direction:0_m:degrees
1006,8,5.5000000000000000e+00,-6.3333333333333339e-02,1301,1302,1.4222222222224218e-03,wave_period:0_m:s
1007,-2,-2.0000000000000000e+00,-5.0000000000000003e-02,-1,-1,0.0000000000000000e+00,wind_direction:18.4_m:degrees
1008,-2,-2.0000000000000000e+00,-1.0875000000000000e-01,-1,-1,2.1093749999999932e-04,wind_direction:18.4_m:degrees
1009,-2,-2.0000000000000000e+00,6.4444444444444443e-02,-1,-1,4.6913580246914742e-05,wind_direction:18.4_m:degrees
1010,9,8.8679676055908203e+01,3.8666666666666662e-02,1275,1276,1.9631746031746134e-04,angle_between_wind_wave:0_m:degrees
1011,-2,-2.0000000000000000e+00,-5.1428571428571428e-02,-1,-1,1.5510204081632716e-04,wind_direction:18.4_m:degrees
1012,-2,-2.0000000000000000e+00,-5.0000000000000001e-03,-1,-1,2.2500000000000032e-04,wind_direction:18.4_m:degrees
1013,-2,-2.0000000000000000e+00,9.5714285714285752e-02,-1,-1,1.7687074829931745e-04,wind_direction:18.4_m:degrees
1014,-2,-2.0000000000000000e+00,5.0000000000000010e-02,-1,-1,1.4311468676808659e-17,wind_direction:18.4_m:degrees
1015,-2,-2.0000000000000000e+00,1.7000000000000001e-01,-1,-1,0.0000000000000000e+00,wind_direction:18.4_m:degrees
1016,-2,-2.0000000000000000e+00,2.2476190476190475e-01,-1,-1,2.8208616780041329e-04,wind_direction:18.4_m:degrees
1017,-2,-2.0000000000000000e+00,1.0285714285714287e-01,-1,-1,2.2040816326530585e-04,wind_direction:18.4_m:degrees
1018,-2,-2.0000000000000000e+00,1.3444444444444445e-01,-1,-1,3.1358024691357025e-04,wind_direction:18.4_m:degrees
1019,10,1.3377100467681885e+01,1.2000000000000001e-01,1711,1712,2.8695652173913073e-04,wind_speed:18.4_m:m_s-1
1020,-2,-2.0000000000000000e+00,1.6000000000000000e-01,-1,-1,0.0000000000000000e+00,wind_direction:18.4_m:degrees
1021,8,9.6499996185302734e+00,9.4705882352941195e-02,1631,1632,2.4059976931949112e-04,wave_period:0_m:s
1022,-2,-2.0000000000000000e+00,1.1380952380952379e-01,-1,-1,1.3786848072561489e-04,wind_direction:18.4_m:degrees
1023,-2,-2.0000000000000000e+00,2.4883720930232570e-02,-1,-1,1.0870740941049161e-04,wind_direction:18.4_m:degrees
1024,-2,-2.0000000000000000e+00,6.4000000000000003e-03,-1,-1,1.2703999999999976e-04,wind_direction:18.4_m:degrees
1025,-2,-2.0000000000000000e+00,4.8571428571428564e-02,-1,-1,1.2653061224489857e-04,wind_direction:18.4_m:degrees
1026,6,2.1750000000000000e+02,7.8571428571428584e-02,1881,1882,2.5986394557822503e-04,wave_direction:0_m:degrees
1027,-2,-2.0000000000000000e+00,5.9999999999999998e-02,-1,-1,0.0000000000000000e+00,wind_direction:18.4_m:degrees
1028,-2,-2.0000000000000000e+00,1.4999999999999999e-01,-1,-1,0.0000000000000000e+00,wind_direction:18.4_m:degrees
1029,11,3.1945500183105469e+02,1.2162162162162161e-02,1185,1186,1.7910883856829803e-04,wind_direction:18.4_m:degrees
1030,12,2.7587934397161007e-02,-3.5864978902953621e-04,1053,1054,1.0387980914739449e-04,bulk_richardson:18.4_m:none
1031,7,5.5000001192092896e-01,-5.3587647593096900e-03,1257,1258,1.6801388548598806e-04,wave_height:0_m:m
1032,4,4.5107793807983398e+00,-1.8709677419354840e-02,1033,1034,5.7898022892820169e-04,mixing_ratio:18.4_m:g_kg-1
1033,-2,-2.0000000000000000e+00,-8.9999999999999997e-02,-1,-1,0.0000000000000000e+00,wind_direction:18.4_m:degrees
1034,-2,-2.0000000000000000e+00,-1.3793103448275860e-02,-1,-1,2.4423305588585015e-04,wind_direction:18.4_m:degrees
1035,5,5.6600000381469727e+01,1.8461538461538467e-02,2023,2024,1.5917159763313590e-04,relative_humidity:18.4_m:%
1036,4,3.2723857164382935e+00,3.0354609929078003e-02,1891,1892,1.6228559931593149e-04,mixing_ratio:18.4_m:g_kg-1
1037,5,3.9500000000000000e+01,2.2696969696969699e-01,1233,1234,5.4839302112028726e-04,relative_humidity:18.4_m:%
1038,8,5.2500000000000000e+00,2.0681818181818185e-01,1351,1352,3.7623966942149090e-04,wave_period:0_m:s
1039,2,2.8283500671386719e+02,1.0243902439024394e-02,2031,2032,1.3896490184414021e-04,water_sfc_temperature:0_m:K
1040,12,-4.0104888379573822e-01,2.3076923076923068e-02,1041,1042,1.8284023668639106e-04,bulk_richardson:18.4_m:none
1041,1,2.5758116149902344e+02,2.5177304964539009e-02,1105,1106,1.5262813741763535e-04,azimuth:0_m:degrees
1042,-2,-2.0000000000000000e+00,3.3333333333333335e-03,-1,-1,3.5555555555556976e-05,wind_direction:18.4_m:degrees
1043,-2,-2.0000000000000000e+00,2.0400000000000001e-01,-1,-1,3.4399999999999709e-04,wind_direction:18.4_m:degrees
1044,5,8.7599998474121094e+01,1.7741935483870966e-01,1401,1402,4.5785639958377533e-04,relative_humidity:18.4_m:%
1045,4,1.0293021202087402e+00,7.5862068965517254e-02,1047,1048,4.3804994054696782e-04,mixing_ratio:18.4_m:g_kg-1
1046,-2,-2.0000000000000000e+00,9.7777777777777783e-02,-1,-1,3.6172839506173025e-04,wind_direction:18.4_m:degrees
1047,-2,-2.0000000000000000e+00,1.0000000000000001e-01,-1,-1,2.4999999999999849e-04,wind_direction:18.4_m:degrees
1048,0,6.8807739257812500e+01,6.6666666666666680e-02,2003,2004,2.0317460317459922e-04,zenith:0_m:degrees
1049,-2,-2.0000000000000000e+00,1.6363636363636365e-02,-1,-1,2.3140495867768503e-05,wind_direction:18.4_m:degrees
1050,-2,-2.0000000000000000e+00,5.0000000000000010e-02,-1,-1,6.6666666666664962e-05,wind_direction:18.4_m:degrees
1051,-2,-2.0000000000000000e+00,-2.5333333333333333e-02,-1,-1,5.1555555555555556e-05,wind_direction:18.4_m:degrees
1052,-2,-2.0000000000000000e+00,5.0000000000000003e-02,-1,-1,1.7347234759768071e-18,wind_direction:18.4_m:degrees
1053,12,-9.6701416186988354e-03,-1.9791666666666677e-03,1791,1792,5.1812065972222183e-05,bulk_richardson:18.4_m:none
1054,2,2.7509500122070312e+02,6.5555555555555567e-03,1547,1548,2.6702469135802512e-04,water_sfc_temperature:0_m:K
1055,0,1.6144555664062500e+02,2.1294117647058830e-01,1355,1356,5.3252595155708904e-04,zenith:0_m:degrees
1056,-2,-2.0000000000000000e+00,1.6000000000000000e-01,-1,-1,-9.0205620750793969e-17,wind_direction:18.4_m:degrees
1057,-2,-2.0000000000000000e+00,1.2500000000000001e-02,-1,-1,1.8749999999999995e-05,wind_direction:18.4_m:degrees
1058,2,2.9083499145507812e+02,-2.4254143646408814e-02,1761,1762,1.2831110161472530e-04,water_sfc_temperature:0_m:K
1059,-2,-2.0000000000000000e+00,3.7500000000000006e-02,-1,-1,6.8749999999999584e-05,wind_direction:18.4_m:degrees
1060,9,9.0148410797119141e+01,6.2333333333333345e-02,1075,1076,2.7122222222222131e-04,angle_between_wind_wave:0_m:degrees
1061,2,2.8070001220703125e+02,2.7500000000000007e-02,1585,1586,1.5124999999999904e-04,water_sfc_temperature:0_m:K
1062,-2,-2.0000000000000000e+00,1.4000000000000002e-02,-1,-1,6.8444444444446710e-05,wind_direction:18.4_m:degrees
1063,-2,-2.0000000000000000e+00,-1.5000000000000001e-02,-1,-1,1.4642857142857139e-04,wind_direction:18.4_m:degrees
1064,4,4.2787954807281494e+00,1.1764705882352942e-03,1137,1138,2.8096885813148773e-04,mixing_ratio:18.4_m:g_kg-1
1065,-2,-2.0000000000000000e+00,3.4615384615384610e-02,-1,-1,1.2485207100591767e-04,wind_direction:18.4_m:degrees
1066,6,2.2900000000000000e+02,5.2820512820512824e-02,1067,1068,3.4332675871136947e-04,wave_direction:0_m:degrees
1067,-2,-2.0000000000000000e+00,3.2000000000000001e-02,-1,-1,9.6000000000000165e-05,wind_direction:18.4_m:degrees
1068,3,1.0153999938964844e+03,5.9999999999999998e-02,1703,1704,2.2758620689655252e-04,pressure:18.4_m:hPa
1069,-2,-2.0000000000000000e+00,2.4500000000000002e-01,-1,-1,4.0499999999999564e-04,wind_direction:18.4_m:degrees
1070,4,9.5617780089378357e-01,2.1666666666666667e-01,1071,1072,5.5555555555551750e-04,mixing_ratio:18.4_m:g_kg-1
1071,-2,-2.0000000000000000e+00,2.3083333333333336e-01,-1,-1,1.4097222222222289e-04,wind_direction:18.4_m:degrees
1072,-2,-2.0000000000000000e+00,1.8833333333333332e-01,-1,-1,1.8055555555555186e-04,wind_direction:18.4_m:degrees
1073,-2,-2.0000000000000000e+00,3.5000000000000003e-02,-1,-1,1.2499999999999989e-04,wind_direction:18.4_m:degrees
1074,-2,-2.0000000000000000e+00,6.5263157894736856e-02,-1,-1,5.6509695290854998e-05,wind_direction:18.4_m:degrees
1075,-2,-2.0000000000000000e+00,6.9565217391304349e-02,-1,-1,9.9810964083175795e-05,wind_direction:18.4_m:degrees
1076,-2,-2.0000000000000000e+00,3.8571428571428576e-02,-1,-1,9.7959183673468689e-05,wind_direction:18.4_m:degrees
1077,-2,-2.0000000000000000e+00,1.5400000000000000e-01,-1,-1,6.3999999999998086e-05,wind_direction:18.4_m:degrees
1078,-2,-2.0000000000000000e+00,1.2000000000000000e-01,-1,-1,3.5000000000001003e-04,wind_direction:18.4_m:degrees
1079,6,2.3400000000000000e+02,9.0714285714285720e-02,1481,1482,4.0663265306122368e-04,wave_direction:0_m:degrees
1080,2,2.8458500671386719e+02,6.6800000000000012e-02,1911,1912,3.4175999999999998e-04,water_sfc_temperature:0_m:K
1081,0,3.5868005752563477e+01,-9.1891891891891907e-03,1405,1406,1.5069393718042368e-04,zenith:0_m:degrees
1082,-2,-2.0000000000000000e+00,2.7500000000000000e-02,-1,-1,3.6875000000000113e-04,wind_direction:18.4_m:degrees
1083,5,9.2949996948242188e+01,7.5042016806722692e-02,1305,1306,2.0819151189887652e-04,relative_humidity:18.4_m:%
1084,-2,-2.0000000000000000e+00,6.0645161290322588e-02,-1,-1,1.4797086368366482e-04,wind_direction:18.4_m:degrees
1085,1,3.0914006042480469e+02,-1.2285714285714289e-02,1087,1088,1.9763265306122440e-04,azimuth:0_m:degrees
1086,8,5.9500000476837158e+00,-2.5652173913043486e-03,1169,1170,1.3559357277882810e-04,wave_period:0_m:s
1087,-2,-2.0000000000000000e+00,-9.1935483870967758e-03,-1,-1,1.0418834547346507e-04,wind_direction:18.4_m:degrees
1088,-2,-2.0000000000000000e+00,-3.6249999999999998e-02,-1,-1,2.7343749999999938e-04,wind_direction:18.4_m:degrees
1089,3,1.0039500122070312e+03,1.4468085106382986e-02,1145,1146,2.2329862682963635e-04,pressure:18.4_m:hPa
1090,-2,-2.0000000000000000e+00,-1.2500000000000002e-03,-1,-1,8.5937499999999385e-05,wind_direction:18.4_m:degrees
1091,7,6.5000000596046448e-01,7.4339622641509451e-02,1093,1094,3.9437522249910484e-04,wave_height:0_m:m
1092,-2,-2.0000000000000000e+00,1.0000000000000001e-01,-1,-1,1.3333333333333947e-04,wind_direction:18.4_m:degrees
1093,-2,-2.0000000000000000e+00,5.2000000000000005e-02,-1,-1,1.1599999999999978e-04,wind_direction:18.4_m:degrees
1094,9,9.0996616363525391e+01,7.9534883720930247e-02,1409,1410,3.1606273661438297e-04,angle_between_wind_wave:0_m:degrees
1095,-2,-2.0000000000000000e+00,2.3666666666666666e-01,-1,-1,2.8888888888888714e-04,wind_direction:18.4_m:degrees
1096,-2,-2.0000000000000000e+00,1.9320000000000001e-01,-1,-1,2.4575999999999765e-04,wind_direction:18.4_m:degrees
1097,-2,-2.0000000000000000e+00,1.5285714285714286e-01,-1,-1,7.7551020408166832e-05,wind_direction:18.4_m:degrees
1098,-2,-2.0000000000000000e+00,1.2395348837209302e-01,-1,-1,2.2855597620334567e-04,wind_direction:18.4_m:degrees
1099,10,8.4673476219177246e+00,1.3076923076923078e-01,1705,1706,2.6863905325443665e-04,wind_speed:18.4_m:m_s-1
1100,-2,-2.0000000000000000e+00,1.6799999999999998e-01,-1,-1,9.5999999999991925e-05,wind_direction:18.4_m:degrees
1101,1,1.3918062591552734e+02,4.3666666666666673e-02,1619,1620,2.0988888888888858e-04,azimuth:0_m:degrees
1102,-2,-2.0000000000000000e+00,2.8749999999999998e-02,-1,-1,1.2911931818181989e-04,wind_direction:18.4_m:degrees
1103,5,8.9200000762939453e+01,2.7031250000000010e-02,1633,1634,2.2087402343749926e-04,relative_humidity:18.4_m:%
1104,12,-1.2167990207672119e-02,1.0400000000000000e-02,1819,1820,1.8784000000000021e-04,bulk_richardson:18.4_m:none
1105,12,-1.4358187317848206e+00,2.8584905660377365e-02,2029,2030,1.2724279102883452e-04,bulk_richardson:18.4_m:none
1106,-2,-2.0000000000000000e+00,1.4857142857142857e-02,-1,-1,8.7836734693879997e-05,wind_direction:18.4_m:degrees
1107,-2,-2.0000000000000000e+00,-4.0301003344481341e-03,-1,-1,8.6489617938651127e-05,wind_direction:18.4_m:degrees
1108,5,9.8149997711181641e+01,-7.0226130653266092e-03,1109,1110,1.3623566955379789e-04,relative_humidity:18.4_m:%
1109,3,1.0085499877929688e+03,-7.8423236514522550e-03,1557,1558,1.3255051852872207e-04,pressure:18.4_m:hPa
1110,2,2.7652999877929688e+02,1.0958904109589040e-03,1929,1930,1.0016888722086724e-04,water_sfc_temperature:0_m:K
1111,-2,-2.0000000000000000e+00,1.0400000000000001e-01,-1,-1,2.9399999999999739e-04,wind_direction:18.4_m:degrees
1112,12,-4.5393792912364006e-02,1.2800000000000000e-01,1113,1114,5.3599999999999134e-04,bulk_richardson:18.4_m:none
1113,-2,-2.0000000000000000e+00,1.4199999999999999e-01,-1,-1,2.1600000000000091e-04,wind_direction:18.4_m:degrees
1114,-2,-2.0000000000000000e+00,1.0000000000000001e-01,-1,-1,0.0000000000000000e+00,wind_direction:18.4_m:degrees
1115,-2,-2.0000000000000000e+00,3.5714285714285718e-03,-1,-1,6.5816326530612250e-05,wind_direction:18.4_m:degrees
1116,9,8.9111499786376953e+01,-1.8787878787878791e-02,1411,1412,4.8337924701561080e-04,angle_between_wind_wave:0_m:degrees
1117,-2,-2.0000000000000000e+00,-2.0476190476190478e-02,-1,-1,9.0249433106575488e-05,wind_direction:18.4_m:degrees
1118,-2,-2.0000000000000000e+00,-4.5833333333333337e-02,-1,-1,5.7638888888889191e-05,wind_direction:18.4_m:degrees
1119,-2,-2.0000000000000000e+00,5.0000000000000017e-02,-1,-1,1.9333333333333182e-04,wind_direction:18.4_m:degrees
1120,-2,-2.0000000000000000e+00,3.3555555555555568e-02,-1,-1,1.2513580246913581e-04,wind_direction:18.4_m:degrees
1121,-2,-2.0000000000000000e+00,5.2631578947368432e-02,-1,-1,1.0710987996306312e-04,wind_direction:18.4_m:degrees
1122,9,8.9555339813232422e+01,6.9583333333333344e-02,1167,1168,3.5399305555555358e-04,angle_between_wind_wave:0_m:degrees
1123,-2,-2.0000000000000000e+00,2.5161290322580653e-02,-1,-1,1.4110301768990635e-04,wind_direction:18.4_m:degrees
1124,-2,-2.0000000000000000e+00,4.3000000000000010e-02,-1,-1,1.1433333333333109e-04,wind_direction:18.4_m:degrees
1125,-2,-2.0000000000000000e+00,6.5000000000000002e-02,-1,-1,7.5000000000000414e-05,wind_direction:18.4_m:degrees
1126,0,1.0367985916137695e+02,2.9382716049382720e-02,1743,1744,1.9838439262307513e-04,zenith:0_m:degrees
1127,10,1.2626884460449219e+01,-2.8306010928961723e-02,1129,1130,1.9221236824032190e-04,wind_speed:18.4_m:m_s-1
1128,5,8.0650001525878906e+01,-3.7356321839080463e-02,1131,1132,3.2289602325274872e-04,relative_humidity:18.4_m:%
1129,-2,-2.0000000000000000e+00,-2.4518518518518516e-02,-1,-1,1.4921262002743577e-04,wind_direction:18.4_m:degrees
1130,12,-3.4401951124891639e-03,-3.8958333333333338e-02,1727,1728,1.5933159722222607e-04,bulk_richardson:18.4_m:none
1131,-2,-2.0000000000000000e+00,6.6666666666666671e-03,-1,-1,2.2222222222222217e-05,wind_direction:18.4_m:degrees
1132,8,4.7500000000000000e+00,-3.8928571428571423e-02,1623,1624,2.6194727891156594e-04,wave_period:0_m:s
1133,-2,-2.0000000000000000e+00,1.6000000000000000e-01,-1,-1,8.5714285714303534e-05,wind_direction:18.4_m:degrees
1134,-2,-2.0000000000000000e+00,1.9714285714285715e-01,-1,-1,3.0612244897957469e-04,wind_direction:18.4_m:degrees
1135,3,1.0060499877929688e+03,-2.2580645161290329e-03,1307,1308,8.6836628511966640e-05,pressure:18.4_m:hPa
1136,-2,-2.0000000000000000e+00,6.9523809523809555e-03,-1,-1,8.7854875283446609e-05,wind_direction:18.4_m:degrees
1137,-2,-2.0000000000000000e+00,-3.2500000000000001e-02,-1,-1,6.6874999999999986e-04,wind_direction:18.4_m:degrees
1138,-2,-2.0000000000000000e+00,3.2812500000000007e-03,-1,-1,1.8142089843749991e-04,wind_direction:18.4_m:degrees
1139,0,1.3256003570556641e+02,2.6030303030303031e-01,1141,1142,5.4839302112032196e-04,zenith:0_m:degrees
1140,12,-3.1667607836425304e-02,2.3142857142857146e-01,1149,1150,7.5510204081630922e-04,bulk_richardson:18.4_m:none
1141,-2,-2.0000000000000000e+00,2.5407407407407406e-01,-1,-1,3.4266117969819487e-04,wind_direction:18.4_m:degrees
1142,12,-3.6422930657863617e-02,2.8833333333333333e-01,1785,1786,5.1388888888902196e-04,bulk_richardson:18.4_m:none
1143,4,3.2585576772689819e+00,3.8954248366013057e-02,1345,1346,2.1197829894485285e-04,mixing_ratio:18.4_m:g_kg-1
1144,-2,-2.0000000000000000e+00,2.1666666666666667e-02,-1,-1,1.1388888888889655e-04,wind_direction:18.4_m:degrees
1145,3,1.0022500000000000e+03,1.9868421052631584e-02,1419,1420,1.7761426592797738e-04,pressure:18.4_m:hPa
1146,8,7.5000000000000000e+00,8.1538461538461574e-03,1147,1148,2.0274556213017804e-04,wave_period:0_m:s
1147,-2,-2.0000000000000000e+00,9.8412698412698452e-03,-1,-1,1.1584782060972521e-04,wind_direction:18.4_m:degrees
1148,-2,-2.0000000000000000e+00,-4.4999999999999998e-02,-1,-1,2.4999999999993344e-05,wind_direction:18.4_m:degrees
1149,-2,-2.0000000000000000e+00,1.9000000000000000e-01,-1,-1,0.0000000000000000e+00,wind_direction:18.4_m:degrees
1150,-2,-2.0000000000000000e+00,2.4800000000000000e-01,-1,-1,9.5999999999978047e-05,wind_direction:18.4_m:degrees
1151,-2,-2.0000000000000000e+00,1.5222222222222220e-01,-1,-1,1.0617283950617798e-04,wind_direction:18.4_m:degrees
1152,-2,-2.0000000000000000e+00,1.8714285714285714e-01,-1,-1,3.6326530612242752e-04,wind_direction:18.4_m:degrees
1153,-2,-2.0000000000000000e+00,6.6000000000000003e-02,-1,-1,1.0399999999999993e-04,wind_direction:18.4_m:degrees
1154,-2,-2.0000000000000000e+00,9.8780487804878067e-02,-1,-1,2.2534205829863665e-04,wind_direction:18.4_m:degrees
1155,9,9.0118045806884766e+01,2.0735294117647067e-02,1717,1718,1.6269463667820019e-04,angle_between_wind_wave:0_m:degrees
1156,1,2.3773660278320312e+02,1.0390625000000004e-02,1157,1158,2.6781616210937512e-04,azimuth:0_m:degrees
1157,-2,-2.0000000000000000e+00,1.5890410958904116e-02,-1,-1,1.2557703133796205e-04,wind_direction:18.4_m:degrees
1158,3,1.0121000061035156e+03,3.0909090909090908e-03,1159,1160,3.6317355371900847e-04,pressure:18.4_m:hPa
1159,-2,-2.0000000000000000e+00,-5.9999999999999998e-02,-1,-1,0.0000000000000000e+00,wind_direction:18.4_m:degrees
1160,10,8.9890351295471191e+00,5.4716981132075472e-03,1161,1162,2.2100391598433604e-04,wind_speed:18.4_m:m_s-1
1161,-2,-2.0000000000000000e+00,7.1153846153846163e-03,-1,-1,8.2063609467455660e-05,wind_direction:18.4_m:degrees
1162,-2,-2.0000000000000000e+00,-8.0000000000000002e-02,-1,-1,-7.8062556418956319e-18,wind_direction:18.4_m:degrees
1163,-2,-2.0000000000000000e+00,1.5833333333333333e-01,-1,-1,1.4722222222222220e-04,wind_direction:18.4_m:degrees
1164,-2,-2.0000000000000000e+00,2.0000000000000001e-01,-1,-1,1.6000000000000736e-04,wind_direction:18.4_m:degrees
1165,-2,-2.0000000000000000e+00,4.0000000000000001e-02,-1,-1,0.0000000000000000e+00,wind_direction:18.4_m:degrees
1166,-2,-2.0000000000000000e+00,7.6153846153846155e-02,-1,-1,1.4674556213017768e-04,wind_direction:18.4_m:degrees
1167,-2,-2.0000000000000000e+00,9.1428571428571428e-02,-1,-1,6.9387755102042273e-05,wind_direction:18.4_m:degrees
1168,11,2.8401998901367188e+02,6.0588235294117665e-02,1863,1864,1.9377162629757600e-04,wind_direction:18.4_m:degrees
1169,5,8.3049999237060547e+01,-6.0839160839160859e-03,1365,1366,1.2312582522372729e-04,relative_humidity:18.4_m:%
1170,-2,-2.0000000000000000e+00,3.2183908045977016e-03,-1,-1,1.0228563878980049e-04,wind_direction:18.4_m:degrees
1171,2,2.8096501159667969e+02,-9.3333333333333376e-03,1173,1174,1.4955555555555539e-04,water_sfc_temperature:0_m:K
1172,-2,-2.0000000000000000e+00,-1.9871794871794877e-03,-1,-1,7.6179322813938250e-05,wind_direction:18.4_m:degrees
1173,-2,-2.0000000000000000e+00,-4.2000000000000003e-02,-1,-1,1.5999999999999738e-05,wind_direction:18.4_m:degrees
1174,3,1.0159500122070312e+03,-7.9130434782608752e-03,1899,1900,1.0694896030245728e-04,pressure:18.4_m:hPa
1175,-2,-2.0000000000000000e+00,1.8000000000000002e-01,-1,-1,-6.9388939039072284e-18,wind_direction:18.4_m:degrees
1176,-2,-2.0000000000000000e+00,1.3285714285714287e-01,-1,-1,1.3469387755101966e-04,wind_direction:18.4_m:degrees
1177,-2,-2.0000000000000000e+00,3.6666666666666667e-02,-1,-1,1.5555555555555570e-04,wind_direction:18.4_m:degrees
1178,-2,-2.0000000000000000e+00,6.9999999999999993e-02,-1,-1,1.1428571428571434e-04,wind_direction:18.4_m:degrees
1179,-2,-2.0000000000000000e+00,-3.1555555555555566e-02,-1,-1,2.3091358024691249e-04,wind_direction:18.4_m:degrees
1180,4,8.5090222358703613e+00,-4.4843750000000022e-02,1187,1188,1.7810058593750256e-04,mixing_ratio:18.4_m:g_kg-1
1181,-2,-2.0000000000000000e+00,5.8571428571428573e-02,-1,-1,1.6462585034013625e-04,wind_direction:18.4_m:degrees
1182,2,2.8981500244140625e+02,4.2264150943396223e-02,1183,1184,1.9676041295834832e-04,water_sfc_temperature:0_m:K
1183,7,4.5000000298023224e-01,3.5932203389830518e-02,2037,2038,1.1904625107727641e-04,wave_height:0_m:m
1184,2,2.8997999572753906e+02,5.0212765957446795e-02,1577,1578,1.8080579447713992e-04,water_sfc_temperature:0_m:K
1185,-2,-2.0000000000000000e+00,-3.0769230769230769e-03,-1,-1,2.1301775147928993e-05,wind_direction:18.4_m:degrees
1186,-2,-2.0000000000000000e+00,2.0416666666666666e-02,-1,-1,7.0659722222222391e-05,wind_direction:18.4_m:degrees
1187,-2,-2.0000000000000000e+00,-1.8333333333333337e-02,-1,-1,1.1388888888888880e-04,wind_direction:18.4_m:degrees
1188,-2,-2.0000000000000000e+00,-4.7586206896551721e-02,-1,-1,1.0451843043995023e-04,wind_direction:18.4_m:degrees
1189,-2,-2.0000000000000000e+00,1.3142857142857145e-01,-1,-1,2.5510204081633306e-04,wind_direction:18.4_m:degrees
1190,-2,-2.0000000000000000e+00,9.0000000000000011e-02,-1,-1,-6.0715321659188248e-17,wind_direction:18.4_m:degrees
1191,-2,-2.0000000000000000e+00,-4.4000000000000018e-02,-1,-1,1.6399999999999878e-04,wind_direction:18.4_m:degrees
1192,-2,-2.0000000000000000e+00,-5.7536231884057987e-02,-1,-1,1.4900231043898666e-04,wind_direction:18.4_m:degrees
1193,-2,-2.0000000000000000e+00,9.1666666666666674e-02,-1,-1,1.8055555555555360e-04,wind_direction:18.4_m:degrees
1194,6,1.8650000000000000e+02,1.2000000000000001e-01,1985,1986,3.6363636363636459e-04,wave_direction:0_m:degrees
1195,-2,-2.0000000000000000e+00,-3.1333333333333338e-02,-1,-1,2.2488888888888884e-04,wind_direction:18.4_m:degrees
1196,-2,-2.0000000000000000e+00,-5.4499999999999993e-02,-1,-1,1.6474999999999736e-04,wind_direction:18.4_m:degrees
1197,-2,-2.0000000000000000e+00,1.0349999999999999e-01,-1,-1,1.7274999999999756e-04,wind_direction:18.4_m:degrees
1198,-2,-2.0000000000000000e+00,1.2666666666666665e-01,-1,-1,3.1555555555555850e-04,wind_direction:18.4_m:degrees
1199,2,2.8193499755859375e+02,4.2800000000000005e-02,1353,1354,1.4335999999999689e-04,water_sfc_temperature:0_m:K
1200,2,2.8109500122070312e+02,3.3333333333333333e-02,1457,1458,1.9923371647510282e-04,water_sfc_temperature:0_m:K
1201,-2,-2.0000000000000000e+00,6.6585365853658554e-02,-1,-1,1.1516954193931811e-04,wind_direction:18.4_m:degrees
1202,-2,-2.0000000000000000e+00,5.0000000000000024e-02,-1,-1,1.5000000000000039e-04,wind_direction:18.4_m:degrees
1203,0,8.4320774078369141e+01,-1.3251533742331290e-02,1297,1298,2.4402875531634615e-04,zenith:0_m:degrees
1204,-2,-2.0000000000000000e+00,1.2857142857142857e-02,-1,-1,3.0612244897959003e-04,wind_direction:18.4_m:degrees
1205,5,9.9549999237060547e+01,-1.2000000000000005e-02,1837,1838,1.3364705882352919e-04,relative_humidity:18.4_m:%
1206,7,2.4500000476837158e+00,-2.0074626865671578e-02,1665,1666,2.3059144575629775e-04,wave_height:0_m:m
1207,9,8.7997303009033203e+01,1.1272727272727275e-01,1661,1662,3.2892561983470688e-04,angle_between_wind_wave:0_m:degrees
1208,-2,-2.0000000000000000e+00,1.5666666666666665e-01,-1,-1,2.2222222222249843e-05,wind_direction:18.4_m:degrees
1209,6,2.2650000000000000e+02,-1.2267657992564945e-02,1467,1468,1.4522947444065357e-04,wave_direction:0_m:degrees
1210,-2,-2.0000000000000000e+00,-5.9999999999999998e-02,-1,-1,3.7209818559702512e-16,wind_direction:18.4_m:degrees
1211,9,8.8315811157226562e+01,1.9033674963396746e-04,1465,1466,7.4487930047653861e-05,angle_between_wind_wave:0_m:degrees
1212,11,2.4547000122070312e+02,1.1666666666666665e-02,1213,1214,2.9166666666666848e-04,wind_direction:18.4_m:degrees
1213,-2,-2.0000000000000000e+00,2.0000000000000000e-02,-1,-1,6.4000000000000200e-05,wind_direction:18.4_m:degrees
1214,-2,-2.0000000000000000e+00,-7.2727272727272719e-03,-1,-1,2.9256198347107394e-04,wind_direction:18.4_m:degrees
1215,10,1.3386339545249939e+00,9.6969696969696935e-03,1217,1218,4.8172635445362718e-04,wind_speed:18.4_m:m_s-1
1216,-2,-2.0000000000000000e+00,-2.0382165605095405e-03,-1,-1,9.1508396940665686e-05,wind_direction:18.4_m:degrees
1217,-2,-2.0000000000000000e+00,5.9999999999999998e-02,-1,-1,0.0000000000000000e+00,wind_direction:18.4_m:degrees
1218,-2,-2.0000000000000000e+00,2.7586206896551726e-03,-1,-1,1.5101070154577883e-04,wind_direction:18.4_m:degrees
1219,12,-2.9291204176843166e-02,1.5428571428571429e-03,1221,1222,1.0790530612244894e-04,bulk_richardson:18.4_m:none
1220,7,3.5000000894069672e-01,-3.9999999999999871e-03,1621,1622,1.0671186440677996e-04,wave_height:0_m:m
1221,-2,-2.0000000000000000e+00,-4.0000000000000001e-02,-1,-1,-2.1684043449710089e-19,wind_direction:18.4_m:degrees
1222,9,8.8042373657226562e+01,2.2674418604651165e-03,1773,1774,7.9161032990805817e-05,angle_between_wind_wave:0_m:degrees
1223,11,1.3249500274658203e+02,-9.1851851851851851e-02,1225,1226,3.6323731138546318e-04,wind_direction:18.4_m:degrees
1224,-2,-2.0000000000000000e+00,-6.1666666666666668e-02,-1,-1,1.3888888888887937e-05,wind_direction:18.4_m:degrees
1225,-2,-2.0000000000000000e+00,-1.1428571428571430e-01,-1,-1,2.4489795918363269e-05,wind_direction:18.4_m:degrees
1226,7,2.6499999761581421e+00,-8.4000000000000019e-02,1759,1760,2.4400000000000203e-04,wave_height:0_m:m
1227,-2,-2.0000000000000000e+00,-1.1014492753623189e-02,-1,-1,8.1579500105020004e-05,wind_direction:18.4_m:degrees
1228,12,-3.7043284391984344e-03,-2.2982456140350889e-02,1669,1670,1.6128039396737411e-04,bulk_richardson:18.4_m:none
1229,4,1.4943905830383301e+01,-2.0276243093922650e-02,1231,1232,2.2257562345471681e-04,mixing_ratio:18.4_m:g_kg-1
1230,-2,-2.0000000000000000e+00,-1.1666666666666672e-02,-1,-1,1.1833333333333571e-04,wind_direction:18.4_m:degrees
1231,3,1.0115500183105469e+03,-1.9269662921348317e-02,1597,1598,1.6519694483019780e-04,pressure:18.4_m:hPa
1232,-2,-2.0000000000000000e+00,-8.0000000000000002e-02,-1,-1,5.2041704279304213e-18,wind_direction:18.4_m:degrees
1233,6,2.3050000000000000e+02,2.1500000000000002e-01,1433,1434,4.1249999999999620e-04,wave_direction:0_m:degrees
1234,-2,-2.0000000000000000e+00,2.3823529411764710e-01,-1,-1,4.1453287197232985e-04,wind_direction:18.4_m:degrees
1235,12,-1.2032137252390385e-02,1.8939393939393950e-02,1885,1886,1.2160238751147810e-04,bulk_richardson:18.4_m:none
1236,-2,-2.0000000000000000e+00,3.7037037037037034e-03,-1,-1,7.5171467764060303e-05,wind_direction:18.4_m:degrees
1237,2,2.8516500854492188e+02,7.4137931034482768e-02,1269,1270,2.4839476813317413e-04,water_sfc_temperature:0_m:K
1238,12,-1.6923578083515167e-01,5.4285714285714291e-02,1239,1240,6.6734693877551141e-04,bulk_richardson:18.4_m:none
1239,-2,-2.0000000000000000e+00,1.0000000000000000e-02,-1,-1,-1.3552527156068805e-20,wind_direction:18.4_m:degrees
1240,-2,-2.0000000000000000e+00,6.6363636363636361e-02,-1,-1,1.6859504132231331e-04,wind_direction:18.4_m:degrees
1241,3,1.0185000000000000e+03,1.8500000000000000e-01,1387,1388,8.6250000000000215e-04,pressure:18.4_m:hPa
1242,-2,-2.0000000000000000e+00,2.3499999999999999e-01,-1,-1,2.5000000000080513e-05,wind_direction:18.4_m:degrees
1243,7,9.4999998807907104e-01,3.8377986965966703e-04,1999,2000,4.5978708666966356e-05,wave_height:0_m:m
1244,-2,-2.0000000000000000e+00,-5.5395683453237409e-03,-1,-1,1.5132757103669675e-04,wind_direction:18.4_m:degrees
1245,11,2.2683000183105469e+02,-3.9166666666666662e-02,1673,1674,5.5763888888888920e-04,wind_direction:18.4_m:degrees
1246,-2,-2.0000000000000000e+00,-8.9999999999999997e-02,-1,-1,-3.4694469519536142e-18,wind_direction:18.4_m:degrees
1247,12,4.1014479938894510e-03,-3.4791666666666679e-02,1933,1934,1.5412326388888811e-04,bulk_richardson:18.4_m:none
1248,-2,-2.0000000000000000e+00,-2.0909090909090915e-02,-1,-1,4.9173553719008320e-05,wind_direction:18.4_m:degrees
1249,-2,-2.0000000000000000e+00,6.2800000000000022e-02,-1,-1,1.7215999999999846e-04,wind_direction:18.4_m:degrees
1250,11,2.7394999694824219e+02,7.9750000000000015e-02,1995,1996,1.7743749999999531e-04,wind_direction:18.4_m:degrees
1251,-2,-2.0000000000000000e+00,-1.7777777777777781e-02,-1,-1,8.3950617283950633e-05,wind_direction:18.4_m:degrees
1252,7,2.2999999523162842e+00,1.5714285714285712e-02,1463,1464,6.2448979591836766e-04,wave_height:0_m:m
1253,1,9.6792385101318359e+01,-7.0852017937219763e-03,1255,1256,3.1840978101309092e-04,azimuth:0_m:degrees
1254,12,-6.5447590313851833e-03,-1.3702623906705538e-03,1559,1560,1.0920109818188069e-04,bulk_richardson:18.4_m:none
1255,-2,-2.0000000000000000e+00,-5.7918552036199129e-03,-1,-1,1.3478020515550463e-04,wind_direction:18.4_m:degrees
1256,-2,-2.0000000000000000e+00,-1.4999999999999999e-01,-1,-1,-6.9388939039072284e-18,wind_direction:18.4_m:degrees
1257,2,2.9141999816894531e+02,-1.7096774193548391e-02,1259,1260,4.8511966701352726e-04,water_sfc_temperature:0_m:K
1258,12,2.2198576480150223e-02,-5.0186915887850229e-03,1437,1438,1.5471927679273318e-04,bulk_richardson:18.4_m:none
1259,-2,-2.0000000000000000e+00,-7.5999999999999991e-03,-1,-1,2.6239999999999932e-05,wind_direction:18.4_m:degrees
1260,5,7.3049999237060547e+01,-5.6666666666666671e-02,1931,1932,4.5555555555555410e-04,relative_humidity:18.4_m:%
1261,7,9.4999998807907104e-01,-1.2060085836909873e-02,1511,1512,1.1592772016430592e-04,wave_height:0_m:m
1262,-2,-2.0000000000000000e+00,3.5000000000000003e-02,-1,-1,2.5000000000010257e-05,wind_direction:18.4_m:degrees
1263,1,2.3964157104492188e+02,2.2400000000000003e-01,1755,1756,3.4399999999998321e-04,azimuth:0_m:degrees
1264,-2,-2.0000000000000000e+00,2.5142857142857145e-01,-1,-1,1.9795918367346288e-04,wind_direction:18.4_m:degrees
1265,-2,-2.0000000000000000e+00,2.1764705882352936e-02,-1,-1,1.2041522491349513e-04,wind_direction:18.4_m:degrees
1266,-2,-2.0000000000000000e+00,5.1502145922746809e-03,-1,-1,7.0470997808027265e-05,wind_direction:18.4_m:degrees
1267,-2,-2.0000000000000000e+00,1.2083333333333335e-01,-1,-1,1.9097222222221912e-04,wind_direction:18.4_m:degrees
1268,11,3.1918501281738281e+02,1.4454545454545453e-01,1729,1730,2.8842975206612442e-04,wind_direction:18.4_m:degrees
1269,-2,-2.0000000000000000e+00,7.7600000000000016e-02,-1,-1,1.8223999999999498e-04,wind_direction:18.4_m:degrees
1270,-2,-2.0000000000000000e+00,5.2499999999999998e-02,-1,-1,1.1875000000001034e-04,wind_direction:18.4_m:degrees
1271,-2,-2.0000000000000000e+00,7.5454545454545455e-02,-1,-1,7.9338842975206977e-05,wind_direction:18.4_m:degrees
1272,-2,-2.0000000000000000e+00,4.9999999999999996e-02,-1,-1,7.0588235294120026e-05,wind_direction:18.4_m:degrees
1273,-2,-2.0000000000000000e+00,-3.7499999999999999e-02,-1,-1,2.1875000000000019e-04,wind_direction:18.4_m:degrees
1274,-2,-2.0000000000000000e+00,-5.5555555555555558e-03,-1,-1,2.2469135802469134e-04,wind_direction:18.4_m:degrees
1275,-2,-2.0000000000000000e+00,1.0000000000000000e-02,-1,-1,1.2000000000000000e-04,wind_direction:18.4_m:degrees
1276,9,8.9024539947509766e+01,4.0099999999999997e-02,1575,1576,1.5699000000000095e-04,angle_between_wind_wave:0_m:degrees
1277,9,9.2542213439941406e+01,-5.8115183246073305e-03,1391,1392,1.5732573120254381e-04,angle_between_wind_wave:0_m:degrees
1278,12,3.9235845208168030e-01,-1.2030075187969915e-02,1279,1280,3.4023969698682849e-04,bulk_richardson:18.4_m:none
1279,11,1.2997999572753906e+02,-1.1450381679389313e-02,1283,1284,2.9789639298409234e-04,wind_direction:18.4_m:degrees
1280,1,2.4935711669921875e+02,-4.9999999999999996e-02,1281,1282,1.6499999999999861e-03,azimuth:0_m:degrees
1281,-2,-2.0000000000000000e+00,-1.0000000000000000e-02,-1,-1,1.0000000000000011e-04,wind_direction:18.4_m:degrees
1282,-2,-2.0000000000000000e+00,-8.9999999999999997e-02,-1,-1,0.0000000000000000e+00,wind_direction:18.4_m:degrees
1283,1,6.6940505981445312e+01,-2.5200000000000004e-02,1285,1286,7.0495999999999981e-04,azimuth:0_m:degrees
1284,2,2.8861000061035156e+02,-9.9999999999999967e-03,1625,1626,2.3291139240506361e-04,water_sfc_temperature:0_m:K
1285,4,1.4184821128845215e+01,-4.3333333333333335e-02,1639,1640,7.0555555555555584e-04,mixing_ratio:18.4_m:g_kg-1
1286,-2,-2.0000000000000000e+00,-8.4615384615384613e-03,-1,-1,1.2071005917159716e-04,wind_direction:18.4_m:degrees
1287,-2,-2.0000000000000000e+00,1.4000000000000001e-01,-1,-1,0.0000000000000000e+00,wind_direction:18.4_m:degrees
1288,-2,-2.0000000000000000e+00,9.0000000000000011e-02,-1,-1,0.0000000000000000e+00,wind_direction:18.4_m:degrees
1289,3,1.0220500183105469e+03,-4.8710601719197696e-04,1291,1292,1.8686874491999247e-04,pressure:18.4_m:hPa
1290,-2,-2.0000000000000000e+00,5.3266331658291472e-03,-1,-1,1.0328527057397581e-04,wind_direction:18.4_m:degrees
1291,7,3.5000000894069672e-01,-2.2222222222222218e-03,1293,1294,1.9236812570145917e-04,wave_height:0_m:m
1292,-2,-2.0000000000000000e+00,9.4230769230769264e-03,-1,-1,4.0051775147928497e-05,wind_direction:18.4_m:degrees
1293,11,1.8508499908447266e+02,-3.2000000000000001e-02,1295,1296,9.7600000000000052e-04,wind_direction:18.4_m:degrees
1294,2,2.9309500122070312e+02,-1.7123287671232876e-03,1851,1852,1.6350628635766572e-04,water_sfc_temperature:0_m:K
1295,-2,-2.0000000000000000e+00,-7.0000000000000007e-02,-1,-1,0.0000000000000000e+00,wind_direction:18.4_m:degrees
1296,-2,-2.0000000000000000e+00,-6.6666666666666671e-03,-1,-1,2.2222222222222440e-05,wind_direction:18.4_m:degrees
1297,2,2.8398500061035156e+02,-1.0476190476190483e-02,1523,1524,1.9659863945578219e-04,water_sfc_temperature:0_m:K
1298,12,-1.8746732966974378e-03,-2.2702702702702703e-02,1299,1300,2.8999269539810107e-04,bulk_richardson:18.4_m:none
1299,-2,-2.0000000000000000e+00,-4.7499999999999994e-02,-1,-1,2.4375000000000048e-04,wind_direction:18.4_m:degrees
1300,-2,-2.0000000000000000e+00,-1.5862068965517246e-02,-1,-1,8.6325802615933294e-05,wind_direction:18.4_m:degrees
1301,-2,-2.0000000000000000e+00,-8.9999999999999997e-02,-1,-1,0.0000000000000000e+00,wind_direction:18.4_m:degrees
1302,-2,-2.0000000000000000e+00,-1.0000000000000000e-02,-1,-1,-7.8604657505199071e-19,wind_direction:18.4_m:degrees
1303,4,1.3457497358322144e+00,7.0476190476190470e-02,1521,1522,2.1405895691609892e-04,mixing_ratio:18.4_m:g_kg-1
1304,3,1.0196499938964844e+03,9.7142857142857156e-02,1937,1938,3.9183673469390251e-04,pressure:18.4_m:hPa
1305,4,2.1472375392913818e+00,7.4491525423728819e-02,1313,1314,1.7389399597817021e-04,mixing_ratio:18.4_m:g_kg-1
1306,-2,-2.0000000000000000e+00,1.4000000000000001e-01,-1,-1,-3.1918911957973251e-16,wind_direction:18.4_m:degrees
1307,-2,-2.0000000000000000e+00,2.0000000000000000e-02,-1,-1,0.0000000000000000e+00,wind_direction:18.4_m:degrees
1308,-2,-2.0000000000000000e+00,-3.7931034482758625e-03,-1,-1,5.6302021403091502e-05,wind_direction:18.4_m:degrees
1309,10,5.9289624691009521e+00,8.5279187817258947e-03,2033,2034,7.9558865211677517e-05,wind_speed:18.4_m:m_s-1
1310,-2,-2.0000000000000000e+00,3.0188679245283030e-03,-1,-1,7.0131719473122501e-05,wind_direction:18.4_m:degrees
1311,11,2.7335499572753906e+02,-2.1946472019464657e-02,1605,1606,2.0545698876990229e-04,wind_direction:18.4_m:degrees
1312,3,1.0115500183105469e+03,-1.6331658291457274e-02,1649,1650,2.7649301785309031e-04,pressure:18.4_m:hPa
1313,-2,-2.0000000000000000e+00,1.2000000000000000e-01,-1,-1,0.0000000000000000e+00,wind_direction:18.4_m:degrees
1314,-2,-2.0000000000000000e+00,7.3706896551724146e-02,-1,-1,1.4056926278240185e-04,wind_direction:18.4_m:degrees
1315,9,8.9761573791503906e+01,4.8205128205128220e-02,1317,1318,3.1729125575279430e-04,angle_between_wind_wave:0_m:degrees
1316,-2,-2.0000000000000000e+00,7.6666666666666661e-02,-1,-1,2.5555555555554794e-04,wind_direction:18.4_m:degrees
1317,11,3.0219000244140625e+02,5.7083333333333354e-02,1641,1642,2.5399305555555505e-04,wind_direction:18.4_m:degrees
1318,-2,-2.0000000000000000e+00,3.3999999999999996e-02,-1,-1,9.0666666666665112e-05,wind_direction:18.4_m:degrees
1319,-2,-2.0000000000000000e+00,7.8333333333333338e-02,-1,-1,4.7222222222222804e-05,wind_direction:18.4_m:degrees
1320,-2,-2.0000000000000000e+00,4.9333333333333347e-02,-1,-1,1.7288888888888822e-04,wind_direction:18.4_m:degrees
1321,-2,-2.0000000000000000e+00,2.3249999999999998e-01,-1,-1,1.6875000000000223e-04,wind_direction:18.4_m:degrees
1322,-2,-2.0000000000000000e+00,2.6874999999999999e-01,-1,-1,3.2343750000000948e-04,wind_direction:18.4_m:degrees
1323,2,2.7684500122070312e+02,4.3076923076923089e-02,1745,1746,2.1617357001972354e-04,water_sfc_temperature:0_m:K
1324,10,1.0947019577026367e+01,3.0882352941176482e-02,1325,1326,1.9039792387543365e-04,wind_speed:18.4_m:m_s-1
1325,2,2.7896499633789062e+02,2.0625000000000001e-02,1417,1418,1.7460937499999991e-04,water_sfc_temperature:0_m:K
1326,-2,-2.0000000000000000e+00,3.5571428571428566e-02,-1,-1,1.2753061224489741e-04,wind_direction:18.4_m:degrees
1327,-2,-2.0000000000000000e+00,2.8163265306122465e-03,-1,-1,5.2476468138275673e-05,wind_direction:18.4_m:degrees
1328,-2,-2.0000000000000000e+00,7.4534161490683202e-03,-1,-1,5.3763357895143982e-05,wind_direction:18.4_m:degrees
1329,0,1.8737744331359863e+01,-7.8341584158415460e-03,1987,1988,9.0977447064014599e-05,zenith:0_m:degrees
1330,-2,-2.0000000000000000e+00,5.0000000000000001e-03,-1,-1,7.1153846153851089e-05,wind_direction:18.4_m:degrees
1331,-2,-2.0000000000000000e+00,1.4999999999999999e-02,-1,-1,5.8333333333333360e-05,wind_direction:18.4_m:degrees
1332,-2,-2.0000000000000000e+00,4.8888888888888898e-02,-1,-1,9.8765432098764979e-05,wind_direction:18.4_m:degrees
1333,-2,-2.0000000000000000e+00,5.0000000000000003e-02,-1,-1,0.0000000000000000e+00,wind_direction:18.4_m:degrees
1334,-2,-2.0000000000000000e+00,1.4285714285714286e-03,-1,-1,5.5102040816326558e-05,wind_direction:18.4_m:degrees
1335,5,9.1750000000000000e+01,3.1206896551724150e-02,1859,1860,1.7268133174791836e-04,relative_humidity:18.4_m:%
1336,-2,-2.0000000000000000e+00,-1.4999999999999999e-02,-1,-1,2.4999999999992883e-05,wind_direction:18.4_m:degrees
1337,-2,-2.0000000000000000e+00,2.8749999999999998e-01,-1,-1,1.6875000000002305e-04,wind_direction:18.4_m:degrees
1338,-2,-2.0000000000000000e+00,2.5000000000000000e-01,-1,-1,2.3636363636361790e-04,wind_direction:18.4_m:degrees
1339,10,8.1865487098693848e+00,4.2000000000000003e-02,1905,1906,1.6457142857142755e-04,wind_speed:18.4_m:m_s-1
1340,-2,-2.0000000000000000e+00,6.0000000000000012e-02,-1,-1,8.9999999999999802e-05,wind_direction:18.4_m:degrees
1341,-2,-2.0000000000000000e+00,8.8888888888888889e-03,-1,-1,7.6543209876543217e-05,wind_direction:18.4_m:degrees
1342,11,2.4325500488281250e+02,-1.3658536585365857e-02,1343,1344,2.1344437834622243e-04,wind_direction:18.4_m:degrees
1343,-2,-2.0000000000000000e+00,-3.0526315789473690e-02,-1,-1,1.8393351800553989e-04,wind_direction:18.4_m:degrees
1344,6,2.1500000000000000e+02,-8.5714285714285736e-03,1877,1878,1.1065759637188201e-04,wave_direction:0_m:degrees
1345,4,2.5752468109130859e+00,4.3409090909090918e-02,1347,1348,2.1110537190082769e-04,mixing_ratio:18.4_m:g_kg-1
1346,1,9.9308261871337891e+01,3.2923076923076930e-02,1971,1972,1.4991715976331657e-04,azimuth:0_m:degrees
1347,-2,-2.0000000000000000e+00,3.0000000000000006e-02,-1,-1,1.8999999999999974e-04,wind_direction:18.4_m:degrees
1348,-2,-2.0000000000000000e+00,4.7352941176470577e-02,-1,-1,1.4887543252595095e-04,wind_direction:18.4_m:degrees
1349,-2,-2.0000000000000000e+00,8.0000000000000016e-02,-1,-1,1.5999999999999955e-04,wind_direction:18.4_m:degrees
1350,-2,-2.0000000000000000e+00,1.0249999999999999e-01,-1,-1,1.5208333333333046e-04,wind_direction:18.4_m:degrees
1351,-2,-2.0000000000000000e+00,2.1714285714285714e-01,-1,-1,2.7755102040813440e-04,wind_direction:18.4_m:degrees
1352,-2,-2.0000000000000000e+00,1.8874999999999997e-01,-1,-1,3.5937499999992573e-05,wind_direction:18.4_m:degrees
1353,-2,-2.0000000000000000e+00,4.1206896551724111e-02,-1,-1,1.0716409036860873e-04,wind_direction:18.4_m:degrees
1354,-2,-2.0000000000000000e+00,6.3333333333333339e-02,-1,-1,1.5555555555556416e-04,wind_direction:18.4_m:degrees
1355,11,3.1722999572753906e+02,2.1484848484848484e-01,1647,1648,4.2497704315883761e-04,wind_direction:18.4_m:degrees
1356,-2,-2.0000000000000000e+00,1.4999999999999999e-01,-1,-1,7.9797279894933126e-17,wind_direction:18.4_m:degrees
1357,-2,-2.0000000000000000e+00,1.0250000000000001e-01,-1,-1,1.4374999999999805e-04,wind_direction:18.4_m:degrees
1358,-2,-2.0000000000000000e+00,1.2113636363636365e-01,-1,-1,1.7825413223142121e-04,wind_direction:18.4_m:degrees
1359,-2,-2.0000000000000000e+00,2.1016042780748662e-02,-1,-1,1.0217621321742201e-04,wind_direction:18.4_m:degrees
1360,0,5.8513959884643555e+01,3.0000000000000009e-02,1871,1872,1.9710144927536613e-04,zenith:0_m:degrees
1361,-2,-2.0000000000000000e+00,-1.1097560975609761e-02,-1,-1,1.0733194527067199e-04,wind_direction:18.4_m:degrees
1362,-2,-2.0000000000000000e+00,-6.3080853671883891e-20,-1,-1,6.9090909090909055e-05,wind_direction:18.4_m:degrees
1363,-2,-2.0000000000000000e+00,2.8500000000000003e-01,-1,-1,2.2500000000000298e-04,wind_direction:18.4_m:degrees
1364,-2,-2.0000000000000000e+00,3.3000000000000002e-01,-1,-1,1.3877787807814457e-17,wind_direction:18.4_m:degrees
1365,-2,-2.0000000000000000e+00,5.3571428571428607e-04,-1,-1,7.2927295918367340e-05,wind_direction:18.4_m:degrees
1366,-2,-2.0000000000000000e+00,-1.0344827586206900e-02,-1,-1,1.0907649623464125e-04,wind_direction:18.4_m:degrees
1367,-2,-2.0000000000000000e+00,-4.1052631578947368e-02,-1,-1,1.7783933518005553e-04,wind_direction:18.4_m:degrees
1368,-2,-2.0000000000000000e+00,-2.0952380952380951e-02,-1,-1,6.5759637188207774e-05,wind_direction:18.4_m:degrees
1369,-2,-2.0000000000000000e+00,1.5384615384615387e-02,-1,-1,1.1715976331360940e-04,wind_direction:18.4_m:degrees
1370,-2,-2.0000000000000000e+00,1.0256410256410256e-03,-1,-1,1.2202498356344515e-04,wind_direction:18.4_m:degrees
1371,9,8.9323959350585938e+01,1.2736842105263158e-01,1961,1962,2.0886426592798060e-04,angle_between_wind_wave:0_m:degrees
1372,-2,-2.0000000000000000e+00,9.2499999999999999e-02,-1,-1,6.8750000000002837e-05,wind_direction:18.4_m:degrees
1373,-2,-2.0000000000000000e+00,-1.4285714285714286e-03,-1,-1,1.2244897959183674e-05,wind_direction:18.4_m:degrees
1374,-2,-2.0000000000000000e+00,1.6913580246913588e-02,-1,-1,1.0528882792257250e-04,wind_direction:18.4_m:degrees
1375,-2,-2.0000000000000000e+00,5.0000000000000010e-02,-1,-1,-4.3368086899420177e-19,wind_direction:18.4_m:degrees
1376,12,-4.1760116815567017e-02,8.7297297297297294e-02,1443,1444,2.8188458729000009e-04,bulk_richardson:18.4_m:none
1377,-2,-2.0000000000000000e+00,-1.9999999999999997e-02,-1,-1,4.9999999999999860e-05,wind_direction:18.4_m:degrees
1378,-2,-2.0000000000000000e+00,-7.0000000000000007e-02,-1,-1,0.0000000000000000e+00,wind_direction:18.4_m:degrees
1379,2,2.8038000488281250e+02,-3.1999999999999994e-02,1381,1382,8.5599999999999977e-04,water_sfc_temperature:0_m:K
1380,3,9.9825000000000000e+02,-6.1904761904761893e-02,1563,1564,2.7256235827664149e-04,pressure:18.4_m:hPa
1381,-2,-2.0000000000000000e+00,-1.7499999999999998e-02,-1,-1,1.8750000000000212e-05,wind_direction:18.4_m:degrees
1382,-2,-2.0000000000000000e+00,-8.9999999999999997e-02,-1,-1,-3.4694469519536142e-18,wind_direction:18.4_m:degrees
1383,0,6.0133390426635742e+01,3.9541284403669712e-02,1603,1604,2.2639508458883973e-04,zenith:0_m:degrees
1384,-2,-2.0000000000000000e+00,4.9393939393939400e-02,-1,-1,1.5417814508723957e-04,wind_direction:18.4_m:degrees
1385,11,2.8164498901367188e+02,2.1500000000000002e-01,1901,1902,3.9999999999999064e-04,wind_direction:18.4_m:degrees
1386,-2,-2.0000000000000000e+00,2.8000000000000003e-01,-1,-1,-1.1102230246251565e-16,wind_direction:18.4_m:degrees
1387,9,8.9725971221923828e+01,1.9888888888888889e-01,1389,1390,8.0987654320987396e-04,angle_between_wind_wave:0_m:degrees
1388,-2,-2.0000000000000000e+00,1.6714285714285712e-01,-1,-1,3.6326530612245528e-04,wind_direction:18.4_m:degrees
1389,-2,-2.0000000000000000e+00,2.2249999999999998e-01,-1,-1,4.6874999999998307e-04,wind_direction:18.4_m:degrees
1390,-2,-2.0000000000000000e+00,1.7999999999999999e-01,-1,-1,2.8000000000000247e-04,wind_direction:18.4_m:degrees
1391,0,1.4536389160156250e+02,-5.3439153439153462e-03,2039,2040,1.3810923546373282e-04,zenith:0_m:degrees
1392,-2,-2.0000000000000000e+00,-5.0000000000000003e-02,-1,-1,-2.1684043449710089e-18,wind_direction:18.4_m:degrees
1393,-2,-2.0000000000000000e+00,2.6000000000000002e-02,-1,-1,2.3999999999999716e-05,wind_direction:18.4_m:degrees
1394,-2,-2.0000000000000000e+00,5.6956521739130447e-02,-1,-1,1.6030245746691697e-04,wind_direction:18.4_m:degrees
1395,-2,-2.0000000000000000e+00,1.8541666666666672e-02,-1,-1,1.2495659722222210e-04,wind_direction:18.4_m:degrees
1396,-2,-2.0000000000000000e+00,3.2727272727272737e-02,-1,-1,1.1680440771349846e-04,wind_direction:18.4_m:degrees
1397,-2,-2.0000000000000000e+00,-9.1818181818181813e-02,-1,-1,1.7851239669421613e-04,wind_direction:18.4_m:degrees
1398,-2,-2.0000000000000000e+00,-5.8000000000000010e-02,-1,-1,5.5999999999994856e-05,wind_direction:18.4_m:degrees
1399,-2,-2.0000000000000000e+00,1.9818181818181821e-01,-1,-1,1.9669421487602395e-04,wind_direction:18.4_m:degrees
1400,-2,-2.0000000000000000e+00,1.5000000000000002e-01,-1,-1,9.9999999999940414e-05,wind_direction:18.4_m:degrees
1401,3,1.0023500061035156e+03,1.7448275862068968e-01,1803,1804,3.4887039239003825e-04,pressure:18.4_m:hPa
1402,-2,-2.0000000000000000e+00,2.2000000000000000e-01,-1,-1,9.9999999999787759e-05,wind_direction:18.4_m:degrees
1403,-2,-2.0000000000000000e+00,-7.9617834394904493e-03,-1,-1,1.0794758408048991e-04,wind_direction:18.4_m:degrees
1404,-2,-2.0000000000000000e+00,3.4482758620689685e-04,-1,-1,6.0800634165675811e-05,wind_direction:18.4_m:degrees
1405,-2,-2.0000000000000000e+00,-3.6000000000000004e-02,-1,-1,2.3999999999999716e-05,wind_direction:18.4_m:degrees
1406,-2,-2.0000000000000000e+00,-7.2463768115942047e-03,-1,-1,1.0401176223482463e-04,wind_direction:18.4_m:degrees
1407,-2,-2.0000000000000000e+00,1.6000000000000000e-01,-1,-1,0.0000000000000000e+00,wind_direction:18.4_m:degrees
1408,5,5.6250000000000000e+01,1.9400000000000001e-01,1735,1736,5.8399999999999425e-04,relative_humidity:18.4_m:%
1409,2,2.8741499328613281e+02,8.2564102564102584e-02,1917,1918,2.3957922419460837e-04,water_sfc_temperature:0_m:K
1410,-2,-2.0000000000000000e+00,5.0000000000000003e-02,-1,-1,1.0000000000000070e-04,wind_direction:18.4_m:degrees
1411,-2,-2.0000000000000000e+00,-4.1666666666666664e-02,-1,-1,4.4722222222222255e-04,wind_direction:18.4_m:degrees
1412,-2,-2.0000000000000000e+00,-1.3703703703703704e-02,-1,-1,3.4924554183813456e-04,wind_direction:18.4_m:degrees
1413,-2,-2.0000000000000000e+00,1.8681818181818183e-01,-1,-1,1.7623966942149211e-04,wind_direction:18.4_m:degrees
1414,-2,-2.0000000000000000e+00,2.5000000000000000e-01,-1,-1,0.0000000000000000e+00,wind_direction:18.4_m:degrees
1415,-2,-2.0000000000000000e+00,6.2380952380952391e-02,-1,-1,1.8004535147392135e-04,wind_direction:18.4_m:degrees
1416,1,1.4513476562500000e+02,4.9622641509433962e-02,2017,2018,1.3948024207903692e-04,azimuth:0_m:degrees
1417,-2,-2.0000000000000000e+00,2.6400000000000007e-02,-1,-1,7.1040000000000079e-05,wind_direction:18.4_m:degrees
1418,-2,-2.0000000000000000e+00,0.0000000000000000e+00,-1,-1,-4.9563527885051629e-19,wind_direction:18.4_m:degrees
1419,4,7.4298503398895264e+00,5.0000000000000001e-03,1771,1772,3.8214285714285726e-04,mixing_ratio:18.4_m:g_kg-1
1420,-2,-2.0000000000000000e+00,2.3225806451612912e-02,-1,-1,7.0239334027054432e-05,wind_direction:18.4_m:degrees
1421,-2,-2.0000000000000000e+00,2.0000000000000000e-02,-1,-1,5.7142857142856789e-05,wind_direction:18.4_m:degrees
1422,-2,-2.0000000000000000e+00,5.2000000000000005e-02,-1,-1,9.6000000000000599e-05,wind_direction:18.4_m:degrees
1423,-2,-2.0000000000000000e+00,1.0844155844155851e-02,-1,-1,1.6227441389779067e-04,wind_direction:18.4_m:degrees
1424,-2,-2.0000000000000000e+00,2.4000000000000004e-02,-1,-1,8.0000000000002487e-05,wind_direction:18.4_m:degrees
1425,-2,-2.0000000000000000e+00,5.9629629629629644e-02,-1,-1,8.5048010973936064e-05,wind_direction:18.4_m:degrees
1426,-2,-2.0000000000000000e+00,4.4651162790697675e-02,-1,-1,1.7836668469442974e-04,wind_direction:18.4_m:degrees
1427,1,1.8837091827392578e+02,-1.8013245033112583e-02,1429,1430,1.4704618218499128e-04,azimuth:0_m:degrees
1428,-2,-2.0000000000000000e+00,-2.5918367346938784e-02,-1,-1,1.1803415243648698e-04,wind_direction:18.4_m:degrees
1429,-2,-2.0000000000000000e+00,-2.3205128205128218e-02,-1,-1,8.5880999342537309e-05,wind_direction:18.4_m:degrees
1430,2,2.9233000183105469e+02,-1.2465753424657540e-02,1841,1842,1.5282416963783050e-04,water_sfc_temperature:0_m:K
1431,-2,-2.0000000000000000e+00,-4.1428571428571440e-02,-1,-1,7.3469387755099999e-05,wind_direction:18.4_m:degrees
1432,-2,-2.0000000000000000e+00,-7.0000000000000007e-02,-1,-1,1.4745149545802860e-17,wind_direction:18.4_m:degrees
1433,-2,-2.0000000000000000e+00,2.0769230769230768e-01,-1,-1,2.0236686390533165e-04,wind_direction:18.4_m:degrees
1434,-2,-2.0000000000000000e+00,2.4666666666666667e-01,-1,-1,8.8888888888846718e-05,wind_direction:18.4_m:degrees
1435,-2,-2.0000000000000000e+00,2.7882352941176483e-02,-1,-1,1.2963321799307876e-04,wind_direction:18.4_m:degrees
1436,-2,-2.0000000000000000e+00,1.8311688311688321e-02,-1,-1,8.1565188058694887e-05,wind_direction:18.4_m:degrees
1437,0,3.5894416809082031e+01,-6.0414129110840211e-03,1887,1888,1.1672910104874984e-04,zenith:0_m:degrees
1438,4,4.0775535106658936e+00,-1.6465863453815266e-03,1439,1440,2.6516023935097742e-04,mixing_ratio:18.4_m:g_kg-1
1439,-2,-2.0000000000000000e+00,4.0000000000000001e-02,-1,-1,-2.1684043449710089e-19,wind_direction:18.4_m:degrees
1440,2,2.9371000671386719e+02,-2.1544715447154483e-03,1441,1442,2.4698426862317422e-04,water_sfc_temperature:0_m:K
1441,6,2.0750000000000000e+02,-1.7622950819672128e-03,1489,1490,2.3009103735554962e-04,wave_direction:0_m:degrees
1442,-2,-2.0000000000000000e+00,-5.0000000000000003e-02,-1,-1,3.4694469519536142e-18,wind_direction:18.4_m:degrees
1443,6,2.3850000000000000e+02,8.8472222222222230e-02,1955,1956,2.3238811728394822e-04,wave_direction:0_m:degrees
1444,-2,-2.0000000000000000e+00,4.4999999999999998e-02,-1,-1,2.2500000000003594e-04,wind_direction:18.4_m:degrees
1445,-2,-2.0000000000000000e+00,7.1999999999999995e-02,-1,-1,2.1600000000000091e-04,wind_direction:18.4_m:degrees
1446,-2,-2.0000000000000000e+00,4.3409090909090918e-02,-1,-1,1.1792355371900752e-04,wind_direction:18.4_m:degrees
1447,4,1.5044875144958496e+01,-1.0323193916349780e-02,1449,1450,1.4381189550232107e-04,mixing_ratio:18.4_m:g_kg-1
1448,5,9.0149997711181641e+01,-5.8885017421602829e-03,1913,1914,8.4837742354528043e-05,relative_humidity:18.4_m:%
1449,6,1.9050000000000000e+02,-9.8231827111983951e-03,1941,1942,1.2943828377997695e-04,wave_direction:0_m:degrees
1450,12,3.0895248055458069e-02,-2.5294117647058828e-02,1451,1452,3.4256055363322043e-04,bulk_richardson:18.4_m:none
1451,-2,-2.0000000000000000e+00,-4.6666666666666669e-02,-1,-1,8.8888888888888785e-05,wind_direction:18.4_m:degrees
1452,-2,-2.0000000000000000e+00,-1.3636363636363639e-02,-1,-1,9.5867768595041123e-05,wind_direction:18.4_m:degrees
1453,-2,-2.0000000000000000e+00,1.7567567567567572e-02,-1,-1,6.7056245434623813e-05,wind_direction:18.4_m:degrees
1454,-2,-2.0000000000000000e+00,-2.5000000000000001e-03,-1,-1,1.8749999999999839e-05,wind_direction:18.4_m:degrees
1455,6,2.1750000000000000e+02,-3.0943396226415103e-02,2025,2026,1.6703453186187229e-04,wave_direction:0_m:degrees
1456,-2,-2.0000000000000000e+00,2.9999999999999999e-02,-1,-1,-3.5778671692021646e-18,wind_direction:18.4_m:degrees
1457,3,1.0012500000000000e+03,2.7500000000000014e-02,1543,1544,1.3125000000000094e-04,pressure:18.4_m:hPa
1458,-2,-2.0000000000000000e+00,4.0512820512820520e-02,-1,-1,1.8948060486521814e-04,wind_direction:18.4_m:degrees
1459,9,8.8817871093750000e+01,-9.5364238410596078e-03,1721,1722,1.6998377264155074e-04,angle_between_wind_wave:0_m:degrees
1460,-2,-2.0000000000000000e+00,-7.0000000000000007e-02,-1,-1,-3.4694469519536142e-17,wind_direction:18.4_m:degrees
1461,-2,-2.0000000000000000e+00,-2.9000000000000005e-02,-1,-1,1.0900000000000016e-04,wind_direction:18.4_m:degrees
1462,-2,-2.0000000000000000e+00,-6.2000000000000000e-02,-1,-1,9.5999999999998430e-05,wind_direction:18.4_m:degrees
1463,-2,-2.0000000000000000e+00,2.4999999999999998e-02,-1,-1,1.2500000000000000e-04,wind_direction:18.4_m:degrees
1464,-2,-2.0000000000000000e+00,-4.0000000000000001e-02,-1,-1,-8.6736173798840355e-19,wind_direction:18.4_m:degrees
1465,-2,-2.0000000000000000e+00,1.2000000000000002e-02,-1,-1,8.7999999999999916e-05,wind_direction:18.4_m:degrees
1466,1,3.2687798738479614e+00,-2.5835866261398151e-04,1615,1616,6.8474284236102762e-05,azimuth:0_m:degrees
1467,4,1.6475414276123047e+01,-1.2099343955013950e-02,1471,1472,1.3636126479922274e-04,mixing_ratio:18.4_m:g_kg-1
1468,10,7.7216882705688477e+00,-3.2222222222222228e-02,1469,1470,7.9506172839503863e-04,wind_speed:18.4_m:m_s-1
1469,-2,-2.0000000000000000e+00,-1.8571428571428572e-02,-1,-1,1.8367346938775509e-04,wind_direction:18.4_m:degrees
1470,-2,-2.0000000000000000e+00,-8.0000000000000002e-02,-1,-1,0.0000000000000000e+00,wind_direction:18.4_m:degrees
1471,-2,-2.0000000000000000e+00,-1.1761308950914241e-02,-1,-1,1.2577170800753522e-04,wind_direction:18.4_m:degrees
1472,0,1.1869641113281250e+02,-2.4642857142857150e-02,1473,1474,3.6772959183672873e-04,zenith:0_m:degrees
1473,-2,-2.0000000000000000e+00,-1.8636363636363638e-02,-1,-1,2.1177685950413209e-04,wind_direction:18.4_m:degrees
1474,-2,-2.0000000000000000e+00,-4.6666666666666669e-02,-1,-1,3.2222222222222201e-04,wind_direction:18.4_m:degrees
1475,-2,-2.0000000000000000e+00,3.2000000000000001e-02,-1,-1,1.5999999999999955e-05,wind_direction:18.4_m:degrees
1476,-2,-2.0000000000000000e+00,6.1904761904761921e-02,-1,-1,8.2086167800452664e-05,wind_direction:18.4_m:degrees
1477,-2,-2.0000000000000000e+00,5.3214285714285721e-02,-1,-1,7.1811224489797595e-05,wind_direction:18.4_m:degrees
1478,-2,-2.0000000000000000e+00,3.3999999999999996e-02,-1,-1,7.7333333333331382e-05,wind_direction:18.4_m:degrees
1479,-2,-2.0000000000000000e+00,3.2812499999999999e-03,-1,-1,2.2045898437500005e-05,wind_direction:18.4_m:degrees
1480,-2,-2.0000000000000000e+00,1.2702702702702710e-02,-1,-1,4.4947650353055387e-05,wind_direction:18.4_m:degrees
1481,-2,-2.0000000000000000e+00,8.4166666666666681e-02,-1,-1,1.5763888888889119e-04,wind_direction:18.4_m:degrees
1482,-2,-2.0000000000000000e+00,1.3000000000000000e-01,-1,-1,9.9999999999978578e-05,wind_direction:18.4_m:degrees
1483,-2,-2.0000000000000000e+00,8.9999999999999997e-02,-1,-1,0.0000000000000000e+00,wind_direction:18.4_m:degrees
1484,-2,-2.0000000000000000e+00,1.3583333333333333e-01,-1,-1,1.4097222222222636e-04,wind_direction:18.4_m:degrees
1485,2,2.8027999877929688e+02,1.0700000000000001e-01,1487,1488,5.8099999999999818e-04,water_sfc_temperature:0_m:K
1486,-2,-2.0000000000000000e+00,1.4250000000000002e-01,-1,-1,7.1875000000000064e-04,wind_direction:18.4_m:degrees
1487,-2,-2.0000000000000000e+00,1.2600000000000000e-01,-1,-1,1.8400000000000014e-04,wind_direction:18.4_m:degrees
1488,-2,-2.0000000000000000e+00,8.7999999999999995e-02,-1,-1,2.5599999999999668e-04,wind_direction:18.4_m:degrees
1489,4,4.3307554721832275e+00,-4.1477272727272751e-03,1747,1748,1.9018272210743798e-04,mixing_ratio:18.4_m:g_kg-1
1490,1,3.7801100730895996e+01,4.4117647058823537e-03,1491,1492,2.8053633217993109e-04,azimuth:0_m:degrees
1491,1,1.7081042289733887e+01,4.4999999999999998e-02,1869,1870,6.7499999999999982e-04,azimuth:0_m:degrees
1492,-2,-2.0000000000000000e+00,1.8750000000000001e-03,-1,-1,1.4648437499999999e-04,wind_direction:18.4_m:degrees
1493,-2,-2.0000000000000000e+00,2.0370370370370372e-02,-1,-1,1.8381344307270072e-05,wind_direction:18.4_m:degrees
1494,-2,-2.0000000000000000e+00,6.5000000000000023e-03,-1,-1,9.9416666666666544e-05,wind_direction:18.4_m:degrees
1495,-2,-2.0000000000000000e+00,-4.3749999999999995e-03,-1,-1,4.9609374999999984e-05,wind_direction:18.4_m:degrees
1496,-2,-2.0000000000000000e+00,-3.1428571428571431e-02,-1,-1,6.9387755102040538e-05,wind_direction:18.4_m:degrees
1497,-2,-2.0000000000000000e+00,6.4615384615384616e-02,-1,-1,1.9408284023668312e-04,wind_direction:18.4_m:degrees
1498,-2,-2.0000000000000000e+00,9.6000000000000002e-02,-1,-1,6.4000000000001556e-05,wind_direction:18.4_m:degrees
1499,10,2.6089255809783936e+00,-4.6285714285714315e-03,1505,1506,8.3147755102040894e-05,wind_speed:18.4_m:m_s-1
1500,9,8.8562999725341797e+01,-1.0476190476190479e-02,1501,1502,2.3718820861678085e-04,angle_between_wind_wave:0_m:degrees
1501,10,5.6677801609039307e+00,-3.5384615384615382e-02,1509,1510,3.6331360946745598e-04,wind_speed:18.4_m:m_s-1
1502,10,5.7142446041107178e+00,-8.0597014925373155e-03,1503,1504,1.5892180886611717e-04,wind_speed:18.4_m:m_s-1
1503,-2,-2.0000000000000000e+00,-3.9999999999999992e-03,-1,-1,7.1058823529411748e-05,wind_direction:18.4_m:degrees
1504,3,1.0118500061035156e+03,-1.5102040816326531e-02,1571,1572,2.3315285297792566e-04,pressure:18.4_m:hPa
1505,10,2.4430037736892700e+00,-3.2000000000000008e-02,1507,1508,9.7599999999999965e-04,wind_speed:18.4_m:m_s-1
1506,-2,-2.0000000000000000e+00,-4.2318840579710169e-03,-1,-1,5.9192606595253098e-05,wind_direction:18.4_m:degrees
1507,-2,-2.0000000000000000e+00,-6.6666666666666671e-03,-1,-1,2.2222222222222149e-05,wind_direction:18.4_m:degrees
1508,-2,-2.0000000000000000e+00,-7.0000000000000007e-02,-1,-1,-8.6736173798840355e-19,wind_direction:18.4_m:degrees
1509,-2,-2.0000000000000000e+00,-2.0000000000000000e-02,-1,-1,8.5714285714286024e-05,wind_direction:18.4_m:degrees
1510,-2,-2.0000000000000000e+00,-5.3333333333333337e-02,-1,-1,8.8888888888888351e-05,wind_direction:18.4_m:degrees
1511,5,8.8750000000000000e+01,-7.8703703703703731e-03,1753,1754,8.7131344307270157e-05,relative_humidity:18.4_m:%
1512,11,1.4258000183105469e+02,-1.5680000000000010e-02,1513,1514,1.1253759999999984e-04,wind_direction:18.4_m:degrees
1513,-2,-2.0000000000000000e+00,-8.0000000000000002e-02,-1,-1,0.0000000000000000e+00,wind_direction:18.4_m:degrees
1514,-2,-2.0000000000000000e+00,-1.5161290322580656e-02,-1,-1,7.9812695109260937e-05,wind_direction:18.4_m:degrees
1515,11,1.9648999786376953e+02,2.1376811594202901e-03,1843,1844,5.0140464188195732e-05,wind_direction:18.4_m:degrees
1516,-2,-2.0000000000000000e+00,-4.0000000000000001e-02,-1,-1,1.5178830414797062e-18,wind_direction:18.4_m:degrees
1517,-2,-2.0000000000000000e+00,1.7749999999999999e-01,-1,-1,4.1874999999999551e-04,wind_direction:18.4_m:degrees
1518,-2,-2.0000000000000000e+00,1.4599999999999999e-01,-1,-1,3.5733333333332409e-04,wind_direction:18.4_m:degrees
1519,-2,-2.0000000000000000e+00,4.3846153846153854e-02,-1,-1,8.5207100591715634e-05,wind_direction:18.4_m:degrees
1520,-2,-2.0000000000000000e+00,6.4545454545454559e-02,-1,-1,1.6115702479338641e-04,wind_direction:18.4_m:degrees
1521,-2,-2.0000000000000000e+00,8.2666666666666666e-02,-1,-1,3.2888888888887857e-05,wind_direction:18.4_m:degrees
1522,-2,-2.0000000000000000e+00,6.3703703703703721e-02,-1,-1,1.8628257887516857e-04,wind_direction:18.4_m:degrees
1523,3,1.0020000000000000e+03,-5.0819672131147547e-03,1555,1556,2.2171459285138400e-04,pressure:18.4_m:hPa
1524,11,2.4176999664306641e+02,-1.5538461538461546e-02,1923,1924,1.2009467455621246e-04,wind_direction:18.4_m:degrees
1525,-2,-2.0000000000000000e+00,9.3750000000000014e-02,-1,-1,1.8593749999999860e-04,wind_direction:18.4_m:degrees
1526,1,3.1058906555175781e+02,7.5517241379310360e-02,1693,1694,3.0749108204518143e-04,azimuth:0_m:degrees
1527,-2,-2.0000000000000000e+00,-1.0000000000000000e-02,-1,-1,0.0000000000000000e+00,wind_direction:18.4_m:degrees
1528,-2,-2.0000000000000000e+00,2.1904761904761906e-02,-1,-1,6.3038548752834096e-05,wind_direction:18.4_m:degrees
1529,0,1.1009408187866211e+02,3.7118644067796608e-02,1531,1532,1.6627405917839450e-04,zenith:0_m:degrees
1530,2,2.7528999328613281e+02,2.5555555555555564e-02,1685,1686,1.1358024691358057e-04,water_sfc_temperature:0_m:K
1531,-2,-2.0000000000000000e+00,4.6400000000000004e-02,-1,-1,1.3503999999999990e-04,wind_direction:18.4_m:degrees
1532,-2,-2.0000000000000000e+00,3.0294117647058826e-02,-1,-1,7.9325259515571132e-05,wind_direction:18.4_m:degrees
1533,-2,-2.0000000000000000e+00,5.2291666666666681e-02,-1,-1,1.1349826388888824e-04,wind_direction:18.4_m:degrees
1534,-2,-2.0000000000000000e+00,3.2000000000000008e-02,-1,-1,2.7600000000000237e-04,wind_direction:18.4_m:degrees
1535,-2,-2.0000000000000000e+00,1.6875000000000001e-01,-1,-1,1.1093749999999472e-04,wind_direction:18.4_m:degrees
1536,-2,-2.0000000000000000e+00,2.0200000000000001e-01,-1,-1,1.3600000000003887e-04,wind_direction:18.4_m:degrees
1537,2,2.8598001098632812e+02,-3.9620253164556959e-02,1539,1540,1.0998237461945113e-04,water_sfc_temperature:0_m:K
1538,-2,-2.0000000000000000e+00,-2.4736842105263161e-02,-1,-1,1.9335180055401330e-04,wind_direction:18.4_m:degrees
1539,-2,-2.0000000000000000e+00,-3.5333333333333342e-02,-1,-1,5.1555555555555339e-05,wind_direction:18.4_m:degrees
1540,-2,-2.0000000000000000e+00,-5.3157894736842119e-02,-1,-1,5.3185595567869191e-05,wind_direction:18.4_m:degrees
1541,-2,-2.0000000000000000e+00,2.0769230769230776e-02,-1,-1,1.0966469428007851e-04,wind_direction:18.4_m:degrees
1542,-2,-2.0000000000000000e+00,9.0909090909090876e-04,-1,-1,6.2809917355371206e-05,wind_direction:18.4_m:degrees
1543,-2,-2.0000000000000000e+00,5.9999999999999998e-02,-1,-1,-4.3368086899420177e-19,wind_direction:18.4_m:degrees
1544,-2,-2.0000000000000000e+00,2.5333333333333347e-02,-1,-1,6.4888888888888201e-05,wind_direction:18.4_m:degrees
1545,-2,-2.0000000000000000e+00,9.6666666666666679e-02,-1,-1,3.5555555555555340e-04,wind_direction:18.4_m:degrees
1546,-2,-2.0000000000000000e+00,5.9166666666666666e-02,-1,-1,1.2430555555555545e-04,wind_direction:18.4_m:degrees
1547,7,2.1499999761581421e+00,1.4411764705882353e-02,1549,1550,4.0112456747404854e-04,wave_height:0_m:m
1548,2,2.7905500793457031e+02,1.7857142857142852e-03,1835,1836,1.2538265306122446e-04,water_sfc_temperature:0_m:K
1549,1,3.2994491577148438e+02,1.9629629629629632e-02,1637,1638,3.5171467764060367e-04,azimuth:0_m:degrees
1550,-2,-2.0000000000000000e+00,-5.7142857142857143e-03,-1,-1,8.1632653061224233e-05,wind_direction:18.4_m:degrees
1551,-2,-2.0000000000000000e+00,1.2904761904761905e-01,-1,-1,1.3242630385487328e-04,wind_direction:18.4_m:degrees
1552,-2,-2.0000000000000000e+00,1.4866666666666667e-01,-1,-1,2.2488888888888559e-04,wind_direction:18.4_m:degrees
1553,10,1.4749286174774170e+01,4.0222222222222229e-02,2035,2036,1.3106172839506131e-04,wind_speed:18.4_m:m_s-1
1554,-2,-2.0000000000000000e+00,1.4999999999999999e-02,-1,-1,2.4999999999997491e-05,wind_direction:18.4_m:degrees
1555,-2,-2.0000000000000000e+00,-2.0909090909090908e-02,-1,-1,1.7190082644628099e-04,wind_direction:18.4_m:degrees
1556,-2,-2.0000000000000000e+00,-1.6000000000000001e-03,-1,-1,1.6543999999999996e-04,wind_direction:18.4_m:degrees
1557,-2,-2.0000000000000000e+00,-4.5070422535211296e-03,-1,-1,7.1705349467698126e-05,wind_direction:18.4_m:degrees
1558,4,1.7987452507019043e+01,-9.2352941176470308e-03,1945,1946,1.5137600922722141e-04,mixing_ratio:18.4_m:g_kg-1
1559,10,8.7546100616455078e+00,-7.0121951219512203e-04,1741,1742,9.2496096073765551e-05,wind_speed:18.4_m:m_s-1
1560,0,8.3009773254394531e+01,-1.6000000000000000e-02,1975,1976,2.5066666666666645e-04,zenith:0_m:degrees
1561,-2,-2.0000000000000000e+00,6.1142857142857171e-03,-1,-1,6.1472653061224426e-05,wind_direction:18.4_m:degrees
1562,-2,-2.0000000000000000e+00,1.5400000000000000e-02,-1,-1,6.0839999999999262e-05,wind_direction:18.4_m:degrees
1563,-2,-2.0000000000000000e+00,-7.2222222222222243e-02,-1,-1,1.8395061728394835e-04,wind_direction:18.4_m:degrees
1564,-2,-2.0000000000000000e+00,-5.4166666666666689e-02,-1,-1,1.9930555555555847e-04,wind_direction:18.4_m:degrees
1565,-2,-2.0000000000000000e+00,8.6666666666666670e-02,-1,-1,2.2222222222223822e-05,wind_direction:18.4_m:degrees
1566,-2,-2.0000000000000000e+00,5.3333333333333337e-02,-1,-1,8.8888888888889652e-05,wind_direction:18.4_m:degrees
1567,5,6.2200000762939453e+01,-8.9600000000000044e-03,1777,1778,1.7731839999999996e-04,relative_humidity:18.4_m:%
1568,-2,-2.0000000000000000e+00,-5.0000000000000003e-02,-1,-1,-9.1072982488782372e-18,wind_direction:18.4_m:degrees
1569,-2,-2.0000000000000000e+00,6.3125000000000014e-02,-1,-1,1.0898437499999841e-04,wind_direction:18.4_m:degrees
1570,-2,-2.0000000000000000e+00,2.0000000000000000e-02,-1,-1,-3.1441863002079629e-18,wind_direction:18.4_m:degrees
1571,-2,-2.0000000000000000e+00,-2.1428571428571430e-03,-1,-1,1.5969387755102041e-04,wind_direction:18.4_m:degrees
1572,2,2.9334498596191406e+02,-2.0285714285714289e-02,1783,1784,1.6848979591836747e-04,water_sfc_temperature:0_m:K
1573,-2,-2.0000000000000000e+00,2.0000000000000000e-02,-1,-1,7.4999999999999980e-05,wind_direction:18.4_m:degrees
1574,-2,-2.0000000000000000e+00,-3.8095238095238095e-03,-1,-1,2.3582766439909286e-05,wind_direction:18.4_m:degrees
1575,-2,-2.0000000000000000e+00,5.4285714285714284e-02,-1,-1,9.5918367346939284e-05,wind_direction:18.4_m:degrees
1576,-2,-2.0000000000000000e+00,3.7790697674418602e-02,-1,-1,1.2883991346673927e-04,wind_direction:18.4_m:degrees
1577,-2,-2.0000000000000000e+00,7.7499999999999999e-02,-1,-1,6.8750000000000235e-05,wind_direction:18.4_m:degrees
1578,-2,-2.0000000000000000e+00,4.7674418604651166e-02,-1,-1,1.1552190373174823e-04,wind_direction:18.4_m:degrees
1579,-2,-2.0000000000000000e+00,5.2500000000000005e-02,-1,-1,1.1875000000000037e-04,wind_direction:18.4_m:degrees
1580,-2,-2.0000000000000000e+00,7.4857142857142872e-02,-1,-1,1.9069387755101756e-04,wind_direction:18.4_m:degrees
1581,-2,-2.0000000000000000e+00,1.9400000000000001e-01,-1,-1,3.0399999999999872e-04,wind_direction:18.4_m:degrees
1582,-2,-2.0000000000000000e+00,1.6428571428571431e-01,-1,-1,2.1020408163266099e-04,wind_direction:18.4_m:degrees
1583,-2,-2.0000000000000000e+00,-2.9999999999999999e-02,-1,-1,-1.0842021724855044e-19,wind_direction:18.4_m:degrees
1584,8,4.8499999046325684e+00,3.3333333333333335e-03,1697,1698,1.7777777777777770e-04,wave_period:0_m:s
1585,-2,-2.0000000000000000e+00,1.6500000000000004e-02,-1,-1,2.2749999999999875e-05,wind_direction:18.4_m:degrees
1586,9,8.8782466888427734e+01,3.1166666666666679e-02,1587,1588,1.4030555555555476e-04,angle_between_wind_wave:0_m:degrees
1587,-2,-2.0000000000000000e+00,1.9473684210526317e-02,-1,-1,9.9722991689750776e-05,wind_direction:18.4_m:degrees
1588,-2,-2.0000000000000000e+00,3.6585365853658555e-02,-1,-1,6.6389054134442620e-05,wind_direction:18.4_m:degrees
1589,-2,-2.0000000000000000e+00,1.0930232558139536e-02,-1,-1,6.8902109248242260e-05,wind_direction:18.4_m:degrees
1590,11,3.5386000061035156e+02,2.1158690176322414e-03,1591,1592,1.0215617974438862e-04,wind_direction:18.4_m:degrees
1591,0,6.8562133789062500e+01,2.1867115222876342e-03,1679,1680,9.9339402894913699e-05,zenith:0_m:degrees
1592,-2,-2.0000000000000000e+00,-4.0000000000000001e-02,-1,-1,-1.2576745200831851e-17,wind_direction:18.4_m:degrees
1593,-2,-2.0000000000000000e+00,1.0500000000000001e-01,-1,-1,2.4999999999998981e-05,wind_direction:18.4_m:degrees
1594,-2,-2.0000000000000000e+00,6.3333333333333339e-02,-1,-1,2.2222222222221914e-04,wind_direction:18.4_m:degrees
1595,-2,-2.0000000000000000e+00,3.4000000000000002e-02,-1,-1,2.3999999999999933e-05,wind_direction:18.4_m:degrees
1596,-2,-2.0000000000000000e+00,6.7142857142857143e-02,-1,-1,1.9183673469387597e-04,wind_direction:18.4_m:degrees
1597,-2,-2.0000000000000000e+00,-8.2608695652173908e-03,-1,-1,1.2741020793950850e-04,wind_direction:18.4_m:degrees
1598,-2,-2.0000000000000000e+00,-2.0903225806451608e-02,-1,-1,1.5015192507804309e-04,wind_direction:18.4_m:degrees
1599,-2,-2.0000000000000000e+00,-2.1029082774049229e-03,-1,-1,5.3967038521788319e-05,wind_direction:18.4_m:degrees
1600,10,8.0252358913421631e+00,-6.5641025641025681e-03,1601,1602,5.5374095989481258e-05,wind_speed:18.4_m:m_s-1
1601,-2,-2.0000000000000000e+00,-4.5121951219512218e-03,-1,-1,3.3298631766805474e-05,wind_direction:18.4_m:degrees
1602,-2,-2.0000000000000000e+00,-1.7419354838709680e-02,-1,-1,3.2049947970862864e-05,wind_direction:18.4_m:degrees
1603,-2,-2.0000000000000000e+00,5.8749999999999997e-02,-1,-1,3.1093750000000045e-04,wind_direction:18.4_m:degrees
1604,12,-5.5200742557644844e-02,3.8019801980198019e-02,1725,1726,1.8815802372316569e-04,bulk_richardson:18.4_m:none
1605,11,2.5322000122070312e+02,-2.1670761670761592e-02,1609,1610,1.7165572988669193e-04,wind_direction:18.4_m:degrees
1606,7,1.8499999642372131e+00,-5.0000000000000003e-02,1607,1608,2.8500000000000227e-03,wave_height:0_m:m
1607,-2,-2.0000000000000000e+00,-2.0000000000000000e-02,-1,-1,1.9999999999999993e-04,wind_direction:18.4_m:degrees
1608,-2,-2.0000000000000000e+00,-1.4000000000000001e-01,-1,-1,0.0000000000000000e+00,wind_direction:18.4_m:degrees
1609,5,8.1950000762939453e+01,-2.2976190476190438e-02,1805,1806,1.8459467120181706e-04,relative_humidity:18.4_m:%
1610,-2,-2.0000000000000000e+00,-1.5492957746478880e-02,-1,-1,6.4193612378504798e-05,wind_direction:18.4_m:degrees
1611,-2,-2.0000000000000000e+00,1.0444444444444444e-01,-1,-1,2.2469135802468711e-04,wind_direction:18.4_m:degrees
1612,5,6.0850000381469727e+01,1.3285714285714287e-01,1831,1832,4.4897959183673106e-04,relative_humidity:18.4_m:%
1613,12,1.4843606390058994e-02,-2.5238095238095243e-02,2007,2008,1.9637188208616722e-04,bulk_richardson:18.4_m:none
1614,-2,-2.0000000000000000e+00,-5.9999999999999998e-02,-1,-1,3.9031278209478160e-18,wind_direction:18.4_m:degrees
1615,-2,-2.0000000000000000e+00,-4.0000000000000001e-02,-1,-1,0.0000000000000000e+00,wind_direction:18.4_m:degrees
1616,11,2.4586000061035156e+02,-1.3719512195121955e-04,1757,1758,6.3853128718025035e-05,wind_direction:18.4_m:degrees
1617,-2,-2.0000000000000000e+00,6.4285714285714319e-03,-1,-1,5.6887755102040729e-05,wind_direction:18.4_m:degrees
1618,-2,-2.0000000000000000e+00,1.8000000000000006e-02,-1,-1,4.9333333333332816e-05,wind_direction:18.4_m:degrees
1619,-2,-2.0000000000000000e+00,1.7500000000000002e-02,-1,-1,6.8749999999999963e-05,wind_direction:18.4_m:degrees
1620,-2,-2.0000000000000000e+00,4.7692307692307707e-02,-1,-1,1.1005917159763240e-04,wind_direction:18.4_m:degrees
1621,-2,-2.0000000000000000e+00,-5.9999999999999998e-02,-1,-1,0.0000000000000000e+00,wind_direction:18.4_m:degrees
1622,-2,-2.0000000000000000e+00,-3.9366515837103953e-03,-1,-1,1.0328105485145713e-04,wind_direction:18.4_m:degrees
1623,-2,-2.0000000000000000e+00,-2.7222222222222224e-02,-1,-1,1.3117283950617262e-04,wind_direction:18.4_m:degrees
1624,-2,-2.0000000000000000e+00,-4.2121212121212122e-02,-1,-1,2.5004591368227801e-04,wind_direction:18.4_m:degrees
1625,-2,-2.0000000000000000e+00,-5.0000000000000010e-03,-1,-1,1.1524390243902437e-04,wind_direction:18.4_m:degrees
1626,4,1.2013931751251221e+01,-1.2645161290322587e-02,1627,1628,2.7493860561914702e-04,mixing_ratio:18.4_m:g_kg-1
1627,-2,-2.0000000000000000e+00,-4.5999999999999999e-02,-1,-1,7.0400000000000020e-04,wind_direction:18.4_m:degrees
1628,-2,-2.0000000000000000e+00,-1.1533333333333340e-02,-1,-1,2.2231555555555550e-04,wind_direction:18.4_m:degrees
1629,-2,-2.0000000000000000e+00,1.1250000000000000e-01,-1,-1,3.1874999999999959e-04,wind_direction:18.4_m:degrees
1630,-2,-2.0000000000000000e+00,5.0000000000000003e-02,-1,-1,1.0408340855860843e-17,wind_direction:18.4_m:degrees
1631,10,6.6488986015319824e+00,9.3600000000000030e-02,1795,1796,1.8303999999999716e-04,wind_speed:18.4_m:m_s-1
1632,-2,-2.0000000000000000e+00,1.4999999999999999e-01,-1,-1,2.4286128663675299e-17,wind_direction:18.4_m:degrees
1633,11,2.3805500030517578e+02,2.8833333333333343e-02,1903,1904,1.8363888888888824e-04,wind_direction:18.4_m:degrees
1634,-2,-2.0000000000000000e+00,0.0000000000000000e+00,-1,-1,0.0000000000000000e+00,wind_direction:18.4_m:degrees
1635,-2,-2.0000000000000000e+00,2.9561403508771931e-02,-1,-1,7.0860264696829406e-05,wind_direction:18.4_m:degrees
1636,-2,-2.0000000000000000e+00,4.8888888888888891e-02,-1,-1,1.6543209876543948e-04,wind_direction:18.4_m:degrees
1637,-2,-2.0000000000000000e+00,1.5833333333333335e-02,-1,-1,2.6597222222222218e-04,wind_direction:18.4_m:degrees
1638,-2,-2.0000000000000000e+00,5.0000000000000010e-02,-1,-1,8.6736173798840355e-19,wind_direction:18.4_m:degrees
1639,9,9.0451374053955078e+01,-4.8181818181818187e-02,1959,1960,4.8760330578512430e-04,angle_between_wind_wave:0_m:degrees
1640,-2,-2.0000000000000000e+00,1.0000000000000000e-02,-1,-1,-7.8604657505199071e-19,wind_direction:18.4_m:degrees
1641,-2,-2.0000000000000000e+00,8.2500000000000004e-02,-1,-1,3.1874999999999872e-04,wind_direction:18.4_m:degrees
1642,-2,-2.0000000000000000e+00,5.2000000000000011e-02,-1,-1,8.5999999999997970e-05,wind_direction:18.4_m:degrees
1643,-2,-2.0000000000000000e+00,4.3749999999999997e-02,-1,-1,1.7343750000000063e-04,wind_direction:18.4_m:degrees
1644,-2,-2.0000000000000000e+00,6.9166666666666668e-02,-1,-1,5.7638888888885721e-05,wind_direction:18.4_m:degrees
1645,-2,-2.0000000000000000e+00,3.0000000000000002e-02,-1,-1,9.2307692307692099e-05,wind_direction:18.4_m:degrees
1646,-2,-2.0000000000000000e+00,5.2727272727272727e-02,-1,-1,1.2892561983471112e-04,wind_direction:18.4_m:degrees
1647,3,1.0276000366210938e+03,2.1892857142857144e-01,1787,1788,3.5956632653062759e-04,pressure:18.4_m:hPa
1648,-2,-2.0000000000000000e+00,1.9200000000000000e-01,-1,-1,1.7599999999994009e-04,wind_direction:18.4_m:degrees
1649,3,1.0112500000000000e+03,-1.9291338582677172e-02,1651,1652,3.7351354702709426e-04,pressure:18.4_m:hPa
1650,-2,-2.0000000000000000e+00,-1.1111111111111112e-02,-1,-1,6.2654320987655089e-05,wind_direction:18.4_m:degrees
1651,1,2.5089777374267578e+02,-1.7983870967741938e-02,1655,1656,2.7577393340270516e-04,azimuth:0_m:degrees
1652,10,9.0375781059265137e+00,-7.3333333333333334e-02,1653,1654,1.4222222222222171e-03,wind_speed:18.4_m:m_s-1
1653,-2,-2.0000000000000000e+00,-1.0000000000000001e-01,-1,-1,0.0000000000000000e+00,wind_direction:18.4_m:degrees
1654,-2,-2.0000000000000000e+00,-2.0000000000000000e-02,-1,-1,1.4636729328554310e-18,wind_direction:18.4_m:degrees
1655,-2,-2.0000000000000000e+00,-1.3466666666666672e-02,-1,-1,1.1331555555555564e-04,wind_direction:18.4_m:degrees
1656,0,3.6984292984008789e+01,-2.4897959183673483e-02,1657,1658,4.4539775093710844e-04,zenith:0_m:degrees
1657,-2,-2.0000000000000000e+00,-1.6000000000000000e-01,-1,-1,0.0000000000000000e+00,wind_direction:18.4_m:degrees
1658,-2,-2.0000000000000000e+00,-2.2083333333333344e-02,-1,-1,6.6493055555554503e-05,wind_direction:18.4_m:degrees
1659,-2,-2.0000000000000000e+00,1.3793103448275864e-02,-1,-1,9.9405469678953527e-05,wind_direction:18.4_m:degrees
1660,-2,-2.0000000000000000e+00,-1.1538461538461537e-03,-1,-1,3.3284023668638903e-05,wind_direction:18.4_m:degrees
1661,-2,-2.0000000000000000e+00,5.9999999999999998e-02,-1,-1,0.0000000000000000e+00,wind_direction:18.4_m:degrees
1662,-2,-2.0000000000000000e+00,1.1799999999999999e-01,-1,-1,5.5999999999991820e-05,wind_direction:18.4_m:degrees
1663,-2,-2.0000000000000000e+00,6.0000000000000005e-02,-1,-1,9.9999999999999829e-05,wind_direction:18.4_m:degrees
1664,11,2.9027499389648438e+02,2.0459770114942540e-02,1789,1790,1.2162769190117526e-04,wind_direction:18.4_m:degrees
1665,-2,-2.0000000000000000e+00,-2.0537084398976932e-02,-1,-1,2.2656576029722825e-04,wind_direction:18.4_m:degrees
1666,-2,-2.0000000000000000e+00,-3.6363636363636364e-03,-1,-1,9.5867768595024833e-05,wind_direction:18.4_m:degrees
1667,-2,-2.0000000000000000e+00,5.1818181818181826e-02,-1,-1,7.8512396694214569e-05,wind_direction:18.4_m:degrees
1668,-2,-2.0000000000000000e+00,7.0714285714285716e-02,-1,-1,1.4948979591836772e-04,wind_direction:18.4_m:degrees
1669,-2,-2.0000000000000000e+00,-1.6666666666666668e-03,-1,-1,1.3888888888888890e-05,wind_direction:18.4_m:degrees
1670,-2,-2.0000000000000000e+00,-2.5490196078431386e-02,-1,-1,1.1887735486351334e-04,wind_direction:18.4_m:degrees
1671,-2,-2.0000000000000000e+00,1.1478260869565218e-01,-1,-1,1.2930056710775545e-04,wind_direction:18.4_m:degrees
1672,-2,-2.0000000000000000e+00,1.4200000000000002e-01,-1,-1,3.7600000000001521e-04,wind_direction:18.4_m:degrees
1673,-2,-2.0000000000000000e+00,-2.5714285714285714e-02,-1,-1,1.6734693877551020e-04,wind_direction:18.4_m:degrees
1674,-2,-2.0000000000000000e+00,-5.8000000000000010e-02,-1,-1,4.9600000000000035e-04,wind_direction:18.4_m:degrees
1675,-2,-2.0000000000000000e+00,-1.1111111111111106e-04,-1,-1,7.5543209876543165e-05,wind_direction:18.4_m:degrees
1676,4,6.2603714466094971e+00,-5.9116022099447545e-03,1677,1678,9.8202130582094568e-05,mixing_ratio:18.4_m:g_kg-1
1677,-2,-2.0000000000000000e+00,-4.0789473684210535e-03,-1,-1,6.8888504155124612e-05,wind_direction:18.4_m:degrees
1678,3,1.0143999938964844e+03,-1.5517241379310345e-02,1797,1798,1.4197384066587301e-04,pressure:18.4_m:hPa
1679,11,2.3785500335693359e+02,4.9174917491749204e-03,1681,1682,8.9019595028809722e-05,wind_direction:18.4_m:degrees
1680,-2,-2.0000000000000000e+00,1.2528216704288948e-03,-1,-1,9.9446239216505867e-05,wind_direction:18.4_m:degrees
1681,10,2.8375132381916046e-01,2.4215246636771310e-03,1821,1822,6.1400792294234724e-05,wind_speed:18.4_m:m_s-1
1682,-2,-2.0000000000000000e+00,1.1875000000000004e-02,-1,-1,1.0023437499999963e-04,wind_direction:18.4_m:degrees
1683,-2,-2.0000000000000000e+00,4.0000000000000001e-02,-1,-1,0.0000000000000000e+00,wind_direction:18.4_m:degrees
1684,-2,-2.0000000000000000e+00,3.6363636363636356e-04,-1,-1,6.1685950413223141e-05,wind_direction:18.4_m:degrees
1685,-2,-2.0000000000000000e+00,2.4318181818181829e-02,-1,-1,4.7262396694214650e-05,wind_direction:18.4_m:degrees
1686,-2,-2.0000000000000000e+00,8.0000000000000002e-02,-1,-1,-1.5612511283791264e-17,wind_direction:18.4_m:degrees
1687,-2,-2.0000000000000000e+00,6.8636363636363634e-02,-1,-1,1.0268595041322374e-04,wind_direction:18.4_m:degrees
1688,-2,-2.0000000000000000e+00,8.6111111111111097e-02,-1,-1,9.0432098765422589e-05,wind_direction:18.4_m:degrees
1689,-2,-2.0000000000000000e+00,6.4000000000000001e-02,-1,-1,2.3999999999998849e-05,wind_direction:18.4_m:degrees
1690,-2,-2.0000000000000000e+00,1.1000000000000000e-01,-1,-1,1.7347234759768071e-18,wind_direction:18.4_m:degrees
1691,-2,-2.0000000000000000e+00,2.6315789473684237e-04,-1,-1,1.6045706371191140e-04,wind_direction:18.4_m:degrees
1692,-2,-2.0000000000000000e+00,-1.2432432432432434e-02,-1,-1,1.7516435354273193e-04,wind_direction:18.4_m:degrees
1693,12,-5.9066448360681534e-02,7.9600000000000004e-02,1965,1966,2.3583999999999584e-04,bulk_richardson:18.4_m:none
1694,-2,-2.0000000000000000e+00,5.0000000000000003e-02,-1,-1,3.4694469519536142e-18,wind_direction:18.4_m:degrees
1695,-2,-2.0000000000000000e+00,1.0500000000000001e-01,-1,-1,2.6499999999999788e-04,wind_direction:18.4_m:degrees
1696,-2,-2.0000000000000000e+00,7.2500000000000009e-02,-1,-1,1.8750000000000537e-05,wind_direction:18.4_m:degrees
1697,2,2.8904499816894531e+02,-3.0952380952380953e-03,1699,1700,1.4041950113378686e-04,water_sfc_temperature:0_m:K
1698,-2,-2.0000000000000000e+00,8.0701754385964913e-03,-1,-1,1.5241612803939652e-04,wind_direction:18.4_m:degrees
1699,-2,-2.0000000000000000e+00,3.8461538461538446e-03,-1,-1,3.9053254437869828e-05,wind_direction:18.4_m:degrees
1700,-2,-2.0000000000000000e+00,-1.4374999999999999e-02,-1,-1,9.9609375000000034e-05,wind_direction:18.4_m:degrees
1701,-2,-2.0000000000000000e+00,9.7499999999999989e-02,-1,-1,1.3541666666667430e-04,wind_direction:18.4_m:degrees
1702,-2,-2.0000000000000000e+00,7.3999999999999996e-02,-1,-1,8.3999999999994669e-05,wind_direction:18.4_m:degrees
1703,-2,-2.0000000000000000e+00,6.3461538461538458e-02,-1,-1,1.1494082840236754e-04,wind_direction:18.4_m:degrees
1704,-2,-2.0000000000000000e+00,2.9999999999999999e-02,-1,-1,2.0000000000000215e-04,wind_direction:18.4_m:degrees
1705,-2,-2.0000000000000000e+00,1.4999999999999999e-01,-1,-1,3.9999999999998370e-05,wind_direction:18.4_m:degrees
1706,-2,-2.0000000000000000e+00,1.1874999999999999e-01,-1,-1,3.5937499999997777e-05,wind_direction:18.4_m:degrees
1707,-2,-2.0000000000000000e+00,-1.9375000000000003e-02,-1,-1,4.3359374999999887e-05,wind_direction:18.4_m:degrees
1708,-2,-2.0000000000000000e+00,-1.0000000000000000e-03,-1,-1,4.9000000000000046e-05,wind_direction:18.4_m:degrees
1709,-2,-2.0000000000000000e+00,-7.8000000000000000e-02,-1,-1,1.5999999999999522e-05,wind_direction:18.4_m:degrees
1710,-2,-2.0000000000000000e+00,-5.1612903225806459e-02,-1,-1,3.9334027055150465e-05,wind_direction:18.4_m:degrees
1711,-2,-2.0000000000000000e+00,1.1000000000000003e-01,-1,-1,1.2307692307692367e-04,wind_direction:18.4_m:degrees
1712,-2,-2.0000000000000000e+00,1.3300000000000001e-01,-1,-1,2.0099999999999979e-04,wind_direction:18.4_m:degrees
1713,-2,-2.0000000000000000e+00,4.0909090909090909e-02,-1,-1,6.2809917355372046e-05,wind_direction:18.4_m:degrees
1714,-2,-2.0000000000000000e+00,2.3444444444444448e-02,-1,-1,7.3691358024690593e-05,wind_direction:18.4_m:degrees
1715,-2,-2.0000000000000000e+00,8.9999999999999997e-02,-1,-1,5.7142857142859771e-05,wind_direction:18.4_m:degrees
1716,-2,-2.0000000000000000e+00,6.6000000000000003e-02,-1,-1,5.3999999999997626e-05,wind_direction:18.4_m:degrees
1717,-2,-2.0000000000000000e+00,2.7352941176470601e-02,-1,-1,1.4887543252595106e-04,wind_direction:18.4_m:degrees
1718,-2,-2.0000000000000000e+00,1.4117647058823532e-02,-1,-1,8.8927335640137737e-05,wind_direction:18.4_m:degrees
1719,-2,-2.0000000000000000e+00,3.7333333333333336e-02,-1,-1,1.1288888888888872e-04,wind_direction:18.4_m:degrees
1720,-2,-2.0000000000000000e+00,2.0312500000000004e-02,-1,-1,8.4277343749999554e-05,wind_direction:18.4_m:degrees
1721,-2,-2.0000000000000000e+00,4.0000000000000007e-04,-1,-1,1.3183999999999998e-04,wind_direction:18.4_m:degrees
1722,5,9.8500000000000000e+01,-1.1507936507936512e-02,1723,1724,1.5407533383723850e-04,relative_humidity:18.4_m:%
1723,-2,-2.0000000000000000e+00,-1.2177419354838718e-02,-1,-1,1.2832336108220579e-04,wind_direction:18.4_m:degrees
1724,-2,-2.0000000000000000e+00,2.9999999999999999e-02,-1,-1,3.3610267347050637e-18,wind_direction:18.4_m:degrees
1725,10,6.1983139514923096e+00,3.8787878787878781e-02,1907,1908,1.6014692378328826e-04,wind_speed:18.4_m:m_s-1
1726,-2,-2.0000000000000000e+00,0.0000000000000000e+00,-1,-1,9.9999999999947353e-05,wind_direction:18.4_m:degrees
1727,-2,-2.0000000000000000e+00,-2.0000000000000000e-02,-1,-1,8.5714285714285753e-05,wind_direction:18.4_m:degrees
1728,-2,-2.0000000000000000e+00,-4.2195121951219529e-02,-1,-1,1.0005948839976139e-04,wind_direction:18.4_m:degrees
1729,-2,-2.0000000000000000e+00,1.4999999999999999e-01,-1,-1,1.8888888888888775e-04,wind_direction:18.4_m:degrees
1730,-2,-2.0000000000000000e+00,1.2000000000000000e-01,-1,-1,2.4286128663675299e-17,wind_direction:18.4_m:degrees
1731,-2,-2.0000000000000000e+00,-4.6666666666666671e-03,-1,-1,1.3599999999999997e-04,wind_direction:18.4_m:degrees
1732,6,1.7950000000000000e+02,-1.3380782918149453e-02,1733,1734,1.4978027127316086e-04,wave_direction:0_m:degrees
1733,-2,-2.0000000000000000e+00,-2.5151515151515150e-02,-1,-1,7.9522497704316076e-05,wind_direction:18.4_m:degrees
1734,-2,-2.0000000000000000e+00,-1.1814516129032251e-02,-1,-1,1.3823978928199831e-04,wind_direction:18.4_m:degrees
1735,-2,-2.0000000000000000e+00,1.7999999999999997e-01,-1,-1,4.6666666666665690e-04,wind_direction:18.4_m:degrees
1736,-2,-2.0000000000000000e+00,2.1500000000000000e-01,-1,-1,2.5000000000011124e-05,wind_direction:18.4_m:degrees
1737,-2,-2.0000000000000000e+00,2.2222222222222220e-02,-1,-1,1.7283950617283774e-05,wind_direction:18.4_m:degrees
1738,-2,-2.0000000000000000e+00,4.7777777777777780e-02,-1,-1,8.3950617283951121e-05,wind_direction:18.4_m:degrees
1739,-2,-2.0000000000000000e+00,1.0090909090909092e-01,-1,-1,8.2644628099145384e-06,wind_direction:18.4_m:degrees
1740,-2,-2.0000000000000000e+00,1.2833333333333333e-01,-1,-1,1.3888888888886203e-05,wind_direction:18.4_m:degrees
1741,-2,-2.0000000000000000e+00,-1.4610389610389613e-03,-1,-1,7.6112118401079366e-05,wind_direction:18.4_m:degrees
1742,4,9.9797725677490234e+00,1.0999999999999999e-02,1833,1834,1.9899999999999985e-04,mixing_ratio:18.4_m:g_kg-1
1743,5,5.2949998855590820e+01,3.1884057971014512e-02,1921,1922,1.7471119512707371e-04,relative_humidity:18.4_m:%
1744,-2,-2.0000000000000000e+00,1.4999999999999999e-02,-1,-1,9.1666666666667196e-05,wind_direction:18.4_m:degrees
1745,-2,-2.0000000000000000e+00,5.4000000000000006e-02,-1,-1,1.3066666666666652e-04,wind_direction:18.4_m:degrees
1746,-2,-2.0000000000000000e+00,3.6249999999999998e-02,-1,-1,1.4843750000000013e-04,wind_direction:18.4_m:degrees
1747,8,7.0000000000000000e+00,2.2499999999999999e-02,1749,1750,1.5187499999999999e-03,wave_period:0_m:s
1748,-2,-2.0000000000000000e+00,-4.7674418604651192e-03,-1,-1,1.4238777717685228e-04,wind_direction:18.4_m:degrees
1749,-2,-2.0000000000000000e+00,8.9999999999999997e-02,-1,-1,0.0000000000000000e+00,wind_direction:18.4_m:degrees
1750,-2,-2.0000000000000000e+00,0.0000000000000000e+00,-1,-1,0.0000000000000000e+00,wind_direction:18.4_m:degrees
1751,-2,-2.0000000000000000e+00,1.9375000000000007e-02,-1,-1,5.5859374999999811e-05,wind_direction:18.4_m:degrees
1752,-2,-2.0000000000000000e+00,5.5357142857142888e-03,-1,-1,8.8284438775510144e-05,wind_direction:18.4_m:degrees
1753,-2,-2.0000000000000000e+00,-2.0833333333333329e-03,-1,-1,6.6493055555555546e-05,wind_direction:18.4_m:degrees
1754,-2,-2.0000000000000000e+00,-1.2500000000000004e-02,-1,-1,5.5416666666666451e-05,wind_direction:18.4_m:degrees
1755,-2,-2.0000000000000000e+00,1.9000000000000000e-01,-1,-1,0.0000000000000000e+00,wind_direction:18.4_m:degrees
1756,-2,-2.0000000000000000e+00,2.3249999999999998e-01,-1,-1,6.8749999999978550e-05,wind_direction:18.4_m:degrees
1757,11,2.4498999786376953e+02,2.3703703703703708e-03,1967,1968,6.8455418381344307e-05,wind_direction:18.4_m:degrees
1758,-2,-2.0000000000000000e+00,-1.8911917098445601e-03,-1,-1,5.3159145211951977e-05,wind_direction:18.4_m:degrees
1759,-2,-2.0000000000000000e+00,-7.2000000000000008e-02,-1,-1,1.5599999999999468e-04,wind_direction:18.4_m:degrees
1760,-2,-2.0000000000000000e+00,-9.6000000000000002e-02,-1,-1,4.4000000000000636e-05,wind_direction:18.4_m:degrees
1761,2,2.8266000366210938e+02,-2.2549019607843120e-02,1763,1764,1.1703191080353792e-04,water_sfc_temperature:0_m:K
1762,-2,-2.0000000000000000e+00,-3.3571428571428585e-02,-1,-1,8.7244897959185084e-05,wind_direction:18.4_m:degrees
1763,-2,-2.0000000000000000e+00,-2.8000000000000014e-02,-1,-1,5.2666666666665815e-05,wind_direction:18.4_m:degrees
1764,4,7.4082674980163574e+00,-1.9032258064516142e-02,1765,1766,1.2702046479361900e-04,mixing_ratio:18.4_m:g_kg-1
1765,-2,-2.0000000000000000e+00,2.8571428571428571e-03,-1,-1,4.8979591836734697e-05,wind_direction:18.4_m:degrees
1766,-2,-2.0000000000000000e+00,-2.0813953488372103e-02,-1,-1,9.1197944835045652e-05,wind_direction:18.4_m:degrees
1767,-2,-2.0000000000000000e+00,-7.4705882352941178e-02,-1,-1,4.8442906574394651e-05,wind_direction:18.4_m:degrees
1768,-2,-2.0000000000000000e+00,-9.5454545454545459e-02,-1,-1,7.9338842975200038e-05,wind_direction:18.4_m:degrees
1769,-2,-2.0000000000000000e+00,3.3703703703703708e-02,-1,-1,1.0480109739368975e-04,wind_direction:18.4_m:degrees
1770,-2,-2.0000000000000000e+00,1.4545454545454545e-02,-1,-1,2.4793388429753454e-05,wind_direction:18.4_m:degrees
1771,-2,-2.0000000000000000e+00,-2.9999999999999999e-02,-1,-1,8.9999999999999998e-04,wind_direction:18.4_m:degrees
1772,-2,-2.0000000000000000e+00,1.0833333333333332e-02,-1,-1,5.7638888888889042e-05,wind_direction:18.4_m:degrees
1773,-2,-2.0000000000000000e+00,1.1923076923076925e-02,-1,-1,7.7071005917159728e-05,wind_direction:18.4_m:degrees
1774,-2,-2.0000000000000000e+00,5.4794520547945202e-04,-1,-1,5.9973728654531775e-05,wind_direction:18.4_m:degrees
1775,-2,-2.0000000000000000e+00,6.2000000000000000e-02,-1,-1,2.5600000000000145e-04,wind_direction:18.4_m:degrees
1776,-2,-2.0000000000000000e+00,8.9375000000000010e-02,-1,-1,2.0585937499999728e-04,wind_direction:18.4_m:degrees
1777,-2,-2.0000000000000000e+00,-1.6764705882352942e-02,-1,-1,1.9247404844290641e-04,wind_direction:18.4_m:degrees
1778,5,6.2450000762939453e+01,-6.0439560439560485e-03,1779,1780,1.4039367226180419e-04,relative_humidity:18.4_m:%
1779,-2,-2.0000000000000000e+00,5.0000000000000003e-02,-1,-1,0.0000000000000000e+00,wind_direction:18.4_m:degrees
1780,-2,-2.0000000000000000e+00,-7.3033707865168551e-03,-1,-1,7.1379876278247577e-05,wind_direction:18.4_m:degrees
1781,-2,-2.0000000000000000e+00,1.8205128205128211e-02,-1,-1,1.4293228139381951e-04,wind_direction:18.4_m:degrees
1782,-2,-2.0000000000000000e+00,5.0000000000000001e-03,-1,-1,7.4999999999999844e-05,wind_direction:18.4_m:degrees
1783,-2,-2.0000000000000000e+00,-1.2500000000000001e-02,-1,-1,1.1874999999999988e-04,wind_direction:18.4_m:degrees
1784,-2,-2.0000000000000000e+00,-3.0666666666666665e-02,-1,-1,4.6222222222221912e-05,wind_direction:18.4_m:degrees
1785,-2,-2.0000000000000000e+00,3.1000000000000000e-01,-1,-1,0.0000000000000000e+00,wind_direction:18.4_m:degrees
1786,-2,-2.0000000000000000e+00,2.6666666666666666e-01,-1,-1,8.8888888888888351e-05,wind_direction:18.4_m:degrees
1787,-2,-2.0000000000000000e+00,2.2240000000000001e-01,-1,-1,2.9023999999999023e-04,wind_direction:18.4_m:degrees
1788,-2,-2.0000000000000000e+00,1.9000000000000003e-01,-1,-1,-1.3877787807814457e-17,wind_direction:18.4_m:degrees
1789,-2,-2.0000000000000000e+00,1.1250000000000001e-02,-1,-1,1.2760416666666668e-04,wind_direction:18.4_m:degrees
1790,-2,-2.0000000000000000e+00,2.3968253968253979e-02,-1,-1,7.4729150919626347e-05,wind_direction:18.4_m:degrees
1791,-2,-2.0000000000000000e+00,3.6529680365296805e-04,-1,-1,1.9044640437021747e-05,wind_direction:18.4_m:degrees
1792,-2,-2.0000000000000000e+00,-5.0909090909090930e-03,-1,-1,7.8325068870523318e-05,wind_direction:18.4_m:degrees
1793,-2,-2.0000000000000000e+00,1.4999999999999999e-02,-1,-1,2.5000000000000066e-05,wind_direction:18.4_m:degrees
1794,-2,-2.0000000000000000e+00,-4.6666666666666671e-03,-1,-1,5.1555555555555529e-05,wind_direction:18.4_m:degrees
1795,-2,-2.0000000000000000e+00,7.3333333333333348e-02,-1,-1,1.2222222222222062e-04,wind_direction:18.4_m:degrees
1796,-2,-2.0000000000000000e+00,9.6363636363636374e-02,-1,-1,1.2768595041321926e-04,wind_direction:18.4_m:degrees
1797,-2,-2.0000000000000000e+00,-2.4375000000000001e-02,-1,-1,6.2109374999999882e-05,wind_direction:18.4_m:degrees
1798,-2,-2.0000000000000000e+00,-4.6153846153846149e-03,-1,-1,2.4852071005917155e-05,wind_direction:18.4_m:degrees
1799,-2,-2.0000000000000000e+00,4.4736842105263165e-02,-1,-1,6.7036011080331883e-05,wind_direction:18.4_m:degrees
1800,-2,-2.0000000000000000e+00,6.0344827586206906e-02,-1,-1,2.0332936979785892e-04,wind_direction:18.4_m:degrees
1801,-2,-2.0000000000000000e+00,7.0000000000000007e-02,-1,-1,0.0000000000000000e+00,wind_direction:18.4_m:degrees
1802,-2,-2.0000000000000000e+00,4.5263157894736845e-02,-1,-1,8.8088642659279147e-05,wind_direction:18.4_m:degrees
1803,-2,-2.0000000000000000e+00,1.6736842105263156e-01,-1,-1,2.9307479224377833e-04,wind_direction:18.4_m:degrees
1804,-2,-2.0000000000000000e+00,1.8800000000000000e-01,-1,-1,1.7599999999998867e-04,wind_direction:18.4_m:degrees
1805,11,2.4800000000000000e+02,-3.4736842105263156e-02,1807,1808,1.1407202216066482e-03,wind_direction:18.4_m:degrees
1806,10,1.0180162906646729e+01,-2.2271293375394276e-02,1879,1880,1.1850053239658332e-04,wind_speed:18.4_m:m_s-1
1807,5,8.0049999237060547e+01,-2.3333333333333331e-02,1811,1812,3.4222222222222173e-04,relative_humidity:18.4_m:%
1808,2,2.8983000183105469e+02,-7.7499999999999999e-02,1809,1810,1.8187500000000044e-03,water_sfc_temperature:0_m:K
1809,-2,-2.0000000000000000e+00,-3.5000000000000003e-02,-1,-1,2.4999999999999849e-05,wind_direction:18.4_m:degrees
1810,-2,-2.0000000000000000e+00,-1.2000000000000000e-01,-1,-1,1.7347234759768071e-18,wind_direction:18.4_m:degrees
1811,-2,-2.0000000000000000e+00,-1.5833333333333335e-02,-1,-1,1.2430555555555556e-04,wind_direction:18.4_m:degrees
1812,-2,-2.0000000000000000e+00,-5.3333333333333337e-02,-1,-1,8.8888888888886616e-05,wind_direction:18.4_m:degrees
1813,-2,-2.0000000000000000e+00,4.9500000000000023e-02,-1,-1,1.3974999999999838e-04,wind_direction:18.4_m:degrees
1814,9,8.8694458007812500e+01,6.0851063829787243e-02,1875,1876,1.9502037120869330e-04,angle_between_wind_wave:0_m:degrees
1815,-2,-2.0000000000000000e+00,8.5714285714285701e-03,-1,-1,9.7959183673469258e-05,wind_direction:18.4_m:degrees
1816,-2,-2.0000000000000000e+00,2.8000000000000004e-02,-1,-1,7.5999999999999679e-05,wind_direction:18.4_m:degrees
1817,-2,-2.0000000000000000e+00,2.1428571428571432e-02,-1,-1,1.2244897959183532e-05,wind_direction:18.4_m:degrees
1818,-2,-2.0000000000000000e+00,1.4841960604672451e-03,-1,-1,4.4521852846581120e-05,wind_direction:18.4_m:degrees
1819,-2,-2.0000000000000000e+00,1.6315789473684211e-02,-1,-1,9.6952908587257598e-05,wind_direction:18.4_m:degrees
1820,-2,-2.0000000000000000e+00,-8.3333333333333332e-03,-1,-1,1.3888888888888846e-05,wind_direction:18.4_m:degrees
1821,-2,-2.0000000000000000e+00,-9.4444444444444445e-03,-1,-1,8.3024691358024645e-05,wind_direction:18.4_m:degrees
1822,-2,-2.0000000000000000e+00,3.4634146341463437e-03,-1,-1,4.6053539559785815e-05,wind_direction:18.4_m:degrees
1823,-2,-2.0000000000000000e+00,-8.9999999999999997e-02,-1,-1,0.0000000000000000e+00,wind_direction:18.4_m:degrees
1824,-2,-2.0000000000000000e+00,-3.5714285714285712e-02,-1,-1,9.5918367346939067e-05,wind_direction:18.4_m:degrees
1825,5,4.9849998474121094e+01,7.0222222222222241e-02,1829,1830,2.4661728395061495e-04,relative_humidity:18.4_m:%
1826,0,1.5776440429687500e+02,5.7307692307692330e-02,1827,1828,1.8121301775148252e-04,zenith:0_m:degrees
1827,-2,-2.0000000000000000e+00,6.0416666666666681e-02,-1,-1,7.0659722222219789e-05,wind_direction:18.4_m:degrees
1828,-2,-2.0000000000000000e+00,2.0000000000000000e-02,-1,-1,3.7947076036992655e-18,wind_direction:18.4_m:degrees
1829,-2,-2.0000000000000000e+00,6.3928571428571446e-02,-1,-1,1.5956632653060972e-04,wind_direction:18.4_m:degrees
1830,-2,-2.0000000000000000e+00,8.0588235294117655e-02,-1,-1,2.1730103806227603e-04,wind_direction:18.4_m:degrees
1831,-2,-2.0000000000000000e+00,1.5000000000000002e-01,-1,-1,9.9999999999995925e-05,wind_direction:18.4_m:degrees
1832,-2,-2.0000000000000000e+00,1.1000000000000000e-01,-1,-1,-6.9388939039072284e-18,wind_direction:18.4_m:degrees
1833,-2,-2.0000000000000000e+00,1.3684210526315790e-02,-1,-1,6.5373961218836594e-05,wind_direction:18.4_m:degrees
1834,-2,-2.0000000000000000e+00,-4.0000000000000001e-02,-1,-1,-8.6736173798840355e-19,wind_direction:18.4_m:degrees
1835,-2,-2.0000000000000000e+00,2.7272727272727266e-03,-1,-1,7.8016528925619835e-05,wind_direction:18.4_m:degrees
1836,-2,-2.0000000000000000e+00,-5.0000000000000003e-02,-1,-1,1.7347234759768071e-18,wind_direction:18.4_m:degrees
1837,-2,-2.0000000000000000e+00,-1.0740740740740745e-02,-1,-1,9.8216735253772182e-05,wind_direction:18.4_m:degrees
1838,-2,-2.0000000000000000e+00,-3.7499999999999999e-02,-1,-1,1.6874999999999573e-04,wind_direction:18.4_m:degrees
1839,-2,-2.0000000000000000e+00,1.4545454545454545e-01,-1,-1,2.6115702479338754e-04,wind_direction:18.4_m:degrees
1840,-2,-2.0000000000000000e+00,2.0000000000000001e-01,-1,-1,0.0000000000000000e+00,wind_direction:18.4_m:degrees
1841,-2,-2.0000000000000000e+00,-1.6875000000000001e-02,-1,-1,1.4231770833333327e-04,wind_direction:18.4_m:degrees
1842,-2,-2.0000000000000000e+00,-4.0000000000000001e-03,-1,-1,6.3999999999999496e-05,wind_direction:18.4_m:degrees
1843,-2,-2.0000000000000000e+00,8.0327868852459027e-03,-1,-1,8.4654662725073868e-05,wind_direction:18.4_m:degrees
1844,-2,-2.0000000000000000e+00,4.6511627906976736e-04,-1,-1,2.7690643591130318e-05,wind_direction:18.4_m:degrees
1845,2,2.8524501037597656e+02,1.1090909090909093e-01,1847,1848,2.1432506887052519e-04,water_sfc_temperature:0_m:K
1846,-2,-2.0000000000000000e+00,9.3333333333333324e-02,-1,-1,8.8888888888883147e-05,wind_direction:18.4_m:degrees
1847,-2,-2.0000000000000000e+00,1.2857142857142859e-01,-1,-1,6.9387755102037069e-05,wind_direction:18.4_m:degrees
1848,-2,-2.0000000000000000e+00,1.0615384615384618e-01,-1,-1,1.4674556213017248e-04,wind_direction:18.4_m:degrees
1849,-2,-2.0000000000000000e+00,-6.1538461538461556e-03,-1,-1,5.9566074950690320e-05,wind_direction:18.4_m:degrees
1850,5,8.4900001525878906e+01,-1.8484848484848489e-02,2021,2022,1.4012855831037634e-04,relative_humidity:18.4_m:%
1851,-2,-2.0000000000000000e+00,-7.1969696969696978e-04,-1,-1,1.0440627869605140e-04,wind_direction:18.4_m:degrees
1852,9,9.0228199005126953e+01,-1.1071428571428569e-02,1853,1854,6.2385204081632671e-04,angle_between_wind_wave:0_m:degrees
1853,0,5.7242765426635742e+01,-2.5714285714285717e-02,1855,1856,7.6734693877551037e-04,zenith:0_m:degrees
1854,-2,-2.0000000000000000e+00,3.5714285714285718e-03,-1,-1,5.1530612244897822e-05,wind_direction:18.4_m:degrees
1855,-2,-2.0000000000000000e+00,-8.7500000000000008e-03,-1,-1,8.5937499999999954e-05,wind_direction:18.4_m:degrees
1856,2,2.9314500427246094e+02,-4.8333333333333339e-02,1857,1858,7.8055555555555517e-04,water_sfc_temperature:0_m:K
1857,-2,-2.0000000000000000e+00,-6.7500000000000004e-02,-1,-1,6.8750000000000235e-05,wind_direction:18.4_m:degrees
1858,-2,-2.0000000000000000e+00,-1.0000000000000000e-02,-1,-1,-7.8604657505199071e-19,wind_direction:18.4_m:degrees
1859,-2,-2.0000000000000000e+00,3.5609756097560986e-02,-1,-1,1.3682331945270593e-04,wind_direction:18.4_m:degrees
1860,-2,-2.0000000000000000e+00,2.0588235294117647e-02,-1,-1,9.9653979238754702e-05,wind_direction:18.4_m:degrees
1861,-2,-2.0000000000000000e+00,2.0000000000000001e-01,-1,-1,0.0000000000000000e+00,wind_direction:18.4_m:degrees
1862,-2,-2.0000000000000000e+00,2.4000000000000002e-01,-1,-1,3.6363636363634377e-04,wind_direction:18.4_m:degrees
1863,-2,-2.0000000000000000e+00,3.3333333333333333e-02,-1,-1,2.2222222222222305e-05,wind_direction:18.4_m:degrees
1864,-2,-2.0000000000000000e+00,6.6428571428571434e-02,-1,-1,3.7244897959182351e-05,wind_direction:18.4_m:degrees
1865,-2,-2.0000000000000000e+00,1.2833333333333335e-01,-1,-1,1.1388888888888560e-04,wind_direction:18.4_m:degrees
1866,-2,-2.0000000000000000e+00,1.0625000000000001e-01,-1,-1,3.2343749999999560e-04,wind_direction:18.4_m:degrees
1867,-2,-2.0000000000000000e+00,7.4999999999999997e-02,-1,-1,2.4999999999999849e-05,wind_direction:18.4_m:degrees
1868,-2,-2.0000000000000000e+00,4.5000000000000005e-02,-1,-1,5.8333333333331679e-05,wind_direction:18.4_m:degrees
1869,-2,-2.0000000000000000e+00,0.0000000000000000e+00,-1,-1,0.0000000000000000e+00,wind_direction:18.4_m:degrees
1870,-2,-2.0000000000000000e+00,5.9999999999999998e-02,-1,-1,-4.3368086899420177e-19,wind_direction:18.4_m:degrees
1871,-2,-2.0000000000000000e+00,4.8571428571428578e-02,-1,-1,1.8367346938775488e-04,wind_direction:18.4_m:degrees
1872,5,6.7049999237060547e+01,2.7903225806451624e-02,1873,1874,1.5528095733610757e-04,relative_humidity:18.4_m:%
1873,-2,-2.0000000000000000e+00,2.7049180327868856e-02,-1,-1,1.1260413867239928e-04,wind_direction:18.4_m:degrees
1874,-2,-2.0000000000000000e+00,8.0000000000000002e-02,-1,-1,-2.2551405187698492e-17,wind_direction:18.4_m:degrees
1875,-2,-2.0000000000000000e+00,2.5000000000000001e-02,-1,-1,2.4999999999999849e-05,wind_direction:18.4_m:degrees
1876,-2,-2.0000000000000000e+00,6.2444444444444434e-02,-1,-1,1.4291358024691144e-04,wind_direction:18.4_m:degrees
1877,-2,-2.0000000000000000e+00,-4.4444444444444444e-03,-1,-1,6.4691358024691309e-05,wind_direction:18.4_m:degrees
1878,-2,-2.0000000000000000e+00,-1.8888888888888886e-02,-1,-1,7.6543209876543596e-05,wind_direction:18.4_m:degrees
1879,-2,-2.0000000000000000e+00,-2.0624999999999973e-02,-1,-1,1.1169270833333490e-04,wind_direction:18.4_m:degrees
1880,-2,-2.0000000000000000e+00,-2.7402597402597411e-02,-1,-1,1.0494181143532540e-04,wind_direction:18.4_m:degrees
1881,-2,-2.0000000000000000e+00,7.2307692307692309e-02,-1,-1,2.0236686390532384e-04,wind_direction:18.4_m:degrees
1882,-2,-2.0000000000000000e+00,8.8749999999999996e-02,-1,-1,1.8593749999999513e-04,wind_direction:18.4_m:degrees
1883,-2,-2.0000000000000000e+00,3.1707317073170746e-02,-1,-1,1.2147531231409799e-04,wind_direction:18.4_m:degrees
1884,-2,-2.0000000000000000e+00,5.2857142857142859e-02,-1,-1,4.8979591836734778e-05,wind_direction:18.4_m:degrees
1885,-2,-2.0000000000000000e+00,3.4000000000000002e-02,-1,-1,2.2399999999999981e-04,wind_direction:18.4_m:degrees
1886,-2,-2.0000000000000000e+00,1.6250000000000007e-02,-1,-1,5.5580357142856799e-05,wind_direction:18.4_m:degrees
1887,0,3.5733491897583008e+01,-3.9473684210526250e-04,1889,1890,2.6168628808864247e-04,zenith:0_m:degrees
1888,-2,-2.0000000000000000e+00,-6.6174496644295063e-03,-1,-1,9.8357010945453589e-05,wind_direction:18.4_m:degrees
1889,11,2.7390000915527344e+02,-2.5675675675675678e-03,1927,1928,8.9353542731921115e-05,wind_direction:18.4_m:degrees
1890,-2,-2.0000000000000000e+00,8.0000000000000002e-02,-1,-1,-6.0715321659188248e-18,wind_direction:18.4_m:degrees
1891,5,6.1450000762939453e+01,3.3333333333333340e-02,1893,1894,1.7013888888888873e-04,relative_humidity:18.4_m:%
1892,-2,-2.0000000000000000e+00,2.4000000000000007e-02,-1,-1,8.6222222222226679e-05,wind_direction:18.4_m:degrees
1893,-2,-2.0000000000000000e+00,3.0875000000000014e-02,-1,-1,1.3798437499999954e-04,wind_direction:18.4_m:degrees
1894,-2,-2.0000000000000000e+00,4.5624999999999999e-02,-1,-1,1.4960937499999914e-04,wind_direction:18.4_m:degrees
1895,-2,-2.0000000000000000e+00,3.8333333333333337e-02,-1,-1,6.3888888888888936e-05,wind_direction:18.4_m:degrees
1896,-2,-2.0000000000000000e+00,1.5555555555555557e-02,-1,-1,9.1358024691357698e-05,wind_direction:18.4_m:degrees
1897,-2,-2.0000000000000000e+00,3.1111111111111114e-02,-1,-1,7.6543209876541916e-05,wind_direction:18.4_m:degrees
1898,-2,-2.0000000000000000e+00,5.8333333333333327e-02,-1,-1,4.7222222222224105e-05,wind_direction:18.4_m:degrees
1899,-2,-2.0000000000000000e+00,-5.1162790697674440e-03,-1,-1,7.8474851270957203e-05,wind_direction:18.4_m:degrees
1900,-2,-2.0000000000000000e+00,-1.6206896551724144e-02,-1,-1,9.9405469678953283e-05,wind_direction:18.4_m:degrees
1901,-2,-2.0000000000000000e+00,1.9833333333333333e-01,-1,-1,1.8055555555555186e-04,wind_direction:18.4_m:degrees
1902,-2,-2.0000000000000000e+00,2.2500000000000001e-01,-1,-1,2.6499999999998747e-04,wind_direction:18.4_m:degrees
1903,-2,-2.0000000000000000e+00,8.0000000000000002e-02,-1,-1,0.0000000000000000e+00,wind_direction:18.4_m:degrees
1904,-2,-2.0000000000000000e+00,2.7966101694915264e-02,-1,-1,1.4162596954897934e-04,wind_direction:18.4_m:degrees
1905,-2,-2.0000000000000000e+00,3.2500000000000001e-02,-1,-1,1.3124999999999986e-04,wind_direction:18.4_m:degrees
1906,-2,-2.0000000000000000e+00,5.0000000000000010e-02,-1,-1,5.2631578947369678e-05,wind_direction:18.4_m:degrees
1907,-2,-2.0000000000000000e+00,2.0000000000000000e-02,-1,-1,0.0000000000000000e+00,wind_direction:18.4_m:degrees
1908,-2,-2.0000000000000000e+00,4.0217391304347823e-02,-1,-1,1.4343100189036077e-04,wind_direction:18.4_m:degrees
1909,-2,-2.0000000000000000e+00,1.5099999999999997e-01,-1,-1,9.9000000000008803e-05,wind_direction:18.4_m:degrees
1910,-2,-2.0000000000000000e+00,1.7500000000000002e-01,-1,-1,1.2500000000002440e-04,wind_direction:18.4_m:degrees
1911,-2,-2.0000000000000000e+00,5.6923076923076937e-02,-1,-1,1.7514792899408138e-04,wind_direction:18.4_m:degrees
1912,-2,-2.0000000000000000e+00,7.7499999999999999e-02,-1,-1,3.0208333333333042e-04,wind_direction:18.4_m:degrees
1913,-2,-2.0000000000000000e+00,-1.9285714285714285e-02,-1,-1,3.0663265306122450e-04,wind_direction:18.4_m:degrees
1914,-2,-2.0000000000000000e+00,-5.2014652014652054e-03,-1,-1,6.3787250600437351e-05,wind_direction:18.4_m:degrees
1915,-2,-2.0000000000000000e+00,3.6666666666666667e-02,-1,-1,2.2222222222222305e-05,wind_direction:18.4_m:degrees
1916,-2,-2.0000000000000000e+00,6.8823529411764714e-02,-1,-1,9.2733564013840197e-05,wind_direction:18.4_m:degrees
1917,6,2.2550000000000000e+02,7.9411764705882362e-02,1919,1920,1.9377162629757687e-04,wave_direction:0_m:degrees
1918,-2,-2.0000000000000000e+00,1.0400000000000001e-01,-1,-1,2.3999999999973695e-05,wind_direction:18.4_m:degrees
1919,-2,-2.0000000000000000e+00,8.5599999999999982e-02,-1,-1,5.6639999999997560e-05,wind_direction:18.4_m:degrees
1920,-2,-2.0000000000000000e+00,6.2222222222222213e-02,-1,-1,1.7283950617284381e-04,wind_direction:18.4_m:degrees
1921,-2,-2.0000000000000000e+00,2.8490566037735858e-02,-1,-1,1.4866500533997767e-04,wind_direction:18.4_m:degrees
1922,-2,-2.0000000000000000e+00,4.3124999999999997e-02,-1,-1,9.6484374999998481e-05,wind_direction:18.4_m:degrees
1923,-2,-2.0000000000000000e+00,-2.0238095238095243e-02,-1,-1,9.2800453514738925e-05,wind_direction:18.4_m:degrees
1924,-2,-2.0000000000000000e+00,-6.9565217391304350e-03,-1,-1,5.5954631379962229e-05,wind_direction:18.4_m:degrees
1925,-2,-2.0000000000000000e+00,2.8888888888888891e-02,-1,-1,3.2098765432098391e-05,wind_direction:18.4_m:degrees
1926,-2,-2.0000000000000000e+00,5.3750000000000006e-02,-1,-1,9.8437500000000001e-05,wind_direction:18.4_m:degrees
1927,-2,-2.0000000000000000e+00,-5.6896551724137942e-03,-1,-1,2.7972651605231865e-05,wind_direction:18.4_m:degrees
1928,-2,-2.0000000000000000e+00,8.7499999999999991e-03,-1,-1,1.4843749999999997e-04,wind_direction:18.4_m:degrees
1929,-2,-2.0000000000000000e+00,3.0000000000000002e-02,-1,-1,8.0000000000000015e-04,wind_direction:18.4_m:degrees
1930,-2,-2.0000000000000000e+00,-1.4285714285714284e-04,-1,-1,3.2836734693877549e-05,wind_direction:18.4_m:degrees
1931,-2,-2.0000000000000000e+00,-6.6000000000000003e-02,-1,-1,2.3999999999999716e-05,wind_direction:18.4_m:degrees
1932,-2,-2.0000000000000000e+00,-1.0000000000000000e-02,-1,-1,-7.8604657505199071e-19,wind_direction:18.4_m:degrees
1933,-2,-2.0000000000000000e+00,-2.4375000000000001e-02,-1,-1,1.3710937499999997e-04,wind_direction:18.4_m:degrees
1934,-2,-2.0000000000000000e+00,-4.0000000000000008e-02,-1,-1,8.1249999999997340e-05,wind_direction:18.4_m:degrees
1935,-2,-2.0000000000000000e+00,1.1833333333333333e-01,-1,-1,2.1388888888888673e-04,wind_direction:18.4_m:degrees
1936,-2,-2.0000000000000000e+00,1.6000000000000000e-01,-1,-1,-1.3877787807814457e-17,wind_direction:18.4_m:degrees
1937,-2,-2.0000000000000000e+00,1.0500000000000002e-01,-1,-1,2.5000000000000716e-05,wind_direction:18.4_m:degrees
1938,-2,-2.0000000000000000e+00,5.0000000000000003e-02,-1,-1,-2.1684043449710089e-18,wind_direction:18.4_m:degrees
1939,-2,-2.0000000000000000e+00,0.0000000000000000e+00,-1,-1,2.8571428571428574e-05,wind_direction:18.4_m:degrees
1940,-2,-2.0000000000000000e+00,2.3571428571428570e-02,-1,-1,1.0867346938775490e-04,wind_direction:18.4_m:degrees
1941,2,2.9152999877929688e+02,-1.2274678111587977e-02,1943,1944,1.7122068927407050e-04,water_sfc_temperature:0_m:K
1942,-2,-2.0000000000000000e+00,-7.7536231884057991e-03,-1,-1,8.4808863684101334e-05,wind_direction:18.4_m:degrees
1943,6,1.8850000000000000e+02,-1.1948051948051945e-02,1979,1980,1.6027435767695518e-04,wave_direction:0_m:degrees
1944,-2,-2.0000000000000000e+00,-5.0000000000000003e-02,-1,-1,1.1709383462843448e-17,wind_direction:18.4_m:degrees
1945,4,1.7940382957458496e+01,-9.4082840236686151e-03,1947,1948,1.4600095701597834e-04,mixing_ratio:18.4_m:g_kg-1
1946,-2,-2.0000000000000000e+00,2.0000000000000000e-02,-1,-1,2.0000000000002709e-04,wind_direction:18.4_m:degrees
1947,9,8.8302185058593750e+01,-9.2079207920791831e-03,1949,1950,1.3640231349867742e-04,angle_between_wind_wave:0_m:degrees
1948,-2,-2.0000000000000000e+00,-5.9999999999999998e-02,-1,-1,-2.1250362580715887e-17,wind_direction:18.4_m:degrees
1949,3,1.0117500000000000e+03,-3.5999999999999997e-02,1951,1952,7.4399999999999987e-04,pressure:18.4_m:hPa
1950,12,2.0474329357966781e-03,-8.9399999999999792e-03,1953,1954,1.2307640000000080e-04,bulk_richardson:18.4_m:none
1951,-2,-2.0000000000000000e+00,-8.9999999999999997e-02,-1,-1,0.0000000000000000e+00,wind_direction:18.4_m:degrees
1952,-2,-2.0000000000000000e+00,-2.2499999999999999e-02,-1,-1,1.8749999999999887e-05,wind_direction:18.4_m:degrees
1953,-2,-2.0000000000000000e+00,-3.5365853658536591e-03,-1,-1,1.3017549077929799e-04,wind_direction:18.4_m:degrees
1954,-2,-2.0000000000000000e+00,-9.9999999999999794e-03,-1,-1,1.1483253588516838e-04,wind_direction:18.4_m:degrees
1955,-2,-2.0000000000000000e+00,8.4905660377358486e-02,-1,-1,1.9102883588465683e-04,wind_direction:18.4_m:degrees
1956,9,8.9556777954101562e+01,9.8421052631578951e-02,2019,2020,2.1329639889196284e-04,angle_between_wind_wave:0_m:degrees
1957,-2,-2.0000000000000000e+00,1.4545454545454545e-02,-1,-1,7.9338842975206625e-05,wind_direction:18.4_m:degrees
1958,-2,-2.0000000000000000e+00,3.3500000000000002e-02,-1,-1,9.2749999999999300e-05,wind_direction:18.4_m:degrees
1959,-2,-2.0000000000000000e+00,-5.7500000000000002e-02,-1,-1,3.1875000000000046e-04,wind_direction:18.4_m:degrees
1960,-2,-2.0000000000000000e+00,-2.3333333333333331e-02,-1,-1,8.8888888888889652e-05,wind_direction:18.4_m:degrees
1961,-2,-2.0000000000000000e+00,1.0800000000000001e-01,-1,-1,1.5999999999996919e-05,wind_direction:18.4_m:degrees
1962,-2,-2.0000000000000000e+00,1.3428571428571429e-01,-1,-1,9.5918367346941452e-05,wind_direction:18.4_m:degrees
1963,-2,-2.0000000000000000e+00,1.3750000000000004e-02,-1,-1,2.9687499999999956e-05,wind_direction:18.4_m:degrees
1964,-2,-2.0000000000000000e+00,3.7999999999999999e-02,-1,-1,1.5999999999998654e-05,wind_direction:18.4_m:degrees
1965,-2,-2.0000000000000000e+00,6.1666666666666668e-02,-1,-1,1.3888888888887937e-05,wind_direction:18.4_m:degrees
1966,-2,-2.0000000000000000e+00,8.5263157894736846e-02,-1,-1,1.7229916897506733e-04,wind_direction:18.4_m:degrees
1967,-2,-2.0000000000000000e+00,1.7692307692307690e-03,-1,-1,4.3792899408284005e-05,wind_direction:18.4_m:degrees
1968,0,1.0443183135986328e+02,1.8000000000000002e-02,1969,1970,4.5600000000000035e-04,zenith:0_m:degrees
1969,-2,-2.0000000000000000e+00,4.2857142857142859e-03,-1,-1,2.4489795918367345e-05,wind_direction:18.4_m:degrees
1970,-2,-2.0000000000000000e+00,5.0000000000000010e-02,-1,-1,-4.3368086899420177e-19,wind_direction:18.4_m:degrees
1971,-2,-2.0000000000000000e+00,1.3333333333333331e-02,-1,-1,2.2222222222222305e-05,wind_direction:18.4_m:degrees
1972,-2,-2.0000000000000000e+00,3.4915254237288154e-02,-1,-1,1.1990807239298999e-04,wind_direction:18.4_m:degrees
1973,-2,-2.0000000000000000e+00,5.9999999999999998e-02,-1,-1,6.6666666666667564e-05,wind_direction:18.4_m:degrees
1974,-2,-2.0000000000000000e+00,8.3181818181818176e-02,-1,-1,1.3078512396693959e-04,wind_direction:18.4_m:degrees
1975,-2,-2.0000000000000000e+00,-3.7499999999999999e-02,-1,-1,1.8749999999999887e-05,wind_direction:18.4_m:degrees
1976,-2,-2.0000000000000000e+00,-8.1818181818181807e-03,-1,-1,1.0578512396694216e-04,wind_direction:18.4_m:degrees
1977,-2,-2.0000000000000000e+00,1.4833333333333334e-01,-1,-1,1.1388888888888213e-04,wind_direction:18.4_m:degrees
1978,-2,-2.0000000000000000e+00,1.2125000000000000e-01,-1,-1,6.0937499999998493e-05,wind_direction:18.4_m:degrees
1979,-2,-2.0000000000000000e+00,-1.0904761904761901e-02,-1,-1,8.4419501133786953e-05,wind_direction:18.4_m:degrees
1980,11,2.2695999908447266e+02,-2.2380952380952383e-02,1981,1982,7.9909297052154198e-04,wind_direction:18.4_m:degrees
1981,-2,-2.0000000000000000e+00,-1.0625000000000001e-02,-1,-1,1.1835937499999993e-04,wind_direction:18.4_m:degrees
1982,8,5.5000000000000000e+00,-6.0000000000000012e-02,1983,1984,1.1199999999999990e-03,wave_period:0_m:s
1983,-2,-2.0000000000000000e+00,-2.0000000000000000e-02,-1,-1,9.9999999999999991e-05,wind_direction:18.4_m:degrees
1984,-2,-2.0000000000000000e+00,-8.6666666666666670e-02,-1,-1,2.2222222222218618e-05,wind_direction:18.4_m:degrees
1985,-2,-2.0000000000000000e+00,1.3142857142857142e-01,-1,-1,1.5510204081633713e-04,wind_direction:18.4_m:degrees
1986,-2,-2.0000000000000000e+00,1.0000000000000001e-01,-1,-1,9.9999999999985517e-05,wind_direction:18.4_m:degrees
1987,2,2.9116499328613281e+02,-2.4444444444444449e-02,1993,1994,4.4691358024691330e-04,water_sfc_temperature:0_m:K
1988,12,6.4343141391873360e-02,-7.6470588235293714e-03,1989,1990,8.3825369947729912e-05,bulk_richardson:18.4_m:none
1989,-2,-2.0000000000000000e+00,-7.8860759493670548e-03,-1,-1,6.9581958019549145e-05,wind_direction:18.4_m:degrees
1990,11,2.2207999420166016e+02,1.3333333333333334e-02,1991,1992,8.8888888888889750e-04,wind_direction:18.4_m:degrees
1991,-2,-2.0000000000000000e+00,-2.0000000000000000e-02,-1,-1,0.0000000000000000e+00,wind_direction:18.4_m:degrees
1992,-2,-2.0000000000000000e+00,4.0000000000000001e-02,-1,-1,0.0000000000000000e+00,wind_direction:18.4_m:degrees
1993,-2,-2.0000000000000000e+00,-1.7499999999999998e-02,-1,-1,6.8749999999999963e-05,wind_direction:18.4_m:degrees
1994,-2,-2.0000000000000000e+00,-8.0000000000000002e-02,-1,-1,-2.6020852139652106e-18,wind_direction:18.4_m:degrees
1995,-2,-2.0000000000000000e+00,7.5483870967741951e-02,-1,-1,6.3475546305927916e-05,wind_direction:18.4_m:degrees
1996,-2,-2.0000000000000000e+00,9.4444444444444428e-02,-1,-1,2.9135802469135511e-04,wind_direction:18.4_m:degrees
1997,-2,-2.0000000000000000e+00,3.3902439024390253e-02,-1,-1,6.7697798929208190e-05,wind_direction:18.4_m:degrees
1998,-2,-2.0000000000000000e+00,2.0869565217391309e-02,-1,-1,4.2722117202267451e-05,wind_direction:18.4_m:degrees
1999,-2,-2.0000000000000000e+00,1.2448979591836743e-03,-1,-1,3.7633902540608056e-05,wind_direction:18.4_m:degrees
2000,-2,-2.0000000000000000e+00,-1.7206982543640904e-03,-1,-1,6.0131466844112099e-05,wind_direction:18.4_m:degrees
2001,-2,-2.0000000000000000e+00,0.0000000000000000e+00,-1,-1,0.0000000000000000e+00,wind_direction:18.4_m:degrees
2002,-2,-2.0000000000000000e+00,-4.0000000000000001e-02,-1,-1,0.0000000000000000e+00,wind_direction:18.4_m:degrees
2003,-2,-2.0000000000000000e+00,9.3333333333333338e-02,-1,-1,8.8888888888888351e-05,wind_direction:18.4_m:degrees
2004,-2,-2.0000000000000000e+00,6.2222222222222227e-02,-1,-1,8.3950617283949387e-05,wind_direction:18.4_m:degrees
2005,-2,-2.0000000000000000e+00,-3.3333333333333331e-03,-1,-1,7.5555555555555556e-05,wind_direction:18.4_m:degrees
2006,-2,-2.0000000000000000e+00,1.8333333333333333e-02,-1,-1,4.7222222222222208e-05,wind_direction:18.4_m:degrees
2007,-2,-2.0000000000000000e+00,-1.5833333333333335e-02,-1,-1,5.7638888888888378e-05,wind_direction:18.4_m:degrees
2008,-2,-2.0000000000000000e+00,-3.7777777777777778e-02,-1,-1,1.0617283950617364e-04,wind_direction:18.4_m:degrees
2009,4,1.2763668894767761e+00,1.0540540540540541e-01,2011,2012,2.3564645726808012e-04,mixing_ratio:18.4_m:g_kg-1
2010,-2,-2.0000000000000000e+00,1.1785714285714287e-01,-1,-1,1.3826530612245057e-04,wind_direction:18.4_m:degrees
2011,9,8.8949974060058594e+01,1.0242424242424243e-01,2013,2014,1.6988062442608275e-04,angle_between_wind_wave:0_m:degrees
2012,-2,-2.0000000000000000e+00,1.3000000000000000e-01,-1,-1,9.9999999999957762e-05,wind_direction:18.4_m:degrees
2013,-2,-2.0000000000000000e+00,1.1416666666666668e-01,-1,-1,1.4097222222221942e-04,wind_direction:18.4_m:degrees
2014,-2,-2.0000000000000000e+00,9.5714285714285710e-02,-1,-1,6.2585034013606586e-05,wind_direction:18.4_m:degrees
2015,-2,-2.0000000000000000e+00,2.4571428571428572e-01,-1,-1,1.3877551020407414e-04,wind_direction:18.4_m:degrees
2016,-2,-2.0000000000000000e+00,2.8000000000000003e-01,-1,-1,1.3877787807814457e-17,wind_direction:18.4_m:degrees
2017,-2,-2.0000000000000000e+00,6.0000000000000012e-02,-1,-1,1.6249999999999902e-04,wind_direction:18.4_m:degrees
2018,-2,-2.0000000000000000e+00,4.5135135135135146e-02,-1,-1,6.2819576333091910e-05,wind_direction:18.4_m:degrees
2019,-2,-2.0000000000000000e+00,8.1666666666666665e-02,-1,-1,4.7222222222222804e-05,wind_direction:18.4_m:degrees
2020,-2,-2.0000000000000000e+00,1.0615384615384617e-01,-1,-1,1.0059171597632914e-04,wind_direction:18.4_m:degrees
2021,-2,-2.0000000000000000e+00,-1.3599999999999999e-02,-1,-1,5.5039999999999988e-05,wind_direction:18.4_m:degrees
2022,-2,-2.0000000000000000e+00,-3.3750000000000002e-02,-1,-1,9.8437499999999567e-05,wind_direction:18.4_m:degrees
2023,-2,-2.0000000000000000e+00,1.1851851851851855e-02,-1,-1,1.4101508916323718e-04,wind_direction:18.4_m:degrees
2024,-2,-2.0000000000000000e+00,2.5600000000000001e-02,-1,-1,8.0639999999999770e-05,wind_direction:18.4_m:degrees
2025,10,1.1817223072052002e+01,-3.0000000000000006e-02,2027,2028,1.2307692307692247e-04,wind_speed:18.4_m:m_s-1
2026,-2,-2.0000000000000000e+00,-8.0000000000000002e-02,-1,-1,-1.7347234759768071e-18,wind_direction:18.4_m:degrees
2027,-2,-2.0000000000000000e+00,-2.1739130434782608e-02,-1,-1,6.6540642722117196e-05,wind_direction:18.4_m:degrees
2028,-2,-2.0000000000000000e+00,-3.6551724137931035e-02,-1,-1,7.0868014268727015e-05,wind_direction:18.4_m:degrees
2029,-2,-2.0000000000000000e+00,2.0370370370370369e-02,-1,-1,1.1467764060356665e-04,wind_direction:18.4_m:degrees
2030,-2,-2.0000000000000000e+00,3.1392405063291148e-02,-1,-1,1.0059285370933981e-04,wind_direction:18.4_m:degrees
2031,-2,-2.0000000000000000e+00,3.7499999999999999e-03,-1,-1,7.3437500000000016e-05,wind_direction:18.4_m:degrees
2032,-2,-2.0000000000000000e+00,1.9411764705882358e-02,-1,-1,8.7889273356400786e-05,wind_direction:18.4_m:degrees
2033,-2,-2.0000000000000000e+00,6.0305343511450416e-03,-1,-1,6.5159372996911560e-05,wind_direction:18.4_m:degrees
2034,-2,-2.0000000000000000e+00,1.3484848484848490e-02,-1,-1,7.1189164370981980e-05,wind_direction:18.4_m:degrees
2035,-2,-2.0000000000000000e+00,3.2000000000000008e-02,-1,-1,3.6000000000000008e-05,wind_direction:18.4_m:degrees
2036,-2,-2.0000000000000000e+00,4.6800000000000008e-02,-1,-1,1.0975999999999911e-04,wind_direction:18.4_m:degrees
2037,-2,-2.0000000000000000e+00,5.5000000000000000e-02,-1,-1,1.5833333333333324e-04,wind_direction:18.4_m:degrees
2038,-2,-2.0000000000000000e+00,3.3773584905660389e-02,-1,-1,6.8778924884298947e-05,wind_direction:18.4_m:degrees
2039,5,9.9049999237060547e+01,-4.9732620320855634e-03,2041,2042,1.2660356315593804e-04,relative_humidity:18.4_m:%
2040,-2,-2.0000000000000000e+00,-4.0000000000000001e-02,-1,-1,5.8546917314217239e-18,wind_direction:18.4_m:degrees
2041,8,4.2500000000000000e+00,-7.0138888888888933e-03,2043,2044,1.3344425154320972e-04,wave_period:0_m:s
2042,-2,-2.0000000000000000e+00,1.8604651162790699e-03,-1,-1,4.3050297458085564e-05,wind_direction:18.4_m:degrees
2043,-2,-2.0000000000000000e+00,-4.0000000000000001e-02,-1,-1,2.0000000000000031e-04,wind_direction:18.4_m:degrees
2044,-2,-2.0000000000000000e+00,-6.3120567375886550e-03,-1,-1,1.0838489009607144e-04,wind_direction:18.4_m:degrees
2045,-2,-2.0000000000000000e+00,-1.6500000000000001e-02,-1,-1,5.2750000000000008e-05,wind_direction:18.4_m:degrees
2046,-2,-2.0000000000000000e+00,-3.9705882352941181e-03,-1,-1,1.4452854671280268e-04,wind_direction:18.4_m:degrees
