Node,feature,threshold,value,children_left,children_right,impurity,feature_name
0,4,2.0794627666473389e+00,1.0214681282618461e-02,1,2,1.7007994189095457e-03,mixing_ratio:18.4_m:g_kg-1
1,10,1.0530363082885742e+01,9.5095882684715208e-02,5,6,4.8212119007013613e-03,wind_speed:18.4_m:m_s-1
2,4,4.0041189193725586e+00,2.7520888602384527e-03,3,4,7.3733464251427179e-04,mixing_ratio:18.4_m:g_kg-1
3,2,2.8189500427246094e+02,3.1602059357965138e-02,9,10,1.2173304379152765e-03,water_sfc_temperature:0_m:K
4,12,-3.9604273624718189e-03,-2.8966171543776237e-03,7,8,4.4848055098034708e-04,bulk_richardson:18.4_m:none
5,2,2.7554499816894531e+02,6.3993808049535722e-02,11,12,2.1856859413147437e-03,water_sfc_temperature:0_m:K
6,2,2.7541000366210938e+02,1.4982101167315170e-01,17,18,4.7616022044239259e-03,water_sfc_temperature:0_m:K
7,10,1.2833933353424072e+01,4.1118706597222257e-03,13,14,3.8358622627494084e-04,wind_speed:18.4_m:m_s-1
8,12,2.5982734747231007e-02,-1.1341439497941001e-02,37,38,3.9617399892145872e-04,bulk_richardson:18.4_m:none
9,10,1.2063465118408203e+01,1.9790356394130109e-02,27,28,7.3440748212316525e-04,wind_speed:18.4_m:m_s-1
10,10,8.4053006172180176e+00,5.3543920380787653e-02,15,16,1.3738101653314469e-03,wind_speed:18.4_m:m_s-1
11,10,7.7336988449096680e+00,2.9729729729729669e-02,61,62,7.5176970582376153e-04,wind_speed:18.4_m:m_s-1
12,2,2.7881500244140625e+02,8.3268832066344153e-02,31,32,1.9603582752772053e-03,water_sfc_temperature:0_m:K
13,5,7.1950000762939453e+01,2.9511653718091225e-03,23,24,3.0143490707698308e-04,relative_humidity:18.4_m:%
14,3,9.9395001220703125e+02,5.4878640776698968e-02,47,48,1.3405192525214565e-03,pressure:18.4_m:hPa
15,12,-5.8926625177264214e-02,3.7014512785072597e-02,99,100,6.5273164839770308e-04,bulk_richardson:18.4_m:none
16,4,3.6228085756301880e+00,8.1226851851851897e-02,79,80,1.3575226123113942e-03,mixing_ratio:18.4_m:g_kg-1
17,4,1.4664016962051392e+00,8.1564245810055808e-02,59,60,2.4444805093474043e-03,mixing_ratio:18.4_m:g_kg-1
18,7,1.5500000119209290e+00,1.6086799276672670e-01,19,20,4.2605485777070205e-03,wave_height:0_m:m
19,12,-6.3938591629266739e-02,1.3952606635071094e-01,21,22,3.6139933963748073e-03,bulk_richardson:18.4_m:none
20,3,1.0109500122070312e+03,1.8942917547568705e-01,25,26,3.7005198253246899e-03,pressure:18.4_m:hPa
21,4,9.1952061653137207e-01,1.9519553072625700e-01,45,46,3.2473081364501541e-03,mixing_ratio:18.4_m:g_kg-1
22,10,1.3046480178833008e+01,1.1757709251101324e-01,53,54,2.0549224708416615e-03,wind_speed:18.4_m:m_s-1
23,10,9.6823425292968750e+00,1.3554707379134893e-02,35,36,4.8815285951997049e-04,wind_speed:18.4_m:m_s-1
24,12,-3.0300892889499664e-02,-6.3875088715388111e-06,63,64,2.0924765259930757e-04,bulk_richardson:18.4_m:none
25,12,-1.1826371774077415e-02,1.6037453183520611e-01,49,50,3.2777623476273124e-03,bulk_richardson:18.4_m:none
26,10,1.3242632865905762e+01,2.2708737864077674e-01,105,106,1.7361768309925793e-03,wind_speed:18.4_m:m_s-1
27,2,2.7950500488281250e+02,1.6328489880643560e-02,29,30,5.5016817120163227e-04,water_sfc_temperature:0_m:K
28,12,-4.7225060407072306e-03,5.0182232346241459e-02,55,56,1.3229736250849984e-03,bulk_richardson:18.4_m:none
29,12,-1.4850664883852005e-02,9.5981001096090354e-03,87,88,3.3889583855336458e-04,bulk_richardson:18.4_m:none
30,4,3.2357209920883179e+00,3.2820053715308870e-02,51,52,6.8488525586104078e-04,mixing_ratio:18.4_m:g_kg-1
31,4,8.7115082144737244e-01,6.6860622462787497e-02,41,42,1.6199142680834461e-03,mixing_ratio:18.4_m:g_kg-1
32,10,7.3018591403961182e+00,1.0039548022598856e-01,33,34,1.7413690191196689e-03,wind_speed:18.4_m:m_s-1
33,11,3.2358999633789062e+02,7.9130434782608644e-02,107,108,9.5087429111536878e-04,wind_direction:18.4_m:degrees
34,2,2.8059500122070312e+02,1.2341176470588233e-01,109,110,1.5777716262975663e-03,water_sfc_temperature:0_m:K
35,4,6.4007019996643066e+00,9.5696280356593645e-03,123,124,2.6892022110357031e-04,mixing_ratio:18.4_m:g_kg-1
36,7,1.1500000357627869e+00,3.2703101920236288e-02,91,92,1.0986016595066032e-03,wave_height:0_m:m
37,10,9.0124440193176270e+00,-1.4077795188496875e-02,39,40,4.3598473046923799e-04,wind_speed:18.4_m:m_s-1
38,10,1.3168241977691650e+01,-4.6672661870503533e-03,229,230,2.3626518749030447e-04,wind_speed:18.4_m:m_s-1
39,11,2.5922999572753906e+02,-8.2427808950322895e-03,195,196,1.7392052917642760e-04,wind_direction:18.4_m:degrees
40,12,6.3264337368309498e-03,-2.6115189158667569e-02,43,44,7.6147515607656103e-04,bulk_richardson:18.4_m:none
41,10,7.4613382816314697e+00,1.5862068965517240e-01,155,156,2.8601664684898970e-03,wind_speed:18.4_m:m_s-1
42,10,8.0470762252807617e+00,6.3112676056338024e-02,57,58,1.2112971632612666e-03,wind_speed:18.4_m:m_s-1
43,11,2.1829000091552734e+02,-1.8781400320684125e-02,117,118,4.7462404742444999e-04,wind_direction:18.4_m:degrees
44,11,2.1225500488281250e+02,-3.4326750448833036e-02,67,68,9.5500753695683610e-04,wind_direction:18.4_m:degrees
45,10,1.2109363555908203e+01,2.4258064516129027e-01,139,140,2.4578563995837979e-03,wind_speed:18.4_m:m_s-1
46,4,1.3388891816139221e+00,1.7008547008547020e-01,171,172,1.8452918401635973e-03,mixing_ratio:18.4_m:g_kg-1
47,10,1.3732540130615234e+01,9.0086206896551738e-02,265,266,6.5430291319856955e-04,wind_speed:18.4_m:m_s-1
48,12,-1.3762535527348518e-02,4.1081081081081050e-02,131,132,9.3329072315559533e-04,bulk_richardson:18.4_m:none
49,5,8.1549999237060547e+01,1.6667984189723317e-01,71,72,2.6862097517536161e-03,relative_humidity:18.4_m:%
50,-2,-2.0000000000000000e+00,4.6428571428571430e-02,-1,-1,2.6581632653051432e-04,wind_direction:18.4_m:degrees
51,3,9.9964999389648438e+02,4.3011695906432695e-02,81,82,6.0584196846893003e-04,pressure:18.4_m:hPa
52,5,6.7050003051757812e+01,1.6720554272517289e-02,147,148,3.8647387313387610e-04,relative_humidity:18.4_m:%
53,12,-2.9607997275888920e-02,1.0578313253012048e-01,75,76,1.3575192335607625e-03,bulk_richardson:18.4_m:none
54,12,-3.0599835328757763e-02,1.4967213114754097e-01,85,86,2.5441547970975337e-03,bulk_richardson:18.4_m:none
55,11,2.4807999420166016e+02,5.7235142118862992e-02,111,112,9.0424186580667382e-04,wind_direction:18.4_m:degrees
56,10,1.8598314285278320e+01,-2.3076923076923049e-03,257,258,1.3139053254437401e-03,wind_speed:18.4_m:m_s-1
57,5,5.4450000762939453e+01,5.0243309002433033e-02,133,134,8.5882157931813996e-04,relative_humidity:18.4_m:%
58,12,-5.4394435137510300e-02,8.0802675585284214e-02,83,84,1.1552085547141648e-03,bulk_richardson:18.4_m:none
59,10,1.4492059230804443e+01,1.0887755102040818e-01,103,104,2.1997605164514773e-03,wind_speed:18.4_m:m_s-1
60,0,1.1960494232177734e+02,4.8518518518518523e-02,317,318,7.4595336076818024e-04,zenith:0_m:degrees
61,10,4.7565939426422119e+00,2.1440536013400256e-02,177,178,4.5085617927718090e-04,wind_speed:18.4_m:m_s-1
62,12,-6.6407714039087296e-02,5.2534562211981578e-02,113,114,8.7053451973921874e-04,bulk_richardson:18.4_m:none
63,10,7.1912620067596436e+00,2.9881925522252510e-03,65,66,2.0405889782304629e-04,wind_speed:18.4_m:m_s-1
64,11,2.3060499572753906e+02,-3.6221212595958043e-03,189,190,1.9161155514308025e-04,wind_direction:18.4_m:degrees
65,10,5.4593956470489502e+00,1.4981273408239554e-03,233,234,1.2870304129825025e-04,wind_speed:18.4_m:m_s-1
66,4,4.6334433555603027e+00,2.4558232931726785e-02,97,98,7.9749560490955664e-04,mixing_ratio:18.4_m:g_kg-1
67,10,1.3185571670532227e+01,-4.3630952380952354e-02,69,70,9.5360189909296663e-04,wind_speed:18.4_m:m_s-1
68,3,9.7905001831054688e+02,-2.4921780986762874e-02,77,78,7.8046921271255915e-04,pressure:18.4_m:hPa
69,10,1.0190887928009033e+01,-3.6378066378066308e-02,211,212,5.2901723897394817e-04,wind_speed:18.4_m:m_s-1
70,7,3.8000000715255737e+00,-7.7823129251700637e-02,181,182,1.5381183766023220e-03,wave_height:0_m:m
71,2,2.8147000122070312e+02,1.5774774774774783e-01,73,74,2.1255579904228689e-03,water_sfc_temperature:0_m:K
72,1,1.1604381179809570e+02,2.3064516129032259e-01,183,184,2.0382934443287579e-03,azimuth:0_m:degrees
73,4,1.8761188983917236e+00,1.4827411167512691e-01,127,128,1.4731634414697596e-03,mixing_ratio:18.4_m:g_kg-1
74,5,5.2449998855590820e+01,2.3240000000000002e-01,529,530,9.8623999999970097e-04,relative_humidity:18.4_m:%
75,10,1.1688929557800293e+01,1.1347079037800691e-01,157,158,1.0144140952515826e-03,wind_speed:18.4_m:m_s-1
76,3,1.0066500244140625e+03,5.1219512195121955e-02,769,770,3.9607376561578370e-04,pressure:18.4_m:hPa
77,-2,-2.0000000000000000e+00,2.3000000000000001e-01,-1,-1,0.0000000000000000e+00,wind_direction:18.4_m:degrees
78,10,1.1050776958465576e+01,-2.5536791314837087e-02,159,160,6.2519436413136214e-04,wind_speed:18.4_m:m_s-1
79,10,1.2116855621337891e+01,8.8187403993855579e-02,115,116,1.2363458321240171e-03,wind_speed:18.4_m:m_s-1
80,1,2.0598703002929688e+02,5.9953051643192444e-02,135,136,1.1272278428001805e-03,azimuth:0_m:degrees
81,6,2.0250000000000000e+02,8.5245901639344229e-02,217,218,8.1182477828541273e-04,wave_direction:0_m:degrees
82,5,5.1549999237060547e+01,3.8876404494381935e-02,167,168,3.9392212382996570e-04,relative_humidity:18.4_m:%
83,4,1.1951851248741150e+00,9.3055555555555516e-02,221,222,8.2677469135803219e-04,mixing_ratio:18.4_m:g_kg-1
84,12,-3.2560681924223900e-02,4.8915662650602418e-02,351,352,6.0243867034404401e-04,bulk_richardson:18.4_m:none
85,6,2.4050000000000000e+02,1.8872340425531917e-01,333,334,1.3260298777727358e-03,wave_direction:0_m:degrees
86,5,4.2450000762939453e+01,1.2520000000000001e-01,145,146,1.7529600000000187e-03,relative_humidity:18.4_m:%
87,10,8.4308362007141113e+00,1.2820746132847999e-02,89,90,3.0769398270079145e-04,wind_speed:18.4_m:m_s-1
88,3,9.9735000610351562e+02,-3.5435992578849748e-03,751,752,2.5107926793587192e-04,pressure:18.4_m:hPa
89,4,2.5271782875061035e+00,8.5044150110374570e-03,203,204,1.4980516814564669e-04,mixing_ratio:18.4_m:g_kg-1
90,12,-3.9338937029242516e-02,3.3082901554404104e-02,149,150,5.5085841230637198e-04,bulk_richardson:18.4_m:none
91,12,-3.1595051288604736e-02,4.8698884758364300e-02,93,94,1.1734000359309590e-03,bulk_richardson:18.4_m:none
92,12,-1.5836189500987530e-02,2.2156862745098010e-02,95,96,7.6936755094193657e-04,bulk_richardson:18.4_m:none
93,5,5.7649999618530273e+01,7.6551724137931043e-02,251,252,7.0879904875148416e-04,relative_humidity:18.4_m:%
94,2,2.8680000305175781e+02,2.7581699346405239e-02,427,428,4.9153744286385898e-04,water_sfc_temperature:0_m:K
95,10,1.2027166843414307e+01,3.9946808510638268e-02,219,220,5.8882695789950514e-04,wind_speed:18.4_m:m_s-1
96,12,-8.5010072216391563e-03,6.9545454545454563e-03,305,306,4.2208884297520693e-04,bulk_richardson:18.4_m:none
97,2,2.8336000061035156e+02,6.1911764705882354e-02,141,142,1.2625216262975776e-03,water_sfc_temperature:0_m:K
98,7,1.4499999880790710e+00,1.8651162790697631e-02,205,206,4.6841319632233880e-04,wave_height:0_m:m
99,10,6.5275583267211914e+00,3.9369436201780468e-02,101,102,5.9967657327263026e-04,wind_speed:18.4_m:m_s-1
100,10,7.5551118850708008e+00,4.9494949494949493e-03,525,526,2.7146209570449390e-04,wind_speed:18.4_m:m_s-1
101,10,3.6032385826110840e+00,3.1388888888888800e-02,237,238,4.1687440645773489e-04,wind_speed:18.4_m:m_s-1
102,5,4.2149999618530273e+01,5.7499999999999968e-02,295,296,5.4156553398057149e-04,relative_humidity:18.4_m:%
103,5,4.6549999237060547e+01,8.8888888888888892e-02,151,152,1.1682098765432043e-03,relative_humidity:18.4_m:%
104,4,1.3124011158943176e+00,1.6423076923076924e-01,437,438,8.8594674556212796e-04,mixing_ratio:18.4_m:g_kg-1
105,10,1.2540475368499756e+01,1.9424242424242427e-01,347,348,1.0638200183654689e-03,wind_speed:18.4_m:m_s-1
106,4,1.6832524538040161e+00,2.4257142857142858e-01,267,268,1.3048163265306154e-03,mixing_ratio:18.4_m:g_kg-1
107,10,5.3137826919555664e+00,6.0602409638554212e-02,483,484,4.1891421106111243e-04,wind_speed:18.4_m:m_s-1
108,10,4.8089125156402588e+00,9.4356435643564371e-02,169,170,8.7409077541420258e-04,wind_speed:18.4_m:m_s-1
109,4,1.3829092383384705e+00,1.4354609929078013e-01,121,122,1.5675670237915579e-03,mixing_ratio:18.4_m:g_kg-1
110,4,1.2518528103828430e+00,1.0914572864321606e-01,129,130,1.0942450948208376e-03,mixing_ratio:18.4_m:g_kg-1
111,12,-1.8976743333041668e-02,1.2954545454545456e-02,485,486,5.1627066115702473e-04,bulk_richardson:18.4_m:none
112,3,1.0027500000000000e+03,6.2915451895043675e-02,185,186,6.7021734141387360e-04,pressure:18.4_m:hPa
113,12,-1.0168355703353882e-01,7.9999999999999988e-02,385,386,6.1315789473684497e-04,bulk_richardson:18.4_m:none
114,3,1.0262000122070312e+03,3.7730496453900690e-02,319,320,3.8350183592374631e-04,pressure:18.4_m:hPa
115,12,-4.1006686165928841e-02,7.8368983957219196e-02,143,144,9.6231304870029143e-04,bulk_richardson:18.4_m:none
116,11,2.6814500427246094e+02,1.0144404332129958e-01,161,162,1.3004418146984817e-03,wind_direction:18.4_m:degrees
117,10,1.1949135780334473e+01,-2.5080971659918950e-02,137,138,3.5556024520972741e-04,wind_speed:18.4_m:m_s-1
118,10,1.4796086788177490e+01,-1.1732729331823257e-02,119,120,5.1375869096522255e-04,wind_speed:18.4_m:m_s-1
119,4,9.3600001335144043e+00,-1.3957091775923667e-02,399,400,3.9006252122042342e-04,mixing_ratio:18.4_m:g_kg-1
120,12,-9.0867691324092448e-04,3.0681818181818185e-02,187,188,9.7908057851237127e-04,bulk_richardson:18.4_m:none
121,5,3.7399999618530273e+01,1.6378048780487806e-01,255,256,1.2381469363474257e-03,relative_humidity:18.4_m:%
122,1,2.3937611389160156e+02,1.1542372881355931e-01,323,324,6.6549841999423431e-04,azimuth:0_m:degrees
123,2,2.8542500305175781e+02,1.4366448542534159e-02,125,126,3.1395018899333830e-04,water_sfc_temperature:0_m:K
124,1,2.6941395568847656e+02,4.4402035623409475e-03,499,500,1.6985202235041550e-04,azimuth:0_m:degrees
125,4,4.6847858428955078e+00,4.9920508744038103e-03,639,640,1.4646257592110040e-04,mixing_ratio:18.4_m:g_kg-1
126,4,5.3662662506103516e+00,1.9971482889733751e-02,207,208,3.3013226662233111e-04,mixing_ratio:18.4_m:g_kg-1
127,4,1.0819367170333862e+00,1.5921052631578958e-01,225,226,1.0756925207756028e-03,mixing_ratio:18.4_m:g_kg-1
128,3,1.0055999755859375e+03,1.1133333333333333e-01,281,282,1.0471111111111323e-03,pressure:18.4_m:hPa
129,0,1.5424580383300781e+02,1.5566666666666665e-01,1531,1532,4.4455555555556261e-04,zenith:0_m:degrees
130,5,4.5850000381469727e+01,1.0088757396449706e-01,223,224,7.5720037813802564e-04,relative_humidity:18.4_m:%
131,12,-2.2116245701909065e-02,7.2500000000000023e-02,271,272,8.6541666666666364e-04,bulk_richardson:18.4_m:none
132,10,1.3450085163116455e+01,3.3093220338983022e-02,231,232,6.3577097098535345e-04,wind_speed:18.4_m:m_s-1
133,12,-4.3075269088149071e-02,3.8347826086956485e-02,249,250,5.0596597353497652e-04,bulk_richardson:18.4_m:none
134,7,7.5000000000000000e-01,6.5359116022099442e-02,197,198,8.9890418485393756e-04,wave_height:0_m:m
135,8,5.8499999046325684e+00,7.5564516129032255e-02,227,228,9.7145551508844713e-04,wave_period:0_m:s
136,12,-5.8416569605469704e-02,3.8202247191011243e-02,335,336,5.3159954551194335e-04,bulk_richardson:18.4_m:none
137,3,1.0151499938964844e+03,-2.0825921219822005e-02,641,642,2.6678926455796649e-04,pressure:18.4_m:hPa
138,12,-8.0858502769842744e-04,-4.1741293532338283e-02,503,504,3.5467933962030399e-04,bulk_richardson:18.4_m:none
139,5,4.2000000000000000e+01,2.1281250000000004e-01,275,276,1.4827148437500451e-03,relative_humidity:18.4_m:%
140,5,4.5550001144409180e+01,2.7433333333333337e-01,417,418,1.5445555555555351e-03,relative_humidity:18.4_m:%
141,3,1.0173500061035156e+03,2.7142857142857153e-02,1427,1428,2.7040816326530577e-04,pressure:18.4_m:hPa
142,5,8.3000000000000000e+01,8.6250000000000007e-02,391,392,5.1843750000000067e-04,relative_humidity:18.4_m:%
143,10,1.0872192382812500e+01,8.5086505190311343e-02,153,154,9.1288179020846110e-04,wind_speed:18.4_m:m_s-1
144,12,-2.2808298468589783e-02,5.5529411764705862e-02,441,442,4.5530795847751812e-04,bulk_richardson:18.4_m:none
145,4,1.3732494115829468e+00,9.3750000000000000e-02,245,246,1.2359375000000009e-03,mixing_ratio:18.4_m:g_kg-1
146,7,1.3499999642372131e+00,1.4860465116279070e-01,373,374,8.5386695511087060e-04,wave_height:0_m:m
147,12,-1.0036313906311989e-02,9.3399339933993384e-03,259,260,2.2662701913755832e-04,bulk_richardson:18.4_m:none
148,10,9.6211833953857422e+00,3.3923076923076917e-02,337,338,3.3614792899408258e-04,wind_speed:18.4_m:m_s-1
149,3,1.0029000244140625e+03,6.0169491525423752e-02,201,202,8.4912381499568880e-04,pressure:18.4_m:hPa
150,3,1.0175000000000000e+03,2.8195718654434220e-02,543,544,3.4078126607375370e-04,pressure:18.4_m:hPa
151,1,1.7810423278808594e+02,6.0000000000000012e-02,701,702,4.1818181818181798e-04,azimuth:0_m:degrees
152,10,1.2026150703430176e+01,1.1333333333333333e-01,587,588,4.9914529914529999e-04,wind_speed:18.4_m:m_s-1
153,12,-8.7228730320930481e-02,8.0118577075098826e-02,215,216,7.3318752050493055e-04,bulk_richardson:18.4_m:none
154,11,2.9242999267578125e+02,1.2000000000000004e-01,469,470,7.8333333333341880e-04,wind_direction:18.4_m:degrees
155,5,4.2749999046325684e+01,9.6666666666666665e-02,825,826,9.5555555555555671e-04,relative_humidity:18.4_m:%
156,11,3.1278999328613281e+02,1.8650000000000000e-01,517,518,1.2127500000000124e-03,wind_direction:18.4_m:degrees
157,12,-4.9956999719142914e-02,1.0134615384615382e-01,173,174,8.8729043392505105e-04,bulk_richardson:18.4_m:none
158,12,-4.7714255750179291e-02,1.2748148148148150e-01,213,214,7.9513854595333541e-04,bulk_richardson:18.4_m:none
159,2,2.9381500244140625e+02,-2.0705882352941067e-02,243,244,5.3193870489372523e-04,water_sfc_temperature:0_m:K
160,6,1.8350000000000000e+02,-3.7820512820512797e-02,355,356,6.5208744247205550e-04,wave_direction:0_m:degrees
161,10,1.9128419876098633e+01,7.5438596491228083e-02,465,466,3.8971991381963559e-04,wind_speed:18.4_m:m_s-1
162,0,1.4429575347900391e+02,1.0818181818181816e-01,163,164,1.3157851239669598e-03,zenith:0_m:degrees
163,2,2.8505499267578125e+02,1.0022471910112360e-01,165,166,9.9433152379750471e-04,water_sfc_temperature:0_m:K
164,5,4.4000000000000000e+01,1.4190476190476189e-01,303,304,1.2725623582766458e-03,relative_humidity:18.4_m:%
165,8,6.9000000953674316e+00,8.2790697674418573e-02,273,274,7.6430502974581763e-04,wave_period:0_m:s
166,5,4.8899999618530273e+01,1.1652173913043473e-01,363,364,6.5964083175801616e-04,relative_humidity:18.4_m:%
167,5,3.9549999237060547e+01,2.0089285714285719e-02,339,340,3.3659917091836717e-04,relative_humidity:18.4_m:%
168,10,6.0122594833374023e+00,4.2994129158512633e-02,253,254,3.1217021993636043e-04,wind_speed:18.4_m:m_s-1
169,5,3.9000000000000000e+01,7.2424242424242433e-02,739,740,4.6685032139577413e-04,relative_humidity:18.4_m:%
170,5,5.2850000381469727e+01,1.0500000000000000e-01,443,444,7.2499999999999822e-04,relative_humidity:18.4_m:%
171,9,8.9870422363281250e+01,1.8032608695652177e-01,175,176,1.3509806238184777e-03,angle_between_wind_wave:0_m:degrees
172,8,5.0999999046325684e+00,1.3239999999999999e-01,263,264,1.8582399999999624e-03,wave_period:0_m:s
173,12,-5.8420054614543915e-02,1.1538461538461540e-01,379,380,6.6221470836856991e-04,bulk_richardson:18.4_m:none
174,3,1.0105499877929688e+03,8.1692307692307661e-02,361,362,5.4021301775146989e-04,pressure:18.4_m:hPa
175,10,1.2575741767883301e+01,1.6828571428571432e-01,405,406,9.8848979591836111e-04,wind_speed:18.4_m:m_s-1
176,0,1.2219725418090820e+02,2.1863636363636366e-01,779,780,5.7541322314046128e-04,zenith:0_m:degrees
177,2,2.7183000183105469e+02,1.1739130434782608e-02,479,480,2.1357621584464689e-04,water_sfc_temperature:0_m:K
178,12,-6.3791230320930481e-02,2.8575581395348795e-02,179,180,5.0523847349919675e-04,bulk_richardson:18.4_m:none
179,12,-1.3773752003908157e-01,3.4321428571428482e-02,301,302,4.1882525510204501e-04,bulk_richardson:18.4_m:none
180,-2,-2.0000000000000000e+00,3.4375000000000009e-03,-1,-1,1.0693359374999195e-04,wind_direction:18.4_m:degrees
181,10,1.7176235198974609e+01,-7.4718309859154911e-02,475,476,1.2404136084110395e-03,wind_speed:18.4_m:m_s-1
182,12,1.0812746360898018e-02,-1.6599999999999998e-01,827,828,1.9439999999999666e-03,bulk_richardson:18.4_m:none
183,2,2.7550999450683594e+02,2.5894736842105265e-01,889,890,7.0415512465377139e-04,water_sfc_temperature:0_m:K
184,11,2.8969000244140625e+02,1.8583333333333332e-01,775,776,8.7430555555552403e-04,wind_direction:18.4_m:degrees
185,4,3.0798001289367676e+00,6.9360000000000005e-02,277,278,5.0999040000001931e-04,mixing_ratio:18.4_m:g_kg-1
186,12,-1.4355102088302374e-02,4.5591397849462340e-02,199,200,6.8916637761589619e-04,bulk_richardson:18.4_m:none
187,-2,-2.0000000000000000e+00,5.7499999999999989e-02,-1,-1,1.4375000000000108e-04,wind_direction:18.4_m:degrees
188,-2,-2.0000000000000000e+00,-1.5000000000000000e-03,-1,-1,8.2750000000000426e-05,wind_direction:18.4_m:degrees
189,12,-9.1720302589237690e-03,-5.6506758547574852e-03,193,194,1.8556257375472088e-04,bulk_richardson:18.4_m:none
190,10,9.7589483261108398e+00,-6.8965517241378394e-04,191,192,1.8580790064737229e-04,wind_speed:18.4_m:m_s-1
191,3,9.9400000000000000e+02,-2.3359799414960202e-03,341,342,1.3858832934685985e-04,pressure:18.4_m:hPa
192,3,1.0096499938964844e+03,1.7465437788018422e-02,397,398,3.4703221559175343e-04,pressure:18.4_m:hPa
193,10,1.0226580619812012e+01,-3.2512700273544144e-03,309,310,1.5332138857851072e-04,wind_speed:18.4_m:m_s-1
194,10,7.9910831451416016e+00,-1.0708401976935688e-02,327,328,2.1580788657316952e-04,wind_speed:18.4_m:m_s-1
195,8,5.0499999523162842e+00,-9.4211715626630350e-03,287,288,1.8355162546560314e-04,wave_period:0_m:s
196,10,6.4142794609069824e+00,-3.8803088803088578e-03,747,748,1.1409378214396763e-04,wind_speed:18.4_m:m_s-1
197,8,7.2999999523162842e+00,5.6279069767441826e-02,325,326,5.2103839913466600e-04,wave_period:0_m:s
198,12,-1.0238128900527954e-01,8.7884615384615394e-02,241,242,1.1243713017751577e-03,bulk_richardson:18.4_m:none
199,-2,-2.0000000000000000e+00,6.2407407407407411e-02,-1,-1,1.9605624142661178e-04,wind_direction:18.4_m:degrees
200,10,1.2486241340637207e+01,2.2307692307692310e-02,881,882,4.3826429980276362e-04,wind_speed:18.4_m:m_s-1
201,3,9.9985000610351562e+02,1.2250000000000000e-01,1207,1208,7.6875000000000207e-04,pressure:18.4_m:hPa
202,2,2.7583999633789062e+02,5.0392156862745119e-02,1615,1616,1.5670895809303999e-04,water_sfc_temperature:0_m:K
203,3,1.0063000183105469e+03,1.5486381322957134e-02,447,448,2.6172841375342727e-04,pressure:18.4_m:hPa
204,2,2.7757499694824219e+02,5.7395993836671481e-03,593,594,7.8536197682341858e-05,water_sfc_temperature:0_m:K
205,9,8.6641872406005859e+01,1.5658914728682138e-02,423,424,3.9872603809867321e-04,angle_between_wind_wave:0_m:degrees
206,2,2.8575500488281250e+02,4.5581395348837220e-02,685,686,2.8977825851812496e-04,water_sfc_temperature:0_m:K
207,10,9.0682225227355957e+00,2.5409836065573659e-02,209,210,3.2865717101138484e-04,wind_speed:18.4_m:m_s-1
208,2,2.8896499633789062e+02,1.4035785288270340e-02,283,284,2.6422933571532766e-04,water_sfc_temperature:0_m:K
209,12,-3.2818807289004326e-02,2.2782258064516052e-02,809,810,2.6040420135276302e-04,bulk_richardson:18.4_m:none
210,9,9.0463130950927734e+01,4.9999999999999996e-02,1353,1354,2.9811320754718779e-04,angle_between_wind_wave:0_m:degrees
211,7,9.4999998807907104e-01,-2.7537878787878754e-02,459,460,7.9204401974288657e-04,wave_height:0_m:m
212,2,2.8228001403808594e+02,-4.1818181818181747e-02,321,322,2.8946810764992844e-04,water_sfc_temperature:0_m:K
213,11,2.9622499084472656e+02,1.4730769230769231e-01,387,388,7.8890532544378597e-04,wind_direction:18.4_m:degrees
214,4,1.6806854009628296e+00,1.1506024096385545e-01,667,668,3.9849034692986812e-04,mixing_ratio:18.4_m:g_kg-1
215,6,2.1750000000000000e+02,1.0320000000000000e-01,653,654,4.1376000000000260e-04,wave_direction:0_m:degrees
216,10,9.0288314819335938e+00,7.4433497536945822e-02,381,382,6.4832439515638898e-04,wind_speed:18.4_m:m_s-1
217,12,-6.2292780727148056e-02,1.0666666666666666e-01,1117,1118,3.7979797979797482e-04,bulk_richardson:18.4_m:none
218,-2,-2.0000000000000000e+00,6.0000000000000012e-02,-1,-1,1.4285714285715160e-04,wind_direction:18.4_m:degrees
219,2,2.8720001220703125e+02,3.3974358974358951e-02,401,402,3.8805062458908751e-04,water_sfc_temperature:0_m:K
220,0,6.4959300994873047e+01,6.9062500000000027e-02,519,520,5.4599609375001554e-04,zenith:0_m:degrees
221,5,5.0549999237060547e+01,1.1583333333333336e-01,527,528,5.4513888888888147e-04,relative_humidity:18.4_m:%
222,0,6.2800718307495117e+01,8.6547619047619026e-02,359,360,7.1665249433107339e-04,zenith:0_m:degrees
223,7,1.1500000357627869e+00,8.6202531645569611e-02,551,552,6.2102227207178583e-04,wave_height:0_m:m
224,4,1.6477277874946594e+00,1.1377777777777776e-01,535,536,5.2128395061726632e-04,mixing_ratio:18.4_m:g_kg-1
225,10,1.6991034507751465e+01,1.9347826086956524e-01,523,524,9.5311909262758149e-04,wind_speed:18.4_m:m_s-1
226,11,2.8834999084472656e+02,1.5310077519379850e-01,247,248,8.5085030947655918e-04,wind_direction:18.4_m:degrees
227,12,-6.9513309746980667e-02,6.0307692307692319e-02,431,432,5.4144378698224322e-04,bulk_richardson:18.4_m:none
228,2,2.8346000671386719e+02,9.2372881355932218e-02,285,286,9.0623384085034182e-04,water_sfc_temperature:0_m:K
229,10,4.5463500022888184e+00,-4.7233468286099738e-03,261,262,2.2865715623013425e-04,wind_speed:18.4_m:m_s-1
230,4,8.2823452949523926e+00,1.2000000000000000e-01,1679,1680,1.5999999999993138e-03,mixing_ratio:18.4_m:g_kg-1
231,2,2.7967999267578125e+02,1.4696969696969700e-02,537,538,7.1581726354453634e-04,water_sfc_temperature:0_m:K
232,2,2.8423001098632812e+02,4.0235294117647043e-02,279,280,4.2229757785467500e-04,water_sfc_temperature:0_m:K
233,12,-6.8608991801738739e-02,3.8129496402877197e-04,313,314,1.0302008177630449e-04,bulk_richardson:18.4_m:none
234,12,-5.8258697390556335e-02,5.2637962401455279e-03,235,236,1.9691343155580843e-04,bulk_richardson:18.4_m:none
235,12,-1.0418569669127464e-01,1.5143442622950781e-02,307,308,2.3727450618113541e-04,bulk_richardson:18.4_m:none
236,2,2.8999000549316406e+02,1.1111111111111118e-03,415,416,1.2167671547516509e-04,water_sfc_temperature:0_m:K
237,12,-2.7704188227653503e-01,2.2527472527472510e-02,299,300,2.6064484965583970e-04,bulk_richardson:18.4_m:none
238,4,2.3978824615478516e+00,3.5037707390648494e-02,239,240,4.3555664753429477e-04,mixing_ratio:18.4_m:g_kg-1
239,5,4.8149999618530273e+01,6.1648351648351640e-02,411,412,4.5552469508513540e-04,relative_humidity:18.4_m:%
240,12,-1.1331014707684517e-01,3.0804195804195689e-02,331,332,3.0180082155607118e-04,bulk_richardson:18.4_m:none
241,3,1.0166499938964844e+03,9.5744680851063829e-02,569,570,5.9891353553643764e-04,pressure:18.4_m:hPa
242,-2,-2.0000000000000000e+00,1.4000000000000002e-02,-1,-1,2.4000000000023568e-05,wind_direction:18.4_m:degrees
243,11,2.6739999389648438e+02,-2.0050847457627013e-02,369,370,4.3881097385809365e-04,wind_direction:18.4_m:degrees
244,4,1.7032533645629883e+01,-9.8000000000000004e-02,269,270,5.4959999999997632e-03,mixing_ratio:18.4_m:g_kg-1
245,-2,-2.0000000000000000e+00,1.3076923076923078e-01,-1,-1,1.7633136094674304e-04,wind_direction:18.4_m:degrees
246,-2,-2.0000000000000000e+00,6.8421052631578952e-02,-1,-1,3.8171745152354875e-04,wind_direction:18.4_m:degrees
247,10,1.5150664806365967e+01,1.2612903225806452e-01,943,944,4.4953173777315808e-04,wind_speed:18.4_m:m_s-1
248,2,2.7629499816894531e+02,1.6163265306122451e-01,611,612,6.7488546438982180e-04,water_sfc_temperature:0_m:K
249,8,6.8500001430511475e+00,4.1448598130841112e-02,329,330,4.0210717093196418e-04,wave_period:0_m:s
250,-2,-2.0000000000000000e+00,-3.1249999999999997e-03,-1,-1,4.6484374999973407e-05,wind_direction:18.4_m:degrees
251,10,1.0215017318725586e+01,4.3636363636363633e-02,1237,1238,2.8677685950413267e-04,wind_speed:18.4_m:m_s-1
252,4,5.1449024677276611e+00,8.4255319148936178e-02,311,312,4.9465821638750365e-04,mixing_ratio:18.4_m:g_kg-1
253,5,5.8149999618530273e+01,3.1493506493506476e-02,1041,1042,1.4257463315905028e-04,relative_humidity:18.4_m:%
254,4,2.7626119852066040e+00,4.7955182072829068e-02,393,394,3.0366185689963392e-04,mixing_ratio:18.4_m:g_kg-1
255,-2,-2.0000000000000000e+00,1.2399999999999999e-01,-1,-1,2.2400000000000371e-04,wind_direction:18.4_m:degrees
256,1,1.4913836777210236e+01,1.7268656716417907e-01,505,506,1.0315883270216181e-03,azimuth:0_m:degrees
257,12,2.0460132509469986e-03,-6.9999999999999993e-03,367,368,7.8499999999999989e-04,bulk_richardson:18.4_m:none
258,-2,-2.0000000000000000e+00,1.1500000000000000e-01,-1,-1,2.2500000000000644e-04,wind_direction:18.4_m:degrees
259,5,6.1049999237060547e+01,1.3030303030303021e-02,1227,1228,1.3627180899908236e-04,relative_humidity:18.4_m:%
260,5,3.5500000000000000e+01,-1.5641025641025645e-02,1969,1970,1.2202498356344541e-04,relative_humidity:18.4_m:%
261,5,9.8149997711181641e+01,-2.2181146025877932e-03,1239,1240,1.6356425596468442e-04,relative_humidity:18.4_m:%
262,10,1.1658782482147217e+01,-7.0990359333916930e-03,419,420,2.7878861432035129e-04,wind_speed:18.4_m:m_s-1
263,12,-8.3496674895286560e-02,1.6909090909090907e-01,929,930,1.2264462809917151e-03,bulk_richardson:18.4_m:none
264,9,8.9199562072753906e+01,1.0357142857142858e-01,1131,1132,4.6581632653061936e-04,angle_between_wind_wave:0_m:degrees
265,-2,-2.0000000000000000e+00,3.5000000000000003e-02,-1,-1,2.7499999999999985e-04,wind_direction:18.4_m:degrees
266,3,9.9114999389648438e+02,9.4166666666666649e-02,539,540,4.4097222222221934e-04,pressure:18.4_m:hPa
267,7,2.0499999523162842e+00,2.4518518518518514e-01,375,376,1.1568175582990434e-03,wave_height:0_m:m
268,-2,-2.0000000000000000e+00,1.7200000000000001e-01,-1,-1,1.3600000000005621e-04,wind_direction:18.4_m:degrees
269,-2,-2.0000000000000000e+00,-1.5666666666666668e-01,-1,-1,5.5555555555556260e-04,wind_direction:18.4_m:degrees
270,-2,-2.0000000000000000e+00,-1.0000000000000000e-02,-1,-1,2.6834003769016235e-18,wind_direction:18.4_m:degrees
271,-2,-2.0000000000000000e+00,1.1153846153846153e-01,-1,-1,8.9940828402367695e-05,wind_direction:18.4_m:degrees
272,11,1.8211000061035156e+02,6.1702127659574488e-02,603,604,5.4178361249433921e-04,wind_direction:18.4_m:degrees
273,6,2.2100000000000000e+02,7.2812499999999988e-02,509,510,4.3271484375000547e-04,wave_direction:0_m:degrees
274,2,2.8227499389648438e+02,1.1181818181818182e-01,853,854,5.9669421487604929e-04,water_sfc_temperature:0_m:K
275,6,2.2950000000000000e+02,1.8142857142857144e-01,1197,1198,9.2653061224490241e-04,wave_direction:0_m:degrees
276,6,2.2850000000000000e+02,2.3722222222222220e-01,1157,1158,5.5339506172834979e-04,wave_direction:0_m:degrees
277,12,-3.6304736509919167e-02,7.4816753926701618e-02,343,344,4.3124914338970623e-04,bulk_richardson:18.4_m:none
278,3,9.9195001220703125e+02,5.1694915254237299e-02,807,808,3.5644929617927078e-04,pressure:18.4_m:hPa
279,12,-7.6940860599279404e-03,2.1063829787234041e-02,1201,1202,1.7546401086464459e-04,bulk_richardson:18.4_m:none
280,1,2.9477299499511719e+02,4.7560975609756091e-02,755,756,3.2250644457664478e-04,azimuth:0_m:degrees
281,9,8.7304233551025391e+01,1.2441176470588236e-01,581,582,6.2465397923875191e-04,angle_between_wind_wave:0_m:degrees
282,-2,-2.0000000000000000e+00,7.0909090909090908e-02,-1,-1,1.9008264462812806e-04,wind_direction:18.4_m:degrees
283,9,8.8610233306884766e+01,8.9783281733746053e-03,777,778,2.4199024240623439e-04,angle_between_wind_wave:0_m:degrees
284,3,1.0072500000000000e+03,2.3111111111111103e-02,871,872,1.7587654320988121e-04,pressure:18.4_m:hPa
285,3,1.0113999938964844e+03,5.8666666666666673e-02,493,494,1.1715555555555546e-03,pressure:18.4_m:hPa
286,1,1.8090760040283203e+02,1.0386363636363637e-01,1095,1096,2.9643595041321975e-04,azimuth:0_m:degrees
287,10,7.7404553890228271e+00,-1.0979786636720982e-02,289,290,1.9979801926946241e-04,wind_speed:18.4_m:m_s-1
288,10,7.5686259269714355e+00,-6.8872660885439781e-03,345,346,1.4676912584383708e-04,wind_speed:18.4_m:m_s-1
289,10,5.8336908817291260e+00,-8.2862113962591990e-03,511,512,1.4608424223630230e-04,wind_speed:18.4_m:m_s-1
290,3,1.0268000488281250e+03,-1.5882818685668952e-02,291,292,2.6032514423235246e-04,pressure:18.4_m:hPa
291,5,9.1149997711181641e+01,-1.6082474226804030e-02,675,676,2.1272594978621336e-04,relative_humidity:18.4_m:%
292,1,2.0998635864257812e+02,1.1000000000000000e-01,293,294,1.4399999999999094e-02,azimuth:0_m:degrees
293,-2,-2.0000000000000000e+00,-1.0000000000000000e-02,-1,-1,0.0000000000000000e+00,wind_direction:18.4_m:degrees
294,-2,-2.0000000000000000e+00,2.3000000000000001e-01,-1,-1,0.0000000000000000e+00,wind_direction:18.4_m:degrees
295,5,3.7299999237060547e+01,3.6046511627906987e-02,875,876,2.9367225527311995e-04,relative_humidity:18.4_m:%
296,12,-9.4790816307067871e-02,5.9999999999999963e-02,297,298,5.1056910569105551e-04,bulk_richardson:18.4_m:none
297,10,7.4316008090972900e+00,6.5880149812734060e-02,395,396,4.5568601046444990e-04,wind_speed:18.4_m:m_s-1
298,10,8.0555634498596191e+00,4.4607843137254889e-02,637,638,3.2680699730871631e-04,wind_speed:18.4_m:m_s-1
299,8,9.5000000000000000e+00,2.6127659574468054e-02,601,602,2.0755817111815431e-04,wave_period:0_m:s
300,-2,-2.0000000000000000e+00,2.6315789473684210e-04,-1,-1,1.3088642659280524e-05,wind_direction:18.4_m:degrees
301,6,2.2150000000000000e+02,4.4227642276422743e-02,365,366,5.3009452045740379e-04,wave_direction:0_m:degrees
302,0,6.0894353866577148e+01,2.6560509554140098e-02,1149,1150,1.9453933222444151e-04,zenith:0_m:degrees
303,-2,-2.0000000000000000e+00,1.0199999999999998e-01,-1,-1,2.5600000000000275e-04,wind_direction:18.4_m:degrees
304,3,1.0070000000000000e+03,1.5437500000000001e-01,389,390,9.3710937499999480e-04,pressure:18.4_m:hPa
305,8,4.4500000476837158e+00,1.2034883720930237e-02,403,404,3.0109180638182787e-04,wave_period:0_m:s
306,0,5.6876873016357422e+01,-1.1250000000000001e-02,703,704,4.3177083333333452e-04,zenith:0_m:degrees
307,10,6.9655988216400146e+00,3.1746031746031758e-02,939,940,2.3345930964978486e-04,wind_speed:18.4_m:m_s-1
308,3,1.0066499938964844e+03,1.2682352941176438e-02,549,550,1.9092262975778682e-04,pressure:18.4_m:hPa
309,4,1.2259412765502930e+01,-3.8543371522094670e-03,481,482,1.3956307038714616e-04,mixing_ratio:18.4_m:g_kg-1
310,3,1.0145000000000000e+03,9.5652173913043509e-03,617,618,2.7372400756143865e-04,pressure:18.4_m:hPa
311,2,2.8721499633789062e+02,9.2222222222222205e-02,1193,1194,2.7839506172839569e-04,water_sfc_temperature:0_m:K
312,6,2.1750000000000000e+02,5.8181818181818196e-02,989,990,3.1487603305783594e-04,wave_direction:0_m:degrees
313,10,4.6203410625457764e+00,1.7124218537645994e-03,315,316,1.0013909821181890e-04,wind_speed:18.4_m:m_s-1
314,7,1.6500000357627869e+00,-2.2222222222222192e-03,455,456,9.8411010691709999e-05,wave_height:0_m:m
315,10,1.5824113786220551e-01,8.2107843137254840e-04,605,606,7.9166516484044329e-05,wind_speed:18.4_m:m_s-1
316,4,7.1236267089843750e+00,8.7228915662650539e-03,589,590,2.0969429525330213e-04,mixing_ratio:18.4_m:g_kg-1
317,10,1.8244316101074219e+01,5.7213114754098369e-02,725,726,6.0042999193765005e-04,wind_speed:18.4_m:m_s-1
318,12,-1.9075033254921436e-02,2.1999999999999999e-02,1891,1892,2.5600000000000427e-04,bulk_richardson:18.4_m:none
319,10,1.0281675815582275e+01,4.0148148148148141e-02,949,950,2.6220027434842546e-04,wind_speed:18.4_m:m_s-1
320,-2,-2.0000000000000000e+00,-1.6666666666666666e-02,-1,-1,2.2222222222214607e-05,wind_direction:18.4_m:degrees
321,10,1.1598834991455078e+01,-5.3148148148148153e-02,743,744,3.1601508916323734e-04,wind_speed:18.4_m:m_s-1
322,11,1.9084499359130859e+02,-3.8006230529594967e-02,793,794,2.2281616055745668e-04,wind_direction:18.4_m:degrees
323,5,6.3850000381469727e+01,1.4105263157894735e-01,1837,1838,4.9362880886427707e-04,relative_humidity:18.4_m:%
324,11,3.0107499694824219e+02,1.0325000000000002e-01,733,734,2.8693750000000247e-04,wind_direction:18.4_m:degrees
325,8,5.2000000476837158e+00,6.0434782608695635e-02,661,662,3.9372400756144000e-04,wave_period:0_m:s
326,10,4.4941453933715820e+00,2.2142857142857148e-02,1909,1910,2.5969387755101728e-04,wind_speed:18.4_m:m_s-1
327,9,8.7574779510498047e+01,-6.6435986159169387e-03,1325,1326,1.4409789154823391e-04,angle_between_wind_wave:0_m:degrees
328,3,1.0231999816894531e+03,-1.4402515723270396e-02,563,564,2.5231596851390582e-04,pressure:18.4_m:hPa
329,4,1.4555943012237549e+00,4.8085106382978707e-02,607,608,3.3179417534329181e-04,mixing_ratio:18.4_m:g_kg-1
330,5,4.5950000762939453e+01,2.8630136986301381e-02,843,844,2.8853443422781724e-04,relative_humidity:18.4_m:%
331,10,6.1184744834899902e+00,3.3135245901639243e-02,353,354,2.9119482330019673e-04,wind_speed:18.4_m:m_s-1
332,10,5.0032470226287842e+00,1.7261904761904770e-02,931,932,1.4845521541950133e-04,wind_speed:18.4_m:m_s-1
333,2,2.8280999755859375e+02,2.0413793103448280e-01,413,414,1.4035671819262532e-03,water_sfc_temperature:0_m:K
334,-2,-2.0000000000000000e+00,1.6388888888888889e-01,-1,-1,2.0154320987653129e-04,wind_direction:18.4_m:degrees
335,-2,-2.0000000000000000e+00,9.6000000000000002e-02,-1,-1,6.3999999999999821e-05,wind_direction:18.4_m:degrees
336,3,1.0109000244140625e+03,3.4761904761904758e-02,757,758,3.4875283446712032e-04,pressure:18.4_m:hPa
337,0,6.6570583343505859e+01,2.9561403508771927e-02,1939,1940,1.6033394890735614e-04,zenith:0_m:degrees
338,5,7.3400001525878906e+01,6.5000000000000002e-02,1211,1212,4.8750000000000356e-04,relative_humidity:18.4_m:%
339,-2,-2.0000000000000000e+00,-1.0624999999999999e-02,-1,-1,6.8359375000000034e-05,wind_direction:18.4_m:degrees
340,8,6.5499999523162842e+00,2.5208333333333336e-02,1497,1498,1.9787326388888882e-04,wave_period:0_m:s
341,-2,-2.0000000000000000e+00,3.5833333333333335e-02,-1,-1,2.5763888888888885e-04,wind_direction:18.4_m:degrees
342,11,3.5333000183105469e+02,-2.5283494330113326e-03,409,410,1.3060870911939110e-04,wind_direction:18.4_m:degrees
343,-2,-2.0000000000000000e+00,1.4000000000000001e-01,-1,-1,0.0000000000000000e+00,wind_direction:18.4_m:degrees
344,5,8.1650001525878906e+01,7.3422459893048145e-02,763,764,3.4764505705052722e-04,relative_humidity:18.4_m:%
345,5,9.8450000762939453e+01,-5.4008191925102025e-03,849,850,1.1916351015396756e-04,relative_humidity:18.4_m:%
346,12,6.1136879958212376e-03,-1.2157676348547685e-02,885,886,2.0903737883301021e-04,bulk_richardson:18.4_m:none
347,0,1.1082932281494141e+02,1.8125000000000002e-01,349,350,1.0509374999999738e-03,zenith:0_m:degrees
348,7,1.8499999642372131e+00,2.1423076923076928e-01,839,840,4.2440828402371539e-04,wave_height:0_m:m
349,4,1.5576272606849670e+00,1.9000000000000006e-01,1039,1040,5.5294117647058244e-04,mixing_ratio:18.4_m:g_kg-1
350,9,8.8946815490722656e+01,1.3166666666666668e-01,1209,1210,9.8055555555553314e-04,angle_between_wind_wave:0_m:degrees
351,11,3.0938000488281250e+02,5.3918918918918916e-02,473,474,4.3464207450693735e-04,wind_direction:18.4_m:degrees
352,-2,-2.0000000000000000e+00,7.7777777777777767e-03,-1,-1,8.3950617283951934e-05,wind_direction:18.4_m:degrees
353,9,8.8731388092041016e+01,3.0229007633587674e-02,623,624,2.3684322980402047e-04,angle_between_wind_wave:0_m:degrees
354,5,4.3250000000000000e+01,4.5157894736842098e-02,959,960,3.3655401662049901e-04,relative_humidity:18.4_m:%
355,5,9.8050003051757812e+01,-1.3199999999999998e-02,357,358,2.1257599999999995e-03,relative_humidity:18.4_m:%
356,4,4.5105175971984863e+00,-4.0765550239234442e-02,635,636,3.9462924383599596e-04,mixing_ratio:18.4_m:g_kg-1
357,4,6.3828086853027344e+00,-2.5652173913043481e-02,1119,1120,3.7240075614366737e-04,mixing_ratio:18.4_m:g_kg-1
358,-2,-2.0000000000000000e+00,1.3000000000000000e-01,-1,-1,-1.0408340855860843e-17,wind_direction:18.4_m:degrees
359,12,-6.3100934028625488e-02,5.5625000000000001e-02,1853,1854,2.6210937500000019e-04,bulk_richardson:18.4_m:none
360,5,5.9649999618530273e+01,8.9802631578947342e-02,467,468,6.5325051939058715e-04,relative_humidity:18.4_m:%
361,0,1.5390876007080078e+02,9.5263157894736855e-02,1001,1002,3.7229916897507306e-04,zenith:0_m:degrees
362,-2,-2.0000000000000000e+00,6.2592592592592602e-02,-1,-1,1.5253772290810177e-04,wind_direction:18.4_m:degrees
363,1,1.5279014587402344e+02,1.0986486486486488e-01,697,698,5.1754930606283736e-04,azimuth:0_m:degrees
364,8,4.9000000953674316e+00,1.4388888888888887e-01,1545,1546,3.1265432098765214e-04,wave_period:0_m:s
365,2,2.7412500000000000e+02,5.9772727272727269e-02,721,722,6.1585743801653150e-04,water_sfc_temperature:0_m:K
366,10,6.1197907924652100e+00,3.5569620253164555e-02,495,496,2.7277679858997384e-04,wind_speed:18.4_m:m_s-1
367,2,2.7961500549316406e+02,3.7837837837837824e-03,599,600,4.2892622352081806e-04,water_sfc_temperature:0_m:K
368,8,7.5000000000000000e+00,-3.7692307692307692e-02,1279,1280,5.2544378698224825e-04,wave_period:0_m:s
369,10,9.0140638351440430e+00,-2.2929515418502112e-02,371,372,3.6036067069029800e-04,wind_speed:18.4_m:m_s-1
370,9,9.2294689178466797e+01,-1.0441176470588242e-02,439,440,5.8068771626298120e-04,angle_between_wind_wave:0_m:degrees
371,-2,-2.0000000000000000e+00,-1.6000000000000000e-01,-1,-1,0.0000000000000000e+00,wind_direction:18.4_m:degrees
372,12,1.9152106717228889e-02,-2.2626931567328815e-02,687,688,3.1958929676574274e-04,bulk_richardson:18.4_m:none
373,3,9.9850000000000000e+02,1.1545454545454546e-01,1083,1084,5.8842975206611567e-04,pressure:18.4_m:hPa
374,1,4.2464708328247070e+01,1.6000000000000003e-01,1341,1342,4.3749999999999345e-04,azimuth:0_m:degrees
375,1,2.6116598510742188e+02,2.3730337078651684e-01,377,378,1.1567731347052468e-03,azimuth:0_m:degrees
376,12,-4.2987758293747902e-02,2.6043478260869574e-01,913,914,8.0415879017013692e-04,bulk_richardson:18.4_m:none
377,10,1.5724386215209961e+01,2.4852459016393438e-01,435,436,9.6667562483204045e-04,wind_speed:18.4_m:m_s-1
378,12,-3.1887101009488106e-02,2.1285714285714288e-01,797,798,6.9897959183674863e-04,bulk_richardson:18.4_m:none
379,3,1.0156499938964844e+03,1.3592592592592595e-01,615,616,8.2414266117969426e-04,pressure:18.4_m:hPa
380,1,1.8267463684082031e+02,1.0671875000000000e-01,565,566,3.4079589843749071e-04,azimuth:0_m:degrees
381,8,5.9500000476837158e+00,6.2142857142857139e-02,609,610,4.2540816326530617e-04,wave_period:0_m:s
382,5,4.5199998855590820e+01,8.0902255639097739e-02,383,384,6.4429871671659120e-04,relative_humidity:18.4_m:%
383,-2,-2.0000000000000000e+00,5.5909090909090908e-02,-1,-1,7.8719008264462563e-05,wind_direction:18.4_m:degrees
384,2,2.8244000244140625e+02,8.5855855855855839e-02,673,674,6.0805129453778139e-04,water_sfc_temperature:0_m:K
385,2,2.7372999572753906e+02,1.0272727272727274e-01,1085,1086,5.8347107438016382e-04,water_sfc_temperature:0_m:K
386,10,8.1670074462890625e+00,7.0740740740740771e-02,937,938,3.2908093278464102e-04,wind_speed:18.4_m:m_s-1
387,11,2.8386500549316406e+02,1.7916666666666667e-01,665,666,1.1409722222222168e-03,wind_direction:18.4_m:degrees
388,5,4.9000000000000000e+01,1.3775000000000001e-01,1667,1668,2.8743750000000123e-04,relative_humidity:18.4_m:%
389,11,2.7955500793457031e+02,1.7799999999999999e-01,1389,1390,5.0933333333334080e-04,wind_direction:18.4_m:degrees
390,0,1.4746106719970703e+02,1.3352941176470590e-01,1099,1100,3.8754325259515721e-04,zenith:0_m:degrees
391,-2,-2.0000000000000000e+00,7.7941176470588250e-02,-1,-1,1.4576124567474130e-04,wind_direction:18.4_m:degrees
392,-2,-2.0000000000000000e+00,1.3333333333333333e-01,-1,-1,2.2222222222190863e-05,wind_direction:18.4_m:degrees
393,5,5.8549999237060547e+01,5.5771812080536907e-02,497,498,3.6802846718616243e-04,relative_humidity:18.4_m:%
394,5,5.3699998855590820e+01,4.2355769230769197e-02,1257,1258,1.8243112056214321e-04,relative_humidity:18.4_m:%
395,12,-1.6457737237215042e-01,5.9624999999999949e-02,433,434,4.0735937500000667e-04,bulk_richardson:18.4_m:none
396,1,8.7764026641845703e+01,7.5233644859813056e-02,651,652,3.8195475587386556e-04,azimuth:0_m:degrees
397,0,8.3760158538818359e+01,2.1802325581395339e-02,471,472,3.1710045970795081e-04,zenith:0_m:degrees
398,-2,-2.0000000000000000e+00,8.8888888888888904e-04,-1,-1,1.1476543209876629e-04,wind_direction:18.4_m:degrees
399,12,2.3484061239287257e-03,-9.9103139013452766e-03,671,672,4.0896056626917862e-04,bulk_richardson:18.4_m:none
400,3,1.0159500122070312e+03,-1.8549618320610649e-02,583,584,3.2893964998155294e-04,pressure:18.4_m:hPa
401,12,-1.9544836133718491e-02,2.1186440677966115e-02,553,554,3.5282964665326005e-04,bulk_richardson:18.4_m:none
402,10,1.1317979335784912e+01,4.1752577319587626e-02,1155,1156,2.4950579232650098e-04,wind_speed:18.4_m:m_s-1
403,9,8.7525646209716797e+01,-4.0909090909090904e-03,1815,1816,1.6962809917355371e-04,angle_between_wind_wave:0_m:degrees
404,7,1.5500000119209290e+00,1.7578125000000003e-02,973,974,2.2616577148437466e-04,wave_height:0_m:m
405,1,2.9388307189941406e+02,1.6375000000000003e-01,407,408,7.8281249999998317e-04,azimuth:0_m:degrees
406,-2,-2.0000000000000000e+00,2.1666666666666667e-01,-1,-1,6.2222222222218376e-04,wind_direction:18.4_m:degrees
407,3,1.0225499877929688e+03,1.5966666666666671e-01,741,742,5.5322222222220149e-04,pressure:18.4_m:hPa
408,-2,-2.0000000000000000e+00,2.2499999999999998e-01,-1,-1,2.2499999999996828e-04,wind_direction:18.4_m:degrees
409,2,2.8141999816894531e+02,-2.4548129466162127e-03,571,572,1.2428074501545210e-04,water_sfc_temperature:0_m:K
410,-2,-2.0000000000000000e+00,-8.9999999999999997e-02,-1,-1,4.8572257327350599e-17,wind_direction:18.4_m:degrees
411,1,1.7072744750976562e+02,5.0925925925925937e-02,1205,1206,2.1210562414265745e-04,azimuth:0_m:degrees
412,2,2.8511499023437500e+02,7.7297297297297313e-02,1275,1276,3.9810080350621922e-04,water_sfc_temperature:0_m:K
413,11,3.2001998901367188e+02,2.1950000000000003e-01,567,568,1.2747499999999634e-03,wind_direction:18.4_m:degrees
414,-2,-2.0000000000000000e+00,1.7000000000000001e-01,-1,-1,3.8163916471489756e-17,wind_direction:18.4_m:degrees
415,5,1.0029999923706055e+02,4.5709570957095640e-03,559,560,1.0006344693875359e-04,relative_humidity:18.4_m:%
416,12,-4.9692135304212570e-02,-2.6666666666666683e-03,1109,1110,1.1793393393393386e-04,bulk_richardson:18.4_m:none
417,12,-7.4932370334863663e-02,2.4000000000000002e-01,1089,1090,7.7777777777777307e-04,bulk_richardson:18.4_m:none
418,10,1.2958862781524658e+01,2.8904761904761905e-01,521,522,1.1514739229024629e-03,wind_speed:18.4_m:m_s-1
419,10,1.1328101158142090e+01,-6.9784804567412659e-03,421,422,2.7273251890310861e-04,wind_speed:18.4_m:m_s-1
420,-2,-2.0000000000000000e+00,-6.2000000000000000e-02,-1,-1,1.6000000000406748e-05,wind_direction:18.4_m:degrees
421,10,8.3844084739685059e+00,-7.1164835164834591e-03,453,454,2.5128972829368293e-04,wind_speed:18.4_m:m_s-1
422,-2,-2.0000000000000000e+00,1.4999999999999999e-01,-1,-1,3.5735303605122226e-16,wind_direction:18.4_m:degrees
423,10,8.6135683059692383e+00,-4.4999999999999998e-02,425,426,4.2249999999999996e-03,wind_speed:18.4_m:m_s-1
424,12,-5.9034222736954689e-02,1.6292428198433379e-02,557,558,3.1993537347722151e-04,bulk_richardson:18.4_m:none
425,-2,-2.0000000000000000e+00,-1.1000000000000000e-01,-1,-1,0.0000000000000000e+00,wind_direction:18.4_m:degrees
426,-2,-2.0000000000000000e+00,2.0000000000000000e-02,-1,-1,-8.6736173798840355e-19,wind_direction:18.4_m:degrees
427,12,-9.4821485690772533e-03,1.0769230769230767e-02,987,988,2.5325443786982244e-04,bulk_richardson:18.4_m:none
428,12,-1.8670270219445229e-02,3.3333333333333333e-02,429,430,4.4327485380116910e-04,bulk_richardson:18.4_m:none
429,1,2.6166093444824219e+02,4.1797752808988779e-02,1751,1752,1.7429617472541361e-04,azimuth:0_m:degrees
430,1,2.9845205688476562e+02,3.1999999999999989e-03,1697,1698,2.3776000000000043e-04,azimuth:0_m:degrees
431,-2,-2.0000000000000000e+00,9.3636363636363643e-02,-1,-1,9.5867768595041258e-05,wind_direction:18.4_m:degrees
432,5,5.7149999618530273e+01,5.3518518518518521e-02,833,834,3.5984224965706323e-04,relative_humidity:18.4_m:%
433,12,-1.6885372251272202e-01,8.0000000000000016e-02,1775,1776,3.3103448275861695e-04,bulk_richardson:18.4_m:none
434,7,7.5000000000000000e-01,5.5114503816793864e-02,1125,1126,3.1200978963930558e-04,wave_height:0_m:m
435,2,2.7677000427246094e+02,2.4296296296296294e-01,487,488,7.8751714677643275e-04,water_sfc_temperature:0_m:K
436,-2,-2.0000000000000000e+00,2.9142857142857143e-01,-1,-1,2.6938775510229607e-04,wind_direction:18.4_m:degrees
437,2,2.7471000671386719e+02,1.4705882352941174e-01,1333,1334,3.8546712802767918e-04,water_sfc_temperature:0_m:K
438,-2,-2.0000000000000000e+00,1.9666666666666666e-01,-1,-1,2.2222222222222088e-04,wind_direction:18.4_m:degrees
439,3,1.0006999816894531e+03,-9.5555555555555602e-03,1271,1272,4.7832098765432081e-04,pressure:18.4_m:hPa
440,-2,-2.0000000000000000e+00,-1.3000000000000000e-01,-1,-1,5.5511151231257827e-17,wind_direction:18.4_m:degrees
441,7,1.9499999880790710e+00,6.0540540540540533e-02,1019,1020,2.6457268078889859e-04,wave_height:0_m:m
442,10,1.1145243167877197e+01,2.1818181818181820e-02,1599,1600,4.3305785123967791e-04,wind_speed:18.4_m:m_s-1
443,3,1.0220000000000000e+03,9.6153846153846173e-02,541,542,5.0315581854043327e-04,pressure:18.4_m:hPa
444,10,5.7107388973236084e+00,1.1689655172413792e-01,445,446,7.7657550535078015e-04,wind_speed:18.4_m:m_s-1
445,3,1.0121000061035156e+03,1.0032258064516129e-01,845,846,5.3860561914672103e-04,pressure:18.4_m:hPa
446,12,-2.2956416010856628e-01,1.3592592592592592e-01,1847,1848,3.7229080932785902e-04,bulk_richardson:18.4_m:none
447,10,6.4701213836669922e+00,3.8800000000000001e-02,449,450,1.6185600000000000e-03,wind_speed:18.4_m:m_s-1
448,5,6.5049999237060547e+01,1.4294478527607303e-02,451,452,1.6315254620046090e-04,relative_humidity:18.4_m:%
449,-2,-2.0000000000000000e+00,1.2352941176470589e-02,-1,-1,1.0034602076124555e-04,wind_direction:18.4_m:degrees
450,-2,-2.0000000000000000e+00,9.5000000000000001e-02,-1,-1,2.0000000000000226e-04,wind_direction:18.4_m:degrees
451,-2,-2.0000000000000000e+00,9.4983277591973204e-03,-1,-1,9.3728258073176755e-05,wind_direction:18.4_m:degrees
452,2,2.7466999816894531e+02,2.1842105263157878e-02,555,556,1.7923822714681809e-04,water_sfc_temperature:0_m:K
453,5,9.4950000762939453e+01,-6.4500941619585065e-03,745,746,2.0670137004763010e-04,relative_humidity:18.4_m:%
454,11,2.1863500213623047e+02,-1.6490066225165564e-02,489,490,7.8436910661811910e-04,wind_direction:18.4_m:degrees
455,5,9.8450000762939453e+01,-1.7740174672489051e-03,1661,1662,6.6885613117599111e-05,relative_humidity:18.4_m:%
456,1,2.3998249816894531e+02,-1.8979591836734696e-02,457,458,9.8875468554767711e-04,azimuth:0_m:degrees
457,2,2.7844500732421875e+02,-9.7560975609756115e-03,1081,1082,4.5116002379535976e-04,water_sfc_temperature:0_m:K
458,4,6.5369548797607422e+00,-6.6250000000000003e-02,1069,1070,1.0734375000000006e-03,mixing_ratio:18.4_m:g_kg-1
459,10,9.0382933616638184e+00,-4.3863636363636375e-02,461,462,3.0282541322314048e-03,wind_speed:18.4_m:m_s-1
460,5,8.9549999237060547e+01,-2.4272727272727258e-02,767,768,2.8083471074380527e-04,relative_humidity:18.4_m:%
461,9,9.0463035583496094e+01,-1.4666666666666667e-01,463,464,8.0222222222222153e-03,angle_between_wind_wave:0_m:degrees
462,4,1.5486049652099609e+01,-3.6341463414634158e-02,513,514,1.8329565734681731e-03,mixing_ratio:18.4_m:g_kg-1
463,-2,-2.0000000000000000e+00,-2.0999999999999999e-01,-1,-1,0.0000000000000000e+00,wind_direction:18.4_m:degrees
464,-2,-2.0000000000000000e+00,-2.0000000000000000e-02,-1,-1,-3.1441863002079629e-18,wind_direction:18.4_m:degrees
465,1,2.2487035369873047e+02,7.0576923076923079e-02,1547,1548,1.5159023668638756e-04,azimuth:0_m:degrees
466,-2,-2.0000000000000000e+00,1.2600000000000000e-01,-1,-1,6.4000000000015433e-05,wind_direction:18.4_m:degrees
467,2,2.7801499938964844e+02,8.4482758620689671e-02,619,620,5.5059453032105157e-04,water_sfc_temperature:0_m:K
468,10,8.8699684143066406e+00,1.0694444444444445e-01,691,692,5.9899691358027314e-04,wind_speed:18.4_m:m_s-1
469,1,7.8229660034179688e+01,1.4058823529411762e-01,1007,1008,4.9965397923876567e-04,azimuth:0_m:degrees
470,-2,-2.0000000000000000e+00,1.0157894736842106e-01,-1,-1,3.1855955678668745e-04,wind_direction:18.4_m:degrees
471,6,2.2950000000000000e+02,1.3406593406593411e-02,591,592,2.6641709938413267e-04,wave_direction:0_m:degrees
472,11,3.2260501098632812e+02,3.1234567901234571e-02,1561,1562,2.0588324950464960e-04,wind_direction:18.4_m:degrees
473,2,2.7622500610351562e+02,6.2452830188679240e-02,1277,1278,3.0153079387682490e-04,water_sfc_temperature:0_m:K
474,-2,-2.0000000000000000e+00,3.2380952380952378e-02,-1,-1,1.2290249433106592e-04,wind_direction:18.4_m:degrees
475,4,1.3924931049346924e+01,-7.2180451127819553e-02,645,646,8.9374187348069661e-04,mixing_ratio:18.4_m:g_kg-1
476,12,1.3685024809092283e-02,-1.1222222222222222e-01,477,478,4.8617283950618175e-03,bulk_richardson:18.4_m:none
477,4,8.0461964607238770e+00,-1.5500000000000000e-01,693,694,1.7583333333333374e-03,mixing_ratio:18.4_m:g_kg-1
478,-2,-2.0000000000000000e+00,-2.6666666666666668e-02,-1,-1,8.8888888888882822e-05,wind_direction:18.4_m:degrees
479,-2,-2.0000000000000000e+00,-7.0000000000000007e-02,-1,-1,0.0000000000000000e+00,wind_direction:18.4_m:degrees
480,0,7.6353519439697266e+01,1.2390438247011946e-02,947,948,1.6161648227805910e-04,zenith:0_m:degrees
481,12,-1.4282981399446726e-02,-2.0559531554977203e-03,629,630,1.3227273131335510e-04,bulk_richardson:18.4_m:none
482,2,2.9143499755859375e+02,-6.9018743109150738e-03,921,922,1.3714913650900862e-04,water_sfc_temperature:0_m:K
483,3,1.0168999938964844e+03,5.2842105263157892e-02,613,614,3.9929085872576764e-04,pressure:18.4_m:hPa
484,12,-8.8286126032471657e-02,7.0985915492957741e-02,1439,1440,2.5677444951397940e-04,bulk_richardson:18.4_m:none
485,-2,-2.0000000000000000e+00,4.4999999999999998e-02,-1,-1,1.6500000000000022e-04,wind_direction:18.4_m:degrees
486,2,2.7850500488281250e+02,3.5294117647058833e-03,1693,1694,2.2871972318339086e-04,water_sfc_temperature:0_m:K
487,-2,-2.0000000000000000e+00,1.8750000000000000e-01,-1,-1,1.6875000000000223e-04,wind_direction:18.4_m:degrees
488,4,1.5456284880638123e+00,2.4740000000000001e-01,1101,1102,5.7124000000000064e-04,mixing_ratio:18.4_m:g_kg-1
489,11,2.0372000122070312e+02,-2.6164383561643849e-02,1371,1372,1.9076749859260579e-04,wind_direction:18.4_m:degrees
490,11,3.5285000610351562e+02,-7.4358974358974365e-03,491,492,1.1703484549638399e-03,wind_direction:18.4_m:degrees
491,3,9.8385000610351562e+02,-5.2631578947368437e-03,531,532,1.0170360110803326e-03,pressure:18.4_m:hPa
492,-2,-2.0000000000000000e+00,-8.9999999999999997e-02,-1,-1,-1.0408340855860843e-17,wind_direction:18.4_m:degrees
493,6,1.9850000000000000e+02,4.0909090909090909e-02,1639,1640,3.5371900826446177e-04,wave_direction:0_m:degrees
494,-2,-2.0000000000000000e+00,1.0749999999999998e-01,-1,-1,1.6875000000000223e-04,wind_direction:18.4_m:degrees
495,-2,-2.0000000000000000e+00,2.9375000000000012e-02,-1,-1,8.7109374999999514e-05,wind_direction:18.4_m:degrees
496,-2,-2.0000000000000000e+00,6.1999999999999993e-02,-1,-1,2.0266666666666827e-04,wind_direction:18.4_m:degrees
497,0,6.7074657440185547e+01,4.6533333333333350e-02,1075,1076,3.2664888888888884e-04,zenith:0_m:degrees
498,11,3.3799499511718750e+02,6.5135135135135150e-02,1495,1496,2.3579254930606360e-04,wind_direction:18.4_m:degrees
499,3,1.0101499938964844e+03,6.2444246208741977e-03,501,502,1.7902678648874234e-04,pressure:18.4_m:hPa
500,3,1.0220000000000000e+03,-4.4345898004434373e-05,1123,1124,1.1884504009321472e-04,pressure:18.4_m:hPa
501,10,6.3395934104919434e+00,1.5058823529411770e-02,657,658,3.0970242214532837e-04,wind_speed:18.4_m:m_s-1
502,1,6.8482082366943359e+01,4.6687697160883090e-03,561,562,1.3929617503740009e-04,azimuth:0_m:degrees
503,9,9.0334888458251953e+01,-2.9838709677419365e-02,999,1000,3.7900624349635793e-04,angle_between_wind_wave:0_m:degrees
504,5,9.5200000762939453e+01,-4.7050359712230212e-02,917,918,2.5245070130945971e-04,relative_humidity:18.4_m:%
505,-2,-2.0000000000000000e+00,2.5000000000000000e-01,-1,-1,0.0000000000000000e+00,wind_direction:18.4_m:degrees
506,10,9.6872978210449219e+00,1.7030769230769233e-01,507,508,8.7375147928996089e-04,wind_speed:18.4_m:m_s-1
507,4,1.0379785299301147e+00,1.5904761904761905e-01,867,868,4.5623582766440157e-04,mixing_ratio:18.4_m:g_kg-1
508,12,-8.8766399770975113e-02,1.9086956521739129e-01,873,874,9.8185255198484506e-04,bulk_richardson:18.4_m:none
509,-2,-2.0000000000000000e+00,3.6250000000000004e-02,-1,-1,1.2343749999999963e-04,wind_direction:18.4_m:degrees
510,2,2.8337500000000000e+02,7.8035714285714305e-02,1065,1066,2.5864158163265392e-04,water_sfc_temperature:0_m:K
511,5,9.5750000000000000e+01,-4.6236559139784892e-03,1651,1652,1.1671704408437017e-04,relative_humidity:18.4_m:%
512,5,9.4049999237060547e+01,-9.7330097087377637e-03,1161,1162,1.5029279385427361e-04,relative_humidity:18.4_m:%
513,12,7.0012880023568869e-03,-2.7878787878787892e-02,1015,1016,9.0156106519742769e-04,bulk_richardson:18.4_m:none
514,5,8.9599998474121094e+01,-7.1250000000000008e-02,515,516,4.1609375000000006e-03,relative_humidity:18.4_m:%
515,-2,-2.0000000000000000e+00,-2.3000000000000001e-01,-1,-1,0.0000000000000000e+00,wind_direction:18.4_m:degrees
516,1,2.7429858398437500e+02,-4.8571428571428578e-02,1305,1306,6.4081632653061136e-04,azimuth:0_m:degrees
517,10,9.4299826622009277e+00,1.4399999999999999e-01,1675,1676,6.6400000000000139e-04,wind_speed:18.4_m:m_s-1
518,6,2.3500000000000000e+02,2.0066666666666666e-01,1231,1232,5.9288888888889280e-04,wave_direction:0_m:degrees
519,-2,-2.0000000000000000e+00,1.0571428571428572e-01,-1,-1,3.6734693877551149e-04,wind_direction:18.4_m:degrees
520,-2,-2.0000000000000000e+00,5.8800000000000019e-02,-1,-1,1.1455999999999576e-04,wind_direction:18.4_m:degrees
521,10,1.2558462619781494e+01,2.6399999999999996e-01,773,774,8.8400000000002366e-04,wind_speed:18.4_m:m_s-1
522,8,4.2999999523162842e+00,3.1181818181818177e-01,1941,1942,3.0578512396688129e-04,wave_period:0_m:s
523,8,5.9000000953674316e+00,1.7999999999999999e-01,1999,2000,3.4117647058824752e-04,wave_period:0_m:s
524,10,1.7605151176452637e+01,2.3166666666666669e-01,1455,1456,7.1388888888882646e-04,wind_speed:18.4_m:m_s-1
525,-2,-2.0000000000000000e+00,-3.1249999999999993e-03,-1,-1,7.7734375000000004e-05,wind_direction:18.4_m:degrees
526,4,2.6193641424179077e+00,1.9714285714285719e-02,1359,1360,2.8848979591836736e-04,mixing_ratio:18.4_m:g_kg-1
527,1,2.4749908447265625e+02,1.0628571428571430e-01,1889,1890,2.8620408163265373e-04,azimuth:0_m:degrees
528,11,3.1190000915527344e+02,1.4153846153846156e-01,1739,1740,3.3609467455617340e-04,wind_direction:18.4_m:degrees
529,0,7.9958255767822266e+01,2.1888888888888888e-01,1363,1364,5.3209876543207357e-04,zenith:0_m:degrees
530,11,2.7989999389648438e+02,2.6714285714285718e-01,1767,1768,4.7755102040827890e-04,wind_direction:18.4_m:degrees
531,-2,-2.0000000000000000e+00,7.0000000000000007e-02,-1,-1,0.0000000000000000e+00,wind_direction:18.4_m:degrees
532,0,4.6769918441772461e+01,-7.2972972972972965e-03,533,534,8.8728999269539841e-04,zenith:0_m:degrees
533,1,1.4970178985595703e+02,2.0000000000000000e-02,1507,1508,2.9230769230769235e-04,azimuth:0_m:degrees
534,12,2.7690856717526913e-02,-1.3114754098360661e-02,717,718,8.2144584789035197e-04,bulk_richardson:18.4_m:none
535,1,9.6675697326660156e+01,1.2799999999999997e-01,1515,1516,3.1885714285715197e-04,azimuth:0_m:degrees
536,12,-9.4477184116840363e-02,1.0472727272727274e-01,627,628,4.3947107438017594e-04,bulk_richardson:18.4_m:none
537,-2,-2.0000000000000000e+00,-5.9999999999999998e-02,-1,-1,0.0000000000000000e+00,wind_direction:18.4_m:degrees
538,6,2.2450000000000000e+02,1.7031250000000005e-02,919,920,5.5837402343750014e-04,wave_direction:0_m:degrees
539,6,2.3400000000000000e+02,8.8953488372092993e-02,715,716,3.5588155759869525e-04,wave_direction:0_m:degrees
540,12,-1.0521681513637304e-02,1.1454545454545455e-01,1351,1352,2.5206611570254521e-04,bulk_richardson:18.4_m:none
541,4,1.3796409964561462e+00,7.5499999999999998e-02,1471,1472,3.3475000000000171e-04,mixing_ratio:18.4_m:g_kg-1
542,9,8.8901313781738281e+01,1.0327586206896552e-01,1387,1388,3.6340665873959080e-04,angle_between_wind_wave:0_m:degrees
543,10,1.0810850620269775e+01,3.0607142857142819e-02,545,546,2.9141709183673741e-04,wind_speed:18.4_m:m_s-1
544,12,-2.4662457406520844e-02,1.3829787234042556e-02,759,760,3.9384336803983239e-04,bulk_richardson:18.4_m:none
545,12,-1.7820088192820549e-02,2.4535519125683056e-02,841,842,1.6139627937532025e-04,bulk_richardson:18.4_m:none
546,12,-2.7660655789077282e-02,4.2061855670103086e-02,547,548,3.3595493676267705e-04,bulk_richardson:18.4_m:none
547,5,7.4599998474121094e+01,5.9655172413793110e-02,997,998,2.9988109393579068e-04,relative_humidity:18.4_m:%
548,-2,-2.0000000000000000e+00,3.4558823529411774e-02,-1,-1,1.6304065743944873e-04,wind_direction:18.4_m:degrees
549,4,7.7371966838836670e+00,2.2976190476190490e-02,1249,1250,1.1852324263038501e-04,mixing_ratio:18.4_m:g_kg-1
550,8,4.6499998569488525e+00,1.0146627565982393e-02,905,906,1.7622483466774540e-04,wave_period:0_m:s
551,4,1.7842525839805603e+00,8.1194029850746266e-02,803,804,4.9708175540209495e-04,mixing_ratio:18.4_m:g_kg-1
552,3,1.0277999877929688e+03,1.1416666666666668e-01,1485,1486,3.9097222222221617e-04,pressure:18.4_m:hPa
553,-2,-2.0000000000000000e+00,4.1052631578947382e-02,-1,-1,1.3573407202215927e-04,wind_direction:18.4_m:degrees
554,10,9.9164361953735352e+00,1.1750000000000000e-02,1381,1382,1.7943749999999983e-04,wind_speed:18.4_m:m_s-1
555,-2,-2.0000000000000000e+00,1.5140186915887859e-02,-1,-1,1.0535417940431543e-04,wind_direction:18.4_m:degrees
556,1,1.4605516815185547e+02,3.0481927710843383e-02,1429,1430,1.4193642038031742e-04,azimuth:0_m:degrees
557,8,5.9500000476837158e+00,3.4666666666666686e-02,1577,1578,2.0488888888888727e-04,wave_period:0_m:s
558,3,1.0038500061035156e+03,1.4730878186968811e-02,781,782,2.9858196438459667e-04,pressure:18.4_m:hPa
559,-2,-2.0000000000000000e+00,4.7438016528925601e-03,-1,-1,8.2124445051567649e-05,wind_direction:18.4_m:degrees
560,-2,-2.0000000000000000e+00,-1.0000000000000001e-01,-1,-1,8.8470897274817162e-17,wind_direction:18.4_m:degrees
561,3,1.0219500122070312e+03,-1.3537117903930126e-03,1453,1454,1.4445567399553789e-04,pressure:18.4_m:hPa
562,12,-1.2352951988577843e-01,6.5789473684210332e-03,729,730,1.2250692520775655e-04,bulk_richardson:18.4_m:none
563,2,2.8397499084472656e+02,-1.3156089193825011e-02,857,858,2.3532211986854678e-04,water_sfc_temperature:0_m:K
564,1,6.7844501495361328e+01,-2.8113207547169821e-02,1199,1200,2.3417586329654600e-04,azimuth:0_m:degrees
565,-2,-2.0000000000000000e+00,9.4857142857142876e-02,-1,-1,1.6783673469387451e-04,wind_direction:18.4_m:degrees
566,3,1.0100500183105469e+03,1.2103448275862071e-01,1761,1762,1.7479191438764426e-04,pressure:18.4_m:hPa
567,12,-4.3008415028452873e-02,2.2722222222222221e-01,597,598,7.7561728395059149e-04,bulk_richardson:18.4_m:none
568,-2,-2.0000000000000000e+00,1.5000000000000002e-01,-1,-1,4.0000000000005656e-04,wind_direction:18.4_m:degrees
569,11,3.1556999206542969e+02,1.0758620689655171e-01,1267,1268,4.8727705112961046e-04,wind_direction:18.4_m:degrees
570,-2,-2.0000000000000000e+00,7.6666666666666647e-02,-1,-1,1.8888888888888341e-04,wind_direction:18.4_m:degrees
571,4,6.5061194896697998e+00,-7.3513513513513455e-03,573,574,3.1352520087655263e-04,mixing_ratio:18.4_m:g_kg-1
572,4,1.3060558795928955e+01,-1.5530114484818296e-03,1399,1400,8.4198409298524566e-05,mixing_ratio:18.4_m:g_kg-1
573,5,9.7849998474121094e+01,-5.4022988505747164e-03,577,578,1.8690712115206794e-04,relative_humidity:18.4_m:%
574,3,1.0145500183105469e+03,-3.8181818181818178e-02,575,576,1.3057851239669451e-03,pressure:18.4_m:hPa
575,-2,-2.0000000000000000e+00,-8.7142857142857119e-02,-1,-1,2.0408163265308796e-05,wind_direction:18.4_m:degrees
576,10,7.8312048912048340e+00,-1.5333333333333334e-02,1655,1656,2.6488888888888959e-04,wind_speed:18.4_m:m_s-1
577,3,1.0218500061035156e+03,-3.9156626506024108e-03,1793,1794,8.1053128175352003e-05,pressure:18.4_m:hPa
578,3,1.0127500000000000e+03,-3.6250000000000004e-02,579,580,1.3859375000000046e-03,pressure:18.4_m:hPa
579,-2,-2.0000000000000000e+00,-8.0000000000000002e-03,-1,-1,7.5999999999999923e-05,wind_direction:18.4_m:degrees
580,-2,-2.0000000000000000e+00,-8.3333333333333329e-02,-1,-1,2.2222222222222955e-05,wind_direction:18.4_m:degrees
581,-2,-2.0000000000000000e+00,1.7250000000000001e-01,-1,-1,1.8749999999997935e-05,wind_direction:18.4_m:degrees
582,5,7.6949996948242188e+01,1.1800000000000002e-01,1033,1034,3.5599999999999347e-04,relative_humidity:18.4_m:%
583,10,1.1786781311035156e+01,-1.5637583892617428e-02,585,586,3.0177469483356708e-04,wind_speed:18.4_m:m_s-1
584,9,8.9284721374511719e+01,-2.7684210526315787e-02,1037,1038,3.0411080332410452e-04,angle_between_wind_wave:0_m:degrees
585,6,1.7150000000000000e+02,-1.3149606299212588e-02,625,626,2.6252092504185028e-04,wave_direction:0_m:degrees
586,11,2.3431999969482422e+02,-3.0000000000000013e-02,723,724,2.8636363636364427e-04,wind_direction:18.4_m:degrees
587,1,1.4389438629150391e+02,8.7272727272727280e-02,1671,1672,3.4710743801652944e-04,azimuth:0_m:degrees
588,-2,-2.0000000000000000e+00,1.2357142857142858e-01,-1,-1,1.8724489795918751e-04,wind_direction:18.4_m:degrees
589,12,-1.2451714277267456e-01,1.4545454545454545e-02,835,836,2.0888429752066146e-04,bulk_richardson:18.4_m:none
590,3,1.0013999938964844e+03,4.4351464435146461e-03,1295,1296,1.6694035468566774e-04,pressure:18.4_m:hPa
591,-2,-2.0000000000000000e+00,7.2058823529411774e-03,-1,-1,1.1425173010380620e-04,wind_direction:18.4_m:degrees
592,2,2.9113000488281250e+02,3.1739130434782610e-02,1391,1392,2.6654064272211642e-04,water_sfc_temperature:0_m:K
593,10,7.1472868919372559e+00,3.7076023391812811e-03,887,888,5.1399883724906980e-05,wind_speed:18.4_m:m_s-1
594,3,1.0095000000000000e+03,9.6613995485327134e-03,595,596,1.0756029330085921e-04,pressure:18.4_m:hPa
595,4,3.1489806175231934e+00,2.1098901098901113e-02,1137,1138,1.4384736142977858e-04,mixing_ratio:18.4_m:g_kg-1
596,3,1.0195500183105469e+03,6.7045454545454491e-03,1029,1030,5.5617252066116182e-05,pressure:18.4_m:hPa
597,-2,-2.0000000000000000e+00,2.5111111111111112e-01,-1,-1,3.4320987654321011e-04,wind_direction:18.4_m:degrees
598,-2,-2.0000000000000000e+00,2.0333333333333334e-01,-1,-1,6.6666666666673202e-05,wind_direction:18.4_m:degrees
599,-2,-2.0000000000000000e+00,1.3214285714285717e-02,-1,-1,1.5038265306122452e-04,wind_direction:18.4_m:degrees
600,-2,-2.0000000000000000e+00,-2.5555555555555557e-02,-1,-1,1.5802469135802421e-04,wind_direction:18.4_m:degrees
601,11,2.0951000213623047e+02,2.4065420560747650e-02,1057,1058,1.6898637435584036e-04,wind_direction:18.4_m:degrees
602,-2,-2.0000000000000000e+00,4.7142857142857139e-02,-1,-1,1.1564625850340451e-04,wind_direction:18.4_m:degrees
603,-2,-2.0000000000000000e+00,2.3333333333333334e-02,-1,-1,8.8888888888888785e-05,wind_direction:18.4_m:degrees
604,10,1.3953139305114746e+01,6.7317073170731698e-02,735,736,3.6109458655561935e-04,wind_speed:18.4_m:m_s-1
605,0,5.7145385742187500e+01,-1.0121951219512195e-02,925,926,1.5486317668054729e-04,zenith:0_m:degrees
606,3,1.0294499511718750e+03,1.1030798240100508e-03,1151,1152,7.4050342494570652e-05,pressure:18.4_m:hPa
607,7,1.0500000119209290e+00,5.7460317460317469e-02,1489,1490,2.7926429831191596e-04,wave_height:0_m:m
608,3,1.0122999877929688e+03,4.0512820512820506e-02,1097,1098,2.4589086127548075e-04,pressure:18.4_m:hPa
609,12,-5.9866672381758690e-02,7.1904761904761916e-02,1139,1140,3.2970521541949779e-04,bulk_richardson:18.4_m:none
610,0,6.4397212982177734e+01,4.7500000000000021e-02,1749,1750,2.1160714285714663e-04,zenith:0_m:degrees
611,0,7.9388462066650391e+01,1.5066666666666664e-01,1307,1308,4.0177777777778909e-04,zenith:0_m:degrees
612,2,2.7981999206542969e+02,1.7094339622641511e-01,713,714,7.1797792808823285e-04,water_sfc_temperature:0_m:K
613,-2,-2.0000000000000000e+00,2.4545454545454547e-02,-1,-1,6.1157024793388423e-05,wind_direction:18.4_m:degrees
614,12,-2.9905052483081818e-01,5.6547619047619055e-02,1077,1078,3.2498582766439955e-04,bulk_richardson:18.4_m:none
615,11,2.9710499572753906e+02,1.5058823529411766e-01,1827,1828,4.9965397923874139e-04,wind_direction:18.4_m:degrees
616,2,2.8054499816894531e+02,1.1100000000000002e-01,2031,2032,3.8899999999999178e-04,water_sfc_temperature:0_m:K
617,3,1.0096499938964844e+03,2.1111111111111115e-02,1487,1488,1.6987654320987640e-04,pressure:18.4_m:hPa
618,2,2.9135499572753906e+02,2.1428571428571430e-03,1031,1032,1.9969387755102059e-04,water_sfc_temperature:0_m:K
619,10,9.6025447845458984e+00,8.8936170212765953e-02,621,622,4.8184698958803757e-04,wind_speed:18.4_m:m_s-1
620,1,6.1676843643188477e+01,6.5454545454545460e-02,961,962,3.9752066115705375e-04,azimuth:0_m:degrees
621,5,4.9049999237060547e+01,8.2388059701492530e-02,761,762,3.6146134996658651e-04,relative_humidity:18.4_m:%
622,5,5.1350000381469727e+01,1.0518518518518517e-01,1529,1530,4.1015089163237532e-04,relative_humidity:18.4_m:%
623,-2,-2.0000000000000000e+00,1.3437500000000002e-02,-1,-1,9.7558593749999962e-05,wind_direction:18.4_m:degrees
624,5,5.5600000381469727e+01,3.1717451523545624e-02,957,958,2.2198110818671675e-04,relative_humidity:18.4_m:%
625,-2,-2.0000000000000000e+00,-7.0000000000000007e-02,-1,-1,0.0000000000000000e+00,wind_direction:18.4_m:degrees
626,8,5.8499999046325684e+00,-1.2470119521912345e-02,1461,1462,2.2656783225663118e-04,wave_period:0_m:s
627,9,8.9463882446289062e+01,9.7674418604651203e-02,1885,1886,2.6435911303407215e-04,angle_between_wind_wave:0_m:degrees
628,-2,-2.0000000000000000e+00,1.3000000000000000e-01,-1,-1,2.4999999999997941e-04,wind_direction:18.4_m:degrees
629,10,8.1259274482727051e+00,-5.9181897302001778e-04,933,934,9.4340785986376483e-05,wind_speed:18.4_m:m_s-1
630,5,7.7799999237060547e+01,-6.3917525773195876e-03,631,632,2.1945477734084244e-04,relative_humidity:18.4_m:%
631,5,7.7649997711181641e+01,-2.4516129032258072e-02,633,634,7.0218522372528594e-04,relative_humidity:18.4_m:%
632,7,2.2500000000000000e+00,-4.8179271708683495e-03,847,848,1.4653547693587257e-04,wave_height:0_m:m
633,2,2.9295500183105469e+02,-1.6296296296296298e-02,1283,1284,2.8257887517146743e-04,water_sfc_temperature:0_m:K
634,-2,-2.0000000000000000e+00,-8.0000000000000002e-02,-1,-1,1.7347234759768071e-18,wind_direction:18.4_m:degrees
635,-2,-2.0000000000000000e+00,-6.5333333333333327e-02,-1,-1,2.2488888888888992e-04,wind_direction:18.4_m:degrees
636,7,2.7500000000000000e+00,-3.8865979381443275e-02,891,892,3.5747688383462638e-04,wave_height:0_m:m
637,-2,-2.0000000000000000e+00,3.7999999999999999e-02,-1,-1,1.6171428571428630e-04,wind_direction:18.4_m:degrees
638,8,5.0499999523162842e+00,5.9062500000000011e-02,993,994,3.8349609375000612e-04,wave_period:0_m:s
639,11,2.8666000366210938e+02,8.3888888888888884e-03,669,670,1.3795987654321025e-04,wind_direction:18.4_m:degrees
640,1,2.2837761688232422e+02,4.4609665427509286e-04,1519,1520,1.2173408327690344e-04,azimuth:0_m:degrees
641,2,2.8690000915527344e+02,-1.8555956678700292e-02,695,696,2.3798694105227808e-04,water_sfc_temperature:0_m:K
642,6,2.2900000000000000e+02,-2.6223175965665205e-02,643,644,2.9389010665145199e-04,wave_direction:0_m:degrees
643,11,2.1440000152587891e+02,-2.4608695652173891e-02,1861,1862,9.5281663516069573e-05,wind_direction:18.4_m:degrees
644,-2,-2.0000000000000000e+00,-1.4999999999999999e-01,-1,-1,-6.9388939039072284e-18,wind_direction:18.4_m:degrees
645,6,1.9250000000000000e+02,-7.1439393939393928e-02,647,648,8.2747359963268857e-04,wave_direction:0_m:degrees
646,-2,-2.0000000000000000e+00,-1.7000000000000001e-01,-1,-1,6.2450045135165055e-17,wind_direction:18.4_m:degrees
647,0,5.0788560867309570e+01,-6.7545454545454534e-02,975,976,4.4942975206611804e-04,zenith:0_m:degrees
648,2,2.8918000793457031e+02,-9.0909090909090925e-02,649,650,2.2628099173553854e-03,water_sfc_temperature:0_m:K
649,3,9.9855001831054688e+02,-8.1904761904761939e-02,655,656,5.8684807256235462e-04,pressure:18.4_m:hPa
650,-2,-2.0000000000000000e+00,-2.8000000000000003e-01,-1,-1,4.1633363423443370e-17,wind_direction:18.4_m:degrees
651,4,3.0643584728240967e+00,8.9393939393939414e-02,1005,1006,3.3902662993571565e-04,mixing_ratio:18.4_m:g_kg-1
652,10,8.2692222595214844e+00,6.8918918918918923e-02,1223,1224,2.7180423666910841e-04,wind_speed:18.4_m:m_s-1
653,9,8.9558837890625000e+01,1.1264705882352941e-01,1695,1696,2.1358131487888773e-04,angle_between_wind_wave:0_m:degrees
654,-2,-2.0000000000000000e+00,8.3125000000000004e-02,-1,-1,2.4648437500001362e-04,wind_direction:18.4_m:degrees
655,-2,-2.0000000000000000e+00,-9.5333333333333353e-02,-1,-1,1.0488888888888527e-04,wind_direction:18.4_m:degrees
656,-2,-2.0000000000000000e+00,-4.8333333333333339e-02,-1,-1,2.1388888888888629e-04,wind_direction:18.4_m:degrees
657,-2,-2.0000000000000000e+00,4.5614035087719303e-03,-1,-1,5.2877808556478900e-05,wind_direction:18.4_m:degrees
658,11,3.2425999450683594e+02,2.0353982300884959e-02,659,660,3.5562690892004031e-04,wind_direction:18.4_m:degrees
659,12,-2.3843310773372650e-02,1.5164835164835168e-02,1071,1072,2.2936843376403820e-04,bulk_richardson:18.4_m:none
660,12,-5.1928879693150520e-02,4.1818181818181817e-02,1411,1412,3.0578512396694200e-04,bulk_richardson:18.4_m:none
661,11,3.2752499389648438e+02,4.4074074074074078e-02,1657,1658,1.8710562414266129e-04,wind_direction:18.4_m:degrees
662,6,2.2750000000000000e+02,6.5454545454545418e-02,663,664,3.4979338842975379e-04,wave_direction:0_m:degrees
663,-2,-2.0000000000000000e+00,5.9710144927536249e-02,-1,-1,1.6803192606595560e-04,wind_direction:18.4_m:degrees
664,9,8.9052875518798828e+01,8.6315789473684221e-02,1297,1298,4.5484764542937269e-04,angle_between_wind_wave:0_m:degrees
665,-2,-2.0000000000000000e+00,1.4599999999999999e-01,-1,-1,6.6400000000000139e-04,wind_direction:18.4_m:degrees
666,-2,-2.0000000000000000e+00,2.0285714285714287e-01,-1,-1,1.3469387755101619e-04,wind_direction:18.4_m:degrees
667,1,2.8418797302246094e+02,1.0887096774193547e-01,1533,1534,2.8098335067637883e-04,azimuth:0_m:degrees
668,-2,-2.0000000000000000e+00,1.3333333333333336e-01,-1,-1,2.9841269841267629e-04,wind_direction:18.4_m:degrees
669,2,2.8233999633789062e+02,1.1760000000000000e-02,823,824,1.2410240000000037e-04,water_sfc_temperature:0_m:K
670,-2,-2.0000000000000000e+00,7.2727272727272712e-04,-1,-1,8.4925619834710906e-05,wind_direction:18.4_m:degrees
671,3,1.0038000183105469e+03,-6.4788732394366229e-03,771,772,2.1999603253322787e-04,pressure:18.4_m:hPa
672,2,2.7846501159667969e+02,-1.5925925925925930e-02,705,706,6.8340192043895827e-04,water_sfc_temperature:0_m:K
673,4,3.0637565851211548e+00,6.3750000000000015e-02,1601,1602,3.3593749999999856e-04,mixing_ratio:18.4_m:g_kg-1
674,11,3.4659500122070312e+02,8.9578947368421050e-02,907,908,5.5771745152354869e-04,wind_direction:18.4_m:degrees
675,10,7.7432775497436523e+00,-1.2397260273972565e-02,677,678,1.4242665916056938e-04,wind_speed:18.4_m:m_s-1
676,6,2.2550000000000000e+02,-1.8043742405832220e-02,679,680,2.3906491527751213e-04,wave_direction:0_m:degrees
677,-2,-2.0000000000000000e+00,-8.0000000000000002e-02,-1,-1,-8.6736173798840355e-19,wind_direction:18.4_m:degrees
678,2,2.8860499572753906e+02,-1.1931034482758594e-02,1669,1670,1.1167340467697329e-04,water_sfc_temperature:0_m:K
679,10,7.7450523376464844e+00,-1.7607891491985085e-02,681,682,2.1400654684889644e-04,wind_speed:18.4_m:m_s-1
680,6,2.2750000000000000e+02,-4.7500000000000007e-02,683,684,1.0520833333333137e-03,wave_direction:0_m:degrees
681,-2,-2.0000000000000000e+00,-1.0000000000000001e-01,-1,-1,0.0000000000000000e+00,wind_direction:18.4_m:degrees
682,10,8.7769384384155273e+00,-1.7404202719406566e-02,1299,1300,1.9771177467337215e-04,wind_speed:18.4_m:m_s-1
683,-2,-2.0000000000000000e+00,-7.4285714285714288e-02,-1,-1,8.1632653061223907e-05,wind_direction:18.4_m:degrees
684,-2,-2.0000000000000000e+00,-1.0000000000000000e-02,-1,-1,-9.4867690092481638e-20,wind_direction:18.4_m:degrees
685,-2,-2.0000000000000000e+00,3.1363636363636364e-02,-1,-1,8.4504132231404648e-05,wind_direction:18.4_m:degrees
686,-2,-2.0000000000000000e+00,6.0476190476190475e-02,-1,-1,7.1201814058955131e-05,wind_direction:18.4_m:degrees
687,3,1.0153999938964844e+03,-2.0843989769820909e-02,1685,1686,1.9084778357023264e-04,pressure:18.4_m:hPa
688,5,7.5599998474121094e+01,-3.3870967741935494e-02,689,690,9.8501560874091954e-04,relative_humidity:18.4_m:%
689,-2,-2.0000000000000000e+00,-1.6000000000000000e-01,-1,-1,-3.4694469519536142e-18,wind_direction:18.4_m:degrees
690,10,1.0230546474456787e+01,-2.7457627118644076e-02,1567,1568,1.8506176386095890e-04,wind_speed:18.4_m:m_s-1
691,0,1.4834547424316406e+02,9.7777777777777797e-02,1505,1506,2.4691358024691613e-04,zenith:0_m:degrees
692,9,9.0605430603027344e+01,1.3444444444444445e-01,1649,1650,6.4691358024690157e-04,angle_between_wind_wave:0_m:degrees
693,-2,-2.0000000000000000e+00,-1.8250000000000002e-01,-1,-1,3.1874999999999959e-04,wind_direction:18.4_m:degrees
694,-2,-2.0000000000000000e+00,-1.0000000000000001e-01,-1,-1,1.0000000000000286e-04,wind_direction:18.4_m:degrees
695,2,2.8397500610351562e+02,-7.8260869565217397e-03,883,884,3.4454946439823556e-04,water_sfc_temperature:0_m:K
696,10,1.0688896179199219e+01,-2.0082474226804044e-02,877,878,2.0411690934212299e-04,wind_speed:18.4_m:m_s-1
697,11,2.9343000793457031e+02,1.2290322580645165e-01,699,700,5.1737773152965051e-04,wind_direction:18.4_m:degrees
698,2,2.8702999877929688e+02,1.0046511627906975e-01,1457,1458,3.0676041103299204e-04,water_sfc_temperature:0_m:K
699,1,5.4144849777221680e+01,1.1592592592592592e-01,1851,1852,2.1673525377228185e-04,azimuth:0_m:degrees
700,-2,-2.0000000000000000e+00,1.7000000000000001e-01,-1,-1,2.0816681711721685e-17,wind_direction:18.4_m:degrees
701,-2,-2.0000000000000000e+00,7.9285714285714293e-02,-1,-1,1.7806122448979674e-04,wind_direction:18.4_m:degrees
702,-2,-2.0000000000000000e+00,4.5789473684210533e-02,-1,-1,1.1911357340720031e-04,wind_direction:18.4_m:degrees
703,-2,-2.0000000000000000e+00,-3.5000000000000003e-02,-1,-1,2.4999999999999849e-05,wind_direction:18.4_m:degrees
704,9,8.9407505035400391e+01,-3.3333333333333331e-03,1035,1036,3.1666666666666665e-04,angle_between_wind_wave:0_m:degrees
705,2,2.7784999084472656e+02,-3.2592592592592597e-02,707,708,6.6364883401920437e-04,water_sfc_temperature:0_m:K
706,2,2.7944999694824219e+02,-1.2592592592592598e-02,709,710,6.2068587105624075e-04,water_sfc_temperature:0_m:K
707,-2,-2.0000000000000000e+00,-1.1875000000000002e-02,-1,-1,1.5234374999999948e-05,wind_direction:18.4_m:degrees
708,-2,-2.0000000000000000e+00,-6.2727272727272743e-02,-1,-1,7.4380165289255999e-05,wind_direction:18.4_m:degrees
709,9,8.9413749694824219e+01,1.9090909090909089e-02,711,712,4.4991735537190086e-03,angle_between_wind_wave:0_m:degrees
710,10,1.1005808830261230e+01,-1.5403225806451622e-02,1423,1424,1.7967611862643098e-04,wind_speed:18.4_m:m_s-1
711,-2,-2.0000000000000000e+00,1.6000000000000000e-01,-1,-1,0.0000000000000000e+00,wind_direction:18.4_m:degrees
712,-2,-2.0000000000000000e+00,-1.2222222222222225e-02,-1,-1,1.0617283950617318e-04,wind_direction:18.4_m:degrees
713,8,5.1499998569488525e+00,1.7720930232558146e-01,941,942,6.0616549486208759e-04,wave_period:0_m:s
714,12,-2.5778583250939846e-02,1.4400000000000002e-01,1843,1844,3.0400000000004729e-04,bulk_richardson:18.4_m:none
715,1,2.7976383972167969e+02,8.4657534246575322e-02,1321,1322,2.4954025145431432e-04,azimuth:0_m:degrees
716,-2,-2.0000000000000000e+00,1.1307692307692309e-01,-1,-1,2.6745562130175114e-04,wind_direction:18.4_m:degrees
717,11,2.9677500915527344e+02,3.2500000000000001e-02,719,720,6.4187500000000017e-03,wind_direction:18.4_m:degrees
718,10,8.3989443778991699e+00,-1.6315789473684211e-02,1011,1012,2.7239150507848547e-04,wind_speed:18.4_m:m_s-1
719,-2,-2.0000000000000000e+00,-1.3333333333333334e-02,-1,-1,1.5555555555555548e-04,wind_direction:18.4_m:degrees
720,-2,-2.0000000000000000e+00,1.7000000000000001e-01,-1,-1,0.0000000000000000e+00,wind_direction:18.4_m:degrees
721,1,9.7910102844238281e+01,7.0000000000000021e-02,737,738,5.6551724137931039e-04,azimuth:0_m:degrees
722,-2,-2.0000000000000000e+00,4.0000000000000008e-02,-1,-1,1.2000000000000509e-04,wind_direction:18.4_m:degrees
723,-2,-2.0000000000000000e+00,-4.8750000000000002e-02,-1,-1,2.1093749999999975e-04,wind_direction:18.4_m:degrees
724,-2,-2.0000000000000000e+00,-1.9285714285714291e-02,-1,-1,1.3775510204080423e-05,wind_direction:18.4_m:degrees
725,11,2.4226000213623047e+02,5.4035087719298242e-02,727,728,4.6968297937826980e-04,wind_direction:18.4_m:degrees
726,-2,-2.0000000000000000e+00,1.0250000000000001e-01,-1,-1,2.6874999999997908e-04,wind_direction:18.4_m:degrees
727,-2,-2.0000000000000000e+00,1.0000000000000001e-01,-1,-1,9.9999999999997660e-05,wind_direction:18.4_m:degrees
728,2,2.7404998779296875e+02,5.0566037735849056e-02,1579,1580,3.2609469562121934e-04,water_sfc_temperature:0_m:K
729,10,4.1307694911956787e+00,1.2891566265060245e-02,731,732,1.7597619393235582e-04,wind_speed:18.4_m:m_s-1
730,12,-6.0559096746146679e-03,4.6942446043165432e-03,1345,1346,9.1093563997723311e-05,bulk_richardson:18.4_m:none
731,1,1.1658625793457031e+02,7.2477064220183513e-03,1957,1958,6.0314788317481685e-05,azimuth:0_m:degrees
732,7,1.2500000000000000e+00,2.3684210526315797e-02,1901,1902,2.1975992613111660e-04,wave_height:0_m:m
733,-2,-2.0000000000000000e+00,1.3250000000000001e-01,-1,-1,1.4375000000000152e-04,wind_direction:18.4_m:degrees
734,-2,-2.0000000000000000e+00,9.5937500000000009e-02,-1,-1,5.5371093749999323e-05,wind_direction:18.4_m:degrees
735,-2,-2.0000000000000000e+00,6.1944444444444455e-02,-1,-1,1.5455246913580406e-04,wind_direction:18.4_m:degrees
736,-2,-2.0000000000000000e+00,1.0600000000000001e-01,-1,-1,1.4400000000000523e-04,wind_direction:18.4_m:degrees
737,-2,-2.0000000000000000e+00,4.8181818181818187e-02,-1,-1,1.2396694214875971e-04,wind_direction:18.4_m:degrees
738,6,1.8250000000000000e+02,8.3333333333333370e-02,1013,1014,3.6666666666666098e-04,wave_direction:0_m:degrees
739,4,1.4704773426055908e+00,5.4736842105263160e-02,1303,1304,3.4072022160664848e-04,mixing_ratio:18.4_m:g_kg-1
740,2,2.7947000122070312e+02,7.9574468085106403e-02,1073,1074,3.4024445450429961e-04,water_sfc_temperature:0_m:K
741,1,2.1126055908203125e+02,1.7360000000000000e-01,955,956,4.7904000000000349e-04,azimuth:0_m:degrees
742,11,3.0743000793457031e+02,1.4971428571428569e-01,1397,1398,3.6848979591833433e-04,wind_direction:18.4_m:degrees
743,5,9.7500000000000000e+01,-4.4545454545454548e-02,1799,1800,2.3933884297520523e-04,relative_humidity:18.4_m:%
744,0,8.1084735870361328e+01,-6.2075471698113227e-02,805,806,2.3908864364542790e-04,zenith:0_m:degrees
745,11,3.4299499511718750e+02,-4.9816849816849548e-03,789,790,1.6580552536596475e-04,wind_direction:18.4_m:degrees
746,10,6.0304884910583496e+00,-9.0909090909090506e-03,963,964,2.6939753263863881e-04,wind_speed:18.4_m:m_s-1
747,-2,-2.0000000000000000e+00,-1.4325068870523422e-03,-1,-1,7.9215141649401674e-05,wind_direction:18.4_m:degrees
748,9,8.7352893829345703e+01,-6.0265700483091511e-03,749,750,1.3481571915330599e-04,angle_between_wind_wave:0_m:degrees
749,6,2.0950000000000000e+02,-5.9999999999999998e-02,1141,1142,1.1999999999999997e-03,wave_direction:0_m:degrees
750,5,9.4549999237060547e+01,-5.7645631067960862e-03,1493,1494,1.1543486073145498e-04,relative_humidity:18.4_m:%
751,11,2.9308999633789062e+02,-2.2857142857142857e-02,753,754,5.3469387755102071e-04,wind_direction:18.4_m:degrees
752,2,2.7871000671386719e+02,-2.7606177606177627e-03,799,800,2.2384617104694341e-04,water_sfc_temperature:0_m:K
753,-2,-2.0000000000000000e+00,-4.1818181818181817e-02,-1,-1,2.1487603305785172e-04,wind_direction:18.4_m:degrees
754,-2,-2.0000000000000000e+00,-2.0000000000000000e-03,-1,-1,5.5999999999999999e-05,wind_direction:18.4_m:degrees
755,6,2.1400000000000000e+02,4.3980582524271845e-02,787,788,2.8415496276746059e-04,wave_direction:0_m:degrees
756,-2,-2.0000000000000000e+00,6.6000000000000017e-02,-1,-1,1.1400000000001600e-04,wind_direction:18.4_m:degrees
757,9,8.9047378540039062e+01,4.2264150943396250e-02,1133,1134,2.8543965824136762e-04,angle_between_wind_wave:0_m:degrees
758,2,2.8444000244140625e+02,2.1935483870967741e-02,1575,1576,1.9625390218522444e-04,water_sfc_temperature:0_m:K
759,3,1.0271499633789062e+03,2.4137931034482765e-02,1079,1080,3.1391200951248494e-04,pressure:18.4_m:hPa
760,-2,-2.0000000000000000e+00,-2.7777777777777779e-03,-1,-1,7.5617283950616957e-05,wind_direction:18.4_m:degrees
761,-2,-2.0000000000000000e+00,6.6190476190476202e-02,-1,-1,8.0725623582766394e-05,wind_direction:18.4_m:degrees
762,1,1.9220671844482422e+02,8.9782608695652188e-02,1221,1222,3.1517013232514567e-04,azimuth:0_m:degrees
763,6,2.4150000000000000e+02,6.8018018018018003e-02,765,766,3.4922490057625547e-04,wave_direction:0_m:degrees
764,3,9.8800000000000000e+02,8.1315789473684216e-02,2007,2008,2.4037396121882101e-04,pressure:18.4_m:hPa
765,11,2.7645498657226562e+02,6.7181818181818190e-02,915,916,2.7478512396694223e-04,wind_direction:18.4_m:degrees
766,-2,-2.0000000000000000e+00,1.6000000000000000e-01,-1,-1,2.0816681711721685e-17,wind_direction:18.4_m:degrees
767,2,2.8071499633789062e+02,-1.3061224489795919e-02,1777,1778,1.4369012911286959e-04,water_sfc_temperature:0_m:K
768,-2,-2.0000000000000000e+00,-2.7485380116959061e-02,-1,-1,2.7379364590814385e-04,wind_direction:18.4_m:degrees
769,-2,-2.0000000000000000e+00,6.4761904761904771e-02,-1,-1,9.1609977324261758e-05,wind_direction:18.4_m:degrees
770,11,3.2473500061035156e+02,3.7000000000000012e-02,1315,1316,3.2100000000000184e-04,wind_direction:18.4_m:degrees
771,11,2.2997999572753906e+02,2.2666666666666660e-03,903,904,2.4686222222222221e-04,wind_direction:18.4_m:degrees
772,7,2.5499999523162842e+00,-9.6172248803827812e-03,1293,1294,1.7305922483459656e-04,wave_height:0_m:m
773,-2,-2.0000000000000000e+00,2.8666666666666668e-01,-1,-1,1.2222222222227352e-04,wind_direction:18.4_m:degrees
774,-2,-2.0000000000000000e+00,2.2999999999999998e-01,-1,-1,9.9999999999975109e-05,wind_direction:18.4_m:degrees
775,-2,-2.0000000000000000e+00,2.0374999999999999e-01,-1,-1,2.7343750000000111e-04,wind_direction:18.4_m:degrees
776,-2,-2.0000000000000000e+00,1.5000000000000002e-01,-1,-1,1.5000000000001470e-04,wind_direction:18.4_m:degrees
777,2,2.8769000244140625e+02,2.1111111111111112e-02,945,946,2.9432098765432084e-04,water_sfc_temperature:0_m:K
778,10,6.6485993862152100e+00,7.0143884892086387e-03,1045,1046,2.0583432534547930e-04,wind_speed:18.4_m:m_s-1
779,-2,-2.0000000000000000e+00,2.0307692307692304e-01,-1,-1,2.5207100591713438e-04,wind_direction:18.4_m:degrees
780,-2,-2.0000000000000000e+00,2.4111111111111111e-01,-1,-1,1.8765432098766244e-04,wind_direction:18.4_m:degrees
781,-2,-2.0000000000000000e+00,2.9677419354838721e-02,-1,-1,1.4505723204994759e-04,wind_direction:18.4_m:degrees
782,10,8.4580049514770508e+00,1.3291925465838480e-02,783,784,2.8978434473978708e-04,wind_speed:18.4_m:m_s-1
783,10,8.4503736495971680e+00,1.0330578512396689e-02,785,786,3.1228741206201826e-04,wind_speed:18.4_m:m_s-1
784,-2,-2.0000000000000000e+00,2.2250000000000013e-02,-1,-1,1.1493750000000187e-04,wind_direction:18.4_m:degrees
785,7,1.2500000000000000e+00,1.1249999999999998e-02,821,822,2.1260416666666709e-04,wave_height:0_m:m
786,-2,-2.0000000000000000e+00,-1.0000000000000001e-01,-1,-1,-5.0306980803327406e-17,wind_direction:18.4_m:degrees
787,-2,-2.0000000000000000e+00,6.0000000000000001e-03,-1,-1,1.4399999999999998e-04,wind_direction:18.4_m:degrees
788,2,2.9069000244140625e+02,4.5918367346938764e-02,901,902,2.1395251978342409e-04,water_sfc_temperature:0_m:K
789,10,6.9452285766601562e+00,-4.6487294469357019e-03,1441,1442,1.4983923979077702e-04,wind_speed:18.4_m:m_s-1
790,1,2.8609255981445312e+02,-2.1481481481481483e-02,791,792,6.7928669410149880e-04,azimuth:0_m:degrees
791,-2,-2.0000000000000000e+00,-1.1304347826086957e-02,-1,-1,9.8298676748582141e-05,wind_direction:18.4_m:degrees
792,-2,-2.0000000000000000e+00,-8.0000000000000002e-02,-1,-1,0.0000000000000000e+00,wind_direction:18.4_m:degrees
793,11,1.8906500244140625e+02,-4.1989528795811491e-02,869,870,1.8766481181984847e-04,wind_direction:18.4_m:degrees
794,11,1.9093499755859375e+02,-3.2153846153846158e-02,795,796,2.1689940828403418e-04,wind_direction:18.4_m:degrees
795,-2,-2.0000000000000000e+00,5.9999999999999998e-02,-1,-1,0.0000000000000000e+00,wind_direction:18.4_m:degrees
796,10,1.1038002967834473e+01,-3.2868217054263557e-02,1213,1214,1.5223844720870135e-04,wind_speed:18.4_m:m_s-1
797,12,-3.4239601343870163e-02,2.0720000000000000e-01,985,986,4.6015999999999418e-04,bulk_richardson:18.4_m:none
798,-2,-2.0000000000000000e+00,2.6000000000000001e-01,-1,-1,1.9999999999997797e-04,wind_direction:18.4_m:degrees
799,12,2.6032307185232639e-02,-3.7966804979253132e-03,829,830,1.9533625454107219e-04,bulk_richardson:18.4_m:none
800,3,1.0250000000000000e+03,1.1111111111111110e-02,801,802,3.9876543209876674e-04,pressure:18.4_m:hPa
801,8,8.5000000000000000e+00,1.4705882352941180e-02,1995,1996,1.8961937716262955e-04,wave_period:0_m:s
802,-2,-2.0000000000000000e+00,-5.0000000000000003e-02,-1,-1,2.1684043449710089e-18,wind_direction:18.4_m:degrees
803,12,-9.7935814410448074e-02,8.5344827586206887e-02,1127,1128,4.1108799048751414e-04,bulk_richardson:18.4_m:none
804,-2,-2.0000000000000000e+00,5.4444444444444448e-02,-1,-1,2.2469135802469968e-04,wind_direction:18.4_m:degrees
805,-2,-2.0000000000000000e+00,-7.7894736842105267e-02,-1,-1,1.6398891966758981e-04,wind_direction:18.4_m:degrees
806,-2,-2.0000000000000000e+00,-5.3235294117647075e-02,-1,-1,6.3062283737021305e-05,wind_direction:18.4_m:degrees
807,-2,-2.0000000000000000e+00,9.9999999999999992e-02,-1,-1,2.0000000000000052e-04,wind_direction:18.4_m:degrees
808,9,8.9892776489257812e+01,4.9107142857142870e-02,1329,1330,2.3313137755102010e-04,angle_between_wind_wave:0_m:degrees
809,5,4.4100000381469727e+01,2.3934065934065857e-02,811,812,2.5287477357807458e-04,relative_humidity:18.4_m:%
810,4,4.8819110393524170e+00,9.9999999999999985e-03,1523,1524,1.6585365853658617e-04,mixing_ratio:18.4_m:g_kg-1
811,5,4.3550001144409180e+01,-1.6666666666666666e-02,1129,1130,6.0000000000000006e-04,relative_humidity:18.4_m:%
812,10,5.4352319240570068e+00,2.4753363228699459e-02,813,814,2.1193468599811421e-04,wind_speed:18.4_m:m_s-1
813,5,5.2649999618530273e+01,1.8984771573604047e-02,1135,1136,1.3704037723208552e-04,relative_humidity:18.4_m:%
814,2,2.8824499511718750e+02,2.9317269076305184e-02,815,816,2.2403187045371223e-04,water_sfc_temperature:0_m:K
815,12,-6.7606925964355469e-02,2.4838709677419350e-02,1093,1094,1.3336108220603758e-04,bulk_richardson:18.4_m:none
816,10,8.9948811531066895e+00,3.6702127659574472e-02,817,818,2.8593254866455717e-04,wind_speed:18.4_m:m_s-1
817,0,1.3912681579589844e+02,3.7634408602150560e-02,819,820,2.0730720314487234e-04,zenith:0_m:degrees
818,-2,-2.0000000000000000e+00,-5.0000000000000003e-02,-1,-1,7.5460471204991109e-17,wind_direction:18.4_m:degrees
819,9,9.0563022613525391e+01,4.2133333333333349e-02,1857,1858,1.4744888888888687e-04,angle_between_wind_wave:0_m:degrees
820,-2,-2.0000000000000000e+00,1.8888888888888889e-02,-1,-1,2.0987654320989461e-05,wind_direction:18.4_m:degrees
821,12,-3.2401859760284424e-02,1.2337662337662335e-02,911,912,1.6336650362624406e-04,bulk_richardson:18.4_m:none
822,5,8.2850002288818359e+01,-1.6666666666666666e-02,991,992,6.6666666666666935e-04,relative_humidity:18.4_m:%
823,-2,-2.0000000000000000e+00,5.8407079646017723e-03,-1,-1,5.4381705693476338e-05,wind_direction:18.4_m:degrees
824,10,5.8410489559173584e+00,1.6642335766423360e-02,1379,1380,1.2887207629602048e-04,wind_speed:18.4_m:m_s-1
825,-2,-2.0000000000000000e+00,6.5000000000000002e-02,-1,-1,2.2500000000000037e-04,wind_direction:18.4_m:degrees
826,-2,-2.0000000000000000e+00,1.2200000000000000e-01,-1,-1,9.5999999999998864e-05,wind_direction:18.4_m:degrees
827,-2,-2.0000000000000000e+00,-8.9999999999999997e-02,-1,-1,0.0000000000000000e+00,wind_direction:18.4_m:degrees
828,-2,-2.0000000000000000e+00,-1.8500000000000000e-01,-1,-1,6.2500000000000056e-04,wind_direction:18.4_m:degrees
829,2,2.7670500183105469e+02,-5.5086848635235719e-03,855,856,1.5278094194287275e-04,water_sfc_temperature:0_m:K
830,0,4.9878122329711914e+01,4.9367088607594920e-03,831,832,3.2119852587726396e-04,zenith:0_m:degrees
831,2,2.7407499694824219e+02,3.6999999999999991e-02,1365,1366,4.6100000000000026e-04,water_sfc_temperature:0_m:K
832,-2,-2.0000000000000000e+00,2.8985507246376778e-04,-1,-1,1.3035076664566264e-04,wind_direction:18.4_m:degrees
833,-2,-2.0000000000000000e+00,3.9047619047619053e-02,-1,-1,7.5283446712018061e-05,wind_direction:18.4_m:degrees
834,2,2.8725500488281250e+02,6.2727272727272743e-02,1369,1370,3.2286501377410282e-04,water_sfc_temperature:0_m:K
835,11,1.2010499954223633e+02,2.2027027027027041e-02,837,838,2.8102629656683676e-04,wind_direction:18.4_m:degrees
836,-2,-2.0000000000000000e+00,9.1176470588235359e-03,-1,-1,8.6476355247982009e-05,wind_direction:18.4_m:degrees
837,10,5.1776452064514160e+00,-1.9999999999999997e-02,1783,1784,5.9999999999999995e-04,wind_speed:18.4_m:m_s-1
838,1,1.1241640090942383e+02,2.5072463768115952e-02,1831,1832,1.2064692291535338e-04,azimuth:0_m:degrees
839,-2,-2.0000000000000000e+00,2.0826086956521744e-01,-1,-1,1.7088846880904812e-04,wind_direction:18.4_m:degrees
840,-2,-2.0000000000000000e+00,2.6000000000000001e-01,-1,-1,6.9388939039072284e-17,wind_direction:18.4_m:degrees
841,-2,-2.0000000000000000e+00,2.6646341463414630e-02,-1,-1,1.3082614515169558e-04,wind_direction:18.4_m:degrees
842,-2,-2.0000000000000000e+00,6.3157894736842113e-03,-1,-1,5.4847645429366113e-05,wind_direction:18.4_m:degrees
843,-2,-2.0000000000000000e+00,1.9210526315789473e-02,-1,-1,1.3885041551246513e-04,wind_direction:18.4_m:degrees
844,11,3.1934500122070312e+02,3.8857142857142861e-02,1459,1460,2.5012244897959133e-04,wind_direction:18.4_m:degrees
845,-2,-2.0000000000000000e+00,6.6000000000000003e-02,-1,-1,2.3999999999999716e-05,wind_direction:18.4_m:degrees
846,4,1.2561025023460388e+00,1.0692307692307693e-01,1893,1894,3.6745562130177309e-04,mixing_ratio:18.4_m:g_kg-1
847,11,2.0937000274658203e+02,-4.2897727272727306e-03,1219,1220,1.2506375903925630e-04,wind_direction:18.4_m:degrees
848,-2,-2.0000000000000000e+00,-4.2000000000000003e-02,-1,-1,2.5599999999999300e-04,wind_direction:18.4_m:degrees
849,-2,-2.0000000000000000e+00,-4.7020301244269543e-03,-1,-1,6.9966878655281645e-05,wind_direction:18.4_m:degrees
850,4,7.1202986240386963e+00,-1.1263736263736267e-02,851,852,4.9345791571065920e-04,mixing_ratio:18.4_m:g_kg-1
851,-2,-2.0000000000000000e+00,-8.0000000000000002e-02,-1,-1,6.6666666666666263e-05,wind_direction:18.4_m:degrees
852,12,2.2013534326106310e-03,-8.9204545454545491e-03,1049,1050,3.4144821797520684e-04,bulk_richardson:18.4_m:none
853,-2,-2.0000000000000000e+00,1.2400000000000001e-01,-1,-1,2.9066666666667691e-04,wind_direction:18.4_m:degrees
854,-2,-2.0000000000000000e+00,8.5714285714285715e-02,-1,-1,2.5306122448978414e-04,wind_direction:18.4_m:degrees
855,10,7.8046634197235107e+00,-8.2795698924731202e-03,1501,1502,1.4184298762862782e-04,wind_speed:18.4_m:m_s-1
856,3,1.0094500122070312e+03,7.2580645161290339e-04,983,984,1.2124739854318413e-04,pressure:18.4_m:hPa
857,0,7.4044483184814453e+01,-2.1075268817204309e-02,897,898,2.4615562492773723e-04,zenith:0_m:degrees
858,3,1.0072500000000000e+03,-1.1653061224489782e-02,859,860,2.1910412328196734e-04,pressure:18.4_m:hPa
859,-2,-2.0000000000000000e+00,9.5454545454545445e-03,-1,-1,8.6157024793388448e-05,wind_direction:18.4_m:degrees
860,8,4.5499999523162842e+00,-1.2649572649572630e-02,861,862,2.0323617503104741e-04,wave_period:0_m:s
861,2,2.8472999572753906e+02,-9.0780141843971665e-03,863,864,1.7645490669483433e-04,water_sfc_temperature:0_m:K
862,9,8.9290275573730469e+01,-1.8064516129032256e-02,899,900,1.9517863336802139e-04,angle_between_wind_wave:0_m:degrees
863,-2,-2.0000000000000000e+00,1.0000000000000000e-02,-1,-1,2.9999999999999984e-05,wind_direction:18.4_m:degrees
864,11,2.0805000305175781e+02,-1.0534351145038170e-02,865,866,1.5772973602936897e-04,wind_direction:18.4_m:degrees
865,11,1.7171000671386719e+02,-1.5693430656934314e-02,1121,1122,1.5882572326708920e-04,wind_direction:18.4_m:degrees
866,2,2.8974499511718750e+02,-4.8799999999999989e-03,1537,1538,9.5385599999999889e-05,water_sfc_temperature:0_m:K
867,-2,-2.0000000000000000e+00,1.8200000000000000e-01,-1,-1,2.1600000000000091e-04,wind_direction:18.4_m:degrees
868,5,5.1750000000000000e+01,1.5187500000000001e-01,1605,1606,3.1523437500000778e-04,relative_humidity:18.4_m:%
869,10,1.2263668537139893e+01,-4.0114942528735618e-02,1513,1514,1.5171092614612463e-04,wind_speed:18.4_m:m_s-1
870,-2,-2.0000000000000000e+00,-6.1176470588235297e-02,-1,-1,1.5155709342561758e-04,wind_direction:18.4_m:degrees
871,-2,-2.0000000000000000e+00,5.0000000000000003e-02,-1,-1,1.3333333333333339e-04,wind_direction:18.4_m:degrees
872,2,2.9173500061035156e+02,2.1695906432748536e-02,923,924,1.3805957388598225e-04,water_sfc_temperature:0_m:K
873,2,2.7977999877929688e+02,1.9619047619047619e-01,1235,1236,7.2834467120181517e-04,water_sfc_temperature:0_m:K
874,-2,-2.0000000000000000e+00,1.3500000000000001e-01,-1,-1,2.2500000000001338e-04,wind_direction:18.4_m:degrees
875,-2,-2.0000000000000000e+00,1.4545454545454545e-02,-1,-1,4.2975206611570274e-05,wind_direction:18.4_m:degrees
876,-2,-2.0000000000000000e+00,4.3437500000000004e-02,-1,-1,1.6630859374999881e-04,wind_direction:18.4_m:degrees
877,0,1.1854900741577148e+02,-1.7350157728706593e-02,979,980,1.6963448735682666e-04,zenith:0_m:degrees
878,4,1.5545031070709229e+01,-2.5238095238095219e-02,879,880,2.2851473922903440e-04,mixing_ratio:18.4_m:g_kg-1
879,2,2.9337500000000000e+02,-2.3092105263157896e-02,953,954,1.8978099030470940e-04,water_sfc_temperature:0_m:K
880,-2,-2.0000000000000000e+00,-4.5625000000000006e-02,-1,-1,1.3710937500001135e-04,wind_direction:18.4_m:degrees
881,-2,-2.0000000000000000e+00,2.5000000000000001e-03,-1,-1,1.0208333333333334e-04,wind_direction:18.4_m:degrees
882,3,1.0104500122070312e+03,3.1111111111111110e-02,1349,1350,3.3580246913580242e-04,pressure:18.4_m:hPa
883,12,1.6142799868248403e-03,-1.8181818181818184e-02,1385,1386,3.4820936639118436e-04,bulk_richardson:18.4_m:none
884,2,2.8497000122070312e+02,1.6666666666666663e-03,1677,1678,1.5277777777777769e-04,water_sfc_temperature:0_m:K
885,6,2.0350000000000000e+02,-7.9146919431279661e-03,1317,1318,1.5299746187192562e-04,wave_direction:0_m:degrees
886,1,2.7763815307617188e+02,-1.5461254612546113e-02,1475,1476,2.2773927370270251e-04,azimuth:0_m:degrees
887,3,1.0128999938964844e+03,2.8753180661577611e-03,2013,2014,4.1096413702905152e-05,pressure:18.4_m:hPa
888,-2,-2.0000000000000000e+00,1.3188405797101458e-02,-1,-1,7.0993488762867082e-05,wind_direction:18.4_m:degrees
889,5,8.4000000000000000e+01,2.6866666666666661e-01,1959,1960,3.9822222222225812e-04,relative_humidity:18.4_m:%
890,-2,-2.0000000000000000e+00,2.2250000000000000e-01,-1,-1,1.6874999999996060e-04,wind_direction:18.4_m:degrees
891,2,2.8902999877929688e+02,-3.5961538461538448e-02,893,894,3.6638313609467683e-04,water_sfc_temperature:0_m:K
892,-2,-2.0000000000000000e+00,-5.0789473684210544e-02,-1,-1,1.4411357340720667e-04,wind_direction:18.4_m:degrees
893,3,1.0116499938964844e+03,-3.2118644067796610e-02,895,896,2.9127405917839960e-04,pressure:18.4_m:hPa
894,11,2.4326999664306641e+02,-4.7894736842105282e-02,995,996,4.1135734072022222e-04,wind_direction:18.4_m:degrees
895,9,8.9131893157958984e+01,-2.8064516129032258e-02,1173,1174,2.6077003121748195e-04,angle_between_wind_wave:0_m:degrees
896,-2,-2.0000000000000000e+00,-4.7200000000000006e-02,-1,-1,1.1616000000000360e-04,wind_direction:18.4_m:degrees
897,7,1.9499999880790710e+00,-6.6666666666666671e-03,1917,1918,2.9722222222222216e-04,wave_height:0_m:m
898,7,1.9499999880790710e+00,-2.6086956521739139e-02,1745,1746,1.3106490233144260e-04,wave_height:0_m:m
899,-2,-2.0000000000000000e+00,-6.4102564102564092e-03,-1,-1,3.8395792241946119e-05,wind_direction:18.4_m:degrees
900,6,2.1350000000000000e+02,-2.1156462585034008e-02,1147,1148,1.9117960109213796e-04,wave_direction:0_m:degrees
901,2,2.8451499938964844e+02,4.3626373626373623e-02,1813,1814,1.5278348025600996e-04,water_sfc_temperature:0_m:K
902,-2,-2.0000000000000000e+00,7.5714285714285720e-02,-1,-1,5.3061224489793155e-05,wind_direction:18.4_m:degrees
903,-2,-2.0000000000000000e+00,-2.7142857142857142e-02,-1,-1,4.8979591836734670e-05,wind_direction:18.4_m:degrees
904,-2,-2.0000000000000000e+00,5.2941176470588233e-03,-1,-1,1.6903114186851212e-04,wind_direction:18.4_m:degrees
905,-2,-2.0000000000000000e+00,1.7263157894736852e-02,-1,-1,7.0404432132963567e-05,wind_direction:18.4_m:degrees
906,2,2.8883499145507812e+02,7.3983739837398428e-03,1185,1186,1.8997950955119359e-04,water_sfc_temperature:0_m:K
907,3,1.0173500061035156e+03,8.6705882352941147e-02,909,910,5.2091349480969367e-04,pressure:18.4_m:hPa
908,-2,-2.0000000000000000e+00,1.1399999999999999e-01,-1,-1,2.0399999999996636e-04,wind_direction:18.4_m:degrees
909,3,1.0126499938964844e+03,9.2222222222222219e-02,927,928,4.5855379188713269e-04,pressure:18.4_m:hPa
910,10,9.3820629119873047e+00,7.0909090909090922e-02,1143,1144,3.6280991735537695e-04,wind_speed:18.4_m:m_s-1
911,12,-4.4400736689567566e-02,1.4568527918781720e-02,1741,1742,1.3648895874668270e-04,bulk_richardson:18.4_m:none
912,-2,-2.0000000000000000e+00,-5.8823529411764722e-04,-1,-1,1.2318339100346047e-04,wind_direction:18.4_m:degrees
913,-2,-2.0000000000000000e+00,1.7999999999999999e-01,-1,-1,0.0000000000000000e+00,wind_direction:18.4_m:degrees
914,6,2.2650000000000000e+02,2.6222222222222219e-01,1105,1106,6.7506172839501555e-04,wave_direction:0_m:degrees
915,-2,-2.0000000000000000e+00,3.4999999999999996e-02,-1,-1,9.1666666666666763e-05,wind_direction:18.4_m:degrees
916,6,2.4000000000000000e+02,6.9038461538461507e-02,1541,1542,2.2215236686390361e-04,wave_direction:0_m:degrees
917,10,1.2106366157531738e+01,-5.0952380952380930e-02,1003,1004,1.9528344671201816e-04,wind_speed:18.4_m:m_s-1
918,3,9.9939999389648438e+02,-3.5000000000000010e-02,1867,1868,2.3676470588235299e-04,pressure:18.4_m:hPa
919,8,8.6500000953674316e+00,1.0227272727272729e-02,1091,1092,3.9313016528925613e-04,wave_period:0_m:s
920,11,2.2241500091552734e+02,3.2000000000000001e-02,1339,1340,5.9600000000000018e-04,wind_direction:18.4_m:degrees
921,0,1.1793071365356445e+02,-1.3813559322033904e-02,1253,1254,1.3884659580580268e-04,zenith:0_m:degrees
922,10,5.0886192321777344e+00,-5.8681875792141831e-03,1719,1720,1.2868224525759055e-04,wind_speed:18.4_m:m_s-1
923,5,4.9800001144409180e+01,1.7232142857142869e-02,1773,1774,9.3231823979591632e-05,relative_humidity:18.4_m:%
924,0,1.3443638610839844e+02,3.0169491525423746e-02,1883,1884,1.1353059465670813e-04,zenith:0_m:degrees
925,2,2.9177999877929688e+02,-1.7200000000000003e-02,1769,1770,1.2015999999999974e-04,water_sfc_temperature:0_m:K
926,-2,-2.0000000000000000e+00,9.3749999999999997e-04,-1,-1,8.4960937500002671e-06,wind_direction:18.4_m:degrees
927,2,2.8294000244140625e+02,7.5000000000000011e-02,1791,1792,3.7499999999999947e-04,water_sfc_temperature:0_m:K
928,1,1.8862570190429688e+02,9.8085106382978723e-02,981,982,3.5165233137166713e-04,azimuth:0_m:degrees
929,-2,-2.0000000000000000e+00,2.2000000000000000e-01,-1,-1,0.0000000000000000e+00,wind_direction:18.4_m:degrees
930,5,4.7200000762939453e+01,1.5777777777777777e-01,1251,1252,7.9506172839507311e-04,relative_humidity:18.4_m:%
931,-2,-2.0000000000000000e+00,-1.3333333333333331e-03,-1,-1,2.4888888888888889e-05,wind_direction:18.4_m:degrees
932,-2,-2.0000000000000000e+00,2.1304347826086964e-02,-1,-1,8.3805923125393239e-05,wind_direction:18.4_m:degrees
933,-2,-2.0000000000000000e+00,-1.6861081654294815e-03,-1,-1,5.1345798533369288e-05,wind_direction:18.4_m:degrees
934,1,1.1619415283203125e+02,4.4174757281553413e-03,935,936,2.6058299556979954e-04,azimuth:0_m:degrees
935,4,8.0375096797943115e+00,-4.4262295081967220e-03,1059,1060,5.7876914807847345e-04,mixing_ratio:18.4_m:g_kg-1
936,-2,-2.0000000000000000e+00,8.1379310344827632e-03,-1,-1,7.9980975029726652e-05,wind_direction:18.4_m:degrees
937,-2,-2.0000000000000000e+00,4.2857142857142858e-02,-1,-1,7.7551020408163363e-05,wind_direction:18.4_m:degrees
938,7,1.5500000119209290e+00,7.4893617021276601e-02,1737,1738,2.3349932095970485e-04,wave_height:0_m:m
939,10,5.7269358634948730e+00,2.9152542372881372e-02,1593,1594,1.4334961218040714e-04,wind_speed:18.4_m:m_s-1
940,-2,-2.0000000000000000e+00,7.0000000000000007e-02,-1,-1,-6.0715321659188248e-18,wind_direction:18.4_m:degrees
941,10,1.4137386322021484e+01,1.4399999999999999e-01,1261,1262,8.6400000000000018e-04,wind_speed:18.4_m:m_s-1
942,2,2.7972000122070312e+02,1.8157894736842106e-01,1355,1356,4.0803324099720345e-04,water_sfc_temperature:0_m:K
943,-2,-2.0000000000000000e+00,1.2241379310344830e-01,-1,-1,2.5969084423305665e-04,wind_direction:18.4_m:degrees
944,-2,-2.0000000000000000e+00,1.7999999999999999e-01,-1,-1,1.0000000000002368e-04,wind_direction:18.4_m:degrees
945,5,6.7100000381469727e+01,8.0000000000000002e-03,1967,1968,1.7600000000000005e-04,relative_humidity:18.4_m:%
946,-2,-2.0000000000000000e+00,3.1600000000000003e-02,-1,-1,1.4143999999999984e-04,wind_direction:18.4_m:degrees
947,-2,-2.0000000000000000e+00,2.4324324324324333e-02,-1,-1,1.0021913805697560e-04,wind_direction:18.4_m:degrees
948,6,1.9250000000000000e+02,1.0327102803738318e-02,1971,1972,1.4335094768102061e-04,wave_direction:0_m:degrees
949,4,1.3906163573265076e+00,3.7851239669421471e-02,951,952,2.1852332490950141e-04,mixing_ratio:18.4_m:g_kg-1
950,-2,-2.0000000000000000e+00,6.0000000000000005e-02,-1,-1,2.0000000000001267e-04,wind_direction:18.4_m:degrees
951,5,3.3000000000000000e+01,4.7037037037037037e-02,1343,1344,2.0233196159122118e-04,relative_humidity:18.4_m:%
952,-2,-2.0000000000000000e+00,3.0447761194029865e-02,-1,-1,1.0875473379372020e-04,wind_direction:18.4_m:degrees
953,2,2.9272500610351562e+02,-2.5035971223021578e-02,1873,1874,1.3866777081931536e-04,water_sfc_temperature:0_m:K
954,-2,-2.0000000000000000e+00,-2.3076923076923075e-03,-1,-1,2.6390532544378318e-04,wind_direction:18.4_m:degrees
955,2,2.8022500610351562e+02,1.8333333333333332e-01,1765,1766,2.6666666666665811e-04,water_sfc_temperature:0_m:K
956,-2,-2.0000000000000000e+00,1.4857142857142858e-01,-1,-1,1.5510204081635101e-04,wind_direction:18.4_m:degrees
957,12,-2.2943930327892303e-01,2.7741935483870959e-02,1009,1010,2.1855705861949866e-04,bulk_richardson:18.4_m:none
958,4,3.2526087760925293e+00,3.5942857142857110e-02,1043,1044,1.9096816326531481e-04,mixing_ratio:18.4_m:g_kg-1
959,-2,-2.0000000000000000e+00,2.2000000000000002e-02,-1,-1,1.3600000000000000e-04,wind_direction:18.4_m:degrees
960,10,6.1472945213317871e+00,4.7882352941176473e-02,971,972,2.8963321799307983e-04,wind_speed:18.4_m:m_s-1
961,-2,-2.0000000000000000e+00,4.1428571428571433e-02,-1,-1,4.0816326530611737e-05,wind_direction:18.4_m:degrees
962,-2,-2.0000000000000000e+00,7.6666666666666675e-02,-1,-1,1.6888888888888856e-04,wind_direction:18.4_m:degrees
963,9,9.2761787414550781e+01,-7.0682730923694757e-03,1311,1312,1.9020015806196709e-04,angle_between_wind_wave:0_m:degrees
964,10,6.0532121658325195e+00,-1.2950191570881215e-02,965,966,3.9780977965678753e-04,wind_speed:18.4_m:m_s-1
965,5,9.5799999237060547e+01,-4.9000000000000002e-02,967,968,1.7490000000000006e-03,relative_humidity:18.4_m:%
966,7,3.1499999761581421e+00,-1.1513944223107560e-02,969,970,2.9013825177378195e-04,wave_height:0_m:m
967,-2,-2.0000000000000000e+00,-1.0000000000000001e-01,-1,-1,0.0000000000000000e+00,wind_direction:18.4_m:degrees
968,-2,-2.0000000000000000e+00,-1.4999999999999999e-02,-1,-1,2.5000000000000093e-05,wind_direction:18.4_m:degrees
969,0,7.0497222900390625e+01,-1.2448979591836731e-02,1021,1022,2.5849229487713517e-04,zenith:0_m:degrees
970,-2,-2.0000000000000000e+00,2.6666666666666668e-02,-1,-1,8.8888888888896699e-05,wind_direction:18.4_m:degrees
971,-2,-2.0000000000000000e+00,7.5714285714285720e-02,-1,-1,2.4489795918366739e-05,wind_direction:18.4_m:degrees
972,3,1.0279499511718750e+03,4.5384615384615398e-02,1289,1290,2.3767258382643075e-04,pressure:18.4_m:hPa
973,1,1.1671265792846680e+02,2.5660377358490576e-02,1383,1384,2.2079031683873223e-04,azimuth:0_m:degrees
974,4,7.3049843311309814e+00,1.1866666666666671e-02,2019,2020,1.5118222222222229e-04,mixing_ratio:18.4_m:g_kg-1
975,-2,-2.0000000000000000e+00,-3.4000000000000002e-02,-1,-1,1.4400000000000003e-04,wind_direction:18.4_m:degrees
976,4,1.3491329669952393e+01,-6.9142857142857145e-02,977,978,4.0783673469388382e-04,mixing_ratio:18.4_m:g_kg-1
977,9,9.0572315216064453e+01,-7.1111111111111125e-02,1335,1336,3.6139169472502921e-04,angle_between_wind_wave:0_m:degrees
978,-2,-2.0000000000000000e+00,-3.6666666666666674e-02,-1,-1,5.5555555555541775e-05,wind_direction:18.4_m:degrees
979,12,4.8197644355241209e-04,-1.5688405797101436e-02,1067,1068,1.6365653224112675e-04,bulk_richardson:18.4_m:none
980,-2,-2.0000000000000000e+00,-2.8536585365853663e-02,-1,-1,6.6151100535396276e-05,wind_direction:18.4_m:degrees
981,-2,-2.0000000000000000e+00,1.0689655172413795e-01,-1,-1,2.9726516052318644e-04,wind_direction:18.4_m:degrees
982,-2,-2.0000000000000000e+00,8.3888888888888902e-02,-1,-1,1.1265432098765422e-04,wind_direction:18.4_m:degrees
983,11,3.2162500000000000e+02,9.3749999999999997e-03,1611,1612,8.9192708333333349e-05,wind_direction:18.4_m:degrees
984,-2,-2.0000000000000000e+00,-4.7368421052631582e-03,-1,-1,6.4404432132963936e-05,wind_direction:18.4_m:degrees
985,3,1.0205499877929688e+03,2.1578947368421050e-01,1637,1638,2.7700831024930761e-04,pressure:18.4_m:hPa
986,-2,-2.0000000000000000e+00,1.8000000000000002e-01,-1,-1,6.6666666666714836e-05,wind_direction:18.4_m:degrees
987,-2,-2.0000000000000000e+00,1.7931034482758627e-02,-1,-1,9.2271105826397068e-05,wind_direction:18.4_m:degrees
988,-2,-2.0000000000000000e+00,-9.9999999999999985e-03,-1,-1,1.3999999999999993e-04,wind_direction:18.4_m:degrees
989,-2,-2.0000000000000000e+00,3.1666666666666669e-02,-1,-1,4.7222222222221936e-05,wind_direction:18.4_m:degrees
990,-2,-2.0000000000000000e+00,6.8125000000000005e-02,-1,-1,5.2734374999998529e-05,wind_direction:18.4_m:degrees
991,-2,-2.0000000000000000e+00,-4.4999999999999998e-02,-1,-1,2.5000000000000282e-05,wind_direction:18.4_m:degrees
992,-2,-2.0000000000000000e+00,6.0000000000000001e-03,-1,-1,2.3999999999999980e-05,wind_direction:18.4_m:degrees
993,12,-7.4504945427179337e-02,4.5624999999999999e-02,1871,1872,2.7460937500000055e-04,bulk_richardson:18.4_m:none
994,-2,-2.0000000000000000e+00,7.2500000000000009e-02,-1,-1,1.3124999999999856e-04,wind_direction:18.4_m:degrees
995,12,1.0352670680731535e-02,-4.4285714285714296e-02,1681,1682,2.6448979591836563e-04,bulk_richardson:18.4_m:none
996,-2,-2.0000000000000000e+00,-9.0000000000000011e-02,-1,-1,1.9999999999999185e-04,wind_direction:18.4_m:degrees
997,-2,-2.0000000000000000e+00,5.0952380952380964e-02,-1,-1,6.5759637188207449e-05,wind_direction:18.4_m:degrees
998,-2,-2.0000000000000000e+00,8.2500000000000004e-02,-1,-1,1.9375000000000555e-04,wind_direction:18.4_m:degrees
999,0,4.7779333114624023e+01,-3.3518518518518531e-02,1189,1190,3.2280521262002685e-04,zenith:0_m:degrees
1000,-2,-2.0000000000000000e+00,-5.0000000000000001e-03,-1,-1,5.0000000000003838e-05,wind_direction:18.4_m:degrees
1001,2,2.7841499328613281e+02,1.0000000000000003e-01,1583,1584,2.4848484848484682e-04,water_sfc_temperature:0_m:K
1002,-2,-2.0000000000000000e+00,6.4000000000000001e-02,-1,-1,6.4000000000000688e-05,wind_direction:18.4_m:degrees
1003,-2,-2.0000000000000000e+00,-3.1538461538461543e-02,-1,-1,1.2071005917159753e-04,wind_direction:18.4_m:degrees
1004,7,1.9499999880790710e+00,-5.3695652173913040e-02,1153,1154,1.4503780718336766e-04,wave_height:0_m:m
1005,1,6.1915725708007812e+01,1.0052631578947367e-01,1865,1866,2.4709141274238504e-04,azimuth:0_m:degrees
1006,-2,-2.0000000000000000e+00,7.4285714285714288e-02,-1,-1,6.7346938775495087e-05,wind_direction:18.4_m:degrees
1007,-2,-2.0000000000000000e+00,1.9000000000000000e-01,-1,-1,0.0000000000000000e+00,wind_direction:18.4_m:degrees
1008,-2,-2.0000000000000000e+00,1.3399999999999998e-01,-1,-1,1.9733333333334449e-04,wind_direction:18.4_m:degrees
1009,11,3.0168998718261719e+02,3.3020833333333326e-02,1491,1492,1.6691623263888670e-04,wind_direction:18.4_m:degrees
1010,0,1.3858993530273438e+02,2.2111111111111120e-02,1255,1256,2.1220987654321354e-04,zenith:0_m:degrees
1011,-2,-2.0000000000000000e+00,-8.9999999999999997e-02,-1,-1,0.0000000000000000e+00,wind_direction:18.4_m:degrees
1012,12,3.0783778987824917e-02,-1.5000000000000001e-02,1797,1798,1.7857142857142854e-04,bulk_richardson:18.4_m:none
1013,-2,-2.0000000000000000e+00,6.1428571428571430e-02,-1,-1,1.2244897959183803e-05,wind_direction:18.4_m:degrees
1014,-2,-2.0000000000000000e+00,9.7272727272727275e-02,-1,-1,9.2561983471062953e-05,wind_direction:18.4_m:degrees
1015,6,1.8950000000000000e+02,-6.2499999999999993e-02,1017,1018,4.6187499999999987e-03,wave_direction:0_m:degrees
1016,-2,-2.0000000000000000e+00,-2.3103448275862071e-02,-1,-1,2.0071343638525501e-04,wind_direction:18.4_m:degrees
1017,-2,-2.0000000000000000e+00,-2.3333333333333334e-02,-1,-1,2.2222222222222521e-05,wind_direction:18.4_m:degrees
1018,-2,-2.0000000000000000e+00,-1.7999999999999999e-01,-1,-1,-6.9388939039072284e-18,wind_direction:18.4_m:degrees
1019,10,1.1338801860809326e+01,5.6034482758620691e-02,1421,1422,2.0668846611177332e-04,wind_speed:18.4_m:m_s-1
1020,-2,-2.0000000000000000e+00,7.6874999999999999e-02,-1,-1,1.3398437499999392e-04,wind_direction:18.4_m:degrees
1021,-2,-2.0000000000000000e+00,-7.9687500000000036e-03,-1,-1,1.2399902343749979e-04,wind_direction:18.4_m:degrees
1022,8,5.4500000476837158e+00,-1.7350427350427355e-02,1023,1024,3.5964643144130443e-04,wave_period:0_m:s
1023,0,7.1254306793212891e+01,-1.1267605633802821e-02,1829,1830,1.0402697877405273e-04,zenith:0_m:degrees
1024,11,2.5016999816894531e+02,-2.6739130434782613e-02,1025,1026,6.0893194706994401e-04,wind_direction:18.4_m:degrees
1025,2,2.9175500488281250e+02,-2.1578947368421055e-02,1563,1564,3.5013850415512439e-04,water_sfc_temperature:0_m:K
1026,8,6.5000000000000000e+00,-5.1250000000000004e-02,1027,1028,1.1109374999999991e-03,wave_period:0_m:s
1027,-2,-2.0000000000000000e+00,-9.0000000000000011e-02,-1,-1,0.0000000000000000e+00,wind_direction:18.4_m:degrees
1028,-2,-2.0000000000000000e+00,-2.8000000000000004e-02,-1,-1,3.3599999999999993e-04,wind_direction:18.4_m:degrees
1029,-2,-2.0000000000000000e+00,1.0151515151515158e-02,-1,-1,5.8057851239669129e-05,wind_direction:18.4_m:degrees
1030,-2,-2.0000000000000000e+00,2.2727272727272731e-03,-1,-1,1.7561983471074760e-05,wind_direction:18.4_m:degrees
1031,6,2.1450000000000000e+02,-3.3999999999999998e-03,1987,1988,1.1843999999999998e-04,wave_direction:0_m:degrees
1032,-2,-2.0000000000000000e+00,1.6000000000000000e-02,-1,-1,1.3400000000000006e-04,wind_direction:18.4_m:degrees
1033,-2,-2.0000000000000000e+00,1.1551724137931033e-01,-1,-1,1.8335315101069768e-04,wind_direction:18.4_m:degrees
1034,-2,-2.0000000000000000e+00,1.9000000000000000e-01,-1,-1,9.7144514654701197e-17,wind_direction:18.4_m:degrees
1035,-2,-2.0000000000000000e+00,-2.4444444444444446e-02,-1,-1,4.6913580246913658e-05,wind_direction:18.4_m:degrees
1036,-2,-2.0000000000000000e+00,3.7037037037037051e-03,-1,-1,2.0850480109739356e-04,wind_direction:18.4_m:degrees
1037,-2,-2.0000000000000000e+00,-1.7647058823529415e-02,-1,-1,7.6816608996539725e-05,wind_direction:18.4_m:degrees
1038,1,2.4251042938232422e+02,-3.3278688524590171e-02,1809,1810,3.4334856221445711e-04,azimuth:0_m:degrees
1039,11,2.7540998840332031e+02,1.8687500000000001e-01,1215,1216,4.2148437499998220e-04,wind_direction:18.4_m:degrees
1040,-2,-2.0000000000000000e+00,2.3999999999999999e-01,-1,-1,9.7144514654701197e-17,wind_direction:18.4_m:degrees
1041,11,3.1871000671386719e+02,2.3269230769230778e-02,1825,1826,1.2200443786982232e-04,wind_direction:18.4_m:degrees
1042,-2,-2.0000000000000000e+00,3.5686274509803918e-02,-1,-1,1.0099961553249005e-04,wind_direction:18.4_m:degrees
1043,5,6.2750000000000000e+01,4.0937500000000009e-02,1367,1368,1.9807942708333407e-04,relative_humidity:18.4_m:%
1044,3,1.0134000244140625e+03,2.9873417721518997e-02,1203,1204,1.1517385034450162e-04,pressure:18.4_m:hPa
1045,6,1.9800000000000000e+02,3.4337349397590366e-03,1285,1286,2.1772753665263463e-04,wave_direction:0_m:degrees
1046,5,6.2750000000000000e+01,1.2321428571428579e-02,1047,1048,1.4103954081632657e-04,relative_humidity:18.4_m:%
1047,-2,-2.0000000000000000e+00,6.7105263157894749e-03,-1,-1,7.4705678670360074e-05,wind_direction:18.4_m:degrees
1048,-2,-2.0000000000000000e+00,2.4166666666666677e-02,-1,-1,7.4305555555554455e-05,wind_direction:18.4_m:degrees
1049,11,2.4443500518798828e+02,-1.9722222222222228e-02,1051,1052,8.3047839506172839e-04,wind_direction:18.4_m:degrees
1050,-2,-2.0000000000000000e+00,-6.1428571428571452e-03,-1,-1,1.7797959183673469e-04,wind_direction:18.4_m:degrees
1051,10,7.0205016136169434e+00,-1.4687500000000001e-02,1053,1054,7.0615234374999975e-04,wind_speed:18.4_m:m_s-1
1052,-2,-2.0000000000000000e+00,-5.9999999999999998e-02,-1,-1,2.6020852139652106e-18,wind_direction:18.4_m:degrees
1053,6,1.9050000000000000e+02,-8.2142857142857139e-03,1361,1362,2.4323979591836737e-04,wave_direction:0_m:degrees
1054,1,1.6133143997192383e+02,-6.0000000000000005e-02,1055,1056,1.5999999999999999e-03,azimuth:0_m:degrees
1055,-2,-2.0000000000000000e+00,-1.0000000000000001e-01,-1,-1,0.0000000000000000e+00,wind_direction:18.4_m:degrees
1056,-2,-2.0000000000000000e+00,-2.0000000000000000e-02,-1,-1,-8.6736173798840355e-19,wind_direction:18.4_m:degrees
1057,-2,-2.0000000000000000e+00,1.4444444444444451e-02,-1,-1,1.0024691358024665e-04,wind_direction:18.4_m:degrees
1058,9,9.0519454956054688e+01,2.6627218934911216e-02,1103,1104,1.5607996918875480e-04,angle_between_wind_wave:0_m:degrees
1059,9,8.9851325988769531e+01,5.0000000000000001e-03,1807,1808,1.3833333333333335e-04,angle_between_wind_wave:0_m:degrees
1060,5,7.6750000000000000e+01,-1.3548387096774193e-02,1061,1062,8.3579604578563980e-04,relative_humidity:18.4_m:%
1061,2,2.8952000427246094e+02,-5.5000000000000000e-02,1063,1064,3.0249999999999999e-03,water_sfc_temperature:0_m:K
1062,6,2.1900000000000000e+02,-7.4074074074074077e-03,1717,1718,2.1920438957475982e-04,wave_direction:0_m:degrees
1063,-2,-2.0000000000000000e+00,-2.3333333333333334e-02,-1,-1,2.2222222222222196e-05,wind_direction:18.4_m:degrees
1064,-2,-2.0000000000000000e+00,-1.4999999999999999e-01,-1,-1,0.0000000000000000e+00,wind_direction:18.4_m:degrees
1065,12,-2.2149794735014439e-02,7.0833333333333359e-02,1585,1586,1.7986111111110807e-04,bulk_richardson:18.4_m:none
1066,-2,-2.0000000000000000e+00,9.1000000000000025e-02,-1,-1,1.3899999999999677e-04,wind_direction:18.4_m:degrees
1067,-2,-2.0000000000000000e+00,-8.0882352941176478e-03,-1,-1,1.3310986159169547e-04,wind_direction:18.4_m:degrees
1068,10,1.0661207675933838e+01,-1.8173076923076920e-02,1375,1376,1.4858542899408360e-04,wind_speed:18.4_m:m_s-1
1069,-2,-2.0000000000000000e+00,-8.5999999999999993e-02,-1,-1,3.4399999999999969e-04,wind_direction:18.4_m:degrees
1070,-2,-2.0000000000000000e+00,-3.3333333333333333e-02,-1,-1,5.5555555555555523e-04,wind_direction:18.4_m:degrees
1071,0,1.2123203277587891e+02,2.2000000000000006e-02,1225,1226,1.7199999999999963e-04,zenith:0_m:degrees
1072,-2,-2.0000000000000000e+00,6.8292682926829277e-03,-1,-1,1.7287328970850719e-04,wind_direction:18.4_m:degrees
1073,-2,-2.0000000000000000e+00,6.5000000000000002e-02,-1,-1,1.6249999999999945e-04,wind_direction:18.4_m:degrees
1074,11,3.4533000183105469e+02,8.7096774193548401e-02,1653,1654,2.6576482830384298e-04,wind_direction:18.4_m:degrees
1075,-2,-2.0000000000000000e+00,3.0624999999999999e-02,-1,-1,1.6835937500000011e-04,wind_direction:18.4_m:degrees
1076,-2,-2.0000000000000000e+00,5.0847457627118654e-02,-1,-1,2.8233266302786454e-04,wind_direction:18.4_m:degrees
1077,11,3.1714500427246094e+02,5.9078947368421043e-02,1643,1644,2.7152008310249139e-04,wind_direction:18.4_m:degrees
1078,-2,-2.0000000000000000e+00,3.2500000000000001e-02,-1,-1,1.9375000000000989e-04,wind_direction:18.4_m:degrees
1079,-2,-2.0000000000000000e+00,1.7391304347826087e-02,-1,-1,1.2362948960302429e-04,wind_direction:18.4_m:degrees
1080,-2,-2.0000000000000000e+00,4.9999999999999996e-02,-1,-1,2.0000000000000096e-04,wind_direction:18.4_m:degrees
1081,-2,-2.0000000000000000e+00,-8.0000000000000002e-02,-1,-1,0.0000000000000000e+00,wind_direction:18.4_m:degrees
1082,6,1.9350000000000000e+02,-8.0000000000000002e-03,1925,1926,3.3599999999999987e-04,wave_direction:0_m:degrees
1083,-2,-2.0000000000000000e+00,1.2555555555555553e-01,-1,-1,1.5802469135803299e-04,wind_direction:18.4_m:degrees
1084,-2,-2.0000000000000000e+00,7.0000000000000007e-02,-1,-1,-6.9388939039072284e-18,wind_direction:18.4_m:degrees
1085,-2,-2.0000000000000000e+00,5.5000000000000000e-02,-1,-1,2.5000000000000282e-05,wind_direction:18.4_m:degrees
1086,3,1.0208500061035156e+03,1.0750000000000001e-01,1087,1088,3.8874999999999847e-04,pressure:18.4_m:hPa
1087,-2,-2.0000000000000000e+00,1.0166666666666667e-01,-1,-1,9.1666666666665245e-05,wind_direction:18.4_m:degrees
1088,-2,-2.0000000000000000e+00,1.6000000000000000e-01,-1,-1,-2.7755575615628914e-17,wind_direction:18.4_m:degrees
1089,-2,-2.0000000000000000e+00,2.7333333333333337e-01,-1,-1,8.8888888888888351e-05,wind_direction:18.4_m:degrees
1090,-2,-2.0000000000000000e+00,2.2333333333333336e-01,-1,-1,2.8888888888888714e-04,wind_direction:18.4_m:degrees
1091,5,6.5149997711181641e+01,8.6046511627906972e-03,1233,1234,2.8642509464575432e-04,relative_humidity:18.4_m:%
1092,-2,-2.0000000000000000e+00,8.0000000000000002e-02,-1,-1,0.0000000000000000e+00,wind_direction:18.4_m:degrees
1093,3,1.0021000061035156e+03,2.8921568627450996e-02,1981,1982,1.1942522106881944e-04,pressure:18.4_m:hPa
1094,-2,-2.0000000000000000e+00,1.6981132075471705e-02,-1,-1,6.6358134567461860e-05,wind_direction:18.4_m:degrees
1095,-2,-2.0000000000000000e+00,1.1000000000000004e-01,-1,-1,2.3030303030303033e-04,wind_direction:18.4_m:degrees
1096,-2,-2.0000000000000000e+00,8.5454545454545450e-02,-1,-1,4.2975206611577457e-05,wind_direction:18.4_m:degrees
1097,1,1.2514330291748047e+02,4.6153846153846170e-02,1437,1438,2.2751479289940830e-04,azimuth:0_m:degrees
1098,-2,-2.0000000000000000e+00,2.9230769230769241e-02,-1,-1,9.1715976331364956e-05,wind_direction:18.4_m:degrees
1099,-2,-2.0000000000000000e+00,1.5666666666666665e-01,-1,-1,5.5555555555562158e-05,wind_direction:18.4_m:degrees
1100,-2,-2.0000000000000000e+00,1.2090909090909094e-01,-1,-1,1.1735537190082738e-04,wind_direction:18.4_m:degrees
1101,9,8.9215053558349609e+01,2.4058823529411774e-01,1395,1396,6.0553633217991926e-04,angle_between_wind_wave:0_m:degrees
1102,-2,-2.0000000000000000e+00,2.6187500000000008e-01,-1,-1,1.9023437500007012e-04,wind_direction:18.4_m:degrees
1103,-2,-2.0000000000000000e+00,2.1808510638297880e-02,-1,-1,1.4460162969669730e-04,wind_direction:18.4_m:degrees
1104,0,1.2099304962158203e+02,3.2666666666666670e-02,2017,2018,1.0488888888889004e-04,zenith:0_m:degrees
1105,2,2.8237500000000000e+02,2.5000000000000000e-01,1673,1674,3.3684210526316316e-04,water_sfc_temperature:0_m:K
1106,7,2.3500000238418579e+00,2.7115384615384613e-01,1107,1108,7.3328402366866496e-04,wave_height:0_m:m
1107,2,2.7700498962402344e+02,2.6625000000000004e-01,1263,1264,4.8177083333335313e-04,water_sfc_temperature:0_m:K
1108,-2,-2.0000000000000000e+00,3.3000000000000002e-01,-1,-1,5.5511151231257827e-17,wind_direction:18.4_m:degrees
1109,-2,-2.0000000000000000e+00,6.0344827586206896e-03,-1,-1,5.8412604042806194e-05,wind_direction:18.4_m:degrees
1110,3,1.0142500000000000e+03,-3.6820925553319945e-03,1111,1112,1.1501362298539764e-04,pressure:18.4_m:hPa
1111,9,8.9360717773437500e+01,4.6391752577319579e-03,1115,1116,1.8569454777340845e-04,angle_between_wind_wave:0_m:degrees
1112,9,8.7219486236572266e+01,-5.7000000000000019e-03,1113,1114,7.7010000000000240e-05,angle_between_wind_wave:0_m:degrees
1113,-2,-2.0000000000000000e+00,-8.0000000000000002e-02,-1,-1,0.0000000000000000e+00,wind_direction:18.4_m:degrees
1114,-2,-2.0000000000000000e+00,-5.5137844611528840e-03,-1,-1,6.3332516755547962e-05,wind_direction:18.4_m:degrees
1115,-2,-2.0000000000000000e+00,1.6538461538461540e-02,-1,-1,6.8786982248520573e-05,wind_direction:18.4_m:degrees
1116,10,6.6706032752990723e+00,2.8169014084507087e-04,1833,1834,1.5766712953779014e-04,wind_speed:18.4_m:m_s-1
1117,-2,-2.0000000000000000e+00,9.5555555555555560e-02,-1,-1,1.2469135802469465e-04,wind_direction:18.4_m:degrees
1118,11,2.4894499969482422e+02,1.1999999999999998e-01,1603,1604,3.5999999999999401e-04,wind_direction:18.4_m:degrees
1119,-2,-2.0000000000000000e+00,2.0000000000000000e-03,-1,-1,5.6000000000000006e-05,wind_direction:18.4_m:degrees
1120,1,8.8656547546386719e+01,-3.3333333333333333e-02,2023,2024,1.8888888888888840e-04,azimuth:0_m:degrees
1121,-2,-2.0000000000000000e+00,-9.8571428571428595e-03,-1,-1,1.1855102040816319e-04,wind_direction:18.4_m:degrees
1122,-2,-2.0000000000000000e+00,-2.1791044776119411e-02,-1,-1,1.2813544219202457e-04,wind_direction:18.4_m:degrees
1123,10,9.4183545112609863e+00,-8.7264150943396177e-04,1337,1338,1.0702151566393743e-04,wind_speed:18.4_m:m_s-1
1124,-2,-2.0000000000000000e+00,1.2962962962962963e-02,-1,-1,1.2455418381344138e-04,wind_direction:18.4_m:degrees
1125,2,2.8721000671386719e+02,5.1368421052631577e-02,1145,1146,2.6444321329640186e-04,water_sfc_temperature:0_m:K
1126,-2,-2.0000000000000000e+00,6.5000000000000002e-02,-1,-1,3.0277777777778635e-04,wind_direction:18.4_m:degrees
1127,9,9.0888980865478516e+01,7.5555555555555556e-02,1607,1608,3.3580246913580275e-04,angle_between_wind_wave:0_m:degrees
1128,11,3.1427000427246094e+02,9.3870967741935485e-02,1991,1992,3.2049947970864273e-04,wind_direction:18.4_m:degrees
1129,-2,-2.0000000000000000e+00,-4.2857142857142859e-03,-1,-1,8.1632653061224490e-05,wind_direction:18.4_m:degrees
1130,-2,-2.0000000000000000e+00,-5.9999999999999998e-02,-1,-1,4.3368086899420177e-19,wind_direction:18.4_m:degrees
1131,-2,-2.0000000000000000e+00,1.2500000000000000e-01,-1,-1,1.2500000000000011e-04,wind_direction:18.4_m:degrees
1132,-2,-2.0000000000000000e+00,8.7499999999999994e-02,-1,-1,1.1874999999999993e-04,wind_direction:18.4_m:degrees
1133,-2,-2.0000000000000000e+00,5.4500000000000007e-02,-1,-1,2.2475000000000012e-04,wind_direction:18.4_m:degrees
1134,-2,-2.0000000000000000e+00,3.4848484848484858e-02,-1,-1,1.7649219467401030e-04,wind_direction:18.4_m:degrees
1135,-2,-2.0000000000000000e+00,9.7727272727272732e-03,-1,-1,8.8584710743801640e-05,wind_direction:18.4_m:degrees
1136,4,4.9265441894531250e+00,2.1633986928104570e-02,1713,1714,1.1955230894100584e-04,mixing_ratio:18.4_m:g_kg-1
1137,-2,-2.0000000000000000e+00,3.1724137931034485e-02,-1,-1,1.0392390011890597e-04,wind_direction:18.4_m:degrees
1138,-2,-2.0000000000000000e+00,1.6129032258064523e-02,-1,-1,8.5015608740894577e-05,wind_direction:18.4_m:degrees
1139,6,2.3800000000000000e+02,7.8666666666666690e-02,1989,1990,2.2488888888888559e-04,wave_direction:0_m:degrees
1140,-2,-2.0000000000000000e+00,5.5000000000000000e-02,-1,-1,1.9166666666666941e-04,wind_direction:18.4_m:degrees
1141,-2,-2.0000000000000000e+00,-8.0000000000000002e-02,-1,-1,-8.6736173798840355e-19,wind_direction:18.4_m:degrees
1142,-2,-2.0000000000000000e+00,0.0000000000000000e+00,-1,-1,0.0000000000000000e+00,wind_direction:18.4_m:degrees
1143,-2,-2.0000000000000000e+00,9.5000000000000015e-02,-1,-1,5.8333333333330378e-05,wind_direction:18.4_m:degrees
1144,-2,-2.0000000000000000e+00,6.1875000000000006e-02,-1,-1,1.7773437499999864e-04,wind_direction:18.4_m:degrees
1145,3,1.0258500366210938e+03,4.8674698795180736e-02,1217,1218,2.0908695021048000e-04,pressure:18.4_m:hPa
1146,-2,-2.0000000000000000e+00,7.0000000000000007e-02,-1,-1,2.5000000000001150e-04,wind_direction:18.4_m:degrees
1147,-2,-2.0000000000000000e+00,-1.6947368421052638e-02,-1,-1,1.2647091412742393e-04,wind_direction:18.4_m:degrees
1148,8,5.0499999523162842e+00,-2.8846153846153855e-02,1323,1324,2.1789940828402347e-04,wave_period:0_m:s
1149,-2,-2.0000000000000000e+00,4.2352941176470579e-02,-1,-1,2.9757785467128669e-05,wind_direction:18.4_m:degrees
1150,12,-1.0174871608614922e-01,2.4642857142857140e-02,1817,1818,1.8058673469387881e-04,bulk_richardson:18.4_m:none
1151,3,9.9510000610351562e+02,9.7266369993642232e-04,1175,1176,7.2925508289317981e-05,pressure:18.4_m:hPa
1152,-2,-2.0000000000000000e+00,1.2500000000000004e-02,-1,-1,4.0972222222220890e-05,wind_direction:18.4_m:degrees
1153,-2,-2.0000000000000000e+00,-4.9565217391304366e-02,-1,-1,1.0560806553245065e-04,wind_direction:18.4_m:degrees
1154,-2,-2.0000000000000000e+00,-6.6086956521739154e-02,-1,-1,5.8601134215511240e-05,wind_direction:18.4_m:degrees
1155,12,-2.5599637068808079e-02,3.7428571428571450e-02,1159,1160,2.1053061224489671e-04,bulk_richardson:18.4_m:none
1156,6,2.3750000000000000e+02,5.2962962962962969e-02,1937,1938,1.7640603566530019e-04,wave_direction:0_m:degrees
1157,-2,-2.0000000000000000e+00,2.7333333333333337e-01,-1,-1,3.5555555555553953e-04,wind_direction:18.4_m:degrees
1158,8,4.4500000476837158e+00,2.3000000000000001e-01,1905,1906,2.8000000000000941e-04,wave_period:0_m:s
1159,-2,-2.0000000000000000e+00,4.8076923076923087e-02,-1,-1,2.1553254437869755e-04,wind_direction:18.4_m:degrees
1160,-2,-2.0000000000000000e+00,3.1136363636363653e-02,-1,-1,1.0098140495867530e-04,wind_direction:18.4_m:degrees
1161,10,6.9334053993225098e+00,-8.3848454636091148e-03,1431,1432,9.2505931855481528e-05,wind_speed:18.4_m:m_s-1
1162,9,9.1812274932861328e+01,-1.1829457364341048e-02,1163,1164,2.3293215551950150e-04,angle_between_wind_wave:0_m:degrees
1163,4,6.4568789005279541e+00,-1.0514096185737931e-02,1167,1168,1.6640237177847710e-04,mixing_ratio:18.4_m:g_kg-1
1164,7,8.4999999403953552e-01,-3.0714285714285722e-02,1165,1166,8.0663265306122592e-04,wave_height:0_m:m
1165,2,2.8961999511718750e+02,-1.5357142857142863e-02,1171,1172,2.8201530612244910e-04,water_sfc_temperature:0_m:K
1166,6,1.9850000000000000e+02,-6.1428571428571437e-02,1527,1528,4.4081632653060997e-04,wave_direction:0_m:degrees
1167,9,9.0409141540527344e+01,-4.2222222222222223e-02,1169,1170,1.6395061728395070e-03,angle_between_wind_wave:0_m:degrees
1168,1,2.6288005065917969e+02,-1.0033670033669992e-02,1617,1618,1.2861839494836220e-04,azimuth:0_m:degrees
1169,-2,-2.0000000000000000e+00,-8.0000000000000002e-03,-1,-1,1.3600000000000005e-04,wind_direction:18.4_m:degrees
1170,-2,-2.0000000000000000e+00,-8.5000000000000006e-02,-1,-1,2.2500000000000037e-04,wind_direction:18.4_m:degrees
1171,-2,-2.0000000000000000e+00,-8.6956521739130436e-03,-1,-1,1.1342155009451714e-05,wind_direction:18.4_m:degrees
1172,-2,-2.0000000000000000e+00,-4.6000000000000006e-02,-1,-1,3.8399999999999936e-04,wind_direction:18.4_m:degrees
1173,3,9.9754998779296875e+02,-3.8064516129032264e-02,1641,1642,1.6399583766909479e-04,pressure:18.4_m:hPa
1174,12,8.5996910929679871e-03,-2.3064516129032264e-02,1473,1474,2.3415712799167577e-04,bulk_richardson:18.4_m:none
1175,-2,-2.0000000000000000e+00,3.4999999999999996e-02,-1,-1,7.5000000000000197e-05,wind_direction:18.4_m:degrees
1176,12,-1.5923908352851868e-01,9.2934436664544688e-04,1177,1178,7.1446949220049357e-05,bulk_richardson:18.4_m:none
1177,10,3.8099477291107178e+00,2.1730890713834443e-03,1179,1180,7.0577747059028041e-05,wind_speed:18.4_m:m_s-1
1178,11,2.9364999389648438e+02,-3.3354714560615773e-04,1181,1182,6.9163922696782520e-05,wind_direction:18.4_m:degrees
1179,10,2.9651356935501099e+00,1.4872139973082100e-03,1525,1526,5.8959123193774588e-05,wind_speed:18.4_m:m_s-1
1180,4,5.7952222824096680e+00,1.2680412371134025e-02,1183,1184,1.3095971941758244e-04,mixing_ratio:18.4_m:g_kg-1
1181,-2,-2.0000000000000000e+00,4.5107033639143763e-04,-1,-1,5.4001428517988638e-05,wind_direction:18.4_m:degrees
1182,4,4.9631130695343018e+00,-4.4223107569721131e-03,1855,1856,1.2825193250900788e-04,mixing_ratio:18.4_m:g_kg-1
1183,-2,-2.0000000000000000e+00,2.8235294117647056e-02,-1,-1,7.3356401384083096e-05,wind_direction:18.4_m:degrees
1184,-2,-2.0000000000000000e+00,9.3749999999999997e-03,-1,-1,8.0859374999999917e-05,wind_direction:18.4_m:degrees
1185,-2,-2.0000000000000000e+00,1.0000000000000007e-02,-1,-1,1.0828729281767945e-04,wind_direction:18.4_m:degrees
1186,4,6.5453422069549561e+00,1.5384615384615366e-04,1187,1188,3.4613017751479301e-04,mixing_ratio:18.4_m:g_kg-1
1187,-2,-2.0000000000000000e+00,-8.0000000000000002e-02,-1,-1,0.0000000000000000e+00,wind_direction:18.4_m:degrees
1188,11,3.3741999816894531e+02,2.6984126984126991e-03,1281,1282,1.4668682287729903e-04,wind_direction:18.4_m:degrees
1189,-2,-2.0000000000000000e+00,-5.1818181818181826e-02,-1,-1,8.7603305785124118e-05,wind_direction:18.4_m:degrees
1190,1,2.6844392299652100e+01,-2.8837209302325577e-02,1191,1192,2.7539210383991297e-04,azimuth:0_m:degrees
1191,-2,-2.0000000000000000e+00,-8.0000000000000002e-02,-1,-1,0.0000000000000000e+00,wind_direction:18.4_m:degrees
1192,-2,-2.0000000000000000e+00,-2.6341463414634149e-02,-1,-1,1.5490779298036879e-04,wind_direction:18.4_m:degrees
1193,-2,-2.0000000000000000e+00,1.0391304347826087e-01,-1,-1,1.0207939508506333e-04,wind_direction:18.4_m:degrees
1194,9,9.0400943756103516e+01,8.6734693877551033e-02,1195,1196,2.6688879633487202e-04,angle_between_wind_wave:0_m:degrees
1195,-2,-2.0000000000000000e+00,7.7857142857142861e-02,-1,-1,1.5255102040815944e-04,wind_direction:18.4_m:degrees
1196,-2,-2.0000000000000000e+00,9.8571428571428560e-02,-1,-1,1.7414965986394318e-04,wind_direction:18.4_m:degrees
1197,-2,-2.0000000000000000e+00,1.4666666666666667e-01,-1,-1,1.5555555555555461e-04,wind_direction:18.4_m:degrees
1198,-2,-2.0000000000000000e+00,1.9090909090909092e-01,-1,-1,7.1735537190083243e-04,wind_direction:18.4_m:degrees
1199,-2,-2.0000000000000000e+00,-4.1111111111111112e-02,-1,-1,6.5432098765432281e-05,wind_direction:18.4_m:degrees
1200,10,1.0619490146636963e+01,-2.1428571428571436e-02,1955,1956,1.8938775510204074e-04,wind_speed:18.4_m:m_s-1
1201,-2,-2.0000000000000000e+00,2.6857142857142861e-02,-1,-1,7.8693877551020580e-05,wind_direction:18.4_m:degrees
1202,-2,-2.0000000000000000e+00,4.1666666666666675e-03,-1,-1,7.4305555555554970e-05,wind_direction:18.4_m:degrees
1203,-2,-2.0000000000000000e+00,5.1111111111111114e-02,-1,-1,5.4320987654321671e-05,wind_direction:18.4_m:degrees
1204,-2,-2.0000000000000000e+00,2.7142857142857153e-02,-1,-1,5.7551020408162876e-05,wind_direction:18.4_m:degrees
1205,-2,-2.0000000000000000e+00,3.2727272727272723e-02,-1,-1,5.6198347107438420e-05,wind_direction:18.4_m:degrees
1206,-2,-2.0000000000000000e+00,5.5581395348837222e-02,-1,-1,1.4559221200649043e-04,wind_direction:18.4_m:degrees
1207,-2,-2.0000000000000000e+00,1.5333333333333335e-01,-1,-1,4.2222222222222661e-04,wind_direction:18.4_m:degrees
1208,-2,-2.0000000000000000e+00,1.0400000000000001e-01,-1,-1,6.3999999999998086e-05,wind_direction:18.4_m:degrees
1209,-2,-2.0000000000000000e+00,7.0000000000000007e-02,-1,-1,0.0000000000000000e+00,wind_direction:18.4_m:degrees
1210,-2,-2.0000000000000000e+00,1.4400000000000002e-01,-1,-1,2.6399999999999341e-04,wind_direction:18.4_m:degrees
1211,-2,-2.0000000000000000e+00,4.0000000000000001e-02,-1,-1,2.4000000000000020e-04,wind_direction:18.4_m:degrees
1212,-2,-2.0000000000000000e+00,7.6363636363636370e-02,-1,-1,1.8677685950413241e-04,wind_direction:18.4_m:degrees
1213,-2,-2.0000000000000000e+00,-2.6000000000000016e-02,-1,-1,1.6581818181818093e-04,wind_direction:18.4_m:degrees
1214,-2,-2.0000000000000000e+00,-3.7972972972972981e-02,-1,-1,8.1026296566839330e-05,wind_direction:18.4_m:degrees
1215,-2,-2.0000000000000000e+00,1.4999999999999999e-01,-1,-1,3.4694469519536142e-18,wind_direction:18.4_m:degrees
1216,-2,-2.0000000000000000e+00,1.9068965517241379e-01,-1,-1,3.0986920332937845e-04,wind_direction:18.4_m:degrees
1217,-2,-2.0000000000000000e+00,4.5362318840579716e-02,-1,-1,1.6979626128964514e-04,wind_direction:18.4_m:degrees
1218,-2,-2.0000000000000000e+00,6.5000000000000016e-02,-1,-1,8.2142857142852681e-05,wind_direction:18.4_m:degrees
1219,10,6.7437582015991211e+00,-7.0454545454545483e-03,1543,1544,1.2808884297520651e-04,wind_speed:18.4_m:m_s-1
1220,10,8.4830789566040039e+00,3.0303030303030314e-04,1803,1804,8.6271808999082054e-05,wind_speed:18.4_m:m_s-1
1221,-2,-2.0000000000000000e+00,1.0100000000000001e-01,-1,-1,1.7899999999999687e-04,wind_direction:18.4_m:degrees
1222,12,-1.1272101104259491e-01,8.1153846153846146e-02,1795,1796,2.4866863905324832e-04,bulk_richardson:18.4_m:none
1223,12,-1.1955058947205544e-01,6.6417910447761214e-02,1841,1842,2.1403430608153175e-04,bulk_richardson:18.4_m:none
1224,-2,-2.0000000000000000e+00,9.2857142857142846e-02,-1,-1,1.9183673469387423e-04,wind_direction:18.4_m:degrees
1225,-2,-2.0000000000000000e+00,2.9999999999999999e-02,-1,-1,5.5172413793103331e-05,wind_direction:18.4_m:degrees
1226,-2,-2.0000000000000000e+00,1.0952380952380951e-02,-1,-1,1.2290249433106521e-04,wind_direction:18.4_m:degrees
1227,3,1.0089500122070312e+03,8.7200000000000038e-03,1259,1260,1.1036159999999978e-04,pressure:18.4_m:hPa
1228,0,1.5091984558105469e+02,1.6906474820143878e-02,1229,1230,1.2784017390404394e-04,zenith:0_m:degrees
1229,10,8.0362858772277832e+00,1.4758064516129038e-02,1265,1266,8.7844693028096154e-05,wind_speed:18.4_m:m_s-1
1230,-2,-2.0000000000000000e+00,3.4666666666666665e-02,-1,-1,1.0488888888888982e-04,wind_direction:18.4_m:degrees
1231,-2,-2.0000000000000000e+00,1.8666666666666665e-01,-1,-1,3.7777777777778937e-04,wind_direction:18.4_m:degrees
1232,-2,-2.0000000000000000e+00,2.2166666666666665e-01,-1,-1,1.8055555555555186e-04,wind_direction:18.4_m:degrees
1233,-2,-2.0000000000000000e+00,2.7000000000000003e-02,-1,-1,2.8099999999999989e-04,wind_direction:18.4_m:degrees
1234,-2,-2.0000000000000000e+00,3.0303030303030299e-03,-1,-1,1.5445362718089978e-04,wind_direction:18.4_m:degrees
1235,8,4.5000000000000000e+00,2.0642857142857141e-01,1983,1984,6.3724489795917438e-04,wave_period:0_m:s
1236,-2,-2.0000000000000000e+00,1.7571428571428574e-01,-1,-1,2.8163265306122356e-04,wind_direction:18.4_m:degrees
1237,-2,-2.0000000000000000e+00,3.4000000000000002e-02,-1,-1,6.4000000000000038e-05,wind_direction:18.4_m:degrees
1238,-2,-2.0000000000000000e+00,6.4285714285714293e-02,-1,-1,1.3877551020408194e-04,wind_direction:18.4_m:degrees
1239,10,2.9148926734924316e+00,-1.6442772702847908e-03,1699,1700,1.5033235440780652e-04,wind_speed:18.4_m:m_s-1
1240,1,3.2110708618164062e+02,-5.7425742574257433e-03,1241,1242,2.3038917753161181e-04,azimuth:0_m:degrees
1241,-2,-2.0000000000000000e+00,-3.5114503816793901e-03,-1,-1,1.1820406736204192e-04,wind_direction:18.4_m:degrees
1242,9,9.2023197174072266e+01,-2.0000000000000000e-02,1243,1244,7.1219512195121919e-04,angle_between_wind_wave:0_m:degrees
1243,0,1.2571677780151367e+02,-1.6410256410256410e-02,1245,1246,4.8454963839579204e-04,zenith:0_m:degrees
1244,-2,-2.0000000000000000e+00,-8.9999999999999997e-02,-1,-1,1.0408340855860843e-17,wind_direction:18.4_m:degrees
1245,6,1.8850000000000000e+02,-1.4473684210526317e-02,1247,1248,3.5103878116343485e-04,wave_direction:0_m:degrees
1246,-2,-2.0000000000000000e+00,-8.9999999999999997e-02,-1,-1,5.2041704279304213e-18,wind_direction:18.4_m:degrees
1247,-2,-2.0000000000000000e+00,-2.3809523809523812e-03,-1,-1,6.5759637188208614e-05,wind_direction:18.4_m:degrees
1248,-2,-2.0000000000000000e+00,-2.9411764705882353e-02,-1,-1,2.9965397923875409e-04,wind_direction:18.4_m:degrees
1249,-2,-2.0000000000000000e+00,2.7142857142857156e-02,-1,-1,6.8027210884353075e-05,wind_direction:18.4_m:degrees
1250,-2,-2.0000000000000000e+00,1.0476190476190476e-02,-1,-1,6.1678004535147473e-05,wind_direction:18.4_m:degrees
1251,-2,-2.0000000000000000e+00,1.2666666666666668e-01,-1,-1,2.8888888888888714e-04,wind_direction:18.4_m:degrees
1252,-2,-2.0000000000000000e+00,1.7333333333333334e-01,-1,-1,3.2222222222222374e-04,wind_direction:18.4_m:degrees
1253,0,5.7321632385253906e+01,-1.3017241379310353e-02,1647,1648,1.0382728894173590e-04,zenith:0_m:degrees
1254,-2,-2.0000000000000000e+00,-5.9999999999999998e-02,-1,-1,-1.4311468676808659e-17,wind_direction:18.4_m:degrees
1255,4,2.7767597436904907e+00,2.5942028985507258e-02,1393,1394,1.8932997269481143e-04,mixing_ratio:18.4_m:g_kg-1
1256,-2,-2.0000000000000000e+00,9.5238095238095247e-03,-1,-1,8.0725623582766909e-05,wind_direction:18.4_m:degrees
1257,-2,-2.0000000000000000e+00,2.5999999999999999e-02,-1,-1,1.4399999999999992e-04,wind_direction:18.4_m:degrees
1258,10,8.2108063697814941e+00,4.3626943005181329e-02,1467,1468,1.6301108754597851e-04,wind_speed:18.4_m:m_s-1
1259,-2,-2.0000000000000000e+00,3.2857142857142856e-02,-1,-1,1.0612244897959151e-04,wind_direction:18.4_m:degrees
1260,-2,-2.0000000000000000e+00,7.2881355932203438e-03,-1,-1,7.4001723642631195e-05,wind_direction:18.4_m:degrees
1261,-2,-2.0000000000000000e+00,1.2000000000000000e-01,-1,-1,-1.7347234759768071e-18,wind_direction:18.4_m:degrees
1262,-2,-2.0000000000000000e+00,1.7999999999999999e-01,-1,-1,0.0000000000000000e+00,wind_direction:18.4_m:degrees
1263,-2,-2.0000000000000000e+00,2.8714285714285720e-01,-1,-1,1.3469387755099538e-04,wind_direction:18.4_m:degrees
1264,12,-3.9636442437767982e-02,2.5764705882352940e-01,1413,1414,3.7093425605534691e-04,bulk_richardson:18.4_m:none
1265,-2,-2.0000000000000000e+00,9.4117647058823556e-03,-1,-1,3.2006920415224944e-05,wind_direction:18.4_m:degrees
1266,-2,-2.0000000000000000e+00,2.1250000000000002e-02,-1,-1,7.8794642857142442e-05,wind_direction:18.4_m:degrees
1267,-2,-2.0000000000000000e+00,1.4333333333333334e-01,-1,-1,2.8888888888888714e-04,wind_direction:18.4_m:degrees
1268,5,6.4999998092651367e+01,1.0346153846153847e-01,1269,1270,3.4571005917160245e-04,relative_humidity:18.4_m:%
1269,-2,-2.0000000000000000e+00,8.9166666666666672e-02,-1,-1,1.5763888888888772e-04,wind_direction:18.4_m:degrees
1270,-2,-2.0000000000000000e+00,1.1571428571428570e-01,-1,-1,1.8163265306122417e-04,wind_direction:18.4_m:degrees
1271,6,2.2600000000000000e+02,3.1818181818181819e-03,1273,1274,1.9035123966942148e-03,wave_direction:0_m:degrees
1272,3,1.0202500000000000e+03,-1.2035398230088503e-02,1509,1510,1.6311379121309403e-04,pressure:18.4_m:hPa
1273,-2,-2.0000000000000000e+00,-5.7142857142857151e-03,-1,-1,2.5306122448979596e-04,wind_direction:18.4_m:degrees
1274,-2,-2.0000000000000000e+00,1.9000000000000000e-01,-1,-1,0.0000000000000000e+00,wind_direction:18.4_m:degrees
1275,8,3.5499999523162842e+00,7.4117647058823524e-02,1921,1922,2.5951557093425483e-04,wave_period:0_m:s
1276,-2,-2.0000000000000000e+00,1.1333333333333334e-01,-1,-1,5.5555555555552617e-04,wind_direction:18.4_m:degrees
1277,-2,-2.0000000000000000e+00,8.2222222222222224e-02,-1,-1,2.3950617283950617e-04,wind_direction:18.4_m:degrees
1278,4,1.3976122140884399e+00,5.8409090909090917e-02,1779,1780,2.1792355371900952e-04,mixing_ratio:18.4_m:g_kg-1
1279,-2,-2.0000000000000000e+00,-3.0000000000000002e-02,-1,-1,2.3636363636363677e-04,wind_direction:18.4_m:degrees
1280,-2,-2.0000000000000000e+00,-8.0000000000000002e-02,-1,-1,-2.6020852139652106e-18,wind_direction:18.4_m:degrees
1281,-2,-2.0000000000000000e+00,5.8181818181818196e-03,-1,-1,8.2512396694214856e-05,wind_direction:18.4_m:degrees
1282,-2,-2.0000000000000000e+00,-1.8749999999999999e-02,-1,-1,6.0937500000000011e-05,wind_direction:18.4_m:degrees
1283,-2,-2.0000000000000000e+00,-1.3846153846153850e-02,-1,-1,1.3136094674556204e-04,wind_direction:18.4_m:degrees
1284,-2,-2.0000000000000000e+00,-8.0000000000000002e-02,-1,-1,-5.2041704279304213e-18,wind_direction:18.4_m:degrees
1285,6,1.9650000000000000e+02,6.7826086956521772e-03,1373,1374,9.8344045368619999e-05,wave_direction:0_m:degrees
1286,2,2.8873500061035156e+02,-4.1176470588235288e-03,1287,1288,4.0461361014994241e-04,water_sfc_temperature:0_m:K
1287,-2,-2.0000000000000000e+00,1.9565217391304349e-03,-1,-1,7.2258979206049157e-05,wind_direction:18.4_m:degrees
1288,-2,-2.0000000000000000e+00,-5.9999999999999998e-02,-1,-1,-1.7347234759768071e-18,wind_direction:18.4_m:degrees
1289,4,3.0654177665710449e+00,4.7500000000000014e-02,1291,1292,1.9930555555555587e-04,mixing_ratio:18.4_m:g_kg-1
1290,-2,-2.0000000000000000e+00,2.0000000000000000e-02,-1,-1,-1.2414114874959026e-17,wind_direction:18.4_m:degrees
1291,-2,-2.0000000000000000e+00,5.7692307692307702e-02,-1,-1,1.1005917159763240e-04,wind_direction:18.4_m:degrees
1292,5,5.8150001525878906e+01,4.1739130434782626e-02,2011,2012,1.5784499054820539e-04,relative_humidity:18.4_m:%
1293,2,2.8492500305175781e+02,-9.0776699029126266e-03,1511,1512,1.5400367612404564e-04,water_sfc_temperature:0_m:K
1294,-2,-2.0000000000000000e+00,-4.6666666666666669e-02,-1,-1,8.8888888888882713e-05,wind_direction:18.4_m:degrees
1295,-2,-2.0000000000000000e+00,-5.9999999999999998e-02,-1,-1,0.0000000000000000e+00,wind_direction:18.4_m:degrees
1296,-2,-2.0000000000000000e+00,4.7058823529411787e-03,-1,-1,1.5012357884330209e-04,wind_direction:18.4_m:degrees
1297,-2,-2.0000000000000000e+00,1.1500000000000000e-01,-1,-1,2.7500000000000094e-04,wind_direction:18.4_m:degrees
1298,-2,-2.0000000000000000e+00,7.8666666666666676e-02,-1,-1,2.2488888888888645e-04,wind_direction:18.4_m:degrees
1299,4,6.4877173900604248e+00,-1.6356821589205307e-02,1785,1786,1.4969576680925247e-04,mixing_ratio:18.4_m:g_kg-1
1300,5,9.1250000000000000e+01,-2.2323943661971837e-02,1301,1302,3.9389506050387839e-04,relative_humidity:18.4_m:%
1301,-2,-2.0000000000000000e+00,-1.0000000000000001e-01,-1,-1,0.0000000000000000e+00,wind_direction:18.4_m:degrees
1302,12,3.3965954789891839e-03,-2.1214285714285724e-02,1415,1416,3.1209693877550979e-04,bulk_richardson:18.4_m:none
1303,-2,-2.0000000000000000e+00,6.3571428571428584e-02,-1,-1,8.0102040816327179e-05,wind_direction:18.4_m:degrees
1304,-2,-2.0000000000000000e+00,2.9999999999999999e-02,-1,-1,2.4000000000000182e-04,wind_direction:18.4_m:degrees
1305,-2,-2.0000000000000000e+00,-7.6666666666666675e-02,-1,-1,8.8888888888887484e-05,wind_direction:18.4_m:degrees
1306,-2,-2.0000000000000000e+00,-2.7500000000000000e-02,-1,-1,1.8750000000000320e-05,wind_direction:18.4_m:degrees
1307,2,2.7618501281738281e+02,1.6294117647058820e-01,1309,1310,4.3252595155710699e-04,water_sfc_temperature:0_m:K
1308,-2,-2.0000000000000000e+00,1.4321428571428571e-01,-1,-1,2.3609693877552421e-04,wind_direction:18.4_m:degrees
1309,-2,-2.0000000000000000e+00,1.9666666666666666e-01,-1,-1,8.8888888888888351e-05,wind_direction:18.4_m:degrees
1310,-2,-2.0000000000000000e+00,1.5571428571428569e-01,-1,-1,2.1020408163266446e-04,wind_direction:18.4_m:degrees
1311,11,1.3769499969482422e+02,-6.5280665280665227e-03,1627,1628,1.6445295447374474e-04,wind_direction:18.4_m:degrees
1312,5,9.8750000000000000e+01,-2.2352941176470589e-02,1313,1314,6.7681660899653843e-04,relative_humidity:18.4_m:%
1313,-2,-2.0000000000000000e+00,-1.3333333333333332e-02,-1,-1,7.5555555555555516e-05,wind_direction:18.4_m:degrees
1314,-2,-2.0000000000000000e+00,-8.9999999999999997e-02,-1,-1,0.0000000000000000e+00,wind_direction:18.4_m:degrees
1315,-2,-2.0000000000000000e+00,3.2222222222222228e-02,-1,-1,1.2839506172839443e-04,wind_direction:18.4_m:degrees
1316,-2,-2.0000000000000000e+00,8.0000000000000002e-02,-1,-1,0.0000000000000000e+00,wind_direction:18.4_m:degrees
1317,5,8.5299999237060547e+01,-1.0179640718562881e-02,1319,1320,1.3230305855355142e-04,relative_humidity:18.4_m:%
1318,3,1.0088500061035156e+03,6.8181818181818209e-04,1409,1410,1.3817148760330629e-04,pressure:18.4_m:hPa
1319,-2,-2.0000000000000000e+00,-9.5238095238095260e-04,-1,-1,9.9092970521541936e-05,wind_direction:18.4_m:degrees
1320,-2,-2.0000000000000000e+00,-1.3280000000000009e-02,-1,-1,1.0524159999999967e-04,wind_direction:18.4_m:degrees
1321,-2,-2.0000000000000000e+00,8.5915492957746475e-02,-1,-1,1.9880975996826485e-04,wind_direction:18.4_m:degrees
1322,-2,-2.0000000000000000e+00,4.0000000000000001e-02,-1,-1,-1.2576745200831851e-17,wind_direction:18.4_m:degrees
1323,-2,-2.0000000000000000e+00,-2.2121212121212125e-02,-1,-1,1.3186409550045876e-04,wind_direction:18.4_m:degrees
1324,-2,-2.0000000000000000e+00,-4.0526315789473688e-02,-1,-1,1.5235457063711953e-04,wind_direction:18.4_m:degrees
1325,4,1.1247982501983643e+01,-2.7777777777777776e-02,1327,1328,7.0617283950617283e-04,mixing_ratio:18.4_m:g_kg-1
1326,-2,-2.0000000000000000e+00,-6.3093145869947175e-03,-1,-1,1.2803086227186156e-04,wind_direction:18.4_m:degrees
1327,-2,-2.0000000000000000e+00,0.0000000000000000e+00,-1,-1,0.0000000000000000e+00,wind_direction:18.4_m:degrees
1328,-2,-2.0000000000000000e+00,-5.0000000000000003e-02,-1,-1,1.5999999999999955e-04,wind_direction:18.4_m:degrees
1329,-2,-2.0000000000000000e+00,5.5714285714285716e-02,-1,-1,8.1632653061220872e-05,wind_direction:18.4_m:degrees
1330,9,9.1408664703369141e+01,3.8095238095238106e-02,1331,1332,2.9160997732426532e-04,angle_between_wind_wave:0_m:degrees
1331,-2,-2.0000000000000000e+00,3.0588235294117649e-02,-1,-1,6.4359861591694744e-05,wind_direction:18.4_m:degrees
1332,-2,-2.0000000000000000e+00,7.0000000000000007e-02,-1,-1,-1.7347234759768071e-18,wind_direction:18.4_m:degrees
1333,-2,-2.0000000000000000e+00,1.6000000000000000e-01,-1,-1,1.4000000000002899e-04,wind_direction:18.4_m:degrees
1334,-2,-2.0000000000000000e+00,1.2857142857142859e-01,-1,-1,1.5510204081632673e-04,wind_direction:18.4_m:degrees
1335,3,1.0055000000000000e+03,-7.3258426966292145e-02,1555,1556,3.2533770988511269e-04,pressure:18.4_m:hPa
1336,-2,-2.0000000000000000e+00,-5.2000000000000005e-02,-1,-1,2.7600000000002059e-04,wind_direction:18.4_m:degrees
1337,0,8.2239391326904297e+01,-5.0239234449760768e-04,1691,1692,9.6637554085300269e-05,zenith:0_m:degrees
1338,-2,-2.0000000000000000e+00,-2.6666666666666668e-02,-1,-1,1.5555555555556047e-04,wind_direction:18.4_m:degrees
1339,-2,-2.0000000000000000e+00,-2.9999999999999999e-02,-1,-1,0.0000000000000000e+00,wind_direction:18.4_m:degrees
1340,10,1.3246955871582031e+01,3.5263157894736850e-02,1845,1846,4.1440443213296412e-04,wind_speed:18.4_m:m_s-1
1341,-2,-2.0000000000000000e+00,1.3666666666666669e-01,-1,-1,2.2222222222222088e-05,wind_direction:18.4_m:degrees
1342,-2,-2.0000000000000000e+00,1.6538461538461538e-01,-1,-1,3.7869822485207469e-04,wind_direction:18.4_m:degrees
1343,-2,-2.0000000000000000e+00,3.3750000000000002e-02,-1,-1,7.3437499999999935e-05,wind_direction:18.4_m:degrees
1344,-2,-2.0000000000000000e+00,5.2631578947368432e-02,-1,-1,1.5096952908587357e-04,wind_direction:18.4_m:degrees
1345,10,6.6099476814270020e+00,4.8555956678700300e-03,1347,1348,8.4184923562147392e-05,wind_speed:18.4_m:m_s-1
1346,-2,-2.0000000000000000e+00,-4.0000000000000001e-02,-1,-1,4.7704895589362195e-18,wind_direction:18.4_m:degrees
1347,-2,-2.0000000000000000e+00,2.8010471204188495e-03,-1,-1,6.8332145500397384e-05,wind_direction:18.4_m:degrees
1348,-2,-2.0000000000000000e+00,9.4186046511627961e-03,-1,-1,8.9196863169281281e-05,wind_direction:18.4_m:degrees
1349,1,8.4336550354957581e+01,3.5416666666666673e-02,1733,1734,2.0815972222222264e-04,azimuth:0_m:degrees
1350,-2,-2.0000000000000000e+00,-3.3333333333333335e-03,-1,-1,2.2222222222223158e-05,wind_direction:18.4_m:degrees
1351,-2,-2.0000000000000000e+00,1.3428571428571429e-01,-1,-1,5.3061224489798359e-05,wind_direction:18.4_m:degrees
1352,-2,-2.0000000000000000e+00,1.0533333333333335e-01,-1,-1,7.8222222222222582e-05,wind_direction:18.4_m:degrees
1353,12,-3.7149041891098022e-02,5.4186046511627922e-02,1613,1614,2.1038399134667377e-04,bulk_richardson:18.4_m:none
1354,-2,-2.0000000000000000e+00,3.2000000000000001e-02,-1,-1,2.7600000000000216e-04,wind_direction:18.4_m:degrees
1355,5,5.0000000000000000e+01,1.7374999999999996e-01,1357,1358,3.8177083333333292e-04,relative_humidity:18.4_m:%
1356,-2,-2.0000000000000000e+00,1.9499999999999998e-01,-1,-1,1.6785714285713627e-04,wind_direction:18.4_m:degrees
1357,-2,-2.0000000000000000e+00,1.5545454545454543e-01,-1,-1,1.3388429752068942e-04,wind_direction:18.4_m:degrees
1358,-2,-2.0000000000000000e+00,1.8923076923076923e-01,-1,-1,6.8639053254430926e-05,wind_direction:18.4_m:degrees
1359,-2,-2.0000000000000000e+00,-1.0000000000000000e-02,-1,-1,0.0000000000000000e+00,wind_direction:18.4_m:degrees
1360,-2,-2.0000000000000000e+00,2.3548387096774197e-02,-1,-1,1.9708636836628460e-04,wind_direction:18.4_m:degrees
1361,-2,-2.0000000000000000e+00,-5.9259259259259248e-03,-1,-1,1.0562414266117968e-04,wind_direction:18.4_m:degrees
1362,-2,-2.0000000000000000e+00,-7.0000000000000007e-02,-1,-1,8.6736173798840355e-19,wind_direction:18.4_m:degrees
1363,-2,-2.0000000000000000e+00,2.8000000000000003e-01,-1,-1,0.0000000000000000e+00,wind_direction:18.4_m:degrees
1364,-2,-2.0000000000000000e+00,2.1529411764705883e-01,-1,-1,3.3079584775086435e-04,wind_direction:18.4_m:degrees
1365,-2,-2.0000000000000000e+00,4.9999999999999996e-02,-1,-1,8.5714285714286621e-05,wind_direction:18.4_m:degrees
1366,-2,-2.0000000000000000e+00,6.6666666666666671e-03,-1,-1,2.2222222222221742e-05,wind_direction:18.4_m:degrees
1367,8,6.6500000953674316e+00,3.6406250000000008e-02,1755,1756,1.3864746093749823e-04,wave_period:0_m:s
1368,-2,-2.0000000000000000e+00,5.0000000000000003e-02,-1,-1,1.9375000000000251e-04,wind_direction:18.4_m:degrees
1369,-2,-2.0000000000000000e+00,5.0000000000000003e-02,-1,-1,5.7142857142856735e-05,wind_direction:18.4_m:degrees
1370,3,1.0125000000000000e+03,7.2105263157894742e-02,1897,1898,3.1135734072022022e-04,pressure:18.4_m:hPa
1371,-2,-2.0000000000000000e+00,-1.8918918918918923e-02,-1,-1,7.9912344777209512e-05,wind_direction:18.4_m:degrees
1372,-2,-2.0000000000000000e+00,-3.3611111111111119e-02,-1,-1,1.9529320987654109e-04,wind_direction:18.4_m:degrees
1373,-2,-2.0000000000000000e+00,5.4128440366972485e-03,-1,-1,5.6022220351822177e-05,wind_direction:18.4_m:degrees
1374,-2,-2.0000000000000000e+00,3.1666666666666669e-02,-1,-1,2.1388888888888933e-04,wind_direction:18.4_m:degrees
1375,11,2.0900999450683594e+02,-1.9095477386934664e-02,1377,1378,1.3084013029974020e-04,wind_direction:18.4_m:degrees
1376,-2,-2.0000000000000000e+00,2.2222222222222218e-03,-1,-1,1.0617283950616830e-04,wind_direction:18.4_m:degrees
1377,-2,-2.0000000000000000e+00,-2.1875000000000009e-02,-1,-1,9.4401041666666245e-05,wind_direction:18.4_m:degrees
1378,0,8.8124252319335938e+01,-1.1818181818181818e-02,2001,2002,1.5305785123967178e-04,zenith:0_m:degrees
1379,-2,-2.0000000000000000e+00,9.3750000000000031e-03,-1,-1,9.3359374999999950e-05,wind_direction:18.4_m:degrees
1380,-2,-2.0000000000000000e+00,2.0561797752808999e-02,-1,-1,1.0417876530741078e-04,wind_direction:18.4_m:degrees
1381,-2,-2.0000000000000000e+00,-3.3333333333333335e-03,-1,-1,3.8888888888888891e-05,wind_direction:18.4_m:degrees
1382,-2,-2.0000000000000000e+00,1.8214285714285714e-02,-1,-1,1.0038265306122444e-04,wind_direction:18.4_m:degrees
1383,-2,-2.0000000000000000e+00,1.6666666666666672e-03,-1,-1,1.4722222222222223e-04,wind_direction:18.4_m:degrees
1384,-2,-2.0000000000000000e+00,2.8723404255319156e-02,-1,-1,1.4730647351742822e-04,wind_direction:18.4_m:degrees
1385,-2,-2.0000000000000000e+00,-7.6470588235294122e-03,-1,-1,1.1211072664359865e-04,wind_direction:18.4_m:degrees
1386,1,8.9987995147705078e+01,-2.9375000000000002e-02,1571,1572,3.5585937499999951e-04,azimuth:0_m:degrees
1387,-2,-2.0000000000000000e+00,5.9999999999999998e-02,-1,-1,0.0000000000000000e+00,wind_direction:18.4_m:degrees
1388,9,8.9155879974365234e+01,1.0482142857142862e-01,2021,2022,3.0711096938775516e-04,angle_between_wind_wave:0_m:degrees
1389,-2,-2.0000000000000000e+00,1.5833333333333333e-01,-1,-1,2.4722222222222506e-04,wind_direction:18.4_m:degrees
1390,-2,-2.0000000000000000e+00,1.9111111111111112e-01,-1,-1,2.5432098765432176e-04,wind_direction:18.4_m:degrees
1391,-2,-2.0000000000000000e+00,2.5789473684210518e-02,-1,-1,8.7534626038781043e-05,wind_direction:18.4_m:degrees
1392,-2,-2.0000000000000000e+00,5.9999999999999998e-02,-1,-1,1.5000000000000126e-04,wind_direction:18.4_m:degrees
1393,-2,-2.0000000000000000e+00,3.5000000000000010e-02,-1,-1,1.1785714285714264e-04,wind_direction:18.4_m:degrees
1394,-2,-2.0000000000000000e+00,1.9756097560975610e-02,-1,-1,1.4384295062462739e-04,wind_direction:18.4_m:degrees
1395,0,5.9759016036987305e+01,2.3055555555555557e-01,1549,1550,6.4969135802460387e-04,zenith:0_m:degrees
1396,4,6.9656363129615784e-01,2.5187500000000002e-01,1923,1924,3.1523437500000084e-04,mixing_ratio:18.4_m:g_kg-1
1397,-2,-2.0000000000000000e+00,1.2666666666666668e-01,-1,-1,2.2222222222222088e-05,wind_direction:18.4_m:degrees
1398,0,7.9357639312744141e+01,1.5448275862068964e-01,1735,1736,3.0749108204519357e-04,zenith:0_m:degrees
1399,6,2.2050000000000000e+02,-9.0909090909090963e-04,1401,1402,8.2325068870523497e-05,wave_direction:0_m:degrees
1400,-2,-2.0000000000000000e+00,-4.5125348189415061e-03,-1,-1,8.2143993296140790e-05,wind_direction:18.4_m:degrees
1401,10,7.8839805126190186e+00,-1.3788098693759101e-04,1405,1406,7.0010016409638692e-05,wind_speed:18.4_m:m_s-1
1402,4,1.1899973869323730e+01,-4.8161764705882378e-03,1403,1404,1.2643679714532827e-04,mixing_ratio:18.4_m:g_kg-1
1403,-2,-2.0000000000000000e+00,-6.3414634146341502e-03,-1,-1,1.0937933769581586e-04,wind_direction:18.4_m:degrees
1404,-2,-2.0000000000000000e+00,9.6153846153846142e-03,-1,-1,5.7544378698224692e-05,wind_direction:18.4_m:degrees
1405,-2,-2.0000000000000000e+00,-8.5106382978723458e-04,-1,-1,4.9658669081032255e-05,wind_direction:18.4_m:degrees
1406,11,2.4318999481201172e+02,3.9901477832512324e-03,1407,1408,1.6782256303234794e-04,wind_direction:18.4_m:degrees
1407,-2,-2.0000000000000000e+00,1.2037037037037037e-02,-1,-1,1.1251714677640599e-04,wind_direction:18.4_m:degrees
1408,12,-1.3203400652855635e-02,1.0738255033557046e-03,1977,1978,1.5589387865411460e-04,bulk_richardson:18.4_m:none
1409,-2,-2.0000000000000000e+00,1.0000000000000000e-02,-1,-1,5.4545454545454512e-05,wind_direction:18.4_m:degrees
1410,-2,-2.0000000000000000e+00,-8.6363636363636347e-03,-1,-1,4.8140495867768569e-05,wind_direction:18.4_m:degrees
1411,-2,-2.0000000000000000e+00,6.3333333333333339e-02,-1,-1,8.8888888888888351e-05,wind_direction:18.4_m:degrees
1412,-2,-2.0000000000000000e+00,3.3750000000000002e-02,-1,-1,1.4843749999999991e-04,wind_direction:18.4_m:degrees
1413,-2,-2.0000000000000000e+00,2.9000000000000004e-01,-1,-1,1.9999999999997797e-04,wind_direction:18.4_m:degrees
1414,-2,-2.0000000000000000e+00,2.5071428571428572e-01,-1,-1,1.3520408163264497e-04,wind_direction:18.4_m:degrees
1415,-2,-2.0000000000000000e+00,-1.1818181818181820e-02,-1,-1,1.4820936639118451e-04,wind_direction:18.4_m:degrees
1416,10,8.7999944686889648e+00,-2.4112149532710285e-02,1417,1418,3.2701545986549003e-04,wind_speed:18.4_m:m_s-1
1417,7,1.3000000119209290e+00,-4.7142857142857139e-02,1419,1420,1.7061224489795931e-03,wave_height:0_m:m
1418,-2,-2.0000000000000000e+00,-2.2500000000000010e-02,-1,-1,1.9074999999999973e-04,wind_direction:18.4_m:degrees
1419,-2,-2.0000000000000000e+00,-3.1666666666666669e-02,-1,-1,3.1388888888888959e-04,wind_direction:18.4_m:degrees
1420,-2,-2.0000000000000000e+00,-1.4000000000000001e-01,-1,-1,3.4694469519536142e-18,wind_direction:18.4_m:degrees
1421,-2,-2.0000000000000000e+00,4.7931034482758622e-02,-1,-1,1.6813317479191792e-04,wind_direction:18.4_m:degrees
1422,-2,-2.0000000000000000e+00,6.4137931034482773e-02,-1,-1,1.1391200951248268e-04,wind_direction:18.4_m:degrees
1423,-2,-2.0000000000000000e+00,-1.0298507462686571e-02,-1,-1,1.0438850523501892e-04,wind_direction:18.4_m:degrees
1424,9,9.0262672424316406e+01,-2.1403508771929831e-02,1425,1426,2.0153893505693934e-04,angle_between_wind_wave:0_m:degrees
1425,6,2.2250000000000000e+02,-2.6750000000000003e-02,1933,1934,1.6693750000000009e-04,wave_direction:0_m:degrees
1426,-2,-2.0000000000000000e+00,-8.8235294117647058e-03,-1,-1,5.7439446366781241e-05,wind_direction:18.4_m:degrees
1427,-2,-2.0000000000000000e+00,3.4500000000000010e-02,-1,-1,1.6474999999999932e-04,wind_direction:18.4_m:degrees
1428,-2,-2.0000000000000000e+00,8.7500000000000008e-03,-1,-1,6.0937500000000336e-05,wind_direction:18.4_m:degrees
1429,-2,-2.0000000000000000e+00,2.7571428571428587e-02,-1,-1,1.0124489795918326e-04,wind_direction:18.4_m:degrees
1430,-2,-2.0000000000000000e+00,4.6153846153846163e-02,-1,-1,6.9822485207098224e-05,wind_direction:18.4_m:degrees
1431,11,2.5751499938964844e+02,-6.6547406082289613e-03,1433,1434,9.8827128689425009e-05,wind_direction:18.4_m:degrees
1432,-2,-2.0000000000000000e+00,-1.0563063063063031e-02,-1,-1,7.6034311338367275e-05,wind_direction:18.4_m:degrees
1433,3,9.9970001220703125e+02,-6.2477231329690153e-03,1919,1920,6.1330254378718458e-05,pressure:18.4_m:hPa
1434,9,9.1200569152832031e+01,-2.9000000000000005e-02,1435,1436,1.6490000000000233e-03,angle_between_wind_wave:0_m:degrees
1435,-2,-2.0000000000000000e+00,-2.8571428571428571e-03,-1,-1,7.7551020408163268e-05,wind_direction:18.4_m:degrees
1436,-2,-2.0000000000000000e+00,-9.0000000000000011e-02,-1,-1,0.0000000000000000e+00,wind_direction:18.4_m:degrees
1437,-2,-2.0000000000000000e+00,5.2352941176470616e-02,-1,-1,1.8269896193771245e-04,wind_direction:18.4_m:degrees
1438,-2,-2.0000000000000000e+00,3.4444444444444458e-02,-1,-1,1.0246913580247256e-04,wind_direction:18.4_m:degrees
1439,5,5.3750000000000000e+01,7.1857142857142856e-02,1587,1588,2.0655102040816574e-04,relative_humidity:18.4_m:%
1440,-2,-2.0000000000000000e+00,1.0000000000000000e-02,-1,-1,-1.1777146098623792e-16,wind_direction:18.4_m:degrees
1441,10,6.9444186687469482e+00,-3.8276181649675536e-03,1445,1446,1.2779604909980000e-04,wind_speed:18.4_m:m_s-1
1442,9,9.1616283416748047e+01,-8.0694980694980701e-03,1443,1444,2.2716119318435803e-04,angle_between_wind_wave:0_m:degrees
1443,11,3.3861500549316406e+02,-6.4806866952789735e-03,1449,1450,1.7302215918510222e-04,wind_direction:18.4_m:degrees
1444,0,1.0881884384155273e+02,-2.2307692307692310e-02,1447,1448,4.8698224852070809e-04,zenith:0_m:degrees
1445,8,1.3500000000000000e+01,-3.9498141263940457e-03,1595,1596,1.2278186799519092e-04,wave_period:0_m:s
1446,-2,-2.0000000000000000e+00,4.0000000000000001e-02,-1,-1,5.8546917314217239e-18,wind_direction:18.4_m:degrees
1447,9,9.3580047607421875e+01,-1.8333333333333333e-02,1451,1452,3.2222222222222212e-04,angle_between_wind_wave:0_m:degrees
1448,-2,-2.0000000000000000e+00,-7.0000000000000007e-02,-1,-1,8.6736173798840355e-19,wind_direction:18.4_m:degrees
1449,11,2.6124499511718750e+02,-6.2068965517241411e-03,1659,1660,1.5630202140309168e-04,wind_direction:18.4_m:degrees
1450,-2,-2.0000000000000000e+00,-7.0000000000000007e-02,-1,-1,2.0816681711721685e-17,wind_direction:18.4_m:degrees
1451,-2,-2.0000000000000000e+00,-1.5652173913043476e-02,-1,-1,1.6370510396975435e-04,wind_direction:18.4_m:degrees
1452,-2,-2.0000000000000000e+00,-8.0000000000000002e-02,-1,-1,-1.7347234759768071e-18,wind_direction:18.4_m:degrees
1453,2,2.9366999816894531e+02,-2.5714285714285717e-03,2043,2044,1.3719727891156456e-04,water_sfc_temperature:0_m:K
1454,-2,-2.0000000000000000e+00,1.2105263157894739e-02,-1,-1,2.7146814404433594e-05,wind_direction:18.4_m:degrees
1455,-2,-2.0000000000000000e+00,2.5666666666666665e-01,-1,-1,8.8888888888874473e-05,wind_direction:18.4_m:degrees
1456,-2,-2.0000000000000000e+00,2.0666666666666667e-01,-1,-1,8.8888888888895290e-05,wind_direction:18.4_m:degrees
1457,-2,-2.0000000000000000e+00,8.4545454545454549e-02,-1,-1,2.9752066115702573e-04,wind_direction:18.4_m:degrees
1458,2,2.8768499755859375e+02,1.0593750000000003e-01,1771,1772,1.9287109375000847e-04,water_sfc_temperature:0_m:K
1459,-2,-2.0000000000000000e+00,5.2307692307692305e-02,-1,-1,2.6390532544378785e-04,wind_direction:18.4_m:degrees
1460,-2,-2.0000000000000000e+00,3.0909090909090907e-02,-1,-1,7.1900826446280619e-05,wind_direction:18.4_m:degrees
1461,8,5.1499998569488525e+00,-1.4808743169398895e-02,1465,1466,2.0201260115261727e-04,wave_period:0_m:s
1462,10,9.0465946197509766e+00,-6.1764705882352928e-03,1463,1464,2.3832179930795904e-04,wind_speed:18.4_m:m_s-1
1463,-2,-2.0000000000000000e+00,-8.9999999999999997e-02,-1,-1,0.0000000000000000e+00,wind_direction:18.4_m:degrees
1464,11,2.2719499969482422e+02,-4.9253731343283577e-03,2041,2042,1.3544219202494989e-04,wind_direction:18.4_m:degrees
1465,-2,-2.0000000000000000e+00,-1.3411764705882359e-02,-1,-1,1.8365397923875458e-04,wind_direction:18.4_m:degrees
1466,-2,-2.0000000000000000e+00,-3.3076923076923073e-02,-1,-1,8.2840236686394265e-05,wind_direction:18.4_m:degrees
1467,11,3.2071000671386719e+02,3.9910714285714279e-02,1469,1470,1.4552774234693686e-04,wind_direction:18.4_m:degrees
1468,3,1.0225499877929688e+03,4.8765432098765438e-02,1993,1994,1.4168571864045867e-04,pressure:18.4_m:hPa
1469,-2,-2.0000000000000000e+00,3.2978723404255325e-02,-1,-1,9.7510185604345566e-05,wind_direction:18.4_m:degrees
1470,7,9.4999998807907104e-01,4.4923076923076927e-02,1763,1764,1.2037869822485508e-04,wave_height:0_m:m
1471,-2,-2.0000000000000000e+00,8.3333333333333343e-02,-1,-1,1.6888888888888856e-04,wind_direction:18.4_m:degrees
1472,-2,-2.0000000000000000e+00,5.2000000000000005e-02,-1,-1,9.6000000000007538e-05,wind_direction:18.4_m:degrees
1473,-2,-2.0000000000000000e+00,-1.0000000000000000e-02,-1,-1,1.0000000000000003e-04,wind_direction:18.4_m:degrees
1474,7,9.5000001788139343e-01,-2.7608695652173922e-02,1591,1592,2.0080340264650267e-04,wave_height:0_m:m
1475,1,1.8815176391601562e+02,-1.3476190476190461e-02,1483,1484,1.5410657596371915e-04,azimuth:0_m:degrees
1476,10,7.9760522842407227e+00,-2.2295081967213120e-02,1477,1478,4.2096210696049568e-04,wind_speed:18.4_m:m_s-1
1477,-2,-2.0000000000000000e+00,-1.1250000000000001e-02,-1,-1,3.5937499999999972e-05,wind_direction:18.4_m:degrees
1478,2,2.8815000915527344e+02,-2.9459459459459460e-02,1479,1480,5.4024835646457174e-04,water_sfc_temperature:0_m:K
1479,-2,-2.0000000000000000e+00,-1.8421052631578946e-02,-1,-1,4.4875346260387652e-05,wind_direction:18.4_m:degrees
1480,2,2.8817500305175781e+02,-4.1111111111111112e-02,1481,1482,7.9876543209876595e-04,water_sfc_temperature:0_m:K
1481,-2,-2.0000000000000000e+00,-1.4000000000000001e-01,-1,-1,0.0000000000000000e+00,wind_direction:18.4_m:degrees
1482,12,1.8692844547331333e-02,-3.5294117647058823e-02,1683,1684,2.3667820069204191e-04,bulk_richardson:18.4_m:none
1483,-2,-2.0000000000000000e+00,-1.7809523809523820e-02,-1,-1,1.2948752834467093e-04,wind_direction:18.4_m:degrees
1484,-2,-2.0000000000000000e+00,-9.1428571428571470e-03,-1,-1,1.4117006802721188e-04,wind_direction:18.4_m:degrees
1485,-2,-2.0000000000000000e+00,9.6666666666666665e-02,-1,-1,8.8888888888890086e-05,wind_direction:18.4_m:degrees
1486,-2,-2.0000000000000000e+00,1.3166666666666668e-01,-1,-1,8.0555555555552466e-05,wind_direction:18.4_m:degrees
1487,-2,-2.0000000000000000e+00,5.0000000000000003e-02,-1,-1,0.0000000000000000e+00,wind_direction:18.4_m:degrees
1488,-2,-2.0000000000000000e+00,1.8292682926829271e-02,-1,-1,9.7085068411659539e-05,wind_direction:18.4_m:degrees
1489,7,3.5000000894069672e-01,5.4150943396226420e-02,1553,1554,2.0163759344962381e-04,wave_height:0_m:m
1490,-2,-2.0000000000000000e+00,7.4999999999999997e-02,-1,-1,3.2500000000000757e-04,wind_direction:18.4_m:degrees
1491,-2,-2.0000000000000000e+00,4.1935483870967752e-02,-1,-1,1.1238293444328800e-04,wind_direction:18.4_m:degrees
1492,-2,-2.0000000000000000e+00,2.8769230769230780e-02,-1,-1,1.3694674556213047e-04,wind_direction:18.4_m:degrees
1493,-2,-2.0000000000000000e+00,-4.8017621145374336e-03,-1,-1,1.1189168558805141e-04,wind_direction:18.4_m:degrees
1494,-2,-2.0000000000000000e+00,-1.0349650349650356e-02,-1,-1,1.0687075162599824e-04,wind_direction:18.4_m:degrees
1495,0,8.7622642517089844e+01,6.0576923076923077e-02,1805,1806,1.9005177514792599e-04,zenith:0_m:degrees
1496,-2,-2.0000000000000000e+00,7.5909090909090898e-02,-1,-1,1.7871900826446196e-04,wind_direction:18.4_m:degrees
1497,8,3.9500000476837158e+00,2.3483146067415743e-02,1499,1500,1.5977780583259688e-04,wave_period:0_m:s
1498,-2,-2.0000000000000000e+00,4.7142857142857139e-02,-1,-1,1.6326530612244868e-04,wind_direction:18.4_m:degrees
1499,-2,-2.0000000000000000e+00,4.5714285714285714e-02,-1,-1,5.3061224489796624e-05,wind_direction:18.4_m:degrees
1500,-2,-2.0000000000000000e+00,2.1585365853658545e-02,-1,-1,1.2309637120761413e-04,wind_direction:18.4_m:degrees
1501,3,1.0026499938964844e+03,-4.9333333333333338e-03,1503,1504,1.4099555555555551e-04,pressure:18.4_m:hPa
1502,-2,-2.0000000000000000e+00,-1.2170542635658921e-02,-1,-1,1.1466858962802775e-04,wind_direction:18.4_m:degrees
1503,-2,-2.0000000000000000e+00,-8.0000000000000002e-02,-1,-1,0.0000000000000000e+00,wind_direction:18.4_m:degrees
1504,-2,-2.0000000000000000e+00,-4.4295302013422832e-03,-1,-1,1.0386919508130260e-04,wind_direction:18.4_m:degrees
1505,-2,-2.0000000000000000e+00,1.0260869565217393e-01,-1,-1,1.3232514177693479e-04,wind_direction:18.4_m:degrees
1506,-2,-2.0000000000000000e+00,7.0000000000000007e-02,-1,-1,-6.9388939039072284e-18,wind_direction:18.4_m:degrees
1507,-2,-2.0000000000000000e+00,4.4999999999999998e-02,-1,-1,2.5000000000000282e-05,wind_direction:18.4_m:degrees
1508,-2,-2.0000000000000000e+00,8.8888888888888889e-03,-1,-1,9.8765432098765602e-06,wind_direction:18.4_m:degrees
1509,-2,-2.0000000000000000e+00,-1.2792792792792801e-02,-1,-1,1.3364174985796583e-04,wind_direction:18.4_m:degrees
1510,-2,-2.0000000000000000e+00,2.9999999999999999e-02,-1,-1,-1.0842021724855044e-19,wind_direction:18.4_m:degrees
1511,-2,-2.0000000000000000e+00,-6.9325153374233152e-03,-1,-1,1.1697090594301626e-04,wind_direction:18.4_m:degrees
1512,4,7.8311991691589355e+00,-1.7209302325581401e-02,1539,1540,2.1081665765278532e-04,mixing_ratio:18.4_m:g_kg-1
1513,-2,-2.0000000000000000e+00,-3.7957746478873254e-02,-1,-1,1.4442074985122162e-04,wind_direction:18.4_m:degrees
1514,-2,-2.0000000000000000e+00,-4.9687500000000009e-02,-1,-1,7.1777343749997516e-05,wind_direction:18.4_m:degrees
1515,-2,-2.0000000000000000e+00,1.1200000000000002e-01,-1,-1,5.5999999999997024e-05,wind_direction:18.4_m:degrees
1516,6,2.3950000000000000e+02,1.3439999999999996e-01,1517,1518,2.8064000000000908e-04,wave_direction:0_m:degrees
1517,-2,-2.0000000000000000e+00,1.4210526315789473e-01,-1,-1,1.2188365650970395e-04,wind_direction:18.4_m:degrees
1518,-2,-2.0000000000000000e+00,1.1000000000000000e-01,-1,-1,-6.9388939039072284e-18,wind_direction:18.4_m:degrees
1519,3,1.0142500000000000e+03,4.1353383458646630e-03,1521,1522,1.2801175872010850e-04,pressure:18.4_m:hPa
1520,10,7.8864159584045410e+00,-3.1617647058823535e-03,1573,1574,8.9267949826989573e-05,wind_speed:18.4_m:m_s-1
1521,6,2.1050000000000000e+02,1.3571428571428573e-02,1929,1930,1.6581632653061220e-04,wave_direction:0_m:degrees
1522,-2,-2.0000000000000000e+00,-2.1978021978021964e-04,-1,-1,5.0501147204443848e-05,wind_direction:18.4_m:degrees
1523,-2,-2.0000000000000000e+00,1.8260869565217389e-02,-1,-1,5.7844990548204262e-05,wind_direction:18.4_m:degrees
1524,-2,-2.0000000000000000e+00,-5.5555555555555534e-04,-1,-1,1.0524691358024686e-04,wind_direction:18.4_m:degrees
1525,-2,-2.0000000000000000e+00,7.2026800670016802e-04,-1,-1,3.6164631083951354e-05,wind_direction:18.4_m:degrees
1526,12,-2.5864207744598389e-01,4.6232876712328794e-03,1645,1646,1.3992658097204021e-04,bulk_richardson:18.4_m:none
1527,-2,-2.0000000000000000e+00,-7.3333333333333334e-02,-1,-1,1.9999999999999966e-04,wind_direction:18.4_m:degrees
1528,-2,-2.0000000000000000e+00,-4.0000000000000001e-02,-1,-1,1.5999999999999782e-04,wind_direction:18.4_m:degrees
1529,6,1.9900000000000000e+02,9.9047619047619079e-02,1931,1932,3.3242630385487380e-04,wave_direction:0_m:degrees
1530,-2,-2.0000000000000000e+00,1.2666666666666668e-01,-1,-1,8.8888888888895290e-05,wind_direction:18.4_m:degrees
1531,-2,-2.0000000000000000e+00,1.5079999999999999e-01,-1,-1,2.4736000000000896e-04,wind_direction:18.4_m:degrees
1532,1,3.2790060424804688e+02,1.7999999999999999e-01,1781,1782,7.2000000000001230e-04,azimuth:0_m:degrees
1533,10,1.2615878582000732e+01,1.0479166666666667e-01,1535,1536,2.0828993055556008e-04,wind_speed:18.4_m:m_s-1
1534,6,2.4350000000000000e+02,1.2285714285714287e-01,1907,1908,2.7755102040817083e-04,wave_direction:0_m:degrees
1535,-2,-2.0000000000000000e+00,9.7037037037037061e-02,-1,-1,1.1714677640603174e-04,wind_direction:18.4_m:degrees
1536,-2,-2.0000000000000000e+00,1.1476190476190477e-01,-1,-1,1.4875283446712587e-04,wind_direction:18.4_m:degrees
1537,-2,-2.0000000000000000e+00,-1.8749999999999999e-02,-1,-1,1.0937500000000096e-05,wind_direction:18.4_m:degrees
1538,-2,-2.0000000000000000e+00,-2.8440366972477061e-03,-1,-1,7.5397693796818414e-05,wind_direction:18.4_m:degrees
1539,-2,-2.0000000000000000e+00,-2.5652173913043481e-02,-1,-1,9.4139886578449789e-05,wind_direction:18.4_m:degrees
1540,-2,-2.0000000000000000e+00,-7.5000000000000015e-03,-1,-1,1.6874999999999976e-04,wind_direction:18.4_m:degrees
1541,4,2.2120411396026611e+00,6.9611650485436855e-02,1715,1716,1.9014044679046497e-04,mixing_ratio:18.4_m:g_kg-1
1542,-2,-2.0000000000000000e+00,1.0000000000000000e-02,-1,-1,1.0427314393879339e-16,wind_direction:18.4_m:degrees
1543,-2,-2.0000000000000000e+00,-2.6262626262626271e-03,-1,-1,4.3607795122946655e-05,wind_direction:18.4_m:degrees
1544,-2,-2.0000000000000000e+00,-1.0661157024793394e-02,-1,-1,1.6815791271088023e-04,wind_direction:18.4_m:degrees
1545,-2,-2.0000000000000000e+00,1.7000000000000001e-01,-1,-1,0.0000000000000000e+00,wind_direction:18.4_m:degrees
1546,-2,-2.0000000000000000e+00,1.3642857142857143e-01,-1,-1,1.5153061224490449e-04,wind_direction:18.4_m:degrees
1547,-2,-2.0000000000000000e+00,6.4857142857142877e-02,-1,-1,9.3551020408162017e-05,wind_direction:18.4_m:degrees
1548,-2,-2.0000000000000000e+00,8.2352941176470601e-02,-1,-1,6.5051903114187598e-05,wind_direction:18.4_m:degrees
1549,-2,-2.0000000000000000e+00,2.7000000000000002e-01,-1,-1,3.9999999999999758e-04,wind_direction:18.4_m:degrees
1550,10,1.4675735950469971e+01,2.2562499999999999e-01,1551,1552,4.6210937499998467e-04,wind_speed:18.4_m:m_s-1
1551,-2,-2.0000000000000000e+00,2.1846153846153846e-01,-1,-1,2.7455621301775146e-04,wind_direction:18.4_m:degrees
1552,-2,-2.0000000000000000e+00,2.5666666666666665e-01,-1,-1,8.8888888888888351e-05,wind_direction:18.4_m:degrees
1553,-2,-2.0000000000000000e+00,7.1000000000000008e-02,-1,-1,6.8999999999999617e-05,wind_direction:18.4_m:degrees
1554,-2,-2.0000000000000000e+00,5.0232558139534894e-02,-1,-1,1.5110870740941062e-04,wind_direction:18.4_m:degrees
1555,3,1.0032000122070312e+03,-7.8181818181818172e-02,1557,1558,3.8578512396693701e-04,pressure:18.4_m:hPa
1556,-2,-2.0000000000000000e+00,-6.5294117647058836e-02,-1,-1,1.2491349480968795e-04,wind_direction:18.4_m:degrees
1557,-2,-2.0000000000000000e+00,-7.3255813953488361e-02,-1,-1,2.7312060573282844e-04,wind_direction:18.4_m:degrees
1558,3,1.0036999816894531e+03,-9.5833333333333340e-02,1559,1560,3.9097222222222137e-04,pressure:18.4_m:hPa
1559,-2,-2.0000000000000000e+00,-1.3500000000000001e-01,-1,-1,2.2499999999999951e-04,wind_direction:18.4_m:degrees
1560,-2,-2.0000000000000000e+00,-8.8000000000000009e-02,-1,-1,5.5999999999997892e-05,wind_direction:18.4_m:degrees
1561,-2,-2.0000000000000000e+00,3.2278481012658240e-02,-1,-1,1.6442877743951261e-04,wind_direction:18.4_m:degrees
1562,-2,-2.0000000000000000e+00,-1.0000000000000000e-02,-1,-1,1.0000000000000555e-04,wind_direction:18.4_m:degrees
1563,4,1.0738406658172607e+01,-2.6129032258064521e-02,1565,1566,3.0759625390218502e-04,mixing_ratio:18.4_m:g_kg-1
1564,-2,-2.0000000000000000e+00,-1.4285714285714286e-03,-1,-1,4.0816326530612475e-05,wind_direction:18.4_m:degrees
1565,-2,-2.0000000000000000e+00,-1.6499999999999997e-02,-1,-1,1.2274999999999981e-04,wind_direction:18.4_m:degrees
1566,-2,-2.0000000000000000e+00,-4.3636363636363633e-02,-1,-1,1.6859504132231309e-04,wind_direction:18.4_m:degrees
1567,6,1.5550000000000000e+02,-1.9655172413793109e-02,1569,1570,1.5505350772889424e-04,wave_direction:0_m:degrees
1568,-2,-2.0000000000000000e+00,-3.5000000000000003e-02,-1,-1,9.8333333333332001e-05,wind_direction:18.4_m:degrees
1569,-2,-2.0000000000000000e+00,-5.9999999999999998e-02,-1,-1,0.0000000000000000e+00,wind_direction:18.4_m:degrees
1570,-2,-2.0000000000000000e+00,-1.6666666666666666e-02,-1,-1,3.7037037037036650e-05,wind_direction:18.4_m:degrees
1571,-2,-2.0000000000000000e+00,-6.0000000000000005e-02,-1,-1,2.0000000000000009e-04,wind_direction:18.4_m:degrees
1572,-2,-2.0000000000000000e+00,-2.2307692307692306e-02,-1,-1,1.2544378698224829e-04,wind_direction:18.4_m:degrees
1573,-2,-2.0000000000000000e+00,3.2608695652173905e-04,-1,-1,5.5328449905482047e-05,wind_direction:18.4_m:degrees
1574,-2,-2.0000000000000000e+00,-1.0454545454545454e-02,-1,-1,8.1611570247933768e-05,wind_direction:18.4_m:degrees
1575,-2,-2.0000000000000000e+00,2.6538461538461542e-02,-1,-1,9.9556213017751760e-05,wind_direction:18.4_m:degrees
1576,-2,-2.0000000000000000e+00,-2.0000000000000000e-03,-1,-1,1.5999999999999176e-05,wind_direction:18.4_m:degrees
1577,-2,-2.0000000000000000e+00,2.4000000000000004e-02,-1,-1,5.0666666666666416e-05,wind_direction:18.4_m:degrees
1578,-2,-2.0000000000000000e+00,4.5333333333333337e-02,-1,-1,1.3155555555555230e-04,wind_direction:18.4_m:degrees
1579,-2,-2.0000000000000000e+00,2.9999999999999999e-02,-1,-1,8.5714285714285753e-05,wind_direction:18.4_m:degrees
1580,5,5.2399999618530273e+01,5.3695652173913054e-02,1581,1582,2.8851606805293086e-04,relative_humidity:18.4_m:%
1581,4,1.5902689099311829e+00,4.6666666666666676e-02,2009,2010,1.6161616161616127e-04,mixing_ratio:18.4_m:g_kg-1
1582,-2,-2.0000000000000000e+00,7.1538461538461537e-02,-1,-1,1.6686390532543935e-04,wind_direction:18.4_m:degrees
1583,-2,-2.0000000000000000e+00,9.7419354838709699e-02,-1,-1,1.5463059313214345e-04,wind_direction:18.4_m:degrees
1584,-2,-2.0000000000000000e+00,1.4000000000000001e-01,-1,-1,6.2450045135165055e-17,wind_direction:18.4_m:degrees
1585,-2,-2.0000000000000000e+00,8.0555555555555561e-02,-1,-1,7.1913580246912856e-05,wind_direction:18.4_m:degrees
1586,-2,-2.0000000000000000e+00,6.1111111111111116e-02,-1,-1,9.8765432098761510e-05,wind_direction:18.4_m:degrees
1587,4,1.7189958691596985e+00,6.6666666666666680e-02,1589,1590,2.1777777777777594e-04,mixing_ratio:18.4_m:g_kg-1
1588,-2,-2.0000000000000000e+00,8.1200000000000008e-02,-1,-1,5.0560000000004178e-05,wind_direction:18.4_m:degrees
1589,-2,-2.0000000000000000e+00,7.9375000000000001e-02,-1,-1,2.3085937500000060e-04,wind_direction:18.4_m:degrees
1590,-2,-2.0000000000000000e+00,5.9655172413793117e-02,-1,-1,7.2294887039235124e-05,wind_direction:18.4_m:degrees
1591,-2,-2.0000000000000000e+00,2.9999999999999999e-02,-1,-1,0.0000000000000000e+00,wind_direction:18.4_m:degrees
1592,10,1.1334036350250244e+01,-2.8888888888888901e-02,1961,1962,1.2987654320987597e-04,wind_speed:18.4_m:m_s-1
1593,-2,-2.0000000000000000e+00,2.0000000000000000e-02,-1,-1,8.3333333333333263e-05,wind_direction:18.4_m:degrees
1594,-2,-2.0000000000000000e+00,3.5428571428571434e-02,-1,-1,8.7673469387753626e-05,wind_direction:18.4_m:degrees
1595,12,9.7744405269622803e-02,-4.0709617180205290e-03,2033,2034,1.1470644902841347e-04,bulk_richardson:18.4_m:none
1596,11,2.6711999511718750e+02,2.1999999999999999e-02,1597,1598,1.1759999999999499e-03,wind_direction:18.4_m:degrees
1597,-2,-2.0000000000000000e+00,8.9999999999999997e-02,-1,-1,0.0000000000000000e+00,wind_direction:18.4_m:degrees
1598,-2,-2.0000000000000000e+00,5.0000000000000001e-03,-1,-1,2.5000000000000120e-05,wind_direction:18.4_m:degrees
1599,-2,-2.0000000000000000e+00,8.5714285714285719e-03,-1,-1,1.2653061224489792e-04,wind_direction:18.4_m:degrees
1600,-2,-2.0000000000000000e+00,4.4999999999999998e-02,-1,-1,1.2500000000000011e-04,wind_direction:18.4_m:degrees
1601,-2,-2.0000000000000000e+00,7.4999999999999997e-02,-1,-1,1.6500000000000195e-04,wind_direction:18.4_m:degrees
1602,-2,-2.0000000000000000e+00,4.5000000000000005e-02,-1,-1,5.8333333333327776e-05,wind_direction:18.4_m:degrees
1603,-2,-2.0000000000000000e+00,9.0000000000000011e-02,-1,-1,0.0000000000000000e+00,wind_direction:18.4_m:degrees
1604,-2,-2.0000000000000000e+00,1.2750000000000003e-01,-1,-1,1.6875000000000570e-04,wind_direction:18.4_m:degrees
1605,-2,-2.0000000000000000e+00,1.2000000000000000e-01,-1,-1,2.0000000000000226e-04,wind_direction:18.4_m:degrees
1606,-2,-2.0000000000000000e+00,1.5517241379310345e-01,-1,-1,2.1117717003566946e-04,wind_direction:18.4_m:degrees
1607,9,8.8961269378662109e+01,6.9000000000000020e-02,1609,1610,2.5900000000000142e-04,angle_between_wind_wave:0_m:degrees
1608,-2,-2.0000000000000000e+00,9.4285714285714292e-02,-1,-1,8.1632653061223040e-05,wind_direction:18.4_m:degrees
1609,-2,-2.0000000000000000e+00,8.1818181818181818e-02,-1,-1,3.3057851239670297e-05,wind_direction:18.4_m:degrees
1610,-2,-2.0000000000000000e+00,5.3333333333333337e-02,-1,-1,8.8888888888887050e-05,wind_direction:18.4_m:degrees
1611,-2,-2.0000000000000000e+00,2.0588235294117650e-02,-1,-1,1.7301038062283633e-05,wind_direction:18.4_m:degrees
1612,-2,-2.0000000000000000e+00,3.2258064516129032e-03,-1,-1,2.1852237252861610e-05,wind_direction:18.4_m:degrees
1613,-2,-2.0000000000000000e+00,5.7368421052631596e-02,-1,-1,1.4044321329639712e-04,wind_direction:18.4_m:degrees
1614,-2,-2.0000000000000000e+00,3.0000000000000006e-02,-1,-1,7.9999999999998692e-05,wind_direction:18.4_m:degrees
1615,-2,-2.0000000000000000e+00,2.8333333333333332e-02,-1,-1,1.3888888888888913e-05,wind_direction:18.4_m:degrees
1616,-2,-2.0000000000000000e+00,5.3333333333333344e-02,-1,-1,1.0222222222222013e-04,wind_direction:18.4_m:degrees
1617,-2,-2.0000000000000000e+00,-8.3418367346938666e-03,-1,-1,7.1485188463140856e-05,wind_direction:18.4_m:degrees
1618,9,8.8322505950927734e+01,-1.3316831683168315e-02,1619,1620,2.2315704342711746e-04,angle_between_wind_wave:0_m:degrees
1619,2,2.9118499755859375e+02,-6.3333333333333339e-02,1621,1622,1.4222222222222206e-03,water_sfc_temperature:0_m:K
1620,12,2.1321959793567657e-02,-1.2562814070351759e-02,1623,1624,1.6679881821166160e-04,bulk_richardson:18.4_m:none
1621,-2,-2.0000000000000000e+00,-8.9999999999999997e-02,-1,-1,0.0000000000000000e+00,wind_direction:18.4_m:degrees
1622,-2,-2.0000000000000000e+00,-1.0000000000000000e-02,-1,-1,-7.8604657505199071e-19,wind_direction:18.4_m:degrees
1623,-2,-2.0000000000000000e+00,-1.1123595505617983e-02,-1,-1,1.2120944325211456e-04,wind_direction:18.4_m:degrees
1624,12,2.1557499654591084e-02,-2.4761904761904763e-02,1625,1626,3.8684807256236006e-04,bulk_richardson:18.4_m:none
1625,-2,-2.0000000000000000e+00,-8.9999999999999997e-02,-1,-1,0.0000000000000000e+00,wind_direction:18.4_m:degrees
1626,-2,-2.0000000000000000e+00,-2.1499999999999998e-02,-1,-1,1.8274999999999997e-04,wind_direction:18.4_m:degrees
1627,0,1.0073540878295898e+02,8.5714285714285719e-03,1631,1632,4.8367346938775512e-04,zenith:0_m:degrees
1628,10,4.5471253395080566e+00,-6.9807280513918572e-03,1629,1630,1.4784331167550893e-04,wind_speed:18.4_m:m_s-1
1629,-2,-2.0000000000000000e+00,-8.0000000000000002e-02,-1,-1,0.0000000000000000e+00,wind_direction:18.4_m:degrees
1630,11,3.0944999694824219e+02,-6.8240343347639454e-03,1633,1634,1.3669435797307043e-04,wind_direction:18.4_m:degrees
1631,7,1.0500000119209290e+00,-3.1540426835941948e-19,1911,1912,2.7272727272727279e-04,wave_height:0_m:m
1632,-2,-2.0000000000000000e+00,4.0000000000000001e-02,-1,-1,0.0000000000000000e+00,wind_direction:18.4_m:degrees
1633,-2,-2.0000000000000000e+00,-7.1304347826086955e-03,-1,-1,1.2393950850661642e-04,wind_direction:18.4_m:degrees
1634,11,3.1701499938964844e+02,1.6666666666666666e-02,1635,1636,5.5555555555556282e-04,wind_direction:18.4_m:degrees
1635,-2,-2.0000000000000000e+00,5.0000000000000003e-02,-1,-1,0.0000000000000000e+00,wind_direction:18.4_m:degrees
1636,-2,-2.0000000000000000e+00,0.0000000000000000e+00,-1,-1,0.0000000000000000e+00,wind_direction:18.4_m:degrees
1637,-2,-2.0000000000000000e+00,2.1888888888888891e-01,-1,-1,1.0987654320988860e-04,wind_direction:18.4_m:degrees
1638,-2,-2.0000000000000000e+00,1.6000000000000000e-01,-1,-1,-9.0205620750793969e-17,wind_direction:18.4_m:degrees
1639,-2,-2.0000000000000000e+00,5.6666666666666671e-02,-1,-1,5.5555555555555653e-05,wind_direction:18.4_m:degrees
1640,-2,-2.0000000000000000e+00,2.1999999999999999e-02,-1,-1,5.5999999999999518e-05,wind_direction:18.4_m:degrees
1641,-2,-2.0000000000000000e+00,-6.6666666666666671e-03,-1,-1,8.8888888888888893e-05,wind_direction:18.4_m:degrees
1642,-2,-2.0000000000000000e+00,-4.1428571428571433e-02,-1,-1,5.5102040816326680e-05,wind_direction:18.4_m:degrees
1643,9,8.9990818023681641e+01,5.5967741935483858e-02,1997,1998,1.8535379812695176e-04,angle_between_wind_wave:0_m:degrees
1644,5,3.7500000000000000e+01,7.2857142857142856e-02,1823,1824,4.2040816326530811e-04,relative_humidity:18.4_m:%
1645,-2,-2.0000000000000000e+00,1.0571428571428574e-02,-1,-1,8.2530612244897898e-05,wind_direction:18.4_m:degrees
1646,-2,-2.0000000000000000e+00,2.7477477477477483e-03,-1,-1,1.4335078321564838e-04,wind_direction:18.4_m:degrees
1647,-2,-2.0000000000000000e+00,-5.8536585365853667e-03,-1,-1,3.4027364663890526e-05,wind_direction:18.4_m:degrees
1648,8,8.0000000000000000e+00,-1.6933333333333342e-02,1859,1860,9.8595555555555214e-05,wave_period:0_m:s
1649,-2,-2.0000000000000000e+00,1.2428571428571429e-01,-1,-1,1.1020408163265813e-04,wind_direction:18.4_m:degrees
1650,-2,-2.0000000000000000e+00,1.7000000000000001e-01,-1,-1,8.9999999999999455e-04,wind_direction:18.4_m:degrees
1651,-2,-2.0000000000000000e+00,-3.2916666666666693e-03,-1,-1,8.9998263888888918e-05,wind_direction:18.4_m:degrees
1652,-2,-2.0000000000000000e+00,-8.3625730994152086e-03,-1,-1,1.7275742963647088e-04,wind_direction:18.4_m:degrees
1653,-2,-2.0000000000000000e+00,9.3636363636363643e-02,-1,-1,1.3223140495867425e-04,wind_direction:18.4_m:degrees
1654,-2,-2.0000000000000000e+00,7.1111111111111111e-02,-1,-1,2.3209876543209274e-04,wind_direction:18.4_m:degrees
1655,-2,-2.0000000000000000e+00,-3.3333333333333331e-03,-1,-1,2.2222222222222210e-05,wind_direction:18.4_m:degrees
1656,-2,-2.0000000000000000e+00,-3.3333333333333333e-02,-1,-1,8.8888888888889002e-05,wind_direction:18.4_m:degrees
1657,-2,-2.0000000000000000e+00,5.7272727272727274e-02,-1,-1,7.4380165289255999e-05,wind_direction:18.4_m:degrees
1658,-2,-2.0000000000000000e+00,3.5000000000000003e-02,-1,-1,6.2499999999999839e-05,wind_direction:18.4_m:degrees
1659,10,8.2953891754150391e+00,-8.9932885906040313e-03,1757,1758,1.2851673348047369e-04,wind_speed:18.4_m:m_s-1
1660,-2,-2.0000000000000000e+00,-1.2048192771084338e-03,-1,-1,1.6722310930468920e-04,wind_direction:18.4_m:degrees
1661,-2,-2.0000000000000000e+00,-1.2917181705809644e-03,-1,-1,4.2769041423662552e-05,wind_direction:18.4_m:degrees
1662,4,7.8758099079132080e+00,-5.4205607476635531e-03,1663,1664,2.3416892305004941e-04,mixing_ratio:18.4_m:g_kg-1
1663,8,6.5000000000000000e+00,-2.5909090909090906e-02,1665,1666,1.2332644628099175e-03,wave_period:0_m:s
1664,-2,-2.0000000000000000e+00,-3.0729166666666669e-03,-1,-1,6.6078016493055755e-05,wind_direction:18.4_m:degrees
1665,10,4.7033908367156982e+00,-7.8333333333333324e-02,1869,1870,5.1388888888889012e-04,wind_speed:18.4_m:m_s-1
1666,-2,-2.0000000000000000e+00,-6.2500000000000003e-03,-1,-1,8.5937500000000131e-05,wind_direction:18.4_m:degrees
1667,-2,-2.0000000000000000e+00,1.4933333333333332e-01,-1,-1,2.4622222222223100e-04,wind_direction:18.4_m:degrees
1668,-2,-2.0000000000000000e+00,1.3080000000000003e-01,-1,-1,1.8335999999998312e-04,wind_direction:18.4_m:degrees
1669,-2,-2.0000000000000000e+00,-1.4463519313304717e-02,-1,-1,8.2222918086537227e-05,wind_direction:18.4_m:degrees
1670,1,9.7249061584472656e+01,-9.0099009900990162e-03,1759,1760,1.2971277325752527e-04,azimuth:0_m:degrees
1671,-2,-2.0000000000000000e+00,1.0600000000000001e-01,-1,-1,6.3999999999998086e-05,wind_direction:18.4_m:degrees
1672,-2,-2.0000000000000000e+00,7.1666666666666670e-02,-1,-1,4.7222222222222804e-05,wind_direction:18.4_m:degrees
1673,-2,-2.0000000000000000e+00,2.4437500000000001e-01,-1,-1,1.9960937499999970e-04,wind_direction:18.4_m:degrees
1674,-2,-2.0000000000000000e+00,2.8000000000000003e-01,-1,-1,5.5511151231257827e-17,wind_direction:18.4_m:degrees
1675,-2,-2.0000000000000000e+00,1.7499999999999999e-01,-1,-1,2.5000000000007655e-05,wind_direction:18.4_m:degrees
1676,-2,-2.0000000000000000e+00,1.2333333333333334e-01,-1,-1,2.2222222222216884e-05,wind_direction:18.4_m:degrees
1677,-2,-2.0000000000000000e+00,1.4999999999999999e-02,-1,-1,2.5000000000000011e-05,wind_direction:18.4_m:degrees
1678,-2,-2.0000000000000000e+00,-5.0000000000000001e-03,-1,-1,8.3333333333333398e-05,wind_direction:18.4_m:degrees
1679,-2,-2.0000000000000000e+00,1.6000000000000000e-01,-1,-1,0.0000000000000000e+00,wind_direction:18.4_m:degrees
1680,-2,-2.0000000000000000e+00,8.0000000000000002e-02,-1,-1,1.7347234759768071e-18,wind_direction:18.4_m:degrees
1681,-2,-2.0000000000000000e+00,-5.4117647058823534e-02,-1,-1,2.7128027681660961e-04,wind_direction:18.4_m:degrees
1682,-2,-2.0000000000000000e+00,-3.5000000000000003e-02,-1,-1,8.0555555555553550e-05,wind_direction:18.4_m:degrees
1683,-2,-2.0000000000000000e+00,-2.7692307692307690e-02,-1,-1,6.3905325443786997e-05,wind_direction:18.4_m:degrees
1684,-2,-2.0000000000000000e+00,-5.9999999999999998e-02,-1,-1,-4.3368086899420177e-19,wind_direction:18.4_m:degrees
1685,3,1.0137500000000000e+03,-1.9128919860627151e-02,1689,1690,2.0934574900751795e-04,pressure:18.4_m:hPa
1686,10,9.4839262962341309e+00,-2.5576923076923077e-02,1687,1688,1.0928254437870329e-04,wind_speed:18.4_m:m_s-1
1687,-2,-2.0000000000000000e+00,-1.6666666666666673e-02,-1,-1,4.2735042735042518e-05,wind_direction:18.4_m:degrees
1688,-2,-2.0000000000000000e+00,-3.0923076923076935e-02,-1,-1,7.2994082840236135e-05,wind_direction:18.4_m:degrees
1689,2,2.9010499572753906e+02,-2.0148148148148110e-02,1943,1944,1.9257064471879423e-04,water_sfc_temperature:0_m:K
1690,0,5.9190433502197266e+01,-2.9411764705882353e-03,1789,1790,1.9723183391004106e-04,zenith:0_m:degrees
1691,7,1.5000000000000000e+00,-6.5277777777777790e-03,1839,1840,2.0599922839506171e-04,wave_height:0_m:m
1692,-2,-2.0000000000000000e+00,7.5144508670520237e-04,-1,-1,6.4753249356811141e-05,wind_direction:18.4_m:degrees
1693,10,1.5157670021057129e+01,-5.5555555555555549e-03,1863,1864,2.3580246913580243e-04,wind_speed:18.4_m:m_s-1
1694,-2,-2.0000000000000000e+00,1.3749999999999997e-02,-1,-1,2.3437500000000021e-05,wind_direction:18.4_m:degrees
1695,-2,-2.0000000000000000e+00,1.3000000000000000e-01,-1,-1,1.7499999999999807e-04,wind_direction:18.4_m:degrees
1696,-2,-2.0000000000000000e+00,1.0730769230769233e-01,-1,-1,1.0428994082840350e-04,wind_direction:18.4_m:degrees
1697,-2,-2.0000000000000000e+00,8.0952380952380963e-03,-1,-1,1.1065759637188210e-04,wind_direction:18.4_m:degrees
1698,-2,-2.0000000000000000e+00,-2.2499999999999999e-02,-1,-1,1.1875000000000004e-04,wind_direction:18.4_m:degrees
1699,11,2.6073001098632812e+02,2.8612303290414806e-05,1705,1706,1.6623666345341100e-04,wind_direction:18.4_m:degrees
1700,4,4.1724896430969238e+00,-2.6506024096385515e-03,1701,1702,1.3806897123779053e-04,mixing_ratio:18.4_m:g_kg-1
1701,1,2.7884573364257812e+02,-2.4000000000000000e-02,1703,1704,7.6400000000000025e-04,azimuth:0_m:degrees
1702,-2,-2.0000000000000000e+00,-2.4652777777777763e-03,-1,-1,1.2864462770061753e-04,wind_direction:18.4_m:degrees
1703,-2,-2.0000000000000000e+00,-7.1428571428571435e-03,-1,-1,1.0612244897959188e-04,wind_direction:18.4_m:degrees
1704,-2,-2.0000000000000000e+00,-6.3333333333333339e-02,-1,-1,8.8888888888888351e-05,wind_direction:18.4_m:degrees
1705,5,4.6149999618530273e+01,-1.5876288659793824e-03,1963,1964,1.2675778509937301e-04,relative_humidity:18.4_m:%
1706,0,3.6644424438476562e+01,3.6915887850467290e-03,1707,1708,2.3637217224211748e-04,zenith:0_m:degrees
1707,0,3.5529430389404297e+01,2.1999999999999999e-02,1709,1710,1.5960000000000002e-03,zenith:0_m:degrees
1708,6,1.5750000000000000e+02,2.7941176470588237e-03,1711,1712,1.5248702422145338e-04,wave_direction:0_m:degrees
1709,-2,-2.0000000000000000e+00,2.4999999999999996e-03,-1,-1,9.3750000000000016e-05,wind_direction:18.4_m:degrees
1710,-2,-2.0000000000000000e+00,1.0000000000000001e-01,-1,-1,0.0000000000000000e+00,wind_direction:18.4_m:degrees
1711,-2,-2.0000000000000000e+00,4.3333333333333335e-02,-1,-1,5.5555555555555545e-04,wind_direction:18.4_m:degrees
1712,-2,-2.0000000000000000e+00,2.1890547263681594e-03,-1,-1,1.2157619860894524e-04,wind_direction:18.4_m:degrees
1713,-2,-2.0000000000000000e+00,2.4414414414414418e-02,-1,-1,8.5918350783215232e-05,wind_direction:18.4_m:degrees
1714,-2,-2.0000000000000000e+00,1.4285714285714287e-02,-1,-1,1.3401360544217813e-04,wind_direction:18.4_m:degrees
1715,-2,-2.0000000000000000e+00,9.4000000000000000e-02,-1,-1,1.8400000000000014e-04,wind_direction:18.4_m:degrees
1716,-2,-2.0000000000000000e+00,6.8367346938775511e-02,-1,-1,1.5855893377759566e-04,wind_direction:18.4_m:degrees
1717,-2,-2.0000000000000000e+00,-1.5000000000000001e-02,-1,-1,1.3611111111111115e-04,wind_direction:18.4_m:degrees
1718,-2,-2.0000000000000000e+00,7.7777777777777767e-03,-1,-1,3.9506172839506044e-05,wind_direction:18.4_m:degrees
1719,-2,-2.0000000000000000e+00,-1.4393939393939393e-03,-1,-1,1.0626147842056932e-04,wind_direction:18.4_m:degrees
1720,0,3.2484128952026367e+01,-6.7579908675798892e-03,1721,1722,1.2845436917495516e-04,zenith:0_m:degrees
1721,-2,-2.0000000000000000e+00,-4.2553191489361702e-04,-1,-1,3.5989135355364419e-05,wind_direction:18.4_m:degrees
1722,11,1.3706500244140625e+02,-7.8152753108347885e-03,1723,1724,1.3607955352100745e-04,wind_direction:18.4_m:degrees
1723,-2,-2.0000000000000000e+00,9.7730900055031388e-20,-1,-1,1.2112676056338028e-04,wind_direction:18.4_m:degrees
1724,6,1.6250000000000000e+02,-8.9430894308942920e-03,1725,1726,1.2815123273184068e-04,wave_direction:0_m:degrees
1725,10,8.4311752319335938e+00,-1.6440677966101699e-02,1727,1728,4.8394139615053110e-04,wind_speed:18.4_m:m_s-1
1726,4,1.2861217975616455e+01,-7.9214780600461773e-03,1731,1732,7.0968430147902746e-05,mixing_ratio:18.4_m:g_kg-1
1727,6,1.5900000000000000e+02,-1.4210526315789477e-02,1729,1730,3.5420129270544756e-04,wave_direction:0_m:degrees
1728,-2,-2.0000000000000000e+00,-8.0000000000000002e-02,-1,-1,-3.4694469519536142e-18,wind_direction:18.4_m:degrees
1729,7,1.0500000119209290e+00,-8.2608695652173908e-03,2005,2006,1.2306238185255195e-04,wave_height:0_m:m
1730,12,-1.5553441829979420e-02,-3.9090909090909093e-02,1913,1914,5.5371900826446164e-04,bulk_richardson:18.4_m:none
1731,-2,-2.0000000000000000e+00,-2.5242718446601945e-03,-1,-1,4.2171740974644171e-05,wind_direction:18.4_m:degrees
1732,4,1.2871252536773682e+01,-9.6060606060605937e-03,1881,1882,6.8026629935721264e-05,mixing_ratio:18.4_m:g_kg-1
1733,-2,-2.0000000000000000e+00,8.9999999999999997e-02,-1,-1,0.0000000000000000e+00,wind_direction:18.4_m:degrees
1734,-2,-2.0000000000000000e+00,3.3043478260869570e-02,-1,-1,8.2041587901700774e-05,wind_direction:18.4_m:degrees
1735,-2,-2.0000000000000000e+00,1.4809523809523809e-01,-1,-1,2.4399092970521855e-04,wind_direction:18.4_m:degrees
1736,-2,-2.0000000000000000e+00,1.7124999999999999e-01,-1,-1,8.5937500000028699e-05,wind_direction:18.4_m:degrees
1737,-2,-2.0000000000000000e+00,7.3695652173913051e-02,-1,-1,1.7112476370510256e-04,wind_direction:18.4_m:degrees
1738,-2,-2.0000000000000000e+00,1.3000000000000000e-01,-1,-1,0.0000000000000000e+00,wind_direction:18.4_m:degrees
1739,-2,-2.0000000000000000e+00,1.2200000000000000e-01,-1,-1,2.1600000000000265e-04,wind_direction:18.4_m:degrees
1740,-2,-2.0000000000000000e+00,1.5375000000000000e-01,-1,-1,2.3437499999997419e-05,wind_direction:18.4_m:degrees
1741,9,9.1737270355224609e+01,1.9726027397260280e-02,1743,1744,1.0951398010883816e-04,angle_between_wind_wave:0_m:degrees
1742,-2,-2.0000000000000000e+00,1.1532258064516136e-02,-1,-1,1.2749089490114520e-04,wind_direction:18.4_m:degrees
1743,-2,-2.0000000000000000e+00,1.8591549295774654e-02,-1,-1,4.0269787740527488e-05,wind_direction:18.4_m:degrees
1744,-2,-2.0000000000000000e+00,5.9999999999999998e-02,-1,-1,8.9999999999999412e-04,wind_direction:18.4_m:degrees
1745,2,2.8217500305175781e+02,-2.4218750000000011e-02,1747,1748,9.3139648437499663e-05,water_sfc_temperature:0_m:K
1746,-2,-2.0000000000000000e+00,-5.0000000000000003e-02,-1,-1,-2.1684043449710089e-18,wind_direction:18.4_m:degrees
1747,-2,-2.0000000000000000e+00,-1.1875000000000000e-02,-1,-1,6.5234375000000025e-05,wind_direction:18.4_m:degrees
1748,-2,-2.0000000000000000e+00,-2.8333333333333339e-02,-1,-1,3.4722222222221470e-05,wind_direction:18.4_m:degrees
1749,-2,-2.0000000000000000e+00,7.0000000000000007e-02,-1,-1,1.1999999999999945e-04,wind_direction:18.4_m:degrees
1750,-2,-2.0000000000000000e+00,4.2608695652173914e-02,-1,-1,9.7542533081283484e-05,wind_direction:18.4_m:degrees
1751,5,5.9949998855590820e+01,4.5468749999999995e-02,1753,1754,1.6853027343749884e-04,relative_humidity:18.4_m:%
1752,-2,-2.0000000000000000e+00,3.2399999999999998e-02,-1,-1,6.6239999999999962e-05,wind_direction:18.4_m:degrees
1753,-2,-2.0000000000000000e+00,5.6315789473684215e-02,-1,-1,1.1800554016620432e-04,wind_direction:18.4_m:degrees
1754,-2,-2.0000000000000000e+00,4.0888888888888898e-02,-1,-1,1.1920987654321161e-04,wind_direction:18.4_m:degrees
1755,-2,-2.0000000000000000e+00,3.1219512195121962e-02,-1,-1,7.4122546103509452e-05,wind_direction:18.4_m:degrees
1756,-2,-2.0000000000000000e+00,4.5652173913043478e-02,-1,-1,1.2022684310018707e-04,wind_direction:18.4_m:degrees
1757,-2,-2.0000000000000000e+00,-1.0000000000000005e-02,-1,-1,9.9999999999999815e-05,wind_direction:18.4_m:degrees
1758,-2,-2.0000000000000000e+00,1.1428571428571429e-02,-1,-1,2.6938775510203965e-04,wind_direction:18.4_m:degrees
1759,-2,-2.0000000000000000e+00,-1.8333333333333337e-02,-1,-1,1.3388888888888879e-04,wind_direction:18.4_m:degrees
1760,1,3.2529867553710938e+02,-7.3837209302325610e-03,1927,1928,1.1117833964305004e-04,azimuth:0_m:degrees
1761,-2,-2.0000000000000000e+00,1.0285714285714286e-01,-1,-1,7.7551020408163363e-05,wind_direction:18.4_m:degrees
1762,-2,-2.0000000000000000e+00,1.2681818181818183e-01,-1,-1,6.7148760330568852e-05,wind_direction:18.4_m:degrees
1763,-2,-2.0000000000000000e+00,4.1020408163265326e-02,-1,-1,5.4060807996668143e-05,wind_direction:18.4_m:degrees
1764,-2,-2.0000000000000000e+00,5.6875000000000009e-02,-1,-1,1.3398437499999999e-04,wind_direction:18.4_m:degrees
1765,-2,-2.0000000000000000e+00,1.7875000000000002e-01,-1,-1,9.8437500000006506e-05,wind_direction:18.4_m:degrees
1766,-2,-2.0000000000000000e+00,2.2000000000000000e-01,-1,-1,9.9999999999995925e-05,wind_direction:18.4_m:degrees
1767,-2,-2.0000000000000000e+00,2.5400000000000000e-01,-1,-1,6.3999999999994617e-05,wind_direction:18.4_m:degrees
1768,-2,-2.0000000000000000e+00,2.9999999999999999e-01,-1,-1,-2.7755575615628914e-17,wind_direction:18.4_m:degrees
1769,-2,-2.0000000000000000e+00,-5.3333333333333332e-03,-1,-1,5.1555555555555563e-05,wind_direction:18.4_m:degrees
1770,-2,-2.0000000000000000e+00,-2.2285714285714291e-02,-1,-1,6.3346938775509735e-05,wind_direction:18.4_m:degrees
1771,-2,-2.0000000000000000e+00,1.0419354838709678e-01,-1,-1,1.0176899063475166e-04,wind_direction:18.4_m:degrees
1772,-2,-2.0000000000000000e+00,1.6000000000000000e-01,-1,-1,-3.4694469519536142e-17,wind_direction:18.4_m:degrees
1773,-2,-2.0000000000000000e+00,-2.8571428571428567e-03,-1,-1,4.8979591836734690e-05,wind_direction:18.4_m:degrees
1774,-2,-2.0000000000000000e+00,1.8571428571428582e-02,-1,-1,6.7482993197278546e-05,wind_direction:18.4_m:degrees
1775,-2,-2.0000000000000000e+00,7.6538461538461569e-02,-1,-1,1.9955621301775105e-04,wind_direction:18.4_m:degrees
1776,-2,-2.0000000000000000e+00,1.1000000000000000e-01,-1,-1,4.6666666666665517e-04,wind_direction:18.4_m:degrees
1777,-2,-2.0000000000000000e+00,-2.2500000000000003e-02,-1,-1,2.8750000000000021e-05,wind_direction:18.4_m:degrees
1778,-2,-2.0000000000000000e+00,-6.5517241379310347e-03,-1,-1,1.1914387633769316e-04,wind_direction:18.4_m:degrees
1779,-2,-2.0000000000000000e+00,7.2727272727272738e-02,-1,-1,1.2892561983470982e-04,wind_direction:18.4_m:degrees
1780,-2,-2.0000000000000000e+00,5.3636363636363642e-02,-1,-1,1.5647382920110043e-04,wind_direction:18.4_m:degrees
1781,-2,-2.0000000000000000e+00,2.0999999999999999e-01,-1,-1,0.0000000000000000e+00,wind_direction:18.4_m:degrees
1782,-2,-2.0000000000000000e+00,1.6000000000000000e-01,-1,-1,2.0000000000000226e-04,wind_direction:18.4_m:degrees
1783,-2,-2.0000000000000000e+00,-4.0000000000000001e-02,-1,-1,-2.1684043449710089e-19,wind_direction:18.4_m:degrees
1784,-2,-2.0000000000000000e+00,1.0000000000000000e-02,-1,-1,-2.1684043449710089e-19,wind_direction:18.4_m:degrees
1785,9,8.9077621459960938e+01,-3.2727272727272723e-02,1787,1788,3.4710743801652922e-04,angle_between_wind_wave:0_m:degrees
1786,1,6.8083450317382812e+01,-1.6082317073170656e-02,1875,1876,1.4181639463117541e-04,azimuth:0_m:degrees
1787,-2,-2.0000000000000000e+00,-5.9999999999999998e-02,-1,-1,-4.3368086899420177e-19,wind_direction:18.4_m:degrees
1788,-2,-2.0000000000000000e+00,-2.2499999999999999e-02,-1,-1,9.3750000000000083e-05,wind_direction:18.4_m:degrees
1789,-2,-2.0000000000000000e+00,-1.4000000000000002e-02,-1,-1,2.4000000000000014e-05,wind_direction:18.4_m:degrees
1790,-2,-2.0000000000000000e+00,1.2857142857142859e-02,-1,-1,2.0408163265306194e-05,wind_direction:18.4_m:degrees
1791,-2,-2.0000000000000000e+00,1.0333333333333333e-01,-1,-1,2.2222222222223822e-05,wind_direction:18.4_m:degrees
1792,-2,-2.0000000000000000e+00,6.8461538461538476e-02,-1,-1,2.2840236686390465e-04,wind_direction:18.4_m:degrees
1793,12,-2.8809502720832825e-02,-2.9568106312292367e-03,1899,1900,7.4645975209986618e-05,bulk_richardson:18.4_m:none
1794,-2,-2.0000000000000000e+00,-1.3225806451612906e-02,-1,-1,4.7658688865764951e-05,wind_direction:18.4_m:degrees
1795,-2,-2.0000000000000000e+00,6.1666666666666668e-02,-1,-1,4.7222222222222370e-05,wind_direction:18.4_m:degrees
1796,-2,-2.0000000000000000e+00,8.6999999999999994e-02,-1,-1,1.6100000000000142e-04,wind_direction:18.4_m:degrees
1797,-2,-2.0000000000000000e+00,-4.4444444444444444e-03,-1,-1,1.0246913580246912e-04,wind_direction:18.4_m:degrees
1798,-2,-2.0000000000000000e+00,-2.0000000000000004e-02,-1,-1,1.3684210526315787e-04,wind_direction:18.4_m:degrees
1799,-2,-2.0000000000000000e+00,-4.1304347826086968e-02,-1,-1,1.4177693761814754e-04,wind_direction:18.4_m:degrees
1800,7,1.7499999403953552e+00,-6.1111111111111116e-02,1801,1802,4.0987654320987508e-04,wave_height:0_m:m
1801,-2,-2.0000000000000000e+00,-5.1428571428571428e-02,-1,-1,9.7959183673468255e-05,wind_direction:18.4_m:degrees
1802,-2,-2.0000000000000000e+00,-9.5000000000000001e-02,-1,-1,2.5000000000004186e-05,wind_direction:18.4_m:degrees
1803,-2,-2.0000000000000000e+00,-2.0952380952380953e-03,-1,-1,5.8467120181405905e-05,wind_direction:18.4_m:degrees
1804,-2,-2.0000000000000000e+00,9.6296296296296303e-03,-1,-1,8.5048010973936809e-05,wind_direction:18.4_m:degrees
1805,-2,-2.0000000000000000e+00,7.1875000000000022e-02,-1,-1,9.0234374999997001e-05,wind_direction:18.4_m:degrees
1806,-2,-2.0000000000000000e+00,5.5555555555555552e-02,-1,-1,1.5246913580246792e-04,wind_direction:18.4_m:degrees
1807,-2,-2.0000000000000000e+00,1.2000000000000000e-02,-1,-1,3.5999999999999981e-05,wind_direction:18.4_m:degrees
1808,-2,-2.0000000000000000e+00,-8.9999999999999993e-03,-1,-1,4.9000000000000026e-05,wind_direction:18.4_m:degrees
1809,-2,-2.0000000000000000e+00,-2.8250000000000004e-02,-1,-1,6.4437500000000692e-05,wind_direction:18.4_m:degrees
1810,9,9.0129085540771484e+01,-4.2857142857142858e-02,1811,1812,7.3469387755101864e-04,angle_between_wind_wave:0_m:degrees
1811,-2,-2.0000000000000000e+00,-1.4999999999999999e-01,-1,-1,0.0000000000000000e+00,wind_direction:18.4_m:degrees
1812,1,2.9508622741699219e+02,-3.7499999999999999e-02,2025,2026,1.6875000000000006e-04,azimuth:0_m:degrees
1813,-2,-2.0000000000000000e+00,4.9761904761904771e-02,-1,-1,1.1184807256235793e-04,wind_direction:18.4_m:degrees
1814,-2,-2.0000000000000000e+00,3.8367346938775533e-02,-1,-1,1.2794668887963507e-04,wind_direction:18.4_m:degrees
1815,-2,-2.0000000000000000e+00,-2.2857142857142857e-02,-1,-1,4.8979591836734778e-05,wind_direction:18.4_m:degrees
1816,-2,-2.0000000000000000e+00,-5.4054054054054055e-04,-1,-1,1.1322132943754562e-04,wind_direction:18.4_m:degrees
1817,10,6.6162288188934326e+00,2.8433734939759047e-02,1819,1820,2.0116127159239250e-04,wind_speed:18.4_m:m_s-1
1818,-2,-2.0000000000000000e+00,1.9122807017543864e-02,-1,-1,9.9230532471530637e-05,wind_direction:18.4_m:degrees
1819,-2,-2.0000000000000000e+00,2.2037037037037046e-02,-1,-1,7.5480109739368636e-05,wind_direction:18.4_m:degrees
1820,12,-1.2521298974752426e-01,4.0344827586206902e-02,1821,1822,2.1712247324613470e-04,bulk_richardson:18.4_m:none
1821,-2,-2.0000000000000000e+00,6.1666666666666668e-02,-1,-1,3.1388888888888872e-04,wind_direction:18.4_m:degrees
1822,-2,-2.0000000000000000e+00,3.4782608695652174e-02,-1,-1,4.2344045368620034e-05,wind_direction:18.4_m:degrees
1823,-2,-2.0000000000000000e+00,5.0000000000000003e-02,-1,-1,0.0000000000000000e+00,wind_direction:18.4_m:degrees
1824,-2,-2.0000000000000000e+00,8.1999999999999990e-02,-1,-1,2.9600000000000026e-04,wind_direction:18.4_m:degrees
1825,-2,-2.0000000000000000e+00,1.7096774193548391e-02,-1,-1,5.2861602497398239e-05,wind_direction:18.4_m:degrees
1826,-2,-2.0000000000000000e+00,3.2380952380952385e-02,-1,-1,8.4807256235827806e-05,wind_direction:18.4_m:degrees
1827,-2,-2.0000000000000000e+00,1.6833333333333333e-01,-1,-1,3.8055555555555759e-04,wind_direction:18.4_m:degrees
1828,-2,-2.0000000000000000e+00,1.4090909090909093e-01,-1,-1,2.9917355371901141e-04,wind_direction:18.4_m:degrees
1829,-2,-2.0000000000000000e+00,-3.7500000000000006e-02,-1,-1,2.6874999999999989e-04,wind_direction:18.4_m:degrees
1830,-2,-2.0000000000000000e+00,-9.7014925373134341e-03,-1,-1,5.0657161951436744e-05,wind_direction:18.4_m:degrees
1831,-2,-2.0000000000000000e+00,1.7666666666666671e-02,-1,-1,7.1222222222222195e-05,wind_direction:18.4_m:degrees
1832,-2,-2.0000000000000000e+00,3.0769230769230774e-02,-1,-1,8.4023668639052673e-05,wind_direction:18.4_m:degrees
1833,-2,-2.0000000000000000e+00,-3.7254901960784314e-03,-1,-1,4.2983467896962703e-05,wind_direction:18.4_m:degrees
1834,4,1.3010792732238770e+01,1.0500000000000001e-02,1835,1836,3.0474999999999990e-04,mixing_ratio:18.4_m:g_kg-1
1835,-2,-2.0000000000000000e+00,6.1111111111111114e-03,-1,-1,1.4598765432098767e-04,wind_direction:18.4_m:degrees
1836,-2,-2.0000000000000000e+00,5.0000000000000003e-02,-1,-1,-8.6736173798840355e-19,wind_direction:18.4_m:degrees
1837,-2,-2.0000000000000000e+00,1.4529411764705880e-01,-1,-1,3.7785467128028868e-04,wind_direction:18.4_m:degrees
1838,-2,-2.0000000000000000e+00,1.0500000000000001e-01,-1,-1,2.5000000000007655e-05,wind_direction:18.4_m:degrees
1839,-2,-2.0000000000000000e+00,-5.7746478873239443e-03,-1,-1,1.6806189248165035e-04,wind_direction:18.4_m:degrees
1840,-2,-2.0000000000000000e+00,-5.9999999999999998e-02,-1,-1,6.0715321659188248e-18,wind_direction:18.4_m:degrees
1841,-2,-2.0000000000000000e+00,7.6499999999999999e-02,-1,-1,2.2274999999999986e-04,wind_direction:18.4_m:degrees
1842,-2,-2.0000000000000000e+00,6.2127659574468093e-02,-1,-1,1.4866455409687316e-04,wind_direction:18.4_m:degrees
1843,-2,-2.0000000000000000e+00,1.7000000000000001e-01,-1,-1,0.0000000000000000e+00,wind_direction:18.4_m:degrees
1844,-2,-2.0000000000000000e+00,1.3285714285714287e-01,-1,-1,2.0408163265307061e-05,wind_direction:18.4_m:degrees
1845,-2,-2.0000000000000000e+00,2.5833333333333337e-02,-1,-1,3.0763888888888822e-04,wind_direction:18.4_m:degrees
1846,-2,-2.0000000000000000e+00,5.1428571428571428e-02,-1,-1,1.8367346938775574e-04,wind_direction:18.4_m:degrees
1847,9,9.0242427825927734e+01,1.3958333333333334e-01,1849,1850,2.8732638888889772e-04,angle_between_wind_wave:0_m:degrees
1848,-2,-2.0000000000000000e+00,1.0666666666666667e-01,-1,-1,8.8888888888864065e-05,wind_direction:18.4_m:degrees
1849,-2,-2.0000000000000000e+00,1.4318181818181819e-01,-1,-1,1.4896694214875869e-04,wind_direction:18.4_m:degrees
1850,-2,-2.0000000000000000e+00,1.0000000000000001e-01,-1,-1,1.0000000000002368e-04,wind_direction:18.4_m:degrees
1851,-2,-2.0000000000000000e+00,8.6666666666666670e-02,-1,-1,2.2222222222221220e-05,wind_direction:18.4_m:degrees
1852,-2,-2.0000000000000000e+00,1.1958333333333333e-01,-1,-1,1.2065972222222512e-04,wind_direction:18.4_m:degrees
1853,-2,-2.0000000000000000e+00,6.5999999999999989e-02,-1,-1,8.4000000000001608e-05,wind_direction:18.4_m:degrees
1854,-2,-2.0000000000000000e+00,3.8333333333333330e-02,-1,-1,8.0555555555554634e-05,wind_direction:18.4_m:degrees
1855,-2,-2.0000000000000000e+00,-2.0999999999999998e-02,-1,-1,2.8900000000000014e-04,wind_direction:18.4_m:degrees
1856,-2,-2.0000000000000000e+00,-3.7344398340248969e-03,-1,-1,1.0970541140820577e-04,wind_direction:18.4_m:degrees
1857,-2,-2.0000000000000000e+00,3.9999999999999994e-02,-1,-1,8.6567164179103540e-05,wind_direction:18.4_m:degrees
1858,-2,-2.0000000000000000e+00,5.9999999999999998e-02,-1,-1,2.9999999999999732e-04,wind_direction:18.4_m:degrees
1859,-2,-2.0000000000000000e+00,-1.6216216216216221e-02,-1,-1,6.1358655953250285e-05,wind_direction:18.4_m:degrees
1860,-2,-2.0000000000000000e+00,-7.0000000000000007e-02,-1,-1,-6.9388939039072284e-18,wind_direction:18.4_m:degrees
1861,-2,-2.0000000000000000e+00,-2.3615023474178393e-02,-1,-1,8.3175736736539074e-05,wind_direction:18.4_m:degrees
1862,-2,-2.0000000000000000e+00,-3.7058823529411769e-02,-1,-1,7.9584775086510764e-05,wind_direction:18.4_m:degrees
1863,-2,-2.0000000000000000e+00,-9.9999999999999985e-03,-1,-1,8.7500000000000040e-05,wind_direction:18.4_m:degrees
1864,-2,-2.0000000000000000e+00,2.9999999999999999e-02,-1,-1,2.1684043449710089e-19,wind_direction:18.4_m:degrees
1865,-2,-2.0000000000000000e+00,8.6249999999999993e-02,-1,-1,9.8437500000002169e-05,wind_direction:18.4_m:degrees
1866,-2,-2.0000000000000000e+00,1.1090909090909090e-01,-1,-1,9.9173553719009155e-05,wind_direction:18.4_m:degrees
1867,-2,-2.0000000000000000e+00,-1.7142857142857144e-02,-1,-1,1.3469387755102042e-04,wind_direction:18.4_m:degrees
1868,-2,-2.0000000000000000e+00,-3.9629629629629640e-02,-1,-1,1.5912208504800991e-04,wind_direction:18.4_m:degrees
1869,-2,-2.0000000000000000e+00,-8.7999999999999995e-02,-1,-1,5.6000000000000494e-05,wind_direction:18.4_m:degrees
1870,-2,-2.0000000000000000e+00,-2.9999999999999999e-02,-1,-1,-3.5778671692021646e-18,wind_direction:18.4_m:degrees
1871,-2,-2.0000000000000000e+00,5.4545454545454543e-02,-1,-1,1.3388429752066210e-04,wind_direction:18.4_m:degrees
1872,-2,-2.0000000000000000e+00,2.6000000000000002e-02,-1,-1,2.3999999999999391e-05,wind_direction:18.4_m:degrees
1873,12,-2.0131183555349708e-03,-2.3360655737704916e-02,1935,1936,1.2886992743886072e-04,bulk_richardson:18.4_m:none
1874,-2,-2.0000000000000000e+00,-3.7058823529411762e-02,-1,-1,4.4290657439446848e-05,wind_direction:18.4_m:degrees
1875,3,1.0095499877929688e+03,-2.1625000000000012e-02,1877,1878,2.3110937499999949e-04,pressure:18.4_m:hPa
1876,10,8.1961488723754883e+00,-1.5312499999999932e-02,2029,2030,1.2455512152778094e-04,wind_speed:18.4_m:m_s-1
1877,0,9.4051406860351562e+01,-3.4000000000000002e-02,1879,1880,3.0400000000000002e-04,zenith:0_m:degrees
1878,-2,-2.0000000000000000e+00,-1.6000000000000007e-02,-1,-1,9.6727272727272255e-05,wind_direction:18.4_m:degrees
1879,-2,-2.0000000000000000e+00,-7.0000000000000007e-02,-1,-1,2.6666666666666592e-04,wind_direction:18.4_m:degrees
1880,-2,-2.0000000000000000e+00,-2.9090909090909098e-02,-1,-1,1.0826446280991719e-04,wind_direction:18.4_m:degrees
1881,-2,-2.0000000000000000e+00,-4.0000000000000001e-02,-1,-1,-2.1684043449710089e-19,wind_direction:18.4_m:degrees
1882,-2,-2.0000000000000000e+00,-9.3272171253822433e-03,-1,-1,6.0097821919217749e-05,wind_direction:18.4_m:degrees
1883,-2,-2.0000000000000000e+00,2.6875000000000010e-02,-1,-1,7.5651041666666141e-05,wind_direction:18.4_m:degrees
1884,-2,-2.0000000000000000e+00,4.4545454545454548e-02,-1,-1,2.4793388429749687e-05,wind_direction:18.4_m:degrees
1885,-2,-2.0000000000000000e+00,8.6666666666666670e-02,-1,-1,8.8888888888887484e-05,wind_direction:18.4_m:degrees
1886,2,2.8279499816894531e+02,1.0357142857142858e-01,1887,1888,2.5867346938773794e-04,water_sfc_temperature:0_m:K
1887,-2,-2.0000000000000000e+00,9.0909090909090912e-02,-1,-1,9.9173553719007421e-05,wind_direction:18.4_m:degrees
1888,-2,-2.0000000000000000e+00,1.1176470588235293e-01,-1,-1,1.9100346020761022e-04,wind_direction:18.4_m:degrees
1889,-2,-2.0000000000000000e+00,9.6000000000000002e-02,-1,-1,2.3733333333333419e-04,wind_direction:18.4_m:degrees
1890,-2,-2.0000000000000000e+00,1.1400000000000002e-01,-1,-1,1.8399999999999493e-04,wind_direction:18.4_m:degrees
1891,-2,-2.0000000000000000e+00,4.0000000000000001e-02,-1,-1,1.0000000000000005e-04,wind_direction:18.4_m:degrees
1892,-2,-2.0000000000000000e+00,1.4285714285714285e-02,-1,-1,1.2448979591836735e-04,wind_direction:18.4_m:degrees
1893,9,8.9318103790283203e+01,1.2111111111111111e-01,1895,1896,5.8765432098765481e-04,angle_between_wind_wave:0_m:degrees
1894,-2,-2.0000000000000000e+00,9.9411764705882366e-02,-1,-1,8.7889273356398998e-05,wind_direction:18.4_m:degrees
1895,-2,-2.0000000000000000e+00,9.0000000000000011e-02,-1,-1,0.0000000000000000e+00,wind_direction:18.4_m:degrees
1896,-2,-2.0000000000000000e+00,1.3666666666666669e-01,-1,-1,1.5555555555555114e-04,wind_direction:18.4_m:degrees
1897,-2,-2.0000000000000000e+00,6.1818181818181821e-02,-1,-1,2.1487603305784956e-04,wind_direction:18.4_m:degrees
1898,-2,-2.0000000000000000e+00,8.6249999999999993e-02,-1,-1,9.8437500000003036e-05,wind_direction:18.4_m:degrees
1899,-2,-2.0000000000000000e+00,-4.0000000000000001e-02,-1,-1,0.0000000000000000e+00,wind_direction:18.4_m:degrees
1900,-2,-2.0000000000000000e+00,-2.7090301003344489e-03,-1,-1,6.5905303072672536e-05,wind_direction:18.4_m:degrees
1901,6,1.4800000000000000e+02,1.9523809523809527e-02,1903,1904,1.3310657596371847e-04,wave_direction:0_m:degrees
1902,5,6.9200000762939453e+01,3.5333333333333335e-02,1953,1954,2.7822222222222072e-04,relative_humidity:18.4_m:%
1903,-2,-2.0000000000000000e+00,4.0000000000000001e-02,-1,-1,0.0000000000000000e+00,wind_direction:18.4_m:degrees
1904,-2,-2.0000000000000000e+00,1.6111111111111114e-02,-1,-1,7.3765432098765130e-05,wind_direction:18.4_m:degrees
1905,-2,-2.0000000000000000e+00,2.5250000000000000e-01,-1,-1,6.8750000000006306e-05,wind_direction:18.4_m:degrees
1906,-2,-2.0000000000000000e+00,2.2181818181818180e-01,-1,-1,1.0578512396692413e-04,wind_direction:18.4_m:degrees
1907,-2,-2.0000000000000000e+00,1.3500000000000001e-01,-1,-1,9.9999999999999395e-05,wind_direction:18.4_m:degrees
1908,-2,-2.0000000000000000e+00,1.0666666666666667e-01,-1,-1,5.5555555555550015e-05,wind_direction:18.4_m:degrees
1909,-2,-2.0000000000000000e+00,1.0000000000000000e-02,-1,-1,2.4999999999999957e-05,wind_direction:18.4_m:degrees
1910,-2,-2.0000000000000000e+00,3.8333333333333337e-02,-1,-1,1.1388888888888842e-04,wind_direction:18.4_m:degrees
1911,-2,-2.0000000000000000e+00,5.0000000000000001e-03,-1,-1,2.5000000000000001e-05,wind_direction:18.4_m:degrees
1912,-2,-2.0000000000000000e+00,-5.0000000000000003e-02,-1,-1,0.0000000000000000e+00,wind_direction:18.4_m:degrees
1913,10,6.4455533027648926e+00,-2.7142857142857142e-02,1915,1916,4.7755102040816268e-04,wind_speed:18.4_m:m_s-1
1914,-2,-2.0000000000000000e+00,-5.9999999999999998e-02,-1,-1,-4.3368086899420177e-19,wind_direction:18.4_m:degrees
1915,-2,-2.0000000000000000e+00,-1.4000000000000002e-02,-1,-1,6.3999999999999984e-05,wind_direction:18.4_m:degrees
1916,-2,-2.0000000000000000e+00,-5.9999999999999998e-02,-1,-1,-4.3368086899420177e-19,wind_direction:18.4_m:degrees
1917,-2,-2.0000000000000000e+00,-1.3529411764705882e-02,-1,-1,2.5813148788927324e-04,wind_direction:18.4_m:degrees
1918,-2,-2.0000000000000000e+00,1.0000000000000000e-02,-1,-1,-2.1684043449710089e-19,wind_direction:18.4_m:degrees
1919,-2,-2.0000000000000000e+00,1.4999999999999999e-02,-1,-1,2.2499999999999994e-04,wind_direction:18.4_m:degrees
1920,-2,-2.0000000000000000e+00,-6.4825046040515458e-03,-1,-1,5.4478054868763764e-05,wind_direction:18.4_m:degrees
1921,-2,-2.0000000000000000e+00,1.1000000000000000e-01,-1,-1,0.0000000000000000e+00,wind_direction:18.4_m:degrees
1922,-2,-2.0000000000000000e+00,7.1874999999999994e-02,-1,-1,1.9023437500000073e-04,wind_direction:18.4_m:degrees
1923,-2,-2.0000000000000000e+00,2.3499999999999999e-01,-1,-1,2.5000000000004186e-05,wind_direction:18.4_m:degrees
1924,-2,-2.0000000000000000e+00,2.6200000000000001e-01,-1,-1,2.1599999999996622e-04,wind_direction:18.4_m:degrees
1925,-2,-2.0000000000000000e+00,-3.5483870967741938e-03,-1,-1,2.7450572320499473e-04,wind_direction:18.4_m:degrees
1926,-2,-2.0000000000000000e+00,-2.3333333333333331e-02,-1,-1,2.4444444444444481e-04,wind_direction:18.4_m:degrees
1927,-2,-2.0000000000000000e+00,-6.6265060240963888e-03,-1,-1,9.5848454057192528e-05,wind_direction:18.4_m:degrees
1928,-2,-2.0000000000000000e+00,-2.8333333333333332e-02,-1,-1,8.0555555555555068e-05,wind_direction:18.4_m:degrees
1929,-2,-2.0000000000000000e+00,1.5384615384615385e-03,-1,-1,1.0532544378698225e-04,wind_direction:18.4_m:degrees
1930,-2,-2.0000000000000000e+00,1.8965517241379314e-02,-1,-1,9.8929845422116415e-05,wind_direction:18.4_m:degrees
1931,-2,-2.0000000000000000e+00,1.4999999999999999e-01,-1,-1,0.0000000000000000e+00,wind_direction:18.4_m:degrees
1932,-2,-2.0000000000000000e+00,9.6500000000000016e-02,-1,-1,2.1274999999999419e-04,wind_direction:18.4_m:degrees
1933,-2,-2.0000000000000000e+00,-3.2142857142857154e-02,-1,-1,1.3112244897959266e-04,wind_direction:18.4_m:degrees
1934,-2,-2.0000000000000000e+00,-1.4166666666666666e-02,-1,-1,2.4305555555555246e-05,wind_direction:18.4_m:degrees
1935,-2,-2.0000000000000000e+00,-3.6428571428571428e-02,-1,-1,6.5816326530612670e-05,wind_direction:18.4_m:degrees
1936,-2,-2.0000000000000000e+00,-2.1666666666666671e-02,-1,-1,1.1203703703703701e-04,wind_direction:18.4_m:degrees
1937,-2,-2.0000000000000000e+00,5.7727272727272731e-02,-1,-1,9.0289256198347167e-05,wind_direction:18.4_m:degrees
1938,-2,-2.0000000000000000e+00,3.2000000000000001e-02,-1,-1,1.5999999999997353e-05,wind_direction:18.4_m:degrees
1939,-2,-2.0000000000000000e+00,4.8571428571428564e-02,-1,-1,2.6938775510204150e-04,wind_direction:18.4_m:degrees
1940,-2,-2.0000000000000000e+00,2.8317757009345794e-02,-1,-1,1.2801118001572155e-04,wind_direction:18.4_m:degrees
1941,-2,-2.0000000000000000e+00,2.9999999999999999e-01,-1,-1,8.5714285714327820e-05,wind_direction:18.4_m:degrees
1942,-2,-2.0000000000000000e+00,3.3250000000000002e-01,-1,-1,1.8749999999997935e-05,wind_direction:18.4_m:degrees
1943,-2,-2.0000000000000000e+00,-1.7650602409638554e-02,-1,-1,1.1797430686601867e-04,wind_direction:18.4_m:degrees
1944,5,9.6649997711181641e+01,-2.4134615384615386e-02,1945,1946,2.8578957100592131e-04,relative_humidity:18.4_m:%
1945,12,1.1194576974958181e-02,-2.2626262626262633e-02,1949,1950,1.9512294663809782e-04,bulk_richardson:18.4_m:none
1946,12,1.0858712717890739e-02,-5.4000000000000006e-02,1947,1948,1.1440000000000022e-03,bulk_richardson:18.4_m:none
1947,-2,-2.0000000000000000e+00,-1.2000000000000000e-01,-1,-1,0.0000000000000000e+00,wind_direction:18.4_m:degrees
1948,-2,-2.0000000000000000e+00,-3.7499999999999999e-02,-1,-1,6.8749999999999367e-05,wind_direction:18.4_m:degrees
1949,9,8.9845092773437500e+01,-3.0294117647058826e-02,1951,1952,2.6167820069204143e-04,angle_between_wind_wave:0_m:degrees
1950,-2,-2.0000000000000000e+00,-1.8615384615384620e-02,-1,-1,1.1346745562130107e-04,wind_direction:18.4_m:degrees
1951,-2,-2.0000000000000000e+00,-2.3478260869565219e-02,-1,-1,1.0964083175803391e-04,wind_direction:18.4_m:degrees
1952,-2,-2.0000000000000000e+00,-4.4545454545454555e-02,-1,-1,2.7933884297520663e-04,wind_direction:18.4_m:degrees
1953,-2,-2.0000000000000000e+00,2.7272727272727278e-02,-1,-1,1.2892561983471036e-04,wind_direction:18.4_m:degrees
1954,-2,-2.0000000000000000e+00,5.7499999999999996e-02,-1,-1,1.8750000000000971e-05,wind_direction:18.4_m:degrees
1955,-2,-2.0000000000000000e+00,-3.2142857142857140e-02,-1,-1,1.4540816326530630e-04,wind_direction:18.4_m:degrees
1956,-2,-2.0000000000000000e+00,-1.4285714285714285e-02,-1,-1,9.1156462585033327e-05,wind_direction:18.4_m:degrees
1957,-2,-2.0000000000000000e+00,1.6666666666666668e-03,-1,-1,1.3888888888888893e-05,wind_direction:18.4_m:degrees
1958,-2,-2.0000000000000000e+00,1.1639344262295086e-02,-1,-1,5.3050255307712839e-05,wind_direction:18.4_m:degrees
1959,-2,-2.0000000000000000e+00,2.5777777777777783e-01,-1,-1,1.5061728395066032e-04,wind_direction:18.4_m:degrees
1960,-2,-2.0000000000000000e+00,2.8499999999999998e-01,-1,-1,3.2500000000000584e-04,wind_direction:18.4_m:degrees
1961,-2,-2.0000000000000000e+00,-1.8000000000000002e-02,-1,-1,8.2666666666666598e-05,wind_direction:18.4_m:degrees
1962,-2,-2.0000000000000000e+00,-3.4333333333333334e-02,-1,-1,6.4555555555554462e-05,wind_direction:18.4_m:degrees
1963,-2,-2.0000000000000000e+00,5.0000000000000003e-02,-1,-1,0.0000000000000000e+00,wind_direction:18.4_m:degrees
1964,11,2.5994000244140625e+02,-1.6942148760330585e-03,1965,1966,1.2150980124308455e-04,wind_direction:18.4_m:degrees
1965,-2,-2.0000000000000000e+00,-1.4937759336099590e-03,-1,-1,1.1229145503693119e-04,wind_direction:18.4_m:degrees
1966,-2,-2.0000000000000000e+00,-5.0000000000000003e-02,-1,-1,1.7347234759768071e-17,wind_direction:18.4_m:degrees
1967,-2,-2.0000000000000000e+00,1.3333333333333333e-03,-1,-1,2.4888888888888889e-05,wind_direction:18.4_m:degrees
1968,-2,-2.0000000000000000e+00,2.7999999999999997e-02,-1,-1,9.5999999999999840e-05,wind_direction:18.4_m:degrees
1969,-2,-2.0000000000000000e+00,-4.0000000000000001e-02,-1,-1,4.9999999999999914e-05,wind_direction:18.4_m:degrees
1970,-2,-2.0000000000000000e+00,-1.2857142857142859e-02,-1,-1,5.4693877551020132e-05,wind_direction:18.4_m:degrees
1971,-2,-2.0000000000000000e+00,5.2857142857142868e-03,-1,-1,7.6346938775510186e-05,wind_direction:18.4_m:degrees
1972,12,-2.6328033208847046e-01,1.2777777777777784e-02,1973,1974,1.5756172839506192e-04,bulk_richardson:18.4_m:none
1973,10,2.8345574140548706e+00,1.6300000000000009e-02,1975,1976,1.7330999999999982e-04,wind_speed:18.4_m:m_s-1
1974,-2,-2.0000000000000000e+00,4.7727272727272731e-03,-1,-1,2.9493801652892289e-05,wind_direction:18.4_m:degrees
1975,-2,-2.0000000000000000e+00,7.2727272727272745e-03,-1,-1,7.8925619834710773e-05,wind_direction:18.4_m:degrees
1976,-2,-2.0000000000000000e+00,2.3392857142857153e-02,-1,-1,1.3313137755101994e-04,wind_direction:18.4_m:degrees
1977,-2,-2.0000000000000000e+00,6.2711864406779652e-03,-1,-1,1.8948577994829072e-04,wind_direction:18.4_m:degrees
1978,1,3.4755249023437500e+01,-2.3333333333333331e-03,1979,1980,1.0455555555555549e-04,azimuth:0_m:degrees
1979,-2,-2.0000000000000000e+00,4.0000000000000001e-02,-1,-1,0.0000000000000000e+00,wind_direction:18.4_m:degrees
1980,-2,-2.0000000000000000e+00,-3.2954545454545454e-03,-1,-1,6.5276342975206629e-05,wind_direction:18.4_m:degrees
1981,-2,-2.0000000000000000e+00,8.0000000000000002e-02,-1,-1,0.0000000000000000e+00,wind_direction:18.4_m:degrees
1982,-2,-2.0000000000000000e+00,2.8415841584158413e-02,-1,-1,9.4520145083814493e-05,wind_direction:18.4_m:degrees
1983,-2,-2.0000000000000000e+00,2.3999999999999999e-01,-1,-1,0.0000000000000000e+00,wind_direction:18.4_m:degrees
1984,9,8.9885341644287109e+01,2.0083333333333334e-01,1985,1986,5.2430555555556951e-04,angle_between_wind_wave:0_m:degrees
1985,-2,-2.0000000000000000e+00,2.3999999999999999e-01,-1,-1,1.0000000000000286e-04,wind_direction:18.4_m:degrees
1986,-2,-2.0000000000000000e+00,1.9300000000000000e-01,-1,-1,2.4099999999999816e-04,wind_direction:18.4_m:degrees
1987,-2,-2.0000000000000000e+00,-2.3809523809523801e-04,-1,-1,6.8990929705215417e-05,wind_direction:18.4_m:degrees
1988,-2,-2.0000000000000000e+00,-2.0000000000000000e-02,-1,-1,5.0000000000000023e-05,wind_direction:18.4_m:degrees
1989,-2,-2.0000000000000000e+00,7.5555555555555556e-02,-1,-1,1.4320987654320872e-04,wind_direction:18.4_m:degrees
1990,-2,-2.0000000000000000e+00,1.0666666666666667e-01,-1,-1,8.8888888888846718e-05,wind_direction:18.4_m:degrees
1991,-2,-2.0000000000000000e+00,8.3076923076923076e-02,-1,-1,1.5976331360946679e-04,wind_direction:18.4_m:degrees
1992,-2,-2.0000000000000000e+00,1.0166666666666668e-01,-1,-1,2.9166666666666750e-04,wind_direction:18.4_m:degrees
1993,-2,-2.0000000000000000e+00,5.2777777777777798e-02,-1,-1,1.0154320987654317e-04,wind_direction:18.4_m:degrees
1994,-2,-2.0000000000000000e+00,4.0740740740740744e-02,-1,-1,1.2537722908093248e-04,wind_direction:18.4_m:degrees
1995,-2,-2.0000000000000000e+00,2.1999999999999999e-02,-1,-1,1.2599999999999986e-04,wind_direction:18.4_m:degrees
1996,-2,-2.0000000000000000e+00,4.2857142857142851e-03,-1,-1,9.5918367346938294e-05,wind_direction:18.4_m:degrees
1997,-2,-2.0000000000000000e+00,4.7272727272727272e-02,-1,-1,3.8016528925619974e-05,wind_direction:18.4_m:degrees
1998,-2,-2.0000000000000000e+00,6.0750000000000005e-02,-1,-1,2.0193750000000116e-04,wind_direction:18.4_m:degrees
1999,-2,-2.0000000000000000e+00,1.7090909090909087e-01,-1,-1,2.8099173553718451e-04,wind_direction:18.4_m:degrees
2000,-2,-2.0000000000000000e+00,1.9666666666666668e-01,-1,-1,2.2222222222229027e-05,wind_direction:18.4_m:degrees
2001,-2,-2.0000000000000000e+00,-7.4358974358974365e-03,-1,-1,3.9579224194608809e-05,wind_direction:18.4_m:degrees
2002,6,2.0600000000000000e+02,-2.2500000000000003e-02,2003,2004,2.6874999999999967e-04,wave_direction:0_m:degrees
2003,-2,-2.0000000000000000e+00,-1.0999999999999999e-02,-1,-1,4.8999999999999985e-05,wind_direction:18.4_m:degrees
2004,-2,-2.0000000000000000e+00,-4.1666666666666664e-02,-1,-1,4.7222222222222587e-05,wind_direction:18.4_m:degrees
2005,-2,-2.0000000000000000e+00,-5.9523809523809521e-03,-1,-1,5.7426303854875291e-05,wind_direction:18.4_m:degrees
2006,-2,-2.0000000000000000e+00,-3.2500000000000001e-02,-1,-1,1.6874999999999963e-04,wind_direction:18.4_m:degrees
2007,-2,-2.0000000000000000e+00,1.1000000000000000e-01,-1,-1,0.0000000000000000e+00,wind_direction:18.4_m:degrees
2008,-2,-2.0000000000000000e+00,8.0136986301369881e-02,-1,-1,2.1504972790392131e-04,wind_direction:18.4_m:degrees
2009,-2,-2.0000000000000000e+00,5.8333333333333341e-02,-1,-1,6.3888888888887635e-05,wind_direction:18.4_m:degrees
2010,-2,-2.0000000000000000e+00,4.0000000000000008e-02,-1,-1,9.5238095238094197e-05,wind_direction:18.4_m:degrees
2011,-2,-2.0000000000000000e+00,2.9166666666666671e-02,-1,-1,7.4305555555555214e-05,wind_direction:18.4_m:degrees
2012,-2,-2.0000000000000000e+00,4.6176470588235319e-02,-1,-1,1.1185121107266200e-04,wind_direction:18.4_m:degrees
2013,6,2.2750000000000000e+02,6.0309278350515480e-03,2015,2016,5.7957806355616868e-05,wave_direction:0_m:degrees
2014,-2,-2.0000000000000000e+00,1.8412162162162171e-03,-1,-1,3.1238301223520805e-05,wind_direction:18.4_m:degrees
2015,-2,-2.0000000000000000e+00,5.0000000000000036e-03,-1,-1,4.2777777777777703e-05,wind_direction:18.4_m:degrees
2016,-2,-2.0000000000000000e+00,1.9285714285714288e-02,-1,-1,6.3775510204080825e-05,wind_direction:18.4_m:degrees
2017,-2,-2.0000000000000000e+00,3.6800000000000013e-02,-1,-1,8.1759999999999515e-05,wind_direction:18.4_m:degrees
2018,-2,-2.0000000000000000e+00,2.4400000000000005e-02,-1,-1,4.8639999999999317e-05,wind_direction:18.4_m:degrees
2019,-2,-2.0000000000000000e+00,1.3428571428571434e-02,-1,-1,1.1395918367346919e-04,wind_direction:18.4_m:degrees
2020,-2,-2.0000000000000000e+00,-9.9999999999999985e-03,-1,-1,1.5999999999999893e-04,wind_direction:18.4_m:degrees
2021,-2,-2.0000000000000000e+00,1.1600000000000002e-01,-1,-1,2.6399999999999688e-04,wind_direction:18.4_m:degrees
2022,9,8.9620674133300781e+01,1.0073170731707320e-01,2027,2028,2.6044021415823175e-04,angle_between_wind_wave:0_m:degrees
2023,-2,-2.0000000000000000e+00,-5.9999999999999998e-02,-1,-1,-4.3368086899420177e-19,wind_direction:18.4_m:degrees
2024,-2,-2.0000000000000000e+00,-2.8000000000000001e-02,-1,-1,5.5999999999999843e-05,wind_direction:18.4_m:degrees
2025,-2,-2.0000000000000000e+00,-5.0000000000000003e-02,-1,-1,6.6666666666667998e-05,wind_direction:18.4_m:degrees
2026,-2,-2.0000000000000000e+00,-2.7272727272727278e-02,-1,-1,1.9834710743801528e-05,wind_direction:18.4_m:degrees
2027,-2,-2.0000000000000000e+00,8.1666666666666665e-02,-1,-1,2.1388888888888846e-04,wind_direction:18.4_m:degrees
2028,-2,-2.0000000000000000e+00,1.0400000000000001e-01,-1,-1,1.9542857142856342e-04,wind_direction:18.4_m:degrees
2029,-2,-2.0000000000000000e+00,-1.3030303030303026e-02,-1,-1,1.0975665748393047e-04,wind_direction:18.4_m:degrees
2030,-2,-2.0000000000000000e+00,-1.7243589743589711e-02,-1,-1,1.2894066403682257e-04,wind_direction:18.4_m:degrees
2031,-2,-2.0000000000000000e+00,8.6666666666666670e-02,-1,-1,2.2222222222221220e-05,wind_direction:18.4_m:degrees
2032,-2,-2.0000000000000000e+00,1.2142857142857144e-01,-1,-1,1.8367346938775141e-04,wind_direction:18.4_m:degrees
2033,10,4.7233514785766602e+00,-4.3659244917715308e-03,2035,2036,1.1230365976971012e-04,wind_speed:18.4_m:m_s-1
2034,-2,-2.0000000000000000e+00,3.9473684210526326e-03,-1,-1,1.1336565096953636e-04,wind_direction:18.4_m:degrees
2035,12,7.5007237493991852e-02,-1.0519480519480521e-02,2037,2038,3.0882104908078959e-04,bulk_richardson:18.4_m:none
2036,-2,-2.0000000000000000e+00,-3.8702928870292812e-03,-1,-1,9.3179828784510201e-05,wind_direction:18.4_m:degrees
2037,-2,-2.0000000000000000e+00,-5.8823529411764722e-03,-1,-1,5.3633217993079608e-05,wind_direction:18.4_m:degrees
2038,7,7.5000000000000000e-01,-4.5555555555555557e-02,2039,2040,8.4691358024691511e-04,wave_height:0_m:m
2039,-2,-2.0000000000000000e+00,-6.5000000000000002e-02,-1,-1,1.2500000000000011e-04,wind_direction:18.4_m:degrees
2040,-2,-2.0000000000000000e+00,-6.6666666666666671e-03,-1,-1,2.2222222222221742e-05,wind_direction:18.4_m:degrees
2041,-2,-2.0000000000000000e+00,4.4999999999999988e-03,-1,-1,1.4475000000000002e-04,wind_direction:18.4_m:degrees
2042,-2,-2.0000000000000000e+00,-8.9361702127659579e-03,-1,-1,7.7591670439112738e-05,wind_direction:18.4_m:degrees
2043,-2,-2.0000000000000000e+00,-1.8811881188118807e-03,-1,-1,8.2599745123027122e-05,wind_direction:18.4_m:degrees
2044,5,6.9050003051757812e+01,-2.0000000000000000e-02,2045,2046,1.1999999999999984e-03,relative_humidity:18.4_m:%
2045,-2,-2.0000000000000000e+00,0.0000000000000000e+00,-1,-1,0.0000000000000000e+00,wind_direction:18.4_m:degrees
2046,-2,-2.0000000000000000e+00,-8.0000000000000002e-02,-1,-1,0.0000000000000000e+00,wind_direction:18.4_m:degrees
