Node,feature,threshold,value,children_left,children_right,impurity,feature_name
0,4,2.0794627666473389e+00,1.0475626153741353e-02,1,2,1.7684079783537776e-03,mixing_ratio:18.4_m:g_kg-1
1,10,9.7001390457153320e+00,9.7847065462753957e-02,3,4,5.1567926381152762e-03,wind_speed:18.4_m:m_s-1
2,4,4.0176351070404053e+00,2.7988099665307077e-03,5,6,7.4102249517522985e-04,mixing_ratio:18.4_m:g_kg-1
3,2,2.7553999328613281e+02,5.7797311271975266e-02,13,14,1.9862546773622368e-03,water_sfc_temperature:0_m:K
4,2,2.7541500854492188e+02,1.4595652173913032e-01,11,12,4.7240850661624603e-03,water_sfc_temperature:0_m:K
5,2,2.8283499145507812e+02,3.1912511197372616e-02,7,8,1.2576889715678347e-03,water_sfc_temperature:0_m:K
6,12,-4.2644499335438013e-03,-2.9984838124684403e-03,9,10,4.3575149159178557e-04,bulk_richardson:18.4_m:none
7,3,1.0027500000000000e+03,2.1777686963629000e-02,25,26,8.4449001295798715e-04,pressure:18.4_m:hPa
8,10,7.2230811119079590e+00,5.9406873614190690e-02,17,18,1.3440495314672122e-03,wind_speed:18.4_m:m_s-1
9,5,7.2850002288818359e+01,3.7116614728555154e-03,23,24,3.5431169988561610e-04,relative_humidity:18.4_m:%
10,10,8.9043669700622559e+00,-1.0996350840610099e-02,15,16,4.1518739708369955e-04,wind_speed:18.4_m:m_s-1
11,4,1.4664016962051392e+00,7.9090909090909073e-02,47,48,2.4058929213079429e-03,mixing_ratio:18.4_m:g_kg-1
12,7,1.4499999880790710e+00,1.5842299189388370e-01,19,20,4.1672993387273372e-03,wave_height:0_m:m
13,10,6.9061377048492432e+00,2.7754820936639078e-02,67,68,8.1465614067041550e-04,wind_speed:18.4_m:m_s-1
14,10,5.0661907196044922e+00,7.5852649006622558e-02,33,34,1.8219551088767697e-03,wind_speed:18.4_m:m_s-1
15,10,6.4112596511840820e+00,-6.5756973831938058e-03,89,90,1.7196013483406503e-04,wind_speed:18.4_m:m_s-1
16,11,2.1451999664306641e+02,-2.4584550039819717e-02,43,44,9.1811118152698083e-04,wind_direction:18.4_m:degrees
17,10,6.0905342102050781e+00,3.6211764705882263e-02,187,188,4.0847280276816965e-04,wind_speed:18.4_m:m_s-1
18,10,1.0800614833831787e+01,8.0073375262054450e-02,57,58,1.2711686202637592e-03,wind_speed:18.4_m:m_s-1
19,12,-6.4813490957021713e-02,1.3573948439620076e-01,21,22,3.6931098792455860e-03,bulk_richardson:18.4_m:none
20,3,1.0100499877929688e+03,1.8538709677419357e-01,27,28,3.3922695109261311e-03,pressure:18.4_m:hPa
21,4,9.4002187252044678e-01,1.7845394736842102e-01,37,38,2.7880702475762131e-03,mixing_ratio:18.4_m:g_kg-1
22,3,1.0157500000000000e+03,1.0575057736720554e-01,49,50,2.1482241624842108e-03,pressure:18.4_m:hPa
23,3,1.0078500061035156e+03,1.4421352001750211e-02,31,32,5.4774545527119215e-04,pressure:18.4_m:hPa
24,10,1.4332575798034668e+01,1.4358600583090907e-04,41,42,2.3892253174697479e-04,wind_speed:18.4_m:m_s-1
25,12,-4.0235724300146103e-03,4.8620218579234931e-02,35,36,1.7457737988593302e-03,bulk_richardson:18.4_m:none
26,2,2.7951499938964844e+02,1.7056703507928976e-02,29,30,5.3696410811439029e-04,water_sfc_temperature:0_m:K
27,12,-1.1932893656194210e-02,1.6104347826086959e-01,51,52,2.7989111531190637e-03,bulk_richardson:18.4_m:none
28,12,-5.3578035905957222e-02,2.1592727272727275e-01,79,80,2.4605038016529968e-03,bulk_richardson:18.4_m:none
29,4,2.6644598245620728e+00,9.0522620904836190e-03,105,106,2.9680070081117927e-04,mixing_ratio:18.4_m:g_kg-1
30,4,3.2357209920883179e+00,2.9899874843554497e-02,53,54,6.5455818521588372e-04,mixing_ratio:18.4_m:g_kg-1
31,3,9.9669998168945312e+02,3.4525641025641027e-02,59,60,1.0040057527942094e-03,pressure:18.4_m:hPa
32,10,9.6446642875671387e+00,1.0284885254550237e-02,81,82,3.5359860826301282e-04,wind_speed:18.4_m:m_s-1
33,3,1.0170499877929688e+03,4.6603773584905625e-02,155,156,7.3689331909339382e-04,pressure:18.4_m:hPa
34,4,1.3298926949501038e+00,8.6303370786516898e-02,39,40,1.7947618987501452e-03,mixing_ratio:18.4_m:g_kg-1
35,4,2.9862469434738159e+00,5.5491679273827504e-02,55,56,1.3572847265295204e-03,mixing_ratio:18.4_m:g_kg-1
36,10,1.8598314285278320e+01,-1.5352112676056342e-02,317,318,8.3050981948021806e-04,wind_speed:18.4_m:m_s-1
37,10,1.1189309597015381e+01,2.1672000000000011e-01,119,120,2.1068415999999646e-03,wind_speed:18.4_m:m_s-1
38,1,2.3601467132568359e+02,1.5173184357541891e-01,135,136,1.5271683155957012e-03,azimuth:0_m:degrees
39,2,2.7903999328613281e+02,1.1385714285714281e-01,85,86,1.9501224489796038e-03,water_sfc_temperature:0_m:K
40,12,-6.3185852020978928e-02,7.3655737704918053e-02,61,62,1.2149962375705139e-03,bulk_richardson:18.4_m:none
41,12,-3.0309943482279778e-02,-1.5073906044197089e-04,73,74,2.1344134915378133e-04,bulk_richardson:18.4_m:none
42,4,4.6159062385559082e+00,7.4629629629629629e-02,331,332,1.1174554183803285e-03,mixing_ratio:18.4_m:g_kg-1
43,10,1.2242521762847900e+01,-3.2637711864406900e-02,45,46,8.5660179815425235e-04,wind_speed:18.4_m:m_s-1
44,10,1.5503959655761719e+01,-1.6492815327301718e-02,95,96,8.4927496168540971e-04,wind_speed:18.4_m:m_s-1
45,12,5.6095919571816921e-03,-2.6026845637583888e-02,137,138,4.8206639340568852e-04,bulk_richardson:18.4_m:none
46,8,7.4499998092651367e+00,-5.7386934673366807e-02,101,102,1.4826191257796442e-03,wave_period:0_m:s
47,5,4.6299999237060547e+01,1.0770370370370370e-01,69,70,2.2650973936899840e-03,relative_humidity:18.4_m:%
48,2,2.7411499023437500e+02,4.6355932203389828e-02,407,408,5.5875466819879952e-04,water_sfc_temperature:0_m:K
49,4,1.2879102230072021e+00,9.3852941176470528e-02,107,108,1.6807430795847920e-03,mixing_ratio:18.4_m:g_kg-1
50,10,1.2644389629364014e+01,1.4924731182795700e-01,157,158,1.4478205572898591e-03,wind_speed:18.4_m:m_s-1
51,8,5.9500000476837158e+00,1.6650455927051669e-01,65,66,2.2804870612799268e-03,wave_period:0_m:s
52,4,1.5500208139419556e+00,4.8750000000000002e-02,2003,2004,2.3593750000007853e-04,mixing_ratio:18.4_m:g_kg-1
53,5,4.3800001144409180e+01,3.9133192389006317e-02,63,64,6.4702877141541767e-04,relative_humidity:18.4_m:%
54,12,-8.7417792528867722e-03,1.6503067484662515e-02,175,176,3.6231134028378187e-04,bulk_richardson:18.4_m:none
55,10,8.8253812789916992e+00,7.0813008130081304e-02,91,92,1.2719677440676813e-03,wind_speed:18.4_m:m_s-1
56,11,2.7847500610351562e+02,3.6130136986301339e-02,115,116,7.9358580409084477e-04,wind_direction:18.4_m:degrees
57,1,1.8383734130859375e+02,6.9132653061224444e-02,93,94,9.5758104262115475e-04,azimuth:0_m:degrees
58,12,-3.0442678369581699e-02,9.7650273224043696e-02,123,124,1.2737137567559158e-03,bulk_richardson:18.4_m:none
59,9,8.9535011291503906e+01,9.1320754716981145e-02,311,312,7.8504805980775770e-04,angle_between_wind_wave:0_m:degrees
60,10,9.5623812675476074e+00,3.0385144429160949e-02,71,72,7.6766459361737405e-04,wind_speed:18.4_m:m_s-1
61,10,7.9159555435180664e+00,8.0537428023032626e-02,127,128,9.8627547054425113e-04,wind_speed:18.4_m:m_s-1
62,12,-4.0194377303123474e-02,3.3370786516853948e-02,271,272,6.5380633758362105e-04,bulk_richardson:18.4_m:none
63,4,2.3355482816696167e+00,2.2222222222222222e-03,357,358,3.5802469135802473e-04,mixing_ratio:18.4_m:g_kg-1
64,10,3.3153327703475952e+00,4.3890214797136014e-02,141,142,4.8605954625457548e-04,wind_speed:18.4_m:m_s-1
65,10,1.4059658050537109e+01,1.4299363057324846e-01,185,186,1.3152419976469390e-03,wind_speed:18.4_m:m_s-1
66,11,3.0916000366210938e+02,1.8796511627906984e-01,113,114,2.1964406435911812e-03,wind_direction:18.4_m:degrees
67,5,6.5350002288818359e+01,1.6962025316455652e-02,401,402,3.1904075201623746e-04,relative_humidity:18.4_m:%
68,12,-7.8690752387046814e-02,4.8055555555555518e-02,77,78,1.1156635802469133e-03,bulk_richardson:18.4_m:none
69,5,2.9000000000000000e+01,5.9555555555555570e-02,825,826,3.4646913580246765e-04,relative_humidity:18.4_m:%
70,7,1.8499999642372131e+00,1.3177777777777780e-01,133,134,1.4857283950617250e-03,wave_height:0_m:m
71,1,2.3302325439453125e+02,1.5217391304347811e-02,435,436,3.6640201638311350e-04,azimuth:0_m:degrees
72,4,4.5559644699096680e+00,4.4083769633507824e-02,165,166,7.3463172610398544e-04,mixing_ratio:18.4_m:g_kg-1
73,10,6.9668068885803223e+00,2.7269170579029660e-03,75,76,2.0235787223777039e-04,wind_speed:18.4_m:m_s-1
74,3,1.0064500122070312e+03,-3.8296098699566483e-03,171,172,2.0349014026128833e-04,pressure:18.4_m:hPa
75,4,9.3742413520812988e+00,1.1433013001695797e-03,209,210,1.2954362528004720e-04,mixing_ratio:18.4_m:g_kg-1
76,11,2.6365000915527344e+02,2.1655405405405323e-02,111,112,6.8442179510590185e-04,wind_direction:18.4_m:degrees
77,5,5.2500000000000000e+01,7.7872340425531913e-02,255,256,7.4228157537347371e-04,relative_humidity:18.4_m:%
78,12,-2.0887430757284164e-02,3.0316455696202522e-02,339,340,4.9420365326070120e-04,bulk_richardson:18.4_m:none
79,11,3.1538499450683594e+02,1.8927927927927932e-01,161,162,1.5202012823634301e-03,wind_direction:18.4_m:degrees
80,10,1.3133708477020264e+01,2.3396341463414638e-01,87,88,2.2909986615111053e-03,wind_speed:18.4_m:m_s-1
81,12,-3.2504446804523468e-02,7.7198492462311448e-03,177,178,2.3079337485164256e-04,bulk_richardson:18.4_m:none
82,12,-1.8965844064950943e-02,2.3739703459637516e-02,83,84,7.8222549118058275e-04,bulk_richardson:18.4_m:none
83,10,1.1534545898437500e+01,4.9267015706806264e-02,203,204,7.3872974973274077e-04,wind_speed:18.4_m:m_s-1
84,10,1.2935410499572754e+01,1.2019230769230761e-02,273,274,3.6563424556212976e-04,wind_speed:18.4_m:m_s-1
85,9,8.9486068725585938e+01,9.2230215827338133e-02,169,170,1.5007815330469534e-03,angle_between_wind_wave:0_m:degrees
86,10,7.7536332607269287e+00,1.3517730496453895e-01,109,110,1.4774508324531081e-03,wind_speed:18.4_m:m_s-1
87,12,-4.1545154526829720e-02,1.3666666666666669e-01,541,542,1.4055555555555488e-03,bulk_richardson:18.4_m:none
88,11,2.6748999023437500e+02,2.4164473684210538e-01,309,310,1.5545316828254677e-03,wind_direction:18.4_m:degrees
89,11,2.6426499938964844e+02,-3.8886420849992818e-03,423,424,1.5230034930370233e-04,wind_direction:18.4_m:degrees
90,11,2.5497000122070312e+02,-1.0335681723995127e-02,237,238,1.7522921583239341e-04,wind_direction:18.4_m:degrees
91,11,2.9082000732421875e+02,4.7593984962406001e-02,323,324,5.0699304652609229e-04,wind_direction:18.4_m:degrees
92,2,2.8140499877929688e+02,8.3898305084745745e-02,121,122,1.2280235564492833e-03,water_sfc_temperature:0_m:K
93,12,-5.9748316183686256e-02,8.0518731988472578e-02,241,242,8.7465887101464707e-04,bulk_richardson:18.4_m:none
94,7,1.3499999642372131e+00,5.2738589211618198e-02,257,258,6.2154577228352732e-04,wave_height:0_m:m
95,12,3.0206804163753986e-02,-1.7565217391304296e-02,97,98,7.8570226843099498e-04,bulk_richardson:18.4_m:none
96,12,-2.4727515410631895e-03,3.4102564102564105e-02,199,200,1.2344510190664319e-03,bulk_richardson:18.4_m:none
97,3,9.7880001831054688e+02,-1.8492545554941998e-02,139,140,5.2986452201269154e-04,pressure:18.4_m:hPa
98,9,9.0079303741455078e+01,4.0344827586206895e-02,99,100,1.3355053507728795e-02,angle_between_wind_wave:0_m:degrees
99,-2,-2.0000000000000000e+00,-2.4210526315789471e-02,-1,-1,1.1911357340720226e-04,wind_direction:18.4_m:degrees
100,4,8.8424077033996582e+00,1.6299999999999998e-01,103,104,1.5541000000000003e-02,mixing_ratio:18.4_m:g_kg-1
101,12,7.8451945446431637e-03,-5.2200557103064031e-02,197,198,1.1196700832550965e-03,bulk_richardson:18.4_m:none
102,0,5.6024255752563477e+01,-1.0512820512820514e-01,131,132,2.2967784352399580e-03,zenith:0_m:degrees
103,11,2.5149501037597656e+02,2.1250000000000002e-01,183,184,7.1187500000000070e-03,wind_direction:18.4_m:degrees
104,-2,-2.0000000000000000e+00,-3.5000000000000003e-02,-1,-1,2.2500000000000471e-04,wind_direction:18.4_m:degrees
105,2,2.7562500000000000e+02,1.7588978185993049e-02,249,250,3.5331441353683935e-04,water_sfc_temperature:0_m:K
106,12,-9.6389576792716980e-03,4.6603662138216088e-03,219,220,2.1094489697161191e-04,bulk_richardson:18.4_m:none
107,11,3.0653500366210938e+02,1.2063829787234039e-01,159,160,1.4166138524219166e-03,wind_direction:18.4_m:degrees
108,3,1.0033500061035156e+03,8.3617886178861775e-02,117,118,1.4027645581334118e-03,pressure:18.4_m:hPa
109,10,6.4610548019409180e+00,1.1702127659574470e-01,307,308,7.9538252602989225e-04,wind_speed:18.4_m:m_s-1
110,1,7.8049282073974609e+01,1.7148936170212767e-01,479,480,8.6373924852875539e-04,azimuth:0_m:degrees
111,4,9.2075028419494629e+00,1.1592178770949705e-02,575,576,2.7930854218033408e-04,mixing_ratio:18.4_m:g_kg-1
112,4,5.1669020652770996e+00,3.7051282051282060e-02,213,214,9.1224523339908143e-04,mixing_ratio:18.4_m:g_kg-1
113,10,1.6992799758911133e+01,2.0140625000000006e-01,125,126,2.1073974609375073e-03,wind_speed:18.4_m:m_s-1
114,9,8.9581729888916016e+01,1.4886363636363636e-01,993,994,4.0098140495856485e-04,angle_between_wind_wave:0_m:degrees
115,2,2.8009999084472656e+02,7.1754385964912265e-02,329,330,7.4779932286857947e-04,water_sfc_temperature:0_m:K
116,10,1.2118946552276611e+01,2.7489361702127645e-02,281,282,4.2220733363513099e-04,wind_speed:18.4_m:m_s-1
117,5,4.3949998855590820e+01,1.1243243243243244e-01,189,190,1.1994886778670562e-03,relative_humidity:18.4_m:%
118,12,-2.6657462120056152e-02,7.1220930232558100e-02,173,174,9.7932328285559728e-04,bulk_richardson:18.4_m:none
119,5,4.7049999237060547e+01,1.8622641509433965e-01,167,168,1.4838732645069339e-03,relative_humidity:18.4_m:%
120,8,3.9500000476837158e+00,2.3916666666666669e-01,247,248,1.3770833333332511e-03,wave_period:0_m:s
121,12,-3.2526429742574692e-02,7.6780487804878075e-02,163,164,6.8426888756692276e-04,bulk_richardson:18.4_m:none
122,0,1.3733150482177734e+02,1.3096774193548388e-01,145,146,2.2732570239333873e-03,zenith:0_m:degrees
123,0,1.5041819763183594e+02,1.1868421052631577e-01,345,346,1.0430055401662048e-03,zenith:0_m:degrees
124,3,1.0120499877929688e+03,8.8134920634920552e-02,147,148,1.0873944948349788e-03,pressure:18.4_m:hPa
125,12,-2.1991268731653690e-02,1.9019230769230774e-01,143,144,1.7999630177514547e-03,bulk_richardson:18.4_m:none
126,3,9.8619998168945312e+02,2.5000000000000000e-01,917,918,5.3333333333331623e-04,pressure:18.4_m:hPa
127,2,2.7871000671386719e+02,7.0104895104895079e-02,129,130,8.3460438163234819e-04,water_sfc_temperature:0_m:K
128,5,5.7600000381469727e+01,9.3234042553191510e-02,201,202,8.7720054323225591e-04,relative_humidity:18.4_m:%
129,7,5.5000001192092896e-01,5.5909090909090874e-02,501,502,4.6313459268004223e-04,wave_height:0_m:m
130,1,1.4993375396728516e+02,8.6666666666666670e-02,191,192,7.5858585858587253e-04,azimuth:0_m:degrees
131,-2,-2.0000000000000000e+00,-1.8625000000000000e-01,-1,-1,3.4843749999999979e-04,wind_direction:18.4_m:degrees
132,11,1.3079999542236328e+02,-8.4193548387096764e-02,633,634,6.6305931321539863e-04,wind_direction:18.4_m:degrees
133,0,6.2751440048217773e+01,1.1788732394366196e-01,303,304,8.3074786748660485e-04,zenith:0_m:degrees
134,9,8.7157566070556641e+01,1.8368421052631578e-01,699,700,5.1800554016619149e-04,angle_between_wind_wave:0_m:degrees
135,4,1.3330872058868408e+00,1.6303030303030305e-01,283,284,1.1362718089990634e-03,mixing_ratio:18.4_m:g_kg-1
136,12,-7.5475495308637619e-02,1.2000000000000001e-01,343,344,1.2595744680852436e-03,bulk_richardson:18.4_m:none
137,0,8.9454341888427734e+01,-1.9482288828337753e-02,475,476,2.4986821492475913e-04,zenith:0_m:degrees
138,6,2.1950000000000000e+02,-3.2380952380952302e-02,151,152,6.2554799697654728e-04,wave_direction:0_m:degrees
139,-2,-2.0000000000000000e+00,2.3000000000000001e-01,-1,-1,0.0000000000000000e+00,wind_direction:18.4_m:degrees
140,4,7.0982024669647217e+00,-1.8629834254143645e-02,205,206,4.9602319831506441e-04,mixing_ratio:18.4_m:g_kg-1
141,12,-1.7702699303627014e+00,1.9456521739130442e-02,941,942,1.9644376181474462e-04,bulk_richardson:18.4_m:none
142,4,2.5174839496612549e+00,4.6903485254691651e-02,195,196,4.3907111385835728e-04,mixing_ratio:18.4_m:g_kg-1
143,1,2.5343440246582031e+02,1.9966666666666677e-01,277,278,1.2098888888888715e-03,azimuth:0_m:degrees
144,2,2.7621000671386719e+02,1.2928571428571431e-01,445,446,1.3066326530611141e-03,water_sfc_temperature:0_m:K
145,1,2.4847019195556641e+02,9.1176470588235289e-02,811,812,5.3979238754324477e-04,azimuth:0_m:degrees
146,-2,-2.0000000000000000e+00,1.7928571428571427e-01,-1,-1,1.2091836734695605e-04,wind_direction:18.4_m:degrees
147,2,2.8449000549316406e+02,9.5588235294117599e-02,149,150,8.5504613610150153e-04,water_sfc_temperature:0_m:K
148,9,8.8470199584960938e+01,5.6458333333333353e-02,305,306,8.3537326388891716e-04,angle_between_wind_wave:0_m:degrees
149,4,3.1346924304962158e+00,5.4117647058823548e-02,743,744,4.7716262975778341e-04,mixing_ratio:18.4_m:g_kg-1
150,9,8.7718235015869141e+01,1.0388235294117641e-01,367,368,5.1786851211073522e-04,angle_between_wind_wave:0_m:degrees
151,10,9.9538860321044922e+00,-3.1172506738544353e-02,239,240,4.1574113091303363e-04,wind_speed:18.4_m:m_s-1
152,11,1.9247000122070312e+02,-9.6428571428571447e-02,153,154,7.5658163265305608e-03,wind_direction:18.4_m:degrees
153,-2,-2.0000000000000000e+00,-2.3000000000000001e-01,-1,-1,0.0000000000000000e+00,wind_direction:18.4_m:degrees
154,0,6.3074226379394531e+01,-4.2999999999999997e-02,1043,1044,6.0099999999999997e-04,zenith:0_m:degrees
155,12,-1.9122047722339630e-01,2.9075630252100835e-02,351,352,5.4452369182967373e-04,bulk_richardson:18.4_m:none
156,2,2.7683999633789062e+02,5.7085427135678400e-02,325,326,5.5833943587283753e-04,water_sfc_temperature:0_m:K
157,11,3.2091500854492188e+02,1.2814814814814815e-01,859,860,4.8916323731138661e-04,wind_direction:18.4_m:degrees
158,4,1.2701094150543213e+00,1.7846153846153850e-01,399,400,1.3053254437869685e-03,mixing_ratio:18.4_m:g_kg-1
159,5,3.0149999618530273e+01,1.1168674698795182e-01,603,604,6.0920307736972608e-04,relative_humidity:18.4_m:%
160,1,1.8008407592773438e+02,1.8818181818181820e-01,415,416,2.3421487603305716e-03,azimuth:0_m:degrees
161,0,1.3982782745361328e+02,1.9588235294117659e-01,327,328,1.0712802768165913e-03,zenith:0_m:degrees
162,10,1.1434736251831055e+01,1.1444444444444445e-01,1451,1452,5.1358024691359680e-04,wind_speed:18.4_m:m_s-1
163,0,9.9692153930664062e+01,1.1814814814814817e-01,967,968,7.2620027434841875e-04,zenith:0_m:degrees
164,12,-8.7015121243894100e-03,7.0505617977528079e-02,419,420,3.7895783360686070e-04,bulk_richardson:18.4_m:none
165,6,2.3150000000000000e+02,6.4421052631578962e-02,223,224,1.1151911357340696e-03,wave_direction:0_m:degrees
166,2,2.9079000854492188e+02,3.7351916376306596e-02,373,374,4.2643713047384657e-04,water_sfc_temperature:0_m:K
167,6,2.2950000000000000e+02,1.5423076923076923e-01,731,732,6.4748520710061763e-04,wave_direction:0_m:degrees
168,6,2.5050000000000000e+02,2.1703703703703703e-01,1827,1828,3.5418381344302918e-04,wave_direction:0_m:degrees
169,5,4.2700000762939453e+01,1.1956521739130435e-01,321,322,1.6650283553875274e-03,relative_humidity:18.4_m:%
170,5,5.9799999237060547e+01,7.8709677419354834e-02,347,348,8.6715227193894656e-04,relative_humidity:18.4_m:%
171,10,1.1785237312316895e+01,5.5407969639468700e-03,193,194,3.9358799405175517e-04,wind_speed:18.4_m:m_s-1
172,5,9.8149997711181641e+01,-4.7322244562237369e-03,261,262,1.7590617964327230e-04,relative_humidity:18.4_m:%
173,8,4.9500000476837158e+00,7.9926470588235335e-02,233,234,7.6102400519031509e-04,wave_period:0_m:s
174,7,1.3499999642372131e+00,3.8333333333333344e-02,521,522,4.3611111111112929e-04,wave_height:0_m:m
175,5,6.5599998474121094e+01,1.9175084175084092e-02,217,218,2.8972355428584674e-04,relative_humidity:18.4_m:%
176,2,2.8184498596191406e+02,-1.0862068965517243e-02,899,900,2.8373959571938515e-04,water_sfc_temperature:0_m:K
177,4,6.3671603202819824e+00,9.9957337883958795e-03,179,180,2.3357506712366890e-04,mixing_ratio:18.4_m:g_kg-1
178,10,6.7104306221008301e+00,1.3690476190476200e-03,525,526,1.6824475623582267e-04,wind_speed:18.4_m:m_s-1
179,2,2.8565000915527344e+02,1.5597592433361897e-02,181,182,2.7313815413483833e-04,water_sfc_temperature:0_m:K
180,3,1.0244500122070312e+03,4.4792548687552754e-03,613,614,1.3328089902140433e-04,pressure:18.4_m:hPa
181,8,5.1500000953674316e+00,5.3217821782178239e-03,511,512,1.6846081266542497e-04,wave_period:0_m:s
182,10,6.5394394397735596e+00,2.1067193675889224e-02,319,320,2.4273461544470939e-04,wind_speed:18.4_m:m_s-1
183,7,1.8500000238418579e+00,1.5400000000000000e-01,677,678,2.2639999999999813e-03,wave_height:0_m:m
184,-2,-2.0000000000000000e+00,3.1000000000000000e-01,-1,-1,0.0000000000000000e+00,wind_direction:18.4_m:degrees
185,12,-2.2015434689819813e-02,1.2250000000000001e-01,269,270,9.7187500000000052e-04,bulk_richardson:18.4_m:none
186,5,5.0399999618530273e+01,1.5709677419354839e-01,335,336,1.0636142906694027e-03,relative_humidity:18.4_m:%
187,4,2.2482560873031616e+00,3.1586776859504041e-02,267,268,3.1450693258657848e-04,mixing_ratio:18.4_m:g_kg-1
188,12,-1.9429187476634979e-01,4.7632653061224460e-02,299,300,4.5725281132860890e-04,bulk_richardson:18.4_m:none
189,11,2.9749499511718750e+02,7.3333333333333334e-02,1831,1832,2.2222222222222261e-04,wind_direction:18.4_m:degrees
190,12,-6.2680289149284363e-02,1.2792452830188680e-01,689,690,7.4097543609825262e-04,bulk_richardson:18.4_m:none
191,11,3.1576499938964844e+02,1.0870370370370369e-01,453,454,6.3350480109739850e-04,wind_direction:18.4_m:degrees
192,5,5.2299999237060547e+01,7.1410256410256431e-02,663,664,2.7621630506245894e-04,relative_humidity:18.4_m:%
193,3,9.9409997558593750e+02,1.8543046357615901e-03,447,448,2.3717965586304715e-04,pressure:18.4_m:hPa
194,0,5.3663835525512695e+01,2.8108108108108119e-02,301,302,7.5858290723155252e-04,zenith:0_m:degrees
195,5,6.1000000000000000e+01,6.0441988950276214e-02,481,482,4.1306431427612540e-04,relative_humidity:18.4_m:%
196,10,1.1955853939056396e+01,4.2566371681415867e-02,341,342,3.6987391338397257e-04,wind_speed:18.4_m:m_s-1
197,12,-3.4995297028217465e-04,-4.0809248554913281e-02,477,478,4.4211968325036030e-04,bulk_richardson:18.4_m:none
198,12,2.5912317447364330e-02,-6.2795698924731150e-02,289,290,1.5169152503179580e-03,bulk_richardson:18.4_m:none
199,-2,-2.0000000000000000e+00,6.4761904761904771e-02,-1,-1,1.0113378684807085e-04,wind_direction:18.4_m:degrees
200,-2,-2.0000000000000000e+00,-1.6666666666666666e-03,-1,-1,1.8055555555555541e-04,wind_direction:18.4_m:degrees
201,3,1.0261499633789062e+03,8.5174418604651192e-02,227,228,7.4822539210384238e-04,pressure:18.4_m:hPa
202,6,1.8300000000000000e+02,1.1523809523809526e-01,597,598,5.6780045351470347e-04,wave_direction:0_m:degrees
203,12,-4.3379910290241241e-02,4.0965517241379312e-02,253,254,5.2872294887039450e-04,bulk_richardson:18.4_m:none
204,2,2.8769999694824219e+02,7.5434782608695641e-02,683,684,4.9872400756144266e-04,water_sfc_temperature:0_m:K
205,12,2.3028086870908737e-03,-1.2006525285481200e-02,275,276,4.8846977797529969e-04,bulk_richardson:18.4_m:none
206,10,1.1952317714691162e+01,-2.2021720969089328e-02,207,208,4.6592099854201268e-04,wind_speed:18.4_m:m_s-1
207,12,4.0218385402113199e-03,-1.9972170686456309e-02,287,288,4.2588048712485630e-04,bulk_richardson:18.4_m:none
208,6,2.2050000000000000e+02,-4.0588235294117612e-02,485,486,4.4587246663370167e-04,wave_direction:0_m:degrees
209,5,9.8149997711181641e+01,3.5756676557863144e-03,211,212,1.7038967499933820e-04,relative_humidity:18.4_m:%
210,7,9.4999998807907104e-01,-1.0685375067458159e-03,827,828,8.2128599965806322e-05,wave_height:0_m:m
211,10,5.6226193904876709e+00,4.6962233169129310e-03,225,226,1.2592578212418517e-04,wind_speed:18.4_m:m_s-1
212,2,2.8140499877929688e+02,-6.9230769230769242e-03,229,230,4.6499408284022517e-04,water_sfc_temperature:0_m:K
213,0,7.3580623626708984e+01,5.3882352941176472e-02,215,216,1.0919861591695492e-03,zenith:0_m:degrees
214,10,9.4586734771728516e+00,2.7449664429530205e-02,527,528,5.5591189586054804e-04,wind_speed:18.4_m:m_s-1
215,3,1.0133500061035156e+03,9.7777777777777769e-02,729,730,6.3950617283950809e-04,pressure:18.4_m:hPa
216,2,2.8192500305175781e+02,4.2089552238805970e-02,405,406,5.5682780129204484e-04,water_sfc_temperature:0_m:K
217,8,5.0499999523162842e+00,1.3544303797468325e-02,371,372,1.9452651818618966e-04,wave_period:0_m:s
218,10,9.8452930450439453e+00,3.0351758793969844e-02,439,440,2.9083103962021831e-04,wind_speed:18.4_m:m_s-1
219,10,9.0611815452575684e+00,7.2217958557175407e-03,221,222,1.7186715349017521e-04,wind_speed:18.4_m:m_s-1
220,8,6.5000000000000000e+00,-3.8974358974358998e-03,627,628,2.4634845496383860e-04,wave_period:0_m:s
221,12,-2.2241103462874889e-02,5.1056635672020057e-03,665,666,9.5487567247760281e-05,bulk_richardson:18.4_m:none
222,12,-3.6484455689787865e-02,2.8083333333333332e-02,437,438,4.4549305555555889e-04,bulk_richardson:18.4_m:none
223,2,2.8388999938964844e+02,4.8793103448275872e-02,231,232,8.0371581450653816e-04,water_sfc_temperature:0_m:K
224,0,1.4013681030273438e+02,8.8918918918918927e-02,539,540,6.2045288531775017e-04,zenith:0_m:degrees
225,12,-8.5037615150213242e-02,2.7575757575757491e-03,587,588,9.0361143906598400e-05,bulk_richardson:18.4_m:none
226,11,3.2423001098632812e+02,1.0789115646258469e-02,411,412,1.8876505159887152e-04,wind_direction:18.4_m:degrees
227,1,1.2994165897369385e+01,7.8285714285714278e-02,459,460,5.0706122448979443e-04,azimuth:0_m:degrees
228,4,1.6940458416938782e+00,1.1531250000000000e-01,543,544,6.8740234374998349e-04,mixing_ratio:18.4_m:g_kg-1
229,4,6.2416081428527832e+00,-2.4878048780487817e-02,235,236,8.7864366448542504e-04,mixing_ratio:18.4_m:g_kg-1
230,4,6.4628639221191406e+00,-8.6419753086419714e-04,933,934,1.7991159884163927e-04,mixing_ratio:18.4_m:g_kg-1
231,-2,-2.0000000000000000e+00,8.3333333333333360e-04,-1,-1,1.2430555555555559e-04,wind_direction:18.4_m:degrees
232,12,-4.1929708793759346e-02,6.1304347826086965e-02,1285,1286,2.2438563327031912e-04,bulk_richardson:18.4_m:none
233,2,2.8088500976562500e+02,1.1590909090909092e-01,655,656,7.5144628099173445e-04,water_sfc_temperature:0_m:K
234,12,-4.9161212518811226e-02,7.2982456140350871e-02,645,646,4.6478916589719112e-04,bulk_richardson:18.4_m:none
235,2,2.7730500793457031e+02,-1.6086956521739134e-02,929,930,4.0642722117202243e-04,water_sfc_temperature:0_m:K
236,1,6.4654427528381348e+01,-7.1538461538461537e-02,779,780,7.9763313609467271e-04,azimuth:0_m:degrees
237,10,8.1014008522033691e+00,-1.1795774647887390e-02,421,422,1.7107096806188467e-04,wind_speed:18.4_m:m_s-1
238,9,8.7517059326171875e+01,-5.5820105820105449e-03,725,726,1.5922916491698628e-04,angle_between_wind_wave:0_m:degrees
239,5,8.9649997711181641e+01,-2.3509316770186299e-02,953,954,4.4389587593071580e-04,relative_humidity:18.4_m:%
240,2,2.8128500366210938e+02,-3.7047619047618961e-02,641,642,3.1461678004536574e-04,water_sfc_temperature:0_m:K
241,10,8.8979973793029785e+00,8.5087719298245518e-02,243,244,8.0253616497383620e-04,wind_speed:18.4_m:m_s-1
242,10,9.1055526733398438e+00,5.9516129032258072e-02,563,564,6.6912070759630494e-04,wind_speed:18.4_m:m_s-1
243,12,-1.0614091530442238e-01,7.5393258426966286e-02,245,246,7.0911501073098876e-04,bulk_richardson:18.4_m:none
244,3,1.0132500000000000e+03,1.0121495327102800e-01,457,458,5.4151454275482187e-04,pressure:18.4_m:hPa
245,10,8.2728672027587891e+00,8.9662921348314606e-02,753,754,5.1112233303875383e-04,wind_speed:18.4_m:m_s-1
246,10,8.4911274909973145e+00,6.1123595505617995e-02,355,356,4.9986112864537982e-04,wind_speed:18.4_m:m_s-1
247,11,3.0995999145507812e+02,2.8384615384615380e-01,1697,1698,4.3905325443789611e-04,wind_direction:18.4_m:degrees
248,1,4.4920698165893555e+01,2.2932203389830516e-01,517,518,1.0469979890835798e-03,azimuth:0_m:degrees
249,4,2.3796074390411377e+00,1.1049999999999980e-02,749,750,1.9989750000000056e-04,mixing_ratio:18.4_m:g_kg-1
250,5,6.4599998474121094e+01,2.3142250530785485e-02,251,252,4.1645322550836297e-04,relative_humidity:18.4_m:%
251,10,1.1042526245117188e+01,1.4709677419354823e-02,375,376,1.9588345473465330e-04,wind_speed:18.4_m:m_s-1
252,10,7.0811512470245361e+00,3.9378881987577621e-02,279,280,4.4060800123452864e-04,wind_speed:18.4_m:m_s-1
253,0,6.2076791763305664e+01,7.6666666666666689e-02,1099,1100,5.0793650793650412e-04,zenith:0_m:degrees
254,10,1.0982633113861084e+01,3.4919354838709671e-02,727,728,2.7983220603538020e-04,wind_speed:18.4_m:m_s-1
255,-2,-2.0000000000000000e+00,4.7600000000000003e-02,-1,-1,2.0223999999999980e-04,wind_direction:18.4_m:degrees
256,3,1.0208500061035156e+03,8.8840579710144946e-02,599,600,4.8561226633060672e-04,pressure:18.4_m:hPa
257,3,1.0091499938964844e+03,5.6153846153846096e-02,259,260,4.6620257570484640e-04,pressure:18.4_m:hPa
258,4,2.8599359989166260e+00,1.5000000000000005e-02,497,498,7.8500000000000141e-04,mixing_ratio:18.4_m:g_kg-1
259,3,1.0047999877929688e+03,3.4509803921568639e-02,1609,1610,1.4632833525567027e-04,pressure:18.4_m:hPa
260,2,2.8343499755859375e+02,6.2647058823529403e-02,721,722,3.7946366782007791e-04,water_sfc_temperature:0_m:K
261,12,-9.5780775882303715e-03,-3.8910666391582158e-03,313,314,1.4169888243974958e-04,bulk_richardson:18.4_m:none
262,4,6.7361888885498047e+00,-1.1266025641025594e-02,263,264,3.9342923035829862e-04,mixing_ratio:18.4_m:g_kg-1
263,0,1.4160295867919922e+02,-4.6249999999999999e-02,265,266,1.7934374999999995e-03,zenith:0_m:degrees
264,1,2.3560554504394531e+02,-8.8698630136985982e-03,659,660,2.0796936573465894e-04,azimuth:0_m:degrees
265,1,1.6127859497070312e+02,-7.3999999999999996e-02,369,370,8.1600000000000075e-04,azimuth:0_m:degrees
266,-2,-2.0000000000000000e+00,0.0000000000000000e+00,-1,-1,-1.8503717077085942e-18,wind_direction:18.4_m:degrees
267,-2,-2.0000000000000000e+00,6.1612903225806467e-02,-1,-1,1.3610822060353741e-04,wind_direction:18.4_m:degrees
268,5,3.5500000000000000e+01,2.9965156794425012e-02,443,444,2.7282108560259958e-04,relative_humidity:18.4_m:%
269,9,9.0193759918212891e+01,1.3000000000000003e-01,617,618,5.7543859649122550e-04,angle_between_wind_wave:0_m:degrees
270,-2,-2.0000000000000000e+00,6.1428571428571430e-02,-1,-1,1.2244897959215895e-05,wind_direction:18.4_m:degrees
271,11,3.0847000122070312e+02,4.3731343283582108e-02,465,466,3.9950991312096202e-04,wind_direction:18.4_m:degrees
272,-2,-2.0000000000000000e+00,1.8181818181818186e-03,-1,-1,1.0578512396694141e-04,wind_direction:18.4_m:degrees
273,12,-1.0325830895453691e-02,7.2929936305732475e-03,389,390,2.6751288084709342e-04,bulk_richardson:18.4_m:none
274,1,1.5957274627685547e+02,2.6568627450980393e-02,877,878,3.8724529027297366e-04,azimuth:0_m:degrees
275,3,9.9935000610351562e+02,-3.6991869918699210e-03,353,354,2.5664121885121341e-04,pressure:18.4_m:hPa
276,10,1.1389297485351562e+01,-1.7574931880108943e-02,297,298,5.6659860864658818e-04,wind_speed:18.4_m:m_s-1
277,2,2.7952499389648438e+02,2.0348837209302326e-01,393,394,9.0876149269871614e-04,water_sfc_temperature:0_m:K
278,-2,-2.0000000000000000e+00,1.1750000000000001e-01,-1,-1,6.1874999999986594e-04,wind_direction:18.4_m:degrees
279,3,1.0064500122070312e+03,2.5394736842105272e-02,533,534,2.8010734072022128e-04,pressure:18.4_m:hPa
280,12,-1.2810496985912323e-01,5.1882352941176449e-02,637,638,2.5292733564014416e-04,bulk_richardson:18.4_m:none
281,10,7.6516842842102051e+00,2.2021276595744668e-02,537,538,2.9378678134902686e-04,wind_speed:18.4_m:m_s-1
282,5,6.9200000762939453e+01,4.9361702127659592e-02,1491,1492,3.3789044816660016e-04,relative_humidity:18.4_m:%
283,2,2.7921000671386719e+02,1.7456790123456797e-01,285,286,1.0692577351013414e-03,water_sfc_temperature:0_m:K
284,9,9.0790397644042969e+01,1.4470588235294113e-01,377,378,6.9550173010377372e-04,angle_between_wind_wave:0_m:degrees
285,9,8.9968364715576172e+01,1.5228571428571427e-01,1199,1200,4.8620408163266293e-04,angle_between_wind_wave:0_m:degrees
286,4,1.2960192561149597e+00,1.9152173913043483e-01,523,524,8.4768431001883832e-04,mixing_ratio:18.4_m:g_kg-1
287,3,1.0089500122070312e+03,-1.3655660377358457e-02,455,456,3.1328709060163881e-04,pressure:18.4_m:hPa
288,6,2.3150000000000000e+02,-2.4067278287461653e-02,333,334,4.5624012195008329e-04,wave_direction:0_m:degrees
289,10,1.3520820617675781e+01,-6.4806629834254101e-02,293,294,1.2238576356033157e-03,wind_speed:18.4_m:m_s-1
290,11,2.0365500640869141e+02,1.0000000000000004e-02,291,292,6.6799999999999611e-03,wind_direction:18.4_m:degrees
291,-2,-2.0000000000000000e+00,-8.9999999999999997e-02,-1,-1,0.0000000000000000e+00,wind_direction:18.4_m:degrees
292,-2,-2.0000000000000000e+00,7.6666666666666675e-02,-1,-1,2.2222222222221220e-05,wind_direction:18.4_m:degrees
293,12,1.5283902641385794e-02,-4.9871794871794876e-02,797,798,2.9613740959894864e-04,bulk_richardson:18.4_m:none
294,9,9.0052082061767578e+01,-7.6116504854368910e-02,295,296,1.6295786596286308e-03,angle_between_wind_wave:0_m:degrees
295,3,9.9700000000000000e+02,-9.6086956521739153e-02,449,450,2.2499054820415837e-03,pressure:18.4_m:hPa
296,5,9.6750000000000000e+01,-5.9999999999999998e-02,385,386,5.4736842105263667e-04,relative_humidity:18.4_m:%
297,12,2.7656202204525471e-02,-1.2379182156133820e-02,513,514,4.9322425063224803e-04,bulk_richardson:18.4_m:none
298,2,2.7893499755859375e+02,-3.1836734693877544e-02,361,362,4.9050395668471625e-04,water_sfc_temperature:0_m:K
299,11,3.4341999816894531e+02,7.8799999999999995e-02,883,884,4.4256000000000070e-04,wind_direction:18.4_m:degrees
300,5,4.3200000762939453e+01,4.4090909090909049e-02,413,414,3.3599173553719398e-04,relative_humidity:18.4_m:%
301,-2,-2.0000000000000000e+00,-1.9047619047619039e-03,-1,-1,1.0113378684807257e-04,wind_direction:18.4_m:degrees
302,9,9.0677715301513672e+01,4.0000000000000022e-02,703,704,5.2075471698113051e-04,angle_between_wind_wave:0_m:degrees
303,-2,-2.0000000000000000e+00,7.1000000000000008e-02,-1,-1,1.8899999999999993e-04,wind_direction:18.4_m:degrees
304,0,1.4937545013427734e+02,1.2557377049180329e-01,871,872,5.1647406611126170e-04,zenith:0_m:degrees
305,2,2.8320500183105469e+02,8.0434782608695660e-02,1187,1188,3.5198487712665046e-04,water_sfc_temperature:0_m:K
306,10,1.1165246009826660e+01,3.4400000000000007e-02,1363,1364,2.6464000000000066e-04,wind_speed:18.4_m:m_s-1
307,3,1.0266500244140625e+03,1.0196078431372549e-01,1033,1034,4.7850826605151491e-04,pressure:18.4_m:hPa
308,9,9.0243274688720703e+01,1.3488372093023257e-01,707,708,5.8312601406164399e-04,angle_between_wind_wave:0_m:degrees
309,-2,-2.0000000000000000e+00,1.3000000000000000e-01,-1,-1,0.0000000000000000e+00,wind_direction:18.4_m:degrees
310,8,4.8500001430511475e+00,2.4313333333333342e-01,337,338,1.4068488888888120e-03,wave_period:0_m:s
311,8,8.1500000953674316e+00,1.0500000000000001e-01,951,952,3.3026315789472932e-04,wave_period:0_m:s
312,9,9.0639923095703125e+01,5.6666666666666671e-02,1605,1606,2.6222222222222315e-04,angle_between_wind_wave:0_m:degrees
313,10,1.0541249752044678e+01,-2.4180327868852333e-03,315,316,1.2120229776941630e-04,wind_speed:18.4_m:m_s-1
314,10,7.1809356212615967e+00,-7.4074074074073661e-03,493,494,1.7308279628335096e-04,wind_speed:18.4_m:m_s-1
315,11,3.5329000854492188e+02,-2.9879154078549623e-03,573,574,1.0741677239163479e-04,wind_direction:18.4_m:degrees
316,3,1.0175500183105469e+03,1.5377358490566043e-02,959,960,2.2485760056961576e-04,pressure:18.4_m:hPa
317,12,3.1501495977863669e-03,-1.8550724637681162e-02,409,410,4.9065322411258111e-04,bulk_richardson:18.4_m:none
318,-2,-2.0000000000000000e+00,9.5000000000000001e-02,-1,-1,2.4999999999983369e-05,wind_direction:18.4_m:degrees
319,4,5.4963014125823975e+00,1.7109374999999941e-02,593,594,1.9437866210937697e-04,mixing_ratio:18.4_m:g_kg-1
320,4,5.5429332256317139e+00,2.9271255060728703e-02,693,694,2.4319362716977721e-04,mixing_ratio:18.4_m:g_kg-1
321,8,5.2000000476837158e+00,9.2105263157894732e-02,931,932,6.2714681440443482e-04,wave_period:0_m:s
322,4,8.4376206994056702e-01,1.3888888888888890e-01,417,418,1.4913580246913617e-03,mixing_ratio:18.4_m:g_kg-1
323,12,-7.5994107872247696e-02,7.7727272727272756e-02,1131,1132,3.2665289256198025e-04,bulk_richardson:18.4_m:none
324,3,9.9985000610351562e+02,4.1621621621621592e-02,483,484,3.2710007304602245e-04,pressure:18.4_m:hPa
325,5,7.5149997711181641e+01,3.0689655172413805e-02,1425,1426,1.9262782401902457e-04,relative_humidity:18.4_m:%
326,10,4.6553902626037598e+00,6.1588235294117617e-02,467,468,4.8159515570934085e-04,wind_speed:18.4_m:m_s-1
327,1,1.7252808380126953e+02,2.0000000000000001e-01,495,496,8.9052631578944580e-04,azimuth:0_m:degrees
328,-2,-2.0000000000000000e+00,1.3999999999999999e-01,-1,-1,1.7142857142852033e-04,wind_direction:18.4_m:degrees
329,9,8.8562442779541016e+01,9.7272727272727275e-02,1671,1672,3.4710743801652684e-04,angle_between_wind_wave:0_m:degrees
330,1,1.2595171356201172e+02,5.5714285714285730e-02,1139,1140,3.3306122448980430e-04,azimuth:0_m:degrees
331,-2,-2.0000000000000000e+00,1.0000000000000000e-02,-1,-1,0.0000000000000000e+00,wind_direction:18.4_m:degrees
332,12,-6.4214686863124371e-03,8.1224489795918384e-02,669,670,7.6176593086214189e-04,bulk_richardson:18.4_m:none
333,10,8.9460940361022949e+00,-2.3742331288343431e-02,391,392,4.2311152094546937e-04,wind_speed:18.4_m:m_s-1
334,-2,-2.0000000000000000e+00,-1.3000000000000000e-01,-1,-1,-5.5511151231257827e-17,wind_direction:18.4_m:degrees
335,3,1.0040499877929688e+03,1.4797101449275357e-01,359,360,8.8573829027514817e-04,pressure:18.4_m:hPa
336,12,-2.0107345655560493e-02,1.8333333333333335e-01,769,770,6.4722222222223652e-04,bulk_richardson:18.4_m:none
337,-2,-2.0000000000000000e+00,1.6999999999999998e-01,-1,-1,1.5000000000000430e-04,wind_direction:18.4_m:degrees
338,9,8.7426349639892578e+01,2.4513698630136990e-01,363,364,1.2907346594107430e-03,angle_between_wind_wave:0_m:degrees
339,10,8.8581714630126953e+00,3.3537414965986383e-02,471,472,3.7660234161692027e-04,wind_speed:18.4_m:m_s-1
340,-2,-2.0000000000000000e+00,-1.2727272727272728e-02,-1,-1,7.4380165289255701e-05,wind_direction:18.4_m:degrees
341,10,6.6914708614349365e+00,4.1256931608133054e-02,487,488,3.4111882903229535e-04,wind_speed:18.4_m:m_s-1
342,-2,-2.0000000000000000e+00,7.2083333333333346e-02,-1,-1,1.0815972222220135e-04,wind_direction:18.4_m:degrees
343,4,1.2643039822578430e+00,1.4722222222222223e-01,403,404,1.6756172839506173e-03,mixing_ratio:18.4_m:g_kg-1
344,-2,-2.0000000000000000e+00,1.0310344827586207e-01,-1,-1,2.5588585017835043e-04,wind_direction:18.4_m:degrees
345,3,1.0148999938964844e+03,1.1376237623762375e-01,381,382,8.8485442603667037e-04,pressure:18.4_m:hPa
346,3,1.0064500122070312e+03,1.5692307692307692e-01,1089,1090,6.2130177514787416e-04,pressure:18.4_m:hPa
347,3,1.0101499938964844e+03,7.3170731707317041e-02,349,350,6.6799524092802168e-04,pressure:18.4_m:hPa
348,-2,-2.0000000000000000e+00,1.1999999999999998e-01,-1,-1,4.1818181818185571e-04,wind_direction:18.4_m:degrees
349,3,1.0056499938964844e+03,9.9599999999999994e-02,1749,1750,3.7984000000000108e-04,pressure:18.4_m:hPa
350,1,9.2837234497070312e+01,6.1578947368421080e-02,813,814,3.5364727608495645e-04,azimuth:0_m:degrees
351,8,7.2999999523162842e+00,3.5789473684210524e-02,611,612,4.4121883656509688e-04,wave_period:0_m:s
352,-2,-2.0000000000000000e+00,2.5000000000000001e-03,-1,-1,6.8750000000003284e-05,wind_direction:18.4_m:degrees
353,0,9.2088077545166016e+01,2.5909090909090913e-02,1185,1186,4.1508264462809883e-04,zenith:0_m:degrees
354,1,1.6997241973876953e+02,-6.6071428571428609e-03,1765,1766,1.4652423469387811e-04,azimuth:0_m:degrees
355,12,-6.9360133260488510e-02,4.7843137254901968e-02,1095,1096,2.6789696270664715e-04,bulk_richardson:18.4_m:none
356,7,5.5000001192092896e-01,7.8947368421052641e-02,1567,1568,2.5678670360111070e-04,wave_height:0_m:m
357,10,8.2803740501403809e+00,2.4666666666666667e-02,1165,1166,2.7155555555555570e-04,wind_speed:18.4_m:m_s-1
358,7,1.2500000000000000e+00,-6.4102564102564118e-03,1469,1470,1.2301117685733072e-04,wave_height:0_m:m
359,12,-2.3029136471450329e-02,1.2714285714285711e-01,649,650,5.2755102040816931e-04,bulk_richardson:18.4_m:none
360,2,2.7972000122070312e+02,1.6219512195121949e-01,571,572,6.3176680547293723e-04,water_sfc_temperature:0_m:K
361,11,2.6563499450683594e+02,-5.4642857142857160e-02,789,790,4.1058673469387616e-04,wind_direction:18.4_m:degrees
362,9,9.0421291351318359e+01,-2.2714285714285722e-02,1423,1424,2.3120408163265316e-04,angle_between_wind_wave:0_m:degrees
363,-2,-2.0000000000000000e+00,2.9714285714285715e-01,-1,-1,3.3469387755101498e-04,wind_direction:18.4_m:degrees
364,1,2.7490446472167969e+02,2.4251798561151086e-01,365,366,1.1958180218414952e-03,azimuth:0_m:degrees
365,7,2.3500000238418579e+00,2.4822033898305082e-01,379,380,1.1163243320884142e-03,wave_height:0_m:m
366,4,1.5448453426361084e+00,2.1047619047619043e-01,1911,1912,4.3310657596387636e-04,mixing_ratio:18.4_m:g_kg-1
367,-2,-2.0000000000000000e+00,4.2000000000000003e-02,-1,-1,1.6000000000000172e-05,wind_direction:18.4_m:degrees
368,10,1.3434131145477295e+01,1.0575757575757572e-01,567,568,4.1351698806245223e-04,wind_speed:18.4_m:m_s-1
369,-2,-2.0000000000000000e+00,-1.0000000000000000e-02,-1,-1,1.0000000000000000e-04,wind_direction:18.4_m:degrees
370,-2,-2.0000000000000000e+00,-8.6190476190476192e-02,-1,-1,2.3582766439911827e-05,wind_direction:18.4_m:degrees
371,5,5.5750000000000000e+01,1.9999999999999980e-02,845,846,1.8691588785046747e-04,relative_humidity:18.4_m:%
372,5,5.5850000381469727e+01,5.9116022099447545e-03,1397,1398,9.5992185830713134e-05,relative_humidity:18.4_m:%
373,10,1.3260001659393311e+01,3.2818181818181788e-02,463,464,3.2751239669421835e-04,wind_speed:18.4_m:m_s-1
374,8,6.5000000000000000e+00,5.2238805970149266e-02,387,388,4.6215192693249392e-04,wave_period:0_m:s
375,0,8.8907371520996094e+01,1.1162790697674408e-02,1049,1050,1.2190373174689092e-04,zenith:0_m:degrees
376,7,2.7500000000000000e+00,3.2307692307692322e-02,1571,1572,1.9082840236686366e-04,wave_height:0_m:m
377,5,5.6250000000000000e+01,1.3450000000000001e-01,1097,1098,3.4975000000001324e-04,relative_humidity:18.4_m:%
378,-2,-2.0000000000000000e+00,1.8181818181818180e-01,-1,-1,1.9669421487604477e-04,wind_direction:18.4_m:degrees
379,2,2.8288499450683594e+02,2.5061403508771934e-01,535,536,9.6541243459524750e-04,water_sfc_temperature:0_m:K
380,-2,-2.0000000000000000e+00,1.7999999999999999e-01,-1,-1,6.0000000000023923e-04,wind_direction:18.4_m:degrees
381,1,1.6278759002685547e+02,1.2378787878787878e-01,383,384,8.5989439853076562e-04,azimuth:0_m:degrees
382,9,9.0904788970947266e+01,9.4857142857142862e-02,885,886,3.8497959183673644e-04,angle_between_wind_wave:0_m:degrees
383,6,2.2800000000000000e+02,1.3842105263157897e-01,999,1000,5.7645429362880932e-04,wave_direction:0_m:degrees
384,5,5.0950000762939453e+01,1.0392857142857140e-01,1019,1020,5.5956632653061250e-04,relative_humidity:18.4_m:%
385,2,2.8603498840332031e+02,-7.1219512195121959e-02,1409,1410,2.7412254610350954e-04,water_sfc_temperature:0_m:K
386,-2,-2.0000000000000000e+00,-3.1250000000000000e-02,-1,-1,9.8437500000003036e-05,wind_direction:18.4_m:degrees
387,2,2.9116000366210938e+02,5.6935483870967758e-02,1595,1596,1.6641519250780359e-04,water_sfc_temperature:0_m:K
388,-2,-2.0000000000000000e+00,-6.0000000000000010e-03,-1,-1,4.6400000000000645e-04,wind_direction:18.4_m:degrees
389,3,1.0176499938964844e+03,1.2465116279069767e-02,723,724,2.0555110870740982e-04,pressure:18.4_m:hPa
390,0,5.7741558074951172e+01,-3.9393939393939387e-03,1037,1038,2.1781450872359950e-04,zenith:0_m:degrees
391,9,9.1011020660400391e+01,-6.6000000000000003e-02,395,396,1.9239999999999986e-03,angle_between_wind_wave:0_m:degrees
392,8,1.0500000000000000e+01,-2.3084112149532595e-02,397,398,3.7148513698431426e-04,wave_period:0_m:s
393,9,9.0646892547607422e+01,1.9451612903225807e-01,675,676,7.3766909469302755e-04,angle_between_wind_wave:0_m:degrees
394,6,2.1250000000000000e+02,2.2666666666666671e-01,823,824,6.0555555555557444e-04,wave_direction:0_m:degrees
395,-2,-2.0000000000000000e+00,-2.4000000000000000e-02,-1,-1,2.2400000000000002e-04,wind_direction:18.4_m:degrees
396,-2,-2.0000000000000000e+00,-1.0800000000000001e-01,-1,-1,9.5999999999995395e-05,wind_direction:18.4_m:degrees
397,10,1.0916139602661133e+01,-2.3442879499217407e-02,619,620,3.4307615821866353e-04,wind_speed:18.4_m:m_s-1
398,-2,-2.0000000000000000e+00,5.3333333333333337e-02,-1,-1,5.5555555555558342e-04,wind_direction:18.4_m:degrees
399,3,1.0191000061035156e+03,1.9608695652173913e-01,705,706,9.0207939508504115e-04,pressure:18.4_m:hPa
400,4,1.5371943116188049e+00,1.5312499999999998e-01,851,852,7.9648437499997560e-04,mixing_ratio:18.4_m:g_kg-1
401,10,4.3120176792144775e+00,1.4585365853658503e-02,431,432,2.7214515169542055e-04,wind_speed:18.4_m:m_s-1
402,7,8.5000002384185791e-01,3.2187500000000015e-02,833,834,3.5146484375000249e-04,wave_height:0_m:m
403,4,1.2571758627891541e+00,1.7181818181818181e-01,863,864,9.4214876033059045e-04,mixing_ratio:18.4_m:g_kg-1
404,-2,-2.0000000000000000e+00,1.0857142857142857e-01,-1,-1,3.8367346938774846e-04,wind_direction:18.4_m:degrees
405,9,8.9758426666259766e+01,2.4666666666666667e-02,1289,1290,2.7822222222222213e-04,angle_between_wind_wave:0_m:degrees
406,0,9.7333972930908203e+01,5.6216216216216232e-02,1471,1472,3.3703433162892479e-04,zenith:0_m:degrees
407,7,1.5500000119209290e+00,2.8918918918918922e-02,891,892,2.6369612856099313e-04,wave_height:0_m:m
408,5,4.4500000000000000e+01,5.4320987654320980e-02,441,442,4.9120560890108514e-04,relative_humidity:18.4_m:%
409,-2,-2.0000000000000000e+00,-1.2390881971262907e-19,-1,-1,1.0000000000000002e-04,wind_direction:18.4_m:degrees
410,10,1.0923703670501709e+01,-3.1219512195121969e-02,751,752,3.6192742415228963e-04,wind_speed:18.4_m:m_s-1
411,12,-6.6792879253625870e-02,8.5016835016834755e-03,623,624,1.3731733723316305e-04,bulk_richardson:18.4_m:none
412,12,-1.0173235088586807e-01,2.0425531914893616e-02,469,470,2.9059906443337753e-04,bulk_richardson:18.4_m:none
413,12,-8.8245835155248642e-02,2.7916666666666676e-02,1411,1412,1.4982638888888836e-04,bulk_richardson:18.4_m:none
414,4,2.5137799978256226e+00,4.8604651162790662e-02,609,610,2.9456462952948213e-04,mixing_ratio:18.4_m:g_kg-1
415,11,3.2094999694824219e+02,1.5333333333333335e-01,1029,1030,1.0888888888888650e-03,wind_direction:18.4_m:degrees
416,8,4.9000000953674316e+00,2.2999999999999998e-01,1771,1772,6.4000000000002250e-04,wave_period:0_m:s
417,9,8.8764122009277344e+01,1.7999999999999999e-01,2013,2014,5.1428571428571712e-04,angle_between_wind_wave:0_m:degrees
418,10,6.6739153861999512e+00,1.2450000000000001e-01,955,956,1.0347499999999975e-03,wind_speed:18.4_m:m_s-1
419,6,2.4150000000000000e+02,7.4503311258278193e-02,805,806,2.4991886320775269e-04,wave_direction:0_m:degrees
420,9,8.9563747406005859e+01,4.8148148148148148e-02,799,800,5.1138545953362128e-04,angle_between_wind_wave:0_m:degrees
421,9,9.3016498565673828e+01,-1.0443844075646500e-02,553,554,1.4302955589077637e-04,angle_between_wind_wave:0_m:degrees
422,11,2.5475000000000000e+02,-1.4977293369663825e-02,551,552,2.2263799485397034e-04,wind_direction:18.4_m:degrees
423,5,9.8450000762939453e+01,-4.7359257109692472e-03,425,426,1.4545647873775628e-04,relative_humidity:18.4_m:%
424,8,1.1500000000000000e+01,-1.1237373737373747e-03,1051,1052,1.6464630522395129e-04,wave_period:0_m:s
425,10,5.4328582286834717e+00,-4.0352006868426462e-03,585,586,1.0988156838105853e-04,wind_speed:18.4_m:m_s-1
426,2,2.8123001098632812e+02,-1.1137254901960762e-02,427,428,4.2498116109187687e-04,water_sfc_temperature:0_m:K
427,5,9.8750000000000000e+01,-4.0454545454545451e-02,429,430,1.5679752066115706e-03,relative_humidity:18.4_m:%
428,3,1.0188999938964844e+03,-9.8155737704917895e-03,621,622,3.3295779024455772e-04,pressure:18.4_m:hPa
429,12,4.7058202326297760e-02,-6.0000000000000005e-02,925,926,5.3749999999999978e-04,bulk_richardson:18.4_m:none
430,9,9.1809436798095703e+01,1.1666666666666667e-02,1647,1648,5.8055555555555736e-04,angle_between_wind_wave:0_m:degrees
431,11,3.5687998962402344e+02,8.5238095238095290e-03,499,500,1.7258276643990938e-04,wind_direction:18.4_m:degrees
432,12,-6.8912126123905182e-02,2.0949999999999996e-02,433,434,2.9759750000000302e-04,bulk_richardson:18.4_m:none
433,11,3.1924000549316406e+02,2.6842105263157882e-02,873,874,2.2555401662049783e-04,wind_direction:18.4_m:degrees
434,-2,-2.0000000000000000e+00,2.2916666666666662e-03,-1,-1,6.7664930555555756e-05,wind_direction:18.4_m:degrees
435,7,1.3499999642372131e+00,2.0088888888888885e-02,579,580,3.8310320987654375e-04,wave_height:0_m:m
436,4,6.3295736312866211e+00,6.0833333333333347e-03,819,820,2.0715972222222267e-04,mixing_ratio:18.4_m:g_kg-1
437,-2,-2.0000000000000000e+00,7.0000000000000007e-02,-1,-1,4.4999999999999988e-04,wind_direction:18.4_m:degrees
438,1,8.2590066194534302e+00,2.5089285714285720e-02,697,698,3.1070631377551024e-04,azimuth:0_m:degrees
439,4,3.7452321052551270e+00,2.7555555555555545e-02,887,888,1.9846913580246948e-04,mixing_ratio:18.4_m:g_kg-1
440,0,1.5443592071533203e+02,5.6842105263157895e-02,1025,1026,3.9002770083102932e-04,zenith:0_m:degrees
441,-2,-2.0000000000000000e+00,3.2272727272727279e-02,-1,-1,9.9380165289255848e-05,wind_direction:18.4_m:degrees
442,6,2.1550000000000000e+02,6.2542372881355945e-02,679,680,3.8845159436943621e-04,wave_direction:0_m:degrees
443,10,4.5897970199584961e+00,6.9999999999999993e-02,1241,1242,6.8888888888888992e-04,wind_speed:18.4_m:m_s-1
444,1,2.5746299743652344e+02,2.9327433628318491e-02,531,532,2.4025561907745844e-04,azimuth:0_m:degrees
445,-2,-2.0000000000000000e+00,8.6000000000000007e-02,-1,-1,1.0399999999999993e-04,wind_direction:18.4_m:degrees
446,-2,-2.0000000000000000e+00,1.5333333333333332e-01,-1,-1,3.5555555555554300e-04,wind_direction:18.4_m:degrees
447,5,9.2949996948242188e+01,2.5833333333333337e-02,1591,1592,3.0763888888888855e-04,relative_humidity:18.4_m:%
448,10,7.6273031234741211e+00,5.1282051282051239e-04,965,966,1.9927081465543025e-04,wind_speed:18.4_m:m_s-1
449,0,9.6132957458496094e+01,-1.4166666666666666e-01,451,452,1.0747222222222221e-02,zenith:0_m:degrees
450,7,1.6000000238418579e+00,-8.9249999999999996e-02,983,984,6.1693749999999770e-04,wave_height:0_m:m
451,-2,-2.0000000000000000e+00,-9.6000000000000002e-02,-1,-1,3.8400000000000066e-04,wind_direction:18.4_m:degrees
452,-2,-2.0000000000000000e+00,-3.7000000000000000e-01,-1,-1,-2.7755575615628914e-17,wind_direction:18.4_m:degrees
453,-2,-2.0000000000000000e+00,7.9999999999999988e-02,-1,-1,1.5384615384615719e-04,wind_direction:18.4_m:degrees
454,3,1.0262500000000000e+03,1.1780487804878050e-01,1189,1190,4.4152290303391475e-04,pressure:18.4_m:hPa
455,5,9.6250000000000000e+01,-6.3803680981595109e-03,975,976,2.9057924649027081e-04,relative_humidity:18.4_m:%
456,2,2.9253500366210938e+02,-1.8199233716475079e-02,461,462,2.7376873504499582e-04,water_sfc_temperature:0_m:K
457,5,6.2000000000000000e+01,8.3000000000000004e-02,1265,1266,3.5433333333333150e-04,relative_humidity:18.4_m:%
458,12,-6.7191500216722488e-02,1.0831168831168829e-01,855,856,4.3481194130546436e-04,bulk_richardson:18.4_m:none
459,-2,-2.0000000000000000e+00,1.6000000000000000e-01,-1,-1,0.0000000000000000e+00,wind_direction:18.4_m:degrees
460,6,2.4750000000000000e+02,7.7101449275362291e-02,695,696,4.1623608485612598e-04,wave_direction:0_m:degrees
461,2,2.9227999877929688e+02,-2.1165919282511214e-02,601,602,2.3989623760783583e-04,water_sfc_temperature:0_m:K
462,-2,-2.0000000000000000e+00,-7.8947368421052662e-04,-1,-1,1.1779778393351741e-04,wind_direction:18.4_m:degrees
463,3,1.0032500000000000e+03,2.8520710059171589e-02,509,510,3.0017856517629141e-04,pressure:18.4_m:hPa
464,-2,-2.0000000000000000e+00,4.7058823529411778e-02,-1,-1,1.5409457900807978e-04,wind_direction:18.4_m:degrees
465,0,9.0376258850097656e+01,5.7647058823529412e-02,945,946,2.5916955017301051e-04,zenith:0_m:degrees
466,-2,-2.0000000000000000e+00,2.9393939393939392e-02,-1,-1,1.3902662993571947e-04,wind_direction:18.4_m:degrees
467,3,1.0193000183105469e+03,5.7318840579710123e-02,1101,1102,3.6744906532241300e-04,pressure:18.4_m:hPa
468,4,1.3416483998298645e+00,8.0000000000000002e-02,919,920,5.5625000000002287e-04,mixing_ratio:18.4_m:g_kg-1
469,-2,-2.0000000000000000e+00,3.6153846153846161e-02,-1,-1,1.1084812623274082e-04,wind_direction:18.4_m:degrees
470,3,1.0160500183105469e+03,1.4411764705882362e-02,767,768,2.2857554786620540e-04,pressure:18.4_m:hPa
471,0,5.7472406387329102e+01,2.5411764705882359e-02,897,898,2.2012456747404934e-04,zenith:0_m:degrees
472,12,-5.0962252542376518e-02,4.4677419354838703e-02,473,474,3.7650884495317449e-04,bulk_richardson:18.4_m:none
473,-2,-2.0000000000000000e+00,6.2142857142857152e-02,-1,-1,1.4540816326530544e-04,wind_direction:18.4_m:degrees
474,-2,-2.0000000000000000e+00,3.0294117647058832e-02,-1,-1,1.0873702422145527e-04,wind_direction:18.4_m:degrees
475,3,1.0155499877929688e+03,-1.5654320987654284e-02,557,558,2.6753482700808126e-04,pressure:18.4_m:hPa
476,4,1.5609776496887207e+01,-2.4194528875379897e-02,547,548,1.8787705213367610e-04,mixing_ratio:18.4_m:g_kg-1
477,7,2.0499999523162842e+00,-2.7500000000000011e-02,853,854,4.4182692307692239e-04,wave_height:0_m:m
478,3,1.0010499877929688e+03,-4.6528925619834696e-02,719,720,3.3340618810190738e-04,pressure:18.4_m:hPa
479,1,3.4975877404212952e+00,2.1142857142857144e-01,1335,1336,8.6938775510204264e-04,azimuth:0_m:degrees
480,9,9.0365917205810547e+01,1.6450000000000004e-01,927,928,5.3475000000000050e-04,angle_between_wind_wave:0_m:degrees
481,0,1.2943934249877930e+02,5.3999999999999999e-02,605,606,3.7704347826087543e-04,zenith:0_m:degrees
482,10,1.0255537509918213e+01,7.1666666666666670e-02,943,944,2.7752525252525400e-04,wind_speed:18.4_m:m_s-1
483,11,3.1803500366210938e+02,5.4666666666666676e-02,1735,1736,1.8044444444444358e-04,wind_direction:18.4_m:degrees
484,2,2.7825999450683594e+02,3.2727272727272730e-02,875,876,2.3195592286502013e-04,water_sfc_temperature:0_m:K
485,7,7.5000000000000000e-01,-4.4950495049504949e-02,545,546,3.9529457896284861e-04,wave_height:0_m:m
486,-2,-2.0000000000000000e+00,-1.6111111111111114e-02,-1,-1,2.3765432098772860e-05,wind_direction:18.4_m:degrees
487,3,1.0157500000000000e+03,3.4011976047904166e-02,869,870,2.1564057513715233e-04,pressure:18.4_m:hPa
488,5,6.9350002288818359e+01,4.4491978609625629e-02,489,490,3.6324458806371576e-04,relative_humidity:18.4_m:%
489,5,5.0450000762939453e+01,4.0807017543859604e-02,773,774,2.9443644198215175e-04,relative_humidity:18.4_m:%
490,2,2.8197500610351562e+02,5.6292134831460665e-02,491,492,4.0085847746496994e-04,water_sfc_temperature:0_m:K
491,11,3.4639500427246094e+02,4.3958333333333342e-02,1579,1580,1.6558159722222581e-04,wind_direction:18.4_m:degrees
492,1,1.2779232025146484e+02,7.0731707317073164e-02,1061,1062,2.8970850684116329e-04,azimuth:0_m:degrees
493,-2,-2.0000000000000000e+00,-3.8539898132427830e-03,-1,-1,7.8016032468487188e-05,wind_direction:18.4_m:degrees
494,3,1.0230499877929688e+03,-9.8931116389548469e-03,505,506,2.2457289791865393e-04,pressure:18.4_m:hPa
495,1,9.9363594055175781e+01,2.0372093023255819e-01,565,566,7.2801514332069411e-04,azimuth:0_m:degrees
496,3,1.0123500061035156e+03,1.6444444444444445e-01,1587,1588,1.0469135802469963e-03,pressure:18.4_m:hPa
497,-2,-2.0000000000000000e+00,-5.9999999999999998e-02,-1,-1,0.0000000000000000e+00,wind_direction:18.4_m:degrees
498,9,8.9088489532470703e+01,2.3333333333333334e-02,2031,2032,1.7777777777777735e-04,angle_between_wind_wave:0_m:degrees
499,4,1.6959928870201111e+00,9.2788461538461584e-03,1407,1408,1.1438378328402367e-04,mixing_ratio:18.4_m:g_kg-1
500,-2,-2.0000000000000000e+00,-7.0000000000000007e-02,-1,-1,1.5612511283791264e-17,wind_direction:18.4_m:degrees
501,-2,-2.0000000000000000e+00,3.5000000000000003e-02,-1,-1,1.4166666666666668e-04,wind_direction:18.4_m:degrees
502,5,5.2899999618530273e+01,5.9769230769230741e-02,503,504,4.2686982248521348e-04,relative_humidity:18.4_m:%
503,-2,-2.0000000000000000e+00,4.5200000000000011e-02,-1,-1,2.0495999999999969e-04,wind_direction:18.4_m:degrees
504,2,2.7664999389648438e+02,6.8874999999999992e-02,801,802,3.4998437500000697e-04,water_sfc_temperature:0_m:K
505,11,2.1446500396728516e+02,-8.9698492462311225e-03,507,508,1.9818502058028859e-04,wind_direction:18.4_m:degrees
506,10,7.2440361976623535e+00,-2.5869565217391307e-02,961,962,4.1120037807184360e-04,wind_speed:18.4_m:m_s-1
507,10,1.2018869876861572e+01,-1.4220963172804512e-02,607,608,1.7453474468136378e-04,wind_speed:18.4_m:m_s-1
508,10,1.2434347629547119e+01,-4.7855530474040656e-03,1045,1046,1.7754994929910503e-04,wind_speed:18.4_m:m_s-1
509,3,9.9714999389648438e+02,1.9500000000000010e-02,631,632,2.4974999999999943e-04,pressure:18.4_m:hPa
510,3,1.0073500061035156e+03,3.6629213483146079e-02,907,908,2.0661532634768547e-04,pressure:18.4_m:hPa
511,3,1.0321499633789062e+03,1.2012195121951222e-02,783,784,2.2704863176680533e-04,pressure:18.4_m:hPa
512,3,1.0265499877929688e+03,7.5000000000000012e-04,1723,1724,7.6937500000000102e-05,pressure:18.4_m:hPa
513,6,1.5550000000000000e+02,-1.3207547169811320e-02,1047,1048,3.5839088643645483e-04,wave_direction:0_m:degrees
514,3,9.9889999389648438e+02,4.2500000000000003e-02,515,516,6.3687499999999890e-03,pressure:18.4_m:hPa
515,-2,-2.0000000000000000e+00,1.7000000000000001e-01,-1,-1,0.0000000000000000e+00,wind_direction:18.4_m:degrees
516,3,1.0032500000000000e+03,0.0000000000000000e+00,1455,1456,1.2666666666666670e-03,pressure:18.4_m:hPa
517,-2,-2.0000000000000000e+00,1.2000000000000000e-01,-1,-1,0.0000000000000000e+00,wind_direction:18.4_m:degrees
518,9,8.9917831420898438e+01,2.3120689655172416e-01,519,520,8.5543995243751725e-04,angle_between_wind_wave:0_m:degrees
519,5,3.9899999618530273e+01,2.2071428571428575e-01,549,550,6.0187074829931575e-04,relative_humidity:18.4_m:%
520,3,1.0081499938964844e+03,2.5875000000000004e-01,1541,1542,4.7343749999993745e-04,pressure:18.4_m:hPa
521,-2,-2.0000000000000000e+00,2.9310344827586210e-02,-1,-1,9.6076099881093583e-05,wind_direction:18.4_m:degrees
522,-2,-2.0000000000000000e+00,7.5714285714285720e-02,-1,-1,1.1020408163265293e-04,wind_direction:18.4_m:degrees
523,12,-9.3700200319290161e-02,1.8585365853658536e-01,653,654,6.1451516954191820e-04,bulk_richardson:18.4_m:none
524,-2,-2.0000000000000000e+00,2.3799999999999999e-01,-1,-1,3.3599999999995439e-04,wind_direction:18.4_m:degrees
525,-2,-2.0000000000000000e+00,-3.3132530120481944e-03,-1,-1,1.0408259544200901e-04,wind_direction:18.4_m:degrees
526,11,2.6732499694824219e+02,4.4291338582677104e-03,1009,1010,1.8648513547027127e-04,wind_direction:18.4_m:degrees
527,10,9.3982229232788086e+00,2.4817518248175192e-02,529,530,5.1693750332995842e-04,wind_speed:18.4_m:m_s-1
528,-2,-2.0000000000000000e+00,5.7499999999999996e-02,-1,-1,1.8750000000006175e-05,wind_direction:18.4_m:degrees
529,12,-3.5611441358923912e-02,2.6029411764705888e-02,745,746,3.1952854671280222e-04,bulk_richardson:18.4_m:none
530,-2,-2.0000000000000000e+00,-1.4000000000000001e-01,-1,-1,0.0000000000000000e+00,wind_direction:18.4_m:degrees
531,1,8.9050468444824219e+01,3.1883720930232499e-02,685,686,2.1203299080584537e-04,azimuth:0_m:degrees
532,9,9.0301017761230469e+01,2.1185185185185182e-02,639,640,2.4303978052127301e-04,angle_between_wind_wave:0_m:degrees
533,-2,-2.0000000000000000e+00,8.6666666666666670e-02,-1,-1,8.8888888888888351e-05,wind_direction:18.4_m:degrees
534,9,9.0112205505371094e+01,2.2876712328767135e-02,1929,1930,1.2734096453368348e-04,angle_between_wind_wave:0_m:degrees
535,1,2.5943964958190918e+01,2.5196428571428564e-01,711,712,8.7828443877546736e-04,azimuth:0_m:degrees
536,-2,-2.0000000000000000e+00,1.7499999999999999e-01,-1,-1,2.4999999999816835e-05,wind_direction:18.4_m:degrees
537,12,-1.9527406431734562e-02,3.2142857142857142e-03,809,810,3.1466836734693883e-04,bulk_richardson:18.4_m:none
538,2,2.7905499267578125e+02,2.5312499999999998e-02,1573,1574,2.1740234375000047e-04,water_sfc_temperature:0_m:K
539,9,9.0655441284179688e+01,1.0120000000000000e-01,1663,1664,4.1056000000000772e-04,angle_between_wind_wave:0_m:degrees
540,-2,-2.0000000000000000e+00,6.3333333333333339e-02,-1,-1,8.8888888888877943e-05,wind_direction:18.4_m:degrees
541,-2,-2.0000000000000000e+00,1.6285714285714287e-01,-1,-1,3.3469387755101845e-04,wind_direction:18.4_m:degrees
542,11,2.9352999877929688e+02,1.0000000000000001e-01,1773,1774,5.9999999999998943e-04,wind_direction:18.4_m:degrees
543,1,2.3013318634033203e+02,1.3000000000000000e-01,1437,1438,3.7999999999999839e-04,azimuth:0_m:degrees
544,-2,-2.0000000000000000e+00,9.0833333333333335e-02,-1,-1,2.4097222222222749e-04,wind_direction:18.4_m:degrees
545,-2,-2.0000000000000000e+00,2.9999999999999999e-02,-1,-1,0.0000000000000000e+00,wind_direction:18.4_m:degrees
546,1,2.2424333190917969e+02,-4.6464646464646459e-02,1041,1042,2.8750127538006414e-04,azimuth:0_m:degrees
547,5,9.0450000762939453e+01,-2.2952380952380891e-02,1891,1892,1.5604535147392587e-04,relative_humidity:18.4_m:%
548,-2,-2.0000000000000000e+00,-5.2142857142857137e-02,-1,-1,8.8265306122461279e-05,wind_direction:18.4_m:degrees
549,4,7.6510530710220337e-01,1.7599999999999999e-01,1693,1694,7.8399999999999997e-04,mixing_ratio:18.4_m:g_kg-1
550,4,6.4595577120780945e-01,2.2675675675675683e-01,1223,1224,2.7056245434621540e-04,mixing_ratio:18.4_m:g_kg-1
551,6,2.0250000000000000e+02,-1.4840764331210080e-02,555,556,2.1278174136302668e-04,wave_direction:0_m:degrees
552,-2,-2.0000000000000000e+00,-8.9999999999999997e-02,-1,-1,2.0816681711721685e-17,wind_direction:18.4_m:degrees
553,0,4.2596096038818359e+01,-1.0279611650485456e-02,763,764,1.3467909887830758e-04,zenith:0_m:degrees
554,2,2.9275999450683594e+02,-3.6875000000000005e-02,787,788,7.8398437500002815e-04,water_sfc_temperature:0_m:K
555,3,1.0005499877929688e+03,-1.7270114942528614e-02,771,772,2.2185807240058565e-04,pressure:18.4_m:hPa
556,12,3.8559207692742348e-02,-1.0645161290322565e-02,759,760,1.6931081405587413e-04,bulk_richardson:18.4_m:none
557,5,8.0900001525878906e+01,-1.2516778523489923e-02,561,562,2.2286045673618351e-04,relative_humidity:18.4_m:%
558,2,2.9302500915527344e+02,-2.4392523364485975e-02,559,560,2.8818237400647022e-04,water_sfc_temperature:0_m:K
559,10,1.1386595249176025e+01,-2.3207547169811316e-02,1435,1436,1.4065503737985068e-04,wind_speed:18.4_m:m_s-1
560,-2,-2.0000000000000000e+00,-1.4999999999999999e-01,-1,-1,3.1225022567582528e-17,wind_direction:18.4_m:degrees
561,-2,-2.0000000000000000e+00,1.2631578947368423e-02,-1,-1,6.1495844875346205e-05,wind_direction:18.4_m:degrees
562,9,9.0137836456298828e+01,-1.4229390681003580e-02,1141,1142,1.8784702149252983e-04,angle_between_wind_wave:0_m:degrees
563,-2,-2.0000000000000000e+00,2.8999999999999991e-02,-1,-1,1.2900000000000021e-04,wind_direction:18.4_m:degrees
564,6,2.0500000000000000e+02,6.5384615384615402e-02,651,652,5.5946745562130210e-04,wave_direction:0_m:degrees
565,5,4.1250000000000000e+01,1.8600000000000003e-01,803,804,5.5199999999999000e-04,relative_humidity:18.4_m:%
566,0,6.7571743011474609e+01,2.1098360655737708e-01,831,832,6.1870464928780178e-04,zenith:0_m:degrees
567,2,2.8755000305175781e+02,8.6400000000000018e-02,1005,1006,3.1903999999999526e-04,water_sfc_temperature:0_m:K
568,3,1.0046000061035156e+03,1.0921428571428568e-01,569,570,3.5152551020409088e-04,pressure:18.4_m:hPa
569,0,5.7945236206054688e+01,9.9859154929577490e-02,849,850,2.2392382463796469e-04,zenith:0_m:degrees
570,0,1.3894221496582031e+02,1.1884057971014492e-01,1341,1342,3.0010501995380613e-04,zenith:0_m:degrees
571,10,1.4150954246520996e+01,1.5290322580645163e-01,1785,1786,4.3350676378773115e-04,wind_speed:18.4_m:m_s-1
572,-2,-2.0000000000000000e+00,1.9100000000000000e-01,-1,-1,1.4899999999996860e-04,wind_direction:18.4_m:degrees
573,7,2.2500000000000000e+00,-2.9331720592681971e-03,673,674,1.0291751769733763e-04,wave_height:0_m:m
574,0,8.5633071899414062e+01,-6.3333333333333339e-02,1309,1310,1.4222222222221815e-03,zenith:0_m:degrees
575,10,8.4632854461669922e+00,1.5413223140495850e-02,1317,1318,2.2069701523120034e-04,wind_speed:18.4_m:m_s-1
576,9,8.6658908843994141e+01,3.6206896551724162e-03,577,578,3.0758026159334215e-04,angle_between_wind_wave:0_m:degrees
577,-2,-2.0000000000000000e+00,-1.1000000000000000e-01,-1,-1,0.0000000000000000e+00,wind_direction:18.4_m:degrees
578,6,1.6650000000000000e+02,4.6086956521739133e-03,1333,1334,1.9702079395085082e-04,wave_direction:0_m:degrees
579,7,6.5000000596046448e-01,2.4472049689440990e-02,581,582,3.9987654797268596e-04,wave_height:0_m:m
580,3,1.0043999938964844e+03,9.0625000000000011e-03,1203,1204,1.7099609375000198e-04,pressure:18.4_m:hPa
581,-2,-2.0000000000000000e+00,1.1063829787234043e-02,-1,-1,8.6102308736985071e-05,wind_direction:18.4_m:degrees
582,1,9.6208866119384766e+01,2.9999999999999999e-02,583,584,4.2456140350877235e-04,azimuth:0_m:degrees
583,11,2.8010000610351562e+02,1.8275862068965525e-02,1565,1566,2.0047562425683647e-04,wind_direction:18.4_m:degrees
584,4,9.4760365486145020e+00,4.2142857142857142e-02,1225,1226,3.6683673469388054e-04,mixing_ratio:18.4_m:g_kg-1
585,11,2.6424000549316406e+02,-2.9119788219721860e-03,1877,1878,9.8337057037274525e-05,wind_direction:18.4_m:degrees
586,2,2.9436999511718750e+02,-6.1087354917531561e-03,757,758,1.2456484122325200e-04,water_sfc_temperature:0_m:K
587,10,3.7359821796417236e+00,4.4911032028469534e-03,589,590,1.2125347956586156e-04,wind_speed:18.4_m:m_s-1
588,-2,-2.0000000000000000e+00,6.6298342541436467e-05,-1,-1,3.0492842098836987e-05,wind_direction:18.4_m:degrees
589,6,1.6950000000000000e+02,1.6797312430011210e-03,1921,1922,7.1758570140535843e-05,wave_direction:0_m:degrees
590,12,-1.5090318769216537e-01,9.3945312499999802e-03,591,592,1.6975059509277349e-04,bulk_richardson:18.4_m:none
591,10,4.5611851215362549e+00,1.6226415094339620e-02,947,948,1.5808710098492941e-04,wind_speed:18.4_m:m_s-1
592,10,4.9240024089813232e+00,6.3172804532577930e-03,741,742,1.4451123113097840e-04,wind_speed:18.4_m:m_s-1
593,1,1.9912121582031250e+02,2.1197183098591515e-02,1641,1642,1.3236956952985656e-04,azimuth:0_m:degrees
594,2,2.8896499633789062e+02,1.2017543859649130e-02,595,596,2.2487688519544675e-04,water_sfc_temperature:0_m:K
595,2,2.8894000244140625e+02,5.3781512605042044e-03,681,682,2.7191582515359098e-04,water_sfc_temperature:0_m:K
596,-2,-2.0000000000000000e+00,1.9266055045871568e-02,-1,-1,7.2855820217153019e-05,wind_direction:18.4_m:degrees
597,-2,-2.0000000000000000e+00,1.5500000000000000e-01,-1,-1,3.2499999999999890e-04,wind_direction:18.4_m:degrees
598,11,3.0135000610351562e+02,1.1105263157894738e-01,733,734,4.0941828254847240e-04,wind_direction:18.4_m:degrees
599,4,1.4750822186470032e+00,8.6716417910447749e-02,1237,1238,3.4444196925818935e-04,mixing_ratio:18.4_m:g_kg-1
600,-2,-2.0000000000000000e+00,1.6000000000000000e-01,-1,-1,-3.4694469519536142e-17,wind_direction:18.4_m:degrees
601,12,1.1140142305521294e-04,-1.8905472636815912e-02,1299,1300,1.7193633820944973e-04,bulk_richardson:18.4_m:none
602,12,-2.1826766896992922e-04,-4.1818181818181824e-02,1121,1122,3.8760330578514008e-04,bulk_richardson:18.4_m:none
603,-2,-2.0000000000000000e+00,1.4857142857142858e-01,-1,-1,3.8367346938775540e-04,wind_direction:18.4_m:degrees
604,1,3.4589038085937500e+02,1.0828947368421056e-01,1055,1056,4.9312673130193566e-04,azimuth:0_m:degrees
605,1,2.1280325317382812e+02,5.9879518072289167e-02,1179,1180,2.8311801422557488e-04,azimuth:0_m:degrees
606,12,-1.3140064477920532e-01,3.8750000000000014e-02,1065,1066,2.9843750000000204e-04,bulk_richardson:18.4_m:none
607,8,4.3500001430511475e+00,-1.5508982035928121e-02,843,844,1.4030979956255245e-04,wave_period:0_m:s
608,9,8.9557769775390625e+01,8.4210526315789489e-03,1359,1360,2.3434903047091265e-04,angle_between_wind_wave:0_m:degrees
609,-2,-2.0000000000000000e+00,7.8181818181818186e-02,-1,-1,1.4214876033057967e-04,wind_direction:18.4_m:degrees
610,4,3.2397903203964233e+00,4.6583850931677009e-02,1325,1326,2.4112495659890047e-04,mixing_ratio:18.4_m:g_kg-1
611,5,5.1250000000000000e+01,4.3174603174603171e-02,657,658,4.3436633912824311e-04,relative_humidity:18.4_m:%
612,-2,-2.0000000000000000e+00,2.1250000000000005e-02,-1,-1,1.3593749999999956e-04,wind_direction:18.4_m:degrees
613,7,1.2500000000000000e+00,3.4782608695652093e-03,615,616,1.2268431001890380e-04,wave_height:0_m:m
614,2,2.9165000915527344e+02,1.3089430894308951e-02,781,782,1.4167492894441152e-04,water_sfc_temperature:0_m:K
615,0,7.4611438751220703e+01,2.6706827309236928e-03,937,938,1.0170279511620817e-04,zenith:0_m:degrees
616,3,1.0110499877929688e+03,1.6451612903225811e-02,715,716,2.8095733610821968e-04,pressure:18.4_m:hPa
617,8,5.4500000476837158e+00,1.2745454545454543e-01,1227,1228,4.0806611570247397e-04,wave_period:0_m:s
618,-2,-2.0000000000000000e+00,2.0000000000000001e-01,-1,-1,9.9999999999898781e-05,wind_direction:18.4_m:degrees
619,3,1.0162500000000000e+03,-2.1669793621013050e-02,963,964,3.3098289620506866e-04,pressure:18.4_m:hPa
620,11,2.5052500152587891e+02,-3.2358490566037727e-02,1249,1250,3.0858846564615103e-04,wind_direction:18.4_m:degrees
621,9,8.8618007659912109e+01,-9.2291666666666529e-03,735,736,2.9628081597222246e-04,angle_between_wind_wave:0_m:degrees
622,5,9.8799999237060547e+01,-4.4999999999999998e-02,635,636,1.2750000000000070e-03,relative_humidity:18.4_m:%
623,8,1.1500000000000000e+01,1.5490196078431374e-02,625,626,2.7312572087658579e-04,wave_period:0_m:s
624,2,2.8466499328613281e+02,6.0770975056689278e-03,1737,1738,6.7377275929268992e-05,water_sfc_temperature:0_m:K
625,12,-8.1116117537021637e-02,1.7465753424657528e-02,1123,1124,1.3946800525426915e-04,bulk_richardson:18.4_m:none
626,11,3.1907998657226562e+02,-2.5714285714285717e-02,717,718,1.2816326530612192e-03,wind_direction:18.4_m:degrees
627,0,4.1985441207885742e+01,-8.1304347826087007e-03,629,630,1.8650472589792059e-04,zenith:0_m:degrees
628,3,1.0250000000000000e+03,2.1874999999999993e-03,709,710,2.6958984375000095e-04,pressure:18.4_m:hPa
629,-2,-2.0000000000000000e+00,1.1000000000000000e-01,-1,-1,0.0000000000000000e+00,wind_direction:18.4_m:degrees
630,12,4.9404320307075977e-03,-8.6462882096069917e-03,1527,1528,1.2611506264182602e-04,bulk_richardson:18.4_m:none
631,-2,-2.0000000000000000e+00,-8.0000000000000002e-02,-1,-1,0.0000000000000000e+00,wind_direction:18.4_m:degrees
632,4,6.2032089233398438e+00,2.0759493670886087e-02,1395,1396,1.2600544784489598e-04,mixing_ratio:18.4_m:g_kg-1
633,-2,-2.0000000000000000e+00,-1.1714285714285713e-01,-1,-1,3.9183673469387996e-04,wind_direction:18.4_m:degrees
634,9,9.0137439727783203e+01,-7.4583333333333349e-02,991,992,3.3315972222222080e-04,angle_between_wind_wave:0_m:degrees
635,-2,-2.0000000000000000e+00,-1.0000000000000000e-02,-1,-1,1.0842021724855044e-19,wind_direction:18.4_m:degrees
636,-2,-2.0000000000000000e+00,-8.0000000000000002e-02,-1,-1,9.9999999999999395e-05,wind_direction:18.4_m:degrees
637,-2,-2.0000000000000000e+00,1.0000000000000001e-01,-1,-1,9.9999999999997660e-05,wind_direction:18.4_m:degrees
638,-2,-2.0000000000000000e+00,4.9506172839506167e-02,-1,-1,1.4049687547630163e-04,wind_direction:18.4_m:degrees
639,2,2.8425999450683594e+02,1.4050632911392410e-02,1953,1954,1.6080756289056278e-04,water_sfc_temperature:0_m:K
640,6,1.6300000000000000e+02,3.1250000000000007e-02,1003,1004,1.8593749999999947e-04,wave_direction:0_m:degrees
641,5,9.4050003051757812e+01,-4.5490196078431355e-02,795,796,2.5024990388312386e-04,relative_humidity:18.4_m:%
642,3,1.0072500000000000e+03,-3.4339622641509353e-02,643,644,3.0506704639848988e-04,pressure:18.4_m:hPa
643,11,1.6329000091552734e+02,-2.7611940298507456e-02,987,988,1.6743149922031613e-04,wind_direction:18.4_m:degrees
644,3,1.0075499877929688e+03,-3.9239130434782596e-02,791,792,3.4833412098299993e-04,pressure:18.4_m:hPa
645,10,1.0741891860961914e+01,8.4130434782608704e-02,1039,1040,3.5467863894139869e-04,wind_speed:18.4_m:m_s-1
646,3,1.0060499877929688e+03,6.5441176470588211e-02,647,648,3.9833477508651339e-04,pressure:18.4_m:hPa
647,-2,-2.0000000000000000e+00,9.3076923076923085e-02,-1,-1,1.5976331360946679e-04,wind_direction:18.4_m:degrees
648,10,1.0801587104797363e+01,5.8909090909090911e-02,1957,1958,2.3153719008264621e-04,wind_speed:18.4_m:m_s-1
649,-2,-2.0000000000000000e+00,1.4999999999999997e-01,-1,-1,2.9090909090910555e-04,wind_direction:18.4_m:degrees
650,-2,-2.0000000000000000e+00,1.1235294117647060e-01,-1,-1,1.2387543252595501e-04,wind_direction:18.4_m:degrees
651,5,4.9549999237060547e+01,9.2999999999999999e-02,1389,1390,5.0099999999999971e-04,relative_humidity:18.4_m:%
652,12,-5.1698038354516029e-02,5.8809523809523825e-02,1287,1288,3.4858276643990552e-04,bulk_richardson:18.4_m:none
653,11,3.1096501159667969e+02,2.1090909090909091e-01,1731,1732,4.0826446280991385e-04,wind_direction:18.4_m:degrees
654,10,1.1977001190185547e+01,1.7666666666666667e-01,1375,1376,3.7555555555555259e-04,wind_speed:18.4_m:m_s-1
655,0,6.6001728057861328e+01,9.5454545454545459e-02,1597,1598,4.7933884297520976e-04,zenith:0_m:degrees
656,-2,-2.0000000000000000e+00,1.3636363636363635e-01,-1,-1,1.8677685950412373e-04,wind_direction:18.4_m:degrees
657,4,1.0773321986198425e+00,2.8846153846153851e-02,841,842,4.1789940828402335e-04,mixing_ratio:18.4_m:g_kg-1
658,-2,-2.0000000000000000e+00,5.3243243243243261e-02,-1,-1,2.0029218407596923e-04,wind_direction:18.4_m:degrees
659,6,1.5650000000000000e+02,-5.5813953488372146e-03,1267,1268,1.2408058409951381e-04,wave_direction:0_m:degrees
660,6,2.1200000000000000e+02,-1.3583333333333331e-02,661,662,2.9049305555555621e-04,wave_direction:0_m:degrees
661,12,-1.0257098358124495e-02,-1.6354679802955657e-02,765,766,2.8720425149845948e-04,bulk_richardson:18.4_m:none
662,-2,-2.0000000000000000e+00,1.6216216216216211e-03,-1,-1,3.5208181154126760e-05,wind_direction:18.4_m:degrees
663,10,6.2504284381866455e+00,6.2916666666666690e-02,1429,1430,2.3315972222222054e-04,wind_speed:18.4_m:m_s-1
664,-2,-2.0000000000000000e+00,8.5000000000000006e-02,-1,-1,4.4999999999997299e-05,wind_direction:18.4_m:degrees
665,3,1.0085499877929688e+03,6.1590688651794135e-03,667,668,9.2521738803211457e-05,pressure:18.4_m:hPa
666,-2,-2.0000000000000000e+00,-2.0394736842105268e-03,-1,-1,5.7024757617730204e-05,wind_direction:18.4_m:degrees
667,2,2.7806500244140625e+02,1.6057142857142853e-02,1079,1080,1.4273959183673469e-04,water_sfc_temperature:0_m:K
668,10,6.6880068778991699e+00,4.1355140186915803e-03,913,914,5.8131168661018789e-05,wind_speed:18.4_m:m_s-1
669,2,2.8528498840332031e+02,9.0606060606060621e-02,671,672,6.2993572084480733e-04,water_sfc_temperature:0_m:K
670,5,8.0149997711181641e+01,6.1875000000000013e-02,1231,1232,4.7773437499999596e-04,relative_humidity:18.4_m:%
671,-2,-2.0000000000000000e+00,1.1636363636363639e-01,-1,-1,2.4132231404958189e-04,wind_direction:18.4_m:degrees
672,-2,-2.0000000000000000e+00,7.7727272727272742e-02,-1,-1,3.2665289256198111e-04,wind_direction:18.4_m:degrees
673,4,1.2851973533630371e+01,-2.8761731759006752e-03,701,702,1.0035614738993087e-04,mixing_ratio:18.4_m:g_kg-1
674,-2,-2.0000000000000000e+00,-5.0000000000000003e-02,-1,-1,-2.8796409701214998e-16,wind_direction:18.4_m:degrees
675,0,7.4531314849853516e+01,1.9233333333333333e-01,815,816,6.1455555555554875e-04,zenith:0_m:degrees
676,-2,-2.0000000000000000e+00,2.6000000000000001e-01,-1,-1,0.0000000000000000e+00,wind_direction:18.4_m:degrees
677,-2,-2.0000000000000000e+00,7.0000000000000007e-02,-1,-1,0.0000000000000000e+00,wind_direction:18.4_m:degrees
678,11,2.1876499938964844e+02,1.7499999999999999e-01,2033,2034,6.2500000000000056e-04,wind_direction:18.4_m:degrees
679,-2,-2.0000000000000000e+00,4.2500000000000003e-02,-1,-1,2.4375000000000026e-04,wind_direction:18.4_m:degrees
680,2,2.7482499694824219e+02,7.0000000000000021e-02,1379,1380,2.3720930232558161e-04,water_sfc_temperature:0_m:K
681,-2,-2.0000000000000000e+00,6.4957264957264966e-03,-1,-1,2.0224998173716112e-04,wind_direction:18.4_m:degrees
682,-2,-2.0000000000000000e+00,-5.9999999999999998e-02,-1,-1,1.4745149545802860e-17,wind_direction:18.4_m:degrees
683,3,1.0160000000000000e+03,8.8000000000000023e-02,1143,1144,4.4800000000000222e-04,pressure:18.4_m:hPa
684,-2,-2.0000000000000000e+00,6.0476190476190489e-02,-1,-1,1.4739229024943439e-04,wind_direction:18.4_m:degrees
685,4,3.0578526258468628e+00,2.5395683453237405e-02,687,688,2.2772113244656116e-04,mixing_ratio:18.4_m:g_kg-1
686,10,1.7792747020721436e+00,3.4982817869415754e-02,1063,1064,1.7482788346855310e-04,wind_speed:18.4_m:m_s-1
687,-2,-2.0000000000000000e+00,3.5500000000000018e-02,-1,-1,1.1141666666666526e-04,wind_direction:18.4_m:degrees
688,5,5.2200000762939453e+01,1.7721518987341776e-02,821,822,1.7961865085723588e-04,relative_humidity:18.4_m:%
689,-2,-2.0000000000000000e+00,1.8000000000000002e-01,-1,-1,0.0000000000000000e+00,wind_direction:18.4_m:degrees
690,10,1.2064510822296143e+01,1.2480000000000001e-01,691,692,6.1295999999999226e-04,wind_speed:18.4_m:m_s-1
691,-2,-2.0000000000000000e+00,1.0375000000000004e-01,-1,-1,3.7343749999999183e-04,wind_direction:18.4_m:degrees
692,1,1.1455443954467773e+02,1.3470588235294120e-01,1601,1602,4.1903114186851720e-04,azimuth:0_m:degrees
693,12,-4.2809894308447838e-02,3.3353293413173633e-02,935,936,2.4384524364444741e-04,bulk_richardson:18.4_m:none
694,12,-1.1875292658805847e-01,2.0750000000000011e-02,1545,1546,1.3443750000000906e-04,bulk_richardson:18.4_m:none
695,3,1.0085500183105469e+03,7.5925925925925897e-02,979,980,3.4414266117969994e-04,pressure:18.4_m:hPa
696,-2,-2.0000000000000000e+00,1.3000000000000000e-01,-1,-1,7.9999999999996046e-04,wind_direction:18.4_m:degrees
697,-2,-2.0000000000000000e+00,8.9999999999999997e-02,-1,-1,0.0000000000000000e+00,wind_direction:18.4_m:degrees
698,0,6.9891178131103516e+01,2.3909090909090911e-02,985,986,2.3835537190082621e-04,zenith:0_m:degrees
699,-2,-2.0000000000000000e+00,2.1142857142857144e-01,-1,-1,6.9387755102040538e-05,wind_direction:18.4_m:degrees
700,-2,-2.0000000000000000e+00,1.6750000000000001e-01,-1,-1,6.8749999999999367e-05,wind_direction:18.4_m:degrees
701,0,8.2339054107666016e+01,-2.0078431372548933e-03,893,894,9.5105820838138852e-05,zenith:0_m:degrees
702,7,9.4999998807907104e-01,-5.8167330677290708e-03,1713,1714,1.0693586874282337e-04,wave_height:0_m:m
703,8,6.5000000000000000e+00,3.4318181818181831e-02,1093,1094,2.1998966942148685e-04,wave_period:0_m:s
704,1,5.5907247543334961e+01,6.7777777777777770e-02,777,778,1.0617283950617278e-03,azimuth:0_m:degrees
705,4,9.2326948046684265e-01,2.0999999999999999e-01,1295,1296,7.8666666666665774e-04,mixing_ratio:18.4_m:g_kg-1
706,-2,-2.0000000000000000e+00,1.7000000000000001e-01,-1,-1,7.5000000000026434e-05,wind_direction:18.4_m:degrees
707,-2,-2.0000000000000000e+00,1.5052631578947365e-01,-1,-1,1.8393351800555235e-04,wind_direction:18.4_m:degrees
708,2,2.8032499694824219e+02,1.2250000000000001e-01,1593,1594,5.5208333333332110e-04,water_sfc_temperature:0_m:K
709,6,1.6950000000000000e+02,3.1847133757961789e-03,837,838,2.2170473447198671e-04,wave_direction:0_m:degrees
710,-2,-2.0000000000000000e+00,-5.0000000000000010e-02,-1,-1,-8.6736173798840355e-19,wind_direction:18.4_m:degrees
711,2,2.7949000549316406e+02,2.1857142857142856e-01,971,972,9.8367346938775524e-04,water_sfc_temperature:0_m:K
712,4,7.9432684183120728e-01,2.5419047619047619e-01,713,714,7.9196371882089833e-04,mixing_ratio:18.4_m:g_kg-1
713,-2,-2.0000000000000000e+00,2.3000000000000001e-01,-1,-1,2.2857142857142521e-04,wind_direction:18.4_m:degrees
714,4,8.3795866370201111e-01,2.5791208791208792e-01,1071,1072,7.7476150223400320e-04,mixing_ratio:18.4_m:g_kg-1
715,5,6.9200000762939453e+01,3.5294117647058830e-02,1519,1520,3.3079584775086500e-04,relative_humidity:18.4_m:%
716,-2,-2.0000000000000000e+00,9.3333333333333358e-03,-1,-1,7.7333333333333225e-05,wind_direction:18.4_m:degrees
717,-2,-2.0000000000000000e+00,-4.0000000000000001e-03,-1,-1,1.4399999999999998e-04,wind_direction:18.4_m:degrees
718,-2,-2.0000000000000000e+00,-8.0000000000000002e-02,-1,-1,-8.6736173798840355e-19,wind_direction:18.4_m:degrees
719,8,6.7000000476837158e+00,-3.0769230769230771e-02,1815,1816,2.2248520710059180e-04,wave_period:0_m:s
720,7,1.7500000000000000e+00,-5.0842105263157904e-02,1007,1008,2.7718559556786987e-04,wave_height:0_m:m
721,11,3.2263000488281250e+02,7.7666666666666689e-02,1159,1160,3.1788888888888492e-04,wind_direction:18.4_m:degrees
722,0,8.5171733856201172e+01,5.9428571428571421e-02,901,902,3.3395918367347182e-04,zenith:0_m:degrees
723,11,3.2855500793457031e+02,1.6621621621621622e-02,895,896,1.8047845142439751e-04,wind_direction:18.4_m:degrees
724,4,4.7978465557098389e+00,3.2835820895522386e-03,1085,1086,1.3847182000445587e-04,mixing_ratio:18.4_m:g_kg-1
725,12,1.5130711719393730e-02,-3.5555555555555556e-02,915,916,7.3580246913580250e-04,bulk_richardson:18.4_m:none
726,5,7.2149997711181641e+01,-5.3422222222221892e-03,1191,1192,1.4737177283950651e-04,relative_humidity:18.4_m:%
727,12,-2.7272306382656097e-02,3.1262135922330098e-02,1391,1392,1.8966914883589365e-04,bulk_richardson:18.4_m:none
728,12,-2.6786461472511292e-02,5.2857142857142859e-02,1655,1656,3.3469387755103103e-04,bulk_richardson:18.4_m:none
729,-2,-2.0000000000000000e+00,1.3750000000000001e-01,-1,-1,1.8750000000001404e-05,wind_direction:18.4_m:degrees
730,-2,-2.0000000000000000e+00,8.6428571428571410e-02,-1,-1,2.3724489795918634e-04,wind_direction:18.4_m:degrees
731,-2,-2.0000000000000000e+00,1.3000000000000000e-01,-1,-1,2.6666666666666505e-04,wind_direction:18.4_m:degrees
732,0,9.9041770935058594e+01,1.6705882352941176e-01,1699,1700,3.7370242214532917e-04,zenith:0_m:degrees
733,2,2.7650000000000000e+02,1.2999999999999998e-01,1513,1514,5.5000000000000535e-04,water_sfc_temperature:0_m:K
734,-2,-2.0000000000000000e+00,1.0365853658536585e-01,-1,-1,1.5978584176085629e-04,wind_direction:18.4_m:degrees
735,1,7.3091331481933594e+01,-2.5925925925925932e-02,807,808,5.0562414266117940e-04,azimuth:0_m:degrees
736,2,2.8882499694824219e+02,-8.2339955849889592e-03,737,738,2.6619690169534503e-04,water_sfc_temperature:0_m:K
737,10,3.3212506771087646e-01,-2.4375000000000000e-03,761,762,1.0343359374999994e-04,wind_speed:18.4_m:m_s-1
738,2,2.9134500122070312e+02,-1.1399317406143344e-02,739,740,3.2671085277638642e-04,water_sfc_temperature:0_m:K
739,0,5.9277816772460938e+01,-1.5549450549450545e-02,921,922,4.2799480739041181e-04,zenith:0_m:degrees
740,-2,-2.0000000000000000e+00,-4.5945945945945954e-03,-1,-1,8.6096907718529584e-05,wind_direction:18.4_m:degrees
741,10,4.9098980426788330e+00,2.8879310344827594e-03,1067,1068,1.3950468192627813e-04,wind_speed:18.4_m:m_s-1
742,-2,-2.0000000000000000e+00,1.2892561983471083e-02,-1,-1,8.8327300047811246e-05,wind_direction:18.4_m:degrees
743,-2,-2.0000000000000000e+00,7.1333333333333332e-02,-1,-1,1.3155555555555663e-04,wind_direction:18.4_m:degrees
744,2,2.8349499511718750e+02,4.0526315789473688e-02,1967,1968,3.3130193905816824e-04,water_sfc_temperature:0_m:K
745,10,8.1480426788330078e+00,3.0000000000000009e-02,747,748,2.7289719626168174e-04,wind_speed:18.4_m:m_s-1
746,1,4.6023659706115723e+01,1.1379310344827585e-02,1563,1564,2.1878715814506434e-04,azimuth:0_m:degrees
747,-2,-2.0000000000000000e+00,2.4878048780487817e-02,-1,-1,1.7376561570493711e-04,wind_direction:18.4_m:degrees
748,-2,-2.0000000000000000e+00,4.6799999999999994e-02,-1,-1,2.2975999999999899e-04,wind_direction:18.4_m:degrees
749,10,1.2065139770507812e+01,1.4258555133079834e-02,909,910,1.9707383365380528e-04,wind_speed:18.4_m:m_s-1
750,3,1.0278499755859375e+03,4.8905109489051106e-03,1133,1134,1.4761574937396772e-04,pressure:18.4_m:hPa
751,-2,-2.0000000000000000e+00,-1.7000000000000005e-02,-1,-1,1.0099999999999920e-04,wind_direction:18.4_m:degrees
752,-2,-2.0000000000000000e+00,-4.4761904761904767e-02,-1,-1,2.3446712018140425e-04,wind_direction:18.4_m:degrees
753,3,1.0241000061035156e+03,8.4929577464788700e-02,755,756,4.7569926601864852e-04,pressure:18.4_m:hPa
754,-2,-2.0000000000000000e+00,1.0833333333333335e-01,-1,-1,2.1388888888888499e-04,wind_direction:18.4_m:degrees
755,12,-1.4247895032167435e-01,9.6388888888888899e-02,1561,1562,3.0084876543210771e-04,bulk_richardson:18.4_m:none
756,2,2.8563999938964844e+02,7.3142857142857162e-02,847,848,3.8155102040816815e-04,water_sfc_temperature:0_m:K
757,5,9.4049999237060547e+01,-5.9459459459458974e-03,1149,1150,1.1808553024769257e-04,relative_humidity:18.4_m:%
758,10,5.5107007026672363e+00,-3.5555555555555556e-02,1673,1674,4.2469135802474032e-04,wind_speed:18.4_m:m_s-1
759,3,1.0105499877929688e+03,-1.1183879093198977e-02,1221,1222,1.4293092399545764e-04,pressure:18.4_m:hPa
760,0,6.7946949005126953e+01,2.4999999999999998e-02,1525,1526,6.2500000000000554e-04,zenith:0_m:degrees
761,-2,-2.0000000000000000e+00,-8.9999999999999997e-02,-1,-1,0.0000000000000000e+00,wind_direction:18.4_m:degrees
762,-2,-2.0000000000000000e+00,-1.8867924528301893e-03,-1,-1,5.5559511095288902e-05,wind_direction:18.4_m:degrees
763,12,6.4343141391873360e-02,-7.3893805309734285e-03,1239,1240,8.0647792831597861e-05,bulk_richardson:18.4_m:none
764,5,8.8950000762939453e+01,-1.1312598840274106e-02,865,866,1.4993760088967265e-04,relative_humidity:18.4_m:%
765,11,2.4789499664306641e+02,-1.1451612903225812e-02,949,950,1.6402185223725313e-04,wind_direction:18.4_m:degrees
766,2,2.9154499816894531e+02,-2.4050632911392408e-02,1251,1252,3.8359237301714504e-04,water_sfc_temperature:0_m:K
767,4,6.5029032230377197e+00,1.9473684210526320e-02,1477,1478,1.8393351800553994e-04,mixing_ratio:18.4_m:g_kg-1
768,-2,-2.0000000000000000e+00,-3.8461538461538489e-04,-1,-1,6.5236686390531473e-05,wind_direction:18.4_m:degrees
769,11,2.8975498962402344e+02,1.6692307692307692e-01,1559,1560,3.5976331360947078e-04,wind_direction:18.4_m:degrees
770,2,2.7554998779296875e+02,2.0272727272727273e-01,1753,1754,2.9256198347105133e-04,water_sfc_temperature:0_m:K
771,6,1.8750000000000000e+02,-6.0714285714285731e-03,1453,1454,2.2385204081632636e-04,wave_direction:0_m:degrees
772,5,9.1750000000000000e+01,-1.8249999999999909e-02,867,868,2.0975000000000594e-04,relative_humidity:18.4_m:%
773,4,2.6232936382293701e+00,2.8000000000000008e-02,905,906,3.7099999999999980e-04,mixing_ratio:18.4_m:g_kg-1
774,10,8.7136616706848145e+00,4.2897959183673451e-02,775,776,2.5078550603915622e-04,wind_speed:18.4_m:m_s-1
775,11,3.1978500366210938e+02,3.7397260273972568e-02,1439,1440,1.7815725276787604e-04,wind_direction:18.4_m:degrees
776,4,2.7008962631225586e+00,5.1010101010101019e-02,1001,1002,2.4746454443424527e-04,mixing_ratio:18.4_m:g_kg-1
777,-2,-2.0000000000000000e+00,1.4999999999999999e-01,-1,-1,0.0000000000000000e+00,wind_direction:18.4_m:degrees
778,-2,-2.0000000000000000e+00,5.7500000000000009e-02,-1,-1,2.4375000000000091e-04,wind_direction:18.4_m:degrees
779,-2,-2.0000000000000000e+00,-1.4999999999999999e-02,-1,-1,2.5000000000000011e-05,wind_direction:18.4_m:degrees
780,1,3.5663386535644531e+02,-8.1818181818181804e-02,2043,2044,2.5123966942148992e-04,azimuth:0_m:degrees
781,-2,-2.0000000000000000e+00,3.4693877551020403e-03,-1,-1,5.5310287380258219e-05,wind_direction:18.4_m:degrees
782,7,5.5000001192092896e-01,1.9459459459459472e-02,1887,1888,9.7005113221329173e-05,wave_height:0_m:m
783,10,8.3284330368041992e+00,1.4161073825503358e-02,1881,1882,1.4107472636367714e-04,wind_speed:18.4_m:m_s-1
784,1,2.2923025512695312e+02,-9.3333333333333324e-03,785,786,5.7955555555555430e-04,azimuth:0_m:degrees
785,-2,-2.0000000000000000e+00,1.2499999999999999e-02,-1,-1,4.3749999999999979e-05,wind_direction:18.4_m:degrees
786,-2,-2.0000000000000000e+00,-3.4285714285714287e-02,-1,-1,2.4489795918367172e-05,wind_direction:18.4_m:degrees
787,10,7.0478451251983643e+00,-6.1428571428571430e-02,1277,1278,6.9795918367346766e-04,wind_speed:18.4_m:m_s-1
788,-2,-2.0000000000000000e+00,-1.7777777777777778e-02,-1,-1,1.7283950617284370e-05,wind_direction:18.4_m:degrees
789,-2,-2.0000000000000000e+00,-6.3181818181818200e-02,-1,-1,1.3078512396694046e-04,wind_direction:18.4_m:degrees
790,-2,-2.0000000000000000e+00,-2.3333333333333334e-02,-1,-1,1.8888888888888807e-04,wind_direction:18.4_m:degrees
791,0,7.6480998992919922e+01,-6.1428571428571430e-02,793,794,1.2979591836734692e-03,zenith:0_m:degrees
792,4,1.1899382114410400e+01,-3.7411764705882339e-02,1091,1092,2.2624221453287408e-04,mixing_ratio:18.4_m:g_kg-1
793,-2,-2.0000000000000000e+00,-3.5000000000000003e-02,-1,-1,2.4999999999999849e-05,wind_direction:18.4_m:degrees
794,9,9.0788162231445312e+01,-9.6666666666666665e-02,1415,1416,8.2222222222222245e-04,angle_between_wind_wave:0_m:degrees
795,10,1.1296077728271484e+01,-3.8906250000000010e-02,1413,1414,1.4099121093750252e-04,wind_speed:18.4_m:m_s-1
796,4,8.1757378578186035e+00,-5.6578947368421048e-02,1539,1540,2.3829639889196745e-04,mixing_ratio:18.4_m:g_kg-1
797,4,9.1581263542175293e+00,-4.4137931034482776e-02,1965,1966,1.6563614744351989e-04,mixing_ratio:18.4_m:g_kg-1
798,0,7.5581100463867188e+01,-6.6500000000000004e-02,1933,1934,3.0275000000000094e-04,zenith:0_m:degrees
799,0,6.4715988159179688e+01,6.1874999999999999e-02,1803,1804,2.9023437500000273e-04,zenith:0_m:degrees
800,-2,-2.0000000000000000e+00,2.8181818181818186e-02,-1,-1,1.6033057851239487e-04,wind_direction:18.4_m:degrees
801,6,1.9100000000000000e+02,5.9512195121951238e-02,2021,2022,1.3634741225460869e-04,wave_direction:0_m:degrees
802,5,5.6250000000000000e+01,7.8717948717948738e-02,889,890,3.8553583168967915e-04,relative_humidity:18.4_m:%
803,-2,-2.0000000000000000e+00,2.0888888888888890e-01,-1,-1,2.7654320987653691e-04,wind_direction:18.4_m:degrees
804,10,1.2430686473846436e+01,1.7312500000000000e-01,2025,2026,2.4648437499999107e-04,wind_speed:18.4_m:m_s-1
805,3,9.8550000000000000e+02,7.3933333333333351e-02,1543,1544,2.0252888888888741e-04,pressure:18.4_m:hPa
806,-2,-2.0000000000000000e+00,1.6000000000000000e-01,-1,-1,-4.2327252813834093e-16,wind_direction:18.4_m:degrees
807,-2,-2.0000000000000000e+00,-5.1250000000000004e-02,-1,-1,2.6093749999999988e-04,wind_direction:18.4_m:degrees
808,-2,-2.0000000000000000e+00,-1.5263157894736845e-02,-1,-1,2.2493074792243739e-04,wind_direction:18.4_m:degrees
809,-2,-2.0000000000000000e+00,6.2962962962962955e-03,-1,-1,6.0356652949245544e-05,wind_direction:18.4_m:degrees
810,-2,-2.0000000000000000e+00,-8.0000000000000002e-02,-1,-1,3.4694469519536142e-18,wind_direction:18.4_m:degrees
811,-2,-2.0000000000000000e+00,7.3999999999999996e-02,-1,-1,6.4000000000001556e-05,wind_direction:18.4_m:degrees
812,-2,-2.0000000000000000e+00,1.1571428571428573e-01,-1,-1,1.9591836734694779e-04,wind_direction:18.4_m:degrees
813,-2,-2.0000000000000000e+00,4.0000000000000001e-02,-1,-1,1.3333333333333339e-04,wind_direction:18.4_m:degrees
814,2,2.7737500000000000e+02,6.7333333333333342e-02,1283,1284,2.5511111111110527e-04,water_sfc_temperature:0_m:K
815,5,5.5450000762939453e+01,1.8218750000000003e-01,1555,1556,2.9208984374998886e-04,relative_humidity:18.4_m:%
816,9,8.7301551818847656e+01,2.0392857142857146e-01,817,818,7.3099489795921263e-04,angle_between_wind_wave:0_m:degrees
817,-2,-2.0000000000000000e+00,1.1000000000000000e-01,-1,-1,0.0000000000000000e+00,wind_direction:18.4_m:degrees
818,6,2.2400000000000000e+02,2.0740740740740743e-01,1015,1016,4.1920438957475381e-04,wave_direction:0_m:degrees
819,-2,-2.0000000000000000e+00,1.8000000000000002e-02,-1,-1,2.2171428571428559e-04,wind_direction:18.4_m:degrees
820,2,2.9337001037597656e+02,1.1764705882352949e-03,1909,1910,1.1861591695501714e-04,water_sfc_temperature:0_m:K
821,2,2.8477999877929688e+02,9.3181818181818157e-03,2035,2036,1.2453512396694202e-04,water_sfc_temperature:0_m:K
822,-2,-2.0000000000000000e+00,2.8285714285714286e-02,-1,-1,4.8489795918367322e-05,wind_direction:18.4_m:degrees
823,-2,-2.0000000000000000e+00,1.6999999999999998e-01,-1,-1,1.0000000000000286e-04,wind_direction:18.4_m:degrees
824,5,5.2500000000000000e+01,2.3181818181818184e-01,1707,1708,3.3305785123963205e-04,relative_humidity:18.4_m:%
825,-2,-2.0000000000000000e+00,4.7916666666666663e-02,-1,-1,6.6493055555556183e-05,wind_direction:18.4_m:degrees
826,12,-3.5263139754533768e-02,7.2857142857142884e-02,1347,1348,3.3469387755101759e-04,bulk_richardson:18.4_m:none
827,12,-4.9190884456038475e-02,-3.2201610080504037e-04,1023,1024,7.1019861808631083e-05,bulk_richardson:18.4_m:none
828,5,1.0085000228881836e+02,-3.5806831566548847e-03,829,830,1.1132476231303635e-04,relative_humidity:18.4_m:%
829,8,6.7500000000000000e+00,-3.3530106257378973e-03,1843,1844,8.9583766024680698e-05,wave_period:0_m:s
830,-2,-2.0000000000000000e+00,-1.0000000000000001e-01,-1,-1,1.2143064331837650e-17,wind_direction:18.4_m:degrees
831,0,6.6090309143066406e+01,1.9312499999999999e-01,1661,1662,5.3398437499999757e-04,zenith:0_m:degrees
832,10,1.1180298328399658e+01,2.1733333333333341e-01,861,862,4.9511111111110589e-04,wind_speed:18.4_m:m_s-1
833,3,1.0221499938964844e+03,3.5517241379310359e-02,835,836,2.5921521997621772e-04,pressure:18.4_m:hPa
834,-2,-2.0000000000000000e+00,0.0000000000000000e+00,-1,-1,9.9999999999998243e-05,wind_direction:18.4_m:degrees
835,-2,-2.0000000000000000e+00,2.4848484848484849e-02,-1,-1,9.7704315886133547e-05,wind_direction:18.4_m:degrees
836,-2,-2.0000000000000000e+00,4.9600000000000005e-02,-1,-1,1.2383999999999746e-04,wind_direction:18.4_m:degrees
837,1,1.8589162445068359e+02,2.0000000000000000e-02,839,840,6.5714285714285701e-04,azimuth:0_m:degrees
838,10,1.5157670021057129e+01,5.8823529411764712e-04,1923,1924,1.0406574394463670e-04,wind_speed:18.4_m:m_s-1
839,-2,-2.0000000000000000e+00,5.9999999999999998e-02,-1,-1,3.4999999999999962e-04,wind_direction:18.4_m:degrees
840,4,3.8911371231079102e+00,1.0588235294117645e-02,1583,1584,2.6435986159169548e-04,mixing_ratio:18.4_m:g_kg-1
841,-2,-2.0000000000000000e+00,1.1000000000000000e-01,-1,-1,0.0000000000000000e+00,wind_direction:18.4_m:degrees
842,-2,-2.0000000000000000e+00,2.5600000000000005e-02,-1,-1,1.6063999999999987e-04,wind_direction:18.4_m:degrees
843,5,8.6950000762939453e+01,-1.0529801324503318e-02,1233,1234,1.0303056883470009e-04,relative_humidity:18.4_m:%
844,7,8.4999999403953552e-01,-1.9617486338797809e-02,1557,1558,1.3373346471976042e-04,wave_height:0_m:m
845,-2,-2.0000000000000000e+00,8.5714285714285719e-03,-1,-1,6.4625850340136059e-05,wind_direction:18.4_m:degrees
846,9,9.0632266998291016e+01,2.2790697674418593e-02,1119,1120,1.7709572742022860e-04,angle_between_wind_wave:0_m:degrees
847,-2,-2.0000000000000000e+00,4.7500000000000001e-02,-1,-1,6.8749999999999801e-05,wind_direction:18.4_m:degrees
848,12,-1.4731599390506744e-01,8.0740740740740752e-02,2001,2002,2.2167352537722472e-04,bulk_richardson:18.4_m:none
849,-2,-2.0000000000000000e+00,1.2272727272727271e-01,-1,-1,5.6198347107442106e-05,wind_direction:18.4_m:degrees
850,-2,-2.0000000000000000e+00,9.5666666666666691e-02,-1,-1,1.4122222222221793e-04,wind_direction:18.4_m:degrees
851,-2,-2.0000000000000000e+00,1.3250000000000001e-01,-1,-1,3.1874999999999959e-04,wind_direction:18.4_m:degrees
852,-2,-2.0000000000000000e+00,1.7374999999999996e-01,-1,-1,4.2343750000001582e-04,wind_direction:18.4_m:degrees
853,0,4.0156801223754883e+01,-3.4102564102564105e-02,1313,1314,3.2675871137409517e-04,zenith:0_m:degrees
854,-2,-2.0000000000000000e+00,-7.6923076923076919e-03,-1,-1,2.6390532544378600e-04,wind_direction:18.4_m:degrees
855,0,1.1743512725830078e+02,1.1444444444444447e-01,857,858,3.8765432098766296e-04,zenith:0_m:degrees
856,5,5.2549999237060547e+01,9.3913043478260891e-02,1517,1518,2.4990548204159406e-04,relative_humidity:18.4_m:%
857,-2,-2.0000000000000000e+00,1.2097560975609759e-01,-1,-1,2.3319452706721706e-04,wind_direction:18.4_m:degrees
858,0,1.2262439727783203e+02,9.3846153846153843e-02,1727,1728,3.1597633136095336e-04,zenith:0_m:degrees
859,10,1.2199722290039062e+01,1.3282608695652173e-01,1795,1796,3.2027410207939588e-04,wind_speed:18.4_m:m_s-1
860,11,3.3010499572753906e+02,1.0125000000000001e-01,1769,1770,6.1093749999996567e-04,wind_direction:18.4_m:degrees
861,-2,-2.0000000000000000e+00,2.5200000000000000e-01,-1,-1,1.5999999999988246e-05,wind_direction:18.4_m:degrees
862,12,-5.6932028383016586e-02,2.1299999999999999e-01,1417,1418,3.8599999999996970e-04,bulk_richardson:18.4_m:none
863,-2,-2.0000000000000000e+00,1.6399999999999998e-01,-1,-1,3.6400000000000668e-04,wind_direction:18.4_m:degrees
864,-2,-2.0000000000000000e+00,2.5000000000000000e-01,-1,-1,1.1102230246251565e-16,wind_direction:18.4_m:degrees
865,-2,-2.0000000000000000e+00,-8.0833333333333139e-03,-1,-1,7.9659722222222813e-05,wind_direction:18.4_m:degrees
866,9,9.2376091003417969e+01,-1.2406492589978755e-02,1209,1210,1.6901472143131268e-04,angle_between_wind_wave:0_m:degrees
867,3,1.0046000061035156e+03,-1.3732718894009215e-02,1549,1550,1.4320966680116381e-04,pressure:18.4_m:hPa
868,1,3.4929180908203125e+02,-2.0567375886524759e-02,1833,1834,2.2804687892963771e-04,azimuth:0_m:degrees
869,1,7.8744319915771484e+01,4.2031249999999999e-02,1841,1842,1.6931152343750027e-04,azimuth:0_m:degrees
870,5,5.2649999618530273e+01,2.9029126213592230e-02,973,974,1.7963992836271265e-04,relative_humidity:18.4_m:%
871,2,2.7409498596191406e+02,1.2280701754385964e-01,1431,1432,4.3071714373653196e-04,water_sfc_temperature:0_m:K
872,-2,-2.0000000000000000e+00,1.6500000000000001e-01,-1,-1,7.4999999999922351e-05,wind_direction:18.4_m:degrees
873,10,5.3631227016448975e+00,1.8870967741935491e-02,1433,1434,1.7775754422476563e-04,wind_speed:18.4_m:m_s-1
874,5,3.4750000000000000e+01,3.2333333333333339e-02,1935,1936,1.8455555555555608e-04,relative_humidity:18.4_m:%
875,-2,-2.0000000000000000e+00,8.9999999999999993e-03,-1,-1,4.9000000000000026e-05,wind_direction:18.4_m:degrees
876,-2,-2.0000000000000000e+00,3.6964285714285727e-02,-1,-1,1.4614158163265265e-04,wind_direction:18.4_m:degrees
877,11,2.3045999908447266e+02,1.9833333333333331e-02,881,882,2.9163888888888946e-04,wind_direction:18.4_m:degrees
878,5,5.7500000000000000e+01,3.6190476190476203e-02,879,880,3.6643990929705094e-04,relative_humidity:18.4_m:%
879,-2,-2.0000000000000000e+00,-7.4999999999999997e-03,-1,-1,1.1875000000000003e-04,wind_direction:18.4_m:degrees
880,-2,-2.0000000000000000e+00,4.0789473684210535e-02,-1,-1,1.7042936288088522e-04,wind_direction:18.4_m:degrees
881,-2,-2.0000000000000000e+00,-8.7500000000000008e-03,-1,-1,1.1093749999999999e-04,wind_direction:18.4_m:degrees
882,12,-1.2236733920872211e-02,2.4230769230769240e-02,1349,1350,1.7440828402366876e-04,bulk_richardson:18.4_m:none
883,-2,-2.0000000000000000e+00,6.7647058823529421e-02,-1,-1,1.3564013840830502e-04,wind_direction:18.4_m:degrees
884,-2,-2.0000000000000000e+00,1.0250000000000001e-01,-1,-1,2.6874999999999816e-04,wind_direction:18.4_m:degrees
885,11,3.3163999938964844e+02,9.9062500000000012e-02,1503,1504,2.1474609374999738e-04,wind_direction:18.4_m:degrees
886,-2,-2.0000000000000000e+00,5.0000000000000010e-02,-1,-1,2.3852447794681098e-17,wind_direction:18.4_m:degrees
887,2,2.8193501281738281e+02,3.1037037037037033e-02,1607,1608,1.4114677640603428e-04,water_sfc_temperature:0_m:K
888,5,6.9350002288818359e+01,1.7111111111111115e-02,1755,1756,2.2498765432099290e-04,relative_humidity:18.4_m:%
889,-2,-2.0000000000000000e+00,6.1428571428571437e-02,-1,-1,1.4081632653061178e-04,wind_direction:18.4_m:degrees
890,-2,-2.0000000000000000e+00,8.8400000000000020e-02,-1,-1,2.6143999999999126e-04,wind_direction:18.4_m:degrees
891,-2,-2.0000000000000000e+00,3.5333333333333342e-02,-1,-1,9.1555555555555227e-05,wind_direction:18.4_m:degrees
892,-2,-2.0000000000000000e+00,1.4285714285714284e-03,-1,-1,6.9387755102040877e-05,wind_direction:18.4_m:degrees
893,10,8.3424901962280273e+00,-3.4313725490196106e-04,1399,1400,7.4065263360246307e-05,wind_speed:18.4_m:m_s-1
894,2,2.8891999816894531e+02,-3.5444947209653014e-03,1167,1168,1.0960850287440569e-04,water_sfc_temperature:0_m:K
895,4,5.7860910892486572e+00,1.7397260273972606e-02,1511,1512,1.3843122537061372e-04,mixing_ratio:18.4_m:g_kg-1
896,-2,-2.0000000000000000e+00,-4.0000000000000001e-02,-1,-1,1.3010426069826053e-18,wind_direction:18.4_m:degrees
897,-2,-2.0000000000000000e+00,5.2500000000000005e-02,-1,-1,4.3749999999999952e-05,wind_direction:18.4_m:degrees
898,12,-5.2033694460988045e-02,2.2597402597402609e-02,1983,1984,1.5429246078596688e-04,bulk_richardson:18.4_m:none
899,-2,-2.0000000000000000e+00,-1.9428571428571437e-02,-1,-1,1.7681632653061206e-04,wind_direction:18.4_m:degrees
900,3,1.0134499816894531e+03,2.1739130434782618e-03,1817,1818,1.6483931947069917e-04,pressure:18.4_m:hPa
901,5,4.5649999618530273e+01,5.1228070175438602e-02,903,904,2.6340412434595287e-04,relative_humidity:18.4_m:%
902,9,9.0165885925292969e+01,6.5060240963855459e-02,1145,1146,3.0451444331543610e-04,angle_between_wind_wave:0_m:degrees
903,-2,-2.0000000000000000e+00,4.0357142857142869e-02,-1,-1,1.8915816326530517e-04,wind_direction:18.4_m:degrees
904,-2,-2.0000000000000000e+00,6.1724137931034484e-02,-1,-1,1.1082045184304537e-04,wind_direction:18.4_m:degrees
905,-2,-2.0000000000000000e+00,4.9999999999999996e-02,-1,-1,1.6000000000000042e-04,wind_direction:18.4_m:degrees
906,4,2.9352750778198242e+00,2.0666666666666670e-02,1461,1462,2.2622222222222190e-04,mixing_ratio:18.4_m:g_kg-1
907,7,7.9999998211860657e-01,3.8915662650602423e-02,1695,1696,1.3496879082595383e-04,wave_height:0_m:m
908,-2,-2.0000000000000000e+00,5.0000000000000001e-03,-1,-1,1.2500000000000233e-04,wind_direction:18.4_m:degrees
909,5,6.1049999237060547e+01,1.2839506172839498e-02,911,912,1.5037341868617631e-04,relative_humidity:18.4_m:%
910,2,2.7413500976562500e+02,3.1500000000000000e-02,1081,1082,4.4275000000000521e-04,water_sfc_temperature:0_m:K
911,3,1.0153000183105469e+03,3.8356164383561648e-03,1689,1690,1.2501407393507221e-04,pressure:18.4_m:hPa
912,2,2.7472000122070312e+02,1.6705882352941175e-02,989,990,1.1150173010380669e-04,water_sfc_temperature:0_m:K
913,2,2.7743000793457031e+02,3.3501896333754714e-03,1447,1448,4.2505685804747234e-05,water_sfc_temperature:0_m:K
914,2,2.7870500183105469e+02,1.3692307692307696e-02,1269,1270,1.4944378698225044e-04,water_sfc_temperature:0_m:K
915,-2,-2.0000000000000000e+00,-1.6666666666666666e-02,-1,-1,2.2222222222222196e-05,wind_direction:18.4_m:degrees
916,-2,-2.0000000000000000e+00,-7.3333333333333348e-02,-1,-1,2.2222222222219486e-05,wind_direction:18.4_m:degrees
917,-2,-2.0000000000000000e+00,2.6266666666666671e-01,-1,-1,2.9955555555555291e-04,wind_direction:18.4_m:degrees
918,-2,-2.0000000000000000e+00,2.2888888888888884e-01,-1,-1,2.0987654320987759e-04,wind_direction:18.4_m:degrees
919,8,5.0499999523162842e+00,8.9545454545454553e-02,1027,1028,4.1342975206611413e-04,wave_period:0_m:s
920,-2,-2.0000000000000000e+00,5.9000000000000011e-02,-1,-1,2.2900000000000698e-04,wind_direction:18.4_m:degrees
921,12,-1.0207502637058496e-03,-2.7297297297297296e-02,923,924,5.1701972242512793e-04,bulk_richardson:18.4_m:none
922,5,9.8750000000000000e+01,-1.2551724137931042e-02,1161,1162,3.6107491082045212e-04,relative_humidity:18.4_m:%
923,-2,-2.0000000000000000e+00,-8.3333333333333329e-02,-1,-1,2.2222222222222955e-05,wind_direction:18.4_m:degrees
924,-2,-2.0000000000000000e+00,-2.2352941176470589e-02,-1,-1,2.5916955017301019e-04,wind_direction:18.4_m:degrees
925,-2,-2.0000000000000000e+00,-8.0000000000000002e-02,-1,-1,2.4999999999999849e-05,wind_direction:18.4_m:degrees
926,-2,-2.0000000000000000e+00,-4.0000000000000001e-02,-1,-1,2.4999999999999849e-04,wind_direction:18.4_m:degrees
927,10,8.7952342033386230e+00,1.7129032258064517e-01,1637,1638,4.3704474505721486e-04,wind_speed:18.4_m:m_s-1
928,-2,-2.0000000000000000e+00,1.4111111111111110e-01,-1,-1,1.6543209876547504e-04,wind_direction:18.4_m:degrees
929,-2,-2.0000000000000000e+00,-5.2631578947368420e-04,-1,-1,4.9861495844875351e-06,wind_direction:18.4_m:degrees
930,0,9.9567855834960938e+01,-2.2000000000000006e-02,997,998,4.3199999999999955e-04,zenith:0_m:degrees
931,11,3.0340998840332031e+02,1.0000000000000001e-01,1915,1916,3.1250000000000375e-04,wind_direction:18.4_m:degrees
932,-2,-2.0000000000000000e+00,4.9999999999999996e-02,-1,-1,1.9999999999999445e-04,wind_direction:18.4_m:degrees
933,-2,-2.0000000000000000e+00,-8.0000000000000002e-02,-1,-1,0.0000000000000000e+00,wind_direction:18.4_m:degrees
934,2,2.8158999633789062e+02,-5.3719008264462758e-04,1369,1370,1.5467010450105880e-04,water_sfc_temperature:0_m:K
935,8,4.5499999523162842e+00,3.6564885496183211e-02,957,958,1.9354349979604940e-04,wave_period:0_m:s
936,9,8.9516365051269531e+01,2.1666666666666664e-02,1941,1942,2.5277777777778134e-04,angle_between_wind_wave:0_m:degrees
937,11,3.3375500488281250e+02,5.7760814249363870e-03,1031,1032,9.5644516960291179e-05,wind_direction:18.4_m:degrees
938,10,8.8304758071899414e+00,6.4676616915422904e-04,939,940,9.5269919061409861e-05,wind_speed:18.4_m:m_s-1
939,11,3.1852999877929688e+02,7.8073089700996770e-04,1343,1344,8.4606406110307854e-05,wind_direction:18.4_m:degrees
940,-2,-2.0000000000000000e+00,-8.0000000000000002e-02,-1,-1,4.1633363423443370e-17,wind_direction:18.4_m:degrees
941,-2,-2.0000000000000000e+00,6.6666666666666671e-03,-1,-1,3.7037037037037037e-05,wind_direction:18.4_m:degrees
942,8,7.5000000000000000e+00,2.4769230769230776e-02,1709,1710,1.6648520710059130e-04,wave_period:0_m:s
943,1,3.4640660095214844e+02,7.0461538461538450e-02,1687,1688,1.8594082840236569e-04,azimuth:0_m:degrees
944,-2,-2.0000000000000000e+00,1.4999999999999999e-01,-1,-1,-8.6736173798840355e-17,wind_direction:18.4_m:degrees
945,-2,-2.0000000000000000e+00,4.4117647058823532e-02,-1,-1,4.7750865051902555e-05,wind_direction:18.4_m:degrees
946,-2,-2.0000000000000000e+00,7.1176470588235299e-02,-1,-1,1.0449826989619628e-04,wind_direction:18.4_m:degrees
947,2,2.9239498901367188e+02,1.2478632478632486e-02,1855,1856,9.2146979326466610e-05,water_sfc_temperature:0_m:K
948,0,1.5259951782226562e+02,2.6666666666666668e-02,1725,1726,1.9365079365079327e-04,zenith:0_m:degrees
949,1,2.5487851715087891e+02,-1.0813008130081306e-02,1721,1722,1.1478617225196625e-04,azimuth:0_m:degrees
950,-2,-2.0000000000000000e+00,-8.9999999999999997e-02,-1,-1,-1.2143064331837650e-17,wind_direction:18.4_m:degrees
951,4,4.6814832687377930e+00,1.1590909090909091e-01,1777,1778,2.2417355371901100e-04,mixing_ratio:18.4_m:g_kg-1
952,-2,-2.0000000000000000e+00,9.0000000000000011e-02,-1,-1,8.7499999999999037e-05,wind_direction:18.4_m:degrees
953,3,1.0077000122070312e+03,-1.4516129032258067e-02,1201,1202,1.8928199791883445e-04,pressure:18.4_m:hPa
954,6,1.9750000000000000e+02,-2.5653846153846117e-02,1107,1108,4.8072633136095116e-04,wave_direction:0_m:degrees
955,-2,-2.0000000000000000e+00,9.4000000000000000e-02,-1,-1,3.0400000000000045e-04,wind_direction:18.4_m:degrees
956,4,1.0048729479312897e+00,1.3466666666666668e-01,1181,1182,8.6488888888889073e-04,mixing_ratio:18.4_m:g_kg-1
957,-2,-2.0000000000000000e+00,2.4000000000000000e-02,-1,-1,7.7333333333333334e-05,wind_direction:18.4_m:degrees
958,2,2.8785000610351562e+02,4.0297029702970298e-02,1947,1948,1.6723850602881900e-04,water_sfc_temperature:0_m:K
959,11,2.8167500305175781e+02,2.0266666666666672e-02,1465,1466,2.1326222222222188e-04,wind_direction:18.4_m:degrees
960,-2,-2.0000000000000000e+00,3.5483870967741938e-03,-1,-1,5.5150884495317732e-05,wind_direction:18.4_m:degrees
961,-2,-2.0000000000000000e+00,-8.0000000000000002e-02,-1,-1,0.0000000000000000e+00,wind_direction:18.4_m:degrees
962,0,7.7971012115478516e+01,-2.3409090909090921e-02,1353,1354,2.9065082644628103e-04,zenith:0_m:degrees
963,1,2.5186499786376953e+02,-1.9855072463768067e-02,1125,1126,3.5553455156480095e-04,azimuth:0_m:degrees
964,12,1.8230725079774857e-02,-2.7983193277310921e-02,1547,1548,1.9425181837442248e-04,bulk_richardson:18.4_m:none
965,12,-2.9039184562861919e-02,-2.8936170212765957e-03,1585,1586,1.0141421457673151e-04,bulk_richardson:18.4_m:none
966,3,1.0020500183105469e+03,4.6391752577319596e-03,995,996,2.8672547560846054e-04,pressure:18.4_m:hPa
967,12,-6.0843877494335175e-02,1.2434782608695653e-01,969,970,5.7240075614366573e-04,bulk_richardson:18.4_m:none
968,-2,-2.0000000000000000e+00,8.2500000000000004e-02,-1,-1,1.1874999999999733e-04,wind_direction:18.4_m:degrees
969,-2,-2.0000000000000000e+00,9.8571428571428560e-02,-1,-1,6.9387755102044008e-05,wind_direction:18.4_m:degrees
970,-2,-2.0000000000000000e+00,1.3562500000000002e-01,-1,-1,3.7460937499999430e-04,wind_direction:18.4_m:degrees
971,-2,-2.0000000000000000e+00,2.0666666666666667e-01,-1,-1,1.5555555555556155e-04,wind_direction:18.4_m:degrees
972,-2,-2.0000000000000000e+00,2.8999999999999998e-01,-1,-1,-1.3877787807814457e-17,wind_direction:18.4_m:degrees
973,-2,-2.0000000000000000e+00,1.6896551724137929e-02,-1,-1,9.0368608799048784e-05,wind_direction:18.4_m:degrees
974,-2,-2.0000000000000000e+00,3.3783783783783786e-02,-1,-1,1.3433162892622394e-04,wind_direction:18.4_m:degrees
975,12,1.1614577961154282e-03,-4.4594594594594607e-03,1279,1280,1.9497808619430224e-04,bulk_richardson:18.4_m:none
976,3,1.0042999877929688e+03,-2.5333333333333333e-02,977,978,8.3822222222222609e-04,pressure:18.4_m:hPa
977,2,2.9307499694824219e+02,-4.2222222222222223e-02,1463,1464,4.3950617283950604e-04,water_sfc_temperature:0_m:K
978,-2,-2.0000000000000000e+00,0.0000000000000000e+00,-1,-1,3.6666666666666678e-04,wind_direction:18.4_m:degrees
979,12,-1.1833927035331726e-01,9.8181818181818190e-02,1781,1782,3.6033057851239322e-04,bulk_richardson:18.4_m:none
980,1,2.6407615661621094e+02,7.3951612903225758e-02,981,982,2.9486862643080241e-04,azimuth:0_m:degrees
981,4,1.8267412781715393e+00,6.9072164948453585e-02,1245,1246,2.4346901902434163e-04,mixing_ratio:18.4_m:g_kg-1
982,-2,-2.0000000000000000e+00,9.1481481481481483e-02,-1,-1,8.6694101508943619e-05,wind_direction:18.4_m:degrees
983,-2,-2.0000000000000000e+00,-6.6666666666666680e-02,-1,-1,1.5555555555555461e-04,wind_direction:18.4_m:degrees
984,1,3.1750892639160156e+02,-9.5806451612903215e-02,1257,1258,5.5983350676378982e-04,azimuth:0_m:degrees
985,11,2.6409500122070312e+02,1.2941176470588239e-02,1733,1734,1.5605536332179913e-04,wind_direction:18.4_m:degrees
986,10,1.1880708694458008e+01,2.8815789473684222e-02,1087,1088,1.9728185595567830e-04,wind_speed:18.4_m:m_s-1
987,-2,-2.0000000000000000e+00,-4.1153846153846166e-02,-1,-1,1.4097633136094575e-04,wind_direction:18.4_m:degrees
988,1,1.3124417114257812e+02,-2.4351851851851854e-02,1775,1776,1.1902434842249649e-04,azimuth:0_m:degrees
989,-2,-2.0000000000000000e+00,1.4805194805194809e-02,-1,-1,7.6910102884128999e-05,wind_direction:18.4_m:degrees
990,-2,-2.0000000000000000e+00,3.4999999999999996e-02,-1,-1,7.4999999999999763e-05,wind_direction:18.4_m:degrees
991,-2,-2.0000000000000000e+00,-8.2631578947368431e-02,-1,-1,9.3074792243765664e-05,wind_direction:18.4_m:degrees
992,-2,-2.0000000000000000e+00,-4.4000000000000004e-02,-1,-1,6.4000000000001989e-05,wind_direction:18.4_m:degrees
993,10,1.8546951293945312e+01,1.5593750000000001e-01,1339,1340,3.3662109374999610e-04,wind_speed:18.4_m:m_s-1
994,-2,-2.0000000000000000e+00,1.3000000000000000e-01,-1,-1,8.3333333333344972e-05,wind_direction:18.4_m:degrees
995,2,2.9123500061035156e+02,-1.5116279069767443e-03,1365,1366,2.7562195781503517e-04,water_sfc_temperature:0_m:K
996,1,1.8088270568847656e+02,9.5370370370370366e-03,1235,1236,2.4145233196159132e-04,azimuth:0_m:degrees
997,2,2.7986000061035156e+02,-1.5277777777777779e-02,1405,1406,2.9714506172839503e-04,water_sfc_temperature:0_m:K
998,6,1.8050000000000000e+02,-3.9285714285714292e-02,1667,1668,3.6377551020408188e-04,wave_direction:0_m:degrees
999,-2,-2.0000000000000000e+00,1.1909090909090909e-01,-1,-1,1.7190082644628034e-04,wind_direction:18.4_m:degrees
1000,0,9.8262424468994141e+01,1.4629629629629629e-01,1017,1018,5.2702331961591506e-04,zenith:0_m:degrees
1001,-2,-2.0000000000000000e+00,6.1111111111111130e-02,-1,-1,2.0432098765431903e-04,wind_direction:18.4_m:degrees
1002,5,5.4450000762939453e+01,4.5238095238095244e-02,1351,1352,1.8049886621315228e-04,relative_humidity:18.4_m:%
1003,-2,-2.0000000000000000e+00,5.4444444444444441e-02,-1,-1,9.1358024691358484e-05,wind_direction:18.4_m:degrees
1004,-2,-2.0000000000000000e+00,2.6808510638297881e-02,-1,-1,8.1303757356269296e-05,wind_direction:18.4_m:degrees
1005,-2,-2.0000000000000000e+00,7.7894736842105280e-02,-1,-1,1.1135734072021883e-04,wind_direction:18.4_m:degrees
1006,-2,-2.0000000000000000e+00,1.1333333333333333e-01,-1,-1,2.2222222222209945e-05,wind_direction:18.4_m:degrees
1007,6,2.1050000000000000e+02,-4.4655172413793118e-02,1311,1312,2.3867419738406474e-04,wave_direction:0_m:degrees
1008,9,8.7476043701171875e+01,-6.0540540540540547e-02,2019,2020,1.8349159970781903e-04,angle_between_wind_wave:0_m:degrees
1009,12,-2.1272991783916950e-02,7.7586206896551753e-04,1011,1012,2.2526010701545785e-04,bulk_richardson:18.4_m:none
1010,11,2.8380999755859375e+02,7.4999999999999980e-03,1459,1460,1.3324275362318889e-04,wind_direction:18.4_m:degrees
1011,5,5.9799999237060547e+01,1.0000000000000004e-02,1013,1014,2.3170731707317053e-04,relative_humidity:18.4_m:%
1012,4,8.9250059127807617e+00,-4.2666666666666660e-03,1639,1640,1.4979555555555573e-04,mixing_ratio:18.4_m:g_kg-1
1013,-2,-2.0000000000000000e+00,4.1428571428571426e-02,-1,-1,2.4081632653061270e-04,wind_direction:18.4_m:degrees
1014,1,3.5489555358886719e+02,7.0666666666666681e-03,1305,1306,1.3006222222222203e-04,azimuth:0_m:degrees
1015,-2,-2.0000000000000000e+00,1.8285714285714283e-01,-1,-1,2.7755102040817603e-04,wind_direction:18.4_m:degrees
1016,-2,-2.0000000000000000e+00,2.1599999999999997e-01,-1,-1,1.8399999999999667e-04,wind_direction:18.4_m:degrees
1017,-2,-2.0000000000000000e+00,1.6250000000000001e-01,-1,-1,1.3541666666666563e-04,wind_direction:18.4_m:degrees
1018,3,1.0093500061035156e+03,1.3333333333333333e-01,1371,1372,4.6222222222222498e-04,pressure:18.4_m:hPa
1019,-2,-2.0000000000000000e+00,9.3333333333333338e-02,-1,-1,1.0000000000000113e-04,wind_direction:18.4_m:degrees
1020,8,4.7999999523162842e+00,1.2300000000000000e-01,1021,1022,8.2100000000000922e-04,wave_period:0_m:s
1021,-2,-2.0000000000000000e+00,5.0000000000000003e-02,-1,-1,0.0000000000000000e+00,wind_direction:18.4_m:degrees
1022,-2,-2.0000000000000000e+00,1.3111111111111109e-01,-1,-1,2.5432098765432870e-04,wind_direction:18.4_m:degrees
1023,10,6.0141930580139160e+00,6.8109820485744491e-04,1153,1154,5.7455851803449984e-05,wind_speed:18.4_m:m_s-1
1024,2,2.9005999755859375e+02,-2.2949117341640704e-03,1243,1244,9.1825799654721369e-05,water_sfc_temperature:0_m:K
1025,-2,-2.0000000000000000e+00,4.9375000000000002e-02,-1,-1,8.0859374999998901e-05,wind_direction:18.4_m:degrees
1026,-2,-2.0000000000000000e+00,9.6666666666666679e-02,-1,-1,1.5555555555556329e-04,wind_direction:18.4_m:degrees
1027,-2,-2.0000000000000000e+00,6.0000000000000012e-02,-1,-1,7.9999999999998909e-05,wind_direction:18.4_m:degrees
1028,-2,-2.0000000000000000e+00,9.8235294117647073e-02,-1,-1,1.7923875432525674e-04,wind_direction:18.4_m:degrees
1029,-2,-2.0000000000000000e+00,1.7499999999999999e-01,-1,-1,2.2499999999998910e-04,wind_direction:18.4_m:degrees
1030,-2,-2.0000000000000000e+00,1.1000000000000000e-01,-1,-1,1.7347234759768071e-18,wind_direction:18.4_m:degrees
1031,1,2.7274281311035156e+02,4.7683923705722098e-03,1499,1500,6.4183415126699216e-05,azimuth:0_m:degrees
1032,6,1.9150000000000000e+02,2.0000000000000000e-02,1263,1264,3.2307692307692603e-04,wave_direction:0_m:degrees
1033,4,1.1037907600402832e+00,1.1749999999999999e-01,1035,1036,5.9375000000000226e-04,mixing_ratio:18.4_m:g_kg-1
1034,-2,-2.0000000000000000e+00,9.4857142857142862e-02,-1,-1,2.6497959183673439e-04,wind_direction:18.4_m:degrees
1035,-2,-2.0000000000000000e+00,1.0363636363636362e-01,-1,-1,2.0495867768595757e-04,wind_direction:18.4_m:degrees
1036,-2,-2.0000000000000000e+00,1.4799999999999999e-01,-1,-1,9.5999999999988456e-05,wind_direction:18.4_m:degrees
1037,-2,-2.0000000000000000e+00,-2.4166666666666666e-02,-1,-1,1.7430555555555569e-04,wind_direction:18.4_m:degrees
1038,6,2.3550000000000000e+02,-1.1494252873563223e-03,1077,1078,1.5959836173867092e-04,wave_direction:0_m:degrees
1039,11,3.0174499511718750e+02,7.8333333333333338e-02,1823,1824,2.3611111111111315e-04,wind_direction:18.4_m:degrees
1040,-2,-2.0000000000000000e+00,1.0500000000000001e-01,-1,-1,2.2499999999998736e-04,wind_direction:18.4_m:degrees
1041,9,8.8332653045654297e+01,-3.9629629629629640e-02,1137,1138,3.0356652949245196e-04,angle_between_wind_wave:0_m:degrees
1042,-2,-2.0000000000000000e+00,-5.4666666666666683e-02,-1,-1,1.4488888888889535e-04,wind_direction:18.4_m:degrees
1043,-2,-2.0000000000000000e+00,-8.9999999999999997e-02,-1,-1,0.0000000000000000e+00,wind_direction:18.4_m:degrees
1044,-2,-2.0000000000000000e+00,-3.1250000000000000e-02,-1,-1,6.0937500000001095e-05,wind_direction:18.4_m:degrees
1045,5,8.7750000000000000e+01,-4.2494226327944602e-03,1479,1480,1.6069529412392214e-04,relative_humidity:18.4_m:%
1046,6,2.1550000000000000e+02,-2.8000000000000004e-02,1959,1960,3.5599999999998968e-04,wave_direction:0_m:degrees
1047,-2,-2.0000000000000000e+00,-4.9999999999999996e-02,-1,-1,1.5000000000000039e-04,wind_direction:18.4_m:degrees
1048,11,2.2335499572753906e+02,-1.2643678160919526e-02,1441,1442,3.4052054432553877e-04,wind_direction:18.4_m:degrees
1049,5,5.9350000381469727e+01,1.6862745098039224e-02,1711,1712,1.2349096501345605e-04,relative_humidity:18.4_m:%
1050,-2,-2.0000000000000000e+00,7.4358974358974383e-03,-1,-1,8.5733070348455984e-05,wind_direction:18.4_m:degrees
1051,5,5.1049999237060547e+01,-1.3444302176696527e-03,1529,1530,1.5632310918239009e-04,relative_humidity:18.4_m:%
1052,11,2.6852500915527344e+02,1.4545454545454545e-02,1053,1054,5.0661157024793537e-04,wind_direction:18.4_m:degrees
1053,-2,-2.0000000000000000e+00,8.0000000000000002e-02,-1,-1,0.0000000000000000e+00,wind_direction:18.4_m:degrees
1054,-2,-2.0000000000000000e+00,8.0000000000000002e-03,-1,-1,8.6000000000000044e-05,wind_direction:18.4_m:degrees
1055,4,9.2619028687477112e-01,1.0657534246575341e-01,1057,1058,4.3895665227996865e-04,mixing_ratio:18.4_m:g_kg-1
1056,-2,-2.0000000000000000e+00,1.4999999999999999e-01,-1,-1,2.0816681711721685e-17,wind_direction:18.4_m:degrees
1057,8,4.4000000953674316e+00,1.3125000000000001e-01,1963,1964,4.3593750000000403e-04,wave_period:0_m:s
1058,2,2.7711000061035156e+02,1.0353846153846157e-01,1059,1060,3.5517159763313357e-04,water_sfc_temperature:0_m:K
1059,-2,-2.0000000000000000e+00,1.1000000000000000e-01,-1,-1,2.0769230769230110e-04,wind_direction:18.4_m:degrees
1060,-2,-2.0000000000000000e+00,7.7692307692307699e-02,-1,-1,1.1005917159764237e-04,wind_direction:18.4_m:degrees
1061,5,7.2750000000000000e+01,6.4193548387096774e-02,1729,1730,1.6628511966701540e-04,relative_humidity:18.4_m:%
1062,-2,-2.0000000000000000e+00,9.1000000000000011e-02,-1,-1,1.2899999999999023e-04,wind_direction:18.4_m:degrees
1063,-2,-2.0000000000000000e+00,1.7647058823529412e-02,-1,-1,1.4740484429065747e-04,wind_direction:18.4_m:degrees
1064,7,6.5000000596046448e-01,3.6058394160583915e-02,1147,1148,1.5672651712931359e-04,wave_height:0_m:m
1065,-2,-2.0000000000000000e+00,3.1250000000000007e-02,-1,-1,1.6927083333333204e-04,wind_direction:18.4_m:degrees
1066,-2,-2.0000000000000000e+00,6.1249999999999999e-02,-1,-1,1.0937499999998362e-05,wind_direction:18.4_m:degrees
1067,-2,-2.0000000000000000e+00,3.6725663716814174e-03,-1,-1,6.5715796068603618e-05,wind_direction:18.4_m:degrees
1068,7,5.5000001192092896e-01,-2.6666666666666668e-02,1069,1070,2.0222222222222187e-03,wave_height:0_m:m
1069,-2,-2.0000000000000000e+00,-8.9999999999999997e-02,-1,-1,0.0000000000000000e+00,wind_direction:18.4_m:degrees
1070,-2,-2.0000000000000000e+00,5.0000000000000001e-03,-1,-1,2.4999999999999723e-05,wind_direction:18.4_m:degrees
1071,-2,-2.0000000000000000e+00,2.8111111111111114e-01,-1,-1,7.6543209876531182e-05,wind_direction:18.4_m:degrees
1072,9,8.9963485717773438e+01,2.5536585365853665e-01,1073,1074,7.8584176085662316e-04,angle_between_wind_wave:0_m:degrees
1073,1,2.6116598510742188e+02,2.5863013698630138e-01,1075,1076,7.6250703696749411e-04,azimuth:0_m:degrees
1074,-2,-2.0000000000000000e+00,2.2888888888888889e-01,-1,-1,1.8765432098784979e-04,wind_direction:18.4_m:degrees
1075,1,2.5967665100097656e+02,2.6274193548387098e-01,1213,1214,6.7796566077002463e-04,azimuth:0_m:degrees
1076,3,1.0131999816894531e+03,2.3545454545454544e-01,1599,1600,6.0661157024764073e-04,pressure:18.4_m:hPa
1077,-2,-2.0000000000000000e+00,9.8765432098765434e-04,-1,-1,1.0519737844840726e-04,wind_direction:18.4_m:degrees
1078,-2,-2.0000000000000000e+00,-2.9999999999999999e-02,-1,-1,1.0842021724855044e-19,wind_direction:18.4_m:degrees
1079,1,1.5502760314941406e+02,1.1818181818181825e-02,1793,1794,8.7603305785123820e-05,azimuth:0_m:degrees
1080,0,1.0281711196899414e+02,2.3230769230769242e-02,1083,1084,1.5417751479289996e-04,zenith:0_m:degrees
1081,-2,-2.0000000000000000e+00,6.6666666666666671e-03,-1,-1,1.2222222222222221e-04,wind_direction:18.4_m:degrees
1082,4,2.2404624223709106e+00,4.2142857142857149e-02,2017,2018,2.0255102040816326e-04,mixing_ratio:18.4_m:g_kg-1
1083,-2,-2.0000000000000000e+00,1.5405405405405408e-02,-1,-1,4.6457268078889564e-05,wind_direction:18.4_m:degrees
1084,-2,-2.0000000000000000e+00,3.3571428571428572e-02,-1,-1,1.0867346938775403e-04,wind_direction:18.4_m:degrees
1085,-2,-2.0000000000000000e+00,1.0500000000000001e-02,-1,-1,8.9749999999999959e-05,wind_direction:18.4_m:degrees
1086,-2,-2.0000000000000000e+00,-7.4074074074074077e-03,-1,-1,1.9204389574759890e-05,wind_direction:18.4_m:degrees
1087,-2,-2.0000000000000000e+00,2.5606060606060615e-02,-1,-1,1.1857208448117526e-04,wind_direction:18.4_m:degrees
1088,-2,-2.0000000000000000e+00,5.0000000000000003e-02,-1,-1,1.9999999999999402e-04,wind_direction:18.4_m:degrees
1089,-2,-2.0000000000000000e+00,1.7833333333333334e-01,-1,-1,2.1388888888888846e-04,wind_direction:18.4_m:degrees
1090,-2,-2.0000000000000000e+00,1.3857142857142857e-01,-1,-1,2.4081632653061638e-04,wind_direction:18.4_m:degrees
1091,12,6.7270975559949875e-03,-4.2758620689655177e-02,1315,1316,2.1537851763773434e-04,bulk_richardson:18.4_m:none
1092,-2,-2.0000000000000000e+00,-3.1807228915662657e-02,-1,-1,1.7625199593555179e-04,wind_direction:18.4_m:degrees
1093,-2,-2.0000000000000000e+00,4.1666666666666664e-02,-1,-1,1.0055555555555469e-04,wind_direction:18.4_m:degrees
1094,-2,-2.0000000000000000e+00,1.8571428571428572e-02,-1,-1,1.1224489795918320e-04,wind_direction:18.4_m:degrees
1095,10,8.1436524391174316e+00,5.3684210526315800e-02,1779,1780,2.0747922437673203e-04,wind_speed:18.4_m:m_s-1
1096,-2,-2.0000000000000000e+00,3.0769230769230774e-02,-1,-1,5.3254437869819588e-05,wind_direction:18.4_m:degrees
1097,-2,-2.0000000000000000e+00,1.2800000000000000e-01,-1,-1,2.2933333333332792e-04,wind_direction:18.4_m:degrees
1098,-2,-2.0000000000000000e+00,1.5400000000000000e-01,-1,-1,2.0399999999999585e-04,wind_direction:18.4_m:degrees
1099,-2,-2.0000000000000000e+00,9.8571428571428560e-02,-1,-1,2.9795918367347095e-04,wind_direction:18.4_m:degrees
1100,-2,-2.0000000000000000e+00,6.5714285714285711e-02,-1,-1,2.5306122448979281e-04,wind_direction:18.4_m:degrees
1101,11,2.8759500122070312e+02,4.4166666666666667e-02,1741,1742,2.5763888888888906e-04,wind_direction:18.4_m:degrees
1102,9,9.1107719421386719e+01,6.0087719298245593e-02,1103,1104,3.4648353339489539e-04,angle_between_wind_wave:0_m:degrees
1103,11,3.1313999938964844e+02,5.7272727272727260e-02,1105,1106,3.0064279155188637e-04,wind_direction:18.4_m:degrees
1104,6,2.1250000000000000e+02,7.8666666666666676e-02,1509,1510,2.5155555555555435e-04,wave_direction:0_m:degrees
1105,-2,-2.0000000000000000e+00,4.7608695652173919e-02,-1,-1,1.5297731568998055e-04,wind_direction:18.4_m:degrees
1106,0,6.6227615356445312e+01,6.5660377358490590e-02,1701,1702,2.7739409042364365e-04,zenith:0_m:degrees
1107,8,4.0999999046325684e+00,-2.7980295566502427e-02,1109,1110,5.0971389744958878e-04,wave_period:0_m:s
1108,5,9.8149997711181641e+01,-1.7368421052631585e-02,1113,1114,2.8956602031394979e-04,relative_humidity:18.4_m:%
1109,6,1.9500000000000000e+02,-4.0000000000000008e-02,1111,1112,9.6410256410256294e-04,wave_direction:0_m:degrees
1110,9,9.0359401702880859e+01,-2.5121951219512190e-02,1205,1206,3.5913146936347707e-04,angle_between_wind_wave:0_m:degrees
1111,5,9.3400001525878906e+01,-3.7105263157894745e-02,1115,1116,6.6267313019390483e-04,relative_humidity:18.4_m:%
1112,-2,-2.0000000000000000e+00,-1.4999999999999999e-01,-1,-1,1.7347234759768071e-17,wind_direction:18.4_m:degrees
1113,8,4.9500000476837158e+00,-2.1632653061224496e-02,1829,1830,1.7284464806330675e-04,wave_period:0_m:s
1114,-2,-2.0000000000000000e+00,8.7500000000000008e-03,-1,-1,2.1093750000000054e-04,wind_direction:18.4_m:degrees
1115,0,6.8625097274780273e+01,-6.4285714285714293e-02,1117,1118,2.4244897959183661e-03,zenith:0_m:degrees
1116,-2,-2.0000000000000000e+00,-3.0967741935483878e-02,-1,-1,6.0353798126949916e-05,wind_direction:18.4_m:degrees
1117,-2,-2.0000000000000000e+00,-4.5000000000000005e-02,-1,-1,2.2499999999999951e-04,wind_direction:18.4_m:degrees
1118,-2,-2.0000000000000000e+00,-1.7999999999999999e-01,-1,-1,0.0000000000000000e+00,wind_direction:18.4_m:degrees
1119,5,6.5149997711181641e+01,1.9770992366412214e-02,1515,1516,1.4880251733582014e-04,relative_humidity:18.4_m:%
1120,10,8.4241971969604492e+00,3.2439024390243917e-02,1939,1940,1.4527067221891711e-04,wind_speed:18.4_m:m_s-1
1121,-2,-2.0000000000000000e+00,-5.0000000000000010e-02,-1,-1,1.9999999999999922e-04,wind_direction:18.4_m:degrees
1122,-2,-2.0000000000000000e+00,-1.4000000000000002e-02,-1,-1,2.4000000000001803e-05,wind_direction:18.4_m:degrees
1123,0,1.3097068786621094e+02,2.4576271186440686e-02,1747,1748,1.2990519965527109e-04,zenith:0_m:degrees
1124,-2,-2.0000000000000000e+00,1.2643678160919544e-02,-1,-1,8.8413264632052269e-05,wind_direction:18.4_m:degrees
1125,11,2.7711500549316406e+02,-1.7004048582995937e-02,1307,1308,1.6916192692881379e-04,wind_direction:18.4_m:degrees
1126,0,3.6933200836181641e+01,-2.4071856287425152e-02,1127,1128,6.0138405823085509e-04,zenith:0_m:degrees
1127,-2,-2.0000000000000000e+00,-1.6000000000000000e-01,-1,-1,0.0000000000000000e+00,wind_direction:18.4_m:degrees
1128,12,4.4848457910120487e-03,-2.2424242424242423e-02,1129,1130,3.8200183654729094e-04,bulk_richardson:18.4_m:none
1129,-2,-2.0000000000000000e+00,-1.7000000000000001e-01,-1,-1,0.0000000000000000e+00,wind_direction:18.4_m:degrees
1130,7,1.9999999403953552e+00,-2.1524390243902434e-02,1155,1156,2.5072501487209941e-04,wave_height:0_m:m
1131,-2,-2.0000000000000000e+00,8.8000000000000009e-02,-1,-1,1.3599999999999376e-04,wind_direction:18.4_m:degrees
1132,-2,-2.0000000000000000e+00,5.5714285714285716e-02,-1,-1,2.4489795918369774e-05,wind_direction:18.4_m:degrees
1133,5,7.2799999237060547e+01,6.0606060606060623e-03,1925,1926,6.4784205693296592e-05,relative_humidity:18.4_m:%
1134,6,1.5800000000000000e+02,-2.6000000000000002e-02,1135,1136,1.3439999999999986e-03,wave_direction:0_m:degrees
1135,-2,-2.0000000000000000e+00,3.3333333333333335e-03,-1,-1,8.8888888888888880e-05,wind_direction:18.4_m:degrees
1136,-2,-2.0000000000000000e+00,-7.0000000000000007e-02,-1,-1,-8.6736173798840355e-19,wind_direction:18.4_m:degrees
1137,-2,-2.0000000000000000e+00,2.9999999999999999e-02,-1,-1,0.0000000000000000e+00,wind_direction:18.4_m:degrees
1138,1,6.5370437622070312e+01,-4.0943396226415109e-02,1691,1692,2.1609113563545736e-04,azimuth:0_m:degrees
1139,9,8.9401115417480469e+01,4.2000000000000010e-02,1507,1508,3.2266666666666598e-04,angle_between_wind_wave:0_m:degrees
1140,-2,-2.0000000000000000e+00,6.6000000000000017e-02,-1,-1,9.3999999999996864e-05,wind_direction:18.4_m:degrees
1141,3,1.0153500061035156e+03,-1.7664670658682640e-02,1291,1292,1.6161210513105485e-04,pressure:18.4_m:hPa
1142,12,1.1682431795634329e-03,-9.1071428571428605e-03,1385,1386,1.8313137755102089e-04,bulk_richardson:18.4_m:none
1143,-2,-2.0000000000000000e+00,7.7500000000000013e-02,-1,-1,3.5624999999999633e-04,wind_direction:18.4_m:degrees
1144,-2,-2.0000000000000000e+00,1.0666666666666666e-01,-1,-1,6.6666666666664529e-05,wind_direction:18.4_m:degrees
1145,-2,-2.0000000000000000e+00,5.6923076923076937e-02,-1,-1,2.0591715976331316e-04,wind_direction:18.4_m:degrees
1146,5,6.1450000762939453e+01,7.2272727272727280e-02,1457,1458,2.8119834710743381e-04,relative_humidity:18.4_m:%
1147,2,2.8709999084472656e+02,3.8309859154929564e-02,1813,1814,1.3986642861865944e-04,water_sfc_temperature:0_m:K
1148,3,1.0183500061035156e+03,2.8196721311475416e-02,1917,1918,1.3609244826660871e-04,pressure:18.4_m:hPa
1149,5,6.6350002288818359e+01,-4.6369796708615515e-03,1739,1740,8.0821749638502983e-05,relative_humidity:18.4_m:%
1150,12,7.1829684078693390e-02,-8.2184873949579639e-03,1151,1152,1.7464133888849640e-04,bulk_richardson:18.4_m:none
1151,10,5.8839697837829590e+00,-7.9222972972972754e-03,1493,1494,1.5801423256026331e-04,wind_speed:18.4_m:m_s-1
1152,-2,-2.0000000000000000e+00,-6.6666666666666666e-02,-1,-1,2.2222222222215149e-05,wind_direction:18.4_m:degrees
1153,5,9.6049999237060547e+01,4.3760129659643451e-04,1521,1522,5.5508126931257285e-05,relative_humidity:18.4_m:%
1154,-2,-2.0000000000000000e+00,1.1162790697674421e-02,-1,-1,2.8880475932937329e-05,wind_direction:18.4_m:degrees
1155,12,1.7597801983356476e-02,-1.9866666666666668e-02,1419,1420,1.9198222222222233e-04,bulk_richardson:18.4_m:none
1156,2,2.8375500488281250e+02,-3.9285714285714292e-02,1157,1158,5.3520408163264775e-04,water_sfc_temperature:0_m:K
1157,-2,-2.0000000000000000e+00,-2.5000000000000001e-02,-1,-1,2.4999999999999957e-05,wind_direction:18.4_m:degrees
1158,-2,-2.0000000000000000e+00,-7.5000000000000011e-02,-1,-1,2.4999999999998981e-05,wind_direction:18.4_m:degrees
1159,-2,-2.0000000000000000e+00,7.2692307692307709e-02,-1,-1,1.3505917159763181e-04,wind_direction:18.4_m:degrees
1160,-2,-2.0000000000000000e+00,1.1000000000000001e-01,-1,-1,2.9999999999998431e-04,wind_direction:18.4_m:degrees
1161,9,8.9172698974609375e+01,-5.5932203389830503e-03,1631,1632,1.1956334386670497e-04,angle_between_wind_wave:0_m:degrees
1162,10,5.6490113735198975e+00,-1.7325581395348844e-02,1163,1164,4.7075446187128150e-04,wind_speed:18.4_m:m_s-1
1163,6,1.9100000000000000e+02,-1.4605263157894741e-02,1271,1272,4.2484418282548485e-04,wave_direction:0_m:degrees
1164,7,8.4999999403953552e-01,-3.7999999999999999e-02,1879,1880,3.3599999999999993e-04,wave_height:0_m:m
1165,-2,-2.0000000000000000e+00,1.8333333333333333e-02,-1,-1,1.1388888888888869e-04,wind_direction:18.4_m:degrees
1166,-2,-2.0000000000000000e+00,5.0000000000000010e-02,-1,-1,1.0000000000000200e-04,wind_direction:18.4_m:degrees
1167,-2,-2.0000000000000000e+00,-1.9245773732119650e-03,-1,-1,6.3396131973532296e-05,wind_direction:18.4_m:degrees
1168,12,-1.8745801411569118e-02,-5.7809694793536769e-03,1169,1170,1.6478505974233619e-04,bulk_richardson:18.4_m:none
1169,-2,-2.0000000000000000e+00,-2.3701298701298713e-03,-1,-1,8.9512354528588242e-05,wind_direction:18.4_m:degrees
1170,11,2.0437500000000000e+02,-1.0000000000000005e-02,1171,1172,2.2570281124498082e-04,wind_direction:18.4_m:degrees
1171,8,7.5000000000000000e+00,-2.0344827586206902e-02,1177,1178,2.4815695600475591e-04,wave_period:0_m:s
1172,6,2.1750000000000000e+02,-6.8586387434554988e-03,1173,1174,1.7651928401085515e-04,wave_direction:0_m:degrees
1173,-2,-2.0000000000000000e+00,-1.7948717948717949e-03,-1,-1,1.1387245233399082e-04,wind_direction:18.4_m:degrees
1174,4,1.1746770858764648e+01,-1.4864864864864869e-02,1175,1176,1.7092768444119784e-04,mixing_ratio:18.4_m:g_kg-1
1175,2,2.8947500610351562e+02,-1.3333333333333338e-02,1985,1986,8.8888888888888676e-05,water_sfc_temperature:0_m:K
1176,-2,-2.0000000000000000e+00,-7.0000000000000007e-02,-1,-1,8.6736173798840355e-19,wind_direction:18.4_m:degrees
1177,-2,-2.0000000000000000e+00,-1.8571428571428579e-02,-1,-1,1.6581632653061179e-04,wind_direction:18.4_m:degrees
1178,-2,-2.0000000000000000e+00,-7.0000000000000007e-02,-1,-1,8.6736173798840355e-18,wind_direction:18.4_m:degrees
1179,6,2.1250000000000000e+02,5.2888888888888909e-02,1931,1932,2.3832098765431660e-04,wave_direction:0_m:degrees
1180,11,2.7226499938964844e+02,6.8157894736842112e-02,1653,1654,2.0976454293629519e-04,wind_direction:18.4_m:degrees
1181,-2,-2.0000000000000000e+00,1.4545454545454548e-01,-1,-1,2.2479338842973720e-04,wind_direction:18.4_m:degrees
1182,12,-1.1647206172347069e-01,1.0500000000000001e-01,1183,1184,1.4250000000000131e-03,bulk_richardson:18.4_m:none
1183,-2,-2.0000000000000000e+00,4.0000000000000001e-02,-1,-1,0.0000000000000000e+00,wind_direction:18.4_m:degrees
1184,-2,-2.0000000000000000e+00,1.2666666666666668e-01,-1,-1,2.2222222222222088e-05,wind_direction:18.4_m:degrees
1185,-2,-2.0000000000000000e+00,4.9999999999999996e-02,-1,-1,1.0000000000000026e-04,wind_direction:18.4_m:degrees
1186,-2,-2.0000000000000000e+00,1.6875000000000001e-02,-1,-1,2.3398437499999976e-04,wind_direction:18.4_m:degrees
1187,-2,-2.0000000000000000e+00,6.6666666666666666e-02,-1,-1,1.0555555555555578e-04,wind_direction:18.4_m:degrees
1188,-2,-2.0000000000000000e+00,9.5454545454545459e-02,-1,-1,1.8842975206611115e-04,wind_direction:18.4_m:degrees
1189,4,1.5087739229202271e+00,1.0285714285714288e-01,2015,2016,3.7755102040815981e-04,mixing_ratio:18.4_m:g_kg-1
1190,12,-4.2819702625274658e-01,1.2555555555555553e-01,1281,1282,2.9876543209877982e-04,bulk_richardson:18.4_m:none
1191,5,7.2049999237060547e+01,-1.1162790697674422e-03,1193,1194,2.2945159545700405e-04,relative_humidity:18.4_m:%
1192,-2,-2.0000000000000000e+00,-6.3406593406593031e-03,-1,-1,1.2276307209274241e-04,wind_direction:18.4_m:degrees
1193,2,2.7705000305175781e+02,-1.6981132075471709e-03,1195,1196,2.0843716625133500e-04,water_sfc_temperature:0_m:K
1194,-2,-2.0000000000000000e+00,4.0000000000000001e-02,-1,-1,1.9732479539236181e-17,wind_direction:18.4_m:degrees
1195,-2,-2.0000000000000000e+00,8.9999999999999997e-02,-1,-1,0.0000000000000000e+00,wind_direction:18.4_m:degrees
1196,1,6.1511305570602417e+00,-2.1327014218009491e-03,1197,1198,1.6938523393454774e-04,azimuth:0_m:degrees
1197,-2,-2.0000000000000000e+00,2.2499999999999999e-02,-1,-1,1.8749999999999995e-05,wind_direction:18.4_m:degrees
1198,-2,-2.0000000000000000e+00,-3.1034482758620706e-03,-1,-1,1.5046713096653649e-04,wind_direction:18.4_m:degrees
1199,10,1.2770009994506836e+01,1.5515151515151518e-01,1743,1744,3.7043158861340894e-04,wind_speed:18.4_m:m_s-1
1200,-2,-2.0000000000000000e+00,1.0500000000000001e-01,-1,-1,2.5000000000063166e-05,wind_direction:18.4_m:degrees
1201,9,8.9308937072753906e+01,-5.8064516129032245e-03,1905,1906,1.2112382934443292e-04,angle_between_wind_wave:0_m:degrees
1202,-2,-2.0000000000000000e+00,-2.3225806451612908e-02,-1,-1,1.0572320499479669e-04,wind_direction:18.4_m:degrees
1203,5,6.9100002288818359e+01,1.6857142857142859e-02,2009,2010,1.3012244897959177e-04,relative_humidity:18.4_m:%
1204,-2,-2.0000000000000000e+00,-3.4482758620689685e-04,-1,-1,5.8501783590962903e-05,wind_direction:18.4_m:degrees
1205,2,2.9381001281738281e+02,-2.3028169014084506e-02,1261,1262,1.4787244594326513e-04,water_sfc_temperature:0_m:K
1206,9,9.0366733551025391e+01,-3.8636363636363642e-02,1207,1208,1.5117768595041357e-03,angle_between_wind_wave:0_m:degrees
1207,-2,-2.0000000000000000e+00,-2.0999999999999999e-01,-1,-1,0.0000000000000000e+00,wind_direction:18.4_m:degrees
1208,-2,-2.0000000000000000e+00,-3.0476190476190483e-02,-1,-1,1.1882086167800418e-04,wind_direction:18.4_m:degrees
1209,12,4.0549008175730705e-02,-1.2184813753581564e-02,1615,1616,1.6177386679912413e-04,bulk_richardson:18.4_m:none
1210,5,9.8049999237060547e+01,-2.7142857142857146e-02,1211,1212,4.2993197278907102e-04,relative_humidity:18.4_m:%
1211,-2,-2.0000000000000000e+00,-1.0833333333333334e-02,-1,-1,9.0972222222222119e-05,wind_direction:18.4_m:degrees
1212,-2,-2.0000000000000000e+00,-4.8888888888888891e-02,-1,-1,5.4320987654321671e-05,wind_direction:18.4_m:degrees
1213,7,1.9499999880790710e+00,2.6163934426229507e-01,1215,1216,6.1370599301265039e-04,wave_height:0_m:m
1214,-2,-2.0000000000000000e+00,3.3000000000000002e-01,-1,-1,1.6653345369377348e-16,wind_direction:18.4_m:degrees
1215,6,2.3350000000000000e+02,2.5214285714285717e-01,1217,1218,7.4540816326532089e-04,wave_direction:0_m:degrees
1216,0,6.5289546966552734e+01,2.6969696969696977e-01,1467,1468,3.6051423324151566e-04,zenith:0_m:degrees
1217,1,7.3068092346191406e+01,2.4454545454545462e-01,1219,1220,6.7933884297521896e-04,azimuth:0_m:degrees
1218,-2,-2.0000000000000000e+00,2.8000000000000003e-01,-1,-1,2.7755575615628914e-17,wind_direction:18.4_m:degrees
1219,-2,-2.0000000000000000e+00,2.6181818181818178e-01,-1,-1,1.7851239669423868e-04,wind_direction:18.4_m:degrees
1220,4,1.3932458162307739e+00,2.2727272727272724e-01,1337,1338,5.8347107438011525e-04,mixing_ratio:18.4_m:g_kg-1
1221,0,2.5232404708862305e+01,-6.4705882352941203e-03,1975,1976,1.4489619377162623e-04,zenith:0_m:degrees
1222,8,4.9500000476837158e+00,-1.3639846743295004e-02,1757,1758,1.2429940840563209e-04,wave_period:0_m:s
1223,-2,-2.0000000000000000e+00,1.6000000000000000e-01,-1,-1,0.0000000000000000e+00,wind_direction:18.4_m:degrees
1224,-2,-2.0000000000000000e+00,2.2861111111111118e-01,-1,-1,1.5084876543206699e-04,wind_direction:18.4_m:degrees
1225,9,8.9367683410644531e+01,4.5833333333333337e-02,1651,1652,3.0347222222222190e-04,angle_between_wind_wave:0_m:degrees
1226,-2,-2.0000000000000000e+00,2.0000000000000000e-02,-1,-1,1.7500000000000284e-04,wind_direction:18.4_m:degrees
1227,11,2.9903500366210938e+02,1.2083333333333338e-01,1229,1230,2.9652777777778097e-04,wind_direction:18.4_m:degrees
1228,12,-3.8265381008386612e-02,1.4000000000000004e-01,1421,1422,3.7894736842106549e-04,bulk_richardson:18.4_m:none
1229,-2,-2.0000000000000000e+00,1.1612903225806455e-01,-1,-1,1.8501560874088600e-04,wind_direction:18.4_m:degrees
1230,-2,-2.0000000000000000e+00,1.4999999999999999e-01,-1,-1,-1.3877787807814457e-17,wind_direction:18.4_m:degrees
1231,-2,-2.0000000000000000e+00,7.8750000000000014e-02,-1,-1,3.1093749999999611e-04,wind_direction:18.4_m:degrees
1232,-2,-2.0000000000000000e+00,4.4999999999999998e-02,-1,-1,7.4999999999999546e-05,wind_direction:18.4_m:degrees
1233,-2,-2.0000000000000000e+00,-3.2727272727272726e-03,-1,-1,3.2925619834710739e-05,wind_direction:18.4_m:degrees
1234,-2,-2.0000000000000000e+00,-1.4687500000000006e-02,-1,-1,9.5735677083333008e-05,wind_direction:18.4_m:degrees
1235,5,7.8400001525878906e+01,2.2916666666666671e-03,1973,1974,1.5099826388888888e-04,relative_humidity:18.4_m:%
1236,1,2.7798529052734375e+02,1.5333333333333334e-02,1505,1506,2.3822222222222222e-04,azimuth:0_m:degrees
1237,9,8.9579956054687500e+01,8.7727272727272737e-02,1259,1260,2.8119834710743988e-04,angle_between_wind_wave:0_m:degrees
1238,-2,-2.0000000000000000e+00,2.0000000000000000e-02,-1,-1,8.4025668367626594e-17,wind_direction:18.4_m:degrees
1239,-2,-2.0000000000000000e+00,-7.5295857988165321e-03,-1,-1,7.4222497461574235e-05,wind_direction:18.4_m:degrees
1240,-2,-2.0000000000000000e+00,4.0000000000000001e-02,-1,-1,-8.8904578143811364e-17,wind_direction:18.4_m:degrees
1241,-2,-2.0000000000000000e+00,8.9999999999999997e-02,-1,-1,0.0000000000000000e+00,wind_direction:18.4_m:degrees
1242,-2,-2.0000000000000000e+00,4.4999999999999998e-02,-1,-1,4.2500000000000220e-04,wind_direction:18.4_m:degrees
1243,-2,-2.0000000000000000e+00,1.0638297872340428e-03,-1,-1,4.2130677531311293e-05,wind_direction:18.4_m:degrees
1244,8,4.7500000000000000e+00,-3.6857562408223223e-03,1361,1362,1.0579846084513382e-04,wave_period:0_m:s
1245,3,1.0113500061035156e+03,7.1379310344827571e-02,1247,1248,2.1418945699564190e-04,pressure:18.4_m:hPa
1246,-2,-2.0000000000000000e+00,4.9000000000000002e-02,-1,-1,4.9000000000008672e-05,wind_direction:18.4_m:degrees
1247,-2,-2.0000000000000000e+00,6.0967741935483891e-02,-1,-1,9.9063475546304087e-05,wind_direction:18.4_m:degrees
1248,-2,-2.0000000000000000e+00,7.7142857142857138e-02,-1,-1,1.8469387755102717e-04,wind_direction:18.4_m:degrees
1249,6,2.1150000000000000e+02,-3.6447368421052624e-02,1871,1872,2.6764196675900173e-04,wave_direction:0_m:degrees
1250,12,1.3940042350441217e-02,-2.2000000000000006e-02,1357,1358,2.6266666666666946e-04,bulk_richardson:18.4_m:none
1251,10,4.7931356430053711e+00,-3.0434782608695653e-02,1253,1254,4.4763705103969783e-04,wind_speed:18.4_m:m_s-1
1252,10,8.6484751701354980e+00,-1.5151515151515152e-02,1679,1680,1.5831037649219356e-04,wind_speed:18.4_m:m_s-1
1253,-2,-2.0000000000000000e+00,-4.2857142857142859e-03,-1,-1,5.3061224489795919e-05,wind_direction:18.4_m:degrees
1254,1,2.9495523071289062e+02,-3.5128205128205130e-02,1255,1256,3.7370151216305062e-04,azimuth:0_m:degrees
1255,-2,-2.0000000000000000e+00,-2.4285714285714285e-02,-1,-1,2.1496598639455773e-04,wind_direction:18.4_m:degrees
1256,-2,-2.0000000000000000e+00,-4.7777777777777773e-02,-1,-1,2.6172839506172826e-04,wind_direction:18.4_m:degrees
1257,10,1.3676383972167969e+01,-9.8965517241379308e-02,1903,1904,4.3686087990487711e-04,wind_speed:18.4_m:m_s-1
1258,-2,-2.0000000000000000e+00,-5.0000000000000003e-02,-1,-1,9.9999999999986818e-05,wind_direction:18.4_m:degrees
1259,-2,-2.0000000000000000e+00,6.1666666666666668e-02,-1,-1,8.0555555555556369e-05,wind_direction:18.4_m:degrees
1260,-2,-2.0000000000000000e+00,9.0333333333333363e-02,-1,-1,2.2655555555555450e-04,wind_direction:18.4_m:degrees
1261,-2,-2.0000000000000000e+00,-2.2357142857142860e-02,-1,-1,1.1801530612244886e-04,wind_direction:18.4_m:degrees
1262,-2,-2.0000000000000000e+00,-7.0000000000000007e-02,-1,-1,-1.3877787807814457e-17,wind_direction:18.4_m:degrees
1263,-2,-2.0000000000000000e+00,3.3076923076923087e-02,-1,-1,2.2130177514792819e-04,wind_direction:18.4_m:degrees
1264,-2,-2.0000000000000000e+00,6.9230769230769224e-03,-1,-1,8.2840236686390633e-05,wind_direction:18.4_m:degrees
1265,-2,-2.0000000000000000e+00,9.4375000000000001e-02,-1,-1,4.9609375000002343e-05,wind_direction:18.4_m:degrees
1266,1,1.0600411605834961e+02,7.0000000000000007e-02,1581,1582,3.8571428571427830e-04,azimuth:0_m:degrees
1267,0,6.7852230072021484e+01,2.7500000000000000e-02,1323,1324,1.0687500000000000e-03,zenith:0_m:degrees
1268,0,1.3986196136474609e+02,-5.9705882352941199e-03,1633,1634,9.9940311418685227e-05,zenith:0_m:degrees
1269,-2,-2.0000000000000000e+00,1.2222222222222226e-02,-1,-1,8.3950617283950498e-05,wind_direction:18.4_m:degrees
1270,-2,-2.0000000000000000e+00,5.9999999999999998e-02,-1,-1,2.6020852139652106e-18,wind_direction:18.4_m:degrees
1271,6,1.8950000000000000e+02,-9.4230769230769212e-03,1275,1276,3.0543639053254431e-04,wave_direction:0_m:degrees
1272,9,8.9946868896484375e+01,-2.5833333333333337e-02,1273,1274,4.9930555555555590e-04,angle_between_wind_wave:0_m:degrees
1273,-2,-2.0000000000000000e+00,-4.6363636363636364e-02,-1,-1,2.5950413223140576e-04,wind_direction:18.4_m:degrees
1274,-2,-2.0000000000000000e+00,-8.4615384615384630e-03,-1,-1,4.3786982248520426e-05,wind_direction:18.4_m:degrees
1275,-2,-2.0000000000000000e+00,-1.1400000000000000e-02,-1,-1,2.1603999999999992e-04,wind_direction:18.4_m:degrees
1276,-2,-2.0000000000000000e+00,4.0000000000000001e-02,-1,-1,5.8546917314217239e-18,wind_direction:18.4_m:degrees
1277,-2,-2.0000000000000000e+00,-7.1666666666666670e-02,-1,-1,8.0555555555555935e-05,wind_direction:18.4_m:degrees
1278,-2,-2.0000000000000000e+00,0.0000000000000000e+00,-1,-1,0.0000000000000000e+00,wind_direction:18.4_m:degrees
1279,-2,-2.0000000000000000e+00,2.3529411764705932e-04,-1,-1,1.4582698961937714e-04,wind_direction:18.4_m:degrees
1280,6,2.1250000000000000e+02,-1.0793650793650796e-02,1293,1294,1.9143361048122912e-04,wave_direction:0_m:degrees
1281,-2,-2.0000000000000000e+00,9.5000000000000001e-02,-1,-1,2.5000000000000716e-05,wind_direction:18.4_m:degrees
1282,-2,-2.0000000000000000e+00,1.3086956521739126e-01,-1,-1,1.5576559546314275e-04,wind_direction:18.4_m:degrees
1283,5,3.6600000381469727e+01,5.5789473684210528e-02,1919,1920,2.3490304709141308e-04,relative_humidity:18.4_m:%
1284,-2,-2.0000000000000000e+00,7.5769230769230783e-02,-1,-1,1.0133136094674262e-04,wind_direction:18.4_m:degrees
1285,-2,-2.0000000000000000e+00,8.4285714285714283e-02,-1,-1,1.3877551020408281e-04,wind_direction:18.4_m:degrees
1286,-2,-2.0000000000000000e+00,5.7179487179487204e-02,-1,-1,1.2794214332675653e-04,wind_direction:18.4_m:degrees
1287,11,3.1061000061035156e+02,7.0555555555555566e-02,1427,1428,4.2746913580246799e-04,wind_direction:18.4_m:degrees
1288,-2,-2.0000000000000000e+00,5.0000000000000010e-02,-1,-1,1.0833333333333094e-04,wind_direction:18.4_m:degrees
1289,-2,-2.0000000000000000e+00,3.1304347826086952e-02,-1,-1,1.6786389413988678e-04,wind_direction:18.4_m:degrees
1290,-2,-2.0000000000000000e+00,2.8571428571428571e-03,-1,-1,2.0408163265305936e-05,wind_direction:18.4_m:degrees
1291,-2,-2.0000000000000000e+00,-1.8353658536585365e-02,-1,-1,1.3814321832242705e-04,wind_direction:18.4_m:degrees
1292,-2,-2.0000000000000000e+00,2.0000000000000000e-02,-1,-1,-3.1441863002079629e-18,wind_direction:18.4_m:degrees
1293,5,9.4099998474121094e+01,-5.9574468085106386e-03,1989,1990,1.0918967858759618e-04,relative_humidity:18.4_m:%
1294,-2,-2.0000000000000000e+00,-2.5000000000000001e-02,-1,-1,1.6249999999999967e-04,wind_direction:18.4_m:degrees
1295,12,-3.6418110132217407e-02,1.8600000000000000e-01,1297,1298,8.6399999999999672e-04,bulk_richardson:18.4_m:none
1296,-2,-2.0000000000000000e+00,2.2199999999999998e-01,-1,-1,3.1600000000001072e-04,wind_direction:18.4_m:degrees
1297,-2,-2.0000000000000000e+00,1.4999999999999999e-01,-1,-1,-6.9388939039072284e-18,wind_direction:18.4_m:degrees
1298,-2,-2.0000000000000000e+00,2.0999999999999999e-01,-1,-1,0.0000000000000000e+00,wind_direction:18.4_m:degrees
1299,10,1.0452700138092041e+01,-2.3789473684210537e-02,1301,1302,2.0458725761772782e-04,wind_speed:18.4_m:m_s-1
1300,-2,-2.0000000000000000e+00,-1.4528301886792458e-02,-1,-1,1.0213599145603535e-04,wind_direction:18.4_m:degrees
1301,-2,-2.0000000000000000e+00,-1.6981132075471705e-02,-1,-1,7.7678889284442116e-05,wind_direction:18.4_m:degrees
1302,11,2.2234999847412109e+02,-3.2380952380952385e-02,1303,1304,2.3242630385487462e-04,wind_direction:18.4_m:degrees
1303,-2,-2.0000000000000000e+00,-4.9230769230769231e-02,-1,-1,3.7869822485207382e-05,wind_direction:18.4_m:degrees
1304,-2,-2.0000000000000000e+00,-2.4827586206896558e-02,-1,-1,1.3531510107015409e-04,wind_direction:18.4_m:degrees
1305,-2,-2.0000000000000000e+00,8.6111111111111128e-03,-1,-1,7.5848765432098695e-05,wind_direction:18.4_m:degrees
1306,-2,-2.0000000000000000e+00,-2.9999999999999999e-02,-1,-1,4.3368086899420177e-19,wind_direction:18.4_m:degrees
1307,8,4.9000000953674316e+00,-1.8274336283185828e-02,1403,1404,1.3109288119664823e-04,wave_period:0_m:s
1308,10,1.0728066444396973e+01,-3.3333333333333335e-03,1377,1378,3.7460317460317485e-04,wind_speed:18.4_m:m_s-1
1309,-2,-2.0000000000000000e+00,-1.0000000000000000e-02,-1,-1,0.0000000000000000e+00,wind_direction:18.4_m:degrees
1310,-2,-2.0000000000000000e+00,-8.9999999999999997e-02,-1,-1,0.0000000000000000e+00,wind_direction:18.4_m:degrees
1311,10,1.4093172073364258e+01,-4.3035714285714295e-02,1553,1554,1.7114158163265229e-04,wind_speed:18.4_m:m_s-1
1312,-2,-2.0000000000000000e+00,-8.9999999999999997e-02,-1,-1,-1.2143064331837650e-17,wind_direction:18.4_m:degrees
1313,-2,-2.0000000000000000e+00,-6.5000000000000002e-02,-1,-1,7.5000000000000414e-05,wind_direction:18.4_m:degrees
1314,12,-3.4003974869847298e-03,-3.0571428571428572e-02,1889,1890,2.3395918367346950e-04,bulk_richardson:18.4_m:none
1315,-2,-2.0000000000000000e+00,-2.2222222222222223e-02,-1,-1,1.5061728395061728e-04,wind_direction:18.4_m:degrees
1316,10,1.2196931362152100e+01,-4.5128205128205139e-02,2005,2006,1.6857330703484589e-04,wind_speed:18.4_m:m_s-1
1317,12,-4.7116551548242569e-02,1.3118279569892477e-02,1319,1320,2.3973869811538928e-04,bulk_richardson:18.4_m:none
1318,-2,-2.0000000000000000e+00,2.3035714285714295e-02,-1,-1,8.1855867346940941e-05,wind_direction:18.4_m:degrees
1319,-2,-2.0000000000000000e+00,2.0126582278481023e-02,-1,-1,9.7452331357153889e-05,wind_direction:18.4_m:degrees
1320,10,8.4275159835815430e+00,7.9439252336448631e-03,1321,1322,2.8175386496637260e-04,wind_speed:18.4_m:m_s-1
1321,-2,-2.0000000000000000e+00,1.0000000000000005e-02,-1,-1,6.0952380952380855e-05,wind_direction:18.4_m:degrees
1322,-2,-2.0000000000000000e+00,-1.0000000000000001e-01,-1,-1,1.2143064331837650e-17,wind_direction:18.4_m:degrees
1323,-2,-2.0000000000000000e+00,5.9999999999999998e-02,-1,-1,0.0000000000000000e+00,wind_direction:18.4_m:degrees
1324,-2,-2.0000000000000000e+00,-5.0000000000000001e-03,-1,-1,2.5000000000000157e-05,wind_direction:18.4_m:degrees
1325,2,2.8565000915527344e+02,5.2727272727272734e-02,1327,1328,2.4407713498622542e-04,water_sfc_temperature:0_m:K
1326,11,3.3487001037597656e+02,4.2315789473684216e-02,1329,1330,1.9463711911357436e-04,wind_direction:18.4_m:degrees
1327,-2,-2.0000000000000000e+00,4.3225806451612912e-02,-1,-1,7.9916753381893517e-05,wind_direction:18.4_m:degrees
1328,4,3.1324728727340698e+00,6.1142857142857159e-02,1951,1952,2.3869387755102089e-04,mixing_ratio:18.4_m:g_kg-1
1329,0,8.5455738067626953e+01,3.8533333333333329e-02,1331,1332,1.6184888888888765e-04,zenith:0_m:degrees
1330,-2,-2.0000000000000000e+00,5.6500000000000009e-02,-1,-1,6.2750000000007678e-05,wind_direction:18.4_m:degrees
1331,-2,-2.0000000000000000e+00,5.0454545454545460e-02,-1,-1,1.5888429752066065e-04,wind_direction:18.4_m:degrees
1332,-2,-2.0000000000000000e+00,3.3584905660377369e-02,-1,-1,7.9601281594874479e-05,wind_direction:18.4_m:degrees
1333,-2,-2.0000000000000000e+00,1.2272727272727275e-02,-1,-1,9.4834710743801589e-05,wind_direction:18.4_m:degrees
1334,11,2.3922000122070312e+02,-1.4084507042253533e-04,1373,1374,2.0138861337036287e-04,wind_direction:18.4_m:degrees
1335,-2,-2.0000000000000000e+00,2.5000000000000000e-01,-1,-1,0.0000000000000000e+00,wind_direction:18.4_m:degrees
1336,-2,-2.0000000000000000e+00,1.9600000000000001e-01,-1,-1,3.8399999999999546e-04,wind_direction:18.4_m:degrees
1337,-2,-2.0000000000000000e+00,2.0600000000000002e-01,-1,-1,3.0399999999999178e-04,wind_direction:18.4_m:degrees
1338,-2,-2.0000000000000000e+00,2.4500000000000000e-01,-1,-1,1.2500000000004174e-04,wind_direction:18.4_m:degrees
1339,-2,-2.0000000000000000e+00,1.5300000000000000e-01,-1,-1,2.2099999999999898e-04,wind_direction:18.4_m:degrees
1340,-2,-2.0000000000000000e+00,2.0000000000000001e-01,-1,-1,-9.0205620750793969e-17,wind_direction:18.4_m:degrees
1341,5,4.8750000000000000e+01,1.2326923076923076e-01,1355,1356,2.7969674556213749e-04,relative_humidity:18.4_m:%
1342,-2,-2.0000000000000000e+00,1.0529411764705883e-01,-1,-1,1.1903114186851728e-04,wind_direction:18.4_m:degrees
1343,12,-8.9093085378408432e-02,2.1748400852878475e-03,1839,1840,5.4545123908329127e-05,bulk_richardson:18.4_m:none
1344,2,2.9362998962402344e+02,-4.1353383458646613e-03,1345,1346,1.5959070608852994e-04,water_sfc_temperature:0_m:K
1345,-2,-2.0000000000000000e+00,-3.5606060606060610e-03,-1,-1,1.1686753902662989e-04,wind_direction:18.4_m:degrees
1346,-2,-2.0000000000000000e+00,-8.0000000000000002e-02,-1,-1,-3.4694469519536142e-18,wind_direction:18.4_m:degrees
1347,-2,-2.0000000000000000e+00,5.4999999999999993e-02,-1,-1,5.0000000000000565e-05,wind_direction:18.4_m:degrees
1348,-2,-2.0000000000000000e+00,8.3846153846153848e-02,-1,-1,1.9289940828401842e-04,wind_direction:18.4_m:degrees
1349,-2,-2.0000000000000000e+00,5.5000000000000000e-02,-1,-1,2.5000000000000282e-05,wind_direction:18.4_m:degrees
1350,-2,-2.0000000000000000e+00,2.1666666666666671e-02,-1,-1,1.0138888888888833e-04,wind_direction:18.4_m:degrees
1351,-2,-2.0000000000000000e+00,3.5925925925925931e-02,-1,-1,1.2043895747599438e-04,wind_direction:18.4_m:degrees
1352,-2,-2.0000000000000000e+00,5.2222222222222232e-02,-1,-1,1.1172839506172916e-04,wind_direction:18.4_m:degrees
1353,-2,-2.0000000000000000e+00,-1.3333333333333334e-02,-1,-1,5.0793650793650781e-05,wind_direction:18.4_m:degrees
1354,2,2.8777500915527344e+02,-3.2608695652173919e-02,1603,1604,3.3232514177693661e-04,water_sfc_temperature:0_m:K
1355,12,-1.3370170723646879e-02,1.1977777777777779e-01,1885,1886,1.7550617283951762e-04,bulk_richardson:18.4_m:none
1356,-2,-2.0000000000000000e+00,1.4571428571428571e-01,-1,-1,3.6734693877549587e-04,wind_direction:18.4_m:degrees
1357,-2,-2.0000000000000000e+00,-1.6800000000000006e-02,-1,-1,1.0175999999999995e-04,wind_direction:18.4_m:degrees
1358,-2,-2.0000000000000000e+00,-4.8000000000000001e-02,-1,-1,2.5600000000000102e-04,wind_direction:18.4_m:degrees
1359,-2,-2.0000000000000000e+00,-1.6000000000000000e-02,-1,-1,2.3999999999999987e-05,wind_direction:18.4_m:degrees
1360,-2,-2.0000000000000000e+00,1.7142857142857144e-02,-1,-1,2.0408163265305977e-05,wind_direction:18.4_m:degrees
1361,12,-3.9274992421269417e-02,-7.7966101694915300e-03,2027,2028,8.2715694723738332e-05,bulk_richardson:18.4_m:none
1362,11,3.3330499267578125e+02,-2.2420634920634931e-03,1705,1706,1.0588584971025467e-04,wind_direction:18.4_m:degrees
1363,-2,-2.0000000000000000e+00,0.0000000000000000e+00,-1,-1,0.0000000000000000e+00,wind_direction:18.4_m:degrees
1364,-2,-2.0000000000000000e+00,3.9090909090909093e-02,-1,-1,1.1735537190082587e-04,wind_direction:18.4_m:degrees
1365,8,4.9500000476837158e+00,3.1732746511770861e-19,1381,1382,1.8536585365853657e-04,wave_period:0_m:s
1366,11,2.4548999786376953e+02,-3.2499999999999994e-02,1367,1368,1.1187499999999997e-03,wind_direction:18.4_m:degrees
1367,-2,-2.0000000000000000e+00,-8.9999999999999997e-02,-1,-1,0.0000000000000000e+00,wind_direction:18.4_m:degrees
1368,-2,-2.0000000000000000e+00,-1.3333333333333334e-02,-1,-1,2.2222222222221735e-05,wind_direction:18.4_m:degrees
1369,-2,-2.0000000000000000e+00,2.4999999999999998e-02,-1,-1,5.8333333333333306e-05,wind_direction:18.4_m:degrees
1370,7,1.4499999880790710e+00,-1.1864406779661019e-03,1475,1476,1.4011778224648093e-04,wave_height:0_m:m
1371,-2,-2.0000000000000000e+00,1.7499999999999999e-01,-1,-1,2.2500000000000644e-04,wind_direction:18.4_m:degrees
1372,-2,-2.0000000000000000e+00,1.2692307692307692e-01,-1,-1,1.9053254437870204e-04,wind_direction:18.4_m:degrees
1373,-2,-2.0000000000000000e+00,-5.0000000000000010e-03,-1,-1,1.4899999999999999e-04,wind_direction:18.4_m:degrees
1374,-2,-2.0000000000000000e+00,1.1428571428571427e-02,-1,-1,1.3605442176870707e-04,wind_direction:18.4_m:degrees
1375,4,1.2334250807762146e+00,1.6789473684210526e-01,1869,1870,2.9030470914126819e-04,mixing_ratio:18.4_m:g_kg-1
1376,-2,-2.0000000000000000e+00,1.9181818181818180e-01,-1,-1,1.6033057851241872e-04,wind_direction:18.4_m:degrees
1377,-2,-2.0000000000000000e+00,-1.0000000000000000e-02,-1,-1,2.1176470588235298e-04,wind_direction:18.4_m:degrees
1378,-2,-2.0000000000000000e+00,2.4999999999999998e-02,-1,-1,7.4999999999999980e-05,wind_direction:18.4_m:degrees
1379,-2,-2.0000000000000000e+00,8.6363636363636365e-02,-1,-1,1.3223140495867945e-04,wind_direction:18.4_m:degrees
1380,-2,-2.0000000000000000e+00,6.4375000000000016e-02,-1,-1,1.4960937499999220e-04,wind_direction:18.4_m:degrees
1381,-2,-2.0000000000000000e+00,-9.6428571428571440e-03,-1,-1,3.9158163265306080e-05,wind_direction:18.4_m:degrees
1382,12,-2.3905152454972267e-02,5.0000000000000027e-03,1383,1384,1.8796296296296291e-04,bulk_richardson:18.4_m:none
1383,-2,-2.0000000000000000e+00,-5.9999999999999998e-02,-1,-1,0.0000000000000000e+00,wind_direction:18.4_m:degrees
1384,-2,-2.0000000000000000e+00,6.2264150943396237e-03,-1,-1,1.1028835884656452e-04,wind_direction:18.4_m:degrees
1385,0,6.5583618164062500e+01,-2.1276595744680860e-03,1387,1388,2.1249434133091899e-04,zenith:0_m:degrees
1386,-2,-2.0000000000000000e+00,-1.4153846153846161e-02,-1,-1,1.0120710059171589e-04,wind_direction:18.4_m:degrees
1387,-2,-2.0000000000000000e+00,-1.3888888888888888e-02,-1,-1,5.7098765432098781e-05,wind_direction:18.4_m:degrees
1388,10,1.0602755546569824e+01,5.1724137931034482e-03,1961,1962,1.6979785969084424e-04,wind_speed:18.4_m:m_s-1
1389,-2,-2.0000000000000000e+00,8.0000000000000002e-02,-1,-1,8.5714285714284452e-05,wind_direction:18.4_m:degrees
1390,-2,-2.0000000000000000e+00,1.2333333333333334e-01,-1,-1,1.5555555555555461e-04,wind_direction:18.4_m:degrees
1391,-2,-2.0000000000000000e+00,3.7755102040816342e-02,-1,-1,1.2761349437734131e-04,wind_direction:18.4_m:degrees
1392,3,1.0179499816894531e+03,2.5370370370370380e-02,1393,1394,1.7301097393690055e-04,pressure:18.4_m:hPa
1393,-2,-2.0000000000000000e+00,2.9555555555555571e-02,-1,-1,7.0913580246912832e-05,wind_direction:18.4_m:degrees
1394,-2,-2.0000000000000000e+00,4.4444444444444444e-03,-1,-1,1.5802469135802513e-04,wind_direction:18.4_m:degrees
1395,-2,-2.0000000000000000e+00,2.6888888888888903e-02,-1,-1,6.5876543209875929e-05,wind_direction:18.4_m:degrees
1396,-2,-2.0000000000000000e+00,1.2647058823529414e-02,-1,-1,9.0051903114186742e-05,wind_direction:18.4_m:degrees
1397,-2,-2.0000000000000000e+00,-3.0769230769230765e-04,-1,-1,7.3751479289940831e-05,wind_direction:18.4_m:degrees
1398,-2,-2.0000000000000000e+00,9.3965517241379349e-03,-1,-1,7.4635850178358845e-05,wind_direction:18.4_m:degrees
1399,-2,-2.0000000000000000e+00,-1.0177404295051359e-03,-1,-1,5.6013690879401940e-05,wind_direction:18.4_m:degrees
1400,2,2.9066000366210938e+02,4.3790849673202613e-03,1401,1402,1.7494126190781474e-04,water_sfc_temperature:0_m:K
1401,0,3.5113056182861328e+01,3.8834951456310634e-04,1791,1792,1.6683947591667446e-04,zenith:0_m:degrees
1402,-2,-2.0000000000000000e+00,1.2600000000000002e-02,-1,-1,9.1239999999999946e-05,wind_direction:18.4_m:degrees
1403,-2,-2.0000000000000000e+00,-7.6666666666666671e-03,-1,-1,9.7888888888888895e-05,wind_direction:18.4_m:degrees
1404,10,1.0877117633819580e+01,-1.9897959183673465e-02,1675,1676,1.1631611828404861e-04,wind_speed:18.4_m:m_s-1
1405,-2,-2.0000000000000000e+00,-3.0909090909090910e-02,-1,-1,3.9008264462809942e-04,wind_direction:18.4_m:degrees
1406,-2,-2.0000000000000000e+00,-8.3999999999999995e-03,-1,-1,1.0144000000000013e-04,wind_direction:18.4_m:degrees
1407,-2,-2.0000000000000000e+00,1.2152777777777785e-02,-1,-1,1.1411554783950597e-04,wind_direction:18.4_m:degrees
1408,-2,-2.0000000000000000e+00,2.8124999999999995e-03,-1,-1,5.4589843750000364e-05,wind_direction:18.4_m:degrees
1409,7,2.0499999523162842e+00,-7.3947368421052623e-02,1913,1914,1.8704986149584157e-04,wave_height:0_m:m
1410,-2,-2.0000000000000000e+00,-3.6666666666666667e-02,-1,-1,8.8888888888882280e-05,wind_direction:18.4_m:degrees
1411,-2,-2.0000000000000000e+00,3.5172413793103451e-02,-1,-1,7.3246135552912112e-05,wind_direction:18.4_m:degrees
1412,-2,-2.0000000000000000e+00,1.6842105263157894e-02,-1,-1,6.3711911357340709e-05,wind_direction:18.4_m:degrees
1413,-2,-2.0000000000000000e+00,-3.4800000000000011e-02,-1,-1,6.8959999999999421e-05,wind_direction:18.4_m:degrees
1414,-2,-2.0000000000000000e+00,-5.3571428571428582e-02,-1,-1,1.2295918367347114e-04,wind_direction:18.4_m:degrees
1415,-2,-2.0000000000000000e+00,-1.0800000000000001e-01,-1,-1,2.1600000000000091e-04,wind_direction:18.4_m:degrees
1416,-2,-2.0000000000000000e+00,-4.0000000000000001e-02,-1,-1,1.3010426069826053e-18,wind_direction:18.4_m:degrees
1417,4,6.4163300395011902e-01,2.0733333333333331e-01,1611,1612,3.1288888888890420e-04,mixing_ratio:18.4_m:g_kg-1
1418,-2,-2.0000000000000000e+00,2.2999999999999998e-01,-1,-1,2.2000000000002573e-04,wind_direction:18.4_m:degrees
1419,-2,-2.0000000000000000e+00,-2.1555555555555557e-02,-1,-1,1.6276543209876469e-04,wind_direction:18.4_m:degrees
1420,-2,-2.0000000000000000e+00,-4.6666666666666662e-03,-1,-1,1.9822222222222428e-04,wind_direction:18.4_m:degrees
1421,-2,-2.0000000000000000e+00,1.5857142857142856e-01,-1,-1,1.5510204081633019e-04,wind_direction:18.4_m:degrees
1422,-2,-2.0000000000000000e+00,1.2916666666666668e-01,-1,-1,1.9097222222221044e-04,wind_direction:18.4_m:degrees
1423,-2,-2.0000000000000000e+00,-2.7551020408163280e-02,-1,-1,1.6951270304039936e-04,wind_direction:18.4_m:degrees
1424,9,9.1346141815185547e+01,-1.1428571428571429e-02,1811,1812,1.9319727891156340e-04,angle_between_wind_wave:0_m:degrees
1425,-2,-2.0000000000000000e+00,2.3000000000000000e-02,-1,-1,5.0999999999999180e-05,wind_direction:18.4_m:degrees
1426,-2,-2.0000000000000000e+00,4.7777777777777780e-02,-1,-1,8.3950617283951121e-05,wind_direction:18.4_m:degrees
1427,-2,-2.0000000000000000e+00,9.4000000000000000e-02,-1,-1,5.0400000000000097e-04,wind_direction:18.4_m:degrees
1428,-2,-2.0000000000000000e+00,6.1538461538461542e-02,-1,-1,1.0532544378697968e-04,wind_direction:18.4_m:degrees
1429,-2,-2.0000000000000000e+00,4.7499999999999994e-02,-1,-1,1.3541666666666737e-04,wind_direction:18.4_m:degrees
1430,-2,-2.0000000000000000e+00,6.8055555555555577e-02,-1,-1,1.6010802469135308e-04,wind_direction:18.4_m:degrees
1431,-2,-2.0000000000000000e+00,8.0000000000000002e-02,-1,-1,0.0000000000000000e+00,wind_direction:18.4_m:degrees
1432,-2,-2.0000000000000000e+00,1.2436363636363634e-01,-1,-1,3.7732231404958953e-04,wind_direction:18.4_m:degrees
1433,-2,-2.0000000000000000e+00,8.6956521739130436e-03,-1,-1,1.5047258979206048e-04,wind_direction:18.4_m:degrees
1434,-2,-2.0000000000000000e+00,2.4871794871794882e-02,-1,-1,9.6778435239973240e-05,wind_direction:18.4_m:degrees
1435,3,1.0181000061035156e+03,-1.9014084507042259e-02,1649,1650,1.0466177345764795e-04,pressure:18.4_m:hPa
1436,-2,-2.0000000000000000e+00,-3.1714285714285716e-02,-1,-1,1.0563265306122319e-04,wind_direction:18.4_m:degrees
1437,-2,-2.0000000000000000e+00,1.3687500000000000e-01,-1,-1,1.9648437500000004e-04,wind_direction:18.4_m:degrees
1438,-2,-2.0000000000000000e+00,1.0250000000000001e-01,-1,-1,1.6874999999999703e-04,wind_direction:18.4_m:degrees
1439,-2,-2.0000000000000000e+00,3.3617021276595743e-02,-1,-1,1.2095971027614467e-04,wind_direction:18.4_m:degrees
1440,0,1.0093555068969727e+02,4.4230769230769247e-02,1851,1852,2.0902366863905907e-04,zenith:0_m:degrees
1441,-2,-2.0000000000000000e+00,-2.4583333333333336e-02,-1,-1,1.7482638888888875e-04,wind_direction:18.4_m:degrees
1442,3,1.0168999938964844e+03,-1.1434599156118141e-02,1443,1444,3.4140184087308001e-04,pressure:18.4_m:hPa
1443,-2,-2.0000000000000000e+00,-1.3084112149532708e-02,-1,-1,8.9553672809852591e-05,wind_direction:18.4_m:degrees
1444,6,1.8650000000000000e+02,3.9130434782608716e-03,1445,1446,2.4238185255198493e-03,wave_direction:0_m:degrees
1445,-2,-2.0000000000000000e+00,1.6000000000000000e-01,-1,-1,0.0000000000000000e+00,wind_direction:18.4_m:degrees
1446,-2,-2.0000000000000000e+00,-1.0952380952380951e-02,-1,-1,1.1337868480725634e-04,wind_direction:18.4_m:degrees
1447,-2,-2.0000000000000000e+00,1.4058956916099775e-03,-1,-1,3.1583548007260331e-05,wind_direction:18.4_m:degrees
1448,3,1.0172500000000000e+03,5.8000000000000031e-03,1449,1450,4.5502857142857341e-05,pressure:18.4_m:hPa
1449,3,1.0106999816894531e+03,9.6202531645569675e-03,1745,1746,4.7957058163755606e-05,pressure:18.4_m:hPa
1450,-2,-2.0000000000000000e+00,2.6562500000000006e-03,-1,-1,2.1590169270833280e-05,wind_direction:18.4_m:degrees
1451,-2,-2.0000000000000000e+00,1.0000000000000002e-01,-1,-1,9.9999999999997660e-05,wind_direction:18.4_m:degrees
1452,-2,-2.0000000000000000e+00,1.4333333333333334e-01,-1,-1,8.8888888888891820e-05,wind_direction:18.4_m:degrees
1453,-2,-2.0000000000000000e+00,-1.1250000000000001e-02,-1,-1,1.0593749999999999e-04,wind_direction:18.4_m:degrees
1454,9,9.0476203918457031e+01,6.8750000000000000e-03,1875,1876,2.8398437499999957e-04,angle_between_wind_wave:0_m:degrees
1455,-2,-2.0000000000000000e+00,5.0000000000000003e-02,-1,-1,0.0000000000000000e+00,wind_direction:18.4_m:degrees
1456,-2,-2.0000000000000000e+00,-2.5000000000000001e-02,-1,-1,2.4999999999999849e-05,wind_direction:18.4_m:degrees
1457,1,3.2050730895996094e+02,7.4285714285714288e-02,1819,1820,2.0544217687074647e-04,azimuth:0_m:degrees
1458,-2,-2.0000000000000000e+00,2.9999999999999999e-02,-1,-1,-1.7455654977016621e-17,wind_direction:18.4_m:degrees
1459,12,-1.5889988280832767e-02,1.1374045801526724e-02,1657,1658,1.0803566225744401e-04,bulk_richardson:18.4_m:none
1460,12,-1.5761417336761951e-02,4.0000000000000018e-03,1497,1498,1.3020689655172447e-04,bulk_richardson:18.4_m:none
1461,-2,-2.0000000000000000e+00,2.6250000000000006e-02,-1,-1,1.2343749999999985e-04,wind_direction:18.4_m:degrees
1462,-2,-2.0000000000000000e+00,-1.6666666666666668e-03,-1,-1,1.3888888888888783e-05,wind_direction:18.4_m:degrees
1463,-2,-2.0000000000000000e+00,-6.5000000000000002e-02,-1,-1,2.4999999999999849e-05,wind_direction:18.4_m:degrees
1464,-2,-2.0000000000000000e+00,-2.4000000000000000e-02,-1,-1,2.3999999999999824e-05,wind_direction:18.4_m:degrees
1465,0,1.1149044799804688e+02,1.8591549295774650e-02,1995,1996,1.7266415393771067e-04,zenith:0_m:degrees
1466,-2,-2.0000000000000000e+00,5.0000000000000003e-02,-1,-1,-1.7347234759768071e-18,wind_direction:18.4_m:degrees
1467,-2,-2.0000000000000000e+00,3.0333333333333340e-01,-1,-1,6.2222222222219070e-04,wind_direction:18.4_m:degrees
1468,-2,-2.0000000000000000e+00,2.6633333333333337e-01,-1,-1,2.0988888888882895e-04,wind_direction:18.4_m:degrees
1469,-2,-2.0000000000000000e+00,-3.9130434782608699e-03,-1,-1,5.2804032766225556e-05,wind_direction:18.4_m:degrees
1470,-2,-2.0000000000000000e+00,-2.5555555555555557e-02,-1,-1,2.4691358024691256e-04,wind_direction:18.4_m:degrees
1471,-2,-2.0000000000000000e+00,8.5000000000000006e-02,-1,-1,7.4999999999999546e-05,wind_direction:18.4_m:degrees
1472,1,9.2869548797607422e+01,5.2727272727272734e-02,1473,1474,2.5619834710743743e-04,azimuth:0_m:degrees
1473,-2,-2.0000000000000000e+00,5.7777777777777789e-02,-1,-1,1.7283950617283991e-04,wind_direction:18.4_m:degrees
1474,-2,-2.0000000000000000e+00,2.9999999999999999e-02,-1,-1,-3.5778671692021646e-18,wind_direction:18.4_m:degrees
1475,-2,-2.0000000000000000e+00,-3.9647577092510986e-04,-1,-1,1.0953443691901640e-04,wind_direction:18.4_m:degrees
1476,-2,-2.0000000000000000e+00,-2.1111111111111112e-02,-1,-1,4.9876543209876581e-04,wind_direction:18.4_m:degrees
1477,-2,-2.0000000000000000e+00,3.1578947368421054e-02,-1,-1,1.5013850415512473e-04,wind_direction:18.4_m:degrees
1478,-2,-2.0000000000000000e+00,1.5438596491228071e-02,-1,-1,1.3007079101261932e-04,wind_direction:18.4_m:degrees
1479,2,2.9104000854492188e+02,-1.3023255813953490e-03,1485,1486,1.8621092482422948e-04,water_sfc_temperature:0_m:K
1480,7,1.6500000357627869e+00,-7.1559633027522968e-03,1481,1482,1.1851695985186451e-04,wave_height:0_m:m
1481,-2,-2.0000000000000000e+00,-5.8620689655172441e-03,-1,-1,7.4503142517411190e-05,wind_direction:18.4_m:degrees
1482,10,1.0797220706939697e+01,-2.4666666666666674e-02,1483,1484,3.8488888888888980e-04,wind_speed:18.4_m:m_s-1
1483,-2,-2.0000000000000000e+00,-1.2999999999999998e-02,-1,-1,1.4099999999999974e-04,wind_direction:18.4_m:degrees
1484,-2,-2.0000000000000000e+00,-4.8000000000000001e-02,-1,-1,5.6000000000000060e-05,wind_direction:18.4_m:degrees
1485,4,4.9181692600250244e+00,-4.3055555555555564e-03,1487,1488,2.1618441358024697e-04,mixing_ratio:18.4_m:g_kg-1
1486,-2,-2.0000000000000000e+00,4.7887323943661981e-03,-1,-1,7.0025788534021317e-05,wind_direction:18.4_m:degrees
1487,9,8.9160816192626953e+01,6.2499999999999995e-03,1907,1908,1.6093750000000006e-04,angle_between_wind_wave:0_m:degrees
1488,9,8.8351520538330078e+01,-7.3214285714285716e-03,1489,1490,1.9103954081632662e-04,angle_between_wind_wave:0_m:degrees
1489,-2,-2.0000000000000000e+00,-4.6666666666666662e-02,-1,-1,3.5555555555555601e-04,wind_direction:18.4_m:degrees
1490,4,4.9205641746520996e+00,-6.2385321100917436e-03,1805,1806,1.4273209325814319e-04,mixing_ratio:18.4_m:g_kg-1
1491,-2,-2.0000000000000000e+00,3.1111111111111107e-02,-1,-1,7.6543209876543433e-05,wind_direction:18.4_m:degrees
1492,4,3.2397079467773438e+00,5.3684210526315800e-02,2037,2038,3.0221606648199234e-04,mixing_ratio:18.4_m:g_kg-1
1493,12,-8.6639564869983587e-05,-5.1145038167938958e-03,1979,1980,1.0971971330342037e-04,bulk_richardson:18.4_m:none
1494,9,8.8660308837890625e+01,-1.0151515151515139e-02,1495,1496,1.8512855831037756e-04,angle_between_wind_wave:0_m:degrees
1495,-2,-2.0000000000000000e+00,-3.6666666666666674e-02,-1,-1,3.5555555555555514e-04,wind_direction:18.4_m:degrees
1496,-2,-2.0000000000000000e+00,-9.6604938271604868e-03,-1,-1,1.6871189605243179e-04,wind_direction:18.4_m:degrees
1497,-2,-2.0000000000000000e+00,8.0681818181818198e-03,-1,-1,9.9677169421487488e-05,wind_direction:18.4_m:degrees
1498,7,1.9499999880790710e+00,-2.2807017543859638e-03,1783,1784,1.1234225915666355e-04,wave_height:0_m:m
1499,-2,-2.0000000000000000e+00,5.3521126760563411e-03,-1,-1,4.0087284268994138e-05,wind_direction:18.4_m:degrees
1500,10,5.9980792999267578e+00,-1.2500000000000002e-02,1501,1502,4.6875000000000042e-04,wind_speed:18.4_m:m_s-1
1501,-2,-2.0000000000000000e+00,-2.2222222222222222e-03,-1,-1,1.7283950617283940e-05,wind_direction:18.4_m:degrees
1502,-2,-2.0000000000000000e+00,-4.3333333333333335e-02,-1,-1,5.5555555555555588e-04,wind_direction:18.4_m:degrees
1503,-2,-2.0000000000000000e+00,9.5000000000000001e-02,-1,-1,1.1071428571428517e-04,wind_direction:18.4_m:degrees
1504,-2,-2.0000000000000000e+00,1.2750000000000000e-01,-1,-1,1.8749999999984057e-05,wind_direction:18.4_m:degrees
1505,-2,-2.0000000000000000e+00,1.8627450980392157e-02,-1,-1,1.2556708958093044e-04,wind_direction:18.4_m:degrees
1506,-2,-2.0000000000000000e+00,-3.3333333333333340e-03,-1,-1,4.6666666666666682e-04,wind_direction:18.4_m:degrees
1507,-2,-2.0000000000000000e+00,7.3333333333333334e-02,-1,-1,1.5555555555555548e-04,wind_direction:18.4_m:degrees
1508,-2,-2.0000000000000000e+00,3.4166666666666658e-02,-1,-1,5.7638888888888323e-05,wind_direction:18.4_m:degrees
1509,-2,-2.0000000000000000e+00,1.1000000000000000e-01,-1,-1,0.0000000000000000e+00,wind_direction:18.4_m:degrees
1510,-2,-2.0000000000000000e+00,7.0833333333333345e-02,-1,-1,7.6388888888886258e-06,wind_direction:18.4_m:degrees
1511,-2,-2.0000000000000000e+00,1.3444444444444450e-02,-1,-1,1.2258024691358019e-04,wind_direction:18.4_m:degrees
1512,4,9.4236974716186523e+00,2.3750000000000004e-02,1789,1790,9.8437499999999784e-05,mixing_ratio:18.4_m:g_kg-1
1513,-2,-2.0000000000000000e+00,1.7000000000000001e-01,-1,-1,9.0000000000000149e-04,wind_direction:18.4_m:degrees
1514,-2,-2.0000000000000000e+00,1.2428571428571430e-01,-1,-1,2.3877551020409088e-04,wind_direction:18.4_m:degrees
1515,10,6.5121498107910156e+00,1.9307692307692307e-02,1629,1630,1.2182840236686377e-04,wind_speed:18.4_m:m_s-1
1516,-2,-2.0000000000000000e+00,8.0000000000000002e-02,-1,-1,3.2959746043559335e-17,wind_direction:18.4_m:degrees
1517,-2,-2.0000000000000000e+00,6.9999999999999993e-02,-1,-1,1.6000000000000129e-04,wind_direction:18.4_m:degrees
1518,-2,-2.0000000000000000e+00,1.0055555555555556e-01,-1,-1,7.1913580246909387e-05,wind_direction:18.4_m:degrees
1519,-2,-2.0000000000000000e+00,2.5833333333333330e-02,-1,-1,1.4097222222222202e-04,wind_direction:18.4_m:degrees
1520,-2,-2.0000000000000000e+00,5.8000000000000010e-02,-1,-1,5.5999999999999626e-05,wind_direction:18.4_m:degrees
1521,12,-1.3156380057334900e+00,-4.5558086560364440e-04,1669,1670,5.4765870524402422e-05,bulk_richardson:18.4_m:none
1522,7,4.5000000298023224e-01,2.6404494382022484e-03,1523,1524,5.0518663468417602e-05,wave_height:0_m:m
1523,-2,-2.0000000000000000e+00,1.2549019607843140e-02,-1,-1,6.9973087274125293e-05,wind_direction:18.4_m:degrees
1524,-2,-2.0000000000000000e+00,1.5942028985507254e-03,-1,-1,3.7003030575809352e-05,wind_direction:18.4_m:degrees
1525,-2,-2.0000000000000000e+00,3.5999999999999997e-02,-1,-1,2.4000000000000150e-05,wind_direction:18.4_m:degrees
1526,-2,-2.0000000000000000e+00,-2.9999999999999999e-02,-1,-1,-2.1684043449710089e-19,wind_direction:18.4_m:degrees
1527,-2,-2.0000000000000000e+00,-4.9180327868852472e-03,-1,-1,8.4009674818597135e-05,wind_direction:18.4_m:degrees
1528,4,2.8575206995010376e+00,-1.2897196261682250e-02,1807,1808,1.4020438466241569e-04,mixing_ratio:18.4_m:g_kg-1
1529,1,3.0976490783691406e+02,-9.7959183673469400e-03,1531,1532,2.8363182007496866e-04,azimuth:0_m:degrees
1530,1,3.5885151672363281e+02,-1.0707204230006615e-03,1535,1536,1.4981191864820787e-04,azimuth:0_m:degrees
1531,-2,-2.0000000000000000e+00,-6.6666666666666680e-03,-1,-1,8.0000000000000034e-05,wind_direction:18.4_m:degrees
1532,5,4.6149999618530273e+01,-4.4999999999999998e-02,1533,1534,1.2249999999999982e-03,relative_humidity:18.4_m:%
1533,-2,-2.0000000000000000e+00,-1.0000000000000000e-02,-1,-1,0.0000000000000000e+00,wind_direction:18.4_m:degrees
1534,-2,-2.0000000000000000e+00,-8.0000000000000002e-02,-1,-1,0.0000000000000000e+00,wind_direction:18.4_m:degrees
1535,2,2.9242500305175781e+02,-9.5681063122923598e-04,1991,1992,1.4008119115683026e-04,water_sfc_temperature:0_m:K
1536,12,6.8128796294331551e-02,-2.2499999999999999e-02,1537,1538,1.5187499999999958e-03,bulk_richardson:18.4_m:none
1537,-2,-2.0000000000000000e+00,0.0000000000000000e+00,-1,-1,0.0000000000000000e+00,wind_direction:18.4_m:degrees
1538,-2,-2.0000000000000000e+00,-8.9999999999999997e-02,-1,-1,0.0000000000000000e+00,wind_direction:18.4_m:degrees
1539,-2,-2.0000000000000000e+00,-5.3235294117647075e-02,-1,-1,1.3365051903114263e-04,wind_direction:18.4_m:degrees
1540,-2,-2.0000000000000000e+00,-8.4999999999999992e-02,-1,-1,2.2500000000000558e-04,wind_direction:18.4_m:degrees
1541,-2,-2.0000000000000000e+00,2.9000000000000004e-01,-1,-1,1.9999999999997797e-04,wind_direction:18.4_m:degrees
1542,-2,-2.0000000000000000e+00,2.5153846153846154e-01,-1,-1,2.5917159763309827e-04,wind_direction:18.4_m:degrees
1543,-2,-2.0000000000000000e+00,9.3333333333333338e-02,-1,-1,2.2222222222222088e-04,wind_direction:18.4_m:degrees
1544,11,3.1977999877929688e+02,7.2695035460992916e-02,1659,1660,1.7571550726824814e-04,wind_direction:18.4_m:degrees
1545,-2,-2.0000000000000000e+00,5.0000000000000003e-02,-1,-1,0.0000000000000000e+00,wind_direction:18.4_m:degrees
1546,0,6.4466182708740234e+01,1.9210526315789483e-02,1635,1636,9.4113573407201764e-05,zenith:0_m:degrees
1547,-2,-2.0000000000000000e+00,-2.7264957264957257e-02,-1,-1,1.6687851559646415e-04,wind_direction:18.4_m:degrees
1548,-2,-2.0000000000000000e+00,-7.0000000000000007e-02,-1,-1,-2.7755575615628914e-17,wind_direction:18.4_m:degrees
1549,-2,-2.0000000000000000e+00,-2.6500000000000003e-02,-1,-1,8.2749999999999707e-05,wind_direction:18.4_m:degrees
1550,1,2.8717539978027344e+02,-1.2436548223350252e-02,1551,1552,1.3111907031874065e-04,azimuth:0_m:degrees
1551,-2,-2.0000000000000000e+00,-1.4625000000000008e-02,-1,-1,9.7359374999999925e-05,wind_direction:18.4_m:degrees
1552,1,3.0285641479492188e+02,-2.9729729729729725e-03,1927,1928,1.6683710737764909e-04,azimuth:0_m:degrees
1553,-2,-2.0000000000000000e+00,-4.1132075471698122e-02,-1,-1,9.6831612673548527e-05,wind_direction:18.4_m:degrees
1554,-2,-2.0000000000000000e+00,-7.6666666666666675e-02,-1,-1,2.8888888888889061e-04,wind_direction:18.4_m:degrees
1555,-2,-2.0000000000000000e+00,1.9583333333333333e-01,-1,-1,1.0763888888889322e-04,wind_direction:18.4_m:degrees
1556,-2,-2.0000000000000000e+00,1.7399999999999999e-01,-1,-1,2.2399999999997769e-04,wind_direction:18.4_m:degrees
1557,-2,-2.0000000000000000e+00,-6.9999999999999993e-03,-1,-1,6.1000000000000012e-05,wind_direction:18.4_m:degrees
1558,10,1.1329526424407959e+01,-2.1165644171779147e-02,1767,1768,1.2072716323534966e-04,wind_speed:18.4_m:m_s-1
1559,-2,-2.0000000000000000e+00,1.7599999999999999e-01,-1,-1,8.4000000000007680e-05,wind_direction:18.4_m:degrees
1560,-2,-2.0000000000000000e+00,1.3666666666666669e-01,-1,-1,8.8888888888902229e-05,wind_direction:18.4_m:degrees
1561,-2,-2.0000000000000000e+00,1.1499999999999999e-01,-1,-1,2.7500000000000094e-04,wind_direction:18.4_m:degrees
1562,-2,-2.0000000000000000e+00,9.1071428571428581e-02,-1,-1,1.8099489795918126e-04,wind_direction:18.4_m:degrees
1563,-2,-2.0000000000000000e+00,7.0000000000000007e-02,-1,-1,0.0000000000000000e+00,wind_direction:18.4_m:degrees
1564,-2,-2.0000000000000000e+00,9.2857142857142843e-03,-1,-1,9.9489795918367410e-05,wind_direction:18.4_m:degrees
1565,-2,-2.0000000000000000e+00,0.0000000000000000e+00,-1,-1,2.2222222222222223e-05,wind_direction:18.4_m:degrees
1566,-2,-2.0000000000000000e+00,2.1632653061224496e-02,-1,-1,1.6059975010412306e-04,wind_direction:18.4_m:degrees
1567,-2,-2.0000000000000000e+00,5.6666666666666671e-02,-1,-1,1.8888888888888905e-04,wind_direction:18.4_m:degrees
1568,5,4.9899999618530273e+01,8.3125000000000004e-02,1569,1570,1.5898437499999637e-04,relative_humidity:18.4_m:%
1569,-2,-2.0000000000000000e+00,4.0000000000000001e-02,-1,-1,0.0000000000000000e+00,wind_direction:18.4_m:degrees
1570,-2,-2.0000000000000000e+00,8.6000000000000007e-02,-1,-1,3.7333333333331928e-05,wind_direction:18.4_m:degrees
1571,-2,-2.0000000000000000e+00,3.5555555555555569e-02,-1,-1,1.2691358024691278e-04,wind_direction:18.4_m:degrees
1572,-2,-2.0000000000000000e+00,1.1428571428571429e-02,-1,-1,9.7959183673467767e-05,wind_direction:18.4_m:degrees
1573,12,-1.8782245926558971e-02,2.2968750000000003e-02,1575,1576,1.9118652343749992e-04,bulk_richardson:18.4_m:none
1574,1,1.0747649765014648e+02,3.4687500000000003e-02,1577,1578,2.1240234375000089e-04,azimuth:0_m:degrees
1575,-2,-2.0000000000000000e+00,2.9154929577464805e-02,-1,-1,1.3449712358658804e-04,wind_direction:18.4_m:degrees
1576,3,1.0001499938964844e+03,1.5263157894736847e-02,1613,1614,1.5475530932594723e-04,pressure:18.4_m:hPa
1577,-2,-2.0000000000000000e+00,1.1666666666666667e-02,-1,-1,4.7222222222222208e-05,wind_direction:18.4_m:degrees
1578,-2,-2.0000000000000000e+00,4.0000000000000008e-02,-1,-1,9.9999999999999829e-05,wind_direction:18.4_m:degrees
1579,-2,-2.0000000000000000e+00,4.2173913043478277e-02,-1,-1,8.6578449905482359e-05,wind_direction:18.4_m:degrees
1580,-2,-2.0000000000000000e+00,8.5000000000000006e-02,-1,-1,2.2499999999997869e-04,wind_direction:18.4_m:degrees
1581,-2,-2.0000000000000000e+00,9.5000000000000015e-02,-1,-1,7.4999999999998679e-05,wind_direction:18.4_m:degrees
1582,-2,-2.0000000000000000e+00,5.9999999999999998e-02,-1,-1,1.5999999999999912e-04,wind_direction:18.4_m:degrees
1583,-2,-2.0000000000000000e+00,0.0000000000000000e+00,-1,-1,3.6363636363636364e-05,wind_direction:18.4_m:degrees
1584,-2,-2.0000000000000000e+00,2.9999999999999999e-02,-1,-1,9.9999999999999829e-05,wind_direction:18.4_m:degrees
1585,-2,-2.0000000000000000e+00,-2.6666666666666668e-02,-1,-1,3.5555555555555546e-04,wind_direction:18.4_m:degrees
1586,-2,-2.0000000000000000e+00,-2.2707423580786029e-03,-1,-1,7.9559886348467781e-05,wind_direction:18.4_m:degrees
1587,-2,-2.0000000000000000e+00,2.2000000000000000e-01,-1,-1,0.0000000000000000e+00,wind_direction:18.4_m:degrees
1588,4,1.1629735231399536e+00,1.5750000000000000e-01,1589,1590,7.4375000000000135e-04,mixing_ratio:18.4_m:g_kg-1
1589,-2,-2.0000000000000000e+00,1.4333333333333334e-01,-1,-1,1.8888888888888428e-04,wind_direction:18.4_m:degrees
1590,-2,-2.0000000000000000e+00,2.0000000000000001e-01,-1,-1,1.3877787807814457e-17,wind_direction:18.4_m:degrees
1591,-2,-2.0000000000000000e+00,3.2777777777777781e-02,-1,-1,1.5339506172839471e-04,wind_direction:18.4_m:degrees
1592,-2,-2.0000000000000000e+00,5.0000000000000001e-03,-1,-1,1.9166666666666648e-04,wind_direction:18.4_m:degrees
1593,-2,-2.0000000000000000e+00,1.1555555555555556e-01,-1,-1,4.3580246913579694e-04,wind_direction:18.4_m:degrees
1594,-2,-2.0000000000000000e+00,1.4333333333333334e-01,-1,-1,3.2222222222221333e-04,wind_direction:18.4_m:degrees
1595,-2,-2.0000000000000000e+00,5.9814814814814841e-02,-1,-1,1.1663237311385164e-04,wind_direction:18.4_m:degrees
1596,-2,-2.0000000000000000e+00,3.7500000000000006e-02,-1,-1,6.8750000000002186e-05,wind_direction:18.4_m:degrees
1597,-2,-2.0000000000000000e+00,7.5999999999999998e-02,-1,-1,2.4000000000001451e-05,wind_direction:18.4_m:degrees
1598,-2,-2.0000000000000000e+00,1.1166666666666668e-01,-1,-1,2.8055555555555646e-04,wind_direction:18.4_m:degrees
1599,-2,-2.0000000000000000e+00,2.1600000000000003e-01,-1,-1,5.0399999999998363e-04,wind_direction:18.4_m:degrees
1600,-2,-2.0000000000000000e+00,2.5166666666666665e-01,-1,-1,1.1388888888889948e-04,wind_direction:18.4_m:degrees
1601,-2,-2.0000000000000000e+00,1.4833333333333334e-01,-1,-1,3.6388888888888235e-04,wind_direction:18.4_m:degrees
1602,1,3.0678199768066406e+02,1.2727272727272726e-01,2011,2012,2.9256198347106868e-04,azimuth:0_m:degrees
1603,10,9.0247349739074707e+00,-3.0000000000000006e-02,1999,2000,1.9090909090909087e-04,wind_speed:18.4_m:m_s-1
1604,-2,-2.0000000000000000e+00,-8.9999999999999997e-02,-1,-1,1.2143064331837650e-17,wind_direction:18.4_m:degrees
1605,-2,-2.0000000000000000e+00,6.0714285714285721e-02,-1,-1,3.5204081632652946e-05,wind_direction:18.4_m:degrees
1606,-2,-2.0000000000000000e+00,0.0000000000000000e+00,-1,-1,-6.9388939039072284e-18,wind_direction:18.4_m:degrees
1607,-2,-2.0000000000000000e+00,2.8636363636363630e-02,-1,-1,9.1776859504131181e-05,wind_direction:18.4_m:degrees
1608,10,4.7917592525482178e+00,4.1599999999999998e-02,1677,1678,2.2144000000000525e-04,wind_speed:18.4_m:m_s-1
1609,-2,-2.0000000000000000e+00,4.0294117647058834e-02,-1,-1,8.5207612456747114e-05,wind_direction:18.4_m:degrees
1610,-2,-2.0000000000000000e+00,2.2941176470588236e-02,-1,-1,6.7820069204150776e-05,wind_direction:18.4_m:degrees
1611,-2,-2.0000000000000000e+00,2.2500000000000001e-01,-1,-1,2.2499999999999604e-04,wind_direction:18.4_m:degrees
1612,-2,-2.0000000000000000e+00,2.0090909090909090e-01,-1,-1,1.9008264462810898e-04,wind_direction:18.4_m:degrees
1613,-2,-2.0000000000000000e+00,3.8888888888888892e-03,-1,-1,7.9320987654321005e-05,wind_direction:18.4_m:degrees
1614,-2,-2.0000000000000000e+00,2.0512820512820520e-02,-1,-1,1.0230111768573280e-04,wind_direction:18.4_m:degrees
1615,12,1.7072793096303940e-02,-1.2475908080059210e-02,1617,1618,1.6377351149933627e-04,bulk_richardson:18.4_m:none
1616,-2,-2.0000000000000000e+00,-3.8297872340425534e-03,-1,-1,3.2141240380252774e-05,wind_direction:18.4_m:degrees
1617,0,4.2826728820800781e+01,-1.1260504201680583e-02,1619,1620,1.4568003672057195e-04,zenith:0_m:degrees
1618,11,1.1373499679565430e+02,-1.5390428211586852e-02,1623,1624,1.9512464389724181e-04,wind_direction:18.4_m:degrees
1619,1,1.1611116409301758e+02,-4.0000000000000001e-02,1621,1622,9.0000000000000041e-04,azimuth:0_m:degrees
1620,11,2.0819000244140625e+02,-1.1078224101479834e-02,1625,1626,1.3562390213159843e-04,wind_direction:18.4_m:degrees
1621,-2,-2.0000000000000000e+00,-1.0000000000000000e-02,-1,-1,-1.3552527156068805e-20,wind_direction:18.4_m:degrees
1622,-2,-2.0000000000000000e+00,-7.0000000000000007e-02,-1,-1,0.0000000000000000e+00,wind_direction:18.4_m:degrees
1623,-2,-2.0000000000000000e+00,2.9999999999999999e-02,-1,-1,0.0000000000000000e+00,wind_direction:18.4_m:degrees
1624,10,7.2454500198364258e+00,-1.5620253164556917e-02,1857,1858,1.8562794423970661e-04,wind_speed:18.4_m:m_s-1
1625,10,6.4172961711883545e+00,-1.2827324478178321e-02,1627,1628,1.2881838050761890e-04,wind_speed:18.4_m:m_s-1
1626,5,9.0350002288818359e+01,-8.8782816229116702e-03,1681,1682,1.3549592449348189e-04,relative_humidity:18.4_m:%
1627,-2,-2.0000000000000000e+00,-5.9999999999999998e-02,-1,-1,0.0000000000000000e+00,wind_direction:18.4_m:degrees
1628,10,7.5017831325531006e+00,-1.2647619047618986e-02,1645,1646,1.2079963718821036e-04,wind_speed:18.4_m:m_s-1
1629,-2,-2.0000000000000000e+00,1.3620689655172418e-02,-1,-1,5.0683709869203176e-05,wind_direction:18.4_m:degrees
1630,-2,-2.0000000000000000e+00,2.3888888888888900e-02,-1,-1,1.3209876543209876e-04,wind_direction:18.4_m:degrees
1631,-2,-2.0000000000000000e+00,2.2499999999999999e-02,-1,-1,1.1875000000000004e-04,wind_direction:18.4_m:degrees
1632,-2,-2.0000000000000000e+00,-7.6363636363636382e-03,-1,-1,5.8049586776859523e-05,wind_direction:18.4_m:degrees
1633,-2,-2.0000000000000000e+00,-6.2130177514792932e-03,-1,-1,9.0392493260039975e-05,wind_direction:18.4_m:degrees
1634,-2,-2.0000000000000000e+00,3.5000000000000003e-02,-1,-1,2.5000000000006788e-05,wind_direction:18.4_m:degrees
1635,-2,-2.0000000000000000e+00,2.5365853658536587e-02,-1,-1,3.9500297441998479e-05,wind_direction:18.4_m:degrees
1636,-2,-2.0000000000000000e+00,1.2000000000000002e-02,-1,-1,6.1714285714285604e-05,wind_direction:18.4_m:degrees
1637,-2,-2.0000000000000000e+00,1.5000000000000002e-01,-1,-1,1.9999999999999532e-04,wind_direction:18.4_m:degrees
1638,-2,-2.0000000000000000e+00,1.7640000000000003e-01,-1,-1,3.5903999999999103e-04,wind_direction:18.4_m:degrees
1639,-2,-2.0000000000000000e+00,-6.9298245614035107e-03,-1,-1,1.1952139119729137e-04,wind_direction:18.4_m:degrees
1640,2,2.9038999938964844e+02,4.1666666666666666e-03,1825,1826,1.5208333333333333e-04,water_sfc_temperature:0_m:K
1641,-2,-2.0000000000000000e+00,2.5121951219512186e-02,-1,-1,1.5018837993257996e-04,wind_direction:18.4_m:degrees
1642,11,2.3355000305175781e+02,1.8198757763975160e-02,1643,1644,9.7997762432007127e-05,wind_direction:18.4_m:degrees
1643,-2,-2.0000000000000000e+00,2.4461538461538465e-02,-1,-1,7.3940828402366656e-05,wind_direction:18.4_m:degrees
1644,-2,-2.0000000000000000e+00,1.3958333333333342e-02,-1,-1,6.9748263888888291e-05,wind_direction:18.4_m:degrees
1645,-2,-2.0000000000000000e+00,-1.0379310344827570e-02,-1,-1,6.0200951248514745e-05,wind_direction:18.4_m:degrees
1646,7,1.2500000000000000e+00,-1.5446808510638291e-02,2045,2046,1.8139610683567459e-04,wave_height:0_m:m
1647,-2,-2.0000000000000000e+00,4.4999999999999998e-02,-1,-1,2.5000000000000282e-05,wind_direction:18.4_m:degrees
1648,-2,-2.0000000000000000e+00,-5.0000000000000001e-03,-1,-1,2.4999999999999940e-05,wind_direction:18.4_m:degrees
1649,-2,-2.0000000000000000e+00,-2.4222222222222228e-02,-1,-1,6.8839506172839330e-05,wind_direction:18.4_m:degrees
1650,-2,-2.0000000000000000e+00,-1.0000000000000000e-02,-1,-1,3.8461538461538239e-05,wind_direction:18.4_m:degrees
1651,-2,-2.0000000000000000e+00,3.6000000000000004e-02,-1,-1,1.3400000000000000e-04,wind_direction:18.4_m:degrees
1652,-2,-2.0000000000000000e+00,5.2857142857142880e-02,-1,-1,3.0612244897959247e-04,wind_direction:18.4_m:degrees
1653,-2,-2.0000000000000000e+00,5.8333333333333334e-02,-1,-1,8.0555555555555068e-05,wind_direction:18.4_m:degrees
1654,-2,-2.0000000000000000e+00,7.7000000000000013e-02,-1,-1,1.6099999999999708e-04,wind_direction:18.4_m:degrees
1655,-2,-2.0000000000000000e+00,6.6000000000000003e-02,-1,-1,3.0400000000000219e-04,wind_direction:18.4_m:degrees
1656,-2,-2.0000000000000000e+00,4.0909090909090909e-02,-1,-1,6.2809917355370745e-05,wind_direction:18.4_m:degrees
1657,-2,-2.0000000000000000e+00,1.5243902439024395e-02,-1,-1,9.0794170136822977e-05,wind_direction:18.4_m:degrees
1658,-2,-2.0000000000000000e+00,4.8979591836734691e-03,-1,-1,6.9887546855476921e-05,wind_direction:18.4_m:degrees
1659,-2,-2.0000000000000000e+00,6.8837209302325564e-02,-1,-1,1.7306652244456627e-04,wind_direction:18.4_m:degrees
1660,-2,-2.0000000000000000e+00,7.8727272727272729e-02,-1,-1,1.2019834710743325e-04,wind_direction:18.4_m:degrees
1661,-2,-2.0000000000000000e+00,1.9999999999999998e-01,-1,-1,3.9999999999999064e-04,wind_direction:18.4_m:degrees
1662,-2,-2.0000000000000000e+00,1.6333333333333333e-01,-1,-1,2.2222222222235966e-05,wind_direction:18.4_m:degrees
1663,6,2.3500000000000000e+02,9.7826086956521757e-02,1665,1666,3.0396975425330680e-04,wave_direction:0_m:degrees
1664,-2,-2.0000000000000000e+00,1.4000000000000001e-01,-1,-1,4.8572257327350599e-17,wind_direction:18.4_m:degrees
1665,-2,-2.0000000000000000e+00,5.0000000000000003e-02,-1,-1,0.0000000000000000e+00,wind_direction:18.4_m:degrees
1666,-2,-2.0000000000000000e+00,1.0238095238095238e-01,-1,-1,9.4331065759633431e-05,wind_direction:18.4_m:degrees
1667,-2,-2.0000000000000000e+00,-2.1666666666666667e-02,-1,-1,1.4722222222222204e-04,wind_direction:18.4_m:degrees
1668,-2,-2.0000000000000000e+00,-5.2499999999999998e-02,-1,-1,1.1874999999999993e-04,wind_direction:18.4_m:degrees
1669,-2,-2.0000000000000000e+00,-1.1538461538461537e-02,-1,-1,8.9940828402366936e-05,wind_direction:18.4_m:degrees
1670,-2,-2.0000000000000000e+00,-2.3237800154918671e-04,-1,-1,5.1533916808315581e-05,wind_direction:18.4_m:degrees
1671,-2,-2.0000000000000000e+00,6.6666666666666666e-02,-1,-1,1.5555555555555635e-04,wind_direction:18.4_m:degrees
1672,-2,-2.0000000000000000e+00,1.0210526315789474e-01,-1,-1,2.0609418282548260e-04,wind_direction:18.4_m:degrees
1673,-2,-2.0000000000000000e+00,0.0000000000000000e+00,-1,-1,0.0000000000000000e+00,wind_direction:18.4_m:degrees
1674,-2,-2.0000000000000000e+00,-4.5714285714285721e-02,-1,-1,8.1632653061224775e-05,wind_direction:18.4_m:degrees
1675,-2,-2.0000000000000000e+00,-1.9484536082474222e-02,-1,-1,1.0076522478478053e-04,wind_direction:18.4_m:degrees
1676,-2,-2.0000000000000000e+00,-5.9999999999999998e-02,-1,-1,-4.3368086899420177e-19,wind_direction:18.4_m:degrees
1677,-2,-2.0000000000000000e+00,2.5000000000000001e-02,-1,-1,2.4999999999999957e-05,wind_direction:18.4_m:degrees
1678,-2,-2.0000000000000000e+00,4.9411764705882356e-02,-1,-1,1.2318339100345988e-04,wind_direction:18.4_m:degrees
1679,-2,-2.0000000000000000e+00,-6.1111111111111114e-03,-1,-1,7.9320987654320978e-05,wind_direction:18.4_m:degrees
1680,-2,-2.0000000000000000e+00,-2.6000000000000002e-02,-1,-1,3.7333333333333229e-05,wind_direction:18.4_m:degrees
1681,1,2.6224473571777344e+02,-1.7317073170731712e-02,1683,1684,4.4402141582391405e-04,azimuth:0_m:degrees
1682,-2,-2.0000000000000000e+00,-7.9629629629629443e-03,-1,-1,9.3469527728788087e-05,wind_direction:18.4_m:degrees
1683,-2,-2.0000000000000000e+00,-9.3749999999999997e-03,-1,-1,3.7109374999999979e-05,wind_direction:18.4_m:degrees
1684,10,7.2610778808593750e+00,-4.5555555555555551e-02,1685,1686,8.6913580246913372e-04,wind_speed:18.4_m:m_s-1
1685,-2,-2.0000000000000000e+00,-7.7499999999999999e-02,-1,-1,1.1874999999999993e-04,wind_direction:18.4_m:degrees
1686,-2,-2.0000000000000000e+00,-2.0000000000000000e-02,-1,-1,-2.1684043449710089e-19,wind_direction:18.4_m:degrees
1687,-2,-2.0000000000000000e+00,6.9206349206349202e-02,-1,-1,1.4063995968757910e-04,wind_direction:18.4_m:degrees
1688,-2,-2.0000000000000000e+00,1.1000000000000000e-01,-1,-1,0.0000000000000000e+00,wind_direction:18.4_m:degrees
1689,-2,-2.0000000000000000e+00,-8.1632653061224482e-04,-1,-1,5.2394835485214507e-05,wind_direction:18.4_m:degrees
1690,-2,-2.0000000000000000e+00,1.3333333333333336e-02,-1,-1,1.3888888888888875e-04,wind_direction:18.4_m:degrees
1691,-2,-2.0000000000000000e+00,-5.3333333333333337e-02,-1,-1,1.1555555555555494e-04,wind_direction:18.4_m:degrees
1692,-2,-2.0000000000000000e+00,-3.6052631578947392e-02,-1,-1,1.7126038781163275e-04,wind_direction:18.4_m:degrees
1693,-2,-2.0000000000000000e+00,1.9666666666666666e-01,-1,-1,8.8888888888888351e-05,wind_direction:18.4_m:degrees
1694,-2,-2.0000000000000000e+00,1.4500000000000002e-01,-1,-1,2.2499999999999951e-04,wind_direction:18.4_m:degrees
1695,-2,-2.0000000000000000e+00,1.6666666666666666e-02,-1,-1,2.2222222222222250e-05,wind_direction:18.4_m:degrees
1696,-2,-2.0000000000000000e+00,4.0649350649350657e-02,-1,-1,1.0217574633158998e-04,wind_direction:18.4_m:degrees
1697,-2,-2.0000000000000000e+00,2.6400000000000001e-01,-1,-1,3.4399999999999709e-04,wind_direction:18.4_m:degrees
1698,-2,-2.0000000000000000e+00,2.9624999999999996e-01,-1,-1,9.8437500000034261e-05,wind_direction:18.4_m:degrees
1699,-2,-2.0000000000000000e+00,1.9666666666666666e-01,-1,-1,8.8888888888888351e-05,wind_direction:18.4_m:degrees
1700,-2,-2.0000000000000000e+00,1.6071428571428567e-01,-1,-1,2.0663265306122489e-04,wind_direction:18.4_m:degrees
1701,-2,-2.0000000000000000e+00,8.0000000000000002e-02,-1,-1,1.1666666666666770e-04,wind_direction:18.4_m:degrees
1702,10,4.5841100215911865e+00,6.1463414634146354e-02,1703,1704,2.4663890541343951e-04,wind_speed:18.4_m:m_s-1
1703,-2,-2.0000000000000000e+00,6.0000000000000012e-02,-1,-1,1.6499999999999891e-04,wind_direction:18.4_m:degrees
1704,-2,-2.0000000000000000e+00,1.2000000000000000e-01,-1,-1,-2.9490299091605721e-17,wind_direction:18.4_m:degrees
1705,12,-4.9163341522216797e-02,-1.8329938900203673e-03,1801,1802,9.3585143582447424e-05,bulk_richardson:18.4_m:none
1706,10,4.1178066730499268e+00,-1.7692307692307691e-02,1821,1822,3.2544378698224789e-04,wind_speed:18.4_m:m_s-1
1707,-2,-2.0000000000000000e+00,2.2529411764705884e-01,-1,-1,2.2491349480966566e-04,wind_direction:18.4_m:degrees
1708,-2,-2.0000000000000000e+00,2.5400000000000000e-01,-1,-1,6.4000000000008495e-05,wind_direction:18.4_m:degrees
1709,-2,-2.0000000000000000e+00,2.1964285714285724e-02,-1,-1,1.3364158163265278e-04,wind_direction:18.4_m:degrees
1710,-2,-2.0000000000000000e+00,4.2222222222222223e-02,-1,-1,1.7283950617282690e-05,wind_direction:18.4_m:degrees
1711,4,2.3684202432632446e+00,1.4285714285714290e-02,1799,1800,8.4013605442176696e-05,mixing_ratio:18.4_m:g_kg-1
1712,-2,-2.0000000000000000e+00,2.8888888888888891e-02,-1,-1,1.3209876543209735e-04,wind_direction:18.4_m:degrees
1713,-2,-2.0000000000000000e+00,-4.2372881355932229e-03,-1,-1,8.4587762137316942e-05,wind_direction:18.4_m:degrees
1714,11,2.3079000091552734e+02,-8.4697508896797100e-03,1715,1716,1.3324552627246510e-04,wind_direction:18.4_m:degrees
1715,4,1.2993800640106201e+01,-1.2335766423357673e-02,1717,1718,2.0330331930310593e-04,mixing_ratio:18.4_m:g_kg-1
1716,-2,-2.0000000000000000e+00,-4.7916666666666689e-03,-1,-1,3.8845486111111418e-05,wind_direction:18.4_m:degrees
1717,-2,-2.0000000000000000e+00,-3.2500000000000001e-02,-1,-1,1.6875000000000006e-04,wind_direction:18.4_m:degrees
1718,1,2.6126994323730469e+02,-1.1085271317829461e-02,1719,1720,1.7866714740700653e-04,azimuth:0_m:degrees
1719,-2,-2.0000000000000000e+00,-6.1643835616438380e-03,-1,-1,5.3781197222743493e-05,wind_direction:18.4_m:degrees
1720,-2,-2.0000000000000000e+00,-1.7500000000000009e-02,-1,-1,2.6875000000000011e-04,wind_direction:18.4_m:degrees
1721,-2,-2.0000000000000000e+00,-2.9999999999999999e-02,-1,-1,1.0000000000000005e-04,wind_direction:18.4_m:degrees
1722,-2,-2.0000000000000000e+00,-9.4782608695652224e-03,-1,-1,8.8423440453686033e-05,wind_direction:18.4_m:degrees
1723,-2,-2.0000000000000000e+00,-1.0362694300518134e-03,-1,-1,7.1465005771967005e-05,wind_direction:18.4_m:degrees
1724,-2,-2.0000000000000000e+00,8.0851063829787250e-03,-1,-1,3.2503395201448373e-05,wind_direction:18.4_m:degrees
1725,-2,-2.0000000000000000e+00,2.9473684210526319e-02,-1,-1,7.3407202216066859e-05,wind_direction:18.4_m:degrees
1726,-2,-2.0000000000000000e+00,8.6736173798840355e-19,-1,-1,5.4999999999999494e-04,wind_direction:18.4_m:degrees
1727,-2,-2.0000000000000000e+00,4.0000000000000001e-02,-1,-1,0.0000000000000000e+00,wind_direction:18.4_m:degrees
1728,-2,-2.0000000000000000e+00,9.8333333333333328e-02,-1,-1,8.0555555555555935e-05,wind_direction:18.4_m:degrees
1729,-2,-2.0000000000000000e+00,5.8260869565217407e-02,-1,-1,4.9149338374291328e-05,wind_direction:18.4_m:degrees
1730,-2,-2.0000000000000000e+00,8.1250000000000017e-02,-1,-1,1.1093749999999732e-04,wind_direction:18.4_m:degrees
1731,-2,-2.0000000000000000e+00,2.2125000000000000e-01,-1,-1,1.3593749999998850e-04,wind_direction:18.4_m:degrees
1732,-2,-2.0000000000000000e+00,1.8333333333333335e-01,-1,-1,8.8888888888902229e-05,wind_direction:18.4_m:degrees
1733,-2,-2.0000000000000000e+00,2.3125000000000003e-02,-1,-1,3.3984374999999618e-05,wind_direction:18.4_m:degrees
1734,-2,-2.0000000000000000e+00,3.8888888888888892e-03,-1,-1,9.0432098765432116e-05,wind_direction:18.4_m:degrees
1735,-2,-2.0000000000000000e+00,5.9411764705882365e-02,-1,-1,1.4671280276816641e-04,wind_direction:18.4_m:degrees
1736,-2,-2.0000000000000000e+00,4.0000000000000008e-02,-1,-1,-2.3852447794681098e-18,wind_direction:18.4_m:degrees
1737,-2,-2.0000000000000000e+00,9.1534391534391600e-03,-1,-1,5.3251588701324013e-05,wind_direction:18.4_m:degrees
1738,-2,-2.0000000000000000e+00,3.7698412698412725e-03,-1,-1,6.5550201562106531e-05,wind_direction:18.4_m:degrees
1739,-2,-2.0000000000000000e+00,1.0769230769230771e-02,-1,-1,2.0710059171597629e-04,wind_direction:18.4_m:degrees
1740,4,1.3327181339263916e+01,-4.8333333333333119e-03,2041,2042,7.6148692810457973e-05,mixing_ratio:18.4_m:g_kg-1
1741,-2,-2.0000000000000000e+00,2.1999999999999999e-02,-1,-1,1.5999999999999955e-05,wind_direction:18.4_m:degrees
1742,-2,-2.0000000000000000e+00,5.0000000000000003e-02,-1,-1,1.5789473684210470e-04,wind_direction:18.4_m:degrees
1743,12,-7.2729159146547318e-02,1.5343749999999995e-01,2023,2024,2.8505859374998790e-04,bulk_richardson:18.4_m:none
1744,-2,-2.0000000000000000e+00,2.0999999999999999e-01,-1,-1,1.5265566588595902e-16,wind_direction:18.4_m:degrees
1745,-2,-2.0000000000000000e+00,-8.3333333333333339e-04,-1,-1,7.6388888888888884e-06,wind_direction:18.4_m:degrees
1746,-2,-2.0000000000000000e+00,1.1492537313432843e-02,-1,-1,3.2100690576965669e-05,wind_direction:18.4_m:degrees
1747,-2,-2.0000000000000000e+00,2.1923076923076931e-02,-1,-1,6.9378698224852053e-05,wind_direction:18.4_m:degrees
1748,-2,-2.0000000000000000e+00,4.4285714285714296e-02,-1,-1,1.3877551020407674e-04,wind_direction:18.4_m:degrees
1749,-2,-2.0000000000000000e+00,1.2500000000000000e-01,-1,-1,7.4999999999998679e-05,wind_direction:18.4_m:degrees
1750,0,7.8869956970214844e+01,9.4761904761904769e-02,1751,1752,2.9160997732426489e-04,zenith:0_m:degrees
1751,-2,-2.0000000000000000e+00,1.2000000000000000e-01,-1,-1,2.9999999999999992e-04,wind_direction:18.4_m:degrees
1752,-2,-2.0000000000000000e+00,8.8823529411764718e-02,-1,-1,1.0449826989619021e-04,wind_direction:18.4_m:degrees
1753,-2,-2.0000000000000000e+00,2.3000000000000001e-01,-1,-1,0.0000000000000000e+00,wind_direction:18.4_m:degrees
1754,-2,-2.0000000000000000e+00,1.9250000000000000e-01,-1,-1,1.8750000000004874e-05,wind_direction:18.4_m:degrees
1755,-2,-2.0000000000000000e+00,1.0714285714285716e-02,-1,-1,7.0918367346938812e-05,wind_direction:18.4_m:degrees
1756,-2,-2.0000000000000000e+00,2.7647058823529413e-02,-1,-1,3.0034602076124456e-04,wind_direction:18.4_m:degrees
1757,7,8.4999999403953552e-01,-1.0987654320987661e-02,1759,1760,1.3112330437433349e-04,wave_height:0_m:m
1758,-2,-2.0000000000000000e+00,-1.7979797979797988e-02,-1,-1,8.2787470666259512e-05,wind_direction:18.4_m:degrees
1759,-2,-2.0000000000000000e+00,-1.7551020408163268e-02,-1,-1,1.2869637650978741e-04,wind_direction:18.4_m:degrees
1760,4,1.1795311927795410e+01,-8.1415929203539870e-03,1761,1762,1.0539588064844535e-04,mixing_ratio:18.4_m:g_kg-1
1761,-2,-2.0000000000000000e+00,-1.4081632653061229e-02,-1,-1,4.8646397334443730e-05,wind_direction:18.4_m:degrees
1762,4,1.4419368267059326e+01,-3.5937499999999997e-03,1763,1764,1.0114746093749989e-04,mixing_ratio:18.4_m:g_kg-1
1763,-2,-2.0000000000000000e+00,3.2432432432432431e-03,-1,-1,4.8940832724616518e-05,wind_direction:18.4_m:degrees
1764,-2,-2.0000000000000000e+00,-1.2962962962962966e-02,-1,-1,2.0850480109739391e-05,wind_direction:18.4_m:degrees
1765,10,1.3381501197814941e+01,-1.2272727272727277e-02,1853,1854,1.6604683195592273e-04,wind_speed:18.4_m:m_s-1
1766,-2,-2.0000000000000000e+00,-4.2405063291139251e-03,-1,-1,1.1935987822464338e-04,wind_direction:18.4_m:degrees
1767,-2,-2.0000000000000000e+00,-2.0256410256410253e-02,-1,-1,1.0634451019066377e-04,wind_direction:18.4_m:degrees
1768,-2,-2.0000000000000000e+00,-4.1428571428571426e-02,-1,-1,1.2244897959179249e-05,wind_direction:18.4_m:degrees
1769,-2,-2.0000000000000000e+00,1.0857142857142857e-01,-1,-1,2.6938775510204280e-04,wind_direction:18.4_m:degrees
1770,-2,-2.0000000000000000e+00,5.0000000000000003e-02,-1,-1,-2.1684043449710089e-18,wind_direction:18.4_m:degrees
1771,-2,-2.0000000000000000e+00,2.6000000000000001e-01,-1,-1,1.0000000000003062e-04,wind_direction:18.4_m:degrees
1772,-2,-2.0000000000000000e+00,2.0999999999999999e-01,-1,-1,1.3877787807814457e-17,wind_direction:18.4_m:degrees
1773,-2,-2.0000000000000000e+00,1.2000000000000000e-01,-1,-1,-1.7347234759768071e-18,wind_direction:18.4_m:degrees
1774,-2,-2.0000000000000000e+00,7.0000000000000007e-02,-1,-1,8.6736173798840355e-19,wind_direction:18.4_m:degrees
1775,-2,-2.0000000000000000e+00,-3.1621621621621625e-02,-1,-1,2.9802775748721550e-05,wind_direction:18.4_m:degrees
1776,-2,-2.0000000000000000e+00,-2.0563380281690150e-02,-1,-1,1.2362626463003360e-04,wind_direction:18.4_m:degrees
1777,-2,-2.0000000000000000e+00,1.2052631578947369e-01,-1,-1,7.8670360110801724e-05,wind_direction:18.4_m:degrees
1778,-2,-2.0000000000000000e+00,8.6666666666666670e-02,-1,-1,1.5555555555559278e-04,wind_direction:18.4_m:degrees
1779,-2,-2.0000000000000000e+00,4.7692307692307694e-02,-1,-1,9.4674556213016937e-05,wind_direction:18.4_m:degrees
1780,-2,-2.0000000000000000e+00,6.6666666666666680e-02,-1,-1,2.0555555555555691e-04,wind_direction:18.4_m:degrees
1781,-2,-2.0000000000000000e+00,1.4999999999999999e-01,-1,-1,0.0000000000000000e+00,wind_direction:18.4_m:degrees
1782,-2,-2.0000000000000000e+00,9.2999999999999999e-02,-1,-1,1.0099999999999866e-04,wind_direction:18.4_m:degrees
1783,-2,-2.0000000000000000e+00,-9.0909090909090887e-04,-1,-1,6.2809917355371910e-05,wind_direction:18.4_m:degrees
1784,-2,-2.0000000000000000e+00,-4.0000000000000001e-02,-1,-1,4.3368086899420177e-19,wind_direction:18.4_m:degrees
1785,-2,-2.0000000000000000e+00,1.9000000000000000e-01,-1,-1,0.0000000000000000e+00,wind_direction:18.4_m:degrees
1786,11,2.7977999877929688e+02,1.5034482758620690e-01,1787,1788,3.6195005945302561e-04,wind_direction:18.4_m:degrees
1787,-2,-2.0000000000000000e+00,1.1666666666666665e-01,-1,-1,2.2222222222223822e-05,wind_direction:18.4_m:degrees
1788,-2,-2.0000000000000000e+00,1.5423076923076923e-01,-1,-1,2.5517751479289114e-04,wind_direction:18.4_m:degrees
1789,-2,-2.0000000000000000e+00,2.4727272727272737e-02,-1,-1,4.6743801652892204e-05,wind_direction:18.4_m:degrees
1790,-2,-2.0000000000000000e+00,-2.9999999999999999e-02,-1,-1,3.3610267347050637e-18,wind_direction:18.4_m:degrees
1791,-2,-2.0000000000000000e+00,-9.5652173913043492e-03,-1,-1,8.2419659735349709e-05,wind_direction:18.4_m:degrees
1792,-2,-2.0000000000000000e+00,3.2500000000000003e-03,-1,-1,1.5443749999999993e-04,wind_direction:18.4_m:degrees
1793,-2,-2.0000000000000000e+00,1.7169811320754725e-02,-1,-1,9.1990032039871372e-05,wind_direction:18.4_m:degrees
1794,-2,-2.0000000000000000e+00,6.8421052631578968e-03,-1,-1,3.2132963988919596e-05,wind_direction:18.4_m:degrees
1795,-2,-2.0000000000000000e+00,1.2642857142857145e-01,-1,-1,1.4438775510205309e-04,wind_direction:18.4_m:degrees
1796,2,2.8090000915527344e+02,1.4277777777777778e-01,1797,1798,4.3117283950619076e-04,water_sfc_temperature:0_m:K
1797,-2,-2.0000000000000000e+00,1.3571428571428573e-01,-1,-1,2.8163265306122010e-04,wind_direction:18.4_m:degrees
1798,-2,-2.0000000000000000e+00,1.6749999999999998e-01,-1,-1,1.6874999999998835e-04,wind_direction:18.4_m:degrees
1799,-2,-2.0000000000000000e+00,2.2413793103448276e-02,-1,-1,5.9690844233056014e-05,wind_direction:18.4_m:degrees
1800,-2,-2.0000000000000000e+00,1.0000000000000004e-02,-1,-1,4.3636363636363385e-05,wind_direction:18.4_m:degrees
1801,-2,-2.0000000000000000e+00,-4.0000000000000001e-02,-1,-1,0.0000000000000000e+00,wind_direction:18.4_m:degrees
1802,-2,-2.0000000000000000e+00,-1.6768916155419228e-03,-1,-1,8.7985580521995172e-05,wind_direction:18.4_m:degrees
1803,-2,-2.0000000000000000e+00,9.0000000000000011e-02,-1,-1,1.9999999999999879e-04,wind_direction:18.4_m:degrees
1804,-2,-2.0000000000000000e+00,5.5384615384615379e-02,-1,-1,8.6390532544380547e-05,wind_direction:18.4_m:degrees
1805,-2,-2.0000000000000000e+00,-5.9999999999999998e-02,-1,-1,0.0000000000000000e+00,wind_direction:18.4_m:degrees
1806,-2,-2.0000000000000000e+00,-5.7407407407407416e-03,-1,-1,1.1704389574759944e-04,wind_direction:18.4_m:degrees
1807,-2,-2.0000000000000000e+00,-2.6923076923076921e-02,-1,-1,1.2899408284023685e-04,wind_direction:18.4_m:degrees
1808,3,1.0054500122070312e+03,-1.0957446808510641e-02,1809,1810,1.1078542326844719e-04,pressure:18.4_m:hPa
1809,-2,-2.0000000000000000e+00,-2.8000000000000004e-02,-1,-1,1.5999999999999847e-05,wind_direction:18.4_m:degrees
1810,-2,-2.0000000000000000e+00,-8.9285714285714315e-03,-1,-1,8.3375850340135999e-05,wind_direction:18.4_m:degrees
1811,-2,-2.0000000000000000e+00,-4.0000000000000001e-03,-1,-1,6.4000000000000011e-05,wind_direction:18.4_m:degrees
1812,-2,-2.0000000000000000e+00,-2.9999999999999999e-02,-1,-1,3.3333333333333457e-05,wind_direction:18.4_m:degrees
1813,-2,-2.0000000000000000e+00,3.7258883248730959e-02,-1,-1,1.2954211651936562e-04,wind_direction:18.4_m:degrees
1814,-2,-2.0000000000000000e+00,5.1250000000000011e-02,-1,-1,8.5937500000013954e-05,wind_direction:18.4_m:degrees
1815,-2,-2.0000000000000000e+00,-2.5000000000000001e-02,-1,-1,1.2499999999999979e-04,wind_direction:18.4_m:degrees
1816,-2,-2.0000000000000000e+00,-4.9999999999999996e-02,-1,-1,6.6666666666668865e-05,wind_direction:18.4_m:degrees
1817,-2,-2.0000000000000000e+00,1.7500000000000002e-02,-1,-1,1.8749999999999995e-05,wind_direction:18.4_m:degrees
1818,-2,-2.0000000000000000e+00,-5.9999999999999993e-03,-1,-1,5.0666666666666599e-05,wind_direction:18.4_m:degrees
1819,-2,-2.0000000000000000e+00,6.9354838709677416e-02,-1,-1,8.9906347554630749e-05,wind_direction:18.4_m:degrees
1820,-2,-2.0000000000000000e+00,8.8181818181818195e-02,-1,-1,2.6942148760330294e-04,wind_direction:18.4_m:degrees
1821,-2,-2.0000000000000000e+00,-3.1428571428571431e-02,-1,-1,1.5510204081632651e-04,wind_direction:18.4_m:degrees
1822,-2,-2.0000000000000000e+00,-1.6666666666666668e-03,-1,-1,4.7222222222222506e-05,wind_direction:18.4_m:degrees
1823,-2,-2.0000000000000000e+00,9.5000000000000001e-02,-1,-1,3.2500000000000064e-04,wind_direction:18.4_m:degrees
1824,-2,-2.0000000000000000e+00,7.3571428571428579e-02,-1,-1,1.0867346938775273e-04,wind_direction:18.4_m:degrees
1825,-2,-2.0000000000000000e+00,-1.7999999999999999e-02,-1,-1,9.6000000000000002e-05,wind_direction:18.4_m:degrees
1826,-2,-2.0000000000000000e+00,7.7419354838709669e-03,-1,-1,6.9094693028095739e-05,wind_direction:18.4_m:degrees
1827,-2,-2.0000000000000000e+00,2.2130434782608699e-01,-1,-1,2.6351606805292971e-04,wind_direction:18.4_m:degrees
1828,-2,-2.0000000000000000e+00,1.9250000000000003e-01,-1,-1,1.6875000000005080e-04,wind_direction:18.4_m:degrees
1829,-2,-2.0000000000000000e+00,-1.1666666666666665e-02,-1,-1,1.5833333333333338e-04,wind_direction:18.4_m:degrees
1830,-2,-2.0000000000000000e+00,-2.7419354838709685e-02,-1,-1,9.0114464099895529e-05,wind_direction:18.4_m:degrees
1831,-2,-2.0000000000000000e+00,5.4999999999999993e-02,-1,-1,2.5000000000000716e-05,wind_direction:18.4_m:degrees
1832,-2,-2.0000000000000000e+00,8.0666666666666692e-02,-1,-1,1.1288888888889067e-04,wind_direction:18.4_m:degrees
1833,10,8.3119125366210938e+00,-2.0145631067961082e-02,1835,1836,2.2570694693185405e-04,wind_speed:18.4_m:m_s-1
1834,-2,-2.0000000000000000e+00,-3.6363636363636369e-02,-1,-1,5.9504132231403281e-05,wind_direction:18.4_m:degrees
1835,-2,-2.0000000000000000e+00,-1.5462962962962972e-02,-1,-1,7.2933813443072491e-05,wind_direction:18.4_m:degrees
1836,10,8.3150134086608887e+00,-2.1809210526315750e-02,1837,1838,2.6942412569252755e-04,wind_speed:18.4_m:m_s-1
1837,-2,-2.0000000000000000e+00,-5.9999999999999998e-02,-1,-1,0.0000000000000000e+00,wind_direction:18.4_m:degrees
1838,-2,-2.0000000000000000e+00,-2.1299999999999961e-02,-1,-1,2.5331000000000160e-04,wind_direction:18.4_m:degrees
1839,-2,-2.0000000000000000e+00,4.5991561181434630e-03,-1,-1,4.5092488739340185e-05,wind_direction:18.4_m:degrees
1840,-2,-2.0000000000000000e+00,-3.0172413793103407e-04,-1,-1,5.2064134958382741e-05,wind_direction:18.4_m:degrees
1841,-2,-2.0000000000000000e+00,5.3999999999999999e-02,-1,-1,1.5733333333333398e-04,wind_direction:18.4_m:degrees
1842,-2,-2.0000000000000000e+00,3.8367346938775519e-02,-1,-1,1.1570179092045040e-04,wind_direction:18.4_m:degrees
1843,10,1.5477036237716675e+00,-4.2397660818713359e-03,1845,1846,9.0503915734756277e-05,wind_speed:18.4_m:m_s-1
1844,-2,-2.0000000000000000e+00,3.6809815950920248e-04,-1,-1,6.8576160186683486e-05,wind_direction:18.4_m:degrees
1845,10,1.3865504860877991e+00,-1.0000000000000002e-02,1847,1848,3.4352941176470591e-04,wind_speed:18.4_m:m_s-1
1846,-2,-2.0000000000000000e+00,-3.4223706176961621e-03,-1,-1,4.9222270840940079e-05,wind_direction:18.4_m:degrees
1847,0,5.3621908187866211e+01,-6.2500000000000012e-03,1849,1850,1.2593749999999991e-04,zenith:0_m:degrees
1848,-2,-2.0000000000000000e+00,-7.0000000000000007e-02,-1,-1,2.6020852139652106e-18,wind_direction:18.4_m:degrees
1849,-2,-2.0000000000000000e+00,-1.9199999999999998e-02,-1,-1,1.5136000000000012e-04,wind_direction:18.4_m:degrees
1850,-2,-2.0000000000000000e+00,-3.6363636363636367e-04,-1,-1,3.5041322314048722e-06,wind_direction:18.4_m:degrees
1851,-2,-2.0000000000000000e+00,3.8437500000000006e-02,-1,-1,1.2568359374999982e-04,wind_direction:18.4_m:degrees
1852,-2,-2.0000000000000000e+00,5.3500000000000013e-02,-1,-1,2.0274999999999764e-04,wind_direction:18.4_m:degrees
1853,-2,-2.0000000000000000e+00,-9.0566037735849061e-03,-1,-1,1.3307226771092908e-04,wind_direction:18.4_m:degrees
1854,-2,-2.0000000000000000e+00,-2.5384615384615387e-02,-1,-1,8.6390532544377945e-05,wind_direction:18.4_m:degrees
1855,-2,-2.0000000000000000e+00,1.2931034482758629e-02,-1,-1,6.8995243757431421e-05,wind_direction:18.4_m:degrees
1856,-2,-2.0000000000000000e+00,-4.0000000000000001e-02,-1,-1,-5.6378512969246231e-18,wind_direction:18.4_m:degrees
1857,11,1.4914500427246094e+02,-1.3303571428571425e-02,1969,1970,1.1497927295918444e-04,wind_direction:18.4_m:degrees
1858,2,2.9038999938964844e+02,-1.8654970760233903e-02,1859,1860,2.6193358640265560e-04,water_sfc_temperature:0_m:K
1859,-2,-2.0000000000000000e+00,-1.2285714285714290e-02,-1,-1,6.6204081632652940e-05,wind_direction:18.4_m:degrees
1860,4,1.4830925941467285e+01,-2.3069306930693069e-02,1861,1862,3.4998529555926015e-04,mixing_ratio:18.4_m:g_kg-1
1861,6,1.9950000000000000e+02,-4.0000000000000008e-02,1863,1864,6.1111111111111045e-04,wave_direction:0_m:degrees
1862,3,1.0143500061035156e+03,-1.9397590361445793e-02,1865,1866,2.1770939178400363e-04,pressure:18.4_m:hPa
1863,-2,-2.0000000000000000e+00,-2.7142857142857142e-02,-1,-1,2.0408163265305326e-05,wind_direction:18.4_m:degrees
1864,-2,-2.0000000000000000e+00,-8.5000000000000006e-02,-1,-1,7.4999999999999546e-05,wind_direction:18.4_m:degrees
1865,11,1.7875000000000000e+02,-1.8125000000000009e-02,1867,1868,1.6773437499999970e-04,wind_direction:18.4_m:degrees
1866,-2,-2.0000000000000000e+00,-5.3333333333333337e-02,-1,-1,3.5555555555554993e-04,wind_direction:18.4_m:degrees
1867,-2,-2.0000000000000000e+00,-5.5000000000000000e-02,-1,-1,1.2249999999999995e-03,wind_direction:18.4_m:degrees
1868,-2,-2.0000000000000000e+00,-1.7179487179487186e-02,-1,-1,1.0486522024983551e-04,wind_direction:18.4_m:degrees
1869,-2,-2.0000000000000000e+00,1.7312500000000000e-01,-1,-1,1.3398437500000346e-04,wind_direction:18.4_m:degrees
1870,-2,-2.0000000000000000e+00,1.3999999999999999e-01,-1,-1,1.9999999999998838e-04,wind_direction:18.4_m:degrees
1871,1,1.7605947113037109e+02,-3.8656716417910443e-02,1873,1874,2.4446424593450758e-04,azimuth:0_m:degrees
1872,-2,-2.0000000000000000e+00,-2.0000000000000000e-02,-1,-1,1.3333333333332667e-04,wind_direction:18.4_m:degrees
1873,-2,-2.0000000000000000e+00,-5.3846153846153842e-02,-1,-1,3.0059171597633227e-04,wind_direction:18.4_m:degrees
1874,-2,-2.0000000000000000e+00,-3.5000000000000017e-02,-1,-1,1.6203703703703779e-04,wind_direction:18.4_m:degrees
1875,-2,-2.0000000000000000e+00,2.0000000000000000e-02,-1,-1,1.7500000000000008e-04,wind_direction:18.4_m:degrees
1876,-2,-2.0000000000000000e+00,-6.2500000000000003e-03,-1,-1,4.8437499999999897e-05,wind_direction:18.4_m:degrees
1877,5,4.6750000000000000e+01,-2.8874172185430268e-03,1943,1944,9.7490636375597295e-05,relative_humidity:18.4_m:%
1878,-2,-2.0000000000000000e+00,-4.0000000000000001e-02,-1,-1,-2.0686577451023425e-16,wind_direction:18.4_m:degrees
1879,-2,-2.0000000000000000e+00,-2.7142857142857142e-02,-1,-1,4.8979591836734670e-05,wind_direction:18.4_m:degrees
1880,-2,-2.0000000000000000e+00,-6.3333333333333339e-02,-1,-1,8.8888888888889218e-05,wind_direction:18.4_m:degrees
1881,2,2.8511499023437500e+02,1.2421875000000004e-02,1883,1884,1.2929077148437498e-04,water_sfc_temperature:0_m:K
1882,-2,-2.0000000000000000e+00,2.4761904761904770e-02,-1,-1,8.2086167800453206e-05,wind_direction:18.4_m:degrees
1883,-2,-2.0000000000000000e+00,1.0695652173913047e-02,-1,-1,1.0908128544423428e-04,wind_direction:18.4_m:degrees
1884,-2,-2.0000000000000000e+00,2.7692307692307686e-02,-1,-1,4.8520710059171430e-05,wind_direction:18.4_m:degrees
1885,-2,-2.0000000000000000e+00,1.1279999999999997e-01,-1,-1,1.3215999999998534e-04,wind_direction:18.4_m:degrees
1886,-2,-2.0000000000000000e+00,1.2850000000000000e-01,-1,-1,9.2750000000023369e-05,wind_direction:18.4_m:degrees
1887,-2,-2.0000000000000000e+00,3.0588235294117649e-02,-1,-1,1.1141868512110715e-04,wind_direction:18.4_m:degrees
1888,-2,-2.0000000000000000e+00,1.6140350877192990e-02,-1,-1,4.4752231455831993e-05,wind_direction:18.4_m:degrees
1889,-2,-2.0000000000000000e+00,-1.5555555555555557e-02,-1,-1,1.5802469135802467e-04,wind_direction:18.4_m:degrees
1890,-2,-2.0000000000000000e+00,-3.5769230769230782e-02,-1,-1,1.5517751479289933e-04,wind_direction:18.4_m:degrees
1891,4,1.1978311538696289e+01,-2.6197183098591550e-02,1893,1894,2.0807379488196724e-04,mixing_ratio:18.4_m:g_kg-1
1892,-2,-2.0000000000000000e+00,-2.0289017341040456e-02,-1,-1,9.7604330248260971e-05,wind_direction:18.4_m:degrees
1893,5,9.0299999237060547e+01,-2.3539823008849561e-02,1895,1896,2.1401832563239004e-04,relative_humidity:18.4_m:%
1894,-2,-2.0000000000000000e+00,-3.6551724137931042e-02,-1,-1,5.0178359096314431e-05,wind_direction:18.4_m:degrees
1895,5,8.2000000000000000e+01,-2.2201834862385330e-02,1897,1898,1.7129871222960956e-04,relative_humidity:18.4_m:%
1896,-2,-2.0000000000000000e+00,-5.9999999999999998e-02,-1,-1,6.0715321659188248e-18,wind_direction:18.4_m:degrees
1897,7,1.7500000000000000e+00,-1.3750000000000000e-02,1901,1902,1.4843750000000008e-04,wave_height:0_m:m
1898,10,1.1417202949523926e+01,-2.5714285714285724e-02,1899,1900,1.3877551020408064e-04,wind_speed:18.4_m:m_s-1
1899,-2,-2.0000000000000000e+00,-2.3571428571428583e-02,-1,-1,9.1530612244897507e-05,wind_direction:18.4_m:degrees
1900,-2,-2.0000000000000000e+00,-4.7142857142857146e-02,-1,-1,1.0612244897958891e-04,wind_direction:18.4_m:degrees
1901,-2,-2.0000000000000000e+00,-1.8800000000000001e-02,-1,-1,6.6560000000000067e-05,wind_direction:18.4_m:degrees
1902,-2,-2.0000000000000000e+00,4.2857142857142859e-03,-1,-1,2.4489795918367870e-05,wind_direction:18.4_m:degrees
1903,-2,-2.0000000000000000e+00,-1.4999999999999999e-01,-1,-1,0.0000000000000000e+00,wind_direction:18.4_m:degrees
1904,-2,-2.0000000000000000e+00,-9.7142857142857156e-02,-1,-1,3.5612244897958827e-04,wind_direction:18.4_m:degrees
1905,-2,-2.0000000000000000e+00,-3.0000000000000002e-02,-1,-1,9.9999999999999829e-05,wind_direction:18.4_m:degrees
1906,-2,-2.0000000000000000e+00,-2.2222222222222222e-03,-1,-1,2.4691358024691380e-05,wind_direction:18.4_m:degrees
1907,-2,-2.0000000000000000e+00,1.6000000000000000e-02,-1,-1,7.7333333333333388e-05,wind_direction:18.4_m:degrees
1908,-2,-2.0000000000000000e+00,-2.3529411764705885e-03,-1,-1,7.6816608996539793e-05,wind_direction:18.4_m:degrees
1909,-2,-2.0000000000000000e+00,2.9870129870129855e-03,-1,-1,9.3675156012818360e-05,wind_direction:18.4_m:degrees
1910,-2,-2.0000000000000000e+00,-1.6250000000000001e-02,-1,-1,2.3437499999999425e-05,wind_direction:18.4_m:degrees
1911,-2,-2.0000000000000000e+00,2.1299999999999999e-01,-1,-1,3.2100000000002959e-04,wind_direction:18.4_m:degrees
1912,-2,-2.0000000000000000e+00,1.6000000000000000e-01,-1,-1,-9.0205620750793969e-17,wind_direction:18.4_m:degrees
1913,-2,-2.0000000000000000e+00,-5.8888888888888893e-02,-1,-1,9.8765432098753270e-06,wind_direction:18.4_m:degrees
1914,-2,-2.0000000000000000e+00,-7.8620689655172438e-02,-1,-1,1.4982164090368913e-04,wind_direction:18.4_m:degrees
1915,-2,-2.0000000000000000e+00,8.9999999999999997e-02,-1,-1,4.0000000000000105e-05,wind_direction:18.4_m:degrees
1916,-2,-2.0000000000000000e+00,1.1666666666666665e-01,-1,-1,3.2222222222222201e-04,wind_direction:18.4_m:degrees
1917,-2,-2.0000000000000000e+00,3.3513513513513518e-02,-1,-1,1.0387143900657410e-04,wind_direction:18.4_m:degrees
1918,-2,-2.0000000000000000e+00,2.0000000000000000e-02,-1,-1,7.4999999999998570e-05,wind_direction:18.4_m:degrees
1919,-2,-2.0000000000000000e+00,3.5999999999999997e-02,-1,-1,6.4000000000000038e-05,wind_direction:18.4_m:degrees
1920,-2,-2.0000000000000000e+00,6.2857142857142861e-02,-1,-1,1.0612244897959151e-04,wind_direction:18.4_m:degrees
1921,-2,-2.0000000000000000e+00,3.7777777777777805e-03,-1,-1,3.4061728395061685e-05,wind_direction:18.4_m:degrees
1922,-2,-2.0000000000000000e+00,2.6266416510318933e-04,-1,-1,9.2238699844063269e-05,wind_direction:18.4_m:degrees
1923,-2,-2.0000000000000000e+00,-7.5187969924812135e-05,-1,-1,8.6460512182712389e-05,wind_direction:18.4_m:degrees
1924,-2,-2.0000000000000000e+00,2.9999999999999999e-02,-1,-1,-7.5894152073985310e-19,wind_direction:18.4_m:degrees
1925,-2,-2.0000000000000000e+00,3.2631578947368428e-03,-1,-1,4.9351800554016642e-05,wind_direction:18.4_m:degrees
1926,-2,-2.0000000000000000e+00,1.3243243243243247e-02,-1,-1,3.2724616508400029e-05,wind_direction:18.4_m:degrees
1927,-2,-2.0000000000000000e+00,5.2631578947368420e-03,-1,-1,6.7036011080332412e-05,wind_direction:18.4_m:degrees
1928,-2,-2.0000000000000000e+00,-1.1666666666666667e-02,-1,-1,1.2500000000000003e-04,wind_direction:18.4_m:degrees
1929,-2,-2.0000000000000000e+00,1.5666666666666669e-02,-1,-1,3.1222222222222198e-05,wind_direction:18.4_m:degrees
1930,-2,-2.0000000000000000e+00,2.7906976744186050e-02,-1,-1,1.3282855597620267e-04,wind_direction:18.4_m:degrees
1931,-2,-2.0000000000000000e+00,3.3333333333333333e-02,-1,-1,1.2222222222222235e-04,wind_direction:18.4_m:degrees
1932,-2,-2.0000000000000000e+00,5.5897435897435899e-02,-1,-1,1.8829717291255670e-04,wind_direction:18.4_m:degrees
1933,-2,-2.0000000000000000e+00,-7.8000000000000000e-02,-1,-1,3.1600000000000031e-04,wind_direction:18.4_m:degrees
1934,-2,-2.0000000000000000e+00,-5.4999999999999993e-02,-1,-1,2.4999999999998981e-05,wind_direction:18.4_m:degrees
1935,-2,-2.0000000000000000e+00,1.0000000000000000e-02,-1,-1,1.2000000000000000e-04,wind_direction:18.4_m:degrees
1936,4,1.5265012979507446e+00,3.3647058823529419e-02,1937,1938,1.5728719723183361e-04,mixing_ratio:18.4_m:g_kg-1
1937,-2,-2.0000000000000000e+00,3.7384615384615398e-02,-1,-1,1.3315976331360903e-04,wind_direction:18.4_m:degrees
1938,-2,-2.0000000000000000e+00,2.1499999999999998e-02,-1,-1,4.2750000000000578e-05,wind_direction:18.4_m:degrees
1939,-2,-2.0000000000000000e+00,2.6666666666666668e-02,-1,-1,1.1111111111111033e-04,wind_direction:18.4_m:degrees
1940,-2,-2.0000000000000000e+00,4.3571428571428573e-02,-1,-1,2.2959183673468058e-05,wind_direction:18.4_m:degrees
1941,-2,-2.0000000000000000e+00,3.4545454545454539e-02,-1,-1,2.6115702479338906e-04,wind_direction:18.4_m:degrees
1942,-2,-2.0000000000000000e+00,1.5999999999999997e-02,-1,-1,1.4400000000000008e-04,wind_direction:18.4_m:degrees
1943,10,3.3985567092895508e+00,2.0000000000000000e-02,1945,1946,8.4000000000000025e-04,wind_speed:18.4_m:m_s-1
1944,-2,-2.0000000000000000e+00,-2.9253731343283395e-03,-1,-1,9.5389124031583131e-05,wind_direction:18.4_m:degrees
1945,-2,-2.0000000000000000e+00,5.5000000000000000e-02,-1,-1,2.5000000000000282e-05,wind_direction:18.4_m:degrees
1946,-2,-2.0000000000000000e+00,-3.3333333333333335e-03,-1,-1,2.2222222222222322e-05,wind_direction:18.4_m:degrees
1947,-2,-2.0000000000000000e+00,5.4166666666666675e-02,-1,-1,2.0763888888888828e-04,wind_direction:18.4_m:degrees
1948,2,2.8916000366210938e+02,3.8426966292134837e-02,1949,1950,1.3235702562807697e-04,water_sfc_temperature:0_m:K
1949,-2,-2.0000000000000000e+00,3.3600000000000005e-02,-1,-1,5.1039999999999593e-05,wind_direction:18.4_m:degrees
1950,-2,-2.0000000000000000e+00,4.4615384615384626e-02,-1,-1,1.6844181459566053e-04,wind_direction:18.4_m:degrees
1951,-2,-2.0000000000000000e+00,6.7391304347826100e-02,-1,-1,1.7580340264649816e-04,wind_direction:18.4_m:degrees
1952,-2,-2.0000000000000000e+00,4.9166666666666671e-02,-1,-1,1.4097222222222592e-04,wind_direction:18.4_m:degrees
1953,-2,-2.0000000000000000e+00,5.6000000000000008e-03,-1,-1,1.0463999999999999e-04,wind_direction:18.4_m:degrees
1954,1,2.6668290710449219e+02,1.7962962962962965e-02,1955,1956,1.3844307270233176e-04,azimuth:0_m:degrees
1955,-2,-2.0000000000000000e+00,3.2499999999999994e-02,-1,-1,3.5416666666667103e-05,wind_direction:18.4_m:degrees
1956,-2,-2.0000000000000000e+00,1.3809523809523811e-02,-1,-1,9.0249433106575895e-05,wind_direction:18.4_m:degrees
1957,-2,-2.0000000000000000e+00,5.2142857142857164e-02,-1,-1,2.2397959183673675e-04,wind_direction:18.4_m:degrees
1958,-2,-2.0000000000000000e+00,6.5925925925925957e-02,-1,-1,1.4266117969821170e-04,wind_direction:18.4_m:degrees
1959,-2,-2.0000000000000000e+00,-3.3333333333333335e-03,-1,-1,2.2222222222222223e-05,wind_direction:18.4_m:degrees
1960,-2,-2.0000000000000000e+00,-3.8571428571428576e-02,-1,-1,1.2653061224489771e-04,wind_direction:18.4_m:degrees
1961,-2,-2.0000000000000000e+00,2.5925925925925930e-03,-1,-1,8.5871056241426641e-05,wind_direction:18.4_m:degrees
1962,-2,-2.0000000000000000e+00,4.0000000000000001e-02,-1,-1,2.1684043449710089e-19,wind_direction:18.4_m:degrees
1963,-2,-2.0000000000000000e+00,1.0000000000000001e-01,-1,-1,0.0000000000000000e+00,wind_direction:18.4_m:degrees
1964,-2,-2.0000000000000000e+00,1.4166666666666666e-01,-1,-1,1.4722222222221873e-04,wind_direction:18.4_m:degrees
1965,-2,-2.0000000000000000e+00,-5.1071428571428587e-02,-1,-1,6.6709183673468227e-05,wind_direction:18.4_m:degrees
1966,-2,-2.0000000000000000e+00,-3.7666666666666675e-02,-1,-1,1.7122222222222126e-04,wind_direction:18.4_m:degrees
1967,-2,-2.0000000000000000e+00,2.3333333333333334e-02,-1,-1,1.8888888888888883e-04,wind_direction:18.4_m:degrees
1968,-2,-2.0000000000000000e+00,4.8461538461538452e-02,-1,-1,1.9763313609467460e-04,wind_direction:18.4_m:degrees
1969,11,1.4769000244140625e+02,-2.9000000000000005e-02,1971,1972,3.0899999999999970e-04,wind_direction:18.4_m:degrees
1970,-2,-2.0000000000000000e+00,-1.2570093457943927e-02,-1,-1,9.3861909337060391e-05,wind_direction:18.4_m:degrees
1971,-2,-2.0000000000000000e+00,-1.4999999999999999e-02,-1,-1,2.4999999999999930e-05,wind_direction:18.4_m:degrees
1972,-2,-2.0000000000000000e+00,-5.0000000000000003e-02,-1,-1,-4.3368086899420177e-19,wind_direction:18.4_m:degrees
1973,-2,-2.0000000000000000e+00,2.1666666666666667e-02,-1,-1,4.7222222222222208e-05,wind_direction:18.4_m:degrees
1974,-2,-2.0000000000000000e+00,-4.7619047619047630e-04,-1,-1,1.0453514739229027e-04,wind_direction:18.4_m:degrees
1975,-2,-2.0000000000000000e+00,2.9166666666666664e-03,-1,-1,5.3993055555555561e-05,wind_direction:18.4_m:degrees
1976,12,7.7312164939939976e-03,-8.4821428571428600e-03,1977,1978,1.4144610969387745e-04,bulk_richardson:18.4_m:none
1977,-2,-2.0000000000000000e+00,-1.0416666666666667e-03,-1,-1,1.2183159722222222e-04,wind_direction:18.4_m:degrees
1978,-2,-2.0000000000000000e+00,-1.4062500000000009e-02,-1,-1,8.3496093749999830e-05,wind_direction:18.4_m:degrees
1979,2,2.9152499389648438e+02,9.1666666666666684e-03,1981,1982,3.2430555555555549e-04,water_sfc_temperature:0_m:K
1980,-2,-2.0000000000000000e+00,-5.8000000000000031e-03,-1,-1,8.9159999999999777e-05,wind_direction:18.4_m:degrees
1981,-2,-2.0000000000000000e+00,4.5454545454545461e-03,-1,-1,9.7520661157024787e-05,wind_direction:18.4_m:degrees
1982,-2,-2.0000000000000000e+00,5.9999999999999998e-02,-1,-1,0.0000000000000000e+00,wind_direction:18.4_m:degrees
1983,-2,-2.0000000000000000e+00,2.7083333333333338e-02,-1,-1,1.1649305555555501e-04,wind_direction:18.4_m:degrees
1984,-2,-2.0000000000000000e+00,1.5172413793103448e-02,-1,-1,1.2841854934601645e-04,wind_direction:18.4_m:degrees
1985,-2,-2.0000000000000000e+00,0.0000000000000000e+00,-1,-1,0.0000000000000000e+00,wind_direction:18.4_m:degrees
1986,2,2.9114500427246094e+02,-1.6000000000000004e-02,1987,1988,6.3999999999999767e-05,water_sfc_temperature:0_m:K
1987,-2,-2.0000000000000000e+00,-1.8333333333333333e-02,-1,-1,1.3888888888888642e-05,wind_direction:18.4_m:degrees
1988,-2,-2.0000000000000000e+00,5.0000000000000001e-03,-1,-1,2.5000000000000228e-05,wind_direction:18.4_m:degrees
1989,-2,-2.0000000000000000e+00,-8.7804878048780479e-03,-1,-1,5.9488399762046407e-05,wind_direction:18.4_m:degrees
1990,-2,-2.0000000000000000e+00,1.3333333333333334e-02,-1,-1,2.2222222222222467e-05,wind_direction:18.4_m:degrees
1991,11,3.4600000000000000e+02,-3.0000000000000024e-04,1993,1994,1.3190999999999989e-04,wind_direction:18.4_m:degrees
1992,-2,-2.0000000000000000e+00,-3.5409836065573787e-03,-1,-1,1.6385487772104193e-04,wind_direction:18.4_m:degrees
1993,-2,-2.0000000000000000e+00,1.8783542039355996e-04,-1,-1,1.2760335828418382e-04,wind_direction:18.4_m:degrees
1994,-2,-2.0000000000000000e+00,-6.9512195121951238e-03,-1,-1,1.4314396192742067e-04,wind_direction:18.4_m:degrees
1995,3,1.0157000122070312e+03,1.2352941176470586e-02,1997,1998,2.1211072664359846e-04,pressure:18.4_m:hPa
1996,-2,-2.0000000000000000e+00,2.4324324324324329e-02,-1,-1,6.7786705624543406e-05,wind_direction:18.4_m:degrees
1997,-2,-2.0000000000000000e+00,1.5161290322580647e-02,-1,-1,1.2819979188345463e-04,wind_direction:18.4_m:degrees
1998,-2,-2.0000000000000000e+00,-1.6666666666666666e-02,-1,-1,1.5555555555555537e-04,wind_direction:18.4_m:degrees
1999,-2,-2.0000000000000000e+00,-1.4285714285714285e-02,-1,-1,5.3061224489795946e-05,wind_direction:18.4_m:degrees
2000,-2,-2.0000000000000000e+00,-3.7333333333333336e-02,-1,-1,8.6222222222221692e-05,wind_direction:18.4_m:degrees
2001,-2,-2.0000000000000000e+00,9.4444444444444456e-02,-1,-1,9.1358024691356315e-05,wind_direction:18.4_m:degrees
2002,-2,-2.0000000000000000e+00,7.3888888888888893e-02,-1,-1,1.4598765432098822e-04,wind_direction:18.4_m:degrees
2003,-2,-2.0000000000000000e+00,6.5000000000000002e-02,-1,-1,1.2499999999999924e-04,wind_direction:18.4_m:degrees
2004,-2,-2.0000000000000000e+00,3.8999999999999993e-02,-1,-1,4.9000000000000649e-05,wind_direction:18.4_m:degrees
2005,4,1.0454122066497803e+01,-4.6052631578947366e-02,2007,2008,1.3968144044321272e-04,mixing_ratio:18.4_m:g_kg-1
2006,-2,-2.0000000000000000e+00,-1.0000000000000000e-02,-1,-1,2.6834003769016235e-18,wind_direction:18.4_m:degrees
2007,-2,-2.0000000000000000e+00,-4.0454545454545472e-02,-1,-1,6.7975206611570584e-05,wind_direction:18.4_m:degrees
2008,-2,-2.0000000000000000e+00,-5.3750000000000013e-02,-1,-1,1.3593750000000107e-04,wind_direction:18.4_m:degrees
2009,-2,-2.0000000000000000e+00,9.4999999999999998e-03,-1,-1,2.4749999999999978e-05,wind_direction:18.4_m:degrees
2010,-2,-2.0000000000000000e+00,2.6666666666666665e-02,-1,-1,1.0222222222222197e-04,wind_direction:18.4_m:degrees
2011,-2,-2.0000000000000000e+00,1.2222222222222226e-01,-1,-1,2.0617283950617737e-04,wind_direction:18.4_m:degrees
2012,-2,-2.0000000000000000e+00,1.5000000000000002e-01,-1,-1,5.0000000000008371e-05,wind_direction:18.4_m:degrees
2013,-2,-2.0000000000000000e+00,1.6800000000000001e-01,-1,-1,2.1599999999999744e-04,wind_direction:18.4_m:degrees
2014,-2,-2.0000000000000000e+00,2.0999999999999999e-01,-1,-1,2.7755575615628914e-17,wind_direction:18.4_m:degrees
2015,-2,-2.0000000000000000e+00,7.0000000000000007e-02,-1,-1,9.9999999999999395e-05,wind_direction:18.4_m:degrees
2016,-2,-2.0000000000000000e+00,1.0833333333333334e-01,-1,-1,2.1388888888888673e-04,wind_direction:18.4_m:degrees
2017,-2,-2.0000000000000000e+00,5.3749999999999999e-02,-1,-1,2.3437499999999587e-05,wind_direction:18.4_m:degrees
2018,-2,-2.0000000000000000e+00,2.6666666666666668e-02,-1,-1,2.2222222222221546e-05,wind_direction:18.4_m:degrees
2019,-2,-2.0000000000000000e+00,-1.1000000000000000e-01,-1,-1,0.0000000000000000e+00,wind_direction:18.4_m:degrees
2020,-2,-2.0000000000000000e+00,-5.9166666666666673e-02,-1,-1,1.1875000000000080e-04,wind_direction:18.4_m:degrees
2021,-2,-2.0000000000000000e+00,1.0000000000000000e-02,-1,-1,0.0000000000000000e+00,wind_direction:18.4_m:degrees
2022,-2,-2.0000000000000000e+00,6.0750000000000012e-02,-1,-1,7.6937499999997581e-05,wind_direction:18.4_m:degrees
2023,-2,-2.0000000000000000e+00,1.5769230769230763e-01,-1,-1,2.4082840236689176e-04,wind_direction:18.4_m:degrees
2024,-2,-2.0000000000000000e+00,1.3500000000000001e-01,-1,-1,5.8333333333309562e-05,wind_direction:18.4_m:degrees
2025,-2,-2.0000000000000000e+00,1.7785714285714288e-01,-1,-1,1.0255102040815367e-04,wind_direction:18.4_m:degrees
2026,-2,-2.0000000000000000e+00,1.4000000000000001e-01,-1,-1,6.2450045135165055e-17,wind_direction:18.4_m:degrees
2027,-2,-2.0000000000000000e+00,-3.1428571428571421e-03,-1,-1,5.5836734693877552e-05,wind_direction:18.4_m:degrees
2028,7,5.5000001192092896e-01,-1.0841121495327108e-02,2029,2030,7.6862608088042509e-05,wave_height:0_m:m
2029,-2,-2.0000000000000000e+00,-1.8285714285714287e-02,-1,-1,8.8489795918367210e-05,wind_direction:18.4_m:degrees
2030,-2,-2.0000000000000000e+00,-7.2222222222222236e-03,-1,-1,3.1172839506172646e-05,wind_direction:18.4_m:degrees
2031,-2,-2.0000000000000000e+00,6.6666666666666671e-03,-1,-1,2.2222222222222217e-05,wind_direction:18.4_m:degrees
2032,-2,-2.0000000000000000e+00,3.1666666666666669e-02,-1,-1,4.7222222222221936e-05,wind_direction:18.4_m:degrees
2033,-2,-2.0000000000000000e+00,2.0000000000000001e-01,-1,-1,0.0000000000000000e+00,wind_direction:18.4_m:degrees
2034,-2,-2.0000000000000000e+00,1.4999999999999999e-01,-1,-1,3.4694469519536142e-18,wind_direction:18.4_m:degrees
2035,-2,-2.0000000000000000e+00,-2.3076923076923075e-03,-1,-1,1.7751479289940832e-05,wind_direction:18.4_m:degrees
2036,-2,-2.0000000000000000e+00,1.4193548387096777e-02,-1,-1,8.8865764828303863e-05,wind_direction:18.4_m:degrees
2037,-2,-2.0000000000000000e+00,4.7500000000000007e-02,-1,-1,1.1041666666666708e-04,wind_direction:18.4_m:degrees
2038,5,8.1599998474121094e+01,6.4285714285714293e-02,2039,2040,4.5306122448979334e-04,relative_humidity:18.4_m:%
2039,-2,-2.0000000000000000e+00,5.1111111111111121e-02,-1,-1,7.6543209876541590e-05,wind_direction:18.4_m:degrees
2040,-2,-2.0000000000000000e+00,8.7999999999999995e-02,-1,-1,2.5599999999999928e-04,wind_direction:18.4_m:degrees
2041,-2,-2.0000000000000000e+00,-5.8831908831908702e-03,-1,-1,7.8920828564703512e-05,wind_direction:18.4_m:degrees
2042,-2,-2.0000000000000000e+00,-2.5157232704402532e-03,-1,-1,6.2224595546063005e-05,wind_direction:18.4_m:degrees
2043,-2,-2.0000000000000000e+00,-8.8888888888888892e-02,-1,-1,3.2098765432104354e-05,wind_direction:18.4_m:degrees
2044,-2,-2.0000000000000000e+00,-5.0000000000000003e-02,-1,-1,-3.4694469519536142e-18,wind_direction:18.4_m:degrees
2045,-2,-2.0000000000000000e+00,-1.6540284360189571e-02,-1,-1,1.8376496484804922e-04,wind_direction:18.4_m:degrees
2046,-2,-2.0000000000000000e+00,-5.8333333333333336e-03,-1,-1,5.7638888888891888e-05,wind_direction:18.4_m:degrees
