Node,feature,threshold,value,children_left,children_right,impurity,feature_name
0,7,1.6500000357627869e+00,-6.0469472868571114e-02,1,2,8.9376040670695739e-03,wave_height:0_m:m
1,10,9.6072630882263184e+00,-4.6521783779615647e-02,5,6,4.3856787057192908e-03,wind_speed:18.4_m:m_s-1
2,10,1.3110003471374512e+01,-1.7071225649350613e-01,3,4,3.1224999995888798e-02,wind_speed:18.4_m:m_s-1
3,6,2.1950000000000000e+02,-8.7245937758193462e-02,13,14,6.2983363749881550e-03,wave_direction:0_m:degrees
4,10,1.5768233776092529e+01,-4.0437933693137984e-01,9,10,2.6904491415752990e-02,wind_speed:18.4_m:m_s-1
5,10,6.8575651645660400e+00,-2.9772143679343239e-02,11,12,1.3418093016506179e-03,wind_speed:18.4_m:m_s-1
6,10,1.2973923683166504e+01,-1.5845364891518787e-01,7,8,1.0323210376233218e-02,wind_speed:18.4_m:m_s-1
7,12,-1.5798998996615410e-02,-1.3770973530731345e-01,17,18,5.5709547773634856e-03,bulk_richardson:18.4_m:none
8,10,1.5977657794952393e+01,-3.0955882352941205e-01,19,20,1.8972844579007941e-02,wind_speed:18.4_m:m_s-1
9,11,2.7298500061035156e+02,-3.3249417249417274e-01,23,24,1.4132939942730668e-02,wind_direction:18.4_m:degrees
10,10,1.7736124038696289e+01,-5.4487471526195908e-01,25,26,2.2027262208062004e-02,wind_speed:18.4_m:m_s-1
11,10,4.8822073936462402e+00,-1.7955858949660425e-02,29,30,7.0796237018751467e-04,wind_speed:18.4_m:m_s-1
12,4,4.4354479312896729e+00,-5.7978606418074834e-02,21,22,1.7259549556920850e-03,mixing_ratio:18.4_m:g_kg-1
13,10,9.3276977539062500e+00,-7.3767313019390851e-02,15,16,4.4726032898253663e-03,wind_speed:18.4_m:m_s-1
14,11,2.7222000122070312e+02,-2.0188481675392672e-01,41,42,7.1393794029766186e-03,wind_direction:18.4_m:degrees
15,10,6.9991679191589355e+00,-3.6952430737062281e-02,45,46,1.5590866028212325e-03,wind_speed:18.4_m:m_s-1
16,10,1.1816520214080811e+01,-1.2648203592814375e-01,39,40,3.9248993778908912e-03,wind_speed:18.4_m:m_s-1
17,10,1.1135921478271484e+01,-1.7481628599801408e-01,27,28,6.1339036870998107e-03,wind_speed:18.4_m:m_s-1
18,10,1.1038693428039551e+01,-1.0713175122749606e-01,35,36,3.0373950802388954e-03,wind_speed:18.4_m:m_s-1
19,6,2.2550000000000000e+02,-2.8320072332730567e-01,33,34,1.1242739095317283e-02,wave_direction:0_m:degrees
20,9,8.7819580078125000e+01,-5.5661016949152553e-01,61,62,2.3880034472854972e-02,angle_between_wind_wave:0_m:degrees
21,12,-1.7111760564148426e-02,-8.8190661478599650e-02,47,48,2.6268819361382461e-03,bulk_richardson:18.4_m:none
22,10,8.0506215095520020e+00,-4.7532624781380234e-02,43,44,9.8974146892095343e-04,wind_speed:18.4_m:m_s-1
23,12,2.5821987539529800e-02,-2.6748691099476452e-01,63,64,9.1968257449082519e-03,bulk_richardson:18.4_m:none
24,10,1.4659678936004639e+01,-3.8466386554621845e-01,31,32,1.1981189534637587e-02,wind_speed:18.4_m:m_s-1
25,6,2.0850000000000000e+02,-4.9326460481099643e-01,51,52,1.4391747853709891e-02,wave_direction:0_m:degrees
26,10,2.0841073989868164e+01,-6.4635135135135102e-01,55,56,2.1505606281956746e-02,wind_speed:18.4_m:m_s-1
27,11,2.5933999633789062e+02,-1.4941812136325849e-01,67,68,4.2704843598955350e-03,wind_direction:18.4_m:degrees
28,5,6.0350000381469727e+01,-2.1249075215782973e-01,59,60,6.5217862893229145e-03,relative_humidity:18.4_m:%
29,10,3.8421478271484375e+00,-9.5484133441824919e-03,101,102,5.2632983678275915e-04,wind_speed:18.4_m:m_s-1
30,12,-6.4503796398639679e-02,-2.6872626855367742e-02,37,38,7.4612219513626077e-04,bulk_richardson:18.4_m:none
31,6,2.0600000000000000e+02,-3.3260536398467444e-01,145,146,8.3250128447909105e-03,wave_direction:0_m:degrees
32,12,-2.0055358298122883e-02,-4.4786046511627908e-01,97,98,9.1358875067604206e-03,bulk_richardson:18.4_m:none
33,5,5.6949998855590820e+01,-2.1328124999999989e-01,93,94,6.9762125651042159e-03,relative_humidity:18.4_m:%
34,11,3.2468000793457031e+02,-3.2038781163434893e-01,85,86,9.5289354747122162e-03,wind_direction:18.4_m:degrees
35,12,-4.1678564157336950e-03,-8.8978288633460897e-02,177,178,1.7772447393444284e-03,bulk_richardson:18.4_m:none
36,10,1.2110199928283691e+01,-1.3951025056947616e-01,95,96,3.6488489837642017e-03,wind_speed:18.4_m:m_s-1
37,10,5.5760245323181152e+00,-4.4685522887979334e-02,77,78,1.1361031882546621e-03,wind_speed:18.4_m:m_s-1
38,12,-1.3289506081491709e-02,-2.1495337602517067e-02,99,100,5.0369588321652625e-04,bulk_richardson:18.4_m:none
39,12,-1.7325299791991711e-02,-1.1010298661174045e-01,57,58,2.7037998983921781e-03,bulk_richardson:18.4_m:none
40,4,3.2452173233032227e+00,-1.7005479452054797e-01,71,72,4.5610928879715983e-03,mixing_ratio:18.4_m:g_kg-1
41,10,1.0890348434448242e+01,-1.5837962962962968e-01,75,76,3.4524669924554663e-03,wind_speed:18.4_m:m_s-1
42,8,5.9500000476837158e+00,-2.5849397590361439e-01,89,90,6.2694186384089634e-03,wave_period:0_m:s
43,5,7.5250000000000000e+01,-3.7564584900928344e-02,253,254,7.3179135174018068e-04,relative_humidity:18.4_m:%
44,12,-1.6981202177703381e-02,-5.9065583284968387e-02,73,74,1.0402179855419141e-03,bulk_richardson:18.4_m:none
45,12,2.4068400962278247e-03,-1.8664745437079702e-02,161,162,9.2242458804758136e-04,bulk_richardson:18.4_m:none
46,12,-1.5543952584266663e-02,-5.8784403669724761e-02,79,80,1.4432470962040186e-03,bulk_richardson:18.4_m:none
47,10,8.3029785156250000e+00,-9.4518584863412469e-02,49,50,2.5146921087004139e-03,wind_speed:18.4_m:m_s-1
48,10,8.8489856719970703e+00,-4.6261127596439161e-02,203,204,1.3468516936838877e-03,wind_speed:18.4_m:m_s-1
49,0,7.6900436401367188e+01,-7.8388981636060090e-02,111,112,1.7078386765923695e-03,zenith:0_m:degrees
50,0,7.4821304321289062e+01,-1.1318840579710149e-01,129,130,2.7989161940768087e-03,zenith:0_m:degrees
51,6,1.5550000000000000e+02,-4.0582089552238804e-01,53,54,2.2239251503675672e-02,wave_direction:0_m:degrees
52,10,1.7396444320678711e+01,-5.1941964285714315e-01,133,134,9.0733238998725874e-03,wind_speed:18.4_m:m_s-1
53,-2,-2.0000000000000000e+00,-1.0200000000000000e+00,-1,-1,0.0000000000000000e+00,wind_direction:18.4_m:degrees
54,1,2.9647872924804688e+02,-3.8692307692307704e-01,109,110,1.0959763313609483e-02,azimuth:0_m:degrees
55,12,-2.5190393207594752e-03,-6.3057142857142845e-01,69,70,1.6331102040816670e-02,bulk_richardson:18.4_m:none
56,8,9.2999997138977051e+00,-9.2249999999999999e-01,113,114,3.1443750000004766e-02,wave_period:0_m:s
57,10,1.0247594833374023e+01,-1.6660000000000000e-01,339,340,3.1837733333333409e-03,wind_speed:18.4_m:m_s-1
58,12,1.2014925945550203e-02,-9.9780755176613820e-02,125,126,1.9263831131934184e-03,bulk_richardson:18.4_m:none
59,2,2.7519500732421875e+02,-2.3435897435897440e-01,117,118,6.6211702827090393e-03,water_sfc_temperature:0_m:K
60,10,1.2755409717559814e+01,-1.8265306122448979e-01,131,132,4.8433985839231933e-03,wind_speed:18.4_m:m_s-1
61,-2,-2.0000000000000000e+00,-8.7500000000000000e-01,-1,-1,6.7499999999998117e-04,wind_direction:18.4_m:degrees
62,10,1.6882688522338867e+01,-5.3345454545454540e-01,107,108,1.7658975206611527e-02,wind_speed:18.4_m:m_s-1
63,6,1.5950000000000000e+02,-2.7260053619302960e-01,65,66,8.2128082570851468e-03,wave_direction:0_m:degrees
64,4,8.2729306221008301e+00,-5.5555555555555552e-02,725,726,3.9802469135783829e-03,mixing_ratio:18.4_m:g_kg-1
65,-2,-2.0000000000000000e+00,-7.9000000000000004e-01,-1,-1,0.0000000000000000e+00,wind_direction:18.4_m:degrees
66,10,1.3907750606536865e+01,-2.6699186991869922e-01,81,82,5.3684579284817152e-03,wind_speed:18.4_m:m_s-1
67,9,9.1771076202392578e+01,-1.1146017699115041e-01,227,228,2.0434431043934581e-03,angle_between_wind_wave:0_m:degrees
68,10,1.0430026531219482e+01,-1.5819856704196519e-01,91,92,4.3752604687757705e-03,wind_speed:18.4_m:m_s-1
69,7,4.1499998569488525e+00,-6.5474137931034493e-01,163,164,1.4218036563614977e-02,wave_height:0_m:m
70,0,9.5226116180419922e+01,-5.1375000000000004e-01,153,154,1.0073437499999893e-02,zenith:0_m:degrees
71,9,9.0506408691406250e+01,-2.5840909090909092e-01,1111,1112,2.1270144628099119e-03,angle_between_wind_wave:0_m:degrees
72,6,1.6600000000000000e+02,-1.5794392523364495e-01,83,84,3.6780155472094095e-03,wave_direction:0_m:degrees
73,3,1.0125499877929688e+03,-8.0361247947454861e-02,217,218,1.7174392864557587e-03,pressure:18.4_m:hPa
74,10,8.8709497451782227e+00,-5.4494183997180159e-02,137,138,7.7659469652299751e-04,wind_speed:18.4_m:m_s-1
75,5,5.6600000381469727e+01,-9.5333333333333339e-02,557,558,1.6648888888888876e-03,relative_humidity:18.4_m:%
76,10,1.1864495754241943e+01,-1.8262820512820521e-01,361,362,2.0232207429322566e-03,wind_speed:18.4_m:m_s-1
77,0,7.8854183197021484e+01,-3.1418115279048454e-02,317,318,7.1427440193730265e-04,zenith:0_m:degrees
78,0,1.3278440856933594e+02,-5.3782936010037752e-02,199,200,1.2218876385567141e-03,zenith:0_m:degrees
79,10,8.1788139343261719e+00,-9.3140096618357440e-02,281,282,1.6234731265607153e-03,wind_speed:18.4_m:m_s-1
80,12,2.0142053253948689e-02,-4.8090225563909759e-02,315,316,9.0537531799423374e-04,bulk_richardson:18.4_m:none
81,3,1.0215000000000000e+03,-2.3310126582278479e-01,247,248,4.9024074667521345e-03,pressure:18.4_m:hPa
82,11,2.5969000244140625e+02,-2.9236966824644567e-01,173,174,4.2133420183732839e-03,wind_direction:18.4_m:degrees
83,-2,-2.0000000000000000e+00,-5.5000000000000004e-01,-1,-1,0.0000000000000000e+00,wind_direction:18.4_m:degrees
84,10,1.2351283550262451e+01,-1.5548589341692801e-01,235,236,2.7313469796877085e-03,wind_speed:18.4_m:m_s-1
85,10,1.3906819343566895e+01,-3.2772189349112413e-01,87,88,9.0868220650538734e-03,wind_speed:18.4_m:m_s-1
86,12,-2.8190102428197861e-02,-2.1260869565217394e-01,483,484,3.6192816635148770e-03,bulk_richardson:18.4_m:none
87,4,1.0367503762245178e+00,-2.9064356435643562e-01,105,106,6.6703779041271533e-03,mixing_ratio:18.4_m:g_kg-1
88,2,2.7550000000000000e+02,-3.8279411764705873e-01,219,220,7.6010164359863464e-03,water_sfc_temperature:0_m:K
89,10,1.1705536842346191e+01,-3.0761904761904774e-01,463,464,4.1768707482992273e-03,wind_speed:18.4_m:m_s-1
90,10,1.0598127841949463e+01,-2.2844660194174762e-01,143,144,5.1704024884533586e-03,wind_speed:18.4_m:m_s-1
91,0,7.1973621368408203e+01,-1.4629268292682929e-01,141,142,3.7368249058099927e-03,zenith:0_m:degrees
92,11,3.1208000183105469e+02,-1.7842541436464077e-01,123,124,4.8099516193036984e-03,wind_direction:18.4_m:degrees
93,9,8.8276100158691406e+01,-2.7543478260869569e-01,309,310,6.7552457466918542e-03,angle_between_wind_wave:0_m:degrees
94,6,1.5950000000000000e+02,-1.9369863013698629e-01,183,184,5.4452242446988916e-03,wave_direction:0_m:degrees
95,11,1.9514499664306641e+02,-1.2939102564102570e-01,327,328,1.7227060733070246e-03,wind_direction:18.4_m:degrees
96,10,1.2138864994049072e+01,-1.6437007874015752e-01,189,190,7.5112173724347642e-03,wind_speed:18.4_m:m_s-1
97,1,2.0423312187194824e+01,-4.7496000000000010e-01,169,170,9.3673984000001154e-03,azimuth:0_m:degrees
98,10,1.5089692592620850e+01,-4.1022222222222210e-01,221,222,6.3777283950611774e-03,wind_speed:18.4_m:m_s-1
99,10,6.1387865543365479e+00,-2.6867924528302178e-02,205,206,4.7454230449742619e-04,wind_speed:18.4_m:m_s-1
100,10,5.9007372856140137e+00,-1.7159967519285630e-02,337,338,4.8513356589414503e-04,wind_speed:18.4_m:m_s-1
101,6,2.2350000000000000e+02,-6.0073832173789914e-03,329,330,4.5578980776270873e-04,wave_direction:0_m:degrees
102,12,-1.0835730284452438e-01,-1.4301505622260487e-02,103,104,5.8159234192974290e-04,bulk_richardson:18.4_m:none
103,3,1.0373999633789062e+03,-2.7375833951074850e-02,363,364,8.5330648790718651e-04,pressure:18.4_m:hPa
104,5,9.8049999237060547e+01,-9.7768086198050507e-03,1131,1132,4.0792863609523714e-04,relative_humidity:18.4_m:%
105,1,2.2692166900634766e+02,-3.8045454545454549e-01,433,434,4.4043388429751973e-03,azimuth:0_m:degrees
106,2,2.8856500244140625e+02,-2.7966666666666667e-01,157,158,5.8409999999999712e-03,water_sfc_temperature:0_m:K
107,6,2.3750000000000000e+02,-4.6760000000000007e-01,171,172,1.2410239999999934e-02,wave_direction:0_m:degrees
108,5,6.1199998855590820e+01,-5.8833333333333337e-01,115,116,1.5407222222222516e-02,relative_humidity:18.4_m:%
109,11,1.3820500183105469e+02,-3.6517857142857141e-01,135,136,6.1463966836732831e-03,wind_direction:18.4_m:degrees
110,1,2.9926980590820312e+02,-5.2222222222222225e-01,215,216,1.9661728395062306e-02,azimuth:0_m:degrees
111,10,7.9005453586578369e+00,-5.6198630136986276e-02,943,944,1.3509605460686807e-03,wind_speed:18.4_m:m_s-1
112,10,7.6849038600921631e+00,-8.5540838852097137e-02,229,230,1.6130077140866254e-03,wind_speed:18.4_m:m_s-1
113,0,6.7179363250732422e+01,-8.6571428571428577e-01,449,450,1.0138775510204145e-02,zenith:0_m:degrees
114,-2,-2.0000000000000000e+00,-1.3200000000000001e+00,-1,-1,0.0000000000000000e+00,wind_direction:18.4_m:degrees
115,6,2.3750000000000000e+02,-5.4565217391304355e-01,223,224,1.1268052930056560e-02,wave_direction:0_m:degrees
116,8,5.5000000000000000e+00,-7.2857142857142854e-01,1259,1260,3.3551020408167931e-03,wave_period:0_m:s
117,4,1.6762761473655701e+00,-1.7050000000000004e-01,851,852,2.9097499999999818e-03,mixing_ratio:18.4_m:g_kg-1
118,12,-2.8126282617449760e-02,-2.4032710280373831e-01,119,120,6.5512948729146980e-03,bulk_richardson:18.4_m:none
119,11,3.1472999572753906e+02,-2.5128654970760228e-01,121,122,6.8685202284463481e-03,wind_direction:18.4_m:degrees
120,7,1.2500000000000000e+00,-1.9674418604651162e-01,637,638,2.9126554894536513e-03,wave_height:0_m:m
121,11,2.7903500366210938e+02,-2.6565055762081780e-01,331,332,6.7680711985738246e-03,wind_direction:18.4_m:degrees
122,12,-7.4513275176286697e-02,-1.9835616438356163e-01,311,312,3.6767498592608014e-03,bulk_richardson:18.4_m:none
123,6,2.3250000000000000e+02,-1.9616438356164392e-01,151,152,4.9487583661726869e-03,wave_direction:0_m:degrees
124,8,4.2500000000000000e+00,-1.5125874125874117e-01,491,492,3.3774365494644125e-03,wave_period:0_m:s
125,10,1.0494292259216309e+01,-1.0764984227129333e-01,127,128,1.8599341718994137e-03,wind_speed:18.4_m:m_s-1
126,12,2.7929034084081650e-02,-7.3101604278074897e-02,497,498,1.2299522434156777e-03,bulk_richardson:18.4_m:none
127,8,1.0500000000000000e+01,-9.0495049504950423e-02,369,370,1.4139463451295752e-03,wave_period:0_m:s
128,11,3.1527999877929688e+02,-1.2335347432024180e-01,155,156,1.7521983187448048e-03,wind_direction:18.4_m:degrees
129,12,-5.5698504671454430e-02,-9.5186246418338102e-02,305,306,3.0937332205811068e-03,bulk_richardson:18.4_m:none
130,11,1.4381500244140625e+02,-1.2234693877551024e-01,349,350,2.4001770095793597e-03,wind_direction:18.4_m:degrees
131,12,-3.2938390970230103e-02,-1.7655172413793105e-01,175,176,3.9504918387201562e-03,bulk_richardson:18.4_m:none
132,9,9.0887004852294922e+01,-2.6374999999999998e-01,187,188,9.6401041666667048e-03,angle_between_wind_wave:0_m:degrees
133,3,1.0165000000000000e+03,-5.0969849246231169e-01,159,160,8.1446327112948969e-03,pressure:18.4_m:hPa
134,10,1.7464416503906250e+01,-5.9680000000000000e-01,245,246,9.7257599999996391e-03,wind_speed:18.4_m:m_s-1
135,9,8.8661846160888672e+01,-2.8411764705882353e-01,1771,1772,1.2712802768166109e-03,angle_between_wind_wave:0_m:degrees
136,1,2.8691387939453125e+02,-4.0051282051282044e-01,529,530,4.1587113740959580e-03,azimuth:0_m:degrees
137,12,2.4882992729544640e-02,-4.8246558946738280e-02,465,466,5.6730246422137488e-04,bulk_richardson:18.4_m:none
138,11,3.5285000610351562e+02,-6.3447684391080644e-02,139,140,9.4042908125885859e-04,wind_direction:18.4_m:degrees
139,11,2.0226000213623047e+02,-6.3030042918454959e-02,341,342,7.3785746652176368e-04,wind_direction:18.4_m:degrees
140,-2,-2.0000000000000000e+00,-5.5000000000000004e-01,-1,-1,3.3306690738754696e-15,wind_direction:18.4_m:degrees
141,9,9.1660179138183594e+01,-1.2213114754098360e-01,589,590,2.0910866254591071e-03,angle_between_wind_wave:0_m:degrees
142,4,2.1082329750061035e+00,-1.5652777777777771e-01,225,226,4.0819251543209971e-03,mixing_ratio:18.4_m:g_kg-1
143,4,2.1091769933700562e+00,-1.4235294117647057e-01,605,606,4.5356401384083131e-03,mixing_ratio:18.4_m:g_kg-1
144,10,1.2415271759033203e+01,-2.4546511627906964e-01,275,276,3.5410627366143435e-03,wind_speed:18.4_m:m_s-1
145,12,6.8028869573026896e-03,-2.7538461538461534e-01,147,148,1.2471005917159786e-02,bulk_richardson:18.4_m:none
146,12,-3.1021693721413612e-02,-3.4265765765765771e-01,149,150,6.9204143332519952e-03,bulk_richardson:18.4_m:none
147,4,3.3232685327529907e+00,-3.2857142857142868e-01,451,452,6.0479591836734431e-03,mixing_ratio:18.4_m:g_kg-1
148,4,4.5136982202529907e+00,-1.3999999999999999e-01,915,916,3.2909090909091394e-03,mixing_ratio:18.4_m:g_kg-1
149,6,2.2950000000000000e+02,-3.8741935483870960e-01,501,502,6.4739854318418555e-03,wave_direction:0_m:degrees
150,2,2.8507499694824219e+02,-3.2531249999999995e-01,295,296,6.0161523437499975e-03,water_sfc_temperature:0_m:K
151,12,-5.2077544853091240e-02,-1.7441860465116288e-01,437,438,4.1347394988280849e-03,bulk_richardson:18.4_m:none
152,6,2.4900000000000000e+02,-2.2733333333333339e-01,429,430,4.4662222222223852e-03,wave_direction:0_m:degrees
153,-2,-2.0000000000000000e+00,-5.9818181818181815e-01,-1,-1,1.2694214876032839e-03,wind_direction:18.4_m:degrees
154,2,2.8672500610351562e+02,-4.4230769230769229e-01,473,474,6.3869822485208283e-03,water_sfc_temperature:0_m:K
155,4,3.5585390329360962e+00,-1.2107033639143727e-01,471,472,1.3422794564617365e-03,mixing_ratio:18.4_m:g_kg-1
156,-2,-2.0000000000000000e+00,-3.1000000000000000e-01,-1,-1,-6.8001160258290838e-16,wind_direction:18.4_m:degrees
157,12,-2.4189142510294914e-02,-2.8674556213017743e-01,243,244,5.2539056755715741e-03,bulk_richardson:18.4_m:none
158,6,2.3350000000000000e+02,-1.7090909090909093e-01,1329,1330,2.2628099173549326e-03,wave_direction:0_m:degrees
159,11,2.6350500488281250e+02,-5.0248648648648675e-01,231,232,7.5981417092766956e-03,wind_direction:18.4_m:degrees
160,12,-3.0721460469067097e-02,-6.0500000000000009e-01,435,436,5.5964285714268369e-03,bulk_richardson:18.4_m:none
161,10,5.2856156826019287e+00,-2.8879310344827557e-02,251,252,9.3546819262782760e-04,wind_speed:18.4_m:m_s-1
162,7,3.8500000238418579e+00,-5.8134490238611666e-03,659,660,6.0958775838622185e-04,wave_height:0_m:m
163,10,1.8922237396240234e+01,-6.6725490196078430e-01,165,166,1.4304229142637070e-02,wind_speed:18.4_m:m_s-1
164,12,-5.3025635425001383e-03,-5.6357142857142861e-01,695,696,4.1372448979618004e-03,bulk_richardson:18.4_m:none
165,0,1.0429909133911133e+02,-6.2679999999999991e-01,167,168,1.0285760000000088e-02,zenith:0_m:degrees
166,2,2.7434500122070312e+02,-7.0615384615384613e-01,179,180,1.5081360946745559e-02,water_sfc_temperature:0_m:K
167,2,2.8719999694824219e+02,-5.5909090909090908e-01,1255,1256,4.3809917355372430e-03,water_sfc_temperature:0_m:K
168,0,1.1225921630859375e+02,-6.7999999999999983e-01,213,214,8.4928571428570243e-03,zenith:0_m:degrees
169,-2,-2.0000000000000000e+00,-7.2999999999999998e-01,-1,-1,0.0000000000000000e+00,wind_direction:18.4_m:degrees
170,11,2.9293000793457031e+02,-4.7081300813008142e-01,185,186,8.4448674730649431e-03,wind_direction:18.4_m:degrees
171,12,-1.8918652087450027e-02,-4.2736842105263162e-01,487,488,8.0614958448753382e-03,bulk_richardson:18.4_m:none
172,0,1.5061876678466797e+02,-5.9500000000000008e-01,1005,1006,4.8249999999995796e-03,zenith:0_m:degrees
173,9,9.0637310028076172e+01,-2.7957831325301208e-01,273,274,3.3871715778776568e-03,angle_between_wind_wave:0_m:degrees
174,10,1.4924085140228271e+01,-3.3955555555555555e-01,283,284,4.4309135802472061e-03,wind_speed:18.4_m:m_s-1
175,0,7.2334629058837891e+01,-2.2521739130434790e-01,321,322,4.7640831758033672e-03,zenith:0_m:degrees
176,10,1.1985844135284424e+01,-1.6835164835164829e-01,267,268,3.3470997866602570e-03,wind_speed:18.4_m:m_s-1
177,4,1.0085140705108643e+01,-1.0321917808219178e-01,209,210,1.7935181710139469e-03,mixing_ratio:18.4_m:g_kg-1
178,12,1.9614869728684425e-02,-8.3448581560283633e-02,269,270,1.6616001930235009e-03,bulk_richardson:18.4_m:none
179,-2,-2.0000000000000000e+00,-5.1000000000000001e-01,-1,-1,0.0000000000000000e+00,wind_direction:18.4_m:degrees
180,1,1.8333657836914062e+02,-7.1816326530612251e-01,181,182,1.3504789670970352e-02,azimuth:0_m:degrees
181,9,8.8905414581298828e+01,-6.5636363636363637e-01,233,234,9.4867768595040536e-03,angle_between_wind_wave:0_m:degrees
182,12,-7.6160610187798738e-03,-7.6851851851851849e-01,595,596,1.1131138545952712e-02,bulk_richardson:18.4_m:none
183,10,1.3910567283630371e+01,-1.5431372549019609e-01,265,266,4.7225682429834701e-03,wind_speed:18.4_m:m_s-1
184,2,2.8867500305175781e+02,-2.1484210526315786e-01,347,348,4.5533961218836294e-03,water_sfc_temperature:0_m:K
185,4,2.0141484141349792e+00,-4.8626262626262629e-01,277,278,7.8941128456280207e-03,mixing_ratio:18.4_m:g_kg-1
186,7,1.8499999642372131e+00,-4.0708333333333341e-01,403,404,5.6706597222217214e-03,wave_height:0_m:m
187,3,1.0143999938964844e+03,-2.3714285714285716e-01,543,544,5.3251700680272199e-03,pressure:18.4_m:hPa
188,-2,-2.0000000000000000e+00,-4.5000000000000001e-01,-1,-1,2.0000000000006124e-04,wind_direction:18.4_m:degrees
189,10,1.2135188102722168e+01,-2.5066666666666670e-01,191,192,5.2726222222222174e-02,wind_speed:18.4_m:m_s-1
190,4,5.2838907241821289e+00,-1.5895397489539750e-01,193,194,4.1767300992629590e-03,mixing_ratio:18.4_m:g_kg-1
191,8,4.9500000476837158e+00,-1.6307692307692309e-01,1089,1090,3.2982248520710064e-03,wave_period:0_m:s
192,-2,-2.0000000000000000e+00,-8.1999999999999995e-01,-1,-1,-3.3306690738754696e-16,wind_direction:18.4_m:degrees
193,6,2.2550000000000000e+02,-1.9811594202898550e-01,197,198,4.2616677168662020e-03,wave_direction:0_m:degrees
194,11,3.0266999816894531e+02,-1.4305882352941185e-01,195,196,3.2671141868512166e-03,wind_direction:18.4_m:degrees
195,1,2.9480641174316406e+02,-1.5082278481012659e-01,645,646,1.8759053036372167e-03,azimuth:0_m:degrees
196,4,6.0760443210601807e+00,-4.0833333333333333e-02,201,202,1.0340972222222237e-02,mixing_ratio:18.4_m:g_kg-1
197,2,2.7943499755859375e+02,-1.6390243902439028e-01,727,728,2.0481856038072448e-03,water_sfc_temperature:0_m:K
198,11,2.8781999206542969e+02,-2.4821428571428575e-01,1239,1240,3.2789540816326526e-03,wind_direction:18.4_m:degrees
199,11,2.8067500305175781e+02,-4.7987191216834375e-02,207,208,1.1889952613696503e-03,wind_direction:18.4_m:degrees
200,11,1.6235499572753906e+02,-6.6427145708582838e-02,571,572,1.0604882052262111e-03,wind_direction:18.4_m:degrees
201,-2,-2.0000000000000000e+00,1.3000000000000000e-01,-1,-1,0.0000000000000000e+00,wind_direction:18.4_m:degrees
202,-2,-2.0000000000000000e+00,-9.7777777777777783e-02,-1,-1,8.1728395061728479e-04,wind_direction:18.4_m:degrees
203,4,1.6362909078598022e+00,-3.7454545454545421e-02,533,534,9.7097520661156987e-04,mixing_ratio:18.4_m:g_kg-1
204,8,9.5000000000000000e+00,-8.5322580645161294e-02,1707,1708,1.1442507804370408e-03,wave_period:0_m:s
205,12,-3.3604389056563377e-02,-2.2801264322402332e-02,1689,1690,4.3502134964604319e-04,bulk_richardson:18.4_m:none
206,11,2.7569500732421875e+02,-3.3995844875346286e-02,289,290,4.6401937331661328e-04,wind_direction:18.4_m:degrees
207,12,-1.4452021569013596e-01,-3.2852941176470522e-02,957,958,7.4156660899654474e-04,bulk_richardson:18.4_m:none
208,10,6.1929872035980225e+00,-5.4820717131474080e-02,519,520,1.2409041126331291e-03,wind_speed:18.4_m:m_s-1
209,4,1.0022323131561279e+01,-1.1384868421052637e-01,211,212,1.7460428930055321e-03,mixing_ratio:18.4_m:g_kg-1
210,0,4.6234937667846680e+01,-7.9104477611940296e-02,871,872,1.0633771441301062e-03,zenith:0_m:degrees
211,4,4.3454055786132812e+00,-1.1228476821192052e-01,859,860,1.3858394368668030e-03,mixing_ratio:18.4_m:g_kg-1
212,-2,-2.0000000000000000e+00,-3.4999999999999998e-01,-1,-1,-3.6082248300317588e-15,wind_direction:18.4_m:degrees
213,-2,-2.0000000000000000e+00,-8.3499999999999996e-01,-1,-1,7.5000000000047251e-05,wind_direction:18.4_m:degrees
214,1,9.1993465423583984e+01,-6.5416666666666667e-01,701,702,5.2243055555557527e-03,azimuth:0_m:degrees
215,-2,-2.0000000000000000e+00,-6.8000000000000005e-01,-1,-1,0.0000000000000000e+00,wind_direction:18.4_m:degrees
216,3,9.8929998779296875e+02,-4.4333333333333336e-01,431,432,1.0822222222222205e-02,pressure:18.4_m:hPa
217,12,-2.1372191607952118e-02,-9.7347826086956440e-02,665,666,1.6855746691871662e-03,bulk_richardson:18.4_m:none
218,11,1.0250000000000000e+02,-7.0052770448548782e-02,285,286,1.4554061862559952e-03,wind_direction:18.4_m:degrees
219,1,2.4723648834228516e+02,-3.3842105263157896e-01,377,378,7.0132963988919772e-03,azimuth:0_m:degrees
220,11,2.8450000000000000e+02,-3.9999999999999997e-01,319,320,6.7693877551021353e-03,wind_direction:18.4_m:degrees
221,11,2.8922000122070312e+02,-3.7581395348837199e-01,669,670,3.0336398053003588e-03,wind_direction:18.4_m:degrees
222,11,2.8591000366210938e+02,-4.4170212765957445e-01,239,240,7.3630602082390972e-03,wind_direction:18.4_m:degrees
223,9,8.8202209472656250e+01,-5.0705882352941178e-01,493,494,7.7854671280276344e-03,angle_between_wind_wave:0_m:degrees
224,1,9.1928302764892578e+01,-6.5499999999999992e-01,1135,1136,4.9583333333336754e-03,azimuth:0_m:degrees
225,11,3.2505500793457031e+02,-1.7422222222222228e-01,313,314,4.5077283950617046e-03,wind_direction:18.4_m:degrees
226,0,8.2325813293457031e+01,-1.4388888888888893e-01,715,716,3.3944003527337750e-03,zenith:0_m:degrees
227,6,1.6450000000000000e+02,-1.0950892857142855e-01,553,554,1.6314552774234735e-03,wave_direction:0_m:degrees
228,-2,-2.0000000000000000e+00,-3.3000000000000002e-01,-1,-1,1.6653345369377348e-16,wind_direction:18.4_m:degrees
229,0,9.5359451293945312e+01,-7.7145488029465886e-02,939,940,1.2145036951117412e-03,zenith:0_m:degrees
230,11,2.7073500061035156e+02,-9.8099173553718971e-02,467,468,1.9459736356806142e-03,wind_direction:18.4_m:degrees
231,1,4.9846614837646484e+01,-4.2428571428571427e-01,639,640,3.6959183673469509e-03,azimuth:0_m:degrees
232,11,3.1178999328613281e+02,-5.0888888888888906e-01,263,264,7.3759584145545731e-03,wind_direction:18.4_m:degrees
233,8,7.5000000000000000e+00,-6.0785714285714287e-01,1113,1114,3.2025510204079510e-03,wave_period:0_m:s
234,9,8.9087482452392578e+01,-7.4124999999999996e-01,531,532,9.1609375000002435e-03,angle_between_wind_wave:0_m:degrees
235,6,1.6950000000000000e+02,-1.4017241379310341e-01,237,238,2.0993955608402115e-03,wave_direction:0_m:degrees
236,12,6.0716567095369101e-03,-1.7386206896551723e-01,291,292,2.8706016646849325e-03,bulk_richardson:18.4_m:none
237,-2,-2.0000000000000000e+00,-2.8999999999999998e-01,-1,-1,0.0000000000000000e+00,wind_direction:18.4_m:degrees
238,12,-9.1549302451312542e-03,-1.3664705882352940e-01,633,634,1.6081695501730178e-03,bulk_richardson:18.4_m:none
239,2,2.8213500976562500e+02,-4.1187499999999994e-01,241,242,6.3214843749999916e-03,water_sfc_temperature:0_m:K
240,4,4.5542252063751221e+00,-5.0533333333333330e-01,1075,1076,3.6382222222225424e-03,mixing_ratio:18.4_m:g_kg-1
241,0,1.3691748809814453e+02,-3.5687500000000000e-01,937,938,2.8214843750001550e-03,zenith:0_m:degrees
242,9,8.8985538482666016e+01,-4.6687499999999998e-01,913,914,3.7714843749999116e-03,angle_between_wind_wave:0_m:degrees
243,11,2.9973500061035156e+02,-3.0677083333333338e-01,355,356,5.3697808159723498e-03,wind_direction:18.4_m:degrees
244,1,2.7373387145996094e+02,-2.6041095890410965e-01,287,288,3.8806530305873915e-03,azimuth:0_m:degrees
245,1,2.2771891784667969e+02,-6.9142857142857139e-01,903,904,3.9265306122450161e-03,azimuth:0_m:degrees
246,12,-1.2058382388204336e-02,-5.6000000000000005e-01,559,560,7.1444444444444533e-03,bulk_richardson:18.4_m:none
247,11,2.3952500152587891e+02,-2.4445312499999997e-01,249,250,5.2872009277343465e-03,wind_direction:18.4_m:degrees
248,-2,-2.0000000000000000e+00,-1.8466666666666670e-01,-1,-1,3.6488888888901172e-04,wind_direction:18.4_m:degrees
249,11,2.2526999664306641e+02,-2.1661764705882355e-01,261,262,4.7106185121107980e-03,wind_direction:18.4_m:degrees
250,0,6.4948131561279297e+01,-2.7600000000000002e-01,391,392,4.0673333333332423e-03,zenith:0_m:degrees
251,4,1.3986501693725586e+01,-1.2857142857142853e-02,419,420,7.5374149659863943e-04,mixing_ratio:18.4_m:g_kg-1
252,12,-3.4596657380461693e-02,-3.7972972972972925e-02,345,346,8.1021548575602805e-04,bulk_richardson:18.4_m:none
253,2,2.8705000305175781e+02,-4.8107255520504690e-02,257,258,1.4677108937296633e-03,water_sfc_temperature:0_m:K
254,12,-3.0745713971555233e-02,-3.5571130331047134e-02,255,256,5.6765024915475201e-04,bulk_richardson:18.4_m:none
255,9,8.8942749023437500e+01,-5.3862275449101750e-02,479,480,1.0201127684750307e-03,angle_between_wind_wave:0_m:degrees
256,12,1.9426628947257996e-02,-3.3547532295462347e-02,385,386,4.7648424283388028e-04,bulk_richardson:18.4_m:none
257,5,5.2100000381469727e+01,-3.2046511627906948e-02,517,518,1.1316257436452145e-03,relative_humidity:18.4_m:%
258,12,-1.6416493803262711e-02,-5.6348448687350797e-02,259,260,1.4398881300516650e-03,bulk_richardson:18.4_m:none
259,10,7.9600498676300049e+00,-6.6109215017064807e-02,555,556,1.2476604270288570e-03,wind_speed:18.4_m:m_s-1
260,3,9.9939999389648438e+02,-3.3650793650793653e-02,675,676,1.1501637692113843e-03,pressure:18.4_m:hPa
261,9,8.8562843322753906e+01,-2.3686274509803926e-01,545,546,4.1274125336409201e-03,angle_between_wind_wave:0_m:degrees
262,0,8.4997837066650391e+01,-1.5588235294117650e-01,1935,1936,1.5418685121106300e-03,zenith:0_m:degrees
263,4,4.6757907867431641e+00,-5.1547770700636941e-01,271,272,7.1088482291370991e-03,mixing_ratio:18.4_m:g_kg-1
264,9,8.9720359802246094e+01,-4.3500000000000005e-01,765,766,4.4249999999981526e-03,angle_between_wind_wave:0_m:degrees
265,1,7.8479406356811523e+01,-1.2454545454545456e-01,591,592,3.4369146005509693e-03,azimuth:0_m:degrees
266,1,2.5942724609375000e+02,-2.0888888888888887e-01,1653,1654,2.4765432098765097e-03,azimuth:0_m:degrees
267,6,2.1200000000000000e+02,-1.5333333333333332e-01,323,324,2.5594017094017138e-03,wave_direction:0_m:degrees
268,1,3.1927896118164062e+02,-1.8837606837606843e-01,389,390,3.6956534443714772e-03,azimuth:0_m:degrees
269,5,4.0750000000000000e+01,-8.5459662288930510e-02,365,366,1.5247887105801451e-03,relative_humidity:18.4_m:%
270,11,2.7427000427246094e+02,-4.8870967741935487e-02,373,374,2.7487252861601373e-03,wind_direction:18.4_m:degrees
271,10,1.7336660385131836e+01,-5.2215277777777769e-01,301,302,7.0377266589507492e-03,wind_speed:18.4_m:m_s-1
272,2,2.8444000244140625e+02,-4.4153846153846155e-01,1831,1832,1.9360946745553276e-03,water_sfc_temperature:0_m:K
273,11,1.8222499847412109e+02,-2.8709459459459463e-01,619,620,2.9800721329437396e-03,wind_direction:18.4_m:degrees
274,2,2.8269999694824219e+02,-2.1777777777777776e-01,745,746,2.4506172839505597e-03,water_sfc_temperature:0_m:K
275,5,8.2350002288818359e+01,-2.2357142857142859e-01,635,636,2.2515306122449438e-03,relative_humidity:18.4_m:%
276,12,-1.1687538120895624e-02,-2.8633333333333333e-01,1137,1138,3.3832222222222735e-03,bulk_richardson:18.4_m:none
277,11,2.8653500366210938e+02,-4.8226804123711342e-01,279,280,7.2670209374003369e-03,wind_direction:18.4_m:degrees
278,-2,-2.0000000000000000e+00,-6.8000000000000005e-01,-1,-1,2.7755575615628914e-15,wind_direction:18.4_m:degrees
279,2,2.8216500854492188e+02,-4.4999999999999990e-01,375,376,6.4088888888890472e-03,water_sfc_temperature:0_m:K
280,0,1.4844396209716797e+02,-5.1019230769230772e-01,325,326,6.3288091715975048e-03,zenith:0_m:degrees
281,9,8.8988395690917969e+01,-7.6206896551724121e-02,1433,1434,1.2976813317479245e-03,angle_between_wind_wave:0_m:degrees
282,2,2.7451499938964844e+02,-1.1472527472527476e-01,1263,1264,1.2073421084410098e-03,water_sfc_temperature:0_m:K
283,6,1.9400000000000000e+02,-3.1484848484848482e-01,1817,1818,1.9461891643710039e-03,wave_direction:0_m:degrees
284,11,2.6877000427246094e+02,-4.0749999999999992e-01,885,886,4.9687499999999385e-03,wind_direction:18.4_m:degrees
285,0,1.4299288940429688e+02,-1.4782608695652172e-02,563,564,3.3466918714555776e-03,zenith:0_m:degrees
286,10,8.8260154724121094e+00,-7.3623595505617881e-02,1165,1166,1.1231055106678501e-03,wind_speed:18.4_m:m_s-1
287,3,1.0012500000000000e+03,-2.7387096774193548e-01,499,500,2.9108220603537294e-03,pressure:18.4_m:hPa
288,2,2.8208000183105469e+02,-1.8454545454545457e-01,1057,1058,2.5702479338842038e-03,water_sfc_temperature:0_m:K
289,11,1.0604000091552734e+02,-3.0626057529610815e-02,1537,1538,3.4241685061597242e-04,wind_direction:18.4_m:degrees
290,10,6.8250887393951416e+00,-4.9198473282442694e-02,897,898,7.3027358545537345e-04,wind_speed:18.4_m:m_s-1
291,11,2.6086999511718750e+02,-1.9382716049382717e-01,293,294,2.5026367931718224e-03,wind_direction:18.4_m:degrees
292,11,2.8977499389648438e+02,-1.4859375000000000e-01,567,568,2.1933349609374701e-03,wind_direction:18.4_m:degrees
293,2,2.8077000427246094e+02,-1.8101449275362322e-01,1373,1374,1.6352026885108339e-03,water_sfc_temperature:0_m:K
294,-2,-2.0000000000000000e+00,-2.6750000000000002e-01,-1,-1,1.1187499999999184e-03,wind_direction:18.4_m:degrees
295,10,1.4208479881286621e+01,-3.2110389610389606e-01,297,298,5.5578723224826987e-03,wind_speed:18.4_m:m_s-1
296,4,6.6544206142425537e+00,-4.3333333333333335e-01,983,984,5.6555555555579395e-03,mixing_ratio:18.4_m:g_kg-1
297,5,8.2850002288818359e+01,-3.0504587155963298e-01,507,508,4.1130712902954225e-03,relative_humidity:18.4_m:%
298,10,1.4209927558898926e+01,-3.5999999999999999e-01,299,300,6.9199999999999262e-03,wind_speed:18.4_m:m_s-1
299,-2,-2.0000000000000000e+00,-6.2000000000000000e-01,-1,-1,0.0000000000000000e+00,wind_direction:18.4_m:degrees
300,5,4.0400001525878906e+01,-3.4790697674418608e-01,549,550,3.9514332071390323e-03,relative_humidity:18.4_m:%
301,10,1.7222123146057129e+01,-5.2640287769784166e-01,303,304,6.7539671859634942e-03,wind_speed:18.4_m:m_s-1
302,-2,-2.0000000000000000e+00,-4.0400000000000003e-01,-1,-1,4.6400000000143549e-04,wind_direction:18.4_m:degrees
303,1,7.0483715534210205e+00,-5.2186567164179121e-01,393,394,6.3121909111161778e-03,azimuth:0_m:degrees
304,0,7.6893495559692383e+01,-6.4800000000000002e-01,1933,1934,3.2559999999990930e-03,zenith:0_m:degrees
305,1,1.4792802429199219e+02,-1.0900552486187839e-01,307,308,3.8608894722383606e-03,azimuth:0_m:degrees
306,0,6.4584682464599609e+01,-8.0297619047619076e-02,565,566,1.8397923752834101e-03,zenith:0_m:degrees
307,1,1.2796802902221680e+02,-7.5438596491228055e-02,653,654,3.1616497383810428e-03,azimuth:0_m:degrees
308,7,1.0500000119209290e+00,-1.2443548387096776e-01,679,680,3.4262942247658950e-03,wave_height:0_m:m
309,-2,-2.0000000000000000e+00,-5.4000000000000004e-01,-1,-1,0.0000000000000000e+00,wind_direction:18.4_m:degrees
310,3,1.0077500000000000e+03,-2.6955555555555560e-01,623,624,5.3153580246913384e-03,pressure:18.4_m:hPa
311,3,1.0078999938964844e+03,-2.3374999999999999e-01,615,616,2.8046875000000068e-03,pressure:18.4_m:hPa
312,0,6.3940614700317383e+01,-1.7073170731707321e-01,601,602,2.6165377751338516e-03,zenith:0_m:degrees
313,5,5.7350000381469727e+01,-1.8276315789473688e-01,421,422,4.3884175900276642e-03,relative_humidity:18.4_m:%
314,0,1.3528799438476562e+02,-1.2785714285714286e-01,931,932,2.6096938775510420e-03,zenith:0_m:degrees
315,7,2.8500000238418579e+00,-5.3384030418250905e-02,617,618,7.8208445980135037e-04,wave_height:0_m:m
316,11,1.5045000457763672e+02,-2.8057553956834531e-02,1789,1790,8.6457222711039047e-04,wind_direction:18.4_m:degrees
317,4,1.0349799394607544e+00,-1.8782051282051269e-02,787,788,6.6390121630506354e-04,mixing_ratio:18.4_m:g_kg-1
318,11,2.7764999389648438e+02,-3.6466069142125419e-02,475,476,6.4512977059188667e-04,wind_direction:18.4_m:degrees
319,-2,-2.0000000000000000e+00,-5.5000000000000004e-01,-1,-1,0.0000000000000000e+00,wind_direction:18.4_m:degrees
320,4,3.6121565103530884e+00,-3.9526315789473698e-01,359,360,6.2501939058172973e-03,mixing_ratio:18.4_m:g_kg-1
321,4,4.4750654697418213e+00,-1.5636363636363637e-01,521,522,6.7867768595041324e-03,mixing_ratio:18.4_m:g_kg-1
322,0,1.2970018768310547e+02,-2.4685714285714289e-01,1037,1038,2.1701224489795654e-03,zenith:0_m:degrees
323,-2,-2.0000000000000000e+00,-1.0304347826086958e-01,-1,-1,8.1247637051039441e-04,wind_direction:18.4_m:degrees
324,11,2.3387999725341797e+02,-1.6203007518796994e-01,1141,1142,2.3485103736785619e-03,wind_direction:18.4_m:degrees
325,3,1.0048499755859375e+03,-5.2444444444444460e-01,357,358,5.5802469135802779e-03,pressure:18.4_m:hPa
326,-2,-2.0000000000000000e+00,-4.1857142857142854e-01,-1,-1,1.4408163265303142e-03,wind_direction:18.4_m:degrees
327,11,1.3254499816894531e+02,-1.4489690721649484e-01,353,354,1.6445770007439790e-03,wind_direction:18.4_m:degrees
328,5,8.7649997711181641e+01,-1.2239534883720934e-01,343,344,1.6005413737155225e-03,relative_humidity:18.4_m:%
329,4,1.1130394935607910e+01,-5.3995871424358764e-03,593,594,4.3224227644412470e-04,mixing_ratio:18.4_m:g_kg-1
330,9,9.1399303436279297e+01,-2.1800766283524883e-02,1009,1010,8.0863463542818525e-04,angle_between_wind_wave:0_m:degrees
331,3,1.0132500000000000e+03,-1.8500000000000000e-01,335,336,8.1250000000000072e-03,pressure:18.4_m:hPa
332,3,1.0113500061035156e+03,-2.6876447876447890e-01,333,334,6.4548441436472065e-03,pressure:18.4_m:hPa
333,4,7.3842519521713257e-01,-2.9188524590163933e-01,407,408,5.9693966675624932e-03,mixing_ratio:18.4_m:g_kg-1
334,11,3.1461999511718750e+02,-2.4817518248175188e-01,453,454,5.9871809899300701e-03,wind_direction:18.4_m:degrees
335,-2,-2.0000000000000000e+00,-2.3999999999999999e-01,-1,-1,1.2857142857142859e-03,wind_direction:18.4_m:degrees
336,-2,-2.0000000000000000e+00,-5.6666666666666664e-02,-1,-1,5.5555555555556000e-04,wind_direction:18.4_m:degrees
337,12,9.3476194888353348e-02,-1.3334736842105240e-02,917,918,5.8786900387810940e-04,bulk_richardson:18.4_m:none
338,12,3.3134138211607933e-02,-2.0721285770286212e-02,647,648,3.6318025644164391e-04,bulk_richardson:18.4_m:none
339,1,5.4668592453002930e+01,-1.4218750000000005e-01,417,418,3.2920898437499881e-03,azimuth:0_m:degrees
340,5,8.0050003051757812e+01,-1.8476744186046518e-01,991,992,2.3295970795024698e-03,relative_humidity:18.4_m:%
341,11,1.0945499801635742e+02,-7.3391089108910901e-02,767,768,5.8478764336829248e-04,wind_direction:18.4_m:degrees
342,12,9.9881417118012905e-03,-5.7529566360052534e-02,427,428,7.3187330454257656e-04,bulk_richardson:18.4_m:none
343,3,9.9850000000000000e+02,-1.3336099585062244e-01,381,382,1.8173344122863130e-03,pressure:18.4_m:hPa
344,0,1.1504853820800781e+02,-1.0841269841269839e-01,1171,1172,9.7525825144868621e-04,zenith:0_m:degrees
345,1,1.2700646209716797e+02,-5.6829268292682936e-02,2011,2012,9.8100337100932031e-04,azimuth:0_m:degrees
346,11,3.4275000000000000e+02,-2.8582995951416969e-02,1635,1636,4.5993541936435939e-04,wind_direction:18.4_m:degrees
347,12,-8.9817396365106106e-03,-2.2840000000000013e-01,371,372,4.0081066666666568e-03,bulk_richardson:18.4_m:none
348,6,1.8800000000000000e+02,-1.6400000000000001e-01,809,810,3.3240000000000873e-03,wave_direction:0_m:degrees
349,10,9.1188840866088867e+00,-6.9999999999999993e-02,1209,1210,1.2173913043478281e-03,wind_speed:18.4_m:m_s-1
350,10,9.0390543937683105e+00,-1.2416289592760187e-01,351,352,2.3428512929710831e-03,wind_speed:18.4_m:m_s-1
351,2,2.7442500305175781e+02,-1.1490616621983918e-01,729,730,1.9606480316827855e-03,water_sfc_temperature:0_m:K
352,5,3.0400000572204590e+01,-1.3606896551724140e-01,447,448,2.5824780023781732e-03,relative_humidity:18.4_m:%
353,12,-1.0618370492011309e-02,-1.0900000000000001e-01,1331,1332,8.3899999999999773e-04,bulk_richardson:18.4_m:none
354,10,1.1044377803802490e+01,-1.5422077922077923e-01,649,650,1.4321850227694485e-03,wind_speed:18.4_m:m_s-1
355,6,2.4550000000000000e+02,-3.2874999999999993e-01,439,440,5.1359374999999929e-03,wave_direction:0_m:degrees
356,4,1.2989014387130737e+00,-2.7600000000000002e-01,577,578,4.0739999999999943e-03,mixing_ratio:18.4_m:g_kg-1
357,4,1.3818815350532532e+00,-4.8916666666666675e-01,863,864,2.5576388888887969e-03,mixing_ratio:18.4_m:g_kg-1
358,6,2.2550000000000000e+02,-5.6476190476190469e-01,513,514,5.9868480725622231e-03,wave_direction:0_m:degrees
359,11,3.1404499816894531e+02,-4.0464285714285708e-01,405,406,5.9177295918367012e-03,wind_direction:18.4_m:degrees
360,4,5.4316139221191406e+00,-3.2363636363636367e-01,1247,1248,2.9867768595036176e-03,mixing_ratio:18.4_m:g_kg-1
361,5,6.9750000000000000e+01,-1.5403846153846157e-01,1399,1400,1.1894600591715841e-03,relative_humidity:18.4_m:%
362,3,1.0223999938964844e+03,-1.9692307692307692e-01,933,934,1.8270710059171413e-03,pressure:18.4_m:hPa
363,12,-2.0330890268087387e-01,-2.8017950635751725e-02,401,402,8.0721583334684608e-04,bulk_richardson:18.4_m:none
364,-2,-2.0000000000000000e+00,4.4166666666666667e-02,-1,-1,8.2430555555540789e-04,wind_direction:18.4_m:degrees
365,12,1.2682121712714434e-02,-1.8666666666666668e-01,835,836,4.9222222222222167e-03,bulk_richardson:18.4_m:none
366,11,2.1338500213623047e+02,-8.4886792452830040e-02,367,368,1.4472513349946745e-03,wind_direction:18.4_m:degrees
367,10,1.0063841342926025e+01,-9.2269503546099307e-02,495,496,9.1435289975354793e-04,wind_speed:18.4_m:m_s-1
368,3,1.0008999938964844e+03,-7.6491935483870954e-02,441,442,1.9207579994797528e-03,pressure:18.4_m:hPa
369,3,9.9735000610351562e+02,-9.2140468227424707e-02,671,672,1.1974250847306099e-03,pressure:18.4_m:hPa
370,-2,-2.0000000000000000e+00,3.2500000000000001e-02,-1,-1,2.2687500000002606e-03,wind_direction:18.4_m:degrees
371,9,8.9766635894775391e+01,-2.0820000000000000e-01,651,652,3.4187599999999235e-03,angle_between_wind_wave:0_m:degrees
372,6,1.6400000000000000e+02,-2.6879999999999998e-01,753,754,2.7385599999999316e-03,wave_direction:0_m:degrees
373,2,2.7625000000000000e+02,-6.5833333333333341e-02,1615,1616,6.2430555555555503e-04,water_sfc_temperature:0_m:K
374,1,2.7165081024169922e+02,9.2857142857142860e-03,383,384,5.6637755102040849e-03,azimuth:0_m:degrees
375,3,1.0117500000000000e+03,-4.6146341463414636e-01,791,792,5.4515169541939357e-03,pressure:18.4_m:hPa
376,-2,-2.0000000000000000e+00,-3.3250000000000002e-01,-1,-1,1.0687500000003680e-03,wind_direction:18.4_m:degrees
377,4,1.5845649242401123e+00,-2.7636363636363637e-01,795,796,3.7685950413223201e-03,mixing_ratio:18.4_m:g_kg-1
378,2,2.7482499694824219e+02,-3.6370370370370358e-01,379,380,6.1270233196159263e-03,water_sfc_temperature:0_m:K
379,12,-9.9387054797261953e-03,-4.7999999999999998e-01,1189,1190,5.2800000000000347e-03,bulk_richardson:18.4_m:none
380,4,1.0570639371871948e+00,-3.3727272727272728e-01,1755,1756,2.5471074380166575e-03,mixing_ratio:18.4_m:g_kg-1
381,10,1.1133546352386475e+01,-1.8550000000000003e-01,1551,1552,1.5147499999999953e-03,wind_speed:18.4_m:m_s-1
382,7,7.5000000000000000e-01,-1.2864253393665154e-01,1011,1012,1.5764378288732790e-03,wave_height:0_m:m
383,6,1.9300000000000000e+02,7.4285714285714288e-02,1627,1628,2.7959183673469390e-03,wave_direction:0_m:degrees
384,-2,-2.0000000000000000e+00,-5.5714285714285716e-02,-1,-1,8.1632653061225642e-05,wind_direction:18.4_m:degrees
385,11,3.5353500366210938e+02,-3.5392690513219464e-02,387,388,4.6458140846873251e-04,wind_direction:18.4_m:degrees
386,-2,-2.0000000000000000e+00,-2.2930648769574877e-02,-1,-1,4.1266409420988065e-04,wind_direction:18.4_m:degrees
387,10,7.5248587131500244e+00,-3.5233463035019674e-02,655,656,4.3233849112020396e-04,wind_speed:18.4_m:m_s-1
388,-2,-2.0000000000000000e+00,-2.3999999999999999e-01,-1,-1,-1.9428902930940239e-16,wind_direction:18.4_m:degrees
389,1,3.4054495811462402e+01,-1.9556603773584910e-01,667,668,3.0548682805268679e-03,azimuth:0_m:degrees
390,0,1.6109222412109375e+02,-1.1909090909090909e-01,587,588,4.5719008264462034e-03,zenith:0_m:degrees
391,4,6.6471512317657471e+00,-3.2157894736842102e-01,783,784,3.0975069252077853e-03,mixing_ratio:18.4_m:g_kg-1
392,1,7.1555477142333984e+01,-2.5487804878048775e-01,527,528,3.1079119571683494e-03,azimuth:0_m:degrees
393,-2,-2.0000000000000000e+00,-6.4000000000000001e-01,-1,-1,0.0000000000000000e+00,wind_direction:18.4_m:degrees
394,1,2.3056614685058594e+02,-5.1823076923076927e-01,395,396,6.0637928994081158e-03,azimuth:0_m:degrees
395,2,2.8702499389648438e+02,-5.0298850574712639e-01,399,400,4.4163561897210268e-03,water_sfc_temperature:0_m:K
396,4,9.0127155184745789e-01,-5.4906976744186065e-01,397,398,7.9758788534343705e-03,mixing_ratio:18.4_m:g_kg-1
397,0,1.2666487121582031e+02,-4.2000000000000004e-01,609,610,9.9999999999999811e-03,zenith:0_m:degrees
398,0,1.5671704101562500e+02,-5.6230769230769229e-01,643,644,5.8844181459564715e-03,zenith:0_m:degrees
399,1,2.2496114349365234e+02,-5.1062500000000022e-01,733,734,3.4858593750000666e-03,azimuth:0_m:degrees
400,1,2.6600492477416992e+01,-4.1571428571428576e-01,561,562,6.7673469387757312e-03,azimuth:0_m:degrees
401,9,8.8227146148681641e+01,-3.5016025641025586e-02,1229,1230,1.1874997431788293e-03,angle_between_wind_wave:0_m:degrees
402,11,2.6603498840332031e+02,-2.1893408134642252e-02,907,908,3.9403071391054886e-04,wind_direction:18.4_m:degrees
403,4,1.6054133772850037e+00,-3.5833333333333334e-01,1597,1598,2.7305555555554861e-03,mixing_ratio:18.4_m:g_kg-1
404,9,9.0202732086181641e+01,-4.5583333333333331e-01,1123,1124,3.8576388888888757e-03,angle_between_wind_wave:0_m:degrees
405,7,1.1500000357627869e+00,-4.1527777777777786e-01,535,536,5.9888117283951048e-03,wave_height:0_m:m
406,-2,-2.0000000000000000e+00,-3.4083333333333332e-01,-1,-1,7.4097222222233028e-04,wind_direction:18.4_m:degrees
407,10,1.2871924400329590e+01,-3.4749999999999998e-01,409,410,8.2437500000000496e-03,wind_speed:18.4_m:m_s-1
408,12,-3.5922499373555183e-02,-2.8349056603773587e-01,411,412,5.0887593449625984e-03,bulk_richardson:18.4_m:none
409,6,2.4350000000000000e+02,-3.1714285714285706e-01,1555,1556,2.0489795918367526e-03,wave_direction:0_m:degrees
410,-2,-2.0000000000000000e+00,-5.6000000000000005e-01,-1,-1,1.6653345369377348e-16,wind_direction:18.4_m:degrees
411,11,2.8286500549316406e+02,-2.6911392405063300e-01,575,576,3.6080756289055826e-03,wind_direction:18.4_m:degrees
412,3,1.0053499755859375e+03,-3.2555555555555554e-01,413,414,7.0469135802469773e-03,pressure:18.4_m:hPa
413,-2,-2.0000000000000000e+00,-2.6769230769230773e-01,-1,-1,1.0639053254438841e-03,wind_direction:18.4_m:degrees
414,5,4.0950000762939453e+01,-3.7928571428571428e-01,415,416,6.6066326530611619e-03,relative_humidity:18.4_m:%
415,-2,-2.0000000000000000e+00,-6.0999999999999999e-01,-1,-1,0.0000000000000000e+00,wind_direction:18.4_m:degrees
416,10,1.2926804065704346e+01,-3.6153846153846164e-01,1337,1338,2.7053254437870156e-03,wind_speed:18.4_m:m_s-1
417,-2,-2.0000000000000000e+00,-4.0000000000000001e-02,-1,-1,2.4000000000000020e-04,wind_direction:18.4_m:degrees
418,9,9.0239475250244141e+01,-1.5084745762711865e-01,785,786,2.5908072392990360e-03,angle_between_wind_wave:0_m:degrees
419,2,2.8168000793457031e+02,-1.1722488038277513e-02,1335,1336,4.8698518806803868e-04,water_sfc_temperature:0_m:K
420,-2,-2.0000000000000000e+00,-2.5000000000000000e-01,-1,-1,0.0000000000000000e+00,wind_direction:18.4_m:degrees
421,8,4.5499999523162842e+00,-1.7714285714285719e-01,425,426,3.6332653061224365e-03,wave_period:0_m:s
422,3,1.0192500000000000e+03,-2.4833333333333332e-01,423,424,8.5305555555555690e-03,pressure:18.4_m:hPa
423,5,5.8000000000000000e+01,-2.1400000000000002e-01,1269,1270,3.1639999999999932e-03,relative_humidity:18.4_m:%
424,-2,-2.0000000000000000e+00,-4.1999999999999998e-01,-1,-1,-5.5511151231257827e-17,wind_direction:18.4_m:degrees
425,10,1.0251489639282227e+01,-2.5875000000000004e-01,849,850,4.3359374999999839e-03,wind_speed:18.4_m:m_s-1
426,9,8.9128650665283203e+01,-1.7219696969696968e-01,611,612,3.1625975665748284e-03,angle_between_wind_wave:0_m:degrees
427,2,2.8524499511718750e+02,-6.2222222222222207e-02,1059,1060,6.0087369420704214e-04,water_sfc_temperature:0_m:K
428,4,5.9489045143127441e+00,-4.1931818181818160e-02,963,964,8.5081353305779968e-04,mixing_ratio:18.4_m:g_kg-1
429,12,-9.5624651759862900e-02,-2.2275862068965530e-01,485,486,3.9923900118905634e-03,bulk_richardson:18.4_m:none
430,-2,-2.0000000000000000e+00,-3.6000000000000004e-01,-1,-1,3.3306690738754696e-16,wind_direction:18.4_m:degrees
431,-2,-2.0000000000000000e+00,-2.3000000000000001e-01,-1,-1,0.0000000000000000e+00,wind_direction:18.4_m:degrees
432,-2,-2.0000000000000000e+00,-4.8600000000000004e-01,-1,-1,2.0640000000000103e-03,wind_direction:18.4_m:degrees
433,8,4.9500000476837158e+00,-3.3500000000000002e-01,1677,1678,1.7916666666666775e-03,wave_period:0_m:s
434,6,2.3850000000000000e+02,-4.3499999999999994e-01,1739,1740,2.0849999999998647e-03,wave_direction:0_m:degrees
435,-2,-2.0000000000000000e+00,-6.2230769230769234e-01,-1,-1,1.8331360946745034e-03,wind_direction:18.4_m:degrees
436,-2,-2.0000000000000000e+00,-3.8000000000000000e-01,-1,-1,-4.9960036108132044e-16,wind_direction:18.4_m:degrees
437,1,2.7301666259765625e+02,-2.1096774193548390e-01,477,478,7.0151925078043506e-03,azimuth:0_m:degrees
438,0,6.4337219238281250e+01,-1.6285714285714292e-01,515,516,2.6673469387754889e-03,zenith:0_m:degrees
439,8,6.5000000000000000e+00,-3.2277777777777777e-01,579,580,4.3274691358025225e-03,wave_period:0_m:s
440,-2,-2.0000000000000000e+00,-4.8999999999999999e-01,-1,-1,-1.1102230246251565e-15,wind_direction:18.4_m:degrees
441,4,5.8374118804931641e+00,-1.0571428571428575e-01,443,444,9.6316326530612138e-03,mixing_ratio:18.4_m:g_kg-1
442,4,1.0260282993316650e+01,-7.2772727272727197e-02,743,744,8.1685743801654560e-04,mixing_ratio:18.4_m:g_kg-1
443,9,9.0154079437255859e+01,-2.8500000000000003e-01,445,446,2.6024999999999965e-02,angle_between_wind_wave:0_m:degrees
444,-2,-2.0000000000000000e+00,-7.5833333333333350e-02,-1,-1,6.4930555555554968e-04,wind_direction:18.4_m:degrees
445,-2,-2.0000000000000000e+00,-1.6200000000000001e-01,-1,-1,1.2959999999999812e-03,wind_direction:18.4_m:degrees
446,-2,-2.0000000000000000e+00,-4.8999999999999999e-01,-1,-1,-2.7755575615628914e-17,wind_direction:18.4_m:degrees
447,6,2.2900000000000000e+02,-6.4000000000000001e-02,977,978,2.8040000000000009e-03,wave_direction:0_m:degrees
448,10,9.6052951812744141e+00,-1.3864285714285715e-01,751,752,2.3824438775510055e-03,wind_speed:18.4_m:m_s-1
449,-2,-2.0000000000000000e+00,-1.0800000000000001e+00,-1,-1,0.0000000000000000e+00,wind_direction:18.4_m:degrees
450,0,1.0461585998535156e+02,-8.3000000000000007e-01,1719,1720,2.8999999999997916e-03,zenith:0_m:degrees
451,10,1.4314640998840332e+01,-2.7000000000000002e-01,581,582,5.3799999999999820e-03,wind_speed:18.4_m:m_s-1
452,8,6.3499999046325684e+00,-3.6111111111111110e-01,713,714,3.4543209876542191e-03,wave_period:0_m:s
453,7,1.3499999642372131e+00,-2.4577777777777787e-01,455,456,5.6821728395061860e-03,wave_height:0_m:m
454,-2,-2.0000000000000000e+00,-4.0999999999999998e-01,-1,-1,-3.7470027081099033e-15,wind_direction:18.4_m:degrees
455,1,2.6996900558471680e+01,-2.2871794871794882e-01,461,462,3.9496383957921960e-03,azimuth:0_m:degrees
456,11,3.0561999511718750e+02,-2.6912280701754387e-01,457,458,7.1097568482610257e-03,wind_direction:18.4_m:degrees
457,10,1.1643292903900146e+01,-2.5148936170212766e-01,459,460,6.4722498868265976e-03,wind_speed:18.4_m:m_s-1
458,4,1.4286701679229736e+00,-3.5200000000000004e-01,1871,1872,1.7760000000001247e-03,mixing_ratio:18.4_m:g_kg-1
459,9,8.8340633392333984e+01,-1.9374999999999998e-01,899,900,3.6359375000000055e-03,angle_between_wind_wave:0_m:degrees
460,0,1.1300884246826172e+02,-2.8129032258064518e-01,523,524,5.3273673257023951e-03,zenith:0_m:degrees
461,-2,-2.0000000000000000e+00,-1.2600000000000000e-01,-1,-1,3.8399999999999893e-04,wind_direction:18.4_m:degrees
462,0,1.4310640716552734e+02,-2.3575342465753429e-01,697,698,3.4216926252579882e-03,zenith:0_m:degrees
463,12,-4.3719436973333359e-02,-2.5076923076923074e-01,573,574,4.6071005917159985e-03,bulk_richardson:18.4_m:none
464,0,1.5207945251464844e+02,-3.2240000000000002e-01,661,662,3.0062399999999379e-03,zenith:0_m:degrees
465,2,2.7798500061035156e+02,-4.9395261845386548e-02,1027,1028,5.3772656109104828e-04,water_sfc_temperature:0_m:K
466,-2,-2.0000000000000000e+00,-2.0746268656716423e-02,-1,-1,4.8750278458466287e-04,wind_direction:18.4_m:degrees
467,2,2.8209001159667969e+02,-6.4000000000000015e-02,469,470,2.1339999999999979e-03,water_sfc_temperature:0_m:K
468,11,3.1753500366210938e+02,-1.0232198142414853e-01,627,628,1.7608622722349605e-03,wind_direction:18.4_m:degrees
469,-2,-2.0000000000000000e+00,-3.6538461538461540e-02,-1,-1,4.9955621301774967e-04,wind_direction:18.4_m:degrees
470,-2,-2.0000000000000000e+00,-1.1499999999999999e-01,-1,-1,1.1678571428571441e-03,wind_direction:18.4_m:degrees
471,-2,-2.0000000000000000e+00,-1.9555555555555554e-01,-1,-1,1.0246913580247013e-03,wind_direction:18.4_m:degrees
472,5,6.9100002288818359e+01,-1.1896226415094341e-01,569,570,1.1898036074522410e-03,relative_humidity:18.4_m:%
473,12,1.4784539234824479e-04,-4.2416666666666664e-01,1205,1206,2.6409722222222043e-03,bulk_richardson:18.4_m:none
474,-2,-2.0000000000000000e+00,-6.6000000000000003e-01,-1,-1,2.2204460492503131e-16,wind_direction:18.4_m:degrees
475,11,1.3928499603271484e+02,-2.5076335877862566e-02,1957,1958,3.8300944000932468e-04,wind_direction:18.4_m:degrees
476,4,8.6232569813728333e-01,-4.2215799614643536e-02,769,770,6.7890526096947871e-04,mixing_ratio:18.4_m:g_kg-1
477,5,3.1199999809265137e+01,-2.3080000000000006e-01,947,948,6.2873599999999988e-03,relative_humidity:18.4_m:%
478,-2,-2.0000000000000000e+00,-1.2833333333333333e-01,-1,-1,1.5805555555555087e-03,wind_direction:18.4_m:degrees
479,8,4.2999999523162842e+00,-3.6272727272727276e-02,1547,1548,6.2338016528925557e-04,wave_period:0_m:s
480,11,3.5190998840332031e+02,-6.2499999999999986e-02,481,482,9.8839285714286476e-04,wind_direction:18.4_m:degrees
481,10,7.0952138900756836e+00,-6.0318181818181750e-02,881,882,7.1217148760330988e-04,wind_speed:18.4_m:m_s-1
482,-2,-2.0000000000000000e+00,-1.8250000000000000e-01,-1,-1,1.5187499999999299e-03,wind_direction:18.4_m:degrees
483,-2,-2.0000000000000000e+00,-2.9166666666666669e-01,-1,-1,6.1388888888887216e-04,wind_direction:18.4_m:degrees
484,12,-2.4678395129740238e-02,-1.8470588235294119e-01,1495,1496,1.6955017301038058e-03,bulk_richardson:18.4_m:none
485,1,1.3882325363159180e+02,-3.2000000000000001e-01,1187,1188,4.6000000000000069e-03,azimuth:0_m:degrees
486,4,7.2707048058509827e-01,-2.1682926829268295e-01,691,692,3.3436049970255108e-03,mixing_ratio:18.4_m:g_kg-1
487,4,1.5482751727104187e+00,-4.7090909090909094e-01,1069,1070,2.8446280991735462e-03,mixing_ratio:18.4_m:g_kg-1
488,6,2.3200000000000000e+02,-3.6749999999999999e-01,489,490,9.0437499999999060e-03,wave_direction:0_m:degrees
489,5,6.4399999618530273e+01,-3.2000000000000001e-01,1745,1746,2.7333333333333376e-03,relative_humidity:18.4_m:%
490,-2,-2.0000000000000000e+00,-5.1000000000000001e-01,-1,-1,8.9999999999990088e-04,wind_direction:18.4_m:degrees
491,5,4.1600000381469727e+01,-7.5000000000000011e-02,1673,1674,2.4249999999999983e-03,relative_humidity:18.4_m:%
492,1,8.4230243682861328e+01,-1.5577777777777777e-01,541,542,3.0688395061728747e-03,azimuth:0_m:degrees
493,-2,-2.0000000000000000e+00,-4.0999999999999998e-01,-1,-1,0.0000000000000000e+00,wind_direction:18.4_m:degrees
494,11,3.1941499328613281e+02,-5.3692307692307684e-01,551,552,6.3905325443785466e-03,wind_direction:18.4_m:degrees
495,11,1.6136499786376953e+02,-8.0840707964601743e-02,663,664,9.7318701542799431e-04,wind_direction:18.4_m:degrees
496,1,8.9246643066406250e+01,-9.9911242603550221e-02,1251,1252,7.2928206295296005e-04,azimuth:0_m:degrees
497,10,1.0169466495513916e+01,-7.7848837209302316e-02,1387,1388,8.3200040562465306e-04,wind_speed:18.4_m:m_s-1
498,12,2.8502276167273521e-02,-1.8666666666666665e-02,833,834,2.5715555555556099e-03,bulk_richardson:18.4_m:none
499,9,9.0879192352294922e+01,-3.3083333333333337e-01,1865,1866,1.5576388888888654e-03,angle_between_wind_wave:0_m:degrees
500,12,-1.8803494051098824e-02,-2.6020000000000004e-01,805,806,2.2699600000000014e-03,bulk_richardson:18.4_m:none
501,1,1.8106486511230469e+02,-4.0666666666666657e-01,503,504,5.9222222222223564e-03,azimuth:0_m:degrees
502,11,2.8250999450683594e+02,-3.4699999999999998e-01,607,608,5.2209999999998230e-03,wind_direction:18.4_m:degrees
503,1,1.1604808425903320e+02,-3.7961538461538463e-01,1575,1576,2.3806213017753819e-03,azimuth:0_m:degrees
504,1,1.9622357940673828e+02,-4.5062499999999994e-01,505,506,8.5558593749997525e-03,azimuth:0_m:degrees
505,-2,-2.0000000000000000e+00,-7.5000000000000000e-01,-1,-1,0.0000000000000000e+00,wind_direction:18.4_m:degrees
506,2,2.7986999511718750e+02,-4.3066666666666670e-01,823,824,2.7528888888889713e-03,water_sfc_temperature:0_m:K
507,2,2.7598500061035156e+02,-3.0150943396226404e-01,509,510,3.7750800996796258e-03,water_sfc_temperature:0_m:K
508,-2,-2.0000000000000000e+00,-4.2999999999999999e-01,-1,-1,3.8857805861880479e-16,wind_direction:18.4_m:degrees
509,9,8.9656902313232422e+01,-2.6551724137931038e-01,865,866,3.4523186682520746e-03,angle_between_wind_wave:0_m:degrees
510,2,2.7639500427246094e+02,-3.1506493506493499e-01,511,512,3.2249957834373927e-03,water_sfc_temperature:0_m:K
511,-2,-2.0000000000000000e+00,-3.7750000000000000e-01,-1,-1,1.5354166666666502e-03,wind_direction:18.4_m:degrees
512,11,3.0084500122070312e+02,-3.0353846153846153e-01,877,878,2.6844023668639860e-03,wind_direction:18.4_m:degrees
513,5,4.3149999618530273e+01,-4.9714285714285722e-01,1483,1484,4.4204081632652770e-03,relative_humidity:18.4_m:%
514,8,5.6499998569488525e+00,-5.9857142857142853e-01,1007,1008,3.3408163265307156e-03,wave_period:0_m:s
515,6,2.2500000000000000e+02,-1.1789473684210527e-01,2015,2016,1.0060941828254830e-03,wave_direction:0_m:degrees
516,4,1.3338347673416138e+00,-1.7367088607594938e-01,699,700,2.4637397852907972e-03,mixing_ratio:18.4_m:g_kg-1
517,8,5.5000000000000000e+00,3.8888888888888890e-02,973,974,3.2543209876543210e-03,wave_period:0_m:s
518,2,2.8191999816894531e+02,-3.5145631067961133e-02,1725,1726,8.0944481100952157e-04,water_sfc_temperature:0_m:K
519,0,7.2046703338623047e+01,-4.7057291666666633e-02,771,772,1.1093092176649301e-03,zenith:0_m:degrees
520,11,3.0428999328613281e+02,-6.2899728997289905e-02,779,780,1.2498571543981055e-03,wind_direction:18.4_m:degrees
521,3,1.0132000122070312e+03,-1.1625000000000001e-01,1341,1342,2.9984374999999976e-03,pressure:18.4_m:hPa
522,-2,-2.0000000000000000e+00,-2.6333333333333336e-01,-1,-1,1.1555555555555347e-03,wind_direction:18.4_m:degrees
523,12,-5.9616476297378540e-02,-3.1444444444444447e-01,1271,1272,3.4580246913579749e-03,bulk_richardson:18.4_m:none
524,9,8.7992176055908203e+01,-2.3538461538461539e-01,525,526,4.2863905325444124e-03,angle_between_wind_wave:0_m:degrees
525,-2,-2.0000000000000000e+00,-3.8000000000000000e-01,-1,-1,0.0000000000000000e+00,wind_direction:18.4_m:degrees
526,-2,-2.0000000000000000e+00,-2.0909090909090908e-01,-1,-1,5.7190082644627965e-04,wind_direction:18.4_m:degrees
527,-2,-2.0000000000000000e+00,-3.2375000000000004e-01,-1,-1,1.5234374999999745e-03,wind_direction:18.4_m:degrees
528,7,2.1499999761581421e+00,-2.3818181818181819e-01,813,814,2.0633608815427418e-03,wave_height:0_m:m
529,3,1.0013500061035156e+03,-4.1382352941176465e-01,703,704,2.6765570934256522e-03,pressure:18.4_m:hPa
530,2,2.8547999572753906e+02,-3.0999999999999994e-01,1671,1672,4.8400000000002469e-03,water_sfc_temperature:0_m:K
531,-2,-2.0000000000000000e+00,-8.3999999999999997e-01,-1,-1,1.8000000000002458e-03,wind_direction:18.4_m:degrees
532,10,1.9346865653991699e+01,-6.8200000000000005e-01,1863,1864,4.2159999999999420e-03,wind_speed:18.4_m:m_s-1
533,1,1.5875200653076172e+02,-1.0777777777777778e-01,1279,1280,3.7061728395061753e-03,azimuth:0_m:degrees
534,5,9.9150001525878906e+01,-3.5075187969924787e-02,747,748,7.0544547458872907e-04,relative_humidity:18.4_m:%
535,2,2.7828498840332031e+02,-3.3166666666666661e-01,1211,1212,4.1805555555556040e-03,water_sfc_temperature:0_m:K
536,4,3.3765913248062134e+00,-4.2287878787878785e-01,537,538,5.4598943985307014e-03,mixing_ratio:18.4_m:g_kg-1
537,12,-2.1588903851807117e-02,-4.1603174603174620e-01,539,540,4.5096497858402029e-03,bulk_richardson:18.4_m:none
538,-2,-2.0000000000000000e+00,-5.6666666666666665e-01,-1,-1,3.7555555555571773e-03,wind_direction:18.4_m:degrees
539,2,2.8080000305175781e+02,-4.0388888888888880e-01,603,604,3.4941358024689062e-03,water_sfc_temperature:0_m:K
540,5,7.0199998855590820e+01,-4.8888888888888882e-01,1303,1304,4.4098765432099840e-03,relative_humidity:18.4_m:%
541,9,8.9018054962158203e+01,-1.1625000000000001e-01,1477,1478,1.4484374999999966e-03,angle_between_wind_wave:0_m:degrees
542,9,8.9562591552734375e+01,-1.6432432432432431e-01,709,710,3.0083272461650934e-03,angle_between_wind_wave:0_m:degrees
543,8,6.5000000000000000e+00,-2.2210526315789472e-01,641,642,3.5008310249307339e-03,wave_period:0_m:s
544,-2,-2.0000000000000000e+00,-3.8000000000000000e-01,-1,-1,1.0000000000004450e-04,wind_direction:18.4_m:degrees
545,-2,-2.0000000000000000e+00,-8.9999999999999997e-02,-1,-1,0.0000000000000000e+00,wind_direction:18.4_m:degrees
546,11,1.4645000457763672e+02,-2.4285714285714291e-01,547,548,3.3795918367346897e-03,wind_direction:18.4_m:degrees
547,-2,-2.0000000000000000e+00,-4.3500000000000000e-01,-1,-1,3.0249999999999722e-03,wind_direction:18.4_m:degrees
548,9,9.0918682098388672e+01,-2.3468085106382977e-01,1227,1228,1.7568130375735375e-03,angle_between_wind_wave:0_m:degrees
549,11,2.8457501220703125e+02,-2.2999999999999998e-01,1679,1680,5.0000000000000183e-03,wind_direction:18.4_m:degrees
550,1,2.1173200988769531e+02,-3.5675000000000001e-01,1029,1030,2.7519374999999680e-03,azimuth:0_m:degrees
551,12,-1.8029424361884594e-02,-5.2000000000000002e-01,817,818,3.2000000000000917e-03,bulk_richardson:18.4_m:none
552,-2,-2.0000000000000000e+00,-7.3999999999999999e-01,-1,-1,2.2204460492503131e-16,wind_direction:18.4_m:degrees
553,11,1.0552999877929688e+02,-8.2857142857142865e-02,995,996,1.9020408163265314e-03,wind_direction:18.4_m:degrees
554,4,8.4729433059692383e+00,-1.1697142857142852e-01,819,820,1.3011134693877609e-03,mixing_ratio:18.4_m:g_kg-1
555,0,1.2781024169921875e+02,-6.2683823529411722e-02,737,738,1.0093412089100390e-03,zenith:0_m:degrees
556,5,5.2149999618530273e+01,-1.1047619047619051e-01,1119,1120,2.2140589569161380e-03,relative_humidity:18.4_m:%
557,-2,-2.0000000000000000e+00,-1.3526315789473686e-01,-1,-1,1.2144044321329601e-03,wind_direction:18.4_m:degrees
558,-2,-2.0000000000000000e+00,-7.6829268292682912e-02,-1,-1,7.9238548483045491e-04,wind_direction:18.4_m:degrees
559,9,8.8623920440673828e+01,-6.4000000000000001e-01,1403,1404,4.5999999999999930e-03,angle_between_wind_wave:0_m:degrees
560,1,2.1853918457031250e+02,-5.2923076923076928e-01,847,848,4.7147928994084043e-03,azimuth:0_m:degrees
561,-2,-2.0000000000000000e+00,-6.0999999999999999e-01,-1,-1,0.0000000000000000e+00,wind_direction:18.4_m:degrees
562,-2,-2.0000000000000000e+00,-3.8333333333333330e-01,-1,-1,5.5555555555555913e-04,wind_direction:18.4_m:degrees
563,4,7.5087962150573730e+00,-5.4545454545454541e-03,1371,1372,1.4975206611570248e-03,mixing_ratio:18.4_m:g_kg-1
564,-2,-2.0000000000000000e+00,-2.2000000000000000e-01,-1,-1,2.0816681711721685e-17,wind_direction:18.4_m:degrees
565,4,4.0722265243530273e+00,-6.0447761194029836e-02,1407,1408,1.4669636890176016e-03,mixing_ratio:18.4_m:g_kg-1
566,5,6.5750000000000000e+01,-9.3465346534653465e-02,869,870,1.6523478090383105e-03,relative_humidity:18.4_m:%
567,3,1.0003500061035156e+03,-1.5533333333333335e-01,925,926,1.5015555555555476e-03,pressure:18.4_m:hPa
568,-2,-2.0000000000000000e+00,-4.7500000000000001e-02,-1,-1,1.6687500000000235e-03,wind_direction:18.4_m:degrees
569,1,3.1011463928222656e+02,-1.5958333333333333e-01,1353,1354,1.3873263888888911e-03,azimuth:0_m:degrees
570,0,2.9672484397888184e+01,-1.1564625850340136e-01,689,690,1.0279837104909904e-03,zenith:0_m:degrees
571,5,6.2549999237060547e+01,-3.7391304347826095e-02,1661,1662,1.3931947069943280e-03,relative_humidity:18.4_m:%
572,6,2.1650000000000000e+02,-6.9362637362637342e-02,749,750,9.3300036227508213e-04,wave_direction:0_m:degrees
573,-2,-2.0000000000000000e+00,-2.8888888888888886e-01,-1,-1,1.4765432098765435e-03,wind_direction:18.4_m:degrees
574,-2,-2.0000000000000000e+00,-1.6500000000000001e-01,-1,-1,1.0250000000000398e-03,wind_direction:18.4_m:degrees
575,0,7.7142286300659180e+01,-3.5000000000000003e-01,1253,1254,5.2333333333333121e-03,zenith:0_m:degrees
576,10,1.2290517330169678e+01,-2.6246575342465750e-01,911,912,2.8925501970350764e-03,wind_speed:18.4_m:m_s-1
577,11,3.0722500610351562e+02,-3.0545454545454542e-01,1327,1328,3.6884297520661247e-03,wind_direction:18.4_m:degrees
578,-2,-2.0000000000000000e+00,-2.3999999999999996e-01,-1,-1,2.1888888888888583e-03,wind_direction:18.4_m:degrees
579,6,2.2750000000000000e+02,-3.2826923076923076e-01,583,584,3.6796967455621638e-03,wave_direction:0_m:degrees
580,-2,-2.0000000000000000e+00,-1.7999999999999999e-01,-1,-1,8.3266726846886741e-17,wind_direction:18.4_m:degrees
581,-2,-2.0000000000000000e+00,-2.3749999999999999e-01,-1,-1,1.4437499999999936e-03,wind_direction:18.4_m:degrees
582,-2,-2.0000000000000000e+00,-4.0000000000000002e-01,-1,-1,-5.5511151231257827e-17,wind_direction:18.4_m:degrees
583,-2,-2.0000000000000000e+00,-3.9500000000000002e-01,-1,-1,1.2749999999999706e-03,wind_direction:18.4_m:degrees
584,2,2.8756999206542969e+02,-3.1613636363636355e-01,585,586,3.1600723140495918e-03,water_sfc_temperature:0_m:K
585,0,1.5259046173095703e+02,-3.0236842105263156e-01,1401,1402,2.0075484764543600e-03,zenith:0_m:degrees
586,-2,-2.0000000000000000e+00,-4.0333333333333332e-01,-1,-1,1.6555555555552159e-03,wind_direction:18.4_m:degrees
587,-2,-2.0000000000000000e+00,-9.0000000000000011e-02,-1,-1,9.3333333333333289e-04,wind_direction:18.4_m:degrees
588,-2,-2.0000000000000000e+00,-2.5000000000000000e-01,-1,-1,0.0000000000000000e+00,wind_direction:18.4_m:degrees
589,2,2.8765501403808594e+02,-1.1960674157303375e-01,1001,1002,1.9161374826410851e-03,water_sfc_temperature:0_m:K
590,-2,-2.0000000000000000e+00,-2.1200000000000002e-01,-1,-1,1.5999999999953551e-05,wind_direction:18.4_m:degrees
591,-2,-2.0000000000000000e+00,-2.2000000000000000e-01,-1,-1,2.7500000000000024e-03,wind_direction:18.4_m:degrees
592,1,2.3097044372558594e+02,-1.1137931034482759e-01,879,880,2.1015457788347118e-03,azimuth:0_m:degrees
593,10,2.1375569105148315e+00,-7.0793787748058721e-03,799,800,4.3232415630087512e-04,wind_speed:18.4_m:m_s-1
594,12,2.3038905858993530e-01,-1.7707362534948700e-03,1175,1176,4.1280111940204583e-04,bulk_richardson:18.4_m:none
595,8,6.4000000953674316e+00,-8.1545454545454554e-01,949,950,4.7157024793387237e-03,wave_period:0_m:s
596,12,-7.1904351934790611e-03,-7.3625000000000007e-01,597,598,1.2985937499999878e-02,bulk_richardson:18.4_m:none
597,4,3.0460516214370728e+00,-5.6333333333333335e-01,1087,1088,8.0222222222221529e-03,mixing_ratio:18.4_m:g_kg-1
598,0,6.2128658294677734e+01,-7.7615384615384619e-01,599,600,5.6390532544375871e-03,zenith:0_m:degrees
599,-2,-2.0000000000000000e+00,-7.0199999999999996e-01,-1,-1,1.2960000000000194e-03,wind_direction:18.4_m:degrees
600,0,1.0276013946533203e+02,-8.2250000000000001e-01,1939,1940,2.7687500000000975e-03,zenith:0_m:degrees
601,-2,-2.0000000000000000e+00,-3.1000000000000000e-01,-1,-1,0.0000000000000000e+00,wind_direction:18.4_m:degrees
602,1,1.4501410675048828e+02,-1.6358974358974360e-01,1207,1208,1.7050624589086093e-03,azimuth:0_m:degrees
603,10,1.4054659843444824e+01,-4.3230769230769234e-01,657,658,3.0485207100591494e-03,wind_speed:18.4_m:m_s-1
604,11,2.9344000244140625e+02,-3.7750000000000006e-01,875,876,2.4616071428573139e-03,wind_direction:18.4_m:degrees
605,-2,-2.0000000000000000e+00,-2.3000000000000001e-01,-1,-1,0.0000000000000000e+00,wind_direction:18.4_m:degrees
606,9,8.8451835632324219e+01,-1.1538461538461539e-01,1159,1160,2.8402366863905307e-03,angle_between_wind_wave:0_m:degrees
607,-2,-2.0000000000000000e+00,-2.5750000000000001e-01,-1,-1,1.6875000000000917e-04,wind_direction:18.4_m:degrees
608,10,1.3568363189697266e+01,-3.6937500000000001e-01,811,812,3.9808593750000620e-03,wind_speed:18.4_m:m_s-1
609,-2,-2.0000000000000000e+00,-5.2000000000000002e-01,-1,-1,0.0000000000000000e+00,wind_direction:18.4_m:degrees
610,-2,-2.0000000000000000e+00,-3.2000000000000001e-01,-1,-1,-5.5511151231257827e-17,wind_direction:18.4_m:degrees
611,3,1.0015500183105469e+03,-1.5228070175438599e-01,1397,1398,2.3860264696829690e-03,pressure:18.4_m:hPa
612,4,1.2191810011863708e+00,-1.8733333333333338e-01,613,614,3.2222222222222652e-03,mixing_ratio:18.4_m:g_kg-1
613,1,9.0506034851074219e+01,-2.3043478260869571e-01,1727,1728,1.1085066162570684e-03,azimuth:0_m:degrees
614,7,9.4999998807907104e-01,-1.6826923076923078e-01,965,966,2.9720044378698067e-03,wave_height:0_m:m
615,-2,-2.0000000000000000e+00,-1.5200000000000000e-01,-1,-1,2.1600000000000438e-04,wind_direction:18.4_m:degrees
616,9,8.8650112152099609e+01,-2.4888888888888891e-01,1713,1714,1.8172839506172891e-03,angle_between_wind_wave:0_m:degrees
617,12,5.0777902652043849e-04,-5.2116504854368903e-02,1585,1586,6.2872429069657986e-04,bulk_richardson:18.4_m:none
618,10,8.5690369606018066e+00,-1.1272727272727275e-01,755,756,4.3652892561981821e-03,wind_speed:18.4_m:m_s-1
619,3,9.9689999389648438e+02,-3.1583333333333335e-01,677,678,2.6020833333333243e-03,pressure:18.4_m:hPa
620,11,2.4583499908447266e+02,-2.7785714285714286e-01,621,622,2.7507653061224352e-03,wind_direction:18.4_m:degrees
621,0,1.5998070526123047e+02,-2.6131578947368422e-01,1173,1174,1.9035318559556536e-03,zenith:0_m:degrees
622,2,2.8231500244140625e+02,-3.1277777777777777e-01,705,706,2.7422839506172497e-03,water_sfc_temperature:0_m:K
623,11,3.0948001098632812e+02,-2.4866666666666670e-01,941,942,2.5048888888888551e-03,wind_direction:18.4_m:degrees
624,11,3.2428500366210938e+02,-3.1133333333333335e-01,625,626,8.3182222222222130e-03,wind_direction:18.4_m:degrees
625,11,3.2374499511718750e+02,-3.6200000000000004e-01,797,798,4.7760000000000025e-03,wind_direction:18.4_m:degrees
626,-2,-2.0000000000000000e+00,-2.1000000000000002e-01,-1,-1,0.0000000000000000e+00,wind_direction:18.4_m:degrees
627,12,-1.1716659367084503e-01,-1.1422818791946308e-01,629,630,1.9317868564479070e-03,bulk_richardson:18.4_m:none
628,4,1.7573963403701782e+00,-9.2126436781609228e-02,901,902,1.3891564275334018e-03,mixing_ratio:18.4_m:g_kg-1
629,9,9.0312614440917969e+01,-1.7647058823529416e-01,631,632,4.9875432525951433e-03,angle_between_wind_wave:0_m:degrees
630,0,1.5606269836425781e+02,-1.0621212121212120e-01,1571,1572,9.7504591368227818e-04,zenith:0_m:degrees
631,-2,-2.0000000000000000e+00,-1.2250000000000001e-01,-1,-1,1.7437499999999849e-03,wind_direction:18.4_m:degrees
632,11,2.8500000000000000e+02,-2.2444444444444445e-01,1343,1344,2.9802469135802451e-03,wind_direction:18.4_m:degrees
633,-2,-2.0000000000000000e+00,-1.8375000000000002e-01,-1,-1,1.6484374999999954e-03,wind_direction:18.4_m:degrees
634,9,9.0236923217773438e+01,-1.3175324675324676e-01,927,928,1.3495235284196258e-03,angle_between_wind_wave:0_m:degrees
635,3,1.0223499755859375e+03,-2.1529411764705886e-01,1669,1670,1.6405997693194757e-03,pressure:18.4_m:hPa
636,-2,-2.0000000000000000e+00,-3.0800000000000000e-01,-1,-1,6.5600000000015646e-04,wind_direction:18.4_m:degrees
637,1,2.5320310211181641e+02,-1.8311475409836075e-01,979,980,1.9952163396936423e-03,azimuth:0_m:degrees
638,10,1.2493719100952148e+01,-2.3000000000000004e-01,1191,1192,3.5920000000000535e-03,wind_speed:18.4_m:m_s-1
639,-2,-2.0000000000000000e+00,-3.2333333333333331e-01,-1,-1,3.5555555555556728e-04,wind_direction:18.4_m:degrees
640,-2,-2.0000000000000000e+00,-4.5181818181818179e-01,-1,-1,1.0694214876033337e-03,wind_direction:18.4_m:degrees
641,-2,-2.0000000000000000e+00,-1.9153846153846155e-01,-1,-1,1.6591715976331384e-03,wind_direction:18.4_m:degrees
642,-2,-2.0000000000000000e+00,-2.8833333333333333e-01,-1,-1,1.0805555555555707e-03,wind_direction:18.4_m:degrees
643,2,2.7463500976562500e+02,-5.7285714285714273e-01,845,846,5.3346938775511443e-03,water_sfc_temperature:0_m:K
644,-2,-2.0000000000000000e+00,-4.7000000000000003e-01,-1,-1,1.1999999999995903e-03,wind_direction:18.4_m:degrees
645,5,5.3000000000000000e+01,-1.6043859649122813e-01,843,844,1.4778778085564673e-03,relative_humidity:18.4_m:%
646,3,9.9860000610351562e+02,-1.2590909090909089e-01,773,774,2.0469008264462837e-03,pressure:18.4_m:hPa
647,8,4.8500001430511475e+00,-2.2237318840579778e-02,1121,1122,3.4010310005775258e-04,wave_period:0_m:s
648,-2,-2.0000000000000000e+00,-1.0962099125364421e-02,-1,-1,4.0169827197850312e-04,wind_direction:18.4_m:degrees
649,-2,-2.0000000000000000e+00,-2.5000000000000000e-01,-1,-1,0.0000000000000000e+00,wind_direction:18.4_m:degrees
650,12,2.7828960446640849e-03,-1.5166666666666673e-01,1233,1234,1.2192222222222049e-03,bulk_richardson:18.4_m:none
651,5,8.5799999237060547e+01,-1.8080000000000002e-01,1217,1218,2.2873599999999952e-03,relative_humidity:18.4_m:%
652,6,1.6300000000000000e+02,-2.3560000000000006e-01,1083,1084,3.0486400000000191e-03,wave_direction:0_m:degrees
653,-2,-2.0000000000000000e+00,-2.0999999999999999e-01,-1,-1,0.0000000000000000e+00,wind_direction:18.4_m:degrees
654,7,5.5000001192092896e-01,-7.0545454545454550e-02,1381,1382,2.5942479338843015e-03,wave_height:0_m:m
655,5,9.8750000000000000e+01,-3.1944444444444407e-02,1393,1394,3.9899691358023228e-04,relative_humidity:18.4_m:%
656,11,1.3144499969482422e+02,-3.9670932358318103e-02,893,894,4.4303613861877765e-04,wind_direction:18.4_m:degrees
657,-2,-2.0000000000000000e+00,-3.6333333333333334e-01,-1,-1,1.7888888888888954e-03,wind_direction:18.4_m:degrees
658,0,1.5411288452148438e+02,-4.5300000000000001e-01,891,892,1.5710000000000168e-03,zenith:0_m:degrees
659,3,1.0046499938964844e+03,-6.4052287581699355e-03,1125,1126,5.3152206416335669e-04,pressure:18.4_m:hPa
660,-2,-2.0000000000000000e+00,1.3000000000000000e-01,-1,-1,-1.1102230246251565e-16,wind_direction:18.4_m:degrees
661,3,1.0027500000000000e+03,-3.1333333333333330e-01,1105,1106,2.2977777777777736e-03,pressure:18.4_m:hPa
662,-2,-2.0000000000000000e+00,-4.0400000000000003e-01,-1,-1,1.9840000000001523e-03,wind_direction:18.4_m:degrees
663,0,9.0118907928466797e+01,-6.0317460317460318e-02,1479,1480,7.4910556815318977e-04,zenith:0_m:degrees
664,8,4.0499999523162842e+00,-8.8773006134969301e-02,1793,1794,8.3407730814107420e-04,wave_period:0_m:s
665,5,9.2950000762939453e+01,-1.0392265193370159e-01,1309,1310,1.6216293763926699e-03,relative_humidity:18.4_m:%
666,2,2.8845999145507812e+02,-7.3061224489795948e-02,981,982,1.1722615576843596e-03,water_sfc_temperature:0_m:K
667,11,2.9115499877929688e+02,-2.5666666666666665e-01,1617,1618,2.5777777777777899e-03,wind_direction:18.4_m:degrees
668,1,2.0688510131835938e+02,-1.8989690721649485e-01,775,776,2.7206079285789914e-03,azimuth:0_m:degrees
669,12,-5.7558750268071890e-03,-3.9499999999999996e-01,867,868,2.5783333333333769e-03,bulk_richardson:18.4_m:none
670,-2,-2.0000000000000000e+00,-3.3153846153846150e-01,-1,-1,1.2745562130178495e-03,wind_direction:18.4_m:degrees
671,5,7.4099998474121094e+01,-1.2406250000000002e-01,2009,2010,1.2116210937499986e-03,relative_humidity:18.4_m:%
672,5,6.5750000000000000e+01,-8.8314606741573001e-02,673,674,1.0589572023734437e-03,relative_humidity:18.4_m:%
673,6,1.8750000000000000e+02,-1.2606060606060607e-01,1379,1380,1.8056932966023891e-03,wave_direction:0_m:degrees
674,11,1.9034999847412109e+02,-8.2991452991452969e-02,1349,1350,7.2438454233325882e-04,wind_direction:18.4_m:degrees
675,3,9.9789999389648438e+02,5.0000000000000003e-02,909,910,5.4000000000000003e-03,pressure:18.4_m:hPa
676,0,6.0171407699584961e+01,-3.7107438016528903e-02,1453,1454,6.7345126698996013e-04,zenith:0_m:degrees
677,-2,-2.0000000000000000e+00,-3.4941176470588226e-01,-1,-1,7.7024221453295127e-04,wind_direction:18.4_m:degrees
678,12,1.7597665078938007e-02,-2.8578947368421054e-01,1243,1244,2.3296398891965997e-03,bulk_richardson:18.4_m:none
679,11,3.4641500854492188e+02,-1.1520833333333332e-01,683,684,2.8478732638888716e-03,wind_direction:18.4_m:degrees
680,2,2.7613500976562500e+02,-1.5607142857142858e-01,681,682,4.1167091836735066e-03,water_sfc_temperature:0_m:K
681,-2,-2.0000000000000000e+00,-2.9999999999999999e-01,-1,-1,2.4666666666666587e-03,wind_direction:18.4_m:degrees
682,-2,-2.0000000000000000e+00,-1.3879999999999998e-01,-1,-1,1.5305600000000003e-03,wind_direction:18.4_m:degrees
683,12,-1.0058836638927460e-01,-1.0840909090909094e-01,685,686,2.3111053719008304e-03,bulk_richardson:18.4_m:none
684,12,-6.9002278149127960e-02,-1.8999999999999997e-01,1801,1802,2.6499999999999163e-03,bulk_richardson:18.4_m:none
685,-2,-2.0000000000000000e+00,-5.5833333333333346e-02,-1,-1,1.6743055555555547e-03,wind_direction:18.4_m:degrees
686,6,2.3950000000000000e+02,-1.1671052631578949e-01,687,688,1.9062846260387706e-03,wave_direction:0_m:degrees
687,10,9.5233469009399414e+00,-1.0483333333333335e-01,1903,1904,1.2716388888888881e-03,wind_speed:18.4_m:m_s-1
688,5,3.6399999618530273e+01,-1.6124999999999998e-01,1321,1322,1.7734374999999677e-03,relative_humidity:18.4_m:%
689,-2,-2.0000000000000000e+00,-2.1000000000000002e-01,-1,-1,2.9999999999998778e-04,wind_direction:18.4_m:degrees
690,3,1.0050499877929688e+03,-1.1434482758620688e-01,1053,1054,9.1353626634958773e-04,pressure:18.4_m:hPa
691,-2,-2.0000000000000000e+00,-1.1000000000000000e-01,-1,-1,0.0000000000000000e+00,wind_direction:18.4_m:degrees
692,4,8.1152021884918213e-01,-2.2088607594936721e-01,693,694,3.0207338567537004e-03,mixing_ratio:18.4_m:g_kg-1
693,-2,-2.0000000000000000e+00,-4.2999999999999999e-01,-1,-1,0.0000000000000000e+00,wind_direction:18.4_m:degrees
694,4,5.3400056362152100e+00,-2.1820512820512830e-01,1415,1416,2.4916502301117124e-03,mixing_ratio:18.4_m:g_kg-1
695,-2,-2.0000000000000000e+00,-5.2000000000000002e-01,-1,-1,9.4999999999995088e-04,wind_direction:18.4_m:degrees
696,0,1.5038577270507812e+02,-6.2166666666666670e-01,1779,1780,2.4805555555555969e-03,zenith:0_m:degrees
697,2,2.7586000061035156e+02,-2.2550000000000006e-01,905,906,3.1314166666666851e-03,water_sfc_temperature:0_m:K
698,-2,-2.0000000000000000e+00,-2.8307692307692311e-01,-1,-1,2.0366863905323940e-03,wind_direction:18.4_m:degrees
699,-2,-2.0000000000000000e+00,-9.9999999999999992e-02,-1,-1,2.3333333333333366e-04,wind_direction:18.4_m:degrees
700,0,1.0230523300170898e+02,-1.7972602739726032e-01,815,816,2.1643085006567767e-03,zenith:0_m:degrees
701,12,-5.2261569071561098e-03,-6.8642857142857139e-01,1447,1448,2.6658163265306789e-03,bulk_richardson:18.4_m:none
702,7,2.2500000000000000e+00,-6.0899999999999999e-01,1523,1524,5.3090000000001747e-03,wave_height:0_m:m
703,5,5.4899999618530273e+01,-4.4588235294117651e-01,1983,1984,2.0830449826989561e-03,relative_humidity:18.4_m:%
704,9,8.9007343292236328e+01,-3.8176470588235295e-01,1437,1438,1.2145328719724013e-03,angle_between_wind_wave:0_m:degrees
705,-2,-2.0000000000000000e+00,-2.9481481481481481e-01,-1,-1,7.8052126200273131e-04,wind_direction:18.4_m:degrees
706,0,6.4551290512084961e+01,-3.6666666666666664e-01,707,708,4.7555555555555129e-03,zenith:0_m:degrees
707,-2,-2.0000000000000000e+00,-2.5000000000000000e-01,-1,-1,1.5999999999999903e-03,wind_direction:18.4_m:degrees
708,-2,-2.0000000000000000e+00,-4.0000000000000002e-01,-1,-1,6.5714285714288390e-04,wind_direction:18.4_m:degrees
709,8,4.8499999046325684e+00,-1.4288888888888887e-01,1315,1316,1.7138765432098864e-03,wave_period:0_m:s
710,9,8.9831188201904297e+01,-1.7893939393939398e-01,711,712,3.3640266299357000e-03,angle_between_wind_wave:0_m:degrees
711,3,1.0110000000000000e+03,-2.4300000000000002e-01,1659,1660,1.9009999999999791e-03,pressure:18.4_m:hPa
712,10,1.1095095157623291e+01,-1.6749999999999998e-01,807,808,2.7616071428571420e-03,wind_speed:18.4_m:m_s-1
713,-2,-2.0000000000000000e+00,-1.7999999999999999e-01,-1,-1,0.0000000000000000e+00,wind_direction:18.4_m:degrees
714,12,-6.5389687661081553e-03,-3.7176470588235294e-01,1351,1352,1.6145328719723018e-03,bulk_richardson:18.4_m:none
715,3,1.0001000061035156e+03,-1.1605263157894737e-01,717,718,3.3449445983379511e-03,pressure:18.4_m:hPa
716,3,1.0253499755859375e+03,-1.4883177570093464e-01,719,720,3.2411586164730333e-03,pressure:18.4_m:hPa
717,-2,-2.0000000000000000e+00,-1.0000000000000000e-02,-1,-1,0.0000000000000000e+00,wind_direction:18.4_m:degrees
718,11,3.3717500305175781e+02,-1.2852941176470589e-01,987,988,2.2596020761245679e-03,wind_direction:18.4_m:degrees
719,12,-2.7511687949299812e-02,-1.5110047846889957e-01,721,722,3.0949611959432896e-03,bulk_richardson:18.4_m:none
720,-2,-2.0000000000000000e+00,-5.4000000000000006e-02,-1,-1,1.4400000000016049e-04,wind_direction:18.4_m:degrees
721,10,9.7193284034729004e+00,-1.5967532467532464e-01,739,740,2.9719725080114695e-03,wind_speed:18.4_m:m_s-1
722,9,9.0465816497802734e+01,-1.2709090909090906e-01,723,724,2.6569917355371217e-03,angle_between_wind_wave:0_m:degrees
723,12,-1.6164042055606842e-02,-1.1272727272727273e-01,967,968,2.1607438016529017e-03,bulk_richardson:18.4_m:none
724,-2,-2.0000000000000000e+00,-1.8454545454545454e-01,-1,-1,5.1570247933883234e-04,wind_direction:18.4_m:degrees
725,-2,-2.0000000000000000e+00,-1.4333333333333334e-01,-1,-1,8.8888888888888351e-05,wind_direction:18.4_m:degrees
726,-2,-2.0000000000000000e+00,-1.1666666666666667e-02,-1,-1,1.4722222222222336e-04,wind_direction:18.4_m:degrees
727,-2,-2.0000000000000000e+00,-1.3826086956521741e-01,-1,-1,1.0665406427221094e-03,wind_direction:18.4_m:degrees
728,5,4.4199998855590820e+01,-1.9666666666666666e-01,1807,1808,1.3888888888888770e-03,relative_humidity:18.4_m:%
729,1,3.0325413513183594e+02,-8.5555555555555565e-02,1979,1980,1.7413580246913550e-03,azimuth:0_m:degrees
730,1,2.8487213134765625e+02,-1.1804154302670623e-01,731,732,1.8822178587466609e-03,azimuth:0_m:degrees
731,12,-1.7228269018232822e-02,-1.1413559322033894e-01,1095,1096,1.7815409365124924e-03,bulk_richardson:18.4_m:none
732,11,3.4450999450683594e+02,-1.4547619047619048e-01,1549,1550,1.7295351473923838e-03,wind_direction:18.4_m:degrees
733,0,6.8566337585449219e+01,-5.1749999999999996e-01,735,736,3.3770833333331418e-03,zenith:0_m:degrees
734,-2,-2.0000000000000000e+00,-4.4875000000000004e-01,-1,-1,2.1093749999920308e-04,wind_direction:18.4_m:degrees
735,-2,-2.0000000000000000e+00,-4.3800000000000000e-01,-1,-1,8.9600000000000790e-04,wind_direction:18.4_m:degrees
736,9,8.8994792938232422e+01,-5.2343283582089539e-01,789,790,3.0553798173312829e-03,angle_between_wind_wave:0_m:degrees
737,10,7.7179596424102783e+00,-5.7913043478260845e-02,1461,1462,8.8086200378072145e-04,wind_speed:18.4_m:m_s-1
738,6,2.0400000000000000e+02,-8.8809523809523824e-02,1667,1668,9.0572562358278742e-04,wave_direction:0_m:degrees
739,0,1.2645785522460938e+02,-1.2238095238095237e-01,741,742,4.5133786848072597e-03,zenith:0_m:degrees
740,3,1.0043500061035156e+03,-1.6556390977443611e-01,1149,1150,2.4743060659167017e-03,pressure:18.4_m:hPa
741,0,8.8048614501953125e+01,-1.5533333333333338e-01,1319,1320,1.7848888888888879e-03,zenith:0_m:degrees
742,-2,-2.0000000000000000e+00,-4.0000000000000001e-02,-1,-1,1.8333333333333283e-03,wind_direction:18.4_m:degrees
743,3,1.0202500000000000e+03,-6.4342105263157923e-02,841,842,8.4561980609419544e-04,pressure:18.4_m:hPa
744,4,1.4831950187683105e+01,-8.1839622641509444e-02,1339,1340,6.2727616589535688e-04,mixing_ratio:18.4_m:g_kg-1
745,-2,-2.0000000000000000e+00,-1.5666666666666668e-01,-1,-1,3.5555555555555687e-04,wind_direction:18.4_m:degrees
746,-2,-2.0000000000000000e+00,-2.4833333333333332e-01,-1,-1,6.9722222222222408e-04,wind_direction:18.4_m:degrees
747,10,7.0535876750946045e+00,-3.6273764258555101e-02,1573,1574,5.7698969191401022e-04,wind_speed:18.4_m:m_s-1
748,-2,-2.0000000000000000e+00,6.9999999999999993e-02,-1,-1,7.9999999999998909e-04,wind_direction:18.4_m:degrees
749,4,1.0856768488883972e+00,-6.1286307053941891e-02,1109,1110,8.6017114030406813e-04,mixing_ratio:18.4_m:g_kg-1
750,3,1.0184500122070312e+03,-7.8457943925233628e-02,1429,1430,8.5883701633329267e-04,pressure:18.4_m:hPa
751,11,3.2641500854492188e+02,-1.3956834532374099e-01,757,758,2.2796697893483764e-03,wind_direction:18.4_m:degrees
752,-2,-2.0000000000000000e+00,-1.0000000000000000e-02,-1,-1,-2.6432848965196598e-16,wind_direction:18.4_m:degrees
753,-2,-2.0000000000000000e+00,-1.7000000000000001e-01,-1,-1,3.7999999999999944e-03,wind_direction:18.4_m:degrees
754,-2,-2.0000000000000000e+00,-2.8227272727272729e-01,-1,-1,1.0811983471074454e-03,wind_direction:18.4_m:degrees
755,-2,-2.0000000000000000e+00,-3.9999999999999994e-02,-1,-1,1.2000000000000005e-03,wind_direction:18.4_m:degrees
756,-2,-2.0000000000000000e+00,-1.5428571428571430e-01,-1,-1,1.4244897959183531e-03,wind_direction:18.4_m:degrees
757,11,2.8711500549316406e+02,-1.4558685446009392e-01,759,760,2.4077541933919498e-03,wind_direction:18.4_m:degrees
758,9,8.9858039855957031e+01,-1.1984615384615387e-01,1897,1898,1.3522840236686630e-03,angle_between_wind_wave:0_m:degrees
759,-2,-2.0000000000000000e+00,-1.2124999999999998e-01,-1,-1,7.6450892857143210e-04,wind_direction:18.4_m:degrees
760,11,3.0249499511718750e+02,-1.5426751592356688e-01,761,762,2.7072660148484556e-03,wind_direction:18.4_m:degrees
761,9,9.0638893127441406e+01,-1.7804347826086958e-01,763,764,3.3505198487712648e-03,angle_between_wind_wave:0_m:degrees
762,9,8.8952709197998047e+01,-1.4441441441441449e-01,827,828,2.1093417742066474e-03,angle_between_wind_wave:0_m:degrees
763,4,1.0869019031524658e+00,-1.6368421052631579e-01,945,946,2.2864265927977946e-03,mixing_ratio:18.4_m:g_kg-1
764,10,9.1357307434082031e+00,-2.4625000000000002e-01,1709,1710,2.7734374999999409e-03,wind_speed:18.4_m:m_s-1
765,-2,-2.0000000000000000e+00,-4.2153846153846153e-01,-1,-1,2.2284023668638353e-03,wind_direction:18.4_m:degrees
766,-2,-2.0000000000000000e+00,-6.0999999999999999e-01,-1,-1,-2.7755575615628914e-16,wind_direction:18.4_m:degrees
767,-2,-2.0000000000000000e+00,-3.7499999999999999e-02,-1,-1,1.3541666666666671e-04,wind_direction:18.4_m:degrees
768,0,7.1972473144531250e+01,-7.5657894736842105e-02,1061,1062,5.2667243767312577e-04,zenith:0_m:degrees
769,-2,-2.0000000000000000e+00,1.1818181818181818e-02,-1,-1,1.4876033057851254e-05,wind_direction:18.4_m:degrees
770,4,4.3352291584014893e+00,-4.3385826771653500e-02,831,832,6.2869365738731304e-04,mixing_ratio:18.4_m:g_kg-1
771,4,1.0417066216468811e+00,-2.8243243243243253e-02,1107,1108,1.5631300219138057e-03,mixing_ratio:18.4_m:g_kg-1
772,11,3.2027499389648438e+02,-5.1548387096774173e-02,825,826,8.9631217481789911e-04,wind_direction:18.4_m:degrees
773,-2,-2.0000000000000000e+00,-2.5000000000000000e-01,-1,-1,0.0000000000000000e+00,wind_direction:18.4_m:degrees
774,0,1.0940289306640625e+02,-1.2000000000000002e-01,1683,1684,1.3761904761904857e-03,zenith:0_m:degrees
775,9,8.9481761932373047e+01,-1.7945205479452056e-01,837,838,2.3038093450928956e-03,angle_between_wind_wave:0_m:degrees
776,8,4.1499998569488525e+00,-2.2166666666666668e-01,777,778,2.6472222222221758e-03,wave_period:0_m:s
777,-2,-2.0000000000000000e+00,-1.0000000000000001e-01,-1,-1,0.0000000000000000e+00,wind_direction:18.4_m:degrees
778,-2,-2.0000000000000000e+00,-2.3272727272727278e-01,-1,-1,1.4198347107438059e-03,wind_direction:18.4_m:degrees
779,1,1.4260784149169922e+02,-8.6734693877551033e-02,1115,1116,1.8464806330695544e-03,azimuth:0_m:degrees
780,0,7.5859634399414062e+01,-5.9249999999999955e-02,781,782,1.0581875000000057e-03,zenith:0_m:degrees
781,4,1.0262781977653503e+00,-4.2758620689655170e-02,1441,1442,1.5165279429250891e-03,mixing_ratio:18.4_m:g_kg-1
782,-2,-2.0000000000000000e+00,-6.5407725321888377e-02,-1,-1,7.4758054117777563e-04,wind_direction:18.4_m:degrees
783,-2,-2.0000000000000000e+00,-3.3937499999999998e-01,-1,-1,1.5683593749999947e-03,wind_direction:18.4_m:degrees
784,-2,-2.0000000000000000e+00,-2.2666666666666666e-01,-1,-1,5.5555555555579506e-04,wind_direction:18.4_m:degrees
785,6,2.0500000000000000e+02,-1.6815789473684209e-01,1293,1294,2.1571329639889399e-03,wave_direction:0_m:degrees
786,7,2.1499999761581421e+00,-1.1952380952380953e-01,1277,1278,1.8521541950112970e-03,wave_height:0_m:m
787,-2,-2.0000000000000000e+00,7.0000000000000007e-02,-1,-1,0.0000000000000000e+00,wind_direction:18.4_m:degrees
788,-2,-2.0000000000000000e+00,-1.9935064935064889e-02,-1,-1,5.6882695226851158e-04,wind_direction:18.4_m:degrees
789,10,1.6769812583923340e+01,-5.0822222222222213e-01,1161,1162,2.7835061728395671e-03,wind_speed:18.4_m:m_s-1
790,9,8.9061748504638672e+01,-5.5454545454545456e-01,1593,1594,2.1702479338844283e-03,angle_between_wind_wave:0_m:degrees
791,3,1.0116499938964844e+03,-4.7515151515151516e-01,793,794,4.9037649219465518e-03,pressure:18.4_m:hPa
792,5,4.8050001144409180e+01,-4.0500000000000003e-01,1215,1216,3.7500000000003364e-03,relative_humidity:18.4_m:%
793,12,-3.5007206723093987e-02,-4.6843749999999995e-01,1033,1034,3.5694335937499766e-03,bulk_richardson:18.4_m:none
794,-2,-2.0000000000000000e+00,-6.8999999999999995e-01,-1,-1,4.4408920985006262e-16,wind_direction:18.4_m:degrees
795,-2,-2.0000000000000000e+00,-2.5111111111111106e-01,-1,-1,1.0765432098765459e-03,wind_direction:18.4_m:degrees
796,-2,-2.0000000000000000e+00,-3.9000000000000001e-01,-1,-1,1.0000000000007225e-04,wind_direction:18.4_m:degrees
797,-2,-2.0000000000000000e+00,-3.4333333333333338e-01,-1,-1,1.8222222222221418e-03,wind_direction:18.4_m:degrees
798,-2,-2.0000000000000000e+00,-5.3000000000000003e-01,-1,-1,3.3306690738754696e-16,wind_direction:18.4_m:degrees
799,4,9.2295244336128235e-01,-2.5986277873070295e-03,803,804,4.0636891749953603e-04,mixing_ratio:18.4_m:g_kg-1
800,3,1.0357000122070312e+03,-8.5850144092219013e-03,801,802,4.3203239791045112e-04,pressure:18.4_m:hPa
801,5,5.3250000000000000e+01,-8.9253557943653854e-03,1017,1018,4.1267029231458884e-04,relative_humidity:18.4_m:%
802,0,7.5685997009277344e+01,3.4814814814814819e-02,1813,1814,1.0027434842250175e-03,zenith:0_m:degrees
803,2,2.7709500122070312e+02,7.8000000000000014e-02,1245,1246,4.8160000000000000e-03,water_sfc_temperature:0_m:K
804,-2,-2.0000000000000000e+00,-2.9457364341085269e-03,-1,-1,3.5928129319151434e-04,wind_direction:18.4_m:degrees
805,10,1.3704004287719727e+01,-2.8520000000000001e-01,1077,1078,1.9929600000000020e-03,wind_speed:18.4_m:m_s-1
806,4,5.5216779708862305e+00,-2.3520000000000002e-01,1815,1816,1.2969600000000137e-03,mixing_ratio:18.4_m:g_kg-1
807,12,-6.3045991584658623e-02,-1.6296296296296303e-01,889,890,2.2875171467764133e-03,bulk_richardson:18.4_m:none
808,-2,-2.0000000000000000e+00,-2.8999999999999998e-01,-1,-1,-6.9388939039072284e-17,wind_direction:18.4_m:degrees
809,-2,-2.0000000000000000e+00,-2.4249999999999999e-01,-1,-1,3.4687499999999996e-03,wind_direction:18.4_m:degrees
810,-2,-2.0000000000000000e+00,-1.4437499999999998e-01,-1,-1,1.3621093750000000e-03,wind_direction:18.4_m:degrees
811,8,5.5000000000000000e+00,-4.4500000000000001e-01,1213,1214,6.0250000000000026e-03,wave_period:0_m:s
812,-2,-2.0000000000000000e+00,-3.4416666666666668e-01,-1,-1,7.5763888888892572e-04,wind_direction:18.4_m:degrees
813,-2,-2.0000000000000000e+00,-2.1523809523809523e-01,-1,-1,1.0630385487528302e-03,wind_direction:18.4_m:degrees
814,-2,-2.0000000000000000e+00,-2.7833333333333332e-01,-1,-1,1.2805555555555764e-03,wind_direction:18.4_m:degrees
815,6,2.2950000000000000e+02,-2.0629629629629634e-01,1297,1298,1.1196159122084867e-03,wave_direction:0_m:degrees
816,5,7.6300003051757812e+01,-1.6413043478260872e-01,1093,1094,2.1198960302457291e-03,relative_humidity:18.4_m:%
817,-2,-2.0000000000000000e+00,-5.4888888888888887e-01,-1,-1,6.9876543209873576e-04,wind_direction:18.4_m:degrees
818,-2,-2.0000000000000000e+00,-4.3333333333333329e-01,-1,-1,6.8888888888873900e-04,wind_direction:18.4_m:degrees
819,12,-3.5557264462113380e-02,-1.2067901234567895e-01,821,822,1.2087982014936712e-03,bulk_richardson:18.4_m:none
820,-2,-2.0000000000000000e+00,-7.0769230769230779e-02,-1,-1,1.4556213017772723e-04,wind_direction:18.4_m:degrees
821,-2,-2.0000000000000000e+00,-7.4666666666666673e-02,-1,-1,8.7822222222222208e-04,wind_direction:18.4_m:degrees
822,10,1.0471871852874756e+01,-1.2537414965986396e-01,1421,1422,1.0044518487667305e-03,wind_speed:18.4_m:m_s-1
823,-2,-2.0000000000000000e+00,-4.0833333333333327e-01,-1,-1,9.4722222222218266e-04,wind_direction:18.4_m:degrees
824,-2,-2.0000000000000000e+00,-5.2000000000000002e-01,-1,-1,0.0000000000000000e+00,wind_direction:18.4_m:degrees
825,5,4.6399999618530273e+01,-6.3949579831932765e-02,975,976,8.3566132335287195e-04,relative_humidity:18.4_m:%
826,9,9.0894012451171875e+01,-4.3821989528795770e-02,1459,1460,7.7858611331926646e-04,angle_between_wind_wave:0_m:degrees
827,3,1.0123499755859375e+03,-1.7727272727272725e-01,829,830,3.9380165289256280e-03,pressure:18.4_m:hPa
828,0,9.3647808074951172e+01,-1.3629213483146063e-01,1367,1368,1.3244539830829169e-03,zenith:0_m:degrees
829,-2,-2.0000000000000000e+00,-1.2500000000000003e-01,-1,-1,3.0833333333333754e-04,wind_direction:18.4_m:degrees
830,-2,-2.0000000000000000e+00,-2.3999999999999999e-01,-1,-1,1.0800000000000184e-03,wind_direction:18.4_m:degrees
831,-2,-2.0000000000000000e+00,-4.8232044198894944e-02,-1,-1,6.1455389029638945e-04,wind_direction:18.4_m:degrees
832,-2,-2.0000000000000000e+00,-3.1369863013698623e-02,-1,-1,4.6113717395384040e-04,wind_direction:18.4_m:degrees
833,-2,-2.0000000000000000e+00,7.0000000000000007e-02,-1,-1,0.0000000000000000e+00,wind_direction:18.4_m:degrees
834,-2,-2.0000000000000000e+00,-4.0833333333333333e-02,-1,-1,7.5763888888888908e-04,wind_direction:18.4_m:degrees
835,-2,-2.0000000000000000e+00,-2.1800000000000003e-01,-1,-1,1.5999999999988246e-05,wind_direction:18.4_m:degrees
836,-2,-2.0000000000000000e+00,-2.9999999999999999e-02,-1,-1,1.0299920638612292e-17,wind_direction:18.4_m:degrees
837,6,2.0500000000000000e+02,-1.9568181818181818e-01,839,840,1.6790805785123625e-03,wave_direction:0_m:degrees
838,-2,-2.0000000000000000e+00,-1.5482758620689652e-01,-1,-1,2.2456599286563884e-03,wind_direction:18.4_m:degrees
839,-2,-2.0000000000000000e+00,-2.7199999999999996e-01,-1,-1,6.9600000000001605e-04,wind_direction:18.4_m:degrees
840,-2,-2.0000000000000000e+00,-1.8589743589743593e-01,-1,-1,9.6265614727152754e-04,wind_direction:18.4_m:degrees
841,11,3.3650999450683594e+02,-5.9692307692307697e-02,1553,1554,7.6093096646942309e-04,wind_direction:18.4_m:degrees
842,-2,-2.0000000000000000e+00,-9.1818181818181840e-02,-1,-1,4.6336088154270635e-04,wind_direction:18.4_m:degrees
843,-2,-2.0000000000000000e+00,-2.8000000000000003e-01,-1,-1,0.0000000000000000e+00,wind_direction:18.4_m:degrees
844,3,1.0037999877929688e+03,-1.5830357142857146e-01,1365,1366,1.2444435586734491e-03,pressure:18.4_m:hPa
845,-2,-2.0000000000000000e+00,-6.6666666666666663e-01,-1,-1,2.6888888888889628e-03,wind_direction:18.4_m:degrees
846,0,1.2787870788574219e+02,-5.6406250000000013e-01,853,854,4.6803710937500798e-03,zenith:0_m:degrees
847,-2,-2.0000000000000000e+00,-5.7285714285714284e-01,-1,-1,1.5061224489794078e-03,wind_direction:18.4_m:degrees
848,5,5.3349998474121094e+01,-4.7833333333333333e-01,1265,1266,3.6472222222222739e-03,relative_humidity:18.4_m:%
849,-2,-2.0000000000000000e+00,-2.8142857142857142e-01,-1,-1,8.4081632653060234e-04,wind_direction:18.4_m:degrees
850,-2,-2.0000000000000000e+00,-1.0000000000000001e-01,-1,-1,-8.6736173798840355e-18,wind_direction:18.4_m:degrees
851,5,2.7500000000000000e+01,-1.7944444444444443e-01,1225,1226,2.3330246913580086e-03,relative_humidity:18.4_m:%
852,-2,-2.0000000000000000e+00,-8.9999999999999997e-02,-1,-1,8.9999999999993731e-04,wind_direction:18.4_m:degrees
853,5,8.4849998474121094e+01,-5.8571428571428585e-01,857,858,3.4911564625848546e-03,relative_humidity:18.4_m:%
854,4,2.3253188133239746e+00,-5.2272727272727260e-01,855,856,4.3471074380163066e-03,mixing_ratio:18.4_m:g_kg-1
855,-2,-2.0000000000000000e+00,-5.5999999999999994e-01,-1,-1,4.7500000000005871e-04,wind_direction:18.4_m:degrees
856,-2,-2.0000000000000000e+00,-4.2333333333333334e-01,-1,-1,1.0888888888889170e-03,wind_direction:18.4_m:degrees
857,-2,-2.0000000000000000e+00,-5.9450000000000003e-01,-1,-1,2.0447499999998731e-03,wind_direction:18.4_m:degrees
858,-2,-2.0000000000000000e+00,-4.0999999999999998e-01,-1,-1,-1.0824674490095276e-15,wind_direction:18.4_m:degrees
859,0,9.4737350463867188e+01,-1.3224137931034485e-01,959,960,1.4208382877526730e-03,zenith:0_m:degrees
860,5,5.5299999237060547e+01,-1.0754098360655738e-01,861,862,1.2603466809997452e-03,relative_humidity:18.4_m:%
861,9,8.9403377532958984e+01,-1.9400000000000001e-01,1219,1220,4.9840000000000023e-03,angle_between_wind_wave:0_m:degrees
862,10,1.0083575248718262e+01,-1.0573221757322182e-01,883,884,1.0227902172580978e-03,wind_speed:18.4_m:m_s-1
863,-2,-2.0000000000000000e+00,-3.7500000000000000e-01,-1,-1,6.2500000000001443e-04,wind_direction:18.4_m:degrees
864,-2,-2.0000000000000000e+00,-4.9954545454545457e-01,-1,-1,1.4407024793387513e-03,wind_direction:18.4_m:degrees
865,10,1.3273889541625977e+01,-2.8649999999999998e-01,961,962,2.3327499999999529e-03,wind_speed:18.4_m:m_s-1
866,12,-1.0052534751594067e-02,-2.1888888888888891e-01,1091,1092,2.7876543209876675e-03,bulk_richardson:18.4_m:none
867,7,2.3500000238418579e+00,-3.8678571428571434e-01,1531,1532,1.7503826530612387e-03,wave_height:0_m:m
868,-2,-2.0000000000000000e+00,-5.1000000000000001e-01,-1,-1,2.2204460492503131e-16,wind_direction:18.4_m:degrees
869,2,2.9030000305175781e+02,-1.0907407407407407e-01,1073,1074,1.6750685871056263e-03,water_sfc_temperature:0_m:K
870,-2,-2.0000000000000000e+00,-7.5531914893617019e-02,-1,-1,1.0247170665459394e-03,wind_direction:18.4_m:degrees
871,-2,-2.0000000000000000e+00,-1.1086956521739130e-01,-1,-1,8.5141776937618270e-04,wind_direction:18.4_m:degrees
872,3,1.0052999877929688e+03,-7.2522522522522503e-02,873,874,8.5489814138462773e-04,pressure:18.4_m:hPa
873,-2,-2.0000000000000000e+00,-1.9000000000000000e-01,-1,-1,0.0000000000000000e+00,wind_direction:18.4_m:degrees
874,9,8.9851253509521484e+01,-7.0366972477064207e-02,1721,1722,6.1270936789833107e-04,angle_between_wind_wave:0_m:degrees
875,-2,-2.0000000000000000e+00,-3.2750000000000001e-01,-1,-1,1.4437499999999936e-03,wind_direction:18.4_m:degrees
876,-2,-2.0000000000000000e+00,-3.9750000000000002e-01,-1,-1,1.4687499999998799e-03,wind_direction:18.4_m:degrees
877,2,2.7653500366210938e+02,-2.9984126984126991e-01,969,970,2.3253716301335353e-03,water_sfc_temperature:0_m:K
878,-2,-2.0000000000000000e+00,-4.1999999999999998e-01,-1,-1,6.1062266354383610e-16,wind_direction:18.4_m:degrees
879,9,9.0280887603759766e+01,-8.5294117647058840e-02,1323,1324,1.6013840830449832e-03,angle_between_wind_wave:0_m:degrees
880,-2,-2.0000000000000000e+00,-1.4833333333333334e-01,-1,-1,4.8055555555555698e-04,wind_direction:18.4_m:degrees
881,-2,-2.0000000000000000e+00,-4.4666666666666681e-02,-1,-1,4.0888888888888746e-04,wind_direction:18.4_m:degrees
882,-2,-2.0000000000000000e+00,-6.8413793103448250e-02,-1,-1,6.7679429250893514e-04,wind_direction:18.4_m:degrees
883,5,9.6299999237060547e+01,-9.1071428571428553e-02,1737,1738,9.9528061224490177e-04,relative_humidity:18.4_m:%
884,11,1.0771500015258789e+02,-1.1367741935483869e-01,1201,1202,8.5808949011442932e-04,wind_direction:18.4_m:degrees
885,1,1.1300674438476562e+02,-4.2899999999999999e-01,887,888,3.1890000000000251e-03,azimuth:0_m:degrees
886,-2,-2.0000000000000000e+00,-2.9999999999999999e-01,-1,-1,6.9388939039072284e-17,wind_direction:18.4_m:degrees
887,-2,-2.0000000000000000e+00,-3.2000000000000001e-01,-1,-1,0.0000000000000000e+00,wind_direction:18.4_m:degrees
888,-2,-2.0000000000000000e+00,-4.5624999999999999e-01,-1,-1,2.7343749999997335e-04,wind_direction:18.4_m:degrees
889,-2,-2.0000000000000000e+00,-1.9933333333333333e-01,-1,-1,3.3955555555555128e-04,wind_direction:18.4_m:degrees
890,0,6.0798757553100586e+01,-1.4897435897435896e-01,1577,1578,2.3322813938198295e-03,zenith:0_m:degrees
891,-2,-2.0000000000000000e+00,-4.8999999999999994e-01,-1,-1,2.0000000000003348e-04,wind_direction:18.4_m:degrees
892,-2,-2.0000000000000000e+00,-4.1600000000000004e-01,-1,-1,2.0399999999989871e-04,wind_direction:18.4_m:degrees
893,-2,-2.0000000000000000e+00,-2.0833333333333343e-02,-1,-1,4.6874999999999944e-04,wind_direction:18.4_m:degrees
894,12,-1.6621333546936512e-02,-4.0998043052837566e-02,895,896,4.1446379264784830e-04,bulk_richardson:18.4_m:none
895,-2,-2.0000000000000000e+00,-5.5955882352941133e-02,-1,-1,4.2408628892734012e-04,wind_direction:18.4_m:degrees
896,12,1.0246181394904852e-02,-3.8702031602708749e-02,1081,1082,3.7337171144820520e-04,bulk_richardson:18.4_m:none
897,12,-4.2408915236592293e-02,-4.6867469879518002e-02,1455,1456,6.2311898195191104e-04,bulk_richardson:18.4_m:none
898,-2,-2.0000000000000000e+00,-9.3846153846153843e-02,-1,-1,6.8520710059171916e-04,wind_direction:18.4_m:degrees
899,-2,-2.0000000000000000e+00,-1.5250000000000000e-01,-1,-1,1.5187499999999993e-03,wind_direction:18.4_m:degrees
900,2,2.8100500488281250e+02,-2.3499999999999999e-01,1389,1390,2.3500000000000118e-03,water_sfc_temperature:0_m:K
901,5,4.1150001525878906e+01,-7.4210526315789477e-02,2045,2046,1.2068328716528156e-03,relative_humidity:18.4_m:%
902,5,4.0949998855590820e+01,-1.0085470085470087e-01,1987,1988,1.2454233326028106e-03,relative_humidity:18.4_m:%
903,-2,-2.0000000000000000e+00,-6.5199999999999991e-01,-1,-1,5.6000000000222538e-05,wind_direction:18.4_m:degrees
904,-2,-2.0000000000000000e+00,-7.9000000000000004e-01,-1,-1,0.0000000000000000e+00,wind_direction:18.4_m:degrees
905,-2,-2.0000000000000000e+00,-3.0500000000000005e-01,-1,-1,3.0249999999999860e-03,wind_direction:18.4_m:degrees
906,2,2.7852999877929688e+02,-2.1982142857142864e-01,1405,1406,2.6553252551020368e-03,water_sfc_temperature:0_m:K
907,-2,-2.0000000000000000e+00,-1.6141732283464539e-02,-1,-1,3.2290904581809419e-04,wind_direction:18.4_m:degrees
908,-2,-2.0000000000000000e+00,-2.8493975903614424e-02,-1,-1,3.9411743358979052e-04,wind_direction:18.4_m:degrees
909,-2,-2.0000000000000000e+00,-1.0000000000000000e-02,-1,-1,-1.3552527156068805e-20,wind_direction:18.4_m:degrees
910,-2,-2.0000000000000000e+00,1.4000000000000001e-01,-1,-1,0.0000000000000000e+00,wind_direction:18.4_m:degrees
911,3,1.0025499877929688e+03,-2.7224137931034487e-01,997,998,3.0070451843044466e-03,pressure:18.4_m:hPa
912,-2,-2.0000000000000000e+00,-2.2466666666666668e-01,-1,-1,6.5155555555544004e-04,wind_direction:18.4_m:degrees
913,-2,-2.0000000000000000e+00,-4.0600000000000003e-01,-1,-1,1.1040000000000216e-03,wind_direction:18.4_m:degrees
914,1,2.0540406036376953e+02,-4.9454545454545451e-01,1599,1600,2.5338842975207443e-03,azimuth:0_m:degrees
915,-2,-2.0000000000000000e+00,-2.4500000000000000e-01,-1,-1,2.0250000000000060e-03,wind_direction:18.4_m:degrees
916,-2,-2.0000000000000000e+00,-1.1666666666666667e-01,-1,-1,5.7777777777778816e-04,wind_direction:18.4_m:degrees
917,12,3.7395292893052101e-02,-1.3001700680272085e-02,1039,1040,4.2542856853625306e-04,bulk_richardson:18.4_m:none
918,2,2.7655999755859375e+02,-4.7391304347826090e-02,919,920,1.6027977315689761e-02,water_sfc_temperature:0_m:K
919,7,1.4499999880790710e+00,-2.2000000000000003e-01,921,922,3.5279999999999978e-02,wave_height:0_m:m
920,-2,-2.0000000000000000e+00,5.5555555555555556e-04,-1,-1,1.0524691358024454e-04,wind_direction:18.4_m:degrees
921,0,1.0814219665527344e+02,-8.0000000000000002e-02,923,924,9.7999999999999945e-03,zenith:0_m:degrees
922,-2,-2.0000000000000000e+00,-4.2999999999999999e-01,-1,-1,0.0000000000000000e+00,wind_direction:18.4_m:degrees
923,-2,-2.0000000000000000e+00,-2.2000000000000000e-01,-1,-1,0.0000000000000000e+00,wind_direction:18.4_m:degrees
924,-2,-2.0000000000000000e+00,-1.0000000000000000e-02,-1,-1,-5.0144350477454580e-19,wind_direction:18.4_m:degrees
925,5,9.7350002288818359e+01,-1.8217391304347827e-01,1749,1750,1.5648393194706983e-03,relative_humidity:18.4_m:%
926,-2,-2.0000000000000000e+00,-1.3864864864864865e-01,-1,-1,7.3601168736303624e-04,wind_direction:18.4_m:degrees
927,5,9.8649997711181641e+01,-1.4303370786516856e-01,929,930,1.4413584143416376e-03,relative_humidity:18.4_m:%
928,12,2.6912247762084007e-02,-1.1630769230769229e-01,1805,1806,8.1098224852068843e-04,bulk_richardson:18.4_m:none
929,10,1.2085478782653809e+01,-1.3941860465116285e-01,1079,1080,1.1031503515413696e-03,wind_speed:18.4_m:m_s-1
930,-2,-2.0000000000000000e+00,-2.4666666666666667e-01,-1,-1,2.2222222222006982e-05,wind_direction:18.4_m:degrees
931,6,2.3050000000000000e+02,-1.4571428571428574e-01,1535,1536,1.9387755102040841e-03,wave_direction:0_m:degrees
932,-2,-2.0000000000000000e+00,-7.4285714285714288e-02,-1,-1,7.9591836734693288e-04,wind_direction:18.4_m:degrees
933,9,8.9171661376953125e+01,-2.0271739130434785e-01,935,936,1.7197896975425370e-03,angle_between_wind_wave:0_m:degrees
934,-2,-2.0000000000000000e+00,-1.5250000000000000e-01,-1,-1,4.1874999999990531e-04,wind_direction:18.4_m:degrees
935,2,2.8696499633789062e+02,-1.8437500000000004e-01,1631,1632,1.3871093749999452e-03,water_sfc_temperature:0_m:K
936,4,4.1286935806274414e+00,-2.2272727272727277e-01,1681,1682,1.3152892561983515e-03,mixing_ratio:18.4_m:g_kg-1
937,3,1.0016499938964844e+03,-3.4142857142857136e-01,1637,1638,1.1408163265305971e-03,pressure:18.4_m:hPa
938,-2,-2.0000000000000000e+00,-4.6499999999999997e-01,-1,-1,1.2250000000000594e-03,wind_direction:18.4_m:degrees
939,5,3.9250000000000000e+01,-6.2475247524752468e-02,1325,1326,1.1988236447407125e-03,relative_humidity:18.4_m:%
940,11,3.5143499755859375e+02,-8.0497737556561061e-02,951,952,1.1576708093609979e-03,wind_direction:18.4_m:degrees
941,5,5.4700000762939453e+01,-2.6200000000000001e-01,1835,1836,1.3599999999999585e-03,relative_humidity:18.4_m:%
942,11,3.1255499267578125e+02,-1.8200000000000000e-01,1861,1862,2.8960000000000860e-03,wind_direction:18.4_m:degrees
943,12,-1.2376894429326057e-01,-5.0284360189573440e-02,1425,1426,1.0890186653489350e-03,bulk_richardson:18.4_m:none
944,1,2.2926509094238281e+02,-7.1604938271604912e-02,1595,1596,1.7048315805517494e-03,azimuth:0_m:degrees
945,-2,-2.0000000000000000e+00,-7.3333333333333334e-02,-1,-1,1.0888888888888884e-03,wind_direction:18.4_m:degrees
946,0,1.4216013336181641e+02,-1.7142857142857140e-01,1891,1892,1.6293877551020429e-03,zenith:0_m:degrees
947,-2,-2.0000000000000000e+00,-3.9000000000000001e-01,-1,-1,0.0000000000000000e+00,wind_direction:18.4_m:degrees
948,11,2.9848500061035156e+02,-2.2416666666666671e-01,953,954,5.4493055555555198e-03,wind_direction:18.4_m:degrees
949,-2,-2.0000000000000000e+00,-7.9999999999999993e-01,-1,-1,2.5599999999997847e-03,wind_direction:18.4_m:degrees
950,-2,-2.0000000000000000e+00,-9.6999999999999997e-01,-1,-1,-1.2212453270876722e-15,wind_direction:18.4_m:degrees
951,0,9.5430755615234375e+01,-7.9679633867276833e-02,985,986,1.0722085783556583e-03,zenith:0_m:degrees
952,3,1.0161999816894531e+03,-1.5200000000000002e-01,1473,1474,3.4559999999999452e-03,pressure:18.4_m:hPa
953,10,1.0996417999267578e+01,-2.6300000000000001e-01,1237,1238,4.3009999999999993e-03,wind_speed:18.4_m:m_s-1
954,3,1.0207500000000000e+03,-1.9642857142857142e-01,955,956,4.4229591836734278e-03,pressure:18.4_m:hPa
955,-2,-2.0000000000000000e+00,-1.7999999999999999e-01,-1,-1,9.8461538461538933e-04,wind_direction:18.4_m:degrees
956,-2,-2.0000000000000000e+00,-4.0999999999999998e-01,-1,-1,-3.0531133177191805e-16,wind_direction:18.4_m:degrees
957,-2,-2.0000000000000000e+00,-6.5217391304347824e-02,-1,-1,4.4234404536862108e-04,wind_direction:18.4_m:degrees
958,4,3.1364883184432983e+00,-3.0504731861198699e-02,1465,1466,6.8176417319309069e-04,mixing_ratio:18.4_m:g_kg-1
959,-2,-2.0000000000000000e+00,-1.1514285714285714e-01,-1,-1,1.1106938775510208e-03,wind_direction:18.4_m:degrees
960,-2,-2.0000000000000000e+00,-1.5826086956521740e-01,-1,-1,7.7088846880907225e-04,wind_direction:18.4_m:degrees
961,-2,-2.0000000000000000e+00,-1.3000000000000000e-01,-1,-1,0.0000000000000000e+00,wind_direction:18.4_m:degrees
962,-2,-2.0000000000000000e+00,-2.9473684210526313e-01,-1,-1,1.0986149584487764e-03,wind_direction:18.4_m:degrees
963,9,8.9520133972167969e+01,-1.1666666666666665e-02,1873,1874,1.4805555555555555e-03,angle_between_wind_wave:0_m:degrees
964,-2,-2.0000000000000000e+00,-4.6710526315789445e-02,-1,-1,5.8391620498615291e-04,wind_direction:18.4_m:degrees
965,-2,-2.0000000000000000e+00,-1.3000000000000000e-01,-1,-1,1.0307692307692275e-03,wind_direction:18.4_m:degrees
966,3,1.0030000000000000e+03,-1.8102564102564100e-01,1275,1276,2.9681788297173037e-03,pressure:18.4_m:hPa
967,5,6.0299999237060547e+01,-1.0906976744186045e-01,1767,1768,1.6223904813412703e-03,relative_humidity:18.4_m:%
968,-2,-2.0000000000000000e+00,-2.7000000000000002e-01,-1,-1,-2.9143354396410359e-16,wind_direction:18.4_m:degrees
969,-2,-2.0000000000000000e+00,-2.6400000000000001e-01,-1,-1,1.8373333333333158e-03,wind_direction:18.4_m:degrees
970,9,8.8136699676513672e+01,-3.1104166666666661e-01,971,972,1.9509982638888645e-03,angle_between_wind_wave:0_m:degrees
971,-2,-2.0000000000000000e+00,-3.7142857142857144e-01,-1,-1,4.9795918367345759e-04,wind_direction:18.4_m:degrees
972,-2,-2.0000000000000000e+00,-3.0073170731707310e-01,-1,-1,1.4701963117192407e-03,wind_direction:18.4_m:degrees
973,-2,-2.0000000000000000e+00,1.1333333333333333e-01,-1,-1,8.8888888888890086e-05,wind_direction:18.4_m:degrees
974,-2,-2.0000000000000000e+00,1.6666666666666676e-03,-1,-1,6.8055555555555545e-04,wind_direction:18.4_m:degrees
975,-2,-2.0000000000000000e+00,-9.0000000000000011e-02,-1,-1,3.7857142857142777e-04,wind_direction:18.4_m:degrees
976,-2,-2.0000000000000000e+00,-5.5934065934065934e-02,-1,-1,7.0324839995169900e-04,wind_direction:18.4_m:degrees
977,-2,-2.0000000000000000e+00,-1.2500000000000000e-01,-1,-1,2.2500000000000298e-04,wind_direction:18.4_m:degrees
978,-2,-2.0000000000000000e+00,-2.3333333333333334e-02,-1,-1,3.8888888888888784e-04,wind_direction:18.4_m:degrees
979,9,8.9045513153076172e+01,-1.9037037037037047e-01,1643,1644,1.6517146776405672e-03,angle_between_wind_wave:0_m:degrees
980,-2,-2.0000000000000000e+00,-1.2714285714285717e-01,-1,-1,1.1061224489795421e-03,wind_direction:18.4_m:degrees
981,1,8.4251478195190430e+01,-9.2500000000000041e-02,1809,1810,7.5446428571428192e-04,azimuth:0_m:degrees
982,-2,-2.0000000000000000e+00,-4.7142857142857153e-02,-1,-1,5.5374149659862936e-04,wind_direction:18.4_m:degrees
983,-2,-2.0000000000000000e+00,-4.6200000000000002e-01,-1,-1,1.8559999999999410e-03,wind_direction:18.4_m:degrees
984,-2,-2.0000000000000000e+00,-2.8999999999999998e-01,-1,-1,2.6367796834847468e-16,wind_direction:18.4_m:degrees
985,-2,-2.0000000000000000e+00,-1.7000000000000001e-01,-1,-1,0.0000000000000000e+00,wind_direction:18.4_m:degrees
986,3,1.0053500061035156e+03,-7.9055299539170495e-02,1197,1198,1.0228402599333315e-03,pressure:18.4_m:hPa
987,0,7.2541728973388672e+01,-1.1607142857142858e-01,989,990,1.7595663265306156e-03,zenith:0_m:degrees
988,-2,-2.0000000000000000e+00,-1.8666666666666668e-01,-1,-1,4.8888888888885818e-04,wind_direction:18.4_m:degrees
989,-2,-2.0000000000000000e+00,-1.9000000000000000e-01,-1,-1,3.0000000000000165e-04,wind_direction:18.4_m:degrees
990,11,3.0915501403808594e+02,-1.0375000000000001e-01,1619,1620,9.4010416666666721e-04,wind_direction:18.4_m:degrees
991,10,1.1086472988128662e+01,-1.9222222222222227e-01,1663,1664,1.9089506172839249e-03,wind_speed:18.4_m:m_s-1
992,11,3.3713000488281250e+02,-1.4642857142857144e-01,993,994,2.7372448979591790e-03,wind_direction:18.4_m:degrees
993,-2,-2.0000000000000000e+00,-1.2916666666666668e-01,-1,-1,1.1076388888888872e-03,wind_direction:18.4_m:degrees
994,-2,-2.0000000000000000e+00,-2.5000000000000000e-01,-1,-1,0.0000000000000000e+00,wind_direction:18.4_m:degrees
995,3,1.0329500122070312e+03,-5.6000000000000008e-02,1439,1440,1.9339999999999991e-03,pressure:18.4_m:hPa
996,-2,-2.0000000000000000e+00,-1.0137931034482760e-01,-1,-1,1.0394768133174821e-03,wind_direction:18.4_m:degrees
997,-2,-2.0000000000000000e+00,-3.6000000000000004e-01,-1,-1,0.0000000000000000e+00,wind_direction:18.4_m:degrees
998,6,2.3150000000000000e+02,-2.6745454545454544e-01,999,1000,2.7280661157024905e-03,wave_direction:0_m:degrees
999,-2,-2.0000000000000000e+00,-3.0266666666666669e-01,-1,-1,1.0462222222222123e-03,wind_direction:18.4_m:degrees
1000,10,1.1836375713348389e+01,-2.5424999999999998e-01,1299,1300,2.7194375000000048e-03,wind_speed:18.4_m:m_s-1
1001,2,2.8010000610351562e+02,-1.2549295774647887e-01,1003,1004,1.9134893870263840e-03,water_sfc_temperature:0_m:K
1002,11,2.7079000854492188e+02,-9.6388888888888885e-02,1921,1922,1.2508487654320794e-03,wind_direction:18.4_m:degrees
1003,1,1.8221659088134766e+02,-1.1014492753623188e-01,1411,1412,1.6854862423860539e-03,azimuth:0_m:degrees
1004,12,-6.6638723015785217e-02,-1.4000000000000004e-01,1305,1306,1.6958904109589147e-03,bulk_richardson:18.4_m:none
1005,-2,-2.0000000000000000e+00,-6.8500000000000005e-01,-1,-1,2.0249999999998880e-03,wind_direction:18.4_m:degrees
1006,-2,-2.0000000000000000e+00,-5.5000000000000004e-01,-1,-1,1.4999999999992797e-04,wind_direction:18.4_m:degrees
1007,-2,-2.0000000000000000e+00,-5.6250000000000000e-01,-1,-1,2.3937500000001943e-03,wind_direction:18.4_m:degrees
1008,-2,-2.0000000000000000e+00,-6.4666666666666661e-01,-1,-1,5.5555555555542036e-04,wind_direction:18.4_m:degrees
1009,12,-7.0077264308929443e-01,-1.7047619047619041e-02,1369,1370,6.3318820861678099e-04,bulk_richardson:18.4_m:none
1010,11,3.4570500183105469e+02,-4.1372549019607852e-02,1491,1492,1.0549788542868152e-03,wind_direction:18.4_m:degrees
1011,-2,-2.0000000000000000e+00,-9.1250000000000012e-02,-1,-1,1.2859374999999989e-03,wind_direction:18.4_m:degrees
1012,12,-1.4359675333253108e-04,-1.3156097560975608e-01,1013,1014,1.4814657941701545e-03,bulk_richardson:18.4_m:none
1013,4,4.8516781330108643e+00,-1.4255639097744358e-01,1015,1016,1.4897054666741967e-03,mixing_ratio:18.4_m:g_kg-1
1014,3,1.0055499877929688e+03,-1.1125000000000002e-01,1249,1250,8.3038194444446344e-04,pressure:18.4_m:hPa
1015,5,7.6799999237060547e+01,-1.6513513513513514e-01,1163,1164,2.0141709276844423e-03,relative_humidity:18.4_m:%
1016,11,2.6886500549316406e+02,-1.3385416666666669e-01,1881,1882,1.0153537326389010e-03,wind_direction:18.4_m:degrees
1017,0,3.2550703048706055e+01,-1.7441860465116268e-02,1019,1020,1.3904658888974737e-03,zenith:0_m:degrees
1018,-2,-2.0000000000000000e+00,-8.1094844048376687e-03,-1,-1,3.1138457586400790e-04,wind_direction:18.4_m:degrees
1019,0,2.6068416595458984e+01,-7.3636363636363639e-02,1021,1022,9.6231404958677692e-03,zenith:0_m:degrees
1020,11,2.5646000671386719e+02,-1.5310344827586204e-02,1023,1024,9.5386920332936993e-04,wind_direction:18.4_m:degrees
1021,-2,-2.0000000000000000e+00,2.8912057932946783e-19,-1,-1,3.0000000000000003e-04,wind_direction:18.4_m:degrees
1022,10,2.6004402637481689e+00,-1.6200000000000001e-01,1025,1026,6.4960000000000052e-03,wind_speed:18.4_m:m_s-1
1023,1,2.2267153167724609e+02,9.0476190476190474e-03,1345,1346,1.6419501133786854e-03,azimuth:0_m:degrees
1024,7,6.5000000596046448e-01,-1.9435483870967725e-02,1761,1762,7.1984261186264394e-04,wave_height:0_m:m
1025,-2,-2.0000000000000000e+00,-1.0000000000000000e-02,-1,-1,0.0000000000000000e+00,wind_direction:18.4_m:degrees
1026,-2,-2.0000000000000000e+00,-2.0000000000000001e-01,-1,-1,8.9999999999999802e-04,wind_direction:18.4_m:degrees
1027,-2,-2.0000000000000000e+00,-2.6956521739130445e-02,-1,-1,3.8204158790170048e-04,wind_direction:18.4_m:degrees
1028,11,2.9434999084472656e+02,-5.0057766367137345e-02,1049,1050,5.2701848589662087e-04,wind_direction:18.4_m:degrees
1029,10,1.4441205024719238e+01,-3.2687500000000003e-01,1071,1072,2.3589843749999839e-03,wind_speed:18.4_m:m_s-1
1030,9,8.9509510040283203e+01,-3.7666666666666665e-01,1031,1032,2.0222222222222308e-03,angle_between_wind_wave:0_m:degrees
1031,-2,-2.0000000000000000e+00,-4.1454545454545461e-01,-1,-1,7.7024793388433266e-04,wind_direction:18.4_m:degrees
1032,-2,-2.0000000000000000e+00,-3.4461538461538466e-01,-1,-1,8.4023668639054971e-04,wind_direction:18.4_m:degrees
1033,9,8.9495349884033203e+01,-4.8950000000000005e-01,1035,1036,3.4847500000000364e-03,angle_between_wind_wave:0_m:degrees
1034,9,8.7877891540527344e+01,-4.3333333333333335e-01,2007,2008,1.7388888888889564e-03,angle_between_wind_wave:0_m:degrees
1035,6,2.2550000000000000e+02,-5.1285714285714279e-01,1611,1612,2.6775510204081199e-03,wave_direction:0_m:degrees
1036,-2,-2.0000000000000000e+00,-4.3500000000000000e-01,-1,-1,1.1249999999998206e-03,wind_direction:18.4_m:degrees
1037,4,1.3211806416511536e+00,-2.6681818181818184e-01,1317,1318,1.2216942148760290e-03,mixing_ratio:18.4_m:g_kg-1
1038,10,1.2456697463989258e+01,-2.1307692307692308e-01,1419,1420,1.9597633136094472e-03,wind_speed:18.4_m:m_s-1
1039,11,3.2969999694824219e+02,-1.4523560209424044e-02,1045,1046,3.9911855486417279e-04,wind_direction:18.4_m:degrees
1040,5,7.1049999237060547e+01,-6.4253393665158328e-03,1041,1042,4.8586433529205749e-04,relative_humidity:18.4_m:%
1041,2,2.9302499389648438e+02,1.3230769230769232e-02,1043,1044,1.4741775147928998e-03,water_sfc_temperature:0_m:K
1042,-2,-2.0000000000000000e+00,-9.8143236074270494e-03,-1,-1,2.3736605478121966e-04,wind_direction:18.4_m:degrees
1043,-2,-2.0000000000000000e+00,6.4516129032258064e-03,-1,-1,4.1966701352757541e-04,wind_direction:18.4_m:degrees
1044,-2,-2.0000000000000000e+00,1.5333333333333335e-01,-1,-1,2.6888888888888969e-03,wind_direction:18.4_m:degrees
1045,-2,-2.0000000000000000e+00,-1.3788786064235149e-02,-1,-1,3.2892218235869351e-04,wind_direction:18.4_m:degrees
1046,10,4.9093527793884277e+00,-3.3013698630136992e-02,1047,1048,1.8100957027584565e-03,wind_speed:18.4_m:m_s-1
1047,-2,-2.0000000000000000e+00,-2.0000000000000004e-01,-1,-1,-6.9388939039072284e-18,wind_direction:18.4_m:degrees
1048,2,2.8457000732421875e+02,-2.5857142857142860e-02,1729,1730,6.4140816326530557e-04,water_sfc_temperature:0_m:K
1049,12,-4.3119920883327723e-03,-4.9191374663072690e-02,1145,1146,4.3586903611568225e-04,bulk_richardson:18.4_m:none
1050,4,1.3334118843078613e+01,-6.7432432432432396e-02,1051,1052,2.0380021913806107e-03,mixing_ratio:18.4_m:g_kg-1
1051,12,1.5682447236031294e-02,-6.3239436619718287e-02,1449,1450,1.4500694306685234e-03,bulk_richardson:18.4_m:none
1052,9,8.9292610168457031e+01,-1.6666666666666666e-01,1487,1488,5.6888888888888683e-03,angle_between_wind_wave:0_m:degrees
1053,2,2.7484999084472656e+02,-1.2865853658536586e-01,1949,1950,6.1405413444377832e-04,water_sfc_temperature:0_m:K
1054,11,1.9130500030517578e+02,-1.0870192307692306e-01,1055,1056,9.1898807322486967e-04,wind_direction:18.4_m:degrees
1055,-2,-2.0000000000000000e+00,-1.3777777777777780e-01,-1,-1,6.9876543209876005e-04,wind_direction:18.4_m:degrees
1056,5,9.4150001525878906e+01,-1.0436464088397793e-01,1267,1268,8.0691676078263955e-04,relative_humidity:18.4_m:%
1057,-2,-2.0000000000000000e+00,-2.2666666666666668e-01,-1,-1,8.8888888888874473e-05,wind_direction:18.4_m:degrees
1058,-2,-2.0000000000000000e+00,-1.3400000000000001e-01,-1,-1,8.6400000000000365e-04,wind_direction:18.4_m:degrees
1059,11,2.9645999145507812e+02,-5.1730769230769247e-02,1221,1222,7.7456854043392353e-04,wind_direction:18.4_m:degrees
1060,4,5.4049844741821289e+00,-6.6037296037295981e-02,1063,1064,4.8313147613847189e-04,mixing_ratio:18.4_m:g_kg-1
1061,12,9.6100205555558205e-03,-8.6222222222222228e-02,1839,1840,6.7239506172839421e-04,bulk_richardson:18.4_m:none
1062,-2,-2.0000000000000000e+00,-6.9836734693877578e-02,-1,-1,3.5099375260307531e-04,wind_direction:18.4_m:degrees
1063,-2,-2.0000000000000000e+00,1.0000000000000000e-02,-1,-1,0.0000000000000000e+00,wind_direction:18.4_m:degrees
1064,5,6.4600002288818359e+01,-6.6752941176470570e-02,1065,1066,4.3275072664360377e-04,relative_humidity:18.4_m:%
1065,9,9.2042171478271484e+01,-9.3513513513513530e-02,1067,1068,1.0660336011687355e-03,angle_between_wind_wave:0_m:degrees
1066,-2,-2.0000000000000000e+00,-6.4201030927835037e-02,-1,-1,2.9755752471038663e-04,wind_direction:18.4_m:degrees
1067,-2,-2.0000000000000000e+00,-8.7428571428571453e-02,-1,-1,4.4195918367346577e-04,wind_direction:18.4_m:degrees
1068,-2,-2.0000000000000000e+00,-2.0000000000000001e-01,-1,-1,2.7755575615628914e-17,wind_direction:18.4_m:degrees
1069,-2,-2.0000000000000000e+00,-4.1000000000000003e-01,-1,-1,8.9999999999995639e-04,wind_direction:18.4_m:degrees
1070,-2,-2.0000000000000000e+00,-5.0571428571428567e-01,-1,-1,6.2448979591833709e-04,wind_direction:18.4_m:degrees
1071,-2,-2.0000000000000000e+00,-2.8875000000000001e-01,-1,-1,1.2609374999999479e-03,wind_direction:18.4_m:degrees
1072,-2,-2.0000000000000000e+00,-3.6499999999999999e-01,-1,-1,5.5000000000005045e-04,wind_direction:18.4_m:degrees
1073,10,8.3754596710205078e+00,-1.0622641509433961e-01,1557,1558,1.2687789248842958e-03,wind_speed:18.4_m:m_s-1
1074,-2,-2.0000000000000000e+00,-2.6000000000000001e-01,-1,-1,5.5511151231257827e-16,wind_direction:18.4_m:degrees
1075,6,2.1950000000000000e+02,-5.2500000000000002e-01,1833,1834,2.3416666666666308e-03,wave_direction:0_m:degrees
1076,-2,-2.0000000000000000e+00,-4.2666666666666669e-01,-1,-1,1.0888888888889448e-03,wind_direction:18.4_m:degrees
1077,-2,-2.0000000000000000e+00,-2.7190476190476193e-01,-1,-1,1.2154195011337687e-03,wind_direction:18.4_m:degrees
1078,-2,-2.0000000000000000e+00,-3.5499999999999998e-01,-1,-1,2.7500000000002522e-04,wind_direction:18.4_m:degrees
1079,-2,-2.0000000000000000e+00,-1.2615384615384614e-01,-1,-1,6.1982248520708882e-04,wind_direction:18.4_m:degrees
1080,0,1.2080901718139648e+02,-1.5970588235294117e-01,2019,2020,1.1616782006920248e-03,zenith:0_m:degrees
1081,-2,-2.0000000000000000e+00,-4.1476608187134438e-02,-1,-1,3.3276114872952652e-04,wind_direction:18.4_m:degrees
1082,5,8.5350002288818359e+01,-2.9306930693069277e-02,1885,1886,3.9654935790608286e-04,relative_humidity:18.4_m:%
1083,-2,-2.0000000000000000e+00,-3.0499999999999999e-01,-1,-1,7.5000000000005618e-05,wind_direction:18.4_m:degrees
1084,7,9.4999998807907104e-01,-2.2238095238095237e-01,1085,1086,2.5229024943310349e-03,wave_height:0_m:m
1085,6,1.8950000000000000e+02,-2.4923076923076928e-01,1803,1804,1.5609467455621612e-03,wave_direction:0_m:degrees
1086,-2,-2.0000000000000000e+00,-1.7875000000000002e-01,-1,-1,1.0109374999999962e-03,wind_direction:18.4_m:degrees
1087,-2,-2.0000000000000000e+00,-6.2500000000000000e-01,-1,-1,6.2499999999998668e-04,wind_direction:18.4_m:degrees
1088,-2,-2.0000000000000000e+00,-4.4000000000000000e-01,-1,-1,2.7755575615628914e-17,wind_direction:18.4_m:degrees
1089,8,3.8999999761581421e+00,-1.8600000000000000e-01,1811,1812,2.0039999999999988e-03,wave_period:0_m:s
1090,-2,-2.0000000000000000e+00,-8.6666666666666670e-02,-1,-1,2.2222222222242904e-05,wind_direction:18.4_m:degrees
1091,-2,-2.0000000000000000e+00,-1.8333333333333335e-01,-1,-1,8.8888888888881412e-05,wind_direction:18.4_m:degrees
1092,-2,-2.0000000000000000e+00,-2.8999999999999998e-01,-1,-1,5.9999999999997555e-04,wind_direction:18.4_m:degrees
1093,6,2.3150000000000000e+02,-1.6999999999999996e-01,1261,1262,1.7395348837209272e-03,wave_direction:0_m:degrees
1094,-2,-2.0000000000000000e+00,-8.0000000000000002e-02,-1,-1,-1.9862583799934441e-16,wind_direction:18.4_m:degrees
1095,12,-3.3011943101882935e-02,-1.1341296928327645e-01,1097,1098,1.7166792857226040e-03,bulk_richardson:18.4_m:none
1096,-2,-2.0000000000000000e+00,-2.2000000000000000e-01,-1,-1,1.3877787807814457e-15,wind_direction:18.4_m:degrees
1097,11,3.1302999877929688e+02,-1.1607407407407405e-01,1099,1100,1.5927352537722841e-03,wind_direction:18.4_m:degrees
1098,0,1.5995604705810547e+02,-8.2173913043478278e-02,1103,1104,2.1126654064272162e-03,zenith:0_m:degrees
1099,8,6.5000000000000000e+00,-1.2741935483870970e-01,1101,1102,1.5320499479708587e-03,wave_period:0_m:s
1100,6,1.6000000000000000e+02,-1.0643835616438348e-01,1409,1410,1.4421092137361716e-03,wave_direction:0_m:degrees
1101,10,8.8976683616638184e+00,-1.2540983606557382e-01,1959,1960,1.3067992475141038e-03,wind_speed:18.4_m:m_s-1
1102,-2,-2.0000000000000000e+00,-2.5000000000000000e-01,-1,-1,0.0000000000000000e+00,wind_direction:18.4_m:degrees
1103,6,2.0800000000000000e+02,-7.5454545454545469e-02,1855,1856,1.1702479338842955e-03,wave_direction:0_m:degrees
1104,-2,-2.0000000000000000e+00,-2.3000000000000001e-01,-1,-1,6.9388939039072284e-17,wind_direction:18.4_m:degrees
1105,-2,-2.0000000000000000e+00,-3.8500000000000001e-01,-1,-1,2.0249999999999990e-03,wind_direction:18.4_m:degrees
1106,11,3.0481500244140625e+02,-3.0634146341463414e-01,1195,1196,1.7744199881023354e-03,wind_direction:18.4_m:degrees
1107,-2,-2.0000000000000000e+00,5.6666666666666664e-02,-1,-1,5.5555555555555566e-04,wind_direction:18.4_m:degrees
1108,3,1.0097500000000000e+03,-3.1830985915492958e-02,1489,1490,1.2881967863519145e-03,pressure:18.4_m:hPa
1109,-2,-2.0000000000000000e+00,-1.1714285714285713e-01,-1,-1,8.4897959183673904e-04,wind_direction:18.4_m:degrees
1110,5,4.1600000381469727e+01,-5.9615384615384591e-02,1423,1424,7.6438198553583454e-04,relative_humidity:18.4_m:%
1111,7,2.1499999761581421e+00,-2.6333333333333336e-01,1819,1820,1.6650793650793555e-03,wave_height:0_m:m
1112,-2,-2.0000000000000000e+00,-1.5500000000000000e-01,-1,-1,6.2499999999998321e-04,wind_direction:18.4_m:degrees
1113,-2,-2.0000000000000000e+00,-6.4249999999999996e-01,-1,-1,2.6937499999998282e-03,wind_direction:18.4_m:degrees
1114,-2,-2.0000000000000000e+00,-5.6166666666666665e-01,-1,-1,1.4722222222240955e-04,wind_direction:18.4_m:degrees
1115,0,7.4127788543701172e+01,-1.2230769230769231e-01,1117,1118,3.1408284023668638e-03,zenith:0_m:degrees
1116,-2,-2.0000000000000000e+00,-7.3888888888888893e-02,-1,-1,7.5709876543209736e-04,wind_direction:18.4_m:degrees
1117,-2,-2.0000000000000000e+00,-2.0999999999999999e-01,-1,-1,8.0000000000000904e-04,wind_direction:18.4_m:degrees
1118,-2,-2.0000000000000000e+00,-9.6000000000000002e-02,-1,-1,8.4399999999999926e-04,wind_direction:18.4_m:degrees
1119,-2,-2.0000000000000000e+00,-1.9000000000000003e-01,-1,-1,-1.3877787807814457e-17,wind_direction:18.4_m:degrees
1120,2,2.8931001281738281e+02,-9.7222222222222252e-02,1493,1494,1.3533950617283901e-03,water_sfc_temperature:0_m:K
1121,-2,-2.0000000000000000e+00,-2.7416666666666558e-02,-1,-1,2.7782638888889592e-04,wind_direction:18.4_m:degrees
1122,12,3.2927447929978371e-02,-2.0304726368159165e-02,1989,1990,3.4959619656690065e-04,bulk_richardson:18.4_m:none
1123,8,5.5999999046325684e+00,-4.3111111111111111e-01,2023,2024,2.0987654320987481e-03,wave_period:0_m:s
1124,-2,-2.0000000000000000e+00,-5.2999999999999992e-01,-1,-1,1.8000000000000793e-03,wind_direction:18.4_m:degrees
1125,10,6.1408374309539795e+00,-1.4631578947368423e-02,1127,1128,6.2591689750692622e-04,wind_speed:18.4_m:m_s-1
1126,2,2.9375999450683594e+02,-5.9479553903345737e-04,1485,1486,3.8328934094332618e-04,water_sfc_temperature:0_m:K
1127,-2,-2.0000000000000000e+00,-9.2857142857142912e-03,-1,-1,3.3130797773654914e-04,wind_direction:18.4_m:degrees
1128,11,3.2049000549316406e+02,-3.7500000000000006e-02,1129,1130,1.2409722222222279e-03,wind_direction:18.4_m:degrees
1129,-2,-2.0000000000000000e+00,-2.9393939393939392e-02,-1,-1,2.2387511478420537e-04,wind_direction:18.4_m:degrees
1130,-2,-2.0000000000000000e+00,-1.2666666666666668e-01,-1,-1,3.7555555555555536e-03,wind_direction:18.4_m:degrees
1131,12,-3.3033926039934158e-02,-8.8879133743049524e-03,1133,1134,3.7459001194683420e-04,bulk_richardson:18.4_m:none
1132,11,1.4307500457763672e+02,-1.6091476091476056e-02,1561,1562,5.9927645540949770e-04,wind_direction:18.4_m:degrees
1133,-2,-2.0000000000000000e+00,-1.3567839195979852e-02,-1,-1,2.1361653926488169e-04,wind_direction:18.4_m:degrees
1134,2,2.9497999572753906e+02,-5.6669960474307734e-03,1849,1850,4.5993061034384534e-04,water_sfc_temperature:0_m:K
1135,-2,-2.0000000000000000e+00,-7.9000000000000004e-01,-1,-1,0.0000000000000000e+00,wind_direction:18.4_m:degrees
1136,-2,-2.0000000000000000e+00,-6.2799999999999989e-01,-1,-1,1.5760000000001884e-03,wind_direction:18.4_m:degrees
1137,0,1.4205256652832031e+02,-2.9692307692307690e-01,1139,1140,2.9443786982248782e-03,zenith:0_m:degrees
1138,-2,-2.0000000000000000e+00,-2.1750000000000000e-01,-1,-1,7.6875000000007493e-04,wind_direction:18.4_m:degrees
1139,-2,-2.0000000000000000e+00,-3.1944444444444442e-01,-1,-1,1.4719135802469391e-03,wind_direction:18.4_m:degrees
1140,9,8.9819240570068359e+01,-2.4625000000000002e-01,1625,1626,2.5484375000000212e-03,angle_between_wind_wave:0_m:degrees
1141,-2,-2.0000000000000000e+00,-1.2307692307692308e-01,-1,-1,5.4437869822485108e-04,wind_direction:18.4_m:degrees
1142,0,5.3156179428100586e+01,-1.6624999999999998e-01,1143,1144,2.3617708333333320e-03,zenith:0_m:degrees
1143,0,4.9421405792236328e+01,-2.8000000000000003e-01,1569,1570,8.0999999999999822e-03,zenith:0_m:degrees
1144,11,3.3865501403808594e+02,-1.6432203389830516e-01,1355,1356,2.0414895145073261e-03,wind_direction:18.4_m:degrees
1145,11,1.9133499908447266e+02,-5.4913043478260828e-02,1281,1282,4.9064461247637229e-04,wind_direction:18.4_m:degrees
1146,5,8.2850002288818359e+01,-4.6621093749999933e-02,1147,1148,3.8995018005370894e-04,relative_humidity:18.4_m:%
1147,-2,-2.0000000000000000e+00,-3.1818181818181794e-02,-1,-1,2.9929161747343754e-04,wind_direction:18.4_m:degrees
1148,10,8.5457029342651367e+00,-4.9241379310344800e-02,1655,1656,3.6034403487911378e-04,wind_speed:18.4_m:m_s-1
1149,3,1.0028500061035156e+03,-1.9035714285714281e-01,1153,1154,2.6891581632653289e-03,pressure:18.4_m:hPa
1150,4,3.6912449598312378e+00,-1.5895238095238101e-01,1151,1152,2.2093786848072366e-03,mixing_ratio:18.4_m:g_kg-1
1151,1,2.7731739807128906e+02,-1.9096774193548394e-01,1155,1156,2.2409989594172480e-03,azimuth:0_m:degrees
1152,7,1.5500000119209290e+00,-1.4554054054054053e-01,1157,1158,1.5868699780861896e-03,wave_height:0_m:m
1153,4,3.3798991441726685e+00,-1.6631578947368417e-01,1851,1852,1.5811634349030858e-03,mixing_ratio:18.4_m:g_kg-1
1154,-2,-2.0000000000000000e+00,-2.4111111111111111e-01,-1,-1,1.2320987654320728e-03,wind_direction:18.4_m:degrees
1155,7,1.1499999761581421e+00,-1.7479999999999996e-01,1705,1706,1.3849599999999837e-03,wave_height:0_m:m
1156,-2,-2.0000000000000000e+00,-2.5833333333333336e-01,-1,-1,1.8055555555550329e-04,wind_direction:18.4_m:degrees
1157,4,3.9986994266510010e+00,-1.4943661971830990e-01,1285,1286,1.2644713350525721e-03,mixing_ratio:18.4_m:g_kg-1
1158,-2,-2.0000000000000000e+00,-5.3333333333333337e-02,-1,-1,3.5555555555542026e-04,wind_direction:18.4_m:degrees
1159,-2,-2.0000000000000000e+00,-1.9000000000000003e-01,-1,-1,-1.3877787807814457e-17,wind_direction:18.4_m:degrees
1160,-2,-2.0000000000000000e+00,-9.2999999999999999e-02,-1,-1,1.5210000000000015e-03,wind_direction:18.4_m:degrees
1161,6,2.2050000000000000e+02,-5.2218750000000003e-01,1289,1290,3.0233398437499726e-03,wave_direction:0_m:degrees
1162,-2,-2.0000000000000000e+00,-4.7384615384615386e-01,-1,-1,5.3136094674585688e-04,wind_direction:18.4_m:degrees
1163,4,2.6764236688613892e+00,-1.6111111111111109e-01,1333,1334,1.4709876543209863e-03,mixing_ratio:18.4_m:g_kg-1
1164,-2,-2.0000000000000000e+00,-3.1000000000000000e-01,-1,-1,3.1918911957973251e-16,wind_direction:18.4_m:degrees
1165,4,4.4876773357391357e+00,-6.8042553191489344e-02,1167,1168,1.1034024445450577e-03,mixing_ratio:18.4_m:g_kg-1
1166,0,2.5742495536804199e+01,-8.4462809917355358e-02,1169,1170,9.8338911276552032e-04,zenith:0_m:degrees
1167,-2,-2.0000000000000000e+00,-3.4000000000000002e-01,-1,-1,0.0000000000000000e+00,wind_direction:18.4_m:degrees
1168,6,1.8450000000000000e+02,-6.6880341880341879e-02,1773,1774,7.9069508364380554e-04,wave_direction:0_m:degrees
1169,-2,-2.0000000000000000e+00,-1.3249999999999998e-01,-1,-1,6.6875000000000615e-04,wind_direction:18.4_m:degrees
1170,-2,-2.0000000000000000e+00,-7.9174311926605526e-02,-1,-1,7.3601548691187933e-04,wind_direction:18.4_m:degrees
1171,3,1.0075499877929688e+03,-1.0464285714285711e-01,1497,1498,9.0582482993198724e-04,pressure:18.4_m:hPa
1172,-2,-2.0000000000000000e+00,-1.3857142857142857e-01,-1,-1,5.0748299319717735e-04,wind_direction:18.4_m:degrees
1173,-2,-2.0000000000000000e+00,-2.6577464788732402e-01,-1,-1,1.7342590755802662e-03,wind_direction:18.4_m:degrees
1174,-2,-2.0000000000000000e+00,-1.9800000000000001e-01,-1,-1,1.5999999999564973e-05,wind_direction:18.4_m:degrees
1175,6,2.2250000000000000e+02,-2.7678113787801021e-03,1179,1180,2.7937151130424698e-04,wave_direction:0_m:degrees
1176,6,1.5300000000000000e+02,8.2051282051282069e-03,1177,1178,1.6383168967784021e-03,wave_direction:0_m:degrees
1177,-2,-2.0000000000000000e+00,4.4000000000000000e-01,-1,-1,0.0000000000000000e+00,wind_direction:18.4_m:degrees
1178,10,3.6854346990585327e+00,5.9793814432989702e-03,1181,1182,6.8074184291635619e-04,wind_speed:18.4_m:m_s-1
1179,-2,-2.0000000000000000e+00,-3.0789066529138646e-03,-1,-1,2.5287206151732987e-04,wind_direction:18.4_m:degrees
1180,2,2.9286999511718750e+02,4.7500000000000007e-02,1185,1186,2.0187499999999988e-03,water_sfc_temperature:0_m:K
1181,12,2.3440732061862946e-01,4.8958333333333336e-03,1183,1184,5.7394748263888892e-04,bulk_richardson:18.4_m:none
1182,-2,-2.0000000000000000e+00,1.1000000000000000e-01,-1,-1,5.7245874707234634e-17,wind_direction:18.4_m:degrees
1183,-2,-2.0000000000000000e+00,1.1000000000000000e-01,-1,-1,0.0000000000000000e+00,wind_direction:18.4_m:degrees
1184,-2,-2.0000000000000000e+00,3.7894736842105266e-03,-1,-1,4.6248199445983386e-04,wind_direction:18.4_m:degrees
1185,-2,-2.0000000000000000e+00,9.0000000000000011e-02,-1,-1,3.9999999999999931e-04,wind_direction:18.4_m:degrees
1186,-2,-2.0000000000000000e+00,5.0000000000000001e-03,-1,-1,2.4999999999999076e-05,wind_direction:18.4_m:degrees
1187,-2,-2.0000000000000000e+00,-3.7333333333333335e-01,-1,-1,5.5555555555555913e-04,wind_direction:18.4_m:degrees
1188,-2,-2.0000000000000000e+00,-2.3999999999999999e-01,-1,-1,-1.3877787807814457e-17,wind_direction:18.4_m:degrees
1189,-2,-2.0000000000000000e+00,-5.3333333333333333e-01,-1,-1,2.2222222222256782e-05,wind_direction:18.4_m:degrees
1190,-2,-2.0000000000000000e+00,-4.0000000000000002e-01,-1,-1,2.5000000000000577e-03,wind_direction:18.4_m:degrees
1191,9,9.0664989471435547e+01,-2.1000000000000002e-01,1193,1194,2.2470588235293937e-03,angle_between_wind_wave:0_m:degrees
1192,0,6.6394897460937500e+01,-2.7250000000000002e-01,1391,1392,3.7937499999999985e-03,zenith:0_m:degrees
1193,-2,-2.0000000000000000e+00,-2.3818181818181819e-01,-1,-1,1.1603305785123988e-03,wind_direction:18.4_m:degrees
1194,-2,-2.0000000000000000e+00,-1.5833333333333333e-01,-1,-1,1.1388888888888560e-04,wind_direction:18.4_m:degrees
1195,-2,-2.0000000000000000e+00,-3.0275000000000007e-01,-1,-1,1.2899374999999907e-03,wind_direction:18.4_m:degrees
1196,-2,-2.0000000000000000e+00,-4.5000000000000001e-01,-1,-1,3.3306690738754696e-16,wind_direction:18.4_m:degrees
1197,-2,-2.0000000000000000e+00,-1.1000000000000003e-01,-1,-1,5.9999999999999290e-04,wind_direction:18.4_m:degrees
1198,5,8.5200000762939453e+01,-7.7481840193704576e-02,1199,1200,9.9317460968875379e-04,relative_humidity:18.4_m:%
1199,-2,-2.0000000000000000e+00,-7.8877805486284258e-02,-1,-1,9.3664591638112100e-04,wind_direction:18.4_m:degrees
1200,-2,-2.0000000000000000e+00,-3.0833333333333334e-02,-1,-1,6.4097222222211567e-04,wind_direction:18.4_m:degrees
1201,-2,-2.0000000000000000e+00,-5.9999999999999998e-02,-1,-1,4.2857142857142920e-04,wind_direction:18.4_m:degrees
1202,5,7.8400001525878906e+01,-1.1621621621621624e-01,1203,1204,7.3568298027757405e-04,relative_humidity:18.4_m:%
1203,-2,-2.0000000000000000e+00,-1.0235294117647060e-01,-1,-1,7.8858131487888859e-04,wind_direction:18.4_m:degrees
1204,-2,-2.0000000000000000e+00,-1.2800000000000003e-01,-1,-1,3.8849999999998261e-04,wind_direction:18.4_m:degrees
1205,-2,-2.0000000000000000e+00,-4.5374999999999999e-01,-1,-1,1.2234374999999797e-03,wind_direction:18.4_m:degrees
1206,-2,-2.0000000000000000e+00,-3.6499999999999999e-01,-1,-1,2.2499999999997522e-04,wind_direction:18.4_m:degrees
1207,-2,-2.0000000000000000e+00,-1.9833333333333333e-01,-1,-1,4.8055555555555352e-04,wind_direction:18.4_m:degrees
1208,-2,-2.0000000000000000e+00,-1.4814814814814814e-01,-1,-1,1.4743484224965693e-03,wind_direction:18.4_m:degrees
1209,-2,-2.0000000000000000e+00,-4.8000000000000001e-02,-1,-1,4.4266666666666716e-04,wind_direction:18.4_m:degrees
1210,-2,-2.0000000000000000e+00,-1.1125000000000000e-01,-1,-1,6.0937500000003697e-05,wind_direction:18.4_m:degrees
1211,-2,-2.0000000000000000e+00,-4.1500000000000004e-01,-1,-1,1.2249999999999761e-03,wind_direction:18.4_m:degrees
1212,-2,-2.0000000000000000e+00,-2.9000000000000004e-01,-1,-1,4.5000000000006146e-04,wind_direction:18.4_m:degrees
1213,-2,-2.0000000000000000e+00,-4.8666666666666664e-01,-1,-1,1.0888888888889170e-03,wind_direction:18.4_m:degrees
1214,-2,-2.0000000000000000e+00,-3.2000000000000001e-01,-1,-1,0.0000000000000000e+00,wind_direction:18.4_m:degrees
1215,-2,-2.0000000000000000e+00,-5.4000000000000004e-01,-1,-1,0.0000000000000000e+00,wind_direction:18.4_m:degrees
1216,-2,-2.0000000000000000e+00,-3.8571428571428573e-01,-1,-1,1.3102040816325988e-03,wind_direction:18.4_m:degrees
1217,-2,-2.0000000000000000e+00,-2.1083333333333332e-01,-1,-1,2.0409722222222357e-03,wind_direction:18.4_m:degrees
1218,-2,-2.0000000000000000e+00,-1.5307692307692305e-01,-1,-1,9.1360946745559432e-04,wind_direction:18.4_m:degrees
1219,-2,-2.0000000000000000e+00,-2.4666666666666667e-01,-1,-1,2.2222222222208210e-05,wind_direction:18.4_m:degrees
1220,-2,-2.0000000000000000e+00,-1.1500000000000000e-01,-1,-1,2.0250000000000164e-03,wind_direction:18.4_m:degrees
1221,7,1.1500000357627869e+00,-4.8402777777777767e-02,1747,1748,5.2175443672839448e-04,wave_height:0_m:m
1222,12,8.8306032121181488e-03,-9.1666666666666674e-02,1223,1224,2.0805555555555438e-03,bulk_richardson:18.4_m:none
1223,-2,-2.0000000000000000e+00,-7.9090909090909101e-02,-1,-1,3.7190082644628000e-04,wind_direction:18.4_m:degrees
1224,-2,-2.0000000000000000e+00,-2.3000000000000001e-01,-1,-1,0.0000000000000000e+00,wind_direction:18.4_m:degrees
1225,-2,-2.0000000000000000e+00,-1.0000000000000002e-01,-1,-1,1.7999999999999960e-03,wind_direction:18.4_m:degrees
1226,4,1.5682429075241089e+00,-1.8666666666666668e-01,1711,1712,1.7555555555555519e-03,mixing_ratio:18.4_m:g_kg-1
1227,8,5.9000000953674316e+00,-2.4268292682926837e-01,1533,1534,1.4001189767995359e-03,wave_period:0_m:s
1228,-2,-2.0000000000000000e+00,-1.8000000000000002e-01,-1,-1,7.6666666666670713e-04,wind_direction:18.4_m:degrees
1229,9,8.8039844512939453e+01,-8.0000000000000002e-02,1231,1232,2.8199999999999987e-03,angle_between_wind_wave:0_m:degrees
1230,11,1.3155500030517578e+02,-3.4283387622149775e-02,1501,1502,1.1274180627911163e-03,wind_direction:18.4_m:degrees
1231,-2,-2.0000000000000000e+00,-3.4000000000000002e-02,-1,-1,5.4399999999999891e-04,wind_direction:18.4_m:degrees
1232,-2,-2.0000000000000000e+00,-1.2599999999999997e-01,-1,-1,8.6400000000000365e-04,wind_direction:18.4_m:degrees
1233,9,9.0331127166748047e+01,-1.6246913580246922e-01,1235,1236,1.2827922572778323e-03,angle_between_wind_wave:0_m:degrees
1234,5,9.6950000762939453e+01,-1.3898550724637682e-01,1965,1966,8.4679689140934947e-04,relative_humidity:18.4_m:%
1235,12,-1.1822518426924944e-02,-1.7014925373134332e-01,1647,1648,1.1775896636221674e-03,bulk_richardson:18.4_m:none
1236,-2,-2.0000000000000000e+00,-1.2571428571428572e-01,-1,-1,1.5306122448978388e-04,wind_direction:18.4_m:degrees
1237,-2,-2.0000000000000000e+00,-3.0000000000000004e-01,-1,-1,2.9999999999999888e-03,wind_direction:18.4_m:degrees
1238,-2,-2.0000000000000000e+00,-2.0749999999999999e-01,-1,-1,1.1187500000000572e-03,wind_direction:18.4_m:degrees
1239,-2,-2.0000000000000000e+00,-2.0888888888888890e-01,-1,-1,1.3654320987654400e-03,wind_direction:18.4_m:degrees
1240,4,3.5997428894042969e+00,-2.6684210526315794e-01,1241,1242,3.1058171745152324e-03,mixing_ratio:18.4_m:g_kg-1
1241,6,2.2850000000000000e+02,-2.5250000000000006e-01,1283,1284,2.2812499999999847e-03,wave_direction:0_m:degrees
1242,-2,-2.0000000000000000e+00,-3.4333333333333332e-01,-1,-1,5.5555555555569791e-04,wind_direction:18.4_m:degrees
1243,-2,-2.0000000000000000e+00,-2.9705882352941182e-01,-1,-1,1.3972318339100370e-03,wind_direction:18.4_m:degrees
1244,-2,-2.0000000000000000e+00,-1.9000000000000000e-01,-1,-1,1.5265566588595902e-16,wind_direction:18.4_m:degrees
1245,-2,-2.0000000000000000e+00,1.1000000000000001e-01,-1,-1,8.9999999999999802e-04,wind_direction:18.4_m:degrees
1246,-2,-2.0000000000000000e+00,-5.0000000000000003e-02,-1,-1,3.4694469519536142e-18,wind_direction:18.4_m:degrees
1247,-2,-2.0000000000000000e+00,-3.1000000000000000e-01,-1,-1,1.2400000000000050e-03,wind_direction:18.4_m:degrees
1248,-2,-2.0000000000000000e+00,-4.6000000000000002e-01,-1,-1,5.5511151231257827e-17,wind_direction:18.4_m:degrees
1249,-2,-2.0000000000000000e+00,-6.3750000000000001e-02,-1,-1,8.7343750000000008e-04,wind_direction:18.4_m:degrees
1250,-2,-2.0000000000000000e+00,-1.1718750000000000e-01,-1,-1,5.0771484375000155e-04,wind_direction:18.4_m:degrees
1251,-2,-2.0000000000000000e+00,-8.6219512195121972e-02,-1,-1,6.8448839976204250e-04,wind_direction:18.4_m:degrees
1252,10,1.0512449264526367e+01,-1.0429687499999993e-01,1633,1634,6.6434936523440853e-04,wind_speed:18.4_m:m_s-1
1253,-2,-2.0000000000000000e+00,-2.2000000000000000e-01,-1,-1,0.0000000000000000e+00,wind_direction:18.4_m:degrees
1254,-2,-2.0000000000000000e+00,-3.7600000000000000e-01,-1,-1,2.2240000000000038e-03,wind_direction:18.4_m:degrees
1255,11,2.6163999938964844e+02,-5.6571428571428561e-01,1257,1258,3.6244897959186173e-03,wind_direction:18.4_m:degrees
1256,-2,-2.0000000000000000e+00,-4.1999999999999998e-01,-1,-1,-7.2164496600635175e-16,wind_direction:18.4_m:degrees
1257,-2,-2.0000000000000000e+00,-6.3249999999999995e-01,-1,-1,2.0187500000000136e-03,wind_direction:18.4_m:degrees
1258,12,-4.0790862403810024e-03,-5.4999999999999993e-01,1731,1732,2.7058823529413911e-03,bulk_richardson:18.4_m:none
1259,-2,-2.0000000000000000e+00,-6.6666666666666663e-01,-1,-1,1.0888888888890835e-03,wind_direction:18.4_m:degrees
1260,-2,-2.0000000000000000e+00,-7.7500000000000002e-01,-1,-1,2.5000000000052758e-05,wind_direction:18.4_m:degrees
1261,-2,-2.0000000000000000e+00,-1.6307692307692306e-01,-1,-1,1.3289940828402486e-03,wind_direction:18.4_m:degrees
1262,-2,-2.0000000000000000e+00,-2.3749999999999999e-01,-1,-1,7.1875000000001799e-04,wind_direction:18.4_m:degrees
1263,-2,-2.0000000000000000e+00,-1.5699999999999997e-01,-1,-1,8.4100000000001188e-04,wind_direction:18.4_m:degrees
1264,11,2.5472000122070312e+02,-1.0950617283950614e-01,1717,1718,1.0046944063404860e-03,wind_direction:18.4_m:degrees
1265,-2,-2.0000000000000000e+00,-5.6000000000000005e-01,-1,-1,0.0000000000000000e+00,wind_direction:18.4_m:degrees
1266,-2,-2.0000000000000000e+00,-4.3750000000000000e-01,-1,-1,4.6875000000004552e-04,wind_direction:18.4_m:degrees
1267,12,1.0270100086927414e-02,-1.1014388489208631e-01,1911,1912,6.9782102375652751e-04,bulk_richardson:18.4_m:none
1268,-2,-2.0000000000000000e+00,-8.5238095238095266e-02,-1,-1,6.9160997732424945e-04,wind_direction:18.4_m:degrees
1269,-2,-2.0000000000000000e+00,-8.0000000000000002e-02,-1,-1,0.0000000000000000e+00,wind_direction:18.4_m:degrees
1270,-2,-2.0000000000000000e+00,-2.2888888888888889e-01,-1,-1,1.2987654320987668e-03,wind_direction:18.4_m:degrees
1271,0,6.8576656341552734e+01,-2.9384615384615381e-01,1273,1274,3.0390532544379012e-03,zenith:0_m:degrees
1272,-2,-2.0000000000000000e+00,-3.6800000000000005e-01,-1,-1,5.7599999999993767e-04,wind_direction:18.4_m:degrees
1273,-2,-2.0000000000000000e+00,-1.9000000000000000e-01,-1,-1,0.0000000000000000e+00,wind_direction:18.4_m:degrees
1274,-2,-2.0000000000000000e+00,-3.1272727272727274e-01,-1,-1,1.2743801652892600e-03,wind_direction:18.4_m:degrees
1275,-2,-2.0000000000000000e+00,-3.2000000000000001e-01,-1,-1,0.0000000000000000e+00,wind_direction:18.4_m:degrees
1276,3,1.0300499877929688e+03,-1.7736842105263159e-01,1579,1580,2.5246537396121926e-03,pressure:18.4_m:hPa
1277,-2,-2.0000000000000000e+00,-9.7857142857142851e-02,-1,-1,3.4540816326530076e-04,wind_direction:18.4_m:degrees
1278,-2,-2.0000000000000000e+00,-1.6285714285714284e-01,-1,-1,2.0489795918367387e-03,wind_direction:18.4_m:degrees
1279,-2,-2.0000000000000000e+00,-2.3999999999999999e-01,-1,-1,0.0000000000000000e+00,wind_direction:18.4_m:degrees
1280,-2,-2.0000000000000000e+00,-9.1249999999999998e-02,-1,-1,1.7109375000000041e-03,wind_direction:18.4_m:degrees
1281,11,1.1777999877929688e+02,-6.9358974358974326e-02,1799,1800,6.1881985535832112e-04,wind_direction:18.4_m:degrees
1282,-2,-2.0000000000000000e+00,-5.1963350785340291e-02,-1,-1,4.1316096049998736e-04,wind_direction:18.4_m:degrees
1283,-2,-2.0000000000000000e+00,-2.8750000000000003e-01,-1,-1,1.2187499999999907e-03,wind_direction:18.4_m:degrees
1284,-2,-2.0000000000000000e+00,-2.1750000000000000e-01,-1,-1,8.9374999999998483e-04,wind_direction:18.4_m:degrees
1285,-2,-2.0000000000000000e+00,-1.3351351351351354e-01,-1,-1,5.3089846603359553e-04,wind_direction:18.4_m:degrees
1286,1,3.1708537292480469e+02,-1.6676470588235293e-01,1287,1288,1.4865916955017072e-03,azimuth:0_m:degrees
1287,-2,-2.0000000000000000e+00,-1.7964285714285716e-01,-1,-1,7.8201530612245079e-04,wind_direction:18.4_m:degrees
1288,-2,-2.0000000000000000e+00,-1.0666666666666667e-01,-1,-1,3.8888888888888654e-04,wind_direction:18.4_m:degrees
1289,3,1.0069500122070312e+03,-5.8750000000000002e-01,1783,1784,4.3687499999999213e-03,pressure:18.4_m:hPa
1290,11,2.9071000671386719e+02,-5.1285714285714290e-01,1291,1292,2.1346938775509972e-03,wind_direction:18.4_m:degrees
1291,5,3.5500000000000000e+01,-5.0000000000000011e-01,1457,1458,1.6173913043478483e-03,relative_humidity:18.4_m:%
1292,-2,-2.0000000000000000e+00,-5.7200000000000006e-01,-1,-1,2.5599999999970091e-04,wind_direction:18.4_m:degrees
1293,1,1.0958640289306641e+02,-1.7696969696969700e-01,1295,1296,1.8271808999081735e-03,azimuth:0_m:degrees
1294,-2,-2.0000000000000000e+00,-1.1000000000000001e-01,-1,-1,4.4000000000004973e-04,wind_direction:18.4_m:degrees
1295,-2,-2.0000000000000000e+00,-1.9000000000000000e-01,-1,-1,9.9259259259257965e-04,wind_direction:18.4_m:degrees
1296,-2,-2.0000000000000000e+00,-1.1833333333333333e-01,-1,-1,1.3805555555555637e-03,wind_direction:18.4_m:degrees
1297,-2,-2.0000000000000000e+00,-2.2368421052631579e-01,-1,-1,3.7063711911354547e-04,wind_direction:18.4_m:degrees
1298,-2,-2.0000000000000000e+00,-1.6499999999999998e-01,-1,-1,4.7499999999998932e-04,wind_direction:18.4_m:degrees
1299,12,-4.3179415166378021e-02,-2.3333333333333334e-01,1301,1302,3.2222222222222374e-03,bulk_richardson:18.4_m:none
1300,3,1.0083500061035156e+03,-2.7736842105263165e-01,1937,1938,1.1457063711911020e-03,pressure:18.4_m:hPa
1301,12,-5.0572533160448074e-02,-2.5923076923076926e-01,1481,1482,2.9147928994082556e-03,bulk_richardson:18.4_m:none
1302,-2,-2.0000000000000000e+00,-1.9124999999999998e-01,-1,-1,8.6093750000001967e-04,wind_direction:18.4_m:degrees
1303,6,2.3450000000000000e+02,-4.7249999999999998e-01,1985,1986,2.5437500000000668e-03,wave_direction:0_m:degrees
1304,-2,-2.0000000000000000e+00,-6.2000000000000000e-01,-1,-1,-2.7755575615628914e-16,wind_direction:18.4_m:degrees
1305,-2,-2.0000000000000000e+00,-1.8333333333333332e-01,-1,-1,1.2444444444444508e-03,wind_direction:18.4_m:degrees
1306,11,3.1905500793457031e+02,-1.3390624999999998e-01,1307,1308,1.4581787109374904e-03,wind_direction:18.4_m:degrees
1307,2,2.8489500427246094e+02,-1.4645833333333333e-01,1529,1530,8.4787326388888890e-04,water_sfc_temperature:0_m:K
1308,0,6.2169189453125000e+01,-9.6250000000000002e-02,1781,1782,1.3984375000000125e-03,zenith:0_m:degrees
1309,1,7.5975635528564453e+01,-1.0582857142857141e-01,1311,1312,1.5625991836734736e-03,azimuth:0_m:degrees
1310,-2,-2.0000000000000000e+00,-4.8333333333333339e-02,-1,-1,1.4722222222235317e-04,wind_direction:18.4_m:degrees
1311,0,8.4404285430908203e+01,-1.4038461538461539e-01,1675,1676,1.3113905325443792e-03,zenith:0_m:degrees
1312,11,3.3923500061035156e+02,-9.9798657718120812e-02,1313,1314,1.3617044277284829e-03,wind_direction:18.4_m:degrees
1313,-2,-2.0000000000000000e+00,-9.4274193548387078e-02,-1,-1,1.1276990114464022e-03,wind_direction:18.4_m:degrees
1314,6,1.7700000000000000e+02,-1.2720000000000001e-01,1559,1560,1.6201599999999886e-03,wave_direction:0_m:degrees
1315,-2,-2.0000000000000000e+00,-2.2000000000000000e-01,-1,-1,2.6666666666667199e-04,wind_direction:18.4_m:degrees
1316,3,1.0005999755859375e+03,-1.3738095238095235e-01,2021,2022,1.3621882086167804e-03,pressure:18.4_m:hPa
1317,-2,-2.0000000000000000e+00,-3.5999999999999999e-01,-1,-1,0.0000000000000000e+00,wind_direction:18.4_m:degrees
1318,-2,-2.0000000000000000e+00,-2.5750000000000001e-01,-1,-1,3.8875000000002102e-04,wind_direction:18.4_m:degrees
1319,-2,-2.0000000000000000e+00,-2.2666666666666666e-01,-1,-1,3.5555555555556034e-04,wind_direction:18.4_m:degrees
1320,-2,-2.0000000000000000e+00,-1.3750000000000001e-01,-1,-1,5.5208333333332804e-04,wind_direction:18.4_m:degrees
1321,-2,-2.0000000000000000e+00,-7.0000000000000007e-02,-1,-1,9.9999999999999395e-05,wind_direction:18.4_m:degrees
1322,-2,-2.0000000000000000e+00,-1.7428571428571429e-01,-1,-1,6.5306122448981554e-04,wind_direction:18.4_m:degrees
1323,-2,-2.0000000000000000e+00,-1.0384615384615385e-01,-1,-1,5.6213017751479376e-04,wind_direction:18.4_m:degrees
1324,-2,-2.0000000000000000e+00,-2.5000000000000001e-02,-1,-1,2.2499999999999549e-04,wind_direction:18.4_m:degrees
1325,-2,-2.0000000000000000e+00,-1.3000000000000000e-01,-1,-1,3.4999999999999615e-04,wind_direction:18.4_m:degrees
1326,-2,-2.0000000000000000e+00,-5.9690721649484510e-02,-1,-1,1.0380486767988103e-03,wind_direction:18.4_m:degrees
1327,-2,-2.0000000000000000e+00,-4.4000000000000000e-01,-1,-1,0.0000000000000000e+00,wind_direction:18.4_m:degrees
1328,10,1.3272103309631348e+01,-2.9904761904761901e-01,1823,1824,2.9609977324263209e-03,wind_speed:18.4_m:m_s-1
1329,-2,-2.0000000000000000e+00,-1.9625000000000001e-01,-1,-1,7.2343750000000012e-04,wind_direction:18.4_m:degrees
1330,-2,-2.0000000000000000e+00,-1.0333333333333333e-01,-1,-1,8.8888888888884882e-05,wind_direction:18.4_m:degrees
1331,-2,-2.0000000000000000e+00,-1.3857142857142857e-01,-1,-1,3.6938775510203872e-04,wind_direction:18.4_m:degrees
1332,-2,-2.0000000000000000e+00,-9.3076923076923071e-02,-1,-1,3.6745562130177656e-04,wind_direction:18.4_m:degrees
1333,-2,-2.0000000000000000e+00,-1.1000000000000000e-01,-1,-1,0.0000000000000000e+00,wind_direction:18.4_m:degrees
1334,6,2.2750000000000000e+02,-1.7133333333333337e-01,1875,1876,1.1382222222222314e-03,wave_direction:0_m:degrees
1335,-2,-2.0000000000000000e+00,-1.6326530612244892e-03,-1,-1,2.5855893377759262e-04,wind_direction:18.4_m:degrees
1336,-2,-2.0000000000000000e+00,-2.0630630630630638e-02,-1,-1,5.1942212482753011e-04,wind_direction:18.4_m:degrees
1337,-2,-2.0000000000000000e+00,-3.7250000000000000e-01,-1,-1,1.3687499999999742e-03,wind_direction:18.4_m:degrees
1338,-2,-2.0000000000000000e+00,-2.3000000000000001e-01,-1,-1,-2.4980018054066022e-16,wind_direction:18.4_m:degrees
1339,1,2.8113337707519531e+02,-8.4615384615384592e-02,1967,1968,5.7151873767257756e-04,azimuth:0_m:degrees
1340,-2,-2.0000000000000000e+00,-5.0000000000000003e-02,-1,-1,1.6470588235296567e-04,wind_direction:18.4_m:degrees
1341,-2,-2.0000000000000000e+00,-2.0000000000000001e-01,-1,-1,0.0000000000000000e+00,wind_direction:18.4_m:degrees
1342,-2,-2.0000000000000000e+00,-8.8333333333333333e-02,-1,-1,8.8055555555555717e-04,wind_direction:18.4_m:degrees
1343,-2,-2.0000000000000000e+00,-1.6000000000000000e-01,-1,-1,-3.4694469519536142e-18,wind_direction:18.4_m:degrees
1344,-2,-2.0000000000000000e+00,-2.5666666666666665e-01,-1,-1,1.3555555555555543e-03,wind_direction:18.4_m:degrees
1345,1,2.1184164428710938e+02,3.7333333333333336e-02,1347,1348,2.4062222222222224e-03,azimuth:0_m:degrees
1346,-2,-2.0000000000000000e+00,-6.6666666666666662e-03,-1,-1,5.2592592592592632e-04,wind_direction:18.4_m:degrees
1347,-2,-2.0000000000000000e+00,2.1538461538461541e-02,-1,-1,9.0532544378698222e-04,wind_direction:18.4_m:degrees
1348,-2,-2.0000000000000000e+00,1.4000000000000001e-01,-1,-1,3.4694469519536142e-18,wind_direction:18.4_m:degrees
1349,-2,-2.0000000000000000e+00,-1.0428571428571430e-01,-1,-1,7.1591836734693701e-04,wind_direction:18.4_m:degrees
1350,10,1.0286420345306396e+01,-7.9246231155778890e-02,1971,1972,6.3209514911239523e-04,wind_speed:18.4_m:m_s-1
1351,-2,-2.0000000000000000e+00,-3.5642857142857143e-01,-1,-1,5.5153061224491595e-04,wind_direction:18.4_m:degrees
1352,-2,-2.0000000000000000e+00,-4.4333333333333336e-01,-1,-1,3.5555555555547014e-04,wind_direction:18.4_m:degrees
1353,-2,-2.0000000000000000e+00,-1.4904761904761904e-01,-1,-1,6.8480725623584066e-04,wind_direction:18.4_m:degrees
1354,-2,-2.0000000000000000e+00,-2.3333333333333331e-01,-1,-1,8.8888888888853657e-05,wind_direction:18.4_m:degrees
1355,9,9.0222911834716797e+01,-1.6267241379310346e-01,1357,1358,1.9161340665873744e-03,angle_between_wind_wave:0_m:degrees
1356,-2,-2.0000000000000000e+00,-2.6000000000000001e-01,-1,-1,2.2204460492503131e-16,wind_direction:18.4_m:degrees
1357,12,-2.3863955400884151e-02,-1.5345679012345678e-01,1361,1362,1.4917543057460653e-03,bulk_richardson:18.4_m:none
1358,3,1.0107500000000000e+03,-1.8400000000000002e-01,1359,1360,2.2468571428571546e-03,pressure:18.4_m:hPa
1359,11,3.1467500305175781e+02,-1.6519999999999999e-01,1363,1364,1.4329600000000074e-03,wind_direction:18.4_m:degrees
1360,-2,-2.0000000000000000e+00,-2.3100000000000001e-01,-1,-1,1.1889999999999817e-03,wind_direction:18.4_m:degrees
1361,3,1.0108000183105469e+03,-1.3033333333333336e-01,1607,1608,1.7498888888888807e-03,pressure:18.4_m:hPa
1362,-2,-2.0000000000000000e+00,-1.6705882352941176e-01,-1,-1,8.4036908881198955e-04,wind_direction:18.4_m:degrees
1363,-2,-2.0000000000000000e+00,-1.8529411764705880e-01,-1,-1,5.8961937716262014e-04,wind_direction:18.4_m:degrees
1364,-2,-2.0000000000000000e+00,-1.2250000000000000e-01,-1,-1,5.4375000000003552e-04,wind_direction:18.4_m:degrees
1365,-2,-2.0000000000000000e+00,-1.9384615384615383e-01,-1,-1,5.4674556213017700e-04,wind_direction:18.4_m:degrees
1366,11,2.0227999877929688e+02,-1.5363636363636360e-01,1601,1602,1.1483930211202836e-03,wind_direction:18.4_m:degrees
1367,-2,-2.0000000000000000e+00,-1.0285714285714286e-01,-1,-1,2.3469387755101906e-04,wind_direction:18.4_m:degrees
1368,-2,-2.0000000000000000e+00,-1.4253333333333337e-01,-1,-1,1.2802488888889012e-03,wind_direction:18.4_m:degrees
1369,-2,-2.0000000000000000e+00,-3.1818181818181824e-03,-1,-1,7.2472451790633614e-04,wind_direction:18.4_m:degrees
1370,-2,-2.0000000000000000e+00,-2.3402777777777783e-02,-1,-1,4.6272665895061836e-04,wind_direction:18.4_m:degrees
1371,-2,-2.0000000000000000e+00,4.8000000000000001e-02,-1,-1,1.2160000000000009e-03,wind_direction:18.4_m:degrees
1372,-2,-2.0000000000000000e+00,-2.1176470588235293e-02,-1,-1,4.9273356401384049e-04,wind_direction:18.4_m:degrees
1373,-2,-2.0000000000000000e+00,-1.4857142857142855e-01,-1,-1,7.8367346938776686e-04,wind_direction:18.4_m:degrees
1374,11,1.8750500488281250e+02,-1.8927272727272737e-01,1375,1376,1.5158347107437839e-03,wind_direction:18.4_m:degrees
1375,-2,-2.0000000000000000e+00,-2.2428571428571425e-01,-1,-1,4.6734693877552302e-04,wind_direction:18.4_m:degrees
1376,12,-4.8443016130477190e-03,-1.7731707317073175e-01,1377,1378,1.3123140987506901e-03,bulk_richardson:18.4_m:none
1377,-2,-2.0000000000000000e+00,-2.0785714285714282e-01,-1,-1,2.7397959183674686e-04,wind_direction:18.4_m:degrees
1378,-2,-2.0000000000000000e+00,-1.6148148148148145e-01,-1,-1,1.1163237311385341e-03,wind_direction:18.4_m:degrees
1379,-2,-2.0000000000000000e+00,-6.2500000000000000e-02,-1,-1,5.1875000000000011e-04,wind_direction:18.4_m:degrees
1380,-2,-2.0000000000000000e+00,-1.3482758620689655e-01,-1,-1,1.3491082045184281e-03,wind_direction:18.4_m:degrees
1381,4,2.9273748397827148e+00,-3.7692307692307692e-02,1475,1476,2.8023668639053255e-03,mixing_ratio:18.4_m:g_kg-1
1382,12,-8.3438206464052200e-02,-8.0714285714285711e-02,1383,1384,2.0923469387755141e-03,bulk_richardson:18.4_m:none
1383,12,-9.3285541981458664e-02,-1.1062499999999999e-01,1385,1386,2.3683593750000020e-03,bulk_richardson:18.4_m:none
1384,4,1.4373810291290283e+00,-6.2307692307692300e-02,1927,1928,1.0331360946745595e-03,mixing_ratio:18.4_m:g_kg-1
1385,-2,-2.0000000000000000e+00,-9.1538461538461541e-02,-1,-1,9.6686390532544839e-04,wind_direction:18.4_m:degrees
1386,-2,-2.0000000000000000e+00,-1.9333333333333336e-01,-1,-1,2.2222222222208210e-05,wind_direction:18.4_m:degrees
1387,-2,-2.0000000000000000e+00,-6.3934426229508193e-02,-1,-1,3.5829078204783690e-04,wind_direction:18.4_m:degrees
1388,2,2.7381500244140625e+02,-8.5495495495495469e-02,1945,1946,9.2745718691664408e-04,water_sfc_temperature:0_m:K
1389,-2,-2.0000000000000000e+00,-1.9800000000000001e-01,-1,-1,9.6000000000005803e-05,wind_direction:18.4_m:degrees
1390,-2,-2.0000000000000000e+00,-2.9666666666666663e-01,-1,-1,2.2222222222187393e-05,wind_direction:18.4_m:degrees
1391,-2,-2.0000000000000000e+00,-1.9000000000000000e-01,-1,-1,0.0000000000000000e+00,wind_direction:18.4_m:degrees
1392,-2,-2.0000000000000000e+00,-2.9999999999999999e-01,-1,-1,2.0333333333333314e-03,wind_direction:18.4_m:degrees
1393,8,4.1499998569488525e+00,-3.0874074074074085e-02,1541,1542,3.8516192043895332e-04,wave_period:0_m:s
1394,9,9.2043174743652344e+01,-4.3412698412698396e-02,1395,1396,4.0343285462333153e-04,angle_between_wind_wave:0_m:degrees
1395,-2,-2.0000000000000000e+00,-4.1065573770491796e-02,-1,-1,2.3574979844128026e-04,wind_direction:18.4_m:degrees
1396,-2,-2.0000000000000000e+00,-1.1500000000000000e-01,-1,-1,2.2500000000003420e-04,wind_direction:18.4_m:degrees
1397,-2,-2.0000000000000000e+00,-7.6666666666666661e-02,-1,-1,5.5555555555555566e-04,wind_direction:18.4_m:degrees
1398,5,5.2450000762939453e+01,-1.5648148148148147e-01,1993,1994,2.1524348422496432e-03,relative_humidity:18.4_m:%
1399,-2,-2.0000000000000000e+00,-1.6818181818181818e-01,-1,-1,1.0209366391184492e-03,wind_direction:18.4_m:degrees
1400,-2,-2.0000000000000000e+00,-1.2947368421052632e-01,-1,-1,5.3130193905814513e-04,wind_direction:18.4_m:degrees
1401,4,1.3612048029899597e+00,-3.0750000000000000e-01,1651,1652,1.6187500000000160e-03,mixing_ratio:18.4_m:g_kg-1
1402,-2,-2.0000000000000000e+00,-2.0999999999999999e-01,-1,-1,2.6367796834847468e-16,wind_direction:18.4_m:degrees
1403,-2,-2.0000000000000000e+00,-5.2000000000000002e-01,-1,-1,0.0000000000000000e+00,wind_direction:18.4_m:degrees
1404,-2,-2.0000000000000000e+00,-6.7000000000000004e-01,-1,-1,1.2499999999999734e-03,wind_direction:18.4_m:degrees
1405,-2,-2.0000000000000000e+00,-1.7888888888888890e-01,-1,-1,1.3432098765432110e-03,wind_direction:18.4_m:degrees
1406,6,2.5250000000000000e+02,-2.2765957446808510e-01,1925,1926,2.5243096423720607e-03,wave_direction:0_m:degrees
1407,12,-4.5957077294588089e-02,-5.5806451612903228e-02,1905,1906,1.2178980228928220e-03,bulk_richardson:18.4_m:none
1408,-2,-2.0000000000000000e+00,-1.1799999999999999e-01,-1,-1,9.7600000000000985e-04,wind_direction:18.4_m:degrees
1409,-2,-2.0000000000000000e+00,-2.9999999999999999e-02,-1,-1,-1.0842021724855044e-19,wind_direction:18.4_m:degrees
1410,10,8.8785705566406250e+00,-1.0804195804195804e-01,1757,1758,1.3472150227395122e-03,wind_speed:18.4_m:m_s-1
1411,-2,-2.0000000000000000e+00,-9.3333333333333338e-02,-1,-1,9.7979797979797986e-04,wind_direction:18.4_m:degrees
1412,5,9.3549999237060547e+01,-1.2555555555555556e-01,1413,1414,1.8358024691358076e-03,relative_humidity:18.4_m:%
1413,-2,-2.0000000000000000e+00,-1.1466666666666668e-01,-1,-1,1.1515555555555515e-03,wind_direction:18.4_m:degrees
1414,-2,-2.0000000000000000e+00,-1.8000000000000002e-01,-1,-1,1.7000000000000209e-03,wind_direction:18.4_m:degrees
1415,5,4.2250000000000000e+01,-2.2295774647887337e-01,1417,1418,2.4011108906962786e-03,relative_humidity:18.4_m:%
1416,-2,-2.0000000000000000e+00,-1.6999999999999998e-01,-1,-1,8.5714285714261554e-04,wind_direction:18.4_m:degrees
1417,4,1.1377849578857422e+00,-1.8615384615384614e-01,1463,1464,2.1159763313609511e-03,mixing_ratio:18.4_m:g_kg-1
1418,10,1.0499468326568604e+01,-2.3120689655172424e-01,1645,1646,2.0933709869202510e-03,wind_speed:18.4_m:m_s-1
1419,-2,-2.0000000000000000e+00,-1.9727272727272727e-01,-1,-1,6.9256198347108361e-04,wind_direction:18.4_m:degrees
1420,-2,-2.0000000000000000e+00,-2.9999999999999999e-01,-1,-1,-2.7755575615628914e-17,wind_direction:18.4_m:degrees
1421,0,8.6387722015380859e+01,-1.1636363636363628e-01,2017,2018,8.2086776859502039e-04,zenith:0_m:degrees
1422,10,1.0547665596008301e+01,-1.3881355932203393e-01,1787,1788,9.7655846021262038e-04,wind_speed:18.4_m:m_s-1
1423,-2,-2.0000000000000000e+00,-1.1333333333333334e-01,-1,-1,5.5555555555555393e-04,wind_direction:18.4_m:degrees
1424,-2,-2.0000000000000000e+00,-5.8201754385964893e-02,-1,-1,6.9194175130809967e-04,wind_direction:18.4_m:degrees
1425,11,3.1847000122070312e+02,-3.1025641025641031e-02,1427,1428,1.6297172912557525e-03,wind_direction:18.4_m:degrees
1426,-2,-2.0000000000000000e+00,-5.4651162790697635e-02,-1,-1,8.6325040562466480e-04,wind_direction:18.4_m:degrees
1427,-2,-2.0000000000000000e+00,-7.1000000000000008e-02,-1,-1,7.6899999999999885e-04,wind_direction:18.4_m:degrees
1428,-2,-2.0000000000000000e+00,-1.7241379310344827e-02,-1,-1,1.1854934601664687e-03,wind_direction:18.4_m:degrees
1429,10,6.0979750156402588e+00,-9.0123456790123443e-02,1431,1432,1.1543057460752949e-03,wind_speed:18.4_m:m_s-1
1430,3,1.0296000366210938e+03,-7.1353383458646585e-02,1609,1610,5.4553677426649478e-04,pressure:18.4_m:hPa
1431,-2,-2.0000000000000000e+00,-6.1739130434782623e-02,-1,-1,2.8393194706994272e-04,wind_direction:18.4_m:degrees
1432,9,8.9084224700927734e+01,-1.0137931034482758e-01,1715,1716,1.0532699167657544e-03,angle_between_wind_wave:0_m:degrees
1433,-2,-2.0000000000000000e+00,-4.2857142857142864e-02,-1,-1,4.6326530612244838e-04,wind_direction:18.4_m:degrees
1434,11,2.7440000915527344e+02,-8.0784313725490178e-02,1435,1436,1.2386005382545211e-03,wind_direction:18.4_m:degrees
1435,6,1.8100000000000000e+02,-4.9565217391304352e-02,1877,1878,8.3894139886578388e-04,wave_direction:0_m:degrees
1436,-2,-2.0000000000000000e+00,-8.9873417721519022e-02,-1,-1,9.8859157186348932e-04,wind_direction:18.4_m:degrees
1437,-2,-2.0000000000000000e+00,-4.6999999999999997e-01,-1,-1,0.0000000000000000e+00,wind_direction:18.4_m:degrees
1438,-2,-2.0000000000000000e+00,-3.7000000000000000e-01,-1,-1,1.9999999999992246e-04,wind_direction:18.4_m:degrees
1439,0,7.0279506683349609e+01,-4.3529411764705879e-02,1743,1744,1.2228373702422145e-03,zenith:0_m:degrees
1440,-2,-2.0000000000000000e+00,-1.2666666666666668e-01,-1,-1,8.8888888888884882e-05,wind_direction:18.4_m:degrees
1441,-2,-2.0000000000000000e+00,5.0000000000000003e-02,-1,-1,0.0000000000000000e+00,wind_direction:18.4_m:degrees
1442,12,-2.6560360938310623e-01,-4.4941176470588234e-02,1443,1444,1.3449965397923876e-03,bulk_richardson:18.4_m:none
1443,-2,-2.0000000000000000e+00,5.0000000000000003e-02,-1,-1,0.0000000000000000e+00,wind_direction:18.4_m:degrees
1444,8,6.7999999523162842e+00,-4.7228915662650604e-02,1445,1446,1.1549716940049358e-03,wave_period:0_m:s
1445,8,6.6499998569488525e+00,-5.8846153846153840e-02,1471,1472,9.2174556213017646e-04,wave_period:0_m:s
1446,11,3.4488000488281250e+02,-2.7741935483870973e-02,1545,1546,9.4006243496358140e-04,wind_direction:18.4_m:degrees
1447,-2,-2.0000000000000000e+00,-6.6399999999999992e-01,-1,-1,1.6040000000001053e-03,wind_direction:18.4_m:degrees
1448,-2,-2.0000000000000000e+00,-7.4250000000000005e-01,-1,-1,9.1875000000007923e-04,wind_direction:18.4_m:degrees
1449,0,7.9184860229492188e+01,-6.8437499999999984e-02,1451,1452,1.3288085937500013e-03,zenith:0_m:degrees
1450,-2,-2.0000000000000000e+00,-1.5714285714285715e-02,-1,-1,5.3061224489801123e-05,wind_direction:18.4_m:degrees
1451,-2,-2.0000000000000000e+00,-3.6999999999999998e-02,-1,-1,4.4100000000000042e-04,wind_direction:18.4_m:degrees
1452,-2,-2.0000000000000000e+00,-8.2727272727272733e-02,-1,-1,1.0789256198347153e-03,wind_direction:18.4_m:degrees
1453,-2,-2.0000000000000000e+00,-2.3269230769230778e-02,-1,-1,3.2200443786982230e-04,wind_direction:18.4_m:degrees
1454,-2,-2.0000000000000000e+00,-4.7536231884057978e-02,-1,-1,6.8523419449695831e-04,wind_direction:18.4_m:degrees
1455,-2,-2.0000000000000000e+00,-5.6666666666666685e-02,-1,-1,5.0031746031745832e-04,wind_direction:18.4_m:degrees
1456,-2,-2.0000000000000000e+00,-3.9722222222222207e-02,-1,-1,5.9158950617285342e-04,wind_direction:18.4_m:degrees
1457,-2,-2.0000000000000000e+00,-5.6000000000000005e-01,-1,-1,0.0000000000000000e+00,wind_direction:18.4_m:degrees
1458,9,8.7306373596191406e+01,-4.8736842105263156e-01,1777,1778,1.0404432132962993e-03,angle_between_wind_wave:0_m:degrees
1459,9,9.0308300018310547e+01,-4.2258064516128999e-02,1621,1622,6.8307318765175522e-04,angle_between_wind_wave:0_m:degrees
1460,-2,-2.0000000000000000e+00,-1.0200000000000001e-01,-1,-1,8.5600000000001300e-04,wind_direction:18.4_m:degrees
1461,7,8.4999999403953552e-01,-5.2574850299401205e-02,1629,1630,7.7480727168417881e-04,wave_height:0_m:m
1462,-2,-2.0000000000000000e+00,-7.2063492063492066e-02,-1,-1,8.8621819098010177e-04,wind_direction:18.4_m:degrees
1463,-2,-2.0000000000000000e+00,-2.1500000000000000e-01,-1,-1,3.7500000000001421e-04,wind_direction:18.4_m:degrees
1464,-2,-2.0000000000000000e+00,-1.3999999999999999e-01,-1,-1,1.4399999999999830e-03,wind_direction:18.4_m:degrees
1465,5,7.1950000762939453e+01,-4.5483870967741938e-02,1467,1468,1.4602497398543187e-03,relative_humidity:18.4_m:%
1466,-2,-2.0000000000000000e+00,-2.6862745098039192e-02,-1,-1,4.2466743560169533e-04,wind_direction:18.4_m:degrees
1467,-2,-2.0000000000000000e+00,-4.1186440677966119e-02,-1,-1,6.5452456190749804e-04,wind_direction:18.4_m:degrees
1468,8,6.5000000000000000e+00,-1.3000000000000000e-01,1469,1470,9.7999999999999927e-03,wave_period:0_m:s
1469,-2,-2.0000000000000000e+00,-5.9999999999999998e-02,-1,-1,0.0000000000000000e+00,wind_direction:18.4_m:degrees
1470,-2,-2.0000000000000000e+00,-2.7000000000000002e-01,-1,-1,0.0000000000000000e+00,wind_direction:18.4_m:degrees
1471,-2,-2.0000000000000000e+00,-5.5200000000000006e-02,-1,-1,6.1296000000000007e-04,wind_direction:18.4_m:degrees
1472,-2,-2.0000000000000000e+00,-1.4999999999999999e-01,-1,-1,3.1225022567582528e-17,wind_direction:18.4_m:degrees
1473,-2,-2.0000000000000000e+00,-8.0000000000000002e-02,-1,-1,0.0000000000000000e+00,wind_direction:18.4_m:degrees
1474,-2,-2.0000000000000000e+00,-2.0000000000000004e-01,-1,-1,-6.9388939039072284e-18,wind_direction:18.4_m:degrees
1475,2,2.8427999877929688e+02,-7.1428571428571425e-02,2003,2004,2.1836734693877558e-03,water_sfc_temperature:0_m:K
1476,-2,-2.0000000000000000e+00,1.6666666666666659e-03,-1,-1,6.4722222222222123e-04,wind_direction:18.4_m:degrees
1477,-2,-2.0000000000000000e+00,-2.0500000000000002e-01,-1,-1,1.2249999999999969e-03,wind_direction:18.4_m:degrees
1478,-2,-2.0000000000000000e+00,-1.0818181818181820e-01,-1,-1,6.8760330578512482e-04,wind_direction:18.4_m:degrees
1479,-2,-2.0000000000000000e+00,-7.6562499999999992e-02,-1,-1,1.6630859374999751e-04,wind_direction:18.4_m:degrees
1480,-2,-2.0000000000000000e+00,-4.3548387096774194e-02,-1,-1,7.9708636836629083e-04,wind_direction:18.4_m:degrees
1481,-2,-2.0000000000000000e+00,-2.2000000000000000e-01,-1,-1,5.9999999999999637e-04,wind_direction:18.4_m:degrees
1482,-2,-2.0000000000000000e+00,-2.9285714285714287e-01,-1,-1,2.4489795918367502e-03,wind_direction:18.4_m:degrees
1483,-2,-2.0000000000000000e+00,-4.4000000000000000e-01,-1,-1,4.4666666666667021e-03,wind_direction:18.4_m:degrees
1484,-2,-2.0000000000000000e+00,-5.4000000000000004e-01,-1,-1,9.9999999999988987e-05,wind_direction:18.4_m:degrees
1485,-2,-2.0000000000000000e+00,-1.0820895522388062e-03,-1,-1,3.2084400757407009e-04,wind_direction:18.4_m:degrees
1486,-2,-2.0000000000000000e+00,1.3000000000000000e-01,-1,-1,-3.4694469519536142e-18,wind_direction:18.4_m:degrees
1487,-2,-2.0000000000000000e+00,-5.9999999999999998e-02,-1,-1,0.0000000000000000e+00,wind_direction:18.4_m:degrees
1488,-2,-2.0000000000000000e+00,-2.2000000000000000e-01,-1,-1,0.0000000000000000e+00,wind_direction:18.4_m:degrees
1489,2,2.8025999450683594e+02,-5.5714285714285709e-02,1623,1624,1.6625850340136064e-03,water_sfc_temperature:0_m:K
1490,-2,-2.0000000000000000e+00,-2.1800000000000007e-02,-1,-1,7.9075999999999973e-04,wind_direction:18.4_m:degrees
1491,-2,-2.0000000000000000e+00,-3.8800000000000015e-02,-1,-1,7.3855999999999965e-04,wind_direction:18.4_m:degrees
1492,-2,-2.0000000000000000e+00,-1.7000000000000001e-01,-1,-1,3.4694469519536142e-17,wind_direction:18.4_m:degrees
1493,-2,-2.0000000000000000e+00,-1.2777777777777780e-01,-1,-1,4.3950617283950583e-04,wind_direction:18.4_m:degrees
1494,-2,-2.0000000000000000e+00,-6.6666666666666680e-02,-1,-1,3.9999999999999151e-04,wind_direction:18.4_m:degrees
1495,-2,-2.0000000000000000e+00,-1.3600000000000001e-01,-1,-1,3.4400000000000056e-04,wind_direction:18.4_m:degrees
1496,-2,-2.0000000000000000e+00,-2.0499999999999999e-01,-1,-1,8.5833333333333595e-04,wind_direction:18.4_m:degrees
1497,1,8.7293258666992188e+01,-1.2020408163265307e-01,1499,1500,1.3448563098708843e-03,azimuth:0_m:degrees
1498,10,1.1670987606048584e+01,-9.8235294117647073e-02,1827,1828,5.8428077113198765e-04,wind_speed:18.4_m:m_s-1
1499,-2,-2.0000000000000000e+00,-1.6214285714285714e-01,-1,-1,3.8826530612244906e-04,wind_direction:18.4_m:degrees
1500,-2,-2.0000000000000000e+00,-1.0342857142857143e-01,-1,-1,7.4253061224489707e-04,wind_direction:18.4_m:degrees
1501,-2,-2.0000000000000000e+00,-7.8260869565217397e-03,-1,-1,3.6483931947069951e-04,wind_direction:18.4_m:degrees
1502,0,7.9560222625732422e+01,-3.5313028764805382e-02,1503,1504,1.1287937219602595e-03,zenith:0_m:degrees
1503,5,3.2450000762939453e+01,-2.3221153846153843e-02,1507,1508,1.3074126294378701e-03,relative_humidity:18.4_m:%
1504,11,3.2805000305175781e+02,-4.1879895561357655e-02,1505,1506,9.0925972635984677e-04,wind_direction:18.4_m:degrees
1505,4,4.6070103645324707e+00,-5.0685714285714299e-02,1513,1514,1.2703869387755079e-03,mixing_ratio:18.4_m:g_kg-1
1506,-2,-2.0000000000000000e+00,-3.4471153846153825e-02,-1,-1,4.8529724482249429e-04,wind_direction:18.4_m:degrees
1507,-2,-2.0000000000000000e+00,-1.0000000000000001e-01,-1,-1,9.9999999999997660e-05,wind_direction:18.4_m:degrees
1508,11,3.0263000488281250e+02,-2.1715686274509784e-02,1509,1510,1.2132328911956944e-03,wind_direction:18.4_m:degrees
1509,12,-5.4077422618865967e-01,-3.1747572815533961e-02,1511,1512,1.2241304552738259e-03,bulk_richardson:18.4_m:none
1510,-2,-2.0000000000000000e+00,-1.1485148514851487e-02,-1,-1,9.9482403685913169e-04,wind_direction:18.4_m:degrees
1511,-2,-2.0000000000000000e+00,-1.3000000000000000e-01,-1,-1,0.0000000000000000e+00,wind_direction:18.4_m:degrees
1512,11,2.8289999389648438e+02,-2.9801980198019808e-02,1521,1522,1.0534261346926790e-03,wind_direction:18.4_m:degrees
1513,2,2.8911999511718750e+02,-5.4050632911392400e-02,1515,1516,1.2392885755487869e-03,water_sfc_temperature:0_m:K
1514,-2,-2.0000000000000000e+00,-1.9411764705882354e-02,-1,-1,4.7612456747405480e-04,wind_direction:18.4_m:degrees
1515,6,2.2950000000000000e+02,-5.1199999999999961e-02,1517,1518,1.1332266666666674e-03,wave_direction:0_m:degrees
1516,-2,-2.0000000000000000e+00,-1.0750000000000001e-01,-1,-1,2.1874999999994295e-04,wind_direction:18.4_m:degrees
1517,12,-4.6177354454994202e-01,-4.4074074074074050e-02,1519,1520,1.0945130315500738e-03,bulk_richardson:18.4_m:none
1518,-2,-2.0000000000000000e+00,-6.9523809523809516e-02,-1,-1,7.6643990929705242e-04,wind_direction:18.4_m:degrees
1519,-2,-2.0000000000000000e+00,7.1428571428571426e-03,-1,-1,4.2040816326530610e-04,wind_direction:18.4_m:degrees
1520,-2,-2.0000000000000000e+00,-4.7623762376237604e-02,-1,-1,9.4682874228017161e-04,wind_direction:18.4_m:degrees
1521,11,2.0083499908447266e+02,-2.2368421052631579e-02,1527,1528,1.0496537396121883e-03,wind_direction:18.4_m:degrees
1522,-2,-2.0000000000000000e+00,-5.2400000000000009e-02,-1,-1,3.8623999999999863e-04,wind_direction:18.4_m:degrees
1523,6,2.2750000000000000e+02,-6.3571428571428579e-01,1525,1526,4.7102040816327517e-03,wave_direction:0_m:degrees
1524,-2,-2.0000000000000000e+00,-5.4666666666666675e-01,-1,-1,1.1555555555556318e-03,wind_direction:18.4_m:degrees
1525,-2,-2.0000000000000000e+00,-7.7000000000000002e-01,-1,-1,0.0000000000000000e+00,wind_direction:18.4_m:degrees
1526,-2,-2.0000000000000000e+00,-6.1333333333333329e-01,-1,-1,1.9888888888887069e-03,wind_direction:18.4_m:degrees
1527,12,-2.4036829918622971e-01,-4.8888888888888898e-02,1941,1942,9.5432098765431969e-04,bulk_richardson:18.4_m:none
1528,-2,-2.0000000000000000e+00,-1.4137931034482763e-02,-1,-1,7.9322235434007172e-04,wind_direction:18.4_m:degrees
1529,-2,-2.0000000000000000e+00,-1.2450000000000001e-01,-1,-1,2.2474999999999579e-04,wind_direction:18.4_m:degrees
1530,-2,-2.0000000000000000e+00,-1.6214285714285717e-01,-1,-1,7.0255102040816392e-04,wind_direction:18.4_m:degrees
1531,-2,-2.0000000000000000e+00,-3.9520000000000005e-01,-1,-1,1.0329599999999439e-03,wind_direction:18.4_m:degrees
1532,-2,-2.0000000000000000e+00,-3.1666666666666665e-01,-1,-1,2.2222222222224031e-03,wind_direction:18.4_m:degrees
1533,-2,-2.0000000000000000e+00,-2.6043478260869568e-01,-1,-1,8.2155009451795324e-04,wind_direction:18.4_m:degrees
1534,-2,-2.0000000000000000e+00,-2.2000000000000000e-01,-1,-1,1.2222222222221593e-03,wind_direction:18.4_m:degrees
1535,-2,-2.0000000000000000e+00,-1.6769230769230767e-01,-1,-1,1.2177514792899372e-03,wind_direction:18.4_m:degrees
1536,-2,-2.0000000000000000e+00,-1.1000000000000000e-01,-1,-1,1.0499999999999919e-03,wind_direction:18.4_m:degrees
1537,-2,-2.0000000000000000e+00,-1.2500000000000002e-02,-1,-1,2.8124999999999992e-04,wind_direction:18.4_m:degrees
1538,6,1.7250000000000000e+02,-3.1393298059964714e-02,1539,1540,3.3051021963426087e-04,wave_direction:0_m:degrees
1539,0,2.8287998199462891e+01,-3.6390804597701075e-02,1857,1858,3.7938750165148003e-04,zenith:0_m:degrees
1540,-2,-2.0000000000000000e+00,-2.8283261802575010e-02,-1,-1,2.7487827491141589e-04,wind_direction:18.4_m:degrees
1541,-2,-2.0000000000000000e+00,-3.7359735973597298e-02,-1,-1,2.8873857682798574e-04,wind_direction:18.4_m:degrees
1542,11,1.2422499847412109e+02,-2.8997134670487038e-02,1543,1544,3.9737057440687685e-04,wind_direction:18.4_m:degrees
1543,-2,-2.0000000000000000e+00,-6.8292682926829286e-03,-1,-1,3.4848304580606778e-04,wind_direction:18.4_m:degrees
1544,5,7.8149997711181641e+01,-2.9900596421471127e-02,2025,2026,3.7851894596635060e-04,relative_humidity:18.4_m:%
1545,-2,-2.0000000000000000e+00,-1.8888888888888889e-02,-1,-1,4.0246913580246896e-04,wind_direction:18.4_m:degrees
1546,-2,-2.0000000000000000e+00,-8.7500000000000008e-02,-1,-1,4.6875000000000475e-04,wind_direction:18.4_m:degrees
1547,-2,-2.0000000000000000e+00,-2.2653061224489797e-02,-1,-1,5.0928779675135356e-04,wind_direction:18.4_m:degrees
1548,-2,-2.0000000000000000e+00,-4.7213114754098374e-02,-1,-1,4.4633163128191293e-04,wind_direction:18.4_m:degrees
1549,-2,-2.0000000000000000e+00,-1.4000000000000004e-01,-1,-1,1.4153846153846170e-03,wind_direction:18.4_m:degrees
1550,-2,-2.0000000000000000e+00,-2.1666666666666667e-01,-1,-1,3.5555555555551177e-04,wind_direction:18.4_m:degrees
1551,-2,-2.0000000000000000e+00,-3.1000000000000000e-01,-1,-1,0.0000000000000000e+00,wind_direction:18.4_m:degrees
1552,-2,-2.0000000000000000e+00,-1.7894736842105263e-01,-1,-1,7.3573407202216085e-04,wind_direction:18.4_m:degrees
1553,10,1.0043038368225098e+01,-6.0621761658031105e-02,1775,1776,6.8458750570485295e-04,wind_speed:18.4_m:m_s-1
1554,-2,-2.0000000000000000e+00,2.9999999999999999e-02,-1,-1,-2.2508037100799072e-16,wind_direction:18.4_m:degrees
1555,-2,-2.0000000000000000e+00,-3.0769230769230771e-01,-1,-1,9.5621301775154766e-04,wind_direction:18.4_m:degrees
1556,-2,-2.0000000000000000e+00,-4.4000000000000000e-01,-1,-1,2.7755575615628914e-17,wind_direction:18.4_m:degrees
1557,-2,-2.0000000000000000e+00,2.0000000000000000e-02,-1,-1,0.0000000000000000e+00,wind_direction:18.4_m:degrees
1558,-2,-2.0000000000000000e+00,-1.0865384615384614e-01,-1,-1,9.8088017751479621e-04,wind_direction:18.4_m:degrees
1559,-2,-2.0000000000000000e+00,-9.6000000000000002e-02,-1,-1,1.6039999999999995e-03,wind_direction:18.4_m:degrees
1560,-2,-2.0000000000000000e+00,-1.4800000000000002e-01,-1,-1,5.4933333333333223e-04,wind_direction:18.4_m:degrees
1561,3,1.0080499877929688e+03,-2.9600000000000008e-02,1563,1564,2.2331733333333329e-03,pressure:18.4_m:hPa
1562,-2,-2.0000000000000000e+00,-1.3596059113300456e-02,-1,-1,2.5751170860734390e-04,wind_direction:18.4_m:degrees
1563,-2,-2.0000000000000000e+00,-1.6000000000000000e-01,-1,-1,3.2000000000000049e-03,wind_direction:18.4_m:degrees
1564,10,4.5143601894378662e+00,-2.4166666666666670e-02,1565,1566,1.4548611111111103e-03,wind_speed:18.4_m:m_s-1
1565,-2,-2.0000000000000000e+00,-1.1153846153846155e-02,-1,-1,4.7559171597633132e-04,wind_direction:18.4_m:degrees
1566,1,1.5879052734375000e+02,-5.8000000000000010e-02,1567,1568,2.4159999999999984e-03,azimuth:0_m:degrees
1567,-2,-2.0000000000000000e+00,-1.0999999999999999e-01,-1,-1,4.0000000000000105e-04,wind_direction:18.4_m:degrees
1568,-2,-2.0000000000000000e+00,-1.5454545454545455e-02,-1,-1,4.2975206611571304e-05,wind_direction:18.4_m:degrees
1569,-2,-2.0000000000000000e+00,-1.9000000000000000e-01,-1,-1,0.0000000000000000e+00,wind_direction:18.4_m:degrees
1570,-2,-2.0000000000000000e+00,-3.7000000000000000e-01,-1,-1,-5.5511151231257827e-17,wind_direction:18.4_m:degrees
1571,-2,-2.0000000000000000e+00,-1.0401574803149605e-01,-1,-1,8.6812573625147035e-04,wind_direction:18.4_m:degrees
1572,-2,-2.0000000000000000e+00,-1.6199999999999998e-01,-1,-1,4.5600000000011603e-04,wind_direction:18.4_m:degrees
1573,-2,-2.0000000000000000e+00,-1.3571428571428569e-02,-1,-1,3.0153061224489806e-04,wind_direction:18.4_m:degrees
1574,-2,-2.0000000000000000e+00,-3.8978723404255330e-02,-1,-1,5.4108465368945548e-04,wind_direction:18.4_m:degrees
1575,9,8.8940639495849609e+01,-3.9473684210526322e-01,1951,1952,1.9617728531854950e-03,angle_between_wind_wave:0_m:degrees
1576,-2,-2.0000000000000000e+00,-3.3857142857142858e-01,-1,-1,1.2122448979592776e-03,wind_direction:18.4_m:degrees
1577,-2,-2.0000000000000000e+00,-1.9666666666666666e-01,-1,-1,8.8888888888888351e-05,wind_direction:18.4_m:degrees
1578,2,2.7829499816894531e+02,-1.4030303030303032e-01,1639,1640,2.2514233241506011e-03,water_sfc_temperature:0_m:K
1579,10,1.0165294647216797e+01,-1.8222222222222223e-01,1581,1582,2.2172839506172728e-03,wind_speed:18.4_m:m_s-1
1580,-2,-2.0000000000000000e+00,-8.9999999999999997e-02,-1,-1,1.3183898417423734e-16,wind_direction:18.4_m:degrees
1581,0,7.7650672912597656e+01,-1.6884615384615384e-01,1583,1584,2.0717455621301756e-03,zenith:0_m:degrees
1582,-2,-2.0000000000000000e+00,-2.1700000000000003e-01,-1,-1,9.2099999999996351e-04,wind_direction:18.4_m:degrees
1583,-2,-2.0000000000000000e+00,-9.6666666666666679e-02,-1,-1,2.2222222222220353e-05,wind_direction:18.4_m:degrees
1584,0,1.1934264373779297e+02,-1.7826086956521739e-01,1879,1880,1.5708884688090674e-03,zenith:0_m:degrees
1585,5,9.6750000000000000e+01,-5.8414096916299528e-02,1587,1588,6.3977566030779150e-04,relative_humidity:18.4_m:%
1586,-2,-2.0000000000000000e+00,-4.7152777777777724e-02,-1,-1,5.6411554783950164e-04,wind_direction:18.4_m:degrees
1587,3,1.0024499816894531e+03,-6.3915343915343911e-02,1589,1590,5.4234203969653980e-04,pressure:18.4_m:hPa
1588,-2,-2.0000000000000000e+00,-3.1052631578947377e-02,-1,-1,2.2520775623268785e-04,wind_direction:18.4_m:degrees
1589,-2,-2.0000000000000000e+00,-8.9130434782608708e-02,-1,-1,3.9924385633270144e-04,wind_direction:18.4_m:degrees
1590,10,8.0470800399780273e+00,-6.0421686746987925e-02,1591,1592,4.6187037305850213e-04,wind_speed:18.4_m:m_s-1
1591,-2,-2.0000000000000000e+00,-4.6470588235294118e-02,-1,-1,3.9930795847750809e-04,wind_direction:18.4_m:degrees
1592,-2,-2.0000000000000000e+00,-7.0102040816326525e-02,-1,-1,2.7652019991670791e-04,wind_direction:18.4_m:degrees
1593,-2,-2.0000000000000000e+00,-6.4000000000000001e-01,-1,-1,0.0000000000000000e+00,wind_direction:18.4_m:degrees
1594,-2,-2.0000000000000000e+00,-5.4600000000000004e-01,-1,-1,1.5839999999999188e-03,wind_direction:18.4_m:degrees
1595,11,3.3523500061035156e+02,-6.9367088607594926e-02,1845,1846,1.5451690434225319e-03,wind_direction:18.4_m:degrees
1596,-2,-2.0000000000000000e+00,-1.6000000000000000e-01,-1,-1,-9.0205620750793969e-17,wind_direction:18.4_m:degrees
1597,2,2.7975500488281250e+02,-3.4199999999999997e-01,1909,1910,1.6760000000000108e-03,water_sfc_temperature:0_m:K
1598,-2,-2.0000000000000000e+00,-4.4000000000000000e-01,-1,-1,1.3877787807814457e-16,wind_direction:18.4_m:degrees
1599,-2,-2.0000000000000000e+00,-5.4500000000000004e-01,-1,-1,7.4999999999991740e-05,wind_direction:18.4_m:degrees
1600,-2,-2.0000000000000000e+00,-4.6571428571428569e-01,-1,-1,1.6530612244898546e-03,wind_direction:18.4_m:degrees
1601,4,7.3438582420349121e+00,-1.6431034482758622e-01,1603,1604,1.2900416171224907e-03,mixing_ratio:18.4_m:g_kg-1
1602,-2,-2.0000000000000000e+00,-1.3853658536585370e-01,-1,-1,5.5883402736466026e-04,wind_direction:18.4_m:degrees
1603,6,1.3700000000000000e+02,-1.3466666666666666e-01,1605,1606,1.5048888888888924e-03,wave_direction:0_m:degrees
1604,-2,-2.0000000000000000e+00,-1.7465116279069764e-01,-1,-1,8.0162249864789911e-04,wind_direction:18.4_m:degrees
1605,-2,-2.0000000000000000e+00,-2.2000000000000000e-01,-1,-1,0.0000000000000000e+00,wind_direction:18.4_m:degrees
1606,-2,-2.0000000000000000e+00,-1.2153846153846154e-01,-1,-1,4.4378698224852367e-04,wind_direction:18.4_m:degrees
1607,-2,-2.0000000000000000e+00,-1.0571428571428573e-01,-1,-1,3.8163265306122122e-04,wind_direction:18.4_m:degrees
1608,3,1.0112999877929688e+03,-1.5187500000000001e-01,1613,1614,1.9527343749999836e-03,pressure:18.4_m:hPa
1609,-2,-2.0000000000000000e+00,-6.8976377952755893e-02,-1,-1,4.3438526877054035e-04,wind_direction:18.4_m:degrees
1610,-2,-2.0000000000000000e+00,-1.2166666666666666e-01,-1,-1,2.4722222222221119e-04,wind_direction:18.4_m:degrees
1611,-2,-2.0000000000000000e+00,-5.5166666666666664e-01,-1,-1,3.4722222222227650e-04,wind_direction:18.4_m:degrees
1612,-2,-2.0000000000000000e+00,-4.8375000000000001e-01,-1,-1,2.4484375000000669e-03,wind_direction:18.4_m:degrees
1613,-2,-2.0000000000000000e+00,-2.3499999999999999e-01,-1,-1,2.2500000000000298e-04,wind_direction:18.4_m:degrees
1614,-2,-2.0000000000000000e+00,-1.3999999999999999e-01,-1,-1,1.0714285714285669e-03,wind_direction:18.4_m:degrees
1615,-2,-2.0000000000000000e+00,-9.9090909090909104e-02,-1,-1,2.8099173553718625e-04,wind_direction:18.4_m:degrees
1616,-2,-2.0000000000000000e+00,-5.5945945945945950e-02,-1,-1,2.9978086194302382e-04,wind_direction:18.4_m:degrees
1617,-2,-2.0000000000000000e+00,-3.3499999999999996e-01,-1,-1,6.2500000000002831e-04,wind_direction:18.4_m:degrees
1618,-2,-2.0000000000000000e+00,-2.3428571428571429e-01,-1,-1,8.8163265306123034e-04,wind_direction:18.4_m:degrees
1619,-2,-2.0000000000000000e+00,-1.4000000000000001e-01,-1,-1,1.4999999999999736e-04,wind_direction:18.4_m:degrees
1620,-2,-2.0000000000000000e+00,-8.5625000000000007e-02,-1,-1,3.4960937499999793e-04,wind_direction:18.4_m:degrees
1621,-2,-2.0000000000000000e+00,-4.7985074626865645e-02,-1,-1,6.8176097126309166e-04,wind_direction:18.4_m:degrees
1622,-2,-2.0000000000000000e+00,-2.7500000000000004e-02,-1,-1,3.8413461538461561e-04,wind_direction:18.4_m:degrees
1623,-2,-2.0000000000000000e+00,-1.4000000000000001e-01,-1,-1,0.0000000000000000e+00,wind_direction:18.4_m:degrees
1624,-2,-2.0000000000000000e+00,-4.6842105263157900e-02,-1,-1,1.0110803324099738e-03,wind_direction:18.4_m:degrees
1625,-2,-2.0000000000000000e+00,-2.1200000000000002e-01,-1,-1,6.1599999999999155e-04,wind_direction:18.4_m:degrees
1626,-2,-2.0000000000000000e+00,-3.0333333333333334e-01,-1,-1,5.5555555555553138e-04,wind_direction:18.4_m:degrees
1627,-2,-2.0000000000000000e+00,1.9000000000000000e-01,-1,-1,0.0000000000000000e+00,wind_direction:18.4_m:degrees
1628,-2,-2.0000000000000000e+00,5.5000000000000000e-02,-1,-1,6.5833333333333499e-04,wind_direction:18.4_m:degrees
1629,-2,-2.0000000000000000e+00,-4.3736263736263749e-02,-1,-1,6.7834802560077091e-04,wind_direction:18.4_m:degrees
1630,-2,-2.0000000000000000e+00,-6.3157894736842107e-02,-1,-1,6.8476454293629058e-04,wind_direction:18.4_m:degrees
1631,-2,-2.0000000000000000e+00,-1.9833333333333331e-01,-1,-1,1.3338888888888636e-03,wind_direction:18.4_m:degrees
1632,-2,-2.0000000000000000e+00,-1.6111111111111109e-01,-1,-1,6.0987654320989251e-04,wind_direction:18.4_m:degrees
1633,1,2.3193820953369141e+02,-9.7430555555555534e-02,1973,1974,6.1214795524690800e-04,azimuth:0_m:degrees
1634,-2,-2.0000000000000000e+00,-1.1312500000000002e-01,-1,-1,5.9291294642862570e-04,wind_direction:18.4_m:degrees
1635,-2,-2.0000000000000000e+00,-2.7704918032786852e-02,-1,-1,4.0210964794410429e-04,wind_direction:18.4_m:degrees
1636,-2,-2.0000000000000000e+00,-1.0000000000000002e-01,-1,-1,-1.5612511283791264e-17,wind_direction:18.4_m:degrees
1637,-2,-2.0000000000000000e+00,-3.5499999999999998e-01,-1,-1,4.1666666666689833e-05,wind_direction:18.4_m:degrees
1638,-2,-2.0000000000000000e+00,-2.6000000000000001e-01,-1,-1,1.1102230246251565e-16,wind_direction:18.4_m:degrees
1639,3,1.0244000244140625e+03,-1.6400000000000001e-01,1953,1954,1.5573333333333272e-03,pressure:18.4_m:hPa
1640,3,1.0147500000000000e+03,-1.2055555555555555e-01,1641,1642,1.9719135802469170e-03,pressure:18.4_m:hPa
1641,-2,-2.0000000000000000e+00,-1.0071428571428571e-01,-1,-1,4.3520408163265356e-04,wind_direction:18.4_m:degrees
1642,-2,-2.0000000000000000e+00,-1.9000000000000000e-01,-1,-1,1.1500000000000329e-03,wind_direction:18.4_m:degrees
1643,-2,-2.0000000000000000e+00,-1.7000000000000001e-01,-1,-1,8.1818181818181512e-04,wind_direction:18.4_m:degrees
1644,12,-2.4032414890825748e-02,-2.0437500000000003e-01,1735,1736,1.7433593749999546e-03,bulk_richardson:18.4_m:none
1645,-2,-2.0000000000000000e+00,-1.4500000000000002e-01,-1,-1,2.0249999999999956e-03,wind_direction:18.4_m:degrees
1646,6,2.3850000000000000e+02,-2.3428571428571440e-01,1869,1870,1.8209183673469007e-03,wave_direction:0_m:degrees
1647,-2,-2.0000000000000000e+00,-1.1000000000000000e-01,-1,-1,0.0000000000000000e+00,wind_direction:18.4_m:degrees
1648,3,1.0153000183105469e+03,-1.7396825396825397e-01,1649,1650,1.0080624842529438e-03,pressure:18.4_m:hPa
1649,-2,-2.0000000000000000e+00,-2.0916666666666670e-01,-1,-1,9.9097222222220560e-04,wind_direction:18.4_m:degrees
1650,-2,-2.0000000000000000e+00,-1.6568627450980394e-01,-1,-1,6.5198000768935602e-04,wind_direction:18.4_m:degrees
1651,-2,-2.0000000000000000e+00,-2.7636363636363637e-01,-1,-1,4.4132231404958588e-04,wind_direction:18.4_m:degrees
1652,2,2.8380499267578125e+02,-3.2120000000000004e-01,1753,1754,1.5225599999999367e-03,water_sfc_temperature:0_m:K
1653,-2,-2.0000000000000000e+00,-2.3500000000000001e-01,-1,-1,1.9650000000000223e-03,wind_direction:18.4_m:degrees
1654,-2,-2.0000000000000000e+00,-1.7625000000000002e-01,-1,-1,1.1984374999999790e-03,wind_direction:18.4_m:degrees
1655,-2,-2.0000000000000000e+00,-4.5871212121212077e-02,-1,-1,3.1704401974288164e-04,wind_direction:18.4_m:degrees
1656,11,2.6478001403808594e+02,-5.4444444444444427e-02,1657,1658,3.8258609486679701e-04,wind_direction:18.4_m:degrees
1657,-2,-2.0000000000000000e+00,-5.6847133757961743e-02,-1,-1,3.2158809688019986e-04,wind_direction:18.4_m:degrees
1658,-2,-2.0000000000000000e+00,-2.7500000000000007e-02,-1,-1,2.7589285714284836e-04,wind_direction:18.4_m:degrees
1659,-2,-2.0000000000000000e+00,-2.8200000000000003e-01,-1,-1,7.3599999999998666e-04,wind_direction:18.4_m:degrees
1660,-2,-2.0000000000000000e+00,-2.0400000000000001e-01,-1,-1,2.3999999999982369e-05,wind_direction:18.4_m:degrees
1661,-2,-2.0000000000000000e+00,-1.2499999999999999e-02,-1,-1,5.1874999999999990e-04,wind_direction:18.4_m:degrees
1662,5,6.2699998855590820e+01,-5.0666666666666672e-02,1837,1838,1.3528888888888874e-03,relative_humidity:18.4_m:%
1663,0,1.0935697555541992e+02,-1.8130434782608698e-01,1665,1666,1.2678638941398673e-03,zenith:0_m:degrees
1664,7,2.0499999523162842e+00,-2.1153846153846165e-01,1915,1916,2.4591715976331058e-03,wave_height:0_m:m
1665,-2,-2.0000000000000000e+00,-1.6043478260869562e-01,-1,-1,5.6068052930055567e-04,wind_direction:18.4_m:degrees
1666,-2,-2.0000000000000000e+00,-2.0217391304347823e-01,-1,-1,1.1039697542533158e-03,wind_direction:18.4_m:degrees
1667,-2,-2.0000000000000000e+00,-6.7894736842105258e-02,-1,-1,6.9030470914127704e-04,wind_direction:18.4_m:degrees
1668,-2,-2.0000000000000000e+00,-1.0608695652173915e-01,-1,-1,4.2381852551984754e-04,wind_direction:18.4_m:degrees
1669,-2,-2.0000000000000000e+00,-2.1877551020408165e-01,-1,-1,1.3985006247396736e-03,wind_direction:18.4_m:degrees
1670,-2,-2.0000000000000000e+00,-1.3000000000000000e-01,-1,-1,-5.5511151231257827e-17,wind_direction:18.4_m:degrees
1671,-2,-2.0000000000000000e+00,-4.1999999999999998e-01,-1,-1,0.0000000000000000e+00,wind_direction:18.4_m:degrees
1672,-2,-2.0000000000000000e+00,-2.8249999999999997e-01,-1,-1,2.2687500000000277e-03,wind_direction:18.4_m:degrees
1673,-2,-2.0000000000000000e+00,-5.8571428571428573e-02,-1,-1,6.1224489795918234e-04,wind_direction:18.4_m:degrees
1674,-2,-2.0000000000000000e+00,-1.9000000000000000e-01,-1,-1,-6.9388939039072284e-18,wind_direction:18.4_m:degrees
1675,-2,-2.0000000000000000e+00,-1.7999999999999999e-01,-1,-1,7.4285714285714233e-04,wind_direction:18.4_m:degrees
1676,-2,-2.0000000000000000e+00,-1.2578947368421053e-01,-1,-1,7.2963988919666489e-04,wind_direction:18.4_m:degrees
1677,-2,-2.0000000000000000e+00,-3.5999999999999999e-01,-1,-1,6.9999999999997842e-04,wind_direction:18.4_m:degrees
1678,-2,-2.0000000000000000e+00,-2.8500000000000003e-01,-1,-1,2.2499999999994746e-04,wind_direction:18.4_m:degrees
1679,-2,-2.0000000000000000e+00,-3.3000000000000002e-01,-1,-1,0.0000000000000000e+00,wind_direction:18.4_m:degrees
1680,-2,-2.0000000000000000e+00,-1.7999999999999999e-01,-1,-1,2.0816681711721685e-17,wind_direction:18.4_m:degrees
1681,-2,-2.0000000000000000e+00,-1.9571428571428570e-01,-1,-1,7.2448979591836771e-04,wind_direction:18.4_m:degrees
1682,10,1.2893195629119873e+01,-2.3533333333333334e-01,1687,1688,1.0915555555555054e-03,wind_speed:18.4_m:m_s-1
1683,12,1.0819770861417055e-02,-9.4666666666666677e-02,1685,1686,2.0915555555555531e-03,bulk_richardson:18.4_m:none
1684,-2,-2.0000000000000000e+00,-1.3407407407407404e-01,-1,-1,4.2414266117968627e-04,wind_direction:18.4_m:degrees
1685,-2,-2.0000000000000000e+00,-1.0923076923076926e-01,-1,-1,8.2248520710058969e-04,wind_direction:18.4_m:degrees
1686,-2,-2.0000000000000000e+00,0.0000000000000000e+00,-1,-1,0.0000000000000000e+00,wind_direction:18.4_m:degrees
1687,-2,-2.0000000000000000e+00,-2.2416666666666671e-01,-1,-1,5.9097222222222884e-04,wind_direction:18.4_m:degrees
1688,-2,-2.0000000000000000e+00,-2.8000000000000003e-01,-1,-1,5.9999999999998943e-04,wind_direction:18.4_m:degrees
1689,10,5.1540226936340332e+00,-2.5047619047618961e-02,1691,1692,5.1188417931275290e-04,wind_speed:18.4_m:m_s-1
1690,5,9.9049999237060547e+01,-2.0171526586620855e-02,1699,1700,3.3221757691479409e-04,relative_humidity:18.4_m:%
1691,-2,-2.0000000000000000e+00,-1.6352201257861607e-02,-1,-1,2.7411494798465350e-04,wind_direction:18.4_m:degrees
1692,11,1.1086500167846680e+02,-2.7688634192932143e-02,1693,1694,5.5416093099035094e-04,wind_direction:18.4_m:degrees
1693,11,1.0873500061035156e+02,-5.6666666666666657e-02,1695,1696,6.5709401709401734e-03,wind_direction:18.4_m:degrees
1694,11,2.6170500183105469e+02,-2.6567460317460247e-02,1703,1704,2.8762243323254887e-04,wind_direction:18.4_m:degrees
1695,10,5.2512133121490479e+00,-2.9705882352941183e-02,1697,1698,1.5146193771626297e-03,wind_speed:18.4_m:m_s-1
1696,-2,-2.0000000000000000e+00,-2.4000000000000005e-01,-1,-1,2.4000000000000202e-03,wind_direction:18.4_m:degrees
1697,-2,-2.0000000000000000e+00,-2.3999999999999999e-01,-1,-1,0.0000000000000000e+00,wind_direction:18.4_m:degrees
1698,-2,-2.0000000000000000e+00,-2.3333333333333338e-02,-1,-1,1.7979797979797874e-04,wind_direction:18.4_m:degrees
1699,-2,-2.0000000000000000e+00,-1.9363799283154050e-02,-1,-1,2.5452356406007387e-04,wind_direction:18.4_m:degrees
1700,10,5.1211230754852295e+00,-3.8200000000000005e-02,1701,1702,1.7267599999999691e-03,wind_speed:18.4_m:m_s-1
1701,-2,-2.0000000000000000e+00,-1.0777777777777779e-01,-1,-1,1.7061728395061718e-03,wind_direction:18.4_m:degrees
1702,-2,-2.0000000000000000e+00,-2.2926829268292689e-02,-1,-1,4.3533610945865485e-04,wind_direction:18.4_m:degrees
1703,-2,-2.0000000000000000e+00,-2.4174496644295176e-02,-1,-1,2.0901653078690653e-04,wind_direction:18.4_m:degrees
1704,-2,-2.0000000000000000e+00,-3.3346007604562716e-02,-1,-1,4.4811982246381545e-04,wind_direction:18.4_m:degrees
1705,-2,-2.0000000000000000e+00,-1.4727272727272725e-01,-1,-1,1.4198347107438128e-03,wind_direction:18.4_m:degrees
1706,-2,-2.0000000000000000e+00,-1.9642857142857142e-01,-1,-1,2.9438775510203657e-04,wind_direction:18.4_m:degrees
1707,-2,-2.0000000000000000e+00,-8.2500000000000004e-02,-1,-1,9.3541666666666599e-04,wind_direction:18.4_m:degrees
1708,-2,-2.0000000000000000e+00,-1.7000000000000001e-01,-1,-1,6.9388939039072284e-18,wind_direction:18.4_m:degrees
1709,-2,-2.0000000000000000e+00,-3.5999999999999999e-01,-1,-1,0.0000000000000000e+00,wind_direction:18.4_m:degrees
1710,-2,-2.0000000000000000e+00,-2.2999999999999998e-01,-1,-1,1.0571428571428398e-03,wind_direction:18.4_m:degrees
1711,10,1.2933245658874512e+01,-1.8129032258064520e-01,1741,1742,1.3918834547346423e-03,wind_speed:18.4_m:m_s-1
1712,-2,-2.0000000000000000e+00,-2.7000000000000002e-01,-1,-1,6.9388939039072284e-17,wind_direction:18.4_m:degrees
1713,-2,-2.0000000000000000e+00,-3.0499999999999999e-01,-1,-1,2.4999999999997247e-05,wind_direction:18.4_m:degrees
1714,-2,-2.0000000000000000e+00,-2.3913043478260870e-01,-1,-1,1.4862003780718031e-03,wind_direction:18.4_m:degrees
1715,-2,-2.0000000000000000e+00,-1.6000000000000000e-01,-1,-1,3.0000000000000165e-04,wind_direction:18.4_m:degrees
1716,-2,-2.0000000000000000e+00,-9.7037037037037047e-02,-1,-1,8.3566529492455459e-04,wind_direction:18.4_m:degrees
1717,-2,-2.0000000000000000e+00,-7.5454545454545455e-02,-1,-1,2.0661157024793372e-04,wind_direction:18.4_m:degrees
1718,11,3.0589999389648438e+02,-1.1485714285714284e-01,1867,1868,9.1926530612245275e-04,wind_direction:18.4_m:degrees
1719,-2,-2.0000000000000000e+00,-9.0000000000000002e-01,-1,-1,3.9999999999995595e-04,wind_direction:18.4_m:degrees
1720,-2,-2.0000000000000000e+00,-7.9500000000000004e-01,-1,-1,4.7499999999978115e-04,wind_direction:18.4_m:degrees
1721,3,1.0113999938964844e+03,-5.9482758620689677e-02,1723,1724,5.1524970273484315e-04,pressure:18.4_m:hPa
1722,-2,-2.0000000000000000e+00,-8.2745098039215717e-02,-1,-1,4.3560169165705268e-04,wind_direction:18.4_m:degrees
1723,-2,-2.0000000000000000e+00,1.0000000000000000e-02,-1,-1,0.0000000000000000e+00,wind_direction:18.4_m:degrees
1724,-2,-2.0000000000000000e+00,-6.4629629629629634e-02,-1,-1,1.6930727023319395e-04,wind_direction:18.4_m:degrees
1725,-2,-2.0000000000000000e+00,-2.2985074626865679e-02,-1,-1,3.8810425484517676e-04,wind_direction:18.4_m:degrees
1726,8,5.9500000476837158e+00,-4.1007194244604292e-02,1785,1786,9.0689922881838836e-04,wave_period:0_m:s
1727,-2,-2.0000000000000000e+00,-2.6500000000000001e-01,-1,-1,7.9999999999999516e-04,wind_direction:18.4_m:degrees
1728,-2,-2.0000000000000000e+00,-2.1199999999999999e-01,-1,-1,2.9599999999996296e-04,wind_direction:18.4_m:degrees
1729,-2,-2.0000000000000000e+00,-4.3571428571428573e-02,-1,-1,6.8010204081632658e-04,wind_direction:18.4_m:degrees
1730,-2,-2.0000000000000000e+00,-1.4047619047619050e-02,-1,-1,2.6695011337868438e-04,wind_direction:18.4_m:degrees
1731,-2,-2.0000000000000000e+00,-5.6357142857142861e-01,-1,-1,3.3724489795927681e-04,wind_direction:18.4_m:degrees
1732,6,2.2900000000000000e+02,-4.8666666666666664e-01,1733,1734,8.8888888888890849e-03,wave_direction:0_m:degrees
1733,-2,-2.0000000000000000e+00,-4.1999999999999998e-01,-1,-1,0.0000000000000000e+00,wind_direction:18.4_m:degrees
1734,-2,-2.0000000000000000e+00,-6.2000000000000000e-01,-1,-1,0.0000000000000000e+00,wind_direction:18.4_m:degrees
1735,-2,-2.0000000000000000e+00,-2.5400000000000000e-01,-1,-1,2.6240000000000013e-03,wind_direction:18.4_m:degrees
1736,-2,-2.0000000000000000e+00,-1.9518518518518516e-01,-1,-1,1.0397805212619890e-03,wind_direction:18.4_m:degrees
1737,-2,-2.0000000000000000e+00,-8.8124999999999981e-02,-1,-1,8.5773437500000650e-04,wind_direction:18.4_m:degrees
1738,-2,-2.0000000000000000e+00,-1.5000000000000002e-01,-1,-1,9.9999999999940414e-05,wind_direction:18.4_m:degrees
1739,-2,-2.0000000000000000e+00,-4.9333333333333335e-01,-1,-1,8.8888888888832840e-05,wind_direction:18.4_m:degrees
1740,-2,-2.0000000000000000e+00,-4.1000000000000003e-01,-1,-1,8.5714285714288962e-04,wind_direction:18.4_m:degrees
1741,12,-4.5677306130528450e-02,-1.7733333333333337e-01,1895,1896,9.5288888888887119e-04,bulk_richardson:18.4_m:none
1742,-2,-2.0000000000000000e+00,-2.9999999999999999e-01,-1,-1,-4.1633363423443370e-17,wind_direction:18.4_m:degrees
1743,-2,-2.0000000000000000e+00,-1.2499999999999999e-02,-1,-1,3.1875000000000008e-04,wind_direction:18.4_m:degrees
1744,-2,-2.0000000000000000e+00,-7.1111111111111125e-02,-1,-1,4.0987654320987724e-04,wind_direction:18.4_m:degrees
1745,-2,-2.0000000000000000e+00,-2.9799999999999999e-01,-1,-1,3.7599999999998746e-04,wind_direction:18.4_m:degrees
1746,-2,-2.0000000000000000e+00,-4.2999999999999999e-01,-1,-1,5.5511151231257827e-17,wind_direction:18.4_m:degrees
1747,-2,-2.0000000000000000e+00,-3.7187500000000005e-02,-1,-1,3.0458984374999941e-04,wind_direction:18.4_m:degrees
1748,-2,-2.0000000000000000e+00,-5.7374999999999995e-02,-1,-1,5.1435937500000353e-04,wind_direction:18.4_m:degrees
1749,6,1.8400000000000000e+02,-1.9368421052631576e-01,1751,1752,1.0653739612188282e-03,wave_direction:0_m:degrees
1750,-2,-2.0000000000000000e+00,-1.2750000000000000e-01,-1,-1,3.1875000000002041e-04,wind_direction:18.4_m:degrees
1751,-2,-2.0000000000000000e+00,-2.4399999999999999e-01,-1,-1,2.3999999999989308e-05,wind_direction:18.4_m:degrees
1752,-2,-2.0000000000000000e+00,-1.7571428571428574e-01,-1,-1,2.1020408163265752e-04,wind_direction:18.4_m:degrees
1753,-2,-2.0000000000000000e+00,-3.5625000000000001e-01,-1,-1,6.7343749999998481e-04,wind_direction:18.4_m:degrees
1754,-2,-2.0000000000000000e+00,-3.0470588235294116e-01,-1,-1,1.0719723183390678e-03,wind_direction:18.4_m:degrees
1755,-2,-2.0000000000000000e+00,-2.2000000000000000e-01,-1,-1,0.0000000000000000e+00,wind_direction:18.4_m:degrees
1756,12,-1.5662627760320902e-02,-3.4285714285714286e-01,1887,1888,1.9823129251700516e-03,bulk_richardson:18.4_m:none
1757,-2,-2.0000000000000000e+00,-1.0254545454545454e-01,-1,-1,9.9897520661155689e-04,wind_direction:18.4_m:degrees
1758,11,3.2863500976562500e+02,-1.2636363636363640e-01,1759,1760,2.0716253443526546e-03,wind_direction:18.4_m:degrees
1759,9,9.0145473480224609e+01,-1.0363636363636365e-01,2001,2002,8.9586776859503989e-04,angle_between_wind_wave:0_m:degrees
1760,-2,-2.0000000000000000e+00,-1.7181818181818181e-01,-1,-1,1.3239669421487472e-03,wind_direction:18.4_m:degrees
1761,9,9.1610019683837891e+01,-2.3817204301075257e-02,1763,1764,7.7736443519482116e-04,angle_between_wind_wave:0_m:degrees
1762,-2,-2.0000000000000000e+00,-6.2903225806451614e-03,-1,-1,3.1688345473465554e-04,wind_direction:18.4_m:degrees
1763,6,1.8150000000000000e+02,-2.1787709497206709e-02,1765,1766,6.6719515620611151e-04,wave_direction:0_m:degrees
1764,-2,-2.0000000000000000e+00,-7.5714285714285734e-02,-1,-1,7.9591836734695109e-04,wind_direction:18.4_m:degrees
1765,-2,-2.0000000000000000e+00,-3.1750000000000007e-02,-1,-1,7.7693749999999920e-04,wind_direction:18.4_m:degrees
1766,-2,-2.0000000000000000e+00,-1.3737373737373741e-02,-1,-1,4.3350678502193711e-04,wind_direction:18.4_m:degrees
1767,-2,-2.0000000000000000e+00,-1.3833333333333334e-01,-1,-1,9.1388888888888770e-04,wind_direction:18.4_m:degrees
1768,3,1.0008999938964844e+03,-9.7741935483870973e-02,1769,1770,1.4368366285119720e-03,pressure:18.4_m:hPa
1769,-2,-2.0000000000000000e+00,-1.7666666666666667e-01,-1,-1,2.2222222222225557e-05,wind_direction:18.4_m:degrees
1770,-2,-2.0000000000000000e+00,-8.9285714285714288e-02,-1,-1,8.4948979591836782e-04,wind_direction:18.4_m:degrees
1771,-2,-2.0000000000000000e+00,-3.4666666666666668e-01,-1,-1,4.2222222222219885e-04,wind_direction:18.4_m:degrees
1772,-2,-2.0000000000000000e+00,-2.7071428571428574e-01,-1,-1,4.3520408163265356e-04,wind_direction:18.4_m:degrees
1773,9,8.9471736907958984e+01,-7.3555555555555555e-02,1931,1932,7.4587654320988107e-04,angle_between_wind_wave:0_m:degrees
1774,6,2.0050000000000000e+02,-5.7777777777777782e-02,1975,1976,7.0819304152636457e-04,wave_direction:0_m:degrees
1775,-2,-2.0000000000000000e+00,-4.9436619718309850e-02,-1,-1,6.7855584209482395e-04,wind_direction:18.4_m:degrees
1776,-2,-2.0000000000000000e+00,-6.7131147540983593e-02,-1,-1,5.7291722655200116e-04,wind_direction:18.4_m:degrees
1777,-2,-2.0000000000000000e+00,-5.4000000000000004e-01,-1,-1,3.0000000000002247e-04,wind_direction:18.4_m:degrees
1778,-2,-2.0000000000000000e+00,-4.7333333333333333e-01,-1,-1,3.0222222222220374e-04,wind_direction:18.4_m:degrees
1779,-2,-2.0000000000000000e+00,-6.6999999999999993e-01,-1,-1,2.0000000000008900e-04,wind_direction:18.4_m:degrees
1780,-2,-2.0000000000000000e+00,-5.7333333333333336e-01,-1,-1,8.8888888888860595e-05,wind_direction:18.4_m:degrees
1781,-2,-2.0000000000000000e+00,-1.4750000000000002e-01,-1,-1,1.6874999999999876e-04,wind_direction:18.4_m:degrees
1782,-2,-2.0000000000000000e+00,-7.9166666666666663e-02,-1,-1,6.4097222222222420e-04,wind_direction:18.4_m:degrees
1783,-2,-2.0000000000000000e+00,-5.5333333333333334e-01,-1,-1,1.1555555555555208e-03,wind_direction:18.4_m:degrees
1784,-2,-2.0000000000000000e+00,-6.8999999999999995e-01,-1,-1,5.5511151231257827e-17,wind_direction:18.4_m:degrees
1785,-2,-2.0000000000000000e+00,-4.4999999999999991e-02,-1,-1,7.7166666666666746e-04,wind_direction:18.4_m:degrees
1786,10,7.8827259540557861e+00,-1.5789473684210530e-02,1929,1930,1.0243767313019435e-03,wind_speed:18.4_m:m_s-1
1787,-2,-2.0000000000000000e+00,-1.7090909090909093e-01,-1,-1,1.0446280991735502e-03,wind_direction:18.4_m:degrees
1788,-2,-2.0000000000000000e+00,-1.3145833333333332e-01,-1,-1,6.7078993055554384e-04,wind_direction:18.4_m:degrees
1789,-2,-2.0000000000000000e+00,3.0769230769230769e-03,-1,-1,2.0591715976331365e-04,wind_direction:18.4_m:degrees
1790,4,3.9820469617843628e+00,-3.1269841269841267e-02,1791,1792,8.2219702695893182e-04,mixing_ratio:18.4_m:g_kg-1
1791,-2,-2.0000000000000000e+00,1.8333333333333333e-02,-1,-1,2.1472222222222222e-03,wind_direction:18.4_m:degrees
1792,-2,-2.0000000000000000e+00,-3.3750000000000009e-02,-1,-1,6.2677083333333421e-04,wind_direction:18.4_m:degrees
1793,-2,-2.0000000000000000e+00,-7.2307692307692309e-02,-1,-1,5.8185404339250544e-04,wind_direction:18.4_m:degrees
1794,2,2.9138500976562500e+02,-9.3951612903225803e-02,1795,1796,8.0132023933403122e-04,water_sfc_temperature:0_m:K
1795,-2,-2.0000000000000000e+00,-8.6888888888888891e-02,-1,-1,4.5032098765431655e-04,wind_direction:18.4_m:degrees
1796,10,9.6537113189697266e+00,-1.1264705882352943e-01,1797,1798,1.2488754325259595e-03,wind_speed:18.4_m:m_s-1
1797,-2,-2.0000000000000000e+00,-2.8999999999999998e-01,-1,-1,0.0000000000000000e+00,wind_direction:18.4_m:degrees
1798,-2,-2.0000000000000000e+00,-1.0727272727272726e-01,-1,-1,3.0468319559228373e-04,wind_direction:18.4_m:degrees
1799,-2,-2.0000000000000000e+00,-4.3125000000000011e-02,-1,-1,3.2148437499999907e-04,wind_direction:18.4_m:degrees
1800,-2,-2.0000000000000000e+00,-7.6129032258064513e-02,-1,-1,4.7211238293444913e-04,wind_direction:18.4_m:degrees
1801,-2,-2.0000000000000000e+00,-2.0571428571428568e-01,-1,-1,1.0530612244898027e-03,wind_direction:18.4_m:degrees
1802,-2,-2.0000000000000000e+00,-8.0000000000000002e-02,-1,-1,-5.0306980803327406e-17,wind_direction:18.4_m:degrees
1803,-2,-2.0000000000000000e+00,-2.0800000000000002e-01,-1,-1,5.7599999999999318e-04,wind_direction:18.4_m:degrees
1804,-2,-2.0000000000000000e+00,-2.7500000000000002e-01,-1,-1,4.4999999999996432e-04,wind_direction:18.4_m:degrees
1805,-2,-2.0000000000000000e+00,-1.1812499999999998e-01,-1,-1,6.0898437500000666e-04,wind_direction:18.4_m:degrees
1806,-2,-2.0000000000000000e+00,0.0000000000000000e+00,-1,-1,-1.1102230246251565e-16,wind_direction:18.4_m:degrees
1807,-2,-2.0000000000000000e+00,-1.4499999999999999e-01,-1,-1,7.5000000000002148e-05,wind_direction:18.4_m:degrees
1808,-2,-2.0000000000000000e+00,-2.1142857142857144e-01,-1,-1,7.8367346938777727e-04,wind_direction:18.4_m:degrees
1809,-2,-2.0000000000000000e+00,-1.2750000000000000e-01,-1,-1,4.3750000000002121e-05,wind_direction:18.4_m:degrees
1810,-2,-2.0000000000000000e+00,-7.8499999999999986e-02,-1,-1,3.5274999999999283e-04,wind_direction:18.4_m:degrees
1811,-2,-2.0000000000000000e+00,-2.6000000000000001e-01,-1,-1,0.0000000000000000e+00,wind_direction:18.4_m:degrees
1812,-2,-2.0000000000000000e+00,-1.6750000000000001e-01,-1,-1,7.9375000000000279e-04,wind_direction:18.4_m:degrees
1813,-2,-2.0000000000000000e+00,-8.0000000000000002e-02,-1,-1,0.0000000000000000e+00,wind_direction:18.4_m:degrees
1814,-2,-2.0000000000000000e+00,3.9230769230769229e-02,-1,-1,5.1479289940828312e-04,wind_direction:18.4_m:degrees
1815,-2,-2.0000000000000000e+00,-2.2349999999999998e-01,-1,-1,8.7274999999999159e-04,wind_direction:18.4_m:degrees
1816,-2,-2.0000000000000000e+00,-2.8200000000000003e-01,-1,-1,2.5599999999995071e-04,wind_direction:18.4_m:degrees
1817,-2,-2.0000000000000000e+00,-4.2999999999999999e-01,-1,-1,0.0000000000000000e+00,wind_direction:18.4_m:degrees
1818,-2,-2.0000000000000000e+00,-3.1125000000000003e-01,-1,-1,1.5796875000000238e-03,wind_direction:18.4_m:degrees
1819,9,8.9476112365722656e+01,-2.7607142857142858e-01,1821,1822,1.4095663265305952e-03,angle_between_wind_wave:0_m:degrees
1820,-2,-2.0000000000000000e+00,-2.3785714285714291e-01,-1,-1,1.2025510204081297e-03,wind_direction:18.4_m:degrees
1821,-2,-2.0000000000000000e+00,-2.5470588235294117e-01,-1,-1,6.3667820069206182e-04,wind_direction:18.4_m:degrees
1822,-2,-2.0000000000000000e+00,-3.0909090909090914e-01,-1,-1,8.0826446280991837e-04,wind_direction:18.4_m:degrees
1823,-2,-2.0000000000000000e+00,-2.3666666666666666e-01,-1,-1,1.1555555555555555e-03,wind_direction:18.4_m:degrees
1824,11,3.2010501098632812e+02,-3.0944444444444447e-01,1825,1826,2.5052469135802558e-03,wind_direction:18.4_m:degrees
1825,6,2.4350000000000000e+02,-3.3076923076923076e-01,1853,1854,1.8224852071005576e-03,wave_direction:0_m:degrees
1826,-2,-2.0000000000000000e+00,-2.5400000000000000e-01,-1,-1,2.4000000000051758e-05,wind_direction:18.4_m:degrees
1827,-2,-2.0000000000000000e+00,-9.2307692307692299e-02,-1,-1,4.0456466610312020e-04,wind_direction:18.4_m:degrees
1828,1,3.1387500000000000e+02,-1.1750000000000001e-01,1829,1830,6.8303571428573844e-04,azimuth:0_m:degrees
1829,-2,-2.0000000000000000e+00,-1.2185185185185186e-01,-1,-1,1.7805212620027738e-04,wind_direction:18.4_m:degrees
1830,-2,-2.0000000000000000e+00,0.0000000000000000e+00,-1,-1,-5.5511151231257827e-17,wind_direction:18.4_m:degrees
1831,-2,-2.0000000000000000e+00,-4.8999999999999999e-01,-1,-1,2.0500000000000518e-03,wind_direction:18.4_m:degrees
1832,-2,-2.0000000000000000e+00,-4.2000000000000004e-01,-1,-1,3.7777777777778243e-04,wind_direction:18.4_m:degrees
1833,-2,-2.0000000000000000e+00,-5.9999999999999998e-01,-1,-1,0.0000000000000000e+00,wind_direction:18.4_m:degrees
1834,2,2.8519500732421875e+02,-5.1000000000000001e-01,1843,1844,1.4599999999999613e-03,water_sfc_temperature:0_m:K
1835,-2,-2.0000000000000000e+00,-2.4894736842105261e-01,-1,-1,7.6731301939057112e-04,wind_direction:18.4_m:degrees
1836,-2,-2.0000000000000000e+00,-3.0333333333333329e-01,-1,-1,9.8888888888881699e-04,wind_direction:18.4_m:degrees
1837,-2,-2.0000000000000000e+00,-1.3000000000000000e-01,-1,-1,0.0000000000000000e+00,wind_direction:18.4_m:degrees
1838,-2,-2.0000000000000000e+00,-4.5000000000000005e-02,-1,-1,9.6785714285714313e-04,wind_direction:18.4_m:degrees
1839,5,8.8950000762939453e+01,-9.2474226804123705e-02,1841,1842,7.1758954192794981e-04,relative_humidity:18.4_m:%
1840,-2,-2.0000000000000000e+00,-7.0263157894736847e-02,-1,-1,2.0256232686979153e-04,wind_direction:18.4_m:degrees
1841,2,2.8835499572753906e+02,-1.1434782608695655e-01,1943,1944,6.5935727788279073e-04,water_sfc_temperature:0_m:K
1842,-2,-2.0000000000000000e+00,-8.5675675675675689e-02,-1,-1,5.4075967859752282e-04,wind_direction:18.4_m:degrees
1843,-2,-2.0000000000000000e+00,-4.9777777777777782e-01,-1,-1,1.2839506172832027e-04,wind_direction:18.4_m:degrees
1844,-2,-2.0000000000000000e+00,-6.2000000000000000e-01,-1,-1,-2.7755575615628914e-16,wind_direction:18.4_m:degrees
1845,-2,-2.0000000000000000e+00,-7.5151515151515164e-02,-1,-1,1.2916437098255268e-03,wind_direction:18.4_m:degrees
1846,11,3.4613499450683594e+02,-4.0000000000000001e-02,1847,1848,1.8000000000000110e-03,wind_direction:18.4_m:degrees
1847,-2,-2.0000000000000000e+00,-3.0000000000000002e-02,-1,-1,6.5000000000000019e-04,wind_direction:18.4_m:degrees
1848,-2,-2.0000000000000000e+00,-1.6000000000000000e-01,-1,-1,-1.7347234759768071e-17,wind_direction:18.4_m:degrees
1849,9,8.9689456939697266e+01,-5.7241720217498290e-03,2031,2032,4.5354131882754793e-04,angle_between_wind_wave:0_m:degrees
1850,-2,-2.0000000000000000e+00,1.1000000000000000e-01,-1,-1,3.8996583739958623e-15,wind_direction:18.4_m:degrees
1851,-2,-2.0000000000000000e+00,-1.2200000000000000e-01,-1,-1,1.7600000000000081e-04,wind_direction:18.4_m:degrees
1852,-2,-2.0000000000000000e+00,-1.8214285714285713e-01,-1,-1,1.1311224489796087e-03,wind_direction:18.4_m:degrees
1853,-2,-2.0000000000000000e+00,-3.4000000000000002e-01,-1,-1,8.6666666666664061e-04,wind_direction:18.4_m:degrees
1854,-2,-2.0000000000000000e+00,-2.2000000000000000e-01,-1,-1,1.1102230246251565e-16,wind_direction:18.4_m:degrees
1855,-2,-2.0000000000000000e+00,-1.1142857142857143e-01,-1,-1,6.6938775510204211e-04,wind_direction:18.4_m:degrees
1856,-2,-2.0000000000000000e+00,-5.8666666666666666e-02,-1,-1,5.1822222222221897e-04,wind_direction:18.4_m:degrees
1857,2,2.8709999084472656e+02,-6.9166666666666668e-02,1955,1956,1.2409722222222223e-03,water_sfc_temperature:0_m:K
1858,10,6.7308766841888428e+00,-3.5460992907801359e-02,1859,1860,3.2360545244203721e-04,wind_speed:18.4_m:m_s-1
1859,-2,-2.0000000000000000e+00,-3.2701149425287311e-02,-1,-1,2.6051988373629710e-04,wind_direction:18.4_m:degrees
1860,-2,-2.0000000000000000e+00,-4.8266666666666666e-02,-1,-1,4.1699555555557016e-04,wind_direction:18.4_m:degrees
1861,-2,-2.0000000000000000e+00,-1.4000000000000001e-01,-1,-1,0.0000000000000000e+00,wind_direction:18.4_m:degrees
1862,-2,-2.0000000000000000e+00,-2.4500000000000000e-01,-1,-1,6.2500000000002137e-04,wind_direction:18.4_m:degrees
1863,-2,-2.0000000000000000e+00,-7.4500000000000000e-01,-1,-1,2.5000000000052758e-05,wind_direction:18.4_m:degrees
1864,-2,-2.0000000000000000e+00,-6.4000000000000001e-01,-1,-1,2.6000000000000467e-03,wind_direction:18.4_m:degrees
1865,-2,-2.0000000000000000e+00,-3.4999999999999998e-01,-1,-1,5.9999999999996168e-04,wind_direction:18.4_m:degrees
1866,-2,-2.0000000000000000e+00,-2.7333333333333337e-01,-1,-1,2.2222222222312293e-05,wind_direction:18.4_m:degrees
1867,-2,-2.0000000000000000e+00,-1.2478260869565218e-01,-1,-1,5.9451795841210242e-04,wind_direction:18.4_m:degrees
1868,-2,-2.0000000000000000e+00,-9.5833333333333340e-02,-1,-1,9.9097222222221774e-04,wind_direction:18.4_m:degrees
1869,-2,-2.0000000000000000e+00,-2.4399999999999999e-01,-1,-1,1.8389999999999726e-03,wind_direction:18.4_m:degrees
1870,-2,-2.0000000000000000e+00,-2.1000000000000002e-01,-1,-1,9.4999999999979823e-04,wind_direction:18.4_m:degrees
1871,-2,-2.0000000000000000e+00,-3.8166666666666665e-01,-1,-1,4.7222222222254029e-05,wind_direction:18.4_m:degrees
1872,-2,-2.0000000000000000e+00,-3.0750000000000000e-01,-1,-1,1.0687499999999517e-03,wind_direction:18.4_m:degrees
1873,-2,-2.0000000000000000e+00,3.3999999999999996e-02,-1,-1,2.7840000000000009e-03,wind_direction:18.4_m:degrees
1874,-2,-2.0000000000000000e+00,-2.3684210526315790e-02,-1,-1,4.4432132963988919e-04,wind_direction:18.4_m:degrees
1875,-2,-2.0000000000000000e+00,-1.5761904761904763e-01,-1,-1,8.9433106575963900e-04,wind_direction:18.4_m:degrees
1876,-2,-2.0000000000000000e+00,-2.0333333333333331e-01,-1,-1,2.4444444444444990e-04,wind_direction:18.4_m:degrees
1877,-2,-2.0000000000000000e+00,-7.4545454545454540e-02,-1,-1,4.9752066115702539e-04,wind_direction:18.4_m:degrees
1878,-2,-2.0000000000000000e+00,-2.6666666666666661e-02,-1,-1,5.5555555555554786e-05,wind_direction:18.4_m:degrees
1879,-2,-2.0000000000000000e+00,-1.9923076923076921e-01,-1,-1,1.2224852071006029e-03,wind_direction:18.4_m:degrees
1880,-2,-2.0000000000000000e+00,-1.5100000000000000e-01,-1,-1,7.0900000000000477e-04,wind_direction:18.4_m:degrees
1881,3,1.0076499938964844e+03,-1.3888888888888890e-01,1883,1884,8.9876543209875537e-04,pressure:18.4_m:hPa
1882,-2,-2.0000000000000000e+00,-1.0666666666666667e-01,-1,-1,7.6888888888888840e-04,wind_direction:18.4_m:degrees
1883,-2,-2.0000000000000000e+00,-1.7307692307692307e-01,-1,-1,3.7514792899408927e-04,wind_direction:18.4_m:degrees
1884,-2,-2.0000000000000000e+00,-1.3235294117647062e-01,-1,-1,7.3269896193771389e-04,wind_direction:18.4_m:degrees
1885,-2,-2.0000000000000000e+00,-1.7049180327868858e-02,-1,-1,3.7162053211502264e-04,wind_direction:18.4_m:degrees
1886,-2,-2.0000000000000000e+00,-3.4609929078014176e-02,-1,-1,3.1420954680348441e-04,wind_direction:18.4_m:degrees
1887,-2,-2.0000000000000000e+00,-3.5866666666666663e-01,-1,-1,5.9822222222216670e-04,wind_direction:18.4_m:degrees
1888,8,5.5000000000000000e+00,-3.0333333333333329e-01,1889,1890,3.2555555555556365e-03,wave_period:0_m:s
1889,-2,-2.0000000000000000e+00,-2.4666666666666667e-01,-1,-1,8.8888888888888351e-05,wind_direction:18.4_m:degrees
1890,-2,-2.0000000000000000e+00,-3.6000000000000004e-01,-1,-1,5.5511151231257827e-17,wind_direction:18.4_m:degrees
1891,10,9.2889370918273926e+00,-1.7933333333333332e-01,1893,1894,1.4528888888889133e-03,wind_speed:18.4_m:m_s-1
1892,-2,-2.0000000000000000e+00,-1.2400000000000000e-01,-1,-1,6.4000000000025842e-05,wind_direction:18.4_m:degrees
1893,-2,-2.0000000000000000e+00,-1.5823529411764706e-01,-1,-1,8.7335640138408790e-04,wind_direction:18.4_m:degrees
1894,-2,-2.0000000000000000e+00,-2.0692307692307693e-01,-1,-1,8.6745562130177700e-04,wind_direction:18.4_m:degrees
1895,-2,-2.0000000000000000e+00,-2.3999999999999999e-01,-1,-1,6.9388939039072284e-18,wind_direction:18.4_m:degrees
1896,-2,-2.0000000000000000e+00,-1.7037037037037039e-01,-1,-1,5.7393689986280638e-04,wind_direction:18.4_m:degrees
1897,12,-8.4387861192226410e-02,-1.0789473684210525e-01,1899,1900,1.0587257617728461e-03,bulk_richardson:18.4_m:none
1898,4,1.2924258112907410e+00,-1.3666666666666669e-01,1901,1902,1.2814814814814807e-03,mixing_ratio:18.4_m:g_kg-1
1899,-2,-2.0000000000000000e+00,-1.2833333333333330e-01,-1,-1,6.1388888888889992e-04,wind_direction:18.4_m:degrees
1900,-2,-2.0000000000000000e+00,-8.9499999999999996e-02,-1,-1,7.4475000000000409e-04,wind_direction:18.4_m:degrees
1901,-2,-2.0000000000000000e+00,-9.5000000000000015e-02,-1,-1,7.9166666666666274e-04,wind_direction:18.4_m:degrees
1902,-2,-2.0000000000000000e+00,-1.4857142857142858e-01,-1,-1,7.8367346938775645e-04,wind_direction:18.4_m:degrees
1903,-2,-2.0000000000000000e+00,-1.1018867924528303e-01,-1,-1,1.1792096831612607e-03,wind_direction:18.4_m:degrees
1904,-2,-2.0000000000000000e+00,-6.4285714285714293e-02,-1,-1,1.1020408163264252e-04,wind_direction:18.4_m:degrees
1905,-2,-2.0000000000000000e+00,-3.1250000000000000e-02,-1,-1,1.1359375000000007e-03,wind_direction:18.4_m:degrees
1906,4,1.4282300472259521e+00,-6.4347826086956522e-02,1907,1908,9.6370510396975601e-04,mixing_ratio:18.4_m:g_kg-1
1907,-2,-2.0000000000000000e+00,-1.4999999999999999e-01,-1,-1,0.0000000000000000e+00,wind_direction:18.4_m:degrees
1908,-2,-2.0000000000000000e+00,-6.0454545454545469e-02,-1,-1,6.5888429752066153e-04,wind_direction:18.4_m:degrees
1909,-2,-2.0000000000000000e+00,-3.7800000000000000e-01,-1,-1,3.7599999999998746e-04,wind_direction:18.4_m:degrees
1910,-2,-2.0000000000000000e+00,-3.0599999999999999e-01,-1,-1,3.8399999999996770e-04,wind_direction:18.4_m:degrees
1911,10,1.1433166503906250e+01,-1.0897810218978100e-01,1913,1914,6.1355426501145775e-04,wind_speed:18.4_m:m_s-1
1912,-2,-2.0000000000000000e+00,-1.9000000000000000e-01,-1,-1,9.7144514654701197e-17,wind_direction:18.4_m:degrees
1913,-2,-2.0000000000000000e+00,-1.0036585365853659e-01,-1,-1,4.8401249256394691e-04,wind_direction:18.4_m:degrees
1914,-2,-2.0000000000000000e+00,-1.2181818181818181e-01,-1,-1,5.3123966942149325e-04,wind_direction:18.4_m:degrees
1915,0,7.4063488006591797e+01,-1.8923076923076920e-01,1917,1918,3.0071005917159874e-03,zenith:0_m:degrees
1916,-2,-2.0000000000000000e+00,-2.3384615384615384e-01,-1,-1,9.1597633136084045e-04,wind_direction:18.4_m:degrees
1917,-2,-2.0000000000000000e+00,-7.0000000000000007e-02,-1,-1,0.0000000000000000e+00,wind_direction:18.4_m:degrees
1918,7,1.9499999880790710e+00,-1.9916666666666663e-01,1919,1920,1.9743055555555625e-03,wave_height:0_m:m
1919,-2,-2.0000000000000000e+00,-2.2857142857142856e-01,-1,-1,1.1265306122449012e-03,wind_direction:18.4_m:degrees
1920,-2,-2.0000000000000000e+00,-1.5799999999999997e-01,-1,-1,2.5599999999999234e-04,wind_direction:18.4_m:degrees
1921,-2,-2.0000000000000000e+00,-1.5000000000000002e-01,-1,-1,2.9999999999999472e-04,wind_direction:18.4_m:degrees
1922,6,2.1000000000000000e+02,-8.9687500000000003e-02,1923,1924,9.6552734375000317e-04,wave_direction:0_m:degrees
1923,-2,-2.0000000000000000e+00,-1.3000000000000003e-01,-1,-1,5.9999999999999637e-04,wind_direction:18.4_m:degrees
1924,-2,-2.0000000000000000e+00,-7.8399999999999997e-02,-1,-1,4.8543999999999931e-04,wind_direction:18.4_m:degrees
1925,-2,-2.0000000000000000e+00,-2.2521739130434781e-01,-1,-1,2.2988657844990670e-03,wind_direction:18.4_m:degrees
1926,-2,-2.0000000000000000e+00,-3.4000000000000002e-01,-1,-1,2.4980018054066022e-16,wind_direction:18.4_m:degrees
1927,-2,-2.0000000000000000e+00,-2.1666666666666667e-02,-1,-1,1.4722222222222225e-04,wind_direction:18.4_m:degrees
1928,-2,-2.0000000000000000e+00,-7.4500000000000011e-02,-1,-1,6.5475000000000342e-04,wind_direction:18.4_m:degrees
1929,-2,-2.0000000000000000e+00,-2.4705882352941178e-02,-1,-1,3.8961937716262970e-04,wind_direction:18.4_m:degrees
1930,-2,-2.0000000000000000e+00,5.9999999999999998e-02,-1,-1,8.6736173798840355e-19,wind_direction:18.4_m:degrees
1931,-2,-2.0000000000000000e+00,-5.9777777777777784e-02,-1,-1,6.0661728395061719e-04,wind_direction:18.4_m:degrees
1932,-2,-2.0000000000000000e+00,-8.0444444444444443e-02,-1,-1,6.7313580246913893e-04,wind_direction:18.4_m:degrees
1933,-2,-2.0000000000000000e+00,-7.0999999999999996e-01,-1,-1,0.0000000000000000e+00,wind_direction:18.4_m:degrees
1934,-2,-2.0000000000000000e+00,-6.0666666666666669e-01,-1,-1,1.1555555555554098e-03,wind_direction:18.4_m:degrees
1935,-2,-2.0000000000000000e+00,-1.3000000000000000e-01,-1,-1,1.7777777777777670e-04,wind_direction:18.4_m:degrees
1936,-2,-2.0000000000000000e+00,-1.8500000000000000e-01,-1,-1,1.4749999999999902e-03,wind_direction:18.4_m:degrees
1937,-2,-2.0000000000000000e+00,-3.0199999999999999e-01,-1,-1,3.1599999999991357e-04,wind_direction:18.4_m:degrees
1938,-2,-2.0000000000000000e+00,-2.5000000000000006e-01,-1,-1,6.4444444444444748e-04,wind_direction:18.4_m:degrees
1939,-2,-2.0000000000000000e+00,-8.6250000000000004e-01,-1,-1,1.4187500000001352e-03,wind_direction:18.4_m:degrees
1940,-2,-2.0000000000000000e+00,-7.8250000000000008e-01,-1,-1,9.1874999999996820e-04,wind_direction:18.4_m:degrees
1941,-2,-2.0000000000000000e+00,-7.5555555555555542e-02,-1,-1,2.4691358024691613e-04,wind_direction:18.4_m:degrees
1942,-2,-2.0000000000000000e+00,-2.2222222222222223e-02,-1,-1,2.3950617283950487e-04,wind_direction:18.4_m:degrees
1943,-2,-2.0000000000000000e+00,-9.8749999999999991e-02,-1,-1,1.4843749999999406e-04,wind_direction:18.4_m:degrees
1944,-2,-2.0000000000000000e+00,-1.4999999999999999e-01,-1,-1,-3.4694469519536142e-18,wind_direction:18.4_m:degrees
1945,-2,-2.0000000000000000e+00,-3.0000000000000002e-02,-1,-1,4.9999999999999914e-05,wind_direction:18.4_m:degrees
1946,12,2.7683393098413944e-02,-8.7570093457943921e-02,1947,1948,8.4082452615949314e-04,bulk_richardson:18.4_m:none
1947,-2,-2.0000000000000000e+00,-8.5809523809523780e-02,-1,-1,6.9101133786848238e-04,wind_direction:18.4_m:degrees
1948,-2,-2.0000000000000000e+00,-1.7999999999999999e-01,-1,-1,1.3877787807814457e-16,wind_direction:18.4_m:degrees
1949,-2,-2.0000000000000000e+00,-5.0000000000000003e-02,-1,-1,0.0000000000000000e+00,wind_direction:18.4_m:degrees
1950,-2,-2.0000000000000000e+00,-1.3062500000000002e-01,-1,-1,4.7085937499999342e-04,wind_direction:18.4_m:degrees
1951,-2,-2.0000000000000000e+00,-3.7272727272727280e-01,-1,-1,1.3834710743801104e-03,wind_direction:18.4_m:degrees
1952,-2,-2.0000000000000000e+00,-4.2499999999999999e-01,-1,-1,1.1749999999999261e-03,wind_direction:18.4_m:degrees
1953,-2,-2.0000000000000000e+00,-1.7538461538461542e-01,-1,-1,8.2485207100592428e-04,wind_direction:18.4_m:degrees
1954,-2,-2.0000000000000000e+00,-8.9999999999999997e-02,-1,-1,-1.9081958235744878e-17,wind_direction:18.4_m:degrees
1955,-2,-2.0000000000000000e+00,-1.1499999999999999e-01,-1,-1,7.5000000000002148e-05,wind_direction:18.4_m:degrees
1956,-2,-2.0000000000000000e+00,-4.6249999999999999e-02,-1,-1,2.4843749999999953e-04,wind_direction:18.4_m:degrees
1957,-2,-2.0000000000000000e+00,-1.4625000000000004e-02,-1,-1,3.3735937499999999e-04,wind_direction:18.4_m:degrees
1958,-2,-2.0000000000000000e+00,-2.9670329670329652e-02,-1,-1,3.3395725153967154e-04,wind_direction:18.4_m:degrees
1959,-2,-2.0000000000000000e+00,-1.2990196078431374e-01,-1,-1,1.0950884275278544e-03,wind_direction:18.4_m:degrees
1960,2,2.8338999938964844e+02,-1.0249999999999999e-01,1961,1962,1.7587499999999964e-03,water_sfc_temperature:0_m:K
1961,10,8.9435811042785645e+00,-1.2230769230769231e-01,1963,1964,1.3100591715976342e-03,wind_speed:18.4_m:m_s-1
1962,-2,-2.0000000000000000e+00,-6.5714285714285711e-02,-1,-1,5.1020408163265658e-04,wind_direction:18.4_m:degrees
1963,-2,-2.0000000000000000e+00,-1.0400000000000001e-01,-1,-1,1.4399999999999656e-04,wind_direction:18.4_m:degrees
1964,-2,-2.0000000000000000e+00,-1.8333333333333335e-01,-1,-1,3.5555555555558116e-04,wind_direction:18.4_m:degrees
1965,-2,-2.0000000000000000e+00,-1.3280701754385968e-01,-1,-1,6.5176977531548538e-04,wind_direction:18.4_m:degrees
1966,-2,-2.0000000000000000e+00,-1.6833333333333333e-01,-1,-1,7.3055555555552598e-04,wind_direction:18.4_m:degrees
1967,2,2.9155000305175781e+02,-8.9507042253521116e-02,1969,1970,5.7933445744893022e-04,water_sfc_temperature:0_m:K
1968,-2,-2.0000000000000000e+00,-7.1509433962264141e-02,-1,-1,3.1470274118899910e-04,wind_direction:18.4_m:degrees
1969,-2,-2.0000000000000000e+00,-8.1698113207547149e-02,-1,-1,2.9145603417586596e-04,wind_direction:18.4_m:degrees
1970,-2,-2.0000000000000000e+00,-1.1249999999999999e-01,-1,-1,7.1875000000000237e-04,wind_direction:18.4_m:degrees
1971,-2,-2.0000000000000000e+00,-7.5521472392638012e-02,-1,-1,5.7932929353758395e-04,wind_direction:18.4_m:degrees
1972,-2,-2.0000000000000000e+00,-9.6111111111111105e-02,-1,-1,5.2376543209875157e-04,wind_direction:18.4_m:degrees
1973,4,1.3900885105133057e+01,-1.0648648648648648e-01,2005,2006,5.9576333089847097e-04,mixing_ratio:18.4_m:g_kg-1
1974,-2,-2.0000000000000000e+00,-8.7857142857142870e-02,-1,-1,4.5112244897958526e-04,wind_direction:18.4_m:degrees
1975,-2,-2.0000000000000000e+00,-4.3243243243243260e-02,-1,-1,4.3272461650839967e-04,wind_direction:18.4_m:degrees
1976,11,2.7522499084472656e+02,-6.6451612903225807e-02,1977,1978,6.7127991675338186e-04,wind_direction:18.4_m:degrees
1977,-2,-2.0000000000000000e+00,-5.8846153846153854e-02,-1,-1,4.0251479289940811e-04,wind_direction:18.4_m:degrees
1978,-2,-2.0000000000000000e+00,-1.0600000000000001e-01,-1,-1,2.0399999999998891e-04,wind_direction:18.4_m:degrees
1979,12,-9.6260212361812592e-02,-7.4814814814814820e-02,1981,1982,1.4620027434842217e-03,bulk_richardson:18.4_m:none
1980,-2,-2.0000000000000000e+00,-1.1777777777777779e-01,-1,-1,1.1950617283950585e-03,wind_direction:18.4_m:degrees
1981,-2,-2.0000000000000000e+00,-1.6000000000000000e-01,-1,-1,4.0000000000000105e-04,wind_direction:18.4_m:degrees
1982,-2,-2.0000000000000000e+00,-6.8000000000000005e-02,-1,-1,9.1999999999999981e-04,wind_direction:18.4_m:degrees
1983,-2,-2.0000000000000000e+00,-5.2000000000000002e-01,-1,-1,0.0000000000000000e+00,wind_direction:18.4_m:degrees
1984,-2,-2.0000000000000000e+00,-4.3600000000000005e-01,-1,-1,1.5306666666665969e-03,wind_direction:18.4_m:degrees
1985,-2,-2.0000000000000000e+00,-5.2333333333333332e-01,-1,-1,2.0222222222222030e-03,wind_direction:18.4_m:degrees
1986,-2,-2.0000000000000000e+00,-4.4200000000000000e-01,-1,-1,3.7600000000001521e-04,wind_direction:18.4_m:degrees
1987,-2,-2.0000000000000000e+00,1.0000000000000000e-02,-1,-1,0.0000000000000000e+00,wind_direction:18.4_m:degrees
1988,-2,-2.0000000000000000e+00,-1.0181034482758620e-01,-1,-1,1.1493088585017713e-03,wind_direction:18.4_m:degrees
1989,7,7.5000000000000000e-01,-2.0149719276356771e-02,1991,1992,3.4108800210459837e-04,wave_height:0_m:m
1990,-2,-2.0000000000000000e+00,-7.0000000000000007e-02,-1,-1,5.9999999999962080e-04,wind_direction:18.4_m:degrees
1991,-2,-2.0000000000000000e+00,-1.4881720430107494e-02,-1,-1,3.1659891316915376e-04,wind_direction:18.4_m:degrees
1992,-2,-2.0000000000000000e+00,-2.2302284710017516e-02,-1,-1,3.3512127773264609e-04,wind_direction:18.4_m:degrees
1993,9,8.8949550628662109e+01,-1.5063829787234045e-01,1995,1996,2.0698053417836162e-03,angle_between_wind_wave:0_m:degrees
1994,-2,-2.0000000000000000e+00,-1.9571428571428573e-01,-1,-1,9.3877551020412481e-04,wind_direction:18.4_m:degrees
1995,4,1.3824132084846497e+00,-1.5697674418604654e-01,1997,1998,1.6862087614926968e-03,mixing_ratio:18.4_m:g_kg-1
1996,-2,-2.0000000000000000e+00,-8.2500000000000004e-02,-1,-1,1.1187499999999566e-03,wind_direction:18.4_m:degrees
1997,10,9.8767170906066895e+00,-1.7423076923076927e-01,1999,2000,1.4244082840236434e-03,wind_speed:18.4_m:m_s-1
1998,-2,-2.0000000000000000e+00,-1.3058823529411767e-01,-1,-1,9.3494809688585145e-04,wind_direction:18.4_m:degrees
1999,-2,-2.0000000000000000e+00,-1.2200000000000003e-01,-1,-1,2.5599999999999408e-04,wind_direction:18.4_m:degrees
2000,-2,-2.0000000000000000e+00,-1.8666666666666665e-01,-1,-1,8.9841269841268306e-04,wind_direction:18.4_m:degrees
2001,-2,-2.0000000000000000e+00,-1.3500000000000001e-01,-1,-1,4.2499999999999830e-04,wind_direction:18.4_m:degrees
2002,-2,-2.0000000000000000e+00,-8.5714285714285715e-02,-1,-1,2.8163265306122270e-04,wind_direction:18.4_m:degrees
2003,-2,-2.0000000000000000e+00,-5.0000000000000010e-03,-1,-1,1.2250000000000000e-03,wind_direction:18.4_m:degrees
2004,-2,-2.0000000000000000e+00,-9.8000000000000004e-02,-1,-1,9.5999999999998864e-05,wind_direction:18.4_m:degrees
2005,-2,-2.0000000000000000e+00,-1.0080645161290322e-01,-1,-1,4.5257544224766404e-04,wind_direction:18.4_m:degrees
2006,-2,-2.0000000000000000e+00,-1.3583333333333333e-01,-1,-1,3.0763888888887814e-04,wind_direction:18.4_m:degrees
2007,-2,-2.0000000000000000e+00,-5.0500000000000000e-01,-1,-1,2.2499999999997522e-04,wind_direction:18.4_m:degrees
2008,-2,-2.0000000000000000e+00,-4.1900000000000004e-01,-1,-1,8.0899999999994865e-04,wind_direction:18.4_m:degrees
2009,-2,-2.0000000000000000e+00,-2.0000000000000001e-01,-1,-1,8.9999999999999802e-04,wind_direction:18.4_m:degrees
2010,-2,-2.0000000000000000e+00,-1.1900000000000001e-01,-1,-1,8.2233333333333290e-04,wind_direction:18.4_m:degrees
2011,-2,-2.0000000000000000e+00,-7.0465116279069762e-02,-1,-1,8.8350459707950326e-04,wind_direction:18.4_m:degrees
2012,7,2.7500000000000000e+00,-4.9500000000000009e-02,2013,2014,8.7975000000000032e-04,wave_height:0_m:m
2013,-2,-2.0000000000000000e+00,-4.5540540540540540e-02,-1,-1,7.3822132943754479e-04,wind_direction:18.4_m:degrees
2014,-2,-2.0000000000000000e+00,-9.8333333333333342e-02,-1,-1,4.7222222222224539e-05,wind_direction:18.4_m:degrees
2015,-2,-2.0000000000000000e+00,-1.0000000000000000e-02,-1,-1,0.0000000000000000e+00,wind_direction:18.4_m:degrees
2016,-2,-2.0000000000000000e+00,-1.2388888888888888e-01,-1,-1,3.7932098765431667e-04,wind_direction:18.4_m:degrees
2017,-2,-2.0000000000000000e+00,-1.0653846153846155e-01,-1,-1,6.1109467455625066e-04,wind_direction:18.4_m:degrees
2018,-2,-2.0000000000000000e+00,-1.3055555555555556e-01,-1,-1,7.8302469135799191e-04,wind_direction:18.4_m:degrees
2019,-2,-2.0000000000000000e+00,-1.6758620689655171e-01,-1,-1,9.2865636147443018e-04,wind_direction:18.4_m:degrees
2020,-2,-2.0000000000000000e+00,-1.1400000000000002e-01,-1,-1,6.4000000000032781e-05,wind_direction:18.4_m:degrees
2021,-2,-2.0000000000000000e+00,-1.9000000000000000e-01,-1,-1,0.0000000000000000e+00,wind_direction:18.4_m:degrees
2022,-2,-2.0000000000000000e+00,-1.3184210526315790e-01,-1,-1,1.1834487534626119e-03,wind_direction:18.4_m:degrees
2023,-2,-2.0000000000000000e+00,-5.0000000000000000e-01,-1,-1,0.0000000000000000e+00,wind_direction:18.4_m:degrees
2024,-2,-2.0000000000000000e+00,-4.1142857142857142e-01,-1,-1,9.5510204081630801e-04,wind_direction:18.4_m:degrees
2025,1,3.1213029479980469e+02,-1.2564102564102564e-02,2027,2028,1.1370151216305063e-03,azimuth:0_m:degrees
2026,-2,-2.0000000000000000e+00,-3.0599793174767239e-02,-1,-1,3.3531760078452392e-04,wind_direction:18.4_m:degrees
2027,11,1.4748999786376953e+02,-1.7567567567567572e-02,2029,2030,7.1029948867786712e-04,wind_direction:18.4_m:degrees
2028,-2,-2.0000000000000000e+00,8.0000000000000002e-02,-1,-1,-6.9388939039072284e-18,wind_direction:18.4_m:degrees
2029,-2,-2.0000000000000000e+00,7.0000000000000007e-02,-1,-1,0.0000000000000000e+00,wind_direction:18.4_m:degrees
2030,-2,-2.0000000000000000e+00,-2.2571428571428579e-02,-1,-1,2.8767346938775491e-04,wind_direction:18.4_m:degrees
2031,12,6.2170024961233139e-02,-1.8070175438596519e-03,2033,2034,6.8217328408741093e-04,bulk_richardson:18.4_m:none
2032,-2,-2.0000000000000000e+00,-7.2608396421197114e-03,-1,-1,3.5547015951523071e-04,wind_direction:18.4_m:degrees
2033,11,3.4600500488281250e+02,-3.8622129436325704e-03,2043,2044,3.7902903142855926e-04,wind_direction:18.4_m:degrees
2034,12,6.4816515892744064e-02,9.0109890109890123e-03,2035,2036,2.1385822968240501e-03,bulk_richardson:18.4_m:none
2035,1,3.1010200500488281e+02,1.0750000000000001e-01,2041,2042,8.5687500000000017e-03,azimuth:0_m:degrees
2036,6,2.1050000000000000e+02,4.4827586206896549e-03,2037,2038,1.3764565992865632e-03,wave_direction:0_m:degrees
2037,-2,-2.0000000000000000e+00,-2.6923076923076922e-03,-1,-1,4.5044378698224854e-04,wind_direction:18.4_m:degrees
2038,11,2.4309500122070312e+02,6.6666666666666680e-02,2039,2040,5.0888888888888919e-03,wind_direction:18.4_m:degrees
2039,-2,-2.0000000000000000e+00,1.4500000000000002e-01,-1,-1,2.2499999999999604e-04,wind_direction:18.4_m:degrees
2040,-2,-2.0000000000000000e+00,3.9999999999999992e-03,-1,-1,1.4399999999999900e-04,wind_direction:18.4_m:degrees
2041,-2,-2.0000000000000000e+00,1.4999999999999999e-02,-1,-1,2.4999999999999605e-05,wind_direction:18.4_m:degrees
2042,-2,-2.0000000000000000e+00,2.0000000000000001e-01,-1,-1,0.0000000000000000e+00,wind_direction:18.4_m:degrees
2043,-2,-2.0000000000000000e+00,-4.4537815126050396e-03,-1,-1,3.2049996469175895e-04,wind_direction:18.4_m:degrees
2044,-2,-2.0000000000000000e+00,9.0000000000000011e-02,-1,-1,8.0000000000004026e-04,wind_direction:18.4_m:degrees
2045,-2,-2.0000000000000000e+00,-9.8666666666666680e-02,-1,-1,5.7155555555555432e-04,wind_direction:18.4_m:degrees
2046,-2,-2.0000000000000000e+00,-6.5476190476190493e-02,-1,-1,1.1438208616780026e-03,wind_direction:18.4_m:degrees
