Node,feature,threshold,value,children_left,children_right,impurity,feature_name
0,10,1.1875460147857666e+01,-6.1111237721917962e-02,1,2,8.8424853813604733e-03,wind_speed:18.4_m:m_s-1
1,10,8.7566690444946289e+00,-4.2114637146363182e-02,3,4,2.6430363048198366e-03,wind_speed:18.4_m:m_s-1
2,10,1.4668473243713379e+01,-3.0026014245896587e-01,5,6,2.5152363419121054e-02,wind_speed:18.4_m:m_s-1
3,10,6.1920108795166016e+00,-2.6771993360491013e-02,7,8,1.1047753858415242e-03,wind_speed:18.4_m:m_s-1
4,12,-2.0475044846534729e-02,-1.0976314038589467e-01,11,12,3.8112812228775789e-03,bulk_richardson:18.4_m:none
5,4,3.8544704914093018e+00,-2.3381725021349320e-01,13,14,9.5601510602436046e-03,mixing_ratio:18.4_m:g_kg-1
6,10,1.7018360137939453e+01,-4.7569334836527610e-01,9,10,2.3888329865564356e-02,wind_speed:18.4_m:m_s-1
7,10,4.4176068305969238e+00,-1.5365136021608486e-02,27,28,6.3133976077165929e-04,wind_speed:18.4_m:m_s-1
8,11,2.8483999633789062e+02,-4.5838909941142689e-02,17,18,1.3150968428665530e-03,wind_direction:18.4_m:degrees
9,4,5.1835289001464844e+00,-4.1726094003241515e-01,15,16,1.4463648279829683e-02,mixing_ratio:18.4_m:g_kg-1
10,10,2.0379541397094727e+01,-6.0922222222222222e-01,29,30,1.9793098765432060e-02,wind_speed:18.4_m:m_s-1
11,10,1.0430026531219482e+01,-1.4959003215434089e-01,19,20,5.0174364279731466e-03,wind_speed:18.4_m:m_s-1
12,10,1.0478955268859863e+01,-9.0051720708175992e-02,21,22,2.0407373289468254e-03,wind_speed:18.4_m:m_s-1
13,10,1.3489872455596924e+01,-2.8002661934338974e-01,23,24,8.7986683242411712e-03,wind_speed:18.4_m:m_s-1
14,11,2.3700499725341797e+02,-1.9095473251028833e-01,39,40,6.4486358109360764e-03,wind_direction:18.4_m:degrees
15,11,2.6009500122070312e+02,-4.4946830265848697e-01,37,38,1.0647570058672867e-02,wind_direction:18.4_m:degrees
16,7,1.2500000000000000e+00,-2.9421874999999997e-01,55,56,9.9400146484378699e-03,wave_height:0_m:m
17,10,7.7378745079040527e+00,-3.7652365236523530e-02,35,36,7.1165032718896394e-04,wind_speed:18.4_m:m_s-1
18,12,-1.3722643721848726e-02,-6.8300633866586385e-02,25,26,2.2823823026468307e-03,bulk_richardson:18.4_m:none
19,10,9.4101939201354980e+00,-1.2874628639334523e-01,59,60,3.4696700322578572e-03,wind_speed:18.4_m:m_s-1
20,4,1.5763024091720581e+00,-1.9316770186335389e-01,47,48,5.4459905096250413e-03,mixing_ratio:18.4_m:g_kg-1
21,5,6.5750000000000000e+01,-7.5550860247510163e-02,69,70,1.3324538726375221e-03,relative_humidity:18.4_m:%
22,5,7.2549999237060547e+01,-1.1808051341890319e-01,49,50,2.2177274732481916e-03,relative_humidity:18.4_m:%
23,11,3.1607000732421875e+02,-2.5717557251908407e-01,43,44,7.0892236272165621e-03,wind_direction:18.4_m:degrees
24,7,1.1500000357627869e+00,-3.3269794721407625e-01,51,52,8.7610495265786764e-03,wave_height:0_m:m
25,0,8.0040267944335938e+01,-7.7019817073171085e-02,61,62,1.9898989975274638e-03,zenith:0_m:degrees
26,4,1.6351727843284607e+00,-3.5094339622641475e-02,167,168,2.0040912451734184e-03,mixing_ratio:18.4_m:g_kg-1
27,5,6.4950000762939453e+01,-8.3977735811550849e-03,157,158,5.6409622404613206e-04,relative_humidity:18.4_m:%
28,12,-7.1087926626205444e-02,-2.1934214225471302e-02,31,32,6.0581743214192449e-04,bulk_richardson:18.4_m:none
29,11,2.5155000305175781e+02,-5.9486274509803894e-01,33,34,1.6195177239523240e-02,wind_direction:18.4_m:degrees
30,3,9.8664999389648438e+02,-8.5333333333333328e-01,105,106,1.7862222222223445e-02,pressure:18.4_m:hPa
31,0,7.3129432678222656e+01,-3.6877794336810925e-02,93,94,8.4122053522443980e-04,zenith:0_m:degrees
32,12,-1.3930945191532373e-02,-1.6912482784525257e-02,107,108,4.2645071058796963e-04,bulk_richardson:18.4_m:none
33,10,1.8696164131164551e+01,-5.1592592592592579e-01,101,102,1.0367352537723029e-02,wind_speed:18.4_m:m_s-1
34,10,1.8901053428649902e+01,-6.3160919540229843e-01,57,58,1.4657180605100184e-02,wind_speed:18.4_m:m_s-1
35,12,-2.6076106354594231e-02,-3.1760655737705409e-02,81,82,5.3545746842245884e-04,bulk_richardson:18.4_m:none
36,12,-1.8773815594613552e-02,-4.9672240802675890e-02,53,54,8.5581230635002224e-04,bulk_richardson:18.4_m:none
37,10,1.5810946941375732e+01,-3.1757575757575762e-01,375,376,3.7880624426078757e-03,wind_speed:18.4_m:m_s-1
38,3,1.0125000000000000e+03,-4.5901315789473668e-01,75,76,9.7939822830099277e-03,pressure:18.4_m:hPa
39,7,1.7500000000000000e+00,-1.7153958944281533e-01,121,122,4.7159581100953245e-03,wave_height:0_m:m
40,10,1.3079950332641602e+01,-2.1579737335834914e-01,41,42,7.5662028448828730e-03,wind_speed:18.4_m:m_s-1
41,4,5.0013186931610107e+00,-1.7937908496732016e-01,113,114,5.2398105429535199e-03,mixing_ratio:18.4_m:g_kg-1
42,10,1.4119924545288086e+01,-2.6488986784140967e-01,79,80,6.5042830250924971e-03,wind_speed:18.4_m:m_s-1
43,11,2.6889500427246094e+02,-2.7275618374558325e-01,45,46,7.2051242992170056e-03,wind_direction:18.4_m:degrees
44,11,3.2750498962402344e+02,-2.1709090909090914e-01,175,176,4.5597190082645733e-03,wind_direction:18.4_m:degrees
45,10,1.2415484905242920e+01,-1.7851851851851855e-01,627,628,2.6644718792866798e-03,wind_speed:18.4_m:m_s-1
46,12,-2.7560172602534294e-02,-2.8269531250000030e-01,65,66,6.6485946655272660e-03,bulk_richardson:18.4_m:none
47,10,1.0814244270324707e+01,-2.2709302325581396e-01,223,224,4.7128673156661485e-03,wind_speed:18.4_m:m_s-1
48,0,6.3621606826782227e+01,-1.7716636197440572e-01,85,86,4.9928845723224702e-03,zenith:0_m:degrees
49,10,1.0970147609710693e+01,-1.4779291553133508e-01,181,182,2.9468998953144331e-03,wind_speed:18.4_m:m_s-1
50,10,1.1077711582183838e+01,-1.0998515219005195e-01,115,116,1.7129916132470804e-03,wind_speed:18.4_m:m_s-1
51,12,-3.5640655085444450e-02,-2.5408163265306133e-01,143,144,5.1221157850894899e-03,bulk_richardson:18.4_m:none
52,6,1.9450000000000000e+02,-3.4589041095890388e-01,71,72,8.1605085381872972e-03,wave_direction:0_m:degrees
53,11,2.7005499267578125e+02,-7.2944550669215971e-02,151,152,1.7592072504195311e-03,wind_direction:18.4_m:degrees
54,12,2.7491702698171139e-02,-4.4738548844750821e-02,275,276,5.2513431860750975e-04,bulk_richardson:18.4_m:none
55,10,1.5693061351776123e+01,-7.0500000000000007e-01,463,464,2.4024999999999908e-02,wind_speed:18.4_m:m_s-1
56,11,2.4494499969482422e+02,-2.8769841269841268e-01,83,84,6.9954963466868358e-03,wind_direction:18.4_m:degrees
57,11,3.1887500000000000e+02,-6.0999999999999999e-01,111,112,1.2331428571428882e-02,wind_direction:18.4_m:degrees
58,4,4.9505860805511475e+00,-7.2058823529411764e-01,147,148,1.4393771626298180e-02,mixing_ratio:18.4_m:g_kg-1
59,11,1.5299500274658203e+02,-1.1295640326975476e-01,109,110,2.9698700339300110e-03,wind_direction:18.4_m:degrees
60,0,8.8190109252929688e+01,-1.4095890410958911e-01,99,100,3.5142543701372521e-03,zenith:0_m:degrees
61,7,9.4999998807907104e-01,-6.0488145048814529e-02,129,130,2.3505287994880220e-03,wave_height:0_m:m
62,10,7.6459596157073975e+00,-8.3235448348190924e-02,63,64,1.7129193936504701e-03,wind_speed:18.4_m:m_s-1
63,6,2.2350000000000000e+02,-7.2014331210191115e-02,293,294,1.2113087118138738e-03,wave_direction:0_m:degrees
64,6,2.1200000000000000e+02,-1.0488479262672812e-01,209,210,1.9690727487664192e-03,wave_direction:0_m:degrees
65,10,1.3115380764007568e+01,-3.0384057971014505e-01,89,90,6.2497427011129064e-03,wind_speed:18.4_m:m_s-1
66,3,1.0100499877929688e+03,-2.5796610169491518e-01,67,68,5.9806090203963214e-03,pressure:18.4_m:hPa
67,9,9.0958751678466797e+01,-2.7823863636363638e-01,153,154,4.6576930526859572e-03,angle_between_wind_wave:0_m:degrees
68,0,1.4646823120117188e+02,-1.9849999999999998e-01,173,174,5.1194166666668692e-03,zenith:0_m:degrees
69,11,3.5302999877929688e+02,-1.0137026239067057e-01,73,74,3.2351486200477685e-03,wind_direction:18.4_m:degrees
70,11,2.0056500244140625e+02,-7.2569023569023838e-02,91,92,1.0268344613360240e-03,wind_direction:18.4_m:degrees
71,1,2.0875648975372314e+01,-2.2764705882352942e-01,259,260,8.2532871972318331e-03,azimuth:0_m:degrees
72,10,1.4190777301788330e+01,-3.5320000000000018e-01,131,132,7.2370327272729407e-03,wind_speed:18.4_m:m_s-1
73,10,9.2267193794250488e+00,-9.8823529411764671e-02,241,242,2.0703806228373721e-03,wind_speed:18.4_m:m_s-1
74,7,7.5000001490116119e-01,-3.9000000000000007e-01,117,118,5.1199999999999440e-02,wave_height:0_m:m
75,10,1.5689773559570312e+01,-4.4804289544235942e-01,77,78,9.0339713503301278e-03,wind_speed:18.4_m:m_s-1
76,8,5.2500000000000000e+00,-5.0831325301204833e-01,135,136,1.0238118740018842e-02,wave_period:0_m:s
77,1,2.7511195373535156e+02,-4.1895734597156420e-01,177,178,7.1780597920076405e-03,azimuth:0_m:degrees
78,9,8.7911567687988281e+01,-4.8592592592592593e-01,161,162,8.9142661179709148e-03,angle_between_wind_wave:0_m:degrees
79,2,2.8763999938964844e+02,-2.4879120879120875e-01,95,96,5.1875498128246267e-03,water_sfc_temperature:0_m:K
80,2,2.8375999450683594e+02,-3.3000000000000002e-01,171,172,6.5422222222218940e-03,water_sfc_temperature:0_m:K
81,10,7.0037734508514404e+00,-4.2598752598752641e-02,281,282,7.6531855700253683e-04,wind_speed:18.4_m:m_s-1
82,12,2.0028463564813137e-02,-2.8402404981748276e-02,231,232,4.1655870583292177e-04,bulk_richardson:18.4_m:none
83,12,2.1204201504588127e-02,-2.6133333333333342e-01,387,388,4.7137777777777334e-03,bulk_richardson:18.4_m:none
84,10,1.6130932807922363e+01,-3.5361111111111110e-01,271,272,6.6175154320988472e-03,wind_speed:18.4_m:m_s-1
85,4,4.8926990032196045e+00,-1.3456521739130439e-01,125,126,6.3487240075614168e-03,mixing_ratio:18.4_m:g_kg-1
86,11,3.1579000854492188e+02,-1.8578021978021989e-01,87,88,4.2775780702814376e-03,wind_direction:18.4_m:degrees
87,4,2.9205961227416992e+00,-1.9975384615384625e-01,187,188,4.0793240236686179e-03,mixing_ratio:18.4_m:g_kg-1
88,1,8.4865692138671875e+01,-1.5084615384615391e-01,307,308,3.0646686390532960e-03,azimuth:0_m:degrees
89,3,1.0107500000000000e+03,-2.9123893805309742e-01,141,142,5.6427128201110288e-03,pressure:18.4_m:hPa
90,2,2.8036500549316406e+02,-3.6080000000000007e-01,201,202,5.0313600000002623e-03,water_sfc_temperature:0_m:K
91,10,9.4580388069152832e+00,-8.4431578947368413e-02,203,204,1.0330979501385106e-03,wind_speed:18.4_m:m_s-1
92,5,7.2049999237060547e+01,-6.6990099009900994e-02,563,564,9.2658406038612518e-04,relative_humidity:18.4_m:%
93,4,1.3736175894737244e+00,-2.0899280575539508e-02,745,746,7.9127762538171208e-04,mixing_ratio:18.4_m:g_kg-1
94,10,5.5352191925048828e+00,-4.1052631578947542e-02,119,120,7.7013256826272223e-04,wind_speed:18.4_m:m_s-1
95,2,2.8426499938964844e+02,-2.6853846153846139e-01,97,98,4.1740177514793808e-03,water_sfc_temperature:0_m:K
96,4,5.6984481811523438e+00,-1.9942307692307690e-01,273,274,4.3092825443786439e-03,mixing_ratio:18.4_m:g_kg-1
97,2,2.8007499694824219e+02,-2.2534482758620686e-01,579,580,2.8283293697978634e-03,water_sfc_temperature:0_m:K
98,9,8.9476070404052734e+01,-3.0333333333333329e-01,621,622,2.5444444444445852e-03,angle_between_wind_wave:0_m:degrees
99,2,2.8765501403808594e+02,-1.2565320665083130e-01,243,244,3.0815804469620546e-03,water_sfc_temperature:0_m:K
100,11,1.5937999725341797e+02,-1.5316287878787893e-01,191,192,3.5235189250459598e-03,wind_direction:18.4_m:degrees
101,9,8.7710498809814453e+01,-4.6388888888888896e-01,103,104,1.2034876543209783e-02,angle_between_wind_wave:0_m:degrees
102,6,2.1400000000000000e+02,-5.5755555555555547e-01,409,410,5.1340246913582077e-03,wave_direction:0_m:degrees
103,-2,-2.0000000000000000e+00,-7.9000000000000004e-01,-1,-1,0.0000000000000000e+00,wind_direction:18.4_m:degrees
104,4,5.2780628204345703e+00,-4.4470588235294117e-01,251,252,6.1190311418683752e-03,mixing_ratio:18.4_m:g_kg-1
105,8,7.5000000000000000e+00,-1.0060000000000000e+00,645,646,7.6640000000001152e-03,wave_period:0_m:s
106,8,5.5000000000000000e+00,-7.7700000000000002e-01,685,686,5.4810000000002912e-03,wave_period:0_m:s
107,10,5.5914936065673828e+00,-2.1955930359086238e-02,237,238,4.2498282391678838e-04,wind_speed:18.4_m:m_s-1
108,12,3.4493405371904373e-02,-1.2611922987705968e-02,327,328,3.8751791861710543e-04,bulk_richardson:18.4_m:none
109,0,5.3843095779418945e+01,-6.5692307692307703e-02,893,894,1.5352899408284017e-03,zenith:0_m:degrees
110,4,7.8433418273925781e-01,-1.1754857997010461e-01,195,196,2.8711205846800661e-03,mixing_ratio:18.4_m:g_kg-1
111,0,1.0352158737182617e+02,-6.1825757575757589e-01,163,164,1.1679539715334919e-02,zenith:0_m:degrees
112,11,3.1994499206542969e+02,-4.7374999999999995e-01,1107,1108,3.3984375000024047e-03,wind_direction:18.4_m:degrees
113,5,5.0500000000000000e+01,-2.1212121212121218e-01,257,258,4.6712580348943628e-03,relative_humidity:18.4_m:%
114,11,2.8152499389648438e+02,-1.6371980676328499e-01,139,140,4.7537958878854751e-03,wind_direction:18.4_m:degrees
115,11,2.0768000030517578e+02,-9.9145427286356752e-02,215,216,1.2291047879358918e-03,wind_direction:18.4_m:degrees
116,12,2.6992257684469223e-02,-1.2061764705882352e-01,169,170,1.9593243944636511e-03,bulk_richardson:18.4_m:none
117,-2,-2.0000000000000000e+00,-7.0000000000000007e-02,-1,-1,0.0000000000000000e+00,wind_direction:18.4_m:degrees
118,-2,-2.0000000000000000e+00,-5.5000000000000004e-01,-1,-1,0.0000000000000000e+00,wind_direction:18.4_m:degrees
119,11,2.7799000549316406e+02,-3.4756008739985467e-02,213,214,6.1459815216887391e-04,wind_direction:18.4_m:degrees
120,11,1.6658999633789062e+02,-5.2503311258278118e-02,317,318,8.4975992281038351e-04,wind_direction:18.4_m:degrees
121,10,1.3992303371429443e+01,-1.5733333333333327e-01,145,146,3.8682512077295034e-03,wind_speed:18.4_m:m_s-1
122,10,1.3418458938598633e+01,-1.8608308605341248e-01,123,124,5.1656666872121615e-03,wind_speed:18.4_m:m_s-1
123,5,1.0150000000000000e+02,-1.6165178571428576e-01,205,206,2.8718251753826821e-03,relative_humidity:18.4_m:%
124,9,9.0700180053710938e+01,-2.3451327433628325e-01,155,156,6.1840551335264962e-03,angle_between_wind_wave:0_m:degrees
125,4,1.7953032255172729e+00,-1.1147058823529411e-01,421,422,2.7596020761245562e-03,mixing_ratio:18.4_m:g_kg-1
126,6,2.3050000000000000e+02,-1.9999999999999998e-01,127,128,1.0724999999999950e-02,wave_direction:0_m:degrees
127,-2,-2.0000000000000000e+00,-1.0727272727272727e-01,-1,-1,1.0016528925619848e-03,wind_direction:18.4_m:degrees
128,6,2.3900000000000000e+02,-2.7846153846153848e-01,537,538,5.5207100591715685e-03,wave_direction:0_m:degrees
129,12,-1.7744433879852295e-01,-5.2306238185255198e-02,211,212,2.0109383542797465e-03,bulk_richardson:18.4_m:none
130,1,1.5699831390380859e+02,-8.3510638297872322e-02,415,416,2.5876754187415096e-03,azimuth:0_m:degrees
131,12,-2.9243662953376770e-02,-3.3696629213483142e-01,133,134,6.4593359424314073e-03,bulk_richardson:18.4_m:none
132,11,3.0952000427246094e+02,-3.8298969072164962e-01,183,184,7.2931236050587100e-03,wind_direction:18.4_m:degrees
133,5,5.2149999618530273e+01,-3.7027777777777782e-01,471,472,7.5971450617283443e-03,relative_humidity:18.4_m:%
134,2,2.7496000671386719e+02,-3.1433962264150939e-01,295,296,4.4207903168388130e-03,water_sfc_temperature:0_m:K
135,11,3.0878001403808594e+02,-4.5533333333333348e-01,757,758,5.1315555555554171e-03,wind_direction:18.4_m:degrees
136,7,2.0499999523162842e+00,-5.3830188679245294e-01,137,138,1.0640512637949295e-02,wave_height:0_m:m
137,0,1.5647970581054688e+02,-4.8320000000000007e-01,383,384,8.4857599999997591e-03,zenith:0_m:degrees
138,1,2.9680888366699219e+02,-5.8750000000000002e-01,517,518,7.4330357142857184e-03,azimuth:0_m:degrees
139,10,1.2268139362335205e+01,-1.8169117647058824e-01,179,180,2.9566987456747726e-03,wind_speed:18.4_m:m_s-1
140,1,2.8899900817871094e+02,-1.2929577464788733e-01,159,160,6.3924618131323031e-03,azimuth:0_m:degrees
141,12,-3.5678900778293610e-02,-3.1540540540540557e-01,599,600,4.8662770878986072e-03,bulk_richardson:18.4_m:none
142,10,1.2217294692993164e+01,-2.6791304347826095e-01,233,234,5.2843402646501336e-03,wind_speed:18.4_m:m_s-1
143,11,3.1042500305175781e+02,-3.1450000000000011e-01,689,690,2.4447499999999400e-03,wind_direction:18.4_m:degrees
144,6,1.8800000000000000e+02,-2.1241379310344827e-01,905,906,2.7148632580260984e-03,wave_direction:0_m:degrees
145,1,2.7249288940429688e+02,-1.5304878048780482e-01,425,426,3.5413146936347575e-03,azimuth:0_m:degrees
146,0,1.1822010803222656e+02,-2.3999999999999999e-01,819,820,2.9882352941179649e-03,zenith:0_m:degrees
147,5,3.5500000000000000e+01,-7.4821428571428572e-01,149,150,1.1543239795918536e-02,relative_humidity:18.4_m:%
148,2,2.8385499572753906e+02,-5.9166666666666667e-01,1015,1016,7.5138888888883759e-03,water_sfc_temperature:0_m:K
149,-2,-2.0000000000000000e+00,-9.5999999999999996e-01,-1,-1,1.9999999999986695e-04,wind_direction:18.4_m:degrees
150,3,1.0083500061035156e+03,-7.2279999999999989e-01,469,470,6.8761600000000200e-03,pressure:18.4_m:hPa
151,1,1.0665793228149414e+02,-6.5204819277108375e-02,481,482,1.6061628683408510e-03,azimuth:0_m:degrees
152,4,3.1332098245620728e+00,-1.0268518518518517e-01,1379,1380,1.2326045953360582e-03,mixing_ratio:18.4_m:g_kg-1
153,5,5.9649999618530273e+01,-2.7061728395061740e-01,349,350,3.9156683432403083e-03,relative_humidity:18.4_m:%
154,10,1.2965829372406006e+01,-3.6642857142857144e-01,423,424,4.7943877551023806e-03,wind_speed:18.4_m:m_s-1
155,6,1.6350000000000000e+02,-2.4989130434782611e-01,325,326,5.6380316635160424e-03,wave_direction:0_m:degrees
156,11,2.3151499938964844e+02,-1.6714285714285712e-01,467,468,3.0013605442176308e-03,wind_direction:18.4_m:degrees
157,10,3.3566128015518188e+00,-1.5685506435366502e-02,553,554,1.3217880551856065e-03,wind_speed:18.4_m:m_s-1
158,10,2.9208817481994629e+00,-6.8237853517041872e-03,235,236,3.8650339364789749e-04,wind_speed:18.4_m:m_s-1
159,12,-1.9856380298733711e-02,-1.0857142857142858e-01,229,230,4.6551020408163255e-03,bulk_richardson:18.4_m:none
160,2,2.8888999938964844e+02,-2.0666666666666667e-01,541,542,5.2888888888889124e-03,water_sfc_temperature:0_m:K
161,12,-2.3200668394565582e-02,-5.6562499999999982e-01,629,630,7.9496093750002217e-03,bulk_richardson:18.4_m:none
162,5,6.1250000000000000e+01,-4.7719178082191771e-01,217,218,8.2475933571026783e-03,relative_humidity:18.4_m:%
163,6,2.3050000000000000e+02,-5.7236842105263175e-01,245,246,1.2023337950138269e-02,wave_direction:0_m:degrees
164,0,1.5408287048339844e+02,-6.3680851063829769e-01,165,166,1.0345133544590213e-02,zenith:0_m:degrees
165,12,-4.2515103705227375e-03,-6.5402597402597407e-01,199,200,9.5747006240513022e-03,bulk_richardson:18.4_m:none
166,7,2.1499999761581421e+00,-5.5882352941176472e-01,303,304,6.4103806228386628e-03,wave_height:0_m:m
167,1,1.6874618530273438e+02,-1.2066666666666669e-01,193,194,7.6728888888888853e-03,azimuth:0_m:degrees
168,11,3.5391500854492188e+02,-3.3189910979228465e-02,249,250,1.7113378210603144e-03,wind_direction:18.4_m:degrees
169,11,1.9518000030517578e+02,-1.2217910447761193e-01,319,320,1.7331619514368637e-03,wind_direction:18.4_m:degrees
170,3,1.0005500183105469e+03,-1.5999999999999997e-02,397,398,6.0039999999997639e-03,pressure:18.4_m:hPa
171,11,2.8338500976562500e+02,-2.4272727272727276e-01,991,992,4.7652892561983184e-03,wind_direction:18.4_m:degrees
172,5,6.8599998474121094e+01,-3.5823529411764704e-01,439,440,3.8557093425605204e-03,relative_humidity:18.4_m:%
173,12,-1.3670765911228955e-03,-2.2195652173913044e-01,357,358,2.6896502835538974e-03,bulk_richardson:18.4_m:none
174,11,2.9658000183105469e+02,-1.2142857142857144e-01,371,372,5.3551020408163473e-03,wind_direction:18.4_m:degrees
175,9,9.0290264129638672e+01,-2.3573643410852713e-01,227,228,4.4988762694549850e-03,angle_between_wind_wave:0_m:degrees
176,3,9.9925000000000000e+02,-1.9065934065934070e-01,571,572,3.4545103248399128e-03,pressure:18.4_m:hPa
177,3,9.9854998779296875e+02,-4.2725806451612908e-01,283,284,6.7360301768989994e-03,pressure:18.4_m:hPa
178,0,1.5923329162597656e+02,-3.5719999999999996e-01,355,356,6.1401599999989509e-03,zenith:0_m:degrees
179,2,2.8665499877929688e+02,-1.4177777777777781e-01,623,624,2.4146172839506139e-03,water_sfc_temperature:0_m:K
180,9,9.1450714111328125e+01,-2.0142857142857146e-01,811,812,2.0474097331240337e-03,angle_between_wind_wave:0_m:degrees
181,1,7.5635002136230469e+01,-1.2373983739837401e-01,359,360,3.1908916650142012e-03,azimuth:0_m:degrees
182,11,3.4272000122070312e+02,-1.5991803278688529e-01,299,300,2.3852391830154022e-03,wind_direction:18.4_m:degrees
183,5,4.8050001144409180e+01,-3.7303370786516848e-01,403,404,4.9806842570381815e-03,relative_humidity:18.4_m:%
184,5,6.3100000381469727e+01,-4.9375000000000002e-01,185,186,1.9648437500000282e-02,relative_humidity:18.4_m:%
185,3,1.0022500000000000e+03,-3.9800000000000002e-01,1017,1018,6.6560000000000230e-03,pressure:18.4_m:hPa
186,-2,-2.0000000000000000e+00,-6.5333333333333332e-01,-1,-1,5.5555555555547587e-04,wind_direction:18.4_m:degrees
187,10,1.1295994758605957e+01,-2.1606741573033719e-01,189,190,4.0002651180405663e-03,wind_speed:18.4_m:m_s-1
188,11,2.8757000732421875e+02,-1.8000000000000008e-01,315,316,3.4625850340136849e-03,wind_direction:18.4_m:degrees
189,3,1.0207500000000000e+03,-1.9294736842105270e-01,253,254,3.5323656509693990e-03,pressure:18.4_m:hPa
190,6,2.4050000000000000e+02,-2.4253012048192771e-01,943,944,3.2237189722746917e-03,wave_direction:0_m:degrees
191,-2,-2.0000000000000000e+00,-9.2962962962962956e-02,-1,-1,1.3986282578875176e-03,wind_direction:18.4_m:degrees
192,10,9.7364878654479980e+00,-1.5640718562874248e-01,255,256,3.4322014653327716e-03,wind_speed:18.4_m:m_s-1
193,-2,-2.0000000000000000e+00,-2.0857142857142857e-01,-1,-1,1.1265306122448943e-03,wind_direction:18.4_m:degrees
194,-2,-2.0000000000000000e+00,-4.3750000000000004e-02,-1,-1,7.2343749999999752e-04,wind_direction:18.4_m:degrees
195,-2,-2.0000000000000000e+00,-2.2875000000000001e-01,-1,-1,5.8593749999999445e-04,wind_direction:18.4_m:degrees
196,0,7.1888847351074219e+01,-1.1620272314674748e-01,197,198,2.7473053481064241e-03,zenith:0_m:degrees
197,12,-1.4902639389038086e-01,-9.6820512820512850e-02,277,278,3.2647626561472624e-03,bulk_richardson:18.4_m:none
198,12,-9.0469889342784882e-02,-1.2431330472102987e-01,589,590,2.3077902521688974e-03,bulk_richardson:18.4_m:none
199,9,8.8369052886962891e+01,-6.6246575342465741e-01,265,266,8.7117282792267270e-03,angle_between_wind_wave:0_m:degrees
200,-2,-2.0000000000000000e+00,-5.0000000000000000e-01,-1,-1,2.9999999999752447e-04,wind_direction:18.4_m:degrees
201,11,3.1165000915527344e+02,-4.0666666666666668e-01,495,496,4.6472222222221915e-03,wind_direction:18.4_m:degrees
202,2,2.8236000061035156e+02,-3.1846153846153846e-01,1937,1938,1.6514792899407355e-03,water_sfc_temperature:0_m:K
203,11,1.4355999755859375e+02,-7.2698019801980179e-02,997,998,5.6178009508872119e-04,wind_direction:18.4_m:degrees
204,5,9.1549999237060547e+01,-9.3113553113553113e-02,389,390,1.2045915012948074e-03,relative_humidity:18.4_m:%
205,11,1.8469999694824219e+02,-1.5968468468468464e-01,207,208,2.4643149906663289e-03,wind_direction:18.4_m:degrees
206,-2,-2.0000000000000000e+00,-3.8000000000000000e-01,-1,-1,1.2767564783189300e-15,wind_direction:18.4_m:degrees
207,8,5.7500000000000000e+00,-1.9909090909090904e-01,263,264,2.4446280991735764e-03,wave_period:0_m:s
208,12,3.0257801525294781e-02,-1.4670658682634724e-01,313,314,1.7909498368532464e-03,bulk_richardson:18.4_m:none
209,3,9.9420001220703125e+02,-8.9308943089430867e-02,1099,1100,1.5381403265252204e-03,pressure:18.4_m:hPa
210,9,9.0780990600585938e+01,-1.1434567901234564e-01,497,498,1.9939545800945081e-03,angle_between_wind_wave:0_m:degrees
211,11,3.4344999694824219e+02,6.9230769230769224e-03,993,994,2.5136094674556215e-03,wind_direction:18.4_m:degrees
212,11,3.0016000366210938e+02,-5.5367793240556636e-02,535,536,1.7942484259453172e-03,wind_direction:18.4_m:degrees
213,11,1.3972000122070312e+02,-2.3873517786561198e-02,1315,1316,4.5495633426549686e-04,wind_direction:18.4_m:degrees
214,12,-1.4925373345613480e-01,-4.1107266435986077e-02,1147,1148,5.9831260002473122e-04,bulk_richardson:18.4_m:none
215,2,2.8458000183105469e+02,-1.1303571428571421e-01,719,720,1.1968558673469583e-03,water_sfc_temperature:0_m:K
216,1,3.5395901489257812e+02,-8.9095607235142080e-02,509,510,1.0118435724348947e-03,azimuth:0_m:degrees
217,2,2.7613000488281250e+02,-4.5927835051546412e-01,221,222,6.0355616962482206e-03,water_sfc_temperature:0_m:K
218,6,2.2950000000000000e+02,-5.1265306122448984e-01,219,220,1.0733777592670024e-02,wave_direction:0_m:degrees
219,11,2.9347000122070312e+02,-4.8000000000000004e-01,261,262,6.3368421052631130e-03,wind_direction:18.4_m:degrees
220,2,2.7579501342773438e+02,-6.2545454545454549e-01,377,378,9.5157024793385281e-03,water_sfc_temperature:0_m:K
221,11,3.1824501037597656e+02,-3.8666666666666671e-01,1189,1190,4.2333333333332834e-03,wind_direction:18.4_m:degrees
222,12,-2.5015793740749359e-02,-4.7582278481012663e-01,333,334,4.9711584681939869e-03,bulk_richardson:18.4_m:none
223,11,3.1006498718261719e+02,-1.9776315789473689e-01,723,724,2.3594702216066243e-03,wind_direction:18.4_m:degrees
224,11,3.1286500549316406e+02,-2.3934065934065923e-01,225,226,5.1863784567081697e-03,wind_direction:18.4_m:degrees
225,4,7.5839889049530029e-01,-2.5427536231884057e-01,491,492,4.6867937408108379e-03,mixing_ratio:18.4_m:g_kg-1
226,1,1.4399790954589844e+02,-1.9250000000000006e-01,921,922,3.8596590909092190e-03,azimuth:0_m:degrees
227,0,8.2715385437011719e+01,-2.4820754716981130e-01,441,442,4.1015040939836322e-03,zenith:0_m:degrees
228,0,1.3692584991455078e+02,-1.7826086956521742e-01,911,912,2.3100189035916499e-03,zenith:0_m:degrees
229,-2,-2.0000000000000000e+00,-1.7249999999999999e-01,-1,-1,9.3125000000000499e-04,wind_direction:18.4_m:degrees
230,7,1.5500000119209290e+00,-8.3000000000000004e-02,297,298,3.8559999999999905e-03,wave_height:0_m:m
231,10,6.9316556453704834e+00,-3.0496453900709597e-02,305,306,3.9295027636656612e-04,wind_speed:18.4_m:m_s-1
232,9,9.3580047607421875e+01,-1.9023529411764582e-02,1279,1280,4.1469356401381059e-04,angle_between_wind_wave:0_m:degrees
233,9,8.9874759674072266e+01,-2.2702702702702710e-01,419,420,4.4425127830532984e-03,angle_between_wind_wave:0_m:degrees
234,1,1.4089006805419922e+02,-2.8730769230769232e-01,369,370,4.5145463510847667e-03,azimuth:0_m:degrees
235,11,3.5669499206542969e+02,-2.6866604186191714e-03,899,900,4.5263815070286170e-04,wind_direction:18.4_m:degrees
236,12,-6.7853070795536041e-02,-9.4342598068204615e-03,301,302,3.2715874741683863e-04,bulk_richardson:18.4_m:none
237,0,1.5836838531494141e+02,-1.8258091993185750e-02,239,240,3.8704241748385514e-04,zenith:0_m:degrees
238,11,2.7520500183105469e+02,-2.8493975903614455e-02,709,710,4.2514152997530450e-04,wind_direction:18.4_m:degrees
239,5,9.8250000000000000e+01,-1.8052003410059757e-02,1131,1132,3.3750965711165719e-04,relative_humidity:18.4_m:%
240,-2,-2.0000000000000000e+00,-2.6000000000000001e-01,-1,-1,-1.1518563880485999e-15,wind_direction:18.4_m:degrees
241,0,6.5479244232177734e+01,-6.7777777777777770e-02,1207,1208,1.1256172839506189e-03,zenith:0_m:degrees
242,0,1.5982377624511719e+02,-1.0716417910447755e-01,407,408,1.9956894631321144e-03,zenith:0_m:degrees
243,12,-7.3767632246017456e-02,-1.3291666666666668e-01,339,340,3.0319692460317703e-03,bulk_richardson:18.4_m:none
244,11,3.4773500061035156e+02,-9.6941176470588239e-02,965,966,2.2447612456746781e-03,wind_direction:18.4_m:degrees
245,12,-3.4175358014181256e-03,-5.4766666666666675e-01,247,248,9.9912222222219293e-03,bulk_richardson:18.4_m:none
246,0,8.5975193023681641e+01,-6.6500000000000004e-01,309,310,8.7750000000000328e-03,zenith:0_m:degrees
247,4,3.1482746601104736e+00,-5.1666666666666672e-01,411,412,7.2722222222221800e-03,mixing_ratio:18.4_m:g_kg-1
248,-2,-2.0000000000000000e+00,-6.7166666666666675e-01,-1,-1,1.6472222222217447e-03,wind_direction:18.4_m:degrees
249,9,8.8104358673095703e+01,-3.2574404761904735e-02,661,662,1.5887593448837799e-03,angle_between_wind_wave:0_m:degrees
250,-2,-2.0000000000000000e+00,-2.3999999999999999e-01,-1,-1,2.1510571102112408e-16,wind_direction:18.4_m:degrees
251,-2,-2.0000000000000000e+00,-5.2777777777777779e-01,-1,-1,3.7283950617289507e-04,wind_direction:18.4_m:degrees
252,0,1.5990312957763672e+02,-4.1480000000000006e-01,291,292,4.8089600000000010e-03,zenith:0_m:degrees
253,2,2.7824501037597656e+02,-1.8760869565217397e-01,679,680,2.5594990548203911e-03,water_sfc_temperature:0_m:K
254,11,3.0290499877929688e+02,-3.5666666666666663e-01,1451,1452,5.6888888888889377e-03,wind_direction:18.4_m:degrees
255,1,2.7936201477050781e+02,-1.3662162162162161e-01,487,488,3.5453433162892616e-03,azimuth:0_m:degrees
256,0,1.3620179748535156e+02,-1.6470254957507086e-01,379,380,3.1518237045478764e-03,zenith:0_m:degrees
257,-2,-2.0000000000000000e+00,-1.3090909090909089e-01,-1,-1,3.7190082644628433e-04,wind_direction:18.4_m:degrees
258,10,1.2327907562255859e+01,-2.2227272727272734e-01,331,332,4.2811983471073983e-03,wind_speed:18.4_m:m_s-1
259,-2,-2.0000000000000000e+00,-4.0000000000000001e-02,-1,-1,0.0000000000000000e+00,wind_direction:18.4_m:degrees
260,2,2.8108499145507812e+02,-2.5266666666666671e-01,715,716,4.0328888888888914e-03,water_sfc_temperature:0_m:K
261,9,8.7967075347900391e+01,-5.3666666666666674e-01,363,364,7.0088888888888423e-03,angle_between_wind_wave:0_m:degrees
262,11,3.1981500244140625e+02,-4.4304347826086959e-01,1841,1842,2.4385633270321283e-03,wind_direction:18.4_m:degrees
263,10,1.2632616996765137e+01,-2.3642857142857146e-01,1585,1586,1.3801020408163236e-03,wind_speed:18.4_m:m_s-1
264,-2,-2.0000000000000000e+00,-1.6037037037037039e-01,-1,-1,6.0356652949249134e-04,wind_direction:18.4_m:degrees
265,5,7.7150001525878906e+01,-6.3341463414634147e-01,267,268,1.0388340273647101e-02,relative_humidity:18.4_m:%
266,4,1.7451049685478210e+00,-6.9968750000000002e-01,501,502,4.0967773437496358e-03,mixing_ratio:18.4_m:g_kg-1
267,11,3.1690499877929688e+02,-6.2282051282051287e-01,269,270,8.6202498356343638e-03,wind_direction:18.4_m:degrees
268,-2,-2.0000000000000000e+00,-8.3999999999999997e-01,-1,-1,6.6613381477509392e-16,wind_direction:18.4_m:degrees
269,10,1.7706008911132812e+01,-6.3722222222222225e-01,539,540,6.5756172839504523e-03,wind_speed:18.4_m:m_s-1
270,-2,-2.0000000000000000e+00,-4.4999999999999996e-01,-1,-1,8.0000000000127192e-04,wind_direction:18.4_m:degrees
271,11,2.9811000061035156e+02,-3.1636363636363640e-01,457,458,5.9322314049587016e-03,wind_direction:18.4_m:degrees
272,12,3.5862392978742719e-03,-4.1214285714285709e-01,1325,1326,2.0882653061224110e-03,bulk_richardson:18.4_m:none
273,-2,-2.0000000000000000e+00,-1.3866666666666666e-01,-1,-1,1.4648888888888906e-03,wind_direction:18.4_m:degrees
274,2,2.8768499755859375e+02,-2.2405405405405407e-01,525,526,3.3592403214024874e-03,water_sfc_temperature:0_m:K
275,12,9.6459048800170422e-03,-4.5886824324324421e-02,577,578,4.9617300207721940e-04,bulk_richardson:18.4_m:none
276,3,1.0056499938964844e+03,-1.7272727272727280e-02,1875,1876,4.3195592286498667e-04,pressure:18.4_m:hPa
277,-2,-2.0000000000000000e+00,2.6000000000000002e-02,-1,-1,6.3999999999999821e-05,wind_direction:18.4_m:degrees
278,3,1.0004499816894531e+03,-1.0005263157894739e-01,279,280,2.9415761772853127e-03,pressure:18.4_m:hPa
279,11,3.0234500122070312e+02,-1.8142857142857144e-01,1889,1890,1.2836734693877500e-03,wind_direction:18.4_m:degrees
280,1,2.0454908752441406e+02,-9.3579545454545443e-02,459,460,2.5048004907024645e-03,azimuth:0_m:degrees
281,4,3.4689620733261108e+00,-3.7474012474012490e-02,427,428,6.7002271342186709e-04,mixing_ratio:18.4_m:g_kg-1
282,11,1.4308999633789062e+02,-5.2848232848232812e-02,465,466,7.9833247608714856e-04,wind_direction:18.4_m:degrees
283,10,1.5422731876373291e+01,-3.9367346938775494e-01,289,290,5.5048729695961196e-03,wind_speed:18.4_m:m_s-1
284,11,3.0291000366210938e+02,-4.3927007299270082e-01,285,286,6.6286642868558510e-03,wind_direction:18.4_m:degrees
285,5,5.0949998855590820e+01,-4.4841666666666663e-01,287,288,5.7083263888888514e-03,relative_humidity:18.4_m:%
286,0,1.0250739669799805e+02,-3.7470588235294111e-01,337,338,8.3660899653978105e-03,zenith:0_m:degrees
287,9,8.7488441467285156e+01,-4.2621621621621619e-01,311,312,5.2046018991967757e-03,angle_between_wind_wave:0_m:degrees
288,11,2.7537500000000000e+02,-4.8413043478260870e-01,657,658,4.4503308128542585e-03,wind_direction:18.4_m:degrees
289,9,9.0487686157226562e+01,-3.6406249999999996e-01,1071,1072,3.0616210937501609e-03,angle_between_wind_wave:0_m:degrees
290,7,1.4000000357627869e+00,-4.4941176470588240e-01,479,480,5.3467128027681055e-03,wave_height:0_m:m
291,4,5.7149405479431152e+00,-4.3086956521739134e-01,1235,1236,1.9992438563326276e-03,mixing_ratio:18.4_m:g_kg-1
292,-2,-2.0000000000000000e+00,-2.3000000000000001e-01,-1,-1,4.1633363423443370e-16,wind_direction:18.4_m:degrees
293,3,1.0066999816894531e+03,-6.6456310679611594e-02,413,414,1.1449665378452031e-03,pressure:18.4_m:hPa
294,5,3.2399999618530273e+01,-8.2615740740740753e-02,859,860,1.1665375300068817e-03,relative_humidity:18.4_m:%
295,11,3.0375999450683594e+02,-2.6583333333333337e-01,803,804,2.6493055555555367e-03,wind_direction:18.4_m:degrees
296,0,7.6134170532226562e+01,-3.2853658536585373e-01,417,418,4.0490779298037322e-03,zenith:0_m:degrees
297,10,1.2809313297271729e+01,-1.0242424242424245e-01,1731,1732,8.8503213957759515e-04,wind_speed:18.4_m:m_s-1
298,12,-7.2523516137152910e-03,8.5714285714285736e-03,575,576,7.6979591836734626e-03,bulk_richardson:18.4_m:none
299,12,3.0639283359050751e-03,-1.6178423236514522e-01,329,330,2.1316712866513848e-03,bulk_richardson:18.4_m:none
300,-2,-2.0000000000000000e+00,-1.0000000000000000e-02,-1,-1,-1.4248584950804499e-15,wind_direction:18.4_m:degrees
301,6,2.2050000000000000e+02,-1.3643020594965666e-02,901,902,3.2649956799270772e-04,wave_direction:0_m:degrees
302,5,9.8049999237060547e+01,-6.2499999999999709e-03,1607,1608,3.0411617036010357e-04,relative_humidity:18.4_m:%
303,-2,-2.0000000000000000e+00,-6.0545454545454536e-01,-1,-1,1.6247933884299126e-03,wind_direction:18.4_m:degrees
304,11,2.7672000122070312e+02,-4.7333333333333333e-01,1241,1242,3.8888888888886919e-03,wind_direction:18.4_m:degrees
305,9,8.7216762542724609e+01,-2.6215927311598140e-02,1701,1702,3.5478822307113706e-04,angle_between_wind_wave:0_m:degrees
306,12,-1.9005727954208851e-02,-3.4633264462809996e-02,1691,1692,3.9501013314486417e-04,bulk_richardson:18.4_m:none
307,-2,-2.0000000000000000e+00,-1.1181818181818183e-01,-1,-1,6.5123966942148490e-04,wind_direction:18.4_m:degrees
308,7,1.5500000119209290e+00,-1.6412371134020617e-01,519,520,3.1912424274630480e-03,wave_height:0_m:m
309,-2,-2.0000000000000000e+00,-7.3599999999999999e-01,-1,-1,3.8400000000005097e-04,wind_direction:18.4_m:degrees
310,-2,-2.0000000000000000e+00,-5.4666666666666675e-01,-1,-1,3.5555555555555340e-04,wind_direction:18.4_m:degrees
311,-2,-2.0000000000000000e+00,-4.9818181818181823e-01,-1,-1,2.3305785123958755e-04,wind_direction:18.4_m:degrees
312,9,8.8735294342041016e+01,-4.1365079365079366e-01,399,400,5.0104812295288514e-03,angle_between_wind_wave:0_m:degrees
313,12,-3.4363656595814973e-04,-1.4939024390243896e-01,401,402,1.4227989292088204e-03,bulk_richardson:18.4_m:none
314,-2,-2.0000000000000000e+00,0.0000000000000000e+00,-1,-1,1.4802973661668753e-16,wind_direction:18.4_m:degrees
315,10,1.1540558338165283e+01,-1.5905405405405409e-01,613,614,2.9977538349159824e-03,wind_speed:18.4_m:m_s-1
316,11,3.0486000061035156e+02,-2.0123287671232876e-01,373,374,3.0382060424094248e-03,wind_direction:18.4_m:degrees
317,3,1.0337500000000000e+03,-2.7078651685393276e-02,2015,2016,5.8697134200227127e-04,pressure:18.4_m:hPa
318,0,1.2384993743896484e+02,-5.5900900900900878e-02,817,818,7.8695114032952332e-04,zenith:0_m:degrees
319,3,9.9555001831054688e+02,-1.3828729281767960e-01,321,322,3.0097738164280678e-03,pressure:18.4_m:hPa
320,12,6.4412923529744148e-03,-1.1621676891615533e-01,365,366,1.1290409457973324e-03,bulk_richardson:18.4_m:none
321,1,2.3961372375488281e+02,-3.4000000000000002e-01,323,324,4.4100000000000014e-02,azimuth:0_m:degrees
322,11,1.1823000335693359e+02,-1.3603351955307261e-01,335,336,2.0909709434786712e-03,wind_direction:18.4_m:degrees
323,-2,-2.0000000000000000e+00,-5.5000000000000004e-01,-1,-1,0.0000000000000000e+00,wind_direction:18.4_m:degrees
324,-2,-2.0000000000000000e+00,-1.3000000000000000e-01,-1,-1,2.4286128663675299e-17,wind_direction:18.4_m:degrees
325,-2,-2.0000000000000000e+00,-5.0000000000000000e-01,-1,-1,0.0000000000000000e+00,wind_direction:18.4_m:degrees
326,10,1.4664353370666504e+01,-2.4714285714285705e-01,391,392,5.0050235478806757e-03,wind_speed:18.4_m:m_s-1
327,10,5.2606794834136963e+00,-1.4765983481187000e-02,499,500,3.4296297869778724e-04,wind_speed:18.4_m:m_s-1
328,5,9.3649997711181641e+01,-5.8541266794625525e-03,1085,1086,4.6707277087840139e-04,relative_humidity:18.4_m:%
329,4,8.2449560165405273e+00,-1.6592920353982304e-01,343,344,1.8480303860912949e-03,mixing_ratio:18.4_m:g_kg-1
330,1,3.0016156005859375e+02,-9.9333333333333329e-02,1507,1508,2.2462222222225398e-03,azimuth:0_m:degrees
331,8,5.4500000476837158e+00,-1.9744680851063831e-01,447,448,4.4743322770484234e-03,wave_period:0_m:s
332,3,1.0178500061035156e+03,-2.5073170731707317e-01,585,586,2.5433670434264616e-03,pressure:18.4_m:hPa
333,4,1.0736305713653564e+00,-5.4545454545454553e-01,1579,1580,2.5702479338842732e-03,mixing_ratio:18.4_m:g_kg-1
334,10,1.6913592338562012e+01,-4.6455882352941169e-01,353,354,4.4483347750865210e-03,wind_speed:18.4_m:m_s-1
335,-2,-2.0000000000000000e+00,-9.3793103448275850e-02,-1,-1,6.2354340071343883e-04,wind_direction:18.4_m:degrees
336,10,1.1861523628234863e+01,-1.4420000000000005e-01,987,988,1.9630266666666694e-03,wind_speed:18.4_m:m_s-1
337,2,2.7608999633789062e+02,-4.2499999999999999e-01,345,346,6.6250000000000198e-03,water_sfc_temperature:0_m:K
338,4,1.2734466791152954e+00,-3.0285714285714288e-01,1867,1868,2.0775510204081721e-03,mixing_ratio:18.4_m:g_kg-1
339,2,2.7628001403808594e+02,-1.6280701754385968e-01,341,342,5.4061557402277464e-03,water_sfc_temperature:0_m:K
340,5,3.9649999618530273e+01,-1.2681003584229381e-01,505,506,2.3271001143356368e-03,relative_humidity:18.4_m:%
341,11,2.9637500000000000e+02,-2.5545454545454549e-01,751,752,4.0975206611570114e-03,wind_direction:18.4_m:degrees
342,6,2.3600000000000000e+02,-1.4065217391304352e-01,347,348,3.1756616257088768e-03,wave_direction:0_m:degrees
343,11,2.6199000549316406e+02,-1.7091787439613532e-01,727,728,1.6102686177040457e-03,wind_direction:18.4_m:degrees
344,-2,-2.0000000000000000e+00,-1.1157894736842106e-01,-1,-1,1.2132963988915977e-03,wind_direction:18.4_m:degrees
345,-2,-2.0000000000000000e+00,-5.7999999999999996e-01,-1,-1,0.0000000000000000e+00,wind_direction:18.4_m:degrees
346,-2,-2.0000000000000000e+00,-3.8625000000000009e-01,-1,-1,7.7343750000000155e-04,wind_direction:18.4_m:degrees
347,0,6.6196838378906250e+01,-1.7074074074074075e-01,1305,1306,2.5105624142660876e-03,zenith:0_m:degrees
348,3,1.0183999938964844e+03,-9.7894736842105270e-02,1595,1596,1.0060941828254708e-03,pressure:18.4_m:hPa
349,9,9.0416805267333984e+01,-2.8372727272727266e-01,351,352,3.8633801652891708e-03,angle_between_wind_wave:0_m:degrees
350,6,2.3250000000000000e+02,-2.4288461538461542e-01,625,626,2.8936020710058283e-03,wave_direction:0_m:degrees
351,3,1.0071499938964844e+03,-2.9590909090909084e-01,573,574,3.3446280991736022e-03,pressure:18.4_m:hPa
352,10,1.2511488437652588e+01,-2.3499999999999999e-01,935,936,2.9704545454545331e-03,wind_speed:18.4_m:m_s-1
353,4,3.5930737257003784e+00,-4.7442622950819674e-01,741,742,4.0017199677507553e-03,mixing_ratio:18.4_m:g_kg-1
354,-2,-2.0000000000000000e+00,-3.7857142857142861e-01,-1,-1,9.7959183673196337e-05,wind_direction:18.4_m:degrees
355,8,5.5000000000000000e+00,-3.4304347826086962e-01,979,980,4.1689981096408452e-03,wave_period:0_m:s
356,-2,-2.0000000000000000e+00,-5.2000000000000002e-01,-1,-1,-2.7755575615628914e-16,wind_direction:18.4_m:degrees
357,11,2.9830999755859375e+02,-2.3815789473684218e-01,1905,1906,1.7308171745152381e-03,wind_direction:18.4_m:degrees
358,-2,-2.0000000000000000e+00,-1.4499999999999999e-01,-1,-1,7.5000000000002148e-05,wind_direction:18.4_m:degrees
359,0,1.0740560531616211e+02,-1.7764705882352941e-01,1759,1760,1.6768166089965453e-03,zenith:0_m:degrees
360,12,1.7758045345544815e-02,-1.1509433962264150e-01,361,362,2.8929156283374734e-03,bulk_richardson:18.4_m:none
361,4,3.0810593366622925e+00,-1.2140000000000001e-01,1245,1246,2.1280399999999977e-03,mixing_ratio:18.4_m:g_kg-1
362,4,4.3062295913696289e+00,-9.9999999999999985e-03,1329,1330,3.9333333333332636e-03,mixing_ratio:18.4_m:g_kg-1
363,-2,-2.0000000000000000e+00,-3.8000000000000000e-01,-1,-1,0.0000000000000000e+00,wind_direction:18.4_m:degrees
364,10,1.6761450767517090e+01,-5.6076923076923080e-01,851,852,3.7301775147928207e-03,wind_speed:18.4_m:m_s-1
365,3,9.9834997558593750e+02,-1.2325513196480940e-01,367,368,1.2196093944840791e-03,pressure:18.4_m:hPa
366,11,2.7605000305175781e+02,-1.0000000000000001e-01,1065,1066,5.4324324324329411e-04,wind_direction:18.4_m:degrees
367,2,2.7580999755859375e+02,-1.6838709677419353e-01,761,762,2.3038501560874169e-03,water_sfc_temperature:0_m:K
368,4,1.1292697906494141e+01,-1.1874193548387099e-01,1151,1152,8.8712695109260942e-04,mixing_ratio:18.4_m:g_kg-1
369,3,1.0136499938964844e+03,-3.1473684210526320e-01,717,718,4.8512465373961866e-03,pressure:18.4_m:hPa
370,0,1.5565381622314453e+02,-2.6125000000000004e-01,975,976,2.8009374999999198e-03,zenith:0_m:degrees
371,4,2.0450839996337891e+00,-1.8428571428571430e-01,1737,1738,1.9673469387754897e-03,mixing_ratio:18.4_m:g_kg-1
372,-2,-2.0000000000000000e+00,-5.8571428571428573e-02,-1,-1,8.4081632653061145e-04,wind_direction:18.4_m:degrees
373,9,9.0691303253173828e+01,-2.2418604651162791e-01,531,532,2.3452677122769230e-03,angle_between_wind_wave:0_m:degrees
374,3,1.0108000183105469e+03,-1.6833333333333333e-01,919,920,2.1938888888888980e-03,pressure:18.4_m:hPa
375,0,1.0649710464477539e+02,-3.0241379310344818e-01,1649,1650,1.5631391200950501e-03,zenith:0_m:degrees
376,8,6.0000000000000000e+00,-4.2750000000000005e-01,1063,1064,6.1687500000001949e-03,wave_period:0_m:s
377,-2,-2.0000000000000000e+00,-5.1000000000000001e-01,-1,-1,2.4000000000000132e-03,wind_direction:18.4_m:degrees
378,7,1.6999999880790710e+00,-6.6874999999999996e-01,653,654,5.3109375000000569e-03,wave_height:0_m:m
379,10,1.0425962924957275e+01,-1.7402654867256639e-01,381,382,3.1683001801237134e-03,wind_speed:18.4_m:m_s-1
380,3,1.0103999938964844e+03,-1.4811023622047240e-01,611,612,2.6924917849835313e-03,pressure:18.4_m:hPa
381,0,9.5187274932861328e+01,-1.7612612612612627e-01,547,548,2.9759840922002796e-03,zenith:0_m:degrees
382,-2,-2.0000000000000000e+00,-5.7499999999999996e-02,-1,-1,1.8750000000334471e-05,wind_direction:18.4_m:degrees
383,0,1.5214295959472656e+02,-4.6285714285714291e-01,385,386,7.0965986394557201e-03,zenith:0_m:degrees
384,-2,-2.0000000000000000e+00,-5.8999999999999997e-01,-1,-1,2.1999999999997022e-03,wind_direction:18.4_m:degrees
385,7,1.8499999642372131e+00,-4.8823529411764699e-01,581,582,5.3792387543251940e-03,wave_height:0_m:m
386,-2,-2.0000000000000000e+00,-3.5499999999999998e-01,-1,-1,2.4999999999997247e-05,wind_direction:18.4_m:degrees
387,4,1.0235751628875732e+01,-2.6393258426966293e-01,431,432,4.1586920843327407e-03,mixing_ratio:18.4_m:g_kg-1
388,-2,-2.0000000000000000e+00,-2.9999999999999999e-02,-1,-1,-1.2775154198396699e-15,wind_direction:18.4_m:degrees
389,9,8.9599300384521484e+01,-1.0876623376623375e-01,925,926,1.2186076910102924e-03,angle_between_wind_wave:0_m:degrees
390,2,2.9109500122070312e+02,-8.6964285714285688e-02,513,514,1.0650191326530660e-03,water_sfc_temperature:0_m:K
391,5,1.0025000000000000e+02,-2.4966666666666670e-01,393,394,4.4810000000000474e-03,relative_humidity:18.4_m:%
392,-2,-2.0000000000000000e+00,-2.0000000000000000e-02,-1,-1,-2.6996634094889060e-17,wind_direction:18.4_m:degrees
393,9,8.9262897491455078e+01,-2.4590909090909088e-01,395,396,3.8196280991735151e-03,angle_between_wind_wave:0_m:degrees
394,-2,-2.0000000000000000e+00,-4.1500000000000004e-01,-1,-1,5.6250000000009903e-03,wind_direction:18.4_m:degrees
395,6,1.9350000000000000e+02,-1.8666666666666668e-01,637,638,3.6622222222222195e-03,wave_direction:0_m:degrees
396,10,1.4340631008148193e+01,-2.5808219178082187e-01,615,616,2.9826233814974623e-03,wind_speed:18.4_m:m_s-1
397,-2,-2.0000000000000000e+00,5.6000000000000008e-02,-1,-1,7.8399999999999997e-04,wind_direction:18.4_m:degrees
398,-2,-2.0000000000000000e+00,-8.7999999999999995e-02,-1,-1,8.5600000000000086e-04,wind_direction:18.4_m:degrees
399,9,8.8287677764892578e+01,-3.8275862068965510e-01,1341,1342,2.9992865636148114e-03,angle_between_wind_wave:0_m:degrees
400,8,5.9500000476837158e+00,-4.4000000000000000e-01,543,544,5.2176470588235768e-03,wave_period:0_m:s
401,3,1.0081499938964844e+03,-1.7090909090909084e-01,1817,1818,1.1173553719008439e-03,pressure:18.4_m:hPa
402,10,1.3189632415771484e+01,-1.3489795918367342e-01,1967,1968,1.1066222407330427e-03,wind_speed:18.4_m:m_s-1
403,10,1.4602430343627930e+01,-3.4526315789473677e-01,763,764,4.0670360110803827e-03,wind_speed:18.4_m:m_s-1
404,0,1.0808523559570312e+02,-3.9372549019607833e-01,405,406,4.6586697424068901e-03,zenith:0_m:degrees
405,0,1.0690871810913086e+02,-4.2321428571428577e-01,609,610,5.0075255102041416e-03,zenith:0_m:degrees
406,11,3.0765499877929688e+02,-3.5782608695652185e-01,1237,1238,1.8865784499055294e-03,wind_direction:18.4_m:degrees
407,6,1.8900000000000000e+02,-1.0507633587786251e-01,597,598,1.8333911193986526e-03,wave_direction:0_m:degrees
408,-2,-2.0000000000000000e+00,-1.9833333333333333e-01,-1,-1,5.8055555555577149e-04,wind_direction:18.4_m:degrees
409,7,2.4499999284744263e+00,-5.5249999999999999e-01,549,550,4.1005681818183648e-03,wave_height:0_m:m
410,-2,-2.0000000000000000e+00,-7.8000000000000003e-01,-1,-1,-2.2204460492503131e-15,wind_direction:18.4_m:degrees
411,3,9.9039999389648438e+02,-4.9315789473684207e-01,649,650,5.3058171745152816e-03,pressure:18.4_m:hPa
412,7,2.3999999761581421e+00,-6.0600000000000009e-01,1383,1384,4.6639999999997239e-03,wave_height:0_m:m
413,6,1.8650000000000000e+02,-8.3642857142857130e-02,789,790,1.3560153061224524e-03,wave_direction:0_m:degrees
414,4,6.6478006839752197e+00,-6.2938596491228044e-02,583,584,1.0289377500769560e-03,mixing_ratio:18.4_m:g_kg-1
415,5,6.9850002288818359e+01,-9.7663551401869123e-02,671,672,2.3730456808454814e-03,relative_humidity:18.4_m:%
416,1,2.3052716064453125e+02,-6.4814814814814797e-02,633,634,2.2570644718792904e-03,azimuth:0_m:degrees
417,10,1.4073712825775146e+01,-3.7047619047619051e-01,521,522,3.9092970521541759e-03,wind_speed:18.4_m:m_s-1
418,11,3.0052499389648438e+02,-3.1409836065573771e-01,533,534,3.2832034399355309e-03,wind_direction:18.4_m:degrees
419,8,5.3500001430511475e+00,-2.0933333333333337e-01,529,530,3.1728888888888709e-03,wave_period:0_m:s
420,2,2.8007499694824219e+02,-3.0285714285714288e-01,1479,1480,2.7918367346938255e-03,water_sfc_temperature:0_m:K
421,-2,-2.0000000000000000e+00,-5.0000000000000003e-02,-1,-1,1.1636363636363632e-03,wind_direction:18.4_m:degrees
422,11,2.5070000457763672e+02,-1.2333333333333332e-01,1127,1128,2.1976608187134483e-03,wind_direction:18.4_m:degrees
423,8,5.5000000000000000e+00,-4.0400000000000003e-01,1847,1848,1.4840000000000408e-03,wave_period:0_m:s
424,-2,-2.0000000000000000e+00,-2.7250000000000002e-01,-1,-1,7.1874999999990696e-04,wind_direction:18.4_m:degrees
425,0,5.4411394119262695e+01,-1.5999999999999992e-01,449,450,4.2169354838709518e-03,zenith:0_m:degrees
426,10,1.3012314796447754e+01,-1.3150000000000006e-01,1539,1540,8.3275000000010077e-04,wind_speed:18.4_m:m_s-1
427,11,1.0290000152587891e+02,-5.9148936170212746e-02,429,430,2.3460842009959304e-03,wind_direction:18.4_m:degrees
428,11,1.2197499847412109e+02,-3.5126728110599005e-02,1009,1010,4.3212679712882856e-04,wind_direction:18.4_m:degrees
429,-2,-2.0000000000000000e+00,-2.7000000000000002e-01,-1,-1,0.0000000000000000e+00,wind_direction:18.4_m:degrees
430,0,1.0232851028442383e+02,-5.2197802197802200e-02,967,968,9.0945537978505409e-04,zenith:0_m:degrees
431,9,8.9936164855957031e+01,-2.8016666666666662e-01,435,436,3.4783055555555609e-03,angle_between_wind_wave:0_m:degrees
432,4,1.3266122341156006e+01,-2.3034482758620692e-01,433,434,3.8929845422115764e-03,mixing_ratio:18.4_m:g_kg-1
433,2,2.8264999389648438e+02,-2.1346153846153845e-01,1083,1084,1.2610946745561999e-03,water_sfc_temperature:0_m:K
434,-2,-2.0000000000000000e+00,-3.7666666666666665e-01,-1,-1,2.8222222222223647e-03,wind_direction:18.4_m:degrees
435,5,9.0450000762939453e+01,-2.5666666666666665e-01,1031,1032,2.4277777777777648e-03,relative_humidity:18.4_m:%
436,11,1.9280999755859375e+02,-3.1541666666666662e-01,437,438,2.9831597222222950e-03,wind_direction:18.4_m:degrees
437,-2,-2.0000000000000000e+00,-3.5692307692307690e-01,-1,-1,1.3289940828402347e-03,wind_direction:18.4_m:degrees
438,-2,-2.0000000000000000e+00,-2.6636363636363636e-01,-1,-1,4.9586776859499027e-04,wind_direction:18.4_m:degrees
439,3,1.0024499816894531e+03,-3.3730769230769231e-01,949,950,2.6427514792899259e-03,pressure:18.4_m:hPa
440,6,2.3400000000000000e+02,-4.2624999999999996e-01,1927,1928,1.7484375000001995e-03,wave_direction:0_m:degrees
441,12,-6.4113572239875793e-02,-2.1076923076923079e-01,443,444,5.3224852071005815e-03,bulk_richardson:18.4_m:none
442,10,1.2354827880859375e+01,-2.6037499999999997e-01,503,504,3.1011093750000079e-03,wind_speed:18.4_m:m_s-1
443,-2,-2.0000000000000000e+00,-1.0250000000000001e-01,-1,-1,8.1875000000000003e-04,wind_direction:18.4_m:degrees
444,3,1.0156499938964844e+03,-2.3045454545454547e-01,445,446,3.6225206611570221e-03,pressure:18.4_m:hPa
445,-2,-2.0000000000000000e+00,-1.9214285714285717e-01,-1,-1,1.4596938775510090e-03,wind_direction:18.4_m:degrees
446,-2,-2.0000000000000000e+00,-2.9749999999999999e-01,-1,-1,3.4375000000000377e-04,wind_direction:18.4_m:degrees
447,3,1.0073500061035156e+03,-2.3631578947368417e-01,527,528,3.5074792243767472e-03,pressure:18.4_m:hPa
448,1,1.7801348876953125e+02,-1.7107142857142860e-01,813,814,3.4095663265305901e-03,azimuth:0_m:degrees
449,4,7.7131700515747070e+00,-1.3962025316455698e-01,1629,1630,6.9732414677134424e-04,mixing_ratio:18.4_m:g_kg-1
450,9,8.8875183105468750e+01,-1.6952662721893494e-01,451,452,5.5772907111096108e-03,angle_between_wind_wave:0_m:degrees
451,9,8.6791637420654297e+01,-1.3750000000000001e-01,807,808,2.3096590909090914e-03,angle_between_wind_wave:0_m:degrees
452,11,1.9409999847412109e+02,-1.8080000000000010e-01,453,454,6.2393599999999994e-03,wind_direction:18.4_m:degrees
453,2,2.7671501159667969e+02,-2.0384615384615390e-01,691,692,9.8759763313609333e-03,water_sfc_temperature:0_m:K
454,9,8.8985630035400391e+01,-1.5583333333333338e-01,455,456,1.1009722222221838e-03,angle_between_wind_wave:0_m:degrees
455,-2,-2.0000000000000000e+00,-2.8000000000000003e-01,-1,-1,0.0000000000000000e+00,wind_direction:18.4_m:degrees
456,-2,-2.0000000000000000e+00,-1.4929824561403512e-01,-1,-1,3.0477069867649448e-04,wind_direction:18.4_m:degrees
457,1,2.8075248718261719e+02,-3.4500000000000003e-01,635,636,4.7374999999999917e-03,azimuth:0_m:degrees
458,-2,-2.0000000000000000e+00,-2.3999999999999999e-01,-1,-1,1.0999999999999760e-03,wind_direction:18.4_m:degrees
459,10,8.8345851898193359e+00,-8.3893129770992350e-02,1103,1104,1.9901870520366008e-03,wind_speed:18.4_m:m_s-1
460,12,-4.6824436634778976e-02,-1.2177777777777775e-01,461,462,2.9346172839505649e-03,bulk_richardson:18.4_m:none
461,0,7.0800693511962891e+01,-1.6631578947368425e-01,1831,1832,1.6232686980609291e-03,zenith:0_m:degrees
462,7,7.5000000000000000e-01,-8.9230769230769225e-02,1619,1620,1.3840236686390606e-03,wave_height:0_m:m
463,-2,-2.0000000000000000e+00,-5.5000000000000004e-01,-1,-1,0.0000000000000000e+00,wind_direction:18.4_m:degrees
464,-2,-2.0000000000000000e+00,-8.5999999999999999e-01,-1,-1,-1.1102230246251565e-16,wind_direction:18.4_m:degrees
465,12,-8.8307615369558334e-02,-3.8895705521472375e-02,1193,1194,7.0430200609733246e-04,bulk_richardson:18.4_m:none
466,3,1.0085499877929688e+03,-5.9999999999999998e-02,865,866,6.9559748427672902e-04,pressure:18.4_m:hPa
467,-2,-2.0000000000000000e+00,-1.9374999999999998e-01,-1,-1,8.9843750000000860e-04,wind_direction:18.4_m:degrees
468,-2,-2.0000000000000000e+00,-8.2000000000000003e-02,-1,-1,2.1599999999998530e-04,wind_direction:18.4_m:degrees
469,10,1.9774782180786133e+01,-7.3166666666666680e-01,839,840,5.1972222222225195e-03,wind_speed:18.4_m:m_s-1
470,-2,-2.0000000000000000e+00,-5.1000000000000001e-01,-1,-1,-2.0539125955565396e-15,wind_direction:18.4_m:degrees
471,8,5.8500001430511475e+00,-3.5108695652173927e-01,475,476,6.2879489603024641e-03,wave_period:0_m:s
472,11,3.0133499145507812e+02,-4.0423076923076923e-01,473,474,8.1090236686389705e-03,wind_direction:18.4_m:degrees
473,4,1.1214896440505981e+00,-3.9039999999999997e-01,665,666,3.4598400000000196e-03,mixing_ratio:18.4_m:g_kg-1
474,-2,-2.0000000000000000e+00,-7.5000000000000000e-01,-1,-1,0.0000000000000000e+00,wind_direction:18.4_m:degrees
475,6,2.4550000000000000e+02,-3.6650000000000005e-01,477,478,5.0777499999999365e-03,wave_direction:0_m:degrees
476,5,4.6649999618530273e+01,-2.4833333333333329e-01,1959,1960,2.2138888888886196e-03,relative_humidity:18.4_m:%
477,4,2.6884174346923828e+00,-3.5648648648648645e-01,687,688,4.1525200876552093e-03,mixing_ratio:18.4_m:g_kg-1
478,-2,-2.0000000000000000e+00,-4.8999999999999999e-01,-1,-1,3.6082248300317588e-16,wind_direction:18.4_m:degrees
479,-2,-2.0000000000000000e+00,-3.9375000000000004e-01,-1,-1,6.2343749999996256e-04,wind_direction:18.4_m:degrees
480,1,1.5202364349365234e+02,-4.9888888888888894e-01,1087,1088,4.3432098765432414e-03,azimuth:0_m:degrees
481,0,1.5264434051513672e+02,-8.4285714285714283e-02,483,484,2.9612244897959219e-03,zenith:0_m:degrees
482,11,1.2109000015258789e+02,-5.9305993690851704e-02,1481,1482,1.0398969041387715e-03,wind_direction:18.4_m:degrees
483,3,1.0290499877929688e+03,-7.4157303370786520e-02,1757,1758,8.3327862643605994e-04,pressure:18.4_m:hPa
484,0,1.5286367797851562e+02,-1.8444444444444444e-01,485,486,1.2958024691357990e-02,zenith:0_m:degrees
485,-2,-2.0000000000000000e+00,-3.4000000000000002e-01,-1,-1,0.0000000000000000e+00,wind_direction:18.4_m:degrees
486,-2,-2.0000000000000000e+00,-1.0666666666666667e-01,-1,-1,1.2888888888888950e-03,wind_direction:18.4_m:degrees
487,11,3.3219500732421875e+02,-1.4631578947368420e-01,489,490,3.2250230840258423e-03,wind_direction:18.4_m:degrees
488,3,1.0090499877929688e+03,-1.0411764705882354e-01,827,828,3.2477508650519352e-03,pressure:18.4_m:hPa
489,0,1.5093579864501953e+02,-1.5535353535353535e-01,545,546,2.8167942046729844e-03,zenith:0_m:degrees
490,2,2.8358000183105469e+02,-8.6666666666666656e-02,1209,1210,1.8222222222221453e-03,water_sfc_temperature:0_m:K
491,3,1.0143500061035156e+03,-3.0499999999999999e-01,507,508,6.5000000000000058e-03,pressure:18.4_m:hPa
492,5,3.5200000762939453e+01,-2.4762295081967220e-01,493,494,4.0673004568664572e-03,relative_humidity:18.4_m:%
493,9,8.9469715118408203e+01,-1.5375000000000000e-01,1609,1610,2.3484375000000016e-03,angle_between_wind_wave:0_m:degrees
494,3,1.0078500061035156e+03,-2.5421052631578944e-01,867,868,3.5261311172668092e-03,pressure:18.4_m:hPa
495,9,9.0062358856201172e+01,-3.8700000000000007e-01,1445,1446,2.6510000000000422e-03,angle_between_wind_wave:0_m:degrees
496,7,1.0000000000000000e+00,-5.0500000000000000e-01,1969,1970,3.0249999999997779e-03,wave_height:0_m:m
497,2,2.7380000305175781e+02,-1.0907975460122689e-01,675,676,1.8292144980993231e-03,water_sfc_temperature:0_m:K
498,2,2.8128001403808594e+02,-1.3607594936708861e-01,707,708,2.0871334721998779e-03,water_sfc_temperature:0_m:K
499,2,2.9497000122070312e+02,-1.0175706646294809e-02,1453,1454,3.0210816460760390e-04,water_sfc_temperature:0_m:K
500,-2,-2.0000000000000000e+00,-1.7831632653061220e-02,-1,-1,3.4677777488544161e-04,wind_direction:18.4_m:degrees
501,-2,-2.0000000000000000e+00,-8.0000000000000004e-01,-1,-1,3.9999999999984492e-04,wind_direction:18.4_m:degrees
502,0,1.4467268371582031e+02,-6.8535714285714278e-01,1117,1118,2.9820153061224097e-03,zenith:0_m:degrees
503,0,9.9704158782958984e+01,-2.2519999999999996e-01,1405,1406,1.3849600000000253e-03,zenith:0_m:degrees
504,11,3.2059500122070312e+02,-2.7636363636363642e-01,747,748,3.0631404958677694e-03,wind_direction:18.4_m:degrees
505,4,7.5928390026092529e-01,-1.7250000000000001e-01,1095,1096,1.7587500000000034e-03,mixing_ratio:18.4_m:g_kg-1
506,4,1.8012299537658691e+00,-1.2328185328185330e-01,795,796,2.1973375471445091e-03,mixing_ratio:18.4_m:g_kg-1
507,12,-9.0625509619712830e-02,-3.1866666666666671e-01,673,674,3.9448888888888450e-03,bulk_richardson:18.4_m:none
508,-2,-2.0000000000000000e+00,-1.0000000000000001e-01,-1,-1,3.0184188481996443e-16,wind_direction:18.4_m:degrees
509,12,8.2793720066547394e-03,-9.0446194225721768e-02,787,788,7.6909224929563175e-04,bulk_richardson:18.4_m:none
510,7,2.4500000476837158e+00,-3.3333333333333318e-03,511,512,8.9555555555552308e-03,wave_height:0_m:m
511,-2,-2.0000000000000000e+00,-7.0000000000000007e-02,-1,-1,9.9999999999999395e-05,wind_direction:18.4_m:degrees
512,-2,-2.0000000000000000e+00,1.3000000000000000e-01,-1,-1,-3.4694469519536142e-18,wind_direction:18.4_m:degrees
513,11,1.6275500488281250e+02,-7.9505703422053223e-02,515,516,1.0115427431363691e-03,wind_direction:18.4_m:degrees
514,4,1.5280613899230957e+01,-1.0217054263565895e-01,1195,1196,8.2939727179860527e-04,mixing_ratio:18.4_m:g_kg-1
515,6,1.7450000000000000e+02,-6.6230769230769218e-02,1011,1012,9.9579289940828538e-04,wave_direction:0_m:degrees
516,3,1.0218000183105469e+03,-9.2481203007518817e-02,1531,1532,6.8632483464299045e-04,pressure:18.4_m:hPa
517,0,1.5555747222900391e+02,-6.1047619047619051e-01,765,766,6.6426303854877355e-03,zenith:0_m:degrees
518,4,1.5216979980468750e+00,-5.1857142857142857e-01,1301,1302,3.4693877551017493e-03,mixing_ratio:18.4_m:g_kg-1
519,2,2.7651499938964844e+02,-1.5358974358974362e-01,523,524,2.5486522024983603e-03,water_sfc_temperature:0_m:K
520,3,1.0160500183105469e+03,-2.0736842105263159e-01,619,620,3.5036011080332510e-03,pressure:18.4_m:hPa
521,-2,-2.0000000000000000e+00,-3.4823529411764698e-01,-1,-1,1.0498269896194318e-03,wind_direction:18.4_m:degrees
522,11,2.6595999145507812e+02,-4.6500000000000002e-01,1469,1470,5.0249999999996686e-03,wind_direction:18.4_m:degrees
523,-2,-2.0000000000000000e+00,-2.9999999999999999e-01,-1,-1,0.0000000000000000e+00,wind_direction:18.4_m:degrees
524,11,3.4200498962402344e+02,-1.4973684210526317e-01,983,984,2.0367728531855804e-03,wind_direction:18.4_m:degrees
525,-2,-2.0000000000000000e+00,-8.0000000000000002e-02,-1,-1,0.0000000000000000e+00,wind_direction:18.4_m:degrees
526,3,9.9884997558593750e+02,-2.3228571428571432e-01,999,1000,2.2976326530612171e-03,pressure:18.4_m:hPa
527,-2,-2.0000000000000000e+00,-1.5600000000000000e-01,-1,-1,9.8399999999999876e-04,wind_direction:18.4_m:degrees
528,-2,-2.0000000000000000e+00,-2.6499999999999996e-01,-1,-1,1.2821428571428706e-03,wind_direction:18.4_m:degrees
529,7,9.4999998807907104e-01,-1.8826086956521734e-01,1403,1404,1.4926275992438592e-03,wave_height:0_m:m
530,10,1.2069537162780762e+01,-2.7857142857142858e-01,1697,1698,2.4408163265305510e-03,wind_speed:18.4_m:m_s-1
531,6,2.0150000000000000e+02,-2.4058823529411763e-01,1541,1542,1.5349480968857923e-03,wave_direction:0_m:degrees
532,-2,-2.0000000000000000e+00,-1.6222222222222221e-01,-1,-1,5.5061728395064749e-04,wind_direction:18.4_m:degrees
533,3,1.0239500122070312e+03,-3.0527272727272725e-01,1239,1240,2.6831074380164882e-03,pressure:18.4_m:hPa
534,-2,-2.0000000000000000e+00,-3.9500000000000002e-01,-1,-1,1.5250000000005537e-03,wind_direction:18.4_m:degrees
535,9,8.8437816619873047e+01,-8.4565217391304348e-02,1593,1594,1.7030718336483964e-03,angle_between_wind_wave:0_m:degrees
536,9,9.0018634796142578e+01,-5.2428884026258150e-02,767,768,1.7089801722775760e-03,angle_between_wind_wave:0_m:degrees
537,0,5.3093288421630859e+01,-3.0999999999999994e-01,1581,1582,1.8199999999999883e-03,zenith:0_m:degrees
538,-2,-2.0000000000000000e+00,-1.7333333333333334e-01,-1,-1,3.4888888888888574e-03,wind_direction:18.4_m:degrees
539,-2,-2.0000000000000000e+00,-5.6000000000000005e-01,-1,-1,0.0000000000000000e+00,wind_direction:18.4_m:degrees
540,5,7.3100002288818359e+01,-6.5266666666666662e-01,703,704,6.4595555555553297e-03,relative_humidity:18.4_m:%
541,6,2.2300000000000000e+02,-1.7454545454545456e-01,1355,1356,3.3157024793388397e-03,wave_direction:0_m:degrees
542,-2,-2.0000000000000000e+00,-2.9499999999999998e-01,-1,-1,7.4999999999991740e-05,wind_direction:18.4_m:degrees
543,6,2.3500000000000000e+02,-4.7529411764705881e-01,1263,1264,2.2484429065743883e-03,wave_direction:0_m:degrees
544,3,9.9895001220703125e+02,-4.0470588235294114e-01,587,588,5.6955017301037747e-03,pressure:18.4_m:hPa
545,10,9.7202930450439453e+00,-1.5010752688172047e-01,1643,1644,1.9171927390449657e-03,wind_speed:18.4_m:m_s-1
546,9,9.0134086608886719e+01,-2.3666666666666666e-01,607,608,9.7222222222223820e-03,angle_between_wind_wave:0_m:degrees
547,12,-6.8798638880252838e-02,-1.4578947368421052e-01,889,890,2.0770083102493071e-03,bulk_richardson:18.4_m:none
548,7,6.5000000596046448e-01,-1.8239130434782622e-01,777,778,2.9323251417768606e-03,wave_height:0_m:m
549,-2,-2.0000000000000000e+00,-3.4999999999999998e-01,-1,-1,0.0000000000000000e+00,wind_direction:18.4_m:degrees
550,1,3.2848323059082031e+02,-5.5720930232558130e-01,551,552,3.2201189832343213e-03,azimuth:0_m:degrees
551,9,8.9054302215576172e+01,-5.4951219512195115e-01,1157,1158,1.7509815585961541e-03,angle_between_wind_wave:0_m:degrees
552,5,4.8250000000000000e+01,-7.1500000000000008e-01,1667,1668,7.2249999999989267e-03,relative_humidity:18.4_m:%
553,8,4.2500000000000000e+00,-1.0784090909090880e-02,555,556,1.4813170196280943e-03,wave_period:0_m:s
554,12,-1.0581565648317337e-01,-2.0441014332965777e-02,559,560,1.1210844479237272e-03,bulk_richardson:18.4_m:none
555,9,8.8128791809082031e+01,-8.7272727272727266e-02,557,558,1.5492561983471076e-02,angle_between_wind_wave:0_m:degrees
556,12,7.5784891843795776e-01,-9.8158803222094127e-03,1175,1176,1.2289649491962595e-03,bulk_richardson:18.4_m:none
557,-2,-2.0000000000000000e+00,-3.4999999999999998e-01,-1,-1,0.0000000000000000e+00,wind_direction:18.4_m:degrees
558,-2,-2.0000000000000000e+00,-2.8888888888888891e-02,-1,-1,1.8765432098765582e-04,wind_direction:18.4_m:degrees
559,3,1.0355000000000000e+03,-2.5395348837209241e-02,561,562,8.6515377681630086e-04,pressure:18.4_m:hPa
560,4,2.2172627449035645e+00,-8.2442748091603024e-03,823,824,1.5419555969931654e-03,mixing_ratio:18.4_m:g_kg-1
561,2,2.8795500183105469e+02,-2.7382875605815746e-02,643,644,7.2594549027693665e-04,water_sfc_temperature:0_m:K
562,2,2.7733499145507812e+02,2.1923076923076927e-02,1133,1134,1.8463017751479201e-03,water_sfc_temperature:0_m:K
563,10,9.8950381278991699e+00,-8.0594059405940568e-02,567,568,1.8590530340162753e-03,wind_speed:18.4_m:m_s-1
564,10,9.3727154731750488e+00,-6.5478547854785490e-02,565,566,8.0012852770424900e-04,wind_speed:18.4_m:m_s-1
565,10,9.3713259696960449e+00,-5.5396226415094341e-02,569,570,7.1691847632609097e-04,wind_speed:18.4_m:m_s-1
566,2,2.8024501037597656e+02,-7.3313782991202420e-02,737,738,7.2440496154428831e-04,water_sfc_temperature:0_m:K
567,3,1.0006499938964844e+03,-7.0428571428571396e-02,641,642,1.3155306122449029e-03,pressure:18.4_m:hPa
568,2,2.8203999328613281e+02,-1.0354838709677419e-01,681,682,2.3261186264308033e-03,water_sfc_temperature:0_m:K
569,7,2.8999999761581421e+00,-5.5974683544303759e-02,733,734,6.2936644768466507e-04,wave_height:0_m:m
570,5,8.3099998474121094e+01,3.6000000000000011e-02,793,794,6.1439999999996289e-03,relative_humidity:18.4_m:%
571,-2,-2.0000000000000000e+00,-2.3866666666666667e-01,-1,-1,1.4115555555555617e-03,wind_direction:18.4_m:degrees
572,10,1.2871054649353027e+01,-1.8118421052631575e-01,755,756,3.3130713296398440e-03,wind_speed:18.4_m:m_s-1
573,11,2.8761499023437500e+02,-2.8648648648648645e-01,873,874,2.9552227903579947e-03,wind_direction:18.4_m:degrees
574,10,1.2284578800201416e+01,-3.4571428571428570e-01,1297,1298,2.4530612244896971e-03,wind_speed:18.4_m:m_s-1
575,-2,-2.0000000000000000e+00,1.3000000000000000e-01,-1,-1,0.0000000000000000e+00,wind_direction:18.4_m:degrees
576,8,7.5000000000000000e+00,-4.0000000000000001e-02,1983,1984,2.5199999999999988e-03,wave_period:0_m:s
577,3,1.0066499938964844e+03,-4.8477751756440403e-02,929,930,4.7601999681892672e-04,pressure:18.4_m:hPa
578,11,2.4159000396728516e+02,-3.9181818181818137e-02,617,618,4.8599724517900465e-04,wind_direction:18.4_m:degrees
579,-2,-2.0000000000000000e+00,-1.2750000000000000e-01,-1,-1,1.0687500000000003e-03,wind_direction:18.4_m:degrees
580,11,2.5285000610351562e+02,-2.3259259259259260e-01,655,656,2.1969821673525347e-03,wind_direction:18.4_m:degrees
581,-2,-2.0000000000000000e+00,-4.0000000000000002e-01,-1,-1,2.9999999999996696e-04,wind_direction:18.4_m:degrees
582,2,2.8220500183105469e+02,-5.1538461538461533e-01,1121,1122,3.8094674556213293e-03,water_sfc_temperature:0_m:K
583,12,-2.6705461554229259e-02,-6.5780730897009906e-02,647,648,9.9781238617675967e-04,bulk_richardson:18.4_m:none
584,5,5.5000000000000000e+01,-4.2073170731707327e-02,1669,1670,7.6277513384890184e-04,relative_humidity:18.4_m:%
585,6,1.8900000000000000e+02,-2.7461538461538459e-01,1361,1362,1.7556213017751732e-03,wave_direction:0_m:degrees
586,5,5.5750000000000000e+01,-2.0933333333333332e-01,1727,1728,1.2062222222221988e-03,relative_humidity:18.4_m:%
587,-2,-2.0000000000000000e+00,-5.9999999999999998e-01,-1,-1,0.0000000000000000e+00,wind_direction:18.4_m:degrees
588,2,2.7699499511718750e+02,-3.9250000000000002e-01,1365,1366,3.5187500000000149e-03,water_sfc_temperature:0_m:K
589,1,2.1835750579833984e+02,-1.4260416666666667e-01,1019,1020,2.0484266493055563e-03,azimuth:0_m:degrees
590,3,1.0091499938964844e+03,-1.1956756756756762e-01,591,592,2.2657589481373894e-03,pressure:18.4_m:hPa
591,11,3.3172999572753906e+02,-1.3736842105263161e-01,821,822,1.9751800554016520e-03,wind_direction:18.4_m:degrees
592,3,1.0096499938964844e+03,-1.1341818181818181e-01,593,594,2.2188614876033005e-03,pressure:18.4_m:hPa
593,3,1.0093500061035156e+03,-6.3000000000000014e-02,1505,1506,1.8309999999999976e-03,pressure:18.4_m:hPa
594,10,9.0393500328063965e+00,-1.1737254901960784e-01,595,596,2.0342729719338808e-03,wind_speed:18.4_m:m_s-1
595,0,9.7019512176513672e+01,-1.0336206896551722e-01,775,776,1.7085240784779979e-03,zenith:0_m:degrees
596,4,1.3976513147354126e+00,-1.2906474820143884e-01,669,670,2.0056001242172057e-03,mixing_ratio:18.4_m:g_kg-1
597,-2,-2.0000000000000000e+00,-5.4666666666666669e-02,-1,-1,8.5155555555555549e-04,wind_direction:18.4_m:degrees
598,3,1.0148000183105469e+03,-1.0813765182186230e-01,955,956,1.7293251815306138e-03,pressure:18.4_m:hPa
599,7,8.4999999403953552e-01,-3.2971830985915496e-01,603,604,5.0027375520727418e-03,wave_height:0_m:m
600,5,4.5100000381469727e+01,-2.8999999999999998e-01,601,602,3.6150000000002014e-03,relative_humidity:18.4_m:%
601,12,-3.3932324498891830e-02,-2.3687500000000000e-01,1077,1078,1.8714843749999960e-03,bulk_richardson:18.4_m:none
602,9,8.9034282684326172e+01,-3.2541666666666669e-01,1493,1494,1.6414930555555957e-03,angle_between_wind_wave:0_m:degrees
603,-2,-2.0000000000000000e+00,-1.8999999999999997e-01,-1,-1,2.0000000000000573e-04,wind_direction:18.4_m:degrees
604,8,4.5499999523162842e+00,-3.3588235294117641e-01,605,606,4.3153979238753637e-03,wave_period:0_m:s
605,3,1.0070000000000000e+03,-3.7600000000000000e-01,1033,1034,3.9439999999999753e-03,pressure:18.4_m:hPa
606,3,1.0025000000000000e+03,-3.1916666666666665e-01,1081,1082,3.5201388888888990e-03,pressure:18.4_m:hPa
607,2,2.7736499023437500e+02,-2.0000000000000001e-01,1509,1510,3.5999999999999990e-03,water_sfc_temperature:0_m:K
608,-2,-2.0000000000000000e+00,-4.1999999999999998e-01,-1,-1,0.0000000000000000e+00,wind_direction:18.4_m:degrees
609,12,-3.1472811475396156e-02,-4.1592592592592587e-01,639,640,3.7056241426610681e-03,bulk_richardson:18.4_m:none
610,-2,-2.0000000000000000e+00,-6.2000000000000000e-01,-1,-1,1.2767564783189300e-15,wind_direction:18.4_m:degrees
611,4,1.1311562061309814e+00,-1.3046874999999999e-01,1035,1036,2.4607177734375131e-03,mixing_ratio:18.4_m:g_kg-1
612,10,1.0196540832519531e+01,-1.6603174603174606e-01,1517,1518,2.2906021667926275e-03,wind_speed:18.4_m:m_s-1
613,11,2.8603500366210938e+02,-1.4783333333333334e-01,711,712,2.2336388888888649e-03,wind_direction:18.4_m:degrees
614,8,4.1500000953674316e+00,-2.0714285714285716e-01,667,668,3.4204081632653385e-03,wave_period:0_m:s
615,6,1.7300000000000000e+02,-2.4620689655172412e-01,753,754,2.2959571938169221e-03,wave_direction:0_m:degrees
616,11,2.1161499786376953e+02,-3.0399999999999999e-01,845,846,2.9839999999998895e-03,wind_direction:18.4_m:degrees
617,3,1.0041000061035156e+03,-4.4446902654867226e-02,1925,1926,3.9681797713212071e-04,pressure:18.4_m:hPa
618,-2,-2.0000000000000000e+00,-2.7740384615384618e-02,-1,-1,4.8864413831360275e-04,wind_direction:18.4_m:degrees
619,12,-2.7344968169927597e-02,-2.6714285714285713e-01,1883,1884,2.2775510204081639e-03,bulk_richardson:18.4_m:none
620,-2,-2.0000000000000000e+00,-1.7250000000000001e-01,-1,-1,9.1875000000000290e-04,wind_direction:18.4_m:degrees
621,4,4.8503677845001221e+00,-2.8357142857142864e-01,1603,1604,1.8229591836734782e-03,mixing_ratio:18.4_m:g_kg-1
622,2,2.8432499694824219e+02,-3.3099999999999991e-01,951,952,2.2423333333334017e-03,water_sfc_temperature:0_m:K
623,3,9.9625000000000000e+02,-1.1416666666666668e-01,1975,1976,1.0076388888888878e-03,pressure:18.4_m:hPa
624,4,8.6976513862609863e+00,-1.7333333333333331e-01,1039,1040,2.1555555555555321e-03,mixing_ratio:18.4_m:g_kg-1
625,11,2.8003500366210938e+02,-2.3612244897959184e-01,1293,1294,2.2563931695126910e-03,wind_direction:18.4_m:degrees
626,-2,-2.0000000000000000e+00,-3.5333333333333333e-01,-1,-1,3.5555555555497054e-04,wind_direction:18.4_m:degrees
627,1,1.3888547134399414e+02,-1.4739130434782610e-01,1211,1212,2.2279773156899732e-03,azimuth:0_m:degrees
628,4,1.7436878085136414e+00,-2.0161290322580641e-01,1257,1258,1.7361082206035147e-03,mixing_ratio:18.4_m:g_kg-1
629,-2,-2.0000000000000000e+00,-4.6333333333333332e-01,-1,-1,8.8888888888888351e-05,wind_direction:18.4_m:degrees
630,1,7.3816486358642578e+01,-5.8923076923076922e-01,631,632,6.7917159763316581e-03,azimuth:0_m:degrees
631,0,1.4140581512451172e+02,-5.3875000000000006e-01,1447,1448,2.8859374999999354e-03,zenith:0_m:degrees
632,-2,-2.0000000000000000e+00,-6.6999999999999993e-01,-1,-1,2.4400000000002753e-03,wind_direction:18.4_m:degrees
633,1,1.8306926727294922e+02,-6.2375000000000000e-02,937,938,1.8031093750000018e-03,azimuth:0_m:degrees
634,-2,-2.0000000000000000e+00,-2.6000000000000001e-01,-1,-1,5.5511151231257827e-17,wind_direction:18.4_m:degrees
635,11,2.6828999328613281e+02,-3.1666666666666671e-01,909,910,3.0555555555555336e-03,wind_direction:18.4_m:degrees
636,-2,-2.0000000000000000e+00,-4.2999999999999999e-01,-1,-1,1.5000000000009450e-04,wind_direction:18.4_m:degrees
637,-2,-2.0000000000000000e+00,-1.4555555555555555e-01,-1,-1,1.0469135802469096e-03,wind_direction:18.4_m:degrees
638,-2,-2.0000000000000000e+00,-2.4833333333333332e-01,-1,-1,1.2472222222222260e-03,wind_direction:18.4_m:degrees
639,6,2.2550000000000000e+02,-4.7375000000000012e-01,1747,1748,4.9734374999998998e-03,wave_direction:0_m:degrees
640,9,8.8409301757812500e+01,-3.9157894736842103e-01,2041,2042,1.1711911357341342e-03,angle_between_wind_wave:0_m:degrees
641,3,9.9769998168945312e+02,-1.5600000000000000e-01,1041,1042,5.3039999999999997e-03,pressure:18.4_m:hPa
642,12,-1.7615749311516993e-04,-6.7259259259259227e-02,939,940,8.8656241426612534e-04,bulk_richardson:18.4_m:none
643,12,-6.1945018172264099e-01,-3.1133200795228584e-02,1075,1076,7.0945144243881144e-04,bulk_richardson:18.4_m:none
644,2,2.9206500244140625e+02,-1.1120689655172416e-02,1783,1784,4.7201991676575896e-04,water_sfc_temperature:0_m:K
645,-2,-2.0000000000000000e+00,-1.0766666666666669e+00,-1,-1,2.2222222221923715e-05,wind_direction:18.4_m:degrees
646,-2,-2.0000000000000000e+00,-9.0000000000000002e-01,-1,-1,4.0000000000017799e-04,wind_direction:18.4_m:degrees
647,10,7.0644176006317139e+00,-6.8072072072071999e-02,1049,1050,9.7880561642724791e-04,wind_speed:18.4_m:m_s-1
648,-2,-2.0000000000000000e+00,-3.8723404255319165e-02,-1,-1,4.2815753734726084e-04,wind_direction:18.4_m:degrees
649,1,2.1024370574951172e+02,-5.4500000000000004e-01,1397,1398,2.7249999999999774e-03,azimuth:0_m:degrees
650,5,3.6250000000000000e+01,-4.5545454545454545e-01,651,652,3.8066115702480308e-03,relative_humidity:18.4_m:%
651,-2,-2.0000000000000000e+00,-5.3500000000000003e-01,-1,-1,7.5000000000047251e-05,wind_direction:18.4_m:degrees
652,-2,-2.0000000000000000e+00,-4.1000000000000003e-01,-1,-1,2.5714285714281693e-04,wind_direction:18.4_m:degrees
653,-2,-2.0000000000000000e+00,-7.5666666666666671e-01,-1,-1,3.5555555555544238e-04,wind_direction:18.4_m:degrees
654,-2,-2.0000000000000000e+00,-6.1599999999999999e-01,-1,-1,8.6400000000003141e-04,wind_direction:18.4_m:degrees
655,12,-1.3249686453491449e-02,-2.0439999999999997e-01,1261,1262,1.2486400000000092e-03,bulk_richardson:18.4_m:none
656,2,2.8400000000000000e+02,-2.5689655172413783e-01,1467,1468,1.7386444708680504e-03,water_sfc_temperature:0_m:K
657,-2,-2.0000000000000000e+00,-3.9250000000000002e-01,-1,-1,9.1874999999999596e-04,wind_direction:18.4_m:degrees
658,4,1.5613710880279541e+00,-4.9285714285714283e-01,659,660,3.9108843537415394e-03,mixing_ratio:18.4_m:g_kg-1
659,3,1.0068000183105469e+03,-5.9250000000000003e-01,1879,1880,4.5187499999999603e-03,pressure:18.4_m:hPa
660,2,2.8441499328613281e+02,-4.8236842105263156e-01,903,904,2.6917590027701610e-03,water_sfc_temperature:0_m:K
661,11,3.1087500000000000e+02,-7.5789473684210518e-02,1313,1314,1.6243767313019412e-03,wind_direction:18.4_m:degrees
662,10,7.2043244838714600e+00,-3.1316998468606409e-02,663,664,1.5318030341761007e-03,wind_speed:18.4_m:m_s-1
663,11,3.4725500488281250e+02,-2.1161971830985907e-02,1331,1332,1.1828047510414619e-03,wind_direction:18.4_m:degrees
664,2,2.7541000366210938e+02,-3.9132791327913231e-02,729,730,1.6599525561651150e-03,water_sfc_temperature:0_m:K
665,-2,-2.0000000000000000e+00,-4.7749999999999998e-01,-1,-1,1.6874999999999529e-04,wind_direction:18.4_m:degrees
666,1,9.1678058624267578e+01,-3.7380952380952381e-01,857,858,2.3664399092970245e-03,azimuth:0_m:degrees
667,-2,-2.0000000000000000e+00,-1.1000000000000000e-01,-1,-1,0.0000000000000000e+00,wind_direction:18.4_m:degrees
668,-2,-2.0000000000000000e+00,-2.3363636363636367e-01,-1,-1,1.0776859504132014e-03,wind_direction:18.4_m:degrees
669,6,2.3150000000000000e+02,-1.6034482758620691e-01,891,892,2.4240190249702719e-03,wave_direction:0_m:degrees
670,8,6.8499999046325684e+00,-1.2081818181818185e-01,1057,1058,1.5693305785124002e-03,wave_period:0_m:s
671,6,1.9050000000000000e+02,-1.1265624999999999e-01,879,880,2.1788818359375090e-03,wave_direction:0_m:degrees
672,10,8.6421518325805664e+00,-7.5348837209302313e-02,1013,1014,1.8295294753921092e-03,wind_speed:18.4_m:m_s-1
673,-2,-2.0000000000000000e+00,-2.5000000000000000e-01,-1,-1,5.6000000000000494e-04,wind_direction:18.4_m:degrees
674,-2,-2.0000000000000000e+00,-3.5300000000000009e-01,-1,-1,2.1009999999999363e-03,wind_direction:18.4_m:degrees
675,-2,-2.0000000000000000e+00,-6.8500000000000005e-02,-1,-1,1.0427499999999985e-03,wind_direction:18.4_m:degrees
676,11,2.8818499755859375e+02,-1.1173202614379082e-01,677,678,1.7659543338032699e-03,wind_direction:18.4_m:degrees
677,12,-8.8756760582327843e-02,-1.8571428571428572e-01,805,806,5.7387755102040749e-03,bulk_richardson:18.4_m:none
678,12,-6.4452663064002991e-02,-1.0999999999999997e-01,1023,1024,1.5418060200669045e-03,bulk_richardson:18.4_m:none
679,12,-3.7800101563334465e-02,-1.6151515151515153e-01,1135,1136,1.7886134067952274e-03,bulk_richardson:18.4_m:none
680,11,3.0852499389648438e+02,-2.0220338983050851e-01,1001,1002,2.3968399885090086e-03,wind_direction:18.4_m:degrees
681,12,-1.4987004455178976e-02,-1.4374999999999999e-01,683,684,4.3859375000000062e-03,bulk_richardson:18.4_m:none
682,6,2.2850000000000000e+02,-8.9565217391304366e-02,1857,1858,8.5198487712665437e-04,wave_direction:0_m:degrees
683,1,8.7654193878173828e+01,-2.2200000000000003e-01,1419,1420,3.4559999999999938e-03,azimuth:0_m:degrees
684,-2,-2.0000000000000000e+00,-1.0818181818181820e-01,-1,-1,7.6033057851240295e-04,wind_direction:18.4_m:degrees
685,-2,-2.0000000000000000e+00,-5.9999999999999998e-01,-1,-1,0.0000000000000000e+00,wind_direction:18.4_m:degrees
686,9,8.8636394500732422e+01,-7.9666666666666663e-01,1477,1478,2.2222222222221255e-03,angle_between_wind_wave:0_m:degrees
687,2,2.8090000915527344e+02,-3.4437499999999999e-01,907,908,3.6683593749999993e-03,water_sfc_temperature:0_m:K
688,-2,-2.0000000000000000e+00,-4.3400000000000000e-01,-1,-1,3.0399999999997096e-04,wind_direction:18.4_m:degrees
689,-2,-2.0000000000000000e+00,-4.1333333333333333e-01,-1,-1,3.5555555555558116e-04,wind_direction:18.4_m:degrees
690,-2,-2.0000000000000000e+00,-2.9705882352941176e-01,-1,-1,7.8546712802762819e-04,wind_direction:18.4_m:degrees
691,-2,-2.0000000000000000e+00,-1.3166666666666668e-01,-1,-1,7.1388888888888891e-04,wind_direction:18.4_m:degrees
692,2,2.8238000488281250e+02,-2.1118644067796621e-01,693,694,1.0224016087331173e-02,water_sfc_temperature:0_m:K
693,5,9.6349998474121094e+01,-3.3000000000000002e-01,695,696,4.2342857142857085e-02,relative_humidity:18.4_m:%
694,1,4.8973747253417969e+01,-1.9519230769230778e-01,699,700,3.7441937869822153e-03,azimuth:0_m:degrees
695,-2,-2.0000000000000000e+00,-2.3999999999999999e-01,-1,-1,2.8399999999999884e-03,wind_direction:18.4_m:degrees
696,5,9.6799999237060547e+01,-5.5499999999999994e-01,697,698,7.0224999999999926e-02,relative_humidity:18.4_m:%
697,-2,-2.0000000000000000e+00,-8.1999999999999995e-01,-1,-1,0.0000000000000000e+00,wind_direction:18.4_m:degrees
698,-2,-2.0000000000000000e+00,-2.8999999999999998e-01,-1,-1,0.0000000000000000e+00,wind_direction:18.4_m:degrees
699,1,3.3754318237304688e+01,-2.9249999999999998e-01,701,702,1.1868750000000025e-02,azimuth:0_m:degrees
700,4,1.5395472049713135e+01,-1.8708333333333330e-01,887,888,2.2123263888888731e-03,mixing_ratio:18.4_m:g_kg-1
701,-2,-2.0000000000000000e+00,-1.8500000000000000e-01,-1,-1,6.2500000000002137e-04,wind_direction:18.4_m:degrees
702,-2,-2.0000000000000000e+00,-4.0000000000000002e-01,-1,-1,0.0000000000000000e+00,wind_direction:18.4_m:degrees
703,0,1.1700814819335938e+02,-6.7476190476190478e-01,831,832,4.7582766439910884e-03,zenith:0_m:degrees
704,1,7.6115547180175781e+01,-6.0111111111111115e-01,705,706,6.6320987654320263e-03,azimuth:0_m:degrees
705,-2,-2.0000000000000000e+00,-4.8999999999999999e-01,-1,-1,0.0000000000000000e+00,wind_direction:18.4_m:degrees
706,-2,-2.0000000000000000e+00,-6.5666666666666673e-01,-1,-1,6.8888888888890554e-04,wind_direction:18.4_m:degrees
707,12,-1.2228387221693993e-01,-1.6193548387096776e-01,1169,1170,2.6414151925077990e-03,bulk_richardson:18.4_m:none
708,-2,-2.0000000000000000e+00,-1.1937500000000002e-01,-1,-1,1.0183593749999789e-03,wind_direction:18.4_m:degrees
709,3,1.0007999877929688e+03,-2.5891325071496600e-02,1495,1496,3.3669362350633857e-04,pressure:18.4_m:hPa
710,5,7.6599998474121094e+01,-3.8279569892473095e-02,1885,1886,6.3646664354258730e-04,relative_humidity:18.4_m:%
711,11,2.4679499816894531e+02,-1.5224137931034487e-01,713,714,1.7277348394768022e-03,wind_direction:18.4_m:degrees
712,-2,-2.0000000000000000e+00,-2.0000000000000000e-02,-1,-1,-1.3801893655740471e-16,wind_direction:18.4_m:degrees
713,-2,-2.0000000000000000e+00,-1.2629629629629632e-01,-1,-1,1.1566529492455339e-03,wind_direction:18.4_m:degrees
714,-2,-2.0000000000000000e+00,-1.7483870967741938e-01,-1,-1,1.1281997918834406e-03,wind_direction:18.4_m:degrees
715,12,-7.6383373234421015e-03,-2.4000000000000002e-01,1499,1500,1.9142857142856948e-03,bulk_richardson:18.4_m:none
716,-2,-2.0000000000000000e+00,-4.2999999999999999e-01,-1,-1,-8.3266726846886741e-17,wind_direction:18.4_m:degrees
717,6,2.3550000000000000e+02,-3.8333333333333330e-01,1059,1060,4.0222222222222326e-03,wave_direction:0_m:degrees
718,1,1.2902095413208008e+02,-3.0187500000000000e-01,847,848,3.9589843749999881e-03,azimuth:0_m:degrees
719,11,1.0758499908447266e+02,-9.4142857142857139e-02,855,856,8.3855102040816636e-04,wind_direction:18.4_m:degrees
720,3,1.0161999816894531e+03,-1.1933333333333324e-01,721,722,1.1576507936508201e-03,pressure:18.4_m:hPa
721,9,8.7989284515380859e+01,-1.1109677419354841e-01,1125,1126,1.0200874089490389e-03,angle_between_wind_wave:0_m:degrees
722,10,1.1037787437438965e+01,-1.4254545454545453e-01,1671,1672,8.1533884297524395e-04,wind_speed:18.4_m:m_s-1
723,12,-8.6149755865335464e-02,-2.1235294117647058e-01,725,726,2.2493656286043592e-03,bulk_richardson:18.4_m:none
724,3,1.0232500305175781e+03,-1.6799999999999998e-01,1407,1408,1.2639999999999735e-03,pressure:18.4_m:hPa
725,-2,-2.0000000000000000e+00,-2.8250000000000003e-01,-1,-1,1.9437499999999941e-03,wind_direction:18.4_m:degrees
726,6,2.3350000000000000e+02,-1.9930232558139541e-01,1501,1502,1.2204434829637678e-03,wave_direction:0_m:degrees
727,8,5.1500000953674316e+00,-1.5698924731182806e-01,1115,1116,1.1586773037345031e-03,wave_period:0_m:s
728,5,4.7100000381469727e+01,-1.8228070175438599e-01,1043,1044,1.6912896275776967e-03,relative_humidity:18.4_m:%
729,12,4.8413937911391258e-02,-1.1794871794871797e-02,1597,1598,1.1326758711374097e-03,bulk_richardson:18.4_m:none
730,0,7.0799995422363281e+01,-4.2363636363636339e-02,731,732,1.6235041322314057e-03,zenith:0_m:degrees
731,2,2.9025000000000000e+02,-2.3829787234042565e-02,1423,1424,1.6023540063377084e-03,water_sfc_temperature:0_m:K
732,12,1.5221742447465658e-02,-4.9745762711864337e-02,877,878,1.4406133295030176e-03,bulk_richardson:18.4_m:none
733,3,1.0223999938964844e+03,-5.5211810012836933e-02,1437,1438,5.1892176039522540e-04,pressure:18.4_m:hPa
734,11,2.7880000305175781e+02,-1.1000000000000001e-01,735,736,5.4909090909094800e-03,wind_direction:18.4_m:degrees
735,-2,-2.0000000000000000e+00,-5.7142857142857141e-02,-1,-1,4.4897959183673149e-04,wind_direction:18.4_m:degrees
736,-2,-2.0000000000000000e+00,-2.0250000000000001e-01,-1,-1,8.6875000000000147e-04,wind_direction:18.4_m:degrees
737,12,-1.4161000959575176e-02,-6.1743589743589705e-02,739,740,1.0933701512163105e-03,bulk_richardson:18.4_m:none
738,10,1.0003394126892090e+01,-7.6038647342995175e-02,883,884,5.9855889285630355e-04,wind_speed:18.4_m:m_s-1
739,-2,-2.0000000000000000e+00,-1.5250000000000000e-01,-1,-1,1.1687500000000031e-03,wind_direction:18.4_m:degrees
740,3,9.9975000000000000e+02,-5.9842931937172786e-02,913,914,9.1568213590636702e-04,pressure:18.4_m:hPa
741,6,2.1800000000000000e+02,-4.8930232558139541e-01,743,744,3.5739318550567223e-03,wave_direction:0_m:degrees
742,12,-3.5634980304166675e-03,-4.3888888888888894e-01,981,982,3.2320987654323174e-03,bulk_richardson:18.4_m:none
743,-2,-2.0000000000000000e+00,-5.7750000000000001e-01,-1,-1,1.1187499999999462e-03,wind_direction:18.4_m:degrees
744,-2,-2.0000000000000000e+00,-4.8025641025641025e-01,-1,-1,2.9460880999341854e-03,wind_direction:18.4_m:degrees
745,5,3.5900001525878906e+01,1.8499999999999999e-02,969,970,2.2827499999999996e-03,relative_humidity:18.4_m:%
746,7,1.9499999880790710e+00,-2.2369402985074557e-02,837,838,6.7554264591223353e-04,wave_height:0_m:m
747,9,8.8887023925781250e+01,-2.4782608695652178e-01,1663,1664,1.7387523629489796e-03,angle_between_wind_wave:0_m:degrees
748,10,1.2838992595672607e+01,-2.9687500000000000e-01,749,750,3.0089843749999123e-03,wind_speed:18.4_m:m_s-1
749,-2,-2.0000000000000000e+00,-3.5999999999999999e-01,-1,-1,1.1000000000000176e-03,wind_direction:18.4_m:degrees
750,10,1.2998120307922363e+01,-2.7583333333333332e-01,897,898,1.8743055555555527e-03,wind_speed:18.4_m:m_s-1
751,-2,-2.0000000000000000e+00,-3.7000000000000000e-01,-1,-1,0.0000000000000000e+00,wind_direction:18.4_m:degrees
752,-2,-2.0000000000000000e+00,-2.2999999999999998e-01,-1,-1,1.4444444444444288e-03,wind_direction:18.4_m:degrees
753,-2,-2.0000000000000000e+00,-3.7000000000000000e-01,-1,-1,0.0000000000000000e+00,wind_direction:18.4_m:degrees
754,5,9.6299999237060547e+01,-2.4178571428571430e-01,1005,1006,1.8110969387755138e-03,relative_humidity:18.4_m:%
755,0,5.5000308990478516e+01,-1.9339285714285712e-01,1067,1068,3.2259885204081740e-03,zenith:0_m:degrees
756,3,1.0025499877929688e+03,-1.4700000000000002e-01,1243,1244,1.9709999999999901e-03,pressure:18.4_m:hPa
757,6,2.3750000000000000e+02,-4.4079999999999997e-01,759,760,4.0473599999998888e-03,wave_direction:0_m:degrees
758,12,-4.4749222695827484e-02,-5.2800000000000002e-01,1271,1272,4.2159999999996645e-03,bulk_richardson:18.4_m:none
759,4,3.1230881214141846e+00,-4.2049999999999998e-01,941,942,2.6647500000000490e-03,mixing_ratio:18.4_m:g_kg-1
760,-2,-2.0000000000000000e+00,-5.2200000000000002e-01,-1,-1,1.3359999999998373e-03,wind_direction:18.4_m:degrees
761,-2,-2.0000000000000000e+00,-2.9000000000000004e-01,-1,-1,3.9999999999998370e-04,wind_direction:18.4_m:degrees
762,11,2.8989999389648438e+02,-1.6000000000000003e-01,1413,1414,1.3448275862069058e-03,wind_direction:18.4_m:degrees
763,11,2.8536500549316406e+02,-3.6249999999999993e-01,1321,1322,2.7258928571429197e-03,wind_direction:18.4_m:degrees
764,12,-2.3254820145666599e-02,-2.9699999999999999e-01,785,786,4.6610000000000401e-03,bulk_richardson:18.4_m:none
765,6,2.2600000000000000e+02,-5.9789473684210526e-01,1309,1310,5.6797783933517088e-03,wave_direction:0_m:degrees
766,-2,-2.0000000000000000e+00,-7.2999999999999998e-01,-1,-1,8.8817841970012523e-16,wind_direction:18.4_m:degrees
767,12,-6.1731774359941483e-02,-4.4406779661016915e-02,769,770,1.6602413099683984e-03,bulk_richardson:18.4_m:none
768,6,2.4450000000000000e+02,-6.0995475113122102e-02,771,772,1.6189185315616068e-03,wave_direction:0_m:degrees
769,11,3.2606500244140625e+02,-3.2137404580152656e-02,1203,1204,1.5343627993706678e-03,wind_direction:18.4_m:degrees
770,10,7.3752436637878418e+00,-5.9714285714285678e-02,1217,1218,1.3951564625850417e-03,wind_speed:18.4_m:m_s-1
771,0,6.5683963775634766e+01,-5.8160377358490514e-02,1471,1472,1.2046346564613826e-03,zenith:0_m:degrees
772,11,3.2376499938964844e+02,-1.2777777777777777e-01,773,774,6.7283950617284122e-03,wind_direction:18.4_m:degrees
773,-2,-2.0000000000000000e+00,-7.1666666666666670e-02,-1,-1,6.4722222222222438e-04,wind_direction:18.4_m:degrees
774,-2,-2.0000000000000000e+00,-2.3999999999999999e-01,-1,-1,-6.9388939039072284e-18,wind_direction:18.4_m:degrees
775,11,3.2020498657226562e+02,-1.2641025641025644e-01,1339,1340,1.4230111768573223e-03,wind_direction:18.4_m:degrees
776,3,1.0198500061035156e+03,-9.1688311688311694e-02,1415,1416,1.4477989542924542e-03,pressure:18.4_m:hPa
777,10,1.0078749179840088e+01,-1.3714285714285715e-01,1547,1548,2.1489795918367346e-03,wind_speed:18.4_m:m_s-1
778,9,9.0575370788574219e+01,-1.8611764705882358e-01,779,780,2.8143391003459389e-03,angle_between_wind_wave:0_m:degrees
779,0,1.1579537200927734e+02,-1.9335766423357664e-01,781,782,2.8894560179018591e-03,zenith:0_m:degrees
780,4,1.2610914707183838e+00,-1.5606060606060607e-01,1777,1778,1.3814508723598122e-03,mixing_ratio:18.4_m:g_kg-1
781,1,2.4913968658447266e+02,-2.1191176470588238e-01,783,784,2.8595804498269817e-03,azimuth:0_m:degrees
782,9,8.9416675567626953e+01,-1.7507246376811592e-01,849,850,2.2452846040748112e-03,angle_between_wind_wave:0_m:degrees
783,7,1.0500000119209290e+00,-1.9981481481481486e-01,809,810,2.4240397805212477e-03,wave_height:0_m:m
784,3,1.0156000061035156e+03,-2.5857142857142856e-01,1055,1056,1.7979591836735226e-03,pressure:18.4_m:hPa
785,-2,-2.0000000000000000e+00,-3.6499999999999999e-01,-1,-1,1.0249999999999981e-03,wind_direction:18.4_m:degrees
786,-2,-2.0000000000000000e+00,-2.5166666666666665e-01,-1,-1,1.9472222222222391e-03,wind_direction:18.4_m:degrees
787,4,5.7729163169860840e+00,-9.6353383458646621e-02,1109,1110,7.9158940584543765e-04,mixing_ratio:18.4_m:g_kg-1
788,-2,-2.0000000000000000e+00,-7.6782608695652177e-02,-1,-1,4.4964839319476015e-04,wind_direction:18.4_m:degrees
789,12,-2.0933730527758598e-02,-6.7500000000000004e-02,791,792,1.1750000000000007e-03,bulk_richardson:18.4_m:none
790,1,7.9507362365722656e+01,-9.7236842105263149e-02,1503,1504,1.1042070637119188e-03,azimuth:0_m:degrees
791,-2,-2.0000000000000000e+00,-6.2459016393442618e-02,-1,-1,6.9067454985219032e-04,wind_direction:18.4_m:degrees
792,-2,-2.0000000000000000e+00,-1.7000000000000001e-01,-1,-1,2.4286128663675299e-17,wind_direction:18.4_m:degrees
793,-2,-2.0000000000000000e+00,1.0000000000000002e-01,-1,-1,-1.7347234759768071e-18,wind_direction:18.4_m:degrees
794,-2,-2.0000000000000000e+00,-5.9999999999999998e-02,-1,-1,-8.6736173798840355e-19,wind_direction:18.4_m:degrees
795,-2,-2.0000000000000000e+00,-9.9555555555555522e-02,-1,-1,1.2709135802469254e-03,wind_direction:18.4_m:degrees
796,8,8.5000000000000000e+00,-1.2827102803738313e-01,797,798,2.2488798148309723e-03,wave_period:0_m:s
797,11,3.3964001464843750e+02,-1.3213197969543147e-01,799,800,2.1853023783143209e-03,wind_direction:18.4_m:degrees
798,-2,-2.0000000000000000e+00,-8.3529411764705880e-02,-1,-1,8.1107266435996323e-04,wind_direction:18.4_m:degrees
799,1,2.3793659210205078e+02,-1.2843243243243241e-01,801,802,1.9829481373265234e-03,azimuth:0_m:degrees
800,12,-6.1115622520446777e-02,-1.8916666666666668e-01,1563,1564,1.8409722222220634e-03,bulk_richardson:18.4_m:none
801,11,3.1396499633789062e+02,-1.3215116279069766e-01,853,854,1.8308376149270104e-03,wind_direction:18.4_m:degrees
802,8,4.2500000000000000e+00,-7.9230769230769230e-02,1953,1954,1.3917159763312033e-03,wave_period:0_m:s
803,-2,-2.0000000000000000e+00,-3.0800000000000000e-01,-1,-1,5.7599999999999318e-04,wind_direction:18.4_m:degrees
804,10,1.4012236595153809e+01,-2.3571428571428574e-01,1253,1254,1.9530612244897869e-03,wind_speed:18.4_m:m_s-1
805,-2,-2.0000000000000000e+00,-2.8999999999999998e-01,-1,-1,0.0000000000000000e+00,wind_direction:18.4_m:degrees
806,-2,-2.0000000000000000e+00,-1.4399999999999999e-01,-1,-1,1.9439999999999909e-03,wind_direction:18.4_m:degrees
807,-2,-2.0000000000000000e+00,-3.1000000000000000e-01,-1,-1,0.0000000000000000e+00,wind_direction:18.4_m:degrees
808,1,2.4282662963867188e+02,-1.3348837209302325e-01,835,836,1.6552731206057325e-03,azimuth:0_m:degrees
809,-2,-2.0000000000000000e+00,-1.5769230769230769e-01,-1,-1,1.3100591715976342e-03,wind_direction:18.4_m:degrees
810,11,2.9529000854492188e+02,-2.1317073170731704e-01,1173,1174,2.0362879238548307e-03,wind_direction:18.4_m:degrees
811,4,9.1052350997924805e+00,-2.0743902439024392e-01,1353,1354,1.8385633551457475e-03,mixing_ratio:18.4_m:g_kg-1
812,-2,-2.0000000000000000e+00,-1.4666666666666670e-01,-1,-1,6.2222222222217682e-04,wind_direction:18.4_m:degrees
813,8,6.0999999046325684e+00,-2.0615384615384616e-01,815,816,3.8082840236686386e-03,wave_period:0_m:s
814,-2,-2.0000000000000000e+00,-1.4066666666666666e-01,-1,-1,1.0728888888888767e-03,wind_direction:18.4_m:degrees
815,-2,-2.0000000000000000e+00,-1.7700000000000002e-01,-1,-1,8.4100000000000147e-04,wind_direction:18.4_m:degrees
816,-2,-2.0000000000000000e+00,-3.0333333333333334e-01,-1,-1,1.4222222222221720e-03,wind_direction:18.4_m:degrees
817,0,7.3506069183349609e+01,-4.9287833827893160e-02,1491,1492,7.4489341281511797e-04,zenith:0_m:degrees
818,11,3.0972000122070312e+02,-6.2674772036474161e-02,985,986,7.3935015382341207e-04,wind_direction:18.4_m:degrees
819,-2,-2.0000000000000000e+00,-2.7500000000000002e-01,-1,-1,9.0499999999998915e-04,wind_direction:18.4_m:degrees
820,-2,-2.0000000000000000e+00,-1.8999999999999997e-01,-1,-1,1.7142857142857446e-03,wind_direction:18.4_m:degrees
821,6,1.7800000000000000e+02,-1.4341176470588235e-01,971,972,1.8083598615916859e-03,wave_direction:0_m:degrees
822,-2,-2.0000000000000000e+00,-8.6000000000000007e-02,-1,-1,4.4400000000001383e-04,wind_direction:18.4_m:degrees
823,4,2.1773808002471924e+00,2.4400000000000005e-02,825,826,3.3766400000000002e-03,mixing_ratio:18.4_m:g_kg-1
824,4,2.3219494819641113e+00,-1.1687763713080165e-02,895,896,1.2241556730580930e-03,mixing_ratio:18.4_m:g_kg-1
825,-2,-2.0000000000000000e+00,-4.4999999999999997e-03,-1,-1,4.4750000000000017e-05,wind_direction:18.4_m:degrees
826,-2,-2.0000000000000000e+00,1.4000000000000001e-01,-1,-1,0.0000000000000000e+00,wind_direction:18.4_m:degrees
827,-2,-2.0000000000000000e+00,-1.3352941176470590e-01,-1,-1,1.0581314878892710e-03,wind_direction:18.4_m:degrees
828,0,1.4666210937500000e+02,-7.4705882352941178e-02,829,830,3.7072664359861620e-03,zenith:0_m:degrees
829,-2,-2.0000000000000000e+00,-2.7500000000000000e-02,-1,-1,1.3187500000000000e-03,wind_direction:18.4_m:degrees
830,7,1.0000000000000000e+00,-1.1666666666666667e-01,1873,1874,2.0888888888888867e-03,wave_height:0_m:m
831,0,1.1514087295532227e+02,-7.9000000000000004e-01,833,834,1.6899999999999915e-02,zenith:0_m:degrees
832,-2,-2.0000000000000000e+00,-6.6263157894736846e-01,-1,-1,1.9351800554016640e-03,wind_direction:18.4_m:degrees
833,-2,-2.0000000000000000e+00,-6.6000000000000003e-01,-1,-1,0.0000000000000000e+00,wind_direction:18.4_m:degrees
834,-2,-2.0000000000000000e+00,-9.2000000000000004e-01,-1,-1,0.0000000000000000e+00,wind_direction:18.4_m:degrees
835,0,1.1147388458251953e+02,-1.2297297297297299e-01,1395,1396,1.0587289992695509e-03,zenith:0_m:degrees
836,-2,-2.0000000000000000e+00,-1.9833333333333333e-01,-1,-1,4.4722222222214059e-04,wind_direction:18.4_m:degrees
837,5,4.4700000762939453e+01,-2.1349809885931458e-02,1635,1636,6.1623884977374450e-04,relative_humidity:18.4_m:%
838,-2,-2.0000000000000000e+00,-7.5999999999999998e-02,-1,-1,8.6400000000005309e-04,wind_direction:18.4_m:degrees
839,10,1.9101606369018555e+01,-7.0466666666666666e-01,841,842,3.5315555555555656e-03,wind_speed:18.4_m:m_s-1
840,4,3.3534209728240967e+00,-7.7666666666666673e-01,843,844,4.7333333333329231e-03,mixing_ratio:18.4_m:g_kg-1
841,-2,-2.0000000000000000e+00,-8.0666666666666664e-01,-1,-1,5.5555555555575342e-04,wind_direction:18.4_m:degrees
842,-2,-2.0000000000000000e+00,-6.7916666666666670e-01,-1,-1,1.0243055555555491e-03,wind_direction:18.4_m:degrees
843,-2,-2.0000000000000000e+00,-8.4999999999999998e-01,-1,-1,9.4999999999978435e-04,wind_direction:18.4_m:degrees
844,-2,-2.0000000000000000e+00,-7.1799999999999997e-01,-1,-1,1.6000000000238046e-05,wind_direction:18.4_m:degrees
845,-2,-2.0000000000000000e+00,-3.4000000000000002e-01,-1,-1,3.1111111111112311e-04,wind_direction:18.4_m:degrees
846,-2,-2.0000000000000000e+00,-2.5000000000000000e-01,-1,-1,2.1333333333333204e-03,wind_direction:18.4_m:degrees
847,1,1.1985127258300781e+02,-2.8888888888888886e-01,1073,1074,3.4839506172839596e-03,azimuth:0_m:degrees
848,-2,-2.0000000000000000e+00,-3.7200000000000000e-01,-1,-1,6.9600000000000217e-04,wind_direction:18.4_m:degrees
849,5,3.9700000762939453e+01,-1.5363636363636365e-01,1155,1156,2.2110192837465695e-03,relative_humidity:18.4_m:%
850,2,2.7790998840332031e+02,-1.9472222222222227e-01,1281,1282,1.4693672839506053e-03,water_sfc_temperature:0_m:K
851,12,-4.8572940286248922e-03,-5.8090909090909093e-01,1677,1678,1.4809917355371738e-03,bulk_richardson:18.4_m:none
852,-2,-2.0000000000000000e+00,-4.4999999999999996e-01,-1,-1,1.6000000000002401e-03,wind_direction:18.4_m:degrees
853,5,7.6050003051757812e+01,-1.4057851239669422e-01,1037,1038,1.4715661498531755e-03,relative_humidity:18.4_m:%
854,2,2.8141500854492188e+02,-1.1215686274509802e-01,1123,1124,2.1149557862360710e-03,water_sfc_temperature:0_m:K
855,-2,-2.0000000000000000e+00,-3.7499999999999999e-02,-1,-1,3.4375000000000009e-04,wind_direction:18.4_m:degrees
856,-2,-2.0000000000000000e+00,-1.0145161290322578e-01,-1,-1,4.3498959417273900e-04,wind_direction:18.4_m:degrees
857,-2,-2.0000000000000000e+00,-2.9749999999999999e-01,-1,-1,8.1874999999999309e-04,wind_direction:18.4_m:degrees
858,-2,-2.0000000000000000e+00,-3.9176470588235290e-01,-1,-1,1.0380622837369846e-03,wind_direction:18.4_m:degrees
859,-2,-2.0000000000000000e+00,-1.5799999999999997e-01,-1,-1,8.1600000000001116e-04,wind_direction:18.4_m:degrees
860,11,3.1984500122070312e+02,-8.1733021077283349e-02,861,862,1.1033198229574021e-03,wind_direction:18.4_m:degrees
861,12,-7.9070094972848892e-02,-8.9051383399209455e-02,863,864,1.0354637629083358e-03,bulk_richardson:18.4_m:none
862,11,3.2300000000000000e+02,-7.1091954022988485e-02,1443,1444,1.0108766019289468e-03,wind_direction:18.4_m:degrees
863,9,9.0845630645751953e+01,-1.0078740157480312e-01,1139,1140,1.1363878727757380e-03,angle_between_wind_wave:0_m:degrees
864,4,2.9022005796432495e+00,-7.7222222222222234e-02,1527,1528,6.5498236331570665e-04,mixing_ratio:18.4_m:g_kg-1
865,-2,-2.0000000000000000e+00,-8.5789473684210527e-02,-1,-1,6.4016620498615149e-04,wind_direction:18.4_m:degrees
866,3,1.0341500244140625e+03,-5.6499999999999988e-02,1029,1030,6.0060714285714361e-04,pressure:18.4_m:hPa
867,11,3.0208999633789062e+02,-2.2766666666666663e-01,953,954,2.4445555555555817e-03,wind_direction:18.4_m:degrees
868,9,8.7956199645996094e+01,-2.6369047619047620e-01,869,870,3.5709041950113540e-03,angle_between_wind_wave:0_m:degrees
869,4,1.2367350459098816e+00,-2.2199999999999998e-01,995,996,2.1660000000000221e-03,mixing_ratio:18.4_m:g_kg-1
870,2,2.7666999816894531e+02,-2.7671874999999996e-01,871,872,3.2970458984374756e-03,water_sfc_temperature:0_m:K
871,5,4.5550001144409180e+01,-3.1888888888888883e-01,1575,1576,2.6320987654321337e-03,relative_humidity:18.4_m:%
872,12,-5.0062034279108047e-02,-2.6021739130434790e-01,1289,1290,2.5890831758034472e-03,bulk_richardson:18.4_m:none
873,3,1.0070000000000000e+03,-2.6454545454545458e-01,1351,1352,2.1520661157024695e-03,pressure:18.4_m:hPa
874,0,7.5012828826904297e+01,-3.0414634146341463e-01,875,876,2.9023200475907507e-03,zenith:0_m:degrees
875,5,4.2850000381469727e+01,-2.4499999999999997e-01,1665,1666,2.0500000000000171e-03,relative_humidity:18.4_m:%
876,12,-1.3063964433968067e-02,-3.1848484848484848e-01,1145,1146,2.0552800734618543e-03,bulk_richardson:18.4_m:none
877,3,1.0088999938964844e+03,-5.6826347305389192e-02,917,918,1.1222632579153142e-03,pressure:18.4_m:hPa
878,10,7.5164389610290527e+00,-3.2608695652173919e-02,1141,1142,1.7960932577189784e-03,wind_speed:18.4_m:m_s-1
879,-2,-2.0000000000000000e+00,-1.5666666666666665e-01,-1,-1,8.8888888888891820e-05,wind_direction:18.4_m:degrees
880,3,1.0035000000000000e+03,-1.0250000000000001e-01,881,882,2.1110576923076968e-03,pressure:18.4_m:hPa
881,-2,-2.0000000000000000e+00,-2.3000000000000001e-01,-1,-1,0.0000000000000000e+00,wind_direction:18.4_m:degrees
882,9,9.1963321685791016e+01,-9.7400000000000000e-02,1455,1456,1.5192400000000016e-03,angle_between_wind_wave:0_m:degrees
883,9,8.7689243316650391e+01,-7.1196754563894515e-02,1089,1090,4.6043390427446575e-04,angle_between_wind_wave:0_m:degrees
884,0,8.7651233673095703e+01,-8.3164179104477570e-02,885,886,7.1655513477389236e-04,zenith:0_m:degrees
885,2,2.9259001159667969e+02,-9.0913705583756291e-02,1835,1836,6.0119559895899753e-04,water_sfc_temperature:0_m:K
886,6,2.0950000000000000e+02,-7.2101449275362328e-02,1251,1252,6.7312014282716690e-04,wave_direction:0_m:degrees
887,1,1.2602455520629883e+02,-1.9063829787234049e-01,1431,1432,1.6527840651878803e-03,azimuth:0_m:degrees
888,-2,-2.0000000000000000e+00,-2.0000000000000000e-02,-1,-1,1.9504797083014225e-16,wind_direction:18.4_m:degrees
889,-2,-2.0000000000000000e+00,-9.6666666666666665e-02,-1,-1,7.5555555555555792e-04,wind_direction:18.4_m:degrees
890,12,-4.0055194869637489e-02,-1.6103448275862073e-01,1417,1418,1.5058263971462482e-03,bulk_richardson:18.4_m:none
891,-2,-2.0000000000000000e+00,-9.1999999999999998e-02,-1,-1,6.9599999999999870e-04,wind_direction:18.4_m:degrees
892,0,1.1782771682739258e+02,-1.7458333333333340e-01,1295,1296,1.6081597222222244e-03,zenith:0_m:degrees
893,-2,-2.0000000000000000e+00,-9.2916666666666689e-02,-1,-1,5.6232638888888652e-04,wind_direction:18.4_m:degrees
894,3,1.0267500000000000e+03,-4.9756097560975619e-02,1655,1656,1.4170136823319448e-03,pressure:18.4_m:hPa
895,4,2.2725539207458496e+00,-7.0000000000000007e-02,1981,1982,1.7499999999999990e-03,mixing_ratio:18.4_m:g_kg-1
896,3,1.0010499877929688e+03,-9.6506550218340599e-03,963,964,1.0828473904006403e-03,pressure:18.4_m:hPa
897,-2,-2.0000000000000000e+00,-2.4166666666666667e-01,-1,-1,6.4722222222222264e-04,wind_direction:18.4_m:degrees
898,-2,-2.0000000000000000e+00,-3.1000000000000000e-01,-1,-1,7.6666666666669325e-04,wind_direction:18.4_m:degrees
899,4,1.1131085395812988e+01,-2.6343749999999848e-03,1529,1530,4.4402881835937003e-04,mixing_ratio:18.4_m:g_kg-1
900,-2,-2.0000000000000000e+00,-1.7000000000000001e-01,-1,-1,1.0616507672978059e-15,wind_direction:18.4_m:degrees
901,10,3.6086632013320923e+00,-1.2851656265002349e-02,1695,1696,3.0122955438592505e-04,wind_speed:18.4_m:m_s-1
902,12,-4.6982862055301666e-01,-2.9803921568627451e-02,1197,1198,5.6858900422911433e-04,bulk_richardson:18.4_m:none
903,9,8.9852111816406250e+01,-4.9857142857142867e-01,927,928,1.7479591836734865e-03,angle_between_wind_wave:0_m:degrees
904,5,5.7800001144409180e+01,-4.3700000000000000e-01,1199,1200,2.5409999999999044e-03,relative_humidity:18.4_m:%
905,-2,-2.0000000000000000e+00,-1.7272727272727273e-01,-1,-1,1.8743801652892564e-03,wind_direction:18.4_m:degrees
906,-2,-2.0000000000000000e+00,-2.3666666666666666e-01,-1,-1,1.6777777777777780e-03,wind_direction:18.4_m:degrees
907,6,2.3850000000000000e+02,-3.6571428571428577e-01,1079,1080,3.0244897959183503e-03,wave_direction:0_m:degrees
908,6,2.3250000000000000e+02,-3.0363636363636365e-01,1373,1374,2.3685950413223494e-03,wave_direction:0_m:degrees
909,-2,-2.0000000000000000e+00,-2.8888888888888892e-01,-1,-1,9.8765432098761596e-04,wind_direction:18.4_m:degrees
910,-2,-2.0000000000000000e+00,-4.0000000000000008e-01,-1,-1,-1.1102230246251565e-16,wind_direction:18.4_m:degrees
911,7,7.5000000000000000e-01,-1.6000000000000000e-01,2039,2040,1.3111111111111066e-03,wave_height:0_m:m
912,-2,-2.0000000000000000e+00,-2.4399999999999999e-01,-1,-1,3.8399999999992607e-04,wind_direction:18.4_m:degrees
913,9,8.8955924987792969e+01,-9.2173913043478245e-02,915,916,2.9300567107750520e-03,angle_between_wind_wave:0_m:degrees
914,11,2.7576499938964844e+02,-5.5416666666666649e-02,1385,1386,4.7720734126984170e-04,wind_direction:18.4_m:degrees
915,-2,-2.0000000000000000e+00,-1.8999999999999997e-01,-1,-1,2.0000000000000573e-04,wind_direction:18.4_m:degrees
916,5,7.5250000000000000e+01,-7.7499999999999999e-02,1891,1892,1.6887500000000045e-03,relative_humidity:18.4_m:%
917,1,6.3777654647827148e+01,-7.2205882352941161e-02,1537,1538,1.4054282006920439e-03,azimuth:0_m:degrees
918,5,6.3750000000000000e+01,-4.6262626262626255e-02,1987,1988,6.5370880522396067e-04,relative_humidity:18.4_m:%
919,5,6.5100002288818359e+01,-1.5653846153846152e-01,1935,1936,1.4764792899408345e-03,relative_humidity:18.4_m:%
920,-2,-2.0000000000000000e+00,-2.4500000000000000e-01,-1,-1,7.4999999999991740e-05,wind_direction:18.4_m:degrees
921,-2,-2.0000000000000000e+00,-2.3545454545454544e-01,-1,-1,8.7933884297521775e-04,wind_direction:18.4_m:degrees
922,0,1.2006662750244141e+02,-1.7818181818181822e-01,923,924,4.0330578512396340e-03,zenith:0_m:degrees
923,4,1.3702559471130371e+00,-1.4588235294117649e-01,1401,1402,2.4242214532871967e-03,mixing_ratio:18.4_m:g_kg-1
924,1,2.6789256286621094e+02,-2.1249999999999999e-01,1101,1102,3.4562499999999663e-03,azimuth:0_m:degrees
925,-2,-2.0000000000000000e+00,-8.8478260869565228e-02,-1,-1,7.3029300567107637e-04,wind_direction:18.4_m:degrees
926,10,1.0064610004425049e+01,-1.1740740740740740e-01,1569,1570,1.1766117969821757e-03,wind_speed:18.4_m:m_s-1
927,-2,-2.0000000000000000e+00,-5.1304347826086949e-01,-1,-1,9.0812854442329227e-04,wind_direction:18.4_m:degrees
928,-2,-2.0000000000000000e+00,-4.3200000000000005e-01,-1,-1,2.1600000000007724e-04,wind_direction:18.4_m:degrees
929,0,1.2804751586914062e+02,-5.9134615384615397e-02,931,932,1.0213664940828381e-03,zenith:0_m:degrees
930,10,8.0761718750000000e+00,-4.7000000000000035e-02,1213,1214,3.8246666666664174e-04,wind_speed:18.4_m:m_s-1
931,9,9.0018589019775391e+01,-5.3863636363636336e-02,1617,1618,4.8620867768595002e-04,angle_between_wind_wave:0_m:degrees
932,3,1.0064500122070312e+03,-8.8125000000000009e-02,933,934,2.9714843749999885e-03,pressure:18.4_m:hPa
933,-2,-2.0000000000000000e+00,-7.4666666666666673e-02,-1,-1,2.7155555555555440e-04,wind_direction:18.4_m:degrees
934,-2,-2.0000000000000000e+00,-2.8999999999999998e-01,-1,-1,-4.1633363423443370e-17,wind_direction:18.4_m:degrees
935,10,1.2337732791900635e+01,-2.0857142857142857e-01,1061,1062,2.5979591836734761e-03,wind_speed:18.4_m:m_s-1
936,-2,-2.0000000000000000e+00,-2.8125000000000000e-01,-1,-1,2.6093750000001636e-04,wind_direction:18.4_m:degrees
937,10,8.5418629646301270e+00,-3.9354838709677424e-02,1091,1092,1.3737773152965654e-03,wind_speed:18.4_m:m_s-1
938,4,2.4487432241439819e+00,-7.6938775510204074e-02,1007,1008,1.5273635985006261e-03,mixing_ratio:18.4_m:g_kg-1
939,-2,-2.0000000000000000e+00,-7.7032967032967040e-02,-1,-1,5.6592199009781411e-04,wind_direction:18.4_m:degrees
940,0,6.6636928558349609e+01,-4.7045454545454550e-02,2025,2026,9.4354338842976863e-04,zenith:0_m:degrees
941,-2,-2.0000000000000000e+00,-4.0833333333333333e-01,-1,-1,1.4805555555555683e-03,wind_direction:18.4_m:degrees
942,-2,-2.0000000000000000e+00,-5.3000000000000003e-01,-1,-1,-5.5511151231257827e-16,wind_direction:18.4_m:degrees
943,4,2.8025478124618530e+00,-2.3753246753246757e-01,945,946,2.9978073874178113e-03,mixing_ratio:18.4_m:g_kg-1
944,-2,-2.0000000000000000e+00,-3.0666666666666664e-01,-1,-1,1.6888888888887260e-03,wind_direction:18.4_m:degrees
945,3,1.0023999938964844e+03,-2.2787878787878793e-01,947,948,2.5803489439852959e-03,pressure:18.4_m:hPa
946,-2,-2.0000000000000000e+00,-2.9545454545454547e-01,-1,-1,1.5884297520662172e-03,wind_direction:18.4_m:degrees
947,-2,-2.0000000000000000e+00,-2.7538461538461545e-01,-1,-1,8.8639053254434275e-04,wind_direction:18.4_m:degrees
948,0,6.6440567016601562e+01,-2.1622641509433968e-01,1149,1150,2.3065147739409000e-03,zenith:0_m:degrees
949,-2,-2.0000000000000000e+00,-3.9000000000000001e-01,-1,-1,2.6285714285713968e-03,wind_direction:18.4_m:degrees
950,12,5.2686505950987339e-03,-3.1789473684210529e-01,1421,1422,1.2481994459834223e-03,bulk_richardson:18.4_m:none
951,-2,-2.0000000000000000e+00,-4.1999999999999998e-01,-1,-1,2.7755575615628914e-17,wind_direction:18.4_m:degrees
952,6,2.0900000000000000e+02,-3.2111111111111112e-01,1761,1762,1.5135802469136150e-03,wave_direction:0_m:degrees
953,9,9.0318489074707031e+01,-2.4250000000000002e-01,1137,1138,1.8604166666666838e-03,angle_between_wind_wave:0_m:degrees
954,-2,-2.0000000000000000e+00,-1.6833333333333333e-01,-1,-1,3.8055555555562004e-04,wind_direction:18.4_m:degrees
955,12,-2.9743382474407554e-03,-1.1463276836158186e-01,957,958,1.8700628810367475e-03,bulk_richardson:18.4_m:none
956,0,5.8943468093872070e+01,-9.1714285714285734e-02,2007,2008,9.9706122448984559e-04,zenith:0_m:degrees
957,0,5.2770698547363281e+01,-1.2289062499999998e-01,959,960,1.4439880371093783e-03,zenith:0_m:degrees
958,11,3.3200498962402344e+02,-9.3061224489795952e-02,961,962,2.3396084964598628e-03,wind_direction:18.4_m:degrees
959,-2,-2.0000000000000000e+00,-6.7692307692307704e-02,-1,-1,7.1005917159763267e-04,wind_direction:18.4_m:degrees
960,10,1.0043792724609375e+01,-1.2913043478260869e-01,1411,1412,1.1435916824196653e-03,wind_speed:18.4_m:m_s-1
961,6,2.2950000000000000e+02,-7.8974358974359005e-02,2019,2020,1.3374095989480538e-03,wave_direction:0_m:degrees
962,5,3.7649999618530273e+01,-1.4799999999999999e-01,1053,1054,2.4560000000000137e-03,relative_humidity:18.4_m:%
963,-2,-2.0000000000000000e+00,-8.9999999999999997e-02,-1,-1,0.0000000000000000e+00,wind_direction:18.4_m:degrees
964,7,4.5000000298023224e-01,-8.2222222222222228e-03,1849,1850,9.8528395061728367e-04,wave_height:0_m:m
965,12,-6.2287239357829094e-02,-9.4216867469879548e-02,1287,1288,1.9834228480185810e-03,bulk_richardson:18.4_m:none
966,-2,-2.0000000000000000e+00,-2.0999999999999999e-01,-1,-1,4.1633363423443370e-17,wind_direction:18.4_m:degrees
967,-2,-2.0000000000000000e+00,-3.9122807017543865e-02,-1,-1,5.6589719913819584e-04,wind_direction:18.4_m:degrees
968,-2,-2.0000000000000000e+00,-7.4117647058823538e-02,-1,-1,7.1833910034602502e-04,wind_direction:18.4_m:degrees
969,-2,-2.0000000000000000e+00,-4.3999999999999997e-02,-1,-1,1.4400000000000046e-04,wind_direction:18.4_m:degrees
970,5,5.0850000381469727e+01,3.9333333333333331e-02,1709,1710,1.2595555555555556e-03,relative_humidity:18.4_m:%
971,-2,-2.0000000000000000e+00,-8.0000000000000002e-02,-1,-1,1.8333333333333353e-03,wind_direction:18.4_m:degrees
972,2,2.7663000488281250e+02,-1.4822784810126585e-01,973,974,1.4778721358756526e-03,water_sfc_temperature:0_m:K
973,-2,-2.0000000000000000e+00,-1.7869565217391306e-01,-1,-1,1.0982986767485714e-03,wind_direction:18.4_m:degrees
974,-2,-2.0000000000000000e+00,-1.3571428571428570e-01,-1,-1,1.0959183673469250e-03,wind_direction:18.4_m:degrees
975,2,2.7647500610351562e+02,-2.5277777777777777e-01,1977,1978,1.2256172839506113e-03,water_sfc_temperature:0_m:K
976,8,4.5000000000000000e+00,-3.3750000000000002e-01,977,978,1.0518749999999952e-02,wave_period:0_m:s
977,-2,-2.0000000000000000e+00,-2.8000000000000003e-01,-1,-1,7.9999999999999516e-04,wind_direction:18.4_m:degrees
978,-2,-2.0000000000000000e+00,-5.1000000000000001e-01,-1,-1,0.0000000000000000e+00,wind_direction:18.4_m:degrees
979,-2,-2.0000000000000000e+00,-2.7000000000000002e-01,-1,-1,2.6999999999999941e-03,wind_direction:18.4_m:degrees
980,0,1.5821162414550781e+02,-3.5842105263157892e-01,1285,1286,3.1185595567866931e-03,zenith:0_m:degrees
981,-2,-2.0000000000000000e+00,-3.9142857142857146e-01,-1,-1,1.8693877551020088e-03,wind_direction:18.4_m:degrees
982,-2,-2.0000000000000000e+00,-4.6909090909090911e-01,-1,-1,1.7537190082643761e-03,wind_direction:18.4_m:degrees
983,1,8.7939189910888672e+01,-1.4298507462686566e-01,1201,1202,1.8030296279794959e-03,azimuth:0_m:degrees
984,-2,-2.0000000000000000e+00,-2.0000000000000001e-01,-1,-1,9.1111111111109172e-04,wind_direction:18.4_m:degrees
985,-2,-2.0000000000000000e+00,-7.7191011235955037e-02,-1,-1,5.0334553717965372e-04,wind_direction:18.4_m:degrees
986,12,-2.8833419084548950e-01,-5.7291666666666650e-02,1897,1898,7.1974826388888045e-04,bulk_richardson:18.4_m:none
987,12,-1.9989254724350758e-04,-1.4152777777777778e-01,1265,1266,8.9349922839505186e-04,bulk_richardson:18.4_m:none
988,10,1.1867194175720215e+01,-2.0833333333333334e-01,989,990,2.3347222222222061e-02,wind_speed:18.4_m:m_s-1
989,-2,-2.0000000000000000e+00,-5.5000000000000004e-01,-1,-1,0.0000000000000000e+00,wind_direction:18.4_m:degrees
990,-2,-2.0000000000000000e+00,-1.4000000000000001e-01,-1,-1,1.0408340855860843e-17,wind_direction:18.4_m:degrees
991,7,1.9499999880790710e+00,-2.5800000000000006e-01,1323,1324,2.6759999999999701e-03,wave_height:0_m:m
992,-2,-2.0000000000000000e+00,-8.9999999999999997e-02,-1,-1,-9.0205620750793969e-17,wind_direction:18.4_m:degrees
993,-2,-2.0000000000000000e+00,1.8260869565217393e-02,-1,-1,1.6230623818525517e-03,wind_direction:18.4_m:degrees
994,-2,-2.0000000000000000e+00,-8.0000000000000002e-02,-1,-1,8.0000000000000210e-04,wind_direction:18.4_m:degrees
995,-2,-2.0000000000000000e+00,-1.9857142857142859e-01,-1,-1,1.2265306122449110e-03,wind_direction:18.4_m:degrees
996,-2,-2.0000000000000000e+00,-2.7666666666666667e-01,-1,-1,8.8888888888902229e-05,wind_direction:18.4_m:degrees
997,-2,-2.0000000000000000e+00,-5.7613636363636360e-02,-1,-1,4.1135072314049540e-04,wind_direction:18.4_m:degrees
998,12,-1.2018501758575439e-02,-7.6898734177215169e-02,1051,1052,5.2266063130909039e-04,bulk_richardson:18.4_m:none
999,-2,-2.0000000000000000e+00,-3.0750000000000000e-01,-1,-1,1.1187500000000017e-03,wind_direction:18.4_m:degrees
1000,-2,-2.0000000000000000e+00,-2.2258064516129031e-01,-1,-1,1.6255983350676323e-03,wind_direction:18.4_m:degrees
1001,2,2.8496499633789062e+02,-2.1326086956521736e-01,1003,1004,2.0871928166351569e-03,water_sfc_temperature:0_m:K
1002,6,2.2950000000000000e+02,-1.6307692307692309e-01,1389,1390,1.5289940828401918e-03,wave_direction:0_m:degrees
1003,0,1.4396276092529297e+02,-2.2275000000000000e-01,1221,1222,1.5149375000000007e-03,zenith:0_m:degrees
1004,-2,-2.0000000000000000e+00,-1.4999999999999999e-01,-1,-1,1.3000000000000372e-03,wind_direction:18.4_m:degrees
1005,5,9.6000000000000000e+01,-2.5525000000000003e-01,1775,1776,1.4449375000000209e-03,relative_humidity:18.4_m:%
1006,-2,-2.0000000000000000e+00,-2.0812499999999998e-01,-1,-1,1.1402343749999239e-03,wind_direction:18.4_m:degrees
1007,-2,-2.0000000000000000e+00,-3.2000000000000001e-02,-1,-1,5.7600000000000012e-04,wind_direction:18.4_m:degrees
1008,-2,-2.0000000000000000e+00,-8.8461538461538453e-02,-1,-1,1.1207100591715986e-03,wind_direction:18.4_m:degrees
1009,-2,-2.0000000000000000e+00,-2.1228070175438599e-02,-1,-1,4.7393044013542638e-04,wind_direction:18.4_m:degrees
1010,1,4.9924192428588867e+01,-3.7228116710875288e-02,1859,1860,3.9218403703677996e-04,azimuth:0_m:degrees
1011,-2,-2.0000000000000000e+00,-7.7792207792207801e-02,-1,-1,6.6655422499578131e-04,wind_direction:18.4_m:degrees
1012,2,2.9011499023437500e+02,-4.9433962264150956e-02,1845,1846,9.9779280882876954e-04,water_sfc_temperature:0_m:K
1013,-2,-2.0000000000000000e+00,-7.0000000000000007e-02,-1,-1,1.2439024390243931e-03,wind_direction:18.4_m:degrees
1014,-2,-2.0000000000000000e+00,-1.8500000000000000e-01,-1,-1,1.2249999999999622e-03,wind_direction:18.4_m:degrees
1015,10,1.9175343513488770e+01,-6.3749999999999996e-01,1567,1568,4.9687500000000218e-03,wind_speed:18.4_m:m_s-1
1016,-2,-2.0000000000000000e+00,-5.0000000000000000e-01,-1,-1,-1.1102230246251565e-16,wind_direction:18.4_m:degrees
1017,-2,-2.0000000000000000e+00,-3.6250000000000004e-01,-1,-1,2.0187499999999858e-03,wind_direction:18.4_m:degrees
1018,-2,-2.0000000000000000e+00,-5.4000000000000004e-01,-1,-1,5.5511151231257827e-17,wind_direction:18.4_m:degrees
1019,2,2.8658999633789062e+02,-1.2892857142857142e-01,1097,1098,1.3631377551020403e-03,water_sfc_temperature:0_m:K
1020,4,1.3052760958671570e+00,-1.6175000000000000e-01,1021,1022,2.3794375000000222e-03,mixing_ratio:18.4_m:g_kg-1
1021,5,5.5899999618530273e+01,-1.2789473684210528e-01,2035,2036,8.9030470914127149e-04,relative_humidity:18.4_m:%
1022,0,8.2789218902587891e+01,-1.9238095238095237e-01,1903,1904,1.7514739229024662e-03,zenith:0_m:degrees
1023,1,3.0993611145019531e+02,-1.1582159624413138e-01,1025,1026,1.4506160594238357e-03,azimuth:0_m:degrees
1024,9,8.7763481140136719e+01,-9.5581395348837195e-02,1791,1792,1.4758247701460395e-03,angle_between_wind_wave:0_m:degrees
1025,9,8.9825504302978516e+01,-1.1899497487437183e-01,1027,1028,1.3477336430898438e-03,angle_between_wind_wave:0_m:degrees
1026,-2,-2.0000000000000000e+00,-7.0714285714285716e-02,-1,-1,7.3520408163256067e-04,wind_direction:18.4_m:degrees
1027,2,2.8325000000000000e+02,-1.3000000000000000e-01,1291,1292,1.2521739130434834e-03,water_sfc_temperature:0_m:K
1028,2,2.8024499511718750e+02,-1.0392857142857141e-01,1611,1612,1.0857568027211155e-03,water_sfc_temperature:0_m:K
1029,-2,-2.0000000000000000e+00,-5.5362318840579690e-02,-1,-1,5.1544843520269067e-04,wind_direction:18.4_m:degrees
1030,-2,-2.0000000000000000e+00,-1.3500000000000001e-01,-1,-1,2.2499999999990236e-04,wind_direction:18.4_m:degrees
1031,5,6.6799999237060547e+01,-2.8157894736842104e-01,1363,1364,2.0132963988919728e-03,relative_humidity:18.4_m:%
1032,-2,-2.0000000000000000e+00,-2.2882352941176470e-01,-1,-1,1.4221453287197108e-03,wind_direction:18.4_m:degrees
1033,-2,-2.0000000000000000e+00,-2.7000000000000002e-01,-1,-1,4.9000000000000016e-03,wind_direction:18.4_m:degrees
1034,10,1.1925393104553223e+01,-3.8777777777777783e-01,1473,1474,2.4506172839506013e-03,wind_speed:18.4_m:m_s-1
1035,-2,-2.0000000000000000e+00,-7.4285714285714288e-02,-1,-1,2.8163265306122356e-04,wind_direction:18.4_m:degrees
1036,11,3.0491999816894531e+02,-1.3736842105263158e-01,1045,1046,2.2930747922437662e-03,wind_direction:18.4_m:degrees
1037,3,1.0310000000000000e+03,-1.4412280701754393e-01,1391,1392,1.2733533394890736e-03,pressure:18.4_m:hPa
1038,-2,-2.0000000000000000e+00,-8.2857142857142865e-02,-1,-1,1.1632653061224739e-03,wind_direction:18.4_m:degrees
1039,11,2.3999499511718750e+02,-1.9250000000000000e-01,1919,1920,1.2812500000000115e-03,wind_direction:18.4_m:degrees
1040,-2,-2.0000000000000000e+00,-1.1199999999999999e-01,-1,-1,1.5999999999989981e-05,wind_direction:18.4_m:degrees
1041,-2,-2.0000000000000000e+00,-7.0000000000000007e-02,-1,-1,9.9999999999999395e-05,wind_direction:18.4_m:degrees
1042,-2,-2.0000000000000000e+00,-2.1333333333333335e-01,-1,-1,5.5555555555554526e-04,wind_direction:18.4_m:degrees
1043,-2,-2.0000000000000000e+00,-1.3222222222222221e-01,-1,-1,2.6172839506173259e-04,wind_direction:18.4_m:degrees
1044,12,-1.6164237633347511e-02,-1.8657142857142861e-01,1159,1160,1.5806258503401338e-03,bulk_richardson:18.4_m:none
1045,1,4.9205074310302734e+01,-1.6079999999999997e-01,1047,1048,2.8553600000000116e-03,azimuth:0_m:degrees
1046,-2,-2.0000000000000000e+00,-1.1906250000000002e-01,-1,-1,1.0897460937499947e-03,wind_direction:18.4_m:degrees
1047,-2,-2.0000000000000000e+00,-2.3333333333333331e-01,-1,-1,2.2222222222222365e-03,wind_direction:18.4_m:degrees
1048,-2,-2.0000000000000000e+00,-1.3789473684210526e-01,-1,-1,8.6925207756233247e-04,wind_direction:18.4_m:degrees
1049,12,-2.2250738739967346e-01,-6.3360433604336006e-02,1187,1188,9.3125491146510333e-04,bulk_richardson:18.4_m:none
1050,0,1.5797145080566406e+02,-7.7419354838709667e-02,1113,1114,9.4172736732572523e-04,zenith:0_m:degrees
1051,11,1.6437999725341797e+02,-1.0826086956521740e-01,1699,1700,8.2306238185255245e-04,wind_direction:18.4_m:degrees
1052,-2,-2.0000000000000000e+00,-7.4436860068259350e-02,-1,-1,4.1580915328076010e-04,wind_direction:18.4_m:degrees
1053,-2,-2.0000000000000000e+00,0.0000000000000000e+00,-1,-1,0.0000000000000000e+00,wind_direction:18.4_m:degrees
1054,-2,-2.0000000000000000e+00,-1.6444444444444445e-01,-1,-1,2.4691358024693522e-05,wind_direction:18.4_m:degrees
1055,-2,-2.0000000000000000e+00,-2.2250000000000000e-01,-1,-1,9.3750000000010492e-05,wind_direction:18.4_m:degrees
1056,-2,-2.0000000000000000e+00,-3.0666666666666664e-01,-1,-1,2.2222222222215149e-05,wind_direction:18.4_m:degrees
1057,6,1.8450000000000000e+02,-1.1666666666666667e-01,1319,1320,1.3222222222222090e-03,wave_direction:0_m:degrees
1058,2,2.8232499694824219e+02,-1.7375000000000002e-01,1929,1930,1.6984375000000176e-03,water_sfc_temperature:0_m:K
1059,-2,-2.0000000000000000e+00,-4.4666666666666671e-01,-1,-1,2.2222222222284538e-05,wind_direction:18.4_m:degrees
1060,-2,-2.0000000000000000e+00,-3.2000000000000001e-01,-1,-1,-2.7755575615628914e-17,wind_direction:18.4_m:degrees
1061,-2,-2.0000000000000000e+00,-2.5000000000000000e-01,-1,-1,1.5142857142857180e-03,wind_direction:18.4_m:degrees
1062,-2,-2.0000000000000000e+00,-1.6714285714285712e-01,-1,-1,2.4897959183674614e-04,wind_direction:18.4_m:degrees
1063,-2,-2.0000000000000000e+00,-5.0500000000000000e-01,-1,-1,2.2499999999997522e-04,wind_direction:18.4_m:degrees
1064,-2,-2.0000000000000000e+00,-3.4999999999999998e-01,-1,-1,9.9999999999975109e-05,wind_direction:18.4_m:degrees
1065,-2,-2.0000000000000000e+00,-1.0283687943262405e-01,-1,-1,3.9762587395000652e-04,wind_direction:18.4_m:degrees
1066,-2,-2.0000000000000000e+00,-4.2857142857142858e-02,-1,-1,4.8979591836613131e-05,wind_direction:18.4_m:degrees
1067,-2,-2.0000000000000000e+00,-4.0000000000000001e-02,-1,-1,0.0000000000000000e+00,wind_direction:18.4_m:degrees
1068,11,3.2830499267578125e+02,-1.9618181818181821e-01,1069,1070,2.8490578512396850e-03,wind_direction:18.4_m:degrees
1069,6,2.3100000000000000e+02,-1.5500000000000000e-01,2013,2014,1.0749999999999996e-03,wave_direction:0_m:degrees
1070,0,1.3871903991699219e+02,-2.0767441860465119e-01,1093,1094,2.7387777176852215e-03,zenith:0_m:degrees
1071,2,2.7582000732421875e+02,-3.5699999999999993e-01,1185,1186,2.4676666666666736e-03,water_sfc_temperature:0_m:K
1072,-2,-2.0000000000000000e+00,-4.6999999999999997e-01,-1,-1,-3.3306690738754696e-16,wind_direction:18.4_m:degrees
1073,9,8.7886978149414062e+01,-3.0649999999999999e-01,1985,1986,2.6727500000000570e-03,angle_between_wind_wave:0_m:degrees
1074,1,1.2627261734008789e+02,-2.3857142857142857e-01,1561,1562,2.3836734693876982e-03,azimuth:0_m:degrees
1075,-2,-2.0000000000000000e+00,1.9047619047619052e-03,-1,-1,4.7256235827664397e-04,wind_direction:18.4_m:degrees
1076,7,1.4499999880790710e+00,-3.2572614107883785e-02,1377,1378,6.7014514212909758e-04,wave_height:0_m:m
1077,-2,-2.0000000000000000e+00,-1.7000000000000001e-01,-1,-1,9.0000000000000149e-04,wind_direction:18.4_m:degrees
1078,-2,-2.0000000000000000e+00,-2.5916666666666666e-01,-1,-1,2.0763888888890303e-04,wind_direction:18.4_m:degrees
1079,10,1.3520133972167969e+01,-3.4687499999999999e-01,1357,1358,2.3589843750000117e-03,wind_speed:18.4_m:m_s-1
1080,-2,-2.0000000000000000e+00,-4.2599999999999999e-01,-1,-1,3.8399999999971790e-04,wind_direction:18.4_m:degrees
1081,5,5.7700000762939453e+01,-3.7285714285714283e-01,1255,1256,3.0204081632653201e-03,relative_humidity:18.4_m:%
1082,12,-3.7550674751400948e-02,-3.1000000000000000e-01,1345,1346,3.0292682926829073e-03,bulk_richardson:18.4_m:none
1083,-2,-2.0000000000000000e+00,-1.3000000000000000e-01,-1,-1,0.0000000000000000e+00,wind_direction:18.4_m:degrees
1084,-2,-2.0000000000000000e+00,-2.2434782608695655e-01,-1,-1,3.9848771266540184e-04,wind_direction:18.4_m:degrees
1085,9,8.9787239074707031e+01,-2.0031796502384749e-03,1717,1718,5.7150396445262183e-04,angle_between_wind_wave:0_m:degrees
1086,-2,-2.0000000000000000e+00,-1.1719128329297794e-02,-1,-1,2.5103975517239369e-04,wind_direction:18.4_m:degrees
1087,-2,-2.0000000000000000e+00,-5.3500000000000003e-01,-1,-1,2.0583333333333287e-03,wind_direction:18.4_m:degrees
1088,-2,-2.0000000000000000e+00,-4.2666666666666669e-01,-1,-1,1.0888888888888615e-03,wind_direction:18.4_m:degrees
1089,-2,-2.0000000000000000e+00,-1.3333333333333333e-01,-1,-1,1.4555555555555572e-03,wind_direction:18.4_m:degrees
1090,-2,-2.0000000000000000e+00,-7.0431211498973315e-02,-1,-1,4.0001939545218981e-04,wind_direction:18.4_m:degrees
1091,-2,-2.0000000000000000e+00,-3.0357142857142860e-02,-1,-1,6.7487244897959154e-04,wind_direction:18.4_m:degrees
1092,-2,-2.0000000000000000e+00,-1.2333333333333334e-01,-1,-1,8.8888888888881412e-05,wind_direction:18.4_m:degrees
1093,12,-3.5131404176354408e-02,-1.9233333333333333e-01,1435,1436,2.2112222222222325e-03,bulk_richardson:18.4_m:none
1094,11,3.3546000671386719e+02,-2.4307692307692305e-01,1605,1606,2.1597633136093974e-03,wind_direction:18.4_m:degrees
1095,-2,-2.0000000000000000e+00,-7.0000000000000007e-02,-1,-1,0.0000000000000000e+00,wind_direction:18.4_m:degrees
1096,-2,-2.0000000000000000e+00,-1.8388888888888888e-01,-1,-1,6.5709876543210838e-04,wind_direction:18.4_m:degrees
1097,-2,-2.0000000000000000e+00,-1.1714285714285715e-01,-1,-1,8.5374149659864056e-04,wind_direction:18.4_m:degrees
1098,-2,-2.0000000000000000e+00,-1.6428571428571431e-01,-1,-1,1.2244897959183682e-03,wind_direction:18.4_m:degrees
1099,-2,-2.0000000000000000e+00,-1.6500000000000001e-01,-1,-1,2.5000000000000716e-05,wind_direction:18.4_m:degrees
1100,10,8.0796217918395996e+00,-8.8057851239669416e-02,1681,1682,1.4668892152175442e-03,wind_speed:18.4_m:m_s-1
1101,-2,-2.0000000000000000e+00,-3.5999999999999999e-01,-1,-1,0.0000000000000000e+00,wind_direction:18.4_m:degrees
1102,0,1.4593344879150391e+02,-2.0266666666666669e-01,1181,1182,2.1395555555555612e-03,zenith:0_m:degrees
1103,3,1.0192999877929688e+03,-5.5833333333333346e-02,1105,1106,2.4576388888888877e-03,pressure:18.4_m:hPa
1104,3,1.0254500122070312e+03,-9.0186915887850494e-02,1171,1172,1.6691239409555442e-03,pressure:18.4_m:hPa
1105,-2,-2.0000000000000000e+00,-7.4210526315789477e-02,-1,-1,1.4454293628808840e-03,wind_direction:18.4_m:degrees
1106,-2,-2.0000000000000000e+00,1.4000000000000002e-02,-1,-1,1.4400000000000109e-04,wind_direction:18.4_m:degrees
1107,-2,-2.0000000000000000e+00,-4.1999999999999998e-01,-1,-1,1.0000000000001674e-04,wind_direction:18.4_m:degrees
1108,-2,-2.0000000000000000e+00,-5.2749999999999997e-01,-1,-1,9.1875000000013474e-04,wind_direction:18.4_m:degrees
1109,2,2.8030499267578125e+02,-1.1481481481481483e-01,1865,1866,5.1755829903978035e-04,water_sfc_temperature:0_m:K
1110,11,3.0133000183105469e+02,-9.1650943396226342e-02,1111,1112,7.5246306514773452e-04,wind_direction:18.4_m:degrees
1111,11,2.9082501220703125e+02,-9.3592233009708772e-02,1615,1616,6.2884343481950031e-04,wind_direction:18.4_m:degrees
1112,-2,-2.0000000000000000e+00,-2.4999999999999998e-02,-1,-1,4.2500000000004437e-04,wind_direction:18.4_m:degrees
1113,0,8.0961177825927734e+01,-7.9065934065934054e-02,1259,1260,8.3594070764400272e-04,zenith:0_m:degrees
1114,-2,-2.0000000000000000e+00,-2.5000000000000001e-03,-1,-1,1.8749999999942004e-05,wind_direction:18.4_m:degrees
1115,2,2.8983000183105469e+02,-1.6520547945205477e-01,2037,2038,9.9756051792076680e-04,water_sfc_temperature:0_m:K
1116,-2,-2.0000000000000000e+00,-1.2700000000000000e-01,-1,-1,6.0100000000000778e-04,wind_direction:18.4_m:degrees
1117,-2,-2.0000000000000000e+00,-6.6235294117647059e-01,-1,-1,6.2975778546697780e-04,wind_direction:18.4_m:degrees
1118,0,1.4821619415283203e+02,-7.2090909090909083e-01,1119,1120,4.5355371900831498e-03,zenith:0_m:degrees
1119,-2,-2.0000000000000000e+00,-8.5000000000000009e-01,-1,-1,3.5999999999999366e-03,wind_direction:18.4_m:degrees
1120,-2,-2.0000000000000000e+00,-6.9222222222222218e-01,-1,-1,2.1728395061720862e-04,wind_direction:18.4_m:degrees
1121,-2,-2.0000000000000000e+00,-5.2749999999999997e-01,-1,-1,2.2187499999999916e-03,wind_direction:18.4_m:degrees
1122,-2,-2.0000000000000000e+00,-3.7000000000000000e-01,-1,-1,-2.7755575615628914e-16,wind_direction:18.4_m:degrees
1123,11,3.3236000061035156e+02,-1.3849999999999998e-01,1409,1410,2.7427500000000056e-03,wind_direction:18.4_m:degrees
1124,-2,-2.0000000000000000e+00,-9.5161290322580638e-02,-1,-1,9.7336108220604130e-04,wind_direction:18.4_m:degrees
1125,-2,-2.0000000000000000e+00,-6.7272727272727276e-02,-1,-1,4.3801652892561972e-04,wind_direction:18.4_m:degrees
1126,6,1.9250000000000000e+02,-1.1444444444444445e-01,1641,1642,9.0663580246912179e-04,wave_direction:0_m:degrees
1127,-2,-2.0000000000000000e+00,-9.9130434782608703e-02,-1,-1,6.3402646502835544e-04,wind_direction:18.4_m:degrees
1128,12,-5.5047595873475075e-02,-1.3970588235294118e-01,1129,1130,2.5910899653979330e-03,bulk_richardson:18.4_m:none
1129,-2,-2.0000000000000000e+00,-2.0400000000000001e-01,-1,-1,1.4399999999999136e-04,wind_direction:18.4_m:degrees
1130,4,4.3266203403472900e+00,-1.2862068965517243e-01,1167,1168,2.1774078478002355e-03,mixing_ratio:18.4_m:g_kg-1
1131,-2,-2.0000000000000000e+00,-1.6966507177033491e-02,-1,-1,2.4333380646046859e-04,wind_direction:18.4_m:degrees
1132,11,3.3595500183105469e+02,-2.6914062499999981e-02,1225,1226,1.0182113647460367e-03,wind_direction:18.4_m:degrees
1133,-2,-2.0000000000000000e+00,-8.0000000000000002e-02,-1,-1,0.0000000000000000e+00,wind_direction:18.4_m:degrees
1134,3,1.0360999755859375e+03,3.0416666666666665e-02,1957,1958,1.0623263888888887e-03,pressure:18.4_m:hPa
1135,-2,-2.0000000000000000e+00,-1.9384615384615383e-01,-1,-1,3.0059171597633660e-04,wind_direction:18.4_m:degrees
1136,9,8.8956428527832031e+01,-1.4050000000000001e-01,1675,1676,1.6347500000000043e-03,angle_between_wind_wave:0_m:degrees
1137,-2,-2.0000000000000000e+00,-2.3095238095238096e-01,-1,-1,1.0467120181405914e-03,wind_direction:18.4_m:degrees
1138,-2,-2.0000000000000000e+00,-3.2333333333333331e-01,-1,-1,8.8888888888902229e-05,wind_direction:18.4_m:degrees
1139,0,8.5064842224121094e+01,-9.3402061855670071e-02,1183,1184,1.0843022637899921e-03,zenith:0_m:degrees
1140,-2,-2.0000000000000000e+00,-1.2466666666666668e-01,-1,-1,5.5822222222221690e-04,wind_direction:18.4_m:degrees
1141,7,1.1999999880790710e+00,-7.0000000000000007e-02,1143,1144,4.3384615384615367e-03,wave_height:0_m:m
1142,3,1.0080500183105469e+03,-2.3928571428571431e-02,1785,1786,8.0599489795918410e-04,pressure:18.4_m:hPa
1143,-2,-2.0000000000000000e+00,-1.1666666666666667e-02,-1,-1,2.4722222222222159e-04,wind_direction:18.4_m:degrees
1144,12,2.4868656881153584e-02,-1.2000000000000000e-01,1559,1560,2.4285714285714258e-03,bulk_richardson:18.4_m:none
1145,2,2.8697500610351562e+02,-3.3319999999999994e-01,1549,1550,1.7577600000000110e-03,water_sfc_temperature:0_m:K
1146,-2,-2.0000000000000000e+00,-2.7250000000000002e-01,-1,-1,1.9374999999997866e-04,wind_direction:18.4_m:degrees
1147,11,3.0260499572753906e+02,-4.5332031249999953e-02,1163,1164,7.0223350524903578e-04,wind_direction:18.4_m:degrees
1148,-2,-2.0000000000000000e+00,-3.5014084507042180e-02,-1,-1,3.8556318190834495e-04,wind_direction:18.4_m:degrees
1149,-2,-2.0000000000000000e+00,-3.0000000000000004e-01,-1,-1,7.9999999999998128e-04,wind_direction:18.4_m:degrees
1150,9,8.9519462585449219e+01,-2.1120000000000005e-01,1765,1766,1.9505599999999831e-03,angle_between_wind_wave:0_m:degrees
1151,7,2.1499999761581421e+00,-1.2446009389671366e-01,1659,1660,8.1437986290198647e-04,wave_height:0_m:m
1152,2,2.9152000427246094e+02,-1.0618556701030929e-01,1153,1154,8.1740886385373544e-04,water_sfc_temperature:0_m:K
1153,-2,-2.0000000000000000e+00,-8.9824561403508793e-02,-1,-1,3.7365343182517614e-04,wind_direction:18.4_m:degrees
1154,-2,-2.0000000000000000e+00,-1.2950000000000003e-01,-1,-1,5.2474999999999397e-04,wind_direction:18.4_m:degrees
1155,-2,-2.0000000000000000e+00,-2.9999999999999999e-01,-1,-1,0.0000000000000000e+00,wind_direction:18.4_m:degrees
1156,5,7.1899997711181641e+01,-1.4906249999999999e-01,1393,1394,1.5897460937500003e-03,relative_humidity:18.4_m:%
1157,8,8.2500000000000000e+00,-5.2999999999999992e-01,1465,1466,1.3750000000000706e-03,wave_period:0_m:s
1158,-2,-2.0000000000000000e+00,-5.7705882352941185e-01,-1,-1,9.8546712802766168e-04,wind_direction:18.4_m:degrees
1159,-2,-2.0000000000000000e+00,-2.1391304347826087e-01,-1,-1,1.6933837429111420e-03,wind_direction:18.4_m:degrees
1160,11,3.1551499938964844e+02,-1.7890243902439029e-01,1161,1162,1.2805026769779695e-03,wind_direction:18.4_m:degrees
1161,-2,-2.0000000000000000e+00,-1.8900000000000008e-01,-1,-1,1.1423333333332938e-03,wind_direction:18.4_m:degrees
1162,-2,-2.0000000000000000e+00,-1.5136363636363634e-01,-1,-1,6.2086776859510834e-04,wind_direction:18.4_m:degrees
1163,-2,-2.0000000000000000e+00,-6.5957446808510636e-02,-1,-1,5.7727478497057640e-04,wind_direction:18.4_m:degrees
1164,0,8.1656501770019531e+01,-4.3247311827956950e-02,1165,1166,6.6751948202104601e-04,zenith:0_m:degrees
1165,-2,-2.0000000000000000e+00,-1.6764705882352942e-02,-1,-1,5.8070934256055349e-04,wind_direction:18.4_m:degrees
1166,4,8.7495070695877075e-01,-4.5336426914153106e-02,1515,1516,6.1467800022609953e-04,mixing_ratio:18.4_m:g_kg-1
1167,6,2.2050000000000000e+02,-1.1760000000000001e-01,1533,1534,1.2662400000000001e-03,wave_direction:0_m:degrees
1168,-2,-2.0000000000000000e+00,-1.9750000000000001e-01,-1,-1,2.3687499999999750e-03,wind_direction:18.4_m:degrees
1169,-2,-2.0000000000000000e+00,-2.4333333333333332e-01,-1,-1,5.5555555555556607e-04,wind_direction:18.4_m:degrees
1170,4,3.6093821525573730e+00,-1.5321428571428575e-01,1299,1300,2.0789540816326425e-03,mixing_ratio:18.4_m:g_kg-1
1171,6,2.4600000000000000e+02,-8.4623655913978468e-02,1269,1270,1.4055035264192326e-03,wave_direction:0_m:degrees
1172,-2,-2.0000000000000000e+00,-1.2714285714285714e-01,-1,-1,1.8489795918367573e-03,wind_direction:18.4_m:degrees
1173,-2,-2.0000000000000000e+00,-1.7923076923076919e-01,-1,-1,2.3786982248522742e-04,wind_direction:18.4_m:degrees
1174,12,-3.0942794866859913e-02,-2.2892857142857140e-01,1307,1308,2.0881377551020749e-03,bulk_richardson:18.4_m:none
1175,3,1.0361500244140625e+03,-9.3974507531865373e-03,1179,1180,9.6232523104479147e-04,pressure:18.4_m:hPa
1176,5,6.4450000762939453e+01,-6.9999999999999993e-02,1177,1178,3.5933333333332908e-02,relative_humidity:18.4_m:%
1177,-2,-2.0000000000000000e+00,1.4000000000000002e-02,-1,-1,7.8400000000000019e-04,wind_direction:18.4_m:degrees
1178,-2,-2.0000000000000000e+00,-4.8999999999999999e-01,-1,-1,0.0000000000000000e+00,wind_direction:18.4_m:degrees
1179,8,5.7500000000000000e+00,-1.0528211284513783e-02,1551,1552,9.1424680316304124e-04,wave_period:0_m:s
1180,11,2.9677499389648438e+02,2.2000000000000006e-02,1449,1450,1.2759999999999590e-03,wind_direction:18.4_m:degrees
1181,-2,-2.0000000000000000e+00,-1.8769230769230771e-01,-1,-1,7.8698224852070953e-04,wind_direction:18.4_m:degrees
1182,-2,-2.0000000000000000e+00,-2.9999999999999999e-01,-1,-1,-5.5511151231257827e-17,wind_direction:18.4_m:degrees
1183,-2,-2.0000000000000000e+00,-1.4714285714285716e-01,-1,-1,9.9183673469387112e-04,wind_direction:18.4_m:degrees
1184,-2,-2.0000000000000000e+00,-8.9222222222222231e-02,-1,-1,8.4939506172840122e-04,wind_direction:18.4_m:degrees
1185,-2,-2.0000000000000000e+00,-3.9000000000000007e-01,-1,-1,1.9999999999999463e-03,wind_direction:18.4_m:degrees
1186,5,5.7399999618530273e+01,-3.3499999999999996e-01,1997,1998,1.5694444444445954e-03,relative_humidity:18.4_m:%
1187,2,2.7937001037597656e+02,-8.9655172413793116e-02,1613,1614,1.2585017835909616e-03,water_sfc_temperature:0_m:K
1188,3,1.0070499877929688e+03,-6.1117647058823471e-02,1273,1274,8.3933910034602330e-04,pressure:18.4_m:hPa
1189,11,3.0625500488281250e+02,-3.7823529411764706e-01,1191,1192,3.2027681660899421e-03,wind_direction:18.4_m:degrees
1190,-2,-2.0000000000000000e+00,-5.3000000000000003e-01,-1,-1,-7.7715611723760958e-16,wind_direction:18.4_m:degrees
1191,-2,-2.0000000000000000e+00,-4.2285714285714288e-01,-1,-1,9.3469387755101829e-04,wind_direction:18.4_m:degrees
1192,0,1.5665806579589844e+02,-3.4699999999999998e-01,1359,1360,2.4210000000000481e-03,zenith:0_m:degrees
1193,-2,-2.0000000000000000e+00,2.6000000000000002e-02,-1,-1,1.8399999999999981e-04,wind_direction:18.4_m:degrees
1194,9,8.8299587249755859e+01,-4.0949367088607580e-02,1819,1820,5.8327591732094345e-04,angle_between_wind_wave:0_m:degrees
1195,-2,-2.0000000000000000e+00,-1.1102272727272729e-01,-1,-1,6.4099948347106500e-04,wind_direction:18.4_m:degrees
1196,7,1.0500000119209290e+00,-8.3170731707317078e-02,1317,1318,7.0458060678167678e-04,wave_height:0_m:m
1197,-2,-2.0000000000000000e+00,-9.4000000000000000e-02,-1,-1,7.8399999999999997e-04,wind_direction:18.4_m:degrees
1198,-2,-2.0000000000000000e+00,-2.6494845360824738e-02,-1,-1,3.3410564353278632e-04,wind_direction:18.4_m:degrees
1199,-2,-2.0000000000000000e+00,-4.1374999999999995e-01,-1,-1,4.7343750000000684e-04,wind_direction:18.4_m:degrees
1200,-2,-2.0000000000000000e+00,-5.3000000000000003e-01,-1,-1,-2.2204460492503131e-16,wind_direction:18.4_m:degrees
1201,-2,-2.0000000000000000e+00,-2.0600000000000002e-01,-1,-1,8.2399999999999141e-04,wind_direction:18.4_m:degrees
1202,6,2.2550000000000000e+02,-1.3790322580645165e-01,1653,1654,1.5359261186264177e-03,wave_direction:0_m:degrees
1203,12,-1.0554470121860504e-01,-4.7407407407407405e-02,1275,1276,1.5821673525377232e-03,bulk_richardson:18.4_m:none
1204,5,3.9950000762939453e+01,-2.1428571428571436e-02,1205,1206,1.2226345083487956e-03,relative_humidity:18.4_m:%
1205,-2,-2.0000000000000000e+00,4.4444444444444446e-02,-1,-1,2.4691358024691353e-05,wind_direction:18.4_m:degrees
1206,-2,-2.0000000000000000e+00,-3.0147058823529423e-02,-1,-1,7.3086072664359833e-04,wind_direction:18.4_m:degrees
1207,-2,-2.0000000000000000e+00,-4.0000000000000008e-02,-1,-1,2.9999999999999992e-04,wind_direction:18.4_m:degrees
1208,7,6.5000000596046448e-01,-7.8461538461538458e-02,1283,1284,1.0322485207100622e-03,wave_height:0_m:m
1209,-2,-2.0000000000000000e+00,-5.9999999999999998e-02,-1,-1,3.0000000000000165e-04,wind_direction:18.4_m:degrees
1210,-2,-2.0000000000000000e+00,-1.3999999999999999e-01,-1,-1,6.0000000000000678e-04,wind_direction:18.4_m:degrees
1211,-2,-2.0000000000000000e+00,-1.0142857142857142e-01,-1,-1,9.2653061224489894e-04,wind_direction:18.4_m:degrees
1212,-2,-2.0000000000000000e+00,-1.6750000000000001e-01,-1,-1,1.4687499999999909e-03,wind_direction:18.4_m:degrees
1213,-2,-2.0000000000000000e+00,-4.1608961303462241e-02,-1,-1,3.3040513354433616e-04,wind_direction:18.4_m:degrees
1214,10,8.0798606872558594e+00,-4.9623389494548996e-02,1215,1216,3.8677590486413177e-04,wind_speed:18.4_m:m_s-1
1215,-2,-2.0000000000000000e+00,-1.0500000000000001e-01,-1,-1,8.4999999999999833e-04,wind_direction:18.4_m:degrees
1216,11,2.0323000335693359e+02,-4.9180819180819062e-02,1771,1772,3.5836990182644673e-04,wind_direction:18.4_m:degrees
1217,-2,-2.0000000000000000e+00,-3.5555555555555562e-02,-1,-1,4.7654320987654307e-04,wind_direction:18.4_m:degrees
1218,12,-2.8343868441879749e-02,-6.8076923076923049e-02,1219,1220,1.4411735700197350e-03,bulk_richardson:18.4_m:none
1219,11,3.0925500488281250e+02,-7.6349206349206333e-02,1535,1536,1.2771478961955155e-03,wind_direction:18.4_m:degrees
1220,-2,-2.0000000000000000e+00,-3.3333333333333333e-02,-1,-1,6.3555555555557084e-04,wind_direction:18.4_m:degrees
1221,1,2.8292852783203125e+02,-2.3142857142857143e-01,1223,1224,1.0808163265306134e-03,azimuth:0_m:degrees
1222,-2,-2.0000000000000000e+00,-1.6200000000000001e-01,-1,-1,3.3599999999999602e-04,wind_direction:18.4_m:degrees
1223,-2,-2.0000000000000000e+00,-2.2375000000000000e-01,-1,-1,4.8593750000000546e-04,wind_direction:18.4_m:degrees
1224,-2,-2.0000000000000000e+00,-3.1333333333333330e-01,-1,-1,8.8888888889110396e-05,wind_direction:18.4_m:degrees
1225,4,8.5162591934204102e+00,-2.8433734939759002e-02,1227,1228,9.3449460492572834e-04,mixing_ratio:18.4_m:g_kg-1
1226,-2,-2.0000000000000000e+00,2.7142857142857139e-02,-1,-1,9.9183673469385855e-04,wind_direction:18.4_m:degrees
1227,11,1.6320999908447266e+02,-4.3787878787878792e-02,1231,1232,1.5326216712580345e-03,wind_direction:18.4_m:degrees
1228,0,1.3103311157226562e+02,-2.2896174863387974e-02,1229,1230,6.0308758099674820e-04,zenith:0_m:degrees
1229,1,8.4170997619628906e+01,-2.0730337078651687e-02,1705,1706,3.8766885494255780e-04,azimuth:0_m:degrees
1230,-2,-2.0000000000000000e+00,-1.0000000000000001e-01,-1,-1,2.1600000000000074e-03,wind_direction:18.4_m:degrees
1231,11,1.0718000030517578e+02,-8.9999999999999997e-02,1233,1234,4.3199999999999975e-03,wind_direction:18.4_m:degrees
1232,-2,-2.0000000000000000e+00,-3.5535714285714295e-02,-1,-1,5.8542729591836741e-04,wind_direction:18.4_m:degrees
1233,-2,-2.0000000000000000e+00,0.0000000000000000e+00,-1,-1,0.0000000000000000e+00,wind_direction:18.4_m:degrees
1234,-2,-2.0000000000000000e+00,-1.2857142857142859e-01,-1,-1,1.2122448979591770e-03,wind_direction:18.4_m:degrees
1235,-2,-2.0000000000000000e+00,-3.8000000000000006e-01,-1,-1,-5.5511151231257827e-17,wind_direction:18.4_m:degrees
1236,0,1.3268471527099609e+02,-4.4882352941176473e-01,1375,1376,1.4692041522491039e-03,zenith:0_m:degrees
1237,-2,-2.0000000000000000e+00,-3.6714285714285716e-01,-1,-1,1.0680272108842537e-03,wind_direction:18.4_m:degrees
1238,-2,-2.0000000000000000e+00,-2.6000000000000001e-01,-1,-1,0.0000000000000000e+00,wind_direction:18.4_m:degrees
1239,12,-2.4001635611057281e-02,-3.0905660377358490e-01,1821,1822,2.3896760412958629e-03,bulk_richardson:18.4_m:none
1240,-2,-2.0000000000000000e+00,-2.0500000000000002e-01,-1,-1,2.4999999998782940e-05,wind_direction:18.4_m:degrees
1241,-2,-2.0000000000000000e+00,-5.1500000000000001e-01,-1,-1,6.2500000000015321e-04,wind_direction:18.4_m:degrees
1242,-2,-2.0000000000000000e+00,-3.9000000000000001e-01,-1,-1,-1.9428902930940239e-16,wind_direction:18.4_m:degrees
1243,-2,-2.0000000000000000e+00,-1.7333333333333331e-01,-1,-1,8.3888888888887861e-04,wind_direction:18.4_m:degrees
1244,-2,-2.0000000000000000e+00,-1.0750000000000000e-01,-1,-1,1.0687500000000003e-03,wind_direction:18.4_m:degrees
1245,-2,-2.0000000000000000e+00,-7.2500000000000009e-02,-1,-1,1.6437500000000002e-03,wind_direction:18.4_m:degrees
1246,12,-3.6797890206798911e-03,-1.2565217391304348e-01,1247,1248,1.9441398865784505e-03,bulk_richardson:18.4_m:none
1247,11,2.5748999023437500e+02,-1.3351351351351354e-01,1249,1250,1.3552227903579211e-03,wind_direction:18.4_m:degrees
1248,12,-3.6258207401260734e-03,-9.3333333333333351e-02,1523,1524,3.0666666666666551e-03,bulk_richardson:18.4_m:none
1249,-2,-2.0000000000000000e+00,-1.1000000000000001e-01,-1,-1,4.1538461538461260e-04,wind_direction:18.4_m:degrees
1250,1,2.9864878845214844e+02,-1.4624999999999999e-01,1877,1878,1.4026041666666510e-03,azimuth:0_m:degrees
1251,-2,-2.0000000000000000e+00,-8.3513513513513521e-02,-1,-1,5.0116873630386312e-04,wind_direction:18.4_m:degrees
1252,-2,-2.0000000000000000e+00,-5.8906250000000014e-02,-1,-1,5.4724121093750397e-04,wind_direction:18.4_m:degrees
1253,-2,-2.0000000000000000e+00,-2.2000000000000000e-01,-1,-1,2.8333333333332988e-04,wind_direction:18.4_m:degrees
1254,-2,-2.0000000000000000e+00,-3.2999999999999996e-01,-1,-1,1.5999999999999348e-03,wind_direction:18.4_m:degrees
1255,-2,-2.0000000000000000e+00,-3.1000000000000000e-01,-1,-1,0.0000000000000000e+00,wind_direction:18.4_m:degrees
1256,-2,-2.0000000000000000e+00,-4.1999999999999998e-01,-1,-1,1.0000000000001674e-04,wind_direction:18.4_m:degrees
1257,-2,-2.0000000000000000e+00,-2.9999999999999999e-01,-1,-1,0.0000000000000000e+00,wind_direction:18.4_m:degrees
1258,-2,-2.0000000000000000e+00,-1.9482758620689664e-01,-1,-1,1.1422116527943088e-03,wind_direction:18.4_m:degrees
1259,-2,-2.0000000000000000e+00,-1.7999999999999999e-01,-1,-1,0.0000000000000000e+00,wind_direction:18.4_m:degrees
1260,-2,-2.0000000000000000e+00,-7.7944444444444427e-02,-1,-1,7.3077469135802205e-04,wind_direction:18.4_m:degrees
1261,-2,-2.0000000000000000e+00,-1.2666666666666668e-01,-1,-1,5.5555555555555219e-04,wind_direction:18.4_m:degrees
1262,-2,-2.0000000000000000e+00,-2.1500000000000002e-01,-1,-1,4.0681818181818180e-04,wind_direction:18.4_m:degrees
1263,-2,-2.0000000000000000e+00,-4.8800000000000004e-01,-1,-1,1.1759999999999549e-03,wind_direction:18.4_m:degrees
1264,-2,-2.0000000000000000e+00,-3.8000000000000000e-01,-1,-1,-5.5511151231257827e-17,wind_direction:18.4_m:degrees
1265,8,4.1500000953674316e+00,-1.5816326530612251e-01,1267,1268,8.9662640566428448e-04,wave_period:0_m:s
1266,7,9.4999998807907104e-01,-1.3294736842105262e-01,1961,1962,6.7552354570637324e-04,wave_height:0_m:m
1267,-2,-2.0000000000000000e+00,-1.8043478260869567e-01,-1,-1,3.2589792060490341e-04,wind_direction:18.4_m:degrees
1268,-2,-2.0000000000000000e+00,-1.3846153846153847e-01,-1,-1,5.7455621301773230e-04,wind_direction:18.4_m:degrees
1269,12,-9.0605139732360840e-02,-8.7333333333333291e-02,1565,1566,1.2240000000000055e-03,bulk_richardson:18.4_m:none
1270,-2,-2.0000000000000000e+00,-3.3333333333333335e-03,-1,-1,2.2222222222145008e-05,wind_direction:18.4_m:degrees
1271,-2,-2.0000000000000000e+00,-4.0000000000000002e-01,-1,-1,0.0000000000000000e+00,wind_direction:18.4_m:degrees
1272,-2,-2.0000000000000000e+00,-5.6000000000000005e-01,-1,-1,1.4999999999992797e-04,wind_direction:18.4_m:degrees
1273,4,3.3929306268692017e+00,-1.4333333333333334e-01,1327,1328,6.4222222222222250e-03,mixing_ratio:18.4_m:g_kg-1
1274,12,-2.1973068267107010e-01,-6.0385756676557822e-02,1621,1622,7.2893131048085797e-04,bulk_richardson:18.4_m:none
1275,5,6.0649999618530273e+01,-6.9166666666666696e-02,1277,1278,1.9826388888888845e-03,relative_humidity:18.4_m:%
1276,-2,-2.0000000000000000e+00,-3.0000000000000006e-02,-1,-1,5.8000000000000195e-04,wind_direction:18.4_m:degrees
1277,8,4.7500000000000000e+00,-6.0000000000000012e-02,1965,1966,1.1545454545454519e-03,wave_period:0_m:s
1278,-2,-2.0000000000000000e+00,-1.7000000000000001e-01,-1,-1,-1.7347234759768071e-17,wind_direction:18.4_m:degrees
1279,12,4.0225476026535034e-02,-1.8785377358490462e-02,1573,1574,3.9156714466892614e-04,bulk_richardson:18.4_m:none
1280,-2,-2.0000000000000000e+00,-1.2000000000000000e-01,-1,-1,-2.2377932840100812e-16,wind_direction:18.4_m:degrees
1281,-2,-2.0000000000000000e+00,-2.2833333333333328e-01,-1,-1,1.0305555555555831e-03,wind_direction:18.4_m:degrees
1282,-2,-2.0000000000000000e+00,-1.7791666666666664e-01,-1,-1,8.4149305555553111e-04,wind_direction:18.4_m:degrees
1283,-2,-2.0000000000000000e+00,-1.0000000000000000e-02,-1,-1,5.0000000000000009e-05,wind_direction:18.4_m:degrees
1284,-2,-2.0000000000000000e+00,-8.4166666666666654e-02,-1,-1,6.9097222222222303e-04,wind_direction:18.4_m:degrees
1285,5,4.8800001144409180e+01,-3.6611111111111111e-01,1513,1514,2.1682098765432312e-03,relative_humidity:18.4_m:%
1286,-2,-2.0000000000000000e+00,-2.2000000000000000e-01,-1,-1,-3.3306690738754696e-16,wind_direction:18.4_m:degrees
1287,-2,-2.0000000000000000e+00,-1.4999999999999999e-01,-1,-1,4.6666666666666731e-04,wind_direction:18.4_m:degrees
1288,0,8.4459873199462891e+01,-8.9870129870129878e-02,1369,1370,1.8402428740091036e-03,zenith:0_m:degrees
1289,1,3.2765718460083008e+01,-2.6333333333333331e-01,1807,1808,2.1999999999999797e-03,azimuth:0_m:degrees
1290,-2,-2.0000000000000000e+00,-1.2000000000000000e-01,-1,-1,-5.1000870193718129e-16,wind_direction:18.4_m:degrees
1291,11,3.0086499023437500e+02,-1.2232558139534883e-01,1497,1498,1.1364521362898748e-03,wind_direction:18.4_m:degrees
1292,-2,-2.0000000000000000e+00,-1.5275862068965515e-01,-1,-1,9.0273483947686181e-04,wind_direction:18.4_m:degrees
1293,-2,-2.0000000000000000e+00,-2.7363636363636368e-01,-1,-1,1.5041322314048033e-04,wind_direction:18.4_m:degrees
1294,10,1.2317861080169678e+01,-2.2526315789473686e-01,1303,1304,2.3407202216066611e-03,wind_speed:18.4_m:m_s-1
1295,-2,-2.0000000000000000e+00,-2.0333333333333334e-01,-1,-1,1.2888888888888464e-03,wind_direction:18.4_m:degrees
1296,-2,-2.0000000000000000e+00,-1.4583333333333334e-01,-1,-1,2.7430555555554847e-04,wind_direction:18.4_m:degrees
1297,-2,-2.0000000000000000e+00,-2.0999999999999999e-01,-1,-1,0.0000000000000000e+00,wind_direction:18.4_m:degrees
1298,-2,-2.0000000000000000e+00,-3.5615384615384615e-01,-1,-1,1.1159763313609294e-03,wind_direction:18.4_m:degrees
1299,12,-4.2666895315051079e-02,-1.4400000000000002e-01,1601,1602,1.5359999999999888e-03,bulk_richardson:18.4_m:none
1300,-2,-2.0000000000000000e+00,-2.3000000000000001e-01,-1,-1,3.4694469519536142e-17,wind_direction:18.4_m:degrees
1301,-2,-2.0000000000000000e+00,-4.7250000000000003e-01,-1,-1,1.1187500000000017e-03,wind_direction:18.4_m:degrees
1302,-2,-2.0000000000000000e+00,-5.7999999999999996e-01,-1,-1,0.0000000000000000e+00,wind_direction:18.4_m:degrees
1303,-2,-2.0000000000000000e+00,-1.9166666666666665e-01,-1,-1,1.0472222222222272e-03,wind_direction:18.4_m:degrees
1304,11,3.1066500854492188e+02,-2.4076923076923079e-01,1429,1430,2.1763313609467691e-03,wind_direction:18.4_m:degrees
1305,4,1.2711173892021179e+00,-2.0600000000000002e-01,1993,1994,1.7839999999999939e-03,mixing_ratio:18.4_m:g_kg-1
1306,12,-7.9286608844995499e-02,-1.4999999999999999e-01,1711,1712,1.7764705882352856e-03,bulk_richardson:18.4_m:none
1307,1,1.0917570114135742e+02,-2.4130434782608695e-01,1915,1916,1.6374291115311967e-03,azimuth:0_m:degrees
1308,-2,-2.0000000000000000e+00,-1.7199999999999999e-01,-1,-1,2.1600000000009112e-04,wind_direction:18.4_m:degrees
1309,1,2.6192338562011719e+02,-5.4399999999999993e-01,1311,1312,1.1864000000000041e-02,azimuth:0_m:degrees
1310,10,1.5280009746551514e+01,-6.1714285714285722e-01,1713,1714,2.0632653061222750e-03,wind_speed:18.4_m:m_s-1
1311,-2,-2.0000000000000000e+00,-4.1999999999999998e-01,-1,-1,0.0000000000000000e+00,wind_direction:18.4_m:degrees
1312,-2,-2.0000000000000000e+00,-6.2666666666666659e-01,-1,-1,2.6888888888889073e-03,wind_direction:18.4_m:degrees
1313,-2,-2.0000000000000000e+00,-6.1874999999999999e-02,-1,-1,7.0273437499999980e-04,wind_direction:18.4_m:degrees
1314,-2,-2.0000000000000000e+00,-1.4999999999999999e-01,-1,-1,6.9388939039072284e-18,wind_direction:18.4_m:degrees
1315,-2,-2.0000000000000000e+00,-1.3507462686567167e-02,-1,-1,3.8844397415905554e-04,wind_direction:18.4_m:degrees
1316,12,-2.7381850779056549e-01,-2.7607526881720357e-02,1399,1400,4.2626531969014209e-04,bulk_richardson:18.4_m:none
1317,-2,-2.0000000000000000e+00,-6.1904761904761921e-02,-1,-1,2.1541950113378519e-04,wind_direction:18.4_m:degrees
1318,-2,-2.0000000000000000e+00,-1.0550000000000001e-01,-1,-1,2.4475000000000018e-04,wind_direction:18.4_m:degrees
1319,-2,-2.0000000000000000e+00,-1.8500000000000000e-01,-1,-1,6.7500000000000199e-04,wind_direction:18.4_m:degrees
1320,-2,-2.0000000000000000e+00,-1.1387755102040817e-01,-1,-1,1.1502707205331072e-03,wind_direction:18.4_m:degrees
1321,-2,-2.0000000000000000e+00,-3.0599999999999999e-01,-1,-1,1.4400000000000523e-04,wind_direction:18.4_m:degrees
1322,3,1.0001000061035156e+03,-3.7478260869565222e-01,1795,1796,2.4423440453686385e-03,pressure:18.4_m:hPa
1323,-2,-2.0000000000000000e+00,-1.7000000000000001e-01,-1,-1,0.0000000000000000e+00,wind_direction:18.4_m:degrees
1324,-2,-2.0000000000000000e+00,-2.8000000000000003e-01,-1,-1,9.2499999999996751e-04,wind_direction:18.4_m:degrees
1325,-2,-2.0000000000000000e+00,-4.5500000000000002e-01,-1,-1,1.6583333333332895e-03,wind_direction:18.4_m:degrees
1326,-2,-2.0000000000000000e+00,-3.8000000000000000e-01,-1,-1,2.7755575615628914e-17,wind_direction:18.4_m:degrees
1327,-2,-2.0000000000000000e+00,-2.0000000000000001e-01,-1,-1,0.0000000000000000e+00,wind_direction:18.4_m:degrees
1328,-2,-2.0000000000000000e+00,-2.9999999999999999e-02,-1,-1,-3.5778671692021646e-18,wind_direction:18.4_m:degrees
1329,-2,-2.0000000000000000e+00,-6.6666666666666666e-02,-1,-1,3.5555555555555601e-04,wind_direction:18.4_m:degrees
1330,-2,-2.0000000000000000e+00,4.6666666666666669e-02,-1,-1,1.0888888888888892e-03,wind_direction:18.4_m:degrees
1331,3,1.0066499938964844e+03,-1.9672727272727258e-02,1333,1334,1.1006201652892580e-03,pressure:18.4_m:hPa
1332,10,6.9124162197113037e+00,-6.6666666666666680e-02,1871,1872,1.5555555555555670e-03,wind_speed:18.4_m:m_s-1
1333,6,2.1450000000000000e+02,-3.2839506172839511e-02,1335,1336,1.3709495503734181e-03,wave_direction:0_m:degrees
1334,7,1.8499999642372131e+00,-1.4175257731958763e-02,1741,1742,8.8514454245934994e-04,wave_height:0_m:m
1335,-2,-2.0000000000000000e+00,-2.6231884057971028e-02,-1,-1,5.9449695442134027e-04,wind_direction:18.4_m:degrees
1336,0,9.8633926391601562e+01,-7.0833333333333331e-02,1337,1338,4.1409722222222195e-03,zenith:0_m:degrees
1337,6,2.2650000000000000e+02,-1.0500000000000001e-01,1815,1816,2.6750000000000020e-03,wave_direction:0_m:degrees
1338,-2,-2.0000000000000000e+00,-2.5000000000000001e-03,-1,-1,6.8750000000002132e-05,wind_direction:18.4_m:degrees
1339,7,8.4999999403953552e-01,-1.2000000000000001e-01,1463,1464,1.0055555555555512e-03,wave_height:0_m:m
1340,-2,-2.0000000000000000e+00,-2.0333333333333334e-01,-1,-1,2.2222222222173516e-05,wind_direction:18.4_m:degrees
1341,5,4.3700000762939453e+01,-4.0000000000000002e-01,1343,1344,3.1300000000001049e-03,relative_humidity:18.4_m:%
1342,-2,-2.0000000000000000e+00,-3.4444444444444444e-01,-1,-1,5.8024691358025959e-04,wind_direction:18.4_m:degrees
1343,-2,-2.0000000000000000e+00,-3.4714285714285709e-01,-1,-1,1.1632653061224713e-03,wind_direction:18.4_m:degrees
1344,-2,-2.0000000000000000e+00,-4.2846153846153856e-01,-1,-1,1.8745562130176863e-03,wind_direction:18.4_m:degrees
1345,3,1.0101499938964844e+03,-2.9774193548387090e-01,1347,1348,2.8497398543184116e-03,pressure:18.4_m:hPa
1346,10,1.2148944854736328e+01,-3.4800000000000003e-01,1673,1674,1.6760000000001635e-03,wind_speed:18.4_m:m_s-1
1347,10,1.2239531993865967e+01,-2.8461538461538460e-01,1349,1350,1.4402366863905808e-03,wind_speed:18.4_m:m_s-1
1348,5,3.9049999237060547e+01,-3.6599999999999999e-01,1511,1512,4.6239999999998782e-03,relative_humidity:18.4_m:%
1349,-2,-2.0000000000000000e+00,-3.0333333333333329e-01,-1,-1,8.3333333333331094e-04,wind_direction:18.4_m:degrees
1350,-2,-2.0000000000000000e+00,-2.4249999999999999e-01,-1,-1,2.4374999999999397e-04,wind_direction:18.4_m:degrees
1351,11,2.7469999694824219e+02,-2.7064516129032257e-01,1661,1662,1.6770031217481773e-03,wind_direction:18.4_m:degrees
1352,-2,-2.0000000000000000e+00,-1.7000000000000001e-01,-1,-1,-4.8572257327350599e-17,wind_direction:18.4_m:degrees
1353,1,9.2184513092041016e+01,-1.9937500000000000e-01,1387,1388,1.6996093750000149e-03,azimuth:0_m:degrees
1354,11,2.6624499511718750e+02,-2.3611111111111110e-01,1779,1780,1.2793209876541534e-03,wind_direction:18.4_m:degrees
1355,-2,-2.0000000000000000e+00,-2.2000000000000003e-01,-1,-1,7.5999999999998985e-04,wind_direction:18.4_m:degrees
1356,-2,-2.0000000000000000e+00,-1.3666666666666666e-01,-1,-1,2.2888888888888889e-03,wind_direction:18.4_m:degrees
1357,-2,-2.0000000000000000e+00,-4.7999999999999998e-01,-1,-1,0.0000000000000000e+00,wind_direction:18.4_m:degrees
1358,-2,-2.0000000000000000e+00,-3.3800000000000002e-01,-1,-1,1.2559999999999932e-03,wind_direction:18.4_m:degrees
1359,-2,-2.0000000000000000e+00,-3.1857142857142856e-01,-1,-1,7.5510204081631616e-04,wind_direction:18.4_m:degrees
1360,-2,-2.0000000000000000e+00,-4.1333333333333333e-01,-1,-1,2.2222222222284538e-05,wind_direction:18.4_m:degrees
1361,-2,-2.0000000000000000e+00,-1.4000000000000001e-01,-1,-1,0.0000000000000000e+00,wind_direction:18.4_m:degrees
1362,-2,-2.0000000000000000e+00,-2.7999999999999997e-01,-1,-1,1.0719999999999896e-03,wind_direction:18.4_m:degrees
1363,-2,-2.0000000000000000e+00,-1.9000000000000000e-01,-1,-1,0.0000000000000000e+00,wind_direction:18.4_m:degrees
1364,-2,-2.0000000000000000e+00,-2.9235294117647059e-01,-1,-1,1.1474048442906698e-03,wind_direction:18.4_m:degrees
1365,-2,-2.0000000000000000e+00,-2.6000000000000001e-01,-1,-1,0.0000000000000000e+00,wind_direction:18.4_m:degrees
1366,4,2.4563845396041870e+00,-4.0133333333333343e-01,1367,1368,2.5048888888888621e-03,mixing_ratio:18.4_m:g_kg-1
1367,-2,-2.0000000000000000e+00,-3.8000000000000006e-01,-1,-1,1.6727272727271592e-03,wind_direction:18.4_m:degrees
1368,-2,-2.0000000000000000e+00,-4.5999999999999996e-01,-1,-1,1.0000000000004450e-04,wind_direction:18.4_m:degrees
1369,9,9.1413337707519531e+01,-8.7333333333333346e-02,1371,1372,1.6355555555555542e-03,angle_between_wind_wave:0_m:degrees
1370,-2,-2.0000000000000000e+00,-1.8500000000000000e-01,-1,-1,2.2499999999996134e-04,wind_direction:18.4_m:degrees
1371,1,2.3289800262451172e+02,-8.2394366197183100e-02,1729,1730,1.2322951795278678e-03,azimuth:0_m:degrees
1372,-2,-2.0000000000000000e+00,-1.7499999999999999e-01,-1,-1,6.7500000000008525e-04,wind_direction:18.4_m:degrees
1373,-2,-2.0000000000000000e+00,-3.2874999999999999e-01,-1,-1,8.1093750000002518e-04,wind_direction:18.4_m:degrees
1374,-2,-2.0000000000000000e+00,-2.3666666666666666e-01,-1,-1,3.5555555555553259e-04,wind_direction:18.4_m:degrees
1375,-2,-2.0000000000000000e+00,-4.3357142857142866e-01,-1,-1,4.2295918367335483e-04,wind_direction:18.4_m:degrees
1376,-2,-2.0000000000000000e+00,-5.2000000000000002e-01,-1,-1,2.0000000000020002e-04,wind_direction:18.4_m:degrees
1377,12,-4.2043755948543549e-01,-3.2008368200836759e-02,1457,1458,6.2943926051714852e-04,bulk_richardson:18.4_m:none
1378,-2,-2.0000000000000000e+00,-1.0000000000000001e-01,-1,-1,9.4999999999996997e-04,wind_direction:18.4_m:degrees
1379,5,6.4750000000000000e+01,-1.2111111111111110e-01,2003,2004,1.0709876543209939e-03,relative_humidity:18.4_m:%
1380,0,1.3094798278808594e+02,-9.3472222222222207e-02,1381,1382,1.0587770061728351e-03,zenith:0_m:degrees
1381,-2,-2.0000000000000000e+00,-8.3928571428571422e-02,-1,-1,7.3813775510204582e-04,wind_direction:18.4_m:degrees
1382,-2,-2.0000000000000000e+00,-1.2687500000000002e-01,-1,-1,7.4648437500000886e-04,wind_direction:18.4_m:degrees
1383,-2,-2.0000000000000000e+00,-5.5666666666666664e-01,-1,-1,1.0888888888889170e-03,wind_direction:18.4_m:degrees
1384,-2,-2.0000000000000000e+00,-6.7999999999999994e-01,-1,-1,8.9999999999990088e-04,wind_direction:18.4_m:degrees
1385,-2,-2.0000000000000000e+00,-6.1612903225806426e-02,-1,-1,3.0385015608740823e-04,wind_direction:18.4_m:degrees
1386,-2,-2.0000000000000000e+00,-3.7954545454545463e-02,-1,-1,5.5263429752066867e-04,wind_direction:18.4_m:degrees
1387,-2,-2.0000000000000000e+00,-2.5166666666666665e-01,-1,-1,5.8055555555555638e-04,wind_direction:18.4_m:degrees
1388,10,1.3021290779113770e+01,-1.9396551724137931e-01,1587,1588,1.5032401902496870e-03,wind_speed:18.4_m:m_s-1
1389,-2,-2.0000000000000000e+00,-1.2857142857142859e-01,-1,-1,9.7959183673466954e-05,wind_direction:18.4_m:degrees
1390,-2,-2.0000000000000000e+00,-2.0333333333333334e-01,-1,-1,1.8888888888887734e-04,wind_direction:18.4_m:degrees
1391,2,2.7566000366210938e+02,-1.4580357142857142e-01,1955,1956,1.1350685586734507e-03,water_sfc_temperature:0_m:K
1392,-2,-2.0000000000000000e+00,-5.0000000000000003e-02,-1,-1,-1.2446640940133591e-16,wind_direction:18.4_m:degrees
1393,-2,-2.0000000000000000e+00,-1.5925925925925924e-01,-1,-1,1.0661179698216831e-03,wind_direction:18.4_m:degrees
1394,-2,-2.0000000000000000e+00,-9.4000000000000000e-02,-1,-1,8.2400000000001222e-04,wind_direction:18.4_m:degrees
1395,-2,-2.0000000000000000e+00,-1.1233333333333334e-01,-1,-1,5.8455555555555344e-04,wind_direction:18.4_m:degrees
1396,-2,-2.0000000000000000e+00,-1.6857142857142859e-01,-1,-1,5.2653061224489789e-04,wind_direction:18.4_m:degrees
1397,-2,-2.0000000000000000e+00,-4.1999999999999998e-01,-1,-1,0.0000000000000000e+00,wind_direction:18.4_m:degrees
1398,-2,-2.0000000000000000e+00,-5.6285714285714283e-01,-1,-1,5.6326530612238468e-04,wind_direction:18.4_m:degrees
1399,-2,-2.0000000000000000e+00,-6.7272727272727276e-02,-1,-1,1.2743801652892557e-03,wind_direction:18.4_m:degrees
1400,3,1.0320499877929688e+03,-2.6398891966758948e-02,1989,1990,3.5102094060052266e-04,pressure:18.4_m:hPa
1401,-2,-2.0000000000000000e+00,-1.2500000000000000e-01,-1,-1,1.7416666666666587e-03,wind_direction:18.4_m:degrees
1402,-2,-2.0000000000000000e+00,-1.9600000000000001e-01,-1,-1,5.0399999999999057e-04,wind_direction:18.4_m:degrees
1403,-2,-2.0000000000000000e+00,-1.4166666666666666e-01,-1,-1,8.0555555555559405e-05,wind_direction:18.4_m:degrees
1404,-2,-2.0000000000000000e+00,-2.0470588235294118e-01,-1,-1,9.5432525951560238e-04,wind_direction:18.4_m:degrees
1405,-2,-2.0000000000000000e+00,-1.5333333333333332e-01,-1,-1,1.3555555555555578e-03,wind_direction:18.4_m:degrees
1406,-2,-2.0000000000000000e+00,-2.3500000000000004e-01,-1,-1,5.8863636363638838e-04,wind_direction:18.4_m:degrees
1407,-2,-2.0000000000000000e+00,-1.4812500000000001e-01,-1,-1,4.1523437500002452e-04,wind_direction:18.4_m:degrees
1408,-2,-2.0000000000000000e+00,-2.0333333333333334e-01,-1,-1,8.2222222222218949e-04,wind_direction:18.4_m:degrees
1409,-2,-2.0000000000000000e+00,-1.5785714285714286e-01,-1,-1,2.0168367346938797e-03,wind_direction:18.4_m:degrees
1410,-2,-2.0000000000000000e+00,-9.3333333333333338e-02,-1,-1,1.5222222222222269e-03,wind_direction:18.4_m:degrees
1411,-2,-2.0000000000000000e+00,-1.2013333333333333e-01,-1,-1,9.3731555555555401e-04,wind_direction:18.4_m:degrees
1412,-2,-2.0000000000000000e+00,-1.4599999999999999e-01,-1,-1,1.0939999999999978e-03,wind_direction:18.4_m:degrees
1413,-2,-2.0000000000000000e+00,-1.8058823529411766e-01,-1,-1,6.2906574394463316e-04,wind_direction:18.4_m:degrees
1414,-2,-2.0000000000000000e+00,-1.3083333333333333e-01,-1,-1,9.0763888888888491e-04,wind_direction:18.4_m:degrees
1415,3,1.0151000061035156e+03,-8.3389830508474580e-02,1591,1592,1.3410514220051697e-03,pressure:18.4_m:hPa
1416,-2,-2.0000000000000000e+00,-1.1888888888888889e-01,-1,-1,8.3209876543208910e-04,wind_direction:18.4_m:degrees
1417,-2,-2.0000000000000000e+00,-1.8466666666666667e-01,-1,-1,1.1982222222222047e-03,wind_direction:18.4_m:degrees
1418,-2,-2.0000000000000000e+00,-1.3571428571428573e-01,-1,-1,5.9591836734693149e-04,wind_direction:18.4_m:degrees
1419,-2,-2.0000000000000000e+00,-1.4999999999999999e-01,-1,-1,0.0000000000000000e+00,wind_direction:18.4_m:degrees
1420,-2,-2.0000000000000000e+00,-2.7000000000000002e-01,-1,-1,1.3877787807814457e-17,wind_direction:18.4_m:degrees
1421,-2,-2.0000000000000000e+00,-3.2499999999999996e-01,-1,-1,3.5833333333332162e-04,wind_direction:18.4_m:degrees
1422,-2,-2.0000000000000000e+00,-1.9000000000000000e-01,-1,-1,9.7144514654701197e-17,wind_direction:18.4_m:degrees
1423,12,-1.0433438234031200e-02,-2.9259259259259273e-02,1427,1428,1.0957475994513022e-03,bulk_richardson:18.4_m:none
1424,6,2.1950000000000000e+02,1.0000000000000002e-02,1425,1426,3.4307692307692286e-03,wave_direction:0_m:degrees
1425,-2,-2.0000000000000000e+00,-1.3636363636363636e-02,-1,-1,4.2314049586776858e-04,wind_direction:18.4_m:degrees
1426,-2,-2.0000000000000000e+00,1.4000000000000001e-01,-1,-1,0.0000000000000000e+00,wind_direction:18.4_m:degrees
1427,0,3.5059836387634277e+01,3.2000000000000008e-02,1583,1584,3.7360000000000006e-03,zenith:0_m:degrees
1428,-2,-2.0000000000000000e+00,-3.3289473684210528e-02,-1,-1,6.5891620498614834e-04,wind_direction:18.4_m:degrees
1429,-2,-2.0000000000000000e+00,-2.3333333333333336e-01,-1,-1,1.6055555555555406e-03,wind_direction:18.4_m:degrees
1430,-2,-2.0000000000000000e+00,-3.2999999999999996e-01,-1,-1,4.0000000000009472e-04,wind_direction:18.4_m:degrees
1431,-2,-2.0000000000000000e+00,-1.6266666666666668e-01,-1,-1,1.0062222222222243e-03,wind_direction:18.4_m:degrees
1432,2,2.8993499755859375e+02,-2.0375000000000001e-01,1433,1434,1.4171874999999653e-03,water_sfc_temperature:0_m:K
1433,-2,-2.0000000000000000e+00,-2.2142857142857145e-01,-1,-1,1.0122448979591886e-03,wind_direction:18.4_m:degrees
1434,-2,-2.0000000000000000e+00,-1.6999999999999998e-01,-1,-1,4.5454545454544706e-04,wind_direction:18.4_m:degrees
1435,12,-6.3063576817512512e-02,-2.3571428571428574e-01,1881,1882,2.3102040816326483e-03,bulk_richardson:18.4_m:none
1436,6,2.2800000000000000e+02,-1.7913043478260871e-01,1999,2000,1.4340264650283818e-03,wave_direction:0_m:degrees
1437,2,2.8197000122070312e+02,-5.4272363150867822e-02,1439,1440,5.0324224020991543e-04,water_sfc_temperature:0_m:K
1438,-2,-2.0000000000000000e+00,-7.8666666666666663e-02,-1,-1,3.3822222222209836e-04,wind_direction:18.4_m:degrees
1439,12,6.8054227158427238e-03,-4.3741496598639448e-02,1639,1640,5.3225970660373124e-04,bulk_richardson:18.4_m:none
1440,12,1.3601884711533785e-02,-5.6843853820597971e-02,1441,1442,4.6246399046368132e-04,bulk_richardson:18.4_m:none
1441,3,1.0056499938964844e+03,-5.9462571976967367e-02,1625,1626,4.3080522102408774e-04,pressure:18.4_m:hPa
1442,-2,-2.0000000000000000e+00,-4.0000000000000015e-02,-1,-1,3.3827160493829175e-04,wind_direction:18.4_m:degrees
1443,-2,-2.0000000000000000e+00,-4.5652173913043478e-02,-1,-1,1.1550094517958410e-03,wind_direction:18.4_m:degrees
1444,-2,-2.0000000000000000e+00,-7.4966887417218492e-02,-1,-1,8.7533002938468014e-04,wind_direction:18.4_m:degrees
1445,-2,-2.0000000000000000e+00,-3.7470588235294122e-01,-1,-1,2.0602076124567048e-03,wind_direction:18.4_m:degrees
1446,-2,-2.0000000000000000e+00,-4.5666666666666672e-01,-1,-1,2.8888888888883857e-04,wind_direction:18.4_m:degrees
1447,-2,-2.0000000000000000e+00,-4.9249999999999999e-01,-1,-1,8.6874999999983493e-04,wind_direction:18.4_m:degrees
1448,-2,-2.0000000000000000e+00,-5.8499999999999996e-01,-1,-1,6.2500000000004219e-04,wind_direction:18.4_m:degrees
1449,-2,-2.0000000000000000e+00,-1.4444444444444446e-02,-1,-1,8.0246913580246909e-04,wind_direction:18.4_m:degrees
1450,-2,-2.0000000000000000e+00,3.7619047619047621e-02,-1,-1,6.6575963718820729e-04,wind_direction:18.4_m:degrees
1451,-2,-2.0000000000000000e+00,-2.5000000000000000e-01,-1,-1,0.0000000000000000e+00,wind_direction:18.4_m:degrees
1452,-2,-2.0000000000000000e+00,-4.0999999999999998e-01,-1,-1,2.7755575615628914e-17,wind_direction:18.4_m:degrees
1453,-2,-2.0000000000000000e+00,-1.0375478927202987e-02,-1,-1,2.8070192745262236e-04,wind_direction:18.4_m:degrees
1454,5,9.4250000000000000e+01,5.5000000000000000e-02,1963,1964,3.0249999999998989e-03,relative_humidity:18.4_m:%
1455,2,2.7401499938964844e+02,-9.1956521739130423e-02,1921,1922,1.2809546313799613e-03,water_sfc_temperature:0_m:K
1456,-2,-2.0000000000000000e+00,-1.6000000000000000e-01,-1,-1,3.8163916471489756e-17,wind_direction:18.4_m:degrees
1457,8,5.7999999523162842e+00,-4.4823529411764707e-02,1459,1460,1.0720276816609002e-03,wave_period:0_m:s
1458,11,2.4477999877929688e+02,-2.9236641221374014e-02,1869,1870,4.9051143095779409e-04,wind_direction:18.4_m:degrees
1459,10,4.1658678054809570e+00,-6.4054054054054038e-02,1461,1462,1.2078889700511347e-03,wind_speed:18.4_m:m_s-1
1460,-2,-2.0000000000000000e+00,-3.0000000000000013e-02,-1,-1,4.6250000000000035e-04,wind_direction:18.4_m:degrees
1461,-2,-2.0000000000000000e+00,-5.0714285714285719e-02,-1,-1,6.4948979591836903e-04,wind_direction:18.4_m:degrees
1462,-2,-2.0000000000000000e+00,-1.0555555555555556e-01,-1,-1,6.6913580246913754e-04,wind_direction:18.4_m:degrees
1463,-2,-2.0000000000000000e+00,-1.5500000000000000e-01,-1,-1,1.0449999999999973e-03,wind_direction:18.4_m:degrees
1464,-2,-2.0000000000000000e+00,-1.0653846153846155e-01,-1,-1,3.3801775147928627e-04,wind_direction:18.4_m:degrees
1465,-2,-2.0000000000000000e+00,-5.4705882352941182e-01,-1,-1,7.7370242214536145e-04,wind_direction:18.4_m:degrees
1466,-2,-2.0000000000000000e+00,-4.8857142857142855e-01,-1,-1,4.1224489795918529e-04,wind_direction:18.4_m:degrees
1467,-2,-2.0000000000000000e+00,-2.6791666666666664e-01,-1,-1,1.0914930555556424e-03,wind_direction:18.4_m:degrees
1468,-2,-2.0000000000000000e+00,-2.0400000000000001e-01,-1,-1,1.4639999999999237e-03,wind_direction:18.4_m:degrees
1469,-2,-2.0000000000000000e+00,-4.0000000000000002e-01,-1,-1,0.0000000000000000e+00,wind_direction:18.4_m:degrees
1470,-2,-2.0000000000000000e+00,-5.3000000000000003e-01,-1,-1,1.5999999999999348e-03,wind_direction:18.4_m:degrees
1471,12,-1.1767593026161194e-01,-4.8064516129032259e-02,1545,1546,1.1489420742282338e-03,bulk_richardson:18.4_m:none
1472,9,9.0162391662597656e+01,-6.6050420168067212e-02,1631,1632,1.1062495586470020e-03,angle_between_wind_wave:0_m:degrees
1473,-2,-2.0000000000000000e+00,-4.4500000000000001e-01,-1,-1,2.4999999999997247e-05,wind_direction:18.4_m:degrees
1474,3,1.0081499938964844e+03,-3.7142857142857150e-01,1475,1476,1.9408163265305645e-03,pressure:18.4_m:hPa
1475,-2,-2.0000000000000000e+00,-4.0111111111111108e-01,-1,-1,2.3209876543198171e-04,wind_direction:18.4_m:degrees
1476,-2,-2.0000000000000000e+00,-3.1800000000000000e-01,-1,-1,5.7600000000007645e-04,wind_direction:18.4_m:degrees
1477,-2,-2.0000000000000000e+00,-8.4499999999999997e-01,-1,-1,7.5000000000047251e-05,wind_direction:18.4_m:degrees
1478,-2,-2.0000000000000000e+00,-7.5800000000000001e-01,-1,-1,5.7600000000002094e-04,wind_direction:18.4_m:degrees
1479,-2,-2.0000000000000000e+00,-3.8000000000000000e-01,-1,-1,0.0000000000000000e+00,wind_direction:18.4_m:degrees
1480,-2,-2.0000000000000000e+00,-2.7199999999999996e-01,-1,-1,5.7599999999997931e-04,wind_direction:18.4_m:degrees
1481,12,-4.6716690063476562e-02,-4.8064516129032245e-02,1485,1486,1.4177592785293118e-03,bulk_richardson:18.4_m:none
1482,10,8.1023588180541992e+00,-6.3973214285714272e-02,1483,1484,8.0876713966836818e-04,wind_speed:18.4_m:m_s-1
1483,11,1.9953499603271484e+02,-5.3368421052631579e-02,2021,2022,8.4760110803324155e-04,wind_direction:18.4_m:degrees
1484,-2,-2.0000000000000000e+00,-7.1782945736434081e-02,-1,-1,6.3635598822186275e-04,wind_direction:18.4_m:degrees
1485,-2,-2.0000000000000000e+00,-7.3333333333333348e-02,-1,-1,1.0126984126984113e-03,wind_direction:18.4_m:degrees
1486,5,9.7650001525878906e+01,-4.0694444444444450e-02,1487,1488,1.2953510802469156e-03,relative_humidity:18.4_m:%
1487,12,-4.6530148014426231e-02,-3.8169014084507048e-02,1489,1490,8.5439396945050572e-04,bulk_richardson:18.4_m:none
1488,-2,-2.0000000000000000e+00,-2.2000000000000000e-01,-1,-1,-9.0205620750793969e-17,wind_direction:18.4_m:degrees
1489,-2,-2.0000000000000000e+00,1.0000000000000001e-01,-1,-1,0.0000000000000000e+00,wind_direction:18.4_m:degrees
1490,-2,-2.0000000000000000e+00,-4.0142857142857147e-02,-1,-1,5.8997959183673459e-04,wind_direction:18.4_m:degrees
1491,-2,-2.0000000000000000e+00,-1.4000000000000001e-01,-1,-1,0.0000000000000000e+00,wind_direction:18.4_m:degrees
1492,2,2.7560499572753906e+02,-4.8746268656716392e-02,1933,1934,6.9992069503230442e-04,water_sfc_temperature:0_m:K
1493,-2,-2.0000000000000000e+00,-2.9916666666666669e-01,-1,-1,1.3909722222222032e-03,wind_direction:18.4_m:degrees
1494,-2,-2.0000000000000000e+00,-3.5166666666666663e-01,-1,-1,5.1388888888885542e-04,wind_direction:18.4_m:degrees
1495,-2,-2.0000000000000000e+00,-1.0000000000000002e-01,-1,-1,-1.7347234759768071e-18,wind_direction:18.4_m:degrees
1496,-2,-2.0000000000000000e+00,-2.5678776290630870e-02,-1,-1,3.2186239850253665e-04,wind_direction:18.4_m:degrees
1497,-2,-2.0000000000000000e+00,-1.4750000000000002e-01,-1,-1,9.9874999999999964e-04,wind_direction:18.4_m:degrees
1498,12,-1.0403154417872429e-01,-1.1469696969696971e-01,1893,1894,9.2793847566574432e-04,bulk_richardson:18.4_m:none
1499,-2,-2.0000000000000000e+00,-2.0571428571428571e-01,-1,-1,5.9591836734693149e-04,wind_direction:18.4_m:degrees
1500,-2,-2.0000000000000000e+00,-2.7428571428571430e-01,-1,-1,8.8163265306120953e-04,wind_direction:18.4_m:degrees
1501,-2,-2.0000000000000000e+00,-1.8500000000000003e-01,-1,-1,7.8928571428567990e-04,wind_direction:18.4_m:degrees
1502,-2,-2.0000000000000000e+00,-2.2600000000000001e-01,-1,-1,9.3066666666666992e-04,wind_direction:18.4_m:degrees
1503,-2,-2.0000000000000000e+00,-1.1703703703703708e-01,-1,-1,7.1714677640602811e-04,wind_direction:18.4_m:degrees
1504,-2,-2.0000000000000000e+00,-8.6326530612244892e-02,-1,-1,9.8242399000417029e-04,wind_direction:18.4_m:degrees
1505,-2,-2.0000000000000000e+00,-1.0666666666666667e-01,-1,-1,7.5555555555555445e-04,wind_direction:18.4_m:degrees
1506,-2,-2.0000000000000000e+00,-4.4285714285714282e-02,-1,-1,1.1244897959183649e-03,wind_direction:18.4_m:degrees
1507,-2,-2.0000000000000000e+00,-1.1583333333333333e-01,-1,-1,1.4409722222222237e-03,wind_direction:18.4_m:degrees
1508,-2,-2.0000000000000000e+00,-3.3333333333333333e-02,-1,-1,2.2222222222216016e-05,wind_direction:18.4_m:degrees
1509,-2,-2.0000000000000000e+00,-1.3000000000000000e-01,-1,-1,0.0000000000000000e+00,wind_direction:18.4_m:degrees
1510,-2,-2.0000000000000000e+00,-2.4666666666666667e-01,-1,-1,5.5555555555555913e-04,wind_direction:18.4_m:degrees
1511,-2,-2.0000000000000000e+00,-4.7999999999999998e-01,-1,-1,0.0000000000000000e+00,wind_direction:18.4_m:degrees
1512,-2,-2.0000000000000000e+00,-3.3750000000000002e-01,-1,-1,1.7187500000000050e-03,wind_direction:18.4_m:degrees
1513,-2,-2.0000000000000000e+00,-3.1000000000000000e-01,-1,-1,1.3500000000000040e-03,wind_direction:18.4_m:degrees
1514,11,2.8948500061035156e+02,-3.8214285714285712e-01,1803,1804,1.2454081632653213e-03,wind_direction:18.4_m:degrees
1515,9,8.9875843048095703e+01,-9.1666666666666667e-03,2011,2012,1.1576388888888890e-03,angle_between_wind_wave:0_m:degrees
1516,-2,-2.0000000000000000e+00,-4.6372315035799486e-02,-1,-1,5.6058691850695980e-04,wind_direction:18.4_m:degrees
1517,-2,-2.0000000000000000e+00,-1.5511627906976749e-01,-1,-1,1.4203353163872445e-03,wind_direction:18.4_m:degrees
1518,5,4.7000000000000000e+01,-1.8949999999999997e-01,1519,1520,3.3547499999999481e-03,relative_humidity:18.4_m:%
1519,-2,-2.0000000000000000e+00,-2.6400000000000001e-01,-1,-1,5.0399999999999057e-04,wind_direction:18.4_m:degrees
1520,2,2.8244000244140625e+02,-1.6466666666666666e-01,1521,1522,1.8382222222222272e-03,water_sfc_temperature:0_m:K
1521,-2,-2.0000000000000000e+00,-1.4099999999999999e-01,-1,-1,1.0290000000000125e-03,wind_direction:18.4_m:degrees
1522,-2,-2.0000000000000000e+00,-2.1200000000000002e-01,-1,-1,9.5999999999978047e-05,wind_direction:18.4_m:degrees
1523,-2,-2.0000000000000000e+00,2.9999999999999999e-02,-1,-1,0.0000000000000000e+00,wind_direction:18.4_m:degrees
1524,8,5.5000000000000000e+00,-1.0058823529411764e-01,1525,1526,2.2996539792387478e-03,wave_period:0_m:s
1525,-2,-2.0000000000000000e+00,-5.8333333333333341e-02,-1,-1,2.4722222222222159e-04,wind_direction:18.4_m:degrees
1526,10,1.0667437553405762e+01,-1.2363636363636363e-01,1763,1764,1.9140495867768625e-03,wind_speed:18.4_m:m_s-1
1527,-2,-2.0000000000000000e+00,-6.3962264150943401e-02,-1,-1,3.3713065147739345e-04,wind_direction:18.4_m:degrees
1528,-2,-2.0000000000000000e+00,-8.6849315068493124e-02,-1,-1,6.6541565021579607e-04,wind_direction:18.4_m:degrees
1529,12,-8.2325980067253113e-01,-4.3009708737863882e-03,2005,2006,3.4519096993118864e-04,bulk_richardson:18.4_m:none
1530,6,2.2250000000000000e+02,3.7719298245614068e-04,1853,1854,6.0854193598029141e-04,wave_direction:0_m:degrees
1531,12,2.0182552747428417e-02,-9.0312499999999990e-02,1901,1902,5.8583984374999641e-04,bulk_richardson:18.4_m:none
1532,-2,-2.0000000000000000e+00,-1.4799999999999999e-01,-1,-1,5.5999999999920697e-05,wind_direction:18.4_m:degrees
1533,-2,-2.0000000000000000e+00,-7.7142857142857152e-02,-1,-1,7.7551020408160760e-05,wind_direction:18.4_m:degrees
1534,1,1.8258972167968750e+02,-1.3333333333333336e-01,1781,1782,8.4444444444443587e-04,azimuth:0_m:degrees
1535,-2,-2.0000000000000000e+00,-3.1428571428571431e-02,-1,-1,9.5510204081632665e-04,wind_direction:18.4_m:degrees
1536,-2,-2.0000000000000000e+00,-8.1964285714285698e-02,-1,-1,1.0336415816326553e-03,wind_direction:18.4_m:degrees
1537,-2,-2.0000000000000000e+00,-1.0899999999999999e-01,-1,-1,7.4900000000000140e-04,wind_direction:18.4_m:degrees
1538,2,2.9265998840332031e+02,-6.5862068965517245e-02,2029,2030,1.2449464922711061e-03,water_sfc_temperature:0_m:K
1539,-2,-2.0000000000000000e+00,-1.2680555555555559e-01,-1,-1,5.7173996913579064e-04,wind_direction:18.4_m:degrees
1540,-2,-2.0000000000000000e+00,-1.7374999999999999e-01,-1,-1,1.1984374999999339e-03,wind_direction:18.4_m:degrees
1541,-2,-2.0000000000000000e+00,-3.1000000000000000e-01,-1,-1,0.0000000000000000e+00,wind_direction:18.4_m:degrees
1542,12,-3.0842650681734085e-02,-2.3387096774193553e-01,1543,1544,1.1721123829344510e-03,bulk_richardson:18.4_m:none
1543,-2,-2.0000000000000000e+00,-2.4423076923076928e-01,-1,-1,6.7825443786979911e-04,wind_direction:18.4_m:degrees
1544,-2,-2.0000000000000000e+00,-1.7999999999999999e-01,-1,-1,2.8000000000008574e-04,wind_direction:18.4_m:degrees
1545,12,-1.4696051925420761e-01,-1.4166666666666668e-02,1895,1896,1.3576388888888889e-03,bulk_richardson:18.4_m:none
1546,-2,-2.0000000000000000e+00,-5.3086419753086408e-02,-1,-1,9.2257277853985626e-04,wind_direction:18.4_m:degrees
1547,-2,-2.0000000000000000e+00,-9.8333333333333328e-02,-1,-1,8.1388888888888830e-04,wind_direction:18.4_m:degrees
1548,-2,-2.0000000000000000e+00,-1.6625000000000001e-01,-1,-1,1.1734374999999957e-03,wind_direction:18.4_m:degrees
1549,-2,-2.0000000000000000e+00,-3.3833333333333332e-01,-1,-1,1.1722222222222967e-03,wind_direction:18.4_m:degrees
1550,-2,-2.0000000000000000e+00,-2.0999999999999999e-01,-1,-1,-1.1102230246251565e-16,wind_direction:18.4_m:degrees
1551,6,1.5100000000000000e+02,-1.7906976744186048e-02,1553,1554,9.1701460248783139e-04,wave_direction:0_m:degrees
1552,-2,-2.0000000000000000e+00,-7.9611650485436891e-03,-1,-1,8.8775253715398753e-04,wind_direction:18.4_m:degrees
1553,-2,-2.0000000000000000e+00,-1.9000000000000000e-01,-1,-1,0.0000000000000000e+00,wind_direction:18.4_m:degrees
1554,2,2.9282499694824219e+02,-1.7102803738317754e-02,1555,1556,7.8226045942877140e-04,water_sfc_temperature:0_m:K
1555,12,-2.2446167469024658e-01,-1.5714285714285708e-02,1755,1756,5.3972789115646269e-04,bulk_richardson:18.4_m:none
1556,7,7.0000001788139343e-01,-8.9999999999999997e-02,1557,1558,8.1000000000000533e-03,wave_height:0_m:m
1557,-2,-2.0000000000000000e+00,-1.7999999999999999e-01,-1,-1,0.0000000000000000e+00,wind_direction:18.4_m:degrees
1558,-2,-2.0000000000000000e+00,0.0000000000000000e+00,-1,-1,0.0000000000000000e+00,wind_direction:18.4_m:degrees
1559,-2,-2.0000000000000000e+00,-4.5000000000000005e-02,-1,-1,6.2500000000000012e-04,wind_direction:18.4_m:degrees
1560,-2,-2.0000000000000000e+00,-1.4999999999999999e-01,-1,-1,0.0000000000000000e+00,wind_direction:18.4_m:degrees
1561,-2,-2.0000000000000000e+00,-1.9750000000000001e-01,-1,-1,1.6875000000001611e-04,wind_direction:18.4_m:degrees
1562,-2,-2.0000000000000000e+00,-2.9333333333333333e-01,-1,-1,8.8888888888846718e-05,wind_direction:18.4_m:degrees
1563,-2,-2.0000000000000000e+00,-2.3199999999999998e-01,-1,-1,1.0560000000000153e-03,wind_direction:18.4_m:degrees
1564,-2,-2.0000000000000000e+00,-1.5857142857142859e-01,-1,-1,1.5510204081633019e-04,wind_direction:18.4_m:degrees
1565,-2,-2.0000000000000000e+00,-1.7499999999999999e-01,-1,-1,2.2500000000000644e-04,wind_direction:18.4_m:degrees
1566,11,3.4350999450683594e+02,-8.5340909090909051e-02,1715,1716,1.0680655991735588e-03,wind_direction:18.4_m:degrees
1567,-2,-2.0000000000000000e+00,-6.9999999999999996e-01,-1,-1,1.0000000000004450e-04,wind_direction:18.4_m:degrees
1568,-2,-2.0000000000000000e+00,-5.7499999999999996e-01,-1,-1,2.0250000000000545e-03,wind_direction:18.4_m:degrees
1569,-2,-2.0000000000000000e+00,-1.0960526315789472e-01,-1,-1,8.6958102493075833e-04,wind_direction:18.4_m:degrees
1570,12,-1.6232670750468969e-02,-1.3593749999999996e-01,1571,1572,1.4178710937499638e-03,bulk_richardson:18.4_m:none
1571,-2,-2.0000000000000000e+00,-2.0999999999999999e-01,-1,-1,6.9388939039072284e-18,wind_direction:18.4_m:degrees
1572,-2,-2.0000000000000000e+00,-1.2827586206896555e-01,-1,-1,9.3840665873960727e-04,wind_direction:18.4_m:degrees
1573,5,8.3649997711181641e+01,-2.0875912408759030e-02,2001,2002,3.8930577015291670e-04,relative_humidity:18.4_m:%
1574,-2,-2.0000000000000000e+00,-1.0000000000000005e-02,-1,-1,3.0552147239263814e-04,wind_direction:18.4_m:degrees
1575,4,1.1036852002143860e+00,-2.9545454545454547e-01,1577,1578,2.3338842975206830e-03,mixing_ratio:18.4_m:g_kg-1
1576,-2,-2.0000000000000000e+00,-3.5571428571428571e-01,-1,-1,8.8163265306120953e-04,wind_direction:18.4_m:degrees
1577,-2,-2.0000000000000000e+00,-3.4599999999999997e-01,-1,-1,6.4000000000008495e-05,wind_direction:18.4_m:degrees
1578,-2,-2.0000000000000000e+00,-2.5333333333333335e-01,-1,-1,3.2222222222220986e-04,wind_direction:18.4_m:degrees
1579,-2,-2.0000000000000000e+00,-6.2500000000000000e-01,-1,-1,6.2499999999998668e-04,wind_direction:18.4_m:degrees
1580,-2,-2.0000000000000000e+00,-5.2777777777777779e-01,-1,-1,1.2839506172838688e-03,wind_direction:18.4_m:degrees
1581,-2,-2.0000000000000000e+00,-3.6999999999999994e-01,-1,-1,2.7755575615628914e-17,wind_direction:18.4_m:degrees
1582,-2,-2.0000000000000000e+00,-2.8428571428571431e-01,-1,-1,3.9591836734695351e-04,wind_direction:18.4_m:degrees
1583,-2,-2.0000000000000000e+00,1.0000000000000001e-01,-1,-1,0.0000000000000000e+00,wind_direction:18.4_m:degrees
1584,-2,-2.0000000000000000e+00,-1.3333333333333331e-02,-1,-1,1.0888888888888895e-03,wind_direction:18.4_m:degrees
1585,-2,-2.0000000000000000e+00,-2.0499999999999999e-01,-1,-1,1.3450000000000129e-03,wind_direction:18.4_m:degrees
1586,-2,-2.0000000000000000e+00,-2.5388888888888889e-01,-1,-1,5.4598765432098406e-04,wind_direction:18.4_m:degrees
1587,12,-6.8286585155874491e-03,-1.9089285714285714e-01,1589,1590,1.2831313775510111e-03,bulk_richardson:18.4_m:none
1588,-2,-2.0000000000000000e+00,-2.8000000000000003e-01,-1,-1,3.8857805861880479e-16,wind_direction:18.4_m:degrees
1589,-2,-2.0000000000000000e+00,-2.0542857142857143e-01,-1,-1,9.0481632653062471e-04,wind_direction:18.4_m:degrees
1590,9,8.8438488006591797e+01,-1.6666666666666666e-01,1839,1840,9.7460317460315235e-04,angle_between_wind_wave:0_m:degrees
1591,11,3.0372999572753906e+02,-1.0153846153846156e-01,1739,1740,1.2976331360946714e-03,wind_direction:18.4_m:degrees
1592,-2,-2.0000000000000000e+00,-6.9090909090909092e-02,-1,-1,9.1129476584021849e-04,wind_direction:18.4_m:degrees
1593,-2,-2.0000000000000000e+00,-1.7000000000000001e-01,-1,-1,0.0000000000000000e+00,wind_direction:18.4_m:degrees
1594,-2,-2.0000000000000000e+00,-8.0681818181818188e-02,-1,-1,1.4336260330578519e-03,wind_direction:18.4_m:degrees
1595,-2,-2.0000000000000000e+00,-1.6333333333333333e-01,-1,-1,2.2222222222225557e-05,wind_direction:18.4_m:degrees
1596,-2,-2.0000000000000000e+00,-8.5624999999999993e-02,-1,-1,2.3710937499999991e-04,wind_direction:18.4_m:degrees
1597,4,4.1706268787384033e+00,-1.5000000000000001e-02,1599,1600,7.6184210526315766e-04,mixing_ratio:18.4_m:g_kg-1
1598,-2,-2.0000000000000000e+00,1.1000000000000000e-01,-1,-1,1.5612511283791264e-17,wind_direction:18.4_m:degrees
1599,-2,-2.0000000000000000e+00,-3.3043478260869570e-02,-1,-1,1.6030245746691827e-04,wind_direction:18.4_m:degrees
1600,-2,-2.0000000000000000e+00,1.2666666666666665e-02,-1,-1,4.1955555555555496e-04,wind_direction:18.4_m:degrees
1601,-2,-2.0000000000000000e+00,-1.5476190476190474e-01,-1,-1,1.0439909297052102e-03,wind_direction:18.4_m:degrees
1602,-2,-2.0000000000000000e+00,-8.7499999999999994e-02,-1,-1,3.1875000000000566e-04,wind_direction:18.4_m:degrees
1603,-2,-2.0000000000000000e+00,-3.2000000000000006e-01,-1,-1,1.9999999999999463e-03,wind_direction:18.4_m:degrees
1604,5,5.8549999237060547e+01,-2.7363636363636368e-01,1637,1638,1.3140495867768193e-03,relative_humidity:18.4_m:%
1605,-2,-2.0000000000000000e+00,-2.1142857142857138e-01,-1,-1,1.6693877551020725e-03,wind_direction:18.4_m:degrees
1606,-2,-2.0000000000000000e+00,-2.8000000000000003e-01,-1,-1,2.0000000000000573e-04,wind_direction:18.4_m:degrees
1607,-2,-2.0000000000000000e+00,-5.2607802874742845e-03,-1,-1,2.9343302033570833e-04,wind_direction:18.4_m:degrees
1608,-2,-2.0000000000000000e+00,-1.1567328918322264e-02,-1,-1,3.2800705622072638e-04,wind_direction:18.4_m:degrees
1609,-2,-2.0000000000000000e+00,-1.2000000000000002e-01,-1,-1,5.9999999999999810e-04,wind_direction:18.4_m:degrees
1610,-2,-2.0000000000000000e+00,-2.0999999999999999e-01,-1,-1,2.0000000000001267e-04,wind_direction:18.4_m:degrees
1611,-2,-2.0000000000000000e+00,-8.1363636363636360e-02,-1,-1,1.1845041322314049e-03,wind_direction:18.4_m:degrees
1612,-2,-2.0000000000000000e+00,-1.1193548387096774e-01,-1,-1,8.0593132154006993e-04,wind_direction:18.4_m:degrees
1613,-2,-2.0000000000000000e+00,-1.0500000000000001e-01,-1,-1,6.9499999999999423e-04,wind_direction:18.4_m:degrees
1614,-2,-2.0000000000000000e+00,-5.5555555555555552e-02,-1,-1,8.2469135802469215e-04,wind_direction:18.4_m:degrees
1615,3,1.0038999938964844e+03,-9.2745098039215657e-02,1797,1798,5.6109188773547682e-04,pressure:18.4_m:hPa
1616,-2,-2.0000000000000000e+00,-1.7999999999999999e-01,-1,-1,-2.7755575615628914e-17,wind_direction:18.4_m:degrees
1617,-2,-2.0000000000000000e+00,-4.2876712328767143e-02,-1,-1,2.8898480015012123e-04,wind_direction:18.4_m:degrees
1618,-2,-2.0000000000000000e+00,-6.1650485436893200e-02,-1,-1,4.7980016966727183e-04,wind_direction:18.4_m:degrees
1619,-2,-2.0000000000000000e+00,-4.0000000000000001e-02,-1,-1,9.6000000000000057e-04,wind_direction:18.4_m:degrees
1620,-2,-2.0000000000000000e+00,-1.0095238095238096e-01,-1,-1,7.7052154195011817e-04,wind_direction:18.4_m:degrees
1621,-2,-2.0000000000000000e+00,1.0000000000000000e-02,-1,-1,-1.3552527156068805e-20,wind_direction:18.4_m:degrees
1622,9,9.0947147369384766e+01,-6.1017964071856265e-02,1623,1624,6.9058051561547967e-04,angle_between_wind_wave:0_m:degrees
1623,-2,-2.0000000000000000e+00,-5.9272151898734145e-02,-1,-1,6.1181200929338398e-04,wind_direction:18.4_m:degrees
1624,3,1.0183000183105469e+03,-9.1666666666666674e-02,1733,1734,1.0805555555555985e-03,pressure:18.4_m:hPa
1625,2,2.8395500183105469e+02,-7.2533333333333339e-02,1627,1628,6.1091555555555562e-04,water_sfc_temperature:0_m:K
1626,-2,-2.0000000000000000e+00,-5.7264573991031402e-02,-1,-1,3.6695690643286181e-04,wind_direction:18.4_m:degrees
1627,-2,-2.0000000000000000e+00,-1.0999999999999999e-01,-1,-1,4.4000000000000115e-04,wind_direction:18.4_m:degrees
1628,-2,-2.0000000000000000e+00,-6.6769230769230761e-02,-1,-1,3.8802366863905334e-04,wind_direction:18.4_m:degrees
1629,-2,-2.0000000000000000e+00,-1.1600000000000002e-01,-1,-1,3.6399999999999801e-04,wind_direction:18.4_m:degrees
1630,-2,-2.0000000000000000e+00,-1.4762711864406777e-01,-1,-1,5.5708129847744162e-04,wind_direction:18.4_m:degrees
1631,10,7.0935726165771484e+00,-8.5333333333333344e-02,1633,1634,1.4515555555555566e-03,wind_speed:18.4_m:m_s-1
1632,10,8.1022520065307617e+00,-5.9550561797752817e-02,1995,1996,8.2226991541472366e-04,wind_speed:18.4_m:m_s-1
1633,-2,-2.0000000000000000e+00,-5.5833333333333325e-02,-1,-1,8.7430555555555655e-04,wind_direction:18.4_m:degrees
1634,-2,-2.0000000000000000e+00,-1.0500000000000002e-01,-1,-1,8.6944444444444005e-04,wind_direction:18.4_m:degrees
1635,-2,-2.0000000000000000e+00,-4.2580645161290336e-02,-1,-1,5.0946930280957215e-04,wind_direction:18.4_m:degrees
1636,12,-2.7149267494678497e-01,-2.0020202020201987e-02,1753,1754,5.9292888480767607e-04,bulk_richardson:18.4_m:none
1637,-2,-2.0000000000000000e+00,-2.0666666666666667e-01,-1,-1,2.2222222222229027e-05,wind_direction:18.4_m:degrees
1638,-2,-2.0000000000000000e+00,-2.8033333333333332e-01,-1,-1,9.4988888888884737e-04,wind_direction:18.4_m:degrees
1639,-2,-2.0000000000000000e+00,-5.3835616438356174e-02,-1,-1,6.2364421092137327e-04,wind_direction:18.4_m:degrees
1640,-2,-2.0000000000000000e+00,-3.3783783783783800e-02,-1,-1,2.4243973703433406e-04,wind_direction:18.4_m:degrees
1641,-2,-2.0000000000000000e+00,-1.2545454545454549e-01,-1,-1,9.4903581267216999e-04,wind_direction:18.4_m:degrees
1642,-2,-2.0000000000000000e+00,-1.0512820512820510e-01,-1,-1,6.8139381985535263e-04,wind_direction:18.4_m:degrees
1643,5,7.2700000762939453e+01,-1.4824175824175825e-01,1645,1646,1.7837217727327548e-03,relative_humidity:18.4_m:%
1644,-2,-2.0000000000000000e+00,-2.3499999999999999e-01,-1,-1,6.2499999999958422e-04,wind_direction:18.4_m:degrees
1645,-2,-2.0000000000000000e+00,-1.5200000000000005e-01,-1,-1,1.3101176470588193e-03,wind_direction:18.4_m:degrees
1646,6,2.0350000000000000e+02,-9.5000000000000015e-02,1647,1648,5.4583333333332474e-03,wave_direction:0_m:degrees
1647,-2,-2.0000000000000000e+00,-2.5000000000000000e-01,-1,-1,0.0000000000000000e+00,wind_direction:18.4_m:degrees
1648,-2,-2.0000000000000000e+00,-6.4000000000000001e-02,-1,-1,7.8399999999999911e-04,wind_direction:18.4_m:degrees
1649,3,9.9654998779296875e+02,-3.2000000000000001e-01,1651,1652,1.6111111111111742e-03,pressure:18.4_m:hPa
1650,-2,-2.0000000000000000e+00,-2.7363636363636368e-01,-1,-1,1.5041322314053585e-04,wind_direction:18.4_m:degrees
1651,-2,-2.0000000000000000e+00,-4.6999999999999997e-01,-1,-1,0.0000000000000000e+00,wind_direction:18.4_m:degrees
1652,-2,-2.0000000000000000e+00,-3.1117647058823533e-01,-1,-1,3.0449826989620288e-04,wind_direction:18.4_m:degrees
1653,-2,-2.0000000000000000e+00,-1.2650000000000000e-01,-1,-1,1.4727499999999914e-03,wind_direction:18.4_m:degrees
1654,-2,-2.0000000000000000e+00,-1.5863636363636363e-01,-1,-1,9.8450413223137925e-04,wind_direction:18.4_m:degrees
1655,-2,-2.0000000000000000e+00,-8.3000000000000004e-02,-1,-1,3.4099999999999929e-04,wind_direction:18.4_m:degrees
1656,11,1.0149499893188477e+02,-3.9032258064516129e-02,1657,1658,1.2926118626430784e-03,wind_direction:18.4_m:degrees
1657,-2,-2.0000000000000000e+00,-9.0909090909090922e-03,-1,-1,1.2809917355371900e-03,wind_direction:18.4_m:degrees
1658,-2,-2.0000000000000000e+00,-5.5500000000000008e-02,-1,-1,5.3475000000000094e-04,wind_direction:18.4_m:degrees
1659,-2,-2.0000000000000000e+00,-1.2017857142857144e-01,-1,-1,7.3151573129251642e-04,wind_direction:18.4_m:degrees
1660,10,1.1791732788085938e+01,-1.4044444444444448e-01,1813,1814,7.9980246913581576e-04,wind_speed:18.4_m:m_s-1
1661,-2,-2.0000000000000000e+00,-3.0199999999999999e-01,-1,-1,5.3600000000002257e-04,wind_direction:18.4_m:degrees
1662,9,8.9170890808105469e+01,-2.5571428571428573e-01,1679,1680,1.5292517006803147e-03,angle_between_wind_wave:0_m:degrees
1663,-2,-2.0000000000000000e+00,-3.0249999999999999e-01,-1,-1,4.6875000000000389e-04,wind_direction:18.4_m:degrees
1664,-2,-2.0000000000000000e+00,-2.3631578947368417e-01,-1,-1,1.2443213296398567e-03,wind_direction:18.4_m:degrees
1665,-2,-2.0000000000000000e+00,-2.0250000000000001e-01,-1,-1,3.6875000000001490e-04,wind_direction:18.4_m:degrees
1666,-2,-2.0000000000000000e+00,-2.8749999999999998e-01,-1,-1,1.1875000000001468e-04,wind_direction:18.4_m:degrees
1667,-2,-2.0000000000000000e+00,-8.0000000000000004e-01,-1,-1,0.0000000000000000e+00,wind_direction:18.4_m:degrees
1668,-2,-2.0000000000000000e+00,-6.3000000000000000e-01,-1,-1,-1.1102230246251565e-16,wind_direction:18.4_m:degrees
1669,-2,-2.0000000000000000e+00,1.0000000000000000e-02,-1,-1,0.0000000000000000e+00,wind_direction:18.4_m:degrees
1670,-2,-2.0000000000000000e+00,-4.5454545454545456e-02,-1,-1,6.2479338842975083e-04,wind_direction:18.4_m:degrees
1671,-2,-2.0000000000000000e+00,-1.3865384615384618e-01,-1,-1,5.3857248520711165e-04,wind_direction:18.4_m:degrees
1672,-2,-2.0000000000000000e+00,-2.0999999999999999e-01,-1,-1,7.9999999999995353e-04,wind_direction:18.4_m:degrees
1673,-2,-2.0000000000000000e+00,-2.8999999999999998e-01,-1,-1,0.0000000000000000e+00,wind_direction:18.4_m:degrees
1674,-2,-2.0000000000000000e+00,-3.7285714285714289e-01,-1,-1,3.3469387755100111e-04,wind_direction:18.4_m:degrees
1675,-2,-2.0000000000000000e+00,-9.4000000000000000e-02,-1,-1,2.4000000000001451e-05,wind_direction:18.4_m:degrees
1676,-2,-2.0000000000000000e+00,-1.5600000000000000e-01,-1,-1,1.2106666666666620e-03,wind_direction:18.4_m:degrees
1677,-2,-2.0000000000000000e+00,-5.5875000000000008e-01,-1,-1,2.3593749999994973e-04,wind_direction:18.4_m:degrees
1678,-2,-2.0000000000000000e+00,-6.4000000000000001e-01,-1,-1,-1.1102230246251565e-16,wind_direction:18.4_m:degrees
1679,-2,-2.0000000000000000e+00,-2.7833333333333338e-01,-1,-1,7.3055555555553986e-04,wind_direction:18.4_m:degrees
1680,-2,-2.0000000000000000e+00,-2.2555555555555559e-01,-1,-1,1.0024691358024723e-03,wind_direction:18.4_m:degrees
1681,9,9.0566864013671875e+01,-7.9126213592233013e-02,1735,1736,9.1671222546894394e-04,angle_between_wind_wave:0_m:degrees
1682,1,3.2669638061523438e+02,-9.4676258992805795e-02,1683,1684,1.7716577816883159e-03,azimuth:0_m:degrees
1683,4,9.7714223861694336e+00,-9.8625954198473295e-02,1685,1686,1.5263562729444565e-03,mixing_ratio:18.4_m:g_kg-1
1684,-2,-2.0000000000000000e+00,-3.0000000000000002e-02,-1,-1,1.3500000000000283e-03,wind_direction:18.4_m:degrees
1685,5,7.8500000000000000e+01,-1.0111111111111112e-01,1687,1688,1.4146384479717770e-03,relative_humidity:18.4_m:%
1686,-2,-2.0000000000000000e+00,-3.6000000000000004e-02,-1,-1,2.6399999999996565e-04,wind_direction:18.4_m:degrees
1687,8,6.9500000476837158e+00,-9.4757281553398090e-02,1799,1800,1.1569799227071301e-03,wave_period:0_m:s
1688,3,1.0106000061035156e+03,-1.2956521739130436e-01,1689,1690,1.5780718336483833e-03,pressure:18.4_m:hPa
1689,-2,-2.0000000000000000e+00,-1.4625000000000002e-01,-1,-1,9.6093749999999825e-04,wind_direction:18.4_m:degrees
1690,-2,-2.0000000000000000e+00,-9.1428571428571442e-02,-1,-1,8.9795918367347079e-04,wind_direction:18.4_m:degrees
1691,5,7.3050003051757812e+01,-4.2237442922374385e-02,1693,1694,5.3517649757094739e-04,relative_humidity:18.4_m:%
1692,4,5.5386800765991211e+00,-3.3663366336633672e-02,1751,1752,3.6881620602361603e-04,mixing_ratio:18.4_m:g_kg-1
1693,-2,-2.0000000000000000e+00,-6.6666666666666666e-02,-1,-1,3.0940170940171006e-04,wind_direction:18.4_m:degrees
1694,-2,-2.0000000000000000e+00,-3.6944444444444405e-02,-1,-1,4.2677469135802876e-04,wind_direction:18.4_m:degrees
1695,-2,-2.0000000000000000e+00,-1.0020898641588236e-02,-1,-1,2.6394940650696815e-04,wind_direction:18.4_m:degrees
1696,10,3.6119384765625000e+00,-1.5257548845470597e-02,1913,1914,3.2031555136306534e-04,wind_speed:18.4_m:m_s-1
1697,-2,-2.0000000000000000e+00,-3.1750000000000000e-01,-1,-1,6.6874999999995410e-04,wind_direction:18.4_m:degrees
1698,-2,-2.0000000000000000e+00,-2.2666666666666666e-01,-1,-1,8.8888888888909168e-05,wind_direction:18.4_m:degrees
1699,-2,-2.0000000000000000e+00,-1.4571428571428571e-01,-1,-1,2.4489795918371943e-05,wind_direction:18.4_m:degrees
1700,-2,-2.0000000000000000e+00,-9.1875000000000026e-02,-1,-1,2.9023437499999839e-04,wind_direction:18.4_m:degrees
1701,12,-1.6332233324646950e-02,-1.1000000000000000e-01,1703,1704,1.2100000000000000e-02,bulk_richardson:18.4_m:none
1702,12,1.9816418644040823e-03,-2.6126270733012335e-02,2043,2044,3.3469994655269781e-04,bulk_richardson:18.4_m:none
1703,-2,-2.0000000000000000e+00,0.0000000000000000e+00,-1,-1,0.0000000000000000e+00,wind_direction:18.4_m:degrees
1704,-2,-2.0000000000000000e+00,-2.2000000000000000e-01,-1,-1,0.0000000000000000e+00,wind_direction:18.4_m:degrees
1705,11,1.4500000000000000e+02,-3.9687500000000007e-02,1707,1708,9.8427734374999893e-04,wind_direction:18.4_m:degrees
1706,-2,-2.0000000000000000e+00,-1.6575342465753422e-02,-1,-1,1.6087446049915555e-04,wind_direction:18.4_m:degrees
1707,-2,-2.0000000000000000e+00,-1.5000000000000002e-01,-1,-1,9.9999999999995925e-05,wind_direction:18.4_m:degrees
1708,-2,-2.0000000000000000e+00,-3.2333333333333339e-02,-1,-1,1.7788888888888802e-04,wind_direction:18.4_m:degrees
1709,-2,-2.0000000000000000e+00,2.0909090909090908e-02,-1,-1,4.4462809917355378e-04,wind_direction:18.4_m:degrees
1710,-2,-2.0000000000000000e+00,8.9999999999999997e-02,-1,-1,0.0000000000000000e+00,wind_direction:18.4_m:degrees
1711,-2,-2.0000000000000000e+00,-1.2600000000000000e-01,-1,-1,7.4400000000000160e-04,wind_direction:18.4_m:degrees
1712,-2,-2.0000000000000000e+00,-1.8428571428571430e-01,-1,-1,1.2530612244898084e-03,wind_direction:18.4_m:degrees
1713,-2,-2.0000000000000000e+00,-5.4000000000000004e-01,-1,-1,0.0000000000000000e+00,wind_direction:18.4_m:degrees
1714,-2,-2.0000000000000000e+00,-6.3000000000000000e-01,-1,-1,1.2500000000000289e-03,wind_direction:18.4_m:degrees
1715,-2,-2.0000000000000000e+00,-8.1951219512195084e-02,-1,-1,9.4741225461035701e-04,wind_direction:18.4_m:degrees
1716,-2,-2.0000000000000000e+00,-1.3166666666666668e-01,-1,-1,4.1388888888893582e-04,wind_direction:18.4_m:degrees
1717,10,4.8426892757415771e+00,3.9419087136929468e-03,1719,1720,9.1184724780909413e-04,wind_speed:18.4_m:m_s-1
1718,-2,-2.0000000000000000e+00,-5.6958762886597939e-03,-1,-1,3.2451575619087998e-04,wind_direction:18.4_m:degrees
1719,1,3.2042968750000000e+02,2.3199999999999998e-02,1721,1722,2.1417600000000012e-03,azimuth:0_m:degrees
1720,4,1.6038600444793701e+01,-1.0994764397905760e-03,1991,1992,4.6737753899290011e-04,mixing_ratio:18.4_m:g_kg-1
1721,10,4.7428286075592041e+00,1.9591836734693880e-02,1723,1724,1.5345272802998761e-03,wind_speed:18.4_m:m_s-1
1722,-2,-2.0000000000000000e+00,2.0000000000000001e-01,-1,-1,2.7755575615628914e-17,wind_direction:18.4_m:degrees
1723,-2,-2.0000000000000000e+00,1.1818181818181818e-02,-1,-1,6.3760330578512393e-04,wind_direction:18.4_m:degrees
1724,8,5.5000000000000000e+00,8.8000000000000009e-02,1725,1726,4.2160000000000088e-03,wave_period:0_m:s
1725,-2,-2.0000000000000000e+00,1.4000000000000001e-01,-1,-1,1.9999999999999879e-04,wind_direction:18.4_m:degrees
1726,-2,-2.0000000000000000e+00,1.0000000000000000e-02,-1,-1,9.9999999999998609e-05,wind_direction:18.4_m:degrees
1727,-2,-2.0000000000000000e+00,-2.7000000000000002e-01,-1,-1,2.0000000000000573e-04,wind_direction:18.4_m:degrees
1728,-2,-2.0000000000000000e+00,-1.9416666666666668e-01,-1,-1,3.0763888888890589e-04,wind_direction:18.4_m:degrees
1729,3,1.0059500122070312e+03,-8.8032786885245892e-02,1833,1834,1.1010481053480249e-03,pressure:18.4_m:hPa
1730,-2,-2.0000000000000000e+00,-4.8000000000000001e-02,-1,-1,6.5600000000000077e-04,wind_direction:18.4_m:degrees
1731,-2,-2.0000000000000000e+00,-8.5999999999999993e-02,-1,-1,4.4399999999999648e-04,wind_direction:18.4_m:degrees
1732,-2,-2.0000000000000000e+00,-1.2769230769230772e-01,-1,-1,5.1005917159762867e-04,wind_direction:18.4_m:degrees
1733,-2,-2.0000000000000000e+00,-1.0400000000000001e-01,-1,-1,3.8399999999999719e-04,wind_direction:18.4_m:degrees
1734,-2,-2.0000000000000000e+00,-2.9999999999999999e-02,-1,-1,1.0842021724855044e-18,wind_direction:18.4_m:degrees
1735,-2,-2.0000000000000000e+00,-7.4945054945054934e-02,-1,-1,7.2170027774423433e-04,wind_direction:18.4_m:degrees
1736,-2,-2.0000000000000000e+00,-1.1083333333333335e-01,-1,-1,1.2576388888889036e-03,wind_direction:18.4_m:degrees
1737,-2,-2.0000000000000000e+00,-1.3333333333333333e-01,-1,-1,2.2222222222222088e-05,wind_direction:18.4_m:degrees
1738,-2,-2.0000000000000000e+00,-2.2250000000000000e-01,-1,-1,1.8749999999997935e-05,wind_direction:18.4_m:degrees
1739,-2,-2.0000000000000000e+00,-1.4333333333333334e-01,-1,-1,1.8888888888889122e-04,wind_direction:18.4_m:degrees
1740,-2,-2.0000000000000000e+00,-8.9000000000000010e-02,-1,-1,9.4899999999999846e-04,wind_direction:18.4_m:degrees
1741,10,7.1985616683959961e+00,-1.6229508196721306e-02,1743,1744,7.7102929320075253e-04,wind_speed:18.4_m:m_s-1
1742,10,6.9695193767547607e+00,2.0000000000000000e-02,1745,1746,1.5454545454545567e-03,wind_speed:18.4_m:m_s-1
1743,-2,-2.0000000000000000e+00,-1.6978021978021975e-02,-1,-1,6.7273578070281429e-04,wind_direction:18.4_m:degrees
1744,-2,-2.0000000000000000e+00,1.2000000000000000e-01,-1,-1,-8.5001450322863548e-17,wind_direction:18.4_m:degrees
1745,-2,-2.0000000000000000e+00,3.3333333333333335e-03,-1,-1,8.8888888888888880e-05,wind_direction:18.4_m:degrees
1746,-2,-2.0000000000000000e+00,9.5000000000000001e-02,-1,-1,1.2250000000000004e-03,wind_direction:18.4_m:degrees
1747,9,8.8940639495849609e+01,-4.3250000000000005e-01,1749,1750,6.3187499999998176e-03,angle_between_wind_wave:0_m:degrees
1748,-2,-2.0000000000000000e+00,-5.1500000000000001e-01,-1,-1,2.2500000000003073e-04,wind_direction:18.4_m:degrees
1749,-2,-2.0000000000000000e+00,-3.5499999999999998e-01,-1,-1,2.2500000000000298e-04,wind_direction:18.4_m:degrees
1750,-2,-2.0000000000000000e+00,-5.1000000000000001e-01,-1,-1,3.9999999999995595e-04,wind_direction:18.4_m:degrees
1751,-2,-2.0000000000000000e+00,-2.5706806282722500e-02,-1,-1,2.9465749294153170e-04,wind_direction:18.4_m:degrees
1752,2,2.9077000427246094e+02,-3.4659239842726071e-02,1805,1806,3.6918270296081544e-04,water_sfc_temperature:0_m:K
1753,-2,-2.0000000000000000e+00,-4.5500000000000006e-02,-1,-1,7.3475000000000059e-04,wind_direction:18.4_m:degrees
1754,-2,-2.0000000000000000e+00,-1.8947368421052591e-02,-1,-1,5.5847091412742549e-04,wind_direction:18.4_m:degrees
1755,10,2.7390313148498535e+00,-2.1267605633802821e-02,1787,1788,6.2515373933743322e-04,wind_speed:18.4_m:m_s-1
1756,-2,-2.0000000000000000e+00,-4.1176470588235306e-03,-1,-1,1.6245674740484418e-04,wind_direction:18.4_m:degrees
1757,-2,-2.0000000000000000e+00,-7.7469879518072299e-02,-1,-1,7.1046596022644563e-04,wind_direction:18.4_m:degrees
1758,-2,-2.0000000000000000e+00,-2.8333333333333332e-02,-1,-1,2.8055555555560341e-04,wind_direction:18.4_m:degrees
1759,-2,-2.0000000000000000e+00,-1.3400000000000001e-01,-1,-1,5.8399999999999425e-04,wind_direction:18.4_m:degrees
1760,-2,-2.0000000000000000e+00,-1.9583333333333330e-01,-1,-1,1.0076388888888912e-03,wind_direction:18.4_m:degrees
1761,-2,-2.0000000000000000e+00,-3.6800000000000005e-01,-1,-1,3.3599999999997521e-04,wind_direction:18.4_m:degrees
1762,-2,-2.0000000000000000e+00,-3.1045454545454543e-01,-1,-1,1.1679752066115767e-03,wind_direction:18.4_m:degrees
1763,-2,-2.0000000000000000e+00,-1.6200000000000001e-01,-1,-1,1.1760000000000000e-03,wind_direction:18.4_m:degrees
1764,-2,-2.0000000000000000e+00,-9.1666666666666660e-02,-1,-1,2.8055555555555819e-04,wind_direction:18.4_m:degrees
1765,11,2.9366000366210938e+02,-1.9480000000000000e-01,1769,1770,1.6969600000000043e-03,wind_direction:18.4_m:degrees
1766,12,-2.6778992265462875e-02,-2.2760000000000002e-01,1767,1768,1.6662399999999924e-03,bulk_richardson:18.4_m:none
1767,-2,-2.0000000000000000e+00,-2.5800000000000001e-01,-1,-1,8.7600000000000178e-04,wind_direction:18.4_m:degrees
1768,-2,-2.0000000000000000e+00,-2.0733333333333331e-01,-1,-1,1.1662222222222213e-03,wind_direction:18.4_m:degrees
1769,-2,-2.0000000000000000e+00,-2.3833333333333331e-01,-1,-1,4.7222222222219334e-05,wind_direction:18.4_m:degrees
1770,-2,-2.0000000000000000e+00,-1.8105263157894735e-01,-1,-1,1.4304709141274297e-03,wind_direction:18.4_m:degrees
1771,7,5.5000001192092896e-01,-5.4503105590062072e-02,1773,1774,4.1481520774662006e-04,wave_height:0_m:m
1772,-2,-2.0000000000000000e+00,-4.6656848306332835e-02,-1,-1,3.1179829993428342e-04,wind_direction:18.4_m:degrees
1773,-2,-2.0000000000000000e+00,-2.2857142857142857e-02,-1,-1,1.4897959183673493e-04,wind_direction:18.4_m:degrees
1774,-2,-2.0000000000000000e+00,-5.5941558441558396e-02,-1,-1,3.7930827289594116e-04,wind_direction:18.4_m:degrees
1775,-2,-2.0000000000000000e+00,-2.5105263157894742e-01,-1,-1,1.1357340720221515e-03,wind_direction:18.4_m:degrees
1776,-2,-2.0000000000000000e+00,-3.3499999999999996e-01,-1,-1,6.2499999999991729e-04,wind_direction:18.4_m:degrees
1777,-2,-2.0000000000000000e+00,-2.7000000000000002e-01,-1,-1,0.0000000000000000e+00,wind_direction:18.4_m:degrees
1778,-2,-2.0000000000000000e+00,-1.5250000000000000e-01,-1,-1,1.0062499999999933e-03,wind_direction:18.4_m:degrees
1779,-2,-2.0000000000000000e+00,-2.1923076923076920e-01,-1,-1,6.9940828402366428e-04,wind_direction:18.4_m:degrees
1780,-2,-2.0000000000000000e+00,-2.7999999999999997e-01,-1,-1,1.2000000000002287e-04,wind_direction:18.4_m:degrees
1781,-2,-2.0000000000000000e+00,-1.0899999999999999e-01,-1,-1,1.6899999999999381e-04,wind_direction:18.4_m:degrees
1782,-2,-2.0000000000000000e+00,-1.6375000000000001e-01,-1,-1,2.3437500000004358e-05,wind_direction:18.4_m:degrees
1783,-2,-2.0000000000000000e+00,-1.7159090909090915e-02,-1,-1,2.8852014462809906e-04,wind_direction:18.4_m:degrees
1784,-2,-2.0000000000000000e+00,7.8571428571428559e-03,-1,-1,5.7397959183673550e-04,wind_direction:18.4_m:degrees
1785,-2,-2.0000000000000000e+00,-1.2000000000000002e-02,-1,-1,7.7599999999999989e-04,wind_direction:18.4_m:degrees
1786,-2,-2.0000000000000000e+00,-4.3809523809523819e-02,-1,-1,2.2358276643991127e-04,wind_direction:18.4_m:degrees
1787,-2,-2.0000000000000000e+00,-1.2133333333333336e-02,-1,-1,3.4211555555555554e-04,wind_direction:18.4_m:degrees
1788,11,3.0355999755859375e+02,-3.1492537313432843e-02,1789,1790,7.4404098908442792e-04,wind_direction:18.4_m:degrees
1789,-2,-2.0000000000000000e+00,-4.3947368421052645e-02,-1,-1,6.6073407202215956e-04,wind_direction:18.4_m:degrees
1790,-2,-2.0000000000000000e+00,-1.5172413793103450e-02,-1,-1,3.8359096313912055e-04,wind_direction:18.4_m:degrees
1791,-2,-2.0000000000000000e+00,-2.0999999999999999e-01,-1,-1,0.0000000000000000e+00,wind_direction:18.4_m:degrees
1792,3,1.0093999938964844e+03,-9.4235294117647056e-02,1793,1794,1.3373564013840818e-03,pressure:18.4_m:hPa
1793,-2,-2.0000000000000000e+00,-1.0568627450980392e-01,-1,-1,1.0676662821991513e-03,wind_direction:18.4_m:degrees
1794,-2,-2.0000000000000000e+00,-7.7058823529411763e-02,-1,-1,1.2501730103806194e-03,wind_direction:18.4_m:degrees
1795,-2,-2.0000000000000000e+00,-3.2250000000000001e-01,-1,-1,5.1874999999999838e-04,wind_direction:18.4_m:degrees
1796,-2,-2.0000000000000000e+00,-3.8578947368421046e-01,-1,-1,2.1506925207755989e-03,wind_direction:18.4_m:degrees
1797,-2,-2.0000000000000000e+00,-1.1590909090909092e-01,-1,-1,3.7871900826445988e-04,wind_direction:18.4_m:degrees
1798,2,2.9148500061035156e+02,-8.9945054945054906e-02,1909,1910,5.1043654148050233e-04,water_sfc_temperature:0_m:K
1799,-2,-2.0000000000000000e+00,-1.1714285714285712e-01,-1,-1,1.0394557823129313e-03,wind_direction:18.4_m:degrees
1800,11,2.9675500488281250e+02,-8.9024390243902421e-02,1801,1802,1.0258774538964791e-03,wind_direction:18.4_m:degrees
1801,-2,-2.0000000000000000e+00,-1.6333333333333333e-01,-1,-1,8.8888888888895290e-05,wind_direction:18.4_m:degrees
1802,-2,-2.0000000000000000e+00,-8.6202531645569638e-02,-1,-1,8.4380708219836641e-04,wind_direction:18.4_m:degrees
1803,-2,-2.0000000000000000e+00,-4.1285714285714287e-01,-1,-1,4.4897959183681779e-04,wind_direction:18.4_m:degrees
1804,-2,-2.0000000000000000e+00,-3.5142857142857142e-01,-1,-1,1.5510204081624346e-04,wind_direction:18.4_m:degrees
1805,-2,-2.0000000000000000e+00,-3.7089305402425499e-02,-1,-1,4.2791153942934668e-04,wind_direction:18.4_m:degrees
1806,-2,-2.0000000000000000e+00,-3.1098546042003128e-02,-1,-1,2.6179804312022445e-04,wind_direction:18.4_m:degrees
1807,-2,-2.0000000000000000e+00,-1.4999999999999999e-01,-1,-1,0.0000000000000000e+00,wind_direction:18.4_m:degrees
1808,12,-5.0371611490845680e-02,-2.6590909090909093e-01,1809,1810,1.9514462809917810e-03,bulk_richardson:18.4_m:none
1809,0,9.6678417205810547e+01,-2.6325581395348840e-01,1811,1812,1.6870740941049150e-03,zenith:0_m:degrees
1810,-2,-2.0000000000000000e+00,-3.8000000000000000e-01,-1,-1,-4.9960036108132044e-16,wind_direction:18.4_m:degrees
1811,-2,-2.0000000000000000e+00,-2.4541666666666670e-01,-1,-1,1.4914930555555775e-03,wind_direction:18.4_m:degrees
1812,-2,-2.0000000000000000e+00,-2.8578947368421054e-01,-1,-1,1.0243767313019431e-03,wind_direction:18.4_m:degrees
1813,-2,-2.0000000000000000e+00,-1.3512195121951220e-01,-1,-1,5.3230220107079035e-04,wind_direction:18.4_m:degrees
1814,-2,-2.0000000000000000e+00,-1.9500000000000001e-01,-1,-1,2.7499999999997665e-04,wind_direction:18.4_m:degrees
1815,-2,-2.0000000000000000e+00,-8.1666666666666665e-02,-1,-1,1.1805555555555545e-03,wind_direction:18.4_m:degrees
1816,-2,-2.0000000000000000e+00,-1.7499999999999999e-01,-1,-1,6.2499999999999362e-04,wind_direction:18.4_m:degrees
1817,-2,-2.0000000000000000e+00,-1.5346153846153848e-01,-1,-1,8.6109467455620578e-04,wind_direction:18.4_m:degrees
1818,-2,-2.0000000000000000e+00,-1.8225000000000005e-01,-1,-1,9.5743750000003985e-04,wind_direction:18.4_m:degrees
1819,-2,-2.0000000000000000e+00,-2.8333333333333342e-02,-1,-1,4.5092592592592547e-04,wind_direction:18.4_m:degrees
1820,-2,-2.0000000000000000e+00,-4.7499999999999987e-02,-1,-1,5.2644230769231110e-04,wind_direction:18.4_m:degrees
1821,-2,-2.0000000000000000e+00,-3.4625000000000000e-01,-1,-1,1.7234374999999941e-03,wind_direction:18.4_m:degrees
1822,12,-2.3935680277645588e-02,-3.0244444444444440e-01,1823,1824,2.2184691358025088e-03,bulk_richardson:18.4_m:none
1823,-2,-2.0000000000000000e+00,-2.0000000000000001e-01,-1,-1,0.0000000000000000e+00,wind_direction:18.4_m:degrees
1824,10,1.3887170314788818e+01,-3.0720930232558141e-01,1825,1826,1.8108166576527862e-03,wind_speed:18.4_m:m_s-1
1825,10,1.3806012153625488e+01,-2.9160000000000003e-01,1829,1830,1.1974399999999247e-03,wind_speed:18.4_m:m_s-1
1826,5,4.6750000000000000e+01,-3.2888888888888890e-01,1827,1828,1.8543209876544231e-03,relative_humidity:18.4_m:%
1827,-2,-2.0000000000000000e+00,-2.6333333333333336e-01,-1,-1,2.2222222222215149e-05,wind_direction:18.4_m:degrees
1828,-2,-2.0000000000000000e+00,-3.4199999999999997e-01,-1,-1,1.1893333333333617e-03,wind_direction:18.4_m:degrees
1829,-2,-2.0000000000000000e+00,-3.1285714285714283e-01,-1,-1,9.0612244897961269e-04,wind_direction:18.4_m:degrees
1830,-2,-2.0000000000000000e+00,-2.6454545454545458e-01,-1,-1,2.6115702479333203e-04,wind_direction:18.4_m:degrees
1831,-2,-2.0000000000000000e+00,-1.7529411764705882e-01,-1,-1,1.0484429065743851e-03,wind_direction:18.4_m:degrees
1832,-2,-2.0000000000000000e+00,-8.9999999999999997e-02,-1,-1,-1.9081958235744878e-17,wind_direction:18.4_m:degrees
1833,-2,-2.0000000000000000e+00,-6.6315789473684231e-02,-1,-1,2.9695290858725541e-04,wind_direction:18.4_m:degrees
1834,12,-4.7933286055922508e-02,-9.7857142857142865e-02,1931,1932,1.1549319727891232e-03,bulk_richardson:18.4_m:none
1835,12,-1.1658579111099243e-02,-8.8258426966292131e-02,1837,1838,5.6269726044691493e-04,bulk_richardson:18.4_m:none
1836,-2,-2.0000000000000000e+00,-1.1578947368421054e-01,-1,-1,2.7700831024938047e-04,wind_direction:18.4_m:degrees
1837,-2,-2.0000000000000000e+00,-1.1562500000000003e-01,-1,-1,7.1210937499999356e-04,wind_direction:18.4_m:degrees
1838,-2,-2.0000000000000000e+00,-8.5555555555555537e-02,-1,-1,4.6666666666666471e-04,wind_direction:18.4_m:degrees
1839,-2,-2.0000000000000000e+00,-8.9999999999999997e-02,-1,-1,0.0000000000000000e+00,wind_direction:18.4_m:degrees
1840,-2,-2.0000000000000000e+00,-1.7473684210526316e-01,-1,-1,3.9335180055400515e-04,wind_direction:18.4_m:degrees
1841,10,1.6616480827331543e+01,-4.3571428571428572e-01,1917,1918,1.2816326530611100e-03,wind_speed:18.4_m:m_s-1
1842,0,8.8492931365966797e+01,-5.2000000000000002e-01,1843,1844,8.1000000000002181e-03,zenith:0_m:degrees
1843,-2,-2.0000000000000000e+00,-4.2999999999999999e-01,-1,-1,0.0000000000000000e+00,wind_direction:18.4_m:degrees
1844,-2,-2.0000000000000000e+00,-6.0999999999999999e-01,-1,-1,-1.1102230246251565e-16,wind_direction:18.4_m:degrees
1845,-2,-2.0000000000000000e+00,-5.6976744186046507e-02,-1,-1,6.8620876149269594e-04,wind_direction:18.4_m:degrees
1846,-2,-2.0000000000000000e+00,-1.7000000000000001e-02,-1,-1,1.0410000000000091e-03,wind_direction:18.4_m:degrees
1847,-2,-2.0000000000000000e+00,-3.6799999999999999e-01,-1,-1,2.5600000000000622e-04,wind_direction:18.4_m:degrees
1848,-2,-2.0000000000000000e+00,-4.4000000000000006e-01,-1,-1,1.1999999999989797e-04,wind_direction:18.4_m:degrees
1849,2,2.8255499267578125e+02,-3.2500000000000001e-02,1851,1852,7.1087500000000005e-03,water_sfc_temperature:0_m:K
1850,-2,-2.0000000000000000e+00,-5.8536585365853676e-03,-1,-1,3.2475907198096328e-04,wind_direction:18.4_m:degrees
1851,-2,-2.0000000000000000e+00,-2.3000000000000001e-01,-1,-1,0.0000000000000000e+00,wind_direction:18.4_m:degrees
1852,-2,-2.0000000000000000e+00,2.3529411764705889e-03,-1,-1,2.6505190311418644e-04,wind_direction:18.4_m:degrees
1853,12,1.6345822811126709e-01,1.3227513227513190e-04,1941,1942,5.8596133926821668e-04,bulk_richardson:18.4_m:none
1854,6,2.2500000000000000e+02,4.6666666666666669e-02,1855,1856,2.7222222222221819e-03,wave_direction:0_m:degrees
1855,-2,-2.0000000000000000e+00,9.6666666666666679e-02,-1,-1,3.5555555555555340e-04,wind_direction:18.4_m:degrees
1856,-2,-2.0000000000000000e+00,-3.3333333333333335e-03,-1,-1,8.8888888888888270e-05,wind_direction:18.4_m:degrees
1857,-2,-2.0000000000000000e+00,-7.7333333333333351e-02,-1,-1,5.5955555555554926e-04,wind_direction:18.4_m:degrees
1858,-2,-2.0000000000000000e+00,-1.1250000000000000e-01,-1,-1,5.9375000000000573e-04,wind_direction:18.4_m:degrees
1859,-2,-2.0000000000000000e+00,-2.7478260869565212e-02,-1,-1,2.3277126654064318e-04,wind_direction:18.4_m:degrees
1860,1,5.3861934661865234e+01,-3.8982785602503879e-02,1861,1862,4.0068671461913549e-04,azimuth:0_m:degrees
1861,11,1.4326499938964844e+02,-7.1666666666666670e-02,1863,1864,1.3472222222222219e-03,wind_direction:18.4_m:degrees
1862,-2,-2.0000000000000000e+00,-3.8357256778309354e-02,-1,-1,3.6173520650982114e-04,wind_direction:18.4_m:degrees
1863,-2,-2.0000000000000000e+00,-1.3000000000000000e-01,-1,-1,0.0000000000000000e+00,wind_direction:18.4_m:degrees
1864,-2,-2.0000000000000000e+00,-5.2222222222222218e-02,-1,-1,2.8395061728395034e-04,wind_direction:18.4_m:degrees
1865,-2,-2.0000000000000000e+00,-1.0342857142857143e-01,-1,-1,3.4824489795918720e-04,wind_direction:18.4_m:degrees
1866,-2,-2.0000000000000000e+00,-1.3578947368421054e-01,-1,-1,1.5069252077561102e-04,wind_direction:18.4_m:degrees
1867,-2,-2.0000000000000000e+00,-2.5333333333333335e-01,-1,-1,5.5555555555554526e-04,wind_direction:18.4_m:degrees
1868,-2,-2.0000000000000000e+00,-3.4000000000000002e-01,-1,-1,1.3877787807814457e-17,wind_direction:18.4_m:degrees
1869,-2,-2.0000000000000000e+00,-1.6515151515151521e-02,-1,-1,3.4997704315886105e-04,wind_direction:18.4_m:degrees
1870,-2,-2.0000000000000000e+00,-3.1804281345565705e-02,-1,-1,4.7961918656305030e-04,wind_direction:18.4_m:degrees
1871,-2,-2.0000000000000000e+00,-4.0000000000000001e-02,-1,-1,1.9999999999999857e-04,wind_direction:18.4_m:degrees
1872,-2,-2.0000000000000000e+00,-1.2000000000000000e-01,-1,-1,-1.7347234759768071e-18,wind_direction:18.4_m:degrees
1873,-2,-2.0000000000000000e+00,-1.4333333333333334e-01,-1,-1,2.8888888888888714e-04,wind_direction:18.4_m:degrees
1874,-2,-2.0000000000000000e+00,-6.3333333333333339e-02,-1,-1,1.4222222222222188e-03,wind_direction:18.4_m:degrees
1875,-2,-2.0000000000000000e+00,-3.0232558139534883e-02,-1,-1,5.1855056787452692e-04,wind_direction:18.4_m:degrees
1876,-2,-2.0000000000000000e+00,-7.3214285714285733e-03,-1,-1,1.3746811224489756e-04,wind_direction:18.4_m:degrees
1877,-2,-2.0000000000000000e+00,-1.4069767441860467e-01,-1,-1,1.1088155759870245e-03,wind_direction:18.4_m:degrees
1878,-2,-2.0000000000000000e+00,-1.9400000000000001e-01,-1,-1,1.3840000000000033e-03,wind_direction:18.4_m:degrees
1879,-2,-2.0000000000000000e+00,-5.5999999999999994e-01,-1,-1,1.7999999999999128e-03,wind_direction:18.4_m:degrees
1880,-2,-2.0000000000000000e+00,-6.8999999999999995e-01,-1,-1,5.5511151231257827e-17,wind_direction:18.4_m:degrees
1881,-2,-2.0000000000000000e+00,-1.8666666666666668e-01,-1,-1,5.5555555555555913e-04,wind_direction:18.4_m:degrees
1882,-2,-2.0000000000000000e+00,-2.7250000000000002e-01,-1,-1,4.6875000000000389e-04,wind_direction:18.4_m:degrees
1883,-2,-2.0000000000000000e+00,-2.9399999999999998e-01,-1,-1,6.6400000000001180e-04,wind_direction:18.4_m:degrees
1884,-2,-2.0000000000000000e+00,-2.0000000000000001e-01,-1,-1,0.0000000000000000e+00,wind_direction:18.4_m:degrees
1885,-2,-2.0000000000000000e+00,-4.2994652406417096e-02,-1,-1,6.3702136177757034e-04,wind_direction:18.4_m:degrees
1886,12,-2.7895580977201462e-02,-2.8695652173913049e-02,1887,1888,4.9829867674859292e-04,bulk_richardson:18.4_m:none
1887,-2,-2.0000000000000000e+00,-3.7333333333333350e-02,-1,-1,3.8288888888888791e-04,wind_direction:18.4_m:degrees
1888,-2,-2.0000000000000000e+00,-1.2500000000000002e-02,-1,-1,3.1250000000000049e-04,wind_direction:18.4_m:degrees
1889,-2,-2.0000000000000000e+00,-2.1142857142857144e-01,-1,-1,1.5510204081636142e-04,wind_direction:18.4_m:degrees
1890,-2,-2.0000000000000000e+00,-1.5142857142857144e-01,-1,-1,6.1224489795917020e-04,wind_direction:18.4_m:degrees
1891,-2,-2.0000000000000000e+00,-1.2750000000000000e-01,-1,-1,1.6687500000000036e-03,wind_direction:18.4_m:degrees
1892,-2,-2.0000000000000000e+00,-6.5000000000000002e-02,-1,-1,9.1250000000000098e-04,wind_direction:18.4_m:degrees
1893,-2,-2.0000000000000000e+00,-1.3071428571428573e-01,-1,-1,9.5663265306122208e-04,wind_direction:18.4_m:degrees
1894,2,2.8097500610351562e+02,-1.0289473684210526e-01,1951,1952,5.7846260387811078e-04,water_sfc_temperature:0_m:K
1895,-2,-2.0000000000000000e+00,-7.0000000000000007e-02,-1,-1,6.0000000000000071e-04,wind_direction:18.4_m:degrees
1896,-2,-2.0000000000000000e+00,4.4444444444444436e-03,-1,-1,2.2469135802469101e-04,wind_direction:18.4_m:degrees
1897,-2,-2.0000000000000000e+00,-1.5714285714285715e-02,-1,-1,5.1020408163265311e-04,wind_direction:18.4_m:degrees
1898,1,1.1941823482513428e+01,-5.8540772532188839e-02,1899,1900,6.7254876678516946e-04,azimuth:0_m:degrees
1899,-2,-2.0000000000000000e+00,-9.6666666666666692e-02,-1,-1,5.5555555555555219e-04,wind_direction:18.4_m:degrees
1900,-2,-2.0000000000000000e+00,-5.7008928571428572e-02,-1,-1,6.1649992028061252e-04,wind_direction:18.4_m:degrees
1901,4,1.3230422496795654e+01,-9.3025210084033597e-02,2033,2034,5.0681449050208813e-04,mixing_ratio:18.4_m:g_kg-1
1902,-2,-2.0000000000000000e+00,-5.4444444444444448e-02,-1,-1,2.4691358024688144e-04,wind_direction:18.4_m:degrees
1903,-2,-2.0000000000000000e+00,-2.4249999999999999e-01,-1,-1,3.1875000000000653e-04,wind_direction:18.4_m:degrees
1904,-2,-2.0000000000000000e+00,-1.8058823529411761e-01,-1,-1,1.3584775086505144e-03,wind_direction:18.4_m:degrees
1905,10,1.2264409065246582e+01,-2.5823529411764712e-01,1907,1908,1.8615916955016937e-03,wind_speed:18.4_m:m_s-1
1906,-2,-2.0000000000000000e+00,-2.2190476190476191e-01,-1,-1,1.0344671201813899e-03,wind_direction:18.4_m:degrees
1907,-2,-2.0000000000000000e+00,-2.2166666666666668e-01,-1,-1,9.4722222222221736e-04,wind_direction:18.4_m:degrees
1908,-2,-2.0000000000000000e+00,-2.7818181818181820e-01,-1,-1,1.2330578512396301e-03,wind_direction:18.4_m:degrees
1909,-2,-2.0000000000000000e+00,-8.5147058823529409e-02,-1,-1,3.4703719723183906e-04,wind_direction:18.4_m:degrees
1910,11,2.5612000274658203e+02,-1.0413043478260869e-01,1911,1912,7.2424385633270728e-04,wind_direction:18.4_m:degrees
1911,-2,-2.0000000000000000e+00,-1.0928571428571428e-01,-1,-1,4.8758503401360662e-04,wind_direction:18.4_m:degrees
1912,-2,-2.0000000000000000e+00,-5.0000000000000003e-02,-1,-1,2.5587171270657905e-17,wind_direction:18.4_m:degrees
1913,-2,-2.0000000000000000e+00,-5.7142857142857148e-02,-1,-1,8.2040816326530612e-04,wind_direction:18.4_m:degrees
1914,-2,-2.0000000000000000e+00,-1.4995531724754157e-02,-1,-1,3.0614385849743182e-04,wind_direction:18.4_m:degrees
1915,-2,-2.0000000000000000e+00,-2.3636363636363636e-01,-1,-1,1.1504132231405090e-03,wind_direction:18.4_m:degrees
1916,-2,-2.0000000000000000e+00,-3.4999999999999998e-01,-1,-1,8.3266726846886741e-17,wind_direction:18.4_m:degrees
1917,-2,-2.0000000000000000e+00,-4.1857142857142859e-01,-1,-1,9.6938775510202468e-04,wind_direction:18.4_m:degrees
1918,-2,-2.0000000000000000e+00,-4.7000000000000003e-01,-1,-1,1.4285714285713902e-04,wind_direction:18.4_m:degrees
1919,-2,-2.0000000000000000e+00,-2.9999999999999999e-01,-1,-1,0.0000000000000000e+00,wind_direction:18.4_m:degrees
1920,-2,-2.0000000000000000e+00,-1.8533333333333335e-01,-1,-1,5.4488888888888642e-04,wind_direction:18.4_m:degrees
1921,-2,-2.0000000000000000e+00,-2.9999999999999999e-02,-1,-1,1.0842021724855044e-19,wind_direction:18.4_m:degrees
1922,12,-3.3497340977191925e-02,-9.6279069767441855e-02,1923,1924,1.0838290968090900e-03,bulk_richardson:18.4_m:none
1923,-2,-2.0000000000000000e+00,-1.0575757575757577e-01,-1,-1,7.6988062442608259e-04,wind_direction:18.4_m:degrees
1924,-2,-2.0000000000000000e+00,-6.5000000000000016e-02,-1,-1,8.4500000000000373e-04,wind_direction:18.4_m:degrees
1925,-2,-2.0000000000000000e+00,-5.5294117647058813e-02,-1,-1,5.2844290657439461e-04,wind_direction:18.4_m:degrees
1926,-2,-2.0000000000000000e+00,-4.1934604904632071e-02,-1,-1,3.3276956544335979e-04,wind_direction:18.4_m:degrees
1927,-2,-2.0000000000000000e+00,-4.1142857142857142e-01,-1,-1,2.4081632653061291e-04,wind_direction:18.4_m:degrees
1928,-2,-2.0000000000000000e+00,-5.3000000000000003e-01,-1,-1,1.1102230246251565e-16,wind_direction:18.4_m:degrees
1929,-2,-2.0000000000000000e+00,-7.0000000000000007e-02,-1,-1,0.0000000000000000e+00,wind_direction:18.4_m:degrees
1930,-2,-2.0000000000000000e+00,-1.8857142857142856e-01,-1,-1,1.8367346938774620e-04,wind_direction:18.4_m:degrees
1931,-2,-2.0000000000000000e+00,-7.2307692307692309e-02,-1,-1,4.6390532544378620e-04,wind_direction:18.4_m:degrees
1932,-2,-2.0000000000000000e+00,-1.0931034482758618e-01,-1,-1,1.0409036860879860e-03,wind_direction:18.4_m:degrees
1933,3,1.0156999816894531e+03,-6.6764705882352948e-02,2027,2028,7.3365051903114160e-04,pressure:18.4_m:hPa
1934,-2,-2.0000000000000000e+00,-4.6710963455149482e-02,-1,-1,6.5529519541727109e-04,wind_direction:18.4_m:degrees
1935,-2,-2.0000000000000000e+00,-1.3642857142857143e-01,-1,-1,1.0372448979591858e-03,wind_direction:18.4_m:degrees
1936,-2,-2.0000000000000000e+00,-1.8000000000000002e-01,-1,-1,9.6666666666668510e-04,wind_direction:18.4_m:degrees
1937,-2,-2.0000000000000000e+00,-2.9499999999999998e-01,-1,-1,1.0250000000000120e-03,wind_direction:18.4_m:degrees
1938,9,8.9087333679199219e+01,-3.3857142857142852e-01,1939,1940,1.3122448979592249e-03,angle_between_wind_wave:0_m:degrees
1939,-2,-2.0000000000000000e+00,-3.7333333333333335e-01,-1,-1,6.2222222222221846e-04,wind_direction:18.4_m:degrees
1940,-2,-2.0000000000000000e+00,-3.1250000000000000e-01,-1,-1,2.4375000000005642e-04,wind_direction:18.4_m:degrees
1941,-2,-2.0000000000000000e+00,-1.7189314750290364e-03,-1,-1,3.3177233614048397e-04,wind_direction:18.4_m:degrees
1942,6,1.5300000000000000e+02,5.9706959706959722e-03,1943,1944,1.3427390680137907e-03,wave_direction:0_m:degrees
1943,-2,-2.0000000000000000e+00,4.4000000000000000e-01,-1,-1,0.0000000000000000e+00,wind_direction:18.4_m:degrees
1944,8,5.0499999523162842e+00,4.3749999999999995e-03,1945,1946,6.5255055147058849e-04,wave_period:0_m:s
1945,3,1.0019500122070312e+03,2.0377358490566037e-02,1947,1948,1.3809896760412959e-03,pressure:18.4_m:hPa
1946,-2,-2.0000000000000000e+00,5.0228310502283165e-04,-1,-1,3.9929109067784275e-04,wind_direction:18.4_m:degrees
1947,-2,-2.0000000000000000e+00,1.1000000000000000e-01,-1,-1,0.0000000000000000e+00,wind_direction:18.4_m:degrees
1948,5,8.3000000000000000e+01,1.3061224489795919e-02,1949,1950,7.8450645564348196e-04,relative_humidity:18.4_m:%
1949,-2,-2.0000000000000000e+00,1.7000000000000001e-01,-1,-1,0.0000000000000000e+00,wind_direction:18.4_m:degrees
1950,-2,-2.0000000000000000e+00,9.7916666666666655e-03,-1,-1,2.7703993055555576e-04,wind_direction:18.4_m:degrees
1951,-2,-2.0000000000000000e+00,-8.0666666666666664e-02,-1,-1,3.7955555555555572e-04,wind_direction:18.4_m:degrees
1952,-2,-2.0000000000000000e+00,-1.1739130434782606e-01,-1,-1,1.7580340264650336e-04,wind_direction:18.4_m:degrees
1953,-2,-2.0000000000000000e+00,-1.1800000000000002e-01,-1,-1,9.5999999999993660e-05,wind_direction:18.4_m:degrees
1954,-2,-2.0000000000000000e+00,-5.5000000000000007e-02,-1,-1,6.7500000000000242e-04,wind_direction:18.4_m:degrees
1955,-2,-2.0000000000000000e+00,-2.0000000000000001e-01,-1,-1,1.5999999999999903e-03,wind_direction:18.4_m:degrees
1956,-2,-2.0000000000000000e+00,-1.4379629629629631e-01,-1,-1,1.0050325788751764e-03,wind_direction:18.4_m:degrees
1957,-2,-2.0000000000000000e+00,9.0000000000000011e-02,-1,-1,0.0000000000000000e+00,wind_direction:18.4_m:degrees
1958,-2,-2.0000000000000000e+00,2.1904761904761910e-02,-1,-1,6.3446712018140627e-04,wind_direction:18.4_m:degrees
1959,-2,-2.0000000000000000e+00,-2.9333333333333328e-01,-1,-1,2.2222222222256782e-05,wind_direction:18.4_m:degrees
1960,-2,-2.0000000000000000e+00,-2.0333333333333334e-01,-1,-1,3.5555555555558810e-04,wind_direction:18.4_m:degrees
1961,-2,-2.0000000000000000e+00,-9.2857142857142860e-02,-1,-1,1.6326530612244781e-04,wind_direction:18.4_m:degrees
1962,-2,-2.0000000000000000e+00,-1.3613636363636361e-01,-1,-1,5.7825413223141706e-04,wind_direction:18.4_m:degrees
1963,-2,-2.0000000000000000e+00,0.0000000000000000e+00,-1,-1,0.0000000000000000e+00,wind_direction:18.4_m:degrees
1964,-2,-2.0000000000000000e+00,1.1000000000000000e-01,-1,-1,0.0000000000000000e+00,wind_direction:18.4_m:degrees
1965,-2,-2.0000000000000000e+00,-2.5714285714285717e-02,-1,-1,1.9591836734693868e-04,wind_direction:18.4_m:degrees
1966,-2,-2.0000000000000000e+00,-7.6000000000000012e-02,-1,-1,7.9733333333332872e-04,wind_direction:18.4_m:degrees
1967,0,1.1112802505493164e+02,-1.3206521739130431e-01,1971,1972,9.9682183364840568e-04,zenith:0_m:degrees
1968,-2,-2.0000000000000000e+00,-1.7833333333333332e-01,-1,-1,7.8055555555550660e-04,wind_direction:18.4_m:degrees
1969,-2,-2.0000000000000000e+00,-4.0999999999999998e-01,-1,-1,0.0000000000000000e+00,wind_direction:18.4_m:degrees
1970,-2,-2.0000000000000000e+00,-5.3666666666666674e-01,-1,-1,2.2222222222201271e-05,wind_direction:18.4_m:degrees
1971,3,9.9389999389648438e+02,-1.3770270270270274e-01,1973,1974,8.6904674945214797e-04,pressure:18.4_m:hPa
1972,-2,-2.0000000000000000e+00,-1.0888888888888887e-01,-1,-1,8.5432098765435630e-04,wind_direction:18.4_m:degrees
1973,-2,-2.0000000000000000e+00,-1.9250000000000000e-01,-1,-1,3.6875000000000102e-04,wind_direction:18.4_m:degrees
1974,-2,-2.0000000000000000e+00,-1.3457142857142859e-01,-1,-1,7.1624489795916318e-04,wind_direction:18.4_m:degrees
1975,-2,-2.0000000000000000e+00,-1.7333333333333334e-01,-1,-1,1.4222222222222240e-03,wind_direction:18.4_m:degrees
1976,-2,-2.0000000000000000e+00,-1.0571428571428572e-01,-1,-1,3.7687074829932318e-04,wind_direction:18.4_m:degrees
1977,-2,-2.0000000000000000e+00,-3.1333333333333330e-01,-1,-1,8.8888888888916107e-05,wind_direction:18.4_m:degrees
1978,7,1.0500000119209290e+00,-2.4727272727272728e-01,1979,1980,9.6528925619835532e-04,wave_height:0_m:m
1979,-2,-2.0000000000000000e+00,-2.8500000000000003e-01,-1,-1,2.2499999999998910e-04,wind_direction:18.4_m:degrees
1980,-2,-2.0000000000000000e+00,-2.3520000000000002e-01,-1,-1,6.0095999999999067e-04,wind_direction:18.4_m:degrees
1981,-2,-2.0000000000000000e+00,-4.0000000000000001e-02,-1,-1,3.9999999999999931e-04,wind_direction:18.4_m:degrees
1982,-2,-2.0000000000000000e+00,-1.2000000000000000e-01,-1,-1,-1.7347234759768071e-18,wind_direction:18.4_m:degrees
1983,-2,-2.0000000000000000e+00,-8.0000000000000002e-02,-1,-1,1.9999999999999879e-04,wind_direction:18.4_m:degrees
1984,-2,-2.0000000000000000e+00,2.0000000000000000e-02,-1,-1,1.4636729328554310e-18,wind_direction:18.4_m:degrees
1985,-2,-2.0000000000000000e+00,-2.0000000000000001e-01,-1,-1,0.0000000000000000e+00,wind_direction:18.4_m:degrees
1986,-2,-2.0000000000000000e+00,-3.1210526315789472e-01,-1,-1,2.1850415512465610e-03,wind_direction:18.4_m:degrees
1987,-2,-2.0000000000000000e+00,-5.9047619047619057e-02,-1,-1,5.9909297052154233e-04,wind_direction:18.4_m:degrees
1988,-2,-2.0000000000000000e+00,-3.6842105263157912e-02,-1,-1,4.8476454293629287e-04,wind_direction:18.4_m:degrees
1989,-2,-2.0000000000000000e+00,-2.5202312138728273e-02,-1,-1,3.1050820274650321e-04,wind_direction:18.4_m:degrees
1990,-2,-2.0000000000000000e+00,-5.4000000000000006e-02,-1,-1,4.9066666666669088e-04,wind_direction:18.4_m:degrees
1991,-2,-2.0000000000000000e+00,-5.2631578947368474e-04,-1,-1,4.0709141274238253e-04,wind_direction:18.4_m:degrees
1992,-2,-2.0000000000000000e+00,-1.1000000000000000e-01,-1,-1,0.0000000000000000e+00,wind_direction:18.4_m:degrees
1993,-2,-2.0000000000000000e+00,-1.5333333333333332e-01,-1,-1,1.3555555555555578e-03,wind_direction:18.4_m:degrees
1994,-2,-2.0000000000000000e+00,-2.2857142857142856e-01,-1,-1,2.6938775510203933e-04,wind_direction:18.4_m:degrees
1995,-2,-2.0000000000000000e+00,-5.5925925925925921e-02,-1,-1,7.4513031550068470e-04,wind_direction:18.4_m:degrees
1996,-2,-2.0000000000000000e+00,-9.6250000000000002e-02,-1,-1,1.2343749999998987e-04,wind_direction:18.4_m:degrees
1997,-2,-2.0000000000000000e+00,-3.0285714285714288e-01,-1,-1,4.7755102040814013e-04,wind_direction:18.4_m:degrees
1998,-2,-2.0000000000000000e+00,-3.5545454545454547e-01,-1,-1,1.1884297520661224e-03,wind_direction:18.4_m:degrees
1999,-2,-2.0000000000000000e+00,-1.5545454545454546e-01,-1,-1,8.4297520661155700e-04,wind_direction:18.4_m:degrees
2000,-2,-2.0000000000000000e+00,-2.0083333333333331e-01,-1,-1,9.9097222222223336e-04,wind_direction:18.4_m:degrees
2001,-2,-2.0000000000000000e+00,-1.3137254901960788e-02,-1,-1,3.2087658592848894e-04,wind_direction:18.4_m:degrees
2002,-2,-2.0000000000000000e+00,-2.3101503759398387e-02,-1,-1,3.8680924585901479e-04,wind_direction:18.4_m:degrees
2003,-2,-2.0000000000000000e+00,-1.2750000000000000e-01,-1,-1,7.8750000000000694e-04,wind_direction:18.4_m:degrees
2004,-2,-2.0000000000000000e+00,-7.0000000000000007e-02,-1,-1,3.9999999999999411e-04,wind_direction:18.4_m:degrees
2005,-2,-2.0000000000000000e+00,1.3418530351437703e-03,-1,-1,2.0139431861098929e-04,wind_direction:18.4_m:degrees
2006,-2,-2.0000000000000000e+00,-5.3119633657698635e-03,-1,-1,3.6422723524078508e-04,wind_direction:18.4_m:degrees
2007,-2,-2.0000000000000000e+00,-5.2857142857142859e-02,-1,-1,2.4897959183673487e-04,wind_direction:18.4_m:degrees
2008,0,7.3388805389404297e+01,-9.6031746031746051e-02,2009,2010,8.9377676996724165e-04,zenith:0_m:degrees
2009,-2,-2.0000000000000000e+00,-1.7999999999999999e-01,-1,-1,1.6000000000000042e-03,wind_direction:18.4_m:degrees
2010,-2,-2.0000000000000000e+00,-9.3278688524590175e-02,-1,-1,6.3187315237838576e-04,wind_direction:18.4_m:degrees
2011,-2,-2.0000000000000000e+00,-6.3333333333333339e-02,-1,-1,5.5555555555555480e-04,wind_direction:18.4_m:degrees
2012,-2,-2.0000000000000000e+00,8.8888888888888889e-03,-1,-1,5.4320987654320939e-05,wind_direction:18.4_m:degrees
2013,-2,-2.0000000000000000e+00,-1.9200000000000000e-01,-1,-1,2.1600000000000091e-04,wind_direction:18.4_m:degrees
2014,-2,-2.0000000000000000e+00,-1.2857142857142859e-01,-1,-1,1.2244897959180767e-05,wind_direction:18.4_m:degrees
2015,12,-1.2234745919704437e-01,-2.4588235294117661e-02,2017,2018,4.3659515570934149e-04,bulk_richardson:18.4_m:none
2016,-2,-2.0000000000000000e+00,-8.0000000000000002e-02,-1,-1,8.5000000000000266e-04,wind_direction:18.4_m:degrees
2017,-2,-2.0000000000000000e+00,1.0000000000000000e-02,-1,-1,8.8888888888888907e-05,wind_direction:18.4_m:degrees
2018,-2,-2.0000000000000000e+00,-2.8684210526315809e-02,-1,-1,3.1932132963988832e-04,wind_direction:18.4_m:degrees
2019,-2,-2.0000000000000000e+00,-8.6363636363636392e-02,-1,-1,7.8677685950412531e-04,wind_direction:18.4_m:degrees
2020,-2,-2.0000000000000000e+00,-3.8333333333333337e-02,-1,-1,2.4138888888888869e-03,wind_direction:18.4_m:degrees
2021,-2,-2.0000000000000000e+00,-6.6097560975609759e-02,-1,-1,7.3599048185603744e-04,wind_direction:18.4_m:degrees
2022,12,-1.9318512640893459e-02,-4.3703703703703710e-02,2023,2024,7.1591220850480172e-04,bulk_richardson:18.4_m:none
2023,-2,-2.0000000000000000e+00,-4.6037735849056620e-02,-1,-1,4.3524385902456294e-04,wind_direction:18.4_m:degrees
2024,-2,-2.0000000000000000e+00,8.0000000000000002e-02,-1,-1,3.2959746043559335e-17,wind_direction:18.4_m:degrees
2025,-2,-2.0000000000000000e+00,-2.9999999999999999e-02,-1,-1,5.8095238095238078e-04,wind_direction:18.4_m:degrees
2026,-2,-2.0000000000000000e+00,-6.2608695652173904e-02,-1,-1,7.6710775047258810e-04,wind_direction:18.4_m:degrees
2027,-2,-2.0000000000000000e+00,-1.1749999999999999e-01,-1,-1,1.8749999999999670e-05,wind_direction:18.4_m:degrees
2028,-2,-2.0000000000000000e+00,-6.0000000000000019e-02,-1,-1,4.4000000000000115e-04,wind_direction:18.4_m:degrees
2029,1,3.4554762268066406e+02,-6.1509433962264153e-02,2031,2032,1.0845140619437517e-03,azimuth:0_m:degrees
2030,-2,-2.0000000000000000e+00,-1.1200000000000002e-01,-1,-1,6.1599999999999155e-04,wind_direction:18.4_m:degrees
2031,-2,-2.0000000000000000e+00,-5.5111111111111132e-02,-1,-1,9.7609876543209954e-04,wind_direction:18.4_m:degrees
2032,-2,-2.0000000000000000e+00,-9.7500000000000003e-02,-1,-1,1.6874999999998662e-04,wind_direction:18.4_m:degrees
2033,-2,-2.0000000000000000e+00,-9.4869565217391302e-02,-1,-1,4.2324385633270463e-04,wind_direction:18.4_m:degrees
2034,-2,-2.0000000000000000e+00,-4.0000000000000001e-02,-1,-1,9.8445557261683803e-17,wind_direction:18.4_m:degrees
2035,-2,-2.0000000000000000e+00,-1.1941176470588237e-01,-1,-1,2.0553633217992688e-04,wind_direction:18.4_m:degrees
2036,-2,-2.0000000000000000e+00,-2.0000000000000001e-01,-1,-1,9.0000000000003966e-04,wind_direction:18.4_m:degrees
2037,-2,-2.0000000000000000e+00,-1.5933333333333335e-01,-1,-1,8.6955555555557479e-04,wind_direction:18.4_m:degrees
2038,-2,-2.0000000000000000e+00,-1.9230769230769235e-01,-1,-1,6.9467455621290836e-04,wind_direction:18.4_m:degrees
2039,-2,-2.0000000000000000e+00,-1.1249999999999999e-01,-1,-1,1.6875000000000223e-04,wind_direction:18.4_m:degrees
2040,-2,-2.0000000000000000e+00,-1.7357142857142854e-01,-1,-1,8.0867346938776064e-04,wind_direction:18.4_m:degrees
2041,-2,-2.0000000000000000e+00,-3.6555555555555558e-01,-1,-1,5.5802469135801669e-04,wind_direction:18.4_m:degrees
2042,-2,-2.0000000000000000e+00,-4.1500000000000004e-01,-1,-1,5.6500000000000994e-04,wind_direction:18.4_m:degrees
2043,6,1.6850000000000000e+02,-2.7993311036789273e-02,2045,2046,3.4931768101028379e-04,wave_direction:0_m:degrees
2044,-2,-2.0000000000000000e+00,-2.2808320950965726e-02,-1,-1,2.9151897979592326e-04,wind_direction:18.4_m:degrees
2045,-2,-2.0000000000000000e+00,-3.4695652173913002e-02,-1,-1,4.2925519848771641e-04,wind_direction:18.4_m:degrees
2046,-2,-2.0000000000000000e+00,-2.6397515527950229e-02,-1,-1,3.1704280956238340e-04,wind_direction:18.4_m:degrees
