Node,feature,threshold,value,children_left,children_right,impurity,feature_name
0,10,1.2035727977752686e+01,-6.1232252330272421e-02,1,2,9.0246694800827053e-03,wind_speed:18.4_m:m_s-1
1,10,8.7127408981323242e+00,-4.2458438410490518e-02,3,4,2.6992103469195691e-03,wind_speed:18.4_m:m_s-1
2,10,1.4732591152191162e+01,-3.1379446640316155e-01,5,6,2.5591201497710020e-02,wind_speed:18.4_m:m_s-1
3,10,5.7728674411773682e+00,-2.6576658209492336e-02,7,8,1.0697716093235731e-03,wind_speed:18.4_m:m_s-1
4,4,3.6305903196334839e+00,-1.1043697478991604e-01,9,10,3.9729700097287258e-03,mixing_ratio:18.4_m:g_kg-1
5,11,2.5746499633789062e+02,-2.4335053965274564e-01,11,12,1.0863574447151352e-02,wind_direction:18.4_m:degrees
6,4,6.7004501819610596e+00,-4.7966850828729257e-01,15,16,2.1071271328714142e-02,mixing_ratio:18.4_m:g_kg-1
7,10,3.8413408994674683e+00,-1.3399723374827314e-02,41,42,5.9852763477832936e-04,wind_speed:18.4_m:m_s-1
8,12,-5.1203066483139992e-02,-4.2420009312843988e-02,13,14,1.1765954939938596e-03,bulk_richardson:18.4_m:none
9,10,1.0207391738891602e+01,-1.5669389716482476e-01,21,22,4.8611504144611510e-03,wind_speed:18.4_m:m_s-1
10,6,2.2850000000000000e+02,-9.3411743898125371e-02,29,30,2.5686748249388828e-03,wave_direction:0_m:degrees
11,10,1.3422492504119873e+01,-1.8394636015325666e-01,39,40,5.9043496131883852e-03,wind_speed:18.4_m:m_s-1
12,10,1.3112097263336182e+01,-2.7785608308605386e-01,19,20,1.0503786409583035e-02,wind_speed:18.4_m:m_s-1
13,10,7.4906539916992188e+00,-6.7933804627249697e-02,33,34,1.8450560294835938e-03,wind_speed:18.4_m:m_s-1
14,12,9.3095605261623859e-03,-3.5759583927522737e-02,43,44,7.8779858799909964e-04,bulk_richardson:18.4_m:none
15,10,1.7220717430114746e+01,-4.9975703324808185e-01,17,18,1.8471935852068272e-02,wind_speed:18.4_m:m_s-1
16,10,1.7535435676574707e+01,-3.5195121951219516e-01,23,24,1.8719769978187237e-02,wind_speed:18.4_m:m_s-1
17,10,1.5764752388000488e+01,-4.4714545454545490e-01,37,38,1.1123669752066162e-02,wind_speed:18.4_m:m_s-1
18,10,2.1104976654052734e+01,-6.2448275862068958e-01,47,48,1.3773870392390142e-02,wind_speed:18.4_m:m_s-1
19,4,5.2796940803527832e+00,-2.3895927601809969e-01,35,36,7.7082683264742755e-03,mixing_ratio:18.4_m:g_kg-1
20,11,3.2641999816894531e+02,-3.1550364963503674e-01,25,26,1.0327812030475517e-02,wind_direction:18.4_m:degrees
21,10,9.3433771133422852e+00,-1.3022157996146447e-01,93,94,3.1576580314149963e-03,wind_speed:18.4_m:m_s-1
22,4,1.4456557631492615e+00,-1.8303930968360502e-01,57,58,5.1649716091109951e-03,mixing_ratio:18.4_m:g_kg-1
23,11,1.0249000167846680e+02,-3.1644859813084103e-01,71,72,1.0660284741025372e-02,wind_direction:18.4_m:degrees
24,10,2.0589339256286621e+01,-5.8937499999999998e-01,301,302,7.8183593749996394e-03,wind_speed:18.4_m:m_s-1
25,4,5.3754069805145264e+00,-3.2552755905511854e-01,27,28,9.2921232562464817e-03,mixing_ratio:18.4_m:g_kg-1
26,6,1.6750000000000000e+02,-1.8820000000000001e-01,183,184,5.9987599999994159e-03,wave_direction:0_m:degrees
27,10,1.4172736644744873e+01,-3.3943462897526538e-01,63,64,7.7000337124946416e-03,wind_speed:18.4_m:m_s-1
28,10,1.3393410682678223e+01,-2.1144927536231883e-01,89,90,7.7515227893297928e-03,wind_speed:18.4_m:m_s-1
29,10,1.0348442077636719e+01,-8.9282334384858109e-02,31,32,2.2729076689983804e-03,wind_speed:18.4_m:m_s-1
30,10,1.0408203125000000e+01,-1.2939862542955344e-01,53,54,3.7025593108255400e-03,wind_speed:18.4_m:m_s-1
31,10,9.3727641105651855e+00,-7.3660436137072252e-02,67,68,1.4650747275356006e-03,wind_speed:18.4_m:m_s-1
32,12,2.4894224770832807e-04,-1.1621374865735777e-01,73,74,2.5195525929287820e-03,bulk_richardson:18.4_m:none
33,11,2.5078499603271484e+02,-5.8081886960391758e-02,81,82,1.3505264498438864e-03,wind_direction:18.4_m:degrees
34,7,9.4999998807907104e-01,-9.3526011560693664e-02,211,212,2.2225961442076947e-03,wave_height:0_m:m
35,11,3.1386500549316406e+02,-2.5251760563380266e-01,59,60,6.6857391266613997e-03,wind_direction:18.4_m:degrees
36,4,9.9691467285156250e+00,-1.5789473684210523e-01,237,238,6.1513573407196397e-03,mixing_ratio:18.4_m:g_kg-1
37,11,2.7258999633789062e+02,-4.1612582781456964e-01,55,56,9.4767126441821503e-03,wind_direction:18.4_m:degrees
38,9,9.0506938934326172e+01,-4.8491935483870946e-01,91,92,1.0530638657647973e-02,angle_between_wind_wave:0_m:degrees
39,7,1.3499999642372131e+00,-1.6784246575342468e-01,169,170,4.6467149089885369e-03,wave_height:0_m:m
40,9,8.9234195709228516e+01,-2.3120603015075375e-01,133,134,6.6005555415271783e-03,angle_between_wind_wave:0_m:degrees
41,6,2.2350000000000000e+02,-6.4457664637520918e-03,227,228,5.6925729668703289e-04,wave_direction:0_m:degrees
42,12,-3.6683438345789909e-02,-1.8033557665714402e-02,45,46,5.6433629436794866e-04,bulk_richardson:18.4_m:none
43,5,7.3549999237060547e+01,-4.0079457817247144e-02,49,50,7.8083033053090835e-04,relative_humidity:18.4_m:%
44,10,7.2098715305328369e+00,-2.4766577460600826e-02,105,106,6.3719648031729823e-04,wind_speed:18.4_m:m_s-1
45,11,2.7107000732421875e+02,-2.5277884246838318e-02,75,76,5.9809257720234868e-04,wind_direction:18.4_m:degrees
46,12,9.8471720702946186e-03,-1.1318173743116135e-02,269,270,4.3929990243844882e-04,bulk_richardson:18.4_m:none
47,6,2.0650000000000000e+02,-6.1685840707964601e-01,113,114,1.1740130393922577e-02,wave_direction:0_m:degrees
48,0,6.6520561218261719e+01,-9.1166666666666674e-01,1793,1794,5.7138888889033401e-03,zenith:0_m:degrees
49,12,-1.5526172704994678e-02,-5.5159927579963908e-02,143,144,1.3791084002361402e-03,bulk_richardson:18.4_m:none
50,10,7.5514271259307861e+00,-3.6458484277641472e-02,51,52,5.6946027470587885e-04,wind_speed:18.4_m:m_s-1
51,10,6.7804498672485352e+00,-3.0269467430511815e-02,217,218,4.2294881739085208e-04,wind_speed:18.4_m:m_s-1
52,12,-1.8788905814290047e-02,-4.9789762340036597e-02,241,242,6.2481868860883496e-04,bulk_richardson:18.4_m:none
53,1,1.2185867691040039e+02,-1.0422839506172843e-01,119,120,2.8200836381648883e-03,azimuth:0_m:degrees
54,12,-3.6068318411707878e-02,-1.6100775193798453e-01,181,182,3.0160386995972850e-03,bulk_richardson:18.4_m:none
55,7,2.7500000000000000e+00,-3.1500000000000006e-01,441,442,3.3039473684210036e-03,wave_height:0_m:m
56,2,2.8866500854492188e+02,-4.3068181818181800e-01,65,66,8.6813533057851500e-03,water_sfc_temperature:0_m:K
57,11,3.1167999267578125e+02,-2.1378125000000003e-01,97,98,6.1147646484375345e-03,wind_direction:18.4_m:degrees
58,11,2.7337001037597656e+02,-1.6943291839557395e-01,77,78,4.1411721943875740e-03,wind_direction:18.4_m:degrees
59,4,9.4612252712249756e-01,-2.6834123222748796e-01,61,62,6.4602816648324374e-03,mixing_ratio:18.4_m:g_kg-1
60,4,3.0478085279464722e+00,-2.0678082191780822e-01,299,300,4.5218286732972776e-03,mixing_ratio:18.4_m:g_kg-1
61,3,1.0140500183105469e+03,-3.6277777777777770e-01,553,554,3.7367283950617836e-03,pressure:18.4_m:hPa
62,3,9.8960000610351562e+02,-2.5953367875647670e-01,115,116,5.8049638916482238e-03,pressure:18.4_m:hPa
63,2,2.7496000671386719e+02,-3.2427860696517419e-01,109,110,6.9443800896018537e-03,water_sfc_temperature:0_m:K
64,11,3.1841499328613281e+02,-3.7658536585365837e-01,139,140,7.6090719809628338e-03,wind_direction:18.4_m:degrees
65,11,2.9452000427246094e+02,-4.3755905511811027e-01,123,124,7.5814433628869360e-03,wind_direction:18.4_m:degrees
66,2,2.8891000366210938e+02,-2.5600000000000001e-01,599,600,4.9040000000026840e-03,water_sfc_temperature:0_m:K
67,12,-3.9347684942185879e-03,-6.3528654217643143e-02,95,96,1.1762156953556676e-03,bulk_richardson:18.4_m:none
68,12,-9.9532254971563816e-03,-8.3156306578153358e-02,69,70,1.5494221584765747e-03,bulk_richardson:18.4_m:none
69,0,7.6749679565429688e+01,-1.0911528150134034e-01,173,174,2.3013620452961309e-03,zenith:0_m:degrees
70,12,2.0582837983965874e-02,-7.5615264797507797e-02,201,202,1.0783597669859158e-03,bulk_richardson:18.4_m:none
71,-2,-2.0000000000000000e+00,-8.5999999999999999e-01,-1,-1,0.0000000000000000e+00,wind_direction:18.4_m:degrees
72,11,1.2568499755859375e+02,-3.1132075471698117e-01,101,102,7.9473122107511784e-03,wind_direction:18.4_m:degrees
73,11,2.6270999145507812e+02,-1.2998777506112477e-01,107,108,2.6487773566633323e-03,wind_direction:18.4_m:degrees
74,11,1.9751999664306641e+02,-1.0542145593869738e-01,83,84,2.1531748653131864e-03,wind_direction:18.4_m:degrees
75,10,5.0333986282348633e+00,-1.8614003590664324e-02,453,454,3.3854580030875790e-04,wind_speed:18.4_m:m_s-1
76,10,4.8420088291168213e+00,-3.2905877517468242e-02,163,164,7.8617157663433967e-04,wind_speed:18.4_m:m_s-1
77,2,2.7794000244140625e+02,-1.2916666666666668e-01,335,336,2.1121843434343465e-03,water_sfc_temperature:0_m:K
78,5,6.1049999237060547e+01,-1.7842639593908624e-01,79,80,4.1513308768585389e-03,relative_humidity:18.4_m:%
79,10,1.0833733081817627e+01,-1.9638483965014580e-01,103,104,3.9507790121463965e-03,wind_speed:18.4_m:m_s-1
80,7,9.4999998807907104e-01,-1.5358870967741942e-01,191,192,3.3657501951092662e-03,wave_height:0_m:m
81,8,7.8499999046325684e+00,-3.8476953907815553e-02,911,912,1.0173196091582007e-03,wave_period:0_m:s
82,0,8.2610168457031250e+01,-6.3678489702517160e-02,121,122,1.3046037249500814e-03,zenith:0_m:degrees
83,3,9.9525000000000000e+02,-1.2917491749174920e-01,85,86,3.0709364005707500e-03,pressure:18.4_m:hPa
84,10,1.1028032302856445e+01,-9.5708502024291556e-02,147,148,1.4528381058532564e-03,wind_speed:18.4_m:m_s-1
85,9,8.9880676269531250e+01,-3.0000000000000004e-01,87,88,3.9324999999999999e-02,angle_between_wind_wave:0_m:degrees
86,2,2.8033000183105469e+02,-1.2454237288135601e-01,697,698,1.2749600689457019e-03,water_sfc_temperature:0_m:K
87,-2,-2.0000000000000000e+00,-5.5000000000000004e-01,-1,-1,0.0000000000000000e+00,wind_direction:18.4_m:degrees
88,0,1.0519646072387695e+02,-1.4999999999999999e-01,1783,1784,2.9199999999999816e-03,zenith:0_m:degrees
89,4,9.2682628631591797e+00,-3.0684210526315792e-01,1039,1040,2.6005540166204877e-03,mixing_ratio:18.4_m:g_kg-1
90,1,1.3903640747070312e+02,-1.7519999999999999e-01,365,366,4.9369600000000180e-03,azimuth:0_m:degrees
91,11,2.6350500488281250e+02,-4.8930041152263365e-01,99,100,9.7908686006540624e-03,wind_direction:18.4_m:degrees
92,-2,-2.0000000000000000e+00,-2.7199999999999996e-01,-1,-1,2.1599999999480368e-04,wind_direction:18.4_m:degrees
93,7,7.5000000000000000e-01,-1.1587360594795536e-01,273,274,2.7023037271458536e-03,wave_height:0_m:m
94,12,-2.4717611260712147e-02,-1.4565999999999998e-01,219,220,3.1877643999999629e-03,bulk_richardson:18.4_m:none
95,11,1.0115499877929688e+02,-7.8973063973063889e-02,207,208,1.5351406885918900e-03,wind_direction:18.4_m:degrees
96,12,1.1971063911914825e-02,-5.3962460896767463e-02,305,306,7.1464301208791188e-04,bulk_richardson:18.4_m:none
97,5,2.9199999809265137e+01,-2.3240566037735871e-01,221,222,6.1314769490922738e-03,relative_humidity:18.4_m:%
98,1,3.0753889465332031e+02,-1.7722222222222225e-01,483,484,4.0645061728395021e-03,azimuth:0_m:degrees
99,1,2.7290583801269531e+02,-4.0827586206896543e-01,287,288,6.0211652794293080e-03,azimuth:0_m:degrees
100,11,2.9050999450683594e+02,-5.0028037383177559e-01,127,128,9.2915101755614571e-03,wind_direction:18.4_m:degrees
101,5,8.8349998474121094e+01,-2.0500000000000002e-01,1949,1950,1.0999999999999968e-03,relative_humidity:18.4_m:%
102,5,9.8849998474121094e+01,-3.3022222222222219e-01,155,156,6.7977283950616668e-03,relative_humidity:18.4_m:%
103,0,1.1283771514892578e+02,-1.6768707482993200e-01,897,898,2.7511129621916527e-03,zenith:0_m:degrees
104,12,-2.3257482796907425e-02,-2.1790816326530615e-01,245,246,3.7696038109121810e-03,bulk_richardson:18.4_m:none
105,12,4.0167812258005142e-02,-1.7967775467775445e-02,685,686,4.4997609255664176e-04,bulk_richardson:18.4_m:none
106,10,8.1697216033935547e+00,-3.3856845031271704e-02,457,458,7.4308166092871761e-04,wind_speed:18.4_m:m_s-1
107,10,1.1920392036437988e+01,-1.2119999999999997e-01,189,190,1.8502399999999909e-03,wind_speed:18.4_m:m_s-1
108,2,2.9100500488281250e+02,-1.5844559585492232e-01,149,150,4.1747859002926671e-03,water_sfc_temperature:0_m:K
109,4,1.0603874921798706e+00,-2.8065789473684211e-01,197,198,7.5166724376731220e-03,mixing_ratio:18.4_m:g_kg-1
110,12,-2.3797986097633839e-02,-3.3444785276073635e-01,111,112,6.2639589371071280e-03,bulk_richardson:18.4_m:none
111,2,2.7730000305175781e+02,-3.6812499999999987e-01,175,176,6.0764843750001352e-03,water_sfc_temperature:0_m:K
112,12,-8.6105018854141235e-03,-3.0198795180722887e-01,285,286,4.2978552765273736e-03,bulk_richardson:18.4_m:none
113,1,1.1500594377517700e+01,-5.6111111111111101e-01,117,118,1.0276543209876698e-02,azimuth:0_m:degrees
114,10,1.7889338493347168e+01,-6.3071823204419875e-01,157,158,1.1139263148255585e-02,wind_speed:18.4_m:m_s-1
115,9,9.1017990112304688e+01,-3.8181818181818183e-01,1237,1238,2.2512396694214787e-03,angle_between_wind_wave:0_m:degrees
116,0,7.1507965087890625e+01,-2.5594666666666677e-01,125,126,5.4577038222222013e-03,zenith:0_m:degrees
117,-2,-2.0000000000000000e+00,-7.9000000000000004e-01,-1,-1,-1.1102230246251565e-16,wind_direction:18.4_m:degrees
118,6,1.6550000000000000e+02,-5.4476190476190467e-01,267,268,7.0011337868483570e-03,wave_direction:0_m:degrees
119,6,2.3650000000000000e+02,-1.3926315789473687e-01,167,168,3.9373518005540072e-03,wave_direction:0_m:degrees
120,10,1.0156044006347656e+01,-8.9694323144104748e-02,449,450,1.6361511031444918e-03,wind_speed:18.4_m:m_s-1
121,3,1.0277500000000000e+03,-4.8288100208768198e-02,709,710,1.6847520713386042e-03,pressure:18.4_m:hPa
122,11,3.1190000915527344e+02,-6.9487785657998360e-02,311,312,1.0379567066017888e-03,wind_direction:18.4_m:degrees
123,11,2.9100999450683594e+02,-4.4985074626865679e-01,165,166,8.0293309571543292e-03,wind_direction:18.4_m:degrees
124,5,4.1300001144409180e+01,-3.9094339622641500e-01,729,730,3.1368458526169485e-03,relative_humidity:18.4_m:%
125,2,2.8722000122070312e+02,-2.2285714285714292e-01,297,298,4.1836734693877428e-03,water_sfc_temperature:0_m:K
126,12,-5.4671838879585266e-03,-2.6765342960288813e-01,171,172,5.3840242932918919e-03,bulk_richardson:18.4_m:none
127,3,9.8689999389648438e+02,-5.2863157894736845e-01,131,132,9.2918116343489454e-03,pressure:18.4_m:hPa
128,9,8.8402256011962891e+01,-4.7764705882352954e-01,129,130,8.1373208106776673e-03,angle_between_wind_wave:0_m:degrees
129,1,2.7434353828430176e+01,-5.4892857142857154e-01,439,440,5.8238520408161465e-03,azimuth:0_m:degrees
130,6,2.2750000000000000e+02,-4.5571428571428568e-01,179,180,6.8047095761380738e-03,wave_direction:0_m:degrees
131,-2,-2.0000000000000000e+00,-6.9666666666666666e-01,-1,-1,1.6555555555556323e-03,wind_direction:18.4_m:degrees
132,9,8.9024456024169922e+01,-5.1730337078651689e-01,203,204,7.7747506627950380e-03,angle_between_wind_wave:0_m:degrees
133,6,1.6900000000000000e+02,-1.9312500000000002e-01,313,314,3.4402343750000036e-03,wave_direction:0_m:degrees
134,11,2.0150000000000000e+02,-2.4925925925925921e-01,135,136,7.0853772290809594e-03,wind_direction:18.4_m:degrees
135,9,8.9296386718750000e+01,-2.8925925925925933e-01,137,138,8.2920438957475723e-03,angle_between_wind_wave:0_m:degrees
136,12,1.2669781688600779e-02,-2.2259259259259256e-01,195,196,4.5031550068588000e-03,bulk_richardson:18.4_m:none
137,10,1.3863329887390137e+01,-5.5000000000000004e-01,177,178,5.7599999999999985e-02,wind_speed:18.4_m:m_s-1
138,9,8.9456569671630859e+01,-2.7923076923076917e-01,331,332,3.6801775147928678e-03,angle_between_wind_wave:0_m:degrees
139,0,1.6035684204101562e+02,-3.6928571428571427e-01,151,152,6.0715677179964955e-03,zenith:0_m:degrees
140,0,1.4178453826904297e+02,-4.8900000000000005e-01,141,142,1.7828999999999734e-02,zenith:0_m:degrees
141,3,1.0066999816894531e+03,-4.1142857142857142e-01,723,724,5.4122448979591342e-03,pressure:18.4_m:hPa
142,-2,-2.0000000000000000e+00,-6.7000000000000004e-01,-1,-1,0.0000000000000000e+00,wind_direction:18.4_m:degrees
143,10,6.7934451103210449e+00,-6.0946291560102270e-02,145,146,1.2264702611835326e-03,wind_speed:18.4_m:m_s-1
144,10,8.5766100883483887e+00,-4.1136363636363568e-02,333,334,1.4712293388429412e-03,wind_speed:18.4_m:m_s-1
145,7,1.9999999403953552e+00,-3.7317073170731636e-02,1065,1066,7.2755800118977343e-04,wave_height:0_m:m
146,0,7.4282146453857422e+01,-7.0118343195266233e-02,257,258,1.1192759357165358e-03,zenith:0_m:degrees
147,5,5.3049999237060547e+01,-8.2093663911845652e-02,385,386,1.5372143675675019e-03,relative_humidity:18.4_m:%
148,2,2.7377000427246094e+02,-1.0878306878306877e-01,691,692,1.0228577027518483e-03,water_sfc_temperature:0_m:K
149,5,9.1700000762939453e+01,-1.7261744966442955e-01,209,210,3.6099274807440823e-03,relative_humidity:18.4_m:%
150,2,2.9214498901367188e+02,-1.1045454545454546e-01,265,266,3.1043388429751895e-03,water_sfc_temperature:0_m:K
151,6,2.3750000000000000e+02,-3.6692810457516351e-01,153,154,5.2552693408518536e-03,wave_direction:0_m:degrees
152,-2,-2.0000000000000000e+00,-7.2999999999999998e-01,-1,-1,9.5479180117763462e-15,wind_direction:18.4_m:degrees
153,4,3.4828070402145386e+00,-3.5700729927007308e-01,615,616,4.0793649102242591e-03,mixing_ratio:18.4_m:g_kg-1
154,11,3.0738500976562500e+02,-4.5187499999999997e-01,325,326,7.2652343749999015e-03,wind_direction:18.4_m:degrees
155,1,2.4708549499511719e+02,-3.3590909090909088e-01,185,186,5.4400826446281553e-03,azimuth:0_m:degrees
156,-2,-2.0000000000000000e+00,-8.0000000000000002e-02,-1,-1,2.4999999999996744e-03,wind_direction:18.4_m:degrees
157,6,2.3850000000000000e+02,-5.9254237288135603e-01,259,260,9.7579431197930555e-03,wave_direction:0_m:degrees
158,5,8.5299999237060547e+01,-6.4918032786885238e-01,159,160,1.0761623219564864e-02,relative_humidity:18.4_m:%
159,3,1.0107000122070312e+03,-6.4188034188034204e-01,161,162,9.9212506391993527e-03,pressure:18.4_m:hPa
160,-2,-2.0000000000000000e+00,-8.1999999999999995e-01,-1,-1,6.5503158452884236e-15,wind_direction:18.4_m:degrees
161,3,1.0092000122070312e+03,-6.3557522123893795e-01,289,290,8.9768815099064425e-03,pressure:18.4_m:hPa
162,7,1.6500000357627869e+00,-8.1999999999999995e-01,1853,1854,3.7500000000015854e-03,wave_height:0_m:m
163,12,-1.7907769978046417e-01,-2.5827974276527287e-02,517,518,6.3299613062312975e-04,bulk_richardson:18.4_m:none
164,1,2.7808404541015625e+02,-4.0311185870479410e-02,749,750,8.3917986646584830e-04,azimuth:0_m:degrees
165,3,9.9844998168945312e+02,-4.3831325301204799e-01,193,194,6.9525765713454590e-03,pressure:18.4_m:hPa
166,6,2.2950000000000000e+02,-5.0457142857142845e-01,283,284,9.5105306122452160e-03,wave_direction:0_m:degrees
167,2,2.8610998535156250e+02,-1.0910714285714286e-01,559,560,2.0759885204081532e-03,water_sfc_temperature:0_m:K
168,2,2.8706498718261719e+02,-1.8256410256410258e-01,393,394,3.4293228139381932e-03,water_sfc_temperature:0_m:K
169,6,1.9700000000000000e+02,-1.3076923076923075e-01,1255,1256,1.8994082840236744e-03,wave_direction:0_m:degrees
170,11,1.9062999725341797e+02,-1.7355731225296422e-01,249,250,4.8256854504835529e-03,wind_direction:18.4_m:degrees
171,4,4.2481510639190674e+00,-2.7363281250000004e-01,243,244,5.0489120483398070e-03,mixing_ratio:18.4_m:g_kg-1
172,2,2.7669999694824219e+02,-1.9476190476190475e-01,489,490,3.7201814058962640e-03,water_sfc_temperature:0_m:K
173,12,-6.7570239305496216e-02,-8.5223880597014925e-02,445,446,1.7548006237469360e-03,bulk_richardson:18.4_m:none
174,11,2.8289500427246094e+02,-1.2251046025104606e-01,187,188,2.1083419407924211e-03,wind_direction:18.4_m:degrees
175,1,3.2593453979492188e+02,-3.9475609756097557e-01,609,610,5.1346966091612434e-03,azimuth:0_m:degrees
176,10,1.3755181312561035e+01,-3.4012820512820507e-01,467,468,5.5371630506248631e-03,wind_speed:18.4_m:m_s-1
177,-2,-2.0000000000000000e+00,-7.9000000000000004e-01,-1,-1,0.0000000000000000e+00,wind_direction:18.4_m:degrees
178,-2,-2.0000000000000000e+00,-3.1000000000000000e-01,-1,-1,-6.9388939039072284e-17,wind_direction:18.4_m:degrees
179,4,1.6146879196166992e+00,-4.1194444444444450e-01,613,614,3.4101080246913273e-03,mixing_ratio:18.4_m:g_kg-1
180,12,-9.4398837536573410e-03,-4.8436363636363639e-01,233,234,6.9518677685952435e-03,bulk_richardson:18.4_m:none
181,7,9.4999998807907104e-01,-2.1076923076923079e-01,461,462,2.9609467455621249e-03,wave_height:0_m:m
182,9,9.0153919219970703e+01,-1.5214611872146117e-01,527,528,2.5063530785429840e-03,angle_between_wind_wave:0_m:degrees
183,3,1.0026499938964844e+03,-1.3000000000000000e-01,397,398,4.2799999999999991e-03,pressure:18.4_m:hPa
184,4,3.2397079467773438e+00,-2.2700000000000001e-01,1059,1060,3.3809999999999812e-03,mixing_ratio:18.4_m:g_kg-1
185,10,1.6149892807006836e+01,-3.7044444444444447e-01,279,280,4.1020246913581193e-03,wind_speed:18.4_m:m_s-1
186,5,9.5849998474121094e+01,-2.9976744186046511e-01,281,282,4.2859924283397133e-03,relative_humidity:18.4_m:%
187,4,9.8724207878112793e+00,-1.0668831168831169e-01,1711,1712,1.2844872659807955e-03,mixing_ratio:18.4_m:g_kg-1
188,12,-2.5376259349286556e-02,-1.5117647058823530e-01,571,572,2.3256747404843438e-03,bulk_richardson:18.4_m:none
189,12,-2.5813901796936989e-02,-1.1809121621621614e-01,319,320,1.6597011390613817e-03,bulk_richardson:18.4_m:none
190,10,1.1969139575958252e+01,-1.7696969696969700e-01,869,870,1.9847566574836550e-03,wind_speed:18.4_m:m_s-1
191,5,8.6049999237060547e+01,-1.3544117647058826e-01,381,382,2.3953935986159268e-03,relative_humidity:18.4_m:%
192,12,-5.6978065520524979e-02,-1.7562499999999998e-01,367,368,3.6585379464284772e-03,bulk_richardson:18.4_m:none
193,5,7.9799999237060547e+01,-3.8806451612903226e-01,295,296,5.4994797086368175e-03,relative_humidity:18.4_m:%
194,11,2.8535501098632812e+02,-4.4985185185185195e-01,263,264,6.5733113854597458e-03,wind_direction:18.4_m:degrees
195,10,1.3727104663848877e+01,-2.3893939393939395e-01,395,396,3.4216023875114979e-03,wind_speed:18.4_m:m_s-1
196,4,8.4213914871215820e+00,-1.5066666666666667e-01,561,562,2.9128888888888919e-03,mixing_ratio:18.4_m:g_kg-1
197,0,6.0439990997314453e+01,-4.1399999999999998e-01,235,236,1.9423999999999997e-02,zenith:0_m:degrees
198,0,1.4405519866943359e+02,-2.7126760563380287e-01,199,200,5.3378297956754445e-03,zenith:0_m:degrees
199,10,1.3250247478485107e+01,-3.0041666666666672e-01,659,660,4.5039930555555718e-03,wind_speed:18.4_m:m_s-1
200,4,2.6819173097610474e+00,-2.1043478260869564e-01,1165,1166,1.6041587901699794e-03,mixing_ratio:18.4_m:g_kg-1
201,11,2.0295999908447266e+02,-7.7735537190082582e-02,317,318,1.0066077453725897e-03,wind_direction:18.4_m:degrees
202,9,8.8435482025146484e+01,-4.0945945945945944e-02,551,552,9.7613221329456950e-04,angle_between_wind_wave:0_m:degrees
203,4,3.7105417251586914e+00,-4.9181818181818182e-01,205,206,8.4366942148760560e-03,mixing_ratio:18.4_m:g_kg-1
204,11,2.8563000488281250e+02,-5.5852941176470583e-01,435,436,3.9537197231832022e-03,wind_direction:18.4_m:degrees
205,6,2.3100000000000000e+02,-5.1297872340425543e-01,585,586,6.2294250792213623e-03,wave_direction:0_m:degrees
206,12,-7.2165112942457199e-03,-3.6749999999999999e-01,1095,1096,3.3187499999997871e-03,bulk_richardson:18.4_m:none
207,10,8.7733116149902344e+00,-8.3333333333333315e-03,531,532,3.5138888888888889e-03,wind_speed:18.4_m:m_s-1
208,11,2.8125999450683594e+02,-8.1180555555555492e-02,307,308,1.3124951774691586e-03,wind_direction:18.4_m:degrees
209,10,1.1886246681213379e+01,-1.7851063829787236e-01,655,656,3.1417534329258867e-03,wind_speed:18.4_m:m_s-1
210,-2,-2.0000000000000000e+00,-6.8749999999999992e-02,-1,-1,4.6093749999988852e-04,wind_direction:18.4_m:degrees
211,0,8.2107810974121094e+01,-8.6906710310965599e-02,213,214,2.0357670744480085e-03,zenith:0_m:degrees
212,11,3.0775999450683594e+02,-1.0944881889763775e-01,463,464,2.3130820261639748e-03,wind_direction:18.4_m:degrees
213,10,8.1231856346130371e+00,-6.3072289156626479e-02,1205,1206,1.8562236899404890e-03,wind_speed:18.4_m:m_s-1
214,6,1.8750000000000000e+02,-9.5797752808988765e-02,215,216,1.8117793207928414e-03,wave_direction:0_m:degrees
215,11,3.5138499450683594e+02,-6.3717948717948725e-02,1279,1280,8.9002301117685565e-04,wind_direction:18.4_m:degrees
216,3,1.0315999755859375e+03,-1.0261580381471377e-01,525,526,1.7424763714928432e-03,pressure:18.4_m:hPa
217,3,1.0084500122070312e+03,-2.6810196348605115e-02,767,768,3.6405870416397247e-04,pressure:18.4_m:hPa
218,11,2.8898999023437500e+02,-3.5817679558011101e-02,523,524,4.6742532279225586e-04,wind_direction:18.4_m:degrees
219,0,9.8700801849365234e+01,-1.5111888111888108e-01,361,362,3.2015453078390391e-03,zenith:0_m:degrees
220,2,2.8046998596191406e+02,-1.1267605633802817e-01,823,824,1.8365006943067714e-03,water_sfc_temperature:0_m:K
221,-2,-2.0000000000000000e+00,-1.4833333333333334e-01,-1,-1,1.1305555555555548e-03,wind_direction:18.4_m:degrees
222,0,7.9288219451904297e+01,-2.3745000000000027e-01,223,224,5.9819974999999193e-03,zenith:0_m:degrees
223,5,3.0649999618530273e+01,-2.1035714285714291e-01,225,226,5.8201105442176743e-03,relative_humidity:18.4_m:%
224,10,1.1892623901367188e+01,-2.5706896551724140e-01,309,310,5.1827883472055220e-03,wind_speed:18.4_m:m_s-1
225,-2,-2.0000000000000000e+00,-4.0333333333333332e-01,-1,-1,1.4222222222222414e-03,wind_direction:18.4_m:degrees
226,11,2.7620999145507812e+02,-2.0320987654320985e-01,577,578,4.5526596555402962e-03,wind_direction:18.4_m:degrees
227,5,5.7950000762939453e+01,-5.7749103942652778e-03,375,376,4.9576868950811353e-04,relative_humidity:18.4_m:%
228,0,4.2735849380493164e+01,-2.4940711462450565e-02,229,230,2.2408067615491043e-03,zenith:0_m:degrees
229,11,2.0093500518798828e+02,-3.1000000000000000e-01,231,232,3.3799999999999983e-02,wind_direction:18.4_m:degrees
230,2,2.7187001037597656e+02,-2.1519999999999987e-02,495,496,8.7528960000000022e-04,water_sfc_temperature:0_m:K
231,-2,-2.0000000000000000e+00,-5.0000000000000003e-02,-1,-1,0.0000000000000000e+00,wind_direction:18.4_m:degrees
232,-2,-2.0000000000000000e+00,-4.4000000000000000e-01,-1,-1,0.0000000000000000e+00,wind_direction:18.4_m:degrees
233,7,1.3000000119209290e+00,-4.9699999999999994e-01,379,380,5.6849999999999679e-03,wave_height:0_m:m
234,-2,-2.0000000000000000e+00,-3.5799999999999998e-01,-1,-1,2.0560000000007517e-03,wind_direction:18.4_m:degrees
235,-2,-2.0000000000000000e+00,-1.4999999999999999e-01,-1,-1,0.0000000000000000e+00,wind_direction:18.4_m:degrees
236,-2,-2.0000000000000000e+00,-4.7999999999999998e-01,-1,-1,2.5000000000000022e-03,wind_direction:18.4_m:degrees
237,11,2.9944499206542969e+02,-1.6767441860465118e-01,239,240,5.5015684153596894e-03,wind_direction:18.4_m:degrees
238,1,1.5066720390319824e+02,-6.4444444444444457e-02,1327,1328,2.7135802469135375e-03,azimuth:0_m:degrees
239,2,2.9027500915527344e+02,-1.9749999999999995e-01,247,248,4.0956730769230662e-03,water_sfc_temperature:0_m:K
240,7,1.5500000119209290e+00,-1.2205882352941175e-01,511,512,4.2104671280276968e-03,wave_height:0_m:m
241,10,8.5967302322387695e+00,-6.3394736842105240e-02,329,330,1.2708441828254832e-03,wind_speed:18.4_m:m_s-1
242,10,8.3538761138916016e+00,-4.6930309734513308e-02,555,556,4.4195974503679573e-04,wind_speed:18.4_m:m_s-1
243,10,1.2530226707458496e+01,-2.8119266055045872e-01,323,324,5.2086693039305604e-03,wind_speed:18.4_m:m_s-1
244,6,2.2750000000000000e+02,-2.3026315789473689e-01,1229,1230,1.9236149584491435e-03,wave_direction:0_m:degrees
245,11,2.9005499267578125e+02,-2.3261538461538464e-01,357,358,3.7208520710059409e-03,wind_direction:18.4_m:degrees
246,9,8.9831291198730469e+01,-1.8893939393939399e-01,683,684,2.6003902662992684e-03,angle_between_wind_wave:0_m:degrees
247,11,2.7704998779296875e+02,-1.7809523809523806e-01,403,404,2.9439909297052369e-03,wind_direction:18.4_m:degrees
248,-2,-2.0000000000000000e+00,-2.7900000000000003e-01,-1,-1,7.0900000000008456e-04,wind_direction:18.4_m:degrees
249,8,4.6499998569488525e+00,-1.9644067796610173e-01,251,252,1.3321229531743729e-02,wave_period:0_m:s
250,6,1.9850000000000000e+02,-1.6659793814432983e-01,255,256,2.0343022637901650e-03,wave_direction:0_m:degrees
251,10,1.2149593830108643e+01,-2.8571428571428570e-01,253,254,4.8548299319727886e-02,wind_speed:18.4_m:m_s-1
252,11,1.7187500000000000e+02,-1.7711340206185575e-01,315,316,3.5957912636836939e-03,wind_direction:18.4_m:degrees
253,-2,-2.0000000000000000e+00,-8.1999999999999995e-01,-1,-1,1.1102230246251565e-16,wind_direction:18.4_m:degrees
254,5,8.8799999237060547e+01,-1.9666666666666666e-01,1585,1586,1.1333333333333195e-03,relative_humidity:18.4_m:%
255,11,2.3804499816894531e+02,-1.4132231404958678e-01,581,582,2.0246977665459957e-03,wind_direction:18.4_m:degrees
256,4,8.5932097434997559e+00,-1.7805243445692875e-01,455,456,1.6179298348974677e-03,mixing_ratio:18.4_m:g_kg-1
257,11,1.0337500000000000e+02,-5.9587628865979354e-02,1021,1022,8.9467531087257047e-04,wind_direction:18.4_m:degrees
258,7,8.4999999403953552e-01,-7.9059080962800773e-02,271,272,1.1358761593304404e-03,wave_height:0_m:m
259,11,3.1760000610351562e+02,-5.8272727272727276e-01,261,262,8.7616528925615333e-03,wind_direction:18.4_m:degrees
260,9,8.9082805633544922e+01,-7.2750000000000004e-01,1579,1580,3.9187500000029685e-03,angle_between_wind_wave:0_m:degrees
261,10,1.7316007614135742e+01,-5.9958333333333336e-01,399,400,7.5914930555553983e-03,wind_speed:18.4_m:m_s-1
262,-2,-2.0000000000000000e+00,-4.6714285714285714e-01,-1,-1,1.4775510204072806e-03,wind_direction:18.4_m:degrees
263,2,2.8194500732421875e+02,-4.2453124999999992e-01,355,356,6.7591552734375671e-03,water_sfc_temperature:0_m:K
264,0,1.5232289886474609e+02,-4.7267605633802823e-01,303,304,5.3069232295176738e-03,zenith:0_m:degrees
265,-2,-2.0000000000000000e+00,-8.3225806451612913e-02,-1,-1,5.8314255983350684e-04,wind_direction:18.4_m:degrees
266,5,6.3850000381469727e+01,-1.7538461538461536e-01,965,966,3.1325443786982335e-03,relative_humidity:18.4_m:%
267,9,8.8091587066650391e+01,-4.2800000000000005e-01,1869,1870,2.8559999999999419e-03,angle_between_wind_wave:0_m:degrees
268,9,9.0276088714599609e+01,-5.6054054054054037e-01,347,348,5.4699780861945380e-03,angle_between_wind_wave:0_m:degrees
269,10,5.0049724578857422e+00,-1.4655896607431456e-02,727,728,3.6717561547233604e-04,wind_speed:18.4_m:m_s-1
270,11,2.6315499877929688e+02,-7.2415153906866172e-03,1025,1026,4.9716582185513954e-04,wind_direction:18.4_m:degrees
271,3,1.0042500000000000e+03,-6.0662251655629114e-02,943,944,7.6512433665190368e-04,pressure:18.4_m:hPa
272,10,8.0105533599853516e+00,-8.8137254901960713e-02,349,350,1.0694059976932239e-03,wind_speed:18.4_m:m_s-1
273,2,2.7980500793457031e+02,-9.9895833333333281e-02,407,408,2.1447808159722349e-03,water_sfc_temperature:0_m:K
274,12,-8.7470747530460358e-02,-1.2473988439306358e-01,275,276,2.7914063283103474e-03,bulk_richardson:18.4_m:none
275,12,-8.9033089578151703e-02,-1.5473684210526317e-01,277,278,4.5854570637119084e-03,bulk_richardson:18.4_m:none
276,12,-2.4083896540105343e-02,-1.1629629629629631e-01,499,500,1.9618381344307465e-03,bulk_richardson:18.4_m:none
277,11,2.9632499694824219e+02,-1.4583333333333331e-01,871,872,2.9965277777777716e-03,wind_direction:18.4_m:degrees
278,11,2.8988999938964844e+02,-3.1500000000000000e-01,981,982,6.0749999999999832e-03,wind_direction:18.4_m:degrees
279,3,9.9779998779296875e+02,-3.4705882352941181e-01,651,652,2.8384083044982605e-03,pressure:18.4_m:hPa
280,-2,-2.0000000000000000e+00,-4.4272727272727280e-01,-1,-1,1.0925619834709355e-03,wind_direction:18.4_m:degrees
281,2,2.8897499084472656e+02,-2.7971428571428569e-01,781,782,2.5399183673469189e-03,water_sfc_temperature:0_m:K
282,8,5.6499998569488525e+00,-3.8749999999999996e-01,1539,1540,2.4687500000000473e-03,wave_period:0_m:s
283,10,1.5485045909881592e+01,-5.4000000000000004e-01,429,430,7.8454545454547109e-03,wind_speed:18.4_m:m_s-1
284,5,5.1000000000000000e+01,-4.4461538461538469e-01,377,378,6.6094674556210486e-03,relative_humidity:18.4_m:%
285,8,5.5999999046325684e+00,-3.1272727272727274e-01,327,328,4.1122589531680798e-03,wave_period:0_m:s
286,2,2.8563000488281250e+02,-2.6029411764705884e-01,459,460,2.8322664359861083e-03,water_sfc_temperature:0_m:K
287,3,1.0149499816894531e+03,-3.6312499999999998e-01,521,522,4.7714843750001901e-03,pressure:18.4_m:hPa
288,2,2.8304998779296875e+02,-4.6384615384615385e-01,1487,1488,1.9621301775146482e-03,water_sfc_temperature:0_m:K
289,12,-4.5537662226706743e-03,-6.4101851851851843e-01,291,292,8.7017403978053576e-03,bulk_richardson:18.4_m:none
290,-2,-2.0000000000000000e+00,-5.1800000000000002e-01,-1,-1,4.5600000000028951e-04,wind_direction:18.4_m:degrees
291,3,1.0038500061035156e+03,-6.4644230769230770e-01,293,294,8.2421505177514565e-03,pressure:18.4_m:hPa
292,-2,-2.0000000000000000e+00,-5.0000000000000000e-01,-1,-1,5.3290705182007514e-15,wind_direction:18.4_m:degrees
293,6,2.0900000000000000e+02,-6.3630434782608691e-01,411,412,7.8298204158792628e-03,wave_direction:0_m:degrees
294,7,2.1999999284744263e+00,-7.2416666666666674e-01,447,448,4.5743055555514944e-03,wave_height:0_m:m
295,-2,-2.0000000000000000e+00,-3.3153846153846156e-01,-1,-1,1.7514792899408077e-03,wind_direction:18.4_m:degrees
296,6,2.2750000000000000e+02,-4.2888888888888893e-01,515,516,4.2320987654320963e-03,wave_direction:0_m:degrees
297,4,4.5880219936370850e+00,-2.1426966292134836e-01,351,352,3.6604216639312820e-03,mixing_ratio:18.4_m:g_kg-1
298,-2,-2.0000000000000000e+00,-3.0777777777777776e-01,-1,-1,1.4172839506175622e-03,wind_direction:18.4_m:degrees
299,0,7.3107872009277344e+01,-2.1655737704918035e-01,353,354,4.4143778554152011e-03,zenith:0_m:degrees
300,10,1.2588790416717529e+01,-1.5708333333333332e-01,1223,1224,2.1123263888888563e-03,wind_speed:18.4_m:m_s-1
301,10,1.8072181701660156e+01,-5.6428571428571428e-01,967,968,3.8959183673468734e-03,wind_speed:18.4_m:m_s-1
302,-2,-2.0000000000000000e+00,-7.6500000000000001e-01,-1,-1,2.5000000000274802e-05,wind_direction:18.4_m:degrees
303,10,1.4974542617797852e+01,-4.8616666666666675e-01,535,536,4.4036388888889499e-03,wind_speed:18.4_m:m_s-1
304,1,1.3280026912689209e+01,-3.9909090909090916e-01,735,736,3.8264462809913802e-03,azimuth:0_m:degrees
305,11,2.0486499786376953e+02,-5.9682779456193352e-02,611,612,5.7014106296948350e-04,wind_direction:18.4_m:degrees
306,11,2.9941500854492188e+02,-4.1212121212121172e-02,877,878,8.0122436486074547e-04,wind_direction:18.4_m:degrees
307,12,-1.8914716318249702e-02,-7.4261501210653683e-02,321,322,7.4890982534928530e-04,bulk_richardson:18.4_m:none
308,10,8.7163381576538086e+00,-9.8711656441717796e-02,491,492,2.3118371033912111e-03,wind_speed:18.4_m:m_s-1
309,2,2.7609999084472656e+02,-2.4914285714285714e-01,373,374,4.6345034013605194e-03,water_sfc_temperature:0_m:K
310,3,1.0101499938964844e+03,-3.3272727272727276e-01,989,990,4.0925619834713822e-03,pressure:18.4_m:hPa
311,0,1.5260254669189453e+02,-8.1358381502890126e-02,573,574,1.0394842794614022e-03,zenith:0_m:degrees
312,10,6.4716072082519531e+00,-6.5037919826652205e-02,433,434,9.6476020889065938e-04,wind_speed:18.4_m:m_s-1
313,2,2.8568000793457031e+02,-1.4714285714285713e-01,973,974,2.1918367346938847e-03,water_sfc_temperature:0_m:K
314,10,1.3939932346343994e+01,-2.1558139534883716e-01,359,360,2.5130340724716024e-03,wind_speed:18.4_m:m_s-1
315,12,-9.4774416647851467e-03,-1.6256756756756760e-01,507,508,3.3109751643535107e-03,bulk_richardson:18.4_m:none
316,10,1.2343009471893311e+01,-2.2391304347826085e-01,1431,1432,1.6412098298676514e-03,wind_speed:18.4_m:m_s-1
317,10,1.0063841342926025e+01,-8.7551487414187640e-02,621,622,9.2924506071666649e-04,wind_speed:18.4_m:m_s-1
318,6,2.2750000000000000e+02,-7.2186287192755508e-02,389,390,9.6507784559412332e-04,wave_direction:0_m:degrees
319,-2,-2.0000000000000000e+00,-3.3333333333333340e-02,-1,-1,4.6666666666666623e-04,wind_direction:18.4_m:degrees
320,11,1.9582500457763672e+02,-1.1939965694682661e-01,423,424,1.5655057974809563e-03,wind_direction:18.4_m:degrees
321,-2,-2.0000000000000000e+00,-9.5660377358490534e-02,-1,-1,7.9060163759345735e-04,wind_direction:18.4_m:degrees
322,10,8.9723520278930664e+00,-6.6872964169381127e-02,1119,1120,5.2181773811925229e-04,wind_speed:18.4_m:m_s-1
323,4,2.8905102014541626e+00,-2.6097826086956522e-01,409,410,4.0066517013232494e-03,mixing_ratio:18.4_m:g_kg-1
324,8,6.2000000476837158e+00,-2.9595238095238080e-01,337,338,5.5701247165532569e-03,wave_period:0_m:s
325,7,1.2500000000000000e+00,-4.2785714285714282e-01,679,680,3.6882653061224568e-03,wave_height:0_m:m
326,-2,-2.0000000000000000e+00,-6.2000000000000000e-01,-1,-1,-5.5511151231257827e-17,wind_direction:18.4_m:degrees
327,10,1.3198103904724121e+01,-2.7103448275862063e-01,633,634,2.7885850178359650e-03,wind_speed:18.4_m:m_s-1
328,2,2.8507499694824219e+02,-3.2446601941747566e-01,387,388,3.8577245734753157e-03,water_sfc_temperature:0_m:K
329,11,1.2074499893188477e+02,-6.0578512396694151e-02,345,346,1.0925027889716085e-03,wind_direction:18.4_m:degrees
330,0,1.3428863525390625e+02,-1.2352941176470592e-01,1709,1710,1.2934256055363285e-03,zenith:0_m:degrees
331,-2,-2.0000000000000000e+00,-1.7199999999999999e-01,-1,-1,2.1600000000000438e-04,wind_direction:18.4_m:degrees
332,5,9.6750000000000000e+01,-2.9063829787234041e-01,663,664,2.6953372566771994e-03,relative_humidity:18.4_m:%
333,0,3.6166364669799805e+01,-3.9017094017093967e-02,477,478,1.3306578274527008e-03,zenith:0_m:degrees
334,3,1.0072500000000000e+03,-1.0312500000000001e-01,1727,1728,1.6089843749999139e-03,pressure:18.4_m:hPa
335,9,8.8831581115722656e+01,-1.0156862745098039e-01,1179,1180,1.1975394079200320e-03,angle_between_wind_wave:0_m:degrees
336,4,2.1614879369735718e+00,-1.4654320987654326e-01,805,806,1.9065691205608880e-03,mixing_ratio:18.4_m:g_kg-1
337,10,1.2662024497985840e+01,-3.0566037735849055e-01,339,340,5.4453186187257002e-03,wind_speed:18.4_m:m_s-1
338,5,4.9950000762939453e+01,-2.4450000000000002e-01,603,604,3.0847499999996780e-03,relative_humidity:18.4_m:%
339,4,1.3146556019783020e+00,-3.6136363636363639e-01,343,344,6.5754132231405082e-03,mixing_ratio:18.4_m:g_kg-1
340,11,3.0154499816894531e+02,-2.9107142857142859e-01,341,342,4.1238520408163476e-03,wind_direction:18.4_m:degrees
341,5,5.7200000762939453e+01,-3.0656716417910451e-01,931,932,3.7359768322566822e-03,relative_humidity:18.4_m:%
342,-2,-2.0000000000000000e+00,-2.3000000000000004e-01,-1,-1,9.7647058823507882e-04,wind_direction:18.4_m:degrees
343,-2,-2.0000000000000000e+00,-6.0999999999999999e-01,-1,-1,0.0000000000000000e+00,wind_direction:18.4_m:degrees
344,1,1.9182965087890625e+02,-3.4952380952380946e-01,363,364,3.8045351473922490e-03,azimuth:0_m:degrees
345,5,7.6450000762939453e+01,-3.3714285714285724e-02,1409,1410,1.1947755102040812e-03,relative_humidity:18.4_m:%
346,8,5.9500000476837158e+00,-6.6996587030716689e-02,619,620,8.5446073920488873e-04,wave_period:0_m:s
347,6,1.9400000000000000e+02,-5.8555555555555550e-01,443,444,3.8469135802471355e-03,wave_direction:0_m:degrees
348,8,8.0499999523162842e+00,-4.9299999999999999e-01,737,738,3.6010000000001874e-03,wave_period:0_m:s
349,3,1.0181499938964844e+03,-7.5771428571428545e-02,1051,1052,7.7526204081633694e-04,pressure:18.4_m:hPa
350,11,2.7937001037597656e+02,-1.0465648854961832e-01,1139,1140,9.8518734339491862e-04,wind_direction:18.4_m:degrees
351,5,4.3549999237060547e+01,-2.1918604651162793e-01,563,564,2.9191049215792006e-03,relative_humidity:18.4_m:%
352,12,5.7698320597410202e-03,-7.3333333333333334e-02,1901,1902,4.3555555555557235e-03,bulk_richardson:18.4_m:none
353,6,1.5800000000000000e+02,-1.7733333333333334e-01,601,602,3.3795555555555523e-03,wave_direction:0_m:degrees
354,9,8.9949218750000000e+01,-2.2934782608695659e-01,421,422,4.0865311909262653e-03,angle_between_wind_wave:0_m:degrees
355,6,2.2350000000000000e+02,-3.9068965517241377e-01,437,438,5.0684898929845568e-03,wave_direction:0_m:degrees
356,2,2.8195500183105469e+02,-4.5257142857142857e-01,383,384,6.4248163265307745e-03,water_sfc_temperature:0_m:K
357,11,2.8599000549316406e+02,-2.7031250000000007e-01,475,476,3.1717773437499597e-03,wind_direction:18.4_m:degrees
358,0,6.3488212585449219e+01,-2.2030612244897960e-01,493,494,3.2846001665972555e-03,zenith:0_m:degrees
359,7,2.3500000238418579e+00,-1.9099999999999998e-01,1983,1984,1.0890000000000274e-03,wave_height:0_m:m
360,-2,-2.0000000000000000e+00,-2.7230769230769231e-01,-1,-1,1.1869822485207210e-03,wind_direction:18.4_m:degrees
361,2,2.7447500610351562e+02,-1.3968325791855202e-01,497,498,2.7469584979832144e-03,water_sfc_temperature:0_m:K
362,3,1.0233500061035156e+03,-1.6326923076923081e-01,641,642,3.3979659763314629e-03,pressure:18.4_m:hPa
363,-2,-2.0000000000000000e+00,-3.8714285714285712e-01,-1,-1,1.1489795918367407e-03,wind_direction:18.4_m:degrees
364,-2,-2.0000000000000000e+00,-2.7428571428571430e-01,-1,-1,6.2448979591846199e-04,wind_direction:18.4_m:degrees
365,-2,-2.0000000000000000e+00,-9.6250000000000002e-02,-1,-1,4.2343750000000020e-04,wind_direction:18.4_m:degrees
366,6,1.7850000000000000e+02,-1.9023809523809523e-01,487,488,4.3832766439909285e-03,wave_direction:0_m:degrees
367,-2,-2.0000000000000000e+00,-1.1733333333333332e-01,-1,-1,9.7955555555555990e-04,wind_direction:18.4_m:degrees
368,10,1.1024103164672852e+01,-1.8463917525773194e-01,369,370,3.4661069189074467e-03,wind_speed:18.4_m:m_s-1
369,8,5.5000000000000000e+00,-1.5499999999999997e-01,1537,1538,1.8800000000000136e-03,wave_period:0_m:s
370,12,-1.2248998391442001e-03,-2.0543859649122811e-01,371,372,3.5300707910126405e-03,bulk_richardson:18.4_m:none
371,3,1.0065500183105469e+03,-2.2304347826086965e-01,1077,1078,2.4907372400756120e-03,pressure:18.4_m:hPa
372,-2,-2.0000000000000000e+00,-1.3181818181818183e-01,-1,-1,1.1603305785123676e-03,wind_direction:18.4_m:degrees
373,7,1.3500000238418579e+00,-2.1638888888888888e-01,1213,1214,3.2897376543210080e-03,wave_height:0_m:m
374,10,1.0802147388458252e+01,-2.6623188405797105e-01,505,506,4.4843520268850467e-03,wind_speed:18.4_m:m_s-1
375,8,4.2500000000000000e+00,-1.5140032948929129e-02,785,786,1.4365125159791440e-03,wave_period:0_m:s
376,10,2.5499215126037598e+00,-4.8822236180904536e-03,817,818,3.9693964631181870e-04,wind_speed:18.4_m:m_s-1
377,6,2.3300000000000000e+02,-3.9999999999999997e-01,985,986,2.9777777777776626e-03,wave_direction:0_m:degrees
378,-2,-2.0000000000000000e+00,-5.4500000000000004e-01,-1,-1,2.2500000000003073e-04,wind_direction:18.4_m:degrees
379,-2,-2.0000000000000000e+00,-3.3000000000000002e-01,-1,-1,0.0000000000000000e+00,wind_direction:18.4_m:degrees
380,8,5.8499999046325684e+00,-5.0395833333333329e-01,671,672,4.7114149305556019e-03,wave_period:0_m:s
381,2,2.8155000305175781e+02,-1.2660869565217386e-01,991,992,1.7980642722117204e-03,water_sfc_temperature:0_m:K
382,1,1.2804915618896484e+02,-1.8380952380952381e-01,1045,1046,2.8997732426303754e-03,azimuth:0_m:degrees
383,-2,-2.0000000000000000e+00,-6.8999999999999995e-01,-1,-1,0.0000000000000000e+00,wind_direction:18.4_m:degrees
384,0,7.9471527099609375e+01,-4.4558823529411773e-01,513,514,4.9070069204152356e-03,zenith:0_m:degrees
385,9,8.9339744567871094e+01,2.4000000000000004e-02,1557,1558,3.1840000000000006e-03,angle_between_wind_wave:0_m:degrees
386,10,1.1025479316711426e+01,-8.3575418994413300e-02,481,482,1.3548141443775318e-03,wind_speed:18.4_m:m_s-1
387,9,8.7653842926025391e+01,-3.1406976744186038e-01,887,888,3.2915765278529463e-03,angle_between_wind_wave:0_m:degrees
388,6,2.2550000000000000e+02,-3.7705882352941178e-01,815,816,3.4089965397923749e-03,wave_direction:0_m:degrees
389,9,8.7878372192382812e+01,-7.1573472041612449e-02,773,774,7.2899362656652505e-04,angle_between_wind_wave:0_m:degrees
390,7,1.4499999880790710e+00,-1.9000000000000000e-01,391,392,3.2399999999999519e-02,wave_height:0_m:m
391,-2,-2.0000000000000000e+00,-9.0000000000000011e-02,-1,-1,3.2000000000000015e-03,wind_direction:18.4_m:degrees
392,-2,-2.0000000000000000e+00,-4.8999999999999999e-01,-1,-1,-2.7755575615628914e-17,wind_direction:18.4_m:degrees
393,-2,-2.0000000000000000e+00,-2.3916666666666667e-01,-1,-1,2.5763888888888364e-04,wind_direction:18.4_m:degrees
394,2,2.8708499145507812e+02,-1.5740740740740741e-01,801,802,2.7821673525377233e-03,water_sfc_temperature:0_m:K
395,2,2.8141499328613281e+02,-2.0307692307692310e-01,789,790,2.2828402366863870e-03,water_sfc_temperature:0_m:K
396,2,2.9105000305175781e+02,-2.6224999999999993e-01,597,598,2.7824374999999846e-03,water_sfc_temperature:0_m:K
397,10,1.3709972381591797e+01,-1.5625000000000003e-01,1573,1574,1.8484375000000011e-03,wind_speed:18.4_m:m_s-1
398,-2,-2.0000000000000000e+00,-2.5000000000000001e-02,-1,-1,2.2500000000000243e-04,wind_direction:18.4_m:degrees
399,11,3.1638999938964844e+02,-6.4749999999999996e-01,1307,1308,3.2062500000000216e-03,wind_direction:18.4_m:degrees
400,1,3.0939088439941406e+02,-5.7562500000000005e-01,401,402,8.0621093749999595e-03,azimuth:0_m:degrees
401,4,2.9443732500076294e+00,-5.8965517241379317e-01,405,406,6.2791914387633208e-03,mixing_ratio:18.4_m:g_kg-1
402,0,1.5680142211914062e+02,-4.4000000000000000e-01,1637,1638,5.0000000000000877e-03,zenith:0_m:degrees
403,5,7.4350002288818359e+01,-1.5000000000000002e-01,1199,1200,1.8461538461538654e-03,relative_humidity:18.4_m:%
404,2,2.8705499267578125e+02,-2.2375000000000006e-01,1523,1524,1.3609375000000132e-03,water_sfc_temperature:0_m:K
405,3,9.8244998168945312e+02,-6.1619047619047618e-01,803,804,4.2616780045350855e-03,pressure:18.4_m:hPa
406,2,2.7509500122070312e+02,-5.2000000000000002e-01,1071,1072,4.8749999999999072e-03,water_sfc_temperature:0_m:K
407,12,-1.3380871713161469e-01,-8.3608247422680429e-02,557,558,1.6560527154851710e-03,bulk_richardson:18.4_m:none
408,5,2.8949999809265137e+01,-1.1652631578947370e-01,1019,1020,2.0963545706371503e-03,relative_humidity:18.4_m:%
409,3,1.0240000000000000e+03,-2.5222222222222218e-01,543,544,3.7679012345678553e-03,pressure:18.4_m:hPa
410,-2,-2.0000000000000000e+00,-3.2545454545454544e-01,-1,-1,1.0429752066118264e-03,wind_direction:18.4_m:degrees
411,1,9.6036354064941406e+01,-7.4750000000000005e-01,413,414,1.8618749999999906e-02,azimuth:0_m:degrees
412,9,8.7420368194580078e+01,-6.3124999999999987e-01,415,416,6.7518465909093828e-03,angle_between_wind_wave:0_m:degrees
413,10,1.9774208068847656e+01,-6.2500000000000000e-01,1717,1718,7.2249999999998704e-03,wind_speed:18.4_m:m_s-1
414,-2,-2.0000000000000000e+00,-8.7000000000000000e-01,-1,-1,-1.1102230246251565e-16,wind_direction:18.4_m:degrees
415,4,3.8182299137115479e+00,-7.2666666666666668e-01,605,606,8.1222222222222529e-03,mixing_ratio:18.4_m:g_kg-1
416,9,8.8945484161376953e+01,-6.2426829268292672e-01,417,418,5.9366597263533771e-03,angle_between_wind_wave:0_m:degrees
417,0,6.1511295318603516e+01,-6.0111111111111115e-01,419,420,6.6320987654323593e-03,zenith:0_m:degrees
418,9,8.8972385406494141e+01,-6.5243243243243232e-01,639,640,3.6454346238127822e-03,angle_between_wind_wave:0_m:degrees
419,11,2.5604500579833984e+02,-6.7900000000000005e-01,1185,1186,2.6689999999999214e-03,wind_direction:18.4_m:degrees
420,4,4.8770976066589355e+00,-5.7885714285714285e-01,855,856,5.5358367346939330e-03,mixing_ratio:18.4_m:g_kg-1
421,1,6.4960700988769531e+01,-2.4446153846153851e-01,979,980,3.4031715976331339e-03,azimuth:0_m:degrees
422,3,9.9960000610351562e+02,-1.9296296296296289e-01,845,846,3.8578875171466770e-03,pressure:18.4_m:hPa
423,11,1.2359500122070312e+02,-1.3260416666666666e-01,425,426,2.3911349826388865e-03,wind_direction:18.4_m:degrees
424,3,1.0059499816894531e+03,-1.1291560102301794e-01,427,428,1.0324199867871517e-03,pressure:18.4_m:hPa
425,7,8.4999999403953552e-01,-9.8055555555555549e-02,1871,1872,9.9066358024691749e-04,wave_height:0_m:m
426,11,1.7536500549316406e+02,-1.5333333333333338e-01,809,810,2.0855555555555454e-03,wind_direction:18.4_m:degrees
427,12,-1.8479945138096809e-02,-1.4790697674418604e-01,941,942,1.3700378583017883e-03,bulk_richardson:18.4_m:none
428,10,1.1063211917877197e+01,-1.0859195402298850e-01,547,548,8.2071855595190410e-04,wind_speed:18.4_m:m_s-1
429,5,4.8699998855590820e+01,-5.2499999999999991e-01,431,432,6.1550000000000216e-03,relative_humidity:18.4_m:%
430,-2,-2.0000000000000000e+00,-6.8999999999999995e-01,-1,-1,-7.7715611723760958e-16,wind_direction:18.4_m:degrees
431,2,2.8176499938964844e+02,-4.4428571428571434e-01,961,962,4.3102040816329346e-03,water_sfc_temperature:0_m:K
432,6,2.2200000000000000e+02,-5.6846153846153846e-01,1093,1094,1.7514792899408493e-03,wave_direction:0_m:degrees
433,4,8.1050297617912292e-01,-5.7881355932203359e-02,999,1000,8.4635880494111394e-04,mixing_ratio:18.4_m:g_kg-1
434,1,3.4447385787963867e+01,-7.2527716186252714e-02,1509,1510,9.7897650454029182e-04,azimuth:0_m:degrees
435,10,1.6566540718078613e+01,-5.8478260869565213e-01,549,550,3.5293005671079292e-03,wind_speed:18.4_m:m_s-1
436,-2,-2.0000000000000000e+00,-5.0363636363636366e-01,-1,-1,3.8677685950422314e-04,wind_direction:18.4_m:degrees
437,-2,-2.0000000000000000e+00,-2.7000000000000002e-01,-1,-1,7.9999999999999516e-04,wind_direction:18.4_m:degrees
438,4,1.6234725117683411e+00,-4.0461538461538460e-01,539,540,3.6863905325444091e-03,mixing_ratio:18.4_m:g_kg-1
439,-2,-2.0000000000000000e+00,-4.5999999999999996e-01,-1,-1,7.2000000000002617e-04,wind_direction:18.4_m:degrees
440,2,2.7617500305175781e+02,-5.6826086956521737e-01,761,762,4.8404536862000636e-03,water_sfc_temperature:0_m:K
441,10,1.4956194400787354e+01,-2.9666666666666663e-01,1635,1636,9.4222222222220542e-04,wind_speed:18.4_m:m_s-1
442,3,9.9215002441406250e+02,-3.8374999999999998e-01,827,828,6.1734374999998787e-03,pressure:18.4_m:hPa
443,1,2.6051645660400391e+02,-6.2923076923076926e-01,1997,1998,1.0071005917159370e-03,azimuth:0_m:degrees
444,4,4.4988868236541748e+00,-5.4499999999999993e-01,743,744,3.0678571428573442e-03,mixing_ratio:18.4_m:g_kg-1
445,-2,-2.0000000000000000e+00,-2.0999999999999999e-01,-1,-1,0.0000000000000000e+00,wind_direction:18.4_m:degrees
446,9,9.1773899078369141e+01,-8.2366412213740470e-02,1275,1276,1.4302779558300798e-03,angle_between_wind_wave:0_m:degrees
447,-2,-2.0000000000000000e+00,-8.3333333333333337e-01,-1,-1,8.8888888888694062e-05,wind_direction:18.4_m:degrees
448,-2,-2.0000000000000000e+00,-6.8777777777777782e-01,-1,-1,7.7283950617246244e-04,wind_direction:18.4_m:degrees
449,4,4.6623992919921875e+00,-8.3157894736842083e-02,451,452,1.5195013850415676e-03,mixing_ratio:18.4_m:g_kg-1
450,12,-2.0799696445465088e-02,-1.2153846153846157e-01,1063,1064,9.8224852071000790e-04,bulk_richardson:18.4_m:none
451,4,3.6623594760894775e+00,-1.0033707865168541e-01,1533,1534,1.5358414341623515e-03,mixing_ratio:18.4_m:g_kg-1
452,6,2.2950000000000000e+02,-6.8019801980198025e-02,1427,1428,1.0158807960003935e-03,wave_direction:0_m:degrees
453,11,8.8049999237060547e+01,-1.5575221238938061e-02,631,632,3.1659389928733573e-04,wind_direction:18.4_m:degrees
454,11,1.3929500579833984e+02,-2.4237461617195380e-02,1761,1762,3.3045742978994759e-04,wind_direction:18.4_m:degrees
455,2,2.8343501281738281e+02,-1.8492890995260661e-01,627,628,1.5491655623188980e-03,water_sfc_temperature:0_m:K
456,2,2.9347999572753906e+02,-1.5214285714285716e-01,915,916,1.0275510204082773e-03,water_sfc_temperature:0_m:K
457,11,3.5364500427246094e+02,-2.9999999999999930e-02,503,504,7.0333670374114927e-04,wind_direction:18.4_m:degrees
458,11,1.9699500274658203e+02,-4.2333333333333278e-02,835,836,7.2588888888888248e-04,wind_direction:18.4_m:degrees
459,10,1.3360631942749023e+01,-2.7750000000000002e-01,2001,2002,1.6544642857142799e-03,wind_speed:18.4_m:m_s-1
460,-2,-2.0000000000000000e+00,-1.8000000000000002e-01,-1,-1,5.0000000000000044e-04,wind_direction:18.4_m:degrees
461,-2,-2.0000000000000000e+00,-1.5545454545454546e-01,-1,-1,1.5520661157024766e-03,wind_direction:18.4_m:degrees
462,2,2.8748500061035156e+02,-2.3249999999999998e-01,807,808,1.8401785714285690e-03,water_sfc_temperature:0_m:K
463,12,-1.1546318978071213e-01,-1.2653061224489795e-01,465,466,2.0655143690129114e-03,bulk_richardson:18.4_m:none
464,3,1.0096499938964844e+03,-9.8717948717948714e-02,623,624,2.1701512163050871e-03,pressure:18.4_m:hPa
465,4,1.3426460027694702e+00,-1.9615384615384615e-01,1163,1164,2.3467455621301730e-03,mixing_ratio:18.4_m:g_kg-1
466,7,2.6000000238418579e+00,-1.1588235294117645e-01,1437,1438,1.1677508650519055e-03,wave_height:0_m:m
467,10,1.3584621906280518e+01,-3.1813953488372093e-01,533,534,3.0011898323418912e-03,wind_speed:18.4_m:m_s-1
468,11,3.1169000244140625e+02,-3.6714285714285716e-01,469,470,7.3289795918367040e-03,wind_direction:18.4_m:degrees
469,3,1.0098000183105469e+03,-3.8689655172413789e-01,471,472,6.2765755053507399e-03,pressure:18.4_m:hPa
470,-2,-2.0000000000000000e+00,-2.7166666666666667e-01,-1,-1,1.4138888888889506e-03,wind_direction:18.4_m:degrees
471,12,-3.1456946395337582e-02,-2.7000000000000002e-01,1723,1724,4.0499999999999842e-03,bulk_richardson:18.4_m:none
472,1,1.5699514007568359e+02,-4.0560000000000002e-01,473,474,4.0966400000000125e-03,azimuth:0_m:degrees
473,5,5.2949998855590820e+01,-3.4800000000000003e-01,1299,1300,2.3759999999999754e-03,relative_humidity:18.4_m:%
474,-2,-2.0000000000000000e+00,-4.4400000000000006e-01,-1,-1,1.5573333333333550e-03,wind_direction:18.4_m:degrees
475,-2,-2.0000000000000000e+00,-2.4285714285714288e-01,-1,-1,1.8775510204080831e-03,wind_direction:18.4_m:degrees
476,-2,-2.0000000000000000e+00,-3.2272727272727275e-01,-1,-1,1.4561983471074735e-03,wind_direction:18.4_m:degrees
477,7,1.3499999642372131e+00,-1.3442622950819671e-02,479,480,1.8160171996775064e-03,wave_height:0_m:m
478,9,9.0127914428710938e+01,-4.2850122850122803e-02,595,596,1.1451937530561618e-03,angle_between_wind_wave:0_m:degrees
479,1,1.2441777038574219e+02,-1.8644067796610174e-02,799,800,1.0523987359954035e-03,azimuth:0_m:degrees
480,-2,-2.0000000000000000e+00,1.4000000000000001e-01,-1,-1,-1.3877787807814457e-17,wind_direction:18.4_m:degrees
481,2,2.7614500427246094e+02,-8.4173669467787066e-02,847,848,1.2304796428375441e-03,water_sfc_temperature:0_m:K
482,-2,-2.0000000000000000e+00,1.3000000000000000e-01,-1,-1,3.5041414214731503e-15,wind_direction:18.4_m:degrees
483,0,1.3964245605468750e+02,-1.8124999999999994e-01,485,486,3.7013221153846046e-03,zenith:0_m:degrees
484,-2,-2.0000000000000000e+00,-7.2500000000000009e-02,-1,-1,2.1187499999996071e-03,wind_direction:18.4_m:degrees
485,4,7.4668729305267334e-01,-1.7125000000000001e-01,537,538,3.3382102272727469e-03,mixing_ratio:18.4_m:g_kg-1
486,1,5.7508546829223633e+01,-2.3624999999999999e-01,1389,1390,2.1234375000000263e-03,azimuth:0_m:degrees
487,-2,-2.0000000000000000e+00,-4.0000000000000002e-01,-1,-1,0.0000000000000000e+00,wind_direction:18.4_m:degrees
488,9,8.7470062255859375e+01,-1.8512195121951222e-01,705,706,3.3908387864366521e-03,angle_between_wind_wave:0_m:degrees
489,-2,-2.0000000000000000e+00,-1.5846153846153846e-01,-1,-1,1.1976331360946842e-03,wind_direction:18.4_m:degrees
490,10,1.2424865245819092e+01,-2.5374999999999998e-01,1497,1498,2.1984374999999834e-03,wind_speed:18.4_m:m_s-1
491,-2,-2.0000000000000000e+00,-2.2000000000000000e-01,-1,-1,0.0000000000000000e+00,wind_direction:18.4_m:degrees
492,7,2.8999999761581421e+00,-9.6437499999999982e-02,501,502,2.0741835937500008e-03,wave_height:0_m:m
493,-2,-2.0000000000000000e+00,-1.0000000000000000e-02,-1,-1,0.0000000000000000e+00,wind_direction:18.4_m:degrees
494,0,1.4587129211425781e+02,-2.2247422680412376e-01,587,588,2.8577957274949495e-03,zenith:0_m:degrees
495,-2,-2.0000000000000000e+00,-1.7000000000000001e-01,-1,-1,0.0000000000000000e+00,wind_direction:18.4_m:degrees
496,12,-7.0400753617286682e-01,-2.0322580645161271e-02,1593,1594,7.0312174817898016e-04,bulk_richardson:18.4_m:none
497,-2,-2.0000000000000000e+00,-9.0588235294117622e-02,-1,-1,7.4671280276817145e-04,wind_direction:18.4_m:degrees
498,11,3.4158000183105469e+02,-1.4377450980392162e-01,593,594,2.6960471933871605e-03,wind_direction:18.4_m:degrees
499,7,2.1999999284744263e+00,-1.2209821428571425e-01,569,570,1.9272939253826438e-03,wave_height:0_m:m
500,10,8.8457155227661133e+00,-8.8043478260869557e-02,1189,1190,1.1679111531191239e-03,wind_speed:18.4_m:m_s-1
501,3,1.0147500000000000e+03,-9.4140127388535069e-02,687,688,1.8255345044423752e-03,pressure:18.4_m:hPa
502,-2,-2.0000000000000000e+00,-2.1666666666666667e-01,-1,-1,3.5555555555547708e-04,wind_direction:18.4_m:degrees
503,12,2.5035399943590164e-02,-2.9787449392712471e-02,681,682,6.5936777770492965e-04,bulk_richardson:18.4_m:none
504,-2,-2.0000000000000000e+00,-2.3999999999999999e-01,-1,-1,-1.5959455978986625e-15,wind_direction:18.4_m:degrees
505,0,1.4537364196777344e+02,-2.2526315789473680e-01,731,732,3.7407202216066596e-03,zenith:0_m:degrees
506,2,2.7942999267578125e+02,-2.8179999999999999e-01,567,568,3.8867599999999614e-03,water_sfc_temperature:0_m:K
507,5,9.3750000000000000e+01,-2.3250000000000001e-01,509,510,1.2068749999999996e-02,relative_humidity:18.4_m:%
508,0,5.2399124145507812e+01,-1.5409090909090914e-01,1587,1588,1.5847796143250610e-03,zenith:0_m:degrees
509,4,7.3388776779174805e+00,-1.7666666666666667e-01,1399,1400,3.6222222222222246e-03,mixing_ratio:18.4_m:g_kg-1
510,-2,-2.0000000000000000e+00,-4.0000000000000002e-01,-1,-1,-2.7755575615628914e-17,wind_direction:18.4_m:degrees
511,10,1.2093856334686279e+01,-1.3322580645161286e-01,1349,1350,2.2863683662851277e-03,wind_speed:18.4_m:m_s-1
512,6,2.0750000000000000e+02,-6.6666666666666636e-03,821,822,9.4888888888889147e-03,wave_direction:0_m:degrees
513,-2,-2.0000000000000000e+00,-5.3200000000000003e-01,-1,-1,5.6000000000000494e-05,wind_direction:18.4_m:degrees
514,11,2.7816999816894531e+02,-4.3068965517241387e-01,881,882,4.2340071343638097e-03,wind_direction:18.4_m:degrees
515,-2,-2.0000000000000000e+00,-3.9846153846153842e-01,-1,-1,1.6591715976331523e-03,wind_direction:18.4_m:degrees
516,-2,-2.0000000000000000e+00,-5.0800000000000001e-01,-1,-1,2.2559999999997582e-03,wind_direction:18.4_m:degrees
517,0,7.9490634918212891e+01,-3.2365591397849412e-02,519,520,9.4207422823448122e-04,zenith:0_m:degrees
518,10,4.3268404006958008e+00,-2.0510204081632573e-02,867,868,3.1854435651810999e-04,wind_speed:18.4_m:m_s-1
519,6,2.2700000000000000e+02,-1.7654320987654321e-02,1097,1098,1.0710409998475842e-03,wave_direction:0_m:degrees
520,6,2.1350000000000000e+02,-3.8383838383838360e-02,721,722,7.6455973880216847e-04,wave_direction:0_m:degrees
521,6,2.2950000000000000e+02,-4.0888888888888886e-01,1501,1502,2.1654320987654629e-03,wave_direction:0_m:degrees
522,3,1.0181499938964844e+03,-3.0428571428571427e-01,1935,1936,1.9673469387755382e-03,pressure:18.4_m:hPa
523,12,-2.6954325847327709e-02,-3.4613130128956678e-02,545,546,3.8510824495022905e-04,bulk_richardson:18.4_m:none
524,12,-8.3801751316059381e-04,-5.5576923076923052e-02,745,746,1.4035133136094721e-03,bulk_richardson:18.4_m:none
525,6,2.3250000000000000e+02,-1.0432960893854745e-01,541,542,1.6424276707968123e-03,wave_direction:0_m:degrees
526,-2,-2.0000000000000000e+00,-3.4444444444444444e-02,-1,-1,9.5802469135873353e-04,wind_direction:18.4_m:degrees
527,5,6.3500000000000000e+01,-1.3975409836065575e-01,797,798,1.4532182209083984e-03,relative_humidity:18.4_m:%
528,6,2.4150000000000000e+02,-1.6773195876288660e-01,529,530,3.3948559889467184e-03,wave_direction:0_m:degrees
529,4,6.7016503810882568e+00,-1.6255319148936170e-01,657,658,2.6360344047080056e-03,mixing_ratio:18.4_m:g_kg-1
530,-2,-2.0000000000000000e+00,-3.3000000000000002e-01,-1,-1,4.5796699765787707e-16,wind_direction:18.4_m:degrees
531,-2,-2.0000000000000000e+00,1.0000000000000002e-01,-1,-1,-1.7347234759768071e-18,wind_direction:18.4_m:degrees
532,2,2.8016999816894531e+02,-2.9999999999999995e-02,1911,1912,1.3999999999999993e-03,water_sfc_temperature:0_m:K
533,11,3.1121000671386719e+02,-3.2947368421052631e-01,1131,1132,2.0102493074792699e-03,wind_direction:18.4_m:degrees
534,-2,-2.0000000000000000e+00,-2.3199999999999998e-01,-1,-1,2.1359999999997700e-03,wind_direction:18.4_m:degrees
535,5,4.9950000762939453e+01,-4.4066666666666671e-01,819,820,4.5928888888888408e-03,relative_humidity:18.4_m:%
536,1,2.9091520690917969e+02,-5.0133333333333341e-01,713,714,3.4204444444445037e-03,azimuth:0_m:degrees
537,-2,-2.0000000000000000e+00,-2.8666666666666668e-01,-1,-1,1.4222222222222275e-03,wind_direction:18.4_m:degrees
538,0,1.3907031250000000e+02,-1.6717647058823532e-01,637,638,2.9190865051903041e-03,zenith:0_m:degrees
539,8,4.9500000476837158e+00,-3.7312499999999993e-01,1031,1032,2.4839843750000534e-03,wave_period:0_m:s
540,1,2.4552696228027344e+02,-4.5500000000000007e-01,1695,1696,1.4850000000000141e-03,azimuth:0_m:degrees
541,3,1.0122500000000000e+03,-9.5882352941176419e-02,1011,1012,1.6812350279478382e-03,pressure:18.4_m:hPa
542,12,-7.2407301515340805e-02,-1.1795620437956204e-01,1763,1764,1.2790345782939840e-03,bulk_richardson:18.4_m:none
543,3,1.0166000061035156e+03,-2.4644736842105264e-01,589,590,3.3176419667590024e-03,pressure:18.4_m:hPa
544,5,4.9550001144409180e+01,-3.4000000000000002e-01,2019,2020,2.3999999999999022e-03,relative_humidity:18.4_m:%
545,10,7.4611825942993164e+00,-4.4664634146341392e-02,1455,1456,4.2854606632957391e-04,wind_speed:18.4_m:m_s-1
546,-2,-2.0000000000000000e+00,-3.2220609579100147e-02,-1,-1,3.4499632415670059e-04,wind_direction:18.4_m:degrees
547,6,1.9800000000000000e+02,-9.7828571428571418e-02,1805,1806,6.2957061224489484e-04,wave_direction:0_m:degrees
548,5,8.5599998474121094e+01,-1.1947976878612712e-01,1211,1212,7.7834207624714359e-04,relative_humidity:18.4_m:%
549,10,1.6360185623168945e+01,-5.4090909090909089e-01,1193,1194,2.5900826446281777e-03,wind_speed:18.4_m:m_s-1
550,-2,-2.0000000000000000e+00,-6.2500000000000000e-01,-1,-1,1.0083333333333888e-03,wind_direction:18.4_m:degrees
551,-2,-2.0000000000000000e+00,4.5999999999999999e-02,-1,-1,8.6400000000000105e-04,wind_direction:18.4_m:degrees
552,-2,-2.0000000000000000e+00,-4.7246376811594222e-02,-1,-1,3.9676538542323054e-04,wind_direction:18.4_m:degrees
553,3,1.0067500000000000e+03,-3.8071428571428573e-01,1089,1090,3.2494897959185476e-03,pressure:18.4_m:hPa
554,-2,-2.0000000000000000e+00,-2.9999999999999999e-01,-1,-1,3.7499999999981992e-04,wind_direction:18.4_m:degrees
555,-2,-2.0000000000000000e+00,-4.3819334389857315e-02,-1,-1,4.0347924583271572e-04,wind_direction:18.4_m:degrees
556,4,5.6181113719940186e+00,-5.4120879120879047e-02,2007,2008,4.5682787908058473e-04,mixing_ratio:18.4_m:g_kg-1
557,-2,-2.0000000000000000e+00,2.9999999999999999e-02,-1,-1,-1.0842021724855044e-19,wind_direction:18.4_m:degrees
558,0,7.1589511871337891e+01,-8.7234042553191476e-02,1921,1922,1.2838388411045686e-03,zenith:0_m:degrees
559,12,-1.4674296835437417e-03,-6.8823529411764714e-02,1815,1816,1.3868512110726643e-03,bulk_richardson:18.4_m:none
560,4,3.7554041147232056e+00,-1.2666666666666665e-01,1883,1884,1.3606837606837605e-03,mixing_ratio:18.4_m:g_kg-1
561,-2,-2.0000000000000000e+00,-2.0000000000000000e-02,-1,-1,0.0000000000000000e+00,wind_direction:18.4_m:degrees
562,-2,-2.0000000000000000e+00,-1.7076923076923076e-01,-1,-1,3.3017751479289328e-04,wind_direction:18.4_m:degrees
563,12,-1.9911848008632660e-02,-1.9212121212121214e-01,861,862,1.6348943985307618e-03,bulk_richardson:18.4_m:none
564,10,1.2417800903320312e+01,-2.3603773584905663e-01,565,566,2.9786400854396183e-03,wind_speed:18.4_m:m_s-1
565,2,2.8695500183105469e+02,-2.1161290322580645e-01,1603,1604,1.3361082206035657e-03,water_sfc_temperature:0_m:K
566,11,2.9625000000000000e+02,-2.7045454545454539e-01,791,792,3.2679752066114565e-03,wind_direction:18.4_m:degrees
567,9,8.9977050781250000e+01,-2.9666666666666658e-01,695,696,3.6888888888889360e-03,angle_between_wind_wave:0_m:degrees
568,-2,-2.0000000000000000e+00,-2.2909090909090910e-01,-1,-1,1.0264462809916816e-03,wind_direction:18.4_m:degrees
569,4,1.3784421086311340e+00,-1.1972350230414743e-01,701,702,1.7888636411901027e-03,mixing_ratio:18.4_m:g_kg-1
570,-2,-2.0000000000000000e+00,-1.9571428571428573e-01,-1,-1,6.2448979591798320e-04,wind_direction:18.4_m:degrees
571,5,5.1450000762939453e+01,-1.6740740740740742e-01,983,984,1.9932784636488080e-03,relative_humidity:18.4_m:%
572,10,1.0225984573364258e+01,-1.2290322580645162e-01,813,814,1.6464099895942361e-03,wind_speed:18.4_m:m_s-1
573,4,1.9122977852821350e+00,-7.6949152542372876e-02,575,576,9.0459063487503995e-04,mixing_ratio:18.4_m:g_kg-1
574,11,2.9215499877929688e+02,-1.0686274509803922e-01,1577,1578,1.0568242983468260e-03,wind_direction:18.4_m:degrees
575,1,7.4313335418701172e+01,-9.7638888888888872e-02,2041,2042,8.0692515432099349e-04,azimuth:0_m:degrees
576,2,2.8097499084472656e+02,-7.0269058295964110e-02,1009,1010,7.5329083633291719e-04,water_sfc_temperature:0_m:K
577,6,2.2850000000000000e+02,-1.1799999999999999e-01,1181,1182,4.5359999999999984e-03,wave_direction:0_m:degrees
578,10,1.0873044490814209e+01,-2.0881578947368426e-01,579,580,4.0446502770083367e-03,wind_speed:18.4_m:m_s-1
579,11,2.9051000976562500e+02,-1.7857142857142858e-01,1305,1306,1.7551020408163309e-03,wind_direction:18.4_m:degrees
580,1,2.0563849639892578e+02,-2.2645833333333332e-01,607,608,4.5353732638888575e-03,azimuth:0_m:degrees
581,0,8.9585453033447266e+01,-1.3199999999999998e-01,793,794,1.5675789473684233e-03,zenith:0_m:degrees
582,1,1.0519561386108398e+02,-1.7538461538461542e-01,583,584,2.2171597633135649e-03,azimuth:0_m:degrees
583,-2,-2.0000000000000000e+00,-1.2222222222222223e-01,-1,-1,3.7283950617283783e-04,wind_direction:18.4_m:degrees
584,-2,-2.0000000000000000e+00,-2.0352941176470588e-01,-1,-1,9.0519031141867573e-04,wind_direction:18.4_m:degrees
585,12,-3.1399779953062534e-02,-5.1717391304347837e-01,715,716,5.5376654064271946e-03,bulk_richardson:18.4_m:none
586,-2,-2.0000000000000000e+00,-3.2000000000000001e-01,-1,-1,-2.5812685322534890e-15,wind_direction:18.4_m:degrees
587,5,4.0950000762939453e+01,-2.3351351351351352e-01,1243,1244,3.0606281957632486e-03,relative_humidity:18.4_m:%
588,-2,-2.0000000000000000e+00,-1.8695652173913044e-01,-1,-1,5.5160680529315470e-04,wind_direction:18.4_m:degrees
589,12,-3.5319747403264046e-02,-2.5515151515151513e-01,591,592,3.1310376492194175e-03,bulk_richardson:18.4_m:none
590,-2,-2.0000000000000000e+00,-1.8899999999999997e-01,-1,-1,7.4900000000016620e-04,wind_direction:18.4_m:degrees
591,12,-4.1406404227018356e-02,-2.8913043478260869e-01,1813,1814,2.0688090737240317e-03,bulk_richardson:18.4_m:none
592,10,1.2185035228729248e+01,-2.3697674418604653e-01,953,954,2.7513250405624412e-03,wind_speed:18.4_m:m_s-1
593,11,3.0660000610351562e+02,-1.4051813471502589e-01,665,666,2.5852237643963355e-03,wind_direction:18.4_m:degrees
594,-2,-2.0000000000000000e+00,-2.0090909090909090e-01,-1,-1,1.1900826446279156e-03,wind_direction:18.4_m:degrees
595,3,9.9939999389648438e+02,-3.4298245614035064e-02,653,654,1.1859110495537110e-03,pressure:18.4_m:hPa
596,11,3.4183000183105469e+02,-5.3743016759776489e-02,1457,1458,8.8152055179302035e-04,wind_direction:18.4_m:degrees
597,6,1.8200000000000000e+02,-2.6717948717948720e-01,1005,1006,1.8817882971729621e-03,wave_direction:0_m:degrees
598,-2,-2.0000000000000000e+00,-7.0000000000000007e-02,-1,-1,8.6736173798840355e-17,wind_direction:18.4_m:degrees
599,-2,-2.0000000000000000e+00,-2.1571428571428572e-01,-1,-1,1.2530612244897946e-03,wind_direction:18.4_m:degrees
600,-2,-2.0000000000000000e+00,-3.5000000000000003e-01,-1,-1,7.9999999999998128e-04,wind_direction:18.4_m:degrees
601,-2,-2.0000000000000000e+00,-3.1000000000000000e-01,-1,-1,0.0000000000000000e+00,wind_direction:18.4_m:degrees
602,7,1.2500000000000000e+00,-1.6785714285714287e-01,875,876,2.2739795918367278e-03,wave_height:0_m:m
603,-2,-2.0000000000000000e+00,-1.7833333333333334e-01,-1,-1,1.1805555555555527e-03,wind_direction:18.4_m:degrees
604,-2,-2.0000000000000000e+00,-2.7285714285714285e-01,-1,-1,1.2204081632653380e-03,wind_direction:18.4_m:degrees
605,-2,-2.0000000000000000e+00,-5.5000000000000004e-01,-1,-1,0.0000000000000000e+00,wind_direction:18.4_m:degrees
606,-2,-2.0000000000000000e+00,-7.6200000000000001e-01,-1,-1,2.2559999999998137e-03,wind_direction:18.4_m:degrees
607,5,4.1299999237060547e+01,-2.1307692307692314e-01,635,636,3.6007889546351146e-03,relative_humidity:18.4_m:%
608,5,4.0449998855590820e+01,-2.8444444444444444e-01,759,760,4.4469135802470278e-03,relative_humidity:18.4_m:%
609,11,2.7054499816894531e+02,-3.9812499999999995e-01,667,668,4.7977343750000567e-03,wind_direction:18.4_m:degrees
610,-2,-2.0000000000000000e+00,-2.6000000000000001e-01,-1,-1,-1.1102230246251565e-15,wind_direction:18.4_m:degrees
611,-2,-2.0000000000000000e+00,-7.0878048780487812e-02,-1,-1,4.0898512790006007e-04,wind_direction:18.4_m:degrees
612,3,1.0055000000000000e+03,-5.4660831509846790e-02,1351,1352,5.6098999755803663e-04,pressure:18.4_m:hPa
613,-2,-2.0000000000000000e+00,-3.3200000000000002e-01,-1,-1,8.9600000000000790e-04,wind_direction:18.4_m:degrees
614,4,1.6853585839271545e+00,-4.2483870967741938e-01,765,766,2.6185223725285478e-03,mixing_ratio:18.4_m:g_kg-1
615,4,3.3928583860397339e+00,-3.6847826086956503e-01,617,618,4.3172495274101663e-03,mixing_ratio:18.4_m:g_kg-1
616,7,2.1499999761581421e+00,-3.3355555555555555e-01,771,772,2.7740246913580541e-03,wave_height:0_m:m
617,5,4.1799999237060547e+01,-3.6397727272727282e-01,829,830,3.7330449380166275e-03,relative_humidity:18.4_m:%
618,9,8.8234050750732422e+01,-4.6750000000000003e-01,849,850,6.9187500000000290e-03,angle_between_wind_wave:0_m:degrees
619,9,8.7902816772460938e+01,-5.9952380952380910e-02,1493,1494,5.1761678004535669e-04,angle_between_wind_wave:0_m:degrees
620,0,1.3871208953857422e+02,-8.4819277108433719e-02,1159,1160,1.2635215561039225e-03,zenith:0_m:degrees
621,7,1.0500000119209290e+00,-8.2529761904761884e-02,1357,1358,8.2187411422902576e-04,wave_height:0_m:m
622,9,9.0161437988281250e+01,-1.0425742574257425e-01,1169,1170,9.2345848446233336e-04,angle_between_wind_wave:0_m:degrees
623,10,8.6619319915771484e+00,-1.2239130434782611e-01,625,626,2.7573251417769354e-03,wind_speed:18.4_m:m_s-1
624,0,1.6054539489746094e+02,-8.8818181818181810e-02,987,988,1.5922396694214875e-03,zenith:0_m:degrees
625,2,2.9036000061035156e+02,-1.1279069767441861e-01,1827,1828,1.5363980530016235e-03,water_sfc_temperature:0_m:K
626,-2,-2.0000000000000000e+00,-2.6000000000000001e-01,-1,-1,0.0000000000000000e+00,wind_direction:18.4_m:degrees
627,6,2.3150000000000000e+02,-1.7525547445255474e-01,1157,1158,1.1636208641909104e-03,wave_direction:0_m:degrees
628,4,6.3667786121368408e+00,-2.0283783783783785e-01,629,630,1.7689737034332909e-03,mixing_ratio:18.4_m:g_kg-1
629,0,5.6833566665649414e+01,-2.6000000000000001e-01,1391,1392,2.1636363636363676e-03,zenith:0_m:degrees
630,-2,-2.0000000000000000e+00,-1.9285714285714287e-01,-1,-1,1.0299319727891110e-03,wind_direction:18.4_m:degrees
631,-2,-2.0000000000000000e+00,-1.4999999999999999e-01,-1,-1,0.0000000000000000e+00,wind_direction:18.4_m:degrees
632,12,-2.6450067758560181e-01,-1.5426356589147275e-02,1411,1412,2.9691124331470082e-04,bulk_richardson:18.4_m:none
633,-2,-2.0000000000000000e+00,-1.9400000000000001e-01,-1,-1,9.0400000000000202e-04,wind_direction:18.4_m:degrees
634,9,8.8006202697753906e+01,-2.8708333333333336e-01,1083,1084,1.6873263888889378e-03,angle_between_wind_wave:0_m:degrees
635,2,2.7698500061035156e+02,-1.5777777777777777e-01,859,860,4.1950617283950629e-03,water_sfc_temperature:0_m:K
636,5,6.1299999237060547e+01,-2.2966666666666669e-01,1407,1408,2.2298888888888646e-03,relative_humidity:18.4_m:%
637,12,-8.5631527006626129e-02,-1.7109756097560977e-01,1371,1372,2.5902587745389657e-03,bulk_richardson:18.4_m:none
638,-2,-2.0000000000000000e+00,-5.9999999999999998e-02,-1,-1,-2.3765711620882257e-16,wind_direction:18.4_m:degrees
639,-2,-2.0000000000000000e+00,-7.5666666666666671e-01,-1,-1,1.0888888888888060e-03,wind_direction:18.4_m:degrees
640,1,8.8737308502197266e+01,-6.4323529411764713e-01,969,970,2.8277681660899834e-03,azimuth:0_m:degrees
641,4,1.0821757316589355e+00,-1.6740740740740745e-01,643,644,3.2689398393102344e-03,mixing_ratio:18.4_m:g_kg-1
642,3,1.0264500122070312e+03,-1.2210526315789473e-01,1227,1228,2.8166204986147404e-03,pressure:18.4_m:hPa
643,1,2.8769683837890625e+02,-2.1333333333333332e-01,645,646,5.1000000000000142e-03,azimuth:0_m:degrees
644,9,8.8365985870361328e+01,-1.6257309941520467e-01,647,648,2.8308060599842484e-03,angle_between_wind_wave:0_m:degrees
645,4,8.4980916976928711e-01,-2.3399999999999999e-01,1057,1058,2.5439999999999977e-03,mixing_ratio:18.4_m:g_kg-1
646,3,1.0124499816894531e+03,-1.1000000000000000e-01,1639,1640,5.0666666666667297e-03,pressure:18.4_m:hPa
647,12,-5.4779002442955971e-02,-2.0647058823529410e-01,971,972,2.2698961937716311e-03,bulk_richardson:18.4_m:none
648,0,9.9940776824951172e+01,-1.5772727272727269e-01,649,650,2.6565230224321126e-03,zenith:0_m:degrees
649,-2,-2.0000000000000000e+00,-3.4999999999999998e-01,-1,-1,0.0000000000000000e+00,wind_direction:18.4_m:degrees
650,10,9.7362008094787598e+00,-1.5647058823529414e-01,669,670,2.4306805074971287e-03,wind_speed:18.4_m:m_s-1
651,3,9.9335000610351562e+02,-3.8333333333333336e-01,1515,1516,1.5288888888888852e-03,pressure:18.4_m:hPa
652,12,-3.9091481594368815e-03,-3.1842105263157899e-01,1273,1274,2.0132963988919589e-03,bulk_richardson:18.4_m:none
653,6,1.9600000000000000e+02,7.3333333333333348e-02,863,864,8.8888888888888889e-03,wave_direction:0_m:degrees
654,10,7.0928611755371094e+00,-3.5733333333333304e-02,1073,1074,9.2668444444444619e-04,wind_speed:18.4_m:m_s-1
655,4,4.3664636611938477e+00,-1.7439393939393943e-01,675,676,2.8534205693296552e-03,mixing_ratio:18.4_m:g_kg-1
656,0,7.6808597564697266e+01,-2.3888888888888887e-01,1167,1168,3.4765432098763510e-03,zenith:0_m:degrees
657,5,6.7399997711181641e+01,-1.7352112676056342e-01,693,694,2.4960523705613649e-03,relative_humidity:18.4_m:%
658,-2,-2.0000000000000000e+00,-1.2869565217391304e-01,-1,-1,1.5504725897920839e-03,wind_direction:18.4_m:degrees
659,11,3.2528500366210938e+02,-2.4444444444444446e-01,1683,1684,2.2691358024691174e-03,wind_direction:18.4_m:degrees
660,0,1.4078453063964844e+02,-3.1333333333333335e-01,661,662,4.1299145299144857e-03,zenith:0_m:degrees
661,4,1.2406542897224426e+00,-3.0388888888888888e-01,725,726,3.0015432098765282e-03,mixing_ratio:18.4_m:g_kg-1
662,-2,-2.0000000000000000e+00,-4.2666666666666669e-01,-1,-1,3.7555555555552067e-03,wind_direction:18.4_m:degrees
663,11,1.6390000152587891e+02,-2.9999999999999993e-01,947,948,2.0666666666667027e-03,wind_direction:18.4_m:degrees
664,-2,-2.0000000000000000e+00,-2.1200000000000002e-01,-1,-1,1.0560000000000638e-03,wind_direction:18.4_m:degrees
665,6,2.3750000000000000e+02,-1.5288461538461534e-01,839,840,2.5147559171597687e-03,wave_direction:0_m:degrees
666,0,9.4815303802490234e+01,-1.2606741573033711e-01,1041,1042,2.2800403989395313e-03,zenith:0_m:degrees
667,-2,-2.0000000000000000e+00,-3.3999999999999997e-01,-1,-1,2.2222222222223476e-04,wind_direction:18.4_m:degrees
668,11,2.9282499694824219e+02,-4.0549295774647881e-01,1105,1106,4.8951795278714683e-03,wind_direction:18.4_m:degrees
669,12,-8.2839574664831161e-02,-1.3678571428571426e-01,995,996,2.4289540816326595e-03,bulk_richardson:18.4_m:none
670,11,3.4717500305175781e+02,-1.6783505154639169e-01,1143,1144,2.0788181528323783e-03,wind_direction:18.4_m:degrees
671,0,1.3754933166503906e+02,-4.8241379310344829e-01,673,674,5.0183115338882367e-03,zenith:0_m:degrees
672,2,2.7616500854492188e+02,-5.3684210526315790e-01,1017,1018,2.4531855955679527e-03,water_sfc_temperature:0_m:K
673,0,9.1721019744873047e+01,-4.5333333333333331e-01,739,740,2.9555555555555724e-03,zenith:0_m:degrees
674,11,3.0963000488281250e+02,-5.5875000000000008e-01,1401,1402,2.3859374999998240e-03,wind_direction:18.4_m:degrees
675,9,9.0018722534179688e+01,-1.9829268292682933e-01,677,678,2.9751338488994486e-03,angle_between_wind_wave:0_m:degrees
676,0,7.3109058380126953e+01,-1.6362637362637364e-01,949,950,2.4253109527834563e-03,zenith:0_m:degrees
677,1,9.9574409484863281e+01,-2.1689655172413794e-01,955,956,2.3800237812128325e-03,azimuth:0_m:degrees
678,-2,-2.0000000000000000e+00,-1.5333333333333332e-01,-1,-1,1.5555555555555496e-03,wind_direction:18.4_m:degrees
679,-2,-2.0000000000000000e+00,-3.4999999999999998e-01,-1,-1,9.5000000000000639e-04,wind_direction:18.4_m:degrees
680,4,1.7492117881774902e+00,-4.5899999999999996e-01,2045,2046,1.3890000000000013e-03,mixing_ratio:18.4_m:g_kg-1
681,11,3.1137500000000000e+02,-3.3417366946778673e-02,1581,1582,5.4994625301101399e-04,wind_direction:18.4_m:degrees
682,12,8.1883274018764496e-02,-2.0328467153284648e-02,1201,1202,8.2069502903723667e-04,bulk_richardson:18.4_m:none
683,11,3.3533500671386719e+02,-1.6344827586206898e-01,1563,1564,1.9605231866825223e-03,wind_direction:18.4_m:degrees
684,1,8.3435405731201172e+01,-2.0891891891891889e-01,1091,1092,2.1934258582906666e-03,azimuth:0_m:degrees
685,7,6.5000000596046448e-01,-1.9868173258003715e-02,1345,1346,4.1812449239433583e-04,wave_height:0_m:m
686,6,2.2850000000000000e+02,-8.8217522658610315e-03,1285,1286,5.0223710992048070e-04,wave_direction:0_m:degrees
687,9,8.9639457702636719e+01,-1.0178861788617888e-01,689,690,1.8244431224799969e-03,angle_between_wind_wave:0_m:degrees
688,4,5.1617565155029297e+00,-6.6470588235294129e-02,1903,1904,8.5224913494808419e-04,mixing_ratio:18.4_m:g_kg-1
689,9,8.7923408508300781e+01,-7.8723404255319165e-02,1173,1174,1.1302851969216803e-03,angle_between_wind_wave:0_m:degrees
690,12,-2.1694863215088844e-02,-1.1605263157894737e-01,957,958,1.7212603878116340e-03,bulk_richardson:18.4_m:none
691,-2,-2.0000000000000000e+00,-3.4999999999999996e-02,-1,-1,2.5000000000000282e-05,wind_direction:18.4_m:degrees
692,1,2.5607864379882812e+02,-1.0997311827956989e-01,851,852,9.4973046016881384e-04,azimuth:0_m:degrees
693,0,5.6128433227539062e+01,-1.9045454545454543e-01,833,834,2.0634297520660885e-03,zenith:0_m:degrees
694,4,5.9556181430816650e+00,-1.4592592592592593e-01,795,796,1.9722908093278389e-03,mixing_ratio:18.4_m:g_kg-1
695,12,-8.4622401744127274e-02,-3.2500000000000001e-01,1335,1336,2.3249999999999799e-03,bulk_richardson:18.4_m:none
696,9,9.0149047851562500e+01,-2.6684210526315794e-01,741,742,3.3900277008312024e-03,angle_between_wind_wave:0_m:degrees
697,-2,-2.0000000000000000e+00,-1.0000000000000001e-01,-1,-1,5.3043478260869463e-04,wind_direction:18.4_m:degrees
698,10,1.1188478469848633e+01,-1.2907630522088351e-01,699,700,1.2806728923726897e-03,wind_speed:18.4_m:m_s-1
699,2,2.9032000732421875e+02,-1.1866666666666667e-01,1489,1490,8.8488888888890900e-04,water_sfc_temperature:0_m:K
700,2,2.8228500366210938e+02,-1.4484848484848489e-01,865,866,1.4674012855830955e-03,water_sfc_temperature:0_m:K
701,2,2.7827500915527344e+02,-1.5458333333333338e-01,1971,1972,1.7331597222222071e-03,water_sfc_temperature:0_m:K
702,0,7.4534442901611328e+01,-1.1538860103626940e-01,703,704,1.6258852586646839e-03,zenith:0_m:degrees
703,4,2.8334838151931763e+00,-9.3833333333333338e-02,1403,1404,1.2169722222222217e-03,mixing_ratio:18.4_m:g_kg-1
704,4,1.4603546261787415e+00,-1.2511278195488726e-01,917,918,1.5061902877494676e-03,mixing_ratio:18.4_m:g_kg-1
705,-2,-2.0000000000000000e+00,-3.1000000000000005e-01,-1,-1,8.9999999999998415e-04,wind_direction:18.4_m:degrees
706,4,5.4497935771942139e+00,-1.7871794871794874e-01,707,708,2.6778435239973586e-03,mixing_ratio:18.4_m:g_kg-1
707,-2,-2.0000000000000000e+00,-3.5999999999999999e-01,-1,-1,0.0000000000000000e+00,wind_direction:18.4_m:degrees
708,3,1.0028500061035156e+03,-1.7394736842105263e-01,1395,1396,1.8607340720221584e-03,pressure:18.4_m:hPa
709,12,-2.1189654618501663e-01,-5.0678733031674160e-02,711,712,1.6398108146843857e-03,bulk_richardson:18.4_m:none
710,9,8.8733135223388672e+01,-1.9729729729729726e-02,895,896,1.3377647918188407e-03,angle_between_wind_wave:0_m:degrees
711,3,1.0238499755859375e+03,2.4999999999999988e-03,1263,1264,2.5687500000000003e-03,pressure:18.4_m:hPa
712,8,4.9500000476837158e+00,-5.2162790697674363e-02,1301,1302,1.5327641968631719e-03,wave_period:0_m:s
713,2,2.7519999694824219e+02,-4.9727272727272726e-01,1081,1082,2.7561983471074414e-03,water_sfc_temperature:0_m:K
714,-2,-2.0000000000000000e+00,-6.8000000000000005e-01,-1,-1,2.7755575615628914e-15,wind_direction:18.4_m:degrees
715,-2,-2.0000000000000000e+00,-5.8000000000000007e-01,-1,-1,1.7142857142848911e-04,wind_direction:18.4_m:degrees
716,6,2.2050000000000000e+02,-5.0589743589743585e-01,717,718,5.6652202498356785e-03,wave_direction:0_m:degrees
717,0,8.0898468017578125e+01,-5.4571428571428571e-01,719,720,7.2102040816327539e-03,zenith:0_m:degrees
718,6,2.2750000000000000e+02,-4.8360000000000009e-01,1195,1196,3.4150399999999803e-03,wave_direction:0_m:degrees
719,11,2.7416000366210938e+02,-4.5333333333333331e-01,733,734,1.0755555555555601e-02,wind_direction:18.4_m:degrees
720,10,1.6724293708801270e+01,-5.7090909090909081e-01,1127,1128,3.2809917355374196e-03,wind_speed:18.4_m:m_s-1
721,3,1.0378499755859375e+03,-3.1300813008130070e-02,2039,2040,5.0968999933901911e-04,pressure:18.4_m:hPa
722,6,2.1450000000000000e+02,-4.9999999999999989e-02,1231,1232,9.6533333333333974e-04,wave_direction:0_m:degrees
723,-2,-2.0000000000000000e+00,-3.5249999999999998e-01,-1,-1,1.3687500000000019e-03,wind_direction:18.4_m:degrees
724,-2,-2.0000000000000000e+00,-4.8999999999999999e-01,-1,-1,0.0000000000000000e+00,wind_direction:18.4_m:degrees
725,-2,-2.0000000000000000e+00,-2.4285714285714285e-01,-1,-1,1.1346938775510171e-03,wind_direction:18.4_m:degrees
726,10,1.3340795993804932e+01,-3.1862068965517237e-01,1413,1414,2.3360285374553758e-03,wind_speed:18.4_m:m_s-1
727,4,1.2463189125061035e+01,-1.1177700348431978e-02,1281,1282,4.0411824837013823e-04,mixing_ratio:18.4_m:g_kg-1
728,10,5.0106885433197021e+00,-1.7662650602409614e-02,1917,1918,3.1574161707066965e-04,wind_speed:18.4_m:m_s-1
729,-2,-2.0000000000000000e+00,-4.5428571428571424e-01,-1,-1,1.3387755102041154e-03,wind_direction:18.4_m:degrees
730,0,1.5967040252685547e+02,-3.8130434782608696e-01,1225,1226,2.7069943289224907e-03,zenith:0_m:degrees
731,6,2.3650000000000000e+02,-2.4312500000000001e-01,1701,1702,2.2714843750000005e-03,wave_direction:0_m:degrees
732,-2,-2.0000000000000000e+00,-1.3000000000000000e-01,-1,-1,8.0000000000004026e-04,wind_direction:18.4_m:degrees
733,-2,-2.0000000000000000e+00,-5.9999999999999998e-01,-1,-1,0.0000000000000000e+00,wind_direction:18.4_m:degrees
734,-2,-2.0000000000000000e+00,-3.8000000000000000e-01,-1,-1,5.5511151231257827e-17,wind_direction:18.4_m:degrees
735,-2,-2.0000000000000000e+00,-5.6999999999999995e-01,-1,-1,0.0000000000000000e+00,wind_direction:18.4_m:degrees
736,-2,-2.0000000000000000e+00,-3.8200000000000006e-01,-1,-1,9.9599999999994138e-04,wind_direction:18.4_m:degrees
737,-2,-2.0000000000000000e+00,-5.3000000000000003e-01,-1,-1,4.2857142857138930e-04,wind_direction:18.4_m:degrees
738,-2,-2.0000000000000000e+00,-4.0666666666666668e-01,-1,-1,3.5555555555558116e-04,wind_direction:18.4_m:degrees
739,0,7.8661933898925781e+01,-4.7799999999999998e-01,2015,2016,1.4960000000001361e-03,zenith:0_m:degrees
740,-2,-2.0000000000000000e+00,-3.9166666666666666e-01,-1,-1,1.2805555555552572e-03,wind_direction:18.4_m:degrees
741,-2,-2.0000000000000000e+00,-1.8750000000000000e-01,-1,-1,3.6875000000000102e-04,wind_direction:18.4_m:degrees
742,-2,-2.0000000000000000e+00,-2.8800000000000003e-01,-1,-1,2.0693333333333119e-03,wind_direction:18.4_m:degrees
743,-2,-2.0000000000000000e+00,-6.1999999999999988e-01,-1,-1,1.7000000000000903e-03,wind_direction:18.4_m:degrees
744,-2,-2.0000000000000000e+00,-5.1500000000000001e-01,-1,-1,4.6500000000015973e-04,wind_direction:18.4_m:degrees
745,9,9.0494865417480469e+01,-6.3764705882352904e-02,747,748,1.1905328719723210e-03,angle_between_wind_wave:0_m:degrees
746,9,9.1761989593505859e+01,-1.8947368421052629e-02,1991,1992,7.1468144044321879e-04,angle_between_wind_wave:0_m:degrees
747,0,1.3258985137939453e+02,-4.4444444444444453e-02,1611,1612,6.6913580246913754e-04,zenith:0_m:degrees
748,5,9.3650001525878906e+01,-8.5499999999999993e-02,1453,1454,8.8475000000000793e-04,relative_humidity:18.4_m:%
749,0,8.3586677551269531e+01,-3.7905544147843952e-02,751,752,8.3524364482709889e-04,zenith:0_m:degrees
750,1,3.5849063110351562e+02,-5.1209302325581386e-02,1001,1002,7.1202595997835270e-04,azimuth:0_m:degrees
751,12,-1.8818753957748413e-01,-2.6099999999999967e-02,753,754,1.0331233333333351e-03,bulk_richardson:18.4_m:none
752,4,3.9220635890960693e+00,-4.3160237388724002e-02,757,758,6.5752031804452516e-04,mixing_ratio:18.4_m:g_kg-1
753,6,2.1150000000000000e+02,-7.1428571428571418e-03,755,756,1.6801484230055659e-03,wave_direction:0_m:degrees
754,7,2.1499999761581421e+00,-3.2645739910313866e-02,1619,1620,6.4277584508033812e-04,wave_height:0_m:m
755,-2,-2.0000000000000000e+00,-3.1515151515151517e-02,-1,-1,7.6437098255280095e-04,wind_direction:18.4_m:degrees
756,10,5.6937134265899658e+00,1.1136363636363632e-02,945,946,1.5873450413223136e-03,wind_speed:18.4_m:m_s-1
757,4,3.9064136743545532e+00,-4.8802992518703188e-02,919,920,6.8036268431167016e-04,mixing_ratio:18.4_m:g_kg-1
758,10,5.5772657394409180e+00,-3.4871794871794877e-02,1979,1980,5.0850004696157639e-04,wind_speed:18.4_m:m_s-1
759,-2,-2.0000000000000000e+00,-2.3200000000000004e-01,-1,-1,7.3599999999999360e-04,wind_direction:18.4_m:degrees
760,-2,-2.0000000000000000e+00,-3.4999999999999998e-01,-1,-1,1.3499999999999762e-03,wind_direction:18.4_m:degrees
761,2,2.7583500671386719e+02,-5.9250000000000014e-01,763,764,4.8312499999998426e-03,water_sfc_temperature:0_m:K
762,-2,-2.0000000000000000e+00,-5.1285714285714279e-01,-1,-1,4.4897959183709535e-04,wind_direction:18.4_m:degrees
763,-2,-2.0000000000000000e+00,-5.6666666666666676e-01,-1,-1,1.2888888888886729e-03,wind_direction:18.4_m:degrees
764,5,4.6650001525878906e+01,-6.6999999999999993e-01,1067,1068,7.4500000000001232e-03,relative_humidity:18.4_m:%
765,-2,-2.0000000000000000e+00,-5.4500000000000004e-01,-1,-1,2.4999999999997247e-05,wind_direction:18.4_m:degrees
766,5,8.3650001525878906e+01,-4.1655172413793101e-01,977,978,1.7329369797859928e-03,relative_humidity:18.4_m:%
767,9,8.7671695709228516e+01,-3.5878787878787836e-02,769,770,8.7453076216712834e-04,angle_between_wind_wave:0_m:degrees
768,2,2.9375999450683594e+02,-2.5647104547221272e-02,1655,1656,2.8668774618298832e-04,water_sfc_temperature:0_m:K
769,-2,-2.0000000000000000e+00,-2.0500000000000002e-01,-1,-1,2.2499999999998910e-04,wind_direction:18.4_m:degrees
770,12,-2.8761129826307297e-02,-3.3803680981595051e-02,1649,1650,5.2724980240129735e-04,bulk_richardson:18.4_m:none
771,10,1.4326153755187988e+01,-3.4567567567567564e-01,1297,1298,2.2191380569759472e-03,wind_speed:18.4_m:m_s-1
772,-2,-2.0000000000000000e+00,-2.7750000000000002e-01,-1,-1,1.5187500000000270e-03,wind_direction:18.4_m:degrees
773,12,-1.0644713183864951e-03,-1.1785714285714287e-01,1079,1080,1.8168367346938739e-03,bulk_richardson:18.4_m:none
774,11,3.1943501281738281e+02,-7.0715231788079452e-02,775,776,6.6836261567476598e-04,wind_direction:18.4_m:degrees
775,11,2.7389999389648438e+02,-6.9852348993288571e-02,777,778,5.9393793072385313e-04,wind_direction:18.4_m:degrees
776,-2,-2.0000000000000000e+00,-1.3499999999999998e-01,-1,-1,2.0249999999999435e-03,wind_direction:18.4_m:degrees
777,10,9.9844079017639160e+00,-7.2041728763040158e-02,1703,1704,4.2191182055834140e-04,wind_speed:18.4_m:m_s-1
778,12,-7.2595649398863316e-03,-5.0000000000000003e-02,779,780,1.7162162162162086e-03,bulk_richardson:18.4_m:none
779,-2,-2.0000000000000000e+00,-2.0000000000000001e-01,-1,-1,0.0000000000000000e+00,wind_direction:18.4_m:degrees
780,8,1.0500000000000000e+01,-4.5833333333333344e-02,1643,1644,1.1215277777777777e-03,wave_period:0_m:s
781,5,6.6350002288818359e+01,-2.9310344827586204e-01,783,784,1.9938168846611592e-03,relative_humidity:18.4_m:%
782,-2,-2.0000000000000000e+00,-2.1500000000000000e-01,-1,-1,1.2499999999996542e-04,wind_direction:18.4_m:degrees
783,-2,-2.0000000000000000e+00,-4.1999999999999998e-01,-1,-1,0.0000000000000000e+00,wind_direction:18.4_m:degrees
784,-2,-2.0000000000000000e+00,-2.8370370370370374e-01,-1,-1,8.6035665294922903e-04,wind_direction:18.4_m:degrees
785,3,1.0172000122070312e+03,-5.9333333333333335e-02,787,788,6.1528888888888883e-03,pressure:18.4_m:hPa
786,9,9.0677600860595703e+01,-1.4020270270270247e-02,921,922,1.2662698593864123e-03,angle_between_wind_wave:0_m:degrees
787,-2,-2.0000000000000000e+00,-3.4999999999999998e-01,-1,-1,0.0000000000000000e+00,wind_direction:18.4_m:degrees
788,-2,-2.0000000000000000e+00,-3.8571428571428576e-02,-1,-1,1.2653061224489727e-04,wind_direction:18.4_m:degrees
789,-2,-2.0000000000000000e+00,-1.4714285714285716e-01,-1,-1,9.0612244897959188e-04,wind_direction:18.4_m:degrees
790,4,8.1838846206665039e+00,-2.2368421052631579e-01,1835,1836,1.2127423822714742e-03,mixing_ratio:18.4_m:g_kg-1
791,-2,-2.0000000000000000e+00,-2.5578947368421057e-01,-1,-1,2.1612188365651430e-03,wind_direction:18.4_m:degrees
792,-2,-2.0000000000000000e+00,-3.6333333333333329e-01,-1,-1,2.8888888888892184e-04,wind_direction:18.4_m:degrees
793,11,2.1924000549316406e+02,-1.4649122807017542e-01,1303,1304,1.2368113265620317e-03,wind_direction:18.4_m:degrees
794,2,2.7722500610351562e+02,-1.1026315789473685e-01,1435,1436,1.2762465373961068e-03,water_sfc_temperature:0_m:K
795,-2,-2.0000000000000000e+00,-1.2058823529411766e-01,-1,-1,1.1467128027681638e-03,wind_direction:18.4_m:degrees
796,-2,-2.0000000000000000e+00,-1.8900000000000000e-01,-1,-1,4.2900000000001270e-04,wind_direction:18.4_m:degrees
797,12,-1.6174677293747663e-03,-1.2240740740740742e-01,1381,1382,1.7256858710562387e-03,bulk_richardson:18.4_m:none
798,2,2.9109500122070312e+02,-1.5352941176470586e-01,1613,1614,8.0813148788928119e-04,water_sfc_temperature:0_m:K
799,-2,-2.0000000000000000e+00,1.0000000000000001e-01,-1,-1,0.0000000000000000e+00,wind_direction:18.4_m:degrees
800,12,-1.1241540312767029e-02,-2.2807017543859658e-02,1495,1496,5.7808556478916551e-04,bulk_richardson:18.4_m:none
801,-2,-2.0000000000000000e+00,1.0000000000000000e-02,-1,-1,0.0000000000000000e+00,wind_direction:18.4_m:degrees
802,-2,-2.0000000000000000e+00,-1.6384615384615386e-01,-1,-1,1.7698224852071079e-03,wind_direction:18.4_m:degrees
803,-2,-2.0000000000000000e+00,-4.5000000000000001e-01,-1,-1,0.0000000000000000e+00,wind_direction:18.4_m:degrees
804,9,8.8448677062988281e+01,-6.2450000000000006e-01,1233,1234,3.0247500000000205e-03,angle_between_wind_wave:0_m:degrees
805,3,1.0086000061035156e+03,-2.2000000000000003e-01,2017,2018,2.8799999999999937e-03,pressure:18.4_m:hPa
806,7,1.2500000000000000e+00,-1.4171052631578951e-01,1003,1004,1.4641793628808637e-03,wave_height:0_m:m
807,-2,-2.0000000000000000e+00,-2.4359999999999998e-01,-1,-1,8.8704000000001948e-04,wind_direction:18.4_m:degrees
808,-2,-2.0000000000000000e+00,-1.3999999999999999e-01,-1,-1,1.9999999999997103e-04,wind_direction:18.4_m:degrees
809,10,1.1646734714508057e+01,-1.4028571428571424e-01,1033,1034,8.7991836734690326e-04,wind_speed:18.4_m:m_s-1
810,11,1.7674500274658203e+02,-1.7160000000000000e-01,811,812,3.2014399999999998e-03,wind_direction:18.4_m:degrees
811,11,1.7610500335693359e+02,-2.7499999999999997e-01,1471,1472,3.1250000000000167e-03,wind_direction:18.4_m:degrees
812,6,1.8650000000000000e+02,-1.5750000000000000e-01,1607,1608,1.5551136363636392e-03,wave_direction:0_m:degrees
813,-2,-2.0000000000000000e+00,-1.0961538461538464e-01,-1,-1,7.3446745562130364e-04,wind_direction:18.4_m:degrees
814,-2,-2.0000000000000000e+00,-1.9200000000000000e-01,-1,-1,6.9600000000001605e-04,wind_direction:18.4_m:degrees
815,-2,-2.0000000000000000e+00,-4.0727272727272723e-01,-1,-1,1.6561983471074238e-03,wind_direction:18.4_m:degrees
816,-2,-2.0000000000000000e+00,-3.2166666666666671e-01,-1,-1,1.8805555555556908e-03,wind_direction:18.4_m:degrees
817,6,2.1850000000000000e+02,-2.1542330259849054e-03,1267,1268,5.4858643849389234e-04,wave_direction:0_m:degrees
818,4,1.0994027614593506e+01,-6.5168257157207270e-03,873,874,2.9894233367079023e-04,mixing_ratio:18.4_m:g_kg-1
819,7,1.5000000000000000e+00,-4.1000000000000003e-01,1845,1846,2.0199999999999663e-03,wave_height:0_m:m
820,5,5.4850000381469727e+01,-5.0200000000000000e-01,1575,1576,4.0959999999998775e-03,relative_humidity:18.4_m:%
821,-2,-2.0000000000000000e+00,-7.4999999999999997e-02,-1,-1,2.2499999999999951e-04,wind_direction:18.4_m:degrees
822,-2,-2.0000000000000000e+00,1.3000000000000000e-01,-1,-1,0.0000000000000000e+00,wind_direction:18.4_m:degrees
823,8,8.5000000000000000e+00,-9.9387755102040856e-02,825,826,1.4465639316951322e-03,wave_period:0_m:s
824,11,2.8278500366210938e+02,-1.4227272727272730e-01,1629,1630,1.4357438016528862e-03,wind_direction:18.4_m:degrees
825,-2,-2.0000000000000000e+00,-9.3260869565217411e-02,-1,-1,7.8284499054819857e-04,wind_direction:18.4_m:degrees
826,-2,-2.0000000000000000e+00,-1.9333333333333336e-01,-1,-1,2.2222222222221810e-03,wind_direction:18.4_m:degrees
827,-2,-2.0000000000000000e+00,-5.4000000000000004e-01,-1,-1,0.0000000000000000e+00,wind_direction:18.4_m:degrees
828,10,1.5550553798675537e+01,-3.6142857142857138e-01,1817,1818,3.0693877551020710e-03,wind_speed:18.4_m:m_s-1
829,6,2.2700000000000000e+02,-3.1916666666666665e-01,1153,1154,2.1409722222222177e-03,wave_direction:0_m:degrees
830,2,2.7558999633789062e+02,-3.7105263157894741e-01,831,832,3.6173130193904723e-03,water_sfc_temperature:0_m:K
831,7,1.2500000000000000e+00,-3.3550000000000002e-01,1377,1378,2.6147499999999851e-03,wave_height:0_m:m
832,5,8.7799999237060547e+01,-3.8375000000000004e-01,1121,1122,3.3627232142856289e-03,relative_humidity:18.4_m:%
833,-2,-2.0000000000000000e+00,-2.7000000000000002e-01,-1,-1,2.9999999999999472e-04,wind_direction:18.4_m:degrees
834,1,2.4425396728515625e+02,-1.8250000000000005e-01,1837,1838,1.5437500000000104e-03,azimuth:0_m:degrees
835,5,9.8799999237060547e+01,-5.5121951219512202e-02,837,838,8.1522903033908432e-04,relative_humidity:18.4_m:%
836,7,7.5000000000000000e-01,-3.7522935779816469e-02,1069,1070,6.0762562073900174e-04,wave_height:0_m:m
837,1,1.7741849517822266e+02,-5.2033898305084737e-02,1341,1342,5.3315139327779308e-04,azimuth:0_m:degrees
838,-2,-2.0000000000000000e+00,-1.2800000000000000e-01,-1,-1,1.9360000000000280e-03,wind_direction:18.4_m:degrees
839,9,8.9746360778808594e+01,-1.6058823529411764e-01,841,842,2.5537716262976073e-03,angle_between_wind_wave:0_m:degrees
840,-2,-2.0000000000000000e+00,-1.1842105263157894e-01,-1,-1,8.8698060941821977e-04,wind_direction:18.4_m:degrees
841,12,-9.9761620163917542e-02,-1.4500000000000002e-01,843,844,2.4711538461538694e-03,bulk_richardson:18.4_m:none
842,2,2.7799499511718750e+02,-1.8515151515151512e-01,1541,1542,1.6977043158861102e-03,water_sfc_temperature:0_m:K
843,-2,-2.0000000000000000e+00,-3.7000000000000000e-01,-1,-1,0.0000000000000000e+00,wind_direction:18.4_m:degrees
844,3,1.0073999938964844e+03,-1.4058823529411768e-01,1261,1262,1.5074971164936585e-03,pressure:18.4_m:hPa
845,-2,-2.0000000000000000e+00,-1.2600000000000000e-01,-1,-1,2.1040000000000017e-03,wind_direction:18.4_m:degrees
846,6,2.3850000000000000e+02,-2.0818181818181819e-01,893,894,3.0057851239669586e-03,wave_direction:0_m:degrees
847,-2,-2.0000000000000000e+00,-5.2400000000000002e-02,-1,-1,1.0742399999999997e-03,wind_direction:18.4_m:degrees
848,11,2.2651499938964844e+02,-8.6566265060240899e-02,1469,1470,1.1604986209899915e-03,wind_direction:18.4_m:degrees
849,-2,-2.0000000000000000e+00,-6.0999999999999999e-01,-1,-1,0.0000000000000000e+00,wind_direction:18.4_m:degrees
850,-2,-2.0000000000000000e+00,-4.1999999999999998e-01,-1,-1,1.9999999999989471e-04,wind_direction:18.4_m:degrees
851,2,2.9209500122070312e+02,-1.1728971962616820e-01,853,854,1.0262992401083530e-03,water_sfc_temperature:0_m:K
852,1,3.5730149841308594e+02,-1.0006329113924048e-01,1505,1506,6.7531244992785275e-04,azimuth:0_m:degrees
853,5,7.3349998474121094e+01,-1.1313131313131311e-01,1085,1086,8.3261912049790304e-04,relative_humidity:18.4_m:%
854,-2,-2.0000000000000000e+00,-1.6875000000000001e-01,-1,-1,5.6093750000020190e-04,wind_direction:18.4_m:degrees
855,11,3.1937500000000000e+02,-5.6500000000000006e-01,857,858,5.5035714285716075e-03,wind_direction:18.4_m:degrees
856,-2,-2.0000000000000000e+00,-6.3428571428571434e-01,-1,-1,1.8244897959177053e-03,wind_direction:18.4_m:degrees
857,10,1.9913819313049316e+01,-5.5851851851851864e-01,1423,1424,4.5311385459533282e-03,wind_speed:18.4_m:m_s-1
858,-2,-2.0000000000000000e+00,-7.3999999999999999e-01,-1,-1,-1.1102230246251565e-15,wind_direction:18.4_m:degrees
859,-2,-2.0000000000000000e+00,-2.6000000000000001e-01,-1,-1,8.9999999999999802e-04,wind_direction:18.4_m:degrees
860,-2,-2.0000000000000000e+00,-1.2857142857142856e-01,-1,-1,1.2979591836734666e-03,wind_direction:18.4_m:degrees
861,-2,-2.0000000000000000e+00,-2.1086956521739128e-01,-1,-1,1.0514177693761659e-03,wind_direction:18.4_m:degrees
862,-2,-2.0000000000000000e+00,-1.4899999999999999e-01,-1,-1,3.0900000000000372e-04,wind_direction:18.4_m:degrees
863,-2,-2.0000000000000000e+00,1.4000000000000001e-01,-1,-1,0.0000000000000000e+00,wind_direction:18.4_m:degrees
864,-2,-2.0000000000000000e+00,-5.9999999999999998e-02,-1,-1,-8.6736173798840355e-19,wind_direction:18.4_m:degrees
865,10,1.1872810840606689e+01,-2.1599999999999997e-01,1331,1332,4.7040000000000068e-03,wind_speed:18.4_m:m_s-1
866,9,8.7728195190429688e+01,-1.4106382978723403e-01,1319,1320,1.0116342236305906e-03,angle_between_wind_wave:0_m:degrees
867,-2,-2.0000000000000000e+00,-1.3862928348909639e-02,-1,-1,2.4800613348084779e-04,wind_direction:18.4_m:degrees
868,-2,-2.0000000000000000e+00,-2.6356164383561597e-02,-1,-1,3.0754437980860230e-04,wind_direction:18.4_m:degrees
869,-2,-2.0000000000000000e+00,-2.2333333333333336e-01,-1,-1,1.1333333333333334e-03,wind_direction:18.4_m:degrees
870,12,-1.1150273028761148e-02,-1.5958333333333333e-01,1933,1934,1.1956597222222108e-03,bulk_richardson:18.4_m:none
871,11,2.9357499694824219e+02,-1.9666666666666666e-01,1479,1480,2.4444444444444505e-03,wind_direction:18.4_m:degrees
872,2,2.7732499694824219e+02,-1.3857142857142860e-01,1149,1150,2.6535147392290383e-03,water_sfc_temperature:0_m:K
873,3,1.0344500122070312e+03,-8.4639621898384802e-03,1133,1134,3.0492692104779968e-04,pressure:18.4_m:hPa
874,-2,-2.0000000000000000e+00,-3.0907830907830791e-03,-1,-1,2.7000353944220087e-04,wind_direction:18.4_m:degrees
875,-2,-2.0000000000000000e+00,-1.5720000000000001e-01,-1,-1,9.2415999999999332e-04,wind_direction:18.4_m:degrees
876,6,2.2000000000000000e+02,-2.5666666666666665e-01,1791,1792,4.6888888888889507e-03,wave_direction:0_m:degrees
877,12,2.3523069918155670e-02,-4.4436090225563912e-02,1447,1448,5.2618576516479630e-04,bulk_richardson:18.4_m:none
878,5,7.0549999237060547e+01,-1.3548387096774195e-02,879,880,2.3067637877211252e-03,relative_humidity:18.4_m:%
879,-2,-2.0000000000000000e+00,-3.5909090909090911e-02,-1,-1,4.1508264462809894e-04,wind_direction:18.4_m:degrees
880,11,3.0350999450683594e+02,4.1111111111111112e-02,1433,1434,2.7209876543209895e-03,wind_direction:18.4_m:degrees
881,-2,-2.0000000000000000e+00,-3.7714285714285711e-01,-1,-1,8.2040816326528487e-04,wind_direction:18.4_m:degrees
882,7,2.5499999523162842e+00,-4.4772727272727281e-01,883,884,4.1175619834710186e-03,wave_height:0_m:m
883,0,1.1965288543701172e+02,-4.2823529411764710e-01,1379,1380,1.5204152249134462e-03,zenith:0_m:degrees
884,0,1.4777442169189453e+02,-5.1400000000000001e-01,885,886,7.2640000000000482e-03,zenith:0_m:degrees
885,-2,-2.0000000000000000e+00,-4.7250000000000003e-01,-1,-1,4.6874999999999001e-04,wind_direction:18.4_m:degrees
886,-2,-2.0000000000000000e+00,-6.8000000000000005e-01,-1,-1,-5.5511151231257827e-17,wind_direction:18.4_m:degrees
887,-2,-2.0000000000000000e+00,-3.6875000000000002e-01,-1,-1,1.3593749999998850e-04,wind_direction:18.4_m:degrees
888,12,-1.1333877686411142e-02,-3.0846153846153829e-01,889,890,3.2771203155818884e-03,bulk_richardson:18.4_m:none
889,3,9.8639999389648438e+02,-2.9819672131147540e-01,891,892,2.9951088417093097e-03,pressure:18.4_m:hPa
890,2,2.7631500244140625e+02,-3.4529411764705875e-01,1697,1698,2.5543252595158494e-03,water_sfc_temperature:0_m:K
891,-2,-2.0000000000000000e+00,-4.6999999999999997e-01,-1,-1,0.0000000000000000e+00,wind_direction:18.4_m:degrees
892,4,2.6837784051895142e+00,-2.9533333333333339e-01,907,908,2.5448888888888743e-03,mixing_ratio:18.4_m:g_kg-1
893,-2,-2.0000000000000000e+00,-2.2937500000000002e-01,-1,-1,2.0433593749999840e-03,wind_direction:18.4_m:degrees
894,-2,-2.0000000000000000e+00,-1.5166666666666667e-01,-1,-1,1.1805555555555909e-03,wind_direction:18.4_m:degrees
895,-2,-2.0000000000000000e+00,7.0000000000000007e-02,-1,-1,0.0000000000000000e+00,wind_direction:18.4_m:degrees
896,-2,-2.0000000000000000e+00,-2.7647058823529417e-02,-1,-1,6.8269896193771658e-04,wind_direction:18.4_m:degrees
897,6,2.3050000000000000e+02,-1.5347826086956518e-01,899,900,3.1792060491493239e-03,wave_direction:0_m:degrees
898,5,5.1700000762939453e+01,-1.8025641025641026e-01,903,904,2.0358316896778028e-03,relative_humidity:18.4_m:%
899,11,2.8694500732421875e+02,-1.3458333333333333e-01,1271,1272,1.2456597222222469e-03,wind_direction:18.4_m:degrees
900,7,1.3999999761581421e+00,-1.9666666666666666e-01,901,902,4.9174603174603204e-03,wave_height:0_m:m
901,12,-8.1932917237281799e-02,-1.8600000000000000e-01,1311,1312,2.7739999999999987e-03,bulk_richardson:18.4_m:none
902,-2,-2.0000000000000000e+00,-4.0999999999999998e-01,-1,-1,-8.3266726846886741e-17,wind_direction:18.4_m:degrees
903,10,1.0281539440155029e+01,-1.9857142857142859e-01,1481,1482,1.1183673469387645e-03,wind_speed:18.4_m:m_s-1
904,6,1.9600000000000000e+02,-1.4931034482758621e-01,905,906,2.0615933412603954e-03,wave_direction:0_m:degrees
905,-2,-2.0000000000000000e+00,-2.2500000000000003e-01,-1,-1,1.8749999999999878e-03,wind_direction:18.4_m:degrees
906,-2,-2.0000000000000000e+00,-1.3720000000000002e-01,-1,-1,1.0281600000000037e-03,wind_direction:18.4_m:degrees
907,9,8.8598831176757812e+01,-2.7222222222222225e-01,1441,1442,1.5209876543209877e-03,angle_between_wind_wave:0_m:degrees
908,10,1.3923986911773682e+01,-3.1424242424242427e-01,909,910,2.5880624426078691e-03,wind_speed:18.4_m:m_s-1
909,3,9.9720001220703125e+02,-2.9851851851851846e-01,1599,1600,1.4866941015088814e-03,pressure:18.4_m:hPa
910,-2,-2.0000000000000000e+00,-3.8500000000000001e-01,-1,-1,1.4250000000000096e-03,wind_direction:18.4_m:degrees
911,10,7.4572792053222656e+00,-3.6814345991561109e-02,1161,1162,7.0947186170308273e-04,wind_speed:18.4_m:m_s-1
912,2,2.7584500122070312e+02,-7.0000000000000007e-02,913,914,5.8079999999999391e-03,water_sfc_temperature:0_m:K
913,-2,-2.0000000000000000e+00,-2.7000000000000002e-01,-1,-1,0.0000000000000000e+00,wind_direction:18.4_m:degrees
914,-2,-2.0000000000000000e+00,-4.2727272727272732e-02,-1,-1,4.0165289256198370e-04,wind_direction:18.4_m:degrees
915,-2,-2.0000000000000000e+00,-1.4615384615384619e-01,-1,-1,6.0443786982248421e-04,wind_direction:18.4_m:degrees
916,-2,-2.0000000000000000e+00,-2.3000000000000001e-01,-1,-1,-2.0122792321330962e-16,wind_direction:18.4_m:degrees
917,-2,-2.0000000000000000e+00,-7.5999999999999998e-02,-1,-1,8.0400000000000003e-04,wind_direction:18.4_m:degrees
918,11,3.1100000000000000e+02,-1.2910569105691058e-01,975,976,1.3512327318394995e-03,wind_direction:18.4_m:degrees
919,3,1.0327500000000000e+03,-4.8399999999999964e-02,1339,1340,6.1694000000000679e-04,pressure:18.4_m:hPa
920,-2,-2.0000000000000000e+00,-2.0999999999999999e-01,-1,-1,-3.3306690738754696e-16,wind_direction:18.4_m:degrees
921,10,3.8055728673934937e+00,-9.9061032863849742e-03,963,964,8.1642310828980175e-04,wind_speed:18.4_m:m_s-1
922,0,3.4942943572998047e+01,-2.4578313253012029e-02,923,924,2.2657860357090938e-03,zenith:0_m:degrees
923,2,2.8616999816894531e+02,-1.6200000000000001e-01,929,930,6.4960000000000052e-03,water_sfc_temperature:0_m:K
924,5,5.7250000000000000e+01,-2.0310559006211176e-02,925,926,1.5297172176999352e-03,relative_humidity:18.4_m:%
925,3,1.0276499633789062e+03,-1.6838709677419347e-02,1027,1028,8.7839334027055153e-04,pressure:18.4_m:hPa
926,1,2.5863235473632812e+02,-1.1000000000000000e-01,927,928,1.0000000000000012e-02,azimuth:0_m:degrees
927,-2,-2.0000000000000000e+00,-1.0000000000000000e-02,-1,-1,-1.7618285302889447e-19,wind_direction:18.4_m:degrees
928,-2,-2.0000000000000000e+00,-2.0999999999999999e-01,-1,-1,0.0000000000000000e+00,wind_direction:18.4_m:degrees
929,-2,-2.0000000000000000e+00,-2.0000000000000001e-01,-1,-1,8.9999999999999802e-04,wind_direction:18.4_m:degrees
930,-2,-2.0000000000000000e+00,-1.0000000000000000e-02,-1,-1,-1.1194387430912833e-17,wind_direction:18.4_m:degrees
931,5,4.4550001144409180e+01,-3.1978260869565212e-01,933,934,4.4238657844990481e-03,relative_humidity:18.4_m:%
932,-2,-2.0000000000000000e+00,-2.7761904761904760e-01,-1,-1,1.0086167800453238e-03,wind_direction:18.4_m:degrees
933,1,2.3206791687011719e+02,-2.6727272727272727e-01,939,940,2.7834710743801783e-03,azimuth:0_m:degrees
934,1,3.2574670410156250e+02,-3.3628571428571435e-01,935,936,3.8004897959183909e-03,azimuth:0_m:degrees
935,3,1.0081500244140625e+03,-3.3117647058823535e-01,937,938,2.9986159169549387e-03,pressure:18.4_m:hPa
936,-2,-2.0000000000000000e+00,-5.1000000000000001e-01,-1,-1,-6.6613381477509392e-16,wind_direction:18.4_m:degrees
937,11,2.9976499938964844e+02,-3.6047619047619045e-01,1049,1050,2.0140589569160594e-03,wind_direction:18.4_m:degrees
938,-2,-2.0000000000000000e+00,-2.8384615384615386e-01,-1,-1,9.6213017751477226e-04,wind_direction:18.4_m:degrees
939,-2,-2.0000000000000000e+00,-4.1999999999999998e-01,-1,-1,0.0000000000000000e+00,wind_direction:18.4_m:degrees
940,-2,-2.0000000000000000e+00,-2.5200000000000000e-01,-1,-1,4.9600000000001032e-04,wind_direction:18.4_m:degrees
941,-2,-2.0000000000000000e+00,-2.0833333333333334e-01,-1,-1,5.8055555555555638e-04,wind_direction:18.4_m:degrees
942,-2,-2.0000000000000000e+00,-1.3810810810810811e-01,-1,-1,8.0993425858290682e-04,wind_direction:18.4_m:degrees
943,-2,-2.0000000000000000e+00,-1.1222222222222220e-01,-1,-1,1.0617283950617347e-03,wind_direction:18.4_m:degrees
944,-2,-2.0000000000000000e+00,-5.7394366197183078e-02,-1,-1,5.6715433445745072e-04,wind_direction:18.4_m:degrees
945,2,2.8246000671386719e+02,4.6341463414634144e-03,1699,1700,1.0687685901249256e-03,water_sfc_temperature:0_m:K
946,-2,-2.0000000000000000e+00,9.9999999999999992e-02,-1,-1,2.0000000000000920e-04,wind_direction:18.4_m:degrees
947,-2,-2.0000000000000000e+00,-1.9000000000000000e-01,-1,-1,3.9999999999999758e-04,wind_direction:18.4_m:degrees
948,4,1.2172717571258545e+01,-3.0549999999999994e-01,1221,1222,1.5147500000000508e-03,mixing_ratio:18.4_m:g_kg-1
949,7,1.7500000000000000e+00,-1.3730769230769230e-01,1129,1130,2.4042899408284052e-03,wave_height:0_m:m
950,0,1.1642758178710938e+02,-1.7415384615384616e-01,951,952,2.0458224852071029e-03,zenith:0_m:degrees
951,2,2.8938999938964844e+02,-1.8755555555555553e-01,1529,1530,1.8851358024691081e-03,water_sfc_temperature:0_m:K
952,10,1.1452298164367676e+01,-1.4400000000000002e-01,1987,1988,1.0940000000000498e-03,wind_speed:18.4_m:m_s-1
953,-2,-2.0000000000000000e+00,-2.7583333333333332e-01,-1,-1,1.6909722222222257e-03,wind_direction:18.4_m:degrees
954,3,1.0152500000000000e+03,-2.2193548387096779e-01,1171,1172,2.3510926118626083e-03,pressure:18.4_m:hPa
955,-2,-2.0000000000000000e+00,-3.0333333333333329e-01,-1,-1,8.8888888888916107e-05,wind_direction:18.4_m:degrees
956,12,-1.4695907011628151e-02,-2.0692307692307696e-01,1627,1628,1.6828402366863837e-03,bulk_richardson:18.4_m:none
957,4,4.3755152225494385e+00,-1.3325000000000004e-01,1879,1880,1.5269374999999918e-03,mixing_ratio:18.4_m:g_kg-1
958,3,1.0023999938964844e+03,-9.6944444444444444e-02,959,960,1.2434413580246998e-03,pressure:18.4_m:hPa
959,-2,-2.0000000000000000e+00,-5.6923076923076930e-02,-1,-1,1.4437869822485133e-04,wind_direction:18.4_m:degrees
960,-2,-2.0000000000000000e+00,-1.1956521739130437e-01,-1,-1,4.4763705103969750e-04,wind_direction:18.4_m:degrees
961,-2,-2.0000000000000000e+00,-4.8200000000000004e-01,-1,-1,1.0559999999999736e-03,wind_direction:18.4_m:degrees
962,-2,-2.0000000000000000e+00,-3.4999999999999998e-01,-1,-1,-1.2490009027033011e-16,wind_direction:18.4_m:degrees
963,11,2.6625999450683594e+02,-8.8516746411483240e-03,1417,1418,7.1782010485107951e-04,wind_direction:18.4_m:degrees
964,6,1.7150000000000000e+02,-6.5000000000000002e-02,1183,1184,2.8750000000000017e-03,wave_direction:0_m:degrees
965,-2,-2.0000000000000000e+00,-2.1571428571428572e-01,-1,-1,1.1673469387755223e-03,wind_direction:18.4_m:degrees
966,-2,-2.0000000000000000e+00,-1.2833333333333333e-01,-1,-1,1.3138888888888922e-03,wind_direction:18.4_m:degrees
967,-2,-2.0000000000000000e+00,-5.0800000000000001e-01,-1,-1,2.0160000000000178e-03,wind_direction:18.4_m:degrees
968,2,2.8735499572753906e+02,-5.9555555555555550e-01,1679,1680,2.2024691358024651e-03,water_sfc_temperature:0_m:K
969,-2,-2.0000000000000000e+00,-7.0799999999999996e-01,-1,-1,1.8960000000001198e-03,wind_direction:18.4_m:degrees
970,12,-5.5539824534207582e-03,-6.3206896551724145e-01,1187,1188,2.1405469678952849e-03,bulk_richardson:18.4_m:none
971,-2,-2.0000000000000000e+00,-2.7500000000000002e-01,-1,-1,1.2249999999999900e-03,wind_direction:18.4_m:degrees
972,-2,-2.0000000000000000e+00,-1.8538461538461540e-01,-1,-1,7.0177514792898327e-04,wind_direction:18.4_m:degrees
973,12,1.6385318711400032e-02,-1.3950000000000001e-01,1877,1878,1.0747499999999958e-03,bulk_richardson:18.4_m:none
974,-2,-2.0000000000000000e+00,-2.9999999999999999e-01,-1,-1,1.2490009027033011e-16,wind_direction:18.4_m:degrees
975,3,1.0112500000000000e+03,-1.3747252747252747e-01,1239,1240,1.1595459485569358e-03,pressure:18.4_m:hPa
976,4,2.5766376256942749e+00,-1.0531250000000000e-01,1559,1560,1.1311523437499936e-03,mixing_ratio:18.4_m:g_kg-1
977,1,9.4738292694091797e+01,-4.2444444444444457e-01,2021,2022,9.5802469135800039e-04,azimuth:0_m:degrees
978,-2,-2.0000000000000000e+00,-3.1000000000000000e-01,-1,-1,5.4123372450476381e-16,wind_direction:18.4_m:degrees
979,-2,-2.0000000000000000e+00,-3.2000000000000001e-01,-1,-1,4.4999999999999207e-04,wind_direction:18.4_m:degrees
980,6,2.4050000000000000e+02,-2.3950819672131149e-01,1053,1054,3.1981187852727633e-03,wave_direction:0_m:degrees
981,-2,-2.0000000000000000e+00,-1.7999999999999999e-01,-1,-1,0.0000000000000000e+00,wind_direction:18.4_m:degrees
982,-2,-2.0000000000000000e+00,-3.6000000000000004e-01,-1,-1,0.0000000000000000e+00,wind_direction:18.4_m:degrees
983,-2,-2.0000000000000000e+00,-8.0000000000000002e-02,-1,-1,8.0000000000000036e-04,wind_direction:18.4_m:degrees
984,9,8.9001819610595703e+01,-1.7254901960784311e-01,1141,1142,1.5876201460976423e-03,angle_between_wind_wave:0_m:degrees
985,-2,-2.0000000000000000e+00,-3.2666666666666666e-01,-1,-1,8.8888888888902229e-05,wind_direction:18.4_m:degrees
986,-2,-2.0000000000000000e+00,-4.3666666666666670e-01,-1,-1,3.8888888888891082e-04,wind_direction:18.4_m:degrees
987,9,8.9649093627929688e+01,-9.0833333333333349e-02,1785,1786,1.3983796296296314e-03,angle_between_wind_wave:0_m:degrees
988,-2,-2.0000000000000000e+00,2.0000000000000000e-02,-1,-1,-1.3801893655740471e-16,wind_direction:18.4_m:degrees
989,-2,-2.0000000000000000e+00,-2.9000000000000004e-01,-1,-1,1.1333333333333195e-03,wind_direction:18.4_m:degrees
990,11,2.8611999511718750e+02,-3.8400000000000001e-01,1975,1976,2.8239999999999654e-03,wind_direction:18.4_m:degrees
991,11,3.4175999450683594e+02,-1.2387387387387386e-01,993,994,1.6345426507588714e-03,wind_direction:18.4_m:degrees
992,-2,-2.0000000000000000e+00,-2.0250000000000001e-01,-1,-1,3.6874999999994551e-04,wind_direction:18.4_m:degrees
993,5,6.9700000762939453e+01,-1.2900990099009901e-01,1035,1036,1.1871385158317808e-03,relative_humidity:18.4_m:%
994,-2,-2.0000000000000000e+00,-7.2000000000000008e-02,-1,-1,3.1960000000000001e-03,wind_direction:18.4_m:degrees
995,-2,-2.0000000000000000e+00,-8.6250000000000007e-02,-1,-1,8.4843750000000023e-04,wind_direction:18.4_m:degrees
996,7,7.5000000000000000e-01,-1.4520833333333338e-01,997,998,2.1957899305555667e-03,wave_height:0_m:m
997,4,2.9611139297485352e+00,-1.0000000000000001e-01,2005,2006,1.3599999999999984e-03,mixing_ratio:18.4_m:g_kg-1
998,1,7.9475524902343750e+01,-1.5710526315789472e-01,1893,1894,1.7363573407202064e-03,azimuth:0_m:degrees
999,-2,-2.0000000000000000e+00,-1.4666666666666667e-01,-1,-1,2.2222222222222088e-05,wind_direction:18.4_m:degrees
1000,3,1.0111999816894531e+03,-5.7313432835820889e-02,1087,1088,8.0088470228813213e-04,pressure:18.4_m:hPa
1001,12,-1.1926205083727837e-01,-4.9763033175355402e-02,1325,1326,5.1037038700837934e-04,bulk_richardson:18.4_m:none
1002,9,8.8961154937744141e+01,-1.2750000000000000e-01,1125,1126,5.4187500000000971e-03,angle_between_wind_wave:0_m:degrees
1003,12,-2.5838618166744709e-02,-1.1000000000000000e-01,1615,1616,1.1777777777777811e-03,bulk_richardson:18.4_m:none
1004,9,8.9334087371826172e+01,-1.5155172413793108e-01,1329,1330,1.1441438763376728e-03,angle_between_wind_wave:0_m:degrees
1005,-2,-2.0000000000000000e+00,-3.2500000000000001e-01,-1,-1,4.2499999999996707e-04,wind_direction:18.4_m:degrees
1006,12,-1.1838803533464670e-02,-2.5666666666666677e-01,1007,1008,1.4282828282827786e-03,bulk_richardson:18.4_m:none
1007,-2,-2.0000000000000000e+00,-3.4666666666666668e-01,-1,-1,2.2222222222201271e-05,wind_direction:18.4_m:degrees
1008,-2,-2.0000000000000000e+00,-2.4766666666666667e-01,-1,-1,6.7788888888885290e-04,wind_direction:18.4_m:degrees
1009,10,6.1937994956970215e+00,-5.1020408163265307e-02,1797,1798,8.1324448146605655e-04,wind_speed:18.4_m:m_s-1
1010,12,-6.6207420080900192e-02,-7.5689655172413786e-02,1907,1908,6.0268529528339360e-04,bulk_richardson:18.4_m:none
1011,3,1.0080499877929688e+03,-7.5869565217391313e-02,1439,1440,1.0025047258979194e-03,pressure:18.4_m:hPa
1012,3,1.0125500183105469e+03,-1.0114285714285710e-01,1013,1014,1.7266938775510367e-03,pressure:18.4_m:hPa
1013,-2,-2.0000000000000000e+00,-1.8500000000000000e-01,-1,-1,2.5000000000004186e-05,wind_direction:18.4_m:degrees
1014,0,1.5627095794677734e+02,-9.9181286549707592e-02,1015,1016,1.5981601176430389e-03,zenith:0_m:degrees
1015,3,1.0152500000000000e+03,-1.0292993630573254e-01,1289,1290,1.4563836261105925e-03,pressure:18.4_m:hPa
1016,-2,-2.0000000000000000e+00,-5.7142857142857148e-02,-1,-1,1.2632653061224967e-03,wind_direction:18.4_m:degrees
1017,-2,-2.0000000000000000e+00,-5.1307692307692310e-01,-1,-1,1.2520710059171769e-03,wind_direction:18.4_m:degrees
1018,-2,-2.0000000000000000e+00,-5.8833333333333326e-01,-1,-1,1.1805555555553515e-03,wind_direction:18.4_m:degrees
1019,-2,-2.0000000000000000e+00,-1.0000000000000000e-02,-1,-1,0.0000000000000000e+00,wind_direction:18.4_m:degrees
1020,12,-5.1284911110997200e-02,-1.1881720430107526e-01,1037,1038,1.8921493814313649e-03,bulk_richardson:18.4_m:none
1021,-2,-2.0000000000000000e+00,8.0000000000000002e-03,-1,-1,9.6000000000000016e-05,wind_direction:18.4_m:degrees
1022,10,7.8988161087036133e+00,-6.0469973890339410e-02,1023,1024,8.4468774073039087e-04,wind_speed:18.4_m:m_s-1
1023,2,2.9289500427246094e+02,-5.3155339805825250e-02,1645,1646,6.0994674333113893e-04,water_sfc_temperature:0_m:K
1024,7,1.5500000119209290e+00,-6.8983050847457594e-02,1249,1250,9.8314660538158412e-04,wave_height:0_m:m
1025,10,4.9530746936798096e+00,-9.0090090090089361e-03,1545,1546,3.0103171534014015e-04,wind_speed:18.4_m:m_s-1
1026,0,1.2542359161376953e+02,-2.0865533230293677e-03,1099,1100,1.0335133740554969e-03,zenith:0_m:degrees
1027,-2,-2.0000000000000000e+00,-1.0491803278688528e-02,-1,-1,4.8008599838753085e-04,wind_direction:18.4_m:degrees
1028,9,9.1590980529785156e+01,-4.0303030303030306e-02,1029,1030,1.6514233241505961e-03,angle_between_wind_wave:0_m:degrees
1029,11,2.8305999755859375e+02,-3.1333333333333338e-02,1527,1528,7.5155555555555544e-04,wind_direction:18.4_m:degrees
1030,-2,-2.0000000000000000e+00,-1.3000000000000000e-01,-1,-1,1.8000000000000099e-03,wind_direction:18.4_m:degrees
1031,-2,-2.0000000000000000e+00,-5.2000000000000002e-01,-1,-1,0.0000000000000000e+00,wind_direction:18.4_m:degrees
1032,4,1.5553212165832520e+00,-3.6333333333333334e-01,1825,1826,1.1155555555556196e-03,mixing_ratio:18.4_m:g_kg-1
1033,-2,-2.0000000000000000e+00,-1.3125000000000001e-01,-1,-1,6.0736607142858681e-04,wind_direction:18.4_m:degrees
1034,-2,-2.0000000000000000e+00,-1.7642857142857141e-01,-1,-1,3.3724489795916579e-04,wind_direction:18.4_m:degrees
1035,-2,-2.0000000000000000e+00,-1.4577777777777776e-01,-1,-1,7.2661728395062228e-04,wind_direction:18.4_m:degrees
1036,12,-2.7825459837913513e-02,-1.1553571428571427e-01,1355,1356,1.1497130102040686e-03,bulk_richardson:18.4_m:none
1037,2,2.8309500122070312e+02,-1.2213483146067411e-01,1251,1252,1.6729705845221678e-03,water_sfc_temperature:0_m:K
1038,-2,-2.0000000000000000e+00,-4.4999999999999998e-02,-1,-1,1.0749999999999024e-03,wind_direction:18.4_m:degrees
1039,-2,-2.0000000000000000e+00,-3.1500000000000006e-01,-1,-1,1.4805555555555544e-03,wind_direction:18.4_m:degrees
1040,-2,-2.0000000000000000e+00,-1.6000000000000000e-01,-1,-1,-2.0122792321330962e-16,wind_direction:18.4_m:degrees
1041,3,9.9379998779296875e+02,-1.2037974683544309e-01,1043,1044,1.8289697163915847e-03,pressure:18.4_m:hPa
1042,1,2.4940347290039062e+02,-1.7099999999999999e-01,1137,1138,3.5690000000000617e-03,azimuth:0_m:degrees
1043,-2,-2.0000000000000000e+00,-2.3999999999999999e-01,-1,-1,0.0000000000000000e+00,wind_direction:18.4_m:degrees
1044,9,9.1415557861328125e+01,-1.1727272727272729e-01,1393,1394,1.4951593860684613e-03,angle_between_wind_wave:0_m:degrees
1045,-2,-2.0000000000000000e+00,-1.0333333333333333e-01,-1,-1,2.2222222222223822e-05,wind_direction:18.4_m:degrees
1046,4,3.2821806669235229e+00,-1.9722222222222222e-01,1047,1048,2.1200617283950590e-03,mixing_ratio:18.4_m:g_kg-1
1047,-2,-2.0000000000000000e+00,-2.6500000000000001e-01,-1,-1,2.4999999999997247e-05,wind_direction:18.4_m:degrees
1048,3,9.9925000000000000e+02,-1.7785714285714288e-01,1929,1930,1.0311224489795920e-03,pressure:18.4_m:hPa
1049,-2,-2.0000000000000000e+00,-3.7388888888888888e-01,-1,-1,1.0904320987654703e-03,wind_direction:18.4_m:degrees
1050,-2,-2.0000000000000000e+00,-2.8000000000000003e-01,-1,-1,-3.3306690738754696e-16,wind_direction:18.4_m:degrees
1051,6,1.7850000000000000e+02,-8.3170731707317064e-02,1681,1682,6.6230418401745043e-04,wave_direction:0_m:degrees
1052,2,2.8060499572753906e+02,-5.8269230769230775e-02,1969,1970,6.0661982248521500e-04,water_sfc_temperature:0_m:K
1053,8,4.6499998569488525e+00,-2.3098039215686278e-01,1055,1056,3.0441368704344426e-03,wave_period:0_m:s
1054,-2,-2.0000000000000000e+00,-2.8300000000000003e-01,-1,-1,1.7209999999999587e-03,wind_direction:18.4_m:degrees
1055,-2,-2.0000000000000000e+00,-1.6599999999999998e-01,-1,-1,3.8400000000000586e-04,wind_direction:18.4_m:degrees
1056,3,1.0046000061035156e+03,-2.3804347826086958e-01,1115,1116,2.8244328922495260e-03,pressure:18.4_m:hPa
1057,-2,-2.0000000000000000e+00,-1.3500000000000001e-01,-1,-1,2.5000000000000716e-05,wind_direction:18.4_m:degrees
1058,-2,-2.0000000000000000e+00,-2.4923076923076926e-01,-1,-1,1.1917159763313867e-03,wind_direction:18.4_m:degrees
1059,3,1.0225499877929688e+03,-2.1045454545454545e-01,1061,1062,3.2407024793388445e-03,pressure:18.4_m:hPa
1060,-2,-2.0000000000000000e+00,-2.7250000000000002e-01,-1,-1,9.4374999999992382e-04,wind_direction:18.4_m:degrees
1061,-2,-2.0000000000000000e+00,-2.0142857142857146e-01,-1,-1,1.6027210884353785e-03,wind_direction:18.4_m:degrees
1062,-2,-2.0000000000000000e+00,-4.0000000000000002e-01,-1,-1,-1.3877787807814457e-16,wind_direction:18.4_m:degrees
1063,-2,-2.0000000000000000e+00,-1.4380952380952383e-01,-1,-1,4.2358276643990680e-04,wind_direction:18.4_m:degrees
1064,-2,-2.0000000000000000e+00,-9.5555555555555560e-02,-1,-1,3.8024691358023478e-04,wind_direction:18.4_m:degrees
1065,11,2.7454499816894531e+02,-3.5924764890282061e-02,1855,1856,6.5925452776604632e-04,wind_direction:18.4_m:degrees
1066,-2,-2.0000000000000000e+00,-8.6666666666666670e-02,-1,-1,6.4444444444442060e-04,wind_direction:18.4_m:degrees
1067,-2,-2.0000000000000000e+00,-5.4000000000000004e-01,-1,-1,0.0000000000000000e+00,wind_direction:18.4_m:degrees
1068,-2,-2.0000000000000000e+00,-7.1333333333333337e-01,-1,-1,2.4222222222223255e-03,wind_direction:18.4_m:degrees
1069,-2,-2.0000000000000000e+00,-1.9655172413793106e-02,-1,-1,3.7919143876337689e-04,wind_direction:18.4_m:degrees
1070,10,8.4473838806152344e+00,-4.1375464684014825e-02,1385,1386,5.7320103370600735e-04,wind_speed:18.4_m:m_s-1
1071,-2,-2.0000000000000000e+00,-3.8000000000000000e-01,-1,-1,0.0000000000000000e+00,wind_direction:18.4_m:degrees
1072,3,1.0083000183105469e+03,-5.3999999999999992e-01,1773,1774,2.3714285714285799e-03,pressure:18.4_m:hPa
1073,-2,-2.0000000000000000e+00,-2.3626373626373629e-02,-1,-1,6.4289337036589763e-04,wind_direction:18.4_m:degrees
1074,6,2.0450000000000000e+02,-4.3955223880597021e-02,1075,1076,9.5226665181555401e-04,wave_direction:0_m:degrees
1075,-2,-2.0000000000000000e+00,-2.7719298245614046e-02,-1,-1,6.9830717143736496e-04,wind_direction:18.4_m:degrees
1076,4,4.7337415218353271e+00,-5.5974025974025968e-02,1265,1266,8.0067465002530173e-04,mixing_ratio:18.4_m:g_kg-1
1077,12,-2.9978053644299507e-02,-2.4230769230769234e-01,1685,1686,1.9254437869822422e-03,bulk_richardson:18.4_m:none
1078,12,-3.5230625420808792e-02,-1.9799999999999995e-01,1323,1324,2.1159999999999651e-03,bulk_richardson:18.4_m:none
1079,-2,-2.0000000000000000e+00,-1.4299999999999999e-01,-1,-1,3.2099999999999490e-04,wind_direction:18.4_m:degrees
1080,-2,-2.0000000000000000e+00,-5.5000000000000000e-02,-1,-1,2.5000000000004619e-05,wind_direction:18.4_m:degrees
1081,-2,-2.0000000000000000e+00,-5.9999999999999998e-01,-1,-1,0.0000000000000000e+00,wind_direction:18.4_m:degrees
1082,2,2.8219000244140625e+02,-4.9238095238095236e-01,1667,1668,2.3609977324263454e-03,water_sfc_temperature:0_m:K
1083,-2,-2.0000000000000000e+00,-2.2800000000000004e-01,-1,-1,4.9599999999998950e-04,wind_direction:18.4_m:degrees
1084,-2,-2.0000000000000000e+00,-3.0263157894736842e-01,-1,-1,8.4044321329641847e-04,wind_direction:18.4_m:degrees
1085,-2,-2.0000000000000000e+00,-7.1666666666666670e-02,-1,-1,4.8055555555555525e-04,wind_direction:18.4_m:degrees
1086,11,2.5050999450683594e+02,-1.1580645161290327e-01,1517,1518,7.3725286160249148e-04,wind_direction:18.4_m:degrees
1087,-2,-2.0000000000000000e+00,-4.4814814814814814e-02,-1,-1,7.3052126200274289e-04,wind_direction:18.4_m:degrees
1088,5,7.4900001525878906e+01,-6.1052631578947310e-02,1177,1178,7.6121883656509121e-04,relative_humidity:18.4_m:%
1089,-2,-2.0000000000000000e+00,-3.0000000000000004e-01,-1,-1,7.9999999999998128e-04,wind_direction:18.4_m:degrees
1090,6,2.4450000000000000e+02,-3.9039999999999997e-01,1511,1512,2.6678400000000324e-03,wave_direction:0_m:degrees
1091,-2,-2.0000000000000000e+00,-1.5857142857142856e-01,-1,-1,7.2653061224490015e-04,wind_direction:18.4_m:degrees
1092,10,1.1680831432342529e+01,-2.2066666666666668e-01,1665,1666,1.8062222222222230e-03,wind_speed:18.4_m:m_s-1
1093,-2,-2.0000000000000000e+00,-6.3000000000000000e-01,-1,-1,0.0000000000000000e+00,wind_direction:18.4_m:degrees
1094,-2,-2.0000000000000000e+00,-5.4111111111111110e-01,-1,-1,9.8765432098635308e-05,wind_direction:18.4_m:degrees
1095,-2,-2.0000000000000000e+00,-2.9999999999999999e-01,-1,-1,-1.3877787807814457e-17,wind_direction:18.4_m:degrees
1096,-2,-2.0000000000000000e+00,-4.0800000000000003e-01,-1,-1,9.3599999999996464e-04,wind_direction:18.4_m:degrees
1097,-2,-2.0000000000000000e+00,-2.1888111888111891e-02,-1,-1,9.3979167685461331e-04,wind_direction:18.4_m:degrees
1098,-2,-2.0000000000000000e+00,1.4210526315789474e-02,-1,-1,9.0858725761773268e-04,wind_direction:18.4_m:degrees
1099,-2,-2.0000000000000000e+00,-4.9833887043189472e-04,-1,-1,7.6021677464928566e-04,wind_direction:18.4_m:degrees
1100,5,9.8250000000000000e+01,-2.3333333333333338e-02,1101,1102,4.2044444444444291e-03,relative_humidity:18.4_m:%
1101,-2,-2.0000000000000000e+00,-1.4285714285714287e-02,-1,-1,4.7687074829931938e-04,wind_direction:18.4_m:degrees
1102,6,1.9150000000000000e+02,-1.4999999999999999e-01,1103,1104,3.9199999999999999e-02,wave_direction:0_m:degrees
1103,-2,-2.0000000000000000e+00,-1.0000000000000000e-02,-1,-1,0.0000000000000000e+00,wind_direction:18.4_m:degrees
1104,-2,-2.0000000000000000e+00,-4.2999999999999999e-01,-1,-1,0.0000000000000000e+00,wind_direction:18.4_m:degrees
1105,1,7.4725685119628906e+01,-3.9528301886792450e-01,1109,1110,3.1117123531507196e-03,azimuth:0_m:degrees
1106,7,1.8499999642372131e+00,-4.3555555555555558e-01,1107,1108,8.9358024691356119e-03,wave_height:0_m:m
1107,9,8.9545467376708984e+01,-4.1705882352941182e-01,1111,1112,3.3031141868511971e-03,angle_between_wind_wave:0_m:degrees
1108,-2,-2.0000000000000000e+00,-7.5000000000000000e-01,-1,-1,-4.4408920985006262e-16,wind_direction:18.4_m:degrees
1109,9,8.8502368927001953e+01,-4.4307692307692303e-01,1287,1288,2.0520710059172276e-03,angle_between_wind_wave:0_m:degrees
1110,1,8.0983047485351562e+01,-3.7975000000000003e-01,1113,1114,2.4724375000000354e-03,azimuth:0_m:degrees
1111,-2,-2.0000000000000000e+00,-4.6124999999999999e-01,-1,-1,1.7109375000000093e-03,wind_direction:18.4_m:degrees
1112,-2,-2.0000000000000000e+00,-3.7777777777777777e-01,-1,-1,1.4395061728394998e-03,wind_direction:18.4_m:degrees
1113,-2,-2.0000000000000000e+00,-2.6500000000000001e-01,-1,-1,2.2500000000000298e-04,wind_direction:18.4_m:degrees
1114,11,2.9221000671386719e+02,-3.8578947368421057e-01,1621,1622,1.8612188365650650e-03,wind_direction:18.4_m:degrees
1115,11,3.2772499084472656e+02,-2.2290322580645164e-01,1591,1592,1.6464099895941720e-03,wind_direction:18.4_m:degrees
1116,9,8.9279895782470703e+01,-2.6933333333333331e-01,1117,1118,3.8062222222221970e-03,angle_between_wind_wave:0_m:degrees
1117,-2,-2.0000000000000000e+00,-1.9999999999999998e-01,-1,-1,2.8500000000000053e-03,wind_direction:18.4_m:degrees
1118,6,2.2650000000000000e+02,-2.9454545454545455e-01,1993,1994,1.7702479338842919e-03,wave_direction:0_m:degrees
1119,-2,-2.0000000000000000e+00,-5.6976744186046500e-02,-1,-1,3.8078240490355218e-04,wind_direction:18.4_m:degrees
1120,-2,-2.0000000000000000e+00,-7.4044943820224723e-02,-1,-1,5.0161595758109901e-04,wind_direction:18.4_m:degrees
1121,12,-2.8627507388591766e-02,-3.8109090909090915e-01,1123,1124,3.0279008264462726e-03,bulk_richardson:18.4_m:none
1122,-2,-2.0000000000000000e+00,-5.3000000000000003e-01,-1,-1,1.3877787807814457e-15,wind_direction:18.4_m:degrees
1123,7,1.9499999880790710e+00,-4.1055555555555556e-01,1147,1148,2.6941358024691331e-03,wave_height:0_m:m
1124,5,4.2600000381469727e+01,-3.6675675675675679e-01,1155,1156,2.5624543462380578e-03,relative_humidity:18.4_m:%
1125,-2,-2.0000000000000000e+00,-1.7000000000000001e-01,-1,-1,0.0000000000000000e+00,wind_direction:18.4_m:degrees
1126,-2,-2.0000000000000000e+00,0.0000000000000000e+00,-1,-1,0.0000000000000000e+00,wind_direction:18.4_m:degrees
1127,-2,-2.0000000000000000e+00,-5.5000000000000004e-01,-1,-1,1.4666666666667272e-03,wind_direction:18.4_m:degrees
1128,-2,-2.0000000000000000e+00,-6.6500000000000004e-01,-1,-1,6.2500000000015321e-04,wind_direction:18.4_m:degrees
1129,-2,-2.0000000000000000e+00,-1.6199999999999998e-01,-1,-1,1.6960000000000031e-03,wind_direction:18.4_m:degrees
1130,-2,-2.0000000000000000e+00,-1.0363636363636365e-01,-1,-1,1.4049586776859520e-03,wind_direction:18.4_m:degrees
1131,-2,-2.0000000000000000e+00,-3.3764705882352936e-01,-1,-1,1.6062283737024591e-03,wind_direction:18.4_m:degrees
1132,-2,-2.0000000000000000e+00,-2.6000000000000001e-01,-1,-1,5.0000000000216538e-05,wind_direction:18.4_m:degrees
1133,3,1.0304500122070312e+03,-8.6885895404120329e-03,1135,1136,2.9633883969047454e-04,pressure:18.4_m:hPa
1134,-2,-2.0000000000000000e+00,2.9333333333333333e-02,-1,-1,3.1288888888881302e-04,wind_direction:18.4_m:degrees
1135,12,-7.1071293205022812e-02,-8.2348178137651561e-03,1503,1504,2.7413109541214991e-04,bulk_richardson:18.4_m:none
1136,4,4.5640575885772705e+00,-2.9444444444444447e-02,1191,1192,8.7191358024688666e-04,mixing_ratio:18.4_m:g_kg-1
1137,-2,-2.0000000000000000e+00,-1.5555555555555553e-01,-1,-1,1.5802469135802431e-03,wind_direction:18.4_m:degrees
1138,-2,-2.0000000000000000e+00,-3.1000000000000000e-01,-1,-1,-6.9388939039072284e-17,wind_direction:18.4_m:degrees
1139,6,1.9650000000000000e+02,-8.8627450980392181e-02,1857,1858,6.3929257977700556e-04,wave_direction:0_m:degrees
1140,11,3.2895498657226562e+02,-1.1487500000000002e-01,1463,1464,9.3748437500000212e-04,wind_direction:18.4_m:degrees
1141,-2,-2.0000000000000000e+00,-1.3928571428571426e-01,-1,-1,7.6377551020409204e-04,wind_direction:18.4_m:degrees
1142,4,5.6279301643371582e+00,-1.8513513513513516e-01,1485,1486,1.3222790357925451e-03,mixing_ratio:18.4_m:g_kg-1
1143,10,1.0044614791870117e+01,-1.6568421052631577e-01,1145,1146,1.8982160664820086e-03,wind_speed:18.4_m:m_s-1
1144,-2,-2.0000000000000000e+00,-2.7000000000000002e-01,-1,-1,-2.7755575615628914e-17,wind_direction:18.4_m:degrees
1145,9,8.8573364257812500e+01,-1.7868852459016396e-01,1175,1176,1.7950013437248100e-03,angle_between_wind_wave:0_m:degrees
1146,9,8.8800136566162109e+01,-1.4235294117647057e-01,1961,1962,1.2356401384083122e-03,angle_between_wind_wave:0_m:degrees
1147,-2,-2.0000000000000000e+00,-3.8923076923076921e-01,-1,-1,1.0071005917159925e-03,wind_direction:18.4_m:degrees
1148,-2,-2.0000000000000000e+00,-4.6600000000000003e-01,-1,-1,2.8239999999997989e-03,wind_direction:18.4_m:degrees
1149,3,1.0089499816894531e+03,-1.7461538461538459e-01,1641,1642,1.9017751479290038e-03,pressure:18.4_m:hPa
1150,12,-9.0746656060218811e-02,-1.2919999999999998e-01,1151,1152,2.4233599999999855e-03,bulk_richardson:18.4_m:none
1151,12,-1.1283176392316818e-01,-1.3375000000000004e-01,1443,1444,2.0067708333333448e-03,bulk_richardson:18.4_m:none
1152,-2,-2.0000000000000000e+00,-2.0000000000000000e-02,-1,-1,-1.0028870095490916e-16,wind_direction:18.4_m:degrees
1153,-2,-2.0000000000000000e+00,-1.7999999999999999e-01,-1,-1,0.0000000000000000e+00,wind_direction:18.4_m:degrees
1154,-2,-2.0000000000000000e+00,-3.3181818181818179e-01,-1,-1,4.1487603305787046e-04,wind_direction:18.4_m:degrees
1155,-2,-2.0000000000000000e+00,-5.1000000000000001e-01,-1,-1,0.0000000000000000e+00,wind_direction:18.4_m:degrees
1156,-2,-2.0000000000000000e+00,-3.6277777777777775e-01,-1,-1,2.0478395061728216e-03,wind_direction:18.4_m:degrees
1157,1,2.1762677764892578e+02,-1.7943089430894307e-01,1217,1218,1.0151232731839405e-03,azimuth:0_m:degrees
1158,-2,-2.0000000000000000e+00,-1.3857142857142860e-01,-1,-1,9.6938775510208713e-04,wind_direction:18.4_m:degrees
1159,11,3.3841999816894531e+02,-7.9999999999999988e-02,1849,1850,1.0236842105263225e-03,wind_direction:18.4_m:degrees
1160,-2,-2.0000000000000000e+00,-1.3714285714285715e-01,-1,-1,8.7755102040813424e-04,wind_direction:18.4_m:degrees
1161,8,3.5499999523162842e+00,-3.6284501061571058e-02,1757,1758,6.5816958993153494e-04,wave_period:0_m:s
1162,-2,-2.0000000000000000e+00,-1.2000000000000000e-01,-1,-1,1.7999999999999249e-03,wind_direction:18.4_m:degrees
1163,-2,-2.0000000000000000e+00,-2.8999999999999998e-01,-1,-1,0.0000000000000000e+00,wind_direction:18.4_m:degrees
1164,-2,-2.0000000000000000e+00,-1.7909090909090908e-01,-1,-1,8.8099173553719129e-04,wind_direction:18.4_m:degrees
1165,-2,-2.0000000000000000e+00,-1.8166666666666667e-01,-1,-1,5.6388888888889155e-04,wind_direction:18.4_m:degrees
1166,-2,-2.0000000000000000e+00,-2.4181818181818179e-01,-1,-1,8.5123966942150797e-04,wind_direction:18.4_m:degrees
1167,-2,-2.0000000000000000e+00,-3.0666666666666664e-01,-1,-1,8.8888888888902229e-05,wind_direction:18.4_m:degrees
1168,-2,-2.0000000000000000e+00,-2.0499999999999999e-01,-1,-1,1.7249999999999974e-03,wind_direction:18.4_m:degrees
1169,4,4.3602085113525391e+00,-9.7160493827160480e-02,1499,1500,7.8082609358330266e-04,mixing_ratio:18.4_m:g_kg-1
1170,-2,-2.0000000000000000e+00,-1.3300000000000001e-01,-1,-1,4.7099999999997838e-04,wind_direction:18.4_m:degrees
1171,-2,-2.0000000000000000e+00,-2.1517241379310345e-01,-1,-1,1.8042806183115184e-03,wind_direction:18.4_m:degrees
1172,-2,-2.0000000000000000e+00,-3.2000000000000001e-01,-1,-1,4.1633363423443370e-17,wind_direction:18.4_m:degrees
1173,-2,-2.0000000000000000e+00,-2.2000000000000000e-01,-1,-1,0.0000000000000000e+00,wind_direction:18.4_m:degrees
1174,-2,-2.0000000000000000e+00,-7.5652173913043519e-02,-1,-1,7.1153119092627181e-04,wind_direction:18.4_m:degrees
1175,-2,-2.0000000000000000e+00,-1.2333333333333334e-01,-1,-1,4.5555555555555280e-04,wind_direction:18.4_m:degrees
1176,12,-8.4021802991628647e-02,-1.8472727272727268e-01,1507,1508,1.5703801652892369e-03,bulk_richardson:18.4_m:none
1177,-2,-2.0000000000000000e+00,-6.3848580441640324e-02,-1,-1,7.1641871249590074e-04,wind_direction:18.4_m:degrees
1178,-2,-2.0000000000000000e+00,-4.0909090909090930e-02,-1,-1,6.2190082644627718e-04,wind_direction:18.4_m:degrees
1179,-2,-2.0000000000000000e+00,-8.0416666666666692e-02,-1,-1,7.6232638888888444e-04,wind_direction:18.4_m:degrees
1180,1,2.3041139221191406e+02,-1.2037037037037041e-01,1725,1726,8.3319615912209530e-04,azimuth:0_m:degrees
1181,-2,-2.0000000000000000e+00,-1.7000000000000001e-01,-1,-1,7.9999999999998822e-04,wind_direction:18.4_m:degrees
1182,-2,-2.0000000000000000e+00,-4.0000000000000001e-02,-1,-1,5.8546917314217239e-18,wind_direction:18.4_m:degrees
1183,-2,-2.0000000000000000e+00,-1.3000000000000000e-01,-1,-1,0.0000000000000000e+00,wind_direction:18.4_m:degrees
1184,-2,-2.0000000000000000e+00,-2.6000000000000002e-02,-1,-1,5.4400000000000000e-04,wind_direction:18.4_m:degrees
1185,-2,-2.0000000000000000e+00,-6.3400000000000001e-01,-1,-1,1.1039999999999384e-03,wind_direction:18.4_m:degrees
1186,-2,-2.0000000000000000e+00,-7.2399999999999998e-01,-1,-1,1.8399999999973993e-04,wind_direction:18.4_m:degrees
1187,6,2.3050000000000000e+02,-6.3925925925925930e-01,1343,1344,1.5327846364882602e-03,wave_direction:0_m:degrees
1188,-2,-2.0000000000000000e+00,-5.3500000000000003e-01,-1,-1,2.2500000000102993e-04,wind_direction:18.4_m:degrees
1189,-2,-2.0000000000000000e+00,-2.8000000000000004e-02,-1,-1,5.5999999999999952e-05,wind_direction:18.4_m:degrees
1190,-2,-2.0000000000000000e+00,-9.5365853658536587e-02,-1,-1,8.1023200475907435e-04,wind_direction:18.4_m:degrees
1191,-2,-2.0000000000000000e+00,-2.3265306122448991e-02,-1,-1,4.5464389837567704e-04,wind_direction:18.4_m:degrees
1192,-2,-2.0000000000000000e+00,-8.9999999999999997e-02,-1,-1,9.1999999999999374e-04,wind_direction:18.4_m:degrees
1193,-2,-2.0000000000000000e+00,-5.6111111111111112e-01,-1,-1,3.6543209876543914e-04,wind_direction:18.4_m:degrees
1194,-2,-2.0000000000000000e+00,-4.5000000000000001e-01,-1,-1,2.4999999999999190e-03,wind_direction:18.4_m:degrees
1195,4,2.2255601882934570e+00,-4.6411764705882352e-01,1521,1522,2.3536332179928954e-03,mixing_ratio:18.4_m:g_kg-1
1196,1,1.2804603576660156e+02,-5.2499999999999991e-01,1197,1198,3.1500000000000972e-03,azimuth:0_m:degrees
1197,-2,-2.0000000000000000e+00,-5.6599999999999995e-01,-1,-1,5.4400000000015547e-04,wind_direction:18.4_m:degrees
1198,-2,-2.0000000000000000e+00,-4.5666666666666672e-01,-1,-1,2.2222222222201271e-05,wind_direction:18.4_m:degrees
1199,-2,-2.0000000000000000e+00,-1.7571428571428571e-01,-1,-1,1.4959183673469399e-03,wind_direction:18.4_m:degrees
1200,-2,-2.0000000000000000e+00,-1.2000000000000000e-01,-1,-1,5.8333333333332113e-04,wind_direction:18.4_m:degrees
1201,7,3.3500000238418579e+00,-1.9595588235294104e-02,1203,1204,7.5314527465398053e-04,wave_height:0_m:m
1202,-2,-2.0000000000000000e+00,-1.2000000000000000e-01,-1,-1,-5.7245874707234634e-17,wind_direction:18.4_m:degrees
1203,10,7.2178895473480225e+00,-1.8777777777777772e-02,1475,1476,6.6776543209876580e-04,wind_speed:18.4_m:m_s-1
1204,-2,-2.0000000000000000e+00,-1.3000000000000000e-01,-1,-1,8.3266726846886741e-17,wind_direction:18.4_m:degrees
1205,5,4.9149999618530273e+01,-5.3814432989690728e-02,1219,1220,1.4009140184929355e-03,relative_humidity:18.4_m:%
1206,7,6.5000000596046448e-01,-7.6086956521739135e-02,1207,1208,2.2064272211720247e-03,wave_height:0_m:m
1207,4,3.9131332635879517e+00,-6.0392156862745114e-02,1687,1688,1.1057285659361780e-03,mixing_ratio:18.4_m:g_kg-1
1208,5,4.0000000000000000e+01,-1.2055555555555555e-01,1209,1210,2.6496913580246941e-03,relative_humidity:18.4_m:%
1209,-2,-2.0000000000000000e+00,-2.3999999999999999e-01,-1,-1,0.0000000000000000e+00,wind_direction:18.4_m:degrees
1210,-2,-2.0000000000000000e+00,-1.0562500000000000e-01,-1,-1,9.7460937500000282e-04,wind_direction:18.4_m:degrees
1211,-2,-2.0000000000000000e+00,-1.2896907216494843e-01,-1,-1,6.8965883728346056e-04,wind_direction:18.4_m:degrees
1212,0,1.1473061752319336e+02,-1.0736842105263160e-01,1811,1812,6.2991689750695017e-04,zenith:0_m:degrees
1213,1,7.3707225799560547e+01,-2.2468749999999998e-01,1215,1216,3.0811523437499905e-03,azimuth:0_m:degrees
1214,-2,-2.0000000000000000e+00,-1.4999999999999999e-01,-1,-1,1.5612511283791264e-16,wind_direction:18.4_m:degrees
1215,4,9.4401931762695312e-01,-1.9642857142857145e-01,1421,1422,3.1515306122448863e-03,mixing_ratio:18.4_m:g_kg-1
1216,10,1.0247452735900879e+01,-2.4666666666666673e-01,2003,2004,1.9222222222222279e-03,wind_speed:18.4_m:m_s-1
1217,10,1.2619623661041260e+01,-1.6947368421052636e-01,1317,1318,7.7340720221610176e-04,wind_speed:18.4_m:m_s-1
1218,12,-1.8287551589310169e-02,-1.9553191489361704e-01,2023,2024,9.8641919420546648e-04,bulk_richardson:18.4_m:none
1219,-2,-2.0000000000000000e+00,-3.6052631578947371e-02,-1,-1,4.3968144044321329e-04,wind_direction:18.4_m:degrees
1220,5,5.8100000381469727e+01,-6.5254237288135605e-02,1367,1368,1.6859523125538605e-03,relative_humidity:18.4_m:%
1221,-2,-2.0000000000000000e+00,-2.9617647058823532e-01,-1,-1,1.2000865051903370e-03,wind_direction:18.4_m:degrees
1222,-2,-2.0000000000000000e+00,-3.5833333333333334e-01,-1,-1,1.3888888888868856e-05,wind_direction:18.4_m:degrees
1223,7,6.5000000596046448e-01,-1.4055555555555557e-01,1765,1766,1.4385802469135886e-03,wave_height:0_m:m
1224,-2,-2.0000000000000000e+00,-2.0666666666666667e-01,-1,-1,8.5555555555553997e-04,wind_direction:18.4_m:degrees
1225,9,8.9364051818847656e+01,-3.7822222222222229e-01,1315,1316,2.3301728395060950e-03,angle_between_wind_wave:0_m:degrees
1226,-2,-2.0000000000000000e+00,-5.2000000000000002e-01,-1,-1,8.8817841970012523e-16,wind_direction:18.4_m:degrees
1227,8,5.0499999523162842e+00,-8.0000000000000002e-02,1477,1478,2.5428571428571444e-03,wave_period:0_m:s
1228,-2,-2.0000000000000000e+00,-1.4666666666666667e-01,-1,-1,1.3388888888888964e-03,wind_direction:18.4_m:degrees
1229,12,-2.1410573273897171e-02,-2.6000000000000001e-01,1651,1652,1.6714285714285598e-03,bulk_richardson:18.4_m:none
1230,-2,-2.0000000000000000e+00,-2.1291666666666664e-01,-1,-1,1.2539930555555273e-03,wind_direction:18.4_m:degrees
1231,-2,-2.0000000000000000e+00,-1.3000000000000000e-01,-1,-1,3.2000000000000015e-03,wind_direction:18.4_m:degrees
1232,10,3.8438259363174438e+00,-4.8367346938775486e-02,1449,1450,7.8645009024017791e-04,wind_speed:18.4_m:m_s-1
1233,6,2.3050000000000000e+02,-5.8624999999999994e-01,1235,1236,2.8734375000000756e-03,wave_direction:0_m:degrees
1234,-2,-2.0000000000000000e+00,-6.5000000000000002e-01,-1,-1,1.4999999999996683e-03,wind_direction:18.4_m:degrees
1235,-2,-2.0000000000000000e+00,-6.2600000000000000e-01,-1,-1,3.8400000000016199e-04,wind_direction:18.4_m:degrees
1236,-2,-2.0000000000000000e+00,-5.2000000000000002e-01,-1,-1,-5.5511151231257827e-17,wind_direction:18.4_m:degrees
1237,-2,-2.0000000000000000e+00,-3.5000000000000003e-01,-1,-1,6.5714285714281451e-04,wind_direction:18.4_m:degrees
1238,-2,-2.0000000000000000e+00,-4.3750000000000000e-01,-1,-1,1.6875000000005080e-04,wind_direction:18.4_m:degrees
1239,-2,-2.0000000000000000e+00,-1.6119999999999998e-01,-1,-1,6.5056000000001182e-04,wind_direction:18.4_m:degrees
1240,12,-7.3015585541725159e-02,-1.2848484848484848e-01,1241,1242,1.0583103764921914e-03,bulk_richardson:18.4_m:none
1241,-2,-2.0000000000000000e+00,-1.6214285714285714e-01,-1,-1,1.5739795918367321e-03,wind_direction:18.4_m:degrees
1242,-2,-2.0000000000000000e+00,-1.1942307692307692e-01,-1,-1,5.3235946745561896e-04,wind_direction:18.4_m:degrees
1243,9,9.0454837799072266e+01,-1.9000000000000000e-01,1519,1520,3.9555555555555594e-03,angle_between_wind_wave:0_m:degrees
1244,4,1.6981423497200012e+00,-2.3953846153846148e-01,1245,1246,2.6382485207100542e-03,mixing_ratio:18.4_m:g_kg-1
1245,5,4.3250000000000000e+01,-2.6615384615384624e-01,1247,1248,1.7544378698224339e-03,relative_humidity:18.4_m:%
1246,2,2.8071000671386719e+02,-2.2179487179487181e-01,1553,1554,2.4403681788297479e-03,water_sfc_temperature:0_m:K
1247,-2,-2.0000000000000000e+00,-2.0000000000000001e-01,-1,-1,1.7000000000000001e-03,wind_direction:18.4_m:degrees
1248,-2,-2.0000000000000000e+00,-2.7818181818181820e-01,-1,-1,8.2396694214871558e-04,wind_direction:18.4_m:degrees
1249,12,-1.6560811549425125e-02,-6.6036585365853634e-02,1865,1866,9.1173036882808648e-04,bulk_richardson:18.4_m:none
1250,-2,-2.0000000000000000e+00,-1.0615384615384618e-01,-1,-1,3.9289940828403716e-04,wind_direction:18.4_m:degrees
1251,3,1.0043000183105469e+03,-1.4000000000000001e-01,1705,1706,1.4888888888888868e-03,pressure:18.4_m:hPa
1252,6,1.9500000000000000e+02,-1.0999999999999999e-01,1253,1254,1.4339622641509637e-03,wave_direction:0_m:degrees
1253,-2,-2.0000000000000000e+00,-1.7249999999999999e-01,-1,-1,8.4375000000000769e-04,wind_direction:18.4_m:degrees
1254,-2,-2.0000000000000000e+00,-9.8888888888888887e-02,-1,-1,7.2098765432099254e-04,wind_direction:18.4_m:degrees
1255,12,1.1630624067038298e-02,-1.2155172413793101e-01,1257,1258,1.7648335315101037e-03,bulk_richardson:18.4_m:none
1256,-2,-2.0000000000000000e+00,-1.5750000000000003e-01,-1,-1,1.3287500000000348e-03,wind_direction:18.4_m:degrees
1257,10,1.3174637794494629e+01,-1.2851851851851850e-01,1259,1260,1.0237311385459559e-03,wind_speed:18.4_m:m_s-1
1258,-2,-2.0000000000000000e+00,-2.7500000000000000e-02,-1,-1,2.2687500000000234e-03,wind_direction:18.4_m:degrees
1259,-2,-2.0000000000000000e+00,-1.2065217391304349e-01,-1,-1,7.4957466918714952e-04,wind_direction:18.4_m:degrees
1260,-2,-2.0000000000000000e+00,-1.7375000000000002e-01,-1,-1,1.9843749999997468e-04,wind_direction:18.4_m:degrees
1261,-2,-2.0000000000000000e+00,-1.0363636363636365e-01,-1,-1,1.0413223140495840e-03,wind_direction:18.4_m:degrees
1262,12,-5.8339988812804222e-02,-1.5075000000000002e-01,1467,1468,1.1569374999999861e-03,bulk_richardson:18.4_m:none
1263,-2,-2.0000000000000000e+00,2.5555555555555554e-02,-1,-1,1.2913580246913577e-03,wind_direction:18.4_m:degrees
1264,-2,-2.0000000000000000e+00,-6.6666666666666666e-02,-1,-1,2.2222222222223822e-05,wind_direction:18.4_m:degrees
1265,-2,-2.0000000000000000e+00,-4.3043478260869586e-02,-1,-1,4.7769376181474796e-04,wind_direction:18.4_m:degrees
1266,3,1.0080000000000000e+03,-7.5161290322580648e-02,1807,1808,6.6368366285119145e-04,pressure:18.4_m:hPa
1267,-2,-2.0000000000000000e+00,-1.7895185342991018e-03,-1,-1,3.5308224207751960e-04,wind_direction:18.4_m:degrees
1268,3,1.0076499938964844e+03,-2.4102564102564100e-02,1269,1270,1.1824194608809860e-02,pressure:18.4_m:hPa
1269,-2,-2.0000000000000000e+00,-4.8999999999999999e-01,-1,-1,0.0000000000000000e+00,wind_direction:18.4_m:degrees
1270,-2,-2.0000000000000000e+00,1.0810810810810809e-03,-1,-1,9.6128560993425635e-05,wind_direction:18.4_m:degrees
1271,-2,-2.0000000000000000e+00,-1.8285714285714283e-01,-1,-1,1.1061224489796045e-03,wind_direction:18.4_m:degrees
1272,-2,-2.0000000000000000e+00,-1.2634146341463415e-01,-1,-1,8.0368828078524954e-04,wind_direction:18.4_m:degrees
1273,-2,-2.0000000000000000e+00,-2.8125000000000000e-01,-1,-1,3.3593750000000810e-04,wind_direction:18.4_m:degrees
1274,-2,-2.0000000000000000e+00,-3.4545454545454546e-01,-1,-1,1.4975206611569924e-03,wind_direction:18.4_m:degrees
1275,4,4.0651330947875977e+00,-8.1307692307692303e-02,1277,1278,1.2944437869822504e-03,mixing_ratio:18.4_m:g_kg-1
1276,-2,-2.0000000000000000e+00,-2.2000000000000000e-01,-1,-1,-2.8449465006019636e-16,wind_direction:18.4_m:degrees
1277,-2,-2.0000000000000000e+00,-4.3125000000000004e-02,-1,-1,1.8398437499999969e-04,wind_direction:18.4_m:degrees
1278,5,6.1300001144409180e+01,-8.6666666666666656e-02,1693,1694,1.2169590643274879e-03,relative_humidity:18.4_m:%
1279,-2,-2.0000000000000000e+00,-6.1184210526315792e-02,-1,-1,6.6307132963988906e-04,wind_direction:18.4_m:degrees
1280,-2,-2.0000000000000000e+00,-1.6000000000000000e-01,-1,-1,-9.0205620750793969e-17,wind_direction:18.4_m:degrees
1281,-2,-2.0000000000000000e+00,-8.9962121212120699e-03,-1,-1,2.9520453110652055e-04,wind_direction:18.4_m:degrees
1282,5,9.9149997711181641e+01,-1.7255936675461710e-02,1283,1284,6.5737776818595821e-04,relative_humidity:18.4_m:%
1283,2,2.9492999267578125e+02,-1.5725806451612877e-02,1561,1562,4.8845169961845430e-04,water_sfc_temperature:0_m:K
1284,4,1.3260370254516602e+01,-9.8571428571428574e-02,1569,1570,2.8979591836734570e-03,mixing_ratio:18.4_m:g_kg-1
1285,-2,-2.0000000000000000e+00,-7.8834355828220886e-03,-1,-1,3.9398641273664828e-04,wind_direction:18.4_m:degrees
1286,12,5.3783893585205078e-02,-6.9999999999999993e-02,1631,1632,3.7599999999999691e-03,bulk_richardson:18.4_m:none
1287,-2,-2.0000000000000000e+00,-3.7333333333333335e-01,-1,-1,2.2222222222201271e-05,wind_direction:18.4_m:degrees
1288,-2,-2.0000000000000000e+00,-4.6399999999999997e-01,-1,-1,7.6400000000004242e-04,wind_direction:18.4_m:degrees
1289,3,1.0147500000000000e+03,-1.2382352941176474e-01,1333,1334,1.0471453287197157e-03,pressure:18.4_m:hPa
1290,12,-8.4964055567979813e-02,-9.7154471544715473e-02,1291,1292,1.4154802035825122e-03,bulk_richardson:18.4_m:none
1291,8,5.5499999523162842e+00,-1.0250000000000001e-01,1293,1294,1.2572115384615300e-03,wave_period:0_m:s
1292,12,-6.7536201328039169e-02,-6.7894736842105272e-02,1647,1648,1.2692520775623387e-03,bulk_richardson:18.4_m:none
1293,-2,-2.0000000000000000e+00,-1.2125000000000000e-01,-1,-1,7.0593750000000170e-04,wind_direction:18.4_m:degrees
1294,6,1.9800000000000000e+02,-9.0781249999999994e-02,1295,1296,1.2447021484374918e-03,wave_direction:0_m:degrees
1295,-2,-2.0000000000000000e+00,-1.4428571428571429e-01,-1,-1,1.1959183673469383e-03,wind_direction:18.4_m:degrees
1296,-2,-2.0000000000000000e+00,-8.4210526315789444e-02,-1,-1,8.5595567867036409e-04,wind_direction:18.4_m:degrees
1297,2,2.8509500122070312e+02,-3.8875000000000004e-01,1483,1484,3.3609374999999664e-03,water_sfc_temperature:0_m:K
1298,1,1.5702329254150391e+02,-3.3379310344827584e-01,1989,1990,1.2511296076100492e-03,azimuth:0_m:degrees
1299,-2,-2.0000000000000000e+00,-3.2625000000000004e-01,-1,-1,2.9843749999992897e-04,wind_direction:18.4_m:degrees
1300,-2,-2.0000000000000000e+00,-4.3500000000000000e-01,-1,-1,1.2250000000001426e-03,wind_direction:18.4_m:degrees
1301,1,1.2335686874389648e+02,-6.6363636363636375e-02,1939,1940,1.1400236127508817e-03,azimuth:0_m:degrees
1302,9,8.9600345611572266e+01,-4.9065155807365410e-02,1729,1730,1.5648484459389028e-03,angle_between_wind_wave:0_m:degrees
1303,4,1.0336902618408203e+01,-1.6147058823529412e-01,1549,1550,1.2419550173010489e-03,mixing_ratio:18.4_m:g_kg-1
1304,-2,-2.0000000000000000e+00,-1.2434782608695653e-01,-1,-1,4.0718336483931694e-04,wind_direction:18.4_m:degrees
1305,-2,-2.0000000000000000e+00,-1.1499999999999999e-01,-1,-1,2.7500000000000441e-04,wind_direction:18.4_m:degrees
1306,-2,-2.0000000000000000e+00,-1.8916666666666671e-01,-1,-1,1.2159722222222155e-03,wind_direction:18.4_m:degrees
1307,11,3.1571499633789062e+02,-6.3866666666666672e-01,1309,1310,2.1715555555555377e-03,wind_direction:18.4_m:degrees
1308,-2,-2.0000000000000000e+00,-7.8000000000000003e-01,-1,-1,-3.3306690738754696e-16,wind_direction:18.4_m:degrees
1309,-2,-2.0000000000000000e+00,-6.5666666666666662e-01,-1,-1,1.0888888888889170e-03,wind_direction:18.4_m:degrees
1310,-2,-2.0000000000000000e+00,-5.6666666666666665e-01,-1,-1,2.2222222222201271e-05,wind_direction:18.4_m:degrees
1311,-2,-2.0000000000000000e+00,-1.1333333333333334e-01,-1,-1,4.2222222222222140e-04,wind_direction:18.4_m:degrees
1312,5,3.6399999618530273e+01,-1.9882352941176470e-01,1313,1314,2.0927335640138281e-03,relative_humidity:18.4_m:%
1313,-2,-2.0000000000000000e+00,-1.2000000000000000e-01,-1,-1,2.6666666666666852e-04,wind_direction:18.4_m:degrees
1314,-2,-2.0000000000000000e+00,-2.1571428571428569e-01,-1,-1,8.6734693877549979e-04,wind_direction:18.4_m:degrees
1315,-2,-2.0000000000000000e+00,-3.5549999999999998e-01,-1,-1,1.0947500000000054e-03,wind_direction:18.4_m:degrees
1316,6,2.2950000000000000e+02,-3.9640000000000003e-01,1859,1860,2.5750399999998064e-03,wave_direction:0_m:degrees
1317,-2,-2.0000000000000000e+00,-1.5257142857142858e-01,-1,-1,4.1338775510204456e-04,wind_direction:18.4_m:degrees
1318,-2,-2.0000000000000000e+00,-1.8390243902439027e-01,-1,-1,6.2867340868529020e-04,wind_direction:18.4_m:degrees
1319,-2,-2.0000000000000000e+00,-8.2000000000000003e-02,-1,-1,9.6000000000000599e-05,wind_direction:18.4_m:degrees
1320,8,4.3500001430511475e+00,-1.4438202247191015e-01,1321,1322,8.5607877793206916e-04,wave_period:0_m:s
1321,-2,-2.0000000000000000e+00,-1.8230769230769228e-01,-1,-1,2.1775147928995015e-04,wind_direction:18.4_m:degrees
1322,-2,-2.0000000000000000e+00,-1.3789473684210529e-01,-1,-1,6.7714681440440502e-04,wind_direction:18.4_m:degrees
1323,-2,-2.0000000000000000e+00,-1.5166666666666670e-01,-1,-1,1.8472222222222119e-03,wind_direction:18.4_m:degrees
1324,-2,-2.0000000000000000e+00,-2.1785714285714283e-01,-1,-1,9.1683673469390714e-04,wind_direction:18.4_m:degrees
1325,-2,-2.0000000000000000e+00,-5.9411764705882331e-02,-1,-1,5.1141868512110918e-04,wind_direction:18.4_m:degrees
1326,-2,-2.0000000000000000e+00,-4.0733944954128437e-02,-1,-1,3.4074572847404209e-04,wind_direction:18.4_m:degrees
1327,-2,-2.0000000000000000e+00,2.0000000000000000e-02,-1,-1,0.0000000000000000e+00,wind_direction:18.4_m:degrees
1328,-2,-2.0000000000000000e+00,-8.8571428571428565e-02,-1,-1,8.6938775510203743e-04,wind_direction:18.4_m:degrees
1329,-2,-2.0000000000000000e+00,-1.3379310344827586e-01,-1,-1,7.6147443519619662e-04,wind_direction:18.4_m:degrees
1330,-2,-2.0000000000000000e+00,-1.6931034482758617e-01,-1,-1,8.9607609988106088e-04,wind_direction:18.4_m:degrees
1331,-2,-2.0000000000000000e+00,-1.6666666666666666e-01,-1,-1,1.7555555555555623e-03,wind_direction:18.4_m:degrees
1332,-2,-2.0000000000000000e+00,-2.8999999999999998e-01,-1,-1,0.0000000000000000e+00,wind_direction:18.4_m:degrees
1333,-2,-2.0000000000000000e+00,-1.0782608695652174e-01,-1,-1,5.1266540642721722e-04,wind_direction:18.4_m:degrees
1334,-2,-2.0000000000000000e+00,-1.5727272727272729e-01,-1,-1,5.1074380165288050e-04,wind_direction:18.4_m:degrees
1335,-2,-2.0000000000000000e+00,-3.9666666666666667e-01,-1,-1,8.8888888888888351e-05,wind_direction:18.4_m:degrees
1336,8,5.2500000000000000e+00,-3.1235294117647061e-01,1337,1338,1.6532871972318175e-03,wave_period:0_m:s
1337,-2,-2.0000000000000000e+00,-3.5125000000000001e-01,-1,-1,3.8593749999998872e-04,wind_direction:18.4_m:degrees
1338,-2,-2.0000000000000000e+00,-2.7777777777777779e-01,-1,-1,2.3950617283945153e-04,wind_direction:18.4_m:degrees
1339,4,9.8580613732337952e-01,-4.9817232375979063e-02,1847,1848,5.7046267954652874e-04,mixing_ratio:18.4_m:g_kg-1
1340,-2,-2.0000000000000000e+00,-1.6470588235294115e-02,-1,-1,5.9930795847751512e-04,wind_direction:18.4_m:degrees
1341,-2,-2.0000000000000000e+00,-3.7843137254901973e-02,-1,-1,3.3456362937331688e-04,wind_direction:18.4_m:degrees
1342,-2,-2.0000000000000000e+00,-6.2835820895522393e-02,-1,-1,4.1434617955001495e-04,wind_direction:18.4_m:degrees
1343,10,1.9346865653991699e+01,-6.7300000000000004e-01,1981,1982,1.5009999999999191e-03,wind_speed:18.4_m:m_s-1
1344,-2,-2.0000000000000000e+00,-6.1941176470588244e-01,-1,-1,4.8788927335624566e-04,wind_direction:18.4_m:degrees
1345,2,2.9403498840332031e+02,-1.2708333333333327e-02,1347,1348,3.5447048611111107e-04,water_sfc_temperature:0_m:K
1346,6,1.8550000000000000e+02,-2.1448275862068895e-02,2025,2026,4.1836226714228819e-04,wave_direction:0_m:degrees
1347,-2,-2.0000000000000000e+00,-1.3566433566433559e-02,-1,-1,2.5091691525257990e-04,wind_direction:18.4_m:degrees
1348,-2,-2.0000000000000000e+00,1.1000000000000000e-01,-1,-1,-5.7245874707234634e-17,wind_direction:18.4_m:degrees
1349,-2,-2.0000000000000000e+00,-2.2500000000000003e-01,-1,-1,3.0249999999999930e-03,wind_direction:18.4_m:degrees
1350,6,2.3350000000000000e+02,-1.2689655172413797e-01,1429,1430,1.6145065398335441e-03,wave_direction:0_m:degrees
1351,-2,-2.0000000000000000e+00,-6.8918918918918909e-02,-1,-1,5.8531775018261668e-04,wind_direction:18.4_m:degrees
1352,2,2.8496499633789062e+02,-5.1906005221932075e-02,1353,1354,5.0942197438117419e-04,water_sfc_temperature:0_m:K
1353,-2,-2.0000000000000000e+00,-4.3013698630136994e-02,-1,-1,5.3201351097767013e-04,wind_direction:18.4_m:degrees
1354,9,8.8818195343017578e+01,-5.7383966244725762e-02,1775,1776,4.1678505937439801e-04,angle_between_wind_wave:0_m:degrees
1355,-2,-2.0000000000000000e+00,-9.5600000000000004e-02,-1,-1,3.3664000000000090e-04,wind_direction:18.4_m:degrees
1356,-2,-2.0000000000000000e+00,-1.3161290322580646e-01,-1,-1,1.2264308012487138e-03,wind_direction:18.4_m:degrees
1357,12,7.6183003839105368e-03,-7.2499999999999981e-02,1365,1366,6.7564655172414230e-04,bulk_richardson:18.4_m:none
1358,4,1.3716007709503174e+01,-8.7818181818181809e-02,1359,1360,8.1796694214876422e-04,mixing_ratio:18.4_m:g_kg-1
1359,4,1.2900035858154297e+01,-8.1456953642384061e-02,1363,1364,7.0118854436208855e-04,mixing_ratio:18.4_m:g_kg-1
1360,5,9.1450000762939453e+01,-1.0173913043478260e-01,1361,1362,7.9117832388153966e-04,relative_humidity:18.4_m:%
1361,-2,-2.0000000000000000e+00,-2.2000000000000000e-01,-1,-1,0.0000000000000000e+00,wind_direction:18.4_m:degrees
1362,-2,-2.0000000000000000e+00,-9.8208955223880581e-02,-1,-1,3.8485186010248258e-04,wind_direction:18.4_m:degrees
1363,11,1.4801000213623047e+02,-8.5882352941176437e-02,1601,1602,5.1539792387544220e-04,wind_direction:18.4_m:degrees
1364,-2,-2.0000000000000000e+00,-4.1333333333333340e-02,-1,-1,5.9822222222222395e-04,wind_direction:18.4_m:degrees
1365,-2,-2.0000000000000000e+00,-8.0740740740740766e-02,-1,-1,5.9451303155007122e-04,wind_direction:18.4_m:degrees
1366,-2,-2.0000000000000000e+00,-5.3428571428571457e-02,-1,-1,3.4253061224490296e-04,wind_direction:18.4_m:degrees
1367,12,-1.3158236816525459e-01,-8.9499999999999996e-02,1369,1370,1.9447500000000003e-03,bulk_richardson:18.4_m:none
1368,12,-1.0409623757004738e-01,-5.2820512820512831e-02,1843,1844,1.0971729125575243e-03,bulk_richardson:18.4_m:none
1369,-2,-2.0000000000000000e+00,-2.3000000000000001e-01,-1,-1,0.0000000000000000e+00,wind_direction:18.4_m:degrees
1370,-2,-2.0000000000000000e+00,-8.2105263157894751e-02,-1,-1,9.5346260387811632e-04,wind_direction:18.4_m:degrees
1371,12,-8.8661693036556244e-02,-1.9269230769230772e-01,1465,1466,2.0965976331360839e-03,bulk_richardson:18.4_m:none
1372,11,3.2250000000000000e+02,-1.6107142857142856e-01,1373,1374,2.5024234693877719e-03,wind_direction:18.4_m:degrees
1373,-2,-2.0000000000000000e+00,-1.4076923076923079e-01,-1,-1,1.7532544378698126e-03,wind_direction:18.4_m:degrees
1374,4,8.8407266139984131e-01,-1.7866666666666664e-01,1375,1376,2.4848888888888976e-03,mixing_ratio:18.4_m:g_kg-1
1375,-2,-2.0000000000000000e+00,-5.9999999999999998e-02,-1,-1,4.0000000000000018e-04,wind_direction:18.4_m:degrees
1376,2,2.8333999633789062e+02,-1.8714285714285711e-01,2031,2032,1.5561224489796036e-03,water_sfc_temperature:0_m:K
1377,-2,-2.0000000000000000e+00,-2.8999999999999998e-01,-1,-1,9.0000000000001190e-04,wind_direction:18.4_m:degrees
1378,5,5.2899999618530273e+01,-3.5499999999999998e-01,1891,1892,2.0821428571428657e-03,relative_humidity:18.4_m:%
1379,-2,-2.0000000000000000e+00,-4.4615384615384623e-01,-1,-1,3.4674556213010188e-04,wind_direction:18.4_m:degrees
1380,-2,-2.0000000000000000e+00,-3.7000000000000000e-01,-1,-1,9.0000000000006741e-04,wind_direction:18.4_m:degrees
1381,0,1.1602810668945312e+02,-1.2596153846153849e-01,1383,1384,1.4509985207100499e-03,zenith:0_m:degrees
1382,-2,-2.0000000000000000e+00,-2.9999999999999999e-02,-1,-1,7.9146758591441824e-17,wind_direction:18.4_m:degrees
1383,-2,-2.0000000000000000e+00,-1.1378378378378380e-01,-1,-1,7.4243973703434600e-04,wind_direction:18.4_m:degrees
1384,10,1.1806053638458252e+01,-1.5600000000000000e-01,1451,1452,1.9306666666666084e-03,wind_speed:18.4_m:m_s-1
1385,10,8.4324522018432617e+00,-3.2396694214876016e-02,1387,1388,5.5210709650980279e-04,wind_speed:18.4_m:m_s-1
1386,-2,-2.0000000000000000e+00,-4.8716216216216218e-02,-1,-1,4.7064919649379960e-04,wind_direction:18.4_m:degrees
1387,-2,-2.0000000000000000e+00,-3.6228070175438588e-02,-1,-1,2.8489535241612890e-04,wind_direction:18.4_m:degrees
1388,-2,-2.0000000000000000e+00,3.0000000000000002e-02,-1,-1,7.7142857142858197e-04,wind_direction:18.4_m:degrees
1389,-2,-2.0000000000000000e+00,-1.9333333333333333e-01,-1,-1,1.5555555555555670e-03,wind_direction:18.4_m:degrees
1390,-2,-2.0000000000000000e+00,-2.6200000000000001e-01,-1,-1,6.9599999999998829e-04,wind_direction:18.4_m:degrees
1391,-2,-2.0000000000000000e+00,-1.7499999999999999e-01,-1,-1,6.2500000000000402e-04,wind_direction:18.4_m:degrees
1392,-2,-2.0000000000000000e+00,-2.7888888888888885e-01,-1,-1,5.4320987654321584e-04,wind_direction:18.4_m:degrees
1393,9,9.0219230651855469e+01,-1.1480000000000000e-01,1803,1804,1.2996266666666645e-03,angle_between_wind_wave:0_m:degrees
1394,-2,-2.0000000000000000e+00,-2.0999999999999999e-01,-1,-1,-6.9388939039072284e-17,wind_direction:18.4_m:degrees
1395,-2,-2.0000000000000000e+00,-1.5000000000000002e-01,-1,-1,1.1058823529411684e-03,wind_direction:18.4_m:degrees
1396,2,2.8864500427246094e+02,-1.9333333333333336e-01,1397,1398,1.6317460317460605e-03,water_sfc_temperature:0_m:K
1397,-2,-2.0000000000000000e+00,-2.2545454545454546e-01,-1,-1,6.0661157024789053e-04,wind_direction:18.4_m:degrees
1398,-2,-2.0000000000000000e+00,-1.5799999999999997e-01,-1,-1,3.7600000000001521e-04,wind_direction:18.4_m:degrees
1399,-2,-2.0000000000000000e+00,-1.0000000000000001e-01,-1,-1,0.0000000000000000e+00,wind_direction:18.4_m:degrees
1400,-2,-2.0000000000000000e+00,-2.1500000000000002e-01,-1,-1,1.0249999999999912e-03,wind_direction:18.4_m:degrees
1401,-2,-2.0000000000000000e+00,-5.3166666666666673e-01,-1,-1,2.4722222222212098e-04,wind_direction:18.4_m:degrees
1402,-2,-2.0000000000000000e+00,-6.4000000000000001e-01,-1,-1,-1.1102230246251565e-16,wind_direction:18.4_m:degrees
1403,-2,-2.0000000000000000e+00,-7.7812499999999993e-02,-1,-1,8.1708984374999696e-04,wind_direction:18.4_m:degrees
1404,5,6.9200000762939453e+01,-1.1214285714285713e-01,1405,1406,1.0454081632653121e-03,relative_humidity:18.4_m:%
1405,-2,-2.0000000000000000e+00,-1.2250000000000001e-01,-1,-1,4.6875000000000215e-04,wind_direction:18.4_m:degrees
1406,-2,-2.0000000000000000e+00,-5.0000000000000003e-02,-1,-1,8.6736173798840355e-18,wind_direction:18.4_m:degrees
1407,12,-8.9132286608219147e-02,-2.2517241379310346e-01,1721,1722,1.7008323424494570e-03,bulk_richardson:18.4_m:none
1408,-2,-2.0000000000000000e+00,-3.5999999999999999e-01,-1,-1,-3.0531133177191805e-16,wind_direction:18.4_m:degrees
1409,-2,-2.0000000000000000e+00,-6.4000000000000001e-02,-1,-1,1.5440000000000011e-03,wind_direction:18.4_m:degrees
1410,-2,-2.0000000000000000e+00,-2.5454545454545462e-02,-1,-1,7.8115702479338771e-04,wind_direction:18.4_m:degrees
1411,2,2.8234500122070312e+02,-3.1538461538461550e-02,1525,1526,1.2160946745562121e-03,water_sfc_temperature:0_m:K
1412,-2,-2.0000000000000000e+00,-1.4824813325674882e-02,-1,-1,2.5253967149013555e-04,wind_direction:18.4_m:degrees
1413,-2,-2.0000000000000000e+00,-3.8000000000000000e-01,-1,-1,8.9999999999998415e-04,wind_direction:18.4_m:degrees
1414,3,1.0083999938964844e+03,-3.0879999999999996e-01,1415,1416,1.8665600000000171e-03,pressure:18.4_m:hPa
1415,4,1.5231340527534485e+00,-2.7500000000000002e-01,1823,1824,2.1850000000000203e-03,mixing_ratio:18.4_m:g_kg-1
1416,-2,-2.0000000000000000e+00,-3.3133333333333326e-01,-1,-1,3.8488888888892070e-04,wind_direction:18.4_m:degrees
1417,8,1.3500000000000000e+01,7.6923076923076901e-04,1963,1964,7.3786982248520748e-04,wave_period:0_m:s
1418,3,1.0319000244140625e+03,-1.3194444444444446e-02,1419,1420,6.4812885802469121e-04,pressure:18.4_m:hPa
1419,12,-6.5696113109588623e+00,-1.4909747292418766e-02,1571,1572,5.7517235986393714e-04,bulk_richardson:18.4_m:none
1420,-2,-2.0000000000000000e+00,3.0000000000000002e-02,-1,-1,5.4545454545453984e-04,wind_direction:18.4_m:degrees
1421,-2,-2.0000000000000000e+00,-1.1000000000000000e-01,-1,-1,0.0000000000000000e+00,wind_direction:18.4_m:degrees
1422,9,8.9059047698974609e+01,-2.1083333333333332e-01,1473,1474,2.2243055555555488e-03,angle_between_wind_wave:0_m:degrees
1423,-2,-2.0000000000000000e+00,-5.4350000000000009e-01,-1,-1,1.6227499999998951e-03,wind_direction:18.4_m:degrees
1424,5,4.4150001525878906e+01,-6.0142857142857142e-01,1425,1426,1.0355102040816300e-02,relative_humidity:18.4_m:%
1425,-2,-2.0000000000000000e+00,-8.2999999999999996e-01,-1,-1,0.0000000000000000e+00,wind_direction:18.4_m:degrees
1426,-2,-2.0000000000000000e+00,-5.6333333333333335e-01,-1,-1,1.9222222222222696e-03,wind_direction:18.4_m:degrees
1427,-2,-2.0000000000000000e+00,-1.0071428571428573e-01,-1,-1,4.4948979591836503e-04,wind_direction:18.4_m:degrees
1428,-2,-2.0000000000000000e+00,-6.2758620689655167e-02,-1,-1,9.0733254062623676e-04,wind_direction:18.4_m:degrees
1429,-2,-2.0000000000000000e+00,-1.1050000000000000e-01,-1,-1,1.0947499999999846e-03,wind_direction:18.4_m:degrees
1430,-2,-2.0000000000000000e+00,-1.6333333333333336e-01,-1,-1,8.4444444444447056e-04,wind_direction:18.4_m:degrees
1431,-2,-2.0000000000000000e+00,-1.7199999999999999e-01,-1,-1,2.1600000000000785e-04,wind_direction:18.4_m:degrees
1432,-2,-2.0000000000000000e+00,-2.3833333333333334e-01,-1,-1,1.0805555555555776e-03,wind_direction:18.4_m:degrees
1433,-2,-2.0000000000000000e+00,1.9999999999999996e-03,-1,-1,9.6000000000000002e-05,wind_direction:18.4_m:degrees
1434,-2,-2.0000000000000000e+00,8.9999999999999997e-02,-1,-1,1.7000000000000001e-03,wind_direction:18.4_m:degrees
1435,-2,-2.0000000000000000e+00,-2.0000000000000000e-02,-1,-1,4.0000000000000002e-04,wind_direction:18.4_m:degrees
1436,-2,-2.0000000000000000e+00,-1.1527777777777778e-01,-1,-1,8.4714506172839030e-04,wind_direction:18.4_m:degrees
1437,11,2.9909498596191406e+02,-1.1317073170731706e-01,1887,1888,1.0021415823914387e-03,wind_direction:18.4_m:degrees
1438,-2,-2.0000000000000000e+00,-1.9000000000000003e-01,-1,-1,-1.5959455978986625e-16,wind_direction:18.4_m:degrees
1439,-2,-2.0000000000000000e+00,-1.0500000000000001e-01,-1,-1,2.6785714285714086e-04,wind_direction:18.4_m:degrees
1440,-2,-2.0000000000000000e+00,-6.3125000000000028e-02,-1,-1,7.9023437500000057e-04,wind_direction:18.4_m:degrees
1441,-2,-2.0000000000000000e+00,-2.3666666666666666e-01,-1,-1,1.6888888888888925e-03,wind_direction:18.4_m:degrees
1442,-2,-2.0000000000000000e+00,-2.9000000000000004e-01,-1,-1,4.8888888888887205e-04,wind_direction:18.4_m:degrees
1443,-2,-2.0000000000000000e+00,-9.7000000000000003e-02,-1,-1,8.0099999999999963e-04,wind_direction:18.4_m:degrees
1444,10,8.7294535636901855e+00,-1.4342105263157892e-01,1445,1446,1.8751385041551154e-03,wind_speed:18.4_m:m_s-1
1445,-2,-2.0000000000000000e+00,-7.0000000000000007e-02,-1,-1,0.0000000000000000e+00,wind_direction:18.4_m:degrees
1446,9,9.0455875396728516e+01,-1.4971428571428574e-01,1633,1634,1.5342040816326633e-03,angle_between_wind_wave:0_m:degrees
1447,2,2.7688999938964844e+02,-4.7901785714285695e-02,1959,1960,4.3890106823979555e-04,water_sfc_temperature:0_m:K
1448,-2,-2.0000000000000000e+00,-2.5952380952380966e-02,-1,-1,5.8599773242630710e-04,wind_direction:18.4_m:degrees
1449,-2,-2.0000000000000000e+00,-1.4000000000000001e-01,-1,-1,0.0000000000000000e+00,wind_direction:18.4_m:degrees
1450,3,1.0339500122070312e+03,-4.7103448275862048e-02,1617,1618,6.7988585017836074e-04,pressure:18.4_m:hPa
1451,-2,-2.0000000000000000e+00,-1.8750000000000000e-01,-1,-1,1.1687500000000101e-03,wind_direction:18.4_m:degrees
1452,-2,-2.0000000000000000e+00,-1.2000000000000000e-01,-1,-1,3.7142857142857463e-04,wind_direction:18.4_m:degrees
1453,-2,-2.0000000000000000e+00,-7.7714285714285722e-02,-1,-1,3.8906122448979612e-04,wind_direction:18.4_m:degrees
1454,-2,-2.0000000000000000e+00,-1.3999999999999999e-01,-1,-1,9.5999999999997823e-04,wind_direction:18.4_m:degrees
1455,4,1.0762231826782227e+01,-4.2382550335570368e-02,1885,1886,3.6647110490519168e-04,mixing_ratio:18.4_m:g_kg-1
1456,-2,-2.0000000000000000e+00,-6.7333333333333328e-02,-1,-1,4.7955555555557160e-04,wind_direction:18.4_m:degrees
1457,-2,-2.0000000000000000e+00,-5.1637426900584774e-02,-1,-1,5.8445333606922320e-04,wind_direction:18.4_m:degrees
1458,12,-1.1498679872602224e-02,-9.8750000000000004e-02,1459,1460,5.1109374999999940e-03,bulk_richardson:18.4_m:none
1459,-2,-2.0000000000000000e+00,-2.3999999999999999e-01,-1,-1,0.0000000000000000e+00,wind_direction:18.4_m:degrees
1460,11,3.4233500671386719e+02,-7.8571428571428584e-02,1461,1462,2.5836734693877568e-03,wind_direction:18.4_m:degrees
1461,-2,-2.0000000000000000e+00,-2.0000000000000001e-01,-1,-1,0.0000000000000000e+00,wind_direction:18.4_m:degrees
1462,-2,-2.0000000000000000e+00,-5.8333333333333327e-02,-1,-1,1.4722222222222090e-04,wind_direction:18.4_m:degrees
1463,-2,-2.0000000000000000e+00,-1.1972222222222223e-01,-1,-1,7.6658950617283263e-04,wind_direction:18.4_m:degrees
1464,-2,-2.0000000000000000e+00,-7.1250000000000008e-02,-1,-1,3.6093750000001056e-04,wind_direction:18.4_m:degrees
1465,3,1.0071999816894531e+03,-1.8181818181818180e-01,1909,1910,1.5966942148760224e-03,pressure:18.4_m:hPa
1466,-2,-2.0000000000000000e+00,-2.5250000000000000e-01,-1,-1,6.1875000000001512e-04,wind_direction:18.4_m:degrees
1467,-2,-2.0000000000000000e+00,-1.8888888888888886e-01,-1,-1,6.0987654320988904e-04,wind_direction:18.4_m:degrees
1468,-2,-2.0000000000000000e+00,-1.3967741935483868e-01,-1,-1,7.7086368366283478e-04,wind_direction:18.4_m:degrees
1469,0,1.1192250442504883e+02,-9.2656249999999996e-02,1671,1672,6.3929850260417177e-04,zenith:0_m:degrees
1470,2,2.8959500122070312e+02,-7.8214285714285681e-02,1623,1624,1.7546683673469593e-03,water_sfc_temperature:0_m:K
1471,-2,-2.0000000000000000e+00,-2.3749999999999999e-01,-1,-1,4.6875000000000389e-04,wind_direction:18.4_m:degrees
1472,-2,-2.0000000000000000e+00,-3.4999999999999998e-01,-1,-1,0.0000000000000000e+00,wind_direction:18.4_m:degrees
1473,-2,-2.0000000000000000e+00,-1.7333333333333334e-01,-1,-1,8.2222222222224500e-04,wind_direction:18.4_m:degrees
1474,-2,-2.0000000000000000e+00,-2.4833333333333332e-01,-1,-1,8.1388888888887789e-04,wind_direction:18.4_m:degrees
1475,-2,-2.0000000000000000e+00,-9.3333333333333338e-02,-1,-1,2.2222222222222088e-05,wind_direction:18.4_m:degrees
1476,11,2.6078498840332031e+02,-1.7940074906367016e-02,1551,1552,6.1186157752247906e-04,wind_direction:18.4_m:degrees
1477,-2,-2.0000000000000000e+00,-1.3666666666666669e-01,-1,-1,8.8888888888884882e-05,wind_direction:18.4_m:degrees
1478,-2,-2.0000000000000000e+00,-3.7499999999999999e-02,-1,-1,1.6875000000000310e-04,wind_direction:18.4_m:degrees
1479,-2,-2.0000000000000000e+00,-1.5800000000000000e-01,-1,-1,8.5600000000000953e-04,wind_direction:18.4_m:degrees
1480,-2,-2.0000000000000000e+00,-2.4500000000000000e-01,-1,-1,2.2500000000000991e-04,wind_direction:18.4_m:degrees
1481,-2,-2.0000000000000000e+00,-1.6928571428571429e-01,-1,-1,4.2091836734693688e-04,wind_direction:18.4_m:degrees
1482,-2,-2.0000000000000000e+00,-2.1028571428571430e-01,-1,-1,9.1706122448979160e-04,wind_direction:18.4_m:degrees
1483,-2,-2.0000000000000000e+00,-3.7142857142857144e-01,-1,-1,1.4408163265305918e-03,wind_direction:18.4_m:degrees
1484,-2,-2.0000000000000000e+00,-5.1000000000000001e-01,-1,-1,1.1102230246251565e-16,wind_direction:18.4_m:degrees
1485,-2,-2.0000000000000000e+00,-2.0272727272727273e-01,-1,-1,1.2652892561983292e-03,wind_direction:18.4_m:degrees
1486,-2,-2.0000000000000000e+00,-1.5933333333333335e-01,-1,-1,2.8622222222224672e-04,wind_direction:18.4_m:degrees
1487,-2,-2.0000000000000000e+00,-4.1000000000000003e-01,-1,-1,2.9999999999999472e-04,wind_direction:18.4_m:degrees
1488,-2,-2.0000000000000000e+00,-4.8777777777777787e-01,-1,-1,8.3950617283939932e-04,wind_direction:18.4_m:degrees
1489,11,1.5933000183105469e+02,-1.1063157894736836e-01,1951,1952,8.3960110803324613e-04,wind_direction:18.4_m:degrees
1490,12,1.6737764235585928e-03,-1.3254545454545452e-01,1491,1492,6.5897520661153952e-04,bulk_richardson:18.4_m:none
1491,-2,-2.0000000000000000e+00,-5.9999999999999998e-02,-1,-1,-4.3368086899420177e-19,wind_direction:18.4_m:degrees
1492,-2,-2.0000000000000000e+00,-1.3673076923076927e-01,-1,-1,3.7585059171598226e-04,wind_direction:18.4_m:degrees
1493,-2,-2.0000000000000000e+00,-9.1999999999999998e-02,-1,-1,6.1599999999999849e-04,wind_direction:18.4_m:degrees
1494,-2,-2.0000000000000000e+00,-5.7487179487179449e-02,-1,-1,4.2496778435240469e-04,wind_direction:18.4_m:degrees
1495,-2,-2.0000000000000000e+00,-6.5000000000000002e-02,-1,-1,5.2499999999999943e-04,wind_direction:18.4_m:degrees
1496,-2,-2.0000000000000000e+00,-1.5918367346938779e-02,-1,-1,2.4864639733444398e-04,wind_direction:18.4_m:degrees
1497,-2,-2.0000000000000000e+00,-1.7499999999999999e-01,-1,-1,2.2500000000000644e-04,wind_direction:18.4_m:degrees
1498,-2,-2.0000000000000000e+00,-2.8000000000000003e-01,-1,-1,1.0000000000003062e-04,wind_direction:18.4_m:degrees
1499,-2,-2.0000000000000000e+00,-1.7000000000000001e-01,-1,-1,0.0000000000000000e+00,wind_direction:18.4_m:degrees
1500,-2,-2.0000000000000000e+00,-9.4358974358974335e-02,-1,-1,5.9894806048653264e-04,wind_direction:18.4_m:degrees
1501,-2,-2.0000000000000000e+00,-3.9374999999999993e-01,-1,-1,3.7343750000007336e-04,wind_direction:18.4_m:degrees
1502,-2,-2.0000000000000000e+00,-5.3000000000000003e-01,-1,-1,-3.3306690738754696e-16,wind_direction:18.4_m:degrees
1503,-2,-2.0000000000000000e+00,-1.0360054347826005e-02,-1,-1,2.6080786086661177e-04,wind_direction:18.4_m:degrees
1504,-2,-2.0000000000000000e+00,-5.1002004008015899e-03,-1,-1,2.7729456909811128e-04,wind_direction:18.4_m:degrees
1505,-2,-2.0000000000000000e+00,-1.0121794871794869e-01,-1,-1,5.7864480604865980e-04,wind_direction:18.4_m:degrees
1506,-2,-2.0000000000000000e+00,-1.0000000000000000e-02,-1,-1,-1.1777146098623792e-16,wind_direction:18.4_m:degrees
1507,-2,-2.0000000000000000e+00,-2.5666666666666665e-01,-1,-1,2.8222222222222260e-03,wind_direction:18.4_m:degrees
1508,-2,-2.0000000000000000e+00,-1.8057692307692308e-01,-1,-1,1.1823594674556306e-03,wind_direction:18.4_m:degrees
1509,-2,-2.0000000000000000e+00,-9.9090909090909118e-02,-1,-1,2.9008264462809276e-04,wind_direction:18.4_m:degrees
1510,6,2.2650000000000000e+02,-7.1165501165501091e-02,1821,1822,9.7626398465560510e-04,wave_direction:0_m:degrees
1511,-2,-2.0000000000000000e+00,-3.7124999999999997e-01,-1,-1,1.6484375000000440e-03,wind_direction:18.4_m:degrees
1512,12,-7.0891521871089935e-02,-4.2444444444444440e-01,1513,1514,2.6691358024691636e-03,bulk_richardson:18.4_m:none
1513,-2,-2.0000000000000000e+00,-4.0749999999999997e-01,-1,-1,4.1874999999999551e-04,wind_direction:18.4_m:degrees
1514,-2,-2.0000000000000000e+00,-5.6000000000000005e-01,-1,-1,5.5511151231257827e-17,wind_direction:18.4_m:degrees
1515,-2,-2.0000000000000000e+00,-2.6000000000000001e-01,-1,-1,0.0000000000000000e+00,wind_direction:18.4_m:degrees
1516,-2,-2.0000000000000000e+00,-3.9214285714285718e-01,-1,-1,4.7397959183670402e-04,wind_direction:18.4_m:degrees
1517,11,1.9948000335693359e+02,-1.1886904761904760e-01,1831,1832,6.8264951814058124e-04,wind_direction:18.4_m:degrees
1518,-2,-2.0000000000000000e+00,-8.7222222222222243e-02,-1,-1,3.4228395061723042e-04,wind_direction:18.4_m:degrees
1519,-2,-2.0000000000000000e+00,-1.5200000000000000e-01,-1,-1,2.0560000000000057e-03,wind_direction:18.4_m:degrees
1520,-2,-2.0000000000000000e+00,-2.3749999999999999e-01,-1,-1,2.2687500000000069e-03,wind_direction:18.4_m:degrees
1521,-2,-2.0000000000000000e+00,-5.1199999999999990e-01,-1,-1,2.0160000000000733e-03,wind_direction:18.4_m:degrees
1522,-2,-2.0000000000000000e+00,-4.4416666666666665e-01,-1,-1,1.1409722222222030e-03,wind_direction:18.4_m:degrees
1523,-2,-2.0000000000000000e+00,-2.9000000000000004e-01,-1,-1,1.9999999999997797e-04,wind_direction:18.4_m:degrees
1524,-2,-2.0000000000000000e+00,-2.0846153846153845e-01,-1,-1,3.8224852071003235e-04,wind_direction:18.4_m:degrees
1525,4,2.2733510732650757e+00,-4.8064516129032266e-02,1957,1958,1.1446409989594175e-03,mixing_ratio:18.4_m:g_kg-1
1526,-2,-2.0000000000000000e+00,-1.6470588235294119e-02,-1,-1,8.0519031141868360e-04,wind_direction:18.4_m:degrees
1527,-2,-2.0000000000000000e+00,-1.3684210526315794e-02,-1,-1,2.4432132963988920e-04,wind_direction:18.4_m:degrees
1528,-2,-2.0000000000000000e+00,-6.1818181818181814e-02,-1,-1,1.6033057851239747e-04,wind_direction:18.4_m:degrees
1529,2,2.8838000488281250e+02,-1.9424999999999998e-01,1531,1532,1.6194375000000150e-03,water_sfc_temperature:0_m:K
1530,-2,-2.0000000000000000e+00,-1.3399999999999998e-01,-1,-1,7.8399999999988548e-04,wind_direction:18.4_m:degrees
1531,10,1.1482129573822021e+01,-1.8406249999999999e-01,1567,1568,1.3116210937500067e-03,wind_speed:18.4_m:m_s-1
1532,-2,-2.0000000000000000e+00,-2.3499999999999999e-01,-1,-1,7.7500000000002567e-04,wind_direction:18.4_m:degrees
1533,6,2.3150000000000000e+02,-5.4285714285714291e-02,1605,1606,2.2530612244897968e-03,wave_direction:0_m:degrees
1534,0,9.7654064178466797e+01,-1.0426829268292681e-01,1535,1536,1.2781231409875089e-03,zenith:0_m:degrees
1535,-2,-2.0000000000000000e+00,-9.2156862745098045e-02,-1,-1,9.2672049211843001e-04,wind_direction:18.4_m:degrees
1536,-2,-2.0000000000000000e+00,-1.2419354838709677e-01,-1,-1,1.2178980228927921e-03,wind_direction:18.4_m:degrees
1537,-2,-2.0000000000000000e+00,-1.1777777777777779e-01,-1,-1,1.0839506172839481e-03,wind_direction:18.4_m:degrees
1538,12,-3.7816066294908524e-02,-1.6580645161290322e-01,1653,1654,1.5920915712799334e-03,bulk_richardson:18.4_m:none
1539,-2,-2.0000000000000000e+00,-4.1333333333333333e-01,-1,-1,6.2222222222224621e-04,wind_direction:18.4_m:degrees
1540,-2,-2.0000000000000000e+00,-3.1000000000000000e-01,-1,-1,-6.9388939039072284e-17,wind_direction:18.4_m:degrees
1541,-2,-2.0000000000000000e+00,-2.2111111111111112e-01,-1,-1,6.5432098765431934e-04,wind_direction:18.4_m:degrees
1542,3,9.9965002441406250e+02,-1.7166666666666663e-01,1543,1544,1.4222222222222344e-03,pressure:18.4_m:hPa
1543,-2,-2.0000000000000000e+00,-2.2199999999999998e-01,-1,-1,9.6000000000012742e-05,wind_direction:18.4_m:degrees
1544,-2,-2.0000000000000000e+00,-1.5842105263157893e-01,-1,-1,9.2908587257618802e-04,wind_direction:18.4_m:degrees
1545,5,9.8149997711181641e+01,-6.3521400778209884e-03,1547,1548,3.2200440203485281e-04,relative_humidity:18.4_m:%
1546,9,8.8006504058837891e+01,-1.2188591385331718e-02,1799,1800,2.5737537624630235e-04,angle_between_wind_wave:0_m:degrees
1547,11,1.3942500305175781e+02,-4.6029919447640923e-03,1839,1840,2.7179290244067165e-04,wind_direction:18.4_m:degrees
1548,-2,-2.0000000000000000e+00,-1.5911949685534582e-02,-1,-1,4.8831929116727939e-04,wind_direction:18.4_m:degrees
1549,-2,-2.0000000000000000e+00,-1.9500000000000001e-01,-1,-1,7.4500000000000260e-04,wind_direction:18.4_m:degrees
1550,-2,-2.0000000000000000e+00,-1.4749999999999999e-01,-1,-1,7.8541666666667037e-04,wind_direction:18.4_m:degrees
1551,-2,-2.0000000000000000e+00,-2.3446327683615813e-02,-1,-1,3.0620192154234220e-04,wind_direction:18.4_m:degrees
1552,9,9.0223617553710938e+01,-7.1111111111111123e-03,1675,1676,1.0360987654320995e-03,angle_between_wind_wave:0_m:degrees
1553,-2,-2.0000000000000000e+00,-1.3500000000000001e-01,-1,-1,1.2250000000000004e-03,wind_direction:18.4_m:degrees
1554,11,3.0615499877929688e+02,-2.2648648648648645e-01,1555,1556,2.0768444119795421e-03,wind_direction:18.4_m:degrees
1555,11,2.9753498840332031e+02,-2.4409090909090905e-01,1965,1966,1.4423553719008636e-03,wind_direction:18.4_m:degrees
1556,8,6.0499999523162842e+00,-2.0066666666666669e-01,1781,1782,1.8862222222222266e-03,wave_period:0_m:s
1557,-2,-2.0000000000000000e+00,-4.4999999999999998e-02,-1,-1,2.5000000000000282e-05,wind_direction:18.4_m:degrees
1558,-2,-2.0000000000000000e+00,7.0000000000000007e-02,-1,-1,8.6736173798840355e-19,wind_direction:18.4_m:degrees
1559,-2,-2.0000000000000000e+00,-7.4545454545454554e-02,-1,-1,1.2975206611570240e-03,wind_direction:18.4_m:degrees
1560,-2,-2.0000000000000000e+00,-1.2142857142857144e-01,-1,-1,2.8843537414966272e-04,wind_direction:18.4_m:degrees
1561,11,3.1716999816894531e+02,-1.6064690026954143e-02,1767,1768,4.4704702813841928e-04,wind_direction:18.4_m:degrees
1562,-2,-2.0000000000000000e+00,1.1000000000000000e-01,-1,-1,-1.5612511283791264e-17,wind_direction:18.4_m:degrees
1563,1,1.0008190917968750e+02,-1.6785714285714290e-01,1565,1566,1.4668367346938847e-03,azimuth:0_m:degrees
1564,-2,-2.0000000000000000e+00,-4.0000000000000001e-02,-1,-1,-1.7911019889460533e-16,wind_direction:18.4_m:degrees
1565,-2,-2.0000000000000000e+00,-1.2000000000000001e-01,-1,-1,8.3333333333333176e-04,wind_direction:18.4_m:degrees
1566,-2,-2.0000000000000000e+00,-1.8090909090909091e-01,-1,-1,8.4462809917355136e-04,wind_direction:18.4_m:degrees
1567,-2,-2.0000000000000000e+00,-1.6909090909090910e-01,-1,-1,7.7190082644629232e-04,wind_direction:18.4_m:degrees
1568,-2,-2.0000000000000000e+00,-2.1700000000000000e-01,-1,-1,9.2100000000001209e-04,wind_direction:18.4_m:degrees
1569,-2,-2.0000000000000000e+00,-1.5333333333333335e-01,-1,-1,8.8888888888884882e-05,wind_direction:18.4_m:degrees
1570,-2,-2.0000000000000000e+00,-5.7499999999999996e-02,-1,-1,1.0687499999999959e-03,wind_direction:18.4_m:degrees
1571,-2,-2.0000000000000000e+00,-1.4000000000000001e-01,-1,-1,0.0000000000000000e+00,wind_direction:18.4_m:degrees
1572,-2,-2.0000000000000000e+00,-1.4456521739130430e-02,-1,-1,5.2035680529300646e-04,wind_direction:18.4_m:degrees
1573,-2,-2.0000000000000000e+00,-1.3200000000000001e-01,-1,-1,4.7599999999999726e-04,wind_direction:18.4_m:degrees
1574,-2,-2.0000000000000000e+00,-1.9666666666666668e-01,-1,-1,1.5222222222222026e-03,wind_direction:18.4_m:degrees
1575,-2,-2.0000000000000000e+00,-5.3000000000000003e-01,-1,-1,1.2000000000000899e-03,wind_direction:18.4_m:degrees
1576,-2,-2.0000000000000000e+00,-3.9000000000000001e-01,-1,-1,-1.9428902930940239e-16,wind_direction:18.4_m:degrees
1577,-2,-2.0000000000000000e+00,-1.3400000000000001e-01,-1,-1,4.9066666666666356e-04,wind_direction:18.4_m:degrees
1578,-2,-2.0000000000000000e+00,-9.5555555555555560e-02,-1,-1,8.5802469135802875e-04,wind_direction:18.4_m:degrees
1579,-2,-2.0000000000000000e+00,-7.9000000000000004e-01,-1,-1,0.0000000000000000e+00,wind_direction:18.4_m:degrees
1580,-2,-2.0000000000000000e+00,-6.6500000000000004e-01,-1,-1,2.4999999999997247e-05,wind_direction:18.4_m:degrees
1581,7,6.5000000596046448e-01,-3.2404692082111351e-02,1875,1876,4.6782449411340073e-04,wave_height:0_m:m
1582,12,1.3386412058025599e-02,-5.5000000000000000e-02,1583,1584,1.8124999999999335e-03,bulk_richardson:18.4_m:none
1583,-2,-2.0000000000000000e+00,-1.6500000000000001e-01,-1,-1,3.0249999999999964e-03,wind_direction:18.4_m:degrees
1584,-2,-2.0000000000000000e+00,-4.7666666666666670e-02,-1,-1,8.7122222222222158e-04,wind_direction:18.4_m:degrees
1585,-2,-2.0000000000000000e+00,-1.6375000000000001e-01,-1,-1,4.2343749999999847e-04,wind_direction:18.4_m:degrees
1586,-2,-2.0000000000000000e+00,-2.2300000000000000e-01,-1,-1,1.4099999999998836e-04,wind_direction:18.4_m:degrees
1587,-2,-2.0000000000000000e+00,-1.2307692307692308e-01,-1,-1,9.2899408284023710e-04,wind_direction:18.4_m:degrees
1588,9,8.7705684661865234e+01,-1.6169811320754721e-01,1589,1590,1.4518333926664094e-03,angle_between_wind_wave:0_m:degrees
1589,-2,-2.0000000000000000e+00,-9.4000000000000000e-02,-1,-1,2.2399999999999851e-04,wind_direction:18.4_m:degrees
1590,10,1.2649547576904297e+01,-1.6874999999999998e-01,1597,1598,1.0526041666666514e-03,wind_speed:18.4_m:m_s-1
1591,-2,-2.0000000000000000e+00,-2.3950000000000005e-01,-1,-1,1.0547499999999863e-03,wind_direction:18.4_m:degrees
1592,-2,-2.0000000000000000e+00,-1.9272727272727275e-01,-1,-1,1.3107438016528652e-03,wind_direction:18.4_m:degrees
1593,-2,-2.0000000000000000e+00,-8.4210526315789472e-03,-1,-1,5.1066481994459841e-04,wind_direction:18.4_m:degrees
1594,12,-2.6480187475681305e-01,-2.5581395348837192e-02,1595,1596,6.9791779340184037e-04,bulk_richardson:18.4_m:none
1595,6,2.2650000000000000e+02,-3.7191011235955050e-02,1905,1906,8.6963767201111053e-04,wave_direction:0_m:degrees
1596,-2,-2.0000000000000000e+00,-1.3132530120481932e-02,-1,-1,2.1428364058644368e-04,wind_direction:18.4_m:degrees
1597,-2,-2.0000000000000000e+00,-1.4555555555555555e-01,-1,-1,5.5802469135803057e-04,wind_direction:18.4_m:degrees
1598,-2,-2.0000000000000000e+00,-1.8266666666666670e-01,-1,-1,8.3288888888890383e-04,wind_direction:18.4_m:degrees
1599,-2,-2.0000000000000000e+00,-3.4333333333333332e-01,-1,-1,1.7888888888889093e-03,wind_direction:18.4_m:degrees
1600,-2,-2.0000000000000000e+00,-2.8571428571428570e-01,-1,-1,6.6258503401367408e-04,wind_direction:18.4_m:degrees
1601,-2,-2.0000000000000000e+00,-5.7647058823529419e-02,-1,-1,6.4152249134948047e-04,wind_direction:18.4_m:degrees
1602,-2,-2.0000000000000000e+00,-8.9915966386554622e-02,-1,-1,3.6721982910812266e-04,wind_direction:18.4_m:degrees
1603,-2,-2.0000000000000000e+00,-2.1892857142857144e-01,-1,-1,8.8813775510204751e-04,wind_direction:18.4_m:degrees
1604,-2,-2.0000000000000000e+00,-1.4333333333333334e-01,-1,-1,3.5555555555565402e-04,wind_direction:18.4_m:degrees
1605,-2,-2.0000000000000000e+00,0.0000000000000000e+00,-1,-1,0.0000000000000000e+00,wind_direction:18.4_m:degrees
1606,-2,-2.0000000000000000e+00,-9.5000000000000015e-02,-1,-1,7.4999999999998679e-05,wind_direction:18.4_m:degrees
1607,-2,-2.0000000000000000e+00,-1.7894736842105266e-01,-1,-1,1.2199445983379492e-03,wind_direction:18.4_m:degrees
1608,10,1.1371779441833496e+01,-1.4120000000000002e-01,1609,1610,1.1945599999999765e-03,wind_speed:18.4_m:m_s-1
1609,-2,-2.0000000000000000e+00,-1.3000000000000003e-01,-1,-1,3.3333333333332785e-04,wind_direction:18.4_m:degrees
1610,-2,-2.0000000000000000e+00,-2.0000000000000001e-01,-1,-1,1.6000000000000042e-03,wind_direction:18.4_m:degrees
1611,-2,-2.0000000000000000e+00,-4.0465116279069784e-02,-1,-1,3.3931855056787419e-04,wind_direction:18.4_m:degrees
1612,-2,-2.0000000000000000e+00,-1.3000000000000000e-01,-1,-1,9.9999999999985517e-05,wind_direction:18.4_m:degrees
1613,-2,-2.0000000000000000e+00,-1.6285714285714287e-01,-1,-1,4.6530612244900099e-04,wind_direction:18.4_m:degrees
1614,-2,-2.0000000000000000e+00,-1.2947368421052632e-01,-1,-1,8.8919667590024731e-04,wind_direction:18.4_m:degrees
1615,-2,-2.0000000000000000e+00,-7.7499999999999999e-02,-1,-1,4.9375000000000027e-04,wind_direction:18.4_m:degrees
1616,-2,-2.0000000000000000e+00,-1.3600000000000001e-01,-1,-1,2.0400000000000973e-04,wind_direction:18.4_m:degrees
1617,-2,-2.0000000000000000e+00,-4.8591549295774625e-02,-1,-1,5.8534021027574056e-04,wind_direction:18.4_m:degrees
1618,-2,-2.0000000000000000e+00,2.3333333333333331e-02,-1,-1,8.8888888889013576e-05,wind_direction:18.4_m:degrees
1619,-2,-2.0000000000000000e+00,-3.1681818181818165e-02,-1,-1,5.7308057851239978e-04,wind_direction:18.4_m:degrees
1620,-2,-2.0000000000000000e+00,-1.0333333333333333e-01,-1,-1,6.8888888888890380e-04,wind_direction:18.4_m:degrees
1621,6,2.2950000000000000e+02,-3.9264705882352946e-01,1673,1674,1.5782871972317147e-03,wave_direction:0_m:degrees
1622,-2,-2.0000000000000000e+00,-3.2750000000000001e-01,-1,-1,4.6875000000072553e-04,wind_direction:18.4_m:degrees
1623,2,2.8913499450683594e+02,-7.2429906542056027e-02,1625,1626,1.8707310682155656e-03,water_sfc_temperature:0_m:K
1624,-2,-2.0000000000000000e+00,-9.6969696969696983e-02,-1,-1,9.1808999081727238e-04,wind_direction:18.4_m:degrees
1625,0,2.5200283050537109e+01,-7.5660377358490530e-02,1913,1914,7.7173371306515134e-04,zenith:0_m:degrees
1626,-2,-2.0000000000000000e+00,2.7000000000000002e-01,-1,-1,-1.8041124150158794e-16,wind_direction:18.4_m:degrees
1627,-2,-2.0000000000000000e+00,-2.2157894736842104e-01,-1,-1,1.0554016620498291e-03,wind_direction:18.4_m:degrees
1628,-2,-2.0000000000000000e+00,-1.6714285714285712e-01,-1,-1,1.2204081632653380e-03,wind_direction:18.4_m:degrees
1629,-2,-2.0000000000000000e+00,-1.1833333333333335e-01,-1,-1,3.4722222222221752e-04,wind_direction:18.4_m:degrees
1630,-2,-2.0000000000000000e+00,-1.7099999999999999e-01,-1,-1,1.2290000000000079e-03,wind_direction:18.4_m:degrees
1631,-2,-2.0000000000000000e+00,-1.7999999999999999e-01,-1,-1,0.0000000000000000e+00,wind_direction:18.4_m:degrees
1632,-2,-2.0000000000000000e+00,-4.2499999999999996e-02,-1,-1,9.1875000000000030e-04,wind_direction:18.4_m:degrees
1633,-2,-2.0000000000000000e+00,-1.6666666666666671e-01,-1,-1,1.1936507936507711e-03,wind_direction:18.4_m:degrees
1634,-2,-2.0000000000000000e+00,-1.2428571428571429e-01,-1,-1,9.6734693877552347e-04,wind_direction:18.4_m:degrees
1635,-2,-2.0000000000000000e+00,-2.6500000000000001e-01,-1,-1,1.8499999999999073e-04,wind_direction:18.4_m:degrees
1636,-2,-2.0000000000000000e+00,-3.1249999999999994e-01,-1,-1,5.6875000000010389e-04,wind_direction:18.4_m:degrees
1637,-2,-2.0000000000000000e+00,-3.9000000000000001e-01,-1,-1,0.0000000000000000e+00,wind_direction:18.4_m:degrees
1638,-2,-2.0000000000000000e+00,-5.4000000000000004e-01,-1,-1,5.5511151231257827e-17,wind_direction:18.4_m:degrees
1639,-2,-2.0000000000000000e+00,-6.0000000000000005e-02,-1,-1,9.9999999999999395e-05,wind_direction:18.4_m:degrees
1640,-2,-2.0000000000000000e+00,-2.0999999999999999e-01,-1,-1,0.0000000000000000e+00,wind_direction:18.4_m:degrees
1641,-2,-2.0000000000000000e+00,-9.5000000000000001e-02,-1,-1,6.2500000000000056e-04,wind_direction:18.4_m:degrees
1642,-2,-2.0000000000000000e+00,-1.8909090909090909e-01,-1,-1,7.7190082644629232e-04,wind_direction:18.4_m:degrees
1643,0,3.5047632217407227e+01,-4.8840579710144945e-02,1691,1692,8.3633690401176044e-04,zenith:0_m:degrees
1644,-2,-2.0000000000000000e+00,2.3333333333333331e-02,-1,-1,2.6888888888888800e-03,wind_direction:18.4_m:degrees
1645,-2,-2.0000000000000000e+00,-5.6742857142857130e-02,-1,-1,5.7739102040816172e-04,wind_direction:18.4_m:degrees
1646,-2,-2.0000000000000000e+00,-3.2903225806451615e-02,-1,-1,3.1092611862642552e-04,wind_direction:18.4_m:degrees
1647,-2,-2.0000000000000000e+00,-3.5000000000000003e-02,-1,-1,2.4999999999999979e-04,wind_direction:18.4_m:degrees
1648,-2,-2.0000000000000000e+00,-9.1818181818181813e-02,-1,-1,6.5123966942148490e-04,wind_direction:18.4_m:degrees
1649,-2,-2.0000000000000000e+00,-4.7500000000000014e-02,-1,-1,3.4375000000000031e-04,wind_direction:18.4_m:degrees
1650,11,1.0944499969482422e+02,-3.0458015267175533e-02,1897,1898,5.1505739758755736e-04,wind_direction:18.4_m:degrees
1651,-2,-2.0000000000000000e+00,-1.7999999999999999e-01,-1,-1,0.0000000000000000e+00,wind_direction:18.4_m:degrees
1652,-2,-2.0000000000000000e+00,-2.7333333333333332e-01,-1,-1,7.0555555555554261e-04,wind_direction:18.4_m:degrees
1653,-2,-2.0000000000000000e+00,-1.8444444444444447e-01,-1,-1,1.0024691358024446e-03,wind_direction:18.4_m:degrees
1654,-2,-2.0000000000000000e+00,-1.4000000000000004e-01,-1,-1,1.2615384615384875e-03,wind_direction:18.4_m:degrees
1655,4,7.4984500408172607e+00,-2.5288041319030723e-02,1657,1658,2.8331989274678945e-04,mixing_ratio:18.4_m:g_kg-1
1656,-2,-2.0000000000000000e+00,-4.1785714285714294e-02,-1,-1,1.7181122448980675e-04,wind_direction:18.4_m:degrees
1657,12,-1.2003021780401468e-02,-3.0411449016100090e-02,1659,1660,3.8212051292719216e-04,bulk_richardson:18.4_m:none
1658,8,4.3500001430511475e+00,-2.3825331971399497e-02,1661,1662,2.4547919485913311e-04,wave_period:0_m:s
1659,3,1.0136500244140625e+03,-3.5045871559632957e-02,1663,1664,4.0726089274191425e-04,pressure:18.4_m:hPa
1660,-2,-2.0000000000000000e+00,-2.3879310344827546e-02,-1,-1,2.7374405469680072e-04,wind_direction:18.4_m:degrees
1661,-2,-2.0000000000000000e+00,-2.8858350951374147e-02,-1,-1,2.2068395246034741e-04,wind_direction:18.4_m:degrees
1662,-2,-2.0000000000000000e+00,-2.2222222222222174e-02,-1,-1,2.4273849607181182e-04,wind_direction:18.4_m:degrees
1663,-2,-2.0000000000000000e+00,-5.2558139534883724e-02,-1,-1,3.8182801514332005e-04,wind_direction:18.4_m:degrees
1664,-2,-2.0000000000000000e+00,-3.2394366197183055e-02,-1,-1,3.5764729220393271e-04,wind_direction:18.4_m:degrees
1665,1,3.2795864868164062e+02,-2.0117647058823535e-01,1947,1948,1.5515570934256026e-03,azimuth:0_m:degrees
1666,-2,-2.0000000000000000e+00,-2.4615384615384617e-01,-1,-1,9.9289940828403700e-04,wind_direction:18.4_m:degrees
1667,-2,-2.0000000000000000e+00,-4.8187500000000005e-01,-1,-1,1.3652343750000517e-03,wind_direction:18.4_m:degrees
1668,4,1.4248535633087158e+00,-5.2600000000000002e-01,1669,1670,4.0639999999999565e-03,mixing_ratio:18.4_m:g_kg-1
1669,-2,-2.0000000000000000e+00,-3.7000000000000000e-01,-1,-1,0.0000000000000000e+00,wind_direction:18.4_m:degrees
1670,-2,-2.0000000000000000e+00,-5.4333333333333333e-01,-1,-1,1.5111111111111852e-03,wind_direction:18.4_m:degrees
1671,12,8.2894340157508850e-03,-9.8432835820895487e-02,1771,1772,6.2067832479393605e-04,bulk_richardson:18.4_m:none
1672,-2,-2.0000000000000000e+00,-7.9310344827586185e-02,-1,-1,4.2711058263971997e-04,wind_direction:18.4_m:degrees
1673,-2,-2.0000000000000000e+00,-4.0904761904761905e-01,-1,-1,9.5147392290242938e-04,wind_direction:18.4_m:degrees
1674,-2,-2.0000000000000000e+00,-3.6615384615384622e-01,-1,-1,1.4544378698224114e-03,wind_direction:18.4_m:degrees
1675,-2,-2.0000000000000000e+00,3.5849056603773585e-03,-1,-1,5.8148807404770396e-04,wind_direction:18.4_m:degrees
1676,2,2.7616000366210938e+02,-2.2432432432432436e-02,1677,1678,1.2886778670562452e-03,water_sfc_temperature:0_m:K
1677,-2,-2.0000000000000000e+00,-1.0333333333333333e-01,-1,-1,1.0888888888888892e-03,wind_direction:18.4_m:degrees
1678,-2,-2.0000000000000000e+00,-1.5294117647058824e-02,-1,-1,6.7785467128027635e-04,wind_direction:18.4_m:degrees
1679,-2,-2.0000000000000000e+00,-5.8124999999999993e-01,-1,-1,6.3593750000007221e-04,wind_direction:18.4_m:degrees
1680,-2,-2.0000000000000000e+00,-7.0999999999999996e-01,-1,-1,-2.2204460492503131e-16,wind_direction:18.4_m:degrees
1681,-2,-2.0000000000000000e+00,-3.0000000000000006e-02,-1,-1,8.7999999999999960e-04,wind_direction:18.4_m:degrees
1682,-2,-2.0000000000000000e+00,-8.5423728813559349e-02,-1,-1,5.2821028440103689e-04,wind_direction:18.4_m:degrees
1683,-2,-2.0000000000000000e+00,-2.2285714285714286e-01,-1,-1,8.2040816326530569e-04,wind_direction:18.4_m:degrees
1684,-2,-2.0000000000000000e+00,-3.2000000000000001e-01,-1,-1,-8.3266726846886741e-17,wind_direction:18.4_m:degrees
1685,5,6.2950000762939453e+01,-2.8142857142857142e-01,1759,1760,2.1551020408163424e-03,relative_humidity:18.4_m:%
1686,-2,-2.0000000000000000e+00,-2.2789473684210526e-01,-1,-1,1.0692520775623243e-03,wind_direction:18.4_m:degrees
1687,4,3.1165119409561157e+00,-5.3636363636363656e-02,1689,1690,9.2768595041322222e-04,mixing_ratio:18.4_m:g_kg-1
1688,-2,-2.0000000000000000e+00,-1.0285714285714287e-01,-1,-1,1.3469387755100405e-04,wind_direction:18.4_m:degrees
1689,-2,-2.0000000000000000e+00,-6.0256410256410271e-02,-1,-1,6.4865220249835402e-04,wind_direction:18.4_m:degrees
1690,-2,-2.0000000000000000e+00,-1.9999999999999996e-03,-1,-1,9.6000000000011359e-05,wind_direction:18.4_m:degrees
1691,-2,-2.0000000000000000e+00,-1.6666666666666668e-03,-1,-1,1.4722222222222220e-04,wind_direction:18.4_m:degrees
1692,-2,-2.0000000000000000e+00,-5.3333333333333337e-02,-1,-1,6.6984126984126783e-04,wind_direction:18.4_m:degrees
1693,-2,-2.0000000000000000e+00,-5.6428571428571439e-02,-1,-1,4.9438775510203927e-04,wind_direction:18.4_m:degrees
1694,1,1.1331914138793945e+02,-9.0899999999999981e-02,1977,1978,1.1721900000000052e-03,azimuth:0_m:degrees
1695,-2,-2.0000000000000000e+00,-5.1333333333333331e-01,-1,-1,8.8888888888694062e-05,wind_direction:18.4_m:degrees
1696,-2,-2.0000000000000000e+00,-4.2999999999999999e-01,-1,-1,0.0000000000000000e+00,wind_direction:18.4_m:degrees
1697,-2,-2.0000000000000000e+00,-2.9249999999999998e-01,-1,-1,4.1875000000000939e-04,wind_direction:18.4_m:degrees
1698,2,2.8344500732421875e+02,-3.6153846153846153e-01,1833,1834,2.0899408284024146e-03,water_sfc_temperature:0_m:K
1699,-2,-2.0000000000000000e+00,-8.2142857142857139e-03,-1,-1,5.6466836734693883e-04,wind_direction:18.4_m:degrees
1700,6,2.2300000000000000e+02,3.2307692307692308e-02,1915,1916,1.0331360946745558e-03,wave_direction:0_m:degrees
1701,10,1.0560154438018799e+01,-2.3533333333333331e-01,1967,1968,1.4515555555555532e-03,wind_speed:18.4_m:m_s-1
1702,-2,-2.0000000000000000e+00,-3.5999999999999999e-01,-1,-1,-8.3266726846886741e-17,wind_direction:18.4_m:degrees
1703,-2,-2.0000000000000000e+00,-6.8920086393088512e-02,-1,-1,3.9062644318909549e-04,wind_direction:18.4_m:degrees
1704,-2,-2.0000000000000000e+00,-7.8990384615384573e-02,-1,-1,4.2157683062133810e-04,wind_direction:18.4_m:degrees
1705,-2,-2.0000000000000000e+00,-7.3333333333333348e-02,-1,-1,2.2222222222221220e-05,wind_direction:18.4_m:degrees
1706,9,9.0319019317626953e+01,-1.4606060606060606e-01,1707,1708,1.1814508723599661e-03,angle_between_wind_wave:0_m:degrees
1707,-2,-2.0000000000000000e+00,-1.2631578947368424e-01,-1,-1,7.8116343490304552e-04,wind_direction:18.4_m:degrees
1708,-2,-2.0000000000000000e+00,-1.7285714285714285e-01,-1,-1,4.7755102040815747e-04,wind_direction:18.4_m:degrees
1709,-2,-2.0000000000000000e+00,-1.0999999999999999e-01,-1,-1,4.1428571428570732e-04,wind_direction:18.4_m:degrees
1710,-2,-2.0000000000000000e+00,-1.8666666666666668e-01,-1,-1,5.5555555555556607e-04,wind_direction:18.4_m:degrees
1711,2,2.9072999572753906e+02,-1.0950704225352112e-01,1713,1714,1.1948274151953962e-03,water_sfc_temperature:0_m:K
1712,-2,-2.0000000000000000e+00,-7.3333333333333348e-02,-1,-1,1.1388888888888829e-03,wind_direction:18.4_m:degrees
1713,9,8.8082389831542969e+01,-1.1192592592592590e-01,1715,1716,1.1074019204389551e-03,angle_between_wind_wave:0_m:degrees
1714,-2,-2.0000000000000000e+00,-6.2857142857142861e-02,-1,-1,5.9183673469392472e-04,wind_direction:18.4_m:degrees
1715,-2,-2.0000000000000000e+00,-1.4461538461538462e-01,-1,-1,9.1715976331360749e-04,wind_direction:18.4_m:degrees
1716,9,8.8191673278808594e+01,-1.0844262295081965e-01,1719,1720,1.0016729373824272e-03,angle_between_wind_wave:0_m:degrees
1717,-2,-2.0000000000000000e+00,-7.0999999999999996e-01,-1,-1,0.0000000000000000e+00,wind_direction:18.4_m:degrees
1718,-2,-2.0000000000000000e+00,-5.4000000000000004e-01,-1,-1,5.5511151231257827e-17,wind_direction:18.4_m:degrees
1719,-2,-2.0000000000000000e+00,-4.0000000000000001e-02,-1,-1,0.0000000000000000e+00,wind_direction:18.4_m:degrees
1720,-2,-2.0000000000000000e+00,-1.1016806722689075e-01,-1,-1,9.0585410634842593e-04,wind_direction:18.4_m:degrees
1721,-2,-2.0000000000000000e+00,-2.7400000000000002e-01,-1,-1,1.8399999999997585e-04,wind_direction:18.4_m:degrees
1722,6,2.2750000000000000e+02,-2.1499999999999997e-01,1867,1868,1.4166666666666772e-03,wave_direction:0_m:degrees
1723,-2,-2.0000000000000000e+00,-2.0999999999999999e-01,-1,-1,0.0000000000000000e+00,wind_direction:18.4_m:degrees
1724,-2,-2.0000000000000000e+00,-3.2999999999999996e-01,-1,-1,8.9999999999992863e-04,wind_direction:18.4_m:degrees
1725,-2,-2.0000000000000000e+00,-1.4818181818181819e-01,-1,-1,3.9669421487603315e-04,wind_direction:18.4_m:degrees
1726,-2,-2.0000000000000000e+00,-1.0125000000000002e-01,-1,-1,2.3593749999999483e-04,wind_direction:18.4_m:degrees
1727,-2,-2.0000000000000000e+00,-1.5500000000000000e-01,-1,-1,7.4999999999998679e-05,wind_direction:18.4_m:degrees
1728,-2,-2.0000000000000000e+00,-8.5833333333333359e-02,-1,-1,9.2430555555555061e-04,wind_direction:18.4_m:degrees
1729,3,1.0221000061035156e+03,-3.9009900990099017e-02,1737,1738,1.3930791098911864e-03,pressure:18.4_m:hPa
1730,7,9.4999998807907104e-01,-5.3095238095238063e-02,1731,1732,1.5769274376417263e-03,wave_height:0_m:m
1731,4,2.0561159849166870e+00,-4.7185929648241171e-02,1747,1748,1.2121815105679201e-03,mixing_ratio:18.4_m:g_kg-1
1732,3,1.0022500000000000e+03,-7.5283018867924517e-02,1733,1734,2.3230331078675781e-03,pressure:18.4_m:hPa
1733,5,6.6600000381469727e+01,-1.6333333333333333e-01,1735,1736,8.8888888888888941e-03,relative_humidity:18.4_m:%
1734,6,1.7150000000000000e+02,-7.0000000000000007e-02,1743,1744,1.4360000000000006e-03,wave_direction:0_m:degrees
1735,-2,-2.0000000000000000e+00,-2.3000000000000001e-01,-1,-1,0.0000000000000000e+00,wind_direction:18.4_m:degrees
1736,-2,-2.0000000000000000e+00,-2.9999999999999999e-02,-1,-1,-2.1684043449710089e-19,wind_direction:18.4_m:degrees
1737,6,2.0150000000000000e+02,-4.2765957446808507e-02,1739,1740,1.1838388411045734e-03,wave_direction:0_m:degrees
1738,-2,-2.0000000000000000e+00,1.1428571428571429e-02,-1,-1,1.4693877551020230e-03,wind_direction:18.4_m:degrees
1739,-2,-2.0000000000000000e+00,-3.0192307692307699e-02,-1,-1,8.5957840236686536e-04,wind_direction:18.4_m:degrees
1740,5,3.6250000000000000e+01,-5.8333333333333348e-02,1741,1742,1.1472222222222235e-03,relative_humidity:18.4_m:%
1741,-2,-2.0000000000000000e+00,1.0000000000000000e-02,-1,-1,1.4000000000000002e-03,wind_direction:18.4_m:degrees
1742,-2,-2.0000000000000000e+00,-6.3589743589743605e-02,-1,-1,7.4095989480604807e-04,wind_direction:18.4_m:degrees
1743,2,2.9031500244140625e+02,-1.1285714285714285e-01,1745,1746,2.7632653061224512e-03,water_sfc_temperature:0_m:K
1744,-2,-2.0000000000000000e+00,-6.3023255813953502e-02,-1,-1,8.7225527312060486e-04,wind_direction:18.4_m:degrees
1745,-2,-2.0000000000000000e+00,-9.3333333333333324e-02,-1,-1,5.5555555555555740e-04,wind_direction:18.4_m:degrees
1746,-2,-2.0000000000000000e+00,-2.3000000000000001e-01,-1,-1,1.3877787807814457e-17,wind_direction:18.4_m:degrees
1747,10,6.5018417835235596e+00,-6.0166666666666674e-02,1755,1756,1.1416388888888891e-03,wind_speed:18.4_m:m_s-1
1748,12,-1.7406302690505981e-01,-4.1582733812949621e-02,1749,1750,1.1385021479219553e-03,bulk_richardson:18.4_m:none
1749,-2,-2.0000000000000000e+00,3.0000000000000002e-02,-1,-1,8.6666666666666684e-04,wind_direction:18.4_m:degrees
1750,3,1.0035499877929688e+03,-4.3161764705882344e-02,1751,1752,1.0289738321799310e-03,pressure:18.4_m:hPa
1751,-2,-2.0000000000000000e+00,-7.2105263157894742e-02,-1,-1,7.6398891966759051e-04,wind_direction:18.4_m:degrees
1752,5,6.1850000381469727e+01,-3.8461538461538464e-02,1753,1754,9.1387245233399083e-04,relative_humidity:18.4_m:%
1753,-2,-2.0000000000000000e+00,-2.4897959183673476e-02,-1,-1,6.9029571012078244e-04,wind_direction:18.4_m:degrees
1754,-2,-2.0000000000000000e+00,-4.8235294117647071e-02,-1,-1,8.4688581314879040e-04,wind_direction:18.4_m:degrees
1755,9,8.9887817382812500e+01,-4.1923076923076924e-02,1999,2000,8.5399408284023669e-04,angle_between_wind_wave:0_m:degrees
1756,-2,-2.0000000000000000e+00,-7.4117647058823538e-02,-1,-1,9.1245674740484447e-04,wind_direction:18.4_m:degrees
1757,-2,-2.0000000000000000e+00,-6.3157894736842107e-02,-1,-1,7.7950138504155175e-04,wind_direction:18.4_m:degrees
1758,0,1.6054016876220703e+02,-3.5154867256637065e-02,1985,1986,6.2143619312397943e-04,zenith:0_m:degrees
1759,-2,-2.0000000000000000e+00,-2.0999999999999999e-01,-1,-1,0.0000000000000000e+00,wind_direction:18.4_m:degrees
1760,-2,-2.0000000000000000e+00,-3.0999999999999994e-01,-1,-1,1.5999999999999348e-04,wind_direction:18.4_m:degrees
1761,-2,-2.0000000000000000e+00,-1.7541666666666657e-02,-1,-1,5.1603993055555615e-04,wind_direction:18.4_m:degrees
1762,4,5.1003491878509521e+00,-2.6417910447761105e-02,1809,1810,2.5066931286580067e-04,mixing_ratio:18.4_m:g_kg-1
1763,2,2.8523500061035156e+02,-1.2324074074074079e-01,1777,1778,1.2978309327846271e-03,water_sfc_temperature:0_m:K
1764,-2,-2.0000000000000000e+00,-9.8275862068965533e-02,-1,-1,7.1771700356719134e-04,wind_direction:18.4_m:degrees
1765,-2,-2.0000000000000000e+00,-2.2000000000000000e-01,-1,-1,8.9999999999999802e-04,wind_direction:18.4_m:degrees
1766,-2,-2.0000000000000000e+00,-1.3062500000000002e-01,-1,-1,6.1835937499999175e-04,wind_direction:18.4_m:degrees
1767,3,1.0170499877929688e+03,-1.5609756097560951e-02,2033,2034,3.5687751999471354e-04,pressure:18.4_m:hPa
1768,5,8.8199996948242188e+01,-1.0000000000000001e-01,1769,1770,9.9999999999999863e-03,relative_humidity:18.4_m:%
1769,-2,-2.0000000000000000e+00,-2.0000000000000001e-01,-1,-1,0.0000000000000000e+00,wind_direction:18.4_m:degrees
1770,-2,-2.0000000000000000e+00,0.0000000000000000e+00,-1,-1,0.0000000000000000e+00,wind_direction:18.4_m:degrees
1771,-2,-2.0000000000000000e+00,-1.0623529411764705e-01,-1,-1,4.8229757785469250e-04,wind_direction:18.4_m:degrees
1772,-2,-2.0000000000000000e+00,-8.4897959183673502e-02,-1,-1,5.7192836318198294e-04,wind_direction:18.4_m:degrees
1773,-2,-2.0000000000000000e+00,-5.5833333333333346e-01,-1,-1,4.1388888888910236e-04,wind_direction:18.4_m:degrees
1774,-2,-2.0000000000000000e+00,-4.2999999999999999e-01,-1,-1,-3.0531133177191805e-16,wind_direction:18.4_m:degrees
1775,-2,-2.0000000000000000e+00,-4.0000000000000015e-02,-1,-1,3.4871794871794786e-04,wind_direction:18.4_m:degrees
1776,-2,-2.0000000000000000e+00,-6.0808080808080825e-02,-1,-1,3.5894296500356675e-04,wind_direction:18.4_m:degrees
1777,11,3.1664500427246094e+02,-1.1847826086956523e-01,1779,1780,1.1759451795841005e-03,wind_direction:18.4_m:degrees
1778,-2,-2.0000000000000000e+00,-1.5062500000000001e-01,-1,-1,1.1183593749999853e-03,wind_direction:18.4_m:degrees
1779,-2,-2.0000000000000000e+00,-1.3454545454545455e-01,-1,-1,9.7933884297520327e-04,wind_direction:18.4_m:degrees
1780,-2,-2.0000000000000000e+00,-1.0375000000000001e-01,-1,-1,9.0260416666665746e-04,wind_direction:18.4_m:degrees
1781,-2,-2.0000000000000000e+00,-1.7899999999999996e-01,-1,-1,8.4899999999999559e-04,wind_direction:18.4_m:degrees
1782,-2,-2.0000000000000000e+00,-2.4399999999999999e-01,-1,-1,1.1440000000000131e-03,wind_direction:18.4_m:degrees
1783,-2,-2.0000000000000000e+00,-1.9333333333333336e-01,-1,-1,2.2222222222215149e-05,wind_direction:18.4_m:degrees
1784,-2,-2.0000000000000000e+00,-8.5000000000000006e-02,-1,-1,2.2500000000001165e-04,wind_direction:18.4_m:degrees
1785,12,-1.2097291648387909e-01,-7.4722222222222232e-02,1789,1790,1.0915895061728376e-03,bulk_richardson:18.4_m:none
1786,7,1.6500000357627869e+00,-9.8888888888888887e-02,1787,1788,1.3570987654320955e-03,wave_height:0_m:m
1787,10,7.6565527915954590e+00,-9.4000000000000000e-02,1819,1820,1.0886153846153858e-03,wind_speed:18.4_m:m_s-1
1788,-2,-2.0000000000000000e+00,-1.4428571428571429e-01,-1,-1,1.5673469387754817e-03,wind_direction:18.4_m:degrees
1789,-2,-2.0000000000000000e+00,-1.1000000000000000e-01,-1,-1,2.6666666666666852e-04,wind_direction:18.4_m:degrees
1790,-2,-2.0000000000000000e+00,-6.2962962962962971e-02,-1,-1,8.1344307270232816e-04,wind_direction:18.4_m:degrees
1791,-2,-2.0000000000000000e+00,-1.6000000000000000e-01,-1,-1,0.0000000000000000e+00,wind_direction:18.4_m:degrees
1792,-2,-2.0000000000000000e+00,-3.0499999999999999e-01,-1,-1,2.4999999999997247e-05,wind_direction:18.4_m:degrees
1793,1,1.6444344329833984e+02,-9.7999999999999998e-01,1795,1796,8.1000000000001071e-03,azimuth:0_m:degrees
1794,-2,-2.0000000000000000e+00,-8.7749999999999995e-01,-1,-1,1.0187499999997351e-03,wind_direction:18.4_m:degrees
1795,-2,-2.0000000000000000e+00,-1.0700000000000001e+00,-1,-1,0.0000000000000000e+00,wind_direction:18.4_m:degrees
1796,-2,-2.0000000000000000e+00,-8.9000000000000001e-01,-1,-1,2.2204460492503131e-16,wind_direction:18.4_m:degrees
1797,-2,-2.0000000000000000e+00,-3.6428571428571442e-02,-1,-1,5.7295918367347189e-04,wind_direction:18.4_m:degrees
1798,-2,-2.0000000000000000e+00,-7.0476190476190470e-02,-1,-1,4.7120181405895401e-04,wind_direction:18.4_m:degrees
1799,5,8.5049999237060547e+01,-8.0000000000000002e-02,1801,1802,9.7999999999999997e-03,relative_humidity:18.4_m:%
1800,-2,-2.0000000000000000e+00,-1.1950934579439182e-02,-1,-1,2.0775927482749761e-04,wind_direction:18.4_m:degrees
1801,-2,-2.0000000000000000e+00,-1.0000000000000000e-02,-1,-1,0.0000000000000000e+00,wind_direction:18.4_m:degrees
1802,-2,-2.0000000000000000e+00,-2.2000000000000000e-01,-1,-1,0.0000000000000000e+00,wind_direction:18.4_m:degrees
1803,-2,-2.0000000000000000e+00,-1.2469387755102039e-01,-1,-1,1.1636817992503028e-03,wind_direction:18.4_m:degrees
1804,-2,-2.0000000000000000e+00,-9.6153846153846173e-02,-1,-1,1.0236686390532757e-03,wind_direction:18.4_m:degrees
1805,-2,-2.0000000000000000e+00,-1.2190476190476193e-01,-1,-1,3.7732426303854587e-04,wind_direction:18.4_m:degrees
1806,-2,-2.0000000000000000e+00,-9.4545454545454558e-02,-1,-1,5.7414403778039899e-04,wind_direction:18.4_m:degrees
1807,-2,-2.0000000000000000e+00,-1.0363636363636365e-01,-1,-1,2.4132231404958362e-04,wind_direction:18.4_m:degrees
1808,-2,-2.0000000000000000e+00,-5.9500000000000011e-02,-1,-1,2.0475000000000007e-04,wind_direction:18.4_m:degrees
1809,-2,-2.0000000000000000e+00,-3.5281690140845048e-02,-1,-1,5.1224459432652465e-04,wind_direction:18.4_m:degrees
1810,-2,-2.0000000000000000e+00,-2.4302521008403244e-02,-1,-1,1.6501772473695821e-04,wind_direction:18.4_m:degrees
1811,-2,-2.0000000000000000e+00,-1.0212121212121211e-01,-1,-1,4.3489439853075344e-04,wind_direction:18.4_m:degrees
1812,-2,-2.0000000000000000e+00,-1.4199999999999999e-01,-1,-1,5.3600000000004339e-04,wind_direction:18.4_m:degrees
1813,9,8.8484466552734375e+01,-2.7789473684210525e-01,1995,1996,1.4481994459834002e-03,angle_between_wind_wave:0_m:degrees
1814,-2,-2.0000000000000000e+00,-3.4250000000000003e-01,-1,-1,1.5687500000000493e-03,wind_direction:18.4_m:degrees
1815,-2,-2.0000000000000000e+00,-8.4615384615384620e-02,-1,-1,7.0177514792899281e-04,wind_direction:18.4_m:degrees
1816,-2,-2.0000000000000000e+00,-1.7500000000000002e-02,-1,-1,1.6875000000000267e-04,wind_direction:18.4_m:degrees
1817,-2,-2.0000000000000000e+00,-3.4333333333333332e-01,-1,-1,1.2888888888889227e-03,wind_direction:18.4_m:degrees
1818,-2,-2.0000000000000000e+00,-4.6999999999999997e-01,-1,-1,-8.3266726846886741e-17,wind_direction:18.4_m:degrees
1819,-2,-2.0000000000000000e+00,-5.7777777777777782e-02,-1,-1,6.1728395061728383e-04,wind_direction:18.4_m:degrees
1820,-2,-2.0000000000000000e+00,-9.9821428571428589e-02,-1,-1,9.1961096938775189e-04,wind_direction:18.4_m:degrees
1821,11,3.4582499694824219e+02,-6.8376811594202877e-02,1925,1926,8.9707540432683221e-04,wind_direction:18.4_m:degrees
1822,-2,-2.0000000000000000e+00,-8.2619047619047606e-02,-1,-1,1.1383786848072515e-03,wind_direction:18.4_m:degrees
1823,-2,-2.0000000000000000e+00,-2.3799999999999999e-01,-1,-1,1.0160000000000100e-03,wind_direction:18.4_m:degrees
1824,-2,-2.0000000000000000e+00,-3.1200000000000000e-01,-1,-1,6.1599999999993604e-04,wind_direction:18.4_m:degrees
1825,-2,-2.0000000000000000e+00,-3.4199999999999997e-01,-1,-1,2.3600000000001398e-04,wind_direction:18.4_m:degrees
1826,-2,-2.0000000000000000e+00,-4.0600000000000003e-01,-1,-1,1.4400000000006075e-04,wind_direction:18.4_m:degrees
1827,-2,-2.0000000000000000e+00,-1.0428571428571427e-01,-1,-1,9.8448979591837099e-04,wind_direction:18.4_m:degrees
1828,6,1.7650000000000000e+02,-1.4999999999999999e-01,1829,1830,2.2499999999999673e-03,wave_direction:0_m:degrees
1829,-2,-2.0000000000000000e+00,-2.9999999999999999e-02,-1,-1,0.0000000000000000e+00,wind_direction:18.4_m:degrees
1830,-2,-2.0000000000000000e+00,-1.6714285714285712e-01,-1,-1,2.2040816326530932e-04,wind_direction:18.4_m:degrees
1831,-2,-2.0000000000000000e+00,-8.1111111111111120e-02,-1,-1,1.2098765432098750e-04,wind_direction:18.4_m:degrees
1832,-2,-2.0000000000000000e+00,-1.2100628930817608e-01,-1,-1,6.2917606107354765e-04,wind_direction:18.4_m:degrees
1833,-2,-2.0000000000000000e+00,-3.9142857142857140e-01,-1,-1,1.5510204081631285e-04,wind_direction:18.4_m:degrees
1834,-2,-2.0000000000000000e+00,-3.2666666666666666e-01,-1,-1,2.0888888888888624e-03,wind_direction:18.4_m:degrees
1835,-2,-2.0000000000000000e+00,-2.4900000000000003e-01,-1,-1,6.8899999999998129e-04,wind_direction:18.4_m:degrees
1836,-2,-2.0000000000000000e+00,-1.9555555555555554e-01,-1,-1,2.9135802469135164e-04,wind_direction:18.4_m:degrees
1837,-2,-2.0000000000000000e+00,-2.0499999999999996e-01,-1,-1,1.6875000000000154e-03,wind_direction:18.4_m:degrees
1838,-2,-2.0000000000000000e+00,-1.6750000000000001e-01,-1,-1,8.8541666666662813e-04,wind_direction:18.4_m:degrees
1839,6,2.0650000000000000e+02,1.0000000000000002e-02,1841,1842,6.7118644067796606e-04,wave_direction:0_m:degrees
1840,-2,-2.0000000000000000e+00,-5.6666666666666489e-03,-1,-1,2.2603703703703702e-04,wind_direction:18.4_m:degrees
1841,-2,-2.0000000000000000e+00,6.4285714285714285e-03,-1,-1,3.8010204081632650e-04,wind_direction:18.4_m:degrees
1842,-2,-2.0000000000000000e+00,7.6666666666666675e-02,-1,-1,1.4222222222222232e-03,wind_direction:18.4_m:degrees
1843,-2,-2.0000000000000000e+00,-1.6250000000000001e-02,-1,-1,6.9843750000000006e-04,wind_direction:18.4_m:degrees
1844,-2,-2.0000000000000000e+00,-6.2258064516129051e-02,-1,-1,7.6586888657648091e-04,wind_direction:18.4_m:degrees
1845,-2,-2.0000000000000000e+00,-2.9999999999999999e-01,-1,-1,0.0000000000000000e+00,wind_direction:18.4_m:degrees
1846,-2,-2.0000000000000000e+00,-4.2222222222222222e-01,-1,-1,7.5061728395056648e-04,wind_direction:18.4_m:degrees
1847,-2,-2.0000000000000000e+00,-8.6000000000000021e-02,-1,-1,6.8399999999999885e-04,wind_direction:18.4_m:degrees
1848,-2,-2.0000000000000000e+00,-4.8847184986595127e-02,-1,-1,5.3137879234380157e-04,wind_direction:18.4_m:degrees
1849,7,1.1500000357627869e+00,-8.7118644067796569e-02,1851,1852,1.0239011778224606e-03,wave_height:0_m:m
1850,-2,-2.0000000000000000e+00,-5.5294117647058820e-02,-1,-1,2.3667820069205254e-04,wind_direction:18.4_m:degrees
1851,-2,-2.0000000000000000e+00,-1.0114285714285716e-01,-1,-1,1.0215510204081655e-03,wind_direction:18.4_m:degrees
1852,-2,-2.0000000000000000e+00,-6.6666666666666693e-02,-1,-1,3.2222222222223415e-04,wind_direction:18.4_m:degrees
1853,-2,-2.0000000000000000e+00,-9.2000000000000004e-01,-1,-1,0.0000000000000000e+00,wind_direction:18.4_m:degrees
1854,-2,-2.0000000000000000e+00,-7.8666666666666663e-01,-1,-1,5.5555555555564240e-04,wind_direction:18.4_m:degrees
1855,-2,-2.0000000000000000e+00,-2.9363057324840760e-02,-1,-1,4.6838411294575927e-04,wind_direction:18.4_m:degrees
1856,0,4.5883485794067383e+01,-4.2283950617283919e-02,1931,1932,7.6206752019510613e-04,zenith:0_m:degrees
1857,-2,-2.0000000000000000e+00,-1.1250000000000000e-01,-1,-1,3.9374999999999827e-04,wind_direction:18.4_m:degrees
1858,-2,-2.0000000000000000e+00,-7.7714285714285736e-02,-1,-1,3.7191836734693125e-04,wind_direction:18.4_m:degrees
1859,2,2.7622499084472656e+02,-4.2999999999999999e-01,1861,1862,4.8749999999999905e-03,water_sfc_temperature:0_m:K
1860,-2,-2.0000000000000000e+00,-3.8058823529411762e-01,-1,-1,7.1141868512111794e-04,wind_direction:18.4_m:degrees
1861,-2,-2.0000000000000000e+00,-3.7333333333333335e-01,-1,-1,5.5555555555555913e-04,wind_direction:18.4_m:degrees
1862,5,5.6250000000000000e+01,-4.6399999999999997e-01,1863,1864,4.3839999999999990e-03,relative_humidity:18.4_m:%
1863,-2,-2.0000000000000000e+00,-5.8999999999999997e-01,-1,-1,0.0000000000000000e+00,wind_direction:18.4_m:degrees
1864,-2,-2.0000000000000000e+00,-4.3250000000000000e-01,-1,-1,5.1874999999995675e-04,wind_direction:18.4_m:degrees
1865,-2,-2.0000000000000000e+00,-6.3870967741935458e-02,-1,-1,8.2759625390218996e-04,wind_direction:18.4_m:degrees
1866,-2,-2.0000000000000000e+00,-1.0333333333333333e-01,-1,-1,8.8888888888891647e-04,wind_direction:18.4_m:degrees
1867,-2,-2.0000000000000000e+00,-1.6250000000000001e-01,-1,-1,1.5687499999999972e-03,wind_direction:18.4_m:degrees
1868,-2,-2.0000000000000000e+00,-2.2550000000000003e-01,-1,-1,7.2475000000001705e-04,wind_direction:18.4_m:degrees
1869,-2,-2.0000000000000000e+00,-3.6499999999999999e-01,-1,-1,2.2500000000000298e-04,wind_direction:18.4_m:degrees
1870,-2,-2.0000000000000000e+00,-4.6999999999999997e-01,-1,-1,1.9999999999995022e-04,wind_direction:18.4_m:degrees
1871,-2,-2.0000000000000000e+00,-1.2692307692307694e-01,-1,-1,2.5207100591715520e-04,wind_direction:18.4_m:degrees
1872,0,5.4888589859008789e+01,-9.1694915254237300e-02,1873,1874,9.2933065211146804e-04,zenith:0_m:degrees
1873,-2,-2.0000000000000000e+00,-6.2777777777777780e-02,-1,-1,7.2006172839506315e-04,wind_direction:18.4_m:degrees
1874,-2,-2.0000000000000000e+00,-1.0439024390243903e-01,-1,-1,4.9292088042831445e-04,wind_direction:18.4_m:degrees
1875,-2,-2.0000000000000000e+00,-1.8360655737704921e-02,-1,-1,4.2682074711099179e-04,wind_direction:18.4_m:degrees
1876,-2,-2.0000000000000000e+00,-3.3784219001610223e-02,-1,-1,4.5057501666057953e-04,wind_direction:18.4_m:degrees
1877,-2,-2.0000000000000000e+00,-1.2466666666666668e-01,-1,-1,5.4488888888888296e-04,wind_direction:18.4_m:degrees
1878,-2,-2.0000000000000000e+00,-1.8400000000000000e-01,-1,-1,2.3999999999996247e-05,wind_direction:18.4_m:degrees
1879,-2,-2.0000000000000000e+00,-1.6272727272727272e-01,-1,-1,5.1074380165289091e-04,wind_direction:18.4_m:degrees
1880,4,7.3084025382995605e+00,-1.2206896551724136e-01,1881,1882,1.4577883472057032e-03,mixing_ratio:18.4_m:g_kg-1
1881,-2,-2.0000000000000000e+00,-9.0000000000000011e-02,-1,-1,3.4999999999999788e-04,wind_direction:18.4_m:degrees
1882,-2,-2.0000000000000000e+00,-1.4470588235294118e-01,-1,-1,1.0013840830449920e-03,wind_direction:18.4_m:degrees
1883,-2,-2.0000000000000000e+00,-2.3999999999999999e-01,-1,-1,0.0000000000000000e+00,wind_direction:18.4_m:degrees
1884,-2,-2.0000000000000000e+00,-1.2368421052631580e-01,-1,-1,1.0495844875346369e-03,wind_direction:18.4_m:degrees
1885,-2,-2.0000000000000000e+00,-4.8034682080924818e-02,-1,-1,4.0076180293361014e-04,wind_direction:18.4_m:degrees
1886,-2,-2.0000000000000000e+00,-3.4559999999999980e-02,-1,-1,2.1360640000001800e-04,wind_direction:18.4_m:degrees
1887,-2,-2.0000000000000000e+00,-1.2083333333333333e-01,-1,-1,6.2430555555555156e-04,wind_direction:18.4_m:degrees
1888,6,2.3050000000000000e+02,-9.2272727272727298e-02,1889,1890,1.4357438016529001e-03,wave_direction:0_m:degrees
1889,-2,-2.0000000000000000e+00,-6.8461538461538463e-02,-1,-1,5.5147928994082190e-04,wind_direction:18.4_m:degrees
1890,-2,-2.0000000000000000e+00,-1.2666666666666668e-01,-1,-1,7.1111111111111028e-04,wind_direction:18.4_m:degrees
1891,-2,-2.0000000000000000e+00,-2.8000000000000003e-01,-1,-1,3.9999999999999758e-04,wind_direction:18.4_m:degrees
1892,-2,-2.0000000000000000e+00,-3.6749999999999994e-01,-1,-1,1.2687500000000129e-03,wind_direction:18.4_m:degrees
1893,5,5.5500000000000000e+01,-1.8142857142857141e-01,1895,1896,1.6408163265306183e-03,relative_humidity:18.4_m:%
1894,9,8.9101978302001953e+01,-1.4291666666666666e-01,1937,1938,1.2456597222222122e-03,angle_between_wind_wave:0_m:degrees
1895,-2,-2.0000000000000000e+00,-2.0400000000000001e-01,-1,-1,5.0399999999999751e-04,wind_direction:18.4_m:degrees
1896,-2,-2.0000000000000000e+00,-1.2500000000000000e-01,-1,-1,2.5000000000025002e-05,wind_direction:18.4_m:degrees
1897,-2,-2.0000000000000000e+00,-7.6666666666666675e-02,-1,-1,1.6888888888888899e-03,wind_direction:18.4_m:degrees
1898,0,1.3409176635742188e+02,-2.9374999999999974e-02,1899,1900,4.3632812500000344e-04,zenith:0_m:degrees
1899,-2,-2.0000000000000000e+00,-2.7394957983193243e-02,-1,-1,3.7556669726714444e-04,wind_direction:18.4_m:degrees
1900,-2,-2.0000000000000000e+00,-5.5555555555555552e-02,-1,-1,5.0246913580246581e-04,wind_direction:18.4_m:degrees
1901,-2,-2.0000000000000000e+00,-1.2000000000000000e-01,-1,-1,0.0000000000000000e+00,wind_direction:18.4_m:degrees
1902,-2,-2.0000000000000000e+00,2.0000000000000000e-02,-1,-1,1.4636729328554310e-18,wind_direction:18.4_m:degrees
1903,-2,-2.0000000000000000e+00,-8.0000000000000016e-02,-1,-1,5.8260869565217484e-04,wind_direction:18.4_m:degrees
1904,-2,-2.0000000000000000e+00,-3.8181818181818185e-02,-1,-1,2.3305785123966605e-04,wind_direction:18.4_m:degrees
1905,-2,-2.0000000000000000e+00,-5.7083333333333347e-02,-1,-1,9.7065972222222085e-04,wind_direction:18.4_m:degrees
1906,-2,-2.0000000000000000e+00,-2.9846153846153856e-02,-1,-1,6.3228402366863963e-04,wind_direction:18.4_m:degrees
1907,-2,-2.0000000000000000e+00,-8.0944881889763801e-02,-1,-1,5.8335916671833302e-04,wind_direction:18.4_m:degrees
1908,-2,-2.0000000000000000e+00,-6.1489361702127654e-02,-1,-1,3.7863286555001215e-04,wind_direction:18.4_m:degrees
1909,-2,-2.0000000000000000e+00,-1.0500000000000001e-01,-1,-1,2.4999999999998981e-05,wind_direction:18.4_m:degrees
1910,7,9.0000000596046448e-01,-1.8950000000000000e-01,1945,1946,1.1047500000000154e-03,wave_height:0_m:m
1911,-2,-2.0000000000000000e+00,-1.0500000000000001e-01,-1,-1,2.4999999999998981e-05,wind_direction:18.4_m:degrees
1912,-2,-2.0000000000000000e+00,-1.8461538461538463e-02,-1,-1,6.1301775147929024e-04,wind_direction:18.4_m:degrees
1913,-2,-2.0000000000000000e+00,-2.6000000000000002e-02,-1,-1,3.8400000000000001e-04,wind_direction:18.4_m:degrees
1914,11,3.5150500488281250e+02,-7.8118811881188091e-02,2035,2036,6.6279776492501278e-04,wind_direction:18.4_m:degrees
1915,-2,-2.0000000000000000e+00,5.3333333333333330e-02,-1,-1,2.2222222222222521e-05,wind_direction:18.4_m:degrees
1916,-2,-2.0000000000000000e+00,-1.4999999999999999e-02,-1,-1,7.4999999999999926e-05,wind_direction:18.4_m:degrees
1917,10,5.0104341506958008e+00,-5.1818181818181826e-02,1919,1920,2.4148760330578510e-03,wind_speed:18.4_m:m_s-1
1918,-2,-2.0000000000000000e+00,-1.7434808975136423e-02,-1,-1,2.9390493751657018e-04,wind_direction:18.4_m:degrees
1919,-2,-2.0000000000000000e+00,-2.2500000000000003e-02,-1,-1,1.6874999999999974e-04,wind_direction:18.4_m:degrees
1920,-2,-2.0000000000000000e+00,-1.3000000000000000e-01,-1,-1,0.0000000000000000e+00,wind_direction:18.4_m:degrees
1921,-2,-2.0000000000000000e+00,-6.9285714285714298e-02,-1,-1,1.0137755102040810e-03,wind_direction:18.4_m:degrees
1922,4,2.9783183336257935e+00,-9.4848484848484835e-02,1923,1924,1.2037649219467424e-03,mixing_ratio:18.4_m:g_kg-1
1923,-2,-2.0000000000000000e+00,-8.5000000000000034e-02,-1,-1,1.0041666666666697e-03,wind_direction:18.4_m:degrees
1924,-2,-2.0000000000000000e+00,-1.2111111111111111e-01,-1,-1,7.8765432098766054e-04,wind_direction:18.4_m:degrees
1925,-2,-2.0000000000000000e+00,-6.6046511627906923e-02,-1,-1,8.0596461407710356e-04,wind_direction:18.4_m:degrees
1926,4,3.9171783924102783e+00,-8.4318181818181834e-02,1927,1928,1.2290805785124346e-03,mixing_ratio:18.4_m:g_kg-1
1927,2,2.8494499206542969e+02,-9.5312500000000036e-02,1955,1956,1.0686523437499987e-03,water_sfc_temperature:0_m:K
1928,-2,-2.0000000000000000e+00,-5.5000000000000000e-02,-1,-1,4.7500000000000146e-04,wind_direction:18.4_m:degrees
1929,-2,-2.0000000000000000e+00,-1.2000000000000000e-01,-1,-1,2.0000000000000226e-04,wind_direction:18.4_m:degrees
1930,-2,-2.0000000000000000e+00,-1.9363636363636363e-01,-1,-1,9.5867768595034319e-05,wind_direction:18.4_m:degrees
1931,-2,-2.0000000000000000e+00,-7.8888888888888883e-02,-1,-1,6.3209876543209986e-04,wind_direction:18.4_m:degrees
1932,-2,-2.0000000000000000e+00,-4.0130718954248364e-02,-1,-1,6.8625742235892454e-04,wind_direction:18.4_m:degrees
1933,-2,-2.0000000000000000e+00,-2.7000000000000002e-01,-1,-1,0.0000000000000000e+00,wind_direction:18.4_m:degrees
1934,-2,-2.0000000000000000e+00,-1.5478260869565216e-01,-1,-1,6.9451795841210529e-04,wind_direction:18.4_m:degrees
1935,-2,-2.0000000000000000e+00,-3.2166666666666671e-01,-1,-1,1.8055555555557268e-04,wind_direction:18.4_m:degrees
1936,-2,-2.0000000000000000e+00,-2.0000000000000001e-01,-1,-1,-5.5511151231257827e-17,wind_direction:18.4_m:degrees
1937,-2,-2.0000000000000000e+00,-1.0714285714285714e-01,-1,-1,7.7551020408165097e-05,wind_direction:18.4_m:degrees
1938,-2,-2.0000000000000000e+00,-1.5764705882352942e-01,-1,-1,9.8269896193772452e-04,wind_direction:18.4_m:degrees
1939,-2,-2.0000000000000000e+00,-1.3000000000000000e-01,-1,-1,8.0000000000000210e-04,wind_direction:18.4_m:degrees
1940,5,4.8700000762939453e+01,-6.3783783783783785e-02,1941,1942,9.8298027757486809e-04,relative_humidity:18.4_m:%
1941,-2,-2.0000000000000000e+00,-8.2307692307692318e-02,-1,-1,5.7928994082840149e-04,wind_direction:18.4_m:degrees
1942,4,2.2359542846679688e+00,-5.3750000000000020e-02,1943,1944,9.1510416666666780e-04,mixing_ratio:18.4_m:g_kg-1
1943,-2,-2.0000000000000000e+00,-7.2857142857142856e-02,-1,-1,6.6802721088435411e-04,wind_direction:18.4_m:degrees
1944,-2,-2.0000000000000000e+00,-3.8888888888888890e-02,-1,-1,6.0246913580246694e-04,wind_direction:18.4_m:degrees
1945,-2,-2.0000000000000000e+00,-2.0400000000000004e-01,-1,-1,5.0399999999999057e-04,wind_direction:18.4_m:degrees
1946,-2,-2.0000000000000000e+00,-1.4599999999999999e-01,-1,-1,3.8400000000001280e-04,wind_direction:18.4_m:degrees
1947,-2,-2.0000000000000000e+00,-1.9437499999999999e-01,-1,-1,8.6210937499998225e-04,wind_direction:18.4_m:degrees
1948,-2,-2.0000000000000000e+00,-3.1000000000000000e-01,-1,-1,4.1633363423443370e-17,wind_direction:18.4_m:degrees
1949,-2,-2.0000000000000000e+00,-1.4666666666666670e-01,-1,-1,8.8888888888884882e-05,wind_direction:18.4_m:degrees
1950,-2,-2.0000000000000000e+00,-2.1846153846153846e-01,-1,-1,3.6686390532544161e-04,wind_direction:18.4_m:degrees
1951,-2,-2.0000000000000000e+00,-8.9047619047619070e-02,-1,-1,7.4195011337867961e-04,wind_direction:18.4_m:degrees
1952,5,9.7299999237060547e+01,-1.1675675675675674e-01,1953,1954,6.9758948137328344e-04,relative_humidity:18.4_m:%
1953,-2,-2.0000000000000000e+00,-1.1065573770491806e-01,-1,-1,5.3071754904595800e-04,wind_direction:18.4_m:degrees
1954,-2,-2.0000000000000000e+00,-1.4538461538461539e-01,-1,-1,4.8639053254439374e-04,wind_direction:18.4_m:degrees
1955,-2,-2.0000000000000000e+00,-8.0000000000000002e-02,-1,-1,5.0999999999999397e-04,wind_direction:18.4_m:degrees
1956,-2,-2.0000000000000000e+00,-1.2083333333333335e-01,-1,-1,9.5763888888888288e-04,wind_direction:18.4_m:degrees
1957,-2,-2.0000000000000000e+00,-3.2105263157894734e-02,-1,-1,9.4293628808864334e-04,wind_direction:18.4_m:degrees
1958,-2,-2.0000000000000000e+00,-7.3333333333333348e-02,-1,-1,4.2222222222222227e-04,wind_direction:18.4_m:degrees
1959,-2,-2.0000000000000000e+00,-3.0833333333333338e-02,-1,-1,2.6874999999999978e-04,wind_direction:18.4_m:degrees
1960,-2,-2.0000000000000000e+00,-5.1170212765957464e-02,-1,-1,4.0501358080579763e-04,wind_direction:18.4_m:degrees
1961,-2,-2.0000000000000000e+00,-1.7999999999999999e-01,-1,-1,1.1428571428571260e-04,wind_direction:18.4_m:degrees
1962,5,7.2150001525878906e+01,-1.3259259259259260e-01,2037,2038,1.0636488340192048e-03,relative_humidity:18.4_m:%
1963,-2,-2.0000000000000000e+00,3.2786885245901639e-03,-1,-1,5.7449610319806519e-04,wind_direction:18.4_m:degrees
1964,-2,-2.0000000000000000e+00,-3.7499999999999999e-02,-1,-1,1.6687500000000044e-03,wind_direction:18.4_m:degrees
1965,-2,-2.0000000000000000e+00,-2.1800000000000003e-01,-1,-1,9.5599999999999158e-04,wind_direction:18.4_m:degrees
1966,-2,-2.0000000000000000e+00,-2.6583333333333337e-01,-1,-1,8.0763888888893409e-04,wind_direction:18.4_m:degrees
1967,-2,-2.0000000000000000e+00,-2.5272727272727269e-01,-1,-1,4.7438016528926485e-04,wind_direction:18.4_m:degrees
1968,-2,-2.0000000000000000e+00,-1.8750000000000000e-01,-1,-1,1.0187500000000127e-03,wind_direction:18.4_m:degrees
1969,-2,-2.0000000000000000e+00,-2.4444444444444446e-02,-1,-1,3.5802469135802462e-04,wind_direction:18.4_m:degrees
1970,-2,-2.0000000000000000e+00,-6.5348837209302332e-02,-1,-1,3.6906435911303413e-04,wind_direction:18.4_m:degrees
1971,6,2.3750000000000000e+02,-1.4772727272727276e-01,1973,1974,1.3266528925619733e-03,wave_direction:0_m:degrees
1972,-2,-2.0000000000000000e+00,-2.3000000000000001e-01,-1,-1,1.3877787807814457e-17,wind_direction:18.4_m:degrees
1973,-2,-2.0000000000000000e+00,-1.3789473684210526e-01,-1,-1,7.5346260387810712e-04,wind_direction:18.4_m:degrees
1974,-2,-2.0000000000000000e+00,-2.0999999999999999e-01,-1,-1,4.6666666666662221e-04,wind_direction:18.4_m:degrees
1975,-2,-2.0000000000000000e+00,-4.4500000000000001e-01,-1,-1,2.4999999999997247e-05,wind_direction:18.4_m:degrees
1976,-2,-2.0000000000000000e+00,-3.4333333333333332e-01,-1,-1,5.5555555555561464e-04,wind_direction:18.4_m:degrees
1977,-2,-2.0000000000000000e+00,-7.0000000000000007e-02,-1,-1,8.9999999999999976e-04,wind_direction:18.4_m:degrees
1978,-2,-2.0000000000000000e+00,-9.6794871794871798e-02,-1,-1,1.0910092044707480e-03,wind_direction:18.4_m:degrees
1979,-2,-2.0000000000000000e+00,-3.1232227488151618e-02,-1,-1,5.0085128366388944e-04,wind_direction:18.4_m:degrees
1980,-2,-2.0000000000000000e+00,-4.7258064516129038e-02,-1,-1,3.3603017689906372e-04,wind_direction:18.4_m:degrees
1981,-2,-2.0000000000000000e+00,-7.0799999999999996e-01,-1,-1,3.3600000000011399e-04,wind_direction:18.4_m:degrees
1982,-2,-2.0000000000000000e+00,-6.3800000000000012e-01,-1,-1,2.1599999999977193e-04,wind_direction:18.4_m:degrees
1983,-2,-2.0000000000000000e+00,-2.0318181818181816e-01,-1,-1,6.4896694214875567e-04,wind_direction:18.4_m:degrees
1984,-2,-2.0000000000000000e+00,-1.5750000000000000e-01,-1,-1,7.6875000000002983e-04,wind_direction:18.4_m:degrees
1985,-2,-2.0000000000000000e+00,-3.5704697986577098e-02,-1,-1,6.0078975421528529e-04,wind_direction:18.4_m:degrees
1986,-2,-2.0000000000000000e+00,1.4000000000000002e-02,-1,-1,2.3999999999984131e-05,wind_direction:18.4_m:degrees
1987,-2,-2.0000000000000000e+00,-1.2785714285714286e-01,-1,-1,6.1683673469386732e-04,wind_direction:18.4_m:degrees
1988,-2,-2.0000000000000000e+00,-1.8166666666666667e-01,-1,-1,1.8055555555556574e-04,wind_direction:18.4_m:degrees
1989,-2,-2.0000000000000000e+00,-3.6199999999999999e-01,-1,-1,1.1360000000000259e-03,wind_direction:18.4_m:degrees
1990,-2,-2.0000000000000000e+00,-3.1894736842105259e-01,-1,-1,6.7257617728527785e-04,wind_direction:18.4_m:degrees
1991,-2,-2.0000000000000000e+00,-3.2000000000000001e-02,-1,-1,9.6000000000000382e-05,wind_direction:18.4_m:degrees
1992,-2,-2.0000000000000000e+00,2.9999999999999999e-02,-1,-1,6.5052130349130266e-19,wind_direction:18.4_m:degrees
1993,-2,-2.0000000000000000e+00,-3.6499999999999999e-01,-1,-1,6.2500000000004219e-04,wind_direction:18.4_m:degrees
1994,-2,-2.0000000000000000e+00,-2.7888888888888885e-01,-1,-1,6.7654320987653449e-04,wind_direction:18.4_m:degrees
1995,-2,-2.0000000000000000e+00,-3.0750000000000000e-01,-1,-1,1.0437500000000099e-03,wind_direction:18.4_m:degrees
1996,-2,-2.0000000000000000e+00,-2.5636363636363635e-01,-1,-1,6.4132231404963325e-04,wind_direction:18.4_m:degrees
1997,-2,-2.0000000000000000e+00,-6.0888888888888881e-01,-1,-1,7.6543209876600571e-05,wind_direction:18.4_m:degrees
1998,-2,-2.0000000000000000e+00,-6.7500000000000004e-01,-1,-1,7.4999999999936229e-05,wind_direction:18.4_m:degrees
1999,-2,-2.0000000000000000e+00,-9.2499999999999999e-02,-1,-1,2.6874999999999989e-04,wind_direction:18.4_m:degrees
2000,-2,-2.0000000000000000e+00,-3.2727272727272730e-02,-1,-1,4.1074380165289259e-04,wind_direction:18.4_m:degrees
2001,-2,-2.0000000000000000e+00,-3.2200000000000001e-01,-1,-1,1.2559999999999794e-03,wind_direction:18.4_m:degrees
2002,-2,-2.0000000000000000e+00,-2.6782608695652177e-01,-1,-1,1.2170132325141775e-03,wind_direction:18.4_m:degrees
2003,-2,-2.0000000000000000e+00,-1.4000000000000001e-01,-1,-1,0.0000000000000000e+00,wind_direction:18.4_m:degrees
2004,-2,-2.0000000000000000e+00,-2.5294117647058822e-01,-1,-1,1.3266435986158676e-03,wind_direction:18.4_m:degrees
2005,-2,-2.0000000000000000e+00,-1.2833333333333333e-01,-1,-1,2.4722222222222506e-04,wind_direction:18.4_m:degrees
2006,-2,-2.0000000000000000e+00,-5.7499999999999996e-02,-1,-1,1.8750000000002272e-05,wind_direction:18.4_m:degrees
2007,-2,-2.0000000000000000e+00,-3.7857142857142867e-02,-1,-1,1.8826530612244875e-04,wind_direction:18.4_m:degrees
2008,11,2.0369000244140625e+02,-5.5476190476190429e-02,2009,2010,4.5532879818594883e-04,wind_direction:18.4_m:degrees
2009,12,-6.7319250665605068e-03,-6.4285714285714307e-02,2011,2012,5.5306122448979447e-04,bulk_richardson:18.4_m:none
2010,11,2.7590000915527344e+02,-5.1600000000000035e-02,2013,2014,3.6315428571428911e-04,wind_direction:18.4_m:degrees
2011,-2,-2.0000000000000000e+00,-8.4523809523809543e-02,-1,-1,5.6286848072562012e-04,wind_direction:18.4_m:degrees
2012,-2,-2.0000000000000000e+00,-5.6696428571428571e-02,-1,-1,3.3819355867346738e-04,wind_direction:18.4_m:degrees
2013,-2,-2.0000000000000000e+00,-4.9999999999999975e-02,-1,-1,2.9207317073170211e-04,wind_direction:18.4_m:degrees
2014,-2,-2.0000000000000000e+00,-7.5454545454545455e-02,-1,-1,8.1570247933883053e-04,wind_direction:18.4_m:degrees
2015,-2,-2.0000000000000000e+00,-4.5800000000000002e-01,-1,-1,2.1599999999999397e-04,wind_direction:18.4_m:degrees
2016,-2,-2.0000000000000000e+00,-5.1800000000000002e-01,-1,-1,1.6560000000000463e-03,wind_direction:18.4_m:degrees
2017,-2,-2.0000000000000000e+00,-2.8000000000000003e-01,-1,-1,0.0000000000000000e+00,wind_direction:18.4_m:degrees
2018,-2,-2.0000000000000000e+00,-1.8000000000000002e-01,-1,-1,7.9999999999999516e-04,wind_direction:18.4_m:degrees
2019,-2,-2.0000000000000000e+00,-3.8000000000000006e-01,-1,-1,-5.5511151231257827e-17,wind_direction:18.4_m:degrees
2020,-2,-2.0000000000000000e+00,-2.8000000000000003e-01,-1,-1,1.3877787807814457e-17,wind_direction:18.4_m:degrees
2021,-2,-2.0000000000000000e+00,-3.4999999999999998e-01,-1,-1,0.0000000000000000e+00,wind_direction:18.4_m:degrees
2022,-2,-2.0000000000000000e+00,-4.3040000000000000e-01,-1,-1,5.5583999999989087e-04,wind_direction:18.4_m:degrees
2023,-2,-2.0000000000000000e+00,-2.2000000000000000e-01,-1,-1,5.1428571428571018e-04,wind_direction:18.4_m:degrees
2024,-2,-2.0000000000000000e+00,-1.8515151515151515e-01,-1,-1,8.2497704315886294e-04,wind_direction:18.4_m:degrees
2025,-2,-2.0000000000000000e+00,-1.6516853932584240e-02,-1,-1,2.7326095190001394e-04,wind_direction:18.4_m:degrees
2026,11,3.2891500854492188e+02,-2.3298208640674334e-02,2027,2028,4.6024932239693329e-04,wind_direction:18.4_m:degrees
2027,8,4.6499998569488525e+00,-2.2667386609071208e-02,2029,2030,4.3057403355895940e-04,wave_period:0_m:s
2028,-2,-2.0000000000000000e+00,-4.8695652173913036e-02,-1,-1,9.9395085066161402e-04,wind_direction:18.4_m:degrees
2029,-2,-2.0000000000000000e+00,-3.1588785046728934e-02,-1,-1,2.6943837889772254e-04,wind_direction:18.4_m:degrees
2030,-2,-2.0000000000000000e+00,-1.9985955056179682e-02,-1,-1,4.4789306116652268e-04,wind_direction:18.4_m:degrees
2031,-2,-2.0000000000000000e+00,-1.9111111111111115e-01,-1,-1,1.1728395061728486e-03,wind_direction:18.4_m:degrees
2032,-2,-2.0000000000000000e+00,-8.0000000000000002e-02,-1,-1,-5.0306980803327406e-17,wind_direction:18.4_m:degrees
2033,-2,-2.0000000000000000e+00,-1.8974358974358941e-02,-1,-1,3.7916784070630288e-04,wind_direction:18.4_m:degrees
2034,-2,-2.0000000000000000e+00,-6.0416666666666674e-03,-1,-1,1.6974826388888980e-04,wind_direction:18.4_m:degrees
2035,-2,-2.0000000000000000e+00,-7.9199999999999979e-02,-1,-1,5.5136000000000074e-04,wind_direction:18.4_m:degrees
2036,-2,-2.0000000000000000e+00,2.9999999999999999e-02,-1,-1,-2.2508037100799072e-16,wind_direction:18.4_m:degrees
2037,-2,-2.0000000000000000e+00,-1.2142857142857144e-01,-1,-1,2.9795918367346748e-04,wind_direction:18.4_m:degrees
2038,-2,-2.0000000000000000e+00,-1.7166666666666666e-01,-1,-1,1.7805555555555734e-03,wind_direction:18.4_m:degrees
2039,-2,-2.0000000000000000e+00,-3.2190082644628082e-02,-1,-1,4.6090601734854347e-04,wind_direction:18.4_m:degrees
2040,-2,-2.0000000000000000e+00,2.2499999999999999e-02,-1,-1,5.1874999999999968e-04,wind_direction:18.4_m:degrees
2041,-2,-2.0000000000000000e+00,-1.4000000000000001e-01,-1,-1,9.9999999999999395e-05,wind_direction:18.4_m:degrees
2042,2,2.7792500305175781e+02,-9.3787878787878767e-02,2043,2044,6.9322773186410169e-04,water_sfc_temperature:0_m:K
2043,-2,-2.0000000000000000e+00,-8.4893617021276610e-02,-1,-1,5.0583974649163078e-04,wind_direction:18.4_m:degrees
2044,-2,-2.0000000000000000e+00,-1.1578947368421054e-01,-1,-1,4.7700831024930640e-04,wind_direction:18.4_m:degrees
2045,-2,-2.0000000000000000e+00,-4.8142857142857143e-01,-1,-1,1.5510204081634060e-04,wind_direction:18.4_m:degrees
2046,-2,-2.0000000000000000e+00,-4.0666666666666668e-01,-1,-1,3.5555555555571994e-04,wind_direction:18.4_m:degrees
