Node,feature,threshold,value,children_left,children_right,impurity,feature_name
0,10,1.1892136096954346e+01,-6.0766881651815589e-02,1,2,8.9040883892627255e-03,wind_speed:18.4_m:m_s-1
1,6,2.2650000000000000e+02,-4.1755149191361238e-02,5,6,2.6312138031820819e-03,wave_direction:0_m:degrees
2,10,1.4667337894439697e+01,-3.0301910429063572e-01,3,4,2.5542842416116693e-02,wind_speed:18.4_m:m_s-1
3,11,2.5678500366210938e+02,-2.3617241379310364e-01,13,14,1.0052590963138826e-02,wind_direction:18.4_m:degrees
4,10,1.7218866348266602e+01,-4.8066437571592202e-01,7,8,2.3275389074554148e-02,wind_speed:18.4_m:m_s-1
5,7,1.0500000119209290e+00,-3.5346962359669380e-02,9,10,1.8886260401900805e-03,wave_height:0_m:m
6,7,9.4999998807907104e-01,-9.5393827729156513e-02,15,16,5.6260885662383457e-03,wave_height:0_m:m
7,4,5.0533421039581299e+00,-4.2413461538461550e-01,19,20,1.4299892135108683e-02,mixing_ratio:18.4_m:g_kg-1
8,11,2.4994999694824219e+02,-6.2232931726907637e-01,45,46,1.7690959823227714e-02,wind_direction:18.4_m:degrees
9,12,2.7565317228436470e-02,-2.6496075866577342e-02,29,30,1.2145292520964988e-03,bulk_richardson:18.4_m:none
10,10,8.7112455368041992e+00,-5.3573232323230864e-02,11,12,2.7832505292840724e-03,wind_speed:18.4_m:m_s-1
11,10,6.3819315433502197e+00,-2.8897647971052376e-02,21,22,1.1025971746179870e-03,wind_speed:18.4_m:m_s-1
12,12,-2.0431146956980228e-02,-9.9671656204732201e-02,23,24,2.6604426490676927e-03,bulk_richardson:18.4_m:none
13,10,1.3422492504119873e+01,-1.7586322869955143e-01,49,50,4.6883803967504682e-03,wind_speed:18.4_m:m_s-1
14,11,3.2410499572753906e+02,-2.7384453781512635e-01,25,26,9.7121803133013856e-03,wind_direction:18.4_m:degrees
15,4,5.8211586475372314e+00,-6.9608567208271924e-02,39,40,3.4850018763815079e-03,mixing_ratio:18.4_m:g_kg-1
16,10,9.1090064048767090e+00,-1.3812729498164042e-01,17,18,6.2464317764037644e-03,wind_speed:18.4_m:m_s-1
17,12,-2.7349587529897690e-02,-7.7647058823529416e-02,75,76,2.7186015988545477e-03,bulk_richardson:18.4_m:none
18,11,2.7511000061035156e+02,-1.6425942156003509e-01,37,38,5.5073612718826298e-03,wind_direction:18.4_m:degrees
19,10,1.5751199245452881e+01,-4.5836438923395473e-01,73,74,9.8935980693477810e-03,wind_speed:18.4_m:m_s-1
20,1,1.1178269863128662e+01,-3.0687943262411344e-01,55,56,1.1631396811025124e-02,azimuth:0_m:degrees
21,0,1.3091731262207031e+02,-1.4597645928417073e-02,321,322,6.2536657625031854e-04,zenith:0_m:degrees
22,12,-3.0891282483935356e-02,-4.5549650349650722e-02,43,44,1.1429076747027983e-03,bulk_richardson:18.4_m:none
23,10,1.0850481033325195e+01,-1.4939550949913658e-01,77,78,4.1352131749994615e-03,wind_speed:18.4_m:m_s-1
24,12,1.2469591107219458e-02,-9.1591355599214330e-02,69,70,1.9537123249372818e-03,bulk_richardson:18.4_m:none
25,10,1.3119599819183350e+01,-2.8452044025157280e-01,27,28,9.2557448652149654e-03,wind_speed:18.4_m:m_s-1
26,6,2.0200000000000000e+02,-1.8679487179487181e-01,177,178,4.9269066403679201e-03,wave_direction:0_m:degrees
27,12,-2.8451974503695965e-02,-2.4972543352601148e-01,47,48,6.8292598733665083e-03,bulk_richardson:18.4_m:none
28,4,3.5385857820510864e+00,-3.2603448275862090e-01,61,62,8.9828953626639174e-03,mixing_ratio:18.4_m:g_kg-1
29,10,7.2792341709136963e+00,-2.9068732028567006e-02,31,32,1.2320424885973774e-03,wind_speed:18.4_m:m_s-1
30,3,9.9439999389648438e+02,-7.3811164713990319e-03,423,424,6.6984716925690081e-04,pressure:18.4_m:hPa
31,10,4.8822073936462402e+00,-1.9961905878215672e-02,35,36,6.6482302284602253e-04,wind_speed:18.4_m:m_s-1
32,10,9.6609435081481934e+00,-6.3607468326295061e-02,33,34,1.8758281371563015e-03,wind_speed:18.4_m:m_s-1
33,12,-7.6945337932556868e-03,-5.5859938208033325e-02,51,52,1.2639103517983804e-03,bulk_richardson:18.4_m:none
34,12,-3.0085191130638123e-02,-1.1253658536585358e-01,65,66,2.9672242712670792e-03,bulk_richardson:18.4_m:none
35,4,3.2717125415802002e+00,-1.0481237816764268e-02,267,268,4.6269482341907380e-04,mixing_ratio:18.4_m:g_kg-1
36,11,2.8676499938964844e+02,-2.8749858836815953e-02,57,58,6.9163872809978094e-04,wind_direction:18.4_m:degrees
37,10,1.0930938243865967e+01,-1.2361556064073233e-01,95,96,2.2185066686215889e-03,wind_speed:18.4_m:m_s-1
38,10,1.0819186210632324e+01,-1.8948863636363630e-01,53,54,5.8869544163223375e-03,wind_speed:18.4_m:m_s-1
39,10,7.9985766410827637e+00,-7.9153810191678539e-02,41,42,3.7309810175067517e-03,wind_speed:18.4_m:m_s-1
40,3,1.0049500122070312e+03,-3.3725834797890986e-02,189,190,9.3023063309038783e-04,pressure:18.4_m:hPa
41,0,1.2683246612548828e+02,-5.2068965517241314e-02,99,100,1.8438419870524252e-03,zenith:0_m:degrees
42,10,9.9783239364624023e+00,-1.2153477218225422e-01,59,60,3.7398507093605402e-03,wind_speed:18.4_m:m_s-1
43,10,7.9972918033599854e+00,-7.8608695652173821e-02,127,128,1.6964990548204327e-03,wind_speed:18.4_m:m_s-1
44,10,8.0666875839233398e+00,-3.9213333333333600e-02,113,114,7.8718115555548914e-04,wind_speed:18.4_m:m_s-1
45,1,2.3395530700683594e+02,-5.4439024390243917e-01,91,92,1.1073408685306207e-02,azimuth:0_m:degrees
46,5,9.1750000000000000e+01,-6.6059880239520941e-01,63,64,1.6493054609344082e-02,relative_humidity:18.4_m:%
47,2,2.7516999816894531e+02,-2.9048872180451124e-01,223,224,5.8873551359601983e-03,water_sfc_temperature:0_m:K
48,12,2.0460132509469986e-03,-2.2427230046948365e-01,83,84,5.7319821904826124e-03,bulk_richardson:18.4_m:none
49,10,1.2332448959350586e+01,-1.6180672268907562e-01,129,130,3.1139626438811997e-03,wind_speed:18.4_m:m_s-1
50,3,1.0125500183105469e+03,-2.3224719101123614e-01,207,208,7.0320287842442902e-03,pressure:18.4_m:hPa
51,10,8.5993647575378418e+00,-6.9615384615384565e-02,81,82,1.6386432797971130e-03,wind_speed:18.4_m:m_s-1
52,7,6.5000000596046448e-01,-4.3730620155038792e-02,459,460,6.1951270581685116e-04,wave_height:0_m:m
53,12,8.6722136475145817e-03,-1.6566433566433558e-01,151,152,4.7364467700132702e-03,bulk_richardson:18.4_m:none
54,4,4.3656144142150879e+00,-2.2665454545454539e-01,85,86,5.4149897520661891e-03,mixing_ratio:18.4_m:g_kg-1
55,-2,-2.0000000000000000e+00,-8.5999999999999999e-01,-1,-1,0.0000000000000000e+00,wind_direction:18.4_m:degrees
56,10,1.6157194137573242e+01,-2.9892086330935252e-01,97,98,7.3333678381035661e-03,wind_speed:18.4_m:m_s-1
57,10,6.3923351764678955e+00,-2.4227379553467019e-02,145,146,4.4346886258092566e-04,wind_speed:18.4_m:m_s-1
58,12,-4.4504307210445404e-02,-4.3790913531998078e-02,87,88,1.2227564782566920e-03,bulk_richardson:18.4_m:none
59,12,-2.1491848863661289e-02,-1.0504966887417214e-01,119,120,2.8528121025393326e-03,bulk_richardson:18.4_m:none
60,4,1.9476899504661560e+00,-1.6482608695652179e-01,179,180,3.4814914933838925e-03,mixing_ratio:18.4_m:g_kg-1
61,12,-3.9929917082190514e-02,-3.4446511627906995e-01,167,168,8.0335511087072098e-03,bulk_richardson:18.4_m:none
62,12,9.3327253125607967e-03,-2.7320000000000000e-01,79,80,7.9390933333334662e-03,bulk_richardson:18.4_m:none
63,10,1.8901053428649902e+01,-6.4956521739130446e-01,67,68,1.3430245746692104e-02,wind_speed:18.4_m:m_s-1
64,10,2.3686643600463867e+01,-9.5666666666666667e-01,503,504,7.7555555555556266e-03,wind_speed:18.4_m:m_s-1
65,3,1.0183500061035156e+03,-1.6673913043478272e-01,175,176,3.7379174543162620e-03,pressure:18.4_m:hPa
66,12,5.1306720706634223e-04,-9.6855345911949692e-02,143,144,1.6483920730984009e-03,bulk_richardson:18.4_m:none
67,12,-1.9695216789841652e-02,-6.2000000000000022e-01,101,102,1.0957723577235845e-02,bulk_richardson:18.4_m:none
68,12,-7.9322005622088909e-03,-7.4526315789473696e-01,261,262,9.4459833795011994e-03,bulk_richardson:18.4_m:none
69,10,1.0069106101989746e+01,-9.6814461118690687e-02,71,72,1.9110665303029416e-03,wind_speed:18.4_m:m_s-1
70,11,1.8898500061035156e+02,-6.7321711568938153e-02,187,188,1.4360914303507000e-03,wind_direction:18.4_m:degrees
71,10,9.3797202110290527e+00,-7.4955423476968680e-02,339,340,9.1043634874341927e-04,wind_speed:18.4_m:m_s-1
72,5,6.9250000000000000e+01,-1.1536569987389662e-01,93,94,2.0106165788604715e-03,relative_humidity:18.4_m:%
73,3,1.0043000183105469e+03,-4.3369863013698667e-01,105,106,9.4575530118215234e-03,pressure:18.4_m:hPa
74,12,-2.5079932063817978e-02,-4.9607329842931974e-01,121,122,8.2081412241994667e-03,bulk_richardson:18.4_m:none
75,10,7.1598320007324219e+00,-9.8212121212121153e-02,111,112,2.0849853076216774e-03,wind_speed:18.4_m:m_s-1
76,0,4.1370382308959961e+01,-3.6012269938650310e-02,193,194,1.4117053709209850e-03,zenith:0_m:degrees
77,10,9.0443210601806641e+00,-1.3645879732739424e-01,313,314,3.2371258079076926e-03,wind_speed:18.4_m:m_s-1
78,0,6.3401355743408203e+01,-1.9407692307692312e-01,159,160,4.6626094674555862e-03,zenith:0_m:degrees
79,2,2.8827000427246094e+02,-2.8842105263157897e-01,135,136,6.6433715868618737e-03,water_sfc_temperature:0_m:K
80,0,5.6416648864746094e+01,-1.5411764705882353e-01,1193,1194,2.0830449826989839e-03,zenith:0_m:degrees
81,11,2.9540000915527344e+02,-6.2743813682678271e-02,103,104,1.2439270905504323e-03,wind_direction:18.4_m:degrees
82,5,6.5750000000000000e+01,-9.0784753363228707e-02,191,192,2.2610433549839944e-03,relative_humidity:18.4_m:%
83,2,2.8272999572753906e+02,-2.3155612244897955e-01,89,90,5.3743641972094705e-03,water_sfc_temperature:0_m:K
84,12,1.0953787714242935e-02,-1.4029411764705885e-01,981,982,2.1910899653980083e-03,bulk_richardson:18.4_m:none
85,12,-3.8075981661677361e-02,-2.3711382113821133e-01,293,294,4.5546781016591112e-03,bulk_richardson:18.4_m:none
86,8,5.2000000476837158e+00,-1.3793103448275862e-01,707,708,3.9129607609987606e-03,wave_period:0_m:s
87,0,8.2563835144042969e+01,-4.9941634241245134e-02,137,138,1.2180899786522156e-03,zenith:0_m:degrees
88,10,6.8179285526275635e+00,-2.5009900990098935e-02,645,646,7.6876227820798072e-04,wind_speed:18.4_m:m_s-1
89,3,9.9179998779296875e+02,-2.5257777777777762e-01,265,266,4.5142439506172943e-03,pressure:18.4_m:hPa
90,3,1.0053500061035156e+03,-2.0323353293413177e-01,131,132,5.1356520491952357e-03,pressure:18.4_m:hPa
91,3,9.8060000610351562e+02,-5.7508196721311466e-01,185,186,6.7167965600641866e-03,pressure:18.4_m:hPa
92,4,4.4146151542663574e+00,-4.5523809523809527e-01,139,140,1.3043990929705401e-02,mixing_ratio:18.4_m:g_kg-1
93,10,1.1321858882904053e+01,-1.4770053475935827e-01,235,236,2.8369584489118874e-03,wind_speed:18.4_m:m_s-1
94,11,1.9476499938964844e+02,-1.1104360257326655e-01,117,118,1.7417271910243320e-03,wind_direction:18.4_m:degrees
95,11,2.5543500518798828e+02,-1.0764705882352943e-01,201,202,1.6858131487889113e-03,wind_direction:18.4_m:degrees
96,9,8.9320270538330078e+01,-1.5479729729729727e-01,629,630,1.7884724251278072e-03,angle_between_wind_wave:0_m:degrees
97,5,9.9000000000000000e+01,-2.7909909909909902e-01,133,134,6.5090982874766029e-03,relative_humidity:18.4_m:%
98,7,1.9999999403953552e+00,-3.7749999999999995e-01,679,680,2.8687500000003363e-03,wave_height:0_m:m
99,10,6.3908634185791016e+00,-4.3008225616921240e-02,115,116,1.7202102731147938e-03,wind_speed:18.4_m:m_s-1
100,10,5.8832838535308838e+00,-6.9052863436123255e-02,123,124,1.6332439014923551e-03,wind_speed:18.4_m:m_s-1
101,7,1.7500000000000000e+00,-7.0166666666666666e-01,317,318,8.9888888888889351e-03,wave_height:0_m:m
102,3,9.8859997558593750e+02,-6.0020202020202007e-01,195,196,9.4262218141004106e-03,pressure:18.4_m:hPa
103,11,1.0210499954223633e+02,-5.3476744186046463e-02,303,304,8.5919131963223087e-04,wind_direction:18.4_m:degrees
104,0,7.9156581878662109e+01,-7.8249027237354093e-02,377,378,1.5035488803767129e-03,zenith:0_m:degrees
105,10,1.5122807502746582e+01,-4.0734265734265712e-01,157,158,7.2572741943374153e-03,wind_speed:18.4_m:m_s-1
106,11,2.7497999572753906e+02,-4.5899328859060423e-01,107,108,1.0262744921399086e-02,wind_direction:18.4_m:degrees
107,-2,-2.0000000000000000e+00,-3.2285714285714284e-01,-1,-1,8.2040816326531263e-04,wind_direction:18.4_m:degrees
108,11,2.9419999694824219e+02,-4.7311111111111126e-01,109,110,9.1206913580244298e-03,wind_direction:18.4_m:degrees
109,9,9.0060489654541016e+01,-4.9969696969696970e-01,273,274,8.8211202938475730e-03,angle_between_wind_wave:0_m:degrees
110,11,3.0951499938964844e+02,-4.0000000000000002e-01,925,926,2.6555555555549393e-03,wind_direction:18.4_m:degrees
111,10,5.7905209064483643e+00,-5.9999999999999984e-02,1011,1012,1.0234042553191516e-03,wind_speed:18.4_m:m_s-1
112,12,-7.4386425316333771e-02,-1.1343220338983044e-01,427,428,1.6945759120942459e-03,bulk_richardson:18.4_m:none
113,12,1.3166127027943730e-03,-3.4333026678932989e-02,221,222,7.2446315026881958e-04,bulk_richardson:18.4_m:none
114,12,-1.7129411920905113e-02,-5.2058111380145253e-02,181,182,7.2457773686887030e-04,bulk_richardson:18.4_m:none
115,11,2.4737000274658203e+02,-2.9615384615384564e-02,1119,1120,9.4045036160420883e-04,wind_direction:18.4_m:degrees
116,3,1.0336500244140625e+03,-5.9373368146214064e-02,361,362,2.1860303090211366e-03,pressure:18.4_m:hPa
117,3,9.9570001220703125e+02,-1.2929113924050631e-01,125,126,2.6521557442717482e-03,pressure:18.4_m:hPa
118,10,1.0955599308013916e+01,-1.0386454183266915e-01,149,150,1.2010015714036554e-03,wind_speed:18.4_m:m_s-1
119,0,7.8426158905029297e+01,-1.1084714548802940e-01,141,142,2.7208293058480857e-03,zenith:0_m:degrees
120,4,5.7126889228820801e+00,-5.3442622950819668e-02,1013,1014,1.0651975275463828e-03,mixing_ratio:18.4_m:g_kg-1
121,12,-3.5712053999304771e-02,-5.5972222222222212e-01,291,292,9.1804783950618640e-03,bulk_richardson:18.4_m:none
122,11,2.6336000061035156e+02,-4.8129032258064541e-01,251,252,6.8228511966697547e-03,wind_direction:18.4_m:degrees
123,12,-7.2325833141803741e-02,-4.4999999999999998e-02,859,860,8.4891304347826067e-04,bulk_richardson:18.4_m:none
124,5,7.8000000000000000e+01,-8.5444444444444434e-02,367,368,1.5048024691358382e-03,relative_humidity:18.4_m:%
125,-2,-2.0000000000000000e+00,-5.5000000000000004e-01,-1,-1,0.0000000000000000e+00,wind_direction:18.4_m:degrees
126,11,1.2032500076293945e+02,-1.2822335025380710e-01,259,260,2.2085186425828997e-03,wind_direction:18.4_m:degrees
127,11,2.7552999877929688e+02,-6.8142857142857075e-02,227,228,1.2589319727891266e-03,wind_direction:18.4_m:degrees
128,0,1.3986956024169922e+02,-1.0696774193548388e-01,871,872,1.7811279916753672e-03,zenith:0_m:degrees
129,12,9.0418420732021332e-03,-1.4327645051194537e-01,373,374,3.3421658959335576e-03,bulk_richardson:18.4_m:none
130,5,1.0150000000000000e+02,-1.7470308788598574e-01,163,164,2.5498524607738202e-03,relative_humidity:18.4_m:%
131,7,1.3499999642372131e+00,-2.5425531914893618e-01,593,594,3.6074241738343199e-03,wave_height:0_m:m
132,4,5.3196704387664795e+00,-1.8325000000000002e-01,147,148,4.3152708333332873e-03,mixing_ratio:18.4_m:g_kg-1
133,11,1.4026000213623047e+02,-2.8654205607476640e-01,199,200,5.1216874836231135e-03,wind_direction:18.4_m:degrees
134,-2,-2.0000000000000000e+00,-8.0000000000000002e-02,-1,-1,2.4999999999996744e-03,wind_direction:18.4_m:degrees
135,3,9.8435000610351562e+02,-3.0199999999999982e-01,437,438,4.5499130434782653e-03,pressure:18.4_m:hPa
136,9,8.9800018310546875e+01,-2.0166666666666666e-01,161,162,1.1313888888888769e-02,angle_between_wind_wave:0_m:degrees
137,12,-1.3287491351366043e-01,-3.2454308093994730e-02,343,344,1.5031147529808004e-03,bulk_richardson:18.4_m:none
138,10,6.1912381649017334e+00,-5.5720448662640171e-02,165,166,9.8945075527755513e-04,wind_speed:18.4_m:m_s-1
139,5,4.8250000000000000e+01,-7.1500000000000008e-01,1663,1664,7.2249999999999259e-03,relative_humidity:18.4_m:%
140,5,5.6649999618530273e+01,-4.2789473684210533e-01,369,370,5.8060941828254886e-03,relative_humidity:18.4_m:%
141,9,9.0375770568847656e+01,-8.8097826086956502e-02,391,392,2.9110556474480180e-03,angle_between_wind_wave:0_m:degrees
142,2,2.7507000732421875e+02,-1.2250696378830085e-01,299,300,2.2221273888315667e-03,water_sfc_temperature:0_m:K
143,10,1.0217705249786377e+01,-1.1292968749999992e-01,183,184,1.8425888061523350e-03,wind_speed:18.4_m:m_s-1
144,12,1.1441533453762531e-02,-7.8235294117647056e-02,721,722,7.7742879957411973e-04,bulk_richardson:18.4_m:none
145,12,-3.2404657453298569e-02,-2.1001557979078850e-02,473,474,3.6948430649767652e-04,bulk_richardson:18.4_m:none
146,12,-2.2069217637181282e-02,-3.0488120950324157e-02,307,308,5.2766670554035421e-04,bulk_richardson:18.4_m:none
147,6,2.2100000000000000e+02,-2.0494117647058829e-01,309,310,3.2249965397923921e-03,wave_direction:0_m:degrees
148,6,2.3650000000000000e+02,-1.3057142857142859e-01,795,796,3.0453877551019672e-03,wave_direction:0_m:degrees
149,3,1.0000499877929688e+03,-9.2835249042145490e-02,701,702,8.8736366171962046e-04,pressure:18.4_m:hPa
150,12,6.8172586616128683e-03,-1.1580912863070539e-01,597,598,1.2662540245519695e-03,bulk_richardson:18.4_m:none
151,12,-2.0282764919102192e-02,-1.6341232227488156e-01,155,156,4.0276925495833747e-03,bulk_richardson:18.4_m:none
152,5,5.4500000000000000e+01,-3.0142857142857143e-01,153,154,2.8726530612244824e-02,relative_humidity:18.4_m:%
153,9,9.0017833709716797e+01,-1.6000000000000000e-01,1669,1670,3.6000000000000129e-03,angle_between_wind_wave:0_m:degrees
154,-2,-2.0000000000000000e+00,-4.8999999999999999e-01,-1,-1,0.0000000000000000e+00,wind_direction:18.4_m:degrees
155,11,3.0205500793457031e+02,-1.6916230366492144e-01,245,246,3.8385652805569929e-03,wind_direction:18.4_m:degrees
156,8,4.7500000000000000e+00,-1.0850000000000000e-01,649,650,2.5027500000001091e-03,wave_period:0_m:s
157,9,8.7496772766113281e+01,-3.7642857142857150e-01,197,198,5.3743877551020169e-03,angle_between_wind_wave:0_m:degrees
158,10,1.5248485088348389e+01,-4.3698630136986311e-01,239,240,7.2676299493343866e-03,wind_speed:18.4_m:m_s-1
159,-2,-2.0000000000000000e+00,-9.5833333333333326e-02,-1,-1,1.1743055555555569e-03,wind_direction:18.4_m:degrees
160,3,1.0070499877929688e+03,-2.0406779661016944e-01,415,416,3.9359954036196215e-03,pressure:18.4_m:hPa
161,0,7.1862262725830078e+01,-1.3454545454545455e-01,1111,1112,2.6611570247933938e-03,zenith:0_m:degrees
162,3,9.9955001831054688e+02,-3.0714285714285711e-01,497,498,6.7061224489796123e-03,pressure:18.4_m:hPa
163,6,1.9050000000000000e+02,-1.7322966507177029e-01,305,306,2.2634927085002990e-03,wave_direction:0_m:degrees
164,-2,-2.0000000000000000e+00,-3.8000000000000006e-01,-1,-1,-9.4368957093138306e-16,wind_direction:18.4_m:degrees
165,12,-9.9666781723499298e-02,-4.8193717277486871e-02,425,426,7.2684205476823520e-04,bulk_richardson:18.4_m:none
166,12,-5.9297483414411545e-02,-7.0278481012658170e-02,963,964,1.1758718154141990e-03,bulk_richardson:18.4_m:none
167,3,1.0108500061035156e+03,-3.7905882352941173e-01,205,206,7.0697024221453852e-03,pressure:18.4_m:hPa
168,10,1.4208479881286621e+01,-3.3594202898550729e-01,169,170,7.9035328712454139e-03,wind_speed:18.4_m:m_s-1
169,0,1.0827348709106445e+02,-3.2126394052044610e-01,171,172,6.7738671383756888e-03,zenith:0_m:degrees
170,5,5.3600000381469727e+01,-3.8789473684210529e-01,217,218,8.4403047091409222e-03,relative_humidity:18.4_m:%
171,3,1.0191500244140625e+03,-3.4238410596026486e-01,211,212,7.0353756414191781e-03,pressure:18.4_m:hPa
172,4,3.3206763267517090e+00,-2.9423728813559313e-01,173,174,5.1379775926457122e-03,mixing_ratio:18.4_m:g_kg-1
173,10,1.3333457469940186e+01,-2.8219047619047621e-01,621,622,4.1123446712018341e-03,wind_speed:18.4_m:m_s-1
174,4,3.3553831577301025e+00,-3.9153846153846150e-01,1003,1004,2.7822485207101011e-03,mixing_ratio:18.4_m:g_kg-1
175,0,1.0527282714843750e+02,-1.8035087719298246e-01,405,406,3.0682979378269734e-03,zenith:0_m:degrees
176,4,2.5916398763656616e+00,-1.0208333333333335e-01,1617,1618,1.8581597222221066e-03,mixing_ratio:18.4_m:g_kg-1
177,11,3.2669500732421875e+02,-1.5384615384615383e-01,419,420,4.1282840236686359e-03,wind_direction:18.4_m:degrees
178,7,7.5000000000000000e-01,-2.1032967032967034e-01,431,432,4.1680231856055655e-03,wave_height:0_m:m
179,12,-5.1154250279068947e-02,-1.8805309734513273e-01,413,414,3.6970945258046964e-03,bulk_richardson:18.4_m:none
180,9,8.8561538696289062e+01,-1.4239316239316238e-01,693,694,2.2489736284607605e-03,angle_between_wind_wave:0_m:degrees
181,11,2.7191999816894531e+02,-8.8170731707317082e-02,569,570,1.2466537775133804e-03,wind_direction:18.4_m:degrees
182,12,2.6176190003752708e-02,-4.8077956989247286e-02,639,640,5.0746166464330856e-04,bulk_richardson:18.4_m:none
183,12,-1.4610474463552237e-02,-9.0894308943089461e-02,931,932,1.2715579350915419e-03,bulk_richardson:18.4_m:none
184,10,1.1374948501586914e+01,-1.3330827067669179e-01,769,770,1.5063485782125137e-03,wind_speed:18.4_m:m_s-1
185,-2,-2.0000000000000000e+00,-7.1999999999999997e-01,-1,-1,1.6000000000000458e-03,wind_direction:18.4_m:degrees
186,10,2.0125617980957031e+01,-5.6214285714285706e-01,237,238,5.1311224489796192e-03,wind_speed:18.4_m:m_s-1
187,10,9.6478075981140137e+00,-9.6851851851851814e-02,435,436,1.6512002743484314e-03,wind_speed:18.4_m:m_s-1
188,10,9.7045836448669434e+00,-6.1223709369024798e-02,229,230,1.1744107571774885e-03,wind_speed:18.4_m:m_s-1
189,-2,-2.0000000000000000e+00,-9.0606060606060634e-02,-1,-1,7.3902662993571670e-04,wind_direction:18.4_m:degrees
190,7,7.5000000000000000e-01,-3.0223880597014838e-02,505,506,7.3054689240365379e-04,wave_height:0_m:m
191,0,6.3377332687377930e+01,-1.1417266187050364e-01,315,316,2.9451788209719932e-03,zenith:0_m:degrees
192,1,3.2872171401977539e+00,-8.0195439739413621e-02,791,792,1.5914927479336654e-03,azimuth:0_m:degrees
193,4,7.5838894844055176e+00,1.1000000000000001e-01,1389,1390,3.5999999999999990e-03,mixing_ratio:18.4_m:g_kg-1
194,11,2.6570999145507812e+02,-4.0632911392405047e-02,1761,1762,6.4643486620733935e-04,wind_direction:18.4_m:degrees
195,1,5.2050811767578125e+01,-6.4157894736842103e-01,311,312,7.4764542936288647e-03,azimuth:0_m:degrees
196,2,2.7600000000000000e+02,-5.7442622950819677e-01,203,204,8.9099166890619919e-03,water_sfc_temperature:0_m:K
197,3,9.9864999389648438e+02,-5.0166666666666659e-01,1947,1948,2.6138888888889711e-03,pressure:18.4_m:hPa
198,11,3.0434500122070312e+02,-3.6468750000000011e-01,797,798,4.0249023437499698e-03,wind_direction:18.4_m:degrees
199,9,8.8647827148437500e+01,-2.1312500000000006e-01,1259,1260,2.3089843749999756e-03,angle_between_wind_wave:0_m:degrees
200,5,5.8650001525878906e+01,-2.9945054945054939e-01,631,632,4.5018959062914921e-03,relative_humidity:18.4_m:%
201,12,-3.1838562572374940e-03,-9.2865168539325832e-02,1507,1508,1.1406672137356400e-03,bulk_richardson:18.4_m:none
202,10,1.0192151546478271e+01,-1.3135135135135134e-01,439,440,1.6477233990747353e-03,wind_speed:18.4_m:m_s-1
203,4,2.9923617839813232e+00,-5.2560000000000007e-01,345,346,6.9766399999999784e-03,mixing_ratio:18.4_m:g_kg-1
204,12,-5.2262260578572750e-03,-6.0833333333333328e-01,225,226,7.4472222222220497e-03,bulk_richardson:18.4_m:none
205,6,2.6300000000000000e+02,-4.4100000000000011e-01,525,526,5.6189999999999019e-03,wave_direction:0_m:degrees
206,0,8.5260055541992188e+01,-3.5999999999999999e-01,355,356,5.9723076923077767e-03,zenith:0_m:degrees
207,11,1.8054999542236328e+02,-2.4435714285714291e-01,209,210,7.5145867346937470e-03,wind_direction:18.4_m:degrees
208,11,1.5712500000000000e+02,-1.8763157894736843e-01,489,490,2.7233379501386962e-03,wind_direction:18.4_m:degrees
209,9,8.8953792572021484e+01,-3.0466666666666670e-01,279,280,1.5818222222222192e-02,angle_between_wind_wave:0_m:degrees
210,10,1.4653051376342773e+01,-2.2790909090909095e-01,233,234,3.9874462809916938e-03,wind_speed:18.4_m:m_s-1
211,4,1.5679536461830139e+00,-3.3946308724832219e-01,213,214,6.4856177649655344e-03,mixing_ratio:18.4_m:g_kg-1
212,-2,-2.0000000000000000e+00,-5.6000000000000005e-01,-1,-1,4.2188474935755949e-15,wind_direction:18.4_m:degrees
213,7,1.8499999642372131e+00,-3.8127659574468076e-01,333,334,6.3856043458578871e-03,wave_height:0_m:m
214,5,4.0950000762939453e+01,-3.2019607843137260e-01,215,216,5.3548635140329981e-03,relative_humidity:18.4_m:%
215,4,2.0718493461608887e+00,-1.9999999999999998e-01,1383,1384,2.3999999999999994e-03,mixing_ratio:18.4_m:g_kg-1
216,0,8.5713859558105469e+01,-3.3042553191489360e-01,357,358,4.2721593481212933e-03,zenith:0_m:degrees
217,8,5.3500001430511475e+00,-3.5844444444444440e-01,347,348,4.9775802469136654e-03,wave_period:0_m:s
218,10,1.4215382575988770e+01,-4.3064516129032254e-01,219,220,1.0380228928199592e-02,wind_speed:18.4_m:m_s-1
219,-2,-2.0000000000000000e+00,-6.2000000000000000e-01,-1,-1,0.0000000000000000e+00,wind_direction:18.4_m:degrees
220,6,2.3550000000000000e+02,-4.1035714285714286e-01,363,364,7.2391581632652857e-03,wave_direction:0_m:degrees
221,11,2.6819999694824219e+02,-4.0970425138632173e-02,401,402,6.7382722144586587e-04,wind_direction:18.4_m:degrees
222,12,4.6232186257839203e-02,-2.7756410256410208e-02,589,590,6.8773187282801507e-04,bulk_richardson:18.4_m:none
223,1,1.2146526718139648e+02,-2.1142857142857144e-01,1505,1506,2.0265306122448853e-03,azimuth:0_m:degrees
224,11,3.1507000732421875e+02,-2.9488095238095235e-01,231,232,5.7353032879818161e-03,wind_direction:18.4_m:degrees
225,3,1.0083000183105469e+03,-6.3740740740740742e-01,519,520,4.4932784636489975e-03,pressure:18.4_m:hPa
226,6,2.2900000000000000e+02,-5.2111111111111108e-01,531,532,6.1654320987651334e-03,wave_direction:0_m:degrees
227,4,1.3001347541809082e+01,-4.0111111111111111e-02,1129,1130,5.8776543209876548e-04,mixing_ratio:18.4_m:g_kg-1
228,5,5.1800001144409180e+01,-7.5787878787878724e-02,1197,1198,1.1692277318641016e-03,relative_humidity:18.4_m:%
229,11,2.9780000305175781e+02,-4.6359649122806997e-02,829,830,7.6701100338566041e-04,wind_direction:18.4_m:degrees
230,1,3.5200410461425781e+02,-7.2711864406779625e-02,581,582,1.1865440965239983e-03,azimuth:0_m:degrees
231,11,2.7875000000000000e+02,-3.0229357798165146e-01,243,244,5.6011615183907126e-03,wind_direction:18.4_m:degrees
232,4,7.7232789993286133e-01,-2.4735294117647064e-01,397,398,3.9841695501728960e-03,mixing_ratio:18.4_m:g_kg-1
233,10,1.4442438125610352e+01,-2.3175925925925930e-01,353,354,3.2459790809327774e-03,wind_speed:18.4_m:m_s-1
234,-2,-2.0000000000000000e+00,-2.0000000000000000e-02,-1,-1,-1.3592642636450769e-15,wind_direction:18.4_m:degrees
235,12,-2.4864597944542766e-03,-1.3478260869565215e-01,577,578,2.7379962192816583e-03,bulk_richardson:18.4_m:none
236,12,-1.6857606358826160e-02,-1.8408163265306121e-01,1841,1842,1.3221157850895823e-03,bulk_richardson:18.4_m:none
237,10,1.7823915481567383e+01,-5.4369565217391302e-01,771,772,3.3450378071835929e-03,wind_speed:18.4_m:m_s-1
238,2,2.8619000244140625e+02,-6.4700000000000002e-01,643,644,4.5809999999991691e-03,water_sfc_temperature:0_m:K
239,0,9.2547966003417969e+01,-5.0124999999999997e-01,659,660,3.2609375000000607e-03,zenith:0_m:degrees
240,3,9.9395001220703125e+02,-4.1894736842105257e-01,241,242,6.9076638965834825e-03,pressure:18.4_m:hPa
241,-2,-2.0000000000000000e+00,-5.2625000000000011e-01,-1,-1,1.6734374999999302e-03,wind_direction:18.4_m:degrees
242,10,1.5328277587890625e+01,-4.0142857142857130e-01,575,576,5.5755102040817295e-03,wind_speed:18.4_m:m_s-1
243,1,1.7823912048339844e+02,-1.9571428571428573e-01,2023,2024,1.9102040816326438e-03,azimuth:0_m:degrees
244,10,1.2633750438690186e+01,-3.0582938388625591e-01,349,350,5.3342647290042511e-03,wind_speed:18.4_m:m_s-1
245,6,2.2950000000000000e+02,-1.8376963350785339e-01,257,258,3.0381458841589812e-03,wave_direction:0_m:degrees
246,12,-1.0169274732470512e-01,-1.5455497382198957e-01,247,248,4.2122365066746513e-03,bulk_richardson:18.4_m:none
247,5,5.6950000762939453e+01,-2.2227272727272729e-01,249,250,7.5630165289256174e-03,relative_humidity:18.4_m:%
248,11,3.0207499694824219e+02,-1.4573964497041425e-01,407,408,3.1013760022407973e-03,wind_direction:18.4_m:degrees
249,5,4.6949998855590820e+01,-2.0249999999999999e-01,341,342,4.0187499999999876e-03,relative_humidity:18.4_m:%
250,-2,-2.0000000000000000e+00,-4.1999999999999998e-01,-1,-1,5.5511151231257827e-17,wind_direction:18.4_m:degrees
251,10,1.6311902046203613e+01,-4.1199999999999998e-01,835,836,4.6560000000000212e-03,wind_speed:18.4_m:m_s-1
252,11,2.9141000366210938e+02,-4.8871428571428571e-01,253,254,6.4854897959180646e-03,wind_direction:18.4_m:degrees
253,0,9.0538112640380859e+01,-5.1769230769230767e-01,393,394,5.7962130177513504e-03,zenith:0_m:degrees
254,10,1.6510525703430176e+01,-4.6360000000000007e-01,255,256,5.7243733333335600e-03,wind_speed:18.4_m:m_s-1
255,5,6.0800001144409180e+01,-4.2441176470588232e-01,403,404,3.5658304498270288e-03,relative_humidity:18.4_m:%
256,9,8.9420661926269531e+01,-4.9609756097560986e-01,379,380,5.1847709696608568e-03,angle_between_wind_wave:0_m:degrees
257,8,4.8499999046325684e+00,-1.4808510638297873e-01,1521,1522,1.7388863739248479e-03,wave_period:0_m:s
258,10,9.1151456832885742e+00,-1.9541666666666671e-01,421,422,2.9109375000000021e-03,wind_speed:18.4_m:m_s-1
259,11,1.0757999801635742e+02,-9.6307692307692302e-02,1391,1392,1.0171360946745565e-03,wind_direction:18.4_m:degrees
260,10,1.0587034702301025e+01,-1.3452887537993924e-01,285,286,2.2028935431121187e-03,wind_speed:18.4_m:m_s-1
261,4,1.3101143836975098e+00,-8.0133333333333345e-01,263,264,1.0691555555555232e-02,mixing_ratio:18.4_m:g_kg-1
262,12,-7.1904351934790611e-03,-7.0869565217391306e-01,743,744,5.2461247637048958e-03,bulk_richardson:18.4_m:none
263,-2,-2.0000000000000000e+00,-5.1000000000000001e-01,-1,-1,0.0000000000000000e+00,wind_direction:18.4_m:degrees
264,10,1.9870537757873535e+01,-8.2214285714285718e-01,703,704,4.9596938775506860e-03,wind_speed:18.4_m:m_s-1
265,7,1.6500000357627869e+00,-3.4875000000000000e-01,641,642,6.2359375000000106e-03,wave_height:0_m:m
266,7,9.0000000596046448e-01,-2.4903225806451609e-01,389,390,4.0972201575740497e-03,wave_height:0_m:m
267,12,-5.9937688708305359e-01,-1.7544401544401501e-02,271,272,1.0063252485800693e-03,bulk_richardson:18.4_m:none
268,10,3.7916487455368042e+00,-9.1581079126284732e-03,269,270,3.4976134645616733e-04,wind_speed:18.4_m:m_s-1
269,3,1.0345000000000000e+03,-5.4580745341614671e-03,1641,1642,2.9720217600272183e-04,pressure:18.4_m:hPa
270,12,-8.3697602152824402e-02,-1.3847163004263795e-02,591,592,3.7703272481469754e-04,bulk_richardson:18.4_m:none
271,4,9.3403562903404236e-01,-4.1237113402061857e-03,651,652,1.3587682006589443e-03,mixing_ratio:18.4_m:g_kg-1
272,2,2.7864500427246094e+02,-2.3285556780595320e-02,493,494,7.4554469767786026e-04,water_sfc_temperature:0_m:K
273,10,1.5277547359466553e+01,-4.9399999999999999e-01,275,276,8.0071578947368549e-03,wind_speed:18.4_m:m_s-1
274,5,4.9699998855590820e+01,-6.3500000000000001e-01,673,674,9.0750000000012765e-03,relative_humidity:18.4_m:%
275,9,8.9697540283203125e+01,-5.1539682539682541e-01,277,278,7.6343663391285066e-03,angle_between_wind_wave:0_m:degrees
276,11,2.8830999755859375e+02,-4.5187500000000003e-01,301,302,6.0652343749996174e-03,wind_direction:18.4_m:degrees
277,0,1.6029152679443359e+02,-5.0431034482758608e-01,533,534,6.5762485136742210e-03,zenith:0_m:degrees
278,-2,-2.0000000000000000e+00,-6.4399999999999991e-01,-1,-1,1.9440000000001123e-03,wind_direction:18.4_m:degrees
279,5,8.9549999237060547e+01,-1.9200000000000000e-01,1645,1646,3.4560000000000007e-03,relative_humidity:18.4_m:%
280,7,1.7500000000000000e+00,-3.2719999999999994e-01,281,282,1.5244159999999993e-02,wave_height:0_m:m
281,9,8.9393276214599609e+01,-2.4375000000000002e-01,921,922,3.5734374999999916e-03,angle_between_wind_wave:0_m:degrees
282,1,1.2842600631713867e+02,-3.6647058823529421e-01,283,284,1.5916955017301143e-02,azimuth:0_m:degrees
283,12,1.2239121831953526e-02,-5.9666666666666668e-01,411,412,1.8688888888888922e-02,bulk_richardson:18.4_m:none
284,4,6.5373482704162598e+00,-3.1714285714285712e-01,1969,1970,1.5346938775509661e-03,mixing_ratio:18.4_m:g_kg-1
285,5,8.0099998474121094e+01,-1.1609022556390979e-01,969,970,9.7719486686641092e-04,relative_humidity:18.4_m:%
286,12,1.2198822572827339e-02,-1.4704081632653065e-01,287,288,2.6473656809662439e-03,bulk_richardson:18.4_m:none
287,12,-6.7768220324069262e-03,-1.4497435897435895e-01,289,290,1.8239737015121500e-03,bulk_richardson:18.4_m:none
288,-2,-2.0000000000000000e+00,-5.5000000000000004e-01,-1,-1,-2.3314683517128287e-15,wind_direction:18.4_m:degrees
289,4,9.7597751617431641e+00,-2.1466666666666664e-01,319,320,6.2248888888888909e-03,mixing_ratio:18.4_m:g_kg-1
290,11,1.3995999908447266e+02,-1.3916666666666666e-01,1515,1516,1.0187499999999988e-03,wind_direction:18.4_m:degrees
291,1,6.7780265092849731e+01,-4.2999999999999999e-01,1307,1308,6.6500000000000170e-03,azimuth:0_m:degrees
292,0,1.3272600173950195e+02,-5.7593749999999988e-01,383,384,7.1303710937501430e-03,zenith:0_m:degrees
293,3,1.0108500061035156e+03,-2.4833333333333327e-01,295,296,4.6380268199234451e-03,pressure:18.4_m:hPa
294,4,1.3846039175987244e+00,-2.0999999999999999e-01,475,476,3.3138888888887691e-03,mixing_ratio:18.4_m:g_kg-1
295,5,4.0299999237060547e+01,-2.7698630136986302e-01,297,298,4.1826984424845198e-03,relative_humidity:18.4_m:%
296,3,1.0126499938964844e+03,-2.2762376237623758e-01,457,458,3.9448485442604431e-03,pressure:18.4_m:hPa
297,10,1.0898634433746338e+01,-3.3333333333333331e-01,709,710,2.4000000000000132e-03,wind_speed:18.4_m:m_s-1
298,1,6.9123676300048828e+01,-2.5854545454545458e-01,455,456,3.3869752066115755e-03,azimuth:0_m:degrees
299,10,8.3563342094421387e+00,-6.7391304347826100e-02,1499,1500,1.3410207939508478e-03,wind_speed:18.4_m:m_s-1
300,11,3.1103500366210938e+02,-1.2627976190476192e-01,541,542,2.0602669713718803e-03,wind_direction:18.4_m:degrees
301,12,-3.7572264671325684e-02,-4.1714285714285720e-01,571,572,3.0108843537414443e-03,bulk_richardson:18.4_m:none
302,9,8.8011817932128906e+01,-5.1818181818181808e-01,1009,1010,5.1966942148761186e-03,angle_between_wind_wave:0_m:degrees
303,2,2.9200999450683594e+02,-1.8947368421052633e-02,1447,1448,8.9713758079409045e-04,water_sfc_temperature:0_m:K
304,10,7.9065887928009033e+00,-5.5927770859277658e-02,507,508,7.6585779664986153e-04,wind_speed:18.4_m:m_s-1
305,2,2.8462001037597656e+02,-1.5726190476190477e-01,371,372,2.3663123582766434e-03,water_sfc_temperature:0_m:K
306,10,1.2336858749389648e+01,-1.8395999999999996e-01,499,500,1.9079184000000693e-03,wind_speed:18.4_m:m_s-1
307,9,8.8352252960205078e+01,-3.8165829145728546e-02,919,920,6.7703782732759306e-04,angle_between_wind_wave:0_m:degrees
308,9,8.7216762542724609e+01,-2.6464779460171124e-02,647,648,4.0231459229827648e-04,angle_between_wind_wave:0_m:degrees
309,9,8.7942245483398438e+01,-2.6294117647058823e-01,1351,1352,2.8442906574394494e-03,angle_between_wind_wave:0_m:degrees
310,0,6.0700010299682617e+01,-1.9044117647058828e-01,451,452,2.2689230103805774e-03,zenith:0_m:degrees
311,-2,-2.0000000000000000e+00,-5.4166666666666674e-01,-1,-1,1.0138888888888697e-03,wind_direction:18.4_m:degrees
312,5,6.4899997711181641e+01,-6.6031249999999997e-01,485,486,6.4655273437500549e-03,relative_humidity:18.4_m:%
313,10,8.7773513793945312e+00,-1.1260416666666667e-01,777,778,2.2859266493055561e-03,wind_speed:18.4_m:m_s-1
314,12,-1.0122979059815407e-01,-1.4294617563739370e-01,395,396,3.2989687743261026e-03,bulk_richardson:18.4_m:none
315,11,3.1931500244140625e+02,-7.5000000000000025e-02,1409,1410,1.5602941176470564e-03,wind_direction:18.4_m:degrees
316,2,2.9009500122070312e+02,-1.2685714285714284e-01,759,760,2.7358367346938632e-03,water_sfc_temperature:0_m:K
317,10,1.7571148872375488e+01,-7.6500000000000001e-01,337,338,7.7049999999999619e-03,wind_speed:18.4_m:m_s-1
318,1,2.7674688720703125e+02,-6.5642857142857147e-01,801,802,4.9943877551021920e-03,azimuth:0_m:degrees
319,7,1.1500000357627869e+00,-1.8083333333333332e-01,1373,1374,2.0576388888888866e-03,wave_height:0_m:m
320,-2,-2.0000000000000000e+00,-3.4999999999999992e-01,-1,-1,5.5511151231257827e-17,wind_direction:18.4_m:degrees
321,10,4.8978974819183350e+00,-1.3207750269106635e-02,323,324,5.0327330914753520e-04,wind_speed:18.4_m:m_s-1
322,11,2.8511500549316406e+02,-2.6152125279641999e-02,327,328,1.4907867012997110e-03,wind_direction:18.4_m:degrees
323,10,4.0025303363800049e+00,-6.7678746327129863e-03,783,784,3.9631144592355529e-04,wind_speed:18.4_m:m_s-1
324,12,-4.8003947362303734e-02,-2.1063321385902011e-02,325,326,5.2144999279156987e-04,bulk_richardson:18.4_m:none
325,4,6.6658658981323242e+00,-3.7999999999999978e-02,1015,1016,7.5970370370370623e-04,mixing_ratio:18.4_m:g_kg-1
326,-2,-2.0000000000000000e+00,-1.7806267806267744e-02,-1,-1,4.0985990373454065e-04,wind_direction:18.4_m:degrees
327,12,2.4520115926861763e-02,-1.3628691983122360e-02,1941,1942,3.4379461980808118e-04,bulk_richardson:18.4_m:none
328,5,9.8450000762939453e+01,-4.0285714285714265e-02,329,330,2.4084897959183705e-03,relative_humidity:18.4_m:%
329,5,7.3549999237060547e+01,-3.7107843137254883e-02,1255,1256,9.5879229142637715e-04,relative_humidity:18.4_m:%
330,9,8.9437427520751953e+01,-1.4833333333333334e-01,331,332,3.9680555555555524e-02,angle_between_wind_wave:0_m:degrees
331,-2,-2.0000000000000000e+00,-4.2999999999999999e-01,-1,-1,0.0000000000000000e+00,wind_direction:18.4_m:degrees
332,-2,-2.0000000000000000e+00,-7.4999999999999997e-03,-1,-1,1.8749999999991640e-05,wind_direction:18.4_m:degrees
333,0,7.7895065307617188e+01,-3.6550000000000005e-01,429,430,3.4297500000000924e-03,zenith:0_m:degrees
334,4,1.3382956981658936e+00,-4.7142857142857142e-01,335,336,1.3726530612244658e-02,mixing_ratio:18.4_m:g_kg-1
335,-2,-2.0000000000000000e+00,-7.5000000000000000e-01,-1,-1,0.0000000000000000e+00,wind_direction:18.4_m:degrees
336,-2,-2.0000000000000000e+00,-4.2500000000000004e-01,-1,-1,9.2500000000000915e-04,wind_direction:18.4_m:degrees
337,-2,-2.0000000000000000e+00,-6.6500000000000004e-01,-1,-1,7.5000000000047251e-05,wind_direction:18.4_m:degrees
338,-2,-2.0000000000000000e+00,-8.3166666666666667e-01,-1,-1,1.6805555555553520e-03,wind_direction:18.4_m:degrees
339,5,5.9100000381469727e+01,-6.7828054298642429e-02,521,522,8.2333695051290800e-04,relative_humidity:18.4_m:%
340,11,2.0118499755859375e+02,-8.1874084919472914e-02,713,714,8.9780552167362769e-04,wind_direction:18.4_m:degrees
341,-2,-2.0000000000000000e+00,-2.6000000000000001e-01,-1,-1,9.1999999999999027e-04,wind_direction:18.4_m:degrees
342,-2,-2.0000000000000000e+00,-1.4499999999999999e-01,-1,-1,5.0500000000001585e-04,wind_direction:18.4_m:degrees
343,1,1.3092255401611328e+02,-1.4552238805970154e-02,751,752,1.4039039875250608e-03,azimuth:0_m:degrees
344,10,5.4240863323211670e+00,-4.2088353413654592e-02,1085,1086,1.2912211093369539e-03,wind_speed:18.4_m:m_s-1
345,11,3.1855499267578125e+02,-5.4454545454545444e-01,385,386,4.9247933884297157e-03,wind_direction:18.4_m:degrees
346,-2,-2.0000000000000000e+00,-3.8666666666666671e-01,-1,-1,8.8888888889249174e-05,wind_direction:18.4_m:degrees
347,11,2.8538500976562500e+02,-4.1428571428571420e-01,387,388,5.7959183673470249e-03,wind_direction:18.4_m:degrees
348,0,6.7092678070068359e+01,-3.3322580645161293e-01,1159,1160,2.5637877211238391e-03,zenith:0_m:degrees
349,12,-3.5636745393276215e-02,-2.9338129496402876e-01,381,382,4.5259769163086411e-03,bulk_richardson:18.4_m:none
350,10,1.2667138099670410e+01,-3.2986111111111110e-01,351,352,6.0180362654322916e-03,wind_speed:18.4_m:m_s-1
351,1,2.4216216278076172e+02,-4.1399999999999998e-01,563,564,5.3839999999999999e-03,azimuth:0_m:degrees
352,2,2.8097999572753906e+02,-3.1629032258064516e-01,479,480,4.7943028095733670e-03,water_sfc_temperature:0_m:K
353,10,1.3746762275695801e+01,-2.2284210526315781e-01,809,810,2.6877119113573253e-03,wind_speed:18.4_m:m_s-1
354,5,9.5500000000000000e+01,-2.9692307692307690e-01,1061,1062,2.4982248520709488e-03,relative_humidity:18.4_m:%
355,4,9.0451472997665405e-01,-3.0333333333333334e-01,847,848,3.0222222222222178e-03,mixing_ratio:18.4_m:g_kg-1
356,12,-5.1843933761119843e-02,-3.7699999999999989e-01,491,492,5.6050000000000266e-03,bulk_richardson:18.4_m:none
357,8,5.0499999523162842e+00,-3.1100000000000000e-01,545,546,3.3423333333332805e-03,wave_period:0_m:s
358,1,2.3650031280517578e+02,-3.6470588235294116e-01,359,360,4.0719723183392509e-03,azimuth:0_m:degrees
359,6,2.3050000000000000e+02,-4.2833333333333340e-01,1053,1054,2.8138888888888380e-03,wave_direction:0_m:degrees
360,1,2.3989855957031250e+02,-3.3000000000000002e-01,1529,1530,1.3454545454545802e-03,azimuth:0_m:degrees
361,5,2.8650000572204590e+01,-6.2280219780219734e-02,443,444,1.9879324658857648e-03,relative_humidity:18.4_m:%
362,3,1.0352999877929688e+03,-3.6842105263157911e-03,841,842,2.7180055401661977e-03,pressure:18.4_m:hPa
363,1,2.0860889434814453e+01,-3.9730769230769225e-01,365,366,5.2889053254438212e-03,azimuth:0_m:degrees
364,-2,-2.0000000000000000e+00,-5.8000000000000007e-01,-1,-1,1.5999999999999903e-03,wind_direction:18.4_m:degrees
365,-2,-2.0000000000000000e+00,-6.7000000000000004e-01,-1,-1,0.0000000000000000e+00,wind_direction:18.4_m:degrees
366,12,-3.2586283981800079e-02,-3.8640000000000002e-01,1153,1154,2.4070400000000824e-03,bulk_richardson:18.4_m:none
367,0,1.2698777389526367e+02,-8.9601593625497938e-02,657,658,1.3623910731575713e-03,zenith:0_m:degrees
368,-2,-2.0000000000000000e+00,-3.0526315789473690e-02,-1,-1,1.4182825484771963e-04,wind_direction:18.4_m:degrees
369,-2,-2.0000000000000000e+00,-5.1166666666666671e-01,-1,-1,8.0555555555472669e-05,wind_direction:18.4_m:degrees
370,1,3.4459582519531250e+02,-3.8923076923076927e-01,881,882,3.7147928994082369e-03,azimuth:0_m:degrees
371,4,5.5295493602752686e+00,-1.4083333333333334e-01,749,750,1.6930555555555865e-03,mixing_ratio:18.4_m:g_kg-1
372,9,8.6788299560546875e+01,-1.7916666666666664e-01,683,684,2.4243055555554921e-03,angle_between_wind_wave:0_m:degrees
373,6,1.4300000000000000e+02,-1.5139639639639640e-01,509,510,3.3714735005275741e-03,wave_direction:0_m:degrees
374,11,1.6542500305175781e+02,-1.1788732394366198e-01,375,376,2.3997619519935832e-03,wind_direction:18.4_m:degrees
375,2,2.7882000732421875e+02,-2.4999999999999997e-01,1305,1306,4.8000000000000126e-03,water_sfc_temperature:0_m:K
376,11,1.9660500335693359e+02,-1.1000000000000001e-01,1411,1412,1.1522388059701464e-03,wind_direction:18.4_m:degrees
377,3,1.0108500061035156e+03,-6.3199999999999965e-02,565,566,1.4091885714285785e-03,pressure:18.4_m:hPa
378,4,1.8841555118560791e+00,-8.6017699115044227e-02,941,942,1.3749967368888120e-03,mixing_ratio:18.4_m:g_kg-1
379,3,9.7770001220703125e+02,-5.2214285714285713e-01,515,516,5.1096938775510581e-03,pressure:18.4_m:hPa
380,-2,-2.0000000000000000e+00,-4.4000000000000006e-01,-1,-1,7.3846153846121587e-04,wind_direction:18.4_m:degrees
381,3,1.0137500000000000e+03,-3.0378378378378379e-01,579,580,4.2199172145118424e-03,pressure:18.4_m:hPa
382,6,2.3200000000000000e+02,-2.5214285714285717e-01,543,544,3.6096938775509735e-03,wave_direction:0_m:degrees
383,11,2.8817999267578125e+02,-6.0499999999999998e-01,523,524,3.4522727272729425e-03,wind_direction:18.4_m:degrees
384,11,2.8513499450683594e+02,-5.1200000000000001e-01,587,588,9.2759999999999510e-03,wind_direction:18.4_m:degrees
385,3,1.0095000000000000e+03,-5.7999999999999996e-01,1629,1630,2.0400000000000418e-03,pressure:18.4_m:hPa
386,10,1.8550196647644043e+01,-4.6857142857142858e-01,1387,1388,2.6408163265306539e-03,wind_speed:18.4_m:m_s-1
387,-2,-2.0000000000000000e+00,-1.7999999999999999e-01,-1,-1,0.0000000000000000e+00,wind_direction:18.4_m:degrees
388,7,1.2500000000000000e+00,-4.3230769230769223e-01,1457,1458,1.6946745562130827e-03,wave_height:0_m:m
389,-2,-2.0000000000000000e+00,-1.8083333333333332e-01,-1,-1,1.6743055555555678e-03,wind_direction:18.4_m:degrees
390,4,2.1094288825988770e+00,-2.5302439024390239e-01,399,400,3.9508530636526429e-03,mixing_ratio:18.4_m:g_kg-1
391,6,2.2750000000000000e+02,-7.5952380952380924e-02,487,488,2.5748866213151948e-03,wave_direction:0_m:degrees
392,0,7.1838344573974609e+01,-1.1448275862068966e-01,1239,1240,2.6247324613555365e-03,zenith:0_m:degrees
393,10,1.6143232345581055e+01,-5.5826086956521748e-01,757,758,3.3969754253307394e-03,wind_speed:18.4_m:m_s-1
394,12,-8.4543186239898205e-03,-4.9547619047619051e-01,469,470,5.7152494331067505e-03,bulk_richardson:18.4_m:none
395,3,9.9854998779296875e+02,-2.1454545454545457e-01,483,484,5.4611570247933838e-03,pressure:18.4_m:hPa
396,6,1.7850000000000000e+02,-1.4064327485380115e-01,555,556,3.0592353202695058e-03,wave_direction:0_m:degrees
397,-2,-2.0000000000000000e+00,-3.8000000000000006e-01,-1,-1,-5.5511151231257827e-17,wind_direction:18.4_m:degrees
398,8,4.6499998569488525e+00,-2.3451612903225810e-01,567,568,2.5021852237252507e-03,wave_period:0_m:s
399,11,2.9952000427246094e+02,-2.1729729729729727e-01,517,518,4.7386413440467651e-03,wind_direction:18.4_m:degrees
400,3,1.0216499938964844e+03,-2.6089285714285715e-01,617,618,3.4343218537415121e-03,pressure:18.4_m:hPa
401,10,7.3347017765045166e+00,-3.6591194968553412e-02,615,616,4.4209074008148309e-04,wind_speed:18.4_m:m_s-1
402,7,1.7500000000000000e+00,-5.3101045296167201e-02,825,826,1.1154706260850236e-03,wave_height:0_m:m
403,7,1.6500000357627869e+00,-3.9791666666666670e-01,1523,1524,1.5081597222221799e-03,wave_height:0_m:m
404,0,1.2664104461669922e+02,-4.8800000000000010e-01,1181,1182,2.7760000000001950e-03,zenith:0_m:degrees
405,10,1.0785233497619629e+01,-1.9939393939393946e-01,539,540,3.0753902662993826e-03,wind_speed:18.4_m:m_s-1
406,1,1.8305173110961914e+02,-1.5416666666666670e-01,989,990,1.8743055555555423e-03,azimuth:0_m:degrees
407,-2,-2.0000000000000000e+00,-1.0000000000000000e-02,-1,-1,-1.3552527156068805e-20,wind_direction:18.4_m:degrees
408,2,2.7805499267578125e+02,-1.4819277108433737e-01,409,410,2.8184206706343314e-03,water_sfc_temperature:0_m:K
409,1,7.0302925109863281e+01,-1.6944444444444451e-01,1073,1074,2.3802469135802279e-03,azimuth:0_m:degrees
410,2,2.7917500305175781e+02,-1.3191489361702130e-01,763,764,2.5431416930738089e-03,water_sfc_temperature:0_m:K
411,-2,-2.0000000000000000e+00,-7.9000000000000004e-01,-1,-1,0.0000000000000000e+00,wind_direction:18.4_m:degrees
412,-2,-2.0000000000000000e+00,-5.0000000000000000e-01,-1,-1,0.0000000000000000e+00,wind_direction:18.4_m:degrees
413,11,3.2494999694824219e+02,-2.0046511627906979e-01,471,472,3.4881557598702428e-03,wind_direction:18.4_m:degrees
414,9,9.0006267547607422e+01,-1.4851851851851852e-01,1433,1434,2.3089163237310535e-03,angle_between_wind_wave:0_m:degrees
415,0,7.8398494720458984e+01,-2.2264705882352939e-01,699,700,2.8576989619377435e-03,zenith:0_m:degrees
416,12,-2.5056477636098862e-02,-1.7880000000000001e-01,417,418,4.2945600000000028e-03,bulk_richardson:18.4_m:none
417,7,1.7500000000000000e+00,-2.0057142857142857e-01,449,450,3.5139591836734554e-03,wave_height:0_m:m
418,4,4.6605265140533447e+00,-1.2800000000000000e-01,1315,1316,2.4293333333333181e-03,mixing_ratio:18.4_m:g_kg-1
419,-2,-2.0000000000000000e+00,-2.6749999999999996e-01,-1,-1,2.6187500000000169e-03,wind_direction:18.4_m:degrees
420,8,6.5000000000000000e+00,-1.4639344262295081e-01,737,738,3.3246976619188406e-03,wave_period:0_m:s
421,-2,-2.0000000000000000e+00,-3.5999999999999999e-01,-1,-1,0.0000000000000000e+00,wind_direction:18.4_m:degrees
422,2,2.8745500183105469e+02,-1.9309859154929587e-01,453,454,2.5650466177345593e-03,water_sfc_temperature:0_m:K
423,10,9.1975779533386230e+00,1.2666666666666668e-01,1005,1006,8.0222222222222188e-03,wind_speed:18.4_m:m_s-1
424,10,5.6604945659637451e+00,-7.5198344256640149e-03,441,442,6.4362456347723934e-04,wind_speed:18.4_m:m_s-1
425,4,8.7191835045814514e-01,-5.4117647058823472e-02,1115,1116,7.3912341407151487e-04,mixing_ratio:18.4_m:g_kg-1
426,0,1.2332461547851562e+02,-3.6299212598425154e-02,1225,1226,4.9024118048235105e-04,zenith:0_m:degrees
427,5,5.8500000000000000e+01,-1.3058252427184464e-01,781,782,1.4598548402299932e-03,relative_humidity:18.4_m:%
428,4,3.3591920137405396e+00,-1.0015037593984960e-01,867,868,1.4721578382045613e-03,mixing_ratio:18.4_m:g_kg-1
429,7,1.3499999642372131e+00,-4.0200000000000002e-01,1033,1034,2.3159999999999847e-03,wave_height:0_m:m
430,6,2.4350000000000000e+02,-3.2899999999999996e-01,1017,1018,1.8789999999999502e-03,wave_direction:0_m:degrees
431,10,1.2058034420013428e+01,-1.7911764705882358e-01,1417,1418,1.6668685121107099e-03,wind_speed:18.4_m:m_s-1
432,10,1.4050114631652832e+01,-2.2894736842105265e-01,433,434,4.7322253000923326e-03,wind_speed:18.4_m:m_s-1
433,9,8.9952888488769531e+01,-2.1562500000000004e-01,805,806,3.5329427083333129e-03,angle_between_wind_wave:0_m:degrees
434,4,3.1138328313827515e+00,-3.0000000000000004e-01,513,514,5.1333333333334619e-03,mixing_ratio:18.4_m:g_kg-1
435,1,1.0581830596923828e+02,-6.7435897435897438e-02,1483,1484,1.0447074293228123e-03,azimuth:0_m:degrees
436,9,9.0468467712402344e+01,-1.1347826086956520e-01,685,686,1.2284814114681963e-03,angle_between_wind_wave:0_m:degrees
437,-2,-2.0000000000000000e+00,-5.3000000000000003e-01,-1,-1,0.0000000000000000e+00,wind_direction:18.4_m:degrees
438,2,2.8429499816894531e+02,-2.9999999999999999e-01,551,552,4.1298245614035944e-03,water_sfc_temperature:0_m:K
439,4,6.6737704277038574e+00,-1.1507042253521127e-01,1105,1106,1.3123189843285074e-03,mixing_ratio:18.4_m:g_kg-1
440,-2,-2.0000000000000000e+00,-1.6025000000000000e-01,-1,-1,9.3743749999998169e-04,wind_direction:18.4_m:degrees
441,5,9.8049999237060547e+01,-5.2059086839749092e-03,999,1000,6.5548580215101133e-04,relative_humidity:18.4_m:%
442,-2,-2.0000000000000000e+00,-1.5293233082706722e-02,-1,-1,5.2536514217873989e-04,wind_direction:18.4_m:degrees
443,9,8.8408683776855469e+01,2.4999999999999992e-03,1363,1364,2.0854166666666664e-03,angle_between_wind_wave:0_m:degrees
444,12,-1.9224423915147781e-02,-6.4488636363636317e-02,445,446,1.8366703254132271e-03,bulk_richardson:18.4_m:none
445,0,8.1542247772216797e+01,-6.9090909090909064e-02,883,884,1.3842384887839407e-03,zenith:0_m:degrees
446,12,2.5125425308942795e-02,-3.2272727272727279e-02,447,448,3.8175619834711072e-03,bulk_richardson:18.4_m:none
447,2,2.8686500549316406e+02,-1.6216216216216217e-02,477,478,2.2775748721694674e-03,water_sfc_temperature:0_m:K
448,4,5.4523868560791016e+00,-1.1714285714285713e-01,1339,1340,3.3918367346938826e-03,mixing_ratio:18.4_m:g_kg-1
449,11,2.9726000976562500e+02,-1.7962962962962961e-01,939,940,2.2554183813443124e-03,wind_direction:18.4_m:degrees
450,-2,-2.0000000000000000e+00,-2.7124999999999999e-01,-1,-1,1.2859375000000006e-03,wind_direction:18.4_m:degrees
451,11,2.6908000183105469e+02,-2.5000000000000000e-01,1481,1482,1.9499999999999934e-03,wind_direction:18.4_m:degrees
452,11,3.1166999816894531e+02,-1.7767857142857144e-01,1147,1148,1.4142538265306051e-03,wind_direction:18.4_m:degrees
453,4,4.3773260116577148e+00,-1.9862595419847343e-01,627,628,2.3568906240894541e-03,mixing_ratio:18.4_m:g_kg-1
454,-2,-2.0000000000000000e+00,-1.2727272727272726e-01,-1,-1,3.4710743801667776e-04,wind_direction:18.4_m:degrees
455,-2,-2.0000000000000000e+00,-1.7857142857142858e-01,-1,-1,1.2408163265306138e-03,wind_direction:18.4_m:degrees
456,2,2.7793000793457031e+02,-2.7020833333333333e-01,903,904,2.6312065972222271e-03,water_sfc_temperature:0_m:K
457,5,4.1149999618530273e+01,-1.8500000000000003e-01,753,754,2.5886363636363485e-03,relative_humidity:18.4_m:%
458,1,3.4512256622314453e+01,-2.3949367088607598e-01,467,468,3.6756929979170350e-03,azimuth:0_m:degrees
459,-2,-2.0000000000000000e+00,-2.9511111111111082e-02,-1,-1,4.3042765432098990e-04,wind_direction:18.4_m:degrees
460,11,3.4592999267578125e+02,-4.5470364328439303e-02,461,462,6.1488207441864201e-04,wind_direction:18.4_m:degrees
461,10,8.5967087745666504e+00,-4.5269461077844263e-02,463,464,5.7832967706394683e-04,wind_speed:18.4_m:m_s-1
462,-2,-2.0000000000000000e+00,-2.2999999999999998e-01,-1,-1,1.0000000000448539e-04,wind_direction:18.4_m:degrees
463,10,7.9994215965270996e+00,-3.8727714748784420e-02,853,854,3.8922407792186674e-04,wind_speed:18.4_m:m_s-1
464,11,2.6319000244140625e+02,-5.8656716417910405e-02,465,466,6.9852726417664714e-04,wind_direction:18.4_m:degrees
465,12,6.4376720692962408e-03,-6.2882352941176459e-02,1043,1044,4.6522145328720208e-04,bulk_richardson:18.4_m:none
466,7,9.4999998807907104e-01,-3.5483870967741936e-02,1131,1132,1.3430454387790317e-03,wave_height:0_m:m
467,-2,-2.0000000000000000e+00,-1.3000000000000000e-01,-1,-1,3.9999999999999758e-04,wind_direction:18.4_m:degrees
468,2,2.8055000305175781e+02,-2.4533333333333332e-01,655,656,3.1768888888888611e-03,water_sfc_temperature:0_m:K
469,2,2.7549499511718750e+02,-5.1612903225806461e-01,723,724,5.6882414151925853e-03,water_sfc_temperature:0_m:K
470,-2,-2.0000000000000000e+00,-4.3727272727272731e-01,-1,-1,1.2016528925616887e-03,wind_direction:18.4_m:degrees
471,0,8.5818164825439453e+01,-2.1633333333333335e-01,573,574,3.2298888888888933e-03,zenith:0_m:degrees
472,2,2.7988999938964844e+02,-1.6384615384615384e-01,619,620,2.1621301775148205e-03,water_sfc_temperature:0_m:K
473,3,1.0375000000000000e+03,-2.5109243697479067e-02,529,530,4.1748106301342850e-04,pressure:18.4_m:hPa
474,10,5.8291251659393311e+00,-1.8293943870014890e-02,755,756,3.1939365608546141e-04,wind_speed:18.4_m:m_s-1
475,-2,-2.0000000000000000e+00,-1.1400000000000002e-01,-1,-1,9.8399999999999703e-04,wind_direction:18.4_m:degrees
476,10,1.1850589752197266e+01,-2.1716417910447758e-01,715,716,2.7486745377589480e-03,wind_speed:18.4_m:m_s-1
477,-2,-2.0000000000000000e+00,-3.0625000000000006e-02,-1,-1,3.6210937500000023e-04,wind_direction:18.4_m:degrees
478,3,1.0126499938964844e+03,7.5999999999999998e-02,1059,1060,4.7040000000000042e-03,pressure:18.4_m:hPa
479,2,2.8088000488281250e+02,-3.3282608695652172e-01,481,482,4.4941871455577431e-03,water_sfc_temperature:0_m:K
480,11,3.0142500305175781e+02,-2.6875000000000004e-01,933,934,2.6109374999996882e-03,wind_direction:18.4_m:degrees
481,2,2.7757499694824219e+02,-3.1307692307692303e-01,1067,1068,2.4110453648915342e-03,water_sfc_temperature:0_m:K
482,11,2.9522499084472656e+02,-4.4285714285714289e-01,1913,1914,1.8204081632653968e-03,wind_direction:18.4_m:degrees
483,-2,-2.0000000000000000e+00,-1.4200000000000002e-01,-1,-1,1.5999999999998654e-05,wind_direction:18.4_m:degrees
484,-2,-2.0000000000000000e+00,-2.7499999999999997e-01,-1,-1,1.9583333333332981e-03,wind_direction:18.4_m:degrees
485,-2,-2.0000000000000000e+00,-7.7999999999999992e-01,-1,-1,1.1102230246251565e-16,wind_direction:18.4_m:degrees
486,5,6.8399997711181641e+01,-6.4793103448275868e-01,725,726,5.4991676575505966e-03,relative_humidity:18.4_m:%
487,-2,-2.0000000000000000e+00,-2.0000000000000004e-01,-1,-1,-6.9388939039072284e-18,wind_direction:18.4_m:degrees
488,11,2.9474499511718750e+02,-7.2926829268292664e-02,689,690,2.2532222883204483e-03,wind_direction:18.4_m:degrees
489,-2,-2.0000000000000000e+00,-1.2444444444444445e-01,-1,-1,7.3580246913580206e-04,wind_direction:18.4_m:degrees
490,2,2.8216500854492188e+02,-2.0724137931034481e-01,767,768,1.7165279429251015e-03,water_sfc_temperature:0_m:K
491,-2,-2.0000000000000000e+00,-3.3950000000000002e-01,-1,-1,3.1447499999999878e-03,wind_direction:18.4_m:degrees
492,1,2.9607768249511719e+02,-4.0200000000000002e-01,687,688,5.6826666666667247e-03,azimuth:0_m:degrees
493,0,4.3109022140502930e+01,-1.7910189982728791e-02,1569,1570,4.7801611378083393e-04,zenith:0_m:degrees
494,2,2.7867999267578125e+02,-3.2774390243902378e-02,495,496,1.0767539782867291e-03,water_sfc_temperature:0_m:K
495,-2,-2.0000000000000000e+00,-1.7000000000000001e-01,-1,-1,0.0000000000000000e+00,wind_direction:18.4_m:degrees
496,12,-1.4607585966587067e-01,-3.1507692307692257e-02,1539,1540,9.1126532544378940e-04,bulk_richardson:18.4_m:none
497,-2,-2.0000000000000000e+00,-3.7750000000000000e-01,-1,-1,1.1875000000000080e-04,wind_direction:18.4_m:degrees
498,-2,-2.0000000000000000e+00,-2.1333333333333335e-01,-1,-1,8.8888888888916107e-05,wind_direction:18.4_m:degrees
499,-2,-2.0000000000000000e+00,-2.8999999999999998e-01,-1,-1,0.0000000000000000e+00,wind_direction:18.4_m:degrees
500,11,1.9127000427246094e+02,-1.8223577235772354e-01,501,502,1.7531314032652803e-03,wind_direction:18.4_m:degrees
501,9,8.9667278289794922e+01,-2.2681818181818184e-01,1109,1110,1.8944214876032983e-03,angle_between_wind_wave:0_m:degrees
502,10,1.2632784843444824e+01,-1.7785714285714288e-01,855,856,1.5248724489796417e-03,wind_speed:18.4_m:m_s-1
503,-2,-2.0000000000000000e+00,-8.9500000000000002e-01,-1,-1,2.2500000000003073e-04,wind_direction:18.4_m:degrees
504,-2,-2.0000000000000000e+00,-1.0800000000000001e+00,-1,-1,2.2204460492503131e-16,wind_direction:18.4_m:degrees
505,8,4.2500000000000000e+00,-2.4950495049504896e-02,1071,1072,5.5519556906186119e-04,wave_period:0_m:s
506,11,2.8421501159667969e+02,-4.6363636363636378e-02,901,902,9.2162534435261774e-04,wind_direction:18.4_m:degrees
507,5,7.4450000762939453e+01,-4.9749999999999926e-02,733,734,6.6577083333333028e-04,relative_humidity:18.4_m:%
508,12,-5.5116474628448486e-02,-6.5108359133126889e-02,935,936,7.7359506944378164e-04,bulk_richardson:18.4_m:none
509,11,1.0788999938964844e+02,-1.0473684210526314e-01,1609,1610,1.2880886426592832e-03,wind_direction:18.4_m:degrees
510,12,9.0111736208200455e-03,-1.5576354679802965e-01,511,512,3.3436288189473244e-03,bulk_richardson:18.4_m:none
511,12,-4.3791525531560183e-03,-1.5247524752475256e-01,585,586,1.1651602784040552e-03,bulk_richardson:18.4_m:none
512,-2,-2.0000000000000000e+00,-8.1999999999999995e-01,-1,-1,9.9920072216264089e-16,wind_direction:18.4_m:degrees
513,-2,-2.0000000000000000e+00,-4.0000000000000008e-01,-1,-1,-2.7755575615628914e-17,wind_direction:18.4_m:degrees
514,-2,-2.0000000000000000e+00,-2.5000000000000000e-01,-1,-1,2.0000000000001961e-04,wind_direction:18.4_m:degrees
515,-2,-2.0000000000000000e+00,-4.0666666666666668e-01,-1,-1,1.7555555555555380e-03,wind_direction:18.4_m:degrees
516,5,5.4750000000000000e+01,-5.3599999999999992e-01,1733,1734,3.7199999999999456e-03,relative_humidity:18.4_m:%
517,10,1.2799144268035889e+01,-1.9320000000000001e-01,549,550,4.3817600000000123e-03,wind_speed:18.4_m:m_s-1
518,9,8.9263446807861328e+01,-2.6750000000000002e-01,1631,1632,1.7520833333333485e-03,angle_between_wind_wave:0_m:degrees
519,9,8.7997943878173828e+01,-6.4538461538461533e-01,899,900,2.9479289940826936e-03,angle_between_wind_wave:0_m:degrees
520,-2,-2.0000000000000000e+00,-4.2999999999999999e-01,-1,-1,2.7478019859472624e-15,wind_direction:18.4_m:degrees
521,-2,-2.0000000000000000e+00,-1.0483870967741937e-01,-1,-1,5.0884495317377390e-04,wind_direction:18.4_m:degrees
522,12,1.2267817277461290e-02,-6.6012658227848006e-02,583,584,7.6827832078194512e-04,bulk_richardson:18.4_m:none
523,-2,-2.0000000000000000e+00,-6.7833333333333334e-01,-1,-1,1.0138888888888142e-03,wind_direction:18.4_m:degrees
524,9,8.8619358062744141e+01,-5.7750000000000001e-01,1977,1978,1.5937500000000604e-03,angle_between_wind_wave:0_m:degrees
525,3,1.0100499877929688e+03,-4.5666666666666672e-01,527,528,3.7888888888888139e-03,pressure:18.4_m:hPa
526,-2,-2.0000000000000000e+00,-2.9999999999999999e-01,-1,-1,-4.1633363423443370e-17,wind_direction:18.4_m:degrees
527,-2,-2.0000000000000000e+00,-4.1454545454545461e-01,-1,-1,1.3520661157024327e-03,wind_direction:18.4_m:degrees
528,-2,-2.0000000000000000e+00,-5.2285714285714291e-01,-1,-1,4.4897959183670677e-04,wind_direction:18.4_m:degrees
529,9,8.9559516906738281e+01,-2.4873666479505917e-02,1173,1174,3.9365332675904917e-04,angle_between_wind_wave:0_m:degrees
530,-2,-2.0000000000000000e+00,-1.3000000000000000e-01,-1,-1,-1.0408340855860843e-17,wind_direction:18.4_m:degrees
531,-2,-2.0000000000000000e+00,-4.7166666666666668e-01,-1,-1,1.9138888888889372e-03,wind_direction:18.4_m:degrees
532,-2,-2.0000000000000000e+00,-6.2000000000000000e-01,-1,-1,-1.1102230246251565e-16,wind_direction:18.4_m:degrees
533,11,2.8052999877929688e+02,-4.9910714285714286e-01,535,536,5.7974170918369261e-03,wind_direction:18.4_m:degrees
534,2,2.8209498596191406e+02,-6.4999999999999991e-01,1885,1886,6.4000000000000168e-03,water_sfc_temperature:0_m:K
535,9,8.7869396209716797e+01,-5.5750000000000000e-01,1489,1490,2.1854166666666619e-03,angle_between_wind_wave:0_m:degrees
536,0,7.8044219970703125e+01,-4.8318181818181832e-01,537,538,5.5989669421487864e-03,zenith:0_m:degrees
537,-2,-2.0000000000000000e+00,-3.8875000000000004e-01,-1,-1,8.1093749999999742e-04,wind_direction:18.4_m:degrees
538,12,-3.7876946851611137e-02,-5.0416666666666687e-01,747,748,4.2409722222220836e-03,bulk_richardson:18.4_m:none
539,11,3.1508000183105469e+02,-1.8479999999999996e-01,885,886,1.7969599999999863e-03,wind_direction:18.4_m:degrees
540,5,5.4450000762939453e+01,-2.4500000000000000e-01,625,626,4.3249999999999678e-03,relative_humidity:18.4_m:%
541,3,1.0017500000000000e+03,-1.3870129870129871e-01,547,548,2.2255861022094821e-03,pressure:18.4_m:hPa
542,5,4.6399999618530273e+01,-1.1576923076923079e-01,947,948,1.6793533389687053e-03,relative_humidity:18.4_m:%
543,-2,-2.0000000000000000e+00,-2.9461538461538461e-01,-1,-1,8.4023668639053584e-04,wind_direction:18.4_m:degrees
544,9,8.9934753417968750e+01,-2.1533333333333332e-01,729,730,3.0915555555555557e-03,angle_between_wind_wave:0_m:degrees
545,12,-3.3153980970382690e-02,-3.4636363636363643e-01,1097,1098,3.4413223140495330e-03,bulk_richardson:18.4_m:none
546,7,2.0499999523162842e+00,-2.9052631578947369e-01,1035,1036,2.1418282548476136e-03,wave_height:0_m:m
547,6,2.3550000000000000e+02,-8.5714285714285729e-02,1273,1274,1.8530612244897935e-03,wave_direction:0_m:degrees
548,8,3.9500000476837158e+00,-1.4399999999999993e-01,661,662,1.9540000000000009e-03,wave_period:0_m:s
549,1,3.1680647277832031e+02,-1.6470588235294120e-01,863,864,3.6013840830449798e-03,azimuth:0_m:degrees
550,-2,-2.0000000000000000e+00,-2.5374999999999998e-01,-1,-1,6.4843750000000144e-04,wind_direction:18.4_m:degrees
551,4,3.9583332538604736e+00,-2.7843137254901962e-01,1317,1318,2.9426374471357153e-03,mixing_ratio:18.4_m:g_kg-1
552,1,3.4624441528320312e+02,-3.1746031746031739e-01,553,554,4.4094230284707076e-03,azimuth:0_m:degrees
553,5,6.0399999618530273e+01,-3.2080645161290322e-01,1089,1090,3.7751560874089846e-03,relative_humidity:18.4_m:%
554,-2,-2.0000000000000000e+00,-1.1000000000000000e-01,-1,-1,3.4694469519536142e-16,wind_direction:18.4_m:degrees
555,-2,-2.0000000000000000e+00,-9.1764705882352943e-02,-1,-1,2.1204152249134928e-03,wind_direction:18.4_m:degrees
556,0,9.4514282226562500e+01,-1.4319999999999997e-01,557,558,2.9768369230769309e-03,zenith:0_m:degrees
557,0,9.4175983428955078e+01,-1.2868613138686136e-01,559,560,3.2771058660557191e-03,zenith:0_m:degrees
558,11,2.8444999694824219e+02,-1.5377659574468086e-01,561,562,2.4926522181983081e-03,wind_direction:18.4_m:degrees
559,6,2.0500000000000000e+02,-1.3268656716417915e-01,603,604,2.6196480285141308e-03,wave_direction:0_m:degrees
560,-2,-2.0000000000000000e+00,5.0000000000000010e-02,-1,-1,2.9056618222611519e-16,wind_direction:18.4_m:degrees
561,4,4.3488850593566895e+00,-1.1424242424242424e-01,1301,1302,2.1335169880624429e-03,mixing_ratio:18.4_m:g_kg-1
562,4,1.5180670022964478e+00,-1.6219354838709676e-01,711,712,2.1655109261186252e-03,mixing_ratio:18.4_m:g_kg-1
563,-2,-2.0000000000000000e+00,-3.9222222222222225e-01,-1,-1,1.2395061728395496e-03,wind_direction:18.4_m:degrees
564,-2,-2.0000000000000000e+00,-6.0999999999999999e-01,-1,-1,0.0000000000000000e+00,wind_direction:18.4_m:degrees
565,0,5.1468608856201172e+01,-7.6868686868686850e-02,1545,1546,1.1124171002958932e-03,zenith:0_m:degrees
566,0,6.8537849426269531e+01,-4.5394736842105265e-02,1435,1436,1.2353704986149678e-03,zenith:0_m:degrees
567,-2,-2.0000000000000000e+00,-1.4999999999999999e-01,-1,-1,1.4399999999999968e-03,wind_direction:18.4_m:degrees
568,-2,-2.0000000000000000e+00,-2.5076923076923080e-01,-1,-1,1.0686390532544249e-03,wind_direction:18.4_m:degrees
569,-2,-2.0000000000000000e+00,-6.2500000000000014e-02,-1,-1,4.5208333333333212e-04,wind_direction:18.4_m:degrees
570,5,7.4750000000000000e+01,-1.0826086956521738e-01,2005,2006,9.4914933837428328e-04,relative_humidity:18.4_m:%
571,-2,-2.0000000000000000e+00,-3.7833333333333335e-01,-1,-1,9.8055555555554008e-04,wind_direction:18.4_m:degrees
572,-2,-2.0000000000000000e+00,-4.6888888888888886e-01,-1,-1,1.0320987654319214e-03,wind_direction:18.4_m:degrees
573,6,2.3650000000000000e+02,-1.9156249999999997e-01,1231,1232,3.4819335937500209e-03,wave_direction:0_m:degrees
574,5,4.6600000381469727e+01,-2.4464285714285713e-01,1933,1934,1.4391581632652653e-03,relative_humidity:18.4_m:%
575,10,1.5261922836303711e+01,-3.5733333333333328e-01,1269,1270,2.6862222222222565e-03,wind_speed:18.4_m:m_s-1
576,11,2.9400000000000000e+02,-4.2088235294117643e-01,611,612,5.6139273356401453e-03,wind_direction:18.4_m:degrees
577,2,2.7657000732421875e+02,-1.4565656565656571e-01,695,696,2.5296194265891081e-03,water_sfc_temperature:0_m:K
578,3,1.0011999816894531e+03,-1.0717948717948718e-01,1221,1222,2.2048652202498863e-03,pressure:18.4_m:hPa
579,1,3.1057110595703125e+02,-3.1911764705882345e-01,993,994,3.5903979238753603e-03,azimuth:0_m:degrees
580,7,1.2500000000000000e+00,-2.7953488372093016e-01,787,788,4.2555976203355050e-03,wave_height:0_m:m
581,10,1.1611254692077637e+01,-7.3401360544217642e-02,607,608,1.0503355083530033e-03,wind_speed:18.4_m:m_s-1
582,-2,-2.0000000000000000e+00,1.3000000000000000e-01,-1,-1,1.5057399771478686e-15,wind_direction:18.4_m:degrees
583,7,3.0000000000000000e+00,-6.5223642172523938e-02,775,776,6.7670717267708479e-04,wave_height:0_m:m
584,11,2.0123500061035156e+02,-1.4833333333333334e-01,1195,1196,3.4805555555555701e-03,wind_direction:18.4_m:degrees
585,9,8.9092243194580078e+01,-1.7025316455696207e-01,1183,1184,1.3012017304918876e-03,angle_between_wind_wave:0_m:degrees
586,-2,-2.0000000000000000e+00,-1.4105691056910560e-01,-1,-1,7.4441139533343997e-04,wind_direction:18.4_m:degrees
587,-2,-2.0000000000000000e+00,-3.2000000000000001e-01,-1,-1,0.0000000000000000e+00,wind_direction:18.4_m:degrees
588,10,1.6781103134155273e+01,-5.3333333333333333e-01,719,720,5.7555555555555693e-03,wind_speed:18.4_m:m_s-1
589,11,3.1464498901367188e+02,-2.9215876089060906e-02,609,610,6.3529996092172303e-04,wind_direction:18.4_m:degrees
590,12,7.9677067697048187e-02,-2.2033898305084745e-03,1717,1718,9.1548405630562069e-04,bulk_richardson:18.4_m:none
591,-2,-2.0000000000000000e+00,-1.9244491080797389e-02,-1,-1,3.5200003523418280e-04,wind_direction:18.4_m:degrees
592,5,9.9049999237060547e+01,-1.1393129770992340e-02,1711,1712,3.6914697570070046e-04,relative_humidity:18.4_m:%
593,6,2.2750000000000000e+02,-2.0928571428571432e-01,1425,1426,2.0494897959183536e-03,wave_direction:0_m:degrees
594,9,8.9080928802490234e+01,-2.7333333333333332e-01,595,596,3.0464646464646583e-03,angle_between_wind_wave:0_m:degrees
595,-2,-2.0000000000000000e+00,-1.9714285714285715e-01,-1,-1,1.3918367346938756e-03,wind_direction:18.4_m:degrees
596,10,1.2837354660034180e+01,-2.9384615384615381e-01,1205,1206,1.5082840236686629e-03,wind_speed:18.4_m:m_s-1
597,5,8.5200000762939453e+01,-1.2049868766404206e-01,599,600,1.1811161400100603e-03,relative_humidity:18.4_m:%
598,1,3.2083206176757812e+02,-9.8118811881188067e-02,681,682,1.1915106362121539e-03,azimuth:0_m:degrees
599,3,1.0008999938964844e+03,-1.3063725490196074e-01,839,840,1.0000841022683553e-03,pressure:18.4_m:hPa
600,8,9.5000000000000000e+00,-1.0881355932203386e-01,601,602,1.1347505506080352e-03,wave_period:0_m:s
601,12,-1.2608601246029139e-02,-1.0767045454545458e-01,1039,1040,9.0991412706611235e-04,bulk_richardson:18.4_m:none
602,-2,-2.0000000000000000e+00,-3.1000000000000000e-01,-1,-1,1.9706458687096529e-15,wind_direction:18.4_m:degrees
603,2,2.9190501403808594e+02,-1.4942028985507244e-01,605,606,2.4112581390464301e-03,water_sfc_temperature:0_m:K
604,5,4.5950000762939453e+01,-1.1492307692307691e-01,973,974,2.2280710059171260e-03,relative_humidity:18.4_m:%
605,6,2.0350000000000000e+02,-1.5600000000000006e-01,705,706,1.7932307692307831e-03,wave_direction:0_m:degrees
606,-2,-2.0000000000000000e+00,-4.2500000000000003e-02,-1,-1,3.1875000000004513e-04,wind_direction:18.4_m:degrees
607,2,2.7750000000000000e+02,-7.0611510791366891e-02,691,692,8.6689224160240840e-04,water_sfc_temperature:0_m:K
608,9,8.9273010253906250e+01,-1.2187500000000001e-01,1415,1416,1.7527343749998911e-03,angle_between_wind_wave:0_m:degrees
609,8,5.5499999523162842e+00,-2.7894736842105181e-02,977,978,5.1945450671212802e-04,wave_period:0_m:s
610,9,9.0646385192871094e+01,-5.8222222222222238e-02,677,678,2.2990617283950138e-03,angle_between_wind_wave:0_m:degrees
611,1,2.1582279968261719e+02,-4.4761904761904769e-01,613,614,5.8657596371883280e-03,azimuth:0_m:degrees
612,6,2.3550000000000000e+02,-3.7769230769230766e-01,1213,1214,2.1869822485204859e-03,wave_direction:0_m:degrees
613,11,2.4440999603271484e+02,-4.8615384615384627e-01,913,914,2.7775147928991994e-03,wind_direction:18.4_m:degrees
614,11,2.8210499572753906e+02,-3.8500000000000001e-01,735,736,4.5500000000000818e-03,wind_direction:18.4_m:degrees
615,10,6.3987104892730713e+00,-3.0251141552511338e-02,1997,1998,3.9970861741832136e-04,wind_speed:18.4_m:m_s-1
616,12,9.2455119010992348e-04,-4.4369747899159588e-02,1567,1568,3.8426664783560403e-04,bulk_richardson:18.4_m:none
617,3,1.0172999877929688e+03,-2.5921686746987954e-01,663,664,3.2397481492233704e-03,pressure:18.4_m:hPa
618,-2,-2.0000000000000000e+00,-4.0000000000000002e-01,-1,-1,3.9412917374193057e-15,wind_direction:18.4_m:degrees
619,-2,-2.0000000000000000e+00,-1.1499999999999999e-01,-1,-1,1.0050000000000007e-03,wind_direction:18.4_m:degrees
620,-2,-2.0000000000000000e+00,-1.9437500000000002e-01,-1,-1,4.6210937499999855e-04,wind_direction:18.4_m:degrees
621,4,2.4995510578155518e+00,-2.4000000000000002e-01,1333,1334,2.7333333333333237e-03,mixing_ratio:18.4_m:g_kg-1
622,3,9.9089999389648438e+02,-2.9091954022988503e-01,623,624,3.9531774342713155e-03,pressure:18.4_m:hPa
623,-2,-2.0000000000000000e+00,-3.9000000000000001e-01,-1,-1,9.9999999999988987e-05,wind_direction:18.4_m:degrees
624,10,1.4153819084167480e+01,-2.8614457831325307e-01,821,822,3.6429670489185467e-03,wind_speed:18.4_m:m_s-1
625,-2,-2.0000000000000000e+00,-3.2999999999999996e-01,-1,-1,1.2000000000000344e-03,wind_direction:18.4_m:degrees
626,11,3.5222999572753906e+02,-2.1666666666666667e-01,1219,1220,2.1555555555555356e-03,wind_direction:18.4_m:degrees
627,4,1.0146440863609314e+00,-1.9201754385964925e-01,957,958,2.2248768851953968e-03,mixing_ratio:18.4_m:g_kg-1
628,-2,-2.0000000000000000e+00,-2.4294117647058819e-01,-1,-1,9.8546712802757147e-04,wind_direction:18.4_m:degrees
629,9,8.8210044860839844e+01,-1.3661538461538467e-01,1055,1056,1.5485443786982037e-03,angle_between_wind_wave:0_m:degrees
630,12,-6.2245235312730074e-03,-1.6903614457831326e-01,653,654,1.5147336333285535e-03,bulk_richardson:18.4_m:none
631,4,5.4871876239776611e+00,-2.4923076923076926e-01,1021,1022,2.9301775147928949e-03,mixing_ratio:18.4_m:g_kg-1
632,11,2.5336499786376953e+02,-3.0782051282051276e-01,633,634,4.2734549638396152e-03,wind_direction:18.4_m:degrees
633,11,1.9702999877929688e+02,-2.9171875000000003e-01,635,636,2.6267333984375668e-03,wind_direction:18.4_m:degrees
634,3,9.9285000610351562e+02,-3.8142857142857139e-01,637,638,5.1979591836732730e-03,pressure:18.4_m:hPa
635,-2,-2.0000000000000000e+00,-3.3764705882352941e-01,-1,-1,9.1211072664361403e-04,wind_direction:18.4_m:degrees
636,11,2.2769499969482422e+02,-2.7510638297872342e-01,849,850,2.2079674060661025e-03,wind_direction:18.4_m:degrees
637,-2,-2.0000000000000000e+00,-2.4500000000000000e-01,-1,-1,2.0250000000000060e-03,wind_direction:18.4_m:degrees
638,1,1.9326865386962891e+02,-4.0416666666666673e-01,1253,1254,2.1076388888889297e-03,azimuth:0_m:degrees
639,-2,-2.0000000000000000e+00,-4.9971223021582689e-02,-1,-1,4.0057471145386143e-04,wind_direction:18.4_m:degrees
640,0,6.0017736434936523e+01,-2.1224489795918372e-02,1065,1066,1.2515618492294576e-03,zenith:0_m:degrees
641,-2,-2.0000000000000000e+00,-4.0200000000000002e-01,-1,-1,1.3360000000000316e-03,wind_direction:18.4_m:degrees
642,-2,-2.0000000000000000e+00,-2.6000000000000001e-01,-1,-1,1.8000000000000238e-03,wind_direction:18.4_m:degrees
643,-2,-2.0000000000000000e+00,-5.5333333333333334e-01,-1,-1,2.2222222222256782e-05,wind_direction:18.4_m:degrees
644,-2,-2.0000000000000000e+00,-6.8714285714285717e-01,-1,-1,1.1632653061224851e-03,wind_direction:18.4_m:degrees
645,5,9.7550003051757812e+01,-2.1076555023923426e-02,1757,1758,7.0290801492640140e-04,relative_humidity:18.4_m:%
646,-2,-2.0000000000000000e+00,-4.3908045977011478e-02,-1,-1,6.5369269388295044e-04,wind_direction:18.4_m:degrees
647,-2,-2.0000000000000000e+00,-2.2000000000000000e-01,-1,-1,0.0000000000000000e+00,wind_direction:18.4_m:degrees
648,11,2.4953500366210938e+02,-2.6337285902503251e-02,1777,1778,3.7788887326608276e-04,wind_direction:18.4_m:degrees
649,11,2.8528999328613281e+02,-1.4800000000000002e-01,1437,1438,1.2693333333333272e-03,wind_direction:18.4_m:degrees
650,1,1.2654571533203125e+02,-8.4800000000000028e-02,1405,1406,1.7449600000000089e-03,azimuth:0_m:degrees
651,9,9.0372592926025391e+01,5.0833333333333335e-02,987,988,3.7576388888888902e-03,angle_between_wind_wave:0_m:degrees
652,12,-7.7335734367370605e+00,-5.8776595744680854e-03,675,676,1.1827403519692175e-03,bulk_richardson:18.4_m:none
653,11,2.2776999664306641e+02,-1.7774647887323944e-01,1573,1574,1.0766117833763134e-03,wind_direction:18.4_m:degrees
654,-2,-2.0000000000000000e+00,-1.1750000000000001e-01,-1,-1,1.0020833333333496e-03,wind_direction:18.4_m:degrees
655,0,9.9216468811035156e+01,-2.6914285714285713e-01,731,732,3.0306938775510328e-03,zenith:0_m:degrees
656,10,1.1734836101531982e+01,-2.2450000000000001e-01,893,894,2.3747499999999880e-03,wind_speed:18.4_m:m_s-1
657,-2,-2.0000000000000000e+00,-2.0000000000000004e-01,-1,-1,-6.9388939039072284e-18,wind_direction:18.4_m:degrees
658,12,-7.5836520642042160e-02,-8.8266129032257987e-02,785,786,1.2296549817898145e-03,bulk_richardson:18.4_m:none
659,-2,-2.0000000000000000e+00,-5.6333333333333335e-01,-1,-1,9.5555555555554283e-04,wind_direction:18.4_m:degrees
660,-2,-2.0000000000000000e+00,-4.6399999999999997e-01,-1,-1,9.4400000000008366e-04,wind_direction:18.4_m:degrees
661,-2,-2.0000000000000000e+00,-1.0636363636363635e-01,-1,-1,2.9586776859504178e-04,wind_direction:18.4_m:degrees
662,3,1.0113500061035156e+03,-1.5101694915254235e-01,955,956,1.9498132720482883e-03,pressure:18.4_m:hPa
663,10,1.2450716018676758e+01,-2.6316129032258068e-01,665,666,3.1893610822060492e-03,wind_speed:18.4_m:m_s-1
664,-2,-2.0000000000000000e+00,-2.0363636363636364e-01,-1,-1,6.4132231404907813e-04,wind_direction:18.4_m:degrees
665,6,1.8950000000000000e+02,-2.4817073170731710e-01,667,668,2.6881171921475239e-03,wave_direction:0_m:degrees
666,5,6.1150001525878906e+01,-2.8000000000000008e-01,669,670,3.2164383561643778e-03,relative_humidity:18.4_m:%
667,-2,-2.0000000000000000e+00,-1.3500000000000001e-01,-1,-1,6.2499999999999709e-04,wind_direction:18.4_m:degrees
668,11,2.7414498901367188e+02,-2.5397435897435916e-01,1163,1164,2.1034352399736944e-03,wind_direction:18.4_m:degrees
669,12,-1.2452459894120693e-02,-3.0153846153846159e-01,671,672,3.0181459566073765e-03,bulk_richardson:18.4_m:none
670,3,1.0127000122070312e+03,-2.5529411764705889e-01,1347,1348,2.3013840830449911e-03,pressure:18.4_m:hPa
671,8,5.7500000000000000e+00,-3.3611111111111114e-01,1621,1622,2.0793209876543012e-03,wave_period:0_m:s
672,-2,-2.0000000000000000e+00,-2.7190476190476193e-01,-1,-1,1.9201814058956851e-03,wind_direction:18.4_m:degrees
673,-2,-2.0000000000000000e+00,-4.6999999999999997e-01,-1,-1,0.0000000000000000e+00,wind_direction:18.4_m:degrees
674,-2,-2.0000000000000000e+00,-6.8999999999999995e-01,-1,-1,-1.6653345369377348e-16,wind_direction:18.4_m:degrees
675,-2,-2.0000000000000000e+00,-1.4000000000000001e-01,-1,-1,0.0000000000000000e+00,wind_direction:18.4_m:degrees
676,9,9.1048580169677734e+01,-5.1604278074866301e-03,817,818,1.0923539420629705e-03,angle_between_wind_wave:0_m:degrees
677,12,2.2411233745515347e-02,-4.8250000000000015e-02,961,962,1.4994375000000003e-03,bulk_richardson:18.4_m:none
678,-2,-2.0000000000000000e+00,-1.3799999999999998e-01,-1,-1,1.5359999999999922e-03,wind_direction:18.4_m:degrees
679,-2,-2.0000000000000000e+00,-2.8999999999999998e-01,-1,-1,0.0000000000000000e+00,wind_direction:18.4_m:degrees
680,6,1.7750000000000000e+02,-3.9208333333333334e-01,1145,1146,1.8581597222222801e-03,wave_direction:0_m:degrees
681,2,2.9285499572753906e+02,-1.0284210526315792e-01,1739,1740,8.6876454293629592e-04,water_sfc_temperature:0_m:K
682,-2,-2.0000000000000000e+00,-2.3333333333333334e-02,-1,-1,3.5555555555553985e-04,wind_direction:18.4_m:degrees
683,-2,-2.0000000000000000e+00,-3.1000000000000000e-01,-1,-1,0.0000000000000000e+00,wind_direction:18.4_m:degrees
684,0,1.1649227142333984e+02,-1.7542857142857141e-01,873,874,1.9905306122449014e-03,zenith:0_m:degrees
685,-2,-2.0000000000000000e+00,-1.0650793650793651e-01,-1,-1,5.1478961955152974e-04,wind_direction:18.4_m:degrees
686,11,1.7522000122070312e+02,-1.8666666666666668e-01,1883,1884,2.8555555555555417e-03,wind_direction:18.4_m:degrees
687,11,3.1148500061035156e+02,-4.2086956521739127e-01,761,762,5.0340264650283462e-03,wind_direction:18.4_m:degrees
688,11,3.0613000488281250e+02,-3.3999999999999997e-01,1395,1396,2.7999999999998720e-03,wind_direction:18.4_m:degrees
689,7,8.4999999403953552e-01,-1.0266666666666667e-01,1375,1376,1.9862222222222243e-03,wave_height:0_m:m
690,11,3.1083999633789062e+02,-6.3333333333333325e-02,1029,1030,1.9620071684587868e-03,wind_direction:18.4_m:degrees
691,9,9.1070251464843750e+01,-5.3571428571428568e-02,815,816,8.4200680272108813e-04,angle_between_wind_wave:0_m:degrees
692,11,2.1091000366210938e+02,-7.7989690721649463e-02,1565,1566,6.9750504835795670e-04,wind_direction:18.4_m:degrees
693,5,5.8199998855590820e+01,-2.2400000000000003e-01,1299,1300,3.8639999999999855e-03,relative_humidity:18.4_m:%
694,0,7.2669895172119141e+01,-1.3875000000000001e-01,907,908,1.8662946428571539e-03,zenith:0_m:degrees
695,-2,-2.0000000000000000e+00,-4.0000000000000001e-02,-1,-1,-2.1684043449710089e-19,wind_direction:18.4_m:degrees
696,0,4.1597194671630859e+01,-1.4895833333333333e-01,697,698,2.2489149305555296e-03,zenith:0_m:degrees
697,-2,-2.0000000000000000e+00,-8.2500000000000004e-02,-1,-1,6.1875000000000038e-04,wind_direction:18.4_m:degrees
698,11,2.7877999877929688e+02,-1.5500000000000005e-01,949,950,1.9590909090909069e-03,wind_direction:18.4_m:degrees
699,0,6.9411472320556641e+01,-2.9499999999999998e-01,891,892,5.4249999999999993e-03,zenith:0_m:degrees
700,6,1.7750000000000000e+02,-2.1564516129032257e-01,1291,1292,2.0536160249739963e-03,wave_direction:0_m:degrees
701,-2,-2.0000000000000000e+00,-1.3350000000000001e-01,-1,-1,1.2827499999999992e-03,wind_direction:18.4_m:degrees
702,10,1.0283302307128906e+01,-9.1215139442230989e-02,927,928,8.0310510944274494e-04,wind_speed:18.4_m:m_s-1
703,2,2.8126499938964844e+02,-8.5888888888888881e-01,1451,1452,2.1654320987657405e-03,water_sfc_temperature:0_m:K
704,3,1.0068999938964844e+03,-7.5600000000000001e-01,1551,1552,3.1839999999995205e-03,pressure:18.4_m:hPa
705,6,1.9550000000000000e+02,-1.5096774193548393e-01,1125,1126,1.3313215400624079e-03,wave_direction:0_m:degrees
706,-2,-2.0000000000000000e+00,-2.6000000000000001e-01,-1,-1,1.5265566588595902e-16,wind_direction:18.4_m:degrees
707,1,1.6140894317626953e+02,-1.1863636363636365e-01,819,820,2.2845041322314061e-03,azimuth:0_m:degrees
708,12,-2.0465389825403690e-02,-1.9857142857142857e-01,837,838,4.1836734693877428e-03,bulk_richardson:18.4_m:none
709,-2,-2.0000000000000000e+00,-4.2999999999999999e-01,-1,-1,0.0000000000000000e+00,wind_direction:18.4_m:degrees
710,-2,-2.0000000000000000e+00,-3.1400000000000000e-01,-1,-1,6.3733333333333697e-04,wind_direction:18.4_m:degrees
711,-2,-2.0000000000000000e+00,-2.6666666666666666e-01,-1,-1,8.2222222222222419e-04,wind_direction:18.4_m:degrees
712,0,9.5082996368408203e+01,-1.6013157894736840e-01,1491,1492,1.9723511080332358e-03,zenith:0_m:degrees
713,11,1.6577500152587891e+02,-9.2186046511627914e-02,1245,1246,7.8173282855596889e-04,wind_direction:18.4_m:degrees
714,12,-8.3102714270353317e-03,-7.7136752136752113e-02,915,916,8.7983599970780854e-04,bulk_richardson:18.4_m:none
715,11,2.9823999023437500e+02,-2.1234375000000000e-01,717,718,2.3210693359375090e-03,wind_direction:18.4_m:degrees
716,-2,-2.0000000000000000e+00,-3.2000000000000001e-01,-1,-1,8.0000000000038374e-04,wind_direction:18.4_m:degrees
717,7,1.3000000119209290e+00,-2.3878787878787883e-01,1047,1048,1.9318640955004393e-03,wave_height:0_m:m
718,10,1.1549131870269775e+01,-1.8419354838709681e-01,1873,1874,1.1985431841831443e-03,wind_speed:18.4_m:m_s-1
719,-2,-2.0000000000000000e+00,-5.6571428571428573e-01,-1,-1,2.2244897959183829e-03,wind_direction:18.4_m:degrees
720,-2,-2.0000000000000000e+00,-4.2000000000000004e-01,-1,-1,1.5999999999999903e-03,wind_direction:18.4_m:degrees
721,10,1.1129694461822510e+01,-8.5521472392638034e-02,2017,2018,6.4067898678910051e-04,wind_speed:18.4_m:m_s-1
722,-2,-2.0000000000000000e+00,-5.7758620689655184e-02,-1,-1,5.9325208085616102e-04,wind_direction:18.4_m:degrees
723,-2,-2.0000000000000000e+00,-6.4000000000000001e-01,-1,-1,1.0000000000004450e-04,wind_direction:18.4_m:degrees
724,5,3.6550001144409180e+01,-5.0758620689655176e-01,1461,1462,4.9424494649226158e-03,relative_humidity:18.4_m:%
725,-2,-2.0000000000000000e+00,-4.6999999999999997e-01,-1,-1,0.0000000000000000e+00,wind_direction:18.4_m:degrees
726,9,8.7414604187011719e+01,-6.5428571428571425e-01,727,728,4.5244897959181296e-03,angle_between_wind_wave:0_m:degrees
727,-2,-2.0000000000000000e+00,-8.0000000000000004e-01,-1,-1,1.5999999999998238e-03,wind_direction:18.4_m:degrees
728,10,1.8556522369384766e+01,-6.4307692307692321e-01,1923,1924,2.9905325443787545e-03,wind_speed:18.4_m:m_s-1
729,-2,-2.0000000000000000e+00,-2.0285714285714287e-01,-1,-1,9.7755102040816139e-04,wind_direction:18.4_m:degrees
730,-2,-2.0000000000000000e+00,-3.9000000000000001e-01,-1,-1,-8.3266726846886741e-17,wind_direction:18.4_m:degrees
731,9,8.8300727844238281e+01,-2.5000000000000000e-01,1443,1444,2.0720000000000183e-03,angle_between_wind_wave:0_m:degrees
732,-2,-2.0000000000000000e+00,-3.1700000000000000e-01,-1,-1,2.2209999999999591e-03,wind_direction:18.4_m:degrees
733,3,1.0342000122070312e+03,-6.1866666666666653e-02,1023,1024,7.4584888888888905e-04,pressure:18.4_m:hPa
734,2,2.9241999816894531e+02,-4.4242424242424187e-02,1285,1286,5.3230486685032974e-04,water_sfc_temperature:0_m:K
735,-2,-2.0000000000000000e+00,-3.0333333333333329e-01,-1,-1,1.3555555555555682e-03,wind_direction:18.4_m:degrees
736,-2,-2.0000000000000000e+00,-4.3400000000000000e-01,-1,-1,6.3999999999980739e-05,wind_direction:18.4_m:degrees
737,-2,-2.0000000000000000e+00,-5.9999999999999998e-02,-1,-1,4.0000000000000018e-04,wind_direction:18.4_m:degrees
738,11,3.3577499389648438e+02,-1.5245614035087718e-01,739,740,2.9694059710680190e-03,wind_direction:18.4_m:degrees
739,0,6.8275447845458984e+01,-1.6604651162790696e-01,741,742,2.8006489994591779e-03,zenith:0_m:degrees
740,-2,-2.0000000000000000e+00,-1.1071428571428570e-01,-1,-1,1.1780612244897959e-03,wind_direction:18.4_m:degrees
741,-2,-2.0000000000000000e+00,-3.1000000000000000e-01,-1,-1,0.0000000000000000e+00,wind_direction:18.4_m:degrees
742,10,1.2492899417877197e+01,-1.5902439024390241e-01,971,972,1.8770969660916147e-03,wind_speed:18.4_m:m_s-1
743,-2,-2.0000000000000000e+00,-6.3800000000000012e-01,-1,-1,3.7599999999982092e-04,wind_direction:18.4_m:degrees
744,11,2.5580000305175781e+02,-7.2833333333333350e-01,745,746,4.8250000000000792e-03,wind_direction:18.4_m:degrees
745,-2,-2.0000000000000000e+00,-6.5000000000000002e-01,-1,-1,3.9999999999995595e-04,wind_direction:18.4_m:degrees
746,11,2.5607500457763672e+02,-7.5846153846153841e-01,1143,1144,3.2591715976326707e-03,wind_direction:18.4_m:degrees
747,3,1.0141000061035156e+03,-5.2652173913043476e-01,813,814,2.9705103969751012e-03,pressure:18.4_m:hPa
748,9,8.7829551696777344e+01,-4.6461538461538460e-01,1139,1140,4.0402366863906969e-03,angle_between_wind_wave:0_m:degrees
749,4,4.7111937999725342e+00,-1.6485714285714290e-01,1217,1218,1.3221224489795742e-03,mixing_ratio:18.4_m:g_kg-1
750,3,9.9870001220703125e+02,-1.2704918032786883e-01,1041,1042,1.3847352862133983e-03,pressure:18.4_m:hPa
751,-2,-2.0000000000000000e+00,-4.8260869565217399e-02,-1,-1,1.1274102079395082e-03,wind_direction:18.4_m:degrees
752,12,-3.8619393110275269e-01,-7.5675675675675666e-03,833,834,1.1769661553445332e-03,bulk_richardson:18.4_m:none
753,-2,-2.0000000000000000e+00,-1.3500000000000001e-01,-1,-1,1.0249999999999981e-03,wind_direction:18.4_m:degrees
754,9,9.0659683227539062e+01,-2.1357142857142855e-01,1781,1782,1.2372448979591777e-03,angle_between_wind_wave:0_m:degrees
755,5,9.9149997711181641e+01,-1.5277044854881204e-02,1189,1190,2.3864356277107150e-04,relative_humidity:18.4_m:%
756,-2,-2.0000000000000000e+00,-2.2130872483221414e-02,-1,-1,3.9579495293002188e-04,wind_direction:18.4_m:degrees
757,-2,-2.0000000000000000e+00,-5.1222222222222213e-01,-1,-1,1.0617283950618006e-03,wind_direction:18.4_m:degrees
758,2,2.8328999328613281e+02,-5.8785714285714286e-01,1371,1372,2.6596938775509948e-03,water_sfc_temperature:0_m:K
759,0,1.5910229492187500e+02,-1.2126315789473685e-01,865,866,2.4362991689750660e-03,zenith:0_m:degrees
760,0,7.3645862579345703e+01,-1.8000000000000002e-01,1289,1290,2.4600000000000663e-03,zenith:0_m:degrees
761,11,2.8197500610351562e+02,-4.0952380952380940e-01,897,898,4.0331065759637297e-03,wind_direction:18.4_m:degrees
762,-2,-2.0000000000000000e+00,-5.4000000000000004e-01,-1,-1,2.7755575615628914e-16,wind_direction:18.4_m:degrees
763,5,6.4199998855590820e+01,-1.0000000000000001e-01,1909,1910,1.0869565217391294e-03,relative_humidity:18.4_m:%
764,8,5.9500000476837158e+00,-1.4225352112676054e-01,765,766,2.5780202340805296e-03,wave_period:0_m:s
765,11,3.0238999938964844e+02,-1.3641791044776116e-01,1251,1252,1.8349298284695975e-03,wind_direction:18.4_m:degrees
766,7,1.3000000119209290e+00,-2.3999999999999999e-01,1281,1282,4.9000000000001126e-03,wave_height:0_m:m
767,-2,-2.0000000000000000e+00,-1.8714285714285714e-01,-1,-1,7.3469387755101950e-04,wind_direction:18.4_m:degrees
768,-2,-2.0000000000000000e+00,-2.6000000000000001e-01,-1,-1,4.5000000000006146e-04,wind_direction:18.4_m:degrees
769,2,2.9091999816894531e+02,-1.2475247524752481e-01,1341,1342,1.1120674443681703e-03,water_sfc_temperature:0_m:K
770,9,9.0402469635009766e+01,-1.6031249999999997e-01,1057,1058,1.7905273437500251e-03,angle_between_wind_wave:0_m:degrees
771,-2,-2.0000000000000000e+00,-4.6000000000000002e-01,-1,-1,1.6499999999999848e-03,wind_direction:18.4_m:degrees
772,11,2.4786499786376953e+02,-5.5166666666666664e-01,773,774,2.7757936507937786e-03,wind_direction:18.4_m:degrees
773,10,1.9717473983764648e+01,-5.6500000000000006e-01,1247,1248,2.4779411764704884e-03,wind_speed:18.4_m:m_s-1
774,-2,-2.0000000000000000e+00,-4.9500000000000000e-01,-1,-1,7.5000000000657874e-05,wind_direction:18.4_m:degrees
775,10,8.8714232444763184e+00,-6.4662379421221827e-02,1459,1460,6.1331044964382363e-04,wind_speed:18.4_m:m_s-1
776,-2,-2.0000000000000000e+00,-1.5250000000000000e-01,-1,-1,2.8687500000005375e-03,wind_direction:18.4_m:degrees
777,4,2.6829553842544556e+00,-1.4192307692307690e-01,779,780,3.2463017751479355e-03,mixing_ratio:18.4_m:g_kg-1
778,7,1.6000000238418579e+00,-1.0171428571428570e-01,1211,1212,1.4913469387755080e-03,wave_height:0_m:m
779,-2,-2.0000000000000000e+00,-2.2400000000000003e-01,-1,-1,5.0399999999999057e-04,wind_direction:18.4_m:degrees
780,6,1.8500000000000000e+02,-1.2238095238095240e-01,1829,1830,1.9133786848072615e-03,wave_direction:0_m:degrees
781,6,2.3900000000000000e+02,-1.1901408450704225e-01,799,800,1.1581829002182131e-03,wave_direction:0_m:degrees
782,-2,-2.0000000000000000e+00,-1.5625000000000003e-01,-1,-1,1.1734374999999957e-03,wind_direction:18.4_m:degrees
783,-2,-2.0000000000000000e+00,-3.6437246963562687e-03,-1,-1,3.2631841203756805e-04,wind_direction:18.4_m:degrees
784,12,2.1965185180306435e-02,-1.1548946716232919e-02,1209,1210,4.6563050384721896e-04,bulk_richardson:18.4_m:none
785,10,6.4315607547760010e+00,-9.5428571428571390e-02,985,986,1.2282448979592069e-03,wind_speed:18.4_m:m_s-1
786,-2,-2.0000000000000000e+00,-7.1095890410958928e-02,-1,-1,8.1523738037154667e-04,wind_direction:18.4_m:degrees
787,1,2.7432821655273438e+02,-2.5100000000000000e-01,1423,1424,3.2090000000000035e-03,azimuth:0_m:degrees
788,4,1.1956207752227783e+00,-3.0434782608695643e-01,789,790,3.8419659735350192e-03,mixing_ratio:18.4_m:g_kg-1
789,12,-6.1304649338126183e-02,-2.6636363636363636e-01,1487,1488,1.8776859504132243e-03,bulk_richardson:18.4_m:none
790,12,-5.3813405334949493e-02,-3.3916666666666667e-01,1541,1542,3.1076388888889583e-03,bulk_richardson:18.4_m:none
791,-2,-2.0000000000000000e+00,2.0000000000000000e-02,-1,-1,-5.4210108624275222e-20,wind_direction:18.4_m:degrees
792,12,-7.7215708792209625e-02,-8.1184210526315762e-02,793,794,1.5071502770083265e-03,bulk_richardson:18.4_m:none
793,-2,-2.0000000000000000e+00,-1.9666666666666666e-01,-1,-1,8.8888888888888351e-05,wind_direction:18.4_m:degrees
794,10,8.6175808906555176e+00,-8.0033222591362085e-02,843,844,1.3870420856281953e-03,wind_speed:18.4_m:m_s-1
795,10,1.2356343746185303e+01,-1.2000000000000001e-01,1607,1608,2.3419354838709640e-03,wind_speed:18.4_m:m_s-1
796,-2,-2.0000000000000000e+00,-2.1250000000000002e-01,-1,-1,9.1874999999999596e-04,wind_direction:18.4_m:degrees
797,5,5.1849998474121094e+01,-3.7101694915254246e-01,895,896,3.5142200517091771e-03,relative_humidity:18.4_m:%
798,8,5.5000000000000000e+00,-2.9000000000000004e-01,1343,1344,3.9999999999997399e-03,wave_period:0_m:s
799,-2,-2.0000000000000000e+00,-1.1550724637681160e-01,-1,-1,7.5517748372191246e-04,wind_direction:18.4_m:degrees
800,-2,-2.0000000000000000e+00,-2.3999999999999999e-01,-1,-1,-1.1796119636642288e-16,wind_direction:18.4_m:degrees
801,0,8.6108623504638672e+01,-6.3750000000000007e-01,803,804,3.3187499999998704e-03,zenith:0_m:degrees
802,-2,-2.0000000000000000e+00,-7.7000000000000002e-01,-1,-1,2.2204460492503131e-16,wind_direction:18.4_m:degrees
803,-2,-2.0000000000000000e+00,-7.6000000000000001e-01,-1,-1,0.0000000000000000e+00,wind_direction:18.4_m:degrees
804,-2,-2.0000000000000000e+00,-6.1299999999999999e-01,-1,-1,3.8099999999985368e-04,wind_direction:18.4_m:degrees
805,9,8.9461147308349609e+01,-2.3678571428571424e-01,807,808,3.6289540816326279e-03,angle_between_wind_wave:0_m:degrees
806,6,2.2600000000000000e+02,-1.8600000000000000e-01,1399,1400,1.8939999999999790e-03,wave_direction:0_m:degrees
807,5,6.3349998474121094e+01,-2.0562500000000000e-01,1229,1230,2.4996093750000239e-03,relative_humidity:18.4_m:%
808,12,-2.3327250964939594e-02,-2.7833333333333332e-01,1613,1614,2.1138888888888874e-03,bulk_richardson:18.4_m:none
809,3,1.0108999938964844e+03,-2.0105263157894740e-01,811,812,3.4567867036011043e-03,pressure:18.4_m:hPa
810,5,7.2750000000000000e+01,-2.3736842105263159e-01,1271,1272,1.6474607571561189e-03,relative_humidity:18.4_m:%
811,0,1.3275132751464844e+02,-1.8354838709677423e-01,877,878,2.3841831425598092e-03,zenith:0_m:degrees
812,-2,-2.0000000000000000e+00,-2.7857142857142858e-01,-1,-1,8.4081632653065785e-04,wind_direction:18.4_m:degrees
813,-2,-2.0000000000000000e+00,-5.4555555555555546e-01,-1,-1,8.1358024691358111e-04,wind_direction:18.4_m:degrees
814,9,8.8121131896972656e+01,-4.5800000000000002e-01,1101,1102,4.7360000000002678e-03,angle_between_wind_wave:0_m:degrees
815,-2,-2.0000000000000000e+00,-4.8333333333333339e-02,-1,-1,4.8055555555555655e-04,wind_direction:18.4_m:degrees
816,-2,-2.0000000000000000e+00,-1.2166666666666666e-01,-1,-1,5.4722222222219202e-04,wind_direction:18.4_m:degrees
817,3,1.0367500000000000e+03,-1.8541033434650459e-03,887,888,8.8805166249387969e-04,pressure:18.4_m:hPa
818,2,2.7331500244140625e+02,-2.9333333333333336e-02,1237,1238,1.9217777777777731e-03,water_sfc_temperature:0_m:K
819,-2,-2.0000000000000000e+00,-1.4923076923076922e-01,-1,-1,9.3017751479289312e-04,wind_direction:18.4_m:degrees
820,-2,-2.0000000000000000e+00,-7.4444444444444452e-02,-1,-1,9.3580246913580779e-04,wind_direction:18.4_m:degrees
821,1,3.2195887756347656e+02,-2.9428571428571426e-01,823,824,3.3873469387754873e-03,azimuth:0_m:degrees
822,8,5.4000000953674316e+00,-2.4230769230769234e-01,911,912,2.7408284023666962e-03,wave_period:0_m:s
823,1,2.6796911621093750e+02,-3.0229508196721305e-01,889,890,3.1062080085998423e-03,azimuth:0_m:degrees
824,9,8.9851039886474609e+01,-2.3999999999999996e-01,1485,1486,1.9111111111113424e-03,angle_between_wind_wave:0_m:degrees
825,12,-1.3425057753920555e-02,-4.8760330578512361e-02,827,828,1.0579673519568373e-03,bulk_richardson:18.4_m:none
826,3,1.0092500000000000e+03,-7.6444444444444440e-02,1679,1680,7.7846913580247902e-04,pressure:18.4_m:hPa
827,3,1.0065000000000000e+03,-5.9921259842519670e-02,1007,1008,1.0385764771529524e-03,pressure:18.4_m:hPa
828,8,5.3999998569488525e+00,-3.6434782608695634e-02,1537,1538,7.8989792060491773e-04,wave_period:0_m:s
829,-2,-2.0000000000000000e+00,-5.0497512437810914e-02,-1,-1,4.6641914804089338e-04,wind_direction:18.4_m:degrees
830,9,9.1292514801025391e+01,-1.5555555555555557e-02,831,832,1.9283950617283965e-03,angle_between_wind_wave:0_m:degrees
831,-2,-2.0000000000000000e+00,-2.6400000000000000e-02,-1,-1,4.9504000000000041e-04,wind_direction:18.4_m:degrees
832,-2,-2.0000000000000000e+00,1.2000000000000000e-01,-1,-1,-3.4694469519536142e-18,wind_direction:18.4_m:degrees
833,-2,-2.0000000000000000e+00,6.0000000000000005e-02,-1,-1,9.9999999999999829e-05,wind_direction:18.4_m:degrees
834,2,2.7375999450683594e+02,-1.1428571428571429e-02,1751,1752,9.6272108843537462e-04,water_sfc_temperature:0_m:K
835,-2,-2.0000000000000000e+00,-3.4999999999999998e-01,-1,-1,8.4000000000002129e-04,wind_direction:18.4_m:degrees
836,4,4.0606279373168945e+00,-4.4300000000000006e-01,1157,1158,3.6810000000000453e-03,mixing_ratio:18.4_m:g_kg-1
837,-2,-2.0000000000000000e+00,-2.9999999999999999e-01,-1,-1,0.0000000000000000e+00,wind_direction:18.4_m:degrees
838,-2,-2.0000000000000000e+00,-1.5800000000000000e-01,-1,-1,9.6000000000012742e-05,wind_direction:18.4_m:degrees
839,-2,-2.0000000000000000e+00,-1.7428571428571432e-01,-1,-1,8.3877551020406990e-04,wind_direction:18.4_m:degrees
840,0,8.2924629211425781e+01,-1.2742105263157888e-01,2009,2010,8.6124376731304061e-04,zenith:0_m:degrees
841,-2,-2.0000000000000000e+00,1.3125000000000001e-02,-1,-1,1.4214843750000000e-03,wind_direction:18.4_m:degrees
842,-2,-2.0000000000000000e+00,-9.3333333333333338e-02,-1,-1,8.8888888888888351e-05,wind_direction:18.4_m:degrees
843,1,2.7494990539550781e+02,-1.3555555555555557e-01,1365,1366,2.1135802469135732e-03,azimuth:0_m:degrees
844,11,1.0140999984741211e+02,-7.8321917808219121e-02,845,846,1.2667045881028394e-03,wind_direction:18.4_m:degrees
845,6,1.3000000000000000e+02,-2.3636363636363636e-02,1455,1456,2.4231404958677694e-03,wave_direction:0_m:degrees
846,3,1.0134500122070312e+03,-8.0462633451957352e-02,1077,1078,1.0997859702891423e-03,pressure:18.4_m:hPa
847,-2,-2.0000000000000000e+00,-3.5000000000000003e-01,-1,-1,7.7142857142854793e-04,wind_direction:18.4_m:degrees
848,-2,-2.0000000000000000e+00,-2.6249999999999996e-01,-1,-1,1.4187500000000242e-03,wind_direction:18.4_m:degrees
849,-2,-2.0000000000000000e+00,-2.4235294117647060e-01,-1,-1,8.1799307958476536e-04,wind_direction:18.4_m:degrees
850,5,6.6350002288818359e+01,-2.9366666666666669e-01,851,852,2.0432222222222518e-03,relative_humidity:18.4_m:%
851,-2,-2.0000000000000000e+00,-4.1999999999999998e-01,-1,-1,0.0000000000000000e+00,wind_direction:18.4_m:degrees
852,-2,-2.0000000000000000e+00,-2.8464285714285714e-01,-1,-1,9.6772959183676066e-04,wind_direction:18.4_m:degrees
853,-2,-2.0000000000000000e+00,-3.4388807069219367e-02,-1,-1,3.7897106764907588e-04,wind_direction:18.4_m:degrees
854,2,2.8791500854492188e+02,-4.4036036036036008e-02,1419,1420,3.5055725996266038e-04,water_sfc_temperature:0_m:K
855,0,3.5611869812011719e+01,-1.6451612903225818e-01,1345,1346,1.1107873742628796e-03,zenith:0_m:degrees
856,5,9.0200000762939453e+01,-1.8732824427480926e-01,857,858,1.6027853854670635e-03,relative_humidity:18.4_m:%
857,9,9.1495700836181641e+01,-1.9369369369369380e-01,1263,1264,1.4088791494196382e-03,angle_between_wind_wave:0_m:degrees
858,12,2.0616632420569658e-02,-1.5200000000000000e-01,1789,1790,1.2060000000001098e-03,bulk_richardson:18.4_m:none
859,10,4.1905119419097900e+00,-4.9447852760736176e-02,861,862,7.5122887575745966e-04,wind_speed:18.4_m:m_s-1
860,-2,-2.0000000000000000e+00,-1.0476190476190476e-02,-1,-1,2.6167800453515166e-04,wind_direction:18.4_m:degrees
861,-2,-2.0000000000000000e+00,-2.2424242424242426e-02,-1,-1,3.8200183654729105e-04,wind_direction:18.4_m:degrees
862,1,6.3241645812988281e+01,-5.6307692307692302e-02,1721,1722,6.1252071005917386e-04,azimuth:0_m:degrees
863,1,3.0907768249511719e+02,-1.8357142857142858e-01,1421,1422,2.1229591836734660e-03,azimuth:0_m:degrees
864,-2,-2.0000000000000000e+00,-7.6666666666666675e-02,-1,-1,1.0888888888888996e-03,wind_direction:18.4_m:degrees
865,4,4.0253702402114868e+00,-1.1815217391304345e-01,1025,1026,2.2063681474480124e-03,mixing_ratio:18.4_m:g_kg-1
866,-2,-2.0000000000000000e+00,-2.1666666666666667e-01,-1,-1,8.8888888888763451e-05,wind_direction:18.4_m:degrees
867,0,6.4281682968139648e+01,-1.1158536585365850e-01,869,870,1.4035841760856732e-03,zenith:0_m:degrees
868,2,2.8068998718261719e+02,-8.1764705882352975e-02,1893,1894,1.0341407151095777e-03,water_sfc_temperature:0_m:K
869,-2,-2.0000000000000000e+00,-2.9999999999999999e-02,-1,-1,3.0000000000000014e-04,wind_direction:18.4_m:degrees
870,-2,-2.0000000000000000e+00,-1.1576923076923076e-01,-1,-1,1.1013313609467574e-03,wind_direction:18.4_m:degrees
871,4,2.5271221399307251e+00,-1.0136363636363641e-01,1207,1208,1.5072314049586685e-03,mixing_ratio:18.4_m:g_kg-1
872,1,6.5316768646240234e+01,-1.3913043478260870e-01,1019,1020,2.1383742911153074e-03,azimuth:0_m:degrees
873,3,1.0121000061035156e+03,-1.8448275862068969e-01,875,876,1.7971462544590019e-03,pressure:18.4_m:hPa
874,-2,-2.0000000000000000e+00,-1.3166666666666668e-01,-1,-1,6.1388888888883400e-04,wind_direction:18.4_m:degrees
875,9,9.0512580871582031e+01,-1.9925000000000001e-01,1479,1480,1.5369374999999671e-03,angle_between_wind_wave:0_m:degrees
876,-2,-2.0000000000000000e+00,-1.5166666666666664e-01,-1,-1,8.1388888888891953e-04,wind_direction:18.4_m:degrees
877,8,6.9000000953674316e+00,-1.9137931034482758e-01,879,880,1.5980975029726355e-03,wave_period:0_m:s
878,-2,-2.0000000000000000e+00,-7.0000000000000007e-02,-1,-1,-7.2858385991025898e-17,wind_direction:18.4_m:degrees
879,-2,-2.0000000000000000e+00,-2.1047619047619048e-01,-1,-1,4.9024943310656960e-04,wind_direction:18.4_m:degrees
880,-2,-2.0000000000000000e+00,-1.4124999999999999e-01,-1,-1,1.0359375000000247e-03,wind_direction:18.4_m:degrees
881,-2,-2.0000000000000000e+00,-4.0250000000000002e-01,-1,-1,1.7354166666666559e-03,wind_direction:18.4_m:degrees
882,-2,-2.0000000000000000e+00,-2.3000000000000001e-01,-1,-1,-2.7755575615628914e-17,wind_direction:18.4_m:degrees
883,6,2.3350000000000000e+02,-6.0588235294117596e-02,1863,1864,1.1443598615916996e-03,wave_direction:0_m:degrees
884,2,2.8280499267578125e+02,-7.9565217391304358e-02,923,924,1.4809703843730237e-03,water_sfc_temperature:0_m:K
885,2,2.8591000366210938e+02,-1.3800000000000001e-01,1979,1980,1.5160000000000000e-03,water_sfc_temperature:0_m:K
886,6,1.7300000000000000e+02,-1.9650000000000001e-01,1501,1502,1.1827500000000241e-03,wave_direction:0_m:degrees
887,-2,-2.0000000000000000e+00,-3.7025316455696206e-03,-1,-1,8.0559505688191052e-04,wind_direction:18.4_m:degrees
888,-2,-2.0000000000000000e+00,4.3076923076923082e-02,-1,-1,7.9053254437869234e-04,wind_direction:18.4_m:degrees
889,8,6.5000000000000000e+00,-2.9021739130434782e-01,1331,1332,2.7108223062382586e-03,wave_period:0_m:s
890,6,2.2350000000000000e+02,-3.3933333333333338e-01,1585,1586,2.4995555555553800e-03,wave_direction:0_m:degrees
891,-2,-2.0000000000000000e+00,-2.0000000000000001e-01,-1,-1,8.9999999999999802e-04,wind_direction:18.4_m:degrees
892,-2,-2.0000000000000000e+00,-3.4250000000000003e-01,-1,-1,9.1874999999998208e-04,wind_direction:18.4_m:degrees
893,3,1.0149500122070312e+03,-2.3189189189189199e-01,1397,1398,1.7180423666910138e-03,pressure:18.4_m:hPa
894,-2,-2.0000000000000000e+00,-1.3333333333333333e-01,-1,-1,1.4888888888888105e-03,wind_direction:18.4_m:degrees
895,4,2.4939515590667725e+00,-3.4857142857142859e-01,1045,1046,2.4551020408163093e-03,mixing_ratio:18.4_m:g_kg-1
896,5,5.8199998855590820e+01,-3.9129032258064511e-01,1325,1326,3.6047866805410667e-03,relative_humidity:18.4_m:%
897,-2,-2.0000000000000000e+00,-2.5000000000000000e-01,-1,-1,0.0000000000000000e+00,wind_direction:18.4_m:degrees
898,9,8.9103481292724609e+01,-4.1750000000000009e-01,1081,1082,2.8987500000001165e-03,angle_between_wind_wave:0_m:degrees
899,-2,-2.0000000000000000e+00,-5.5666666666666675e-01,-1,-1,2.2222222222201271e-05,wind_direction:18.4_m:degrees
900,-2,-2.0000000000000000e+00,-6.5695652173913044e-01,-1,-1,2.1689981096408850e-03,wind_direction:18.4_m:degrees
901,10,9.1420097351074219e+00,-4.0357142857142855e-02,1367,1368,5.8558673469387684e-04,wind_speed:18.4_m:m_s-1
902,2,2.8793998718261719e+02,-8.0000000000000002e-02,1329,1330,1.4699999999999939e-03,water_sfc_temperature:0_m:K
903,10,1.1289829254150391e+01,-2.4760000000000001e-01,905,906,2.4582400000000768e-03,wind_speed:18.4_m:m_s-1
904,1,8.0084384918212891e+01,-2.9478260869565220e-01,1549,1550,1.6597353497163347e-03,azimuth:0_m:degrees
905,-2,-2.0000000000000000e+00,-2.1933333333333335e-01,-1,-1,8.1955555555554560e-04,wind_direction:18.4_m:degrees
906,10,1.1410715103149414e+01,-2.9000000000000004e-01,1723,1724,1.9200000000000189e-03,wind_speed:18.4_m:m_s-1
907,0,7.1477958679199219e+01,-1.1387096774193546e-01,1063,1064,1.4495317377731607e-03,zenith:0_m:degrees
908,11,3.1746499633789062e+02,-1.4827160493827160e-01,909,910,1.6982472184118060e-03,wind_direction:18.4_m:degrees
909,0,1.2689581680297852e+02,-1.8400000000000002e-01,2025,2026,1.3639999999999902e-03,zenith:0_m:degrees
910,6,2.3350000000000000e+02,-1.3655737704918031e-01,1833,1834,1.2520827734480017e-03,wave_direction:0_m:degrees
911,-2,-2.0000000000000000e+00,-3.1000000000000000e-01,-1,-1,1.0000000000000286e-04,wind_direction:18.4_m:degrees
912,-2,-2.0000000000000000e+00,-2.1222222222222223e-01,-1,-1,9.7283950617282899e-04,wind_direction:18.4_m:degrees
913,-2,-2.0000000000000000e+00,-3.3000000000000002e-01,-1,-1,0.0000000000000000e+00,wind_direction:18.4_m:degrees
914,-2,-2.0000000000000000e+00,-4.9916666666666659e-01,-1,-1,8.0763888888876756e-04,wind_direction:18.4_m:degrees
915,9,8.8613685607910156e+01,-9.2282608695652177e-02,1051,1052,1.1610940453686217e-03,angle_between_wind_wave:0_m:degrees
916,7,3.0499999523162842e+00,-7.3430851063829794e-02,917,918,7.4115479289272018e-04,wave_height:0_m:m
917,9,8.7689243316650391e+01,-7.2270270270270220e-02,1049,1050,6.5214317019722089e-04,angle_between_wind_wave:0_m:degrees
918,-2,-2.0000000000000000e+00,-1.4499999999999999e-01,-1,-1,1.0249999999998559e-03,wind_direction:18.4_m:degrees
919,5,4.7000000000000000e+01,-2.2197802197802204e-02,1951,1952,6.6769713802680816e-04,relative_humidity:18.4_m:%
920,10,6.7385716438293457e+00,-4.0226950354609825e-02,1165,1166,6.4108324530959271e-04,wind_speed:18.4_m:m_s-1
921,-2,-2.0000000000000000e+00,-1.7000000000000001e-01,-1,-1,4.6666666666666037e-04,wind_direction:18.4_m:degrees
922,-2,-2.0000000000000000e+00,-2.8799999999999998e-01,-1,-1,2.1599999999998010e-04,wind_direction:18.4_m:degrees
923,0,1.1173785781860352e+02,-6.9999999999999993e-02,1369,1370,1.1483870967741979e-03,zenith:0_m:degrees
924,1,2.7738922119140625e+02,-9.9333333333333343e-02,1083,1084,1.5884444444444323e-03,azimuth:0_m:degrees
925,10,1.5254563331604004e+01,-4.2400000000000004e-01,937,938,1.9439999999999735e-03,wind_speed:18.4_m:m_s-1
926,-2,-2.0000000000000000e+00,-3.7000000000000000e-01,-1,-1,1.9250000000000933e-03,wind_direction:18.4_m:degrees
927,10,1.0277635574340820e+01,-7.7500000000000013e-02,1903,1904,6.0949074074073857e-04,wind_speed:18.4_m:m_s-1
928,2,2.9148500061035156e+02,-9.4974619289340118e-02,929,930,7.9048158932209893e-04,water_sfc_temperature:0_m:K
929,5,7.7250000000000000e+01,-8.9999999999999955e-02,1697,1698,7.1032258064515456e-04,relative_humidity:18.4_m:%
930,-2,-2.0000000000000000e+00,-1.1333333333333336e-01,-1,-1,6.5793650793652576e-04,wind_direction:18.4_m:degrees
931,-2,-2.0000000000000000e+00,-1.0840000000000000e-01,-1,-1,1.4414400000000039e-03,wind_direction:18.4_m:degrees
932,-2,-2.0000000000000000e+00,-7.8904109589041094e-02,-1,-1,8.0153875023455945e-04,wind_direction:18.4_m:degrees
933,-2,-2.0000000000000000e+00,-3.1428571428571422e-01,-1,-1,1.5102040816326878e-03,wind_direction:18.4_m:degrees
934,-2,-2.0000000000000000e+00,-2.3333333333333334e-01,-1,-1,5.9999999999995474e-04,wind_direction:18.4_m:degrees
935,-2,-2.0000000000000000e+00,-1.2999999999999998e-01,-1,-1,1.4000000000000054e-03,wind_direction:18.4_m:degrees
936,2,2.8214498901367188e+02,-6.3880126182965277e-02,1981,1982,6.8052821701878024e-04,water_sfc_temperature:0_m:K
937,-2,-2.0000000000000000e+00,-4.5636363636363642e-01,-1,-1,8.5950413223129241e-04,wind_direction:18.4_m:degrees
938,-2,-2.0000000000000000e+00,-3.8444444444444442e-01,-1,-1,4.2469135802480906e-04,wind_direction:18.4_m:degrees
939,-2,-2.0000000000000000e+00,-2.6666666666666666e-01,-1,-1,4.2222222222222661e-04,wind_direction:18.4_m:degrees
940,-2,-2.0000000000000000e+00,-1.6874999999999998e-01,-1,-1,1.4192708333333366e-03,wind_direction:18.4_m:degrees
941,-2,-2.0000000000000000e+00,-6.7118644067796621e-02,-1,-1,9.8661304222924344e-04,wind_direction:18.4_m:degrees
942,10,8.3006920814514160e+00,-8.9999999999999997e-02,943,944,1.3657142857142930e-03,wind_speed:18.4_m:m_s-1
943,4,2.1032186746597290e+00,-8.4870689655172402e-02,1475,1476,1.0930867271105853e-03,mixing_ratio:18.4_m:g_kg-1
944,10,8.3144030570983887e+00,-1.1479166666666664e-01,945,946,1.9416232638888361e-03,wind_speed:18.4_m:m_s-1
945,-2,-2.0000000000000000e+00,-1.6875000000000001e-01,-1,-1,7.6093749999999946e-04,wind_direction:18.4_m:degrees
946,11,3.4119000244140625e+02,-1.0400000000000001e-01,1449,1450,1.4790000000000133e-03,wind_direction:18.4_m:degrees
947,1,3.8839421272277832e+01,-9.8245614035087747e-02,975,976,1.5162203755001470e-03,azimuth:0_m:degrees
948,1,2.3510305786132812e+02,-1.2376000000000001e-01,1553,1554,1.5498623999999871e-03,azimuth:0_m:degrees
949,-2,-2.0000000000000000e+00,-1.3682926829268294e-01,-1,-1,9.6311719214752650e-04,wind_direction:18.4_m:degrees
950,1,2.7412696838378906e+02,-1.7085106382978726e-01,951,952,2.2886373924852314e-03,azimuth:0_m:degrees
951,9,8.8953407287597656e+01,-1.5484848484848485e-01,953,954,2.1886134067952388e-03,angle_between_wind_wave:0_m:degrees
952,-2,-2.0000000000000000e+00,-2.0857142857142857e-01,-1,-1,4.9795918367340902e-04,wind_direction:18.4_m:degrees
953,-2,-2.0000000000000000e+00,-2.0999999999999999e-01,-1,-1,1.6571428571428709e-03,wind_direction:18.4_m:degrees
954,11,3.0338999938964844e+02,-1.3999999999999999e-01,1477,1478,1.2923076923076933e-03,wind_direction:18.4_m:degrees
955,-2,-2.0000000000000000e+00,-1.3204545454545455e-01,-1,-1,1.0571797520661196e-03,wind_direction:18.4_m:degrees
956,4,1.3118072748184204e+00,-1.6229729729729730e-01,1335,1336,2.1393170197224441e-03,mixing_ratio:18.4_m:g_kg-1
957,-2,-2.0000000000000000e+00,-2.3999999999999999e-01,-1,-1,9.6000000000001640e-04,wind_direction:18.4_m:degrees
958,4,1.0442038178443909e+00,-1.8740384615384617e-01,959,960,2.1038369082839667e-03,mixing_ratio:18.4_m:g_kg-1
959,-2,-2.0000000000000000e+00,-5.0000000000000010e-02,-1,-1,-4.3368086899420177e-19,wind_direction:18.4_m:degrees
960,3,1.0280499877929688e+03,-1.9148514851485146e-01,1137,1138,1.5888834427996990e-03,pressure:18.4_m:hPa
961,-2,-2.0000000000000000e+00,-8.0666666666666664e-02,-1,-1,1.0862222222222237e-03,wind_direction:18.4_m:degrees
962,-2,-2.0000000000000000e+00,-2.8799999999999999e-02,-1,-1,7.3855999999999943e-04,wind_direction:18.4_m:degrees
963,5,9.7099998474121094e+01,-7.2921348314606685e-02,965,966,1.1909039262719395e-03,relative_humidity:18.4_m:%
964,-2,-2.0000000000000000e+00,-4.6153846153846170e-02,-1,-1,3.9289940828403456e-04,wind_direction:18.4_m:degrees
965,11,3.0924499511718750e+02,-7.1920903954802176e-02,967,968,1.0194739698043392e-03,wind_direction:18.4_m:degrees
966,-2,-2.0000000000000000e+00,-2.5000000000000000e-01,-1,-1,2.2204460492503131e-16,wind_direction:18.4_m:degrees
967,5,6.5000000000000000e+01,-9.6250000000000002e-02,1431,1432,9.4843750000000310e-04,relative_humidity:18.4_m:%
968,4,1.1375883817672729e+00,-6.8821656050955374e-02,1149,1150,9.4351596413648573e-04,mixing_ratio:18.4_m:g_kg-1
969,1,1.9971623229980469e+02,-1.6181818181818183e-01,1975,1976,1.3421487603305707e-03,azimuth:0_m:degrees
970,2,2.9134500122070312e+02,-1.1196721311475410e-01,1121,1122,7.3875302338080595e-04,water_sfc_temperature:0_m:K
971,-2,-2.0000000000000000e+00,-5.0000000000000003e-02,-1,-1,0.0000000000000000e+00,wind_direction:18.4_m:degrees
972,-2,-2.0000000000000000e+00,-1.6461538461538464e-01,-1,-1,1.3325443786982374e-03,wind_direction:18.4_m:degrees
973,8,5.0499999523162842e+00,-1.5818181818181817e-01,1533,1534,2.0876033057851233e-03,wave_period:0_m:s
974,0,8.4552680969238281e+01,-1.0611111111111110e-01,983,984,1.7978395061728457e-03,zenith:0_m:degrees
975,-2,-2.0000000000000000e+00,-1.0000000000000000e-02,-1,-1,-1.3552527156068805e-20,wind_direction:18.4_m:degrees
976,5,2.8000000000000000e+01,-1.0314814814814811e-01,1297,1298,1.1437928669410097e-03,relative_humidity:18.4_m:%
977,5,7.1150001525878906e+01,-3.3431151241534895e-02,979,980,5.2141004540151299e-04,relative_humidity:18.4_m:%
978,0,1.9222972869873047e+01,-2.3394495412843976e-02,1531,1532,4.7269758437842001e-04,zenith:0_m:degrees
979,-2,-2.0000000000000000e+00,-1.4999999999999999e-01,-1,-1,0.0000000000000000e+00,wind_direction:18.4_m:degrees
980,2,2.7308000183105469e+02,-3.2902494331065679e-02,1593,1594,4.6187031123863780e-04,water_sfc_temperature:0_m:K
981,3,1.0088500061035156e+03,-1.6142857142857142e-01,1401,1402,1.8217687074829764e-03,pressure:18.4_m:hPa
982,-2,-2.0000000000000000e+00,-1.0615384615384614e-01,-1,-1,9.0059171597634165e-04,wind_direction:18.4_m:degrees
983,-2,-2.0000000000000000e+00,-9.5348837209302331e-02,-1,-1,1.2295294753921042e-03,wind_direction:18.4_m:degrees
984,-2,-2.0000000000000000e+00,-1.4818181818181822e-01,-1,-1,1.7966942148760663e-03,wind_direction:18.4_m:degrees
985,-2,-2.0000000000000000e+00,-7.8214285714285708e-02,-1,-1,7.2538265306122413e-04,wind_direction:18.4_m:degrees
986,1,7.5736324310302734e+01,-1.0352941176470588e-01,1113,1114,1.2598121601581913e-03,azimuth:0_m:degrees
987,7,4.5000000298023224e-01,7.1000000000000008e-02,2045,2046,2.0690000000000014e-03,wave_height:0_m:m
988,-2,-2.0000000000000000e+00,-5.0000000000000003e-02,-1,-1,3.4694469519536142e-18,wind_direction:18.4_m:degrees
989,4,2.5536355972290039e+00,-1.2631578947368424e-01,991,992,2.0337950138504084e-03,mixing_ratio:18.4_m:g_kg-1
990,-2,-2.0000000000000000e+00,-1.7241379310344829e-01,-1,-1,9.2865636147442324e-04,wind_direction:18.4_m:degrees
991,-2,-2.0000000000000000e+00,-1.7428571428571429e-01,-1,-1,1.5673469387755060e-03,wind_direction:18.4_m:degrees
992,-2,-2.0000000000000000e+00,-9.8333333333333342e-02,-1,-1,1.8055555555554839e-04,wind_direction:18.4_m:degrees
993,9,8.9886951446533203e+01,-3.1322580645161291e-01,995,996,3.3024973985431583e-03,angle_between_wind_wave:0_m:degrees
994,3,1.0101499938964844e+03,-3.8000000000000006e-01,1905,1906,2.5000000000003353e-03,pressure:18.4_m:hPa
995,12,-3.5857027396559715e-02,-3.0204081632653063e-01,997,998,2.7509371095377211e-03,bulk_richardson:18.4_m:none
996,10,1.2130057334899902e+01,-3.5538461538461541e-01,1185,1186,3.1325443786976992e-03,wind_speed:18.4_m:m_s-1
997,12,-7.9507879912853241e-02,-2.9630434782608694e-01,1321,1322,2.3928638941398683e-03,bulk_richardson:18.4_m:none
998,-2,-2.0000000000000000e+00,-3.8999999999999996e-01,-1,-1,-5.5511151231257827e-17,wind_direction:18.4_m:degrees
999,3,1.0254499511718750e+03,-3.9015544041450692e-03,1001,1002,6.6659134473408212e-04,pressure:18.4_m:hPa
1000,10,2.5669467449188232e-01,-1.3486842105263143e-02,1295,1296,5.0560509002769277e-04,wind_speed:18.4_m:m_s-1
1001,4,8.4039225578308105e+00,-3.8154484188698693e-03,1681,1682,6.5262742334738820e-04,mixing_ratio:18.4_m:g_kg-1
1002,-2,-2.0000000000000000e+00,-1.7000000000000001e-01,-1,-1,-3.3792413312028202e-15,wind_direction:18.4_m:degrees
1003,-2,-2.0000000000000000e+00,-4.4600000000000001e-01,-1,-1,3.8399999999996770e-04,wind_direction:18.4_m:degrees
1004,-2,-2.0000000000000000e+00,-3.5750000000000004e-01,-1,-1,1.2687500000000407e-03,wind_direction:18.4_m:degrees
1005,-2,-2.0000000000000000e+00,0.0000000000000000e+00,-1,-1,0.0000000000000000e+00,wind_direction:18.4_m:degrees
1006,-2,-2.0000000000000000e+00,1.9000000000000000e-01,-1,-1,0.0000000000000000e+00,wind_direction:18.4_m:degrees
1007,9,9.0998336791992188e+01,-7.6999999999999999e-02,1037,1038,1.2930000000000007e-03,angle_between_wind_wave:0_m:degrees
1008,10,7.2897772789001465e+00,-4.8831168831168843e-02,1853,1854,5.6097149603643107e-04,wind_speed:18.4_m:m_s-1
1009,11,2.9028500366210938e+02,-5.7999999999999996e-01,1535,1536,5.0999999999999934e-03,wind_direction:18.4_m:degrees
1010,-2,-2.0000000000000000e+00,-4.8285714285714282e-01,-1,-1,1.8204081632654245e-03,wind_direction:18.4_m:degrees
1011,-2,-2.0000000000000000e+00,-3.9722222222222242e-02,-1,-1,3.9714506172839324e-04,wind_direction:18.4_m:degrees
1012,5,5.0350000381469727e+01,-7.2586206896551736e-02,1831,1832,9.9848394768133758e-04,relative_humidity:18.4_m:%
1013,4,3.9371725320816040e+00,-4.5192307692307691e-02,1673,1674,7.3650147928994072e-04,mixing_ratio:18.4_m:g_kg-1
1014,-2,-2.0000000000000000e+00,-1.0111111111111110e-01,-1,-1,2.9876543209877461e-04,wind_direction:18.4_m:degrees
1015,-2,-2.0000000000000000e+00,-4.5812499999999978e-02,-1,-1,8.0058984374999738e-04,wind_direction:18.4_m:degrees
1016,3,1.0058500061035156e+03,-2.6636363636363625e-02,1393,1394,4.8232231404959393e-04,pressure:18.4_m:hPa
1017,-2,-2.0000000000000000e+00,-3.4352941176470586e-01,-1,-1,7.4048442906576861e-04,wind_direction:18.4_m:degrees
1018,-2,-2.0000000000000000e+00,-2.4666666666666667e-01,-1,-1,3.5555555555572688e-04,wind_direction:18.4_m:degrees
1019,-2,-2.0000000000000000e+00,-1.0545454545454547e-01,-1,-1,1.2066115702479303e-03,wind_direction:18.4_m:degrees
1020,-2,-2.0000000000000000e+00,-1.7000000000000001e-01,-1,-1,1.0000000000000217e-03,wind_direction:18.4_m:degrees
1021,-2,-2.0000000000000000e+00,-2.7777777777777779e-01,-1,-1,1.3728395061727988e-03,wind_direction:18.4_m:degrees
1022,-2,-2.0000000000000000e+00,-1.8500000000000000e-01,-1,-1,4.7500000000003095e-04,wind_direction:18.4_m:degrees
1023,-2,-2.0000000000000000e+00,-6.0068027210884341e-02,-1,-1,5.9931510018973932e-04,wind_direction:18.4_m:degrees
1024,-2,-2.0000000000000000e+00,-1.4999999999999999e-01,-1,-1,-7.9797279894933126e-17,wind_direction:18.4_m:degrees
1025,10,8.9665379524230957e+00,-1.2552631578947371e-01,1027,1028,2.1457756232687066e-03,wind_speed:18.4_m:m_s-1
1026,-2,-2.0000000000000000e+00,-8.3125000000000018e-02,-1,-1,1.0089843749999878e-03,wind_direction:18.4_m:degrees
1027,0,6.4117519378662109e+01,-1.0853658536585366e-01,1155,1156,1.6612730517549020e-03,zenith:0_m:degrees
1028,12,-6.0381161049008369e-02,-1.4542857142857146e-01,1275,1276,1.9791020408163155e-03,bulk_richardson:18.4_m:none
1029,5,4.5200000762939453e+01,-4.1818181818181831e-02,1031,1032,1.4391184573002739e-03,relative_humidity:18.4_m:%
1030,6,2.5050000000000000e+02,-7.5166666666666659e-02,1311,1312,1.8549722222222257e-03,wave_direction:0_m:degrees
1031,-2,-2.0000000000000000e+00,6.6666666666666662e-03,-1,-1,2.4444444444444443e-04,wind_direction:18.4_m:degrees
1032,-2,-2.0000000000000000e+00,-6.0000000000000019e-02,-1,-1,6.7499999999999635e-04,wind_direction:18.4_m:degrees
1033,-2,-2.0000000000000000e+00,-5.0500000000000000e-01,-1,-1,6.2500000000004219e-04,wind_direction:18.4_m:degrees
1034,-2,-2.0000000000000000e+00,-3.9055555555555554e-01,-1,-1,1.1941358024691318e-03,wind_direction:18.4_m:degrees
1035,3,9.9040002441406250e+02,-2.7870967741935487e-01,1587,1588,1.4434963579604415e-03,pressure:18.4_m:hPa
1036,-2,-2.0000000000000000e+00,-3.4285714285714286e-01,-1,-1,1.8775510204080414e-03,wind_direction:18.4_m:degrees
1037,-2,-2.0000000000000000e+00,-8.4222222222222198e-02,-1,-1,9.1328395061728452e-04,wind_direction:18.4_m:degrees
1038,-2,-2.0000000000000000e+00,-1.2000000000000000e-02,-1,-1,1.6000000000015432e-05,wind_direction:18.4_m:degrees
1039,-2,-2.0000000000000000e+00,-2.0000000000000000e-02,-1,-1,-5.4210108624275222e-20,wind_direction:18.4_m:degrees
1040,3,1.0050499877929688e+03,-1.0919075144508673e-01,1503,1504,7.9009656186306183e-04,pressure:18.4_m:hPa
1041,-2,-2.0000000000000000e+00,-1.7749999999999999e-01,-1,-1,1.1687500000000031e-03,wind_direction:18.4_m:degrees
1042,12,-4.5174900442361832e-03,-1.1943396226415094e-01,1161,1162,9.7515129939480458e-04,bulk_richardson:18.4_m:none
1043,5,7.0849998474121094e+01,-6.8762886597938139e-02,1929,1930,4.6788535799056896e-04,relative_humidity:18.4_m:%
1044,-2,-2.0000000000000000e+00,-5.5068493150684919e-02,-1,-1,3.5467567398512036e-04,wind_direction:18.4_m:degrees
1045,-2,-2.0000000000000000e+00,-3.6523809523809525e-01,-1,-1,2.0439909297051972e-03,wind_direction:18.4_m:degrees
1046,-2,-2.0000000000000000e+00,-2.9857142857142854e-01,-1,-1,3.5510204081634633e-04,wind_direction:18.4_m:degrees
1047,-2,-2.0000000000000000e+00,-2.0785714285714288e-01,-1,-1,1.8826530612243292e-04,wind_direction:18.4_m:degrees
1048,12,-2.8810898773372173e-02,-2.6157894736842108e-01,1407,1408,1.9922437673129817e-03,bulk_richardson:18.4_m:none
1049,-2,-2.0000000000000000e+00,-1.3999999999999999e-01,-1,-1,1.6000000000000077e-03,wind_direction:18.4_m:degrees
1050,2,2.9160499572753906e+02,-7.1342465753424664e-02,1261,1262,5.7545805967348929e-04,water_sfc_temperature:0_m:K
1051,-2,-2.0000000000000000e+00,-1.4374999999999999e-01,-1,-1,9.2343750000000238e-04,wind_direction:18.4_m:degrees
1052,2,2.8904499816894531e+02,-8.7380952380952379e-02,1377,1378,9.0742630385487813e-04,water_sfc_temperature:0_m:K
1053,-2,-2.0000000000000000e+00,-4.4800000000000006e-01,-1,-1,1.0559999999999459e-03,wind_direction:18.4_m:degrees
1054,-2,-2.0000000000000000e+00,-3.3000000000000002e-01,-1,-1,-5.5511151231257827e-17,wind_direction:18.4_m:degrees
1055,3,1.0055499877929688e+03,-1.5700000000000003e-01,1869,1870,1.1076666666666665e-03,pressure:18.4_m:hPa
1056,7,1.3499999642372131e+00,-1.1914285714285715e-01,1319,1320,1.2649795918367058e-03,wave_height:0_m:m
1057,9,9.0082122802734375e+01,-1.5548387096774191e-01,1809,1810,1.1021852237252903e-03,angle_between_wind_wave:0_m:degrees
1058,-2,-2.0000000000000000e+00,-3.1000000000000000e-01,-1,-1,3.1918911957973251e-16,wind_direction:18.4_m:degrees
1059,-2,-2.0000000000000000e+00,1.1000000000000000e-01,-1,-1,1.0000000000000113e-04,wind_direction:18.4_m:degrees
1060,-2,-2.0000000000000000e+00,-5.9999999999999998e-02,-1,-1,-8.6736173798840355e-19,wind_direction:18.4_m:degrees
1061,-2,-2.0000000000000000e+00,-3.2000000000000001e-01,-1,-1,9.4000000000002415e-04,wind_direction:18.4_m:degrees
1062,-2,-2.0000000000000000e+00,-2.2000000000000000e-01,-1,-1,-2.7755575615628914e-17,wind_direction:18.4_m:degrees
1063,-2,-2.0000000000000000e+00,-1.2103448275862068e-01,-1,-1,7.5410225921522869e-04,wind_direction:18.4_m:degrees
1064,-2,-2.0000000000000000e+00,-1.0000000000000000e-02,-1,-1,1.6561188184716080e-17,wind_direction:18.4_m:degrees
1065,-2,-2.0000000000000000e+00,3.6666666666666667e-02,-1,-1,8.8888888888888785e-05,wind_direction:18.4_m:degrees
1066,1,3.1893177795410156e+02,-2.9302325581395353e-02,1513,1514,8.8090859924283354e-04,azimuth:0_m:degrees
1067,9,8.8965660095214844e+01,-3.3120000000000005e-01,1069,1070,2.0185600000000997e-03,angle_between_wind_wave:0_m:degrees
1068,-2,-2.0000000000000000e+00,-2.8071428571428575e-01,-1,-1,1.4780612244896657e-03,wind_direction:18.4_m:degrees
1069,5,4.8399999618530273e+01,-3.0214285714285710e-01,1927,1928,1.0882653061224795e-03,relative_humidity:18.4_m:%
1070,-2,-2.0000000000000000e+00,-3.6818181818181817e-01,-1,-1,7.6033057851232488e-04,wind_direction:18.4_m:degrees
1071,10,7.0128083229064941e+00,-3.1265822784810077e-02,1349,1350,4.5831330449180624e-04,wind_speed:18.4_m:m_s-1
1072,11,3.4446501159667969e+02,-1.5988023952095816e-02,1227,1228,5.5576033561619258e-04,wind_direction:18.4_m:degrees
1073,6,2.3350000000000000e+02,-1.9714285714285712e-01,1103,1104,2.0489795918367457e-03,wave_direction:0_m:degrees
1074,11,3.0364500427246094e+02,-1.5803921568627452e-01,1075,1076,2.0706651287965873e-03,wind_direction:18.4_m:degrees
1075,-2,-2.0000000000000000e+00,-1.1916666666666668e-01,-1,-1,6.5763888888888643e-04,wind_direction:18.4_m:degrees
1076,12,-9.0268310159444809e-02,-1.7000000000000001e-01,1591,1592,1.8974358974358889e-03,bulk_richardson:18.4_m:none
1077,0,6.7167976379394531e+01,-9.2755102040816287e-02,1127,1128,1.2383277800916345e-03,zenith:0_m:degrees
1078,0,2.9856846809387207e+01,-7.3879781420765039e-02,1079,1080,9.0134073875001650e-04,zenith:0_m:degrees
1079,-2,-2.0000000000000000e+00,-1.1928571428571430e-01,-1,-1,1.2066326530612223e-03,wind_direction:18.4_m:degrees
1080,11,2.0234500122070312e+02,-7.0118343195266303e-02,1427,1428,6.9111025524316080e-04,wind_direction:18.4_m:degrees
1081,0,1.4673905944824219e+02,-3.8999999999999996e-01,1283,1284,2.6666666666665950e-03,zenith:0_m:degrees
1082,-2,-2.0000000000000000e+00,-4.5874999999999994e-01,-1,-1,4.1093750000001372e-04,wind_direction:18.4_m:degrees
1083,6,2.2850000000000000e+02,-1.0894736842105264e-01,1665,1666,1.2199445983379510e-03,wave_direction:0_m:degrees
1084,-2,-2.0000000000000000e+00,-4.7142857142857153e-02,-1,-1,3.6326530612245658e-04,wind_direction:18.4_m:degrees
1085,-2,-2.0000000000000000e+00,-2.2857142857142861e-02,-1,-1,4.3673469387755094e-04,wind_direction:18.4_m:degrees
1086,4,1.2599285244941711e+00,-4.6799999999999953e-02,1087,1088,1.3877600000000039e-03,mixing_ratio:18.4_m:g_kg-1
1087,9,8.9490486145019531e+01,3.6363636363636403e-03,1605,1606,1.7685950413223145e-03,angle_between_wind_wave:0_m:degrees
1088,2,2.8954000854492188e+02,-4.9735449735449709e-02,1175,1176,1.2089247221522409e-03,water_sfc_temperature:0_m:K
1089,3,1.0100500183105469e+03,-2.9760000000000003e-01,1095,1096,3.6502399999999990e-03,pressure:18.4_m:hPa
1090,4,4.2421829700469971e+00,-3.3648648648648649e-01,1091,1092,3.2498173849524886e-03,mixing_ratio:18.4_m:g_kg-1
1091,-2,-2.0000000000000000e+00,-5.1000000000000001e-01,-1,-1,0.0000000000000000e+00,wind_direction:18.4_m:degrees
1092,8,6.7500000000000000e+00,-3.3166666666666661e-01,1093,1094,2.4805555555555275e-03,wave_period:0_m:s
1093,2,2.8432499694824219e+02,-3.1724137931034480e-01,1215,1216,1.9096313912010110e-03,water_sfc_temperature:0_m:K
1094,-2,-2.0000000000000000e+00,-3.9142857142857146e-01,-1,-1,4.1224489795918529e-04,wind_direction:18.4_m:degrees
1095,9,8.8705265045166016e+01,-3.2333333333333331e-01,1579,1580,2.4355555555555797e-03,angle_between_wind_wave:0_m:degrees
1096,12,-1.5267155133187771e-02,-2.5900000000000001e-01,1179,1180,2.9890000000000194e-03,bulk_richardson:18.4_m:none
1097,-2,-2.0000000000000000e+00,-2.0000000000000001e-01,-1,-1,0.0000000000000000e+00,wind_direction:18.4_m:degrees
1098,11,3.0495500183105469e+02,-3.5333333333333339e-01,1099,1100,2.5365079365078924e-03,wind_direction:18.4_m:degrees
1099,9,8.8694702148437500e+01,-3.6722222222222217e-01,1907,1908,1.5311728395061286e-03,angle_between_wind_wave:0_m:degrees
1100,-2,-2.0000000000000000e+00,-2.7000000000000002e-01,-1,-1,4.6666666666658752e-04,wind_direction:18.4_m:degrees
1101,-2,-2.0000000000000000e+00,-4.0333333333333332e-01,-1,-1,3.5555555555558116e-04,wind_direction:18.4_m:degrees
1102,-2,-2.0000000000000000e+00,-5.4000000000000004e-01,-1,-1,9.9999999999988987e-05,wind_direction:18.4_m:degrees
1103,10,1.0388662338256836e+01,-1.7153846153846153e-01,1787,1788,1.4899408284023731e-03,wind_speed:18.4_m:m_s-1
1104,-2,-2.0000000000000000e+00,-2.3875000000000002e-01,-1,-1,1.6093750000000656e-04,wind_direction:18.4_m:degrees
1105,2,2.8445500183105469e+02,-1.2266666666666670e-01,1107,1108,1.0695555555555545e-03,water_sfc_temperature:0_m:K
1106,-2,-2.0000000000000000e+00,-7.3636363636363639e-02,-1,-1,6.0495867768596123e-04,wind_direction:18.4_m:degrees
1107,-2,-2.0000000000000000e+00,-1.0375000000000002e-01,-1,-1,5.8593749999998924e-04,wind_direction:18.4_m:degrees
1108,-2,-2.0000000000000000e+00,-1.4428571428571429e-01,-1,-1,7.4591836734693578e-04,wind_direction:18.4_m:degrees
1109,-2,-2.0000000000000000e+00,-1.4666666666666670e-01,-1,-1,1.0888888888888858e-03,wind_direction:18.4_m:degrees
1110,-2,-2.0000000000000000e+00,-2.3947368421052637e-01,-1,-1,8.4709141274237620e-04,wind_direction:18.4_m:degrees
1111,-2,-2.0000000000000000e+00,-7.4999999999999997e-02,-1,-1,2.2499999999999951e-04,wind_direction:18.4_m:degrees
1112,-2,-2.0000000000000000e+00,-1.6857142857142859e-01,-1,-1,8.6938775510204958e-04,wind_direction:18.4_m:degrees
1113,11,3.4237001037597656e+02,-1.1851851851851852e-01,1791,1792,1.3941015089163240e-03,wind_direction:18.4_m:degrees
1114,-2,-2.0000000000000000e+00,-9.1076923076923055e-02,-1,-1,8.0653254437869706e-04,wind_direction:18.4_m:degrees
1115,-2,-2.0000000000000000e+00,1.2000000000000000e-02,-1,-1,5.6000000000000006e-05,wind_direction:18.4_m:degrees
1116,10,5.5227742195129395e+00,-5.4772277227722717e-02,1117,1118,7.0217586511126581e-04,wind_speed:18.4_m:m_s-1
1117,5,7.9700000762939453e+01,-4.8264150943396214e-02,1865,1866,5.2679814880740713e-04,relative_humidity:18.4_m:%
1118,2,2.7609500122070312e+02,-6.1958333333333331e-02,1453,1454,7.9741493055555815e-04,water_sfc_temperature:0_m:K
1119,-2,-2.0000000000000000e+00,-5.8333333333333336e-03,-1,-1,5.9097222222222222e-04,wind_direction:18.4_m:degrees
1120,6,2.3250000000000000e+02,-3.1597222222222200e-02,1379,1380,9.1851369598765849e-04,wave_direction:0_m:degrees
1121,12,3.8166455924510956e-03,-1.0584158415841587e-01,1123,1124,6.2627193412410735e-04,bulk_richardson:18.4_m:none
1122,-2,-2.0000000000000000e+00,-1.4142857142857140e-01,-1,-1,2.3129251700678213e-04,wind_direction:18.4_m:degrees
1123,-2,-2.0000000000000000e+00,-1.2183673469387754e-01,-1,-1,3.4560599750104587e-04,wind_direction:18.4_m:degrees
1124,-2,-2.0000000000000000e+00,-9.0769230769230769e-02,-1,-1,4.2248520710057302e-04,wind_direction:18.4_m:degrees
1125,-2,-2.0000000000000000e+00,-1.6348837209302325e-01,-1,-1,1.0459707950243140e-03,wind_direction:18.4_m:degrees
1126,-2,-2.0000000000000000e+00,-1.2263157894736842e-01,-1,-1,8.1939058171745342e-04,wind_direction:18.4_m:degrees
1127,-2,-2.0000000000000000e+00,-7.1250000000000008e-02,-1,-1,6.7343749999999956e-04,wind_direction:18.4_m:degrees
1128,-2,-2.0000000000000000e+00,-1.0318181818181817e-01,-1,-1,1.1792699724517998e-03,wind_direction:18.4_m:degrees
1129,-2,-2.0000000000000000e+00,-4.4285714285714289e-02,-1,-1,2.6496598639455873e-04,wind_direction:18.4_m:degrees
1130,-2,-2.0000000000000000e+00,1.8333333333333337e-02,-1,-1,1.4472222222221998e-03,wind_direction:18.4_m:degrees
1131,11,2.9364498901367188e+02,-4.5303030303030310e-02,1135,1136,5.6430211202938537e-04,wind_direction:18.4_m:degrees
1132,10,9.2884507179260254e+00,-1.1481481481481481e-02,1133,1134,2.4348422496570641e-03,wind_speed:18.4_m:m_s-1
1133,-2,-2.0000000000000000e+00,-3.0909090909090907e-02,-1,-1,6.6280991735537221e-04,wind_direction:18.4_m:degrees
1134,-2,-2.0000000000000000e+00,7.4000000000000010e-02,-1,-1,1.2639999999999969e-03,wind_direction:18.4_m:degrees
1135,-2,-2.0000000000000000e+00,-2.8918918918918925e-02,-1,-1,1.9883126369612755e-04,wind_direction:18.4_m:degrees
1136,-2,-2.0000000000000000e+00,-6.6206896551724154e-02,-1,-1,2.5112960760998847e-04,wind_direction:18.4_m:degrees
1137,2,2.8497999572753906e+02,-1.8778947368421059e-01,1703,1704,1.4530083102493319e-03,water_sfc_temperature:0_m:K
1138,-2,-2.0000000000000000e+00,-2.5000000000000000e-01,-1,-1,9.9999999999919598e-05,wind_direction:18.4_m:degrees
1139,-2,-2.0000000000000000e+00,-3.8999999999999996e-01,-1,-1,5.5511151231257827e-17,wind_direction:18.4_m:degrees
1140,2,2.8078500366210938e+02,-4.8699999999999999e-01,1141,1142,3.0810000000000004e-03,water_sfc_temperature:0_m:K
1141,-2,-2.0000000000000000e+00,-4.2499999999999993e-01,-1,-1,1.0250000000000536e-03,wind_direction:18.4_m:degrees
1142,-2,-2.0000000000000000e+00,-5.2833333333333343e-01,-1,-1,1.8055555555546166e-04,wind_direction:18.4_m:degrees
1143,-2,-2.0000000000000000e+00,-9.0000000000000002e-01,-1,-1,0.0000000000000000e+00,wind_direction:18.4_m:degrees
1144,9,8.8064712524414062e+01,-7.4666666666666670e-01,1915,1916,1.7222222222224026e-03,angle_between_wind_wave:0_m:degrees
1145,-2,-2.0000000000000000e+00,-3.3999999999999991e-01,-1,-1,9.3333333333339707e-04,wind_direction:18.4_m:degrees
1146,-2,-2.0000000000000000e+00,-4.0944444444444444e-01,-1,-1,9.6080246913574086e-04,wind_direction:18.4_m:degrees
1147,1,2.2770163726806641e+02,-1.8795454545454549e-01,1403,1404,1.1980888429752035e-03,azimuth:0_m:degrees
1148,-2,-2.0000000000000000e+00,-1.3999999999999999e-01,-1,-1,4.0000000000000452e-04,wind_direction:18.4_m:degrees
1149,5,4.7049999237060547e+01,-9.9090909090909104e-02,1151,1152,1.5446280991735506e-03,relative_humidity:18.4_m:%
1150,8,7.1499998569488525e+00,-6.6541095890410948e-02,1671,1672,8.2399488647026328e-04,wave_period:0_m:s
1151,-2,-2.0000000000000000e+00,-5.5000000000000000e-02,-1,-1,2.5000000000000022e-04,wind_direction:18.4_m:degrees
1152,-2,-2.0000000000000000e+00,-1.2428571428571429e-01,-1,-1,5.3877551020407866e-04,wind_direction:18.4_m:degrees
1153,-2,-2.0000000000000000e+00,-3.0666666666666670e-01,-1,-1,1.1555555555555486e-03,wind_direction:18.4_m:degrees
1154,5,8.7799999237060547e+01,-3.9727272727272728e-01,1357,1358,1.5925619834710747e-03,relative_humidity:18.4_m:%
1155,-2,-2.0000000000000000e+00,-2.0999999999999999e-01,-1,-1,0.0000000000000000e+00,wind_direction:18.4_m:degrees
1156,-2,-2.0000000000000000e+00,-1.0333333333333335e-01,-1,-1,1.1914529914529900e-03,wind_direction:18.4_m:degrees
1157,-2,-2.0000000000000000e+00,-4.6625000000000005e-01,-1,-1,1.8984374999999332e-03,wind_direction:18.4_m:degrees
1158,-2,-2.0000000000000000e+00,-3.4999999999999998e-01,-1,-1,-1.2490009027033011e-16,wind_direction:18.4_m:degrees
1159,-2,-2.0000000000000000e+00,-2.9999999999999999e-01,-1,-1,1.3333333333333391e-03,wind_direction:18.4_m:degrees
1160,1,2.4640281677246094e+02,-3.5421052631578948e-01,1279,1280,2.2033240997230141e-03,azimuth:0_m:degrees
1161,-2,-2.0000000000000000e+00,-1.9000000000000000e-01,-1,-1,3.0000000000000165e-04,wind_direction:18.4_m:degrees
1162,12,2.8602343052625656e-02,-1.1367346938775509e-01,1839,1840,5.9058725531028859e-04,bulk_richardson:18.4_m:none
1163,-2,-2.0000000000000000e+00,-2.1500000000000000e-01,-1,-1,1.1083333333333431e-03,wind_direction:18.4_m:degrees
1164,11,2.7491499328613281e+02,-2.6106060606060599e-01,1187,1188,1.9579660238750324e-03,wind_direction:18.4_m:degrees
1165,2,2.7384500122070312e+02,-3.4876033057851169e-02,1169,1170,5.6382760740387788e-04,water_sfc_temperature:0_m:K
1166,4,2.5105760097503662e+00,-4.5906432748537937e-02,1167,1168,6.6043568961389292e-04,mixing_ratio:18.4_m:g_kg-1
1167,-2,-2.0000000000000000e+00,-1.1599999999999999e-01,-1,-1,1.8400000000000534e-04,wind_direction:18.4_m:degrees
1168,-2,-2.0000000000000000e+00,-4.4866468842729879e-02,-1,-1,5.9352816349532911e-04,wind_direction:18.4_m:degrees
1169,11,1.0290000152587891e+02,-1.1250000000000000e-01,1171,1172,8.2687500000000018e-03,wind_direction:18.4_m:degrees
1170,-2,-2.0000000000000000e+00,-3.4011142061281245e-02,-1,-1,4.1009458337536815e-04,wind_direction:18.4_m:degrees
1171,-2,-2.0000000000000000e+00,-2.7000000000000002e-01,-1,-1,0.0000000000000000e+00,wind_direction:18.4_m:degrees
1172,-2,-2.0000000000000000e+00,-5.9999999999999998e-02,-1,-1,1.3010426069826053e-18,wind_direction:18.4_m:degrees
1173,12,-1.3584702461957932e-01,-2.0113452188006403e-02,1783,1784,3.8945228257186688e-04,bulk_richardson:18.4_m:none
1174,10,5.7337334156036377e+00,-2.7396907216494754e-02,1765,1766,3.7750225847590934e-04,wind_speed:18.4_m:m_s-1
1175,4,1.2680481672286987e+00,-4.3972602739726016e-02,1815,1816,1.0472321261024596e-03,mixing_ratio:18.4_m:g_kg-1
1176,6,1.6800000000000000e+02,-6.9302325581395360e-02,1177,1178,1.2623039480800539e-03,wave_direction:0_m:degrees
1177,-2,-2.0000000000000000e+00,-2.3000000000000001e-01,-1,-1,0.0000000000000000e+00,wind_direction:18.4_m:degrees
1178,4,7.6078135967254639e+00,-6.5476190476190493e-02,1651,1652,6.6286848072562125e-04,mixing_ratio:18.4_m:g_kg-1
1179,-2,-2.0000000000000000e+00,-2.9666666666666669e-01,-1,-1,1.1555555555555486e-03,wind_direction:18.4_m:degrees
1180,-2,-2.0000000000000000e+00,-2.0250000000000001e-01,-1,-1,4.1875000000003021e-04,wind_direction:18.4_m:degrees
1181,-2,-2.0000000000000000e+00,-5.8000000000000007e-01,-1,-1,8.9999999999995639e-04,wind_direction:18.4_m:degrees
1182,-2,-2.0000000000000000e+00,-4.6499999999999997e-01,-1,-1,5.9999999999987841e-04,wind_direction:18.4_m:degrees
1183,11,2.4784499359130859e+02,-1.4692307692307693e-01,1287,1288,1.3213017751479324e-03,wind_direction:18.4_m:degrees
1184,-2,-2.0000000000000000e+00,-1.8169811320754714e-01,-1,-1,8.9334282662866665e-04,wind_direction:18.4_m:degrees
1185,-2,-2.0000000000000000e+00,-2.9500000000000004e-01,-1,-1,6.7499999999999505e-04,wind_direction:18.4_m:degrees
1186,9,9.0253231048583984e+01,-3.8222222222222224e-01,1823,1824,1.8839506172839693e-03,angle_between_wind_wave:0_m:degrees
1187,-2,-2.0000000000000000e+00,-3.1285714285714283e-01,-1,-1,4.4897959183674840e-04,wind_direction:18.4_m:degrees
1188,6,2.1600000000000000e+02,-2.5491525423728817e-01,1559,1560,1.7809250215455596e-03,wave_direction:0_m:degrees
1189,9,8.9974193572998047e+01,-1.4590723055934458e-02,1891,1892,1.9004395213749177e-04,angle_between_wind_wave:0_m:degrees
1190,2,2.9199499511718750e+02,-3.5400000000000008e-02,1191,1192,1.2448399999999381e-03,water_sfc_temperature:0_m:K
1191,9,8.9121887207031250e+01,-3.0625000000000003e-02,1611,1612,7.2669270833333266e-04,angle_between_wind_wave:0_m:degrees
1192,-2,-2.0000000000000000e+00,-1.4999999999999999e-01,-1,-1,-6.9388939039072284e-18,wind_direction:18.4_m:degrees
1193,-2,-2.0000000000000000e+00,-1.0666666666666667e-01,-1,-1,1.3888888888888874e-03,wind_direction:18.4_m:degrees
1194,-2,-2.0000000000000000e+00,-1.7999999999999999e-01,-1,-1,5.6363636363637032e-04,wind_direction:18.4_m:degrees
1195,-2,-2.0000000000000000e+00,-1.9000000000000000e-01,-1,-1,0.0000000000000000e+00,wind_direction:18.4_m:degrees
1196,-2,-2.0000000000000000e+00,-6.5000000000000002e-02,-1,-1,2.5000000000003318e-05,wind_direction:18.4_m:degrees
1197,0,6.3215625762939453e+01,-5.2352941176470595e-02,1199,1200,1.9591695501730089e-03,zenith:0_m:degrees
1198,10,7.0628688335418701e+00,-7.8479729729729664e-02,1201,1202,1.0081617512783126e-03,wind_speed:18.4_m:m_s-1
1199,-2,-2.0000000000000000e+00,2.9999999999999999e-02,-1,-1,0.0000000000000000e+00,wind_direction:18.4_m:degrees
1200,1,3.1761726379394531e+02,-6.3333333333333325e-02,1615,1616,1.1955555555555539e-03,azimuth:0_m:degrees
1201,-2,-2.0000000000000000e+00,-6.6068376068376067e-02,-1,-1,8.2556797428592378e-04,wind_direction:18.4_m:degrees
1202,10,7.9895894527435303e+00,-8.6592178770949685e-02,1203,1204,9.6101245279487085e-04,wind_speed:18.4_m:m_s-1
1203,-2,-2.0000000000000000e+00,-8.8068181818181795e-02,-1,-1,8.4740444214876417e-04,wind_direction:18.4_m:degrees
1204,-2,-2.0000000000000000e+00,0.0000000000000000e+00,-1,-1,0.0000000000000000e+00,wind_direction:18.4_m:degrees
1205,-2,-2.0000000000000000e+00,-2.7500000000000002e-01,-1,-1,8.9166666666666561e-04,wind_direction:18.4_m:degrees
1206,-2,-2.0000000000000000e+00,-3.3624999999999999e-01,-1,-1,2.9843750000003999e-04,wind_direction:18.4_m:degrees
1207,-2,-2.0000000000000000e+00,-1.2303030303030305e-01,-1,-1,1.7302112029384704e-03,wind_direction:18.4_m:degrees
1208,0,6.6315696716308594e+01,-9.4141414141414109e-02,1353,1354,1.2242628303234179e-03,zenith:0_m:degrees
1209,-2,-2.0000000000000000e+00,-1.4781849912739916e-02,-1,-1,3.9493495853244818e-04,wind_direction:18.4_m:degrees
1210,6,2.2150000000000000e+02,-3.6324786324786339e-03,1719,1720,5.5048031265979899e-04,wave_direction:0_m:degrees
1211,-2,-2.0000000000000000e+00,-8.4571428571428589e-02,-1,-1,8.4767346938776147e-04,wind_direction:18.4_m:degrees
1212,11,3.2191000366210938e+02,-1.1885714285714286e-01,1445,1446,1.5472653061224459e-03,wind_direction:18.4_m:degrees
1213,-2,-2.0000000000000000e+00,-3.4624999999999995e-01,-1,-1,9.2343750000002667e-04,wind_direction:18.4_m:degrees
1214,-2,-2.0000000000000000e+00,-4.2800000000000005e-01,-1,-1,9.6000000000012742e-05,wind_direction:18.4_m:degrees
1215,-2,-2.0000000000000000e+00,-4.1499999999999998e-01,-1,-1,2.4999999999969491e-05,wind_direction:18.4_m:degrees
1216,-2,-2.0000000000000000e+00,-3.1000000000000000e-01,-1,-1,1.2888888888888950e-03,wind_direction:18.4_m:degrees
1217,-2,-2.0000000000000000e+00,-1.2909090909090912e-01,-1,-1,8.8099173553718088e-04,wind_direction:18.4_m:degrees
1218,-2,-2.0000000000000000e+00,-1.8125000000000002e-01,-1,-1,6.6927083333330473e-04,wind_direction:18.4_m:degrees
1219,-2,-2.0000000000000000e+00,-2.2909090909090910e-01,-1,-1,4.9917355371899980e-04,wind_direction:18.4_m:degrees
1220,-2,-2.0000000000000000e+00,-8.0000000000000002e-02,-1,-1,-5.0306980803327406e-17,wind_direction:18.4_m:degrees
1221,-2,-2.0000000000000000e+00,-1.4888888888888890e-01,-1,-1,1.3432098765432041e-03,wind_direction:18.4_m:degrees
1222,4,8.7046561241149902e+00,-9.4666666666666677e-02,1223,1224,1.7848888888888862e-03,mixing_ratio:18.4_m:g_kg-1
1223,-2,-2.0000000000000000e+00,-7.5000000000000011e-02,-1,-1,7.2499999999999648e-04,wind_direction:18.4_m:degrees
1224,-2,-2.0000000000000000e+00,-1.4874999999999999e-01,-1,-1,7.1093750000000150e-04,wind_direction:18.4_m:degrees
1225,-2,-2.0000000000000000e+00,-3.0229885057471251e-02,-1,-1,3.3787818734311336e-04,wind_direction:18.4_m:degrees
1226,-2,-2.0000000000000000e+00,-4.9499999999999995e-02,-1,-1,5.6724999999999961e-04,wind_direction:18.4_m:degrees
1227,-2,-2.0000000000000000e+00,-1.3354430379746837e-02,-1,-1,3.7292501201730487e-04,wind_direction:18.4_m:degrees
1228,-2,-2.0000000000000000e+00,-6.2222222222222213e-02,-1,-1,1.5061728395061647e-03,wind_direction:18.4_m:degrees
1229,-2,-2.0000000000000000e+00,-2.4124999999999999e-01,-1,-1,2.3109375000000057e-03,wind_direction:18.4_m:degrees
1230,-2,-2.0000000000000000e+00,-1.6999999999999998e-01,-1,-1,1.4999999999999389e-04,wind_direction:18.4_m:degrees
1231,-2,-2.0000000000000000e+00,-1.2500000000000000e-01,-1,-1,1.6749999999999994e-03,wind_direction:18.4_m:degrees
1232,0,7.5944866180419922e+01,-2.0107142857142854e-01,1233,1234,3.0167091836734994e-03,zenith:0_m:degrees
1233,4,6.3126239180564880e-01,-2.1857142857142856e-01,1235,1236,2.4789115646258533e-03,mixing_ratio:18.4_m:g_kg-1
1234,-2,-2.0000000000000000e+00,-1.4857142857142858e-01,-1,-1,9.5510204081642944e-04,wind_direction:18.4_m:degrees
1235,-2,-2.0000000000000000e+00,-1.1000000000000000e-01,-1,-1,0.0000000000000000e+00,wind_direction:18.4_m:degrees
1236,12,-7.7330887317657471e-02,-2.3000000000000001e-01,1589,1590,1.3684210526315743e-03,bulk_richardson:18.4_m:none
1237,-2,-2.0000000000000000e+00,-1.7000000000000001e-01,-1,-1,0.0000000000000000e+00,wind_direction:18.4_m:degrees
1238,6,1.5700000000000000e+02,-2.6136363636363645e-02,1309,1310,1.5055268595041320e-03,wave_direction:0_m:degrees
1239,1,2.2351305389404297e+02,-1.2700000000000003e-01,1241,1242,2.7259999999999923e-03,azimuth:0_m:degrees
1240,1,1.4110688781738281e+02,-8.6666666666666670e-02,1857,1858,1.2777777777777831e-03,azimuth:0_m:degrees
1241,6,2.4250000000000000e+02,-1.1666666666666667e-01,1243,1244,1.9611111111111044e-03,wave_direction:0_m:degrees
1242,-2,-2.0000000000000000e+00,-2.2000000000000000e-01,-1,-1,6.9388939039072284e-18,wind_direction:18.4_m:degrees
1243,-2,-2.0000000000000000e+00,-1.0812500000000000e-01,-1,-1,1.2152343749999989e-03,wind_direction:18.4_m:degrees
1244,-2,-2.0000000000000000e+00,-1.8500000000000000e-01,-1,-1,2.6750000000000107e-03,wind_direction:18.4_m:degrees
1245,4,1.3663784503936768e+01,-8.1799999999999998e-02,1439,1440,8.1276000000000351e-04,mixing_ratio:18.4_m:g_kg-1
1246,-2,-2.0000000000000000e+00,-1.0121739130434780e-01,-1,-1,5.7938752362947377e-04,wind_direction:18.4_m:degrees
1247,3,9.8464999389648438e+02,-5.7959999999999989e-01,1249,1250,1.6038399999997455e-03,pressure:18.4_m:hPa
1248,3,9.9175000000000000e+02,-5.2444444444444449e-01,1293,1294,2.6691358024694689e-03,pressure:18.4_m:hPa
1249,-2,-2.0000000000000000e+00,-4.7999999999999998e-01,-1,-1,0.0000000000000000e+00,wind_direction:18.4_m:degrees
1250,-2,-2.0000000000000000e+00,-5.8826086956521728e-01,-1,-1,8.0567107750478817e-04,wind_direction:18.4_m:degrees
1251,-2,-2.0000000000000000e+00,-1.8714285714285714e-01,-1,-1,2.2489795918367375e-03,wind_direction:18.4_m:degrees
1252,9,8.8615516662597656e+01,-1.3050000000000003e-01,1647,1648,1.4514166666666703e-03,angle_between_wind_wave:0_m:degrees
1253,-2,-2.0000000000000000e+00,-3.3333333333333331e-01,-1,-1,8.8888888888916107e-05,wind_direction:18.4_m:degrees
1254,-2,-2.0000000000000000e+00,-4.2777777777777781e-01,-1,-1,5.5061728395056075e-04,wind_direction:18.4_m:degrees
1255,10,6.1050860881805420e+00,-4.4503816793893140e-02,1835,1836,7.3162403123361221e-04,wind_speed:18.4_m:m_s-1
1256,10,5.6998157501220703e+00,-2.3835616438356175e-02,1257,1258,1.0921373616063095e-03,wind_speed:18.4_m:m_s-1
1257,-2,-2.0000000000000000e+00,-1.2641509433962268e-02,-1,-1,7.2509789960840162e-04,wind_direction:18.4_m:degrees
1258,-2,-2.0000000000000000e+00,-5.3500000000000006e-02,-1,-1,8.5274999999999717e-04,wind_direction:18.4_m:degrees
1259,-2,-2.0000000000000000e+00,-3.4999999999999998e-01,-1,-1,0.0000000000000000e+00,wind_direction:18.4_m:degrees
1260,-2,-2.0000000000000000e+00,-2.0400000000000007e-01,-1,-1,1.1306666666666479e-03,wind_direction:18.4_m:degrees
1261,-2,-2.0000000000000000e+00,-6.7770270270270244e-02,-1,-1,5.6394722425127160e-04,wind_direction:18.4_m:degrees
1262,-2,-2.0000000000000000e+00,-8.6666666666666697e-02,-1,-1,3.3526570048311027e-04,wind_direction:18.4_m:degrees
1263,3,1.0120000000000000e+03,-1.9592592592592600e-01,1265,1266,1.2630315500685579e-03,pressure:18.4_m:hPa
1264,-2,-2.0000000000000000e+00,-1.1333333333333333e-01,-1,-1,2.2222222221555954e-05,wind_direction:18.4_m:degrees
1265,12,3.1718930695205927e-03,-2.0887096774193550e-01,1267,1268,1.2132414151925300e-03,bulk_richardson:18.4_m:none
1266,-2,-2.0000000000000000e+00,-1.7847826086956523e-01,-1,-1,7.9985822306233301e-04,wind_direction:18.4_m:degrees
1267,-2,-2.0000000000000000e+00,-2.2166666666666668e-01,-1,-1,1.1853174603174560e-03,wind_direction:18.4_m:degrees
1268,-2,-2.0000000000000000e+00,-1.8200000000000000e-01,-1,-1,2.0600000000000479e-04,wind_direction:18.4_m:degrees
1269,-2,-2.0000000000000000e+00,-4.5000000000000001e-01,-1,-1,0.0000000000000000e+00,wind_direction:18.4_m:degrees
1270,1,7.5564922332763672e+01,-3.4307692307692306e-01,1619,1620,1.5751479289941306e-03,azimuth:0_m:degrees
1271,12,-4.9327282467857003e-03,-2.6000000000000001e-01,1737,1738,1.4260869565217299e-03,bulk_richardson:18.4_m:none
1272,6,1.7800000000000000e+02,-2.2205882352941178e-01,1639,1640,1.2163494809688882e-03,wave_direction:0_m:degrees
1273,-2,-2.0000000000000000e+00,-5.7777777777777782e-02,-1,-1,6.6172839506172801e-04,wind_direction:18.4_m:degrees
1274,-2,-2.0000000000000000e+00,-1.3600000000000001e-01,-1,-1,6.3999999999991147e-05,wind_direction:18.4_m:degrees
1275,0,1.4069667053222656e+02,-1.6363636363636366e-01,1277,1278,1.9504132231404868e-03,zenith:0_m:degrees
1276,-2,-2.0000000000000000e+00,-1.1461538461538462e-01,-1,-1,5.1715976331360471e-04,wind_direction:18.4_m:degrees
1277,10,9.2656989097595215e+00,-1.8923076923076923e-01,1871,1872,1.3147928994082653e-03,wind_speed:18.4_m:m_s-1
1278,-2,-2.0000000000000000e+00,-1.2666666666666668e-01,-1,-1,5.5555555555556260e-04,wind_direction:18.4_m:degrees
1279,-2,-2.0000000000000000e+00,-3.3500000000000002e-01,-1,-1,1.1678571428571233e-03,wind_direction:18.4_m:degrees
1280,-2,-2.0000000000000000e+00,-4.0800000000000003e-01,-1,-1,1.1759999999998993e-03,wind_direction:18.4_m:degrees
1281,-2,-2.0000000000000000e+00,-3.1000000000000000e-01,-1,-1,0.0000000000000000e+00,wind_direction:18.4_m:degrees
1282,-2,-2.0000000000000000e+00,-1.7000000000000001e-01,-1,-1,0.0000000000000000e+00,wind_direction:18.4_m:degrees
1283,-2,-2.0000000000000000e+00,-3.7200000000000000e-01,-1,-1,1.2560000000000071e-03,wind_direction:18.4_m:degrees
1284,-2,-2.0000000000000000e+00,-4.7999999999999998e-01,-1,-1,5.5511151231257827e-17,wind_direction:18.4_m:degrees
1285,-2,-2.0000000000000000e+00,-4.8294573643410790e-02,-1,-1,5.0871942791899834e-04,wind_direction:18.4_m:degrees
1286,-2,-2.0000000000000000e+00,-2.9722222222222237e-02,-1,-1,3.4714506172841436e-04,wind_direction:18.4_m:degrees
1287,-2,-2.0000000000000000e+00,-1.2705882352941181e-01,-1,-1,4.3252595155708617e-04,wind_direction:18.4_m:degrees
1288,-2,-2.0000000000000000e+00,-1.8444444444444447e-01,-1,-1,8.4691358024693852e-04,wind_direction:18.4_m:degrees
1289,-2,-2.0000000000000000e+00,-2.2400000000000003e-01,-1,-1,8.6399999999999672e-04,wind_direction:18.4_m:degrees
1290,-2,-2.0000000000000000e+00,-1.3600000000000001e-01,-1,-1,1.8400000000000014e-04,wind_direction:18.4_m:degrees
1291,-2,-2.0000000000000000e+00,-1.5599999999999997e-01,-1,-1,5.4400000000000975e-04,wind_direction:18.4_m:degrees
1292,8,9.5000000000000000e+00,-2.2087719298245614e-01,1595,1596,1.8465989535241534e-03,wave_period:0_m:s
1293,-2,-2.0000000000000000e+00,-4.9166666666666664e-01,-1,-1,7.8055555555534006e-04,wind_direction:18.4_m:degrees
1294,-2,-2.0000000000000000e+00,-5.8999999999999997e-01,-1,-1,5.5511151231257827e-17,wind_direction:18.4_m:degrees
1295,7,8.0000001192092896e-01,-9.3333333333333338e-02,1855,1856,4.3555555555555570e-03,wave_height:0_m:m
1296,4,1.4046517372131348e+01,-1.2691029900332221e-02,1597,1598,4.0305736139777701e-04,mixing_ratio:18.4_m:g_kg-1
1297,-2,-2.0000000000000000e+00,-1.7000000000000001e-01,-1,-1,0.0000000000000000e+00,wind_direction:18.4_m:degrees
1298,-2,-2.0000000000000000e+00,-9.7799999999999998e-02,-1,-1,8.4916000000000505e-04,wind_direction:18.4_m:degrees
1299,-2,-2.0000000000000000e+00,-1.0000000000000001e-01,-1,-1,0.0000000000000000e+00,wind_direction:18.4_m:degrees
1300,-2,-2.0000000000000000e+00,-2.5500000000000000e-01,-1,-1,2.4999999999997247e-05,wind_direction:18.4_m:degrees
1301,-2,-2.0000000000000000e+00,-1.4066666666666666e-01,-1,-1,8.0622222222221512e-04,wind_direction:18.4_m:degrees
1302,2,2.9203500366210938e+02,-9.2222222222222233e-02,1303,1304,2.1728395061728443e-03,water_sfc_temperature:0_m:K
1303,-2,-2.0000000000000000e+00,-7.1428571428571425e-02,-1,-1,8.4081632653061362e-04,wind_direction:18.4_m:degrees
1304,-2,-2.0000000000000000e+00,-1.6500000000000001e-01,-1,-1,2.4999999999993777e-05,wind_direction:18.4_m:degrees
1305,-2,-2.0000000000000000e+00,-1.3000000000000000e-01,-1,-1,0.0000000000000000e+00,wind_direction:18.4_m:degrees
1306,-2,-2.0000000000000000e+00,-2.8999999999999998e-01,-1,-1,0.0000000000000000e+00,wind_direction:18.4_m:degrees
1307,-2,-2.0000000000000000e+00,-5.5000000000000004e-01,-1,-1,0.0000000000000000e+00,wind_direction:18.4_m:degrees
1308,-2,-2.0000000000000000e+00,-3.8999999999999996e-01,-1,-1,2.4666666666667003e-03,wind_direction:18.4_m:degrees
1309,-2,-2.0000000000000000e+00,-1.0333333333333333e-01,-1,-1,3.7555555555555554e-03,wind_direction:18.4_m:degrees
1310,6,2.0550000000000000e+02,-2.0487804878048781e-02,1889,1890,8.7293277810826888e-04,wave_direction:0_m:degrees
1311,12,-1.5748929232358932e-01,-8.1111111111111120e-02,1313,1314,1.5839506172839520e-03,bulk_richardson:18.4_m:none
1312,-2,-2.0000000000000000e+00,-2.1666666666666667e-02,-1,-1,1.1138888888888817e-03,wind_direction:18.4_m:degrees
1313,-2,-2.0000000000000000e+00,2.9999999999999999e-02,-1,-1,0.0000000000000000e+00,wind_direction:18.4_m:degrees
1314,4,8.9843475818634033e-01,-8.5384615384615406e-02,1571,1572,1.1517751479289918e-03,mixing_ratio:18.4_m:g_kg-1
1315,-2,-2.0000000000000000e+00,-1.4583333333333331e-01,-1,-1,7.7430555555555239e-04,wind_direction:18.4_m:degrees
1316,-2,-2.0000000000000000e+00,-5.6666666666666671e-02,-1,-1,2.6888888888888895e-03,wind_direction:18.4_m:degrees
1317,9,8.7966796875000000e+01,-3.0249999999999999e-01,1323,1324,2.4687500000000057e-03,angle_between_wind_wave:0_m:degrees
1318,4,3.9972920417785645e+00,-2.6290322580645170e-01,1359,1360,2.6335067637877491e-03,mixing_ratio:18.4_m:g_kg-1
1319,-2,-2.0000000000000000e+00,-1.2866666666666668e-01,-1,-1,8.2488888888889583e-04,wind_direction:18.4_m:degrees
1320,-2,-2.0000000000000000e+00,-6.2000000000000000e-02,-1,-1,9.5999999999986287e-05,wind_direction:18.4_m:degrees
1321,-2,-2.0000000000000000e+00,-3.7333333333333335e-01,-1,-1,5.5555555555555913e-04,wind_direction:18.4_m:degrees
1322,12,-3.6015402525663376e-02,-2.9093023255813943e-01,1603,1604,2.0782044348296863e-03,bulk_richardson:18.4_m:none
1323,-2,-2.0000000000000000e+00,-2.0999999999999999e-01,-1,-1,0.0000000000000000e+00,wind_direction:18.4_m:degrees
1324,8,5.9000000953674316e+00,-3.1277777777777777e-01,1385,1386,1.6867283950617457e-03,wave_period:0_m:s
1325,6,1.9500000000000000e+02,-4.2999999999999999e-01,1525,1526,2.8666666666666563e-03,wave_direction:0_m:degrees
1326,10,1.5083786964416504e+01,-3.7545454545454543e-01,1327,1328,3.0429752066117033e-03,wind_speed:18.4_m:m_s-1
1327,1,1.2189612960815430e+02,-3.5888888888888881e-01,1413,1414,2.2098765432098932e-03,azimuth:0_m:degrees
1328,-2,-2.0000000000000000e+00,-4.5000000000000001e-01,-1,-1,-2.7755575615628914e-17,wind_direction:18.4_m:degrees
1329,-2,-2.0000000000000000e+00,-1.5333333333333335e-01,-1,-1,3.5555555555554993e-04,wind_direction:18.4_m:degrees
1330,-2,-2.0000000000000000e+00,-6.7058823529411768e-02,-1,-1,5.5017301038062273e-04,wind_direction:18.4_m:degrees
1331,10,1.4059658050537109e+01,-2.9454545454545450e-01,1623,1624,2.3929752066116083e-03,wind_speed:18.4_m:m_s-1
1332,-2,-2.0000000000000000e+00,-1.9500000000000001e-01,-1,-1,2.2500000000000298e-04,wind_direction:18.4_m:degrees
1333,-2,-2.0000000000000000e+00,-2.1099999999999999e-01,-1,-1,1.5890000000000071e-03,wind_direction:18.4_m:degrees
1334,-2,-2.0000000000000000e+00,-2.7625000000000005e-01,-1,-1,1.7984374999999719e-03,wind_direction:18.4_m:degrees
1335,-2,-2.0000000000000000e+00,-1.1285714285714285e-01,-1,-1,9.3469387755102176e-04,wind_direction:18.4_m:degrees
1336,12,-8.6788780987262726e-02,-1.6746268656716418e-01,1337,1338,1.9831142793495064e-03,bulk_richardson:18.4_m:none
1337,5,5.1649999618530273e+01,-1.2866666666666668e-01,1695,1696,1.8382222222222168e-03,relative_humidity:18.4_m:%
1338,11,3.1044500732421875e+02,-1.7865384615384611e-01,1793,1794,1.4654955621301660e-03,wind_direction:18.4_m:degrees
1339,-2,-2.0000000000000000e+00,-3.4999999999999996e-02,-1,-1,6.2500000000000012e-04,wind_direction:18.4_m:degrees
1340,-2,-2.0000000000000000e+00,-1.4999999999999999e-01,-1,-1,7.1999999999999842e-04,wind_direction:18.4_m:degrees
1341,-2,-2.0000000000000000e+00,-1.3000000000000003e-01,-1,-1,9.4999999999997517e-04,wind_direction:18.4_m:degrees
1342,-2,-2.0000000000000000e+00,-8.9230769230769238e-02,-1,-1,7.6094674556214173e-04,wind_direction:18.4_m:degrees
1343,-2,-2.0000000000000000e+00,-2.3999999999999999e-01,-1,-1,-6.9388939039072284e-18,wind_direction:18.4_m:degrees
1344,-2,-2.0000000000000000e+00,-3.6499999999999999e-01,-1,-1,6.2499999999995892e-04,wind_direction:18.4_m:degrees
1345,-2,-2.0000000000000000e+00,-2.2399999999999998e-01,-1,-1,5.4400000000000975e-04,wind_direction:18.4_m:degrees
1346,-2,-2.0000000000000000e+00,-1.6113636363636366e-01,-1,-1,9.3052685950409386e-04,wind_direction:18.4_m:degrees
1347,4,3.5433459281921387e+00,-2.5121212121212122e-01,1575,1576,1.8045913682277481e-03,mixing_ratio:18.4_m:g_kg-1
1348,-2,-2.0000000000000000e+00,-3.9000000000000001e-01,-1,-1,-9.9920072216264089e-16,wind_direction:18.4_m:degrees
1349,-2,-2.0000000000000000e+00,-2.6101694915254214e-02,-1,-1,2.8254333046059889e-04,wind_direction:18.4_m:degrees
1350,-2,-2.0000000000000000e+00,-4.6500000000000007e-02,-1,-1,6.6608333333333970e-04,wind_direction:18.4_m:degrees
1351,-2,-2.0000000000000000e+00,-3.2250000000000001e-01,-1,-1,4.6874999999999001e-04,wind_direction:18.4_m:degrees
1352,12,-1.7051430419087410e-02,-2.4461538461538460e-01,2007,2008,2.1479289940828511e-03,bulk_richardson:18.4_m:none
1353,11,3.0064500427246094e+02,-6.4117647058823529e-02,1355,1356,1.4712802768166097e-03,wind_direction:18.4_m:degrees
1354,2,2.7781500244140625e+02,-1.0036585365853659e-01,1849,1850,9.4742712671029745e-04,water_sfc_temperature:0_m:K
1355,-2,-2.0000000000000000e+00,-9.4000000000000000e-02,-1,-1,2.8399999999999953e-04,wind_direction:18.4_m:degrees
1356,-2,-2.0000000000000000e+00,-2.1428571428571429e-02,-1,-1,6.9387755102041297e-05,wind_direction:18.4_m:degrees
1357,-2,-2.0000000000000000e+00,-3.9095238095238088e-01,-1,-1,7.8956916099770513e-04,wind_direction:18.4_m:degrees
1358,-2,-2.0000000000000000e+00,-5.3000000000000003e-01,-1,-1,6.1062266354383610e-16,wind_direction:18.4_m:degrees
1359,-2,-2.0000000000000000e+00,-1.7000000000000001e-01,-1,-1,0.0000000000000000e+00,wind_direction:18.4_m:degrees
1360,2,2.8400000000000000e+02,-2.6931034482758620e-01,1361,1362,2.1788347205707048e-03,water_sfc_temperature:0_m:K
1361,10,1.4571890830993652e+01,-2.8571428571428570e-01,1773,1774,1.7292517006803204e-03,wind_speed:18.4_m:m_s-1
1362,-2,-2.0000000000000000e+00,-2.2625000000000001e-01,-1,-1,7.9843749999997105e-04,wind_direction:18.4_m:degrees
1363,-2,-2.0000000000000000e+00,8.9999999999999997e-02,-1,-1,0.0000000000000000e+00,wind_direction:18.4_m:degrees
1364,-2,-2.0000000000000000e+00,-1.4999999999999999e-02,-1,-1,6.6499999999999979e-04,wind_direction:18.4_m:degrees
1365,-2,-2.0000000000000000e+00,-1.1142857142857143e-01,-1,-1,9.7959183673463485e-05,wind_direction:18.4_m:degrees
1366,-2,-2.0000000000000000e+00,-2.2000000000000000e-01,-1,-1,-6.9388939039072284e-18,wind_direction:18.4_m:degrees
1367,-2,-2.0000000000000000e+00,-3.4947368421052623e-02,-1,-1,4.6499722991689757e-04,wind_direction:18.4_m:degrees
1368,-2,-2.0000000000000000e+00,-7.0588235294117660e-02,-1,-1,1.8200692041522772e-04,wind_direction:18.4_m:degrees
1369,12,-1.2017735093832016e-01,-7.9682539682539688e-02,1471,1472,1.0697404887881077e-03,bulk_richardson:18.4_m:none
1370,-2,-2.0000000000000000e+00,-4.9666666666666671e-02,-1,-1,7.0322222222222964e-04,wind_direction:18.4_m:degrees
1371,-2,-2.0000000000000000e+00,-5.6499999999999995e-01,-1,-1,1.8649999999998945e-03,wind_direction:18.4_m:degrees
1372,-2,-2.0000000000000000e+00,-6.4500000000000002e-01,-1,-1,7.5000000000324807e-05,wind_direction:18.4_m:degrees
1373,-2,-2.0000000000000000e+00,-1.1333333333333333e-01,-1,-1,2.2222222222222088e-05,wind_direction:18.4_m:degrees
1374,-2,-2.0000000000000000e+00,-2.0333333333333334e-01,-1,-1,7.1111111111109987e-04,wind_direction:18.4_m:degrees
1375,-2,-2.0000000000000000e+00,-8.1176470588235294e-02,-1,-1,1.7750865051903084e-03,wind_direction:18.4_m:degrees
1376,-2,-2.0000000000000000e+00,-1.3076923076923078e-01,-1,-1,8.6863905325445037e-04,wind_direction:18.4_m:degrees
1377,-2,-2.0000000000000000e+00,-9.6393442622950798e-02,-1,-1,8.0666487503359453e-04,wind_direction:18.4_m:degrees
1378,-2,-2.0000000000000000e+00,-6.3478260869565220e-02,-1,-1,3.8790170132326114e-04,wind_direction:18.4_m:degrees
1379,10,5.8063073158264160e+00,-2.6439393939393926e-02,1381,1382,9.0323117539026655e-04,wind_speed:18.4_m:m_s-1
1380,12,-8.8639672845602036e-02,-3.9702380952380940e-02,1583,1584,8.3503047052154778e-04,bulk_richardson:18.4_m:none
1381,-2,-2.0000000000000000e+00,-2.1683168316831682e-02,-1,-1,8.6251347907068013e-04,wind_direction:18.4_m:degrees
1382,-2,-2.0000000000000000e+00,-4.1935483870967738e-02,-1,-1,7.2206035379812974e-04,wind_direction:18.4_m:degrees
1383,-2,-2.0000000000000000e+00,-2.4750000000000000e-01,-1,-1,1.6875000000000917e-04,wind_direction:18.4_m:degrees
1384,-2,-2.0000000000000000e+00,-1.5250000000000000e-01,-1,-1,1.1874999999998692e-04,wind_direction:18.4_m:degrees
1385,-2,-2.0000000000000000e+00,-2.8111111111111114e-01,-1,-1,6.7654320987652061e-04,wind_direction:18.4_m:degrees
1386,-2,-2.0000000000000000e+00,-3.4444444444444444e-01,-1,-1,6.9135802469141860e-04,wind_direction:18.4_m:degrees
1387,-2,-2.0000000000000000e+00,-5.1249999999999996e-01,-1,-1,1.1874999999988978e-04,wind_direction:18.4_m:degrees
1388,-2,-2.0000000000000000e+00,-4.0999999999999998e-01,-1,-1,8.3266726846886741e-17,wind_direction:18.4_m:degrees
1389,-2,-2.0000000000000000e+00,-1.0000000000000000e-02,-1,-1,0.0000000000000000e+00,wind_direction:18.4_m:degrees
1390,-2,-2.0000000000000000e+00,1.4000000000000001e-01,-1,-1,0.0000000000000000e+00,wind_direction:18.4_m:degrees
1391,-2,-2.0000000000000000e+00,-7.4583333333333349e-02,-1,-1,6.6649305555555299e-04,wind_direction:18.4_m:degrees
1392,0,1.5107677459716797e+02,-1.0902439024390248e-01,1429,1430,7.8441403926234228e-04,zenith:0_m:degrees
1393,-2,-2.0000000000000000e+00,-6.6999999999999990e-02,-1,-1,6.6100000000000100e-04,wind_direction:18.4_m:degrees
1394,-2,-2.0000000000000000e+00,-2.2599999999999999e-02,-1,-1,2.8524000000000084e-04,wind_direction:18.4_m:degrees
1395,-2,-2.0000000000000000e+00,-3.0800000000000000e-01,-1,-1,3.3599999999998909e-04,wind_direction:18.4_m:degrees
1396,-2,-2.0000000000000000e+00,-4.1999999999999998e-01,-1,-1,5.5511151231257827e-17,wind_direction:18.4_m:degrees
1397,-2,-2.0000000000000000e+00,-2.7374999999999999e-01,-1,-1,3.4843750000000673e-04,wind_direction:18.4_m:degrees
1398,-2,-2.0000000000000000e+00,-2.2034482758620691e-01,-1,-1,1.4791914387633012e-03,wind_direction:18.4_m:degrees
1399,-2,-2.0000000000000000e+00,-2.3166666666666666e-01,-1,-1,4.8055555555555352e-04,wind_direction:18.4_m:degrees
1400,-2,-2.0000000000000000e+00,-1.6642857142857140e-01,-1,-1,1.2229591836734714e-03,wind_direction:18.4_m:degrees
1401,-2,-2.0000000000000000e+00,-1.8666666666666668e-01,-1,-1,1.5555555555555323e-03,wind_direction:18.4_m:degrees
1402,-2,-2.0000000000000000e+00,-1.2777777777777777e-01,-1,-1,1.9506172839509062e-04,wind_direction:18.4_m:degrees
1403,-2,-2.0000000000000000e+00,-1.7705882352941177e-01,-1,-1,7.5605536332178785e-04,wind_direction:18.4_m:degrees
1404,-2,-2.0000000000000000e+00,-2.2500000000000001e-01,-1,-1,9.2500000000002303e-04,wind_direction:18.4_m:degrees
1405,-2,-2.0000000000000000e+00,-1.7499999999999999e-01,-1,-1,2.5000000000007655e-05,wind_direction:18.4_m:degrees
1406,12,-2.7984386542811990e-03,-7.6956521739130451e-02,1577,1578,1.1255198487712652e-03,bulk_richardson:18.4_m:none
1407,12,-3.3382140100002289e-02,-2.7733333333333332e-01,1747,1748,1.3262222222222425e-03,bulk_richardson:18.4_m:none
1408,-2,-2.0000000000000000e+00,-2.0250000000000001e-01,-1,-1,6.8749999999923039e-05,wind_direction:18.4_m:degrees
1409,-2,-2.0000000000000000e+00,-9.1818181818181813e-02,-1,-1,7.9669421487602206e-04,wind_direction:18.4_m:degrees
1410,-2,-2.0000000000000000e+00,-4.4166666666666667e-02,-1,-1,1.4909722222222297e-03,wind_direction:18.4_m:degrees
1411,-2,-2.0000000000000000e+00,-1.6166666666666665e-01,-1,-1,3.1388888888889480e-04,wind_direction:18.4_m:degrees
1412,-2,-2.0000000000000000e+00,-1.0491803278688525e-01,-1,-1,9.4630475678580961e-04,wind_direction:18.4_m:degrees
1413,-2,-2.0000000000000000e+00,-2.3000000000000001e-01,-1,-1,0.0000000000000000e+00,wind_direction:18.4_m:degrees
1414,-2,-2.0000000000000000e+00,-3.6647058823529410e-01,-1,-1,1.3051903114186802e-03,wind_direction:18.4_m:degrees
1415,-2,-2.0000000000000000e+00,-2.5000000000000000e-01,-1,-1,0.0000000000000000e+00,wind_direction:18.4_m:degrees
1416,-2,-2.0000000000000000e+00,-1.1333333333333334e-01,-1,-1,7.0222222222222040e-04,wind_direction:18.4_m:degrees
1417,-2,-2.0000000000000000e+00,-2.2000000000000000e-01,-1,-1,1.2500000000000011e-03,wind_direction:18.4_m:degrees
1418,9,8.8888671875000000e+01,-1.6653846153846155e-01,1807,1808,1.1226331360946508e-03,angle_between_wind_wave:0_m:degrees
1419,-2,-2.0000000000000000e+00,-3.6532663316582906e-02,-1,-1,3.0104290295699700e-04,wind_direction:18.4_m:degrees
1420,-2,-2.0000000000000000e+00,-4.8230337078651653e-02,-1,-1,3.2917166393132405e-04,wind_direction:18.4_m:degrees
1421,-2,-2.0000000000000000e+00,-1.6916666666666669e-01,-1,-1,7.5763888888888409e-04,wind_direction:18.4_m:degrees
1422,-2,-2.0000000000000000e+00,-2.7000000000000002e-01,-1,-1,1.6000000000000042e-03,wind_direction:18.4_m:degrees
1423,8,4.4500000476837158e+00,-2.3624999999999999e-01,1859,1860,2.8484374999999812e-03,wave_period:0_m:s
1424,-2,-2.0000000000000000e+00,-3.1000000000000000e-01,-1,-1,3.0000000000005023e-04,wind_direction:18.4_m:degrees
1425,-2,-2.0000000000000000e+00,-2.6500000000000001e-01,-1,-1,7.4999999999991740e-05,wind_direction:18.4_m:degrees
1426,-2,-2.0000000000000000e+00,-1.8700000000000000e-01,-1,-1,1.1009999999999839e-03,wind_direction:18.4_m:degrees
1427,-2,-2.0000000000000000e+00,-7.7545454545454556e-02,-1,-1,6.8942975206611520e-04,wind_direction:18.4_m:degrees
1428,-2,-2.0000000000000000e+00,-5.6271186440677988e-02,-1,-1,3.9965527147371163e-04,wind_direction:18.4_m:degrees
1429,-2,-2.0000000000000000e+00,-9.5000000000000001e-02,-1,-1,4.0357142857141981e-04,wind_direction:18.4_m:degrees
1430,-2,-2.0000000000000000e+00,-1.3923076923076924e-01,-1,-1,2.6863905325442972e-04,wind_direction:18.4_m:degrees
1431,-2,-2.0000000000000000e+00,-1.1153846153846153e-01,-1,-1,4.5917159763314043e-04,wind_direction:18.4_m:degrees
1432,-2,-2.0000000000000000e+00,-6.7857142857142866e-02,-1,-1,6.1683673469388033e-04,wind_direction:18.4_m:degrees
1433,2,2.7514500427246094e+02,-1.3958333333333331e-01,1649,1650,1.8789930555555660e-03,water_sfc_temperature:0_m:K
1434,-2,-2.0000000000000000e+00,-2.2000000000000000e-01,-1,-1,-2.7755575615628914e-17,wind_direction:18.4_m:degrees
1435,-2,-2.0000000000000000e+00,-3.0000000000000002e-02,-1,-1,9.8378378378378398e-04,wind_direction:18.4_m:degrees
1436,9,9.0002334594726562e+01,-6.0000000000000005e-02,1699,1700,1.0358974358974371e-03,angle_between_wind_wave:0_m:degrees
1437,-2,-2.0000000000000000e+00,-1.0666666666666667e-01,-1,-1,8.8888888888886616e-05,wind_direction:18.4_m:degrees
1438,-2,-2.0000000000000000e+00,-1.7555555555555558e-01,-1,-1,1.5802469135802605e-04,wind_direction:18.4_m:degrees
1439,4,1.2900035858154297e+01,-7.5063291139240512e-02,1441,1442,7.1613523473802298e-04,mixing_ratio:18.4_m:g_kg-1
1440,-2,-2.0000000000000000e+00,-1.0714285714285714e-01,-1,-1,3.6326530612245875e-04,wind_direction:18.4_m:degrees
1441,-2,-2.0000000000000000e+00,-8.1428571428571433e-02,-1,-1,3.7795918367346769e-04,wind_direction:18.4_m:degrees
1442,-2,-2.0000000000000000e+00,-2.5555555555555557e-02,-1,-1,5.8024691358023075e-04,wind_direction:18.4_m:degrees
1443,-2,-2.0000000000000000e+00,-2.1800000000000003e-01,-1,-1,6.7599999999999605e-04,wind_direction:18.4_m:degrees
1444,11,2.8859500122070312e+02,-2.7133333333333337e-01,1563,1564,1.8648888888888882e-03,wind_direction:18.4_m:degrees
1445,1,4.8744548797607422e+01,-1.2677419354838712e-01,1995,1996,1.1637877211238268e-03,azimuth:0_m:degrees
1446,-2,-2.0000000000000000e+00,-5.7500000000000002e-02,-1,-1,2.6874999999998038e-04,wind_direction:18.4_m:degrees
1447,-2,-2.0000000000000000e+00,-2.7391304347826093e-02,-1,-1,5.5841209829867713e-04,wind_direction:18.4_m:degrees
1448,-2,-2.0000000000000000e+00,1.6363636363636361e-02,-1,-1,7.6859504132231044e-04,wind_direction:18.4_m:degrees
1449,6,2.0250000000000000e+02,-9.2903225806451606e-02,1527,1528,1.1367325702393363e-03,wave_direction:0_m:degrees
1450,-2,-2.0000000000000000e+00,-1.4222222222222219e-01,-1,-1,7.7283950617282673e-04,wind_direction:18.4_m:degrees
1451,-2,-2.0000000000000000e+00,-8.3571428571428563e-01,-1,-1,3.6734693877560343e-04,wind_direction:18.4_m:degrees
1452,-2,-2.0000000000000000e+00,-9.3999999999999995e-01,-1,-1,0.0000000000000000e+00,wind_direction:18.4_m:degrees
1453,-2,-2.0000000000000000e+00,-8.5000000000000006e-02,-1,-1,4.1071428571428335e-04,wind_direction:18.4_m:degrees
1454,-2,-2.0000000000000000e+00,-5.8915094339622651e-02,-1,-1,7.6910599857600874e-04,wind_direction:18.4_m:degrees
1455,-2,-2.0000000000000000e+00,1.0000000000000001e-01,-1,-1,0.0000000000000000e+00,wind_direction:18.4_m:degrees
1456,-2,-2.0000000000000000e+00,-3.5999999999999997e-02,-1,-1,9.8400000000000093e-04,wind_direction:18.4_m:degrees
1457,-2,-2.0000000000000000e+00,-3.6666666666666670e-01,-1,-1,1.5555555555551992e-04,wind_direction:18.4_m:degrees
1458,-2,-2.0000000000000000e+00,-4.5199999999999996e-01,-1,-1,4.7600000000005971e-04,wind_direction:18.4_m:degrees
1459,-2,-2.0000000000000000e+00,-5.4365079365079359e-02,-1,-1,6.8808893927941586e-04,wind_direction:18.4_m:degrees
1460,6,2.2350000000000000e+02,-6.7278225806451611e-02,1895,1896,5.6053549362643923e-04,wave_direction:0_m:degrees
1461,2,2.8702499389648438e+02,-4.4750000000000001e-01,1463,1464,6.3687500000000064e-03,water_sfc_temperature:0_m:K
1462,6,2.2150000000000000e+02,-5.1720000000000010e-01,1465,1466,4.0441599999999633e-03,wave_direction:0_m:degrees
1463,-2,-2.0000000000000000e+00,-5.2000000000000002e-01,-1,-1,1.5999999999999903e-03,wind_direction:18.4_m:degrees
1464,-2,-2.0000000000000000e+00,-3.7500000000000000e-01,-1,-1,6.2499999999998668e-04,wind_direction:18.4_m:degrees
1465,7,2.5500000715255737e+00,-5.6142857142857150e-01,1467,1468,3.8408163265305495e-03,wave_height:0_m:m
1466,0,1.3198442077636719e+02,-5.0000000000000011e-01,1469,1470,3.0666666666663844e-03,zenith:0_m:degrees
1467,-2,-2.0000000000000000e+00,-6.8999999999999995e-01,-1,-1,0.0000000000000000e+00,wind_direction:18.4_m:degrees
1468,-2,-2.0000000000000000e+00,-5.4000000000000004e-01,-1,-1,1.2666666666666937e-03,wind_direction:18.4_m:degrees
1469,-2,-2.0000000000000000e+00,-4.5999999999999996e-01,-1,-1,1.7428571428571571e-03,wind_direction:18.4_m:degrees
1470,9,8.8775112152099609e+01,-5.2545454545454551e-01,1749,1750,2.2429752066113751e-03,angle_between_wind_wave:0_m:degrees
1471,-2,-2.0000000000000000e+00,-5.2941176470588241e-02,-1,-1,4.9134948096885836e-04,wind_direction:18.4_m:degrees
1472,10,7.3329291343688965e+00,-8.9565217391304366e-02,1473,1474,9.2155009451795958e-04,wind_speed:18.4_m:m_s-1
1473,-2,-2.0000000000000000e+00,-6.8571428571428575e-02,-1,-1,4.2176870748299351e-04,wind_direction:18.4_m:degrees
1474,-2,-2.0000000000000000e+00,-1.0720000000000002e-01,-1,-1,6.6015999999998777e-04,wind_direction:18.4_m:degrees
1475,-2,-2.0000000000000000e+00,-1.3285714285714284e-01,-1,-1,2.7755102040816909e-04,wind_direction:18.4_m:degrees
1476,2,2.8111000061035156e+02,-8.3377777777777773e-02,1731,1732,1.0445906172839485e-03,water_sfc_temperature:0_m:K
1477,-2,-2.0000000000000000e+00,-1.4913043478260865e-01,-1,-1,7.3837429111531586e-04,wind_direction:18.4_m:degrees
1478,-2,-2.0000000000000000e+00,-7.0000000000000007e-02,-1,-1,1.6479873021779667e-17,wind_direction:18.4_m:degrees
1479,9,9.0463127136230469e+01,-1.8906249999999997e-01,1825,1826,1.4022460937499898e-03,angle_between_wind_wave:0_m:degrees
1480,-2,-2.0000000000000000e+00,-2.3999999999999999e-01,-1,-1,1.3877787807814457e-17,wind_direction:18.4_m:degrees
1481,-2,-2.0000000000000000e+00,-2.0600000000000002e-01,-1,-1,8.6399999999999672e-04,wind_direction:18.4_m:degrees
1482,-2,-2.0000000000000000e+00,-2.8142857142857147e-01,-1,-1,3.5510204081631858e-04,wind_direction:18.4_m:degrees
1483,-2,-2.0000000000000000e+00,-1.1142857142857143e-01,-1,-1,1.0408163265306133e-03,wind_direction:18.4_m:degrees
1484,-2,-2.0000000000000000e+00,-5.7812500000000003e-02,-1,-1,5.2958984374999653e-04,wind_direction:18.4_m:degrees
1485,-2,-2.0000000000000000e+00,-2.1714285714285714e-01,-1,-1,7.7551020408191118e-05,wind_direction:18.4_m:degrees
1486,-2,-2.0000000000000000e+00,-3.2000000000000001e-01,-1,-1,9.9999999999933475e-05,wind_direction:18.4_m:degrees
1487,-2,-2.0000000000000000e+00,-2.8999999999999998e-01,-1,-1,4.7500000000000320e-04,wind_direction:18.4_m:degrees
1488,-2,-2.0000000000000000e+00,-2.0333333333333337e-01,-1,-1,1.5555555555549216e-04,wind_direction:18.4_m:degrees
1489,-2,-2.0000000000000000e+00,-6.8000000000000005e-01,-1,-1,0.0000000000000000e+00,wind_direction:18.4_m:degrees
1490,-2,-2.0000000000000000e+00,-5.4636363636363638e-01,-1,-1,8.9586776859501560e-04,wind_direction:18.4_m:degrees
1491,-2,-2.0000000000000000e+00,-2.5000000000000000e-01,-1,-1,1.0000000000000286e-04,wind_direction:18.4_m:degrees
1492,11,3.3013499450683594e+02,-1.5893333333333337e-01,1493,1494,1.8881955555555587e-03,wind_direction:18.4_m:degrees
1493,1,9.0190620422363281e+01,-1.5469230769230763e-01,1659,1660,1.6510591715976110e-03,azimuth:0_m:degrees
1494,10,9.3565406799316406e+00,-1.8649999999999997e-01,1495,1496,2.5527500000000689e-03,wind_speed:18.4_m:m_s-1
1495,-2,-2.0000000000000000e+00,-1.2250000000000001e-01,-1,-1,6.1875000000000124e-04,wind_direction:18.4_m:degrees
1496,3,1.0006999816894531e+03,-2.0249999999999999e-01,1497,1498,1.7562500000000147e-03,pressure:18.4_m:hPa
1497,-2,-2.0000000000000000e+00,-3.4999999999999998e-01,-1,-1,0.0000000000000000e+00,wind_direction:18.4_m:degrees
1498,-2,-2.0000000000000000e+00,-1.9266666666666665e-01,-1,-1,3.2622222222222080e-04,wind_direction:18.4_m:degrees
1499,-2,-2.0000000000000000e+00,-3.7000000000000005e-02,-1,-1,7.8099999999999958e-04,wind_direction:18.4_m:degrees
1500,-2,-2.0000000000000000e+00,-9.0769230769230783e-02,-1,-1,5.1479289940828052e-04,wind_direction:18.4_m:degrees
1501,-2,-2.0000000000000000e+00,-1.7999999999999997e-01,-1,-1,5.2499999999999769e-04,wind_direction:18.4_m:degrees
1502,7,5.9999999403953552e-01,-2.2125000000000000e-01,1945,1946,1.1484375000000019e-03,wave_height:0_m:m
1503,12,-3.2764269271865487e-03,-1.3280000000000000e-01,1511,1512,1.2041600000000027e-03,bulk_richardson:18.4_m:none
1504,11,1.9948000335693359e+02,-1.0520270270270271e-01,1743,1744,6.1009404674945006e-04,wind_direction:18.4_m:degrees
1505,-2,-2.0000000000000000e+00,-2.3300000000000001e-01,-1,-1,1.0209999999999872e-03,wind_direction:18.4_m:degrees
1506,-2,-2.0000000000000000e+00,-1.5750000000000000e-01,-1,-1,4.6875000000000042e-04,wind_direction:18.4_m:degrees
1507,3,1.0221000061035156e+03,-9.5766871165644196e-02,1509,1510,1.0931235650570182e-03,pressure:18.4_m:hPa
1508,-2,-2.0000000000000000e+00,-6.1333333333333344e-02,-1,-1,5.7155555555556689e-04,wind_direction:18.4_m:degrees
1509,3,1.0188500061035156e+03,-9.0615384615384598e-02,1767,1768,1.0580828402366755e-03,pressure:18.4_m:hPa
1510,-2,-2.0000000000000000e+00,-1.1606060606060606e-01,-1,-1,7.1478420569328141e-04,wind_direction:18.4_m:degrees
1511,-2,-2.0000000000000000e+00,-1.7000000000000004e-01,-1,-1,2.2499999999998910e-04,wind_direction:18.4_m:degrees
1512,-2,-2.0000000000000000e+00,-1.1529411764705882e-01,-1,-1,7.0726643598616884e-04,wind_direction:18.4_m:degrees
1513,-2,-2.0000000000000000e+00,-4.0000000000000015e-02,-1,-1,5.7575757575757409e-04,wind_direction:18.4_m:degrees
1514,-2,-2.0000000000000000e+00,6.0000000000000001e-03,-1,-1,2.6400000000000300e-04,wind_direction:18.4_m:degrees
1515,-2,-2.0000000000000000e+00,-1.7636363636363636e-01,-1,-1,2.0495867768594717e-04,wind_direction:18.4_m:degrees
1516,10,1.1868679523468018e+01,-1.3674556213017752e-01,1517,1518,9.7579916669584058e-04,wind_speed:18.4_m:m_s-1
1517,10,1.1145380496978760e+01,-1.3814371257485031e-01,1519,1520,8.2230269998922675e-04,wind_speed:18.4_m:m_s-1
1518,-2,-2.0000000000000000e+00,-2.0000000000000000e-02,-1,-1,-2.4904123901992037e-16,wind_direction:18.4_m:degrees
1519,-2,-2.0000000000000000e+00,-1.2565789473684208e-01,-1,-1,6.1930401662050119e-04,wind_direction:18.4_m:degrees
1520,7,1.1500000357627869e+00,-1.4857142857142860e-01,1675,1676,7.5290423861851599e-04,wave_height:0_m:m
1521,-2,-2.0000000000000000e+00,-5.9999999999999998e-02,-1,-1,0.0000000000000000e+00,wind_direction:18.4_m:degrees
1522,0,6.5352661132812500e+01,-1.5200000000000002e-01,1701,1702,1.4559999999999955e-03,zenith:0_m:degrees
1523,-2,-2.0000000000000000e+00,-4.6666666666666662e-01,-1,-1,8.8888888888916107e-05,wind_direction:18.4_m:degrees
1524,-2,-2.0000000000000000e+00,-3.8809523809523810e-01,-1,-1,9.3922902494331106e-04,wind_direction:18.4_m:degrees
1525,-2,-2.0000000000000000e+00,-3.6999999999999994e-01,-1,-1,2.7755575615628914e-17,wind_direction:18.4_m:degrees
1526,-2,-2.0000000000000000e+00,-4.6000000000000002e-01,-1,-1,1.5999999999999626e-03,wind_direction:18.4_m:degrees
1527,-2,-2.0000000000000000e+00,-7.4736842105263171e-02,-1,-1,4.3545706371191095e-04,wind_direction:18.4_m:degrees
1528,-2,-2.0000000000000000e+00,-1.2166666666666669e-01,-1,-1,8.9722222222222980e-04,wind_direction:18.4_m:degrees
1529,-2,-2.0000000000000000e+00,-2.7250000000000002e-01,-1,-1,3.1874999999999265e-04,wind_direction:18.4_m:degrees
1530,-2,-2.0000000000000000e+00,-3.4277777777777774e-01,-1,-1,6.7561728395063025e-04,wind_direction:18.4_m:degrees
1531,-2,-2.0000000000000000e+00,1.4545454545454545e-02,-1,-1,5.7024793388429744e-04,wind_direction:18.4_m:degrees
1532,10,7.0832831859588623e+00,-2.4176029962546756e-02,1561,1562,4.4042594229124063e-04,wind_speed:18.4_m:m_s-1
1533,-2,-2.0000000000000000e+00,-1.0750000000000000e-01,-1,-1,4.6875000000000042e-04,wind_direction:18.4_m:degrees
1534,-2,-2.0000000000000000e+00,-1.8714285714285714e-01,-1,-1,7.0612244897959309e-04,wind_direction:18.4_m:degrees
1535,-2,-2.0000000000000000e+00,-5.4333333333333333e-01,-1,-1,1.4222222222222136e-03,wind_direction:18.4_m:degrees
1536,-2,-2.0000000000000000e+00,-6.8999999999999995e-01,-1,-1,5.5511151231257827e-17,wind_direction:18.4_m:degrees
1537,-2,-2.0000000000000000e+00,-5.4705882352941188e-02,-1,-1,4.4844290657439397e-04,wind_direction:18.4_m:degrees
1538,-2,-2.0000000000000000e+00,-2.8765432098765444e-02,-1,-1,7.3427831123304562e-04,wind_direction:18.4_m:degrees
1539,3,1.0353499755859375e+03,-3.3355263157894707e-02,1753,1754,9.1768957756232887e-04,pressure:18.4_m:hPa
1540,-2,-2.0000000000000000e+00,-4.7619047619047623e-03,-1,-1,5.3514739229049247e-05,wind_direction:18.4_m:degrees
1541,-2,-2.0000000000000000e+00,-3.7000000000000005e-01,-1,-1,5.9999999999996168e-04,wind_direction:18.4_m:degrees
1542,0,1.4965573120117188e+02,-2.9599999999999999e-01,1543,1544,3.4240000000000520e-03,zenith:0_m:degrees
1543,-2,-2.0000000000000000e+00,-3.2500000000000001e-01,-1,-1,7.4999999999991740e-05,wind_direction:18.4_m:degrees
1544,-2,-2.0000000000000000e+00,-1.7999999999999999e-01,-1,-1,6.9388939039072284e-18,wind_direction:18.4_m:degrees
1545,-2,-2.0000000000000000e+00,-5.8064516129032281e-02,-1,-1,3.6399583766909185e-04,wind_direction:18.4_m:degrees
1546,2,2.9034498596191406e+02,-8.5441176470588256e-02,1547,1548,1.2189230103806297e-03,water_sfc_temperature:0_m:K
1547,-2,-2.0000000000000000e+00,-7.8548387096774183e-02,-1,-1,6.5757023933402364e-04,wind_direction:18.4_m:degrees
1548,-2,-2.0000000000000000e+00,-1.5666666666666668e-01,-1,-1,1.4555555555555676e-03,wind_direction:18.4_m:degrees
1549,-2,-2.0000000000000000e+00,-3.8000000000000000e-01,-1,-1,0.0000000000000000e+00,wind_direction:18.4_m:degrees
1550,-2,-2.0000000000000000e+00,-2.8666666666666668e-01,-1,-1,1.0603174603174143e-03,wind_direction:18.4_m:degrees
1551,-2,-2.0000000000000000e+00,-8.2499999999999996e-01,-1,-1,2.5000000000052758e-05,wind_direction:18.4_m:degrees
1552,-2,-2.0000000000000000e+00,-7.0999999999999996e-01,-1,-1,-1.1102230246251565e-16,wind_direction:18.4_m:degrees
1553,2,2.8277999877929688e+02,-1.1394366197183101e-01,1557,1558,1.3112080936322074e-03,water_sfc_temperature:0_m:K
1554,1,2.7375624084472656e+02,-1.3666666666666669e-01,1555,1556,1.5703703703703643e-03,azimuth:0_m:degrees
1555,-2,-2.0000000000000000e+00,-1.6499999999999998e-01,-1,-1,8.5833333333333942e-04,wind_direction:18.4_m:degrees
1556,10,8.3264040946960449e+00,-1.2250000000000000e-01,1775,1776,1.3243055555555439e-03,wind_speed:18.4_m:m_s-1
1557,-2,-2.0000000000000000e+00,-1.0162790697674419e-01,-1,-1,8.7409410492157551e-04,wind_direction:18.4_m:degrees
1558,5,6.3450000762939453e+01,-1.3285714285714287e-01,1881,1882,1.3918367346938791e-03,relative_humidity:18.4_m:%
1559,-2,-2.0000000000000000e+00,-2.2250000000000000e-01,-1,-1,6.6874999999999574e-04,wind_direction:18.4_m:degrees
1560,7,1.9499999880790710e+00,-2.6319148936170217e-01,1653,1654,1.7281122679945332e-03,wave_height:0_m:m
1561,3,1.0213999938964844e+03,-1.7757847533632281e-02,2001,2002,2.4878441151038647e-04,pressure:18.4_m:hPa
1562,2,2.8013000488281250e+02,-2.8778135048231485e-02,1843,1844,5.2712440938369699e-04,water_sfc_temperature:0_m:K
1563,-2,-2.0000000000000000e+00,-3.2500000000000001e-01,-1,-1,1.0749999999999926e-03,wind_direction:18.4_m:degrees
1564,-2,-2.0000000000000000e+00,-2.5181818181818189e-01,-1,-1,7.2396694214875434e-04,wind_direction:18.4_m:degrees
1565,-2,-2.0000000000000000e+00,-9.7142857142857142e-02,-1,-1,7.4612244897959319e-04,wind_direction:18.4_m:degrees
1566,-2,-2.0000000000000000e+00,-7.3773584905660342e-02,-1,-1,5.8827578023021992e-04,wind_direction:18.4_m:degrees
1567,-2,-2.0000000000000000e+00,-4.3504273504273432e-02,-1,-1,3.2703630652349382e-04,wind_direction:18.4_m:degrees
1568,-2,-2.0000000000000000e+00,-9.5000000000000015e-02,-1,-1,1.1250000000000582e-03,wind_direction:18.4_m:degrees
1569,-2,-2.0000000000000000e+00,7.0000000000000007e-02,-1,-1,4.9000000000000007e-03,wind_direction:18.4_m:degrees
1570,3,1.0373999633789062e+03,-1.8214904679376007e-02,1725,1726,4.3580823538952990e-04,pressure:18.4_m:hPa
1571,-2,-2.0000000000000000e+00,-5.0000000000000003e-02,-1,-1,1.2199999999999997e-03,wind_direction:18.4_m:degrees
1572,-2,-2.0000000000000000e+00,-9.3809523809523815e-02,-1,-1,7.6643990929704461e-04,wind_direction:18.4_m:degrees
1573,-2,-2.0000000000000000e+00,-1.4500000000000002e-01,-1,-1,4.7499999999999973e-04,wind_direction:18.4_m:degrees
1574,0,4.7636096954345703e+01,-1.8440677966101698e-01,2003,2004,9.3651249640908790e-04,zenith:0_m:degrees
1575,3,9.9894998168945312e+02,-2.3590909090909093e-01,1763,1764,1.6696280991735368e-03,pressure:18.4_m:hPa
1576,-2,-2.0000000000000000e+00,-2.8181818181818180e-01,-1,-1,6.6942148760334996e-04,wind_direction:18.4_m:degrees
1577,-2,-2.0000000000000000e+00,-9.2352941176470624e-02,-1,-1,5.0034602076124216e-04,wind_direction:18.4_m:degrees
1578,-2,-2.0000000000000000e+00,-3.3333333333333333e-02,-1,-1,3.2222222222221984e-04,wind_direction:18.4_m:degrees
1579,3,9.9510000610351562e+02,-3.4599999999999997e-01,1581,1582,2.0640000000000103e-03,pressure:18.4_m:hPa
1580,-2,-2.0000000000000000e+00,-2.7800000000000002e-01,-1,-1,9.5999999999984986e-05,wind_direction:18.4_m:degrees
1581,-2,-2.0000000000000000e+00,-2.6000000000000001e-01,-1,-1,0.0000000000000000e+00,wind_direction:18.4_m:degrees
1582,-2,-2.0000000000000000e+00,-3.6750000000000005e-01,-1,-1,2.6875000000001203e-04,wind_direction:18.4_m:degrees
1583,5,7.0649997711181641e+01,-4.4961240310077491e-02,1837,1838,8.7151012559341396e-04,relative_humidity:18.4_m:%
1584,-2,-2.0000000000000000e+00,-2.2307692307692306e-02,-1,-1,3.2031558185404807e-04,wind_direction:18.4_m:degrees
1585,-2,-2.0000000000000000e+00,-4.0333333333333332e-01,-1,-1,6.2222222222221846e-04,wind_direction:18.4_m:degrees
1586,5,5.5550001144409180e+01,-3.2333333333333331e-01,1827,1828,1.6888888888888370e-03,relative_humidity:18.4_m:%
1587,-2,-2.0000000000000000e+00,-3.4666666666666668e-01,-1,-1,1.4222222222222136e-03,wind_direction:18.4_m:degrees
1588,-2,-2.0000000000000000e+00,-2.7142857142857152e-01,-1,-1,8.9795918367345517e-04,wind_direction:18.4_m:degrees
1589,-2,-2.0000000000000000e+00,-2.4466666666666667e-01,-1,-1,5.3155555555555595e-04,wind_direction:18.4_m:degrees
1590,-2,-2.0000000000000000e+00,-1.7500000000000002e-01,-1,-1,6.7499999999994995e-04,wind_direction:18.4_m:degrees
1591,-2,-2.0000000000000000e+00,-8.4999999999999992e-02,-1,-1,6.2500000000000056e-04,wind_direction:18.4_m:degrees
1592,12,-4.8706997185945511e-02,-1.7459459459459462e-01,1745,1746,1.5545653761869851e-03,bulk_richardson:18.4_m:none
1593,-2,-2.0000000000000000e+00,8.9999999999999997e-02,-1,-1,0.0000000000000000e+00,wind_direction:18.4_m:degrees
1594,5,8.0049999237060547e+01,-3.3181818181818118e-02,1999,2000,4.2851239669422178e-04,relative_humidity:18.4_m:%
1595,3,1.0027500000000000e+03,-2.1703703703703703e-01,1635,1636,1.6689986282578742e-03,pressure:18.4_m:hPa
1596,-2,-2.0000000000000000e+00,-2.8999999999999998e-01,-1,-1,1.3877787807814457e-16,wind_direction:18.4_m:degrees
1597,-2,-2.0000000000000000e+00,-6.7977528089887673e-03,-1,-1,1.9480179270294165e-04,wind_direction:18.4_m:degrees
1598,4,1.4243982315063477e+01,-2.1219512195121949e-02,1599,1600,5.8143961927424235e-04,mixing_ratio:18.4_m:g_kg-1
1599,4,1.4166029930114746e+01,-7.1250000000000008e-02,1601,1602,2.2359374999999992e-03,mixing_ratio:18.4_m:g_kg-1
1600,-2,-2.0000000000000000e+00,-1.7739130434782618e-02,-1,-1,2.8010586011342173e-04,wind_direction:18.4_m:degrees
1601,-2,-2.0000000000000000e+00,-2.7500000000000000e-02,-1,-1,1.8749999999999453e-05,wind_direction:18.4_m:degrees
1602,-2,-2.0000000000000000e+00,-1.1500000000000000e-01,-1,-1,6.2500000000000056e-04,wind_direction:18.4_m:degrees
1603,-2,-2.0000000000000000e+00,-2.9380952380952374e-01,-1,-1,1.7712018140590147e-03,wind_direction:18.4_m:degrees
1604,-2,-2.0000000000000000e+00,-1.7000000000000001e-01,-1,-1,-2.7061686225238191e-16,wind_direction:18.4_m:degrees
1605,-2,-2.0000000000000000e+00,4.4000000000000004e-02,-1,-1,1.4400000000000025e-04,wind_direction:18.4_m:degrees
1606,-2,-2.0000000000000000e+00,-2.9999999999999999e-02,-1,-1,6.3333333333333384e-04,wind_direction:18.4_m:degrees
1607,-2,-2.0000000000000000e+00,-1.4124999999999999e-01,-1,-1,1.9359375000000054e-03,wind_direction:18.4_m:degrees
1608,8,7.5000000000000000e+00,-9.7333333333333341e-02,1633,1634,1.7795555555555516e-03,wave_period:0_m:s
1609,-2,-2.0000000000000000e+00,-1.1687499999999998e-01,-1,-1,5.5898437500000349e-04,wind_direction:18.4_m:degrees
1610,-2,-2.0000000000000000e+00,-4.0000000000000001e-02,-1,-1,2.0000000000000248e-04,wind_direction:18.4_m:degrees
1611,-2,-2.0000000000000000e+00,-6.5000000000000002e-02,-1,-1,1.4450000000000010e-03,wind_direction:18.4_m:degrees
1612,-2,-2.0000000000000000e+00,-2.1578947368421059e-02,-1,-1,1.4487534626038710e-04,wind_direction:18.4_m:degrees
1613,-2,-2.0000000000000000e+00,-2.4857142857142858e-01,-1,-1,1.1551020408163554e-03,wind_direction:18.4_m:degrees
1614,-2,-2.0000000000000000e+00,-3.2000000000000001e-01,-1,-1,4.8000000000000820e-04,wind_direction:18.4_m:degrees
1615,-2,-2.0000000000000000e+00,-7.0740740740740743e-02,-1,-1,7.4759945130315354e-04,wind_direction:18.4_m:degrees
1616,-2,-2.0000000000000000e+00,3.3333333333333327e-03,-1,-1,2.8888888888890205e-04,wind_direction:18.4_m:degrees
1617,-2,-2.0000000000000000e+00,-1.2909090909090912e-01,-1,-1,4.8099173553717983e-04,wind_direction:18.4_m:degrees
1618,9,8.7829025268554688e+01,-7.9230769230769230e-02,1785,1786,1.8840236686390550e-03,angle_between_wind_wave:0_m:degrees
1619,-2,-2.0000000000000000e+00,-4.6000000000000002e-01,-1,-1,0.0000000000000000e+00,wind_direction:18.4_m:degrees
1620,-2,-2.0000000000000000e+00,-3.3333333333333331e-01,-1,-1,4.7222222222222110e-04,wind_direction:18.4_m:degrees
1621,-2,-2.0000000000000000e+00,-2.5500000000000000e-01,-1,-1,6.2500000000001443e-04,wind_direction:18.4_m:degrees
1622,-2,-2.0000000000000000e+00,-3.4625000000000000e-01,-1,-1,1.3359374999999535e-03,wind_direction:18.4_m:degrees
1623,9,8.7635589599609375e+01,-2.8875000000000001e-01,1627,1628,1.8409375000000006e-03,angle_between_wind_wave:0_m:degrees
1624,4,1.5477392673492432e+00,-3.5249999999999998e-01,1625,1626,4.2187500000002015e-03,mixing_ratio:18.4_m:g_kg-1
1625,-2,-2.0000000000000000e+00,-2.8999999999999998e-01,-1,-1,0.0000000000000000e+00,wind_direction:18.4_m:degrees
1626,-2,-2.0000000000000000e+00,-4.1500000000000004e-01,-1,-1,6.2500000000001443e-04,wind_direction:18.4_m:degrees
1627,-2,-2.0000000000000000e+00,-3.3499999999999996e-01,-1,-1,1.2250000000000039e-03,wind_direction:18.4_m:degrees
1628,-2,-2.0000000000000000e+00,-2.8058823529411764e-01,-1,-1,1.5055363321798826e-03,wind_direction:18.4_m:degrees
1629,-2,-2.0000000000000000e+00,-5.9230769230769231e-01,-1,-1,1.2177514792900412e-03,wind_direction:18.4_m:degrees
1630,-2,-2.0000000000000000e+00,-5.0000000000000000e-01,-1,-1,0.0000000000000000e+00,wind_direction:18.4_m:degrees
1631,-2,-2.0000000000000000e+00,-2.2600000000000003e-01,-1,-1,7.0400000000001711e-04,wind_direction:18.4_m:degrees
1632,-2,-2.0000000000000000e+00,-2.9714285714285715e-01,-1,-1,3.9183673469386782e-04,wind_direction:18.4_m:degrees
1633,-2,-2.0000000000000000e+00,-1.0571428571428572e-01,-1,-1,8.5306122448979352e-04,wind_direction:18.4_m:degrees
1634,-2,-2.0000000000000000e+00,2.0000000000000000e-02,-1,-1,1.0733601507606494e-17,wind_direction:18.4_m:degrees
1635,9,8.8784160614013672e+01,-2.2634146341463413e-01,1637,1638,1.4280785246877162e-03,angle_between_wind_wave:0_m:degrees
1636,-2,-2.0000000000000000e+00,-1.8769230769230769e-01,-1,-1,1.2946745562129186e-03,wind_direction:18.4_m:degrees
1637,-2,-2.0000000000000000e+00,-2.6857142857142857e-01,-1,-1,1.8367346938774620e-04,wind_direction:18.4_m:degrees
1638,0,1.3225841522216797e+02,-2.1764705882352942e-01,2043,2044,1.2415224913494977e-03,zenith:0_m:degrees
1639,-2,-2.0000000000000000e+00,-2.7199999999999996e-01,-1,-1,2.1600000000002173e-04,wind_direction:18.4_m:degrees
1640,-2,-2.0000000000000000e+00,-2.1344827586206899e-01,-1,-1,8.8466111771699774e-04,wind_direction:18.4_m:degrees
1641,4,1.1068880558013916e+01,-5.5023303987570965e-03,1643,1644,2.9357210746411077e-04,mixing_ratio:18.4_m:g_kg-1
1642,-2,-2.0000000000000000e+00,8.0000000000000002e-02,-1,-1,-2.7235158572835871e-16,wind_direction:18.4_m:degrees
1643,-2,-2.0000000000000000e+00,-6.7465504720406249e-03,-1,-1,3.0895028766502418e-04,wind_direction:18.4_m:degrees
1644,10,2.6210443973541260e+00,-2.4097472924187726e-03,1875,1876,2.4193680029714306e-04,wind_speed:18.4_m:m_s-1
1645,-2,-2.0000000000000000e+00,-2.9999999999999999e-01,-1,-1,0.0000000000000000e+00,wind_direction:18.4_m:degrees
1646,-2,-2.0000000000000000e+00,-1.6500000000000001e-01,-1,-1,6.7499999999998811e-04,wind_direction:18.4_m:degrees
1647,-2,-2.0000000000000000e+00,-1.6166666666666665e-01,-1,-1,1.1805555555555597e-03,wind_direction:18.4_m:degrees
1648,0,1.2442986297607422e+02,-1.2270833333333332e-01,1811,1812,1.2155815972222164e-03,zenith:0_m:degrees
1649,-2,-2.0000000000000000e+00,-1.0777777777777778e-01,-1,-1,1.1061728395061754e-03,wind_direction:18.4_m:degrees
1650,-2,-2.0000000000000000e+00,-1.5866666666666665e-01,-1,-1,1.3715555555555772e-03,wind_direction:18.4_m:degrees
1651,-2,-2.0000000000000000e+00,-8.5000000000000006e-02,-1,-1,3.9500000000000039e-04,wind_direction:18.4_m:degrees
1652,-2,-2.0000000000000000e+00,-4.7727272727272722e-02,-1,-1,2.4483471074380168e-04,wind_direction:18.4_m:degrees
1653,11,2.9836500549316406e+02,-2.5405405405405407e-01,1655,1656,1.5592403214024497e-03,wind_direction:18.4_m:degrees
1654,-2,-2.0000000000000000e+00,-2.9700000000000004e-01,-1,-1,9.0100000000013780e-04,wind_direction:18.4_m:degrees
1655,2,2.8156500244140625e+02,-2.6400000000000001e-01,1657,1658,1.2839999999999796e-03,water_sfc_temperature:0_m:K
1656,-2,-2.0000000000000000e+00,-2.1142857142857144e-01,-1,-1,4.9795918367345759e-04,wind_direction:18.4_m:degrees
1657,-2,-2.0000000000000000e+00,-2.7652173913043482e-01,-1,-1,6.7485822306240228e-04,wind_direction:18.4_m:degrees
1658,-2,-2.0000000000000000e+00,-2.2285714285714286e-01,-1,-1,1.0775510204080949e-03,wind_direction:18.4_m:degrees
1659,-2,-2.0000000000000000e+00,-1.4236363636363636e-01,-1,-1,1.7416859504132270e-03,wind_direction:18.4_m:degrees
1660,1,3.2618092346191406e+02,-1.6373333333333334e-01,1661,1662,1.3913955555555670e-03,azimuth:0_m:degrees
1661,-2,-2.0000000000000000e+00,-1.6800000000000001e-01,-1,-1,1.1931428571428614e-03,wind_direction:18.4_m:degrees
1662,-2,-2.0000000000000000e+00,-1.0400000000000001e-01,-1,-1,3.4399999999994331e-04,wind_direction:18.4_m:degrees
1663,-2,-2.0000000000000000e+00,-8.0000000000000004e-01,-1,-1,0.0000000000000000e+00,wind_direction:18.4_m:degrees
1664,-2,-2.0000000000000000e+00,-6.3000000000000000e-01,-1,-1,-1.1102230246251565e-16,wind_direction:18.4_m:degrees
1665,-2,-2.0000000000000000e+00,-7.1250000000000008e-02,-1,-1,2.8593749999999973e-04,wind_direction:18.4_m:degrees
1666,10,7.5296943187713623e+00,-1.1900000000000001e-01,1667,1668,9.8900000000000203e-04,wind_speed:18.4_m:m_s-1
1667,-2,-2.0000000000000000e+00,-1.0157894736842106e-01,-1,-1,4.9750692520775068e-04,wind_direction:18.4_m:degrees
1668,-2,-2.0000000000000000e+00,-1.4909090909090911e-01,-1,-1,4.0826446280993467e-04,wind_direction:18.4_m:degrees
1669,-2,-2.0000000000000000e+00,-2.2000000000000000e-01,-1,-1,0.0000000000000000e+00,wind_direction:18.4_m:degrees
1670,-2,-2.0000000000000000e+00,-1.0000000000000001e-01,-1,-1,6.9388939039072284e-18,wind_direction:18.4_m:degrees
1671,11,3.4780000305175781e+02,-7.0593607305936071e-02,1917,1918,7.6996726506953477e-04,wind_direction:18.4_m:degrees
1672,-2,-2.0000000000000000e+00,-5.4383561643835614e-02,-1,-1,7.8900356539688028e-04,wind_direction:18.4_m:degrees
1673,-2,-2.0000000000000000e+00,-7.7272727272727257e-02,-1,-1,3.1074380165289558e-04,wind_direction:18.4_m:degrees
1674,-2,-2.0000000000000000e+00,-3.6585365853658548e-02,-1,-1,5.0053539559785751e-04,wind_direction:18.4_m:degrees
1675,-2,-2.0000000000000000e+00,-8.9999999999999997e-02,-1,-1,1.6000000000000007e-03,wind_direction:18.4_m:degrees
1676,5,9.6399997711181641e+01,-1.5126436781609195e-01,1677,1678,5.4897608666928596e-04,relative_humidity:18.4_m:%
1677,-2,-2.0000000000000000e+00,-1.4452054794520552e-01,-1,-1,3.6175642709700487e-04,wind_direction:18.4_m:degrees
1678,-2,-2.0000000000000000e+00,-1.8642857142857144e-01,-1,-1,5.1530612244943264e-05,wind_direction:18.4_m:degrees
1679,-2,-2.0000000000000000e+00,-9.2399999999999996e-02,-1,-1,2.1824000000000496e-04,wind_direction:18.4_m:degrees
1680,-2,-2.0000000000000000e+00,-5.6500000000000015e-02,-1,-1,7.6274999999999867e-04,wind_direction:18.4_m:degrees
1681,6,2.1850000000000000e+02,-9.7329376854599393e-03,1683,1684,1.9260414373640691e-03,wave_direction:0_m:degrees
1682,12,8.8208746165037155e-02,-2.5628140703517484e-03,1689,1690,3.7408525037246182e-04,bulk_richardson:18.4_m:none
1683,2,2.8273500061035156e+02,-7.0418006430868181e-03,1799,1800,7.2886963534289292e-04,water_sfc_temperature:0_m:K
1684,12,1.9837944209575653e-01,-4.1923076923076924e-02,1685,1686,1.5123224852071005e-02,bulk_richardson:18.4_m:none
1685,-2,-2.0000000000000000e+00,-7.3913043478260861e-03,-1,-1,1.6710775047258967e-04,wind_direction:18.4_m:degrees
1686,12,1.0703080296516418e+00,-3.0666666666666664e-01,1687,1688,5.0555555555555548e-02,bulk_richardson:18.4_m:none
1687,-2,-2.0000000000000000e+00,-4.6499999999999997e-01,-1,-1,6.2500000000001443e-04,wind_direction:18.4_m:degrees
1688,-2,-2.0000000000000000e+00,1.0000000000000000e-02,-1,-1,-1.1194387430912833e-17,wind_direction:18.4_m:degrees
1689,2,2.9338999938964844e+02,-5.1957671957671876e-03,1813,1814,3.6104633128971686e-04,water_sfc_temperature:0_m:K
1690,3,9.9884997558593750e+02,1.2828438948995367e-03,1691,1692,3.6821520798644921e-04,pressure:18.4_m:hPa
1691,11,1.8066999816894531e+02,5.0000000000000010e-02,1693,1694,4.0999999999999995e-03,wind_direction:18.4_m:degrees
1692,1,4.0781997680664062e+01,8.2683307332293400e-04,1989,1990,3.1086080884733057e-04,azimuth:0_m:degrees
1693,-2,-2.0000000000000000e+00,1.4000000000000001e-01,-1,-1,0.0000000000000000e+00,wind_direction:18.4_m:degrees
1694,-2,-2.0000000000000000e+00,4.9999999999999992e-03,-1,-1,7.4999999999999356e-05,wind_direction:18.4_m:degrees
1695,-2,-2.0000000000000000e+00,-7.7500000000000013e-02,-1,-1,1.7187499999999989e-03,wind_direction:18.4_m:degrees
1696,-2,-2.0000000000000000e+00,-1.4727272727272728e-01,-1,-1,5.8347107438016035e-04,wind_direction:18.4_m:degrees
1697,-2,-2.0000000000000000e+00,-1.0815789473684212e-01,-1,-1,8.6765927977839469e-04,wind_direction:18.4_m:degrees
1698,-2,-2.0000000000000000e+00,-8.7463235294117550e-02,-1,-1,6.3584423659170282e-04,wind_direction:18.4_m:degrees
1699,-2,-2.0000000000000000e+00,-3.8235294117647069e-02,-1,-1,8.4982698961937595e-04,wind_direction:18.4_m:degrees
1700,-2,-2.0000000000000000e+00,-7.6818181818181827e-02,-1,-1,5.3078512396694498e-04,wind_direction:18.4_m:degrees
1701,-2,-2.0000000000000000e+00,-1.1374999999999999e-01,-1,-1,9.2343750000000238e-04,wind_direction:18.4_m:degrees
1702,-2,-2.0000000000000000e+00,-1.6027027027027027e-01,-1,-1,1.1864134404674757e-03,wind_direction:18.4_m:degrees
1703,0,9.0225303649902344e+01,-1.8292682926829273e-01,1705,1706,1.4865556216537429e-03,zenith:0_m:degrees
1704,-2,-2.0000000000000000e+00,-2.1846153846153846e-01,-1,-1,1.5147928994088677e-04,wind_direction:18.4_m:degrees
1705,1,1.4285227203369141e+02,-1.6035714285714286e-01,1707,1708,1.1677295918367317e-03,azimuth:0_m:degrees
1706,12,-8.4021802991628647e-02,-1.9462962962962965e-01,1709,1710,1.2507887517146515e-03,bulk_richardson:18.4_m:none
1707,-2,-2.0000000000000000e+00,-1.2800000000000000e-01,-1,-1,3.9600000000000052e-04,wind_direction:18.4_m:degrees
1708,-2,-2.0000000000000000e+00,-1.7833333333333332e-01,-1,-1,6.9166666666665988e-04,wind_direction:18.4_m:degrees
1709,-2,-2.0000000000000000e+00,-3.2000000000000001e-01,-1,-1,0.0000000000000000e+00,wind_direction:18.4_m:degrees
1710,-2,-2.0000000000000000e+00,-1.9226415094339624e-01,-1,-1,9.7223211107155816e-04,wind_direction:18.4_m:degrees
1711,12,-3.4531172364950180e-02,-1.0855721393034793e-02,2029,2030,3.1588465632038595e-04,bulk_richardson:18.4_m:none
1712,2,2.9079998779296875e+02,-2.3953488372093028e-02,1713,1714,1.4494862087614676e-03,water_sfc_temperature:0_m:K
1713,-2,-2.0000000000000000e+00,-1.0147058823529414e-02,-1,-1,2.1909602076124562e-04,wind_direction:18.4_m:degrees
1714,2,2.9090499877929688e+02,-7.6111111111111115e-02,1715,1716,2.6570987654321023e-03,water_sfc_temperature:0_m:K
1715,-2,-2.0000000000000000e+00,-1.7999999999999999e-01,-1,-1,4.0000000000000452e-04,wind_direction:18.4_m:degrees
1716,6,1.9250000000000000e+02,-6.3125000000000014e-02,1797,1798,1.4214843750000004e-03,wave_direction:0_m:degrees
1717,10,7.9114735126495361e+00,-1.7241379310344872e-04,1973,1974,6.8790130796670670e-04,wind_speed:18.4_m:m_s-1
1718,-2,-2.0000000000000000e+00,-1.2000000000000000e-01,-1,-1,-1.0408340855860843e-17,wind_direction:18.4_m:degrees
1719,-2,-2.0000000000000000e+00,-4.3534482758620704e-03,-1,-1,4.9440955707491128e-04,wind_direction:18.4_m:degrees
1720,-2,-2.0000000000000000e+00,8.0000000000000002e-02,-1,-1,-8.0664641632921530e-17,wind_direction:18.4_m:degrees
1721,-2,-2.0000000000000000e+00,-4.0975609756097570e-02,-1,-1,5.5514574657941629e-04,wind_direction:18.4_m:degrees
1722,-2,-2.0000000000000000e+00,-6.3370786516853905e-02,-1,-1,4.8077262971847178e-04,wind_direction:18.4_m:degrees
1723,-2,-2.0000000000000000e+00,-3.6499999999999999e-01,-1,-1,2.4999999999997247e-05,wind_direction:18.4_m:degrees
1724,-2,-2.0000000000000000e+00,-2.7124999999999999e-01,-1,-1,6.3593749999997506e-04,wind_direction:18.4_m:degrees
1725,10,4.4101870059967041e+00,-1.8571428571428503e-02,1727,1728,4.1363862618218317e-04,wind_speed:18.4_m:m_s-1
1726,-2,-2.0000000000000000e+00,5.0000000000000010e-02,-1,-1,-1.0234868508263162e-16,wind_direction:18.4_m:degrees
1727,-2,-2.0000000000000000e+00,-1.5691244239631297e-02,-1,-1,3.0608900167767612e-04,wind_direction:18.4_m:degrees
1728,2,2.7234001159667969e+02,-2.7500000000000000e-02,1729,1730,6.4160714285714949e-04,water_sfc_temperature:0_m:K
1729,-2,-2.0000000000000000e+00,-1.9000000000000000e-01,-1,-1,0.0000000000000000e+00,wind_direction:18.4_m:degrees
1730,-2,-2.0000000000000000e+00,-2.6330935251798561e-02,-1,-1,4.5488328761451294e-04,wind_direction:18.4_m:degrees
1731,-2,-2.0000000000000000e+00,-6.6904761904761911e-02,-1,-1,8.5946712018140480e-04,wind_direction:18.4_m:degrees
1732,12,-1.4247895032167435e-01,-8.7158469945355130e-02,1963,1964,1.0105049419212274e-03,bulk_richardson:18.4_m:none
1733,3,1.0055499877929688e+03,-5.0444444444444447e-01,1949,1950,1.5358024691357608e-03,pressure:18.4_m:hPa
1734,7,1.4499999880790710e+00,-5.5374999999999996e-01,1735,1736,4.0734375000001100e-03,wave_height:0_m:m
1735,-2,-2.0000000000000000e+00,-7.7000000000000002e-01,-1,-1,0.0000000000000000e+00,wind_direction:18.4_m:degrees
1736,-2,-2.0000000000000000e+00,-5.3933333333333333e-01,-1,-1,1.0195555555555513e-03,wind_direction:18.4_m:degrees
1737,-2,-2.0000000000000000e+00,-2.9374999999999996e-01,-1,-1,9.4843750000003779e-04,wind_direction:18.4_m:degrees
1738,-2,-2.0000000000000000e+00,-2.4199999999999999e-01,-1,-1,7.4933333333329633e-04,wind_direction:18.4_m:degrees
1739,11,1.9651000213623047e+02,-1.0065217391304350e-01,1741,1742,7.1696597353497482e-04,wind_direction:18.4_m:degrees
1740,-2,-2.0000000000000000e+00,-1.7000000000000001e-01,-1,-1,8.6666666666650530e-04,wind_direction:18.4_m:degrees
1741,-2,-2.0000000000000000e+00,1.0000000000000000e-02,-1,-1,0.0000000000000000e+00,wind_direction:18.4_m:degrees
1742,-2,-2.0000000000000000e+00,-1.0311111111111110e-01,-1,-1,4.5476543209876409e-04,wind_direction:18.4_m:degrees
1743,-2,-2.0000000000000000e+00,-7.8235294117647070e-02,-1,-1,2.4982698961937590e-04,wind_direction:18.4_m:degrees
1744,0,1.3883808135986328e+02,-1.0870229007633588e-01,1755,1756,5.5022434590058615e-04,zenith:0_m:degrees
1745,-2,-2.0000000000000000e+00,-1.9250000000000000e-01,-1,-1,1.3487499999999819e-03,wind_direction:18.4_m:degrees
1746,-2,-2.0000000000000000e+00,-1.5352941176470591e-01,-1,-1,9.7577854671278622e-04,wind_direction:18.4_m:degrees
1747,-2,-2.0000000000000000e+00,-2.3999999999999999e-01,-1,-1,4.3333333333333418e-04,wind_direction:18.4_m:degrees
1748,-2,-2.0000000000000000e+00,-3.0222222222222217e-01,-1,-1,3.7283950617285344e-04,wind_direction:18.4_m:degrees
1749,-2,-2.0000000000000000e+00,-4.9857142857142861e-01,-1,-1,1.2122448979590139e-03,wind_direction:18.4_m:degrees
1750,-2,-2.0000000000000000e+00,-5.7250000000000001e-01,-1,-1,5.6875000000000675e-04,wind_direction:18.4_m:degrees
1751,-2,-2.0000000000000000e+00,4.0000000000000001e-02,-1,-1,0.0000000000000000e+00,wind_direction:18.4_m:degrees
1752,-2,-2.0000000000000000e+00,-1.4000000000000005e-02,-1,-1,8.7199999999999973e-04,wind_direction:18.4_m:degrees
1753,9,8.9608051300048828e+01,-3.4133333333333314e-02,1953,1954,8.8091555555555568e-04,angle_between_wind_wave:0_m:degrees
1754,-2,-2.0000000000000000e+00,2.5000000000000001e-02,-1,-1,2.2500000000007735e-04,wind_direction:18.4_m:degrees
1755,-2,-2.0000000000000000e+00,-1.1165289256198346e-01,-1,-1,4.6999521890580924e-04,wind_direction:18.4_m:degrees
1756,-2,-2.0000000000000000e+00,-7.3000000000000009e-02,-1,-1,1.4099999999999183e-04,wind_direction:18.4_m:degrees
1757,12,2.6954123750329018e-02,-2.2183622828784087e-02,1759,1760,6.8406553823987723e-04,bulk_richardson:18.4_m:none
1758,-2,-2.0000000000000000e+00,8.6666666666666645e-03,-1,-1,2.9155555555557185e-04,wind_direction:18.4_m:degrees
1759,-2,-2.0000000000000000e+00,-2.1745635910224402e-02,-1,-1,6.4882307945846333e-04,wind_direction:18.4_m:degrees
1760,-2,-2.0000000000000000e+00,-1.1000000000000000e-01,-1,-1,-1.5439038936193583e-16,wind_direction:18.4_m:degrees
1761,-2,-2.0000000000000000e+00,-3.2093023255813959e-02,-1,-1,5.3282855597620469e-04,wind_direction:18.4_m:degrees
1762,0,6.6849594116210938e+01,-5.0833333333333341e-02,1887,1888,5.9097222222222580e-04,zenith:0_m:degrees
1763,-2,-2.0000000000000000e+00,-2.1090909090909091e-01,-1,-1,1.4446280991735477e-03,wind_direction:18.4_m:degrees
1764,-2,-2.0000000000000000e+00,-2.6090909090909092e-01,-1,-1,6.4462809917353869e-04,wind_direction:18.4_m:degrees
1765,-2,-2.0000000000000000e+00,-2.4853723404255179e-02,-1,-1,3.3056370954052017e-04,wind_direction:18.4_m:degrees
1766,-2,-2.0000000000000000e+00,-3.2038834951456263e-02,-1,-1,4.2982373456498715e-04,wind_direction:18.4_m:degrees
1767,1,2.9444578552246094e+02,-9.7096774193548396e-02,1769,1770,1.1087755809920333e-03,azimuth:0_m:degrees
1768,-2,-2.0000000000000000e+00,-7.4324324324324328e-02,-1,-1,5.5967859751641230e-04,wind_direction:18.4_m:degrees
1769,2,2.9300000000000000e+02,-1.0103448275862072e-01,1771,1772,9.3111375346809425e-04,water_sfc_temperature:0_m:K
1770,-2,-2.0000000000000000e+00,-4.0000000000000001e-02,-1,-1,1.9999999999998383e-04,wind_direction:18.4_m:degrees
1771,-2,-2.0000000000000000e+00,-1.0610389610389610e-01,-1,-1,7.7702816663854923e-04,wind_direction:18.4_m:degrees
1772,-2,-2.0000000000000000e+00,-6.2000000000000013e-02,-1,-1,3.9600000000003088e-04,wind_direction:18.4_m:degrees
1773,-2,-2.0000000000000000e+00,-2.7999999999999997e-01,-1,-1,1.1300000000000615e-03,wind_direction:18.4_m:degrees
1774,-2,-2.0000000000000000e+00,-4.0000000000000002e-01,-1,-1,-3.6082248300317588e-16,wind_direction:18.4_m:degrees
1775,-2,-2.0000000000000000e+00,-8.2857142857142865e-02,-1,-1,4.7755102040816094e-04,wind_direction:18.4_m:degrees
1776,-2,-2.0000000000000000e+00,-1.3206896551724137e-01,-1,-1,1.0577883472057126e-03,wind_direction:18.4_m:degrees
1777,-2,-2.0000000000000000e+00,-2.7762520193861020e-02,-1,-1,3.6421823985217927e-04,wind_direction:18.4_m:degrees
1778,8,4.9500000476837158e+00,-2.0035714285714268e-02,1779,1780,3.8964158163263911e-04,wave_period:0_m:s
1779,-2,-2.0000000000000000e+00,-3.0714285714285722e-02,-1,-1,3.4336734693877504e-04,wind_direction:18.4_m:degrees
1780,-2,-2.0000000000000000e+00,-1.4285714285714284e-02,-1,-1,3.2009419152276427e-04,wind_direction:18.4_m:degrees
1781,-2,-2.0000000000000000e+00,-2.0083333333333334e-01,-1,-1,3.0763888888889895e-04,wind_direction:18.4_m:degrees
1782,-2,-2.0000000000000000e+00,-2.8999999999999998e-01,-1,-1,1.3877787807814457e-17,wind_direction:18.4_m:degrees
1783,-2,-2.0000000000000000e+00,-3.9583333333333337e-03,-1,-1,6.9891493055555581e-04,wind_direction:18.4_m:degrees
1784,-2,-2.0000000000000000e+00,-2.1476274165202001e-02,-1,-1,3.3947263567879194e-04,wind_direction:18.4_m:degrees
1785,-2,-2.0000000000000000e+00,-1.5500000000000000e-01,-1,-1,6.2499999999999709e-04,wind_direction:18.4_m:degrees
1786,-2,-2.0000000000000000e+00,-6.5454545454545446e-02,-1,-1,8.7933884297521081e-04,wind_direction:18.4_m:degrees
1787,-2,-2.0000000000000000e+00,-1.5000000000000002e-01,-1,-1,5.9999999999999637e-04,wind_direction:18.4_m:degrees
1788,-2,-2.0000000000000000e+00,-2.2000000000000000e-01,-1,-1,1.0000000000000980e-04,wind_direction:18.4_m:degrees
1789,-2,-2.0000000000000000e+00,-1.6294117647058823e-01,-1,-1,6.2076124567474883e-04,wind_direction:18.4_m:degrees
1790,-2,-2.0000000000000000e+00,-9.0000000000000011e-02,-1,-1,-2.4286128663675299e-17,wind_direction:18.4_m:degrees
1791,11,3.3841000366210938e+02,-1.2300000000000001e-01,1971,1972,1.2249999999999969e-03,wind_direction:18.4_m:degrees
1792,-2,-2.0000000000000000e+00,-6.2500000000000000e-02,-1,-1,1.1875000000000080e-04,wind_direction:18.4_m:degrees
1793,5,5.8350000381469727e+01,-1.7282608695652174e-01,1795,1796,1.2463610586011600e-03,relative_humidity:18.4_m:%
1794,-2,-2.0000000000000000e+00,-2.2333333333333336e-01,-1,-1,8.8888888888889739e-04,wind_direction:18.4_m:degrees
1795,-2,-2.0000000000000000e+00,-1.6524999999999998e-01,-1,-1,8.8993749999998623e-04,wind_direction:18.4_m:degrees
1796,-2,-2.0000000000000000e+00,-2.2333333333333336e-01,-1,-1,6.8888888888894717e-04,wind_direction:18.4_m:degrees
1797,-2,-2.0000000000000000e+00,-5.2142857142857157e-02,-1,-1,6.5969387755101909e-04,wind_direction:18.4_m:degrees
1798,-2,-2.0000000000000000e+00,-1.4000000000000001e-01,-1,-1,0.0000000000000000e+00,wind_direction:18.4_m:degrees
1799,11,1.3758499908447266e+02,-2.4401913875598080e-03,1803,1804,4.8734690139877771e-04,wind_direction:18.4_m:degrees
1800,2,2.8274499511718750e+02,-1.6470588235294122e-02,1801,1802,1.0914648212226048e-03,water_sfc_temperature:0_m:K
1801,-2,-2.0000000000000000e+00,-9.0000000000000011e-02,-1,-1,0.0000000000000000e+00,wind_direction:18.4_m:degrees
1802,-2,-2.0000000000000000e+00,-1.4242424242424246e-02,-1,-1,9.5573921028466386e-04,wind_direction:18.4_m:degrees
1803,10,4.2549859285354614e+00,3.8888888888888890e-02,1805,1806,2.0987654320987655e-03,wind_speed:18.4_m:m_s-1
1804,-2,-2.0000000000000000e+00,-4.3000000000000017e-03,-1,-1,3.3451000000000021e-04,wind_direction:18.4_m:degrees
1805,-2,-2.0000000000000000e+00,1.5714285714285715e-02,-1,-1,2.8163265306122459e-04,wind_direction:18.4_m:degrees
1806,-2,-2.0000000000000000e+00,1.2000000000000000e-01,-1,-1,0.0000000000000000e+00,wind_direction:18.4_m:degrees
1807,-2,-2.0000000000000000e+00,-1.2500000000000000e-01,-1,-1,2.5000000000000716e-05,wind_direction:18.4_m:degrees
1808,-2,-2.0000000000000000e+00,-1.7899999999999999e-01,-1,-1,7.7900000000000191e-04,wind_direction:18.4_m:degrees
1809,-2,-2.0000000000000000e+00,-1.6461538461538464e-01,-1,-1,7.5562130177516187e-04,wind_direction:18.4_m:degrees
1810,-2,-2.0000000000000000e+00,-1.0799999999999998e-01,-1,-1,2.1599999999995408e-04,wind_direction:18.4_m:degrees
1811,-2,-2.0000000000000000e+00,-1.1305555555555556e-01,-1,-1,9.8233024691357813e-04,wind_direction:18.4_m:degrees
1812,-2,-2.0000000000000000e+00,-1.5166666666666667e-01,-1,-1,7.9722222222224082e-04,wind_direction:18.4_m:degrees
1813,-2,-2.0000000000000000e+00,-6.2772050400916280e-03,-1,-1,2.7697699470824488e-04,wind_direction:18.4_m:degrees
1814,-2,-2.0000000000000000e+00,7.9166666666666673e-03,-1,-1,1.1942708333333245e-03,wind_direction:18.4_m:degrees
1815,-2,-2.0000000000000000e+00,-1.1000000000000000e-01,-1,-1,0.0000000000000000e+00,wind_direction:18.4_m:degrees
1816,5,6.5200000762939453e+01,-4.2587412587412575e-02,1817,1818,9.7582277861998261e-04,relative_humidity:18.4_m:%
1817,5,5.7300001144409180e+01,-3.0793650793650800e-02,1819,1820,1.0168304358780548e-03,relative_humidity:18.4_m:%
1818,-2,-2.0000000000000000e+00,-5.1875000000000004e-02,-1,-1,7.4773437500000274e-04,wind_direction:18.4_m:degrees
1819,11,3.1667999267578125e+02,-4.5937500000000006e-02,1821,1822,9.3662109374999898e-04,wind_direction:18.4_m:degrees
1820,-2,-2.0000000000000000e+00,-1.5161290322580645e-02,-1,-1,6.1852237252861683e-04,wind_direction:18.4_m:degrees
1821,-2,-2.0000000000000000e+00,-1.0500000000000000e-01,-1,-1,1.0250000000000016e-03,wind_direction:18.4_m:degrees
1822,-2,-2.0000000000000000e+00,-3.7499999999999999e-02,-1,-1,3.5446428571428434e-04,wind_direction:18.4_m:degrees
1823,-2,-2.0000000000000000e+00,-3.5499999999999998e-01,-1,-1,5.9166666666668477e-04,wind_direction:18.4_m:degrees
1824,-2,-2.0000000000000000e+00,-4.3666666666666670e-01,-1,-1,2.2222222222201271e-05,wind_direction:18.4_m:degrees
1825,-2,-2.0000000000000000e+00,-1.9433333333333330e-01,-1,-1,1.0512222222222381e-03,wind_direction:18.4_m:degrees
1826,-2,-2.0000000000000000e+00,-1.1000000000000000e-01,-1,-1,-8.3266726846886741e-17,wind_direction:18.4_m:degrees
1827,-2,-2.0000000000000000e+00,-3.5666666666666669e-01,-1,-1,7.5555555555556486e-04,wind_direction:18.4_m:degrees
1828,-2,-2.0000000000000000e+00,-2.9000000000000004e-01,-1,-1,3.9999999999998370e-04,wind_direction:18.4_m:degrees
1829,-2,-2.0000000000000000e+00,-2.0000000000000001e-01,-1,-1,0.0000000000000000e+00,wind_direction:18.4_m:degrees
1830,-2,-2.0000000000000000e+00,-1.1421052631578947e-01,-1,-1,1.4138504155124590e-03,wind_direction:18.4_m:degrees
1831,-2,-2.0000000000000000e+00,-5.0000000000000010e-02,-1,-1,5.7777777777777732e-04,wind_direction:18.4_m:degrees
1832,-2,-2.0000000000000000e+00,-8.2750000000000004e-02,-1,-1,8.5493749999999633e-04,wind_direction:18.4_m:degrees
1833,-2,-2.0000000000000000e+00,-1.1619047619047621e-01,-1,-1,6.8072562358276710e-04,wind_direction:18.4_m:degrees
1834,-2,-2.0000000000000000e+00,-1.4724999999999999e-01,-1,-1,1.2199375000000179e-03,wind_direction:18.4_m:degrees
1835,-2,-2.0000000000000000e+00,-4.0357142857142876e-02,-1,-1,6.3201530612244671e-04,wind_direction:18.4_m:degrees
1836,-2,-2.0000000000000000e+00,-6.8947368421052646e-02,-1,-1,6.1994459833796672e-04,wind_direction:18.4_m:degrees
1837,-2,-2.0000000000000000e+00,-4.1864406779661016e-02,-1,-1,7.4906636024131405e-04,wind_direction:18.4_m:degrees
1838,-2,-2.0000000000000000e+00,-7.8181818181818186e-02,-1,-1,9.7851239669419134e-04,wind_direction:18.4_m:degrees
1839,-2,-2.0000000000000000e+00,-1.1604166666666664e-01,-1,-1,3.2808159722222570e-04,wind_direction:18.4_m:degrees
1840,-2,-2.0000000000000000e+00,0.0000000000000000e+00,-1,-1,1.1102230246251565e-16,wind_direction:18.4_m:degrees
1841,-2,-2.0000000000000000e+00,-2.0999999999999999e-01,-1,-1,3.7142857142857810e-04,wind_direction:18.4_m:degrees
1842,-2,-2.0000000000000000e+00,-1.7371428571428574e-01,-1,-1,1.3262040816326565e-03,wind_direction:18.4_m:degrees
1843,-2,-2.0000000000000000e+00,-1.6944444444444446e-02,-1,-1,2.2955246913580242e-04,wind_direction:18.4_m:degrees
1844,3,1.0012500000000000e+03,-3.2343096234309594e-02,1845,1846,5.6187391677316764e-04,pressure:18.4_m:hPa
1845,3,9.9869998168945312e+02,-5.4666666666666676e-02,1847,1848,1.2315555555555543e-03,pressure:18.4_m:hPa
1846,-2,-2.0000000000000000e+00,-2.9138755980861217e-02,-1,-1,3.8394725395481122e-04,wind_direction:18.4_m:degrees
1847,-2,-2.0000000000000000e+00,-3.5263157894736843e-02,-1,-1,7.7229916897506891e-04,wind_direction:18.4_m:degrees
1848,-2,-2.0000000000000000e+00,-8.8181818181818181e-02,-1,-1,2.5123966942148211e-04,wind_direction:18.4_m:degrees
1849,-2,-2.0000000000000000e+00,-1.4999999999999999e-01,-1,-1,5.9999999999999984e-04,wind_direction:18.4_m:degrees
1850,2,2.8184500122070312e+02,-9.7142857142857170e-02,1851,1852,7.9962894248608238e-04,water_sfc_temperature:0_m:K
1851,-2,-2.0000000000000000e+00,-6.8666666666666668e-02,-1,-1,1.9822222222222290e-04,wind_direction:18.4_m:degrees
1852,-2,-2.0000000000000000e+00,-1.0403225806451616e-01,-1,-1,7.0148283038500708e-04,wind_direction:18.4_m:degrees
1853,-2,-2.0000000000000000e+00,-3.8979591836734710e-02,-1,-1,2.4997917534360574e-04,wind_direction:18.4_m:degrees
1854,-2,-2.0000000000000000e+00,-6.6071428571428586e-02,-1,-1,6.3813775510204035e-04,wind_direction:18.4_m:degrees
1855,-2,-2.0000000000000000e+00,0.0000000000000000e+00,-1,-1,0.0000000000000000e+00,wind_direction:18.4_m:degrees
1856,-2,-2.0000000000000000e+00,-1.4000000000000001e-01,-1,-1,0.0000000000000000e+00,wind_direction:18.4_m:degrees
1857,-2,-2.0000000000000000e+00,-1.3000000000000000e-01,-1,-1,0.0000000000000000e+00,wind_direction:18.4_m:degrees
1858,-2,-2.0000000000000000e+00,-6.9999999999999993e-02,-1,-1,7.6923076923076858e-04,wind_direction:18.4_m:degrees
1859,-2,-2.0000000000000000e+00,-1.9400000000000001e-01,-1,-1,6.6399999999999099e-04,wind_direction:18.4_m:degrees
1860,9,8.8345623016357422e+01,-2.5545454545454543e-01,1861,1862,2.6611570247934008e-03,angle_between_wind_wave:0_m:degrees
1861,-2,-2.0000000000000000e+00,-1.6999999999999998e-01,-1,-1,1.0000000000000286e-04,wind_direction:18.4_m:degrees
1862,-2,-2.0000000000000000e+00,-2.7444444444444444e-01,-1,-1,1.2469135802468945e-03,wind_direction:18.4_m:degrees
1863,3,1.0129500122070312e+03,-4.8448275862068964e-02,1935,1936,1.3510404280618325e-03,pressure:18.4_m:hPa
1864,-2,-2.0000000000000000e+00,-6.6874999999999990e-02,-1,-1,9.2148437500001214e-04,wind_direction:18.4_m:degrees
1865,11,3.0474000549316406e+02,-5.1300448430493230e-02,1867,1868,5.0727744374509621e-04,wind_direction:18.4_m:degrees
1866,-2,-2.0000000000000000e+00,-3.2142857142857154e-02,-1,-1,3.2159863945580036e-04,wind_direction:18.4_m:degrees
1867,-2,-2.0000000000000000e+00,-8.5000000000000006e-02,-1,-1,2.7499999999999834e-04,wind_direction:18.4_m:degrees
1868,-2,-2.0000000000000000e+00,-4.9383886255924117e-02,-1,-1,4.5222703892545480e-04,wind_direction:18.4_m:degrees
1869,-2,-2.0000000000000000e+00,-2.0999999999999999e-01,-1,-1,6.9388939039072284e-18,wind_direction:18.4_m:degrees
1870,-2,-2.0000000000000000e+00,-1.4884615384615385e-01,-1,-1,7.7943786982248575e-04,wind_direction:18.4_m:degrees
1871,-2,-2.0000000000000000e+00,-1.9833333333333333e-01,-1,-1,3.4722222222222793e-04,wind_direction:18.4_m:degrees
1872,-2,-2.0000000000000000e+00,-8.0000000000000002e-02,-1,-1,-5.0306980803327406e-17,wind_direction:18.4_m:degrees
1873,-2,-2.0000000000000000e+00,-1.7217391304347826e-01,-1,-1,7.3005671077503928e-04,wind_direction:18.4_m:degrees
1874,-2,-2.0000000000000000e+00,-2.1875000000000000e-01,-1,-1,9.3593749999996978e-04,wind_direction:18.4_m:degrees
1875,11,3.4328999328613281e+02,1.8561484918793510e-03,1877,1878,3.0977977078073420e-04,wind_direction:18.4_m:degrees
1876,-2,-2.0000000000000000e+00,-5.1255539143279117e-03,-1,-1,1.7978482705654694e-04,wind_direction:18.4_m:degrees
1877,-2,-2.0000000000000000e+00,1.0426540284360190e-03,-1,-1,1.6526358347746038e-04,wind_direction:18.4_m:degrees
1878,5,8.1599998474121094e+01,4.0000000000000001e-02,1879,1880,5.5999999999999783e-03,relative_humidity:18.4_m:%
1879,-2,-2.0000000000000000e+00,1.7999999999999999e-01,-1,-1,0.0000000000000000e+00,wind_direction:18.4_m:degrees
1880,-2,-2.0000000000000000e+00,0.0000000000000000e+00,-1,-1,0.0000000000000000e+00,wind_direction:18.4_m:degrees
1881,-2,-2.0000000000000000e+00,-1.2692307692307694e-01,-1,-1,1.0059171597633122e-03,wind_direction:18.4_m:degrees
1882,-2,-2.0000000000000000e+00,-2.0999999999999999e-01,-1,-1,4.1633363423443370e-17,wind_direction:18.4_m:degrees
1883,-2,-2.0000000000000000e+00,-2.8999999999999998e-01,-1,-1,0.0000000000000000e+00,wind_direction:18.4_m:degrees
1884,-2,-2.0000000000000000e+00,-1.6600000000000001e-01,-1,-1,8.6399999999999672e-04,wind_direction:18.4_m:degrees
1885,-2,-2.0000000000000000e+00,-5.6999999999999995e-01,-1,-1,0.0000000000000000e+00,wind_direction:18.4_m:degrees
1886,-2,-2.0000000000000000e+00,-7.2999999999999998e-01,-1,-1,1.1102230246251565e-16,wind_direction:18.4_m:degrees
1887,-2,-2.0000000000000000e+00,-9.5000000000000015e-02,-1,-1,1.2499999999999664e-04,wind_direction:18.4_m:degrees
1888,-2,-2.0000000000000000e+00,-4.6818181818181821e-02,-1,-1,4.3987603305785036e-04,wind_direction:18.4_m:degrees
1889,-2,-2.0000000000000000e+00,-4.0909090909090912e-03,-1,-1,1.3326446280991739e-04,wind_direction:18.4_m:degrees
1890,6,2.2200000000000000e+02,-3.9473684210526314e-02,1911,1912,1.0576177285318566e-03,wave_direction:0_m:degrees
1891,-2,-2.0000000000000000e+00,-1.1798188874514814e-02,-1,-1,1.8059575351154553e-04,wind_direction:18.4_m:degrees
1892,-2,-2.0000000000000000e+00,-1.7705627705627607e-02,-1,-1,1.8218174322070694e-04,wind_direction:18.4_m:degrees
1893,-2,-2.0000000000000000e+00,2.9999999999999999e-02,-1,-1,0.0000000000000000e+00,wind_direction:18.4_m:degrees
1894,1,2.4364908599853516e+02,-8.4000000000000005e-02,2027,2028,7.9999999999999429e-04,azimuth:0_m:degrees
1895,11,1.9894499969482422e+02,-6.6354166666666659e-02,1899,1900,4.4858289930555049e-04,wind_direction:18.4_m:degrees
1896,12,5.0315387052251026e-03,-9.5000000000000015e-02,1897,1898,3.1250000000000687e-03,bulk_richardson:18.4_m:none
1897,-2,-2.0000000000000000e+00,-7.5714285714285734e-02,-1,-1,5.9591836734693669e-04,wind_direction:18.4_m:degrees
1898,-2,-2.0000000000000000e+00,-2.3000000000000001e-01,-1,-1,0.0000000000000000e+00,wind_direction:18.4_m:degrees
1899,-2,-2.0000000000000000e+00,-7.7983193277310903e-02,-1,-1,3.1526022173575599e-04,wind_direction:18.4_m:degrees
1900,12,7.3533924296498299e-03,-6.2520775623268729e-02,1901,1902,4.3325787862277983e-04,bulk_richardson:18.4_m:none
1901,-2,-2.0000000000000000e+00,-6.6492537313432853e-02,-1,-1,4.0262307863665314e-04,wind_direction:18.4_m:degrees
1902,-2,-2.0000000000000000e+00,-5.1075268817204283e-02,-1,-1,3.4508035611053754e-04,wind_direction:18.4_m:degrees
1903,-2,-2.0000000000000000e+00,-7.9333333333333353e-02,-1,-1,5.0526984126984115e-04,wind_direction:18.4_m:degrees
1904,-2,-2.0000000000000000e+00,-1.3333333333333334e-02,-1,-1,2.2222222222133725e-05,wind_direction:18.4_m:degrees
1905,-2,-2.0000000000000000e+00,-3.1500000000000000e-01,-1,-1,2.2500000000000298e-04,wind_direction:18.4_m:degrees
1906,-2,-2.0000000000000000e+00,-4.1250000000000003e-01,-1,-1,4.6874999999996225e-04,wind_direction:18.4_m:degrees
1907,-2,-2.0000000000000000e+00,-3.5076923076923083e-01,-1,-1,3.1479289940833377e-04,wind_direction:18.4_m:degrees
1908,-2,-2.0000000000000000e+00,-4.0999999999999998e-01,-1,-1,2.1599999999999120e-03,wind_direction:18.4_m:degrees
1909,-2,-2.0000000000000000e+00,-9.5000000000000015e-02,-1,-1,5.6136363636363242e-04,wind_direction:18.4_m:degrees
1910,-2,-2.0000000000000000e+00,-2.0999999999999999e-01,-1,-1,4.1633363423443370e-17,wind_direction:18.4_m:degrees
1911,-2,-2.0000000000000000e+00,-6.6666666666666666e-02,-1,-1,3.5555555555555601e-04,wind_direction:18.4_m:degrees
1912,-2,-2.0000000000000000e+00,-1.4999999999999999e-02,-1,-1,4.2499999999999916e-04,wind_direction:18.4_m:degrees
1913,-2,-2.0000000000000000e+00,-5.1000000000000001e-01,-1,-1,0.0000000000000000e+00,wind_direction:18.4_m:degrees
1914,-2,-2.0000000000000000e+00,-4.1600000000000004e-01,-1,-1,2.3999999999940735e-05,wind_direction:18.4_m:degrees
1915,-2,-2.0000000000000000e+00,-7.2374999999999989e-01,-1,-1,2.4843749999980957e-04,wind_direction:18.4_m:degrees
1916,-2,-2.0000000000000000e+00,-7.9249999999999998e-01,-1,-1,1.5187499999997911e-03,wind_direction:18.4_m:degrees
1917,9,9.0132469177246094e+01,-6.8190954773869342e-02,1921,1922,5.9773238049544517e-04,angle_between_wind_wave:0_m:degrees
1918,3,1.0071499938964844e+03,-9.4500000000000015e-02,1919,1920,1.8547499999999988e-03,pressure:18.4_m:hPa
1919,-2,-2.0000000000000000e+00,-2.0000000000000001e-01,-1,-1,0.0000000000000000e+00,wind_direction:18.4_m:degrees
1920,-2,-2.0000000000000000e+00,-8.2777777777777783e-02,-1,-1,6.8672839506172829e-04,wind_direction:18.4_m:degrees
1921,-2,-2.0000000000000000e+00,-6.2170542635658910e-02,-1,-1,5.1156781443423196e-04,wind_direction:18.4_m:degrees
1922,-2,-2.0000000000000000e+00,-7.9285714285714307e-02,-1,-1,5.6663265306122323e-04,wind_direction:18.4_m:degrees
1923,-2,-2.0000000000000000e+00,-6.5380952380952384e-01,-1,-1,1.6997732426300427e-03,wind_direction:18.4_m:degrees
1924,10,1.8618509292602539e+01,-5.9799999999999998e-01,1925,1926,5.8960000000004009e-03,wind_speed:18.4_m:m_s-1
1925,-2,-2.0000000000000000e+00,-5.2000000000000002e-01,-1,-1,8.9999999999995639e-04,wind_direction:18.4_m:degrees
1926,-2,-2.0000000000000000e+00,-6.5000000000000002e-01,-1,-1,2.4666666666668391e-03,wind_direction:18.4_m:degrees
1927,-2,-2.0000000000000000e+00,-2.6200000000000001e-01,-1,-1,2.1599999999999397e-04,wind_direction:18.4_m:degrees
1928,-2,-2.0000000000000000e+00,-3.2444444444444442e-01,-1,-1,1.8024691358030365e-04,wind_direction:18.4_m:degrees
1929,-2,-2.0000000000000000e+00,-3.8461538461538464e-02,-1,-1,5.9171597633136128e-05,wind_direction:18.4_m:degrees
1930,10,8.9450454711914062e+00,-7.0179856115107936e-02,1931,1932,4.4205398271310314e-04,wind_speed:18.4_m:m_s-1
1931,-2,-2.0000000000000000e+00,-5.9898989898989868e-02,-1,-1,2.5958575655545641e-04,wind_direction:18.4_m:degrees
1932,-2,-2.0000000000000000e+00,-7.5865921787709512e-02,-1,-1,4.5218314035140508e-04,wind_direction:18.4_m:degrees
1933,-2,-2.0000000000000000e+00,-2.1124999999999999e-01,-1,-1,1.3593750000000931e-04,wind_direction:18.4_m:degrees
1934,-2,-2.0000000000000000e+00,-2.5800000000000001e-01,-1,-1,1.3360000000000177e-03,wind_direction:18.4_m:degrees
1935,10,6.8158223628997803e+00,-6.1212121212121225e-02,1937,1938,1.3621671258034875e-03,wind_speed:18.4_m:m_s-1
1936,-2,-2.0000000000000000e+00,-3.1600000000000010e-02,-1,-1,8.3744000000000310e-04,wind_direction:18.4_m:degrees
1937,-2,-2.0000000000000000e+00,-1.9999999999999997e-02,-1,-1,8.5714285714285807e-05,wind_direction:18.4_m:degrees
1938,2,2.7478999328613281e+02,-7.2307692307692309e-02,1939,1940,1.1254437869822479e-03,water_sfc_temperature:0_m:K
1939,-2,-2.0000000000000000e+00,-3.6666666666666674e-02,-1,-1,2.2222222222222174e-04,wind_direction:18.4_m:degrees
1940,-2,-2.0000000000000000e+00,-9.1176470588235303e-02,-1,-1,5.7508650519031215e-04,wind_direction:18.4_m:degrees
1941,10,4.5655543804168701e+00,-1.8273809523809522e-02,1943,1944,3.5475836167800498e-04,wind_speed:18.4_m:m_s-1
1942,-2,-2.0000000000000000e+00,-2.3188405797101444e-03,-1,-1,1.3665196387313658e-04,wind_direction:18.4_m:degrees
1943,-2,-2.0000000000000000e+00,-7.4626865671641790e-03,-1,-1,1.0848741367787924e-04,wind_direction:18.4_m:degrees
1944,-2,-2.0000000000000000e+00,-2.5445544554455447e-02,-1,-1,3.8915792569355989e-04,wind_direction:18.4_m:degrees
1945,-2,-2.0000000000000000e+00,-2.5285714285714284e-01,-1,-1,2.2040816326533708e-04,wind_direction:18.4_m:degrees
1946,-2,-2.0000000000000000e+00,-1.9666666666666666e-01,-1,-1,4.8888888888889287e-04,wind_direction:18.4_m:degrees
1947,-2,-2.0000000000000000e+00,-4.0000000000000002e-01,-1,-1,0.0000000000000000e+00,wind_direction:18.4_m:degrees
1948,-2,-2.0000000000000000e+00,-5.2200000000000002e-01,-1,-1,6.5599999999998992e-04,wind_direction:18.4_m:degrees
1949,-2,-2.0000000000000000e+00,-5.2428571428571424e-01,-1,-1,1.3877551020413659e-04,wind_direction:18.4_m:degrees
1950,-2,-2.0000000000000000e+00,-4.3500000000000000e-01,-1,-1,2.2500000000005849e-04,wind_direction:18.4_m:degrees
1951,-2,-2.0000000000000000e+00,-1.0000000000000001e-01,-1,-1,0.0000000000000000e+00,wind_direction:18.4_m:degrees
1952,-2,-2.0000000000000000e+00,-2.0449438202247198e-02,-1,-1,5.4361823002146189e-04,wind_direction:18.4_m:degrees
1953,12,-4.1043168306350708e-01,-2.4845360824742275e-02,1955,1956,6.7652247847805301e-04,bulk_richardson:18.4_m:none
1954,5,5.8100000381469727e+01,-3.8571428571428520e-02,1957,1958,9.1766361717100526e-04,relative_humidity:18.4_m:%
1955,-2,-2.0000000000000000e+00,-7.2727272727272727e-03,-1,-1,4.9862258953168052e-04,wind_direction:18.4_m:degrees
1956,-2,-2.0000000000000000e+00,-3.3906250000000006e-02,-1,-1,5.2692871093749970e-04,wind_direction:18.4_m:degrees
1957,12,-2.4901694059371948e-01,-4.4924242424242387e-02,1959,1960,1.0462063820018408e-03,bulk_richardson:18.4_m:none
1958,-2,-2.0000000000000000e+00,-2.6760563380281700e-02,-1,-1,4.6415393771077440e-04,wind_direction:18.4_m:degrees
1959,5,5.4350000381469727e+01,-4.8278688524590156e-02,1961,1962,9.1425020155872340e-04,relative_humidity:18.4_m:%
1960,-2,-2.0000000000000000e+00,-4.0000000000000010e-03,-1,-1,8.4400000000001141e-04,wind_direction:18.4_m:degrees
1961,-2,-2.0000000000000000e+00,-4.2916666666666665e-02,-1,-1,8.4565972222222464e-04,wind_direction:18.4_m:degrees
1962,-2,-2.0000000000000000e+00,-6.8076923076923077e-02,-1,-1,6.6937869822484512e-04,wind_direction:18.4_m:degrees
1963,-2,-2.0000000000000000e+00,-1.1466666666666668e-01,-1,-1,7.1822222222222253e-04,wind_direction:18.4_m:degrees
1964,10,7.5861651897430420e+00,-8.4702380952380960e-02,1965,1966,9.6300666099774414e-04,wind_speed:18.4_m:m_s-1
1965,-2,-2.0000000000000000e+00,-7.0909090909090922e-02,-1,-1,5.7190082644627879e-04,wind_direction:18.4_m:degrees
1966,10,7.6000869274139404e+00,-9.1415929203539817e-02,1967,1968,1.0156942595348044e-03,wind_speed:18.4_m:m_s-1
1967,-2,-2.0000000000000000e+00,-1.6000000000000000e-01,-1,-1,-3.4694469519536142e-18,wind_direction:18.4_m:degrees
1968,-2,-2.0000000000000000e+00,-8.9545454545454581e-02,-1,-1,9.1161157024793361e-04,wind_direction:18.4_m:degrees
1969,-2,-2.0000000000000000e+00,-2.0999999999999999e-01,-1,-1,0.0000000000000000e+00,wind_direction:18.4_m:degrees
1970,-2,-2.0000000000000000e+00,-3.2538461538461533e-01,-1,-1,7.0177514792904572e-04,wind_direction:18.4_m:degrees
1971,-2,-2.0000000000000000e+00,-1.1979166666666669e-01,-1,-1,1.0187065972222225e-03,wind_direction:18.4_m:degrees
1972,-2,-2.0000000000000000e+00,-2.0000000000000001e-01,-1,-1,-9.0205620750793969e-17,wind_direction:18.4_m:degrees
1973,-2,-2.0000000000000000e+00,-2.1052631578947364e-03,-1,-1,4.8328716528162530e-04,wind_direction:18.4_m:degrees
1974,-2,-2.0000000000000000e+00,1.1000000000000000e-01,-1,-1,1.7347234759768071e-17,wind_direction:18.4_m:degrees
1975,-2,-2.0000000000000000e+00,-1.1749999999999999e-01,-1,-1,6.8750000000001102e-05,wind_direction:18.4_m:degrees
1976,-2,-2.0000000000000000e+00,-1.8714285714285714e-01,-1,-1,3.0612244897958857e-04,wind_direction:18.4_m:degrees
1977,-2,-2.0000000000000000e+00,-5.5600000000000005e-01,-1,-1,1.1439999999999229e-03,wind_direction:18.4_m:degrees
1978,-2,-2.0000000000000000e+00,-6.1333333333333329e-01,-1,-1,2.8888888888878306e-04,wind_direction:18.4_m:degrees
1979,-2,-2.0000000000000000e+00,-1.6666666666666666e-01,-1,-1,4.2222222222222661e-04,wind_direction:18.4_m:degrees
1980,-2,-2.0000000000000000e+00,-9.5000000000000015e-02,-1,-1,7.4999999999991740e-05,wind_direction:18.4_m:degrees
1981,3,1.0276500244140625e+03,-4.9807692307692324e-02,1987,1988,5.7496301775147775e-04,pressure:18.4_m:hPa
1982,1,2.1765061378479004e+01,-6.6641509433962298e-02,1983,1984,6.5475827696689307e-04,azimuth:0_m:degrees
1983,-2,-2.0000000000000000e+00,-3.6000000000000004e-02,-1,-1,2.2399999999999981e-04,wind_direction:18.4_m:degrees
1984,2,2.8294000244140625e+02,-6.8479999999999971e-02,1985,1986,6.2088959999999447e-04,water_sfc_temperature:0_m:K
1985,-2,-2.0000000000000000e+00,-1.1500000000000000e-01,-1,-1,4.2500000000000003e-04,wind_direction:18.4_m:degrees
1986,-2,-2.0000000000000000e+00,-6.7336065573770518e-02,-1,-1,5.7118214189734364e-04,wind_direction:18.4_m:degrees
1987,-2,-2.0000000000000000e+00,-6.3333333333333366e-02,-1,-1,3.3555555555555075e-04,wind_direction:18.4_m:degrees
1988,-2,-2.0000000000000000e+00,-3.1363636363636371e-02,-1,-1,3.1177685950413295e-04,wind_direction:18.4_m:degrees
1989,4,1.1893653392791748e+01,1.6382978723404256e-02,1991,1992,1.3464916251697606e-03,mixing_ratio:18.4_m:g_kg-1
1990,-2,-2.0000000000000000e+00,-4.0404040404040399e-04,-1,-1,2.0825425976941112e-04,wind_direction:18.4_m:degrees
1991,0,1.1011112594604492e+02,1.1000000000000001e-01,1993,1994,3.5999999999999990e-03,zenith:0_m:degrees
1992,-2,-2.0000000000000000e+00,7.6744186046511630e-03,-1,-1,2.4575446187128210e-04,wind_direction:18.4_m:degrees
1993,-2,-2.0000000000000000e+00,5.0000000000000003e-02,-1,-1,0.0000000000000000e+00,wind_direction:18.4_m:degrees
1994,-2,-2.0000000000000000e+00,1.7000000000000001e-01,-1,-1,-1.0408340855860843e-17,wind_direction:18.4_m:degrees
1995,-2,-2.0000000000000000e+00,-8.9999999999999997e-02,-1,-1,1.2571428571428577e-03,wind_direction:18.4_m:degrees
1996,-2,-2.0000000000000000e+00,-1.3749999999999998e-01,-1,-1,6.2708333333332672e-04,wind_direction:18.4_m:degrees
1997,-2,-2.0000000000000000e+00,3.3333333333333333e-02,-1,-1,2.6888888888888900e-03,wind_direction:18.4_m:degrees
1998,-2,-2.0000000000000000e+00,-3.0689655172413694e-02,-1,-1,3.5584621482362834e-04,wind_direction:18.4_m:degrees
1999,-2,-2.0000000000000000e+00,-1.1250000000000001e-02,-1,-1,2.3593750000000001e-04,wind_direction:18.4_m:degrees
2000,-2,-2.0000000000000000e+00,-3.4447115384615298e-02,-1,-1,4.1027124167899868e-04,wind_direction:18.4_m:degrees
2001,-2,-2.0000000000000000e+00,-1.8461538461538446e-02,-1,-1,1.9582318134354378e-04,wind_direction:18.4_m:degrees
2002,-2,-2.0000000000000000e+00,5.9999999999999998e-02,-1,-1,5.2041704279304213e-18,wind_direction:18.4_m:degrees
2003,-2,-2.0000000000000000e+00,-1.4166666666666669e-01,-1,-1,1.1388888888887866e-04,wind_direction:18.4_m:degrees
2004,-2,-2.0000000000000000e+00,-1.8924528301886798e-01,-1,-1,7.9943040227837409e-04,wind_direction:18.4_m:degrees
2005,-2,-2.0000000000000000e+00,-9.7500000000000003e-02,-1,-1,5.0624999999999802e-04,wind_direction:18.4_m:degrees
2006,-2,-2.0000000000000000e+00,-1.3285714285714287e-01,-1,-1,1.0918367346938948e-03,wind_direction:18.4_m:degrees
2007,-2,-2.0000000000000000e+00,-2.0600000000000002e-01,-1,-1,8.6399999999998284e-04,wind_direction:18.4_m:degrees
2008,-2,-2.0000000000000000e+00,-2.6874999999999999e-01,-1,-1,1.4359375000000257e-03,wind_direction:18.4_m:degrees
2009,8,4.1499998569488525e+00,-1.2118644067796615e-01,2011,2012,6.0537201953463592e-04,wave_period:0_m:s
2010,4,6.0884590148925781e+00,-1.3763888888888884e-01,2013,2014,1.1124807098765767e-03,mixing_ratio:18.4_m:g_kg-1
2011,-2,-2.0000000000000000e+00,-1.6444444444444445e-01,-1,-1,2.4691358024691093e-04,wind_direction:18.4_m:degrees
2012,-2,-2.0000000000000000e+00,-1.1761467889908260e-01,-1,-1,4.6770473865834217e-04,wind_direction:18.4_m:degrees
2013,2,2.8203500366210938e+02,-1.5333333333333335e-01,2015,2016,9.1666666666666285e-04,water_sfc_temperature:0_m:K
2014,-2,-2.0000000000000000e+00,-1.2194444444444444e-01,-1,-1,8.1566358024693676e-04,wind_direction:18.4_m:degrees
2015,-2,-2.0000000000000000e+00,-1.4656249999999996e-01,-1,-1,5.9755859375000206e-04,wind_direction:18.4_m:degrees
2016,-2,-2.0000000000000000e+00,-2.0750000000000002e-01,-1,-1,1.6874999999991203e-04,wind_direction:18.4_m:degrees
2017,4,3.9459197521209717e+00,-8.1942446043165473e-02,2019,2020,6.1565136380104923e-04,mixing_ratio:18.4_m:g_kg-1
2018,-2,-2.0000000000000000e+00,-1.0625000000000002e-01,-1,-1,2.8177083333327455e-04,wind_direction:18.4_m:degrees
2019,-2,-2.0000000000000000e+00,2.9999999999999999e-02,-1,-1,0.0000000000000000e+00,wind_direction:18.4_m:degrees
2020,6,2.1750000000000000e+02,-8.2753623188405789e-02,2021,2022,5.2864944339424749e-04,wave_direction:0_m:degrees
2021,-2,-2.0000000000000000e+00,-8.5153846153846149e-02,-1,-1,4.5113017751480071e-04,wind_direction:18.4_m:degrees
2022,-2,-2.0000000000000000e+00,-4.3749999999999997e-02,-1,-1,1.7343749999994881e-04,wind_direction:18.4_m:degrees
2023,-2,-2.0000000000000000e+00,-2.2200000000000003e-01,-1,-1,9.5999999999984986e-05,wind_direction:18.4_m:degrees
2024,-2,-2.0000000000000000e+00,-1.3000000000000000e-01,-1,-1,3.9999999999998023e-04,wind_direction:18.4_m:degrees
2025,-2,-2.0000000000000000e+00,-2.1111111111111111e-01,-1,-1,4.9876543209877167e-04,wind_direction:18.4_m:degrees
2026,-2,-2.0000000000000000e+00,-1.6181818181818183e-01,-1,-1,9.7851239669418527e-04,wind_direction:18.4_m:degrees
2027,-2,-2.0000000000000000e+00,-9.5625000000000043e-02,-1,-1,5.8710937499999866e-04,wind_direction:18.4_m:degrees
2028,-2,-2.0000000000000000e+00,-6.3333333333333339e-02,-1,-1,5.1111111111110802e-04,wind_direction:18.4_m:degrees
2029,-2,-2.0000000000000000e+00,-1.3495145631067861e-02,-1,-1,2.4754663231428521e-04,wind_direction:18.4_m:degrees
2030,4,6.1528713703155518e+00,-8.5964912280701161e-03,2031,2032,3.6331178824253050e-04,mixing_ratio:18.4_m:g_kg-1
2031,4,6.1406934261322021e+00,-3.1250000000000055e-04,2033,2034,6.3927734375000041e-04,mixing_ratio:18.4_m:g_kg-1
2032,2,2.8745500183105469e+02,-1.0032502708558984e-02,2035,2036,3.0151573664002597e-04,water_sfc_temperature:0_m:K
2033,-2,-2.0000000000000000e+00,-2.8481012658227865e-03,-1,-1,1.3302755968594776e-04,wind_direction:18.4_m:degrees
2034,-2,-2.0000000000000000e+00,2.0000000000000001e-01,-1,-1,2.7755575615628914e-17,wind_direction:18.4_m:degrees
2035,11,3.3327000427246094e+02,-1.8032786885245906e-02,2037,2038,6.3219564633163134e-04,wind_direction:18.4_m:degrees
2036,-2,-2.0000000000000000e+00,-8.0540540540540231e-03,-1,-1,1.9999707815924057e-04,wind_direction:18.4_m:degrees
2037,8,4.5000000000000000e+00,-1.9333333333333324e-02,2039,2040,5.3955555555555484e-04,wave_period:0_m:s
2038,-2,-2.0000000000000000e+00,5.9999999999999998e-02,-1,-1,2.2551405187698492e-17,wind_direction:18.4_m:degrees
2039,12,-3.0724528478458524e-03,-3.7297297297297298e-02,2041,2042,6.1431701972242516e-04,bulk_richardson:18.4_m:none
2040,-2,-2.0000000000000000e+00,-1.4685314685314695e-02,-1,-1,4.1511076336251155e-04,wind_direction:18.4_m:degrees
2041,-2,-2.0000000000000000e+00,-1.5882352941176472e-02,-1,-1,1.6539792387543244e-04,wind_direction:18.4_m:degrees
2042,-2,-2.0000000000000000e+00,-5.5500000000000008e-02,-1,-1,2.7474999999999939e-04,wind_direction:18.4_m:degrees
2043,-2,-2.0000000000000000e+00,-2.2090909090909097e-01,-1,-1,9.1735537190082428e-04,wind_direction:18.4_m:degrees
2044,-2,-2.0000000000000000e+00,-1.1000000000000000e-01,-1,-1,1.5092094240998222e-16,wind_direction:18.4_m:degrees
2045,-2,-2.0000000000000000e+00,5.3750000000000006e-02,-1,-1,1.0984375000000000e-03,wind_direction:18.4_m:degrees
2046,-2,-2.0000000000000000e+00,1.4000000000000001e-01,-1,-1,0.0000000000000000e+00,wind_direction:18.4_m:degrees
