Node,feature,threshold,value,children_left,children_right,impurity,feature_name
0,10,1.1892136096954346e+01,-6.1021217438866994e-02,1,2,9.0732318249415675e-03,wind_speed:18.4_m:m_s-1
1,10,8.6037783622741699e+00,-4.1425370561869783e-02,3,4,2.5610721745747576e-03,wind_speed:18.4_m:m_s-1
2,5,5.7199998855590820e+01,-3.0477794793261870e-01,5,6,2.5885348855219634e-02,relative_humidity:18.4_m:%
3,10,6.0159704685211182e+00,-2.5714810618814893e-02,9,10,1.0064174575497345e-03,wind_speed:18.4_m:m_s-1
4,12,-1.6447537578642368e-02,-1.0592457573852912e-01,11,12,3.7701916713337082e-03,bulk_richardson:18.4_m:none
5,10,1.5627898216247559e+01,-3.8265803503427259e-01,7,8,2.3148685040160405e-02,wind_speed:18.4_m:m_s-1
6,2,2.7590000915527344e+02,-2.5239241803278706e-01,13,14,2.0902114450710566e-02,water_sfc_temperature:0_m:K
7,10,1.3130778789520264e+01,-3.2433062880324520e-01,21,22,1.1001225370192907e-02,wind_speed:18.4_m:m_s-1
8,1,2.5023500061035156e+02,-5.5853211009174342e-01,47,48,1.8586836124905859e-02,azimuth:0_m:degrees
9,10,4.3065357208251953e+00,-1.4489878542510107e-02,33,34,5.9745232670596127e-04,wind_speed:18.4_m:m_s-1
10,4,3.4044451713562012e+00,-4.2910303124272478e-02,25,26,1.1442086379351399e-03,mixing_ratio:18.4_m:g_kg-1
11,10,1.0429107666015625e+01,-1.4214285714285738e-01,19,20,4.7969338220723752e-03,wind_speed:18.4_m:m_s-1
12,10,1.0068952560424805e+01,-8.5326365608361307e-02,23,24,2.0159406162330046e-03,wind_speed:18.4_m:m_s-1
13,3,9.9644998168945312e+02,-3.8271477663230247e-01,17,18,3.5063076723231806e-02,pressure:18.4_m:hPa
14,10,1.6229800224304199e+01,-2.2956050571944617e-01,15,16,1.4924370360731291e-02,wind_speed:18.4_m:m_s-1
15,10,1.3757383346557617e+01,-2.0578053559764875e-01,27,28,7.3577676420383750e-03,wind_speed:18.4_m:m_s-1
16,2,2.8355499267578125e+02,-5.0961538461538447e-01,31,32,1.8945236686386924e-02,water_sfc_temperature:0_m:K
17,10,1.6886013984680176e+01,-5.0313725490196071e-01,29,30,2.4326105344097904e-02,wind_speed:18.4_m:m_s-1
18,10,1.4031445980072021e+01,-2.4920289855072475e-01,37,38,1.3063857382902916e-02,wind_speed:18.4_m:m_s-1
19,11,2.6118000793457031e+02,-1.2133232780291606e-01,57,58,3.1874154506395923e-03,wind_direction:18.4_m:degrees
20,12,-4.0875997394323349e-02,-1.8839106145251369e-01,45,46,5.2724951156327554e-03,bulk_richardson:18.4_m:none
21,0,7.6210201263427734e+01,-2.6365795724465574e-01,67,68,7.2046716053282417e-03,zenith:0_m:degrees
22,10,1.4667603492736816e+01,-3.6953982300884958e-01,41,42,9.0433280601463495e-03,wind_speed:18.4_m:m_s-1
23,12,1.0934887919574976e-02,-6.5706914344685563e-02,89,90,1.2111531788859941e-03,bulk_richardson:18.4_m:none
24,5,7.0200000762939453e+01,-1.1168207024029583e-01,59,60,1.8853406951593425e-03,relative_humidity:18.4_m:%
25,10,7.7282013893127441e+00,-7.2561944834034942e-02,73,74,1.8522489678865495e-03,wind_speed:18.4_m:m_s-1
26,10,7.2314243316650391e+00,-3.7015799256505555e-02,43,44,7.9392911841330419e-04,wind_speed:18.4_m:m_s-1
27,12,-6.0402944218367338e-03,-1.8491955969517360e-01,35,36,5.1899384912541119e-03,bulk_richardson:18.4_m:none
28,7,1.7500000000000000e+00,-2.7617142857142879e-01,77,78,8.2493420408154827e-03,wave_height:0_m:m
29,10,1.4413621902465820e+01,-4.1219780219780217e-01,75,76,9.7336312039608130e-03,wind_speed:18.4_m:m_s-1
30,10,2.0770130157470703e+01,-6.3661290322580655e-01,61,62,1.5790140478668169e-02,wind_speed:18.4_m:m_s-1
31,9,8.7165351867675781e+01,-3.9872340425531910e-01,125,126,1.1985604345857853e-02,angle_between_wind_wave:0_m:degrees
32,11,2.7334500122070312e+02,-5.7240963855421678e-01,83,84,1.1979735810712766e-02,wind_direction:18.4_m:degrees
33,10,3.0007832050323486e+00,-7.8947911294482576e-03,213,214,5.1248403166086112e-04,wind_speed:18.4_m:m_s-1
34,12,-3.8314687088131905e-02,-2.0842523596622340e-02,39,40,5.9704474912074192e-04,bulk_richardson:18.4_m:none
35,4,2.4056667089462280e+00,-2.1317431192660555e-01,93,94,5.6792815419577508e-03,mixing_ratio:18.4_m:g_kg-1
36,10,1.2449397563934326e+01,-1.6070754716981145e-01,63,64,3.5002855405246100e-03,wind_speed:18.4_m:m_s-1
37,11,2.9132998657226562e+02,-2.1321428571428577e-01,149,150,4.4057397959183162e-03,wind_direction:18.4_m:degrees
38,9,8.7960815429687500e+01,-4.0423076923076923e-01,87,88,2.0747485207100541e-02,angle_between_wind_wave:0_m:degrees
39,11,2.7149501037597656e+02,-3.0486745886654700e-02,65,66,6.9297605833210844e-04,wind_direction:18.4_m:degrees
40,12,1.4725603163242340e-02,-1.3424151872033947e-02,311,312,3.9667736360214509e-04,bulk_richardson:18.4_m:none
41,12,-3.9623163640499115e-02,-3.4423497267759551e-01,91,92,7.1790595419392866e-03,bulk_richardson:18.4_m:none
42,4,2.2120411396026611e+00,-4.1608040201005053e-01,53,54,9.1283553445621890e-03,mixing_ratio:18.4_m:g_kg-1
43,11,2.9216999816894531e+02,-2.9886480908153306e-02,81,82,6.0631666277935340e-04,wind_direction:18.4_m:degrees
44,12,-1.5584238804876804e-02,-4.5396279822078951e-02,55,56,8.8448711919709338e-04,bulk_richardson:18.4_m:none
45,11,3.1159999084472656e+02,-2.1817258883248744e-01,109,110,5.2007214821304035e-03,wind_direction:18.4_m:degrees
46,11,3.1407000732421875e+02,-1.6497005988023958e-01,143,144,4.0828833351261931e-03,wind_direction:18.4_m:degrees
47,10,1.7510910987854004e+01,-5.2772093023255817e-01,49,50,1.4392480259598661e-02,wind_speed:18.4_m:m_s-1
48,10,1.8414950370788574e+01,-6.1767857142857152e-01,51,52,2.1317825255103284e-02,wind_speed:18.4_m:m_s-1
49,4,5.0143001079559326e+00,-4.7598540145985418e-01,103,104,8.0999413927220765e-03,mixing_ratio:18.4_m:g_kg-1
50,9,8.8100273132324219e+01,-6.1858974358974339e-01,107,108,1.2486472715318941e-02,angle_between_wind_wave:0_m:degrees
51,9,8.9439483642578125e+01,-5.6941176470588228e-01,95,96,1.2153771626297327e-02,angle_between_wind_wave:0_m:degrees
52,9,8.8995666503906250e+01,-7.6962962962962966e-01,69,70,1.9744307270233352e-02,angle_between_wind_wave:0_m:degrees
53,7,2.0499999523162842e+00,-4.4950000000000018e-01,155,156,6.5861785714285692e-03,wave_height:0_m:m
54,4,5.1695940494537354e+00,-3.3677966101694901e-01,189,190,6.2218328066644540e-03,mixing_ratio:18.4_m:g_kg-1
55,11,2.6797999572753906e+02,-6.2190114068441077e-02,99,100,1.2805265942835609e-03,wind_direction:18.4_m:degrees
56,12,2.7197957970201969e-02,-3.9314238501790486e-02,205,206,6.0192576531784936e-04,bulk_richardson:18.4_m:none
57,4,6.5989677906036377e+00,-9.0928571428571373e-02,347,348,1.4765187074830110e-03,mixing_ratio:18.4_m:g_kg-1
58,10,9.4692182540893555e+00,-1.2947100063734843e-01,85,86,3.3317150608852542e-03,wind_speed:18.4_m:m_s-1
59,10,1.1360217571258545e+01,-1.4620689655172406e-01,97,98,2.8981515511836906e-03,wind_speed:18.4_m:m_s-1
60,10,1.1095537662506104e+01,-1.0571273712737142e-01,71,72,1.4685028458956400e-03,wind_speed:18.4_m:m_s-1
61,10,1.8924373626708984e+01,-6.1586206896551710e-01,147,148,9.7380499405468335e-03,wind_speed:18.4_m:m_s-1
62,7,3.7500000000000000e+00,-9.3750000000000000e-01,811,812,6.7687500000008782e-03,wave_height:0_m:m
63,0,1.0968209075927734e+02,-1.3423611111111111e-01,399,400,1.8577498070987651e-03,zenith:0_m:degrees
64,4,4.1388380527496338e+00,-1.8261494252873559e-01,127,128,3.7997712709736883e-03,mixing_ratio:18.4_m:g_kg-1
65,3,1.0363000488281250e+03,-2.1659311562224295e-02,629,630,3.8939143359487837e-04,pressure:18.4_m:hPa
66,0,1.2448808288574219e+02,-3.9966824644549821e-02,193,194,8.4544913636257907e-04,zenith:0_m:degrees
67,12,-7.9963743686676025e-02,-2.2476190476190472e-01,129,130,5.9038548752834569e-03,bulk_richardson:18.4_m:none
68,7,1.0500000119209290e+00,-2.8452554744525543e-01,115,116,6.6554318290797110e-03,wave_height:0_m:m
69,4,2.1869750618934631e+00,-8.4888888888888892e-01,387,388,5.0765432098764940e-03,mixing_ratio:18.4_m:g_kg-1
70,10,1.8933929443359375e+01,-6.1111111111111116e-01,317,318,1.1387654320987539e-02,wind_speed:18.4_m:m_s-1
71,11,2.0035499572753906e+02,-9.5322997416020641e-02,187,188,1.1863082480353063e-03,wind_direction:18.4_m:degrees
72,3,9.8850000000000000e+02,-1.2334795321637440e-01,365,366,1.4532648934713448e-03,pressure:18.4_m:hPa
73,0,8.2551799774169922e+01,-6.4625579854208137e-02,111,112,1.5475900945112918e-03,zenith:0_m:degrees
74,0,7.0763381958007812e+01,-9.1571428571428540e-02,171,172,2.0697528344670053e-03,zenith:0_m:degrees
75,10,1.2535696506500244e+01,-3.3515151515151509e-01,181,182,6.4977043158861852e-03,wind_speed:18.4_m:m_s-1
76,12,-6.2336809933185577e-03,-4.5603448275862057e-01,133,134,6.2756539833531411e-03,bulk_richardson:18.4_m:none
77,4,5.4863080978393555e+00,-2.2118421052631582e-01,131,132,7.5551765927977729e-03,mixing_ratio:18.4_m:g_kg-1
78,11,2.6250000000000000e+02,-2.9142335766423355e-01,79,80,7.3706017901859350e-03,wind_direction:18.4_m:degrees
79,10,1.4924393653869629e+01,-2.6551546391752573e-01,167,168,4.7968992454033438e-03,wind_speed:18.4_m:m_s-1
80,5,8.8450000762939453e+01,-3.5425000000000006e-01,113,114,8.0369375000003129e-03,relative_humidity:18.4_m:%
81,4,1.0895683288574219e+01,-2.7276829507553821e-02,409,410,4.2087549412686467e-04,mixing_ratio:18.4_m:g_kg-1
82,12,-2.7712879702448845e-02,-4.8437935843793578e-02,105,106,1.5320090490165777e-03,bulk_richardson:18.4_m:none
83,10,1.7055562019348145e+01,-4.9413793103448284e-01,273,274,6.3414982164089750e-03,wind_speed:18.4_m:m_s-1
84,11,3.4590499877929688e+02,-6.1444444444444446e-01,121,122,9.9506172839506357e-03,wind_direction:18.4_m:degrees
85,11,3.1702000427246094e+02,-1.1668341708542714e-01,179,180,2.7146284184742450e-03,wind_direction:18.4_m:degrees
86,0,9.5145946502685547e+01,-1.4263906856403613e-01,101,102,3.6253768436345958e-03,zenith:0_m:degrees
87,-2,-2.0000000000000000e+00,-7.3999999999999999e-01,-1,-1,0.0000000000000000e+00,wind_direction:18.4_m:degrees
88,12,-1.7510565929114819e-02,-3.7624999999999997e-01,119,120,1.2298437500000009e-02,bulk_richardson:18.4_m:none
89,10,9.2273368835449219e+00,-7.0749214894571533e-02,165,166,9.2527986142932131e-04,wind_speed:18.4_m:m_s-1
90,11,2.7392500305175781e+02,-4.9129793510324406e-02,183,184,1.7926055725235590e-03,wind_direction:18.4_m:degrees
91,1,2.2694278717041016e+02,-3.8977011494252872e-01,207,208,7.1102919804465758e-03,azimuth:0_m:degrees
92,2,2.7477000427246094e+02,-3.3003584229390659e-01,123,124,6.3523284644340650e-03,water_sfc_temperature:0_m:K
93,7,2.0499999523162842e+00,-2.7315789473684216e-01,389,390,6.1303785780239678e-03,wave_height:0_m:m
94,7,1.3499999642372131e+00,-2.0616803278688520e-01,159,160,5.1572422567858281e-03,wave_height:0_m:m
95,3,1.0168000183105469e+03,-5.3721311475409828e-01,139,140,9.7643644181673039e-03,pressure:18.4_m:hPa
96,6,2.2350000000000000e+02,-6.5125000000000000e-01,177,178,8.8942708333332732e-03,wave_direction:0_m:degrees
97,12,3.3060838468372822e-03,-1.2687499999999993e-01,291,292,2.3878305288461930e-03,bulk_richardson:18.4_m:none
98,5,5.0549999237060547e+01,-1.8243243243243248e-01,631,632,1.8418310202094196e-03,relative_humidity:18.4_m:%
99,4,4.6308140754699707e+00,-5.1797468354430401e-02,373,374,9.4411087966670814e-04,mixing_ratio:18.4_m:g_kg-1
100,3,1.0106499938964844e+03,-7.7828571428571316e-02,497,498,1.3796658503401442e-03,pressure:18.4_m:hPa
101,10,9.4760880470275879e+00,-1.2519125683060112e-01,335,336,3.2408104153602672e-03,wind_speed:18.4_m:m_s-1
102,11,3.0505999755859375e+02,-1.5832923832923837e-01,281,282,3.4512626094936986e-03,wind_direction:18.4_m:degrees
103,0,1.6129303741455078e+02,-4.8356060606060608e-01,199,200,6.8183826905416633e-03,zenith:0_m:degrees
104,-2,-2.0000000000000000e+00,-2.7599999999999997e-01,-1,-1,4.2400000000167304e-04,wind_direction:18.4_m:degrees
105,4,5.5028073787689209e+00,-6.1559633027522903e-02,791,792,1.0324299301405675e-03,mixing_ratio:18.4_m:g_kg-1
106,3,1.0077500000000000e+03,-2.8078291814946605e-02,455,456,1.6254885323134201e-03,pressure:18.4_m:hPa
107,12,-6.3892507459968328e-03,-7.3999999999999988e-01,669,670,3.6909090909091891e-03,bulk_richardson:18.4_m:none
108,9,8.8752849578857422e+01,-5.9865671641791041e-01,209,210,1.1113120962352729e-02,angle_between_wind_wave:0_m:degrees
109,4,1.0605402588844299e+00,-2.3333333333333339e-01,151,152,5.2547979797979566e-03,mixing_ratio:18.4_m:g_kg-1
110,1,1.2859959411621094e+02,-1.8738461538461537e-01,245,246,3.6762366863905133e-03,azimuth:0_m:degrees
111,0,6.0882511138916016e+01,-4.8179871520342560e-02,377,378,1.6251667897051233e-03,zenith:0_m:degrees
112,12,-5.9973779134452343e-03,-7.1996161228406949e-02,309,310,1.3372821349758885e-03,bulk_richardson:18.4_m:none
113,9,8.8085689544677734e+01,-3.6653333333333327e-01,195,196,6.1586488888888125e-03,angle_between_wind_wave:0_m:degrees
114,-2,-2.0000000000000000e+00,-1.7000000000000001e-01,-1,-1,4.0245584642661925e-16,wind_direction:18.4_m:degrees
115,10,1.2695698738098145e+01,-2.2913043478260872e-01,429,430,5.1383742911153066e-03,wind_speed:18.4_m:m_s-1
116,5,3.9650001525878906e+01,-2.9570175438596502e-01,117,118,6.2174899969221764e-03,relative_humidity:18.4_m:%
117,6,2.4500000000000000e+02,-3.6911764705882344e-01,643,644,3.4433391003460823e-03,wave_direction:0_m:degrees
118,2,2.7381500244140625e+02,-2.8283505154639177e-01,201,202,5.5935088744817479e-03,water_sfc_temperature:0_m:K
119,10,1.5114855289459229e+01,-2.9416666666666663e-01,1013,1014,1.9909722222222481e-03,wind_speed:18.4_m:m_s-1
120,3,1.0006499938964844e+03,-4.5833333333333331e-01,315,316,9.1305555555556139e-03,pressure:18.4_m:hPa
121,8,5.5000000000000000e+00,-5.9899999999999998e-01,219,220,7.1769999999999889e-03,wave_period:0_m:s
122,2,2.8698001098632812e+02,-8.0750000000000000e-01,1289,1290,4.3687499999984780e-03,water_sfc_temperature:0_m:K
123,5,3.4899999618530273e+01,-2.4818181818181817e-01,603,604,4.4876033057851331e-03,relative_humidity:18.4_m:%
124,12,-2.3647480644285679e-02,-3.3704280155641997e-01,169,170,5.8893094520735406e-03,bulk_richardson:18.4_m:none
125,-2,-2.0000000000000000e+00,-7.9000000000000004e-01,-1,-1,0.0000000000000000e+00,wind_direction:18.4_m:degrees
126,9,9.0156326293945312e+01,-3.9021739130434790e-01,173,174,8.8456049149338301e-03,angle_between_wind_wave:0_m:degrees
127,10,1.3104978561401367e+01,-2.7333333333333332e-01,717,718,2.9555555555555724e-03,wind_speed:18.4_m:m_s-1
128,9,8.7731426239013672e+01,-1.7766666666666664e-01,263,264,3.3724343434343648e-03,angle_between_wind_wave:0_m:degrees
129,-2,-2.0000000000000000e+00,-4.1500000000000004e-01,-1,-1,1.8749999999999878e-03,wind_direction:18.4_m:degrees
130,11,3.0701499938964844e+02,-2.1944055944055951e-01,135,136,4.9759108024842527e-03,wind_direction:18.4_m:degrees
131,2,2.8616999816894531e+02,-2.7566666666666673e-01,163,164,7.3445555555555209e-03,water_sfc_temperature:0_m:K
132,0,7.6175113677978516e+01,-1.8565217391304351e-01,271,272,4.4941398865784368e-03,zenith:0_m:degrees
133,8,6.5000000000000000e+00,-4.3599999999999994e-01,407,408,4.0600000000000636e-03,wave_period:0_m:s
134,10,1.6360432624816895e+01,-5.8125000000000004e-01,1779,1780,1.9359375000003176e-03,wind_speed:18.4_m:m_s-1
135,11,2.6889500427246094e+02,-2.3894230769230768e-01,137,138,4.0363812869822491e-03,wind_direction:18.4_m:degrees
136,8,4.9000000953674316e+00,-1.6743589743589743e-01,517,518,3.7626561472714100e-03,wave_period:0_m:s
137,11,2.5211000061035156e+02,-1.7666666666666667e-01,1027,1028,1.5755555555555557e-03,wind_direction:18.4_m:degrees
138,10,1.2526790142059326e+01,-2.6418918918918916e-01,503,504,2.8243425858290733e-03,wind_speed:18.4_m:m_s-1
139,9,8.8116371154785156e+01,-5.1459999999999995e-01,141,142,8.0008400000001201e-03,angle_between_wind_wave:0_m:degrees
140,6,2.2750000000000000e+02,-6.3999999999999990e-01,897,898,4.8909090909092234e-03,wave_direction:0_m:degrees
141,9,8.7895969390869141e+01,-5.9000000000000008e-01,1101,1102,3.0099999999999016e-03,angle_between_wind_wave:0_m:degrees
142,6,2.2350000000000000e+02,-4.6433333333333343e-01,473,474,5.0112222222224445e-03,wave_direction:0_m:degrees
143,11,2.5967500305175781e+02,-1.7266990291262144e-01,145,146,4.0574347252333130e-03,wind_direction:18.4_m:degrees
144,10,1.0604937553405762e+01,-1.2932584269662928e-01,691,692,2.6557252872111171e-03,wind_speed:18.4_m:m_s-1
145,3,1.0072000122070312e+03,-1.4118012422360257e-01,217,218,2.4228309093013052e-03,pressure:18.4_m:hPa
146,6,2.3150000000000000e+02,-1.9286852589641443e-01,331,332,4.0618910810939976e-03,wave_direction:0_m:degrees
147,6,2.2250000000000000e+02,-5.9108695652173904e-01,153,154,8.8009924385637484e-03,wave_direction:0_m:degrees
148,3,9.8035000610351562e+02,-7.1083333333333343e-01,1837,1838,1.9576388888880025e-03,pressure:18.4_m:hPa
149,5,7.6549999237060547e+01,-1.7291666666666672e-01,1149,1150,1.4664930555555317e-03,relative_humidity:18.4_m:%
150,4,3.3030903339385986e+00,-2.4343750000000006e-01,261,262,4.4788085937499666e-03,mixing_ratio:18.4_m:g_kg-1
151,0,6.4017406463623047e+01,-2.7596491228070175e-01,185,186,6.8100338565712515e-03,zenith:0_m:degrees
152,6,2.4850000000000000e+02,-2.2159420289855086e-01,191,192,4.1882797731568888e-03,wave_direction:0_m:degrees
153,0,6.7536617279052734e+01,-5.1466666666666672e-01,357,358,6.0115555555554923e-03,zenith:0_m:degrees
154,0,1.5675541687011719e+02,-6.2806451612903236e-01,405,406,5.9575442247659094e-03,zenith:0_m:degrees
155,4,8.1231933832168579e-01,-4.3200000000000000e-01,295,296,4.1645714285713509e-03,mixing_ratio:18.4_m:g_kg-1
156,11,2.9100999450683594e+02,-5.0200000000000000e-01,157,158,1.0175999999999574e-02,wind_direction:18.4_m:degrees
157,3,1.0121999816894531e+03,-4.7870967741935477e-01,419,420,6.2563995837668918e-03,pressure:18.4_m:hPa
158,9,8.8823154449462891e+01,-6.8250000000000000e-01,1575,1576,3.7687500000003760e-03,angle_between_wind_wave:0_m:degrees
159,2,2.9114999389648438e+02,-1.8805555555555550e-01,343,344,4.5795524691358211e-03,water_sfc_temperature:0_m:K
160,11,2.5574000549316406e+02,-2.2055147058823532e-01,161,162,5.1485929390138740e-03,wind_direction:18.4_m:degrees
161,4,5.1536724567413330e+00,-1.9310606060606061e-01,289,290,2.8895948117538608e-03,mixing_ratio:18.4_m:g_kg-1
162,5,6.7250000000000000e+01,-2.4642857142857139e-01,241,242,5.8986734693877649e-03,relative_humidity:18.4_m:%
163,6,2.3600000000000000e+02,-2.4333333333333332e-01,993,994,3.7722222222221907e-03,wave_direction:0_m:degrees
164,-2,-2.0000000000000000e+00,-4.0500000000000003e-01,-1,-1,7.2500000000005893e-04,wind_direction:18.4_m:degrees
165,11,2.8562500000000000e+02,-6.2836812144212467e-02,383,384,6.9830923310134751e-04,wind_direction:18.4_m:degrees
166,11,1.9865500640869141e+02,-7.7846808510638174e-02,443,444,1.0223424898143296e-03,wind_direction:18.4_m:degrees
167,2,2.7627999877929688e+02,-2.4934782608695655e-01,197,198,4.5350819155639890e-03,water_sfc_temperature:0_m:K
168,7,1.9499999880790710e+00,-3.0535714285714277e-01,637,638,3.2105867346939460e-03,wave_height:0_m:m
169,8,5.2500000000000000e+00,-3.6196428571428585e-01,277,278,4.7711415816324987e-03,wave_period:0_m:s
170,10,1.4126688003540039e+01,-3.1779310344827583e-01,225,226,5.9027158145067982e-03,wind_speed:18.4_m:m_s-1
171,11,3.4661000061035156e+02,-6.8181818181818163e-02,1175,1176,1.5445730027548220e-03,wind_direction:18.4_m:degrees
172,2,2.8102499389648438e+02,-9.9870967741935462e-02,299,300,1.9931016302462863e-03,water_sfc_temperature:0_m:K
173,11,1.2920499420166016e+02,-3.7025000000000002e-01,175,176,6.7374374999999709e-03,wind_direction:18.4_m:degrees
174,1,1.5713906097412109e+02,-5.2333333333333332e-01,1743,1744,2.5222222222220370e-03,azimuth:0_m:degrees
175,10,1.7971064567565918e+01,-3.0470588235294116e-01,339,340,5.0602076124567630e-03,wind_speed:18.4_m:m_s-1
176,1,2.9873541259765625e+02,-4.1869565217391308e-01,687,688,2.4548204158789944e-03,azimuth:0_m:degrees
177,10,1.6637037277221680e+01,-6.1473684210526314e-01,591,592,4.8354570637119121e-03,wind_speed:18.4_m:m_s-1
178,-2,-2.0000000000000000e+00,-7.9000000000000004e-01,-1,-1,-7.7715611723760958e-16,wind_direction:18.4_m:degrees
179,0,1.1511526870727539e+02,-1.2644032921810699e-01,233,234,2.6048184558586270e-03,zenith:0_m:degrees
180,12,-7.1635589003562927e-02,-1.0138709677419359e-01,323,324,2.5035598335068319e-03,bulk_richardson:18.4_m:none
181,-2,-2.0000000000000000e+00,-2.2000000000000000e-01,-1,-1,8.5714285714286881e-04,wind_direction:18.4_m:degrees
182,0,9.4928951263427734e+01,-3.6615384615384616e-01,607,608,3.4852071005917196e-03,zenith:0_m:degrees
183,10,9.4522137641906738e+00,-5.5482695810564621e-02,301,302,1.1172988808928995e-03,wind_speed:18.4_m:m_s-1
184,4,3.3751068115234375e+00,-2.2093023255813953e-02,251,252,3.7638363079142002e-03,mixing_ratio:18.4_m:g_kg-1
185,12,-7.7436890453100204e-02,-1.4666666666666667e-01,1425,1426,3.2222222222222166e-03,bulk_richardson:18.4_m:none
186,1,7.4446323394775391e+01,-2.9117647058823531e-01,461,462,5.0339100346021015e-03,azimuth:0_m:degrees
187,11,1.0922000122070312e+02,-1.0941644562334221e-01,297,298,1.0532403661462405e-03,wind_direction:18.4_m:degrees
188,12,1.1561760678887367e-02,-8.8545918367346960e-02,203,204,1.1088550343606989e-03,bulk_richardson:18.4_m:none
189,3,9.9215002441406250e+02,-3.5372549019607841e-01,621,622,4.9018069973087997e-03,pressure:18.4_m:hPa
190,-2,-2.0000000000000000e+00,-2.2875000000000001e-01,-1,-1,1.1359375000002878e-03,wind_direction:18.4_m:degrees
191,10,1.0762907981872559e+01,-2.1734999999999996e-01,319,320,3.8004774999999408e-03,wind_speed:18.4_m:m_s-1
192,-2,-2.0000000000000000e+00,-3.4285714285714286e-01,-1,-1,4.8979591837125525e-05,wind_direction:18.4_m:degrees
193,10,5.4628009796142578e+00,-3.4932191291934318e-02,293,294,7.9373201868146144e-04,wind_speed:18.4_m:m_s-1
194,0,1.2493634414672852e+02,-4.9915373765867348e-02,653,654,7.9858240116492760e-04,zenith:0_m:degrees
195,-2,-2.0000000000000000e+00,-2.1000000000000002e-01,-1,-1,2.4999999999999953e-03,wind_direction:18.4_m:degrees
196,11,2.9327499389648438e+02,-3.7535211267605639e-01,221,222,4.9065661575084518e-03,wind_direction:18.4_m:degrees
197,-2,-2.0000000000000000e+00,-6.6666666666666666e-02,-1,-1,3.4888888888888877e-03,wind_direction:18.4_m:degrees
198,11,1.3753500366210938e+02,-2.5340740740740736e-01,229,230,3.8002414266117973e-03,wind_direction:18.4_m:degrees
199,5,4.7549999237060547e+01,-4.7867187499999991e-01,235,236,6.2427673339844059e-03,relative_humidity:18.4_m:%
200,-2,-2.0000000000000000e+00,-6.4000000000000001e-01,-1,-1,-1.4432899320127035e-15,wind_direction:18.4_m:degrees
201,-2,-2.0000000000000000e+00,-5.9999999999999998e-02,-1,-1,0.0000000000000000e+00,wind_direction:18.4_m:degrees
202,4,4.6174995899200439e+00,-2.8515625000000006e-01,255,256,5.1291422526041630e-03,mixing_ratio:18.4_m:g_kg-1
203,10,1.0492449760437012e+01,-9.3993710691823842e-02,665,666,7.2650310509870218e-04,wind_speed:18.4_m:m_s-1
204,1,3.5352603149414062e+02,-6.5135135135135108e-02,275,276,2.0763330898465595e-03,azimuth:0_m:degrees
205,10,8.0116605758666992e+00,-4.0720827178729962e-02,253,254,5.7318794141322468e-04,wind_speed:18.4_m:m_s-1
206,7,3.1000000238418579e+00,-1.9959349593495913e-02,1157,1158,5.9552680282891953e-04,wave_height:0_m:m
207,3,1.0223999938964844e+03,-3.6838709677419362e-01,459,460,5.3232049947971316e-03,pressure:18.4_m:hPa
208,9,8.7976783752441406e+01,-4.4279999999999992e-01,451,452,7.5961600000000185e-03,angle_between_wind_wave:0_m:degrees
209,5,4.6399999618530273e+01,-5.5741935483870975e-01,211,212,8.7675338189385776e-03,relative_humidity:18.4_m:%
210,1,1.8345389556884766e+02,-6.3416666666666666e-01,231,232,1.0407638888888682e-02,azimuth:0_m:degrees
211,2,2.8701499938964844e+02,-6.8000000000000005e-01,307,308,1.8933333333333247e-02,water_sfc_temperature:0_m:K
212,12,-6.2419790774583817e-03,-5.2800000000000002e-01,1697,1698,1.8560000000000243e-03,bulk_richardson:18.4_m:none
213,2,2.7186500549316406e+02,-4.2444658325312655e-03,789,790,5.6624822490716059e-04,water_sfc_temperature:0_m:K
214,12,-1.4908675104379654e-01,-1.0633688391406455e-02,215,216,4.5464447621342441e-04,bulk_richardson:18.4_m:none
215,4,3.1201248168945312e+00,-1.9012261580381436e-02,645,646,5.9241674338661302e-04,mixing_ratio:18.4_m:g_kg-1
216,12,1.6314884647727013e-02,-7.6123802505526882e-03,867,868,3.7052133039434167e-04,bulk_richardson:18.4_m:none
217,6,2.4150000000000000e+02,-1.7125000000000001e-01,435,436,2.4171874999999905e-03,wave_direction:0_m:degrees
218,0,6.0548900604248047e+01,-1.2134020618556704e-01,903,904,1.4363481772770286e-03,zenith:0_m:degrees
219,10,1.7170690536499023e+01,-6.7230769230769216e-01,1017,1018,3.0485207100593437e-03,wind_speed:18.4_m:m_s-1
220,10,1.6596543312072754e+01,-5.7324324324324327e-01,249,250,6.0759678597516187e-03,wind_speed:18.4_m:m_s-1
221,5,5.9549999237060547e+01,-3.5827586206896556e-01,677,678,1.8728894173602462e-03,relative_humidity:18.4_m:%
222,0,7.7337120056152344e+01,-4.5153846153846156e-01,223,224,1.1336094674556013e-02,zenith:0_m:degrees
223,-2,-2.0000000000000000e+00,-6.0333333333333339e-01,-1,-1,1.4222222222221581e-03,wind_direction:18.4_m:degrees
224,3,9.9095001220703125e+02,-4.0600000000000003e-01,477,478,5.3240000000000232e-03,pressure:18.4_m:hPa
225,4,3.8594477176666260e+00,-2.9597560975609766e-01,397,398,5.0923408685305538e-03,mixing_ratio:18.4_m:g_kg-1
226,5,4.6099998474121094e+01,-3.4619047619047610e-01,227,228,5.5315192743766589e-03,relative_humidity:18.4_m:%
227,8,5.0499999523162842e+00,-2.8499999999999992e-01,601,602,3.9694444444444837e-03,wave_period:0_m:s
228,2,2.7597999572753906e+02,-3.7066666666666676e-01,515,516,4.0595555555555940e-03,water_sfc_temperature:0_m:K
229,-2,-2.0000000000000000e+00,-1.2200000000000003e-01,-1,-1,2.1599999999999571e-04,wind_direction:18.4_m:degrees
230,10,1.3759077072143555e+01,-2.5846153846153841e-01,415,416,3.2484023668638978e-03,wind_speed:18.4_m:m_s-1
231,12,-5.9333806857466698e-03,-6.5419354838709676e-01,303,304,8.0178980228927665e-03,bulk_richardson:18.4_m:none
232,10,1.7993282318115234e+01,-5.1000000000000001e-01,815,816,7.3200000000004373e-03,wind_speed:18.4_m:m_s-1
233,4,1.9857033491134644e+00,-1.1719879518072286e-01,247,248,2.5960689142110523e-03,mixing_ratio:18.4_m:g_kg-1
234,5,3.7750000000000000e+01,-1.4636363636363628e-01,575,576,2.0426210153483663e-03,relative_humidity:18.4_m:%
235,3,1.0056000061035156e+03,-5.0242857142857145e-01,237,238,5.4841020408162855e-03,pressure:18.4_m:hPa
236,3,1.0148999938964844e+03,-4.4999999999999996e-01,239,240,5.6551724137934023e-03,pressure:18.4_m:hPa
237,8,5.6499998569488525e+00,-4.5192307692307693e-01,1025,1026,2.5078402366863761e-03,wave_period:0_m:s
238,0,9.2418586730957031e+01,-5.3227272727272734e-01,769,770,4.8448347107437062e-03,zenith:0_m:degrees
239,3,9.9414999389648438e+02,-4.6226415094339607e-01,547,548,4.4212887148452062e-03,pressure:18.4_m:hPa
240,-2,-2.0000000000000000e+00,-3.2000000000000001e-01,-1,-1,2.4000000000005961e-04,wind_direction:18.4_m:degrees
241,4,5.8255717754364014e+00,-2.2701149425287365e-01,243,244,5.9841722816753457e-03,mixing_ratio:18.4_m:g_kg-1
242,1,1.8103876495361328e+02,-2.7830188679245282e-01,369,370,4.1235315058739674e-03,azimuth:0_m:degrees
243,6,2.1850000000000000e+02,-2.3116279069767445e-01,361,362,4.5544618712817161e-03,wave_direction:0_m:degrees
244,-2,-2.0000000000000000e+00,1.3000000000000000e-01,-1,-1,2.6159630017730251e-15,wind_direction:18.4_m:degrees
245,0,1.1295527267456055e+02,-2.2340909090909100e-01,463,464,3.7951962809917028e-03,zenith:0_m:degrees
246,9,8.8698970794677734e+01,-1.6895348837209304e-01,379,380,2.6116955110870969e-03,angle_between_wind_wave:0_m:degrees
247,3,1.0207500000000000e+03,-1.4056603773584905e-01,329,330,3.9279814880740435e-03,pressure:18.4_m:hPa
248,12,-2.8801636770367622e-02,-1.0623893805309735e-01,617,618,1.5951464484298163e-03,bulk_richardson:18.4_m:none
249,5,8.2250000000000000e+01,-5.1214285714285712e-01,505,506,5.5739795918366974e-03,relative_humidity:18.4_m:%
250,6,2.2750000000000000e+02,-6.1043478260869566e-01,893,894,2.7258979206047917e-03,wave_direction:0_m:degrees
251,-2,-2.0000000000000000e+00,-9.5000000000000015e-02,-1,-1,6.1071428571428214e-04,wind_direction:18.4_m:degrees
252,9,9.0861194610595703e+01,-1.3217391304347830e-02,647,648,3.4218223062381860e-03,angle_between_wind_wave:0_m:degrees
253,3,1.0067500000000000e+03,-3.6299045599151814e-02,1371,1372,5.5194450598200127e-04,pressure:18.4_m:hPa
254,12,-3.3358125947415829e-03,-4.6284189459639739e-02,661,662,5.4436486677123886e-04,bulk_richardson:18.4_m:none
255,10,1.2897368431091309e+01,-2.9027624309392264e-01,257,258,4.8336253472116147e-03,wind_speed:18.4_m:m_s-1
256,12,1.1333786882460117e-02,-2.0090909090909090e-01,1019,1020,2.4628099173550702e-03,bulk_richardson:18.4_m:none
257,12,-2.9305764473974705e-02,-2.7560606060606074e-01,259,260,4.2306932966024030e-03,bulk_richardson:18.4_m:none
258,10,1.2904778003692627e+01,-3.2979591836734695e-01,313,314,4.3162848812995369e-03,wind_speed:18.4_m:m_s-1
259,9,9.0204944610595703e+01,-2.9881578947368420e-01,417,418,4.0551765927975547e-03,angle_between_wind_wave:0_m:degrees
260,5,5.5450000762939453e+01,-2.4410714285714288e-01,1105,1106,2.7456313775511831e-03,relative_humidity:18.4_m:%
261,1,5.4016708374023438e+01,-2.5389830508474581e-01,431,432,3.4576845733984285e-03,azimuth:0_m:degrees
262,-2,-2.0000000000000000e+00,-1.2000000000000000e-01,-1,-1,3.1225022567582528e-17,wind_direction:18.4_m:degrees
263,-2,-2.0000000000000000e+00,-1.1714285714285715e-01,-1,-1,6.6802721088435324e-04,wind_direction:18.4_m:degrees
264,11,1.9687500000000000e+02,-1.8177993527508091e-01,265,266,3.2903593385071525e-03,wind_direction:18.4_m:degrees
265,11,1.5996500396728516e+02,-2.0766666666666672e-01,267,268,4.1078888888888485e-03,wind_direction:18.4_m:degrees
266,5,7.0150001525878906e+01,-1.6534391534391543e-01,269,270,2.0756753730299567e-03,relative_humidity:18.4_m:%
267,1,9.0256130218505859e+01,-1.6299999999999998e-01,527,528,2.6760000000000117e-03,azimuth:0_m:degrees
268,9,8.9640052795410156e+01,-2.3000000000000007e-01,427,428,3.3274999999999347e-03,angle_between_wind_wave:0_m:degrees
269,11,2.5534500122070312e+02,-2.1225806451612902e-01,1671,1672,1.6110301768990712e-03,wind_direction:18.4_m:degrees
270,2,2.7662001037597656e+02,-1.5613924050632916e-01,703,704,1.6502844095497154e-03,water_sfc_temperature:0_m:K
271,9,8.8851894378662109e+01,-1.3999999999999999e-01,767,768,2.0666666666666680e-03,angle_between_wind_wave:0_m:degrees
272,4,9.5353894233703613e+00,-2.2400000000000006e-01,551,552,3.3119999999999816e-03,mixing_ratio:18.4_m:g_kg-1
273,9,8.9259334564208984e+01,-4.3615384615384617e-01,1505,1506,2.2082840236686274e-03,angle_between_wind_wave:0_m:degrees
274,5,7.5400001525878906e+01,-5.4125000000000001e-01,487,488,4.7484374999999246e-03,relative_humidity:18.4_m:%
275,0,7.0557559967041016e+01,-6.7808219178082163e-02,1747,1748,1.5760180146368969e-03,zenith:0_m:degrees
276,-2,-2.0000000000000000e+00,1.3000000000000000e-01,-1,-1,2.2204460492503131e-16,wind_direction:18.4_m:degrees
277,12,-2.5566412135958672e-02,-3.8507936507936502e-01,279,280,4.6503905265807832e-03,bulk_richardson:18.4_m:none
278,2,2.7640000915527344e+02,-3.3224489795918377e-01,541,542,3.3561849229487295e-03,water_sfc_temperature:0_m:K
279,10,1.3755181312561035e+01,-3.7192982456140339e-01,433,434,3.0822406894429333e-03,wind_speed:18.4_m:m_s-1
280,10,1.4448232173919678e+01,-5.0999999999999990e-01,1845,1846,2.3000000000000242e-03,wind_speed:18.4_m:m_s-1
281,6,2.3050000000000000e+02,-1.7230000000000004e-01,285,286,2.8187099999999951e-03,wave_direction:0_m:degrees
282,7,1.1500000357627869e+00,-1.4483091787439614e-01,283,284,3.6916380779014428e-03,wave_height:0_m:m
283,10,1.0276116371154785e+01,-1.2763358778625958e-01,535,536,2.6745527649903733e-03,wind_speed:18.4_m:m_s-1
284,1,6.9767032623291016e+01,-1.7447368421052634e-01,287,288,4.0563019390582322e-03,azimuth:0_m:degrees
285,4,3.8057262897491455e+00,-1.5487603305785128e-01,571,572,2.3076292602964461e-03,mixing_ratio:18.4_m:g_kg-1
286,11,2.8699000549316406e+02,-1.9898734177215188e-01,491,492,2.4242909790097231e-03,wind_direction:18.4_m:degrees
287,7,1.6500000357627869e+00,-1.1809523809523807e-01,539,540,2.7868480725623673e-03,wave_height:0_m:m
288,11,3.0966000366210938e+02,-1.9600000000000009e-01,465,466,2.8639999999999846e-03,wind_direction:18.4_m:degrees
289,9,8.7989238739013672e+01,-1.6721311475409839e-01,817,818,1.7414135984950181e-03,angle_between_wind_wave:0_m:degrees
290,5,6.7900001525878906e+01,-2.1535211267605639e-01,327,328,2.8051577068041317e-03,relative_humidity:18.4_m:%
291,11,2.6222999572753906e+02,-1.3648484848484851e-01,573,574,1.9488558310376755e-03,wind_direction:18.4_m:degrees
292,9,9.0116519927978516e+01,-8.9999999999999955e-02,685,686,2.3581395348837471e-03,angle_between_wind_wave:0_m:degrees
293,5,3.2750000000000000e+01,-2.9829242262539944e-02,611,612,7.5898898480469801e-04,relative_humidity:18.4_m:%
294,-2,-2.0000000000000000e+00,-4.5237068965517185e-02,-1,-1,7.0511621209868756e-04,wind_direction:18.4_m:degrees
295,5,3.3299999237060547e+01,-5.0909090909090904e-01,1261,1262,2.5719008264463716e-03,relative_humidity:18.4_m:%
296,2,2.7474499511718750e+02,-4.2297872340425524e-01,671,672,3.5741059302852318e-03,water_sfc_temperature:0_m:K
297,-2,-2.0000000000000000e+00,-5.3636363636363642e-02,-1,-1,7.5041322314049448e-04,wind_direction:18.4_m:degrees
298,12,1.1055719573050737e-02,-1.1287323943661975e-01,475,476,8.6723745288632553e-04,bulk_richardson:18.4_m:none
299,12,-2.0870727486908436e-02,-8.8458498023715346e-02,507,508,2.0169913605899426e-03,bulk_richardson:18.4_m:none
300,7,5.5000001192092896e-01,-1.1349056603773583e-01,633,634,1.6236650053399696e-03,wave_height:0_m:m
301,5,8.4400001525878906e+01,-4.7588075880758821e-02,1005,1006,5.3266500686687543e-04,relative_humidity:18.4_m:%
302,0,5.0594650268554688e+01,-7.1666666666666656e-02,351,352,1.9261111111111041e-03,zenith:0_m:degrees
303,5,5.2200000762939453e+01,-7.0642857142857129e-01,305,306,9.5372448979592628e-03,relative_humidity:18.4_m:%
304,2,2.8692500305175781e+02,-6.1117647058823521e-01,1211,1212,2.6692041522488608e-03,water_sfc_temperature:0_m:K
305,5,5.0650001525878906e+01,-6.3000000000000000e-01,1109,1110,4.1714285714287147e-03,relative_humidity:18.4_m:%
306,2,2.8647999572753906e+02,-7.8285714285714281e-01,1035,1036,3.2204081632651871e-03,water_sfc_temperature:0_m:K
307,1,2.1690696716308594e+02,-7.2800000000000009e-01,635,636,8.8960000000000150e-03,azimuth:0_m:degrees
308,-2,-2.0000000000000000e+00,-4.4000000000000000e-01,-1,-1,2.7755575615628914e-17,wind_direction:18.4_m:degrees
309,10,6.3685398101806641e+00,-7.3458870168483584e-02,371,372,1.3007220447095926e-03,wind_speed:18.4_m:m_s-1
310,-2,-2.0000000000000000e+00,-2.7272727272727278e-02,-1,-1,3.8953168044067064e-04,wind_direction:18.4_m:degrees
311,5,9.7850002288818359e+01,-1.6052193225985688e-02,1593,1594,3.0984513816587110e-04,relative_humidity:18.4_m:%
312,9,8.7959754943847656e+01,-8.8883564925730223e-03,523,524,5.1404934693952814e-04,angle_between_wind_wave:0_m:degrees
313,-2,-2.0000000000000000e+00,-5.1000000000000001e-01,-1,-1,0.0000000000000000e+00,wind_direction:18.4_m:degrees
314,5,4.4750000000000000e+01,-3.2212765957446804e-01,493,494,3.0593028519692173e-03,relative_humidity:18.4_m:%
315,7,2.2500000000000000e+00,-3.8333333333333330e-01,1841,1842,2.1888888888888791e-03,wave_height:0_m:m
316,2,2.7454998779296875e+02,-5.3333333333333333e-01,1001,1002,4.8222222222222832e-03,water_sfc_temperature:0_m:K
317,-2,-2.0000000000000000e+00,-4.5000000000000001e-01,-1,-1,4.9000000000000155e-03,wind_direction:18.4_m:degrees
318,11,2.4671500396728516e+02,-6.5714285714285725e-01,937,938,3.7061224489795541e-03,wind_direction:18.4_m:degrees
319,7,1.0500000119209290e+00,-1.8879310344827588e-01,537,538,2.5761296076099796e-03,wave_height:0_m:m
320,5,4.7750000000000000e+01,-2.2901408450704239e-01,321,322,3.8314223368379752e-03,relative_humidity:18.4_m:%
321,11,3.0311000061035156e+02,-1.9946428571428573e-01,529,530,3.5193558673469322e-03,wind_direction:18.4_m:degrees
322,12,-7.5551468878984451e-02,-2.4825581395348842e-01,545,546,3.0957950243373777e-03,bulk_richardson:18.4_m:none
323,3,1.0211499938964844e+03,-1.1840909090909089e-01,325,326,2.8542871900826394e-03,pressure:18.4_m:hPa
324,6,1.5800000000000000e+02,-8.8764044943820203e-02,725,726,1.8692589319530377e-03,wave_direction:0_m:degrees
325,4,3.4286642074584961e+00,-1.3552941176470593e-01,787,788,2.4341314878892802e-03,mixing_ratio:18.4_m:g_kg-1
326,11,3.1923500061035156e+02,-8.7446808510638283e-02,751,752,2.1253961068356496e-03,wind_direction:18.4_m:degrees
327,-2,-2.0000000000000000e+00,-2.9100000000000004e-01,-1,-1,5.0899999999998169e-04,wind_direction:18.4_m:degrees
328,0,1.0177356338500977e+02,-2.0295081967213116e-01,555,556,2.0896533190002398e-03,zenith:0_m:degrees
329,2,2.7762001037597656e+02,-1.3250000000000001e-01,727,728,3.5333333333333362e-03,water_sfc_temperature:0_m:K
330,-2,-2.0000000000000000e+00,-2.1800000000000003e-01,-1,-1,1.0959999999999165e-03,wind_direction:18.4_m:degrees
331,5,5.1500000000000000e+01,-1.8154761904761901e-01,333,334,3.5404620181405319e-03,relative_humidity:18.4_m:%
332,11,3.0606999206542969e+02,-2.1578313253012049e-01,367,368,4.3328204383801250e-03,wind_direction:18.4_m:degrees
333,1,3.1649140930175781e+02,-2.0769230769230768e-01,395,396,3.5592899408284015e-03,azimuth:0_m:degrees
334,1,1.4300712585449219e+02,-1.6504854368932043e-01,337,338,2.8249976435102062e-03,azimuth:0_m:degrees
335,12,-1.0143537819385529e-01,-2.3799999999999999e-01,381,382,1.1616000000000008e-02,bulk_richardson:18.4_m:none
336,0,5.7487787246704102e+01,-1.2362880886426593e-01,341,342,2.9461115246199755e-03,zenith:0_m:degrees
337,6,2.2300000000000000e+02,-1.8348484848484853e-01,627,628,1.9711891643709595e-03,wave_direction:0_m:degrees
338,3,9.9339999389648438e+02,-1.3216216216216214e-01,583,584,2.6601899196493986e-03,pressure:18.4_m:hPa
339,-2,-2.0000000000000000e+00,-2.6000000000000001e-01,-1,-1,1.6545454545454780e-03,wind_direction:18.4_m:degrees
340,-2,-2.0000000000000000e+00,-3.8666666666666671e-01,-1,-1,9.2222222222218542e-04,wind_direction:18.4_m:degrees
341,11,2.7102000427246094e+02,-9.3333333333333351e-02,349,350,1.9555555555555489e-03,wind_direction:18.4_m:degrees
342,4,9.1783159971237183e-01,-1.2930921052631580e-01,481,482,2.9274833362188390e-03,mixing_ratio:18.4_m:g_kg-1
343,6,1.7300000000000000e+02,-1.9066350710900476e-01,345,346,4.3806024123447529e-03,wave_direction:0_m:degrees
344,-2,-2.0000000000000000e+00,-7.8000000000000000e-02,-1,-1,5.7599999999973731e-04,wind_direction:18.4_m:degrees
345,12,-3.1724115833640099e-02,-1.5411764705882350e-01,359,360,4.3261822376009229e-03,bulk_richardson:18.4_m:none
346,9,8.7460876464843750e+01,-2.0231249999999998e-01,355,356,3.8365273437500000e-03,angle_between_wind_wave:0_m:degrees
347,4,2.4540902376174927e+00,-9.8783783783783788e-02,441,442,1.3762235208181241e-03,mixing_ratio:18.4_m:g_kg-1
348,9,9.1449440002441406e+01,-7.2177419354838748e-02,997,998,1.2170330385015988e-03,angle_between_wind_wave:0_m:degrees
349,-2,-2.0000000000000000e+00,-1.5071428571428572e-01,-1,-1,3.3520408163265764e-04,wind_direction:18.4_m:degrees
350,-2,-2.0000000000000000e+00,-7.4651162790697681e-02,-1,-1,1.0620876149269763e-03,wind_direction:18.4_m:degrees
351,12,1.7026550136506557e-02,-1.2090909090909091e-01,353,354,6.8719008264462814e-03,bulk_richardson:18.4_m:none
352,-2,-2.0000000000000000e+00,-6.4810126582278443e-02,-1,-1,8.5281204935106717e-04,wind_direction:18.4_m:degrees
353,-2,-2.0000000000000000e+00,-8.3333333333333343e-02,-1,-1,6.3333333333333297e-04,wind_direction:18.4_m:degrees
354,-2,-2.0000000000000000e+00,-2.8999999999999998e-01,-1,-1,0.0000000000000000e+00,wind_direction:18.4_m:degrees
355,-2,-2.0000000000000000e+00,-3.7500000000000000e-01,-1,-1,2.2500000000000298e-04,wind_direction:18.4_m:degrees
356,2,2.8818499755859375e+02,-2.0012658227848099e-01,595,596,3.4999839769267668e-03,water_sfc_temperature:0_m:K
357,-2,-2.0000000000000000e+00,-6.0399999999999998e-01,-1,-1,5.0400000000000444e-04,wind_direction:18.4_m:degrees
358,10,1.7596793174743652e+01,-4.7000000000000003e-01,1231,1232,2.7799999999998937e-03,wind_speed:18.4_m:m_s-1
359,5,9.2500000000000000e+01,-2.2777777777777780e-01,1253,1254,2.4839506172839379e-03,relative_humidity:18.4_m:%
360,5,7.3099998474121094e+01,-1.3833333333333334e-01,581,582,3.3091269841269769e-03,relative_humidity:18.4_m:%
361,2,2.8327499389648438e+02,-2.7590909090909094e-01,961,962,2.6787190082644546e-03,water_sfc_temperature:0_m:K
362,12,-2.4602884426712990e-02,-2.1578124999999998e-01,363,364,4.2743896484374530e-03,bulk_richardson:18.4_m:none
363,-2,-2.0000000000000000e+00,-3.2166666666666666e-01,-1,-1,1.9138888888889094e-03,wind_direction:18.4_m:degrees
364,12,-1.4136039186269045e-02,-2.0482758620689662e-01,659,660,3.2387633769322133e-03,bulk_richardson:18.4_m:none
365,6,1.7350000000000000e+02,-2.6333333333333336e-01,1701,1702,4.3555555555555431e-03,wave_direction:0_m:degrees
366,12,9.3878656625747681e-03,-1.2273127753303954e-01,423,424,1.3537736032137090e-03,bulk_richardson:18.4_m:none
367,4,5.5534620285034180e+00,-2.3129032258064522e-01,467,468,3.3434963579604890e-03,mixing_ratio:18.4_m:g_kg-1
368,10,1.1516599655151367e+01,-1.7000000000000001e-01,479,480,4.4476190476189052e-03,wind_speed:18.4_m:m_s-1
369,4,5.0238444805145264e+00,-2.3550000000000004e-01,737,738,4.6547499999999853e-03,mixing_ratio:18.4_m:g_kg-1
370,8,5.7500000000000000e+00,-3.0424242424242420e-01,749,750,2.0183654729109546e-03,wave_period:0_m:s
371,6,1.8350000000000000e+02,-6.0199203187250978e-02,865,866,9.7645434199457272e-04,wave_direction:0_m:degrees
372,11,1.0290000152587891e+02,-7.7849604221635907e-02,585,586,1.3306000724027352e-03,wind_direction:18.4_m:degrees
373,1,7.1488901138305664e+01,-7.9027777777777780e-02,375,376,2.5059992283950642e-03,azimuth:0_m:degrees
374,10,7.8872265815734863e+00,-4.9066852367687978e-02,471,472,7.0567519649908676e-04,wind_speed:18.4_m:m_s-1
375,4,4.2655458450317383e+00,-1.4000000000000001e-01,521,522,5.1285714285714268e-03,mixing_ratio:18.4_m:g_kg-1
376,-2,-2.0000000000000000e+00,-6.4310344827586213e-02,-1,-1,7.5900713436385502e-04,wind_direction:18.4_m:degrees
377,11,3.4659001159667969e+02,-2.6428571428571440e-02,489,490,1.8943877551020403e-03,wind_direction:18.4_m:degrees
378,12,-2.3731659352779388e-01,-5.3956639566395584e-02,879,880,1.3946431063226669e-03,bulk_richardson:18.4_m:none
379,1,1.5118788146972656e+02,-1.1647058823529413e-01,1353,1354,1.5875432525951517e-03,azimuth:0_m:degrees
380,7,1.0500000119209290e+00,-1.8188405797101462e-01,1561,1562,2.0181894559966537e-03,wave_height:0_m:m
381,-2,-2.0000000000000000e+00,-3.7000000000000000e-01,-1,-1,0.0000000000000000e+00,wind_direction:18.4_m:degrees
382,-2,-2.0000000000000000e+00,-1.4999999999999999e-01,-1,-1,3.4694469519536142e-18,wind_direction:18.4_m:degrees
383,11,1.9919000244140625e+02,-6.0460251046025010e-02,1023,1024,4.6798900579473040e-04,wind_direction:18.4_m:degrees
384,3,1.0032500000000000e+03,-8.6020408163265297e-02,385,386,2.3525301957517683e-03,pressure:18.4_m:hPa
385,11,3.0142500305175781e+02,-1.2960000000000002e-01,625,626,2.0758399999999989e-03,wind_direction:18.4_m:degrees
386,11,2.9437998962402344e+02,-7.1095890410958915e-02,1053,1054,1.5741414899605941e-03,wind_direction:18.4_m:degrees
387,7,1.6500000357627869e+00,-8.1857142857142862e-01,1969,1970,2.3265306122446372e-03,wave_height:0_m:m
388,-2,-2.0000000000000000e+00,-9.5499999999999996e-01,-1,-1,2.2500000000091891e-04,wind_direction:18.4_m:degrees
389,11,3.2729000854492188e+02,-2.6709090909090910e-01,391,392,5.3042644628099322e-03,wind_direction:18.4_m:degrees
390,-2,-2.0000000000000000e+00,-4.4000000000000000e-01,-1,-1,-1.2490009027033011e-15,wind_direction:18.4_m:degrees
391,5,6.3149999618530273e+01,-2.8446808510638300e-01,393,394,3.9736532367587174e-03,relative_humidity:18.4_m:%
392,-2,-2.0000000000000000e+00,-1.6500000000000001e-01,-1,-1,9.2500000000005078e-04,wind_direction:18.4_m:degrees
393,4,1.7327298521995544e+00,-3.1666666666666671e-01,745,746,3.4666666666667706e-03,mixing_ratio:18.4_m:g_kg-1
394,1,9.0242042541503906e+01,-2.4100000000000002e-01,1395,1396,1.3689999999998911e-03,azimuth:0_m:degrees
395,0,7.0827068328857422e+01,-1.9741379310344828e-01,923,924,2.4536563614744530e-03,zenith:0_m:degrees
396,2,2.7615998840332031e+02,-2.9285714285714282e-01,701,702,4.5918367346938216e-03,water_sfc_temperature:0_m:K
397,10,1.3242618560791016e+01,-3.0724637681159417e-01,565,566,4.4576349506405960e-03,wind_speed:18.4_m:m_s-1
398,5,4.0649999618530273e+01,-2.3615384615384619e-01,831,832,4.2082840236684418e-03,relative_humidity:18.4_m:%
399,7,1.8499999642372131e+00,-1.4266666666666672e-01,401,402,2.1205079365079274e-03,wave_height:0_m:m
400,-2,-2.0000000000000000e+00,-1.1153846153846150e-01,-1,-1,4.4378698224852020e-04,wind_direction:18.4_m:degrees
401,11,2.8199499511718750e+02,-1.2891472868217060e-01,579,580,1.3988221861666733e-03,wind_direction:18.4_m:degrees
402,5,6.5899997711181641e+01,-1.6456790123456794e-01,403,404,2.4890108215211183e-03,relative_humidity:18.4_m:%
403,12,-3.7468215450644493e-03,-2.8000000000000003e-01,1667,1668,3.4000000000000002e-03,bulk_richardson:18.4_m:none
404,1,1.6747347259521484e+02,-1.5857142857142861e-01,759,760,1.7135435992578843e-03,azimuth:0_m:degrees
405,7,1.6000000238418579e+00,-6.4653846153846162e-01,413,414,4.2457100591715702e-03,wave_height:0_m:m
406,3,9.9110000610351562e+02,-5.3200000000000003e-01,1183,1184,3.8559999999996375e-03,pressure:18.4_m:hPa
407,10,1.6383976936340332e+01,-4.6193548387096778e-01,841,842,4.2027055150886394e-03,wind_speed:18.4_m:m_s-1
408,12,-1.3085049111396074e-02,-3.9368421052631569e-01,1727,1728,9.3905817174499973e-04,bulk_richardson:18.4_m:none
409,12,-9.4144092872738838e-03,-3.0497109826589760e-02,411,412,4.8156405715748911e-04,bulk_richardson:18.4_m:none
410,12,2.1041842177510262e-02,-2.3936850519584447e-02,519,520,3.3601999295841461e-04,bulk_richardson:18.4_m:none
411,11,2.7834001159667969e+02,-3.6264485344240024e-02,939,940,5.1801593707322667e-04,wind_direction:18.4_m:degrees
412,12,3.2930877059698105e-02,-2.2996453900709177e-02,1509,1510,3.3463828529750194e-04,bulk_richardson:18.4_m:none
413,-2,-2.0000000000000000e+00,-7.7333333333333343e-01,-1,-1,2.2222222222034738e-05,wind_direction:18.4_m:degrees
414,4,1.8904881477355957e+00,-6.3000000000000000e-01,743,744,2.4260869565216892e-03,mixing_ratio:18.4_m:g_kg-1
415,-2,-2.0000000000000000e+00,-4.8999999999999999e-01,-1,-1,0.0000000000000000e+00,wind_direction:18.4_m:degrees
416,10,1.4424490928649902e+01,-2.5666666666666660e-01,589,590,2.8547803617571393e-03,wind_speed:18.4_m:m_s-1
417,1,8.1086650848388672e+01,-2.8848484848484851e-01,437,438,3.6461891643709832e-03,azimuth:0_m:degrees
418,-2,-2.0000000000000000e+00,-3.6699999999999999e-01,-1,-1,1.4010000000001244e-03,wind_direction:18.4_m:degrees
419,2,2.8214500427246094e+02,-4.4117647058823528e-01,421,422,6.0103806228373746e-03,water_sfc_temperature:0_m:K
420,12,-3.8931678980588913e-02,-5.2428571428571435e-01,679,680,2.7673469387756167e-03,bulk_richardson:18.4_m:none
421,11,2.7505500793457031e+02,-4.6714285714285714e-01,1249,1250,3.2918367346938815e-03,wind_direction:18.4_m:degrees
422,-2,-2.0000000000000000e+00,-3.2000000000000001e-01,-1,-1,8.6666666666668224e-04,wind_direction:18.4_m:degrees
423,3,9.9854998779296875e+02,-1.2685152057245083e-01,425,426,1.2798902973301177e-03,pressure:18.4_m:hPa
424,5,9.8700000762939453e+01,-1.0385245901639338e-01,987,988,1.2581093791992001e-03,relative_humidity:18.4_m:%
425,9,8.9353141784667969e+01,-1.6966666666666666e-01,719,720,2.5232222222222218e-03,angle_between_wind_wave:0_m:degrees
426,11,9.9059997558593750e+01,-1.2442344045368614e-01,559,560,1.0995258021519374e-03,wind_direction:18.4_m:degrees
427,5,9.6399997711181641e+01,-2.9799999999999999e-01,495,496,6.8360000000000226e-03,relative_humidity:18.4_m:%
428,10,1.3494554042816162e+01,-2.2028571428571433e-01,615,616,2.0713469387754688e-03,wind_speed:18.4_m:m_s-1
429,1,2.8781539916992188e+02,-2.1243243243243243e-01,675,676,4.0238130021913801e-03,azimuth:0_m:degrees
430,10,1.2748550891876221e+01,-2.9777777777777781e-01,921,922,3.8617283950617004e-03,wind_speed:18.4_m:m_s-1
431,7,2.2500000000000000e+00,-2.1652173913043476e-01,1681,1682,1.2922495274102219e-03,wave_height:0_m:m
432,12,-1.9185298122465611e-02,-2.7777777777777779e-01,553,554,3.3783950617283370e-03,bulk_richardson:18.4_m:none
433,9,8.9037914276123047e+01,-3.3760000000000007e-01,989,990,2.3302399999999557e-03,angle_between_wind_wave:0_m:degrees
434,5,4.6750000000000000e+01,-3.9874999999999999e-01,1037,1038,2.0296875000002379e-03,relative_humidity:18.4_m:%
435,0,1.4428013610839844e+02,-1.6612903225806452e-01,1153,1154,1.6559833506763801e-03,zenith:0_m:degrees
436,-2,-2.0000000000000000e+00,-3.3000000000000002e-01,-1,-1,-3.8857805861880479e-16,wind_direction:18.4_m:degrees
437,6,2.3050000000000000e+02,-3.4214285714285714e-01,763,764,2.6739795918367254e-03,wave_direction:0_m:degrees
438,3,1.0106499938964844e+03,-2.7403846153846151e-01,439,440,2.9240754437869360e-03,pressure:18.4_m:hPa
439,5,4.9000000000000000e+01,-3.1521739130434784e-01,935,936,2.1553875236294956e-03,relative_humidity:18.4_m:%
440,4,1.6052929162979126e+00,-2.4137931034482762e-01,1641,1642,1.1222354340071836e-03,mixing_ratio:18.4_m:g_kg-1
441,5,5.3650001525878906e+01,-6.7777777777777770e-02,1171,1172,8.3506172839506107e-04,relative_humidity:18.4_m:%
442,10,9.0453662872314453e+00,-1.0434262948207171e-01,781,782,1.2699861906953942e-03,wind_speed:18.4_m:m_s-1
443,9,8.8761734008789062e+01,-8.7466666666666568e-02,587,588,8.0131555555557933e-04,angle_between_wind_wave:0_m:degrees
444,5,6.7549999237060547e+01,-7.3337500000000000e-02,445,446,1.0622360937500288e-03,relative_humidity:18.4_m:%
445,12,9.0378290042281151e-03,-9.4924242424242453e-02,447,448,2.6083275941230395e-03,bulk_richardson:18.4_m:none
446,7,2.6999999284744263e+00,-6.9071856287425126e-02,533,534,6.4644393847037261e-04,wave_height:0_m:m
447,5,5.0399999618530273e+01,-8.8740157480314968e-02,965,966,1.0992001984003932e-03,relative_humidity:18.4_m:%
448,4,5.7395210266113281e+00,-2.5200000000000000e-01,449,450,1.5295999999999768e-02,mixing_ratio:18.4_m:g_kg-1
449,-2,-2.0000000000000000e+00,-1.9250000000000000e-01,-1,-1,1.4187500000000033e-03,wind_direction:18.4_m:degrees
450,-2,-2.0000000000000000e+00,-4.8999999999999999e-01,-1,-1,2.7755575615628914e-17,wind_direction:18.4_m:degrees
451,-2,-2.0000000000000000e+00,-2.9000000000000004e-01,-1,-1,3.9999999999998370e-04,wind_direction:18.4_m:degrees
452,1,3.1535551452636719e+02,-4.5608695652173914e-01,453,454,6.0151228733459627e-03,azimuth:0_m:degrees
453,6,2.4150000000000000e+02,-4.7095238095238096e-01,885,886,3.8943310657596208e-03,wave_direction:0_m:degrees
454,-2,-2.0000000000000000e+00,-3.0000000000000004e-01,-1,-1,1.6000000000006703e-03,wind_direction:18.4_m:degrees
455,6,2.2650000000000000e+02,-4.8571428571428571e-02,457,458,2.3908163265306129e-03,wave_direction:0_m:degrees
456,12,4.3982215225696564e-02,-1.9340101522842629e-02,911,912,1.0437269705480686e-03,bulk_richardson:18.4_m:none
457,2,2.8138000488281250e+02,-3.8289473684210526e-02,1987,1988,1.1562846260387816e-03,water_sfc_temperature:0_m:K
458,5,6.0300001144409180e+01,-1.4624999999999999e-01,873,874,3.5734374999999950e-03,relative_humidity:18.4_m:%
459,0,1.5894987487792969e+02,-3.8659090909090904e-01,705,706,6.0042871900824746e-03,zenith:0_m:degrees
460,-2,-2.0000000000000000e+00,-3.2388888888888889e-01,-1,-1,8.6820987654344373e-04,wind_direction:18.4_m:degrees
461,-2,-2.0000000000000000e+00,-1.9600000000000001e-01,-1,-1,5.1439999999999958e-03,wind_direction:18.4_m:degrees
462,11,2.9812500000000000e+02,-3.0152173913043478e-01,501,502,3.9302930056710761e-03,wind_direction:18.4_m:degrees
463,10,1.1490205287933350e+01,-2.6388888888888890e-01,543,544,3.8126543209876518e-03,wind_speed:18.4_m:m_s-1
464,10,1.0874913215637207e+01,-1.9538461538461538e-01,1885,1886,1.8633136094674055e-03,wind_speed:18.4_m:m_s-1
465,9,8.9192512512207031e+01,-1.4733333333333329e-01,1621,1622,1.7262222222222401e-03,angle_between_wind_wave:0_m:degrees
466,10,9.7267141342163086e+00,-2.1425000000000005e-01,985,986,2.0694374999999515e-03,wind_speed:18.4_m:m_s-1
467,11,2.8809500122070312e+02,-2.4283018867924530e-01,469,470,2.7976504093983612e-03,wind_direction:18.4_m:degrees
468,-2,-2.0000000000000000e+00,-1.6333333333333336e-01,-1,-1,1.1555555555555347e-03,wind_direction:18.4_m:degrees
469,2,2.8746000671386719e+02,-2.7666666666666667e-01,1449,1450,1.8305555555555714e-03,water_sfc_temperature:0_m:K
470,2,2.8126499938964844e+02,-2.1482758620689660e-01,1861,1862,1.8663495838287525e-03,water_sfc_temperature:0_m:K
471,11,9.7730003356933594e+01,-4.2928416485900164e-02,1173,1174,6.2851765237317793e-04,wind_direction:18.4_m:degrees
472,4,7.1339828968048096e+00,-6.0077821011673152e-02,1189,1190,6.5524686217808105e-04,mixing_ratio:18.4_m:g_kg-1
473,9,8.9300872802734375e+01,-5.1000000000000001e-01,1951,1952,1.5692307692308227e-03,angle_between_wind_wave:0_m:degrees
474,4,9.0717580914497375e-01,-4.2941176470588238e-01,557,558,4.8290657439444551e-03,mixing_ratio:18.4_m:g_kg-1
475,4,1.4116715908050537e+01,-1.1804054054054056e-01,1243,1244,7.5899835646457865e-04,mixing_ratio:18.4_m:g_kg-1
476,-2,-2.0000000000000000e+00,-8.6949152542372898e-02,-1,-1,6.0425165182407311e-04,wind_direction:18.4_m:degrees
477,-2,-2.0000000000000000e+00,-2.0000000000000001e-01,-1,-1,0.0000000000000000e+00,wind_direction:18.4_m:degrees
478,-2,-2.0000000000000000e+00,-4.2888888888888888e-01,-1,-1,6.7654320987650673e-04,wind_direction:18.4_m:degrees
479,-2,-2.0000000000000000e+00,-1.4705882352941177e-01,-1,-1,1.7266435986159172e-03,wind_direction:18.4_m:degrees
480,10,1.1664050102233887e+01,-2.6750000000000002e-01,1427,1428,4.2687499999999323e-03,wind_speed:18.4_m:m_s-1
481,5,3.0300000190734863e+01,-8.2499999999999990e-02,765,766,2.0887500000000038e-03,relative_humidity:18.4_m:%
482,11,3.4718000793457031e+02,-1.3260563380281695e-01,483,484,2.8213796865701225e-03,wind_direction:18.4_m:degrees
483,4,2.8714483976364136e+00,-1.2933085501858743e-01,485,486,2.6136786390458834e-03,mixing_ratio:18.4_m:g_kg-1
484,0,6.0399364471435547e+01,-1.9133333333333333e-01,1007,1008,2.9048888888888735e-03,zenith:0_m:degrees
485,4,1.3119337558746338e+00,-1.4595041322314056e-01,779,780,2.2968239874325384e-03,mixing_ratio:18.4_m:g_kg-1
486,1,2.4179595184326172e+02,-1.1574324324324324e-01,875,876,2.4622854273191799e-03,azimuth:0_m:degrees
487,9,8.9254135131835938e+01,-5.1000000000000001e-01,1735,1736,1.3500000000000179e-03,angle_between_wind_wave:0_m:degrees
488,9,8.9834331512451172e+01,-6.3500000000000001e-01,1829,1830,3.2249999999997558e-03,angle_between_wind_wave:0_m:degrees
489,5,4.3949998855590820e+01,-2.4226804123711341e-02,1661,1662,1.4388351578276115e-03,relative_humidity:18.4_m:%
490,-2,-2.0000000000000000e+00,-2.3999999999999999e-01,-1,-1,9.7144514654701197e-17,wind_direction:18.4_m:degrees
491,3,1.0246499633789062e+03,-1.5294117647058827e-01,2013,2014,1.1501730103806104e-03,pressure:18.4_m:hPa
492,12,-4.5435855165123940e-02,-2.1161290322580645e-01,951,952,2.0328824141519278e-03,bulk_richardson:18.4_m:none
493,-2,-2.0000000000000000e+00,-2.3200000000000004e-01,-1,-1,2.5599999999998541e-04,wind_direction:18.4_m:degrees
494,11,2.8452499389648438e+02,-3.3285714285714285e-01,1049,1050,2.3108843537415352e-03,wind_direction:18.4_m:degrees
495,3,1.0051499938964844e+03,-2.7555555555555555e-01,1457,1458,2.5580246913580185e-03,pressure:18.4_m:hPa
496,-2,-2.0000000000000000e+00,-5.0000000000000000e-01,-1,-1,1.1102230246251565e-16,wind_direction:18.4_m:degrees
497,0,5.0367532730102539e+01,-8.6703296703296601e-02,499,500,1.5957251539669278e-03,zenith:0_m:degrees
498,0,1.3263479614257812e+02,-6.8214285714285700e-02,609,610,9.6784297052155722e-04,zenith:0_m:degrees
499,-2,-2.0000000000000000e+00,-5.2380952380952396e-02,-1,-1,6.7528344671201725e-04,wind_direction:18.4_m:degrees
500,10,7.5859704017639160e+00,-9.2943722943722926e-02,857,858,1.5099492138453338e-03,wind_speed:18.4_m:m_s-1
501,11,2.9386500549316406e+02,-2.5666666666666665e-01,689,690,2.4622222222222268e-03,wind_direction:18.4_m:degrees
502,1,2.5905570983886719e+02,-3.2322580645161281e-01,577,578,3.1960457856399782e-03,azimuth:0_m:degrees
503,10,1.2011600494384766e+01,-2.4444444444444449e-01,1209,1210,2.1313580246912836e-03,wind_speed:18.4_m:m_s-1
504,9,8.9640644073486328e+01,-2.9482758620689659e-01,977,978,2.3560047562426606e-03,angle_between_wind_wave:0_m:degrees
505,8,6.2000000476837158e+00,-5.2769230769230768e-01,947,948,2.6177514792899426e-03,wave_period:0_m:s
506,-2,-2.0000000000000000e+00,-3.1000000000000000e-01,-1,-1,9.7144514654701197e-17,wind_direction:18.4_m:degrees
507,11,3.2849499511718750e+02,-9.2608695652173917e-02,509,510,1.9592816635160895e-03,wind_direction:18.4_m:degrees
508,-2,-2.0000000000000000e+00,-4.6956521739130438e-02,-1,-1,6.9943289224952323e-04,wind_direction:18.4_m:degrees
509,12,-1.1697127297520638e-01,-1.0132530120481924e-01,511,512,2.0127014080418091e-03,bulk_richardson:18.4_m:none
510,-2,-2.0000000000000000e+00,-6.9999999999999993e-02,-1,-1,1.1125000000000163e-03,wind_direction:18.4_m:degrees
511,12,-1.1746614798903465e-01,-1.4321428571428571e-01,513,514,3.9432397959183706e-03,bulk_richardson:18.4_m:none
512,9,9.0849338531494141e+01,-9.2826086956521711e-02,747,748,1.1927378701953421e-03,angle_between_wind_wave:0_m:degrees
513,6,2.0800000000000000e+02,-1.2560000000000002e-01,1839,1840,1.5206400000000002e-03,wave_direction:0_m:degrees
514,-2,-2.0000000000000000e+00,-2.8999999999999998e-01,-1,-1,2.7755575615628914e-17,wind_direction:18.4_m:degrees
515,12,-1.0551307117566466e-02,-4.6999999999999997e-01,735,736,1.2900000000000023e-02,bulk_richardson:18.4_m:none
516,9,8.7999950408935547e+01,-3.6097560975609760e-01,973,974,2.1405116002378988e-03,angle_between_wind_wave:0_m:degrees
517,2,2.7468000793457031e+02,-2.0529411764705885e-01,1003,1004,1.5072664359861501e-03,water_sfc_temperature:0_m:K
518,8,6.5000000000000000e+00,-1.3818181818181816e-01,813,814,3.5421487603305851e-03,wave_period:0_m:s
519,8,4.9500000476837158e+00,-2.6004987531172200e-02,1015,1016,3.0478800504970605e-04,wave_period:0_m:s
520,11,2.6719999694824219e+02,-1.5593561368209221e-02,1433,1434,3.7515070301081675e-04,wind_direction:18.4_m:degrees
521,5,6.7849998474121094e+01,-1.2461538461538463e-01,925,926,2.2094674556213008e-03,relative_humidity:18.4_m:%
522,-2,-2.0000000000000000e+00,-3.4000000000000002e-01,-1,-1,-4.1633363423443370e-17,wind_direction:18.4_m:degrees
523,5,9.7450000762939453e+01,-6.6153846153846146e-02,525,526,1.0577514792899409e-02,relative_humidity:18.4_m:%
524,11,2.6787001037597656e+02,-8.5294117647058392e-03,853,854,4.3028674343411212e-04,wind_direction:18.4_m:degrees
525,-2,-2.0000000000000000e+00,2.2222222222222222e-03,-1,-1,8.3950617283950593e-05,wind_direction:18.4_m:degrees
526,-2,-2.0000000000000000e+00,-2.2000000000000000e-01,-1,-1,0.0000000000000000e+00,wind_direction:18.4_m:degrees
527,7,1.4499999880790710e+00,-2.0714285714285713e-01,963,964,1.7489795918367371e-03,wave_height:0_m:m
528,9,8.8217563629150391e+01,-1.3923076923076921e-01,979,980,1.5609467455621508e-03,angle_between_wind_wave:0_m:degrees
529,5,3.5850000381469727e+01,-2.2678571428571434e-01,1129,1130,2.2218112244897364e-03,relative_humidity:18.4_m:%
530,12,-6.5193723887205124e-02,-1.7214285714285713e-01,531,532,3.3239795918367544e-03,bulk_richardson:18.4_m:none
531,-2,-2.0000000000000000e+00,-2.7200000000000002e-01,-1,-1,1.4960000000000112e-03,wind_direction:18.4_m:degrees
532,-2,-2.0000000000000000e+00,-1.5043478260869564e-01,-1,-1,1.0824196597353612e-03,wind_direction:18.4_m:degrees
533,11,2.7255499267578125e+02,-6.8148710166919563e-02,1197,1198,5.7411445584771605e-04,wind_direction:18.4_m:degrees
534,-2,-2.0000000000000000e+00,-1.3666666666666666e-01,-1,-1,1.3111111111115195e-03,wind_direction:18.4_m:degrees
535,5,6.2000000000000000e+01,-1.1813725490196077e-01,805,806,2.5622164552095168e-03,relative_humidity:18.4_m:%
536,12,-1.1547977849841118e-01,-1.6103448275862073e-01,1555,1556,1.6368608799048508e-03,bulk_richardson:18.4_m:none
537,-2,-2.0000000000000000e+00,-2.2684210526315793e-01,-1,-1,1.0531855955678501e-03,wind_direction:18.4_m:degrees
538,0,6.4398044586181641e+01,-1.7025641025641031e-01,1127,1128,2.2691650230111660e-03,zenith:0_m:degrees
539,-2,-2.0000000000000000e+00,-1.4928571428571430e-01,-1,-1,9.9234693877551378e-04,wind_direction:18.4_m:degrees
540,-2,-2.0000000000000000e+00,-5.5714285714285716e-02,-1,-1,5.3877551020409774e-04,wind_direction:18.4_m:degrees
541,12,-3.2450890168547630e-02,-3.7785714285714284e-01,1199,1200,2.8311224489796227e-03,bulk_richardson:18.4_m:none
542,5,4.5549999237060547e+01,-3.1400000000000006e-01,895,896,2.4011428571427823e-03,relative_humidity:18.4_m:%
543,5,4.6699998855590820e+01,-2.4266666666666664e-01,1937,1938,1.5128888888888831e-03,relative_humidity:18.4_m:%
544,-2,-2.0000000000000000e+00,-3.7000000000000005e-01,-1,-1,1.8000000000000793e-03,wind_direction:18.4_m:degrees
545,11,3.0244999694824219e+02,-2.0611111111111111e-01,2033,2034,1.5126543209876553e-03,wind_direction:18.4_m:degrees
546,11,2.8030000305175781e+02,-2.5941176470588223e-01,673,674,2.9202422145328394e-03,wind_direction:18.4_m:degrees
547,9,8.8972690582275391e+01,-3.8500000000000001e-01,1181,1182,4.9250000000000127e-03,angle_between_wind_wave:0_m:degrees
548,12,-3.7211993709206581e-02,-4.7212765957446812e-01,549,550,3.4976007243097962e-03,bulk_richardson:18.4_m:none
549,-2,-2.0000000000000000e+00,-3.2000000000000001e-01,-1,-1,1.0000000000000286e-04,wind_direction:18.4_m:degrees
550,5,5.0649999618530273e+01,-4.7888888888888875e-01,757,758,2.5743209876543383e-03,relative_humidity:18.4_m:%
551,3,1.0092500000000000e+03,-2.5666666666666665e-01,905,906,2.6222222222221647e-03,pressure:18.4_m:hPa
552,-2,-2.0000000000000000e+00,-1.7500000000000002e-01,-1,-1,3.4500000000003625e-04,wind_direction:18.4_m:degrees
553,1,1.6609288787841797e+02,-2.4631578947368418e-01,693,694,2.4127423822714877e-03,azimuth:0_m:degrees
554,3,9.9800000000000000e+02,-3.1294117647058828e-01,1507,1508,2.1148788927335682e-03,pressure:18.4_m:hPa
555,2,2.9005000305175781e+02,-1.7620689655172411e-01,1813,1814,1.0097502972651537e-03,water_sfc_temperature:0_m:K
556,4,9.2040452957153320e+00,-2.2718750000000004e-01,715,716,1.8327148437500135e-03,mixing_ratio:18.4_m:g_kg-1
557,-2,-2.0000000000000000e+00,-5.3333333333333333e-01,-1,-1,3.5555555555555340e-04,wind_direction:18.4_m:degrees
558,12,-3.5657595843076706e-02,-4.0714285714285708e-01,1225,1226,2.9775510204081146e-03,bulk_richardson:18.4_m:none
559,-2,-2.0000000000000000e+00,-6.5454545454545460e-02,-1,-1,7.9338842975206110e-05,wind_direction:18.4_m:degrees
560,11,1.9298999786376953e+02,-1.2567567567567567e-01,561,562,1.0457789836168553e-03,wind_direction:18.4_m:degrees
561,8,4.9000000953674316e+00,-1.4039215686274514e-01,563,564,1.3357939254132895e-03,wave_period:0_m:s
562,0,1.5377122497558594e+02,-1.1950684931506841e-01,909,910,7.9537324075813765e-04,zenith:0_m:degrees
563,9,9.0215415954589844e+01,-1.6236363636363640e-01,1185,1186,9.8168595041321291e-04,angle_between_wind_wave:0_m:degrees
564,9,8.8195262908935547e+01,-1.2806122448979593e-01,957,958,1.1115472719699926e-03,angle_between_wind_wave:0_m:degrees
565,2,2.7777499389648438e+02,-2.5583333333333336e-01,1295,1296,2.4743055555555421e-03,water_sfc_temperature:0_m:K
566,2,2.8499499511718750e+02,-3.1807017543859645e-01,567,568,4.2015389350569810e-03,water_sfc_temperature:0_m:K
567,0,6.8476238250732422e+01,-3.0680000000000007e-01,569,570,3.3617599999999775e-03,zenith:0_m:degrees
568,6,2.2550000000000000e+02,-3.9857142857142852e-01,2023,2024,2.8122448979591985e-03,wave_direction:0_m:degrees
569,0,6.1387554168701172e+01,-2.5454545454545452e-01,803,804,3.7702479338843214e-03,zenith:0_m:degrees
570,7,1.3499999642372131e+00,-3.2153846153846155e-01,999,1000,2.2591715976330862e-03,wave_height:0_m:m
571,10,1.0168938159942627e+01,-1.6686746987951806e-01,593,594,2.1588619538394326e-03,wind_speed:18.4_m:m_s-1
572,11,2.7292500305175781e+02,-1.2868421052631576e-01,785,786,1.6324792243767386e-03,wind_direction:18.4_m:degrees
573,0,4.3522527694702148e+01,-1.1093023255813955e-01,1283,1284,1.1200648999459186e-03,zenith:0_m:degrees
574,11,2.6893499755859375e+02,-1.4549180327868852e-01,967,968,1.9296761623219527e-03,wind_direction:18.4_m:degrees
575,-2,-2.0000000000000000e+00,-8.3333333333333329e-02,-1,-1,5.7777777777777775e-04,wind_direction:18.4_m:degrees
576,4,1.0745791792869568e+00,-1.5027586206896551e-01,761,762,1.8716480380499695e-03,mixing_ratio:18.4_m:g_kg-1
577,5,5.4399999618530273e+01,-3.3241379310344832e-01,809,810,2.1079667063020890e-03,relative_humidity:18.4_m:%
578,-2,-2.0000000000000000e+00,-1.9000000000000000e-01,-1,-1,-1.2490009027033011e-16,wind_direction:18.4_m:degrees
579,5,9.8049999237060547e+01,-1.3465517241379313e-01,955,956,1.0886741973840514e-03,relative_humidity:18.4_m:%
580,-2,-2.0000000000000000e+00,-7.7692307692307699e-02,-1,-1,1.2485207100592088e-03,wind_direction:18.4_m:degrees
581,-2,-2.0000000000000000e+00,-2.9999999999999999e-02,-1,-1,-1.0842021724855044e-19,wind_direction:18.4_m:degrees
582,1,5.3119764328002930e+01,-1.4666666666666661e-01,797,798,2.5914529914529832e-03,azimuth:0_m:degrees
583,-2,-2.0000000000000000e+00,-2.6500000000000001e-01,-1,-1,2.0249999999999990e-03,wind_direction:18.4_m:degrees
584,1,1.8900039672851562e+02,-1.2457142857142858e-01,1125,1126,1.6305306122449039e-03,azimuth:0_m:degrees
585,-2,-2.0000000000000000e+00,-2.7000000000000002e-01,-1,-1,0.0000000000000000e+00,wind_direction:18.4_m:degrees
586,2,2.7271499633789062e+02,-7.7595772787318315e-02,741,742,1.2835195594094002e-03,water_sfc_temperature:0_m:K
587,-2,-2.0000000000000000e+00,-6.2200000000000005e-02,-1,-1,5.9315999999999926e-04,wind_direction:18.4_m:degrees
588,11,1.0909500122070312e+02,-9.1353846153846049e-02,971,972,7.2001325443789808e-04,wind_direction:18.4_m:degrees
589,4,3.5200693607330322e+00,-2.4409638554216870e-01,907,908,2.4675569748875276e-03,mixing_ratio:18.4_m:g_kg-1
590,10,1.4442256450653076e+01,-2.7934782608695646e-01,1075,1076,2.7539224952741609e-03,wind_speed:18.4_m:m_s-1
591,0,1.3362578582763672e+02,-5.1333333333333331e-01,1141,1142,6.4222222222222181e-03,zenith:0_m:degrees
592,11,2.5315500640869141e+02,-6.3375000000000004e-01,1333,1334,2.2484374999999779e-03,wind_direction:18.4_m:degrees
593,0,1.5012943267822266e+02,-1.5426229508196718e-01,1115,1116,1.7392098898145747e-03,zenith:0_m:degrees
594,10,1.0377986907958984e+01,-2.0181818181818179e-01,1307,1308,1.6603305785124131e-03,wind_speed:18.4_m:m_s-1
595,4,3.3068192005157471e+00,-2.0898305084745764e-01,597,598,3.5023556449296292e-03,mixing_ratio:18.4_m:g_kg-1
596,11,3.1634999084472656e+02,-1.7400000000000004e-01,945,946,2.5790000000000327e-03,wind_direction:18.4_m:degrees
597,1,2.6530316162109375e+02,-1.8911764705882356e-01,695,696,2.2227508650518382e-03,azimuth:0_m:degrees
598,10,1.2371082305908203e+01,-2.3600000000000004e-01,599,600,3.9760000000000836e-03,wind_speed:18.4_m:m_s-1
599,7,7.0000001788139343e-01,-2.0724137931034486e-01,623,624,2.7096313912009645e-03,wave_height:0_m:m
600,3,1.0214499816894531e+03,-2.7571428571428569e-01,1361,1362,3.0054421768706679e-03,pressure:18.4_m:hPa
601,-2,-2.0000000000000000e+00,-4.6999999999999997e-01,-1,-1,0.0000000000000000e+00,wind_direction:18.4_m:degrees
602,10,1.4597309112548828e+01,-2.7411764705882347e-01,1873,1874,2.0712802768166338e-03,wind_speed:18.4_m:m_s-1
603,-2,-2.0000000000000000e+00,-1.2000000000000000e-01,-1,-1,8.9999999999999976e-04,wind_direction:18.4_m:degrees
604,0,1.2444308471679688e+02,-2.6099999999999995e-01,605,606,3.0390000000000000e-03,zenith:0_m:degrees
605,2,2.7462001037597656e+02,-2.8312500000000002e-01,1807,1808,1.1964843750000148e-03,water_sfc_temperature:0_m:K
606,-2,-2.0000000000000000e+00,-1.7250000000000001e-01,-1,-1,6.1875000000008451e-04,wind_direction:18.4_m:degrees
607,11,2.9039999389648438e+02,-3.9562500000000000e-01,819,820,2.1621093750000819e-03,wind_direction:18.4_m:degrees
608,-2,-2.0000000000000000e+00,-3.1900000000000001e-01,-1,-1,1.9889999999998936e-03,wind_direction:18.4_m:degrees
609,10,7.8025732040405273e+00,-6.0285714285714311e-02,1543,1544,8.6334693877551357e-04,wind_speed:18.4_m:m_s-1
610,-2,-2.0000000000000000e+00,-8.6233766233766190e-02,-1,-1,7.3776353516612648e-04,wind_direction:18.4_m:degrees
611,9,9.1671012878417969e+01,-6.7916666666666667e-02,1217,1218,1.5581597222222229e-03,angle_between_wind_wave:0_m:degrees
612,0,7.0578899383544922e+01,-2.8828039430449006e-02,613,614,6.9884556647380072e-04,zenith:0_m:degrees
613,-2,-2.0000000000000000e+00,-1.6009852216748763e-02,-1,-1,7.8063044480574653e-04,wind_direction:18.4_m:degrees
614,12,-8.6397323757410049e-02,-3.2492957746478826e-02,721,722,6.1505276730807238e-04,bulk_richardson:18.4_m:none
615,1,2.1834803771972656e+02,-2.0600000000000004e-01,753,754,1.6679999999999959e-03,azimuth:0_m:degrees
616,-2,-2.0000000000000000e+00,-2.5600000000000001e-01,-1,-1,1.2939999999999618e-03,wind_direction:18.4_m:degrees
617,6,1.8350000000000000e+02,-1.1569444444444445e-01,619,620,1.4161844135802369e-03,wave_direction:0_m:degrees
618,6,2.3650000000000000e+02,-8.9634146341463383e-02,777,778,1.4766954193932216e-03,wave_direction:0_m:degrees
619,-2,-2.0000000000000000e+00,-1.9500000000000003e-01,-1,-1,2.5833333333333264e-04,wind_direction:18.4_m:degrees
620,6,2.3850000000000000e+02,-1.1224637681159419e-01,1227,1228,1.1811856752783050e-03,wave_direction:0_m:degrees
621,-2,-2.0000000000000000e+00,-5.4000000000000004e-01,-1,-1,0.0000000000000000e+00,wind_direction:18.4_m:degrees
622,0,1.5530507659912109e+02,-3.4999999999999992e-01,683,684,4.2919999999999764e-03,zenith:0_m:degrees
623,-2,-2.0000000000000000e+00,-3.1000000000000000e-01,-1,-1,0.0000000000000000e+00,wind_direction:18.4_m:degrees
624,0,1.2929842376708984e+02,-1.9538461538461543e-01,1093,1094,1.6633136094674345e-03,zenith:0_m:degrees
625,-2,-2.0000000000000000e+00,-1.6285714285714284e-01,-1,-1,6.3469387755102705e-04,wind_direction:18.4_m:degrees
626,-2,-2.0000000000000000e+00,-8.7272727272727280e-02,-1,-1,7.1074380165288796e-04,wind_direction:18.4_m:degrees
627,7,2.2500000000000000e+00,-2.0514285714285713e-01,899,900,1.5335510204081276e-03,wave_height:0_m:m
628,3,1.0073500061035156e+03,-1.5903225806451610e-01,2015,2016,1.3377731529656441e-03,pressure:18.4_m:hPa
629,10,5.2133483886718750e+00,-2.1494252873563293e-02,667,668,3.7424819862392876e-04,wind_speed:18.4_m:m_s-1
630,-2,-2.0000000000000000e+00,-1.1500000000000000e-01,-1,-1,2.2499999999896908e-04,wind_direction:18.4_m:degrees
631,3,1.0126499938964844e+03,-2.3333333333333336e-01,1009,1010,2.8055555555555334e-03,pressure:18.4_m:hPa
632,0,5.9170396804809570e+01,-1.7626262626262632e-01,1163,1164,1.3729007244158604e-03,zenith:0_m:degrees
633,2,2.8856999206542969e+02,-9.2142857142857151e-02,1285,1286,1.7775510204081652e-03,water_sfc_temperature:0_m:K
634,10,8.0666317939758301e+00,-1.2115384615384614e-01,1411,1412,1.3461045364891733e-03,wind_speed:18.4_m:m_s-1
635,-2,-2.0000000000000000e+00,-6.6000000000000003e-01,-1,-1,0.0000000000000000e+00,wind_direction:18.4_m:degrees
636,-2,-2.0000000000000000e+00,-8.3000000000000007e-01,-1,-1,4.8999999999993493e-03,wind_direction:18.4_m:degrees
637,-2,-2.0000000000000000e+00,-2.5200000000000000e-01,-1,-1,8.9599999999998015e-04,wind_direction:18.4_m:degrees
638,3,9.9365002441406250e+02,-3.1695652173913041e-01,639,640,2.9603024574669928e-03,pressure:18.4_m:hPa
639,-2,-2.0000000000000000e+00,-2.6111111111111118e-01,-1,-1,6.3209876543206256e-04,wind_direction:18.4_m:degrees
640,3,1.0040999755859375e+03,-3.3054054054054050e-01,641,642,2.5834915997078323e-03,pressure:18.4_m:hPa
641,1,1.8338194274902344e+02,-3.5200000000000004e-01,983,984,2.1359999999999435e-03,azimuth:0_m:degrees
642,-2,-2.0000000000000000e+00,-2.8583333333333333e-01,-1,-1,5.5763888888903101e-04,wind_direction:18.4_m:degrees
643,3,1.0072500000000000e+03,-3.7903225806451601e-01,723,724,2.6603537981270409e-03,pressure:18.4_m:hPa
644,-2,-2.0000000000000000e+00,-2.6666666666666666e-01,-1,-1,2.2222222222118004e-05,wind_direction:18.4_m:degrees
645,2,2.8186500549316406e+02,-2.5547024952015277e-02,699,700,8.2508464086118608e-04,water_sfc_temperature:0_m:K
646,10,3.4216808080673218e+00,-1.5417106652587042e-02,1957,1958,4.2799392066760421e-04,wind_speed:18.4_m:m_s-1
647,3,9.9619998168945312e+02,-2.0408163265306121e-02,799,800,1.8630987088713040e-03,pressure:18.4_m:hPa
648,1,2.8854316711425781e+02,2.8235294117647053e-02,649,650,1.0391003460207614e-02,azimuth:0_m:degrees
649,-2,-2.0000000000000000e+00,-2.5000000000000001e-02,-1,-1,1.3449999999999994e-03,wind_direction:18.4_m:degrees
650,2,2.8044499206542969e+02,1.0428571428571429e-01,651,652,1.3481632653061225e-02,water_sfc_temperature:0_m:K
651,-2,-2.0000000000000000e+00,3.3000000000000002e-01,-1,-1,0.0000000000000000e+00,wind_direction:18.4_m:degrees
652,3,1.0055499877929688e+03,6.6666666666666666e-02,657,658,5.8222222222222226e-03,pressure:18.4_m:hPa
653,7,5.5000001192092896e-01,-1.0076923076923078e-01,1187,1188,1.5763313609467450e-03,wave_height:0_m:m
654,10,4.8377110958099365e+00,-4.8965517241379319e-02,655,656,7.3484938565200782e-04,wind_speed:18.4_m:m_s-1
655,6,2.0050000000000000e+02,-3.4329268292682937e-02,1643,1644,4.6357450922070186e-04,wave_direction:0_m:degrees
656,1,3.5849063110351562e+02,-5.3477443609022492e-02,1239,1240,7.3208031827689656e-04,azimuth:0_m:degrees
657,-2,-2.0000000000000000e+00,-4.0000000000000001e-02,-1,-1,3.9999999999999931e-04,wind_direction:18.4_m:degrees
658,-2,-2.0000000000000000e+00,1.2000000000000000e-01,-1,-1,0.0000000000000000e+00,wind_direction:18.4_m:degrees
659,0,1.6003778076171875e+02,-1.7888888888888885e-01,1065,1066,2.4172839506172994e-03,zenith:0_m:degrees
660,9,8.7602638244628906e+01,-2.2741935483870976e-01,829,830,2.8578563995836637e-03,angle_between_wind_wave:0_m:degrees
661,3,1.0108500061035156e+03,-5.3347639484978525e-02,1291,1292,5.5703365322624975e-04,pressure:18.4_m:hPa
662,11,3.4592999267578125e+02,-4.3097773475314592e-02,663,664,5.0598947229330959e-04,wind_direction:18.4_m:degrees
663,5,8.3350002288818359e+01,-4.2747572815533944e-02,681,682,4.4652851352624916e-04,relative_humidity:18.4_m:%
664,12,7.9848032910376787e-03,-1.6333333333333333e-01,1143,1144,6.4222222222221625e-03,bulk_richardson:18.4_m:none
665,3,9.9735000610351562e+02,-8.5604395604395617e-02,1421,1422,6.5247353379221332e-04,pressure:18.4_m:hPa
666,2,2.9152499389648438e+02,-1.0030303030303027e-01,1201,1202,6.8943985307625202e-04,water_sfc_temperature:0_m:K
667,11,1.3802500152587891e+02,-1.8285928143712535e-02,887,888,3.7183740677327741e-04,wind_direction:18.4_m:degrees
668,-2,-2.0000000000000000e+00,-2.6123110151187800e-02,-1,-1,3.4144920674161988e-04,wind_direction:18.4_m:degrees
669,-2,-2.0000000000000000e+00,-7.0624999999999993e-01,-1,-1,8.9843750000018208e-04,wind_direction:18.4_m:degrees
670,-2,-2.0000000000000000e+00,-8.2999999999999996e-01,-1,-1,-1.1102230246251565e-16,wind_direction:18.4_m:degrees
671,-2,-2.0000000000000000e+00,-5.2666666666666673e-01,-1,-1,2.2222222222201271e-05,wind_direction:18.4_m:degrees
672,11,3.1275999450683594e+02,-4.1956043956043954e-01,821,822,3.3250815118948118e-03,wind_direction:18.4_m:degrees
673,-2,-2.0000000000000000e+00,-1.8833333333333335e-01,-1,-1,1.6805555555555532e-03,wind_direction:18.4_m:degrees
674,1,6.6627792358398438e+01,-2.6629032258064517e-01,1059,1060,2.5039802289282820e-03,azimuth:0_m:degrees
675,10,1.1916384220123291e+01,-2.0352941176470590e-01,837,838,3.3993079584775238e-03,wind_speed:18.4_m:m_s-1
676,-2,-2.0000000000000000e+00,-3.1333333333333330e-01,-1,-1,2.2222222221909838e-05,wind_direction:18.4_m:degrees
677,1,2.6894589233398438e+02,-4.0500000000000003e-01,1843,1844,2.1583333333333177e-03,azimuth:0_m:degrees
678,2,2.8509999084472656e+02,-3.4608695652173915e-01,919,920,1.0803402646502452e-03,water_sfc_temperature:0_m:K
679,-2,-2.0000000000000000e+00,-5.5500000000000005e-01,-1,-1,5.6499999999998218e-04,wind_direction:18.4_m:degrees
680,-2,-2.0000000000000000e+00,-4.4750000000000001e-01,-1,-1,1.8749999999873035e-05,wind_direction:18.4_m:degrees
681,3,1.0086000061035156e+03,-3.1161616161616140e-02,1309,1310,6.3753953678196318e-04,pressure:18.4_m:hPa
682,11,2.0016999816894531e+02,-4.5504807692307650e-02,1623,1624,3.6152401534763224e-04,wind_direction:18.4_m:degrees
683,2,2.8418499755859375e+02,-3.4479166666666666e-01,755,756,3.7082899305555528e-03,water_sfc_temperature:0_m:K
684,-2,-2.0000000000000000e+00,-4.7499999999999998e-01,-1,-1,2.0250000000013590e-03,wind_direction:18.4_m:degrees
685,5,5.2649999618530273e+01,-7.2903225806451630e-02,871,872,1.7947970863683724e-03,relative_humidity:18.4_m:%
686,-2,-2.0000000000000000e+00,-1.3416666666666666e-01,-1,-1,1.1076388888889011e-03,wind_direction:18.4_m:degrees
687,-2,-2.0000000000000000e+00,-4.0714285714285720e-01,-1,-1,1.1537414965986093e-03,wind_direction:18.4_m:degrees
688,-2,-2.0000000000000000e+00,-5.4000000000000004e-01,-1,-1,-1.6653345369377348e-16,wind_direction:18.4_m:degrees
689,-2,-2.0000000000000000e+00,-3.1333333333333335e-01,-1,-1,6.5555555555553424e-04,wind_direction:18.4_m:degrees
690,-2,-2.0000000000000000e+00,-2.1888888888888891e-01,-1,-1,9.8765432098760209e-05,wind_direction:18.4_m:degrees
691,6,2.2650000000000000e+02,-7.5999999999999998e-02,1259,1260,2.7640000000000008e-03,wave_direction:0_m:degrees
692,2,2.9222000122070312e+02,-1.3607594936708869e-01,933,934,2.2365005608075486e-03,water_sfc_temperature:0_m:K
693,-2,-2.0000000000000000e+00,-2.9999999999999999e-01,-1,-1,4.0000000000001146e-04,wind_direction:18.4_m:degrees
694,-2,-2.0000000000000000e+00,-2.1500000000000000e-01,-1,-1,9.2500000000000221e-04,wind_direction:18.4_m:degrees
695,7,9.4999998807907104e-01,-1.7964912280701759e-01,697,698,1.5893505694059493e-03,wave_height:0_m:m
696,11,3.3607499694824219e+02,-2.3818181818181819e-01,1921,1922,2.6330578512396702e-03,wind_direction:18.4_m:degrees
697,-2,-2.0000000000000000e+00,-1.7060000000000006e-01,-1,-1,9.8564000000000637e-04,wind_direction:18.4_m:degrees
698,-2,-2.0000000000000000e+00,-2.4428571428571427e-01,-1,-1,1.1387755102038599e-03,wind_direction:18.4_m:degrees
699,0,8.8187110900878906e+01,-2.0387811634348985e-02,1047,1048,7.3835375726091996e-04,zenith:0_m:degrees
700,7,1.4499999880790710e+00,-3.7187499999999978e-02,1525,1526,8.2521484375000921e-04,wave_height:0_m:m
701,-2,-2.0000000000000000e+00,-3.6999999999999994e-01,-1,-1,2.7755575615628914e-17,wind_direction:18.4_m:degrees
702,-2,-2.0000000000000000e+00,-2.3499999999999999e-01,-1,-1,2.2500000000000298e-04,wind_direction:18.4_m:degrees
703,-2,-2.0000000000000000e+00,2.0000000000000000e-02,-1,-1,0.0000000000000000e+00,wind_direction:18.4_m:degrees
704,8,6.9000000953674316e+00,-1.5726114649681541e-01,1321,1322,1.4619254330804320e-03,wave_period:0_m:s
705,11,2.8250999450683594e+02,-3.9238095238095233e-01,707,708,5.5419501133786853e-03,wind_direction:18.4_m:degrees
706,-2,-2.0000000000000000e+00,-2.6500000000000001e-01,-1,-1,2.2499999999982256e-04,wind_direction:18.4_m:degrees
707,11,2.7808500671386719e+02,-3.6210526315789471e-01,709,710,5.9008310249307472e-03,wind_direction:18.4_m:degrees
708,5,4.9649999618530273e+01,-4.1739130434782606e-01,713,714,3.8627599243856447e-03,relative_humidity:18.4_m:%
709,6,2.3150000000000000e+02,-4.2714285714285710e-01,1393,1394,3.2204081632653259e-03,wave_direction:0_m:degrees
710,1,7.5038196563720703e+01,-3.2416666666666671e-01,711,712,3.5576388888888810e-03,azimuth:0_m:degrees
711,-2,-2.0000000000000000e+00,-4.0000000000000002e-01,-1,-1,0.0000000000000000e+00,wind_direction:18.4_m:degrees
712,-2,-2.0000000000000000e+00,-2.8625000000000000e-01,-1,-1,1.0234374999999879e-03,wind_direction:18.4_m:degrees
713,0,1.0021731567382812e+02,-3.7400000000000000e-01,1191,1192,3.9440000000000031e-03,zenith:0_m:degrees
714,-2,-2.0000000000000000e+00,-4.5076923076923087e-01,-1,-1,1.2378698224852214e-03,wind_direction:18.4_m:degrees
715,10,1.2901104927062988e+01,-2.2161290322580643e-01,1865,1866,8.9739854318416495e-04,wind_speed:18.4_m:m_s-1
716,-2,-2.0000000000000000e+00,-4.0000000000000002e-01,-1,-1,-1.3877787807814457e-16,wind_direction:18.4_m:degrees
717,0,1.1195925140380859e+02,-2.4769230769230768e-01,1793,1794,1.4946745562130354e-03,zenith:0_m:degrees
718,-2,-2.0000000000000000e+00,-3.4000000000000002e-01,-1,-1,5.9999999999998943e-04,wind_direction:18.4_m:degrees
719,-2,-2.0000000000000000e+00,-1.3307692307692306e-01,-1,-1,8.5207100591716198e-04,wind_direction:18.4_m:degrees
720,1,2.7552452087402344e+02,-1.9764705882352940e-01,839,840,1.9944636678200720e-03,azimuth:0_m:degrees
721,3,1.0351499633789062e+03,-3.7384615384615336e-02,1111,1112,6.5931360946746100e-04,pressure:18.4_m:hPa
722,10,4.7595105171203613e+00,-2.3764705882352917e-02,2029,2030,4.1719953863897808e-04,wind_speed:18.4_m:m_s-1
723,-2,-2.0000000000000000e+00,-2.6000000000000001e-01,-1,-1,0.0000000000000000e+00,wind_direction:18.4_m:degrees
724,4,1.0777140259742737e+00,-3.8724137931034480e-01,1147,1148,1.7992865636148325e-03,mixing_ratio:18.4_m:g_kg-1
725,-2,-2.0000000000000000e+00,-4.2307692307692310e-02,-1,-1,8.6390532544378747e-04,wind_direction:18.4_m:degrees
726,10,9.0233616828918457e+00,-9.2424242424242409e-02,1469,1470,1.7650321395775940e-03,wind_speed:18.4_m:m_s-1
727,10,9.4001455307006836e+00,-1.5261904761904757e-01,729,730,3.1240929705215609e-03,wind_speed:18.4_m:m_s-1
728,0,7.4774055480957031e+01,-1.1685185185185185e-01,731,732,3.2919410150891518e-03,zenith:0_m:degrees
729,11,2.9728498840332031e+02,-1.3599999999999998e-01,2041,2042,1.9497142857143046e-03,wind_direction:18.4_m:degrees
730,-2,-2.0000000000000000e+00,-2.3571428571428571e-01,-1,-1,7.1020408163258164e-04,wind_direction:18.4_m:degrees
731,3,1.0132500000000000e+03,-8.6923076923076936e-02,1487,1488,2.1751479289940801e-03,pressure:18.4_m:hPa
732,12,-4.2946103960275650e-02,-1.4464285714285716e-01,733,734,2.7248724489796067e-03,bulk_richardson:18.4_m:none
733,12,-5.9000898152589798e-02,-1.5599999999999997e-01,1265,1266,1.8399999999999979e-03,bulk_richardson:18.4_m:none
734,-2,-2.0000000000000000e+00,-4.9999999999999996e-02,-1,-1,6.6666666666645880e-05,wind_direction:18.4_m:degrees
735,11,3.0922500610351562e+02,-4.1999999999999998e-01,1031,1032,7.2000000000000397e-03,wind_direction:18.4_m:degrees
736,-2,-2.0000000000000000e+00,-6.2000000000000000e-01,-1,-1,-5.5511151231257827e-17,wind_direction:18.4_m:degrees
737,11,3.0331500244140625e+02,-2.7400000000000002e-01,739,740,5.0239999999999868e-03,wind_direction:18.4_m:degrees
738,-2,-2.0000000000000000e+00,-1.9699999999999998e-01,-1,-1,1.3209999999999888e-03,wind_direction:18.4_m:degrees
739,-2,-2.0000000000000000e+00,-3.3600000000000002e-01,-1,-1,2.1040000000000086e-03,wind_direction:18.4_m:degrees
740,-2,-2.0000000000000000e+00,-2.1200000000000002e-01,-1,-1,2.5599999999998541e-04,wind_direction:18.4_m:degrees
741,-2,-2.0000000000000000e+00,-1.5400000000000000e-01,-1,-1,3.8400000000000239e-04,wind_direction:18.4_m:degrees
742,11,3.1652500915527344e+02,-7.7087765957446722e-02,845,846,1.2504284673494903e-03,wind_direction:18.4_m:degrees
743,-2,-2.0000000000000000e+00,-5.6999999999999995e-01,-1,-1,1.3000000000000789e-03,wind_direction:18.4_m:degrees
744,-2,-2.0000000000000000e+00,-6.5117647058823536e-01,-1,-1,1.1044982698962258e-03,wind_direction:18.4_m:degrees
745,9,8.8242137908935547e+01,-2.8733333333333338e-01,949,950,2.1128888888888031e-03,angle_between_wind_wave:0_m:degrees
746,0,1.2427964401245117e+02,-3.5333333333333333e-01,981,982,2.7388888888890406e-03,zenith:0_m:degrees
747,3,1.0176500244140625e+03,-8.6864406779661021e-02,851,852,9.3677822464808928e-04,pressure:18.4_m:hPa
748,-2,-2.0000000000000000e+00,-1.2800000000000000e-01,-1,-1,1.2560000000000418e-03,wind_direction:18.4_m:degrees
749,-2,-2.0000000000000000e+00,-2.7374999999999999e-01,-1,-1,7.6093749999998905e-04,wind_direction:18.4_m:degrees
750,4,5.3159716129302979e+00,-3.3294117647058824e-01,1703,1704,1.5031141868512565e-03,mixing_ratio:18.4_m:g_kg-1
751,-2,-2.0000000000000000e+00,2.9999999999999999e-02,-1,-1,0.0000000000000000e+00,wind_direction:18.4_m:degrees
752,3,1.0268500366210938e+03,-9.2666666666666703e-02,1039,1040,1.5795555555555597e-03,pressure:18.4_m:hPa
753,5,9.8100002288818359e+01,-1.8200000000000000e-01,1891,1892,9.3599999999999933e-04,relative_humidity:18.4_m:%
754,12,7.4127753032371402e-04,-2.3000000000000001e-01,2025,2026,1.2479999999999714e-03,bulk_richardson:18.4_m:none
755,11,2.8571000671386719e+02,-3.2911764705882357e-01,931,932,2.7080449826989844e-03,wind_direction:18.4_m:degrees
756,2,2.8439999389648438e+02,-3.8285714285714284e-01,1251,1252,4.0918367346936269e-03,water_sfc_temperature:0_m:K
757,-2,-2.0000000000000000e+00,-5.0700000000000001e-01,-1,-1,1.2209999999999166e-03,wind_direction:18.4_m:degrees
758,11,3.0255000305175781e+02,-4.5640000000000003e-01,1029,1030,2.5190400000003887e-03,wind_direction:18.4_m:degrees
759,5,9.9099998474121094e+01,-1.3321428571428570e-01,1195,1196,1.7789540816326617e-03,relative_humidity:18.4_m:%
760,9,8.9123287200927734e+01,-1.7306122448979594e-01,1447,1448,1.0987921699291761e-03,angle_between_wind_wave:0_m:degrees
761,-2,-2.0000000000000000e+00,-2.2400000000000003e-01,-1,-1,3.8399999999999546e-04,wind_direction:18.4_m:degrees
762,7,2.2500000000000000e+00,-1.4764285714285713e-01,927,928,1.7237295918367430e-03,wave_height:0_m:m
763,-2,-2.0000000000000000e+00,-2.8200000000000003e-01,-1,-1,1.8160000000000537e-03,wind_direction:18.4_m:degrees
764,-2,-2.0000000000000000e+00,-3.7555555555555553e-01,-1,-1,2.4691358024658827e-05,wind_direction:18.4_m:degrees
765,-2,-2.0000000000000000e+00,-1.5750000000000000e-01,-1,-1,5.1874999999999838e-04,wind_direction:18.4_m:degrees
766,-2,-2.0000000000000000e+00,-6.3749999999999987e-02,-1,-1,7.2343750000000186e-04,wind_direction:18.4_m:degrees
767,-2,-2.0000000000000000e+00,-9.7777777777777797e-02,-1,-1,1.1061728395061685e-03,wind_direction:18.4_m:degrees
768,-2,-2.0000000000000000e+00,-1.7166666666666666e-01,-1,-1,4.4722222222223079e-04,wind_direction:18.4_m:degrees
769,10,1.6151968002319336e+01,-5.6562500000000004e-01,771,772,5.5246093749999337e-03,wind_speed:18.4_m:m_s-1
770,4,3.0977005958557129e+00,-5.1321428571428573e-01,773,774,3.4575255102040070e-03,mixing_ratio:18.4_m:g_kg-1
771,10,1.5998343467712402e+01,-5.2699999999999991e-01,775,776,3.8610000000000588e-03,wind_speed:18.4_m:m_s-1
772,-2,-2.0000000000000000e+00,-6.3000000000000000e-01,-1,-1,1.6666666666664276e-03,wind_direction:18.4_m:degrees
773,11,2.6208499145507812e+02,-5.2480000000000004e-01,1247,1248,2.5769599999999615e-03,wind_direction:18.4_m:degrees
774,-2,-2.0000000000000000e+00,-4.1666666666666669e-01,-1,-1,3.5555555555569218e-04,wind_direction:18.4_m:degrees
775,-2,-2.0000000000000000e+00,-5.8200000000000007e-01,-1,-1,1.6559999999999353e-03,wind_direction:18.4_m:degrees
776,-2,-2.0000000000000000e+00,-4.7199999999999998e-01,-1,-1,1.6000000000071513e-05,wind_direction:18.4_m:degrees
777,5,6.3699998855590820e+01,-8.4935064935064947e-02,1275,1276,1.1262944847360455e-03,relative_humidity:18.4_m:%
778,-2,-2.0000000000000000e+00,-1.6199999999999998e-01,-1,-1,1.2960000000000332e-03,wind_direction:18.4_m:degrees
779,9,9.0386165618896484e+01,-1.9166666666666668e-01,1439,1440,1.5638888888888855e-03,angle_between_wind_wave:0_m:degrees
780,10,9.6003170013427734e+00,-1.4091743119266062e-01,883,884,2.1220940998232379e-03,wind_speed:18.4_m:m_s-1
781,3,1.0257999877929688e+03,-8.9397590361445789e-02,1799,1800,6.4662505443460576e-04,pressure:18.4_m:hPa
782,2,2.7986500549316406e+02,-1.1172619047619049e-01,783,784,1.4130916950113488e-03,water_sfc_temperature:0_m:K
783,2,2.7848500061035156e+02,-1.5153846153846154e-01,1953,1954,1.8360946745562094e-03,water_sfc_temperature:0_m:K
784,2,2.8682000732421875e+02,-1.0443661971830986e-01,1453,1454,9.9228823646101486e-04,water_sfc_temperature:0_m:K
785,-2,-2.0000000000000000e+00,-5.0000000000000003e-02,-1,-1,2.9999999999999949e-04,wind_direction:18.4_m:degrees
786,-2,-2.0000000000000000e+00,-1.3794117647058823e-01,-1,-1,9.7517301038063317e-04,wind_direction:18.4_m:degrees
787,1,9.6254222869873047e+01,-1.3012820512820517e-01,1221,1222,2.2525476660091963e-03,azimuth:0_m:degrees
788,-2,-2.0000000000000000e+00,-1.9571428571428573e-01,-1,-1,5.1020408163250652e-04,wind_direction:18.4_m:degrees
789,-2,-2.0000000000000000e+00,-1.7000000000000001e-01,-1,-1,0.0000000000000000e+00,wind_direction:18.4_m:degrees
790,4,8.1484570503234863e+00,-4.2045728038507648e-03,1079,1080,5.5977042433615846e-04,mixing_ratio:18.4_m:g_kg-1
791,12,-1.9048067927360535e-01,-6.9671361502347415e-02,793,794,1.2163239216204909e-03,bulk_richardson:18.4_m:none
792,3,1.0058500061035156e+03,-5.3811659192825059e-02,795,796,7.3390174747129397e-04,pressure:18.4_m:hPa
793,-2,-2.0000000000000000e+00,7.0000000000000007e-02,-1,-1,0.0000000000000000e+00,wind_direction:18.4_m:degrees
794,2,2.9011000061035156e+02,-7.0995260663507087e-02,833,834,1.0411895509984045e-03,water_sfc_temperature:0_m:K
795,9,8.9916114807128906e+01,-7.0547945205479454e-02,1193,1194,6.9011071495590076e-04,angle_between_wind_wave:0_m:degrees
796,-2,-2.0000000000000000e+00,-4.5666666666666661e-02,-1,-1,5.5255555555556307e-04,wind_direction:18.4_m:degrees
797,-2,-2.0000000000000000e+00,-2.2499999999999998e-01,-1,-1,2.0250000000000129e-03,wind_direction:18.4_m:degrees
798,12,-2.8622202575206757e-02,-1.3771428571428573e-01,1893,1894,1.8747755102040929e-03,bulk_richardson:18.4_m:none
799,5,8.5900001525878906e+01,4.5000000000000005e-02,801,802,1.0925000000000001e-02,relative_humidity:18.4_m:%
800,8,6.5000000000000000e+00,-2.4673913043478261e-02,1713,1714,9.7489366729678630e-04,wave_period:0_m:s
801,-2,-2.0000000000000000e+00,1.9000000000000000e-01,-1,-1,0.0000000000000000e+00,wind_direction:18.4_m:degrees
802,-2,-2.0000000000000000e+00,-2.7500000000000004e-02,-1,-1,6.1875000000000135e-04,wind_direction:18.4_m:degrees
803,-2,-2.0000000000000000e+00,-3.5999999999999999e-01,-1,-1,0.0000000000000000e+00,wind_direction:18.4_m:degrees
804,-2,-2.0000000000000000e+00,-2.3111111111111113e-01,-1,-1,1.5876543209876470e-03,wind_direction:18.4_m:degrees
805,12,-4.2473044246435165e-02,-1.2942028985507245e-01,913,914,2.3880697332493393e-03,bulk_richardson:18.4_m:none
806,5,9.3100002288818359e+01,-9.4545454545454544e-02,807,808,2.1035812672176111e-03,relative_humidity:18.4_m:%
807,-2,-2.0000000000000000e+00,-8.2068965517241396e-02,-1,-1,1.0370986920332920e-03,wind_direction:18.4_m:degrees
808,-2,-2.0000000000000000e+00,-1.8500000000000000e-01,-1,-1,5.2499999999996300e-04,wind_direction:18.4_m:degrees
809,6,2.3550000000000000e+02,-3.4074074074074073e-01,1695,1696,1.2587105624142225e-03,wave_direction:0_m:degrees
810,-2,-2.0000000000000000e+00,-2.2000000000000000e-01,-1,-1,1.1102230246251565e-16,wind_direction:18.4_m:degrees
811,-2,-2.0000000000000000e+00,-8.9000000000000001e-01,-1,-1,0.0000000000000000e+00,wind_direction:18.4_m:degrees
812,-2,-2.0000000000000000e+00,-1.0800000000000001e+00,-1,-1,-2.2204460492503131e-16,wind_direction:18.4_m:degrees
813,0,5.4263713836669922e+01,-1.2166666666666666e-01,1091,1092,2.0805555555555612e-03,zenith:0_m:degrees
814,11,3.2579499816894531e+02,-2.1249999999999999e-01,1977,1978,3.3687500000000245e-03,wind_direction:18.4_m:degrees
815,-2,-2.0000000000000000e+00,-4.1999999999999998e-01,-1,-1,0.0000000000000000e+00,wind_direction:18.4_m:degrees
816,-2,-2.0000000000000000e+00,-5.6999999999999995e-01,-1,-1,3.2000000000000917e-03,wind_direction:18.4_m:degrees
817,-2,-2.0000000000000000e+00,-1.1666666666666667e-01,-1,-1,1.2222222222222218e-03,wind_direction:18.4_m:degrees
818,3,9.9689999389648438e+02,-1.7596153846153845e-01,1207,1208,1.3125369822485147e-03,pressure:18.4_m:hPa
819,-2,-2.0000000000000000e+00,-3.6399999999999999e-01,-1,-1,6.6399999999999793e-04,wind_direction:18.4_m:degrees
820,-2,-2.0000000000000000e+00,-4.4833333333333331e-01,-1,-1,2.1388888888881907e-04,wind_direction:18.4_m:degrees
821,0,6.4680225372314453e+01,-4.2653846153846148e-01,823,824,3.4508382642998991e-03,zenith:0_m:degrees
822,-2,-2.0000000000000000e+00,-3.7769230769230772e-01,-1,-1,5.2544378698185512e-04,wind_direction:18.4_m:degrees
823,11,2.8924000549316406e+02,-4.7083333333333338e-01,1573,1574,1.7909722222221869e-03,wind_direction:18.4_m:degrees
824,5,5.0549999237060547e+01,-4.1848484848484840e-01,825,826,3.3310376492194926e-03,relative_humidity:18.4_m:%
825,2,2.7533000183105469e+02,-4.1068965517241379e-01,827,828,2.7719381688467160e-03,water_sfc_temperature:0_m:K
826,1,1.6882413482666016e+02,-4.7499999999999998e-01,1073,1074,3.7500000000000311e-03,azimuth:0_m:degrees
827,2,2.7494499206542969e+02,-3.0333333333333334e-01,1939,1940,3.7555555555555536e-03,water_sfc_temperature:0_m:K
828,11,3.1136499023437500e+02,-4.1654545454545461e-01,1267,1268,2.0553388429752073e-03,wind_direction:18.4_m:degrees
829,-2,-2.0000000000000000e+00,-3.1666666666666665e-01,-1,-1,1.4222222222222275e-03,wind_direction:18.4_m:degrees
830,2,2.8893499755859375e+02,-2.1785714285714289e-01,1045,1046,2.0668367346938568e-03,water_sfc_temperature:0_m:K
831,-2,-2.0000000000000000e+00,-8.0000000000000002e-02,-1,-1,0.0000000000000000e+00,wind_direction:18.4_m:degrees
832,10,1.3324831962585449e+01,-2.4916666666666668e-01,1229,1230,2.3576388888888813e-03,wind_speed:18.4_m:m_s-1
833,9,9.0047084808349609e+01,-6.8131313131313140e-02,1441,1442,7.9903326191205822e-04,angle_between_wind_wave:0_m:degrees
834,6,1.7000000000000000e+02,-1.1461538461538462e-01,835,836,2.7017751479289052e-03,wave_direction:0_m:degrees
835,-2,-2.0000000000000000e+00,-2.3000000000000001e-01,-1,-1,0.0000000000000000e+00,wind_direction:18.4_m:degrees
836,-2,-2.0000000000000000e+00,-9.3636363636363643e-02,-1,-1,3.3223140495867824e-04,wind_direction:18.4_m:degrees
837,-2,-2.0000000000000000e+00,-1.2750000000000000e-01,-1,-1,7.6875000000000207e-04,wind_direction:18.4_m:degrees
838,0,1.0894251251220703e+02,-2.1366666666666664e-01,1281,1282,2.8765555555555489e-03,zenith:0_m:degrees
839,-2,-2.0000000000000000e+00,-1.8333333333333332e-01,-1,-1,5.1555555555556076e-04,wind_direction:18.4_m:degrees
840,-2,-2.0000000000000000e+00,-3.0499999999999999e-01,-1,-1,2.5000000000052758e-05,wind_direction:18.4_m:degrees
841,7,1.2500000000000000e+00,-4.4190476190476186e-01,843,844,3.7868480725624376e-03,wave_height:0_m:m
842,3,9.9170001220703125e+02,-5.0400000000000000e-01,1273,1274,2.4639999999999662e-03,pressure:18.4_m:hPa
843,-2,-2.0000000000000000e+00,-6.2000000000000000e-01,-1,-1,0.0000000000000000e+00,wind_direction:18.4_m:degrees
844,-2,-2.0000000000000000e+00,-4.3299999999999994e-01,-1,-1,2.3110000000000352e-03,wind_direction:18.4_m:degrees
845,11,2.6177000427246094e+02,-8.5018867924528271e-02,847,848,1.1766977572089752e-03,wind_direction:18.4_m:degrees
846,1,2.9989735412597656e+02,-7.2772073921971214e-02,859,860,1.2376954829678658e-03,azimuth:0_m:degrees
847,12,-6.0911234468221664e-02,-4.8076923076923087e-02,1857,1858,5.9245562130177476e-04,bulk_richardson:18.4_m:none
848,12,-7.4961941689252853e-02,-8.9037656903765638e-02,849,850,1.0756429334220392e-03,bulk_richardson:18.4_m:none
849,1,6.9933502197265625e+01,-9.8187919463087275e-02,1131,1132,1.0873203909733918e-03,azimuth:0_m:degrees
850,7,1.1500000357627869e+00,-7.3888888888888879e-02,1255,1256,6.8820987654321947e-04,wave_height:0_m:m
851,-2,-2.0000000000000000e+00,-9.5280898876404493e-02,-1,-1,6.9233682615831883e-04,wind_direction:18.4_m:degrees
852,-2,-2.0000000000000000e+00,-6.1034482758620709e-02,-1,-1,8.0237812128417484e-04,wind_direction:18.4_m:degrees
853,11,1.2482499694824219e+02,-1.0436953807740259e-02,1345,1346,3.3975913379187403e-04,wind_direction:18.4_m:degrees
854,12,1.4861253090202808e-02,-2.0550847457627129e-03,855,856,6.8327662668772680e-04,bulk_richardson:18.4_m:none
855,-2,-2.0000000000000000e+00,2.0000000000000001e-01,-1,-1,0.0000000000000000e+00,wind_direction:18.4_m:degrees
856,6,1.9550000000000000e+02,-2.4840764331210199e-03,1719,1720,5.9786333455042091e-04,wave_direction:0_m:degrees
857,1,8.2399250030517578e+01,-7.8205128205128191e-02,991,992,1.2813938198553629e-03,azimuth:0_m:degrees
858,9,8.9835685729980469e+01,-1.0045751633986928e-01,901,902,1.4592678029817594e-03,angle_between_wind_wave:0_m:degrees
859,11,3.4377000427246094e+02,-7.5616113744075744e-02,861,862,1.2085066597785363e-03,wind_direction:18.4_m:degrees
860,0,1.3742968750000000e+02,-5.4307692307692307e-02,1429,1430,1.0337514792899787e-03,zenith:0_m:degrees
861,5,8.8549999237060547e+01,-7.2409972299168901e-02,1117,1118,1.1374053299161389e-03,relative_humidity:18.4_m:%
862,2,2.8465499877929688e+02,-9.4590163934426222e-02,863,864,1.2084385917764864e-03,water_sfc_temperature:0_m:K
863,-2,-2.0000000000000000e+00,-8.2222222222222224e-02,-1,-1,6.0839506172840219e-04,wind_direction:18.4_m:degrees
864,11,3.5072999572753906e+02,-1.2937500000000002e-01,1925,1926,1.2558593749999840e-03,wind_direction:18.4_m:degrees
865,-2,-2.0000000000000000e+00,-4.1578947368421056e-02,-1,-1,6.1329639889196670e-04,wind_direction:18.4_m:degrees
866,6,2.3850000000000000e+02,-6.5670103092783483e-02,1337,1338,9.5135508555638498e-04,wave_direction:0_m:degrees
867,10,3.8487269878387451e+00,-9.2859680284191788e-03,1553,1554,2.7391289368991609e-04,wind_speed:18.4_m:m_s-1
868,11,9.9385002136230469e+01,-3.8614649681528689e-03,869,870,5.6669736855449585e-04,wind_direction:18.4_m:degrees
869,-2,-2.0000000000000000e+00,1.7999999999999999e-01,-1,-1,0.0000000000000000e+00,wind_direction:18.4_m:degrees
870,-2,-2.0000000000000000e+00,-4.0079681274900296e-03,-1,-1,5.4019117156870312e-04,wind_direction:18.4_m:degrees
871,10,1.0627075672149658e+01,-1.1777777777777779e-01,1409,1410,2.3728395061728361e-03,wind_speed:18.4_m:m_s-1
872,-2,-2.0000000000000000e+00,-5.4545454545454564e-02,-1,-1,3.9752066115701992e-04,wind_direction:18.4_m:degrees
873,-2,-2.0000000000000000e+00,-7.3333333333333334e-02,-1,-1,3.5555555555555514e-04,wind_direction:18.4_m:degrees
874,-2,-2.0000000000000000e+00,-1.9000000000000000e-01,-1,-1,4.0000000000001146e-04,wind_direction:18.4_m:degrees
875,9,9.0060623168945312e+01,-1.1963235294117647e-01,1297,1298,1.9976589532871881e-03,angle_between_wind_wave:0_m:degrees
876,2,2.8721000671386719e+02,-7.1666666666666670e-02,877,878,5.6138888888889703e-03,water_sfc_temperature:0_m:K
877,-2,-2.0000000000000000e+00,3.0000000000000002e-02,-1,-1,8.0000000000000015e-04,wind_direction:18.4_m:degrees
878,0,8.9335208892822266e+01,-1.0555555555555557e-01,1033,1034,2.6246913580246917e-03,zenith:0_m:degrees
879,-2,-2.0000000000000000e+00,2.5000000000000001e-02,-1,-1,6.2500000000000012e-04,wind_direction:18.4_m:degrees
880,1,2.1362222290039062e+02,-5.4821917808219142e-02,881,882,1.3340093826233880e-03,azimuth:0_m:degrees
881,9,9.0020160675048828e+01,-6.1457489878542500e-02,1071,1072,1.4707502171810690e-03,angle_between_wind_wave:0_m:degrees
882,0,7.9987712860107422e+01,-4.0932203389830508e-02,1809,1810,7.6269031887389485e-04,zenith:0_m:degrees
883,-2,-2.0000000000000000e+00,-7.1999999999999995e-02,-1,-1,6.1600000000000023e-04,wind_direction:18.4_m:degrees
884,6,2.2850000000000000e+02,-1.4423076923076927e-01,1355,1356,1.9551775147928843e-03,wave_direction:0_m:degrees
885,0,1.3527058410644531e+02,-4.8764705882352938e-01,1043,1044,3.2532871972317245e-03,zenith:0_m:degrees
886,-2,-2.0000000000000000e+00,-4.0000000000000002e-01,-1,-1,4.0000000000017799e-04,wind_direction:18.4_m:degrees
887,3,1.0348499755859375e+03,-9.5402298850574708e-03,1521,1522,3.5764301757167420e-04,pressure:18.4_m:hPa
888,0,1.5805986022949219e+02,-2.0409302325581340e-02,889,890,3.5220456462952700e-04,zenith:0_m:degrees
889,3,1.0321499633789062e+03,-2.0186219739292303e-02,891,892,2.9903422351223541e-04,pressure:18.4_m:hPa
890,-2,-2.0000000000000000e+00,-2.6000000000000001e-01,-1,-1,1.0685896612017132e-15,wind_direction:18.4_m:degrees
891,11,1.9038999938964844e+02,-1.9305423406279668e-02,1765,1766,2.5403706858856862e-04,wind_direction:18.4_m:degrees
892,-2,-2.0000000000000000e+00,-6.0434782608695649e-02,-1,-1,6.9981096408308109e-04,wind_direction:18.4_m:degrees
893,-2,-2.0000000000000000e+00,-6.3923076923076927e-01,-1,-1,2.3609467455619759e-03,wind_direction:18.4_m:degrees
894,-2,-2.0000000000000000e+00,-5.7299999999999995e-01,-1,-1,7.2099999999997166e-04,wind_direction:18.4_m:degrees
895,2,2.7972000122070312e+02,-3.3842105263157896e-01,1653,1654,1.9396121883656359e-03,water_sfc_temperature:0_m:K
896,-2,-2.0000000000000000e+00,-2.8499999999999998e-01,-1,-1,1.3999999999998736e-03,wind_direction:18.4_m:degrees
897,12,-3.1652545556426048e-02,-6.9199999999999995e-01,1711,1712,3.3359999999999501e-03,bulk_richardson:18.4_m:none
898,-2,-2.0000000000000000e+00,-5.9666666666666668e-01,-1,-1,2.0555555555557548e-03,wind_direction:18.4_m:degrees
899,-2,-2.0000000000000000e+00,-2.2076923076923080e-01,-1,-1,8.4556213017752263e-04,wind_direction:18.4_m:degrees
900,-2,-2.0000000000000000e+00,-1.6000000000000000e-01,-1,-1,7.7777777777779736e-04,wind_direction:18.4_m:degrees
901,3,1.0103999938964844e+03,-8.9545454545454539e-02,1423,1424,1.4088842975206566e-03,pressure:18.4_m:hPa
902,12,-4.6623913571238518e-02,-1.1523076923076922e-01,1103,1104,1.1480236686390519e-03,bulk_richardson:18.4_m:none
903,-2,-2.0000000000000000e+00,-1.0309523809523807e-01,-1,-1,1.2975623582766518e-03,wind_direction:18.4_m:degrees
904,10,1.1151688575744629e+01,-1.3527272727272729e-01,1619,1620,1.0940165289256079e-03,wind_speed:18.4_m:m_s-1
905,-2,-2.0000000000000000e+00,-2.1875000000000000e-01,-1,-1,1.5359375000000217e-03,wind_direction:18.4_m:degrees
906,-2,-2.0000000000000000e+00,-2.9999999999999999e-01,-1,-1,3.4285714285717250e-04,wind_direction:18.4_m:degrees
907,-2,-2.0000000000000000e+00,-4.0000000000000002e-01,-1,-1,0.0000000000000000e+00,wind_direction:18.4_m:degrees
908,2,2.8304000854492188e+02,-2.4219512195121959e-01,1011,1012,2.1976204640095018e-03,water_sfc_temperature:0_m:K
909,3,1.0128999938964844e+03,-1.1889807162534424e-01,1169,1170,7.3211908719049770e-04,pressure:18.4_m:hPa
910,-2,-2.0000000000000000e+00,-2.3000000000000001e-01,-1,-1,-2.7755575615628914e-17,wind_direction:18.4_m:degrees
911,6,2.3250000000000000e+02,-2.2977528089887629e-02,1557,1558,8.8158376467617852e-04,wave_direction:0_m:degrees
912,12,5.2000254392623901e-02,1.4736842105263159e-02,1419,1420,1.2775623268698106e-03,bulk_richardson:18.4_m:none
913,0,1.3359733581542969e+02,-1.3622950819672133e-01,915,916,2.2759473259876331e-03,zenith:0_m:degrees
914,-2,-2.0000000000000000e+00,-7.7499999999999999e-02,-1,-1,1.9375000000005412e-04,wind_direction:18.4_m:degrees
915,0,1.1795729446411133e+02,-1.6200000000000001e-01,917,918,2.3040000000000005e-03,zenith:0_m:degrees
916,0,1.4152237701416016e+02,-1.1833333333333333e-01,1515,1516,1.4749999999999954e-03,zenith:0_m:degrees
917,3,1.0151500244140625e+03,-1.2100000000000000e-01,1679,1680,1.6489999999999994e-03,pressure:18.4_m:hPa
918,-2,-2.0000000000000000e+00,-1.8933333333333333e-01,-1,-1,8.7288888888888833e-04,wind_direction:18.4_m:degrees
919,11,2.8709500122070312e+02,-3.3552631578947362e-01,1961,1962,6.1419667590027760e-04,wind_direction:18.4_m:degrees
920,-2,-2.0000000000000000e+00,-3.9625000000000005e-01,-1,-1,2.4843749999986509e-04,wind_direction:18.4_m:degrees
921,-2,-2.0000000000000000e+00,-3.9500000000000002e-01,-1,-1,2.2499999999997522e-04,wind_direction:18.4_m:degrees
922,-2,-2.0000000000000000e+00,-2.7000000000000002e-01,-1,-1,1.4285714285714041e-03,wind_direction:18.4_m:degrees
923,10,1.1401873111724854e+01,-2.6400000000000001e-01,1305,1306,3.6640000000000006e-03,wind_speed:18.4_m:m_s-1
924,4,3.8007580041885376e+00,-1.9113207547169814e-01,1145,1146,1.8817372730509166e-03,mixing_ratio:18.4_m:g_kg-1
925,-2,-2.0000000000000000e+00,-1.5875000000000000e-01,-1,-1,2.3593750000000177e-04,wind_direction:18.4_m:degrees
926,-2,-2.0000000000000000e+00,-7.0000000000000007e-02,-1,-1,5.1999999999999443e-04,wind_direction:18.4_m:degrees
927,12,-2.1870410069823265e-02,-1.4399999999999996e-01,929,930,1.6224615384615310e-03,bulk_richardson:18.4_m:none
928,-2,-2.0000000000000000e+00,-1.9500000000000001e-01,-1,-1,6.2500000000014627e-04,wind_direction:18.4_m:degrees
929,0,1.4885205078125000e+02,-1.4921739130434780e-01,1313,1314,1.3898223062382004e-03,zenith:0_m:degrees
930,10,8.7320399284362793e+00,-1.0400000000000000e-01,1335,1336,1.5973333333332285e-03,wind_speed:18.4_m:m_s-1
931,1,3.0933570861816406e+02,-3.1678571428571428e-01,1673,1674,1.8718112244897611e-03,azimuth:0_m:degrees
932,9,8.8094474792480469e+01,-3.8666666666666671e-01,1919,1920,2.5888888888887518e-03,angle_between_wind_wave:0_m:degrees
933,9,8.9834167480468750e+01,-1.3410256410256410e-01,959,960,1.9575279421432945e-03,angle_between_wind_wave:0_m:degrees
934,-2,-2.0000000000000000e+00,-2.8999999999999998e-01,-1,-1,1.1102230246251565e-16,wind_direction:18.4_m:degrees
935,-2,-2.0000000000000000e+00,-2.8692307692307695e-01,-1,-1,1.0520710059171573e-03,wind_direction:18.4_m:degrees
936,-2,-2.0000000000000000e+00,-3.5199999999999998e-01,-1,-1,1.1959999999999471e-03,wind_direction:18.4_m:degrees
937,-2,-2.0000000000000000e+00,-8.0000000000000004e-01,-1,-1,0.0000000000000000e+00,wind_direction:18.4_m:degrees
938,-2,-2.0000000000000000e+00,-6.3333333333333341e-01,-1,-1,3.5555555555544238e-04,wind_direction:18.4_m:degrees
939,10,6.5104954242706299e+00,-3.5125184094256273e-02,941,942,4.8256901230041434e-04,wind_speed:18.4_m:m_s-1
940,12,-3.4472573548555374e-02,-5.0458715596330250e-02,943,944,7.4199141486398475e-04,bulk_richardson:18.4_m:none
941,11,1.4936000061035156e+02,-2.9604863221884419e-02,1495,1496,4.2537578182020143e-04,wind_direction:18.4_m:degrees
942,0,6.4793495178222656e+01,-4.0314285714285671e-02,1927,1928,4.8075836734691956e-04,zenith:0_m:degrees
943,-2,-2.0000000000000000e+00,-6.8000000000000019e-02,-1,-1,3.8690909090908880e-04,wind_direction:18.4_m:degrees
944,-2,-2.0000000000000000e+00,-3.2592592592592604e-02,-1,-1,4.7105624142661641e-04,wind_direction:18.4_m:degrees
945,11,3.1351998901367188e+02,-1.6842105263157897e-01,1631,1632,2.0922437673130019e-03,wind_direction:18.4_m:degrees
946,-2,-2.0000000000000000e+00,-2.8000000000000003e-01,-1,-1,2.7755575615628914e-17,wind_direction:18.4_m:degrees
947,-2,-2.0000000000000000e+00,-4.8166666666666669e-01,-1,-1,5.1388888888886930e-04,wind_direction:18.4_m:degrees
948,-2,-2.0000000000000000e+00,-5.6714285714285706e-01,-1,-1,1.0489795918366407e-03,wind_direction:18.4_m:degrees
949,-2,-2.0000000000000000e+00,-3.6666666666666670e-01,-1,-1,3.5555555555552565e-04,wind_direction:18.4_m:degrees
950,-2,-2.0000000000000000e+00,-2.6750000000000002e-01,-1,-1,5.8541666666665770e-04,wind_direction:18.4_m:degrees
951,0,1.4492679595947266e+02,-2.2409090909090915e-01,953,954,2.1241735537189943e-03,zenith:0_m:degrees
952,-2,-2.0000000000000000e+00,-1.8111111111111111e-01,-1,-1,4.9876543209878554e-04,wind_direction:18.4_m:degrees
953,10,1.0361125946044922e+01,-2.3787878787878786e-01,1527,1528,1.6409550045913338e-03,wind_speed:18.4_m:m_s-1
954,-2,-2.0000000000000000e+00,-1.8272727272727274e-01,-1,-1,1.2925619834710522e-03,wind_direction:18.4_m:degrees
955,-2,-2.0000000000000000e+00,-1.3196428571428573e-01,-1,-1,9.1399872448980415e-04,wind_direction:18.4_m:degrees
956,-2,-2.0000000000000000e+00,-2.1000000000000002e-01,-1,-1,9.9999999999808575e-05,wind_direction:18.4_m:degrees
957,-2,-2.0000000000000000e+00,-7.6249999999999998e-02,-1,-1,6.7343750000000042e-04,wind_direction:18.4_m:degrees
958,6,2.0450000000000000e+02,-1.3266666666666665e-01,1415,1416,8.9066666666665767e-04,wave_direction:0_m:degrees
959,6,2.1250000000000000e+02,-1.5600000000000000e-01,1263,1264,1.7839999999999974e-03,wave_direction:0_m:degrees
960,-2,-2.0000000000000000e+00,-1.2041666666666666e-01,-1,-1,1.5789930555555557e-03,wind_direction:18.4_m:degrees
961,11,2.7347499084472656e+02,-2.5823529411764706e-01,1647,1648,1.3439446366781960e-03,wind_direction:18.4_m:degrees
962,-2,-2.0000000000000000e+00,-3.3600000000000002e-01,-1,-1,2.5439999999999352e-03,wind_direction:18.4_m:degrees
963,-2,-2.0000000000000000e+00,-1.6000000000000000e-01,-1,-1,1.3333333333335681e-04,wind_direction:18.4_m:degrees
964,-2,-2.0000000000000000e+00,-2.4249999999999999e-01,-1,-1,4.3749999999981304e-05,wind_direction:18.4_m:degrees
965,1,2.4540463256835938e+02,-1.2437500000000000e-01,1271,1272,1.2246093749999996e-03,azimuth:0_m:degrees
966,12,-1.9977539777755737e-03,-8.3603603603603624e-02,1021,1022,8.7169872575277620e-04,bulk_richardson:18.4_m:none
967,-2,-2.0000000000000000e+00,-2.0142857142857146e-01,-1,-1,5.5510204081631043e-04,wind_direction:18.4_m:degrees
968,4,8.6148409843444824e+00,-1.4208695652173917e-01,969,970,1.8112967863894089e-03,mixing_ratio:18.4_m:g_kg-1
969,7,3.0000000000000000e+00,-1.3833333333333336e-01,1041,1042,1.6805555555555428e-03,wave_height:0_m:m
970,-2,-2.0000000000000000e+00,-1.9999999999999998e-01,-1,-1,2.5714285714292795e-04,wind_direction:18.4_m:degrees
971,-2,-2.0000000000000000e+00,-2.9999999999999999e-02,-1,-1,2.3333333333333344e-04,wind_direction:18.4_m:degrees
972,10,9.9347319602966309e+00,-9.2507836990595588e-02,1369,1370,6.5703363764116514e-04,wind_speed:18.4_m:m_s-1
973,-2,-2.0000000000000000e+00,-2.7666666666666667e-01,-1,-1,1.6222222222222332e-03,wind_direction:18.4_m:degrees
974,6,2.2550000000000000e+02,-3.6763157894736848e-01,975,976,1.5759695290858411e-03,wave_direction:0_m:degrees
975,3,9.9725000000000000e+02,-3.8782608695652171e-01,1947,1948,8.6918714555767052e-04,pressure:18.4_m:hPa
976,-2,-2.0000000000000000e+00,-3.3666666666666667e-01,-1,-1,1.0755555555554408e-03,wind_direction:18.4_m:degrees
977,-2,-2.0000000000000000e+00,-2.8360000000000007e-01,-1,-1,1.7190399999999911e-03,wind_direction:18.4_m:degrees
978,-2,-2.0000000000000000e+00,-3.6499999999999999e-01,-1,-1,6.2500000000015321e-04,wind_direction:18.4_m:degrees
979,-2,-2.0000000000000000e+00,-1.9333333333333333e-01,-1,-1,5.2222222222222253e-04,wind_direction:18.4_m:degrees
980,-2,-2.0000000000000000e+00,-1.2300000000000003e-01,-1,-1,7.3100000000000595e-04,wind_direction:18.4_m:degrees
981,-2,-2.0000000000000000e+00,-4.1499999999999998e-01,-1,-1,7.4999999999991740e-05,wind_direction:18.4_m:degrees
982,-2,-2.0000000000000000e+00,-3.2250000000000001e-01,-1,-1,1.2187500000000184e-03,wind_direction:18.4_m:degrees
983,6,1.8650000000000000e+02,-3.1500000000000006e-01,1625,1626,1.8849999999999562e-03,wave_direction:0_m:degrees
984,-2,-2.0000000000000000e+00,-3.7666666666666665e-01,-1,-1,7.8222222222223969e-04,wind_direction:18.4_m:degrees
985,-2,-2.0000000000000000e+00,-1.8499999999999997e-01,-1,-1,8.1250000000001460e-04,wind_direction:18.4_m:degrees
986,9,9.0404846191406250e+01,-2.3375000000000010e-01,1315,1316,1.9567708333332670e-03,angle_between_wind_wave:0_m:degrees
987,11,2.7199000549316406e+02,-1.0102564102564096e-01,1491,1492,1.0074950690335416e-03,wind_direction:18.4_m:degrees
988,-2,-2.0000000000000000e+00,-1.6999999999999998e-01,-1,-1,2.5599999999999790e-03,wind_direction:18.4_m:degrees
989,-2,-2.0000000000000000e+00,-3.5823529411764704e-01,-1,-1,1.4145328719723238e-03,wind_direction:18.4_m:degrees
990,-2,-2.0000000000000000e+00,-2.9375000000000001e-01,-1,-1,1.4484374999999272e-03,wind_direction:18.4_m:degrees
991,3,1.0105499877929688e+03,-1.0375000000000001e-01,1757,1758,1.2151041666666664e-03,pressure:18.4_m:hPa
992,6,2.1500000000000000e+02,-6.6851851851851871e-02,1513,1514,8.9194101508916976e-04,wave_direction:0_m:degrees
993,0,6.9747406005859375e+01,-2.3409090909090910e-01,995,996,2.8150826446281113e-03,zenith:0_m:degrees
994,-2,-2.0000000000000000e+00,-3.4499999999999997e-01,-1,-1,3.0249999999998611e-03,wind_direction:18.4_m:degrees
995,-2,-2.0000000000000000e+00,-2.8857142857142859e-01,-1,-1,9.5510204081632188e-04,wind_direction:18.4_m:degrees
996,4,2.8068013191223145e+00,-2.0866666666666667e-01,1629,1630,1.6515555555555450e-03,mixing_ratio:18.4_m:g_kg-1
997,6,1.4500000000000000e+02,-7.4297520661156996e-02,1063,1064,1.0592172665801454e-03,wave_direction:0_m:degrees
998,-2,-2.0000000000000000e+00,1.3333333333333334e-02,-1,-1,8.8888888889015121e-05,wind_direction:18.4_m:degrees
999,-2,-2.0000000000000000e+00,-3.6875000000000002e-01,-1,-1,2.1093749999998024e-04,wind_direction:18.4_m:degrees
1000,-2,-2.0000000000000000e+00,-3.0935483870967745e-01,-1,-1,2.0640998959416956e-03,wind_direction:18.4_m:degrees
1001,-2,-2.0000000000000000e+00,-6.7000000000000004e-01,-1,-1,0.0000000000000000e+00,wind_direction:18.4_m:degrees
1002,-2,-2.0000000000000000e+00,-5.0600000000000001e-01,-1,-1,1.3040000000000274e-03,wind_direction:18.4_m:degrees
1003,-2,-2.0000000000000000e+00,-1.4000000000000001e-01,-1,-1,9.9999999999999395e-05,wind_direction:18.4_m:degrees
1004,-2,-2.0000000000000000e+00,-2.2538461538461535e-01,-1,-1,2.2485207100590709e-04,wind_direction:18.4_m:degrees
1005,-2,-2.0000000000000000e+00,-3.0476190476190483e-02,-1,-1,3.7596371882086166e-04,wind_direction:18.4_m:degrees
1006,8,4.2500000000000000e+00,-5.1111111111111107e-02,1645,1646,4.9222948438634598e-04,wave_period:0_m:s
1007,-2,-2.0000000000000000e+00,-1.2750000000000000e-01,-1,-1,1.0187500000000023e-03,wind_direction:18.4_m:degrees
1008,0,6.1173564910888672e+01,-2.1454545454545454e-01,1759,1760,1.5702479338842862e-03,zenith:0_m:degrees
1009,-2,-2.0000000000000000e+00,-2.6375000000000004e-01,-1,-1,7.2343749999997931e-04,wind_direction:18.4_m:degrees
1010,-2,-2.0000000000000000e+00,-1.7250000000000001e-01,-1,-1,1.4187499999999860e-03,wind_direction:18.4_m:degrees
1011,12,1.4794089365750551e-02,-2.2314285714285712e-01,1133,1134,2.2158367346938948e-03,bulk_richardson:18.4_m:none
1012,0,1.2362036895751953e+02,-2.5638297872340432e-01,1165,1166,1.7124490719781782e-03,zenith:0_m:degrees
1013,-2,-2.0000000000000000e+00,-3.1888888888888889e-01,-1,-1,2.0987654320990534e-04,wind_direction:18.4_m:degrees
1014,-2,-2.0000000000000000e+00,-2.2000000000000000e-01,-1,-1,6.9388939039072284e-18,wind_direction:18.4_m:degrees
1015,5,9.9049999237060547e+01,-3.0414937759335986e-02,1577,1578,2.4713073122019944e-04,relative_humidity:18.4_m:%
1016,10,6.4207670688629150e+00,-2.3517940717628631e-02,1675,1676,3.2015139419926651e-04,wind_speed:18.4_m:m_s-1
1017,-2,-2.0000000000000000e+00,-7.1666666666666667e-01,-1,-1,8.8888888888805084e-05,wind_direction:18.4_m:degrees
1018,-2,-2.0000000000000000e+00,-6.3428571428571423e-01,-1,-1,2.4530612244899608e-03,wind_direction:18.4_m:degrees
1019,-2,-2.0000000000000000e+00,-2.1500000000000002e-01,-1,-1,5.2500000000000463e-04,wind_direction:18.4_m:degrees
1020,-2,-2.0000000000000000e+00,-5.9999999999999998e-02,-1,-1,-1.4311468676808659e-17,wind_direction:18.4_m:degrees
1021,-2,-2.0000000000000000e+00,-9.1162790697674412e-02,-1,-1,7.0562466197944887e-04,wind_direction:18.4_m:degrees
1022,-2,-2.0000000000000000e+00,-5.7600000000000012e-02,-1,-1,5.7023999999999313e-04,wind_direction:18.4_m:degrees
1023,5,7.2500000000000000e+01,-6.8479999999999985e-02,2019,2020,4.4648959999999977e-04,relative_humidity:18.4_m:%
1024,-2,-2.0000000000000000e+00,-5.7620396600566580e-02,-1,-1,4.4476241683989596e-04,wind_direction:18.4_m:degrees
1025,-2,-2.0000000000000000e+00,-4.7666666666666668e-01,-1,-1,1.2222222222221246e-03,wind_direction:18.4_m:degrees
1026,3,1.0047500000000000e+03,-4.1818181818181821e-01,1617,1618,2.2876033057852296e-03,pressure:18.4_m:hPa
1027,-2,-2.0000000000000000e+00,-2.2125000000000000e-01,-1,-1,6.8593749999999731e-04,wind_direction:18.4_m:degrees
1028,1,1.8270947265625000e+02,-1.6045454545454546e-01,1991,1992,9.1342975206612498e-04,azimuth:0_m:degrees
1029,-2,-2.0000000000000000e+00,-4.6727272727272723e-01,-1,-1,1.7289256198347314e-03,wind_direction:18.4_m:degrees
1030,-2,-2.0000000000000000e+00,-3.7666666666666671e-01,-1,-1,1.0888888888888615e-03,wind_direction:18.4_m:degrees
1031,-2,-2.0000000000000000e+00,-3.5999999999999999e-01,-1,-1,0.0000000000000000e+00,wind_direction:18.4_m:degrees
1032,-2,-2.0000000000000000e+00,-5.4000000000000004e-01,-1,-1,-5.5511151231257827e-17,wind_direction:18.4_m:degrees
1033,-2,-2.0000000000000000e+00,-6.2000000000000000e-02,-1,-1,2.1599999999999614e-04,wind_direction:18.4_m:degrees
1034,-2,-2.0000000000000000e+00,-1.6000000000000000e-01,-1,-1,3.0000000000000512e-04,wind_direction:18.4_m:degrees
1035,-2,-2.0000000000000000e+00,-7.4800000000000000e-01,-1,-1,2.5600000000025602e-04,wind_direction:18.4_m:degrees
1036,-2,-2.0000000000000000e+00,-8.7000000000000000e-01,-1,-1,-3.3306690738754696e-16,wind_direction:18.4_m:degrees
1037,-2,-2.0000000000000000e+00,-3.7133333333333335e-01,-1,-1,6.7822222222219120e-04,wind_direction:18.4_m:degrees
1038,7,1.2500000000000000e+00,-4.2294117647058826e-01,1269,1270,1.9737024221453403e-03,wave_height:0_m:m
1039,-2,-2.0000000000000000e+00,-7.7333333333333337e-02,-1,-1,7.9288888888887944e-04,wind_direction:18.4_m:degrees
1040,6,2.4550000000000000e+02,-1.2333333333333334e-01,1161,1162,1.7422222222222214e-03,wave_direction:0_m:degrees
1041,1,8.8918102264404297e+01,-1.3641509433962265e-01,1097,1098,1.5135635457458017e-03,azimuth:0_m:degrees
1042,-2,-2.0000000000000000e+00,-2.3999999999999999e-01,-1,-1,-6.7307270867900115e-16,wind_direction:18.4_m:degrees
1043,-2,-2.0000000000000000e+00,-5.1363636363636367e-01,-1,-1,1.2595041322315259e-03,wind_direction:18.4_m:degrees
1044,11,3.1151000976562500e+02,-4.4000000000000000e-01,1455,1456,3.3999999999998753e-03,wind_direction:18.4_m:degrees
1045,9,9.0824813842773438e+01,-2.1259259259259261e-01,1611,1612,1.3673525377229032e-03,angle_between_wind_wave:0_m:degrees
1046,-2,-2.0000000000000000e+00,-3.5999999999999999e-01,-1,-1,-3.0531133177191805e-16,wind_direction:18.4_m:degrees
1047,4,1.2427911162376404e+00,-1.0078740157480318e-02,1401,1402,8.1180482360964778e-04,mixing_ratio:18.4_m:g_kg-1
1048,3,1.0360000000000000e+03,-2.5982905982905962e-02,1137,1138,6.0950398129885680e-04,pressure:18.4_m:hPa
1049,4,1.5802854299545288e+00,-3.7874999999999998e-01,1637,1638,1.9109375000000151e-03,mixing_ratio:18.4_m:g_kg-1
1050,3,1.0023000183105469e+03,-3.2205882352941173e-01,1051,1052,1.7928200692041152e-03,pressure:18.4_m:hPa
1051,-2,-2.0000000000000000e+00,-3.6399999999999999e-01,-1,-1,5.2399999999999669e-04,wind_direction:18.4_m:degrees
1052,-2,-2.0000000000000000e+00,-3.0458333333333337e-01,-1,-1,1.2831597222222463e-03,wind_direction:18.4_m:degrees
1053,-2,-2.0000000000000000e+00,-4.2631578947368416e-02,-1,-1,8.1939058171745234e-04,wind_direction:18.4_m:degrees
1054,9,9.0019905090332031e+01,-8.1111111111111106e-02,1055,1056,1.4543209876543214e-03,angle_between_wind_wave:0_m:degrees
1055,-2,-2.0000000000000000e+00,-5.8333333333333348e-02,-1,-1,9.2222222222222445e-04,wind_direction:18.4_m:degrees
1056,0,9.7929122924804688e+01,-9.9333333333333343e-02,1057,1058,1.1328888888888899e-03,zenith:0_m:degrees
1057,-2,-2.0000000000000000e+00,-7.8421052631578961e-02,-1,-1,4.5540166204985702e-04,wind_direction:18.4_m:degrees
1058,-2,-2.0000000000000000e+00,-1.3545454545454547e-01,-1,-1,2.4297520661156757e-04,wind_direction:18.4_m:degrees
1059,-2,-2.0000000000000000e+00,-2.1875000000000000e-01,-1,-1,4.3593749999999709e-04,wind_direction:18.4_m:degrees
1060,9,8.8408962249755859e+01,-2.7333333333333337e-01,1061,1062,2.4259259259259008e-03,angle_between_wind_wave:0_m:degrees
1061,-2,-2.0000000000000000e+00,-3.2428571428571429e-01,-1,-1,1.2530612244898015e-03,wind_direction:18.4_m:degrees
1062,2,2.7886000061035156e+02,-2.6574468085106390e-01,1095,1096,2.1563603440470508e-03,water_sfc_temperature:0_m:K
1063,5,9.6299999237060547e+01,-1.0130434782608698e-01,1485,1486,1.3591682419659672e-03,relative_humidity:18.4_m:%
1064,11,1.0210999679565430e+02,-6.7959183673469398e-02,1069,1070,7.7746772178259246e-04,wind_direction:18.4_m:degrees
1065,4,4.4275584220886230e+00,-1.7346153846153844e-01,1067,1068,1.7149408284023761e-03,mixing_ratio:18.4_m:g_kg-1
1066,-2,-2.0000000000000000e+00,-3.2000000000000001e-01,-1,-1,-2.7755575615628914e-17,wind_direction:18.4_m:degrees
1067,-2,-2.0000000000000000e+00,-1.5699999999999997e-01,-1,-1,6.5100000000000574e-04,wind_direction:18.4_m:degrees
1068,-2,-2.0000000000000000e+00,-2.2833333333333330e-01,-1,-1,1.3472222222222080e-03,wind_direction:18.4_m:degrees
1069,-2,-2.0000000000000000e+00,-1.5714285714285715e-02,-1,-1,4.5306122448979599e-04,wind_direction:18.4_m:degrees
1070,4,1.2397419452667236e+01,-7.1978021978021972e-02,1763,1764,5.7630720927424016e-04,mixing_ratio:18.4_m:g_kg-1
1071,5,4.7700000762939453e+01,-5.0303030303030301e-02,1119,1120,1.6615243342516083e-03,relative_humidity:18.4_m:%
1072,2,2.8276499938964844e+02,-6.8918918918918909e-02,1459,1460,1.2042366691015277e-03,water_sfc_temperature:0_m:K
1073,-2,-2.0000000000000000e+00,-5.1400000000000001e-01,-1,-1,1.4640000000001319e-03,wind_direction:18.4_m:degrees
1074,-2,-2.0000000000000000e+00,-4.0999999999999998e-01,-1,-1,7.9999999999985638e-04,wind_direction:18.4_m:degrees
1075,-2,-2.0000000000000000e+00,-4.1999999999999998e-01,-1,-1,0.0000000000000000e+00,wind_direction:18.4_m:degrees
1076,8,5.9000000953674316e+00,-2.7622222222222220e-01,1077,1078,2.3657283950617447e-03,wave_period:0_m:s
1077,0,9.1058090209960938e+01,-3.0444444444444446e-01,1731,1732,2.1024691358024483e-03,zenith:0_m:degrees
1078,9,8.8106456756591797e+01,-2.5740740740740742e-01,1431,1432,1.6562414266117764e-03,angle_between_wind_wave:0_m:degrees
1079,12,6.6194835305213928e-01,-6.7091412742382025e-03,1081,1082,8.2141401616009151e-04,bulk_richardson:18.4_m:none
1080,-2,-2.0000000000000000e+00,-2.2808510638297782e-03,-1,-1,3.5028708012676716e-04,wind_direction:18.4_m:degrees
1081,3,1.0365999755859375e+03,-6.1104847801578075e-03,1089,1090,4.9490549322609041e-04,pressure:18.4_m:hPa
1082,3,1.0076499938964844e+03,-4.0967741935483873e-02,1083,1084,1.8311966701352586e-02,pressure:18.4_m:hPa
1083,10,1.4003291726112366e+00,-2.4750000000000000e-01,1085,1086,5.8818749999999989e-02,wind_speed:18.4_m:m_s-1
1084,4,4.2589249610900879e+00,-1.0370370370370370e-02,1087,1088,5.0554183813443067e-03,mixing_ratio:18.4_m:g_kg-1
1085,-2,-2.0000000000000000e+00,-5.0000000000000001e-03,-1,-1,2.4999999999999957e-05,wind_direction:18.4_m:degrees
1086,-2,-2.0000000000000000e+00,-4.8999999999999999e-01,-1,-1,0.0000000000000000e+00,wind_direction:18.4_m:degrees
1087,-2,-2.0000000000000000e+00,-3.4999999999999998e-01,-1,-1,0.0000000000000000e+00,wind_direction:18.4_m:degrees
1088,-2,-2.0000000000000000e+00,2.6923076923076931e-03,-1,-1,6.4275147928994237e-04,wind_direction:18.4_m:degrees
1089,9,9.1026157379150391e+01,-6.4709236031926772e-03,1739,1740,4.6924459355972650e-04,angle_between_wind_wave:0_m:degrees
1090,12,-3.5408979654312134e+00,2.5500000000000002e-02,1159,1160,1.7347499999998991e-03,bulk_richardson:18.4_m:none
1091,-2,-2.0000000000000000e+00,-6.8000000000000005e-02,-1,-1,5.7600000000000012e-04,wind_direction:18.4_m:degrees
1092,-2,-2.0000000000000000e+00,-1.4230769230769230e-01,-1,-1,1.1254437869822505e-03,wind_direction:18.4_m:degrees
1093,-2,-2.0000000000000000e+00,-1.8190476190476193e-01,-1,-1,1.0820861678004501e-03,wind_direction:18.4_m:degrees
1094,-2,-2.0000000000000000e+00,-2.5200000000000000e-01,-1,-1,1.3599999999999723e-04,wind_direction:18.4_m:degrees
1095,12,-5.7643182575702667e-02,-2.8583333333333333e-01,1869,1870,1.4826388888889014e-03,bulk_richardson:18.4_m:none
1096,11,3.0470999145507812e+02,-2.4478260869565222e-01,1219,1220,1.9988657844990029e-03,wind_direction:18.4_m:degrees
1097,6,2.2900000000000000e+02,-1.6166666666666665e-01,1099,1100,1.6722222222222312e-03,wave_direction:0_m:degrees
1098,-2,-2.0000000000000000e+00,-1.2902439024390241e-01,-1,-1,1.2258774538964762e-03,wind_direction:18.4_m:degrees
1099,-2,-2.0000000000000000e+00,-1.4649999999999999e-01,-1,-1,5.3275000000000544e-04,wind_direction:18.4_m:degrees
1100,-2,-2.0000000000000000e+00,-2.3749999999999999e-01,-1,-1,4.6874999999999001e-04,wind_direction:18.4_m:degrees
1101,12,-2.1204456221312284e-02,-5.6692307692307686e-01,1213,1214,1.8828402366861674e-03,bulk_richardson:18.4_m:none
1102,6,2.1550000000000000e+02,-6.3285714285714290e-01,1477,1478,2.2775510204084415e-03,wave_direction:0_m:degrees
1103,-2,-2.0000000000000000e+00,-1.4047619047619048e-01,-1,-1,1.1188208616780063e-03,wind_direction:18.4_m:degrees
1104,-2,-2.0000000000000000e+00,-1.0318181818181817e-01,-1,-1,7.1260330578512728e-04,wind_direction:18.4_m:degrees
1105,9,8.9942771911621094e+01,-2.3759999999999998e-01,1107,1108,2.5302399999999822e-03,angle_between_wind_wave:0_m:degrees
1106,-2,-2.0000000000000000e+00,-2.9833333333333328e-01,-1,-1,1.2472222222223578e-03,wind_direction:18.4_m:degrees
1107,2,2.7433999633789062e+02,-2.6434782608695651e-01,1627,1628,1.5028355387523701e-03,water_sfc_temperature:0_m:K
1108,11,2.8940998840332031e+02,-2.1481481481481482e-01,1517,1518,2.2768175582990324e-03,wind_direction:18.4_m:degrees
1109,-2,-2.0000000000000000e+00,-5.0000000000000000e-01,-1,-1,0.0000000000000000e+00,wind_direction:18.4_m:degrees
1110,-2,-2.0000000000000000e+00,-6.5166666666666662e-01,-1,-1,1.5805555555554740e-03,wind_direction:18.4_m:degrees
1111,8,5.9500000476837158e+00,-3.8318385650224156e-02,1113,1114,6.1309145568984487e-04,wave_period:0_m:s
1112,-2,-2.0000000000000000e+00,8.8888888888888906e-03,-1,-1,7.6543209876545342e-04,wind_direction:18.4_m:degrees
1113,12,-3.3890053629875183e-01,-4.9333333333333319e-02,1745,1746,6.6955555555555692e-04,bulk_richardson:18.4_m:none
1114,-2,-2.0000000000000000e+00,-3.4263803680981537e-02,-1,-1,5.3120648123753896e-04,wind_direction:18.4_m:degrees
1115,12,-7.6191391795873642e-02,-1.4446808510638298e-01,1215,1216,1.4502489814395801e-03,bulk_richardson:18.4_m:none
1116,2,2.8180499267578125e+02,-1.8714285714285714e-01,1609,1610,1.3061224489795617e-03,water_sfc_temperature:0_m:K
1117,11,3.4358999633789062e+02,-7.3446327683615739e-02,1529,1530,1.0796482492259661e-03,wind_direction:18.4_m:degrees
1118,-2,-2.0000000000000000e+00,-2.0000000000000000e-02,-1,-1,1.2571428571429252e-03,wind_direction:18.4_m:degrees
1119,4,1.6832814812660217e+00,-8.1176470588235294e-02,1121,1122,2.2339100346020760e-03,mixing_ratio:18.4_m:g_kg-1
1120,3,1.0098000183105469e+03,-4.3902439024390262e-02,1123,1124,1.3042831647828690e-03,pressure:18.4_m:hPa
1121,-2,-2.0000000000000000e+00,-1.6000000000000000e-01,-1,-1,6.6666666666669733e-05,wind_direction:18.4_m:degrees
1122,11,3.3399499511718750e+02,-6.4285714285714293e-02,1879,1880,1.0816326530612239e-03,wind_direction:18.4_m:degrees
1123,-2,-2.0000000000000000e+00,-7.5882352941176484e-02,-1,-1,1.4359861591695493e-03,wind_direction:18.4_m:degrees
1124,6,1.9550000000000000e+02,-3.5538461538461547e-02,1613,1614,9.3240236686390355e-04,wave_direction:0_m:degrees
1125,-2,-2.0000000000000000e+00,-8.4444444444444447e-02,-1,-1,2.6913580246913562e-04,wind_direction:18.4_m:degrees
1126,6,2.2250000000000000e+02,-1.3846153846153847e-01,1317,1318,1.3514792899408309e-03,wave_direction:0_m:degrees
1127,-2,-2.0000000000000000e+00,-1.1200000000000002e-01,-1,-1,9.5999999999998864e-05,wind_direction:18.4_m:degrees
1128,11,2.7508000183105469e+02,-1.7882352941176471e-01,1683,1684,2.0162629757785253e-03,wind_direction:18.4_m:degrees
1129,-2,-2.0000000000000000e+00,-8.9999999999999997e-02,-1,-1,0.0000000000000000e+00,wind_direction:18.4_m:degrees
1130,-2,-2.0000000000000000e+00,-2.3185185185185192e-01,-1,-1,1.5854595336076555e-03,wind_direction:18.4_m:degrees
1131,12,-1.5281360596418381e-01,-1.2360000000000002e-01,2007,2008,1.2390399999999985e-03,bulk_richardson:18.4_m:none
1132,-2,-2.0000000000000000e+00,-9.3064516129032271e-02,-1,-1,9.0028616024973029e-04,wind_direction:18.4_m:degrees
1133,11,2.4969000244140625e+02,-2.1593749999999995e-01,1135,1136,1.7428710937500216e-03,wind_direction:18.4_m:degrees
1134,-2,-2.0000000000000000e+00,-3.0000000000000004e-01,-1,-1,7.9999999999992577e-04,wind_direction:18.4_m:degrees
1135,-2,-2.0000000000000000e+00,-1.9809523809523805e-01,-1,-1,7.6780045351473175e-04,wind_direction:18.4_m:degrees
1136,4,3.9973666667938232e+00,-2.5000000000000000e-01,1311,1312,1.8363636363637331e-03,mixing_ratio:18.4_m:g_kg-1
1137,12,-7.2953796386718750e-01,-2.7577092511013184e-02,1139,1140,5.3201498185488009e-04,bulk_richardson:18.4_m:none
1138,-2,-2.0000000000000000e+00,2.5714285714285714e-02,-1,-1,3.6734693877550997e-04,wind_direction:18.4_m:degrees
1139,-2,-2.0000000000000000e+00,-1.1000000000000000e-01,-1,-1,1.8000000000000030e-03,wind_direction:18.4_m:degrees
1140,6,1.9700000000000000e+02,-2.6473214285714242e-02,1997,1998,4.2282963966837014e-04,wave_direction:0_m:degrees
1141,-2,-2.0000000000000000e+00,-4.0000000000000002e-01,-1,-1,0.0000000000000000e+00,wind_direction:18.4_m:degrees
1142,-2,-2.0000000000000000e+00,-5.6999999999999995e-01,-1,-1,-1.1102230246251565e-16,wind_direction:18.4_m:degrees
1143,-2,-2.0000000000000000e+00,-5.0000000000000003e-02,-1,-1,0.0000000000000000e+00,wind_direction:18.4_m:degrees
1144,-2,-2.0000000000000000e+00,-2.2000000000000000e-01,-1,-1,0.0000000000000000e+00,wind_direction:18.4_m:degrees
1145,9,8.9363212585449219e+01,-1.9580000000000006e-01,1177,1178,1.5883599999999831e-03,angle_between_wind_wave:0_m:degrees
1146,-2,-2.0000000000000000e+00,-1.1333333333333334e-01,-1,-1,3.5555555555566616e-04,wind_direction:18.4_m:degrees
1147,-2,-2.0000000000000000e+00,-3.7272727272727280e-01,-1,-1,1.4289256198347366e-03,wind_direction:18.4_m:degrees
1148,-2,-2.0000000000000000e+00,-4.3285714285714288e-01,-1,-1,2.2040816326537871e-04,wind_direction:18.4_m:degrees
1149,6,2.2550000000000000e+02,-1.8444444444444444e-01,1151,1152,1.2580246913580020e-03,wave_direction:0_m:degrees
1150,-2,-2.0000000000000000e+00,-1.3833333333333334e-01,-1,-1,4.9722222222218365e-04,wind_direction:18.4_m:degrees
1151,-2,-2.0000000000000000e+00,-2.2200000000000003e-01,-1,-1,1.1599999999999805e-04,wind_direction:18.4_m:degrees
1152,-2,-2.0000000000000000e+00,-1.6999999999999998e-01,-1,-1,9.4615384615384657e-04,wind_direction:18.4_m:degrees
1153,1,1.0385957717895508e+02,-1.6933333333333331e-01,1155,1156,1.3928888888888914e-03,azimuth:0_m:degrees
1154,-2,-2.0000000000000000e+00,-7.0000000000000007e-02,-1,-1,8.6736173798840355e-17,wind_direction:18.4_m:degrees
1155,-2,-2.0000000000000000e+00,-2.1384615384615385e-01,-1,-1,1.0082840236686347e-03,wind_direction:18.4_m:degrees
1156,6,2.3950000000000000e+02,-1.5702127659574469e-01,1489,1490,7.9963784517883205e-04,wave_direction:0_m:degrees
1157,9,9.0837539672851562e+01,-1.8451882845188280e-02,1815,1816,4.5743596925824220e-04,angle_between_wind_wave:0_m:degrees
1158,-2,-2.0000000000000000e+00,-7.1428571428571425e-02,-1,-1,2.5836734693877638e-03,wind_direction:18.4_m:degrees
1159,-2,-2.0000000000000000e+00,-2.8000000000000004e-02,-1,-1,1.0959999999999995e-03,wind_direction:18.4_m:degrees
1160,-2,-2.0000000000000000e+00,4.3333333333333335e-02,-1,-1,6.7555555555555533e-04,wind_direction:18.4_m:degrees
1161,-2,-2.0000000000000000e+00,-1.3285714285714287e-01,-1,-1,5.0612244897958736e-04,wind_direction:18.4_m:degrees
1162,-2,-2.0000000000000000e+00,1.0000000000000000e-02,-1,-1,-1.1194387430912833e-17,wind_direction:18.4_m:degrees
1163,-2,-2.0000000000000000e+00,-1.4214285714285715e-01,-1,-1,1.3739795918367333e-03,wind_direction:18.4_m:degrees
1164,7,1.0500000119209290e+00,-1.8188235294117658e-01,1903,1904,1.1493979238754032e-03,wave_height:0_m:m
1165,4,9.7958350181579590e+00,-2.4527777777777779e-01,2017,2018,1.1249228395061595e-03,mixing_ratio:18.4_m:g_kg-1
1166,7,2.1499999761581421e+00,-2.9272727272727272e-01,1167,1168,1.9107438016528200e-03,wave_height:0_m:m
1167,-2,-2.0000000000000000e+00,-2.4600000000000000e-01,-1,-1,2.3999999999996247e-05,wind_direction:18.4_m:degrees
1168,-2,-2.0000000000000000e+00,-3.3166666666666672e-01,-1,-1,1.4722222222228465e-04,wind_direction:18.4_m:degrees
1169,2,2.7770999145507812e+02,-1.2419491525423727e-01,1341,1342,6.9384336397594962e-04,water_sfc_temperature:0_m:K
1170,4,1.1267912864685059e+01,-1.0905511811023617e-01,1999,2000,6.5422530845059279e-04,mixing_ratio:18.4_m:g_kg-1
1171,-2,-2.0000000000000000e+00,-8.7826086956521721e-02,-1,-1,4.1701323251417798e-04,wind_direction:18.4_m:degrees
1172,-2,-2.0000000000000000e+00,-4.6818181818181821e-02,-1,-1,4.1260330578512302e-04,wind_direction:18.4_m:degrees
1173,10,7.6782140731811523e+00,-5.3846153846153827e-03,1859,1860,1.0863905325443788e-03,wind_speed:18.4_m:m_s-1
1174,4,5.3735036849975586e+00,-4.4017857142857102e-02,1831,1832,5.7314253826531015e-04,mixing_ratio:18.4_m:g_kg-1
1175,11,3.1880999755859375e+02,-6.6728395061728382e-02,1233,1234,1.4553459838439285e-03,wind_direction:18.4_m:degrees
1176,-2,-2.0000000000000000e+00,-1.4666666666666670e-01,-1,-1,8.8888888888853657e-05,wind_direction:18.4_m:degrees
1177,1,2.6246231079101562e+02,-1.7478260869565215e-01,1179,1180,1.7727788279773248e-03,azimuth:0_m:degrees
1178,-2,-2.0000000000000000e+00,-2.1370370370370370e-01,-1,-1,7.3443072702326917e-04,wind_direction:18.4_m:degrees
1179,-2,-2.0000000000000000e+00,-1.9733333333333333e-01,-1,-1,8.1955555555556642e-04,wind_direction:18.4_m:degrees
1180,-2,-2.0000000000000000e+00,-1.3249999999999998e-01,-1,-1,8.1875000000000003e-04,wind_direction:18.4_m:degrees
1181,-2,-2.0000000000000000e+00,-3.5999999999999999e-01,-1,-1,2.1599999999999953e-03,wind_direction:18.4_m:degrees
1182,-2,-2.0000000000000000e+00,-5.1000000000000001e-01,-1,-1,1.1102230246251565e-16,wind_direction:18.4_m:degrees
1183,-2,-2.0000000000000000e+00,-5.6250000000000000e-01,-1,-1,1.6874999999999529e-04,wind_direction:18.4_m:degrees
1184,-2,-2.0000000000000000e+00,-4.0999999999999998e-01,-1,-1,-1.9428902930940239e-16,wind_direction:18.4_m:degrees
1185,-2,-2.0000000000000000e+00,-1.6937500000000005e-01,-1,-1,7.1419270833334922e-04,wind_direction:18.4_m:degrees
1186,-2,-2.0000000000000000e+00,-1.1428571428571430e-01,-1,-1,1.6734693877539820e-04,wind_direction:18.4_m:degrees
1187,-2,-2.0000000000000000e+00,-1.3571428571428573e-01,-1,-1,1.1020408163265119e-04,wind_direction:18.4_m:degrees
1188,-2,-2.0000000000000000e+00,-6.0000000000000005e-02,-1,-1,1.9999999999999792e-04,wind_direction:18.4_m:degrees
1189,-2,-2.0000000000000000e+00,-4.7341772151898748e-02,-1,-1,4.3976926774555360e-04,wind_direction:18.4_m:degrees
1190,11,1.0209000015258789e+02,-6.5730337078651668e-02,1257,1258,6.4693851786390248e-04,wind_direction:18.4_m:degrees
1191,-2,-2.0000000000000000e+00,-4.5999999999999996e-01,-1,-1,4.0000000000003921e-04,wind_direction:18.4_m:degrees
1192,11,3.1142498779296875e+02,-3.5249999999999998e-01,1571,1572,2.5187500000000140e-03,wind_direction:18.4_m:degrees
1193,-2,-2.0000000000000000e+00,-5.4000000000000013e-02,-1,-1,5.3257142857142782e-04,wind_direction:18.4_m:degrees
1194,-2,-2.0000000000000000e+00,-8.5789473684210527e-02,-1,-1,3.5069252077562108e-04,wind_direction:18.4_m:degrees
1195,-2,-2.0000000000000000e+00,-1.3814814814814816e-01,-1,-1,1.1632373113854601e-03,wind_direction:18.4_m:degrees
1196,-2,-2.0000000000000000e+00,0.0000000000000000e+00,-1,-1,0.0000000000000000e+00,wind_direction:18.4_m:degrees
1197,3,1.0020499877929688e+03,-7.0191972076788858e-02,1705,1706,4.3469264061354179e-04,pressure:18.4_m:hPa
1198,0,6.0521011352539062e+01,-5.4534883720930238e-02,1277,1278,1.2898999459166997e-03,zenith:0_m:degrees
1199,-2,-2.0000000000000000e+00,-4.3500000000000000e-01,-1,-1,2.0249999999999713e-03,wind_direction:18.4_m:degrees
1200,-2,-2.0000000000000000e+00,-3.5499999999999998e-01,-1,-1,1.3250000000000484e-03,wind_direction:18.4_m:degrees
1201,0,1.4648621368408203e+02,-9.6870748299319687e-02,1203,1204,6.3986764773936965e-04,zenith:0_m:degrees
1202,11,2.3166000366210938e+02,-1.1492753623188405e-01,1435,1436,6.3658895190089534e-04,wind_direction:18.4_m:degrees
1203,8,7.5000000000000000e+00,-9.5229681978798622e-02,1205,1206,5.7053028505787973e-04,wave_period:0_m:s
1204,-2,-2.0000000000000000e+00,-1.3909090909090910e-01,-1,-1,5.7190082644630394e-04,wind_direction:18.4_m:degrees
1205,-2,-2.0000000000000000e+00,-9.3709090909090936e-02,-1,-1,4.9751537190081963e-04,wind_direction:18.4_m:degrees
1206,-2,-2.0000000000000000e+00,-1.4750000000000002e-01,-1,-1,2.6875000000002591e-04,wind_direction:18.4_m:degrees
1207,-2,-2.0000000000000000e+00,-1.2857142857142859e-01,-1,-1,1.2244897959180767e-05,wind_direction:18.4_m:degrees
1208,-2,-2.0000000000000000e+00,-1.8333333333333338e-01,-1,-1,1.1111111111111252e-03,wind_direction:18.4_m:degrees
1209,-2,-2.0000000000000000e+00,-2.8199999999999997e-01,-1,-1,1.7600000000000948e-04,wind_direction:18.4_m:degrees
1210,2,2.8731500244140625e+02,-2.3371428571428576e-01,1329,1330,2.1719183673469117e-03,water_sfc_temperature:0_m:K
1211,-2,-2.0000000000000000e+00,-5.9933333333333338e-01,-1,-1,1.8328888888889394e-03,wind_direction:18.4_m:degrees
1212,-2,-2.0000000000000000e+00,-6.9999999999999996e-01,-1,-1,-5.5511151231257827e-17,wind_direction:18.4_m:degrees
1213,-2,-2.0000000000000000e+00,-5.8272727272727265e-01,-1,-1,5.8347107438017076e-04,wind_direction:18.4_m:degrees
1214,-2,-2.0000000000000000e+00,-4.7999999999999998e-01,-1,-1,9.9999999999933475e-05,wind_direction:18.4_m:degrees
1215,9,8.8938323974609375e+01,-1.1600000000000002e-01,2037,2038,1.2106666666666637e-03,angle_between_wind_wave:0_m:degrees
1216,8,5.4000000953674316e+00,-1.5781250000000002e-01,1821,1822,1.0045898437500006e-03,wave_period:0_m:s
1217,-2,-2.0000000000000000e+00,-5.7619047619047618e-02,-1,-1,9.3242630385487581e-04,wind_direction:18.4_m:degrees
1218,-2,-2.0000000000000000e+00,-1.4000000000000001e-01,-1,-1,-6.9388939039072284e-18,wind_direction:18.4_m:degrees
1219,-2,-2.0000000000000000e+00,-2.5944444444444442e-01,-1,-1,1.1385802469136008e-03,wind_direction:18.4_m:degrees
1220,-2,-2.0000000000000000e+00,-1.9200000000000000e-01,-1,-1,1.5359999999998847e-03,wind_direction:18.4_m:degrees
1221,10,9.2222151756286621e+00,-1.0750000000000000e-01,1479,1480,2.3770833333333317e-03,wind_speed:18.4_m:m_s-1
1222,10,8.7696986198425293e+00,-1.4018518518518522e-01,1223,1224,1.8684842249656886e-03,wind_speed:18.4_m:m_s-1
1223,-2,-2.0000000000000000e+00,-1.1666666666666665e-01,-1,-1,8.2222222222222592e-04,wind_direction:18.4_m:degrees
1224,2,2.7716000366210938e+02,-1.5515151515151512e-01,1319,1320,1.9583103764921964e-03,water_sfc_temperature:0_m:K
1225,-2,-2.0000000000000000e+00,-3.2000000000000001e-01,-1,-1,0.0000000000000000e+00,wind_direction:18.4_m:degrees
1226,3,1.0108000183105469e+03,-4.2166666666666663e-01,2003,2004,1.9972222222222336e-03,pressure:18.4_m:hPa
1227,0,6.4446334838867188e+01,-1.0829268292682924e-01,1465,1466,1.0824509220702053e-03,zenith:0_m:degrees
1228,-2,-2.0000000000000000e+00,-1.4466666666666667e-01,-1,-1,8.1155555555546821e-04,wind_direction:18.4_m:degrees
1229,-2,-2.0000000000000000e+00,-3.3499999999999996e-01,-1,-1,1.2250000000000177e-03,wind_direction:18.4_m:degrees
1230,-2,-2.0000000000000000e+00,-2.3200000000000004e-01,-1,-1,8.1599999999999034e-04,wind_direction:18.4_m:degrees
1231,-2,-2.0000000000000000e+00,-4.2799999999999994e-01,-1,-1,1.3359999999999483e-03,wind_direction:18.4_m:degrees
1232,-2,-2.0000000000000000e+00,-5.1200000000000001e-01,-1,-1,6.9600000000002993e-04,wind_direction:18.4_m:degrees
1233,12,-3.2660620287060738e-02,-7.5050505050505034e-02,1235,1236,1.5522701765125950e-03,bulk_richardson:18.4_m:none
1234,2,2.8013000488281250e+02,-5.3650793650793657e-02,1545,1546,1.0231796422272717e-03,water_sfc_temperature:0_m:K
1235,12,-1.2349091842770576e-01,-8.7500000000000022e-02,1237,1238,1.4540441176470586e-03,bulk_richardson:18.4_m:none
1236,9,9.1769752502441406e+01,-4.7741935483870977e-02,1707,1708,6.8199791883455157e-04,angle_between_wind_wave:0_m:degrees
1237,-2,-2.0000000000000000e+00,-2.3999999999999999e-01,-1,-1,0.0000000000000000e+00,wind_direction:18.4_m:degrees
1238,8,6.7000000476837158e+00,-8.5223880597014925e-02,1537,1538,1.1234573401648455e-03,wave_period:0_m:s
1239,3,1.0379000244140625e+03,-5.2767175572519004e-02,1499,1500,6.6390762484704264e-04,pressure:18.4_m:hPa
1240,1,3.5860876464843750e+02,-1.0000000000000001e-01,1241,1242,2.9999999999997945e-03,azimuth:0_m:degrees
1241,-2,-2.0000000000000000e+00,-1.7000000000000001e-01,-1,-1,0.0000000000000000e+00,wind_direction:18.4_m:degrees
1242,-2,-2.0000000000000000e+00,-5.8000000000000010e-02,-1,-1,9.5999999999997997e-05,wind_direction:18.4_m:degrees
1243,4,1.3031644821166992e+01,-1.1424369747899150e-01,1245,1246,7.7484817456395169e-04,mixing_ratio:18.4_m:g_kg-1
1244,4,1.5395606040954590e+01,-1.3362068965517238e-01,1715,1716,3.9206302021398132e-04,mixing_ratio:18.4_m:g_kg-1
1245,9,8.9235042572021484e+01,-1.1754629629629630e-01,1443,1444,7.0184970850482344e-04,angle_between_wind_wave:0_m:degrees
1246,-2,-2.0000000000000000e+00,-8.1818181818181832e-02,-1,-1,3.3305785123978384e-04,wind_direction:18.4_m:degrees
1247,-2,-2.0000000000000000e+00,-4.5333333333333331e-01,-1,-1,5.5555555555555913e-04,wind_direction:18.4_m:degrees
1248,5,3.6550001144409180e+01,-5.3454545454545455e-01,1583,1584,2.0611570247932587e-03,relative_humidity:18.4_m:%
1249,-2,-2.0000000000000000e+00,-3.4000000000000002e-01,-1,-1,0.0000000000000000e+00,wind_direction:18.4_m:degrees
1250,-2,-2.0000000000000000e+00,-4.7692307692307695e-01,-1,-1,2.2059171597632599e-03,wind_direction:18.4_m:degrees
1251,-2,-2.0000000000000000e+00,-5.1000000000000001e-01,-1,-1,0.0000000000000000e+00,wind_direction:18.4_m:degrees
1252,5,4.8899999618530273e+01,-3.7307692307692314e-01,1753,1754,3.0674556213018123e-03,relative_humidity:18.4_m:%
1253,-2,-2.0000000000000000e+00,-2.0428571428571432e-01,-1,-1,7.1020408163263021e-04,wind_direction:18.4_m:degrees
1254,-2,-2.0000000000000000e+00,-3.1000000000000000e-01,-1,-1,-1.3877787807814457e-17,wind_direction:18.4_m:degrees
1255,-2,-2.0000000000000000e+00,-6.8181818181818177e-02,-1,-1,4.6422668240850284e-04,wind_direction:18.4_m:degrees
1256,-2,-2.0000000000000000e+00,-1.0769230769230768e-01,-1,-1,6.7928994082841129e-04,wind_direction:18.4_m:degrees
1257,-2,-2.0000000000000000e+00,-2.7272727272727271e-02,-1,-1,2.9256198347107454e-04,wind_direction:18.4_m:degrees
1258,4,1.4488306999206543e+01,-6.8263473053892201e-02,1993,1994,5.6644555200976131e-04,mixing_ratio:18.4_m:g_kg-1
1259,-2,-2.0000000000000000e+00,-1.1000000000000000e-01,-1,-1,1.7000000000000019e-03,wind_direction:18.4_m:degrees
1260,-2,-2.0000000000000000e+00,-2.5000000000000001e-02,-1,-1,2.5000000000000174e-05,wind_direction:18.4_m:degrees
1261,-2,-2.0000000000000000e+00,-4.2500000000000004e-01,-1,-1,1.2249999999999761e-03,wind_direction:18.4_m:degrees
1262,-2,-2.0000000000000000e+00,-5.2777777777777779e-01,-1,-1,9.5061728395057221e-04,wind_direction:18.4_m:degrees
1263,-2,-2.0000000000000000e+00,-1.3200000000000001e-01,-1,-1,4.0266666666666576e-04,wind_direction:18.4_m:degrees
1264,11,3.3675000000000000e+02,-1.7999999999999997e-01,1483,1484,2.0133333333333461e-03,wind_direction:18.4_m:degrees
1265,10,9.2859811782836914e+00,-1.4826086956521739e-01,1917,1918,1.2317580340264755e-03,wind_speed:18.4_m:m_s-1
1266,-2,-2.0000000000000000e+00,-2.4500000000000000e-01,-1,-1,2.2499999999997522e-04,wind_direction:18.4_m:degrees
1267,4,1.7927755713462830e+00,-4.1230769230769226e-01,1587,1588,1.8446745562129829e-03,mixing_ratio:18.4_m:g_kg-1
1268,-2,-2.0000000000000000e+00,-4.8999999999999999e-01,-1,-1,3.6082248300317588e-16,wind_direction:18.4_m:degrees
1269,-2,-2.0000000000000000e+00,-3.7999999999999995e-01,-1,-1,1.5333333333333588e-03,wind_direction:18.4_m:degrees
1270,-2,-2.0000000000000000e+00,-4.4636363636363635e-01,-1,-1,6.5950413223139770e-04,wind_direction:18.4_m:degrees
1271,-2,-2.0000000000000000e+00,-1.6142857142857142e-01,-1,-1,9.7959183673473893e-05,wind_direction:18.4_m:degrees
1272,-2,-2.0000000000000000e+00,-9.5555555555555546e-02,-1,-1,2.0246913580246675e-04,wind_direction:18.4_m:degrees
1273,-2,-2.0000000000000000e+00,-5.1777777777777778e-01,-1,-1,8.3950617283945483e-04,wind_direction:18.4_m:degrees
1274,-2,-2.0000000000000000e+00,-3.8000000000000000e-01,-1,-1,1.6653345369377348e-16,wind_direction:18.4_m:degrees
1275,-2,-2.0000000000000000e+00,-9.9250000000000005e-02,-1,-1,8.2693749999999781e-04,wind_direction:18.4_m:degrees
1276,9,8.8372344970703125e+01,-6.9459459459459472e-02,1709,1710,9.8889700511321874e-04,angle_between_wind_wave:0_m:degrees
1277,-2,-2.0000000000000000e+00,-2.7222222222222221e-02,-1,-1,3.9783950617283963e-04,wind_direction:18.4_m:degrees
1278,0,6.6371032714843750e+01,-6.1764705882352958e-02,1279,1280,1.2762975778546708e-03,zenith:0_m:degrees
1279,-2,-2.0000000000000000e+00,-1.6500000000000001e-01,-1,-1,2.5000000000000716e-05,wind_direction:18.4_m:degrees
1280,-2,-2.0000000000000000e+00,-5.8636363636363639e-02,-1,-1,9.8147382920110021e-04,wind_direction:18.4_m:degrees
1281,2,2.8293499755859375e+02,-1.9809523809523810e-01,1501,1502,2.7392290249433349e-03,water_sfc_temperature:0_m:K
1282,-2,-2.0000000000000000e+00,-2.5000000000000000e-01,-1,-1,1.3111111111111518e-03,wind_direction:18.4_m:degrees
1283,-2,-2.0000000000000000e+00,-6.1666666666666675e-02,-1,-1,5.4722222222222195e-04,wind_direction:18.4_m:degrees
1284,1,2.4897454071044922e+02,-1.1891891891891895e-01,1649,1650,7.5558802045288913e-04,azimuth:0_m:degrees
1285,10,8.4466099739074707e+00,-8.3555555555555577e-02,1287,1288,1.4984691358024670e-03,wind_speed:18.4_m:m_s-1
1286,5,4.3949998855590820e+01,-1.2727272727272729e-01,1801,1802,1.3834710743802041e-03,relative_humidity:18.4_m:%
1287,-2,-2.0000000000000000e+00,-9.3333333333333338e-02,-1,-1,1.2555555555555566e-03,wind_direction:18.4_m:degrees
1288,-2,-2.0000000000000000e+00,-4.4444444444444446e-02,-1,-1,5.5802469135802016e-04,wind_direction:18.4_m:degrees
1289,-2,-2.0000000000000000e+00,-7.7000000000000002e-01,-1,-1,2.0000000000008900e-04,wind_direction:18.4_m:degrees
1290,-2,-2.0000000000000000e+00,-9.2000000000000004e-01,-1,-1,2.2204460492503131e-16,wind_direction:18.4_m:degrees
1291,0,9.8224605560302734e+01,-6.4433962264150921e-02,1293,1294,7.8694375222499151e-04,zenith:0_m:degrees
1292,2,2.9101499938964844e+02,-5.0083333333333299e-02,1973,1974,4.4249305555555188e-04,water_sfc_temperature:0_m:K
1293,-2,-2.0000000000000000e+00,-5.4615384615384621e-02,-1,-1,5.0433925049310057e-04,wind_direction:18.4_m:degrees
1294,-2,-2.0000000000000000e+00,-9.1785714285714262e-02,-1,-1,5.5752551020406965e-04,wind_direction:18.4_m:degrees
1295,-2,-2.0000000000000000e+00,-3.8000000000000000e-01,-1,-1,0.0000000000000000e+00,wind_direction:18.4_m:degrees
1296,-2,-2.0000000000000000e+00,-2.4454545454545454e-01,-1,-1,1.1702479338842678e-03,wind_direction:18.4_m:degrees
1297,9,8.9950969696044922e+01,-1.1060975609756098e-01,1299,1300,1.8788964901844205e-03,angle_between_wind_wave:0_m:degrees
1298,4,2.9553261995315552e+00,-1.3333333333333333e-01,1363,1364,1.8666666666666346e-03,mixing_ratio:18.4_m:g_kg-1
1299,11,3.3352999877929688e+02,-1.1845070422535212e-01,1301,1302,1.4778813727434927e-03,wind_direction:18.4_m:degrees
1300,5,7.1299999237060547e+01,-6.0000000000000005e-02,1877,1878,1.5090909090909699e-03,relative_humidity:18.4_m:%
1301,6,2.3850000000000000e+02,-1.2444444444444445e-01,1303,1304,1.1929453262786594e-03,wave_direction:0_m:degrees
1302,-2,-2.0000000000000000e+00,-7.1250000000000008e-02,-1,-1,1.2109374999999690e-03,wind_direction:18.4_m:degrees
1303,1,9.5128215789794922e+01,-1.2225806451612903e-01,1949,1950,9.1103017689906154e-04,azimuth:0_m:degrees
1304,-2,-2.0000000000000000e+00,-2.6000000000000001e-01,-1,-1,0.0000000000000000e+00,wind_direction:18.4_m:degrees
1305,-2,-2.0000000000000000e+00,-2.1666666666666667e-01,-1,-1,8.8888888888888351e-05,wind_direction:18.4_m:degrees
1306,-2,-2.0000000000000000e+00,-3.3499999999999996e-01,-1,-1,6.2499999999998668e-04,wind_direction:18.4_m:degrees
1307,1,7.9990703582763672e+01,-2.2066666666666671e-01,1773,1774,1.2862222222222164e-03,azimuth:0_m:degrees
1308,-2,-2.0000000000000000e+00,-1.6142857142857145e-01,-1,-1,6.9387755102078702e-05,wind_direction:18.4_m:degrees
1309,0,1.5789372253417969e+02,-4.5614035087719308e-02,1913,1914,6.1058787319175035e-04,zenith:0_m:degrees
1310,-2,-2.0000000000000000e+00,-2.5319148936170210e-02,-1,-1,5.2986268296363658e-04,wind_direction:18.4_m:degrees
1311,-2,-2.0000000000000000e+00,-1.8666666666666668e-01,-1,-1,5.5555555555555913e-04,wind_direction:18.4_m:degrees
1312,-2,-2.0000000000000000e+00,-2.7375000000000005e-01,-1,-1,2.4843749999998999e-04,wind_direction:18.4_m:degrees
1313,9,8.8949481964111328e+01,-1.4241379310344832e-01,1451,1452,1.1010701545778878e-03,angle_between_wind_wave:0_m:degrees
1314,4,2.0131005048751831e+00,-1.7035714285714287e-01,1407,1408,1.6963010204082175e-03,mixing_ratio:18.4_m:g_kg-1
1315,2,2.8208000183105469e+02,-2.5058823529411761e-01,1657,1658,1.7702422145328411e-03,water_sfc_temperature:0_m:K
1316,-2,-2.0000000000000000e+00,-1.9285714285714287e-01,-1,-1,4.8979591836702252e-05,wind_direction:18.4_m:degrees
1317,-2,-2.0000000000000000e+00,-1.7625000000000002e-01,-1,-1,5.7343749999999930e-04,wind_direction:18.4_m:degrees
1318,-2,-2.0000000000000000e+00,-1.2166666666666669e-01,-1,-1,7.8055555555555864e-04,wind_direction:18.4_m:degrees
1319,-2,-2.0000000000000000e+00,-2.0800000000000002e-01,-1,-1,2.5599999999998541e-04,wind_direction:18.4_m:degrees
1320,-2,-2.0000000000000000e+00,-1.4571428571428571e-01,-1,-1,1.6744897959183845e-03,wind_direction:18.4_m:degrees
1321,4,8.2360320091247559e+00,-1.6375000000000001e-01,1323,1324,1.4430803571427939e-03,mixing_ratio:18.4_m:g_kg-1
1322,3,1.0003000183105469e+03,-1.4111111111111108e-01,1325,1326,1.1432098765432053e-03,pressure:18.4_m:hPa
1323,10,1.2635253429412842e+01,-1.9551724137931037e-01,1327,1328,1.9695600475624145e-03,wind_speed:18.4_m:m_s-1
1324,-2,-2.0000000000000000e+00,-1.5265060240963857e-01,-1,-1,7.8333575264915786e-04,wind_direction:18.4_m:degrees
1325,-2,-2.0000000000000000e+00,-1.9333333333333333e-01,-1,-1,4.8888888888889287e-04,wind_direction:18.4_m:degrees
1326,-2,-2.0000000000000000e+00,-1.2805555555555553e-01,-1,-1,4.5455246913582090e-04,wind_direction:18.4_m:degrees
1327,-2,-2.0000000000000000e+00,-1.4333333333333334e-01,-1,-1,9.8888888888888984e-04,wind_direction:18.4_m:degrees
1328,-2,-2.0000000000000000e+00,-2.0913043478260870e-01,-1,-1,1.3296786389413937e-03,wind_direction:18.4_m:degrees
1329,12,-5.4716015234589577e-02,-2.3000000000000001e-01,1331,1332,1.7529411764705821e-03,bulk_richardson:18.4_m:none
1330,-2,-2.0000000000000000e+00,-3.5999999999999999e-01,-1,-1,-5.2735593669694936e-16,wind_direction:18.4_m:degrees
1331,-2,-2.0000000000000000e+00,-2.9249999999999998e-01,-1,-1,1.6875000000000917e-04,wind_direction:18.4_m:degrees
1332,-2,-2.0000000000000000e+00,-2.2166666666666671e-01,-1,-1,1.3738888888888967e-03,wind_direction:18.4_m:degrees
1333,-2,-2.0000000000000000e+00,-5.1000000000000001e-01,-1,-1,0.0000000000000000e+00,wind_direction:18.4_m:degrees
1334,-2,-2.0000000000000000e+00,-6.4200000000000002e-01,-1,-1,1.3093333333333845e-03,wind_direction:18.4_m:degrees
1335,-2,-2.0000000000000000e+00,-1.7000000000000001e-01,-1,-1,0.0000000000000000e+00,wind_direction:18.4_m:degrees
1336,-2,-2.0000000000000000e+00,-8.7500000000000008e-02,-1,-1,6.3541666666667128e-04,wind_direction:18.4_m:degrees
1337,0,1.3274288940429688e+02,-6.2921348314606745e-02,1339,1340,8.7685898245171579e-04,zenith:0_m:degrees
1338,-2,-2.0000000000000000e+00,-9.6250000000000002e-02,-1,-1,7.6093749999993875e-04,wind_direction:18.4_m:degrees
1339,-2,-2.0000000000000000e+00,-5.1518987341772148e-02,-1,-1,6.8376862682262502e-04,wind_direction:18.4_m:degrees
1340,5,4.1100000381469727e+01,-7.2020202020201998e-02,1535,1536,8.4440363228241878e-04,relative_humidity:18.4_m:%
1341,-2,-2.0000000000000000e+00,-1.0428571428571430e-01,-1,-1,2.9306122448979031e-04,wind_direction:18.4_m:degrees
1342,4,1.0338398456573486e+01,-1.2766169154228857e-01,1343,1344,6.8259201504914865e-04,mixing_ratio:18.4_m:g_kg-1
1343,-2,-2.0000000000000000e+00,-1.3669902912621362e-01,-1,-1,7.5221038740689791e-04,wind_direction:18.4_m:degrees
1344,-2,-2.0000000000000000e+00,-1.1816326530612245e-01,-1,-1,4.3336109954190613e-04,wind_direction:18.4_m:degrees
1345,6,2.0650000000000000e+02,9.7435897435897440e-03,1347,1348,1.6127547666009206e-03,wave_direction:0_m:degrees
1346,11,1.3029499816894531e+02,-1.0940499040307035e-02,1349,1350,2.9757995291794536e-04,wind_direction:18.4_m:degrees
1347,-2,-2.0000000000000000e+00,-2.7777777777777789e-04,-1,-1,4.4158950617283942e-04,wind_direction:18.4_m:degrees
1348,-2,-2.0000000000000000e+00,1.3000000000000000e-01,-1,-1,0.0000000000000000e+00,wind_direction:18.4_m:degrees
1349,1,3.1761457824707031e+02,-5.4166666666666669e-02,1351,1352,3.1409722222222225e-03,azimuth:0_m:degrees
1350,1,6.7771389007568359e+01,-1.0606060606060534e-02,1725,1726,2.6101244553855833e-04,azimuth:0_m:degrees
1351,-2,-2.0000000000000000e+00,-4.0909090909090909e-02,-1,-1,1.3173553719008264e-03,wind_direction:18.4_m:degrees
1352,-2,-2.0000000000000000e+00,-2.0000000000000001e-01,-1,-1,0.0000000000000000e+00,wind_direction:18.4_m:degrees
1353,-2,-2.0000000000000000e+00,-1.5833333333333335e-01,-1,-1,6.1388888888888604e-04,wind_direction:18.4_m:degrees
1354,-2,-2.0000000000000000e+00,-9.3636363636363615e-02,-1,-1,6.4132231404958120e-04,wind_direction:18.4_m:degrees
1355,3,1.0254499511718750e+03,-1.2904761904761908e-01,1803,1804,1.2324263038548666e-03,pressure:18.4_m:hPa
1356,5,5.1250000000000000e+01,-1.5451612903225806e-01,1357,1358,2.1828303850156029e-03,relative_humidity:18.4_m:%
1357,12,-7.7279124408960342e-02,-1.3600000000000001e-01,1399,1400,1.4754285714285754e-03,bulk_richardson:18.4_m:none
1358,10,9.8031473159790039e+00,-1.7851851851851852e-01,1359,1360,2.0792866941014981e-03,wind_speed:18.4_m:m_s-1
1359,-2,-2.0000000000000000e+00,-2.0909090909090911e-01,-1,-1,8.8099173553718435e-04,wind_direction:18.4_m:degrees
1360,-2,-2.0000000000000000e+00,-1.5750000000000003e-01,-1,-1,1.8187500000000009e-03,wind_direction:18.4_m:degrees
1361,1,2.6087194824218750e+02,-2.6950000000000002e-01,1403,1404,2.3447500000000204e-03,azimuth:0_m:degrees
1362,-2,-2.0000000000000000e+00,-4.0000000000000002e-01,-1,-1,-3.6082248300317588e-16,wind_direction:18.4_m:degrees
1363,-2,-2.0000000000000000e+00,-4.4999999999999998e-02,-1,-1,2.2499999999999994e-04,wind_direction:18.4_m:degrees
1364,3,1.0136000061035156e+03,-1.3673076923076924e-01,1365,1366,1.6181582840236602e-03,pressure:18.4_m:hPa
1365,9,9.0487625122070312e+01,-1.2121212121212119e-01,1367,1368,1.3864095500459132e-03,angle_between_wind_wave:0_m:degrees
1366,-2,-2.0000000000000000e+00,-1.6368421052631579e-01,-1,-1,8.7590027700831796e-04,wind_direction:18.4_m:degrees
1367,-2,-2.0000000000000000e+00,-1.4555555555555558e-01,-1,-1,9.1358024691359438e-04,wind_direction:18.4_m:degrees
1368,-2,-2.0000000000000000e+00,-9.2000000000000026e-02,-1,-1,3.8933333333333181e-04,wind_direction:18.4_m:degrees
1369,12,6.4166949596256018e-03,-8.8984374999999935e-02,1567,1568,5.7943725585938612e-04,bulk_richardson:18.4_m:none
1370,9,8.9638099670410156e+01,-1.0682539682539684e-01,1437,1438,7.1690602166789991e-04,angle_between_wind_wave:0_m:degrees
1371,0,1.2231024551391602e+02,-4.2732919254658337e-02,1373,1374,1.0341460591798204e-03,zenith:0_m:degrees
1372,8,4.9500000476837158e+00,-3.4974424552429738e-02,1383,1384,4.4239065024428092e-04,wave_period:0_m:s
1373,0,2.8923389434814453e+01,-4.0434782608695610e-02,1377,1378,8.2221899083903386e-04,zenith:0_m:degrees
1374,3,1.0063999938964844e+03,-7.2608695652173927e-02,1375,1376,2.8279773156899774e-03,pressure:18.4_m:hPa
1375,-2,-2.0000000000000000e+00,-5.5263157894736847e-02,-1,-1,4.1440443213296282e-04,wind_direction:18.4_m:degrees
1376,10,7.5565423965454102e+00,-1.5500000000000000e-01,1379,1380,6.0749999999999832e-03,wind_speed:18.4_m:m_s-1
1377,7,1.5000000000000000e+00,-6.6060606060606042e-02,1381,1382,9.5114784205693401e-04,wave_height:0_m:m
1378,2,2.7298001098632812e+02,-3.7255639097744334e-02,1391,1392,7.1464893436599519e-04,water_sfc_temperature:0_m:K
1379,-2,-2.0000000000000000e+00,-1.1000000000000000e-01,-1,-1,0.0000000000000000e+00,wind_direction:18.4_m:degrees
1380,-2,-2.0000000000000000e+00,-2.8999999999999998e-01,-1,-1,0.0000000000000000e+00,wind_direction:18.4_m:degrees
1381,-2,-2.0000000000000000e+00,-4.1176470588235307e-02,-1,-1,3.3979238754325378e-04,wind_direction:18.4_m:degrees
1382,-2,-2.0000000000000000e+00,-9.2499999999999999e-02,-1,-1,2.4375000000000438e-04,wind_direction:18.4_m:degrees
1383,4,7.5160405635833740e+00,-3.9424460431654616e-02,1833,1834,3.2305004916930130e-04,mixing_ratio:18.4_m:g_kg-1
1384,5,5.9550001144409180e+01,-3.2519841269841178e-02,1385,1386,4.9126944759383495e-04,relative_humidity:18.4_m:%
1385,-2,-2.0000000000000000e+00,-6.2000000000000013e-02,-1,-1,5.0599999999999907e-04,wind_direction:18.4_m:degrees
1386,5,8.6850002288818359e+01,-3.1923076923076839e-02,1387,1388,4.7302242292121283e-04,relative_humidity:18.4_m:%
1387,12,3.6304809618741274e-03,-2.6061452513966452e-02,1389,1390,6.1270013420305447e-04,bulk_richardson:18.4_m:none
1388,-2,-2.0000000000000000e+00,-3.5253968253968149e-02,-1,-1,3.6303073822121774e-04,wind_direction:18.4_m:degrees
1389,2,2.8159500122070312e+02,-3.5027932960893828e-02,1781,1782,5.6019475047595154e-04,water_sfc_temperature:0_m:K
1390,-2,-2.0000000000000000e+00,-1.7094972067039100e-02,-1,-1,5.0440997471989338e-04,wind_direction:18.4_m:degrees
1391,-2,-2.0000000000000000e+00,8.9999999999999997e-02,-1,-1,0.0000000000000000e+00,wind_direction:18.4_m:degrees
1392,11,3.3227499389648438e+02,-3.7735849056603724e-02,1397,1398,6.5600569597721908e-04,wind_direction:18.4_m:degrees
1393,-2,-2.0000000000000000e+00,-4.4666666666666660e-01,-1,-1,1.0888888888889170e-03,wind_direction:18.4_m:degrees
1394,-2,-2.0000000000000000e+00,-3.1000000000000000e-01,-1,-1,4.1633363423443370e-17,wind_direction:18.4_m:degrees
1395,-2,-2.0000000000000000e+00,-2.9750000000000004e-01,-1,-1,4.1874999999998164e-04,wind_direction:18.4_m:degrees
1396,-2,-2.0000000000000000e+00,-2.2687499999999999e-01,-1,-1,6.0898437500000319e-04,wind_direction:18.4_m:degrees
1397,-2,-2.0000000000000000e+00,-3.6908396946564836e-02,-1,-1,5.8242672338442336e-04,wind_direction:18.4_m:degrees
1398,-2,-2.0000000000000000e+00,-1.1000000000000000e-01,-1,-1,1.7999999999999804e-03,wind_direction:18.4_m:degrees
1399,-2,-2.0000000000000000e+00,-2.6000000000000001e-01,-1,-1,0.0000000000000000e+00,wind_direction:18.4_m:degrees
1400,-2,-2.0000000000000000e+00,-1.3235294117647059e-01,-1,-1,1.0532871972318246e-03,wind_direction:18.4_m:degrees
1401,1,2.2765776824951172e+02,1.7222222222222226e-02,1867,1868,8.3117283950617283e-04,azimuth:0_m:degrees
1402,-2,-2.0000000000000000e+00,-1.4587155963302754e-02,-1,-1,6.6519653227842821e-04,wind_direction:18.4_m:degrees
1403,2,2.7920500183105469e+02,-2.8999999999999998e-01,1405,1406,1.9538461538461116e-03,water_sfc_temperature:0_m:K
1404,-2,-2.0000000000000000e+00,-2.3142857142857146e-01,-1,-1,8.4081632653066479e-04,wind_direction:18.4_m:degrees
1405,-2,-2.0000000000000000e+00,-2.4600000000000000e-01,-1,-1,8.6400000000000365e-04,wind_direction:18.4_m:degrees
1406,-2,-2.0000000000000000e+00,-3.1750000000000000e-01,-1,-1,6.6875000000003737e-04,wind_direction:18.4_m:degrees
1407,7,9.4999998807907104e-01,-1.5277777777777776e-01,1685,1686,1.4533950617283964e-03,wave_height:0_m:m
1408,-2,-2.0000000000000000e+00,-2.0200000000000001e-01,-1,-1,5.7599999999997237e-04,wind_direction:18.4_m:degrees
1409,-2,-2.0000000000000000e+00,-1.3999999999999999e-01,-1,-1,8.2857142857143198e-04,wind_direction:18.4_m:degrees
1410,-2,-2.0000000000000000e+00,-4.0000000000000001e-02,-1,-1,1.3010426069826053e-18,wind_direction:18.4_m:degrees
1411,1,8.8153671264648438e+01,-1.0595744680851063e-01,1909,1910,1.4581258488003662e-03,azimuth:0_m:degrees
1412,10,8.1134638786315918e+00,-1.2770642201834864e-01,1413,1414,1.1552899587576812e-03,wind_speed:18.4_m:m_s-1
1413,-2,-2.0000000000000000e+00,-1.6588235294117645e-01,-1,-1,4.5951557093426576e-04,wind_direction:18.4_m:degrees
1414,3,1.0231999816894531e+03,-1.2065217391304348e-01,1787,1788,9.6479206049148412e-04,pressure:18.4_m:hPa
1415,6,1.9950000000000000e+02,-1.3022988505747121e-01,1417,1418,6.5052186550403415e-04,wave_direction:0_m:degrees
1416,-2,-2.0000000000000000e+00,-2.0333333333333334e-01,-1,-1,2.6888888888887616e-03,wind_direction:18.4_m:degrees
1417,-2,-2.0000000000000000e+00,-1.3297619047619053e-01,-1,-1,3.7566609977325235e-04,wind_direction:18.4_m:degrees
1418,-2,-2.0000000000000000e+00,-5.3333333333333337e-02,-1,-1,2.2222222222222400e-03,wind_direction:18.4_m:degrees
1419,-2,-2.0000000000000000e+00,7.0000000000000007e-02,-1,-1,1.2000000000000005e-03,wind_direction:18.4_m:degrees
1420,-2,-2.0000000000000000e+00,-1.1564823173178714e-19,-1,-1,2.6666666666666690e-04,wind_direction:18.4_m:degrees
1421,-2,-2.0000000000000000e+00,-1.1923076923076924e-01,-1,-1,6.6863905325443770e-04,wind_direction:18.4_m:degrees
1422,-2,-2.0000000000000000e+00,-8.3923076923076906e-02,-1,-1,5.9230177514792755e-04,wind_direction:18.4_m:degrees
1423,12,-1.6716117970645428e-02,-8.7058823529411744e-02,1915,1916,1.2137024221453305e-03,bulk_richardson:18.4_m:none
1424,-2,-2.0000000000000000e+00,-1.6000000000000000e-01,-1,-1,1.8000000000000689e-03,wind_direction:18.4_m:degrees
1425,-2,-2.0000000000000000e+00,-7.4999999999999997e-02,-1,-1,1.2250000000000004e-03,wind_direction:18.4_m:degrees
1426,-2,-2.0000000000000000e+00,-1.8250000000000000e-01,-1,-1,3.6875000000000102e-04,wind_direction:18.4_m:degrees
1427,-2,-2.0000000000000000e+00,-3.0333333333333334e-01,-1,-1,5.5555555555555913e-04,wind_direction:18.4_m:degrees
1428,-2,-2.0000000000000000e+00,-1.6000000000000000e-01,-1,-1,0.0000000000000000e+00,wind_direction:18.4_m:degrees
1429,-2,-2.0000000000000000e+00,-1.0000000000000000e-02,-1,-1,3.7142857142857143e-04,wind_direction:18.4_m:degrees
1430,7,2.0499999523162842e+00,-5.9655172413793117e-02,1737,1738,8.4815695600475634e-04,wave_height:0_m:m
1431,-2,-2.0000000000000000e+00,-1.9000000000000003e-01,-1,-1,-1.3877787807814457e-17,wind_direction:18.4_m:degrees
1432,-2,-2.0000000000000000e+00,-2.6583333333333337e-01,-1,-1,1.2243055555555549e-03,wind_direction:18.4_m:degrees
1433,-2,-2.0000000000000000e+00,-1.7258771929824532e-02,-1,-1,3.4051198445675759e-04,wind_direction:18.4_m:degrees
1434,-2,-2.0000000000000000e+00,2.9268292682926838e-03,-1,-1,3.8655562165377426e-04,wind_direction:18.4_m:degrees
1435,-2,-2.0000000000000000e+00,-1.1952380952380952e-01,-1,-1,4.2675736961451244e-04,wind_direction:18.4_m:degrees
1436,-2,-2.0000000000000000e+00,-6.6666666666666666e-02,-1,-1,2.8888888888889668e-04,wind_direction:18.4_m:degrees
1437,-2,-2.0000000000000000e+00,-8.4000000000000005e-02,-1,-1,2.2399999999999937e-04,wind_direction:18.4_m:degrees
1438,-2,-2.0000000000000000e+00,-1.1744186046511630e-01,-1,-1,5.9113034072470587e-04,wind_direction:18.4_m:degrees
1439,-2,-2.0000000000000000e+00,-2.1222222222222223e-01,-1,-1,1.2839506172837578e-04,wind_direction:18.4_m:degrees
1440,-2,-2.0000000000000000e+00,-1.3000000000000000e-01,-1,-1,8.0000000000001598e-04,wind_direction:18.4_m:degrees
1441,-2,-2.0000000000000000e+00,-6.0695652173913026e-02,-1,-1,7.5777693761814582e-04,wind_direction:18.4_m:degrees
1442,-2,-2.0000000000000000e+00,-7.8433734939759067e-02,-1,-1,6.7345042821890817e-04,wind_direction:18.4_m:degrees
1443,5,9.1799999237060547e+01,-1.0024390243902440e-01,1445,1446,6.6091612135633568e-04,relative_humidity:18.4_m:%
1444,3,1.0161999816894531e+03,-1.2160000000000004e-01,1669,1670,6.2486857142857177e-04,pressure:18.4_m:hPa
1445,-2,-2.0000000000000000e+00,-1.2100000000000000e-01,-1,-1,3.6900000000000821e-04,wind_direction:18.4_m:degrees
1446,-2,-2.0000000000000000e+00,-8.0476190476190493e-02,-1,-1,1.3786848072561836e-04,wind_direction:18.4_m:degrees
1447,-2,-2.0000000000000000e+00,-1.4384615384615385e-01,-1,-1,5.1597633136095042e-04,wind_direction:18.4_m:degrees
1448,7,2.4500000476837158e+00,-1.8361111111111111e-01,1523,1524,8.8973765432098090e-04,wave_height:0_m:m
1449,-2,-2.0000000000000000e+00,-2.9785714285714276e-01,-1,-1,1.3882653061225020e-03,wind_direction:18.4_m:degrees
1450,-2,-2.0000000000000000e+00,-2.4700000000000003e-01,-1,-1,9.4100000000001127e-04,wind_direction:18.4_m:degrees
1451,-2,-2.0000000000000000e+00,-1.2379310344827589e-01,-1,-1,7.2699167657550197e-04,wind_direction:18.4_m:degrees
1452,0,1.2119620132446289e+02,-1.5172413793103443e-01,1971,1972,1.0280618311533686e-03,zenith:0_m:degrees
1453,-2,-2.0000000000000000e+00,-9.9107142857142866e-02,-1,-1,9.4384566326530424e-04,wind_direction:18.4_m:degrees
1454,-2,-2.0000000000000000e+00,-1.2433333333333332e-01,-1,-1,6.7122222222221195e-04,wind_direction:18.4_m:degrees
1455,-2,-2.0000000000000000e+00,-3.8999999999999996e-01,-1,-1,1.7999999999999405e-03,wind_direction:18.4_m:degrees
1456,-2,-2.0000000000000000e+00,-4.8999999999999999e-01,-1,-1,0.0000000000000000e+00,wind_direction:18.4_m:degrees
1457,-2,-2.0000000000000000e+00,-3.1200000000000000e-01,-1,-1,6.5600000000000380e-04,wind_direction:18.4_m:degrees
1458,-2,-2.0000000000000000e+00,-2.3000000000000001e-01,-1,-1,1.2000000000000205e-03,wind_direction:18.4_m:degrees
1459,2,2.8158499145507812e+02,-6.5671641791044760e-02,1461,1462,1.0141011361104952e-03,water_sfc_temperature:0_m:K
1460,0,6.8528419494628906e+01,-1.0000000000000002e-01,1463,1464,1.9571428571428153e-03,zenith:0_m:degrees
1461,-2,-2.0000000000000000e+00,-7.0330578512396671e-02,-1,-1,8.1476675090499939e-04,wind_direction:18.4_m:degrees
1462,-2,-2.0000000000000000e+00,-2.2307692307692313e-02,-1,-1,7.8698224852067396e-04,wind_direction:18.4_m:degrees
1463,-2,-2.0000000000000000e+00,-8.0909090909090917e-02,-1,-1,2.9917355371900795e-04,wind_direction:18.4_m:degrees
1464,-2,-2.0000000000000000e+00,-1.7000000000000001e-01,-1,-1,1.7999999999999822e-03,wind_direction:18.4_m:degrees
1465,5,7.5950000762939453e+01,-1.2687499999999999e-01,1467,1468,1.4777343750000012e-03,relative_humidity:18.4_m:%
1466,0,6.4663619995117188e+01,-1.0175824175824177e-01,1775,1776,7.7932616833716571e-04,zenith:0_m:degrees
1467,-2,-2.0000000000000000e+00,-1.1724137931034480e-01,-1,-1,6.4066587395957518e-04,wind_direction:18.4_m:degrees
1468,-2,-2.0000000000000000e+00,-2.2000000000000000e-01,-1,-1,-6.2450045135165055e-17,wind_direction:18.4_m:degrees
1469,2,2.9027999877929688e+02,-8.2624999999999976e-02,1471,1472,1.5318593750000059e-03,water_sfc_temperature:0_m:K
1470,4,1.2405422329902649e+00,-1.0164705882352938e-01,1475,1476,1.8090519031141832e-03,mixing_ratio:18.4_m:g_kg-1
1471,4,4.1093546152114868e+00,-7.6478873239436612e-02,1777,1778,1.0425312438008365e-03,mixing_ratio:18.4_m:g_kg-1
1472,1,1.5021346282958984e+02,-1.3111111111111109e-01,1473,1474,2.7432098765432511e-03,azimuth:0_m:degrees
1473,-2,-2.0000000000000000e+00,-1.0571428571428572e-01,-1,-1,1.6734693877550923e-04,wind_direction:18.4_m:degrees
1474,-2,-2.0000000000000000e+00,-2.2000000000000000e-01,-1,-1,1.6000000000000111e-03,wind_direction:18.4_m:degrees
1475,-2,-2.0000000000000000e+00,-6.0999999999999999e-02,-1,-1,1.6890000000000000e-03,wind_direction:18.4_m:degrees
1476,11,3.4755999755859375e+02,-1.0706666666666663e-01,1547,1548,1.5753955555555636e-03,wind_direction:18.4_m:degrees
1477,-2,-2.0000000000000000e+00,-5.6000000000000005e-01,-1,-1,0.0000000000000000e+00,wind_direction:18.4_m:degrees
1478,-2,-2.0000000000000000e+00,-6.6200000000000014e-01,-1,-1,2.1599999999988295e-04,wind_direction:18.4_m:degrees
1479,9,9.0227287292480469e+01,-9.4736842105263161e-02,1481,1482,2.0249307479224387e-03,angle_between_wind_wave:0_m:degrees
1480,-2,-2.0000000000000000e+00,-1.5600000000000000e-01,-1,-1,7.4399999999996691e-04,wind_direction:18.4_m:degrees
1481,9,8.9972877502441406e+01,-8.0000000000000016e-02,1935,1936,1.5066666666666674e-03,angle_between_wind_wave:0_m:degrees
1482,-2,-2.0000000000000000e+00,-1.5000000000000002e-01,-1,-1,9.9999999999988987e-05,wind_direction:18.4_m:degrees
1483,-2,-2.0000000000000000e+00,-1.6769230769230767e-01,-1,-1,1.1869822485207279e-03,wind_direction:18.4_m:degrees
1484,-2,-2.0000000000000000e+00,-2.6000000000000001e-01,-1,-1,-1.3877787807814457e-17,wind_direction:18.4_m:degrees
1485,-2,-2.0000000000000000e+00,-9.5909090909090930e-02,-1,-1,7.5144628099173272e-04,wind_direction:18.4_m:degrees
1486,-2,-2.0000000000000000e+00,-2.2000000000000000e-01,-1,-1,-1.1796119636642288e-16,wind_direction:18.4_m:degrees
1487,2,2.7770500183105469e+02,-1.0277777777777779e-01,1639,1640,1.9756172839506154e-03,water_sfc_temperature:0_m:K
1488,-2,-2.0000000000000000e+00,-5.1250000000000004e-02,-1,-1,7.8593749999999714e-04,wind_direction:18.4_m:degrees
1489,-2,-2.0000000000000000e+00,-1.5162790697674422e-01,-1,-1,5.2990805840994609e-04,wind_direction:18.4_m:degrees
1490,-2,-2.0000000000000000e+00,-2.1500000000000000e-01,-1,-1,2.5000000000031941e-05,wind_direction:18.4_m:degrees
1491,1,3.5041395568847656e+02,-1.0339285714285706e-01,1493,1494,9.2063137755103719e-04,azimuth:0_m:degrees
1492,-2,-2.0000000000000000e+00,-4.8000000000000001e-02,-1,-1,1.5999999999917990e-05,wind_direction:18.4_m:degrees
1493,3,9.9295001220703125e+02,-1.0596330275229351e-01,1823,1824,6.9930140560560752e-04,pressure:18.4_m:hPa
1494,-2,-2.0000000000000000e+00,-1.0000000000000000e-02,-1,-1,-6.7491585237222651e-18,wind_direction:18.4_m:degrees
1495,12,-9.5629587769508362e-02,-2.1547619047619034e-02,1497,1498,5.4998582766440057e-04,bulk_richardson:18.4_m:none
1496,6,1.7450000000000000e+02,-3.2367346938775424e-02,1981,1982,3.5276301541025084e-04,wave_direction:0_m:degrees
1497,-2,-2.0000000000000000e+00,8.7500000000000008e-03,-1,-1,4.9843749999999986e-04,wind_direction:18.4_m:degrees
1498,-2,-2.0000000000000000e+00,-2.4736842105263147e-02,-1,-1,4.4861495844875511e-04,wind_direction:18.4_m:degrees
1499,5,1.0075000000000000e+02,-5.3230769230769158e-02,1539,1540,6.4071597633136648e-04,relative_humidity:18.4_m:%
1500,-2,-2.0000000000000000e+00,7.4999999999999997e-03,-1,-1,1.8749999999931968e-05,wind_direction:18.4_m:degrees
1501,10,1.2268046855926514e+01,-1.8529411764705883e-01,1503,1504,2.4131487889273301e-03,wind_speed:18.4_m:m_s-1
1502,-2,-2.0000000000000000e+00,-2.5250000000000000e-01,-1,-1,4.6875000000000389e-04,wind_direction:18.4_m:degrees
1503,-2,-2.0000000000000000e+00,-2.1363636363636360e-01,-1,-1,9.8677685950415706e-04,wind_direction:18.4_m:degrees
1504,-2,-2.0000000000000000e+00,-1.3333333333333333e-01,-1,-1,8.5555555555552609e-04,wind_direction:18.4_m:degrees
1505,-2,-2.0000000000000000e+00,-4.6714285714285714e-01,-1,-1,1.6775510204081467e-03,wind_direction:18.4_m:degrees
1506,-2,-2.0000000000000000e+00,-3.9999999999999997e-01,-1,-1,4.0000000000003921e-04,wind_direction:18.4_m:degrees
1507,-2,-2.0000000000000000e+00,-4.2999999999999999e-01,-1,-1,0.0000000000000000e+00,wind_direction:18.4_m:degrees
1508,10,1.2902330398559570e+01,-3.0562499999999992e-01,1771,1772,1.3371093749999646e-03,wind_speed:18.4_m:m_s-1
1509,3,1.0064500122070312e+03,-2.4140624999999933e-02,1931,1932,3.1390991210937709e-04,pressure:18.4_m:hPa
1510,7,3.5000000000000000e+00,-1.1730769230769236e-02,1511,1512,3.9892751479288430e-04,wave_height:0_m:m
1511,-2,-2.0000000000000000e+00,-1.3106796116504860e-02,-1,-1,2.0588179847299461e-04,wind_direction:18.4_m:degrees
1512,-2,-2.0000000000000000e+00,1.3000000000000000e-01,-1,-1,-3.1225022567582528e-17,wind_direction:18.4_m:degrees
1513,-2,-2.0000000000000000e+00,-4.9200000000000015e-02,-1,-1,8.0735999999999915e-04,wind_direction:18.4_m:degrees
1514,-2,-2.0000000000000000e+00,-8.2068965517241382e-02,-1,-1,4.6468489892984195e-04,wind_direction:18.4_m:degrees
1515,-2,-2.0000000000000000e+00,-8.6000000000000007e-02,-1,-1,5.0399999999999924e-04,wind_direction:18.4_m:degrees
1516,9,8.9539520263671875e+01,-1.3076923076923078e-01,1717,1718,1.2917159763313722e-03,angle_between_wind_wave:0_m:degrees
1517,1,1.0877443313598633e+02,-2.4499999999999997e-01,1519,1520,2.7050000000000268e-03,azimuth:0_m:degrees
1518,-2,-2.0000000000000000e+00,-1.9705882352941173e-01,-1,-1,1.1737024221453313e-03,wind_direction:18.4_m:degrees
1519,-2,-2.0000000000000000e+00,-1.3000000000000000e-01,-1,-1,0.0000000000000000e+00,wind_direction:18.4_m:degrees
1520,-2,-2.0000000000000000e+00,-2.5777777777777783e-01,-1,-1,1.3728395061728543e-03,wind_direction:18.4_m:degrees
1521,-2,-2.0000000000000000e+00,-1.0466926070038905e-02,-1,-1,3.0561855592060449e-04,wind_direction:18.4_m:degrees
1522,-2,-2.0000000000000000e+00,5.0000000000000003e-02,-1,-1,1.0000000000000763e-04,wind_direction:18.4_m:degrees
1523,-2,-2.0000000000000000e+00,-2.0150000000000001e-01,-1,-1,5.9275000000001687e-04,wind_direction:18.4_m:degrees
1524,-2,-2.0000000000000000e+00,-1.6124999999999998e-01,-1,-1,3.6093749999997760e-04,wind_direction:18.4_m:degrees
1525,12,-5.7604292035102844e-01,-3.5483870967741929e-02,1651,1652,7.2412070759625652e-04,bulk_richardson:18.4_m:none
1526,-2,-2.0000000000000000e+00,-8.9999999999999997e-02,-1,-1,1.0800000000000132e-03,wind_direction:18.4_m:degrees
1527,-2,-2.0000000000000000e+00,-2.4156249999999999e-01,-1,-1,1.2444335937500176e-03,wind_direction:18.4_m:degrees
1528,-2,-2.0000000000000000e+00,-1.2000000000000000e-01,-1,-1,-5.7245874707234634e-17,wind_direction:18.4_m:degrees
1529,12,-2.1624661237001419e-01,-7.4281609195402207e-02,1531,1532,1.0423000066059019e-03,bulk_richardson:18.4_m:none
1530,-2,-2.0000000000000000e+00,-2.4999999999999998e-02,-1,-1,8.5833333333336685e-04,wind_direction:18.4_m:degrees
1531,6,2.3350000000000000e+02,-9.2222222222222205e-02,1533,1534,1.4128395061728440e-03,wave_direction:0_m:degrees
1532,0,1.3273941040039062e+02,-7.1617161716171551e-02,1687,1688,9.3236828633359425e-04,zenith:0_m:degrees
1533,6,1.7800000000000000e+02,-1.0515151515151515e-01,1797,1798,1.0552800734618967e-03,wave_direction:0_m:degrees
1534,-2,-2.0000000000000000e+00,-5.6666666666666664e-02,-1,-1,6.7222222222222813e-04,wind_direction:18.4_m:degrees
1535,-2,-2.0000000000000000e+00,-1.4000000000000001e-01,-1,-1,0.0000000000000000e+00,wind_direction:18.4_m:degrees
1536,0,1.3416439056396484e+02,-6.9895833333333310e-02,1901,1902,7.2186414930556012e-04,zenith:0_m:degrees
1537,2,2.8062001037597656e+02,-7.6041666666666674e-02,1855,1856,1.0155815972222228e-03,water_sfc_temperature:0_m:K
1538,-2,-2.0000000000000000e+00,-1.0842105263157895e-01,-1,-1,6.4487534626039844e-04,wind_direction:18.4_m:degrees
1539,12,-1.1924208328127861e-01,-5.2665369649805359e-02,1785,1786,5.5067790579721746e-04,bulk_richardson:18.4_m:none
1540,2,2.7588500976562500e+02,-1.0166666666666667e-01,1541,1542,5.9805555555554717e-03,water_sfc_temperature:0_m:K
1541,-2,-2.0000000000000000e+00,-4.7500000000000001e-02,-1,-1,1.6875000000000006e-04,wind_direction:18.4_m:degrees
1542,-2,-2.0000000000000000e+00,-2.0999999999999999e-01,-1,-1,0.0000000000000000e+00,wind_direction:18.4_m:degrees
1543,-2,-2.0000000000000000e+00,-5.1914893617021278e-02,-1,-1,7.3037573562697135e-04,wind_direction:18.4_m:degrees
1544,-2,-2.0000000000000000e+00,-6.9999999999999993e-02,-1,-1,8.4197530864198785e-04,wind_direction:18.4_m:degrees
1545,-2,-2.0000000000000000e+00,-6.8437500000000012e-02,-1,-1,5.8818359374999876e-04,wind_direction:18.4_m:degrees
1546,1,1.9310507965087891e+02,-3.8387096774193552e-02,2011,2012,1.0135275754422481e-03,azimuth:0_m:degrees
1547,10,9.2745485305786133e+00,-1.0380281690140841e-01,1549,1550,1.4038484427692996e-03,wind_speed:18.4_m:m_s-1
1548,-2,-2.0000000000000000e+00,-1.6500000000000001e-01,-1,-1,1.0750000000000065e-03,wind_direction:18.4_m:degrees
1549,6,1.6950000000000000e+02,-1.1727272727272728e-01,1551,1552,9.9256198347108006e-04,wave_direction:0_m:degrees
1550,-2,-2.0000000000000000e+00,-8.1851851851851828e-02,-1,-1,1.2965706447188021e-03,wind_direction:18.4_m:degrees
1551,-2,-2.0000000000000000e+00,-2.0000000000000001e-01,-1,-1,0.0000000000000000e+00,wind_direction:18.4_m:degrees
1552,-2,-2.0000000000000000e+00,-1.1333333333333333e-01,-1,-1,6.9841269841269989e-04,wind_direction:18.4_m:degrees
1553,-2,-2.0000000000000000e+00,-7.2413793103447794e-03,-1,-1,2.3585130011441881e-04,wind_direction:18.4_m:degrees
1554,10,3.8499740362167358e+00,-1.1744913928012430e-02,1633,1634,3.0861411732435235e-04,wind_speed:18.4_m:m_s-1
1555,-2,-2.0000000000000000e+00,-8.0000000000000002e-02,-1,-1,0.0000000000000000e+00,wind_direction:18.4_m:degrees
1556,-2,-2.0000000000000000e+00,-1.6703703703703707e-01,-1,-1,1.2356652949245470e-03,wind_direction:18.4_m:degrees
1557,5,7.1250000000000000e+01,-2.5029585798816562e-02,1559,1560,7.7056125485802413e-04,relative_humidity:18.4_m:%
1558,4,5.3165969848632812e+00,1.5555555555555553e-02,1811,1812,1.4024691358024803e-03,mixing_ratio:18.4_m:g_kg-1
1559,-2,-2.0000000000000000e+00,-3.5405405405405418e-02,-1,-1,5.1943024105186161e-04,wind_direction:18.4_m:degrees
1560,0,2.6424336433410645e+01,-1.6947368421052638e-02,2027,2028,8.1699722991689886e-04,zenith:0_m:degrees
1561,1,2.9815504455566406e+02,-1.9555555555555559e-01,1563,1564,1.4135802469135011e-03,azimuth:0_m:degrees
1562,1,2.4288967132568359e+02,-1.6696969696969699e-01,1565,1566,2.2514233241505734e-03,azimuth:0_m:degrees
1563,-2,-2.0000000000000000e+00,-2.1249999999999997e-01,-1,-1,3.2589285714283711e-04,wind_direction:18.4_m:degrees
1564,-2,-2.0000000000000000e+00,-1.3625000000000001e-01,-1,-1,6.9843749999996124e-04,wind_direction:18.4_m:degrees
1565,-2,-2.0000000000000000e+00,-1.4818181818181819e-01,-1,-1,1.4239669421487640e-03,wind_direction:18.4_m:degrees
1566,-2,-2.0000000000000000e+00,-2.0454545454545450e-01,-1,-1,1.7884297520660564e-03,wind_direction:18.4_m:degrees
1567,4,1.4694370746612549e+01,-9.3212435233160598e-02,1581,1582,4.5185642567586656e-04,mixing_ratio:18.4_m:g_kg-1
1568,3,1.0114499816894531e+03,-7.6031746031746034e-02,1569,1570,7.4774502393551608e-04,pressure:18.4_m:hPa
1569,-2,-2.0000000000000000e+00,-9.9565217391304348e-02,-1,-1,4.3894139886578414e-04,wind_direction:18.4_m:degrees
1570,-2,-2.0000000000000000e+00,-6.2500000000000014e-02,-1,-1,4.2374999999999878e-04,wind_direction:18.4_m:degrees
1571,-2,-2.0000000000000000e+00,-3.7666666666666665e-01,-1,-1,7.2222222222220744e-04,wind_direction:18.4_m:degrees
1572,-2,-2.0000000000000000e+00,-2.8000000000000003e-01,-1,-1,9.0000000000002578e-04,wind_direction:18.4_m:degrees
1573,-2,-2.0000000000000000e+00,-4.2249999999999999e-01,-1,-1,3.1875000000003428e-04,wind_direction:18.4_m:degrees
1574,-2,-2.0000000000000000e+00,-4.9500000000000000e-01,-1,-1,7.7499999999997016e-04,wind_direction:18.4_m:degrees
1575,-2,-2.0000000000000000e+00,-7.1666666666666667e-01,-1,-1,3.5555555555544238e-04,wind_direction:18.4_m:degrees
1576,-2,-2.0000000000000000e+00,-5.7999999999999996e-01,-1,-1,-5.5511151231257827e-17,wind_direction:18.4_m:degrees
1577,-2,-2.0000000000000000e+00,-2.9228486646884145e-02,-1,-1,1.8694185913410331e-04,wind_direction:18.4_m:degrees
1578,9,9.3137561798095703e+01,-4.6734693877551033e-02,1579,1580,7.8933777592667250e-04,angle_between_wind_wave:0_m:degrees
1579,1,2.6457527160644531e+02,-4.3191489361702140e-02,2009,2010,5.1534631054775903e-04,azimuth:0_m:degrees
1580,-2,-2.0000000000000000e+00,-1.3000000000000000e-01,-1,-1,3.4694469519536142e-18,wind_direction:18.4_m:degrees
1581,-2,-2.0000000000000000e+00,-9.5942857142857135e-02,-1,-1,3.9668244897958851e-04,wind_direction:18.4_m:degrees
1582,-2,-2.0000000000000000e+00,-6.6666666666666680e-02,-1,-1,2.1111111111112284e-04,wind_direction:18.4_m:degrees
1583,1,3.9545131683349609e+01,-4.5500000000000002e-01,1585,1586,1.1025000000000007e-02,azimuth:0_m:degrees
1584,-2,-2.0000000000000000e+00,-5.4250000000000020e-01,-1,-1,4.6875000000007327e-04,wind_direction:18.4_m:degrees
1585,-2,-2.0000000000000000e+00,-3.4999999999999998e-01,-1,-1,0.0000000000000000e+00,wind_direction:18.4_m:degrees
1586,-2,-2.0000000000000000e+00,-5.6000000000000005e-01,-1,-1,0.0000000000000000e+00,wind_direction:18.4_m:degrees
1587,11,3.0661000061035156e+02,-4.0189189189189178e-01,1591,1592,1.2639883126369655e-03,wind_direction:18.4_m:degrees
1588,3,1.0014500122070312e+03,-4.3800000000000000e-01,1589,1590,2.3493333333335642e-03,pressure:18.4_m:hPa
1589,-2,-2.0000000000000000e+00,-3.7500000000000000e-01,-1,-1,2.2500000000000298e-04,wind_direction:18.4_m:degrees
1590,-2,-2.0000000000000000e+00,-4.6090909090909093e-01,-1,-1,1.1537190082644977e-03,wind_direction:18.4_m:degrees
1591,-2,-2.0000000000000000e+00,-3.8807692307692315e-01,-1,-1,8.6168639053268992e-04,wind_direction:18.4_m:degrees
1592,-2,-2.0000000000000000e+00,-4.3454545454545457e-01,-1,-1,6.9752066115699729e-04,wind_direction:18.4_m:degrees
1593,10,5.2423133850097656e+00,-1.5303656597774336e-02,1595,1596,2.6153736341783592e-04,wind_speed:18.4_m:m_s-1
1594,2,2.8104499816894531e+02,-2.1203501094091845e-02,1597,1598,6.1189950634187181e-04,water_sfc_temperature:0_m:K
1595,1,3.5964054870605469e+02,-1.1914739884392974e-02,1607,1608,2.6735978273580938e-04,azimuth:0_m:degrees
1596,9,9.3462455749511719e+01,-1.7967064168086258e-02,1895,1896,2.4084161824060893e-04,angle_between_wind_wave:0_m:degrees
1597,8,5.5000000000000000e+00,-4.7428571428571438e-02,1599,1600,2.4819591836734685e-03,wave_period:0_m:s
1598,9,8.8473381042480469e+01,-1.9028436018957293e-02,1603,1604,3.9502762741178593e-04,angle_between_wind_wave:0_m:degrees
1599,12,-3.3332591876387596e-02,-1.0875000000000000e-01,1601,1602,4.8609375000000007e-03,bulk_richardson:18.4_m:none
1600,-2,-2.0000000000000000e+00,-2.9259259259259256e-02,-1,-1,3.3278463648833895e-04,wind_direction:18.4_m:degrees
1601,-2,-2.0000000000000000e+00,-2.8000000000000003e-01,-1,-1,0.0000000000000000e+00,wind_direction:18.4_m:degrees
1602,-2,-2.0000000000000000e+00,-8.4285714285714297e-02,-1,-1,7.6734693877550993e-04,wind_direction:18.4_m:degrees
1603,4,1.3185620307922363e+01,-5.2777777777777785e-02,1605,1606,2.2867283950617290e-03,mixing_ratio:18.4_m:g_kg-1
1604,-2,-2.0000000000000000e+00,-1.7524752475247478e-02,-1,-1,2.5773453582982330e-04,wind_direction:18.4_m:degrees
1605,-2,-2.0000000000000000e+00,-2.2727272727272728e-02,-1,-1,6.3801652892561960e-04,wind_direction:18.4_m:degrees
1606,-2,-2.0000000000000000e+00,-1.0000000000000001e-01,-1,-1,1.2285714285714296e-03,wind_direction:18.4_m:degrees
1607,-2,-2.0000000000000000e+00,-1.1766835626357606e-02,-1,-1,2.5784860323800824e-04,wind_direction:18.4_m:degrees
1608,-2,-2.0000000000000000e+00,-8.0000000000000002e-02,-1,-1,-6.5919492087118670e-17,wind_direction:18.4_m:degrees
1609,-2,-2.0000000000000000e+00,-1.9999999999999998e-01,-1,-1,3.6666666666667486e-04,wind_direction:18.4_m:degrees
1610,-2,-2.0000000000000000e+00,-1.1000000000000000e-01,-1,-1,-5.0306980803327406e-17,wind_direction:18.4_m:degrees
1611,-2,-2.0000000000000000e+00,-2.0181818181818184e-01,-1,-1,5.4214876033058940e-04,wind_direction:18.4_m:degrees
1612,-2,-2.0000000000000000e+00,-2.6000000000000001e-01,-1,-1,2.2399999999999504e-03,wind_direction:18.4_m:degrees
1613,-2,-2.0000000000000000e+00,-5.0312500000000017e-02,-1,-1,7.7802734375000040e-04,wind_direction:18.4_m:degrees
1614,8,7.5000000000000000e+00,-2.1212121212121213e-02,1615,1616,6.6519742883379114e-04,wave_period:0_m:s
1615,-2,-2.0000000000000000e+00,-3.2800000000000010e-02,-1,-1,2.7615999999999990e-04,wind_direction:18.4_m:degrees
1616,-2,-2.0000000000000000e+00,1.4999999999999999e-02,-1,-1,1.4999999999999947e-04,wind_direction:18.4_m:degrees
1617,-2,-2.0000000000000000e+00,-4.0699999999999992e-01,-1,-1,1.1409999999999754e-03,wind_direction:18.4_m:degrees
1618,-2,-2.0000000000000000e+00,-5.3000000000000003e-01,-1,-1,-5.5511151231257827e-16,wind_direction:18.4_m:degrees
1619,-2,-2.0000000000000000e+00,-1.2187500000000004e-01,-1,-1,6.8398437499998278e-04,wind_direction:18.4_m:degrees
1620,-2,-2.0000000000000000e+00,-1.5391304347826090e-01,-1,-1,1.0672967863894350e-03,wind_direction:18.4_m:degrees
1621,-2,-2.0000000000000000e+00,-1.9750000000000001e-01,-1,-1,1.5687499999999938e-03,wind_direction:18.4_m:degrees
1622,-2,-2.0000000000000000e+00,-1.2909090909090909e-01,-1,-1,5.3553719008266401e-04,wind_direction:18.4_m:degrees
1623,-2,-2.0000000000000000e+00,-5.0897009966777366e-02,-1,-1,4.0152095451485804e-04,wind_direction:18.4_m:degrees
1624,12,1.5305284876376390e-02,-4.2448210922787083e-02,1853,1854,3.1302697890842621e-04,bulk_richardson:18.4_m:none
1625,-2,-2.0000000000000000e+00,-3.5200000000000004e-01,-1,-1,5.7599999999997931e-04,wind_direction:18.4_m:degrees
1626,-2,-2.0000000000000000e+00,-2.7800000000000002e-01,-1,-1,4.5599999999988705e-04,wind_direction:18.4_m:degrees
1627,-2,-2.0000000000000000e+00,-1.4999999999999999e-01,-1,-1,0.0000000000000000e+00,wind_direction:18.4_m:degrees
1628,-2,-2.0000000000000000e+00,-2.6954545454545453e-01,-1,-1,9.4979338842976491e-04,wind_direction:18.4_m:degrees
1629,-2,-2.0000000000000000e+00,-1.6600000000000001e-01,-1,-1,5.4399999999999935e-04,wind_direction:18.4_m:degrees
1630,-2,-2.0000000000000000e+00,-2.2999999999999998e-01,-1,-1,8.4000000000002129e-04,wind_direction:18.4_m:degrees
1631,9,9.0755302429199219e+01,-1.7741935483870971e-01,1655,1656,1.9481789802289137e-03,angle_between_wind_wave:0_m:degrees
1632,-2,-2.0000000000000000e+00,-1.2857142857142856e-01,-1,-1,7.8367346938773910e-04,wind_direction:18.4_m:degrees
1633,12,-4.1375308297574520e-02,-7.0000000000000007e-02,1635,1636,3.5999999999999999e-03,bulk_richardson:18.4_m:none
1634,-2,-2.0000000000000000e+00,-1.1562009419152201e-02,-1,-1,2.8759152374873494e-04,wind_direction:18.4_m:degrees
1635,-2,-2.0000000000000000e+00,-1.3000000000000000e-01,-1,-1,0.0000000000000000e+00,wind_direction:18.4_m:degrees
1636,-2,-2.0000000000000000e+00,-1.0000000000000000e-02,-1,-1,-7.8604657505199071e-19,wind_direction:18.4_m:degrees
1637,-2,-2.0000000000000000e+00,-3.3750000000000002e-01,-1,-1,1.8749999999997935e-05,wind_direction:18.4_m:degrees
1638,-2,-2.0000000000000000e+00,-4.2000000000000004e-01,-1,-1,4.0000000000006697e-04,wind_direction:18.4_m:degrees
1639,-2,-2.0000000000000000e+00,-2.5000000000000001e-02,-1,-1,2.2499999999999994e-04,wind_direction:18.4_m:degrees
1640,-2,-2.0000000000000000e+00,-1.1250000000000000e-01,-1,-1,1.3437499999999995e-03,wind_direction:18.4_m:degrees
1641,-2,-2.0000000000000000e+00,-2.2187499999999999e-01,-1,-1,4.1523437500002452e-04,wind_direction:18.4_m:degrees
1642,-2,-2.0000000000000000e+00,-2.6538461538461539e-01,-1,-1,9.4792899408278897e-04,wind_direction:18.4_m:degrees
1643,-2,-2.0000000000000000e+00,-2.5243902439024399e-02,-1,-1,2.9811124330755454e-04,wind_direction:18.4_m:degrees
1644,-2,-2.0000000000000000e+00,-4.3414634146341460e-02,-1,-1,4.6395002974420024e-04,wind_direction:18.4_m:degrees
1645,-2,-2.0000000000000000e+00,-6.3787878787878768e-02,-1,-1,4.0534894398530901e-04,wind_direction:18.4_m:degrees
1646,9,9.0095451354980469e+01,-4.7624999999999959e-02,2005,2006,4.5977604166667040e-04,angle_between_wind_wave:0_m:degrees
1647,-2,-2.0000000000000000e+00,-2.7384615384615385e-01,-1,-1,3.7751479289942214e-04,wind_direction:18.4_m:degrees
1648,-2,-2.0000000000000000e+00,-2.0750000000000002e-01,-1,-1,1.1187499999999878e-03,wind_direction:18.4_m:degrees
1649,-2,-2.0000000000000000e+00,-1.3649999999999998e-01,-1,-1,4.7274999999999401e-04,wind_direction:18.4_m:degrees
1650,-2,-2.0000000000000000e+00,-9.8235294117647060e-02,-1,-1,2.9688581314877768e-04,wind_direction:18.4_m:degrees
1651,-2,-2.0000000000000000e+00,-1.7941176470588235e-02,-1,-1,4.2223183391003458e-04,wind_direction:18.4_m:degrees
1652,-2,-2.0000000000000000e+00,-4.0413223140495870e-02,-1,-1,6.9817635407417797e-04,wind_direction:18.4_m:degrees
1653,-2,-2.0000000000000000e+00,-2.9399999999999993e-01,-1,-1,2.4000000000037880e-05,wind_direction:18.4_m:degrees
1654,3,1.0032500000000000e+03,-3.5428571428571426e-01,1659,1660,1.6673469387755435e-03,pressure:18.4_m:hPa
1655,5,6.4899997711181641e+01,-1.8759999999999999e-01,1789,1790,1.7302399999999940e-03,relative_humidity:18.4_m:%
1656,-2,-2.0000000000000000e+00,-1.3500000000000001e-01,-1,-1,6.2499999999999015e-04,wind_direction:18.4_m:degrees
1657,-2,-2.0000000000000000e+00,-2.6615384615384613e-01,-1,-1,1.1467455621302081e-03,wind_direction:18.4_m:degrees
1658,-2,-2.0000000000000000e+00,-2.0000000000000001e-01,-1,-1,4.4999999999998513e-04,wind_direction:18.4_m:degrees
1659,-2,-2.0000000000000000e+00,-4.2999999999999999e-01,-1,-1,0.0000000000000000e+00,wind_direction:18.4_m:degrees
1660,-2,-2.0000000000000000e+00,-3.4166666666666662e-01,-1,-1,8.3055555555557048e-04,wind_direction:18.4_m:degrees
1661,0,6.0200815200805664e+01,-1.2127659574468087e-02,1665,1666,1.6933454051607066e-03,zenith:0_m:degrees
1662,5,4.7950000762939453e+01,-3.5600000000000014e-02,1663,1664,9.3263999999999977e-04,relative_humidity:18.4_m:%
1663,-2,-2.0000000000000000e+00,-8.6666666666666670e-02,-1,-1,1.0888888888888884e-03,wind_direction:18.4_m:degrees
1664,-2,-2.0000000000000000e+00,-2.8636363636363647e-02,-1,-1,5.0723140495867664e-04,wind_direction:18.4_m:degrees
1665,6,1.8150000000000000e+02,-1.4782608695652179e-02,1963,1964,1.3988657844990547e-03,wave_direction:0_m:degrees
1666,-2,-2.0000000000000000e+00,1.1000000000000000e-01,-1,-1,2.9490299091605721e-17,wind_direction:18.4_m:degrees
1667,-2,-2.0000000000000000e+00,-1.7999999999999999e-01,-1,-1,0.0000000000000000e+00,wind_direction:18.4_m:degrees
1668,-2,-2.0000000000000000e+00,-3.1333333333333330e-01,-1,-1,8.8888888888860595e-05,wind_direction:18.4_m:degrees
1669,-2,-2.0000000000000000e+00,-1.1447619047619047e-01,-1,-1,5.0663038548751267e-04,wind_direction:18.4_m:degrees
1670,2,2.8720500183105469e+02,-1.3228571428571431e-01,1827,1828,6.1191836734695443e-04,water_sfc_temperature:0_m:K
1671,1,1.1418766403198242e+02,-1.9578947368421054e-01,1805,1806,1.1612188365651074e-03,azimuth:0_m:degrees
1672,2,2.8338999938964844e+02,-2.3833333333333331e-01,2035,2036,1.2138888888888755e-03,water_sfc_temperature:0_m:K
1673,11,2.8094499206542969e+02,-3.1259259259259264e-01,1729,1730,1.4488340192043564e-03,wind_direction:18.4_m:degrees
1674,-2,-2.0000000000000000e+00,-4.2999999999999999e-01,-1,-1,9.7144514654701197e-16,wind_direction:18.4_m:degrees
1675,2,2.8861000061035156e+02,-1.9720149253731268e-02,1881,1882,3.2025750445533938e-04,water_sfc_temperature:0_m:K
1676,5,7.6649997711181641e+01,-2.6246648793565575e-02,1677,1678,3.0226624212062025e-04,relative_humidity:18.4_m:%
1677,-2,-2.0000000000000000e+00,1.4285714285714279e-03,-1,-1,5.9319727891156459e-04,wind_direction:18.4_m:degrees
1678,-2,-2.0000000000000000e+00,-2.7048275862068868e-02,-1,-1,2.7101146254459652e-04,wind_direction:18.4_m:degrees
1679,-2,-2.0000000000000000e+00,-1.7666666666666667e-01,-1,-1,6.2222222222222193e-04,wind_direction:18.4_m:degrees
1680,-2,-2.0000000000000000e+00,-9.7142857142857128e-02,-1,-1,1.9183673469387943e-04,wind_direction:18.4_m:degrees
1681,-2,-2.0000000000000000e+00,-2.0388888888888890e-01,-1,-1,3.4598765432099915e-04,wind_direction:18.4_m:degrees
1682,-2,-2.0000000000000000e+00,-2.6200000000000001e-01,-1,-1,2.0560000000000023e-03,wind_direction:18.4_m:degrees
1683,-2,-2.0000000000000000e+00,-1.0000000000000001e-01,-1,-1,0.0000000000000000e+00,wind_direction:18.4_m:degrees
1684,0,1.3389702606201172e+02,-1.8375000000000000e-01,1699,1700,1.7296875000000073e-03,zenith:0_m:degrees
1685,-2,-2.0000000000000000e+00,-1.7700000000000002e-01,-1,-1,5.6099999999999206e-04,wind_direction:18.4_m:degrees
1686,-2,-2.0000000000000000e+00,-1.2250000000000001e-01,-1,-1,9.1875000000002892e-04,wind_direction:18.4_m:degrees
1687,4,1.7074760198593140e+00,-6.7238095238095208e-02,1689,1690,8.8760997732426940e-04,mixing_ratio:18.4_m:g_kg-1
1688,2,2.8679499816894531e+02,-8.1505376344086028e-02,2001,2002,8.9235749797667453e-04,water_sfc_temperature:0_m:K
1689,-2,-2.0000000000000000e+00,-5.1086956521739141e-02,-1,-1,7.0099243856332682e-04,wind_direction:18.4_m:degrees
1690,10,6.8651802539825439e+00,-7.1768292682926824e-02,1691,1692,8.4626338488995052e-04,wind_speed:18.4_m:m_s-1
1691,3,1.0152500000000000e+03,-5.6451612903225805e-02,1761,1762,5.8418314255983530e-04,pressure:18.4_m:hPa
1692,8,5.0499999523162842e+00,-8.1078431372549012e-02,1693,1694,7.7628796616686143e-04,wave_period:0_m:s
1693,-2,-2.0000000000000000e+00,-1.0320000000000001e-01,-1,-1,2.2975999999999552e-04,wind_direction:18.4_m:degrees
1694,-2,-2.0000000000000000e+00,-7.3896103896103918e-02,-1,-1,7.4326193287232827e-04,wind_direction:18.4_m:degrees
1695,4,7.3288637399673462e-01,-3.5764705882352937e-01,1755,1756,9.0034602076122239e-04,mixing_ratio:18.4_m:g_kg-1
1696,-2,-2.0000000000000000e+00,-3.1200000000000000e-01,-1,-1,5.5600000000000094e-04,wind_direction:18.4_m:degrees
1697,-2,-2.0000000000000000e+00,-5.1954545454545453e-01,-1,-1,1.1861570247934106e-03,wind_direction:18.4_m:degrees
1698,-2,-2.0000000000000000e+00,-5.8999999999999997e-01,-1,-1,2.4000000000001243e-03,wind_direction:18.4_m:degrees
1699,10,1.0559217453002930e+01,-1.9541666666666668e-01,2039,2040,1.2414930555555634e-03,wind_speed:18.4_m:m_s-1
1700,-2,-2.0000000000000000e+00,-1.4874999999999999e-01,-1,-1,1.5609374999999981e-03,wind_direction:18.4_m:degrees
1701,-2,-2.0000000000000000e+00,-1.7000000000000001e-01,-1,-1,0.0000000000000000e+00,wind_direction:18.4_m:degrees
1702,-2,-2.0000000000000000e+00,-3.1000000000000000e-01,-1,-1,0.0000000000000000e+00,wind_direction:18.4_m:degrees
1703,-2,-2.0000000000000000e+00,-2.9000000000000004e-01,-1,-1,3.5999999999998533e-04,wind_direction:18.4_m:degrees
1704,-2,-2.0000000000000000e+00,-3.5083333333333333e-01,-1,-1,8.9097222222224437e-04,wind_direction:18.4_m:degrees
1705,-2,-2.0000000000000000e+00,-9.6666666666666679e-02,-1,-1,2.5555555555555227e-04,wind_direction:18.4_m:degrees
1706,10,9.9829173088073730e+00,-6.9333333333333316e-02,1795,1796,4.1703303303303445e-04,wind_speed:18.4_m:m_s-1
1707,-2,-2.0000000000000000e+00,-4.4000000000000011e-02,-1,-1,2.7066666666666558e-04,wind_direction:18.4_m:degrees
1708,-2,-2.0000000000000000e+00,-1.6000000000000000e-01,-1,-1,5.2041704279304213e-17,wind_direction:18.4_m:degrees
1709,-2,-2.0000000000000000e+00,-3.3750000000000002e-02,-1,-1,2.9843750000000009e-04,wind_direction:18.4_m:degrees
1710,-2,-2.0000000000000000e+00,-7.9310344827586213e-02,-1,-1,7.3055885850178276e-04,wind_direction:18.4_m:degrees
1711,-2,-2.0000000000000000e+00,-5.8999999999999997e-01,-1,-1,0.0000000000000000e+00,wind_direction:18.4_m:degrees
1712,-2,-2.0000000000000000e+00,-7.1749999999999992e-01,-1,-1,9.1874999999996820e-04,wind_direction:18.4_m:degrees
1713,-2,-2.0000000000000000e+00,-1.6000000000000004e-02,-1,-1,8.4066666666666686e-04,wind_direction:18.4_m:degrees
1714,6,1.9250000000000000e+02,-4.0937500000000009e-02,1959,1960,8.2099609375000065e-04,wave_direction:0_m:degrees
1715,-2,-2.0000000000000000e+00,-1.4085106382978727e-01,-1,-1,1.9502037120868940e-04,wind_direction:18.4_m:degrees
1716,-2,-2.0000000000000000e+00,-1.0272727272727274e-01,-1,-1,5.6198347107475066e-05,wind_direction:18.4_m:degrees
1717,-2,-2.0000000000000000e+00,-1.1312500000000000e-01,-1,-1,7.9648437499999468e-04,wind_direction:18.4_m:degrees
1718,-2,-2.0000000000000000e+00,-1.5900000000000003e-01,-1,-1,7.8900000000002579e-04,wind_direction:18.4_m:degrees
1719,11,3.3526499938964844e+02,-6.2783171521035627e-03,1721,1722,5.7611671432012638e-04,wind_direction:18.4_m:degrees
1720,-2,-2.0000000000000000e+00,4.7530864197530857e-03,-1,-1,5.5950693491845752e-04,wind_direction:18.4_m:degrees
1721,2,2.9350999450683594e+02,-1.6744186046511629e-03,1723,1724,5.4882422931314264e-04,water_sfc_temperature:0_m:K
1722,-2,-2.0000000000000000e+00,-1.6808510638297879e-02,-1,-1,4.7917609778180012e-04,wind_direction:18.4_m:degrees
1723,-2,-2.0000000000000000e+00,-2.9383886255924174e-03,-1,-1,4.6056018508119798e-04,wind_direction:18.4_m:degrees
1724,-2,-2.0000000000000000e+00,6.5000000000000002e-02,-1,-1,6.7500000000000632e-04,wind_direction:18.4_m:degrees
1725,-2,-2.0000000000000000e+00,-4.2424242424242446e-03,-1,-1,2.4866850321395787e-04,wind_direction:18.4_m:degrees
1726,-2,-2.0000000000000000e+00,-1.1911421911421829e-02,-1,-1,2.5353372346379464e-04,wind_direction:18.4_m:degrees
1727,-2,-2.0000000000000000e+00,-4.2111111111111110e-01,-1,-1,5.4320987654329911e-04,wind_direction:18.4_m:degrees
1728,-2,-2.0000000000000000e+00,-3.6899999999999994e-01,-1,-1,9.0000000000367564e-06,wind_direction:18.4_m:degrees
1729,-2,-2.0000000000000000e+00,-3.2550000000000001e-01,-1,-1,1.2147499999999867e-03,wind_direction:18.4_m:degrees
1730,-2,-2.0000000000000000e+00,-2.7571428571428575e-01,-1,-1,2.8163265306105356e-04,wind_direction:18.4_m:degrees
1731,2,2.8755499267578125e+02,-3.2333333333333331e-01,1733,1734,2.0388888888888818e-03,water_sfc_temperature:0_m:K
1732,-2,-2.0000000000000000e+00,-2.6666666666666666e-01,-1,-1,8.8888888888874473e-05,wind_direction:18.4_m:degrees
1733,-2,-2.0000000000000000e+00,-3.6166666666666664e-01,-1,-1,5.1388888888889706e-04,wind_direction:18.4_m:degrees
1734,-2,-2.0000000000000000e+00,-2.8499999999999998e-01,-1,-1,6.2499999999994504e-04,wind_direction:18.4_m:degrees
1735,-2,-2.0000000000000000e+00,-5.2888888888888885e-01,-1,-1,1.8765432098771795e-04,wind_direction:18.4_m:degrees
1736,-2,-2.0000000000000000e+00,-4.5333333333333331e-01,-1,-1,5.5555555555555913e-04,wind_direction:18.4_m:degrees
1737,-2,-2.0000000000000000e+00,-6.3703703703703707e-02,-1,-1,6.6776406035664888e-04,wind_direction:18.4_m:degrees
1738,-2,-2.0000000000000000e+00,-5.0000000000000001e-03,-1,-1,7.5000000000016704e-05,wind_direction:18.4_m:degrees
1739,12,-2.8798122406005859e+00,-5.3230148048452044e-03,1741,1742,4.3835461163773293e-04,bulk_richardson:18.4_m:none
1740,5,6.1199998855590820e+01,-1.2835820895522390e-02,1847,1848,5.9270438850523742e-04,relative_humidity:18.4_m:%
1741,-2,-2.0000000000000000e+00,7.8378378378378393e-03,-1,-1,5.2775748721694703e-04,wind_direction:18.4_m:degrees
1742,-2,-2.0000000000000000e+00,-6.0127478753540849e-03,-1,-1,4.2411598480045362e-04,wind_direction:18.4_m:degrees
1743,-2,-2.0000000000000000e+00,-5.4399999999999993e-01,-1,-1,4.6400000000007546e-04,wind_direction:18.4_m:degrees
1744,-2,-2.0000000000000000e+00,-4.1999999999999998e-01,-1,-1,-5.5511151231257827e-17,wind_direction:18.4_m:degrees
1745,-2,-2.0000000000000000e+00,-8.5555555555555551e-02,-1,-1,2.9135802469135771e-04,wind_direction:18.4_m:degrees
1746,-2,-2.0000000000000000e+00,-4.6396396396396394e-02,-1,-1,5.8521223926629503e-04,wind_direction:18.4_m:degrees
1747,-2,-2.0000000000000000e+00,-8.0000000000000002e-02,-1,-1,1.0740740740740754e-03,wind_direction:18.4_m:degrees
1748,0,7.1768428802490234e+01,-6.0652173913043457e-02,1749,1750,1.7321833648393267e-03,zenith:0_m:degrees
1749,2,2.8458999633789062e+02,2.8000000000000004e-02,1751,1752,1.4656000000000001e-02,water_sfc_temperature:0_m:K
1750,10,1.1005886554718018e+01,-6.5747126436781600e-02,1985,1986,5.1179812392654518e-04,wind_speed:18.4_m:m_s-1
1751,-2,-2.0000000000000000e+00,-3.2500000000000001e-02,-1,-1,1.8749999999999887e-05,wind_direction:18.4_m:degrees
1752,-2,-2.0000000000000000e+00,2.7000000000000002e-01,-1,-1,0.0000000000000000e+00,wind_direction:18.4_m:degrees
1753,-2,-2.0000000000000000e+00,-4.2000000000000004e-01,-1,-1,4.9999999999999767e-03,wind_direction:18.4_m:degrees
1754,-2,-2.0000000000000000e+00,-3.5222222222222221e-01,-1,-1,7.9506172839506617e-04,wind_direction:18.4_m:degrees
1755,-2,-2.0000000000000000e+00,-4.1666666666666669e-01,-1,-1,8.8888888888832840e-05,wind_direction:18.4_m:degrees
1756,-2,-2.0000000000000000e+00,-3.4500000000000003e-01,-1,-1,1.6785714285720565e-04,wind_direction:18.4_m:degrees
1757,-2,-2.0000000000000000e+00,-9.6818181818181859e-02,-1,-1,7.4896694214875680e-04,wind_direction:18.4_m:degrees
1758,-2,-2.0000000000000000e+00,-1.7999999999999999e-01,-1,-1,4.8572257327350599e-17,wind_direction:18.4_m:degrees
1759,-2,-2.0000000000000000e+00,-2.7000000000000002e-01,-1,-1,0.0000000000000000e+00,wind_direction:18.4_m:degrees
1760,-2,-2.0000000000000000e+00,-1.9374999999999998e-01,-1,-1,5.7343750000000276e-04,wind_direction:18.4_m:degrees
1761,-2,-2.0000000000000000e+00,-3.7826086956521739e-02,-1,-1,2.3440453686200398e-04,wind_direction:18.4_m:degrees
1762,-2,-2.0000000000000000e+00,-6.7435897435897438e-02,-1,-1,4.6522024983563712e-04,wind_direction:18.4_m:degrees
1763,-2,-2.0000000000000000e+00,-6.8571428571428561e-02,-1,-1,4.1938775510204362e-04,wind_direction:18.4_m:degrees
1764,-2,-2.0000000000000000e+00,-1.1285714285714286e-01,-1,-1,6.4897959183669862e-04,wind_direction:18.4_m:degrees
1765,5,5.1299999237060547e+01,-2.3890339425587402e-02,1767,1768,3.5170599022421969e-04,relative_humidity:18.4_m:%
1766,-2,-2.0000000000000000e+00,-1.6676646706586751e-02,-1,-1,1.7907508336620137e-04,wind_direction:18.4_m:degrees
1767,-2,-2.0000000000000000e+00,-1.2000000000000000e-01,-1,-1,-1.7347234759768071e-18,wind_direction:18.4_m:degrees
1768,12,-1.7392693459987640e-01,-2.3131578947368382e-02,1769,1770,2.8098268698061306e-04,bulk_richardson:18.4_m:none
1769,-2,-2.0000000000000000e+00,5.7894736842105258e-03,-1,-1,2.8753462603878113e-04,wind_direction:18.4_m:degrees
1770,-2,-2.0000000000000000e+00,-2.4653739612188301e-02,-1,-1,2.3429838629231202e-04,wind_direction:18.4_m:degrees
1771,-2,-2.0000000000000000e+00,-3.3374999999999999e-01,-1,-1,2.4843750000000386e-04,wind_direction:18.4_m:degrees
1772,-2,-2.0000000000000000e+00,-2.7750000000000002e-01,-1,-1,8.4375000000008749e-04,wind_direction:18.4_m:degrees
1773,-2,-2.0000000000000000e+00,-1.7250000000000001e-01,-1,-1,3.6874999999999408e-04,wind_direction:18.4_m:degrees
1774,-2,-2.0000000000000000e+00,-2.3818181818181819e-01,-1,-1,4.6942148760327485e-04,wind_direction:18.4_m:degrees
1775,-2,-2.0000000000000000e+00,1.0000000000000000e-02,-1,-1,0.0000000000000000e+00,wind_direction:18.4_m:degrees
1776,-2,-2.0000000000000000e+00,-1.0299999999999998e-01,-1,-1,6.4766666666666618e-04,wind_direction:18.4_m:degrees
1777,-2,-2.0000000000000000e+00,-8.6304347826086966e-02,-1,-1,8.4068998109641715e-04,wind_direction:18.4_m:degrees
1778,11,3.4629501342773438e+02,-5.8400000000000014e-02,1899,1900,9.0943999999999357e-04,wind_direction:18.4_m:degrees
1779,-2,-2.0000000000000000e+00,-5.3000000000000003e-01,-1,-1,0.0000000000000000e+00,wind_direction:18.4_m:degrees
1780,-2,-2.0000000000000000e+00,-6.1199999999999999e-01,-1,-1,5.7599999999990992e-04,wind_direction:18.4_m:degrees
1781,-2,-2.0000000000000000e+00,-2.4179104477611950e-02,-1,-1,3.6760971263087474e-04,wind_direction:18.4_m:degrees
1782,2,2.8456999206542969e+02,-4.1517857142857141e-02,1783,1784,5.6287468112245411e-04,water_sfc_temperature:0_m:K
1783,-2,-2.0000000000000000e+00,-6.1470588235294124e-02,-1,-1,5.1254325259515558e-04,wind_direction:18.4_m:degrees
1784,-2,-2.0000000000000000e+00,-3.2820512820512827e-02,-1,-1,3.3563445101906738e-04,wind_direction:18.4_m:degrees
1785,9,9.1103546142578125e+01,-5.6450617283950573e-02,1825,1826,6.3092040085353622e-04,angle_between_wind_wave:0_m:degrees
1786,-2,-2.0000000000000000e+00,-4.6210526315789459e-02,-1,-1,3.4774515235457513e-04,wind_direction:18.4_m:degrees
1787,-2,-2.0000000000000000e+00,-1.2680555555555553e-01,-1,-1,7.6340663580247783e-04,wind_direction:18.4_m:degrees
1788,-2,-2.0000000000000000e+00,-9.8500000000000004e-02,-1,-1,1.0627499999999908e-03,wind_direction:18.4_m:degrees
1789,-2,-2.0000000000000000e+00,-1.5777777777777779e-01,-1,-1,1.1728395061728347e-03,wind_direction:18.4_m:degrees
1790,0,1.4175773620605469e+02,-2.0437500000000003e-01,1791,1792,1.2621093750000006e-03,zenith:0_m:degrees
1791,-2,-2.0000000000000000e+00,-1.9357142857142856e-01,-1,-1,5.0867346938775204e-04,wind_direction:18.4_m:degrees
1792,-2,-2.0000000000000000e+00,-2.8000000000000003e-01,-1,-1,-4.1633363423443370e-17,wind_direction:18.4_m:degrees
1793,-2,-2.0000000000000000e+00,-2.6090909090909087e-01,-1,-1,5.9008264462812043e-04,wind_direction:18.4_m:degrees
1794,-2,-2.0000000000000000e+00,-1.7499999999999999e-01,-1,-1,2.2500000000002726e-04,wind_direction:18.4_m:degrees
1795,-2,-2.0000000000000000e+00,-6.7841584158415777e-02,-1,-1,3.8959866679737741e-04,wind_direction:18.4_m:degrees
1796,-2,-2.0000000000000000e+00,-8.4400000000000017e-02,-1,-1,4.4463999999999615e-04,wind_direction:18.4_m:degrees
1797,-2,-2.0000000000000000e+00,-1.5750000000000000e-01,-1,-1,1.8749999999997935e-05,wind_direction:18.4_m:degrees
1798,-2,-2.0000000000000000e+00,-9.7931034482758625e-02,-1,-1,7.6813317479191602e-04,wind_direction:18.4_m:degrees
1799,-2,-2.0000000000000000e+00,-9.5147058823529404e-02,-1,-1,5.4556660899654497e-04,wind_direction:18.4_m:degrees
1800,-2,-2.0000000000000000e+00,-6.3333333333333339e-02,-1,-1,2.7555555555555666e-04,wind_direction:18.4_m:degrees
1801,-2,-2.0000000000000000e+00,-9.6666666666666665e-02,-1,-1,4.5555555555555453e-04,wind_direction:18.4_m:degrees
1802,-2,-2.0000000000000000e+00,-1.6400000000000001e-01,-1,-1,2.3999999999996247e-05,wind_direction:18.4_m:degrees
1803,11,3.1915499877929688e+02,-1.3735294117647057e-01,1819,1820,1.0253460207612260e-03,wind_direction:18.4_m:degrees
1804,-2,-2.0000000000000000e+00,-9.3750000000000000e-02,-1,-1,5.7343750000000276e-04,wind_direction:18.4_m:degrees
1805,-2,-2.0000000000000000e+00,-2.7000000000000002e-01,-1,-1,1.0000000000000286e-04,wind_direction:18.4_m:degrees
1806,-2,-2.0000000000000000e+00,-1.8705882352941178e-01,-1,-1,5.6193771626297795e-04,wind_direction:18.4_m:degrees
1807,-2,-2.0000000000000000e+00,-3.0181818181818176e-01,-1,-1,3.9669421487602274e-04,wind_direction:18.4_m:degrees
1808,-2,-2.0000000000000000e+00,-2.4199999999999999e-01,-1,-1,4.9599999999994093e-04,wind_direction:18.4_m:degrees
1809,-2,-2.0000000000000000e+00,-4.4205607476635510e-02,-1,-1,7.0100445453751383e-04,wind_direction:18.4_m:degrees
1810,-2,-2.0000000000000000e+00,-9.0909090909090922e-03,-1,-1,2.4462809917355716e-04,wind_direction:18.4_m:degrees
1811,-2,-2.0000000000000000e+00,1.2000000000000000e-01,-1,-1,0.0000000000000000e+00,wind_direction:18.4_m:degrees
1812,-2,-2.0000000000000000e+00,2.5000000000000001e-03,-1,-1,4.3749999999999918e-05,wind_direction:18.4_m:degrees
1813,-2,-2.0000000000000000e+00,-1.9000000000000000e-01,-1,-1,6.4000000000000168e-04,wind_direction:18.4_m:degrees
1814,-2,-2.0000000000000000e+00,-1.4555555555555555e-01,-1,-1,4.6913580246915956e-04,wind_direction:18.4_m:degrees
1815,10,7.2633550167083740e+00,-1.4594594594594600e-02,1871,1872,2.9943024105186239e-04,wind_speed:18.4_m:m_s-1
1816,10,7.3632671833038330e+00,-3.1666666666666676e-02,1817,1818,7.7314814814815149e-04,wind_speed:18.4_m:m_s-1
1817,-2,-2.0000000000000000e+00,-7.3333333333333320e-02,-1,-1,1.4000000000000028e-03,wind_direction:18.4_m:degrees
1818,-2,-2.0000000000000000e+00,-2.3333333333333338e-02,-1,-1,2.3111111111111043e-04,wind_direction:18.4_m:degrees
1819,-2,-2.0000000000000000e+00,-1.2600000000000003e-01,-1,-1,8.5600000000000953e-04,wind_direction:18.4_m:degrees
1820,-2,-2.0000000000000000e+00,-1.6888888888888889e-01,-1,-1,1.4320987654320785e-04,wind_direction:18.4_m:degrees
1821,-2,-2.0000000000000000e+00,-1.3090909090909092e-01,-1,-1,6.8099173553718556e-04,wind_direction:18.4_m:degrees
1822,-2,-2.0000000000000000e+00,-1.7190476190476195e-01,-1,-1,5.9637188208616632e-04,wind_direction:18.4_m:degrees
1823,-2,-2.0000000000000000e+00,-1.6000000000000000e-01,-1,-1,9.0000000000000149e-04,wind_direction:18.4_m:degrees
1824,-2,-2.0000000000000000e+00,-1.0390476190476186e-01,-1,-1,5.7618140589570793e-04,wind_direction:18.4_m:degrees
1825,-2,-2.0000000000000000e+00,-5.4967320261437871e-02,-1,-1,6.0865906275364657e-04,wind_direction:18.4_m:degrees
1826,-2,-2.0000000000000000e+00,-8.1666666666666679e-02,-1,-1,3.3611111111112556e-04,wind_direction:18.4_m:degrees
1827,-2,-2.0000000000000000e+00,-1.2186046511627910e-01,-1,-1,3.0816657652785358e-04,wind_direction:18.4_m:degrees
1828,10,1.0578565120697021e+01,-1.4888888888888888e-01,1835,1836,6.4691358024689116e-04,wind_speed:18.4_m:m_s-1
1829,-2,-2.0000000000000000e+00,-6.8999999999999995e-01,-1,-1,3.9999999999995595e-04,wind_direction:18.4_m:degrees
1830,-2,-2.0000000000000000e+00,-5.7999999999999996e-01,-1,-1,-5.5511151231257827e-17,wind_direction:18.4_m:degrees
1831,-2,-2.0000000000000000e+00,-3.0677966101694924e-02,-1,-1,5.9954036196495212e-04,wind_direction:18.4_m:degrees
1832,10,7.4839427471160889e+00,-4.6041131105398432e-02,1905,1906,5.3805486350209713e-04,wind_speed:18.4_m:m_s-1
1833,-2,-2.0000000000000000e+00,-5.1911764705882379e-02,-1,-1,3.7722750865051618e-04,wind_direction:18.4_m:degrees
1834,-2,-2.0000000000000000e+00,-3.7684426229508128e-02,-1,-1,2.9074467549046359e-04,wind_direction:18.4_m:degrees
1835,-2,-2.0000000000000000e+00,-1.3000000000000000e-01,-1,-1,2.1333333333334661e-04,wind_direction:18.4_m:degrees
1836,-2,-2.0000000000000000e+00,-1.7250000000000001e-01,-1,-1,1.8541666666665665e-04,wind_direction:18.4_m:degrees
1837,-2,-2.0000000000000000e+00,-6.4000000000000001e-01,-1,-1,0.0000000000000000e+00,wind_direction:18.4_m:degrees
1838,-2,-2.0000000000000000e+00,-7.2499999999999998e-01,-1,-1,1.1449999999998406e-03,wind_direction:18.4_m:degrees
1839,-2,-2.0000000000000000e+00,-2.0000000000000001e-01,-1,-1,9.9999999999988987e-05,wind_direction:18.4_m:degrees
1840,-2,-2.0000000000000000e+00,-1.1913043478260868e-01,-1,-1,1.1209829867674780e-03,wind_direction:18.4_m:degrees
1841,-2,-2.0000000000000000e+00,-4.1500000000000004e-01,-1,-1,7.5000000000075007e-05,wind_direction:18.4_m:degrees
1842,-2,-2.0000000000000000e+00,-3.2000000000000001e-01,-1,-1,3.9999999999990044e-04,wind_direction:18.4_m:degrees
1843,-2,-2.0000000000000000e+00,-4.1454545454545449e-01,-1,-1,1.2611570247933190e-03,wind_direction:18.4_m:degrees
1844,-2,-2.0000000000000000e+00,-2.9999999999999999e-01,-1,-1,6.2450045135165055e-16,wind_direction:18.4_m:degrees
1845,-2,-2.0000000000000000e+00,-4.9000000000000005e-01,-1,-1,3.6000000000005472e-04,wind_direction:18.4_m:degrees
1846,-2,-2.0000000000000000e+00,-6.0999999999999999e-01,-1,-1,2.2204460492503131e-16,wind_direction:18.4_m:degrees
1847,10,2.3970080614089966e+00,-2.1499999999999998e-02,1849,1850,1.0787499999999996e-03,wind_speed:18.4_m:m_s-1
1848,-2,-2.0000000000000000e+00,-7.6785714285714313e-03,-1,-1,2.3211096938775540e-04,wind_direction:18.4_m:degrees
1849,-2,-2.0000000000000000e+00,-1.0399999999999998e-02,-1,-1,3.2784000000000020e-04,wind_direction:18.4_m:degrees
1850,10,2.4394394159317017e+00,-3.2600000000000004e-02,1851,1852,1.5832399999999992e-03,wind_speed:18.4_m:m_s-1
1851,-2,-2.0000000000000000e+00,-1.1000000000000000e-01,-1,-1,0.0000000000000000e+00,wind_direction:18.4_m:degrees
1852,-2,-2.0000000000000000e+00,-2.7659574468085112e-02,-1,-1,1.2775011317338154e-03,wind_direction:18.4_m:degrees
1853,-2,-2.0000000000000000e+00,-4.5036674816625849e-02,-1,-1,2.9541430287959112e-04,wind_direction:18.4_m:degrees
1854,-2,-2.0000000000000000e+00,-3.3770491803278686e-02,-1,-1,2.7430798172535802e-04,wind_direction:18.4_m:degrees
1855,-2,-2.0000000000000000e+00,-6.6944444444444459e-02,-1,-1,7.8233024691357848e-04,wind_direction:18.4_m:degrees
1856,-2,-2.0000000000000000e+00,-1.0333333333333333e-01,-1,-1,7.2222222222222306e-04,wind_direction:18.4_m:degrees
1857,-2,-2.0000000000000000e+00,-6.5000000000000002e-02,-1,-1,1.3750000000000047e-04,wind_direction:18.4_m:degrees
1858,-2,-2.0000000000000000e+00,-2.1000000000000001e-02,-1,-1,1.2899999999999885e-04,wind_direction:18.4_m:degrees
1859,-2,-2.0000000000000000e+00,-2.5555555555555557e-02,-1,-1,2.4691358024691364e-04,wind_direction:18.4_m:degrees
1860,-2,-2.0000000000000000e+00,4.0000000000000001e-02,-1,-1,2.1684043449710089e-19,wind_direction:18.4_m:degrees
1861,-2,-2.0000000000000000e+00,-1.8700000000000000e-01,-1,-1,9.0099999999999902e-04,wind_direction:18.4_m:degrees
1862,3,1.0095999755859375e+03,-2.2947368421052633e-01,1863,1864,1.7523545706371116e-03,pressure:18.4_m:hPa
1863,-2,-2.0000000000000000e+00,-2.0846153846153845e-01,-1,-1,1.1053254437869836e-03,wind_direction:18.4_m:degrees
1864,-2,-2.0000000000000000e+00,-2.7500000000000002e-01,-1,-1,1.2500000000001399e-04,wind_direction:18.4_m:degrees
1865,-2,-2.0000000000000000e+00,-1.9111111111111112e-01,-1,-1,1.1654320987654343e-03,wind_direction:18.4_m:degrees
1866,-2,-2.0000000000000000e+00,-2.3409090909090910e-01,-1,-1,2.5144628099174615e-04,wind_direction:18.4_m:degrees
1867,-2,-2.0000000000000000e+00,2.8666666666666670e-02,-1,-1,1.9822222222222192e-04,wind_direction:18.4_m:degrees
1868,-2,-2.0000000000000000e+00,-4.0000000000000001e-02,-1,-1,6.6666666666667564e-05,wind_direction:18.4_m:degrees
1869,-2,-2.0000000000000000e+00,-3.1444444444444453e-01,-1,-1,1.2469135802468667e-03,wind_direction:18.4_m:degrees
1870,-2,-2.0000000000000000e+00,-2.6866666666666666e-01,-1,-1,8.3822222222228182e-04,wind_direction:18.4_m:degrees
1871,-2,-2.0000000000000000e+00,-7.6666666666666661e-02,-1,-1,1.7555555555555562e-03,wind_direction:18.4_m:degrees
1872,-2,-2.0000000000000000e+00,-1.3571428571428573e-02,-1,-1,2.1087127158555695e-04,wind_direction:18.4_m:degrees
1873,-2,-2.0000000000000000e+00,-2.9888888888888887e-01,-1,-1,6.9876543209881903e-04,wind_direction:18.4_m:degrees
1874,11,2.9169499206542969e+02,-2.4625000000000000e-01,1875,1876,2.1484375000000097e-03,wind_direction:18.4_m:degrees
1875,-2,-2.0000000000000000e+00,-2.0250000000000001e-01,-1,-1,1.6874999999999529e-04,wind_direction:18.4_m:degrees
1876,-2,-2.0000000000000000e+00,-2.8999999999999998e-01,-1,-1,2.9999999999999472e-04,wind_direction:18.4_m:degrees
1877,-2,-2.0000000000000000e+00,-1.1333333333333333e-01,-1,-1,1.6222222222222263e-03,wind_direction:18.4_m:degrees
1878,-2,-2.0000000000000000e+00,-4.0000000000000001e-02,-1,-1,-1.7347234759768071e-18,wind_direction:18.4_m:degrees
1879,-2,-2.0000000000000000e+00,-7.2307692307692309e-02,-1,-1,2.6390532544378741e-04,wind_direction:18.4_m:degrees
1880,-2,-2.0000000000000000e+00,4.0000000000000001e-02,-1,-1,-1.2576745200831851e-17,wind_direction:18.4_m:degrees
1881,9,8.9474765777587891e+01,4.0000000000000010e-03,1883,1884,1.2940000000000002e-03,angle_between_wind_wave:0_m:degrees
1882,-2,-2.0000000000000000e+00,-2.0639534883720848e-02,-1,-1,2.5986231296196589e-04,wind_direction:18.4_m:degrees
1883,-2,-2.0000000000000000e+00,7.0000000000000007e-02,-1,-1,0.0000000000000000e+00,wind_direction:18.4_m:degrees
1884,-2,-2.0000000000000000e+00,-1.2499999999999997e-02,-1,-1,2.5625000000000008e-04,wind_direction:18.4_m:degrees
1885,3,1.0111999816894531e+03,-1.7250000000000001e-01,1887,1888,1.6520833333333318e-03,pressure:18.4_m:hPa
1886,5,6.3500000000000000e+01,-2.1500000000000000e-01,1889,1890,1.2107142857142664e-03,relative_humidity:18.4_m:%
1887,-2,-2.0000000000000000e+00,-1.2250000000000000e-01,-1,-1,6.6874999999998186e-04,wind_direction:18.4_m:degrees
1888,-2,-2.0000000000000000e+00,-1.9750000000000001e-01,-1,-1,2.6874999999999816e-04,wind_direction:18.4_m:degrees
1889,-2,-2.0000000000000000e+00,-2.2750000000000001e-01,-1,-1,3.0208333333333476e-04,wind_direction:18.4_m:degrees
1890,-2,-2.0000000000000000e+00,-1.4000000000000001e-01,-1,-1,1.0000000000002368e-04,wind_direction:18.4_m:degrees
1891,-2,-2.0000000000000000e+00,-1.9142857142857142e-01,-1,-1,5.2653061224489789e-04,wind_direction:18.4_m:degrees
1892,-2,-2.0000000000000000e+00,-1.3250000000000001e-01,-1,-1,1.6875000000000223e-04,wind_direction:18.4_m:degrees
1893,-2,-2.0000000000000000e+00,-1.1666666666666668e-01,-1,-1,2.3288888888888873e-03,wind_direction:18.4_m:degrees
1894,-2,-2.0000000000000000e+00,-1.5350000000000003e-01,-1,-1,9.5274999999998486e-04,wind_direction:18.4_m:degrees
1895,-2,-2.0000000000000000e+00,-1.7805017103762782e-02,-1,-1,2.2385935909320848e-04,wind_direction:18.4_m:degrees
1896,12,5.6395579595118761e-03,-5.8571428571428566e-02,1897,1898,2.8408163265306484e-03,bulk_richardson:18.4_m:none
1897,-2,-2.0000000000000000e+00,-1.2500000000000001e-02,-1,-1,1.8750000000000103e-05,wind_direction:18.4_m:degrees
1898,-2,-2.0000000000000000e+00,-1.2000000000000000e-01,-1,-1,-1.7347234759768071e-18,wind_direction:18.4_m:degrees
1899,-2,-2.0000000000000000e+00,-5.0454545454545460e-02,-1,-1,5.0433884297520527e-04,wind_direction:18.4_m:degrees
1900,-2,-2.0000000000000000e+00,-1.1666666666666665e-01,-1,-1,2.2222222222218618e-05,wind_direction:18.4_m:degrees
1901,-2,-2.0000000000000000e+00,-1.4500000000000002e-01,-1,-1,3.0249999999999964e-03,wind_direction:18.4_m:degrees
1902,-2,-2.0000000000000000e+00,-6.8297872340425517e-02,-1,-1,5.5029425079221664e-04,wind_direction:18.4_m:degrees
1903,-2,-2.0000000000000000e+00,-1.5944444444444442e-01,-1,-1,8.9413580246914745e-04,wind_direction:18.4_m:degrees
1904,11,2.6199000549316406e+02,-1.8791044776119412e-01,1941,1942,1.0463800400979523e-03,wind_direction:18.4_m:degrees
1905,11,2.5968499755859375e+02,-4.0922330097087387e-02,1907,1908,5.1031435573569675e-04,wind_direction:18.4_m:degrees
1906,-2,-2.0000000000000000e+00,-5.1803278688524565e-02,-1,-1,5.0658425154528723e-04,wind_direction:18.4_m:degrees
1907,-2,-2.0000000000000000e+00,-4.2783505154639134e-02,-1,-1,4.7575725369327173e-04,wind_direction:18.4_m:degrees
1908,-2,-2.0000000000000000e+00,-1.0833333333333334e-02,-1,-1,1.0763888888888902e-04,wind_direction:18.4_m:degrees
1909,5,5.1950000762939453e+01,-1.2125000000000001e-01,1911,1912,1.5109375000000053e-03,relative_humidity:18.4_m:%
1910,-2,-2.0000000000000000e+00,-8.9999999999999997e-02,-1,-1,9.0434782608695904e-04,wind_direction:18.4_m:degrees
1911,-2,-2.0000000000000000e+00,-8.6250000000000007e-02,-1,-1,1.0234375000000000e-03,wind_direction:18.4_m:degrees
1912,-2,-2.0000000000000000e+00,-1.3875000000000001e-01,-1,-1,8.3593749999999814e-04,wind_direction:18.4_m:degrees
1913,-2,-2.0000000000000000e+00,-4.2909090909090918e-02,-1,-1,4.2426446280991728e-04,wind_direction:18.4_m:degrees
1914,-2,-2.0000000000000000e+00,-1.2000000000000000e-01,-1,-1,-3.6429192995512949e-17,wind_direction:18.4_m:degrees
1915,-2,-2.0000000000000000e+00,-9.0253164556962015e-02,-1,-1,1.1594295785931786e-03,wind_direction:18.4_m:degrees
1916,-2,-2.0000000000000000e+00,-4.5000000000000005e-02,-1,-1,2.5000000000008089e-05,wind_direction:18.4_m:degrees
1917,-2,-2.0000000000000000e+00,-1.6000000000000000e-01,-1,-1,8.8888888888888004e-04,wind_direction:18.4_m:degrees
1918,-2,-2.0000000000000000e+00,-1.0600000000000001e-01,-1,-1,1.8400000000000534e-04,wind_direction:18.4_m:degrees
1919,-2,-2.0000000000000000e+00,-3.2500000000000001e-01,-1,-1,2.2500000000000298e-04,wind_direction:18.4_m:degrees
1920,-2,-2.0000000000000000e+00,-4.1750000000000004e-01,-1,-1,9.1874999999994045e-04,wind_direction:18.4_m:degrees
1921,9,8.9703826904296875e+01,-2.2800000000000004e-01,1923,1924,1.7559999999999937e-03,angle_between_wind_wave:0_m:degrees
1922,-2,-2.0000000000000000e+00,-3.4000000000000002e-01,-1,-1,1.3877787807814457e-16,wind_direction:18.4_m:degrees
1923,-2,-2.0000000000000000e+00,-1.9666666666666668e-01,-1,-1,4.2222222222221967e-04,wind_direction:18.4_m:degrees
1924,-2,-2.0000000000000000e+00,-2.7500000000000002e-01,-1,-1,7.5000000000005618e-05,wind_direction:18.4_m:degrees
1925,-2,-2.0000000000000000e+00,-1.1928571428571430e-01,-1,-1,6.2091836734693047e-04,wind_direction:18.4_m:degrees
1926,-2,-2.0000000000000000e+00,-2.0000000000000001e-01,-1,-1,5.5511151231257827e-17,wind_direction:18.4_m:degrees
1927,11,9.7319999694824219e+01,-4.5843621399176901e-02,1929,1930,5.0494673914884720e-04,wind_direction:18.4_m:degrees
1928,-2,-2.0000000000000000e+00,-3.7374179431072144e-02,-1,-1,4.4299565714942175e-04,wind_direction:18.4_m:degrees
1929,-2,-2.0000000000000000e+00,-1.2000000000000000e-01,-1,-1,-1.7347234759768071e-18,wind_direction:18.4_m:degrees
1930,-2,-2.0000000000000000e+00,-4.4916666666666626e-02,-1,-1,4.4165972222222696e-04,wind_direction:18.4_m:degrees
1931,10,6.6143870353698730e+00,-3.3693693693693690e-02,1933,1934,4.6653680707734835e-04,wind_speed:18.4_m:m_s-1
1932,-2,-2.0000000000000000e+00,-2.2979189485213488e-02,-1,-1,2.8290975312182025e-04,wind_direction:18.4_m:degrees
1933,-2,-2.0000000000000000e+00,-1.8235294117647061e-02,-1,-1,2.6159169550173014e-04,wind_direction:18.4_m:degrees
1934,-2,-2.0000000000000000e+00,-4.0519480519480518e-02,-1,-1,4.0492494518468603e-04,wind_direction:18.4_m:degrees
1935,-2,-2.0000000000000000e+00,-9.0769230769230769e-02,-1,-1,8.6863905325443649e-04,wind_direction:18.4_m:degrees
1936,-2,-2.0000000000000000e+00,-1.0000000000000000e-02,-1,-1,2.6834003769016235e-18,wind_direction:18.4_m:degrees
1937,-2,-2.0000000000000000e+00,-1.4000000000000001e-01,-1,-1,0.0000000000000000e+00,wind_direction:18.4_m:degrees
1938,-2,-2.0000000000000000e+00,-2.5000000000000000e-01,-1,-1,8.1428571428572571e-04,wind_direction:18.4_m:degrees
1939,-2,-2.0000000000000000e+00,-3.9000000000000001e-01,-1,-1,0.0000000000000000e+00,wind_direction:18.4_m:degrees
1940,-2,-2.0000000000000000e+00,-2.6000000000000001e-01,-1,-1,-1.3877787807814457e-17,wind_direction:18.4_m:degrees
1941,11,2.0595999908447266e+02,-1.7437499999999997e-01,1943,1944,8.3710937500000582e-04,wind_direction:18.4_m:degrees
1942,0,8.2567832946777344e+01,-2.0028571428571432e-01,1945,1946,9.1706122448972915e-04,zenith:0_m:degrees
1943,-2,-2.0000000000000000e+00,-2.0700000000000002e-01,-1,-1,6.0999999999998555e-05,wind_direction:18.4_m:degrees
1944,-2,-2.0000000000000000e+00,-1.5954545454545452e-01,-1,-1,4.8615702479339745e-04,wind_direction:18.4_m:degrees
1945,-2,-2.0000000000000000e+00,-2.2384615384615386e-01,-1,-1,8.5443786982247749e-04,wind_direction:18.4_m:degrees
1946,-2,-2.0000000000000000e+00,-1.8636363636363640e-01,-1,-1,4.3223140495866202e-04,wind_direction:18.4_m:degrees
1947,-2,-2.0000000000000000e+00,-3.6846153846153845e-01,-1,-1,4.1301775147931097e-04,wind_direction:18.4_m:degrees
1948,-2,-2.0000000000000000e+00,-4.1299999999999998e-01,-1,-1,3.4099999999989694e-04,wind_direction:18.4_m:degrees
1949,-2,-2.0000000000000000e+00,-1.6333333333333333e-01,-1,-1,5.8888888888888880e-04,wind_direction:18.4_m:degrees
1950,-2,-2.0000000000000000e+00,-1.1785714285714285e-01,-1,-1,7.4540816326530875e-04,wind_direction:18.4_m:degrees
1951,-2,-2.0000000000000000e+00,-4.7833333333333333e-01,-1,-1,1.2805555555555626e-03,wind_direction:18.4_m:degrees
1952,-2,-2.0000000000000000e+00,-5.3714285714285714e-01,-1,-1,2.2040816326535095e-04,wind_direction:18.4_m:degrees
1953,-2,-2.0000000000000000e+00,-1.2916666666666668e-01,-1,-1,1.7430555555555255e-04,wind_direction:18.4_m:degrees
1954,5,7.7000000000000000e+01,-1.7071428571428574e-01,1955,1956,2.4637755102040922e-03,relative_humidity:18.4_m:%
1955,-2,-2.0000000000000000e+00,-1.6076923076923075e-01,-1,-1,1.2686390532544306e-03,wind_direction:18.4_m:degrees
1956,-2,-2.0000000000000000e+00,-2.9999999999999999e-01,-1,-1,1.2490009027033011e-16,wind_direction:18.4_m:degrees
1957,-2,-2.0000000000000000e+00,-1.1329923273657266e-02,-1,-1,3.8186301764117224e-04,wind_direction:18.4_m:degrees
1958,-2,-2.0000000000000000e+00,-1.8291366906474763e-02,-1,-1,4.4042589669271903e-04,wind_direction:18.4_m:degrees
1959,-2,-2.0000000000000000e+00,-2.6500000000000003e-02,-1,-1,6.1274999999999904e-04,wind_direction:18.4_m:degrees
1960,-2,-2.0000000000000000e+00,-6.5000000000000002e-02,-1,-1,2.4166666666666781e-04,wind_direction:18.4_m:degrees
1961,-2,-2.0000000000000000e+00,-3.2319999999999999e-01,-1,-1,2.1376000000003503e-04,wind_direction:18.4_m:degrees
1962,-2,-2.0000000000000000e+00,-3.5923076923076924e-01,-1,-1,5.3017751479286779e-04,wind_direction:18.4_m:degrees
1963,-2,-2.0000000000000000e+00,-5.1428571428571435e-02,-1,-1,1.8367346938775488e-04,wind_direction:18.4_m:degrees
1964,1,1.1727864074707031e+02,-8.2051282051282069e-03,1965,1966,1.3326758711374096e-03,azimuth:0_m:degrees
1965,-2,-2.0000000000000000e+00,-5.4000000000000006e-02,-1,-1,2.2399999999999981e-04,wind_direction:18.4_m:degrees
1966,11,3.2402999877929688e+02,-1.4705882352941181e-03,1967,1968,1.1419550173010378e-03,wind_direction:18.4_m:degrees
1967,-2,-2.0000000000000000e+00,-1.5454545454545453e-02,-1,-1,3.7933884297520657e-04,wind_direction:18.4_m:degrees
1968,1,1.6939779663085938e+02,2.4166666666666670e-02,1979,1980,1.5243055555555557e-03,azimuth:0_m:degrees
1969,-2,-2.0000000000000000e+00,-9.2000000000000004e-01,-1,-1,0.0000000000000000e+00,wind_direction:18.4_m:degrees
1970,-2,-2.0000000000000000e+00,-8.1076923076923080e-01,-1,-1,1.6532544378697889e-03,wind_direction:18.4_m:degrees
1971,-2,-2.0000000000000000e+00,-1.6759999999999997e-01,-1,-1,9.2224000000001513e-04,wind_direction:18.4_m:degrees
1972,-2,-2.0000000000000000e+00,-1.3969696969696974e-01,-1,-1,7.7263544536274389e-04,wind_direction:18.4_m:degrees
1973,8,5.9000000953674316e+00,-5.3999999999999979e-02,1975,1976,5.1733333333333058e-04,wave_period:0_m:s
1974,-2,-2.0000000000000000e+00,-4.2250000000000003e-02,-1,-1,2.0077083333334880e-04,wind_direction:18.4_m:degrees
1975,-2,-2.0000000000000000e+00,-5.8547486033519544e-02,-1,-1,3.8113042664086189e-04,wind_direction:18.4_m:degrees
1976,-2,-2.0000000000000000e+00,-4.0655737704918031e-02,-1,-1,6.7825853265253205e-04,wind_direction:18.4_m:degrees
1977,-2,-2.0000000000000000e+00,-2.6500000000000001e-01,-1,-1,1.2249999999999900e-03,wind_direction:18.4_m:degrees
1978,-2,-2.0000000000000000e+00,-1.6000000000000000e-01,-1,-1,6.9388939039072284e-18,wind_direction:18.4_m:degrees
1979,-2,-2.0000000000000000e+00,7.6666666666666675e-02,-1,-1,8.8888888888887484e-05,wind_direction:18.4_m:degrees
1980,-2,-2.0000000000000000e+00,6.6666666666666662e-03,-1,-1,7.7777777777777773e-04,wind_direction:18.4_m:degrees
1981,12,-9.0461239218711853e-02,-3.9240506329113904e-02,1983,1984,3.7663835923730429e-04,bulk_richardson:18.4_m:none
1982,-2,-2.0000000000000000e+00,-2.9096385542168632e-02,-1,-1,3.0821962548991820e-04,wind_direction:18.4_m:degrees
1983,-2,-2.0000000000000000e+00,-1.0000000000000001e-01,-1,-1,3.1999999999999737e-04,wind_direction:18.4_m:degrees
1984,-2,-2.0000000000000000e+00,-3.7254901960784306e-02,-1,-1,2.5390234525182916e-04,wind_direction:18.4_m:degrees
1985,-2,-2.0000000000000000e+00,-6.4534883720930220e-02,-1,-1,3.8989994591671039e-04,wind_direction:18.4_m:degrees
1986,-2,-2.0000000000000000e+00,-1.7000000000000001e-01,-1,-1,1.1796119636642288e-16,wind_direction:18.4_m:degrees
1987,-2,-2.0000000000000000e+00,-1.5882352941176472e-02,-1,-1,1.0124567474048441e-03,wind_direction:18.4_m:degrees
1988,4,6.8436028957366943e+00,-4.4745762711864416e-02,1989,1990,1.0113760413674230e-03,mixing_ratio:18.4_m:g_kg-1
1989,-2,-2.0000000000000000e+00,-6.9333333333333330e-02,-1,-1,2.0195555555555566e-03,wind_direction:18.4_m:degrees
1990,-2,-2.0000000000000000e+00,-3.6363636363636369e-02,-1,-1,3.9132231404958575e-04,wind_direction:18.4_m:degrees
1991,-2,-2.0000000000000000e+00,-2.1666666666666667e-01,-1,-1,8.8888888888888351e-05,wind_direction:18.4_m:degrees
1992,-2,-2.0000000000000000e+00,-1.5157894736842104e-01,-1,-1,4.6592797783933868e-04,wind_direction:18.4_m:degrees
1993,4,1.1688282012939453e+01,-6.6993865030674837e-02,1995,1996,5.1304904211675433e-04,mixing_ratio:18.4_m:g_kg-1
1994,-2,-2.0000000000000000e+00,-1.2000000000000000e-01,-1,-1,2.1510571102112408e-16,wind_direction:18.4_m:degrees
1995,-2,-2.0000000000000000e+00,-7.2096774193548388e-02,-1,-1,4.9076482830384769e-04,wind_direction:18.4_m:degrees
1996,-2,-2.0000000000000000e+00,-5.0769230769230789e-02,-1,-1,2.3786982248521441e-04,wind_direction:18.4_m:degrees
1997,-2,-2.0000000000000000e+00,-1.9158878504672908e-02,-1,-1,3.0303083238710773e-04,wind_direction:18.4_m:degrees
1998,-2,-2.0000000000000000e+00,-3.3162393162393153e-02,-1,-1,4.3871721820440456e-04,wind_direction:18.4_m:degrees
1999,-2,-2.0000000000000000e+00,-1.1546511627906979e-01,-1,-1,6.0152785289345652e-04,wind_direction:18.4_m:degrees
2000,-2,-2.0000000000000000e+00,-9.5609756097560991e-02,-1,-1,4.9779892920881474e-04,wind_direction:18.4_m:degrees
2001,-2,-2.0000000000000000e+00,-8.5679012345679012e-02,-1,-1,7.8750190519738007e-04,wind_direction:18.4_m:degrees
2002,-2,-2.0000000000000000e+00,-5.3333333333333337e-02,-1,-1,6.8888888888888342e-04,wind_direction:18.4_m:degrees
2003,-2,-2.0000000000000000e+00,-3.8600000000000001e-01,-1,-1,6.6399999999997017e-04,wind_direction:18.4_m:degrees
2004,-2,-2.0000000000000000e+00,-4.4714285714285712e-01,-1,-1,1.3918367346938965e-03,wind_direction:18.4_m:degrees
2005,-2,-2.0000000000000000e+00,-4.1056910569105681e-02,-1,-1,3.5416749289444278e-04,wind_direction:18.4_m:degrees
2006,-2,-2.0000000000000000e+00,-5.4529914529914521e-02,-1,-1,4.7777047264227490e-04,wind_direction:18.4_m:degrees
2007,-2,-2.0000000000000000e+00,-1.8000000000000002e-01,-1,-1,2.6666666666666505e-04,wind_direction:18.4_m:degrees
2008,-2,-2.0000000000000000e+00,-1.1590909090909091e-01,-1,-1,8.7871900826446379e-04,wind_direction:18.4_m:degrees
2009,-2,-2.0000000000000000e+00,-2.8333333333333339e-02,-1,-1,2.2222222222222218e-04,wind_direction:18.4_m:degrees
2010,-2,-2.0000000000000000e+00,-5.8695652173913045e-02,-1,-1,3.5047258979205818e-04,wind_direction:18.4_m:degrees
2011,-2,-2.0000000000000000e+00,-2.7391304347826093e-02,-1,-1,5.4971644612476377e-04,wind_direction:18.4_m:degrees
2012,-2,-2.0000000000000000e+00,-6.9999999999999993e-02,-1,-1,9.9999999999999829e-04,wind_direction:18.4_m:degrees
2013,-2,-2.0000000000000000e+00,-1.7399999999999999e-01,-1,-1,7.2399999999999548e-04,wind_direction:18.4_m:degrees
2014,-2,-2.0000000000000000e+00,-1.2285714285714286e-01,-1,-1,2.2040816326529718e-04,wind_direction:18.4_m:degrees
2015,-2,-2.0000000000000000e+00,-2.2999999999999998e-01,-1,-1,1.0000000000000980e-04,wind_direction:18.4_m:degrees
2016,-2,-2.0000000000000000e+00,-1.5413793103448278e-01,-1,-1,1.0518430439952556e-03,wind_direction:18.4_m:degrees
2017,-2,-2.0000000000000000e+00,-2.5749999999999995e-01,-1,-1,1.0187500000000405e-03,wind_direction:18.4_m:degrees
2018,-2,-2.0000000000000000e+00,-2.2083333333333335e-01,-1,-1,4.4097222222216209e-04,wind_direction:18.4_m:degrees
2019,-2,-2.0000000000000000e+00,-2.6666666666666668e-02,-1,-1,8.8888888888888785e-05,wind_direction:18.4_m:degrees
2020,7,5.5000001192092896e-01,-6.9508196721311477e-02,2021,2022,4.1123353937113673e-04,wave_height:0_m:m
2021,-2,-2.0000000000000000e+00,-1.7777777777777778e-02,-1,-1,2.8395061728395067e-04,wind_direction:18.4_m:degrees
2022,-2,-2.0000000000000000e+00,-7.1489361702127691e-02,-1,-1,3.0969669533725559e-04,wind_direction:18.4_m:degrees
2023,-2,-2.0000000000000000e+00,-4.3250000000000000e-01,-1,-1,1.1687500000001350e-03,wind_direction:18.4_m:degrees
2024,-2,-2.0000000000000000e+00,-3.5333333333333333e-01,-1,-1,1.4222222222221442e-03,wind_direction:18.4_m:degrees
2025,-2,-2.0000000000000000e+00,-2.7750000000000002e-01,-1,-1,9.1874999999999596e-04,wind_direction:18.4_m:degrees
2026,-2,-2.0000000000000000e+00,-2.2095238095238098e-01,-1,-1,7.9909297052155326e-04,wind_direction:18.4_m:degrees
2027,-2,-2.0000000000000000e+00,-1.2000000000000000e-01,-1,-1,0.0000000000000000e+00,wind_direction:18.4_m:degrees
2028,-2,-2.0000000000000000e+00,-1.5851063829787237e-02,-1,-1,7.1150973291081953e-04,wind_direction:18.4_m:degrees
2029,5,9.9049999237060547e+01,-1.5416666666666674e-02,2031,2032,3.4357638888888860e-04,relative_humidity:18.4_m:%
2030,-2,-2.0000000000000000e+00,-2.8805031446540869e-02,-1,-1,3.9416953443297627e-04,wind_direction:18.4_m:degrees
2031,-2,-2.0000000000000000e+00,-1.7021276595744688e-02,-1,-1,2.2729741964689856e-04,wind_direction:18.4_m:degrees
2032,-2,-2.0000000000000000e+00,5.9999999999999998e-02,-1,-1,1.3010426069826053e-17,wind_direction:18.4_m:degrees
2033,-2,-2.0000000000000000e+00,-2.2333333333333336e-01,-1,-1,7.2222222222221438e-04,wind_direction:18.4_m:degrees
2034,-2,-2.0000000000000000e+00,-1.7166666666666666e-01,-1,-1,1.3138888888888957e-03,wind_direction:18.4_m:degrees
2035,-2,-2.0000000000000000e+00,-2.5555555555555559e-01,-1,-1,4.0246913580248289e-04,wind_direction:18.4_m:degrees
2036,-2,-2.0000000000000000e+00,-1.8666666666666668e-01,-1,-1,8.8888888888888351e-05,wind_direction:18.4_m:degrees
2037,-2,-2.0000000000000000e+00,-1.3777777777777778e-01,-1,-1,7.9506172839505923e-04,wind_direction:18.4_m:degrees
2038,-2,-2.0000000000000000e+00,-8.3333333333333329e-02,-1,-1,5.5555555555555219e-05,wind_direction:18.4_m:degrees
2039,-2,-2.0000000000000000e+00,-2.4249999999999999e-01,-1,-1,2.6875000000000510e-04,wind_direction:18.4_m:degrees
2040,-2,-2.0000000000000000e+00,-1.8599999999999997e-01,-1,-1,9.0399999999998815e-04,wind_direction:18.4_m:degrees
2041,-2,-2.0000000000000000e+00,-1.2000000000000004e-01,-1,-1,9.6842105263158888e-04,wind_direction:18.4_m:degrees
2042,9,8.9449222564697266e+01,-1.5500000000000000e-01,2043,2044,2.4499999999999904e-03,angle_between_wind_wave:0_m:degrees
2043,-2,-2.0000000000000000e+00,-1.8500000000000000e-01,-1,-1,1.2500000000000080e-03,wind_direction:18.4_m:degrees
2044,4,1.0712238550186157e+00,-1.2500000000000000e-01,2045,2046,1.8499999999999975e-03,mixing_ratio:18.4_m:g_kg-1
2045,-2,-2.0000000000000000e+00,-6.0000000000000005e-02,-1,-1,9.9999999999999829e-05,wind_direction:18.4_m:degrees
2046,-2,-2.0000000000000000e+00,-1.4666666666666667e-01,-1,-1,5.5555555555555566e-04,wind_direction:18.4_m:degrees
